# bron: Yahoo chart-API ^JKSE, opgehaald 2026-09-30 (eerlijke UA)
date;open;high;low;close;adjclose;volume
1990-04-06;641.269;641.269;641.269;641.269;641.244;0
1990-04-09;633.482;633.482;633.482;633.482;633.457;0
1990-04-10;632.086;632.086;632.086;632.086;632.061;0
1990-04-11;634.693;634.693;634.693;634.693;634.668;0
1990-04-12;639.614;639.614;639.614;639.614;639.589;0
1990-04-16;640.014;640.014;640.014;640.014;639.989;0
1990-04-17;641.873;641.873;641.873;641.873;641.848;0
1990-04-18;640.528;640.528;640.528;640.528;640.503;0
1990-04-19;643.906;643.906;643.906;643.906;643.881;0
1990-04-20;641.686;641.686;641.686;641.686;641.661;0
1990-04-23;643.91;643.91;643.91;643.91;643.885;0
1990-04-24;638.798;638.798;638.798;638.798;638.773;0
1990-05-01;639.01;639.01;639.01;639.01;638.985;0
1990-05-02;636.154;636.154;636.154;636.154;636.129;0
1990-05-03;642.16;642.16;642.16;642.16;642.135;0
1990-05-04;643.094;643.094;643.094;643.094;643.069;0
1990-05-07;641.946;641.946;641.946;641.946;641.921;0
1990-05-08;642.984;642.984;642.984;642.984;642.959;0
1990-05-09;645.012;645.012;645.012;645.012;644.987;0
1990-05-11;643.312;643.312;643.312;643.312;643.287;0
1990-05-14;638.922;638.922;638.922;638.922;638.897;0
1990-05-15;640.855;640.855;640.855;640.855;640.83;0
1990-05-16;639.337;639.337;639.337;639.337;639.312;0
1990-05-17;644.441;644.441;644.441;644.441;644.416;0
1990-05-21;647.216;647.216;647.216;647.216;647.191;0
1990-05-22;647.401;647.401;647.401;647.401;647.376;0
1990-05-23;646.247;646.247;646.247;646.247;646.222;0
1990-05-25;647.36;647.36;647.36;647.36;647.335;0
1990-05-28;640.13;640.13;640.13;640.13;640.105;0
1990-05-29;641.14;641.14;641.14;641.14;641.115;0
1990-05-30;640.58;640.58;640.58;640.58;640.555;0
1990-05-31;636.4;636.4;636.4;636.4;636.375;0
1990-06-01;635.02;635.02;635.02;635.02;634.995;0
1990-06-04;636.24;636.24;636.24;636.24;636.215;0
1990-06-05;637.08;637.08;637.08;637.08;637.055;0
1990-06-06;636.642;636.642;636.642;636.642;636.617;0
1990-06-07;636;636;636;636;635.975;0
1990-06-08;636.06;636.06;636.06;636.06;636.035;0
1990-06-11;634.76;634.76;634.76;634.76;634.735;0
1990-06-12;634.42;634.42;634.42;634.42;634.395;0
1990-06-13;631.38;631.38;631.38;631.38;631.355;0
1990-06-14;630.3;630.3;630.3;630.3;630.276;0
1990-06-15;628.28;628.28;628.28;628.28;628.256;0
1990-06-18;626.9;626.9;626.9;626.9;626.876;0
1990-06-19;621.79;621.79;621.79;621.79;621.766;0
1990-06-20;622.43;622.43;622.43;622.43;622.406;0
1990-06-21;622.98;622.98;622.98;622.98;622.956;0
1990-06-22;623.95;623.95;623.95;623.95;623.926;0
1990-06-25;626.14;626.14;626.14;626.14;626.116;0
1990-06-26;623.76;623.76;623.76;623.76;623.736;0
1990-06-27;627.1;627.1;627.1;627.1;627.076;0
1990-06-28;626.76;626.76;626.76;626.76;626.736;0
1990-06-29;624.32;624.32;624.32;624.32;624.296;0
1990-07-02;629.44;629.44;629.44;629.44;629.416;0
1990-07-03;629.7;629.7;629.7;629.7;629.676;0
1990-07-04;629.708;629.708;629.708;629.708;629.684;0
1990-07-05;627.423;627.423;627.423;627.423;627.398;0
1990-07-06;626.811;626.811;626.811;626.811;626.787;0
1990-07-09;623.298;623.298;623.298;623.298;623.274;0
1990-07-10;624.601;624.601;624.601;624.601;624.577;0
1990-07-11;627.469;627.469;627.469;627.469;627.445;0
1990-07-12;627.969;627.969;627.969;627.969;627.945;0
1990-07-13;630.021;630.021;630.021;630.021;629.997;0
1990-07-16;630.734;630.734;630.734;630.734;630.71;0
1990-07-17;629.531;629.531;629.531;629.531;629.507;0
1990-07-18;631.17;631.17;631.17;631.17;631.145;0
1990-07-19;629.473;629.473;629.473;629.473;629.449;0
1990-07-20;630.096;630.096;630.096;630.096;630.072;0
1990-07-24;625.906;625.906;625.906;625.906;625.882;0
1990-07-25;627.96;627.96;627.96;627.96;627.936;0
1990-07-26;626;626;626;626;625.976;0
1990-07-27;624.087;624.087;624.087;624.087;624.063;0
1990-07-30;619.662;619.662;619.662;619.662;619.638;0
1990-07-31;614.406;614.406;614.406;614.406;614.382;0
1990-08-01;611.981;611.981;611.981;611.981;611.957;0
1990-08-02;612.222;612.222;612.222;612.222;612.198;0
1990-08-03;613.494;613.494;613.494;613.494;613.47;0
1990-08-06;607.626;607.626;607.626;607.626;607.602;0
1990-08-07;603.124;603.124;603.124;603.124;603.101;0
1990-08-08;595.935;595.935;595.935;595.935;595.912;0
1990-08-09;593.473;593.473;593.473;593.473;593.45;0
1990-08-10;591.969;591.969;591.969;591.969;591.946;0
1990-08-13;590.011;590.011;590.011;590.011;589.988;0
1990-08-14;587.334;587.334;587.334;587.334;587.311;0
1990-08-15;584.156;584.156;584.156;584.156;584.133;0
1990-08-16;585.15;585.15;585.15;585.15;585.127;0
1990-08-20;583.471;583.471;583.471;583.471;583.448;0
1990-08-21;577.477;577.477;577.477;577.477;577.455;0
1990-08-22;573.298;573.298;573.298;573.298;573.276;0
1990-08-23;563.49;563.49;563.49;563.49;563.468;0
1990-08-24;551.782;551.782;551.782;551.782;551.76;0
1990-08-27;546.83;546.83;546.83;546.83;546.809;0
1990-08-28;556.337;556.337;556.337;556.337;556.315;0
1990-08-30;559.383;559.383;559.383;559.383;559.361;0
1990-08-31;571.02;571.02;571.02;571.02;570.998;0
1990-09-03;567.407;567.407;567.407;567.407;567.385;0
1990-09-04;562.336;562.336;562.336;562.336;562.314;0
1990-09-05;557.058;557.058;557.058;557.058;557.036;0
1990-09-06;557.147;557.147;557.147;557.147;557.125;0
1990-09-07;546.599;546.599;546.599;546.599;546.578;0
1990-09-11;541.87;541.87;541.87;541.87;541.849;0
1990-09-12;539.391;539.391;539.391;539.391;539.37;0
1990-09-13;530.423;530.423;530.423;530.423;530.402;0
1990-09-14;529.12;529.12;529.12;529.12;529.099;0
1990-09-17;523.114;523.114;523.114;523.114;523.094;0
1990-09-18;515.144;515.144;515.144;515.144;515.124;0
1990-09-19;507.072;507.072;507.072;507.072;507.052;0
1990-09-20;500.69;500.69;500.69;500.69;500.671;0
1990-09-21;500.299;500.299;500.299;500.299;500.28;0
1990-09-24;493.936;493.936;493.936;493.936;493.917;0
1990-09-25;477.378;477.378;477.378;477.378;477.359;0
1990-09-26;464.253;464.253;464.253;464.253;464.235;0
1990-09-27;454.512;454.512;454.512;454.512;454.494;0
1990-09-28;468.509;468.509;468.509;468.509;468.491;0
1990-10-01;468.5;468.5;468.5;468.5;468.482;0
1990-10-02;460.58;460.58;460.58;460.58;460.562;0
1990-10-03;456.901;456.901;456.901;456.901;456.883;0
1990-10-04;452.615;452.615;452.615;452.615;452.597;0
1990-10-05;450.058;450.058;450.058;450.058;450.04;0
1990-10-08;446.341;446.341;446.341;446.341;446.324;0
1990-10-09;441.766;441.766;441.766;441.766;441.749;0
1990-10-10;433.5;433.5;433.5;433.5;433.483;0
1990-10-11;428.56;428.56;428.56;428.56;428.543;0
1990-10-12;425.397;425.397;425.397;425.397;425.38;0
1990-10-15;419.243;419.243;419.243;419.243;419.227;0
1990-10-16;414.747;414.747;414.747;414.747;414.731;0
1990-10-17;407.543;407.543;407.543;407.543;407.527;0
1990-10-18;398.558;398.558;398.558;398.558;398.542;0
1990-10-19;396.981;396.981;396.981;396.981;396.966;0
1990-10-22;407.675;407.675;407.675;407.675;407.659;0
1990-10-23;405.112;405.112;405.112;405.112;405.096;0
1990-10-24;409.128;409.128;409.128;409.128;409.112;0
1990-10-25;417.576;417.576;417.576;417.576;417.56;0
1990-10-26;437.757;437.757;437.757;437.757;437.74;0
1990-10-29;453.229;453.229;453.229;453.229;453.211;0
1990-10-30;430.686;430.686;430.686;430.686;430.669;0
1990-10-31;416.489;416.489;416.489;416.489;416.473;0
1990-11-01;416.343;416.343;416.343;416.343;416.327;0
1990-11-02;419.732;419.732;419.732;419.732;419.716;0
1990-11-05;416.623;416.623;416.623;416.623;416.607;0
1990-11-06;415.081;415.081;415.081;415.081;415.065;0
1990-11-07;414.507;414.507;414.507;414.507;414.491;0
1990-11-08;412.826;412.826;412.826;412.826;412.81;0
1990-11-09;412.03;412.03;412.03;412.03;412.014;0
1990-11-12;408.968;408.968;408.968;408.968;408.952;0
1990-11-13;406.419;406.419;406.419;406.419;406.403;0
1990-11-14;402.51;402.51;402.51;402.51;402.494;0
1990-11-15;398.955;398.955;398.955;398.955;398.939;0
1990-11-16;398.521;398.521;398.521;398.521;398.505;0
1990-11-19;395.21;395.21;395.21;395.21;395.195;0
1990-11-20;391.794;391.794;391.794;391.794;391.779;0
1990-11-21;391.93;391.93;391.93;391.93;391.915;0
1990-11-22;390.042;390.042;390.042;390.042;390.027;0
1990-11-23;390.987;390.987;390.987;390.987;390.972;0
1990-11-26;389.658;389.658;389.658;389.658;389.643;0
1990-11-27;388.472;388.472;388.472;388.472;388.457;0
1990-11-28;387.377;387.377;387.377;387.377;387.362;0
1990-11-29;384.799;384.799;384.799;384.799;384.784;0
1990-11-30;382.203;382.203;382.203;382.203;382.188;0
1990-12-03;378.119;378.119;378.119;378.119;378.104;0
1990-12-04;376.287;376.287;376.287;376.287;376.272;0
1990-12-05;371.198;371.198;371.198;371.198;371.184;0
1990-12-06;380.968;380.968;380.968;380.968;380.953;0
1990-12-07;380.723;380.723;380.723;380.723;380.708;0
1990-12-10;378.582;378.582;378.582;378.582;378.567;0
1990-12-11;381.494;381.494;381.494;381.494;381.479;0
1990-12-12;383.657;383.657;383.657;383.657;383.642;0
1990-12-13;386.116;386.116;386.116;386.116;386.101;0
1990-12-14;390.414;390.414;390.414;390.414;390.399;0
1990-12-17;395.212;395.212;395.212;395.212;395.197;0
1990-12-18;398.216;398.216;398.216;398.216;398.2;0
1990-12-19;397.868;397.868;397.868;397.868;397.853;0
1990-12-20;398.241;398.241;398.241;398.241;398.225;0
1990-12-21;400.458;400.458;400.458;400.458;400.442;0
1990-12-26;403.843;403.843;403.843;403.843;403.827;0
1990-12-27;410.615;410.615;410.615;410.615;410.599;0
1990-12-28;417.788;417.788;417.788;417.788;417.772;0
1991-01-03;408.538;408.538;408.538;408.538;408.522;0
1991-01-04;408.491;408.491;408.491;408.491;408.475;0
1991-01-07;404.817;404.817;404.817;404.817;404.801;0
1991-01-08;401.647;401.647;401.647;401.647;401.631;0
1991-01-09;399.133;399.133;399.133;399.133;399.117;0
1991-01-10;397.383;397.383;397.383;397.383;397.368;0
1991-01-11;394.766;394.766;394.766;394.766;394.751;0
1991-01-14;391.17;391.17;391.17;391.17;391.155;0
1991-01-15;390.51;390.51;390.51;390.51;390.495;0
1991-01-16;389.224;389.224;389.224;389.224;389.209;0
1991-01-17;389.641;389.641;389.641;389.641;389.626;0
1991-01-18;393.19;393.19;393.19;393.19;393.175;0
1991-01-21;389.123;389.123;389.123;389.123;389.108;0
1991-01-22;387.467;387.467;387.467;387.467;387.452;0
1991-01-23;387.076;387.076;387.076;387.076;387.061;0
1991-01-24;384.98;384.98;384.98;384.98;384.965;0
1991-01-25;384.21;384.21;384.21;384.21;384.195;0
1991-01-28;384.836;384.836;384.836;384.836;384.821;0
1991-01-29;385.1;385.1;385.1;385.1;385.085;0
1991-01-30;384.404;384.404;384.404;384.404;384.389;0
1991-01-31;383.018;383.018;383.018;383.018;383.003;0
1991-02-01;383.626;383.626;383.626;383.626;383.611;0
1991-02-04;383.866;383.866;383.866;383.866;383.851;0
1991-02-05;382.783;382.783;382.783;382.783;382.768;0
1991-02-06;381;381;381;381;380.985;0
1991-02-07;382.298;382.298;382.298;382.298;382.283;0
1991-02-08;381.275;381.275;381.275;381.275;381.26;0
1991-02-11;381.23;381.23;381.23;381.23;381.215;0
1991-02-13;381.238;381.238;381.238;381.238;381.223;0
1991-02-14;382.439;382.439;382.439;382.439;382.424;0
1991-02-15;382.268;382.268;382.268;382.268;382.253;0
1991-02-18;385.401;385.401;385.401;385.401;385.386;0
1991-02-19;388.301;388.301;388.301;388.301;388.286;0
1991-02-20;396.175;396.175;396.175;396.175;396.16;0
1991-02-21;406.827;406.827;406.827;406.827;406.811;0
1991-02-22;419.533;419.533;419.533;419.533;419.517;0
1991-02-25;427.019;427.019;427.019;427.019;427.002;0
1991-02-26;411.402;411.402;411.402;411.402;411.386;0
1991-02-27;403.399;403.399;403.399;403.399;403.383;0
1991-02-28;391.33;391.33;391.33;391.33;391.315;0
1991-03-01;387.925;387.925;387.925;387.925;387.91;0
1991-03-04;382.202;382.202;382.202;382.202;382.187;0
1991-03-05;378.582;378.582;378.582;378.582;378.567;0
1991-03-06;382.407;382.407;382.407;382.407;382.392;0
1991-03-07;386.352;386.352;386.352;386.352;386.337;0
1991-03-08;390.046;390.046;390.046;390.046;390.031;0
1991-03-11;398.405;398.405;398.405;398.405;398.389;0
1991-03-12;397.098;397.098;397.098;397.098;397.083;0
1991-03-13;398.776;398.776;398.776;398.776;398.76;0
1991-03-14;400.407;400.407;400.407;400.407;400.391;0
1991-03-15;401.03;401.03;401.03;401.03;401.014;0
1991-03-18;398.866;398.866;398.866;398.866;398.85;0
1991-03-19;398.15;398.15;398.15;398.15;398.134;0
1991-03-20;398.76;398.76;398.76;398.76;398.744;0
1991-03-21;397.71;397.71;397.71;397.71;397.695;0
1991-03-22;398.236;398.236;398.236;398.236;398.22;0
1991-03-25;400.875;400.875;400.875;400.875;400.859;0
1991-03-26;403.227;403.227;403.227;403.227;403.211;0
1991-03-27;406.98;406.98;406.98;406.98;406.964;0
1991-03-28;408.11;408.11;408.11;408.11;408.094;0
1991-04-01;407.093;407.093;407.093;407.093;407.077;0
1991-04-02;404.104;404.104;404.104;404.104;404.088;0
1991-04-03;404.539;404.539;404.539;404.539;404.523;0
1991-04-04;406.116;406.116;406.116;406.116;406.1;0
1991-04-05;406.775;406.775;406.775;406.775;406.759;0
1991-04-08;408.065;408.065;408.065;408.065;408.049;0
1991-04-09;410.793;410.793;410.793;410.793;410.777;0
1991-04-10;412.072;412.072;412.072;412.072;412.056;0
1991-04-11;411.782;411.782;411.782;411.782;411.766;0
1991-04-12;412.48;412.48;412.48;412.48;412.464;0
1991-04-22;415.554;415.554;415.554;415.554;415.538;0
1991-04-23;419.581;419.581;419.581;419.581;419.565;0
1991-04-24;421.912;421.912;421.912;421.912;421.896;0
1991-04-25;423.191;423.191;423.191;423.191;423.175;0
1991-04-26;423.15;423.15;423.15;423.15;423.134;0
1991-04-29;420.571;420.571;420.571;420.571;420.555;0
1991-04-30;413.713;413.713;413.713;413.713;413.697;0
1991-05-01;413.368;413.368;413.368;413.368;413.352;0
1991-05-02;412.221;412.221;412.221;412.221;412.205;0
1991-05-03;407.481;407.481;407.481;407.481;407.465;0
1991-05-06;407.585;407.585;407.585;407.585;407.569;0
1991-05-07;406.527;406.527;406.527;406.527;406.511;0
1991-05-08;406.652;406.652;406.652;406.652;406.636;0
1991-05-10;407.675;407.675;407.675;407.675;407.659;0
1991-05-13;406.926;406.926;406.926;406.926;406.91;0
1991-05-14;404.937;404.937;404.937;404.937;404.921;0
1991-05-15;404.782;404.782;404.782;404.782;404.766;0
1991-05-16;403.057;403.057;403.057;403.057;403.041;0
1991-05-17;404.873;404.873;404.873;404.873;404.857;0
1991-05-20;406.018;406.018;406.018;406.018;406.002;0
1991-05-21;406.457;406.457;406.457;406.457;406.441;0
1991-05-22;406.703;406.703;406.703;406.703;406.687;0
1991-05-23;403.503;403.503;403.503;403.503;403.487;0
1991-05-24;402.736;402.736;402.736;402.736;402.72;0
1991-05-27;397.866;397.866;397.866;397.866;397.851;0
1991-05-29;396.508;396.508;396.508;396.508;396.493;0
1991-05-30;397.743;397.743;397.743;397.743;397.728;0
1991-05-31;397.6;397.6;397.6;397.6;397.585;0
1991-06-03;396.525;396.525;396.525;396.525;396.51;0
1991-06-04;395.13;395.13;395.13;395.13;395.115;0
1991-06-05;394;394;394;394;393.985;0
1991-06-06;395.634;395.634;395.634;395.634;395.619;0
1991-06-07;395.929;395.929;395.929;395.929;395.914;0
1991-06-10;390.51;390.51;390.51;390.51;390.495;0
1991-06-11;390.363;390.363;390.363;390.363;390.348;0
1991-06-12;387.246;387.246;387.246;387.246;387.231;0
1991-06-13;382.857;382.857;382.857;382.857;382.842;0
1991-06-14;379.765;379.765;379.765;379.765;379.75;0
1991-06-17;374.439;374.439;374.439;374.439;374.424;0
1991-06-18;374.959;374.959;374.959;374.959;374.944;0
1991-06-19;373.924;373.924;373.924;373.924;373.909;0
1991-06-20;374.629;374.629;374.629;374.629;374.614;0
1991-06-21;372.714;372.714;372.714;372.714;372.699;0
1991-06-24;370.242;370.242;370.242;370.242;370.228;0
1991-06-25;367.992;367.992;367.992;367.992;367.978;0
1991-06-26;360.386;360.386;360.386;360.386;360.372;0
1991-06-27;354.206;354.206;354.206;354.206;354.192;0
1991-06-28;346.266;346.266;346.266;346.266;346.253;0
1991-07-01;342.919;342.919;342.919;342.919;342.906;0
1991-07-02;340.386;340.386;340.386;340.386;340.373;0
1991-07-03;339.465;339.465;339.465;339.465;339.452;0
1991-07-04;342.845;342.845;342.845;342.845;342.832;0
1991-07-05;341.779;341.779;341.779;341.779;341.766;0
1991-07-08;338.308;338.308;338.308;338.308;338.295;0
1991-07-09;332.249;332.249;332.249;332.249;332.236;0
1991-07-10;333.377;333.377;333.377;333.377;333.364;0
1991-07-11;328.558;328.558;328.558;328.558;328.545;0
1991-07-12;328.616;328.616;328.616;328.616;328.603;0
1991-07-15;325.527;325.527;325.527;325.527;325.514;0
1991-07-16;324.134;324.134;324.134;324.134;324.121;0
1991-07-17;323.267;323.267;323.267;323.267;323.254;0
1991-07-18;324.628;324.628;324.628;324.628;324.615;0
1991-07-19;322.946;322.946;322.946;322.946;322.933;0
1991-07-22;324.904;324.904;324.904;324.904;324.891;0
1991-07-23;325.258;325.258;325.258;325.258;325.245;0
1991-07-24;327.756;327.756;327.756;327.756;327.743;0
1991-07-25;332.955;332.955;332.955;332.955;332.942;0
1991-07-26;332.479;332.479;332.479;332.479;332.466;0
1991-07-29;337.434;337.434;337.434;337.434;337.421;0
1991-07-30;338.803;338.803;338.803;338.803;338.79;0
1991-07-31;339.958;339.958;339.958;339.958;339.945;0
1991-08-01;337.573;337.573;337.573;337.573;337.56;0
1991-08-02;336.055;336.055;336.055;336.055;336.042;0
1991-08-05;334.01;334.01;334.01;334.01;333.997;0
1991-08-06;332.76;332.76;332.76;332.76;332.747;0
1991-08-07;330.685;330.685;330.685;330.685;330.672;0
1991-08-08;332.439;332.439;332.439;332.439;332.426;0
1991-08-09;331.975;331.975;331.975;331.975;331.962;0
1991-08-12;337.646;337.646;337.646;337.646;337.633;0
1991-08-13;334.25;334.25;334.25;334.25;334.237;0
1991-08-14;331.696;331.696;331.696;331.696;331.683;0
1991-08-15;329.945;329.945;329.945;329.945;329.932;0
1991-08-16;329.938;329.938;329.938;329.938;329.925;0
1991-08-19;322.104;322.104;322.104;322.104;322.091;0
1991-08-20;316.469;316.469;316.469;316.469;316.457;0
1991-08-21;315.313;315.313;315.313;315.313;315.301;0
1991-08-22;320.295;320.295;320.295;320.295;320.283;0
1991-08-23;318.579;318.579;318.579;318.579;318.567;0
1991-08-26;314.046;314.046;314.046;314.046;314.034;0
1991-08-27;313.684;313.684;313.684;313.684;313.672;0
1991-08-28;313.925;313.925;313.925;313.925;313.913;0
1991-08-29;308.597;308.597;308.597;308.597;308.585;0
1991-08-30;300.98;300.98;300.98;300.98;300.968;0
1991-09-02;303.505;303.505;303.505;303.505;303.493;0
1991-09-03;299.864;299.864;299.864;299.864;299.852;0
1991-09-04;299.341;299.341;299.341;299.341;299.329;0
1991-09-05;301.091;301.091;301.091;301.091;301.079;0
1991-09-06;300.543;300.543;300.543;300.543;300.531;0
1991-09-09;298.33;298.33;298.33;298.33;298.318;0
1991-09-10;297.072;297.072;297.072;297.072;297.06;0
1991-09-11;296.965;296.965;296.965;296.965;296.953;0
1991-09-12;294.54;294.54;294.54;294.54;294.529;0
1991-09-13;295.3;295.3;295.3;295.3;295.289;0
1991-09-16;288.088;288.088;288.088;288.088;288.077;0
1991-09-17;281.287;281.287;281.287;281.287;281.276;0
1991-09-18;271.568;271.568;271.568;271.568;271.557;0
1991-09-19;259.296;259.296;259.296;259.296;259.286;0
1991-09-20;254.843;254.843;254.843;254.843;254.833;0
1991-09-23;253.094;253.094;253.094;253.094;253.084;0
1991-09-24;253.818;253.818;253.818;253.818;253.808;0
1991-09-25;258.276;258.276;258.276;258.276;258.266;0
1991-09-30;249.187;249.187;249.187;249.187;249.177;0
1991-10-01;250.735;250.735;250.735;250.735;250.725;0
1991-10-02;251.371;251.371;251.371;251.371;251.361;0
1991-10-03;250.654;250.654;250.654;250.654;250.644;0
1991-10-04;250.465;250.465;250.465;250.465;250.455;0
1991-10-07;248.232;248.232;248.232;248.232;248.222;0
1991-10-08;246.367;246.367;246.367;246.367;246.357;0
1991-10-09;246.373;246.373;246.373;246.373;246.363;0
1991-10-10;241.559;241.559;241.559;241.559;241.55;0
1991-10-11;241.945;241.945;241.945;241.945;241.936;0
1991-10-14;240.529;240.529;240.529;240.529;240.52;0
1991-10-15;239.183;239.183;239.183;239.183;239.174;0
1991-10-16;238.157;238.157;238.157;238.157;238.148;0
1991-10-17;236.828;236.828;236.828;236.828;236.819;0
1991-10-18;233.453;233.453;233.453;233.453;233.444;0
1991-10-21;231.2;231.2;231.2;231.2;231.191;0
1991-10-22;230.828;230.828;230.828;230.828;230.819;0
1991-10-23;230.985;230.985;230.985;230.985;230.976;0
1991-10-24;230.514;230.514;230.514;230.514;230.505;0
1991-10-25;229.602;229.602;229.602;229.602;229.593;0
1991-10-28;227.428;227.428;227.428;227.428;227.419;0
1991-10-29;227.22;227.22;227.22;227.22;227.211;0
1991-10-30;224.706;224.706;224.706;224.706;224.697;0
1991-10-31;226.684;226.684;226.684;226.684;226.675;0
1991-11-01;226.961;226.961;226.961;226.961;226.952;0
1991-11-04;227.786;227.786;227.786;227.786;227.777;0
1991-11-05;229.332;229.332;229.332;229.332;229.323;0
1991-11-06;229.061;229.061;229.061;229.061;229.052;0
1991-11-07;227.939;227.939;227.939;227.939;227.93;0
1991-11-08;225.318;225.318;225.318;225.318;225.309;0
1991-11-11;223.249;223.249;223.249;223.249;223.24;0
1991-11-12;237.243;237.243;237.243;237.243;237.234;0
1991-11-13;242.252;242.252;242.252;242.252;242.243;0
1991-11-14;247.544;247.544;247.544;247.544;247.534;0
1991-11-15;248.884;248.884;248.884;248.884;248.874;0
1991-11-18;243.638;243.638;243.638;243.638;243.629;0
1991-11-19;243.508;243.508;243.508;243.508;243.499;0
1991-11-20;242.495;242.495;242.495;242.495;242.486;0
1991-11-21;241.259;241.259;241.259;241.259;241.25;0
1991-11-22;239.983;239.983;239.983;239.983;239.974;0
1991-11-25;240.575;240.575;240.575;240.575;240.566;0
1991-11-26;240.907;240.907;240.907;240.907;240.898;0
1991-11-27;240.644;240.644;240.644;240.644;240.635;0
1991-11-28;240.375;240.375;240.375;240.375;240.366;0
1991-11-29;241.318;241.318;241.318;241.318;241.309;0
1991-12-02;243.041;243.041;243.041;243.041;243.032;0
1991-12-03;242.737;242.737;242.737;242.737;242.728;0
1991-12-04;242.772;242.772;242.772;242.772;242.763;0
1991-12-05;243.126;243.126;243.126;243.126;243.117;0
1991-12-06;242.955;242.955;242.955;242.955;242.946;0
1991-12-09;245.572;245.572;245.572;245.572;245.562;0
1991-12-10;245.737;245.737;245.737;245.737;245.727;0
1991-12-11;244.831;244.831;244.831;244.831;244.821;0
1991-12-12;243.032;243.032;243.032;243.032;243.023;0
1991-12-13;243.446;243.446;243.446;243.446;243.437;0
1991-12-16;245.571;245.571;245.571;245.571;245.561;0
1991-12-17;246.057;246.057;246.057;246.057;246.047;0
1991-12-18;245.86;245.86;245.86;245.86;245.85;0
1991-12-19;248.762;248.762;248.762;248.762;248.752;0
1991-12-20;247.912;247.912;247.912;247.912;247.902;0
1991-12-23;246.258;246.258;246.258;246.258;246.248;0
1991-12-24;247.39;247.39;247.39;247.39;247.38;0
1992-01-02;246.953;246.953;246.953;246.953;246.943;0
1992-01-03;247.39;247.39;247.39;247.39;247.38;0
1992-01-06;249.763;249.763;249.763;249.763;249.753;0
1992-01-07;248.272;248.272;248.272;248.272;248.262;0
1992-01-08;250.529;250.529;250.529;250.529;250.519;0
1992-01-09;250.655;250.655;250.655;250.655;250.645;0
1992-01-10;250.202;250.202;250.202;250.202;250.192;0
1992-01-13;252.096;252.096;252.096;252.096;252.086;0
1992-01-14;251.406;251.406;251.406;251.406;251.396;0
1992-01-15;250.141;250.141;250.141;250.141;250.131;0
1992-01-16;249.809;249.809;249.809;249.809;249.799;0
1992-01-17;251.251;251.251;251.251;251.251;251.241;0
1992-01-20;251.58;251.58;251.58;251.58;251.57;0
1992-01-21;253.394;253.394;253.394;253.394;253.384;0
1992-01-22;256.153;256.153;256.153;256.153;256.143;0
1992-01-23;256.575;256.575;256.575;256.575;256.565;0
1992-01-24;258.051;258.051;258.051;258.051;258.041;0
1992-01-27;260.486;260.486;260.486;260.486;260.476;0
1992-01-28;263.858;263.858;263.858;263.858;263.848;0
1992-01-29;269.838;269.838;269.838;269.838;269.827;0
1992-01-30;275.723;275.723;275.723;275.723;275.712;0
1992-01-31;282.241;282.241;282.241;282.241;282.23;0
1992-02-03;287.197;287.197;287.197;287.197;287.186;0
1992-02-04;286.05;286.05;286.05;286.05;286.039;0
1992-02-05;288.466;288.466;288.466;288.466;288.455;0
1992-02-06;287.061;287.061;287.061;287.061;287.05;0
1992-02-07;294.226;294.226;294.226;294.226;294.215;0
1992-02-10;295.31;295.31;295.31;295.31;295.299;0
1992-02-11;290.525;290.525;290.525;290.525;290.514;0
1992-02-12;291.341;291.341;291.341;291.341;291.33;0
1992-02-13;292.551;292.551;292.551;292.551;292.54;0
1992-02-14;293.118;293.118;293.118;293.118;293.107;0
1992-02-17;290.91;290.91;290.91;290.91;290.899;0
1992-02-18;286.747;286.747;286.747;286.747;286.736;0
1992-02-19;280.198;280.198;280.198;280.198;280.187;0
1992-02-20;276.387;276.387;276.387;276.387;276.376;0
1992-02-21;279.932;279.932;279.932;279.932;279.921;0
1992-02-24;282.933;282.933;282.933;282.933;282.922;0
1992-02-25;281.186;281.186;281.186;281.186;281.175;0
1992-02-26;280.301;280.301;280.301;280.301;280.29;0
1992-02-27;280.139;280.139;280.139;280.139;280.128;0
1992-02-28;280.995;280.995;280.995;280.995;280.984;0
1992-03-02;280.428;280.428;280.428;280.428;280.417;0
1992-03-03;282.856;282.856;282.856;282.856;282.845;0
1992-03-04;282.205;282.205;282.205;282.205;282.194;0
1992-03-05;282.2;282.2;282.2;282.2;282.189;0
1992-03-06;283.208;283.208;283.208;283.208;283.197;0
1992-03-09;283.998;283.998;283.998;283.998;283.987;0
1992-03-10;282.344;282.344;282.344;282.344;282.333;0
1992-03-11;282.458;282.458;282.458;282.458;282.447;0
1992-03-12;282.212;282.212;282.212;282.212;282.201;0
1992-03-13;282.325;282.325;282.325;282.325;282.314;0
1992-03-16;280.615;280.615;280.615;280.615;280.604;0
1992-03-17;277.246;277.246;277.246;277.246;277.235;0
1992-03-18;275.82;275.82;275.82;275.82;275.809;0
1992-03-19;276.813;276.813;276.813;276.813;276.802;0
1992-03-20;277.496;277.496;277.496;277.496;277.485;0
1992-03-23;276.974;276.974;276.974;276.974;276.963;0
1992-03-24;279.326;279.326;279.326;279.326;279.315;0
1992-03-25;279.024;279.024;279.024;279.024;279.013;0
1992-03-26;278.094;278.094;278.094;278.094;278.083;0
1992-03-27;277.926;277.926;277.926;277.926;277.915;0
1992-03-30;278.55;278.55;278.55;278.55;278.539;0
1992-03-31;278.688;278.688;278.688;278.688;278.677;0
1992-04-01;279.509;279.509;279.509;279.509;279.498;0
1992-04-02;280.027;280.027;280.027;280.027;280.016;0
1992-04-09;279.167;279.167;279.167;279.167;279.156;0
1992-04-10;277.961;277.961;277.961;277.961;277.95;0
1992-04-13;277;277;277;277;276.989;0
1992-04-14;274.983;274.983;274.983;274.983;274.972;0
1992-04-15;273.386;273.386;273.386;273.386;273.375;0
1992-04-16;271.783;271.783;271.783;271.783;271.772;0
1992-04-20;271.381;271.381;271.381;271.381;271.37;0
1992-04-21;273.239;273.239;273.239;273.239;273.228;0
1992-04-22;274.093;274.093;274.093;274.093;274.082;0
1992-04-23;276.666;276.666;276.666;276.666;276.655;0
1992-04-24;277.076;277.076;277.076;277.076;277.065;0
1992-04-27;274.933;274.933;274.933;274.933;274.922;0
1992-04-28;274.937;274.937;274.937;274.937;274.926;0
1992-04-29;276.726;276.726;276.726;276.726;276.715;0
1992-04-30;277.274;277.274;277.274;277.274;277.263;0
1992-05-01;277.908;277.908;277.908;277.908;277.897;0
1992-05-04;280.038;280.038;280.038;280.038;280.027;0
1992-05-05;283.119;283.119;283.119;283.119;283.108;0
1992-05-06;286.273;286.273;286.273;286.273;286.262;0
1992-05-07;291.227;291.227;291.227;291.227;291.216;0
1992-05-08;293.87;293.87;293.87;293.87;293.859;0
1992-05-11;288.654;288.654;288.654;288.654;288.643;0
1992-05-12;288.784;288.784;288.784;288.784;288.773;0
1992-05-13;289.58;289.58;289.58;289.58;289.569;0
1992-05-14;290.24;290.24;290.24;290.24;290.229;0
1992-05-15;290.18;290.18;290.18;290.18;290.169;0
1992-05-18;290.98;290.98;290.98;290.98;290.969;0
1992-05-19;292.47;292.47;292.47;292.47;292.459;0
1992-05-20;294.23;294.23;294.23;294.23;294.219;0
1992-05-21;296.31;296.31;296.31;296.31;296.298;0
1992-05-22;295.47;295.47;295.47;295.47;295.458;0
1992-05-25;295.48;295.48;295.48;295.48;295.469;0
1992-05-26;296.54;296.54;296.54;296.54;296.528;0
1992-05-27;297.01;297.01;297.01;297.01;296.998;0
1992-05-29;299.22;299.22;299.22;299.22;299.208;0
1992-06-01;298.59;298.59;298.59;298.59;298.578;0
1992-06-02;303.58;303.58;303.58;303.58;303.568;0
1992-06-03;307.91;307.91;307.91;307.91;307.898;0
1992-06-04;313.5;313.5;313.5;313.5;313.488;0
1992-06-05;315.58;315.58;315.58;315.58;315.568;0
1992-06-08;323.08;323.08;323.08;323.08;323.067;0
1992-06-09;323.08;323.08;323.08;323.08;323.067;0
1992-06-10;329.66;329.66;329.66;329.66;329.647;0
1992-06-12;329.62;329.62;329.62;329.62;329.607;0
1992-06-15;328.64;328.64;328.64;328.64;328.627;0
1992-06-16;329.61;329.61;329.61;329.61;329.597;0
1992-06-17;330.87;330.87;330.87;330.87;330.857;0
1992-06-18;330.9;330.9;330.9;330.9;330.887;0
1992-06-19;331.06;331.06;331.06;331.06;331.047;0
1992-06-22;326.1;326.1;326.1;326.1;326.087;0
1992-06-23;325.86;325.86;325.86;325.86;325.847;0
1992-06-24;322.53;322.53;322.53;322.53;322.517;0
1992-06-25;319.67;319.67;319.67;319.67;319.658;0
1992-06-26;319.38;319.38;319.38;319.38;319.368;0
1992-06-29;318.12;318.12;318.12;318.12;318.108;0
1992-06-30;313.56;313.56;313.56;313.56;313.548;0
1992-07-01;314.2;314.2;314.2;314.2;314.188;0
1992-07-03;319.12;319.12;319.12;319.12;319.108;0
1992-07-06;318.33;318.33;318.33;318.33;318.318;0
1992-07-07;319.02;319.02;319.02;319.02;319.008;0
1992-07-08;319.7;319.7;319.7;319.7;319.688;0
1992-07-09;320.13;320.13;320.13;320.13;320.118;0
1992-07-10;321.11;321.11;321.11;321.11;321.097;0
1992-07-13;321.54;321.54;321.54;321.54;321.527;0
1992-07-14;322.2;322.2;322.2;322.2;322.187;0
1992-07-15;321.37;321.37;321.37;321.37;321.357;0
1992-07-16;321.71;321.71;321.71;321.71;321.697;0
1992-07-17;321.01;321.01;321.01;321.01;320.997;0
1992-07-20;320.42;320.42;320.42;320.42;320.408;0
1992-07-21;320.26;320.26;320.26;320.26;320.248;0
1992-07-22;319.21;319.21;319.21;319.21;319.198;0
1992-07-23;318.6;318.6;318.6;318.6;318.588;0
1992-07-24;319.9;319.9;319.9;319.9;319.888;0
1992-07-27;318.94;318.94;318.94;318.94;318.928;0
1992-07-28;317.19;317.19;317.19;317.19;317.178;0
1992-07-29;316.72;316.72;316.72;316.72;316.708;0
1992-07-30;317.95;317.95;317.95;317.95;317.938;0
1992-07-31;317.19;317.19;317.19;317.19;317.178;0
1992-08-03;316.19;316.19;316.19;316.19;316.178;0
1992-08-04;315.57;315.57;315.57;315.57;315.558;0
1992-08-05;314.59;314.59;314.59;314.59;314.578;0
1992-08-06;312.77;312.77;312.77;312.77;312.758;0
1992-08-07;312.73;312.73;312.73;312.73;312.718;0
1992-08-10;313.83;313.83;313.83;313.83;313.818;0
1992-08-11;314.2;314.2;314.2;314.2;314.188;0
1992-08-12;310.56;310.56;310.56;310.56;310.548;0
1992-08-13;310.61;310.61;310.61;310.61;310.598;0
1992-08-14;310.26;310.26;310.26;310.26;310.248;0
1992-08-18;308.3;308.3;308.3;308.3;308.288;0
1992-08-19;304.4;304.4;304.4;304.4;304.388;0
1992-08-20;301.56;301.56;301.56;301.56;301.548;0
1992-08-21;300.28;300.28;300.28;300.28;300.268;0
1992-08-24;301.14;301.14;301.14;301.14;301.128;0
1992-08-25;301;301;301;301;300.988;0
1992-08-26;300.21;300.21;300.21;300.21;300.198;0
1992-08-27;301.42;301.42;301.42;301.42;301.408;0
1992-08-28;302.06;302.06;302.06;302.06;302.048;0
1992-08-31;301.28;301.28;301.28;301.28;301.268;0
1992-09-01;301.58;301.58;301.58;301.58;301.568;0
1992-09-03;300.35;300.35;300.35;300.35;300.338;0
1992-09-04;298.89;298.89;298.89;298.89;298.878;0
1992-09-07;299.66;299.66;299.66;299.66;299.648;0
1992-09-08;298.92;298.92;298.92;298.92;298.908;0
1992-09-10;297.18;297.18;297.18;297.18;297.168;0
1992-09-11;296.1;296.1;296.1;296.1;296.088;0
1992-09-14;295.57;295.57;295.57;295.57;295.559;0
1992-09-15;295.35;295.35;295.35;295.35;295.339;0
1992-09-16;296.72;296.72;296.72;296.72;296.708;0
1992-09-17;296.39;296.39;296.39;296.39;296.378;0
1992-09-18;296.2;296.2;296.2;296.2;296.188;0
1992-09-21;295.17;295.17;295.17;295.17;295.159;0
1992-09-22;295.61;295.61;295.61;295.61;295.598;0
1992-09-23;297.85;297.85;297.85;297.85;297.838;0
1992-09-24;297.87;297.87;297.87;297.87;297.858;0
1992-09-25;297.53;297.53;297.53;297.53;297.518;0
1992-09-28;297.48;297.48;297.48;297.48;297.468;0
1992-09-29;296.86;296.86;296.86;296.86;296.848;0
1992-09-30;298.39;298.39;298.39;298.39;298.378;0
1992-10-01;298.56;298.56;298.56;298.56;298.548;0
1992-10-02;299.86;299.86;299.86;299.86;299.848;0
1992-10-05;300.78;300.78;300.78;300.78;300.768;0
1992-10-06;299.43;299.43;299.43;299.43;299.418;0
1992-10-07;299.67;299.67;299.67;299.67;299.658;0
1992-10-08;299.83;299.83;299.83;299.83;299.818;0
1992-10-09;302.86;302.86;302.86;302.86;302.848;0
1992-10-12;304.65;304.65;304.65;304.65;304.638;0
1992-10-13;304.92;304.92;304.92;304.92;304.908;0
1992-10-14;305.64;305.64;305.64;305.64;305.628;0
1992-10-15;306.14;306.14;306.14;306.14;306.128;0
1992-10-16;306.32;306.32;306.32;306.32;306.308;0
1992-10-19;306.72;306.72;306.72;306.72;306.708;0
1992-10-20;306.71;306.71;306.71;306.71;306.698;0
1992-10-21;307.13;307.13;307.13;307.13;307.118;0
1992-10-22;306.45;306.45;306.45;306.45;306.438;0
1992-10-23;309.61;309.61;309.61;309.61;309.598;0
1992-10-26;308.4;308.4;308.4;308.4;308.388;0
1992-10-27;308.25;308.25;308.25;308.25;308.238;0
1992-10-28;305.88;305.88;305.88;305.88;305.868;0
1992-10-29;305.37;305.37;305.37;305.37;305.358;0
1992-10-30;307.58;307.58;307.58;307.58;307.568;0
1992-11-02;306.2;306.2;306.2;306.2;306.188;0
1992-11-03;305.31;305.31;305.31;305.31;305.298;0
1992-11-04;304.53;304.53;304.53;304.53;304.518;0
1992-11-05;304.54;304.54;304.54;304.54;304.528;0
1992-11-06;304.36;304.36;304.36;304.36;304.348;0
1992-11-09;302.41;302.41;302.41;302.41;302.398;0
1992-11-10;301.65;301.65;301.65;301.65;301.638;0
1992-11-11;300.62;300.62;300.62;300.62;300.608;0
1992-11-12;299.38;299.38;299.38;299.38;299.368;0
1992-11-13;296.74;296.74;296.74;296.74;296.728;0
1992-11-16;291.72;291.72;291.72;291.72;291.709;0
1992-11-17;292.65;292.65;292.65;292.65;292.639;0
1992-11-18;290.67;290.67;290.67;290.67;290.659;0
1992-11-19;288.81;288.81;288.81;288.81;288.799;0
1992-11-20;288.88;288.88;288.88;288.88;288.869;0
1992-11-23;288.52;288.52;288.52;288.52;288.509;0
1992-11-24;288;288;288;288;287.989;0
1992-11-25;285.87;285.87;285.87;285.87;285.859;0
1992-11-26;286.08;286.08;286.08;286.08;286.069;0
1992-11-27;284.66;284.66;284.66;284.66;284.649;0
1992-11-30;285.6;285.6;285.6;285.6;285.589;0
1992-12-01;284.35;284.35;284.35;284.35;284.339;0
1992-12-02;282.36;282.36;282.36;282.36;282.349;0
1992-12-03;281.21;281.21;281.21;281.21;281.199;0
1992-12-04;280.45;280.45;280.45;280.45;280.439;0
1992-12-07;279.37;279.37;279.37;279.37;279.359;0
1992-12-08;278.57;278.57;278.57;278.57;278.559;0
1992-12-09;277.56;277.56;277.56;277.56;277.549;0
1992-12-10;278.95;278.95;278.95;278.95;278.939;0
1992-12-11;278.58;278.58;278.58;278.58;278.569;0
1992-12-14;278.39;278.39;278.39;278.39;278.379;0
1992-12-15;275.68;275.68;275.68;275.68;275.669;0
1992-12-16;272.78;272.78;272.78;272.78;272.769;0
1992-12-17;273.03;273.03;273.03;273.03;273.019;0
1992-12-18;271.86;271.86;271.86;271.86;271.849;0
1992-12-21;270.45;270.45;270.45;270.45;270.439;0
1992-12-22;272.19;272.19;272.19;272.19;272.179;0
1992-12-23;271.75;271.75;271.75;271.75;271.739;0
1992-12-24;271.28;271.28;271.28;271.28;271.269;0
1992-12-28;271.69;271.69;271.69;271.69;271.679;0
1992-12-29;271.77;271.77;271.77;271.77;271.759;0
1992-12-30;274.34;274.34;274.34;274.34;274.329;0
1993-01-04;273.58;273.58;273.58;273.58;273.569;0
1993-01-05;273.31;273.31;273.31;273.31;273.299;0
1993-01-06;274.84;274.84;274.84;274.84;274.829;0
1993-01-07;276.85;276.85;276.85;276.85;276.839;0
1993-01-08;279.11;279.11;279.11;279.11;279.099;0
1993-01-11;278.52;278.52;278.52;278.52;278.509;0
1993-01-12;278.07;278.07;278.07;278.07;278.059;0
1993-01-13;277.41;277.41;277.41;277.41;277.399;0
1993-01-14;276.423;276.423;276.423;276.423;276.412;0
1993-01-15;277.27;277.27;277.27;277.27;277.259;0
1993-01-18;277.938;277.938;277.938;277.938;277.927;0
1993-01-19;277.15;277.15;277.15;277.15;277.139;0
1993-01-21;276.74;276.74;276.74;276.74;276.729;0
1993-01-22;277.05;277.05;277.05;277.05;277.039;0
1993-01-25;276.7;276.7;276.7;276.7;276.689;0
1993-01-26;276.29;276.29;276.29;276.29;276.279;0
1993-01-27;275.97;275.97;275.97;275.97;275.959;0
1993-01-28;277.42;277.42;277.42;277.42;277.409;0
1993-01-29;280.15;280.15;280.15;280.15;280.139;0
1993-02-01;280.89;280.89;280.89;280.89;280.879;0
1993-02-02;280.39;280.39;280.39;280.39;280.379;0
1993-02-03;283.95;283.95;283.95;283.95;283.939;0
1993-02-04;289.2;289.2;289.2;289.2;289.189;0
1993-02-05;292.04;292.04;292.04;292.04;292.029;0
1993-02-08;295.81;295.81;295.81;295.81;295.798;0
1993-02-09;297.91;297.91;297.91;297.91;297.898;0
1993-02-10;299.4;299.4;299.4;299.4;299.388;0
1993-02-11;299.61;299.61;299.61;299.61;299.598;0
1993-02-12;300.54;300.54;300.54;300.54;300.528;0
1993-02-15;301.78;301.78;301.78;301.78;301.768;0
1993-02-16;301.99;301.99;301.99;301.99;301.978;0
1993-02-17;302.69;302.69;302.69;302.69;302.678;0
1993-02-18;301.92;301.92;301.92;301.92;301.908;0
1993-02-19;300.44;300.44;300.44;300.44;300.428;0
1993-02-22;301.22;301.22;301.22;301.22;301.208;0
1993-02-23;299.82;299.82;299.82;299.82;299.808;0
1993-02-24;299.81;299.81;299.81;299.81;299.798;0
1993-02-25;300.22;300.22;300.22;300.22;300.208;0
1993-02-26;300.38;300.38;300.38;300.38;300.368;0
1993-03-01;300.45;300.45;300.45;300.45;300.438;0
1993-03-02;300.84;300.84;300.84;300.84;300.828;0
1993-03-03;302.08;302.08;302.08;302.08;302.068;0
1993-03-04;304.78;304.78;304.78;304.78;304.768;0
1993-03-05;307.19;307.19;307.19;307.19;307.178;0
1993-03-08;308.5;308.5;308.5;308.5;308.488;0
1993-03-09;310.08;310.08;310.08;310.08;310.068;0
1993-03-10;311.78;311.78;311.78;311.78;311.768;0
1993-03-11;312.69;312.69;312.69;312.69;312.678;0
1993-03-12;312.95;312.95;312.95;312.95;312.938;0
1993-03-15;311.7;311.7;311.7;311.7;311.688;0
1993-03-16;311.09;311.09;311.09;311.09;311.078;0
1993-03-17;310.78;310.78;310.78;310.78;310.768;0
1993-03-18;310.37;310.37;310.37;310.37;310.358;0
1993-03-19;312.07;312.07;312.07;312.07;312.058;0
1993-03-29;310.5;310.5;310.5;310.5;310.488;0
1993-03-30;311.27;311.27;311.27;311.27;311.258;0
1993-03-31;310.76;310.76;310.76;310.76;310.748;0
1993-04-01;311.13;311.13;311.13;311.13;311.118;0
1993-04-02;310.08;310.08;310.08;310.08;310.068;0
1993-04-05;309.6;309.6;309.6;309.6;309.588;0
1993-04-06;309.35;309.35;309.35;309.35;309.338;0
1993-04-07;308.37;308.37;308.37;308.37;308.358;0
1993-04-08;307.81;307.81;307.81;307.81;307.798;0
1993-04-12;308.45;308.45;308.45;308.45;308.438;0
1993-04-13;307.23;307.23;307.23;307.23;307.218;0
1993-04-14;307.28;307.28;307.28;307.28;307.268;0
1993-04-15;308.67;308.67;308.67;308.67;308.658;0
1993-04-16;308.68;308.68;308.68;308.68;308.668;0
1993-04-19;310.49;310.49;310.49;310.49;310.478;0
1993-04-20;312;312;312;312;311.988;0
1993-04-21;312;312;312;312;311.988;0
1993-04-22;311.28;311.28;311.28;311.28;311.268;0
1993-04-23;310.78;310.78;310.78;310.78;310.768;0
1993-04-26;311.14;311.14;311.14;311.14;311.128;0
1993-04-27;311.27;311.27;311.27;311.27;311.258;0
1993-04-28;312.19;312.19;312.19;312.19;312.178;0
1993-04-29;313.22;313.22;313.22;313.22;313.208;0
1993-04-30;314.1;314.1;314.1;314.1;314.088;0
1993-05-03;313.69;313.69;313.69;313.69;313.678;0
1993-05-04;313.91;313.91;313.91;313.91;313.898;0
1993-05-05;313.61;313.61;313.61;313.61;313.598;0
1993-05-07;315.08;315.08;315.08;315.08;315.068;0
1993-05-10;316.37;316.37;316.37;316.37;316.358;0
1993-05-11;316.41;316.41;316.41;316.41;316.398;0
1993-05-12;319.12;319.12;319.12;319.12;319.108;0
1993-05-13;321.84;321.84;321.84;321.84;321.827;0
1993-05-14;323.55;323.55;323.55;323.55;323.537;0
1993-05-17;325.43;325.43;325.43;325.43;325.417;0
1993-05-18;325.32;325.32;325.32;325.32;325.307;0
1993-05-19;326.41;326.41;326.41;326.41;326.397;0
1993-05-21;326.44;326.44;326.44;326.44;326.427;0
1993-05-24;328.8;328.8;328.8;328.8;328.787;0
1993-05-25;330.64;330.64;330.64;330.64;330.627;0
1993-05-26;331.91;331.91;331.91;331.91;331.897;0
1993-05-27;333.92;333.92;333.92;333.92;333.907;0
1993-05-28;333.37;333.37;333.37;333.37;333.357;0
1993-05-31;341.85;341.85;341.85;341.85;341.837;0
1993-06-02;345.99;345.99;345.99;345.99;345.977;0
1993-06-03;349.817;349.817;349.817;349.817;349.803;0
1993-06-04;349.66;349.66;349.66;349.66;349.646;0
1993-06-07;349.34;349.34;349.34;349.34;349.326;0
1993-06-08;352.001;352.001;352.001;352.001;351.987;0
1993-06-09;352.83;352.83;352.83;352.83;352.816;0
1993-06-10;351.38;351.38;351.38;351.38;351.366;0
1993-06-11;350.3;350.3;350.3;350.3;350.286;0
1993-06-14;351.34;351.34;351.34;351.34;351.326;0
1993-06-15;351.7;351.7;351.7;351.7;351.686;0
1993-06-16;354.01;354.01;354.01;354.01;353.996;0
1993-06-17;354.93;354.93;354.93;354.93;354.916;0
1993-06-18;355.64;355.64;355.64;355.64;355.626;0
1993-06-22;356.18;356.18;356.18;356.18;356.166;0
1993-06-23;358.38;358.38;358.38;358.38;358.366;0
1993-06-24;358.89;358.89;358.89;358.89;358.876;0
1993-06-25;358.88;358.88;358.88;358.88;358.866;0
1993-06-28;358.62;358.62;358.62;358.62;358.606;0
1993-06-29;358.84;358.84;358.84;358.84;358.826;0
1993-06-30;360.35;360.35;360.35;360.35;360.336;0
1993-07-01;360.53;360.53;360.53;360.53;360.516;0
1993-07-02;360.72;360.72;360.72;360.72;360.706;0
1993-07-05;359.58;359.58;359.58;359.58;359.566;0
1993-07-06;361.05;361.05;361.05;361.05;361.036;0
1993-07-07;360.28;360.28;360.28;360.28;360.266;0
1993-07-08;360.13;360.13;360.13;360.13;360.116;0
1993-07-09;359.67;359.67;359.67;359.67;359.656;0
1993-07-12;359.42;359.42;359.42;359.42;359.406;0
1993-07-13;356.76;356.76;356.76;356.76;356.746;0
1993-07-14;357.19;357.19;357.19;357.19;357.176;0
1993-07-15;356.58;356.58;356.58;356.58;356.566;0
1993-07-16;356.74;356.74;356.74;356.74;356.726;0
1993-07-19;356.36;356.36;356.36;356.36;356.346;0
1993-07-20;354.83;354.83;354.83;354.83;354.816;0
1993-07-21;355.07;355.07;355.07;355.07;355.056;0
1993-07-22;355.2;355.2;355.2;355.2;355.186;0
1993-07-23;355.43;355.43;355.43;355.43;355.416;0
1993-07-26;355.33;355.33;355.33;355.33;355.316;0
1993-07-27;355.5;355.5;355.5;355.5;355.486;0
1993-07-28;354.64;354.64;354.64;354.64;354.626;0
1993-07-29;354.06;354.06;354.06;354.06;354.046;0
1993-07-30;356.72;356.72;356.72;356.72;356.706;0
1993-08-02;356.84;356.84;356.84;356.84;356.826;0
1993-08-03;358.13;358.13;358.13;358.13;358.116;0
1993-08-04;358.69;358.69;358.69;358.69;358.676;0
1993-08-05;360;360;360;360;359.986;0
1993-08-06;362.61;362.61;362.61;362.61;362.596;0
1993-08-09;364.53;364.53;364.53;364.53;364.516;0
1993-08-10;369.83;369.83;369.83;369.83;369.816;0
1993-08-11;377.35;377.35;377.35;377.35;377.335;0
1993-08-12;380.29;380.29;380.29;380.29;380.275;0
1993-08-13;379.94;379.94;379.94;379.94;379.925;0
1993-08-16;382.01;382.01;382.01;382.01;381.995;0
1993-08-18;383.43;383.43;383.43;383.43;383.415;0
1993-08-19;384.82;384.82;384.82;384.82;384.805;0
1993-08-20;387.91;387.91;387.91;387.91;387.895;0
1993-08-23;390.18;390.18;390.18;390.18;390.165;0
1993-08-24;393.63;393.63;393.63;393.63;393.615;0
1993-08-25;398.49;398.49;398.49;398.49;398.474;0
1993-08-26;405.56;405.56;405.56;405.56;405.544;0
1993-08-27;409.67;409.67;409.67;409.67;409.654;0
1993-08-31;417.3;417.3;417.3;417.3;417.284;0
1993-09-01;422.83;422.83;422.83;422.83;422.814;0
1993-09-02;418.41;418.41;418.41;418.41;418.394;0
1993-09-03;417.16;417.16;417.16;417.16;417.144;0
1993-09-06;416.13;416.13;416.13;416.13;416.114;0
1993-09-07;418.06;418.06;418.06;418.06;418.044;0
1993-09-08;422.35;422.35;422.35;422.35;422.334;0
1993-09-09;426.11;426.11;426.11;426.11;426.093;0
1993-09-10;427.99;427.99;427.99;427.99;427.973;0
1993-09-13;428.33;428.33;428.33;428.33;428.313;0
1993-09-14;428.36;428.36;428.36;428.36;428.343;0
1993-09-15;431.31;431.31;431.31;431.31;431.293;0
1993-09-16;430.053;430.053;430.053;430.053;430.036;0
1993-09-17;430.36;430.36;430.36;430.36;430.343;0
1993-09-20;431.49;431.49;431.49;431.49;431.473;0
1993-09-21;430.57;430.57;430.57;430.57;430.553;0
1993-09-22;427.76;427.76;427.76;427.76;427.743;0
1993-09-23;425.34;425.34;425.34;425.34;425.323;0
1993-09-24;421.04;421.04;421.04;421.04;421.024;0
1993-09-27;420.9;420.9;420.9;420.9;420.884;0
1993-09-28;418.4;418.4;418.4;418.4;418.384;0
1993-09-29;419.5;419.5;419.5;419.5;419.484;0
1993-09-30;419.96;419.96;419.96;419.96;419.944;0
1993-10-01;443.26;443.26;443.26;443.26;443.243;0
1993-10-04;446.25;446.25;446.25;446.25;446.233;0
1993-10-05;441.57;441.57;441.57;441.57;441.553;0
1993-10-06;439.42;439.42;439.42;439.42;439.403;0
1993-10-07;436.49;436.49;436.49;436.49;436.473;0
1993-10-08;438.55;438.55;438.55;438.55;438.533;0
1993-10-11;440.41;440.41;440.41;440.41;440.393;0
1993-10-12;443.87;443.87;443.87;443.87;443.853;0
1993-10-13;448.98;448.98;448.98;448.98;448.963;0
1993-10-14;453.95;453.95;453.95;453.95;453.932;0
1993-10-15;454.84;454.84;454.84;454.84;454.822;0
1993-10-18;456.8;456.8;456.8;456.8;456.782;0
1993-10-19;460.03;460.03;460.03;460.03;460.012;0
1993-10-20;463.09;463.09;463.09;463.09;463.072;0
1993-10-21;466.31;466.31;466.31;466.31;466.292;0
1993-10-22;466.22;466.22;466.22;466.22;466.202;0
1993-10-25;464.47;464.47;464.47;464.47;464.452;0
1993-10-26;464.64;464.64;464.64;464.64;464.622;0
1993-10-27;464.8;464.8;464.8;464.8;464.782;0
1993-10-28;465.11;465.11;465.11;465.11;465.092;0
1993-10-29;466.15;466.15;466.15;466.15;466.132;0
1993-11-01;469.1;469.1;469.1;469.1;469.082;0
1993-11-02;474.01;474.01;474.01;474.01;473.992;0
1993-11-03;484.25;484.25;484.25;484.25;484.231;0
1993-11-04;500.75;500.75;500.75;500.75;500.73;0
1993-11-05;507.22;507.22;507.22;507.22;507.2;0
1993-11-08;507.78;507.78;507.78;507.78;507.76;0
1993-11-09;508.06;508.06;508.06;508.06;508.04;0
1993-11-10;510.231;510.231;510.231;510.231;510.211;0
1993-11-11;511.349;511.349;511.349;511.349;511.329;0
1993-11-12;512.87;512.87;512.87;512.87;512.85;0
1993-11-15;516.812;516.812;516.812;516.812;516.792;0
1993-11-16;523.19;523.19;523.19;523.19;523.17;0
1993-11-17;533.183;533.183;533.183;533.183;533.162;0
1993-11-18;535.25;535.25;535.25;535.25;535.229;0
1993-11-19;535.114;535.114;535.114;535.114;535.093;0
1993-11-22;536.46;536.46;536.46;536.46;536.439;0
1993-11-23;523.31;523.31;523.31;523.31;523.29;0
1993-11-24;523.83;523.83;523.83;523.83;523.81;0
1993-11-25;524.2;524.2;524.2;524.2;524.18;0
1993-11-26;522.42;522.42;522.42;522.42;522.4;0
1993-11-29;520.46;520.46;520.46;520.46;520.44;0
1993-11-30;518.78;518.78;518.78;518.78;518.76;0
1993-12-01;517.86;517.86;517.86;517.86;517.84;0
1993-12-02;520.01;520.01;520.01;520.01;519.99;0
1993-12-03;521.73;521.73;521.73;521.73;521.71;0
1993-12-06;523.54;523.54;523.54;523.54;523.52;0
1993-12-07;523.41;523.41;523.41;523.41;523.39;0
1993-12-08;523.32;523.32;523.32;523.32;523.3;0
1993-12-09;525.32;525.32;525.32;525.32;525.299;0
1993-12-10;528.46;528.46;528.46;528.46;528.439;0
1993-12-13;527.93;527.93;527.93;527.93;527.909;0
1993-12-14;536.08;536.08;536.08;536.08;536.059;0
1993-12-15;543.84;543.84;543.84;543.84;543.819;0
1993-12-16;553.358;553.358;553.358;553.358;553.336;0
1993-12-17;556.95;556.95;556.95;556.95;556.928;0
1993-12-20;552.9;552.9;552.9;552.9;552.878;0
1993-12-21;552.2;552.2;552.2;552.2;552.178;0
1993-12-22;550.07;550.07;550.07;550.07;550.049;0
1993-12-23;557.34;557.34;557.34;557.34;557.318;0
1993-12-24;560.6;560.6;560.6;560.6;560.578;0
1993-12-27;565.94;565.94;565.94;565.94;565.918;0
1993-12-28;572.57;572.57;572.57;572.57;572.548;0
1993-12-29;587.88;587.88;587.88;587.88;587.857;0
1993-12-30;588.77;588.77;588.77;588.77;588.747;0
1994-01-03;589.65;589.65;589.65;589.65;589.627;0
1994-01-04;599.94;599.94;599.94;599.94;599.917;0
1994-01-05;612.89;612.89;612.89;612.89;612.866;0
1994-01-06;609.32;609.32;609.32;609.32;609.296;0
1994-01-07;607.69;607.69;607.69;607.69;607.666;0
1994-01-11;598.05;598.05;598.05;598.05;598.027;0
1994-01-12;585.22;585.22;585.22;585.22;585.197;0
1994-01-13;572.02;572.02;572.02;572.02;571.998;0
1994-01-14;577.69;577.69;577.69;577.69;577.668;0
1994-01-17;587.16;587.16;587.16;587.16;587.137;0
1994-01-18;592.01;592.01;592.01;592.01;591.987;0
1994-01-19;596;596;596;596;595.977;0
1994-01-20;592.94;592.94;592.94;592.94;592.917;0
1994-01-21;590.262;590.262;590.262;590.262;590.239;0
1994-01-24;588.05;588.05;588.05;588.05;588.027;0
1994-01-25;586.57;586.57;586.57;586.57;586.547;0
1994-01-26;584.78;584.78;584.78;584.78;584.757;0
1994-01-27;590.47;590.47;590.47;590.47;590.447;0
1994-01-28;592.65;592.65;592.65;592.65;592.627;0
1994-01-31;592.02;592.02;592.02;592.02;591.997;0
1994-02-01;591.95;591.95;591.95;591.95;591.927;0
1994-02-02;592.19;592.19;592.19;592.19;592.167;0
1994-02-03;594.36;594.36;594.36;594.36;594.337;0
1994-02-04;601.83;601.83;601.83;601.83;601.807;0
1994-02-07;594.12;594.12;594.12;594.12;594.097;0
1994-02-08;587.97;587.97;587.97;587.97;587.947;0
1994-02-09;580.65;580.65;580.65;580.65;580.627;0
1994-02-10;583.47;583.47;583.47;583.47;583.447;0
1994-02-11;586.62;586.62;586.62;586.62;586.597;0
1994-02-14;586.75;586.75;586.75;586.75;586.727;0
1994-02-15;582.71;582.71;582.71;582.71;582.687;0
1994-02-16;574.82;574.82;574.82;574.82;574.798;0
1994-02-17;564.69;564.69;564.69;564.69;564.668;0
1994-02-18;554.78;554.78;554.78;554.78;554.758;0
1994-02-21;543.76;543.76;543.76;543.76;543.739;0
1994-02-22;552.85;552.85;552.85;552.85;552.828;0
1994-02-23;551.88;551.88;551.88;551.88;551.859;0
1994-02-24;552.52;552.52;552.52;552.52;552.498;0
1994-02-25;547.51;547.51;547.51;547.51;547.489;0
1994-02-28;546.23;546.23;546.23;546.23;546.209;0
1994-03-01;546.41;546.41;546.41;546.41;546.389;0
1994-03-02;540.47;540.47;540.47;540.47;540.449;0
1994-03-03;530.37;530.37;530.37;530.37;530.349;0
1994-03-04;521.38;521.38;521.38;521.38;521.36;0
1994-03-07;522.37;522.37;522.37;522.37;522.35;0
1994-03-08;521.17;521.17;521.17;521.17;521.15;0
1994-03-09;514.57;514.57;514.57;514.57;514.55;0
1994-03-10;514.31;514.31;514.31;514.31;514.29;0
1994-03-17;509.85;509.85;509.85;509.85;509.83;0
1994-03-18;508.88;508.88;508.88;508.88;508.86;0
1994-03-21;501.2;501.2;501.2;501.2;501.181;0
1994-03-22;485.47;485.47;485.47;485.47;485.451;0
1994-03-23;486.9;486.9;486.9;486.9;486.881;0
1994-03-24;494.18;494.18;494.18;494.18;494.161;0
1994-03-25;490.836;490.836;490.836;490.836;490.817;0
1994-03-28;491.051;491.051;491.051;491.051;491.032;0
1994-03-29;487.22;487.22;487.22;487.22;487.201;0
1994-03-30;492.37;492.37;492.37;492.37;492.351;0
1994-04-04;485.91;485.91;485.91;485.91;485.891;0
1994-04-05;480.96;480.96;480.96;480.96;480.941;0
1994-04-06;473.96;473.96;473.96;473.96;473.942;0
1994-04-07;467.98;467.98;467.98;467.98;467.962;0
1994-04-08;463.43;463.43;463.43;463.43;463.412;0
1994-04-11;456.91;456.91;456.91;456.91;456.892;0
1994-04-13;462.37;462.37;462.37;462.37;462.352;0
1994-04-14;469.28;469.28;469.28;469.28;469.262;0
1994-04-15;472.65;472.65;472.65;472.65;472.632;0
1994-04-18;475.77;475.77;475.77;475.77;475.751;0
1994-04-19;465.76;465.76;465.76;465.76;465.742;0
1994-04-20;458.68;458.68;458.68;458.68;458.662;0
1994-04-21;456.56;456.56;456.56;456.56;456.542;0
1994-04-22;454.85;454.85;454.85;454.85;454.832;0
1994-04-25;454.41;454.41;454.41;454.41;454.392;0
1994-04-26;454.32;454.32;454.32;454.32;454.302;0
1994-04-27;461.7;461.7;461.7;461.7;461.682;0
1994-04-28;465.28;465.28;465.28;465.28;465.262;0
1994-04-29;462.4;462.4;462.4;462.4;462.382;0
1994-05-02;461.81;461.81;461.81;461.81;461.792;0
1994-05-03;460.34;460.34;460.34;460.34;460.322;0
1994-05-04;462.64;462.64;462.64;462.64;462.622;0
1994-05-05;462.56;462.56;462.56;462.56;462.542;0
1994-05-06;463.12;463.12;463.12;463.12;463.102;0
1994-05-09;464.28;464.28;464.28;464.28;464.262;0
1994-05-10;463.04;463.04;463.04;463.04;463.022;0
1994-05-11;465.53;465.53;465.53;465.53;465.512;0
1994-05-13;467.4;467.4;467.4;467.4;467.382;0
1994-05-16;467.86;467.86;467.86;467.86;467.842;0
1994-05-17;471.77;471.77;471.77;471.77;471.752;0
1994-05-18;477.21;477.21;477.21;477.21;477.191;0
1994-05-19;482.741;482.741;482.741;482.741;482.722;0
1994-05-20;487.99;487.99;487.99;487.99;487.971;0
1994-05-23;498.36;498.36;498.36;498.36;498.341;0
1994-05-24;501.996;501.996;501.996;501.996;501.976;0
1994-05-26;502.6;502.6;502.6;502.6;502.58;0
1994-05-27;504.97;504.97;504.97;504.97;504.95;0
1994-05-30;504.49;504.49;504.49;504.49;504.47;0
1994-05-31;501.79;501.79;501.79;501.79;501.77;0
1994-06-01;494.33;494.33;494.33;494.33;494.311;0
1994-06-02;487.11;487.11;487.11;487.11;487.091;0
1994-06-03;486.73;486.73;486.73;486.73;486.711;0
1994-06-06;486.53;486.53;486.53;486.53;486.511;0
1994-06-07;486.11;486.11;486.11;486.11;486.091;0
1994-06-08;484.9;484.9;484.9;484.9;484.881;0
1994-06-09;484.9;484.9;484.9;484.9;484.881;0
1994-06-10;483.05;483.05;483.05;483.05;483.031;0
1994-06-13;483.02;483.02;483.02;483.02;483.001;0
1994-06-14;482.35;482.35;482.35;482.35;482.331;0
1994-06-15;482.09;482.09;482.09;482.09;482.071;0
1994-06-16;477.13;477.13;477.13;477.13;477.111;0
1994-06-17;476.55;476.55;476.55;476.55;476.531;0
1994-06-20;475.73;475.73;475.73;475.73;475.711;0
1994-06-21;475.24;475.24;475.24;475.24;475.221;0
1994-06-22;473.13;473.13;473.13;473.13;473.112;0
1994-06-23;470.96;470.96;470.96;470.96;470.942;0
1994-06-24;468.87;468.87;468.87;468.87;468.852;0
1994-06-27;464.39;464.39;464.39;464.39;464.372;0
1994-06-28;462.41;462.41;462.41;462.41;462.392;0
1994-06-29;457.74;457.74;457.74;457.74;457.722;0
1994-06-30;457.3;457.3;457.3;457.3;457.282;0
1994-07-01;458.74;458.74;458.74;458.74;458.722;0
1994-07-04;458.37;458.37;458.37;458.37;458.352;0
1994-07-05;456.76;456.76;456.76;456.76;456.742;0
1994-07-06;453.69;453.69;453.69;453.69;453.672;0
1994-07-07;454.1;454.1;454.1;454.1;454.082;0
1994-07-08;452.2;452.2;452.2;452.2;452.182;0
1994-07-11;450.45;450.45;450.45;450.45;450.432;0
1994-07-12;449.72;449.72;449.72;449.72;449.703;0
1994-07-13;453.21;453.21;453.21;453.21;453.192;0
1994-07-14;460.29;460.29;460.29;460.29;460.272;0
1994-07-15;461.78;461.78;461.78;461.78;461.762;0
1994-07-18;462.48;462.48;462.48;462.48;462.462;0
1994-07-19;460.64;460.64;460.64;460.64;460.622;0
1994-07-20;462.54;462.54;462.54;462.54;462.522;0
1994-07-21;461.14;461.14;461.14;461.14;461.122;0
1994-07-22;459.07;459.07;459.07;459.07;459.052;0
1994-07-25;455.12;455.12;455.12;455.12;455.102;0
1994-07-26;454.36;454.36;454.36;454.36;454.342;0
1994-07-27;453.37;453.37;453.37;453.37;453.352;0
1994-07-28;452.97;452.97;452.97;452.97;452.952;0
1994-07-29;451.08;451.08;451.08;451.08;451.062;0
1994-08-01;452.72;452.72;452.72;452.72;452.702;0
1994-08-02;459.24;459.24;459.24;459.24;459.222;0
1994-08-03;464.85;464.85;464.85;464.85;464.832;0
1994-08-04;468.73;468.73;468.73;468.73;468.712;0
1994-08-05;472.8;472.8;472.8;472.8;472.782;0
1994-08-08;472.41;472.41;472.41;472.41;472.392;0
1994-08-09;469.92;469.92;469.92;469.92;469.902;0
1994-08-10;471.69;471.69;471.69;471.69;471.672;0
1994-08-11;473.53;473.53;473.53;473.53;473.512;0
1994-08-12;475;475;475;475;474.982;0
1994-08-15;478.03;478.03;478.03;478.03;478.011;0
1994-08-16;483.6;483.6;483.6;483.6;483.581;0
1994-08-18;492.876;492.876;492.876;492.876;492.857;0
1994-08-19;492.21;492.21;492.21;492.21;492.191;0
1994-08-22;492.42;492.42;492.42;492.42;492.401;0
1994-08-23;496.43;496.43;496.43;496.43;496.411;0
1994-08-24;498.54;498.54;498.54;498.54;498.521;0
1994-08-25;502.96;502.96;502.96;502.96;502.94;0
1994-08-26;505.33;505.33;505.33;505.33;505.31;0
1994-08-29;507.76;507.76;507.76;507.76;507.74;0
1994-08-30;509.09;509.09;509.09;509.09;509.07;0
1994-08-31;510.26;510.26;510.26;510.26;510.24;0
1994-09-01;512.71;512.71;512.71;512.71;512.69;0
1994-09-02;515.56;515.56;515.56;515.56;515.54;0
1994-09-05;519.42;519.42;519.42;519.42;519.4;0
1994-09-06;524.5;524.5;524.5;524.5;524.48;0
1994-09-07;532.05;532.05;532.05;532.05;532.029;0
1994-09-08;532.84;532.84;532.84;532.84;532.819;0
1994-09-09;532.36;532.36;532.36;532.36;532.339;0
1994-09-12;521.24;521.24;521.24;521.24;521.22;0
1994-09-13;515.7;515.7;515.7;515.7;515.68;0
1994-09-14;520.31;520.31;520.31;520.31;520.29;0
1994-09-15;522.03;522.03;522.03;522.03;522.01;0
1994-09-16;525.63;525.63;525.63;525.63;525.609;0
1994-09-19;522.05;522.05;522.05;522.05;522.03;0
1994-09-20;521.72;521.72;521.72;521.72;521.7;0
1994-09-21;517.08;517.08;517.08;517.08;517.06;0
1994-09-22;513.16;513.16;513.16;513.16;513.14;0
1994-09-23;512.57;512.57;512.57;512.57;512.55;0
1994-09-26;510.19;510.19;510.19;510.19;510.17;0
1994-09-27;507.24;507.24;507.24;507.24;507.22;0
1994-09-28;502.13;502.13;502.13;502.13;502.11;0
1994-09-29;497.24;497.24;497.24;497.24;497.221;0
1994-09-30;497.97;497.97;497.97;497.97;497.951;0
1994-10-03;497.9;497.9;497.9;497.9;497.881;0
1994-10-04;500.72;500.72;500.72;500.72;500.701;0
1994-10-05;503.64;503.64;503.64;503.64;503.62;0
1994-10-06;511.46;511.46;511.46;511.46;511.44;0
1994-10-07;515.05;515.05;515.05;515.05;515.03;0
1994-10-10;511.86;511.86;511.86;511.86;511.84;0
1994-10-11;512.38;512.38;512.38;512.38;512.36;0
1994-10-12;511.42;511.42;511.42;511.42;511.4;0
1994-10-13;507.18;507.18;507.18;507.18;507.16;0
1994-10-14;510.34;510.34;510.34;510.34;510.32;0
1994-10-17;511.34;511.34;511.34;511.34;511.32;0
1994-10-18;510.63;510.63;510.63;510.63;510.61;0
1994-10-19;518.97;518.97;518.97;518.97;518.95;0
1994-10-20;518.76;518.76;518.76;518.76;518.74;0
1994-10-21;514.97;514.97;514.97;514.97;514.95;0
1994-10-24;512.48;512.48;512.48;512.48;512.46;0
1994-10-25;514.53;514.53;514.53;514.53;514.51;0
1994-10-26;516.32;516.32;516.32;516.32;516.3;0
1994-10-27;517.85;517.85;517.85;517.85;517.83;0
1994-10-28;516.41;516.41;516.41;516.41;516.39;0
1994-10-31;523.49;523.49;523.49;523.49;523.47;0
1994-11-01;524.65;524.65;524.65;524.65;524.63;0
1994-11-02;524.09;524.09;524.09;524.09;524.07;0
1994-11-03;522.84;522.84;522.84;522.84;522.82;0
1994-11-04;520.59;520.59;520.59;520.59;520.57;0
1994-11-07;517.79;517.79;517.79;517.79;517.77;0
1994-11-08;515.8;515.8;515.8;515.8;515.78;0
1994-11-09;515.12;515.12;515.12;515.12;515.1;0
1994-11-10;513.91;513.91;513.91;513.91;513.89;0
1994-11-11;513.38;513.38;513.38;513.38;513.36;0
1994-11-16;514.14;514.14;514.14;514.14;514.12;0
1994-11-17;512.46;512.46;512.46;512.46;512.44;0
1994-11-18;509.84;509.84;509.84;509.84;509.82;0
1994-11-21;506.66;506.66;506.66;506.66;506.64;0
1994-11-22;498.66;498.66;498.66;498.66;498.641;0
1994-11-23;482.01;482.01;482.01;482.01;481.991;0
1994-11-24;488.5;488.5;488.5;488.5;488.481;0
1994-11-25;487.57;487.57;487.57;487.57;487.551;0
1994-11-28;486.84;486.84;486.84;486.84;486.821;0
1994-11-29;485.42;485.42;485.42;485.42;485.401;0
1994-11-30;482.63;482.63;482.63;482.63;482.611;0
1994-12-01;482.13;482.13;482.13;482.13;482.111;0
1994-12-02;471.05;471.05;471.05;471.05;471.032;0
1994-12-05;470.59;470.59;470.59;470.59;470.572;0
1994-12-06;466.39;466.39;466.39;466.39;466.372;0
1994-12-07;462.33;462.33;462.33;462.33;462.312;0
1994-12-08;461.2;461.2;461.2;461.2;461.182;0
1994-12-09;454.08;454.08;454.08;454.08;454.062;0
1994-12-12;447.76;447.76;447.76;447.76;447.743;0
1994-12-13;447.04;447.04;447.04;447.04;447.023;0
1994-12-14;453.37;453.37;453.37;453.37;453.352;0
1994-12-15;458.93;458.93;458.93;458.93;458.912;0
1994-12-16;458.78;458.78;458.78;458.78;458.762;0
1994-12-19;459.39;459.39;459.39;459.39;459.372;0
1994-12-20;462.78;462.78;462.78;462.78;462.762;0
1994-12-21;466.4;466.4;466.4;466.4;466.382;0
1994-12-22;469.29;469.29;469.29;469.29;469.272;0
1994-12-23;466.73;466.73;466.73;466.73;466.712;0
1994-12-26;466.27;466.27;466.27;466.27;466.252;0
1994-12-27;466.15;466.15;466.15;466.15;466.132;0
1994-12-28;469.64;469.64;469.64;469.64;469.622;0
1995-01-02;470.14;470.14;470.14;470.14;470.122;0
1995-01-03;472.38;472.38;472.38;472.38;472.362;0
1995-01-04;474.49;474.49;474.49;474.49;474.472;0
1995-01-05;477.82;477.82;477.82;477.82;477.801;0
1995-01-06;481.22;481.22;481.22;481.22;481.201;0
1995-01-09;477.04;477.04;477.04;477.04;477.021;0
1995-01-10;468.69;468.69;468.69;468.69;468.672;0
1995-01-11;461.4;461.4;461.4;461.4;461.382;0
1995-01-12;452.69;452.69;452.69;452.69;452.672;0
1995-01-13;441.87;441.87;441.87;441.87;441.853;0
1995-01-16;447.3;447.3;447.3;447.3;447.283;0
1995-01-17;449.1;449.1;449.1;449.1;449.083;0
1995-01-18;449.84;449.84;449.84;449.84;449.822;0
1995-01-19;451.79;451.79;451.79;451.79;451.772;0
1995-01-20;446.08;446.08;446.08;446.08;446.063;0
1995-01-23;436.16;436.16;436.16;436.16;436.143;0
1995-01-24;435.46;435.46;435.46;435.46;435.443;0
1995-01-25;432.96;432.96;432.96;432.96;432.943;0
1995-01-26;434.46;434.46;434.46;434.46;434.443;0
1995-01-27;437.15;437.15;437.15;437.15;437.133;0
1995-01-30;437.26;437.26;437.26;437.26;437.243;0
1995-01-31;433.83;433.83;433.83;433.83;433.813;0
1995-02-01;434.65;434.65;434.65;434.65;434.633;0
1995-02-02;440.5;440.5;440.5;440.5;440.483;0
1995-02-03;445.38;445.38;445.38;445.38;445.363;0
1995-02-06;453.14;453.14;453.14;453.14;453.122;0
1995-02-07;457.33;457.33;457.33;457.33;457.312;0
1995-02-08;451.95;451.95;451.95;451.95;451.932;0
1995-02-09;450.83;450.83;450.83;450.83;450.812;0
1995-02-10;453.31;453.31;453.31;453.31;453.292;0
1995-02-13;455.7;455.7;455.7;455.7;455.682;0
1995-02-14;454.1;454.1;454.1;454.1;454.082;0
1995-02-15;456.45;456.45;456.45;456.45;456.432;0
1995-02-16;455.59;455.59;455.59;455.59;455.572;0
1995-02-17;453.14;453.14;453.14;453.14;453.122;0
1995-02-20;454.03;454.03;454.03;454.03;454.012;0
1995-02-21;455.83;455.83;455.83;455.83;455.812;0
1995-02-22;454.89;454.89;454.89;454.89;454.872;0
1995-02-23;454.4;454.4;454.4;454.4;454.382;0
1995-02-24;454.69;454.69;454.69;454.69;454.672;0
1995-02-27;452.57;452.57;452.57;452.57;452.552;0
1995-02-28;453.58;453.58;453.58;453.58;453.562;0
1995-03-01;452.88;452.88;452.88;452.88;452.862;0
1995-03-07;447.22;447.22;447.22;447.22;447.203;0
1995-03-08;437.3;437.3;437.3;437.3;437.283;0
1995-03-09;437.5;437.5;437.5;437.5;437.483;0
1995-03-10;432.73;432.73;432.73;432.73;432.713;0
1995-03-13;429.94;429.94;429.94;429.94;429.923;0
1995-03-14;425.22;425.22;425.22;425.22;425.203;0
1995-03-15;428.67;428.67;428.67;428.67;428.653;0
1995-03-16;427.2;427.2;427.2;427.2;427.183;0
1995-03-17;426.67;426.67;426.67;426.67;426.653;0
1995-03-20;426.94;426.94;426.94;426.94;426.923;0
1995-03-21;427.19;427.19;427.19;427.19;427.173;0
1995-03-22;425.92;425.92;425.92;425.92;425.903;0
1995-03-23;426.25;426.25;426.25;426.25;426.233;0
1995-03-24;422.13;422.13;422.13;422.13;422.114;0
1995-03-27;423.59;423.59;423.59;423.59;423.574;0
1995-03-28;426.08;426.08;426.08;426.08;426.063;0
1995-03-29;428.92;428.92;428.92;428.92;428.903;0
1995-03-30;428.64;428.64;428.64;428.64;428.623;0
1995-04-03;424.49;424.49;424.49;424.49;424.473;0
1995-04-04;425.2;425.2;425.2;425.2;425.183;0
1995-04-05;428.55;428.55;428.55;428.55;428.533;0
1995-04-06;430.85;430.85;430.85;430.85;430.833;0
1995-04-07;428.99;428.99;428.99;428.99;428.973;0
1995-04-10;426.12;426.12;426.12;426.12;426.103;0
1995-04-11;424.09;424.09;424.09;424.09;424.073;0
1995-04-12;420;420;420;420;419.984;0
1995-04-13;419.45;419.45;419.45;419.45;419.434;0
1995-04-17;417.84;417.84;417.84;417.84;417.824;0
1995-04-18;414.96;414.96;414.96;414.96;414.944;0
1995-04-19;414.21;414.21;414.21;414.21;414.194;0
1995-04-20;414.41;414.41;414.41;414.41;414.394;0
1995-04-21;419.52;419.52;419.52;419.52;419.504;0
1995-04-24;420.19;420.19;420.19;420.19;420.174;0
1995-04-25;421.78;421.78;421.78;421.78;421.764;0
1995-04-26;419.6;419.6;419.6;419.6;419.584;0
1995-04-27;417.81;417.81;417.81;417.81;417.794;0
1995-04-28;416.45;416.45;416.45;416.45;416.434;0
1995-05-01;415.32;415.32;415.32;415.32;415.304;0
1995-05-02;420.16;420.16;420.16;420.16;420.144;0
1995-05-03;423.39;423.39;423.39;423.39;423.374;0
1995-05-04;424.32;424.32;424.32;424.32;424.303;0
1995-05-05;427.01;427.01;427.01;427.01;426.993;0
1995-05-08;428.53;428.53;428.53;428.53;428.513;0
1995-05-09;434.29;434.29;434.29;434.29;434.273;0
1995-05-11;459.55;459.55;459.55;459.55;459.532;0
1995-05-12;461.53;461.53;461.53;461.53;461.512;785200
1995-05-16;463.5;463.5;463.5;463.5;463.482;0
1995-05-17;464.6;464.6;464.6;464.6;464.582;0
1995-05-18;457.84;457.84;457.84;457.84;457.822;0
1995-05-19;458.71;458.71;458.71;458.71;458.692;0
1995-05-22;461.39;461.39;461.39;461.39;461.372;0
1995-05-23;470.77;470.77;470.77;470.77;470.752;0
1995-05-24;474.83;474.83;474.83;474.83;474.811;0
1995-05-26;473.69;473.69;473.69;473.69;473.672;0
1995-05-29;472.76;472.76;472.76;472.76;472.742;0
1995-05-30;475.28;475.28;475.28;475.28;475.262;0
1995-06-01;475.33;485.78;475.33;485.78;485.761;592400
1995-06-02;493.15;493.15;493.15;493.15;493.131;0
1995-06-05;497.26;497.26;497.26;497.26;497.241;0
1995-06-06;496.61;499.16;491.27;494.68;494.661;497000
1995-06-07;494.62;496.22;494.06;495.51;495.491;309100
1995-06-08;495.51;495.68;488.99;489.09;489.071;230900
1995-06-09;489.14;491.75;489.14;491.75;491.731;365400
1995-06-12;491.59;491.68;484.3;487.31;487.291;208200
1995-06-13;487.34;489.07;486.13;488.29;488.271;233800
1995-06-14;488.33;490.36;488.33;489.32;489.301;228900
1995-06-15;489.37;489.58;486.76;487.27;487.251;244900
1995-06-16;487.48;488.04;485.29;486.04;486.021;281700
1995-06-19;486.74;486.81;483.25;485.4;485.381;114100
1995-06-20;484.89;487.95;484.89;487.95;487.931;186700
1995-06-21;487.99;488.14;485.94;486.37;486.351;631500
1995-06-22;486.38;490.25;486.38;490.25;490.231;361600
1995-06-23;490.48;492.21;489.56;491.66;491.641;526200
1995-06-26;491.73;491.75;489.15;489.81;489.791;602300
1995-06-27;489.97;489.99;487.91;489.64;489.621;545400
1995-06-28;489.35;489.35;489.35;489.35;489.331;465400
1995-06-29;489.4;491.84;489.12;491.84;491.821;367100
1995-06-30;491.49;492.28;490.07;492.28;492.261;394400
1995-07-03;492.34;492.48;488.47;492.08;492.061;361000
1995-07-04;492.25;493.75;491.15;493.43;493.411;283800
1995-07-05;489.59;499.04;489.59;498.59;498.571;366900
1995-07-06;498.61;501.93;498.6;499.48;499.461;358100
1995-07-07;499.48;509.14;499.48;509.14;509.12;388000
1995-07-10;509.27;512.82;509.27;510.49;510.47;717200
1995-07-11;510.57;510.61;506.14;507.51;507.49;286000
1995-07-12;507.19;507.62;506.59;507.23;507.21;231700
1995-07-13;507.23;509.93;507.23;509.54;509.52;692500
1995-07-14;509.54;509.88;506.88;508.26;508.24;388800
1995-07-17;510.78;512.56;510.51;511.87;511.85;2266900
1995-07-18;511.87;512.56;508.98;509.95;509.93;788900
1995-07-19;509.95;509.95;503.79;504.5;504.48;369300
1995-07-20;505.35;507.43;502.23;507.43;507.41;509100
1995-07-21;507.53;512.3;507.43;510.93;510.91;379500
1995-07-24;511.05;511.92;508.45;509.53;509.51;204600
1995-07-25;509.55;510.77;507.89;508.94;508.92;299500
1995-07-26;508.92;509.94;502.39;509.94;509.92;260300
1995-07-27;510.04;510.73;508.42;510.73;510.71;356600
1995-07-28;510.77;512.68;510.77;512.51;512.49;248800
1995-07-31;512.51;512.56;510.49;512.06;512.04;1211400
1995-08-01;512.1;512.25;507.36;511.41;511.39;578500
1995-08-02;511.39;513.33;510.86;513.08;513.06;307300
1995-08-03;513.08;515.58;512.48;512.58;512.56;402500
1995-08-04;512.58;513.01;508.91;510.13;510.11;363500
1995-08-07;514.13;516.39;514.13;515.74;515.72;301700
1995-08-08;515.93;517.44;513;513.61;513.59;517300
1995-08-10;517.54;517.78;513.65;515;514.98;470000
1995-08-11;515;519.4;515;519.18;519.16;393200
1995-08-14;519.41;519.53;514.77;515.93;515.91;424600
1995-08-15;516.01;516.88;513.47;515.01;514.99;465900
1995-08-16;515.01;515.01;510.39;510.39;510.37;259200
1995-08-18;510.39;510.47;498.77;500.65;500.63;320000
1995-08-21;500.57;500.77;493.2;498.034;498.015;286000
1995-08-22;498.07;500.65;498.07;499.1;499.081;521700
1995-08-23;499.11;502.07;499.11;502.07;502.05;265300
1995-08-24;502.1;502.39;498.89;500.34;500.321;244300
1995-08-25;500.34;501.02;499.92;500.6;500.581;272200
1995-08-28;500.61;501.17;499.86;501.17;501.151;158000
1995-08-29;501.18;504.01;501.18;504.01;503.99;443300
1995-08-30;504.03;506.92;504.03;506.79;506.77;437400
1995-08-31;506.79;507.1;499.72;500.75;500.73;412500
1995-09-01;500.58;501.78;500.13;501.78;501.76;307200
1995-09-04;502;502.6;499.81;500.54;500.521;327200
1995-09-05;500.51;500.54;495.66;496.6;496.581;188200
1995-09-06;496.67;496.84;492.77;493.15;493.131;334300
1995-09-07;493.16;493.16;490.59;491.44;491.421;400600
1995-09-08;491.44;491.67;489.01;490;489.981;394400
1995-09-11;490;490;481.96;485.44;485.421;337800
1995-09-12;485.45;488;485.12;488;487.981;277000
1995-09-13;488.02;493.68;488.02;493.68;493.661;454500
1995-09-14;493.68;495.42;493.48;495.42;495.401;1198900
1995-09-15;495.43;497.45;495.23;495.32;495.301;462300
1995-09-18;495.32;495.65;493.47;494.21;494.191;262600
1995-09-19;494.21;494.59;493.11;493.18;493.161;246000
1995-09-20;493.8;493.8;491.86;492.95;492.931;287400
1995-09-21;492.95;494.11;492.53;493.6;493.581;354800
1995-09-22;493.6;494.02;491.52;492.81;492.791;291000
1995-09-25;492.81;493.55;491.93;493.55;493.531;308500
1995-09-26;493.54;494.38;491.84;493.06;493.041;397800
1995-09-27;493.06;493.18;489.59;490.21;490.191;492400
1995-09-28;490.21;491.94;488.24;491.94;491.921;657400
1995-09-29;491.94;494.25;490.21;493.24;493.221;610700
1995-10-02;493.24;493.83;490.2;490.56;490.541;518000
1995-10-03;490.56;490.69;486.27;487.8;487.781;381600
1995-10-04;487.96;492.65;487.96;492.65;492.631;360000
1995-10-05;492.65;495.01;492.65;495.01;494.991;353100
1995-10-06;495.01;496.39;494.92;496.29;496.271;281900
1995-10-09;496.29;496.73;494.32;496.73;496.711;262400
1995-10-10;496.73;497.18;494.68;495.99;495.971;253400
1995-10-11;495.99;496.86;494.93;496.28;496.261;253500
1995-10-12;496.28;496.44;494.01;495.42;495.401;548700
1995-10-13;495.42;496.56;495.16;496.56;496.541;485100
1995-10-16;496.56;496.88;495.35;496.01;495.991;496400
1995-10-17;496.01;499.25;496.01;499.25;499.231;373300
1995-10-18;499.25;500.18;497.62;499.48;499.461;408900
1995-10-19;501.62;501.62;501.62;501.62;501.6;733600
1995-10-20;501.62;502.41;499.21;500.44;500.421;685000
1995-10-23;500.44;500.75;497.95;498.96;498.941;309500
1995-10-24;498.96;499.01;496.68;498.02;498.001;405600
1995-10-25;497.81;498.14;496.6;497.18;497.161;328600
1995-10-26;497.18;497.51;496.29;497.15;497.131;375500
1995-10-27;497.15;497.34;493.14;494.47;494.451;274700
1995-10-30;494.47;494.49;489.98;490.81;490.791;278000
1995-10-31;490.81;490.82;487.17;488.45;488.431;615800
1995-11-01;488.5;488.9;486.8;487.99;487.971;258600
1995-11-02;488.01;488.38;484.75;486.48;486.461;370900
1995-11-03;486.48;488.32;486.48;488.32;488.301;282400
1995-11-06;488.32;489.93;488.11;489.02;489.001;305000
1995-11-07;489.02;490.64;488.7;489.91;489.891;340200
1995-11-08;489.91;490.27;486.37;487.46;487.441;670100
1995-11-09;487.46;487.77;480.91;481.41;481.391;488700
1995-11-10;481.41;481.59;468.26;474.59;474.572;496900
1995-11-13;474.59;474.6;465.91;467.35;467.332;370100
1995-11-14;467.35;471.63;466.08;469.29;469.272;2117000
1995-11-15;469.29;469.46;459.19;460.81;460.792;1106300
1995-11-16;460.81;461.6;458.09;459.9;459.882;1057800
1995-11-17;459.9;460.27;455.5;456.34;456.322;916200
1995-11-20;456.34;456.34;450.94;453.13;453.112;548700
1995-11-21;453.13;454.05;450.9;454.05;454.032;606400
1995-11-22;454.16;459.42;454.16;458.75;458.732;703100
1995-11-23;458.75;469.61;458.75;469.61;469.592;891500
1995-11-24;469.61;471.08;467.12;468.93;468.912;455500
1995-11-27;470.08;472.93;469.47;472.93;472.912;446900
1995-11-28;472.93;475.93;471.85;473.77;473.752;549200
1995-11-29;473.77;478.63;472.75;478.63;478.611;542500
1995-11-30;478.63;482.48;478.63;481.73;481.711;593300
1995-12-01;481.73;490.44;481.73;486.72;486.701;884600
1995-12-04;487.52;493.92;487.52;493.92;493.901;808300
1995-12-05;493.92;500;493.92;496.78;496.761;1070000
1995-12-06;496.78;496.98;494.75;496.23;496.211;673000
1995-12-07;496.23;503.35;496.23;502.62;502.6;807400
1995-12-08;502.62;510.44;502.62;506.12;506.1;739200
1995-12-11;506.91;507.94;497.23;500;499.981;509800
1995-12-12;500;500.01;494.89;496.98;496.961;333500
1995-12-13;496.98;496.98;488.42;491.62;491.601;670800
1995-12-14;491.63;491.65;488.47;489.96;489.941;505600
1995-12-15;489.96;492.33;489.66;492.33;492.311;346600
1995-12-18;492.33;493.94;492.05;493.41;493.391;362800
1995-12-19;492.6;493.41;488.9;491.74;491.721;715300
1995-12-21;492.06;505.15;492.06;504.98;504.96;840000
1995-12-22;506.58;513.29;506.58;512.79;512.77;622800
1995-12-26;512.81;515.65;512.7;515.65;515.63;212600
1995-12-27;515.65;516.24;511.46;512.87;512.85;438200
1995-12-28;512.87;513.85;510.57;513.85;513.83;2595700
1996-01-02;513.85;513.98;510.66;512.48;512.46;196100
1996-01-03;512.48;520.9;512.48;519.84;519.82;467800
1996-01-04;519.84;533.26;519.84;532.8;532.779;708800
1996-01-05;532.8;534.24;527.3;533.28;533.259;451700
1996-01-08;533.28;535.13;531.98;533.1;533.079;443400
1996-01-09;533.1;534.37;529.75;530.81;530.789;520800
1996-01-10;526.3;528.64;526.3;528.64;528.619;848300
1996-01-11;527.05;533.78;526.37;533.78;533.759;551000
1996-01-12;536.3;551.15;536.3;550.99;550.969;950600
1996-01-15;551.78;563.9;551.78;563.9;563.878;891500
1996-01-16;565.48;566.41;555.86;558.43;558.408;828400
1996-01-17;558.47;559.63;556.32;557.01;556.988;546500
1996-01-18;557.02;560.04;557;557.71;557.688;539900
1996-01-19;557.71;563.52;557.71;562.35;562.328;606100
1996-01-22;562.35;573.95;562.35;571.32;571.298;659700
1996-01-23;571.39;574.71;571.39;574.3;574.278;838800
1996-01-24;574.53;575.27;569.17;569.96;569.938;1218300
1996-01-25;569.96;572.91;569.74;570.13;570.108;1524300
1996-01-26;570.05;570.46;566.44;566.86;566.838;814600
1996-01-29;566.73;570.07;564.55;565.785;565.763;504000
1996-01-30;565.84;569.17;563.59;569.17;569.148;905800
1996-01-31;569.17;579.74;569.17;578.56;578.537;1217100
1996-02-01;579.11;586.45;579.11;581.06;581.037;1396400
1996-02-02;583.61;587.57;583.61;587.57;587.547;1280300
1996-02-05;587.53;591.14;587.53;591.14;591.117;1505600
1996-02-06;591.92;595.74;590.64;592.92;592.897;1212200
1996-02-07;592.81;596.55;589.76;591.36;591.337;823500
1996-02-08;591.36;592.65;590.4;592.65;592.627;822600
1996-02-09;592.65;593.04;576.41;581.01;580.987;880200
1996-02-12;580.999;581.01;575.92;577.475;577.453;974700
1996-02-13;578.258;585.563;578.258;584.821;584.798;674100
1996-02-14;585.598;590.324;585.598;590.2;590.177;940500
1996-02-15;590.256;593.609;588.7;590.766;590.743;664000
1996-02-16;589.29;595.527;589.29;595.527;595.504;874400
1996-02-26;593.127;595.097;589.267;594.205;594.182;906200
1996-02-27;594.205;599.588;592.903;597.36;597.337;802700
1996-02-28;597.517;601.97;593.68;595.276;595.253;739500
1996-02-29;595.276;595.404;584.889;585.209;585.186;971100
1996-03-01;585.209;589.113;580.24;589.113;589.09;609500
1996-03-04;589.113;592.999;589.113;592.047;592.024;715000
1996-03-05;592.027;593.582;588.232;591.483;591.46;834100
1996-03-06;591.87;591.87;586.519;587.874;587.851;733300
1996-03-07;588.007;588.576;581.221;581.544;581.521;975300
1996-03-08;581.535;581.544;565.947;568.098;568.076;876700
1996-03-11;568.034;568.034;541.101;544.539;544.518;664200
1996-03-12;546.947;565.371;546.947;560.862;560.84;812700
1996-03-13;560.795;561.574;557.867;560.129;560.107;599800
1996-03-14;560.181;570.398;560.181;569.907;569.885;928100
1996-03-15;572.286;576.916;572.286;576.79;576.768;961700
1996-03-18;578.396;578.855;575.968;578.855;578.832;657000
1996-03-19;578.913;587.346;578.913;587.346;587.323;958600
1996-03-20;587.325;587.374;582.973;585.979;585.956;1075400
1996-03-22;585.979;587.012;584.073;586.022;585.999;794600
1996-03-25;586.022;587.208;584.313;585.927;585.904;721000
1996-03-26;586.009;587.719;585.193;585.883;585.86;677300
1996-03-27;585.93;588.924;585.414;587.066;587.043;1013600
1996-03-28;587.225;587.681;584.199;585.705;585.682;2211800
1996-04-01;585.694;588.844;585.694;587.604;587.581;1018500
1996-04-02;587.673;590.122;587.477;588.273;588.25;1046200
1996-04-03;589.9;595.867;589.9;595.064;595.041;1172800
1996-04-04;595.064;605.087;595.064;605.087;605.063;1008600
1996-04-08;605.087;606.243;597.595;597.643;597.62;640800
1996-04-09;597.643;597.923;594.916;597.353;597.33;1118500
1996-04-10;597.353;604.991;597.353;603.936;603.912;1427800
1996-04-11;604.932;606.466;602.47;605.337;605.313;1190600
1996-04-12;605.337;607.05;604.319;607.05;607.026;975200
1996-04-15;607.103;612.996;607.103;612.996;612.972;900800
1996-04-16;612.914;621.08;612.914;619.261;619.237;1327800
1996-04-17;619.261;625.277;619.261;624.17;624.146;1313200
1996-04-18;622.566;622.566;620.506;620.974;620.95;904200
1996-04-19;621.017;624.534;621.017;624.534;624.51;1179400
1996-04-22;624.534;628.386;624.534;628.386;628.362;1422800
1996-04-23;628.523;631.407;627.44;627.829;627.805;1546000
1996-04-24;627.843;630.595;627.448;630.219;630.195;1255000
1996-04-25;630.219;630.845;624.174;625.38;625.356;1636700
1996-04-26;625.38;628.241;624.554;628.241;628.217;1299900
1996-04-29;628.292;628.292;622.812;625.326;625.302;491900
1996-04-30;625.326;627.022;622.892;623.909;623.885;557100
1996-05-01;624.007;629.472;624.007;629.472;629.448;596500
1996-05-02;629.558;629.644;621.915;622.863;622.839;873000
1996-05-03;618.208;618.208;605.994;608.121;608.097;712200
1996-05-06;608.121;608.121;598.398;599.672;599.649;984400
1996-05-07;599.755;613.84;599.755;613.84;613.816;1323800
1996-05-08;613.84;617.481;613.581;615.525;615.501;1155300
1996-05-09;615.525;621.021;615.207;620.272;620.248;1174800
1996-05-10;620.272;620.732;618.33;619.28;619.256;655300
1996-05-13;619.311;625.633;619.167;621.494;621.47;598900
1996-05-14;621.494;621.577;618.023;618.023;617.999;691000
1996-05-15;618.023;620.95;616.933;619.837;619.813;660900
1996-05-17;619.922;621.807;619.026;621.398;621.374;1133600
1996-05-20;621.398;621.714;616.176;617.692;617.668;438600
1996-05-21;616.884;617.294;613.345;617.294;617.27;614300
1996-05-22;618.063;619.068;616.036;616.391;616.367;718700
1996-05-23;616.391;618.491;615.774;617.32;617.296;727500
1996-05-24;617.32;618.307;616.051;618.061;618.037;939400
1996-05-27;618.061;620.891;618.061;620.668;620.644;508700
1996-05-28;620.679;621.976;619.218;620.986;620.962;1009800
1996-05-29;621.242;622.485;620.085;622.485;622.461;806300
1996-05-30;622.552;622.915;616.698;617.242;617.218;770900
1996-05-31;617.326;618.293;616.719;617.466;617.442;570400
1996-06-03;617.435;629.863;617.435;624.477;624.453;661300
1996-06-04;624.567;625.157;614.435;615.919;615.895;803800
1996-06-05;615.966;616.978;612.047;616.078;616.054;1180100
1996-06-06;616.103;617.946;612.594;613.219;613.195;659100
1996-06-07;613.24;613.958;610.582;612.766;612.742;670500
1996-06-10;612.766;613.471;609.02;611.692;611.668;455100
1996-06-11;611.637;613.315;606.526;608.528;608.504;661100
1996-06-12;608.528;608.607;596.06;596.097;596.074;913700
1996-06-13;595.366;596.097;579.694;581.527;581.504;871900
1996-06-14;581.623;592.521;577.891;592.362;592.339;954900
1996-06-17;592.327;596.056;589.067;590.734;590.711;666600
1996-06-18;590.836;591.521;584.67;588.232;588.209;821600
1996-06-19;588.232;588.43;581.232;583.175;583.152;684200
1996-06-20;583.171;583.992;577.194;580.674;580.651;719800
1996-06-21;580.51;580.51;569.543;572.85;572.828;668500
1996-06-24;572.978;578.773;572.978;578.773;578.75;985600
1996-06-25;578.773;586.534;578.773;584.207;584.184;767700
1996-06-26;584.207;596.611;584.207;592.785;592.762;816700
1996-06-27;592.785;594.359;588.679;592.038;592.015;1419900
1996-06-28;592.382;594.259;591.588;594.259;594.236;2350000
1996-07-01;594.467;597.422;594.308;596.281;596.258;940800
1996-07-02;596.274;596.33;592.681;594.408;594.385;839700
1996-07-03;594.408;595.015;593.359;594.071;594.048;1416100
1996-07-04;594.071;595.295;584.498;588.612;588.589;1193300
1996-07-05;588.612;588.951;572.442;575.05;575.028;1272800
1996-07-08;575.043;575.043;566.863;573.832;573.81;705300
1996-07-09;573.832;579.599;573.832;574.89;574.868;1016900
1996-07-10;574.89;579.516;574.89;577.956;577.934;1041300
1996-07-11;577.956;581.398;577.956;579.691;579.668;1208800
1996-07-12;579.694;579.947;578.242;579.947;579.924;746100
1996-07-15;579.204;579.402;576.997;579.011;578.988;866700
1996-07-16;578.798;578.798;571.901;573.327;573.305;988000
1996-07-17;573.327;577.824;573.327;576.266;576.244;1387200
1996-07-18;576.266;579.317;575.773;576.329;576.307;1216100
1996-07-19;576.486;581.14;576.486;580.074;580.051;1473000
1996-07-22;580.331;582.908;578.114;579.763;579.74;1577100
1996-07-23;579.766;579.875;575.032;578.185;578.162;1525800
1996-07-24;578.185;579.186;571.069;571.726;571.704;1932700
1996-07-25;572.119;572.707;568.447;568.447;568.425;1924200
1996-07-26;568.716;569.369;560.123;561.309;561.287;978000
1996-07-29;561.321;561.321;527.768;540.738;540.717;1750800
1996-07-30;541.085;543.191;531.273;533.481;533.46;1332000
1996-07-31;533.26;537.967;533.26;536.029;536.008;1025700
1996-08-01;536.123;549.289;536.029;548.936;548.915;1132000
1996-08-02;549.029;561.939;548.936;560.962;560.94;1208200
1996-08-05;560.962;568.769;560.962;562.834;562.812;932000
1996-08-06;563.008;563.071;553.5;554.79;554.768;1322400
1996-08-07;554.724;556.114;552.002;553.943;553.921;1370200
1996-08-08;554.184;555.17;546.582;548.181;548.16;1314600
1996-08-09;547.297;547.714;545.446;547.714;547.693;859900
1996-08-12;547.714;547.798;542.879;543.945;543.924;772400
1996-08-13;543.964;544.153;536.538;537.51;537.489;760200
1996-08-14;537.644;537.644;534.157;535.9;535.879;780000
1996-08-15;535.836;536.217;530.894;532.409;532.388;933500
1996-08-16;532.599;536.731;531.957;536.731;536.71;1956700
1996-08-19;536.731;539.596;536.145;537.077;537.056;968000
1996-08-20;537.168;539.605;537.168;539.605;539.584;1120900
1996-08-21;539.605;542.776;539.605;542.201;542.18;1100800
1996-08-22;542.201;544.282;542.065;544.282;544.261;1114200
1996-08-23;544.767;549.212;544.767;549.212;549.191;1948500
1996-08-26;549.396;552.74;549.396;552.74;552.718;1464800
1996-08-27;552.822;552.906;548.283;549.52;549.499;921100
1996-08-28;549.515;550.491;547.217;548.425;548.404;1100100
1996-08-29;548.457;550.028;547.015;550.028;550.007;976300
1996-08-30;550.028;550.157;546.564;547.61;547.589;1040900
1996-09-02;547.61;550.324;543.833;545.02;544.999;939400
1996-09-03;545.046;545.382;536.412;540.541;540.52;997700
1996-09-04;540.861;546.001;540.861;546.001;545.98;1347000
1996-09-05;546.203;547.503;541.58;543.033;543.012;1210400
1996-09-06;543.033;543.751;541.943;543.751;543.73;977800
1996-09-09;543.751;544.992;540.36;542.517;542.496;1046200
1996-09-10;542.703;545.278;542.517;545.107;545.086;1167300
1996-09-11;545.509;546.27;540.983;542.72;542.699;1252200
1996-09-12;542.72;546.462;542.685;546.462;546.441;1144700
1996-09-13;546.868;549.036;546.27;549.036;549.015;1571000
1996-09-16;550.755;556.077;550.755;554.401;554.379;1141500
1996-09-17;554.401;561.942;554.401;561.942;561.92;1272600
1996-09-18;561.942;562.458;555.79;559.697;559.675;946900
1996-09-19;559.966;565.564;559.42;565.564;565.542;1439600
1996-09-20;565.622;568.994;565.622;568.994;568.972;1145200
1996-09-23;569.069;570.167;567.24;570.167;570.145;958400
1996-09-24;570.269;570.623;566.792;569.766;569.744;2235000
1996-09-25;569.758;572.286;569.605;572.286;572.264;1969100
1996-09-26;572.286;574.503;569.535;571.258;571.236;1672300
1996-09-27;572.737;573.811;570.606;573.303;573.281;1622100
1996-09-30;573.334;574.701;572.586;573.939;573.917;988600
1996-10-01;574.3;581.331;573.453;580.212;580.189;1704000
1996-10-02;580.571;589.307;580.571;589.307;589.284;4430800
1996-10-03;590.052;592.628;588.797;589.79;589.767;1783400
1996-10-04;590.2;590.546;586.227;588.349;588.326;1369600
1996-10-07;588.349;591.875;585.365;586.311;586.288;1126100
1996-10-08;586.311;586.311;573.109;574.78;574.758;1044100
1996-10-09;574.78;575.124;563.311;566.318;566.296;914300
1996-10-10;566.318;569.055;565.892;567.929;567.907;1012700
1996-10-11;567.929;571.286;567.929;571.231;571.209;1231200
1996-10-14;571.231;572.433;569.13;570.977;570.955;1144100
1996-10-15;570.977;571.485;567.551;568.59;568.568;835800
1996-10-16;568.59;568.737;564.406;565.78;565.758;898400
1996-10-17;565.78;569.122;565.471;569.122;569.1;1182400
1996-10-18;569.122;572.353;569.122;570.2;570.178;1382600
1996-10-21;570.2;572.747;569.445;572.469;572.447;879600
1996-10-22;572.504;573.669;569.477;571.807;571.785;832600
1996-10-23;573.306;576.441;571.807;575.402;575.38;1469000
1996-10-24;575.402;576.842;574.544;575.886;575.864;1458200
1996-10-25;575.933;576.084;569.882;571.335;571.313;917600
1996-10-28;571.335;571.902;565.397;567.274;567.252;872600
1996-10-29;567.274;567.834;565.361;567.754;567.732;857000
1996-10-30;567.931;568.988;566.96;568.863;568.841;846100
1996-10-31;568.863;570.263;567.543;568.029;568.007;1031500
1996-11-01;568.029;570.659;567.866;570.659;570.637;788100
1996-11-04;570.659;578.308;570.607;578.308;578.285;753500
1996-11-05;578.318;584.144;578.223;583.87;583.847;860900
1996-11-06;583.87;588.462;583.87;587.339;587.316;1114100
1996-11-07;587.346;598.066;587.346;594.593;594.57;1724600
1996-11-08;594.593;602.653;594.593;602.02;601.997;1352500
1996-11-11;602.032;604.172;600.094;601.134;601.111;1334200
1996-11-12;601.134;601.74;596.079;597.05;597.027;1111800
1996-11-13;597.366;597.505;591.9;595.494;595.471;1359200
1996-11-14;595.388;601.314;595.025;600.912;600.889;1264000
1996-11-15;600.912;616.913;600.912;616.89;616.866;1582600
1996-11-18;616.925;621.892;616.608;620.86;620.836;1755900
1996-11-19;620.86;620.951;613.381;615.207;615.183;1937400
1996-11-20;615.619;615.619;606.043;606.758;606.734;1569100
1996-11-21;607.078;607.078;601.699;602.987;602.964;1563000
1996-11-22;601.775;614.519;601.775;612.861;612.837;4620400
1996-11-25;612.861;628.237;612.861;628.237;628.213;4819300
1996-11-26;628.237;631.889;624.47;626.225;626.201;2670400
1996-11-27;626.243;626.685;618.821;620.27;620.246;2003900
1996-11-28;620.27;620.27;610.559;611.502;611.478;1375500
1996-11-29;611.462;613.824;610.685;613.013;612.989;1144400
1996-12-02;613.013;616.168;612.742;616.168;616.144;995100
1996-12-03;616.168;620.809;615.669;620.809;620.785;2444500
1996-12-04;620.809;626.269;620.738;626.269;626.245;1538600
1996-12-05;626.555;634.409;626.269;634.296;634.271;2206300
1996-12-06;638.054;638.561;617.165;628.123;628.099;3382700
1996-12-09;628.123;634.576;628.123;634.576;634.551;1621600
1996-12-10;632.843;632.843;625.537;626.678;626.654;1905100
1996-12-11;624.436;632.633;624.436;626.574;626.55;5795400
1996-12-12;626.807;630.689;625.924;627.899;627.875;2207800
1996-12-13;627.476;628.004;623.156;624.458;624.434;4439200
1996-12-16;624.64;625.721;621.833;623.614;623.59;1155500
1996-12-17;623.701;624.52;623.125;623.805;623.781;1634700
1996-12-18;623.805;630.596;623.805;629.452;629.428;2352600
1996-12-19;629.466;631.134;626.617;628.319;628.294;2494600
1996-12-20;628.85;635.345;628.85;632.524;632.499;1949200
1996-12-23;632.803;636.052;631.844;633.073;633.048;1163600
1996-12-24;633.073;633.455;629.119;632.744;632.719;1060500
1996-12-26;632.744;632.852;629.224;632.497;632.472;831200
1996-12-27;632.497;637.432;632.277;637.432;637.407;2316800
1997-01-02;637.432;638.897;634.14;638.103;638.078;1077300
1997-01-03;638.103;646.194;637.851;646.194;646.169;975400
1997-01-06;646.246;654.125;646.246;653.957;653.932;1748400
1997-01-07;654.015;660.367;653.87;660.367;660.341;1542000
1997-01-08;660.466;663.037;658.241;662.205;662.179;1742300
1997-01-09;662.346;662.346;655.605;657.433;657.407;1933900
1997-01-10;657.46;658.255;656.081;657.868;657.842;1505900
1997-01-13;658.111;659.404;655.124;656.093;656.068;1335200
1997-01-14;656.147;656.653;654.079;656.653;656.627;1834400
1997-01-15;656.887;656.887;654.104;656.067;656.042;2124800
1997-01-16;656.594;659.749;655.599;658.701;658.675;2619000
1997-01-17;658.549;664.314;658.549;663.974;663.948;2355900
1997-01-20;664.22;674.129;663.974;674.129;674.103;2120100
1997-01-21;674.488;680.88;674.488;680.88;680.854;3757900
1997-01-22;680.88;687.652;680.88;686.115;686.088;4001600
1997-01-23;686.285;688.478;683.619;684.982;684.955;3732100
1997-01-24;685.319;685.464;678.909;678.909;678.883;3010400
1997-01-27;679.122;685.656;678.869;684.982;684.955;2241300
1997-01-28;684.982;691.488;684.982;689.974;689.947;2493100
1997-01-29;690.314;695.978;689.974;691.335;691.308;3316500
1997-01-30;691.226;692.831;685.575;687.293;687.266;2772600
1997-01-31;687.872;692.931;687.872;691.116;691.089;2637700
1997-02-03;691.116;692.345;685.515;687.47;687.443;1748300
1997-02-04;687.808;688.887;677.138;680.332;680.305;1818400
1997-02-05;680.332;687.654;680.19;686.857;686.83;1713600
1997-02-06;687.107;694.279;685.742;694.279;694.252;1289900
1997-02-12;694.441;701.055;694.279;701.055;701.028;1703200
1997-02-13;701.055;707.369;701.055;707.369;707.341;2317800
1997-02-14;707.369;710.432;700.711;704.476;704.449;2462900
1997-02-17;704.476;706.545;701.282;701.765;701.738;1732300
1997-02-18;701.89;703.108;694.139;695.217;695.19;1893800
1997-02-19;695.045;697.671;693.423;694.883;694.856;2130400
1997-02-20;694.883;698.856;693.992;698.669;698.642;2021200
1997-02-21;698.743;700.232;695.661;696.495;696.468;1923600
1997-02-24;697.839;699.708;695.757;697.369;697.342;2381700
1997-02-25;697.369;701.307;697.042;701.307;701.28;2720100
1997-02-26;701.221;712.607;701.221;712.607;712.579;2892600
1997-02-27;713.107;717.467;707.525;709.921;709.893;3348500
1997-02-28;709.921;709.921;702.318;705.374;705.347;2005800
1997-03-03;705.781;706.66;698.142;700.109;700.082;1834000
1997-03-04;700.109;701.608;692.296;695.523;695.496;2657100
1997-03-05;696.549;696.549;679.491;686.159;686.132;2498400
1997-03-06;686.159;689.394;682.633;683.108;683.081;2564500
1997-03-07;683.641;684.698;680.831;683.806;683.779;1748100
1997-03-10;683.806;688.726;683.588;688.049;688.022;1514500
1997-03-11;688.682;691.884;684.946;687.934;687.907;2149000
1997-03-12;687.934;688.876;679.205;682.606;682.579;1802600
1997-03-13;683.133;683.133;667.059;669.991;669.965;2084000
1997-03-14;669.105;669.991;663.074;666.842;666.816;2061900
1997-03-17;667.306;671.7;667.306;670.936;670.91;1212000
1997-03-18;664.671;670.936;656.067;659.441;659.415;2352700
1997-03-19;659.441;663.174;657.125;663.174;663.148;1608100
1997-03-20;664.843;668.762;660.959;663.132;663.106;2054700
1997-03-21;663.472;664.045;653.975;656.107;656.081;1858800
1997-03-24;656.141;656.49;646.944;649.62;649.595;1357900
1997-03-25;650.37;657.286;649.62;657.286;657.26;1540500
1997-03-26;657.286;661.424;656.756;659.354;659.328;1961500
1997-03-27;659.394;662.236;658.111;662.236;662.21;3061800
1997-04-01;662.236;662.236;649.082;652.007;651.982;1454000
1997-04-02;652.01;653.289;648.423;650.877;650.852;1752500
1997-04-03;648.227;650.877;638.451;641.621;641.596;1576000
1997-04-04;641.825;642.464;634.973;637.427;637.402;1677400
1997-04-07;637.427;639.151;633.28;636.64;636.615;1414800
1997-04-08;636.64;638.223;635.394;638.223;638.198;1810900
1997-04-10;638.547;639.072;632.752;635.557;635.532;1861600
1997-04-11;635.807;637.148;633.248;637.148;637.123;1748800
1997-04-14;637.148;637.148;633.107;635.166;635.141;2044800
1997-04-15;635.166;635.916;630.072;631.274;631.249;1858500
1997-04-16;631.912;635.179;630.146;632.819;632.794;1870100
1997-04-17;632.819;637.925;632.21;637.594;637.569;1398200
1997-04-21;637.594;643.38;637.594;642.26;642.235;1427800
1997-04-22;642.283;646.241;642.26;646.241;646.216;2082300
1997-04-23;646.342;651.45;646.342;651.45;651.425;2557900
1997-04-24;651.5;652.984;648.865;652.984;652.959;2574500
1997-04-25;653.138;654.199;649.813;652.476;652.451;2685300
1997-04-28;653.78;656.53;652.476;656.53;656.504;3854400
1997-04-29;656.791;657.54;645.069;647.23;647.205;3258800
1997-04-30;647.577;652.049;647.577;652.049;652.024;2248300
1997-05-01;652.505;652.975;646.455;650.458;650.433;3166400
1997-05-02;650.963;650.963;644.528;647.894;647.869;1995300
1997-05-05;647.894;652.787;647.662;652.787;652.762;1703300
1997-05-06;652.855;659.604;652.855;659.604;659.578;1940200
1997-05-07;659.645;666.843;659.645;666.843;666.817;2601900
1997-05-09;666.936;673.689;666.936;673.689;673.663;2798000
1997-05-12;675.874;677.113;672.833;675.813;675.787;2806500
1997-05-13;675.857;677.347;671.667;672.865;672.839;3182400
1997-05-14;673.165;673.58;667.809;670.286;670.26;2866500
1997-05-15;670.284;670.392;655.013;656.986;656.96;2568800
1997-05-16;656.986;657.395;654.677;657.073;657.047;3148600
1997-05-19;657.024;657.024;650.501;652.55;652.525;1402900
1997-05-20;652.424;655.813;651.341;652.825;652.8;2133700
1997-05-21;652.972;655.436;652.149;654.091;654.066;2436100
1997-05-23;654.016;658.522;652.047;658.522;658.496;1503600
1997-05-26;658.829;663.195;658.048;663.195;663.169;1637200
1997-05-27;663.208;668.849;663.153;668.849;668.823;1822900
1997-05-28;668.77;672.499;668.011;672.499;672.473;2604400
1997-05-29;672.499;689.498;672.499;689.498;689.471;3783100
1997-05-30;690.313;699.719;690.313;696.028;696.001;4198000
1997-06-02;696.118;701.748;696.118;699.731;699.704;3298000
1997-06-03;699.817;701.591;694.871;698.401;698.374;2862600
1997-06-04;698.611;698.644;690.519;693.539;693.512;3108200
1997-06-05;693.587;693.587;689.65;691.982;691.955;3045100
1997-06-06;692.165;696.152;692.165;695.016;694.989;2430000
1997-06-09;695.087;696.083;690.565;692.504;692.477;1753500
1997-06-10;692.504;693.33;689.668;689.765;689.738;1865800
1997-06-11;689.765;693.036;686.872;693.036;693.009;3096700
1997-06-12;692.995;695.22;691.732;695.22;695.193;1869000
1997-06-13;695.418;698.62;695.342;698.62;698.593;2328200
1997-06-16;698.697;705.288;698.621;705.288;705.261;3177700
1997-06-17;706.003;707.848;705.084;705.084;705.057;2894100
1997-06-18;705.133;710.992;705.031;710.786;710.758;2671500
1997-06-19;710.847;711.053;706.076;708.445;708.417;3341000
1997-06-20;708.318;712.224;707.56;712.224;712.196;3520700
1997-06-23;712.256;719.791;712.256;719.638;719.61;2354200
1997-06-24;719.603;719.603;711.424;713.387;713.359;2266900
1997-06-25;713.468;714.75;708.668;712.495;712.467;3302800
1997-06-26;712.6;713.106;708.485;709.407;709.379;3349800
1997-06-27;709.509;716.829;709.505;716.829;716.801;4488800
1997-06-30;717.003;724.556;715.159;724.556;724.528;3531200
1997-07-01;725.029;732.516;724.995;731.619;731.591;3693300
1997-07-02;731.753;734.018;727.452;730.155;730.127;3457200
1997-07-03;730.482;735.492;729.563;735.492;735.463;2738300
1997-07-04;735.825;736.597;733.886;736.597;736.568;3131800
1997-07-07;736.618;739.833;735.774;738.006;737.977;2714600
1997-07-08;738.021;741.544;737.834;740.833;740.804;2905800
1997-07-09;740.942;742.954;737.064;738.138;738.109;3066100
1997-07-10;738.166;738.402;724.253;729.151;729.123;3071900
1997-07-11;729.438;729.516;721.331;723.416;723.388;3247000
1997-07-14;723.691;725.202;719.524;722.498;722.47;2343200
1997-07-15;722.674;725.118;720.103;722.209;722.181;2713000
1997-07-16;723.679;725.234;721.202;723.503;723.475;3089700
1997-07-18;723.547;726.489;720.932;724;723.972;2838900
1997-07-21;724.392;724.67;710.613;712.402;712.374;2690300
1997-07-22;712.674;713.837;710.146;711.441;711.413;2524200
1997-07-23;711.768;718.189;711.768;718.189;718.161;2735900
1997-07-24;718.54;720.576;709.818;712.046;712.018;3635800
1997-07-25;712.046;712.272;707.417;710.058;710.03;2639200
1997-07-28;710.499;712.305;709.316;710.819;710.791;5210300
1997-07-29;710.819;716.355;710.819;716.355;716.327;2671000
1997-07-30;716.431;721.979;716.323;721.979;721.951;2758300
1997-07-31;722.345;724.251;717;721.27;721.242;5922800
1997-08-01;721.497;722.223;719.061;721.772;721.744;2391300
1997-08-04;721.246;721.901;717.36;718.709;718.681;2661000
1997-08-05;718.799;719.931;711.247;713.88;713.852;1915500
1997-08-06;713.979;714.047;695.754;699.856;699.829;3407500
1997-08-07;699.856;699.856;673.719;677.939;677.913;3212300
1997-08-08;677.939;684.133;671.747;675.436;675.41;3509400
1997-08-11;675.436;675.436;656.581;658.17;658.144;2561500
1997-08-12;658.622;667.826;647.176;662.947;662.921;2960100
1997-08-13;662.358;663.546;654.19;658.604;658.578;1747700
1997-08-14;658.604;660.538;638.616;643.011;642.986;3811300
1997-08-15;641.908;641.908;611.624;617.706;617.682;3867800
1997-08-18;617.706;617.706;565.779;599.636;599.613;5843700
1997-08-19;598.898;612.208;585.581;590.53;590.507;6824800
1997-08-20;590.152;595.838;589.225;593.171;593.148;3229700
1997-08-21;594.813;610.309;594.813;603.06;603.037;4510900
1997-08-22;602.819;602.819;570.122;574.395;574.373;4031400
1997-08-25;572.412;572.412;532.722;540.929;540.908;3478000
1997-08-26;540.419;556.725;517.395;554.238;554.216;5063400
1997-08-27;554.238;561.247;551.981;555.462;555.44;4125500
1997-08-28;554.692;554.692;528.406;530.366;530.345;3166200
1997-08-29;529.074;529.074;491.91;493.962;493.943;4245500
1997-09-01;493.599;499.73;484.022;485.969;485.95;3412000
1997-09-02;486.526;489.95;475.471;479.014;478.995;2311000
1997-09-03;485.276;513.366;485.276;512.588;512.568;5010400
1997-09-04;518.397;533.87;518.397;533.87;533.849;5113600
1997-09-05;540.311;594.113;540.311;594.113;594.09;8341900
1997-09-08;598.532;614.866;589.984;600.311;600.288;8150000
1997-09-09;606.396;615.134;593.113;598.004;597.981;5669400
1997-09-10;597.792;598.596;572.758;575.016;574.994;3974100
1997-09-11;574.218;574.218;554.207;556.136;556.114;3290000
1997-09-12;555.307;555.307;544.139;546.637;546.616;5810200
1997-09-15;547.653;554.869;547.205;550.761;550.74;2532200
1997-09-16;551.053;554.292;533.279;534.829;534.808;3512400
1997-09-17;534.497;535.612;524.347;526.737;526.716;2208800
1997-09-18;526.326;526.326;518.939;524.272;524.252;2336000
1997-09-19;524.272;531.513;524.272;531.079;531.058;2782100
1997-09-22;531.079;539.108;530.586;535.601;535.58;3267300
1997-09-23;536.142;539.824;534.938;539.483;539.462;1995300
1997-09-24;539.483;556.326;539.483;553.646;553.624;3408400
1997-09-25;555.273;560.967;554.915;559.22;559.198;3224100
1997-09-26;558.786;558.786;548.045;549.92;549.899;2397400
1997-09-29;549.945;549.945;542.592;546.238;546.217;1852300
1997-09-30;547.397;553.403;543.657;546.688;546.667;2349400
1997-10-01;546.22;546.22;535.223;536.986;536.965;3182500
1997-10-02;536.986;536.986;530.734;536.924;536.903;2039800
1997-10-03;535.492;535.492;506.748;515.477;515.457;4341700
1997-10-06;515.193;515.193;492.471;512.893;512.873;3684000
1997-10-07;514.186;523.894;512.167;513.949;513.929;3133800
1997-10-08;515.2;518.94;511.25;518.94;518.92;3273400
1997-10-09;520.923;526.578;520.312;521.112;521.092;6054500
1997-10-10;522.525;534.752;522.525;534.752;534.731;5484300
1997-10-13;533.938;535.851;528.707;534.826;534.805;3798200
1997-10-14;534.99;536.54;524.944;528.919;528.898;3816000
1997-10-15;529.1;529.382;515.463;518.915;518.895;2530000
1997-10-16;518.109;518.109;511.828;517.091;517.071;3270200
1997-10-17;517.091;522.144;514.002;520.685;520.665;2958200
1997-10-20;520.685;520.685;510.379;514.171;514.151;2295400
1997-10-21;514.607;518.828;512.347;514.968;514.948;3231300
1997-10-22;514.809;514.809;503.474;505.233;505.213;2731700
1997-10-23;505.233;505.233;490.739;494.137;494.118;6883800
1997-10-24;493.989;493.989;486.768;490.397;490.378;2510600
1997-10-27;490.544;493.937;487.626;490.12;490.101;2660100
1997-10-28;487.939;487.939;444.301;447.996;447.979;4050400
1997-10-29;453.798;472.599;453.798;472.051;472.033;3881200
1997-10-30;472.125;502.871;467.331;502.871;502.851;5377200
1997-10-31;502.691;511.665;488.723;500.418;500.399;7863400
1997-11-03;500.801;514.716;498.24;501.714;501.694;4958200
1997-11-04;502.675;506.033;492.579;494.849;494.83;3427600
1997-11-05;494.856;495.536;486.813;490.986;490.967;2615800
1997-11-06;490.986;491.587;475.438;478.913;478.894;2689500
1997-11-07;475.614;477.151;460.237;466.116;466.098;4629000
1997-11-10;466.109;466.109;458.484;462.692;462.674;2211800
1997-11-11;462.37;463.117;444.126;448.155;448.138;2532400
1997-11-12;448.169;452.671;444.168;449.64;449.623;2987200
1997-11-13;449.788;449.788;436.067;437.947;437.93;4166900
1997-11-14;438.241;440.732;433.76;436.843;436.826;4709500
1997-11-17;437.509;443.042;436.902;439.538;439.521;2989200
1997-11-18;439.629;442.536;431.662;434.209;434.192;2993600
1997-11-19;434.214;434.214;411.41;415.654;415.638;3638900
1997-11-20;415.742;415.742;392.936;396.13;396.115;4314200
1997-11-21;397.114;398.783;385.851;391.258;391.243;3592800
1997-11-24;391.637;410.206;391.637;410.206;410.19;4443700
1997-11-25;409.237;409.237;392.814;395.679;395.664;3674000
1997-11-26;395.913;398.539;393.769;398.539;398.523;3231900
1997-11-27;398.628;401.708;395.73;401.708;401.692;4527000
1997-12-01;401.302;402.124;396.14;398.616;398.6;2648100
1997-12-02;398.466;398.605;390.825;394.283;394.268;12638800
1997-12-03;393.407;393.407;384.646;389.682;389.667;3760900
1997-12-04;389.682;401.926;389.682;401.926;401.91;2945100
1997-12-05;402.076;414.778;402.076;414.778;414.762;3628300
1997-12-08;415.808;427.891;415.808;423.613;423.597;3916700
1997-12-09;424.139;425.842;416.634;425.496;425.479;4490600
1997-12-10;424.979;424.979;412.384;415.937;415.921;2587100
1997-12-11;415.498;415.498;393.193;396.108;396.093;3993400
1997-12-12;395.32;395.32;358.254;365.853;365.839;6498400
1997-12-15;365.417;365.417;335.694;339.536;339.523;5247800
1997-12-16;340.745;356.385;340.745;356.385;356.371;5076900
1997-12-17;360.198;374.107;360.198;368.685;368.671;7340000
1997-12-18;372.47;379.873;372.47;378.386;378.371;4813900
1997-12-19;377.961;381.661;372.055;378.796;378.781;5540100
1997-12-22;378.796;385.849;376.1;385.849;385.834;3799400
1997-12-23;385.665;397.031;385.665;397.031;397.016;5930400
1997-12-24;397.305;400.933;391.129;396.531;396.516;4491400
1997-12-29;396.79;401.916;394.912;398.014;397.999;5871000
1997-12-30;399.508;401.712;392.229;401.712;401.696;7159800
1998-01-02;402.104;410.011;400.751;410.011;409.995;1610800
1998-01-05;410.011;415.324;407.233;410.83;410.814;2589500
1998-01-06;409.817;409.817;397.856;402.265;402.249;3784300
1998-01-07;401.76;401.76;382.933;394.239;394.224;3521700
1998-01-08;393.914;393.914;321.078;347.108;347.094;6530500
1998-01-09;346.47;362.787;337.591;342.97;342.957;6766600
1998-01-12;342.97;353.787;342.97;350.237;350.223;4836200
1998-01-13;356.422;382.137;356.422;382.137;382.122;6035700
1998-01-14;382.927;403.981;382.927;403.981;403.965;7817800
1998-01-15;406.428;415.609;380.891;387.243;387.228;9675100
1998-01-16;388.665;413.92;385.223;413.92;413.904;7713700
1998-01-19;416.443;443.318;416.443;439.028;439.011;7850300
1998-01-20;437.494;448.039;425.515;448.039;448.022;4989100
1998-01-21;451.79;471.192;451.79;466.003;465.985;6386100
1998-01-22;467.228;468.699;436.841;443.529;443.512;5251900
1998-01-23;445.398;450.984;438.371;450.984;450.966;3623400
1998-01-26;456.299;477.105;456.299;473.686;473.668;3484300
1998-01-27;473.905;486.893;473.905;476.311;476.292;3964400
1998-01-28;476.451;485.938;462.84;485.938;485.919;2829400
1998-02-02;486.023;554.107;486.023;554.107;554.085;8130000
1998-02-03;555.249;570.052;527.017;536.79;536.769;6850000
1998-02-04;536.574;536.574;514.894;519.929;519.909;7597300
1998-02-05;519.929;520.696;503.2;513.489;513.469;6807800
1998-02-06;514.909;535.535;514.909;535.429;535.408;10096200
1998-02-09;536.036;544.219;523.976;529.254;529.233;6709600
1998-02-10;524.752;524.752;514.371;517.701;517.681;9818300
1998-02-11;517.29;519.622;476.993;487.61;487.591;11822600
1998-02-12;487.494;487.494;437.981;442.289;442.272;6069500
1998-02-13;445.805;457.028;442.182;448.158;448.141;6387400
1998-02-16;458.272;462.074;453.555;457.708;457.69;4737500
1998-02-17;459.392;472.209;459.392;472.209;472.191;4381500
1998-02-18;472.216;479.764;469.391;472.679;472.661;4793700
1998-02-19;473.247;500.613;473.247;496.252;496.233;6463100
1998-02-20;496.527;496.968;490.201;495.232;495.213;5945100
1998-02-23;494.821;507.103;494.821;505.035;505.015;5795200
1998-02-24;506.196;507.711;492.149;494.89;494.871;5003300
1998-02-25;495.069;495.069;481.199;483.411;483.392;8865100
1998-02-26;482.977;491.032;481.077;483.807;483.788;5887900
1998-02-27;484.118;484.133;475.374;482.378;482.359;5637600
1998-03-02;482.378;496.729;482.378;496.729;496.71;4505200
1998-03-03;505.189;518.686;505.189;518.686;518.666;9222000
1998-03-04;519.813;519.813;499.722;502.911;502.891;4839300
1998-03-05;502.862;516.489;492.29;516.489;516.469;5672500
1998-03-06;521.062;532.598;510.189;512.231;512.211;4218200
1998-03-09;521.078;521.078;492.637;495.814;495.795;3426700
1998-03-10;498.232;498.808;487.78;490.476;490.457;3481200
1998-03-11;491.409;492.66;482.682;491.873;491.854;4388900
1998-03-12;493.241;501.492;493.084;498.185;498.166;4808700
1998-03-13;499.877;506.733;499.877;506.733;506.713;4686600
1998-03-16;507.577;510.786;503.224;510.786;510.766;3958000
1998-03-17;511.091;513.096;507.456;512.14;512.12;6824000
1998-03-18;512.224;512.839;499.143;504.004;503.984;6262200
1998-03-19;503.303;504.183;499.556;504.147;504.127;5878300
1998-03-20;503.908;516.731;503.908;516.731;516.711;6829000
1998-03-23;516.923;526.48;511.185;516.318;516.298;9265500
1998-03-24;516.451;516.451;499.579;501.66;501.64;5234500
1998-03-25;501.66;504.095;493.005;504.095;504.075;5038300
1998-03-26;504.753;533.955;504.753;532.812;532.791;10898900
1998-03-27;533.566;550.269;533.566;542.098;542.077;10878400
1998-03-30;544.188;545.473;534.276;541.425;541.404;6521800
1998-04-01;543.1;546.676;520.877;523.948;523.928;6326300
1998-04-02;523.973;524.134;513.737;516.403;516.383;3965200
1998-04-03;516.383;533.746;516.383;533.3;533.279;6654700
1998-04-06;533.489;533.489;523.369;526.141;526.12;4148200
1998-04-08;525.852;538.081;525.852;530.036;530.015;5404600
1998-04-09;530.805;532.22;524.105;527.585;527.565;5189100
1998-04-13;527.848;533.537;523.028;524.064;524.044;3746300
1998-04-14;524.175;525.919;514.183;516.101;516.081;3764600
1998-04-15;516.148;518.724;512.535;513.445;513.425;4311800
1998-04-16;513.488;517.434;508.573;510.068;510.048;5058700
1998-04-17;510.021;510.47;505.494;507.902;507.882;4520900
1998-04-20;507.977;510.249;505.484;508.156;508.136;4311900
1998-04-21;508.374;508.374;495.693;497.707;497.688;6067100
1998-04-22;497.782;502.035;497.246;500.641;500.621;4551100
1998-04-23;500.711;501.312;489.543;491.856;491.837;4277500
1998-04-24;491.868;491.868;487.683;490.481;490.462;3171100
1998-04-27;490.64;490.728;482.017;485.641;485.622;4059800
1998-04-29;485.313;485.37;461.697;465.247;465.229;4310800
1998-04-30;466.367;466.802;456.039;460.135;460.117;3473200
1998-05-01;460.115;460.115;446.579;448.525;448.508;3072300
1998-05-04;448.515;451.921;443.018;445.994;445.977;2448000
1998-05-05;446.007;447.023;431.081;435.16;435.143;3333100
1998-05-06;434.853;434.853;408.131;414.625;414.609;3806200
1998-05-07;417.542;436.778;416.695;436.778;436.761;4585000
1998-05-08;436.242;440.468;431.659;434.655;434.638;3835000
1998-05-12;434.796;434.796;425.447;430.526;430.509;2578500
1998-05-13;430.441;430.441;393.364;402.057;402.041;5185200
1998-05-14;402.057;412.517;400.934;403.699;403.683;2699000
1998-05-15;403.699;406.156;403.699;405.937;405.921;14500
1998-05-18;405.659;405.659;384.097;388.918;388.903;1277200
1998-05-19;388.901;414.182;387.008;413.824;413.808;996200
1998-05-20;413.824;424.562;412.502;424.006;423.99;167200
1998-05-22;426.322;445.143;426.322;445.143;445.126;1996800
1998-05-25;445.433;448.211;435.554;439.555;439.538;2601700
1998-05-26;439.616;440.761;430.001;434.059;434.042;2158400
1998-05-27;433.864;433.864;412.186;416.967;416.951;2501000
1998-05-28;416.376;417.806;407.975;414.22;414.204;1780600
1998-05-29;417.529;421.277;416.03;420.465;420.449;3133600
1998-06-01;420.231;420.231;409.53;414.079;414.063;3072300
1998-06-02;414.079;414.279;396.332;399.599;399.583;1484800
1998-06-03;399.427;400.026;384.713;392.608;392.593;2901500
1998-06-04;393.348;406.331;389.765;406.331;406.315;4362800
1998-06-05;407.785;415.725;405.59;409.516;409.5;4901400
1998-06-08;413.457;413.457;405.139;409.419;409.403;1904100
1998-06-09;409.655;411.072;405.823;411.072;411.056;1772000
1998-06-10;411.125;412.584;404.382;408.08;408.064;2507200
1998-06-11;411.482;411.76;403.131;411.544;411.528;2443200
1998-06-12;411.325;416.39;407.286;408.372;408.356;2961600
1998-06-15;407.597;413.38;401.639;406.501;406.485;2477600
1998-06-16;406.501;406.501;396.842;399.512;399.496;1955800
1998-06-17;399.539;419.442;399.539;419.442;419.426;2488300
1998-06-18;419.795;440.093;419.795;440.093;440.076;3052100
1998-06-19;440.401;441.022;421.563;425.453;425.436;1984800
1998-06-22;425.453;426.457;417.356;420.659;420.643;1575600
1998-06-23;420.59;425.017;419.896;423.085;423.069;1616900
1998-06-24;423.14;431.522;422.924;430.96;430.943;1975700
1998-06-25;433.185;433.406;426.758;428.81;428.793;1888200
1998-06-26;429.122;433.294;427.038;430.87;430.853;2092100
1998-06-29;430.87;432.453;426.596;431.231;431.214;1891700
1998-06-30;431.708;445.92;427.018;445.92;445.903;2921500
1998-07-01;445.164;457.21;441.811;456.541;456.523;4130800
1998-07-02;458.466;466.373;458.466;466.373;466.355;4385700
1998-07-03;466.417;470.545;457.516;470.545;470.527;3680500
1998-07-07;470.763;490.634;470.763;483.945;483.926;4120400
1998-07-08;484.189;486.66;472.268;472.98;472.962;2240300
1998-07-09;472.872;474.024;468.566;470.321;470.303;2152200
1998-07-10;470.113;470.113;461.028;463.581;463.563;1520000
1998-07-13;464.025;464.643;456.089;459.673;459.655;1752900
1998-07-14;460.28;464.507;460.28;463.874;463.856;2869700
1998-07-15;464.35;472.263;464.35;467.339;467.321;4634500
1998-07-16;471.46;475.384;470.798;473.772;473.754;4322800
1998-07-17;474.3;486.234;474.3;486.234;486.215;5704600
1998-07-20;486.251;488.685;476.263;488.685;488.666;3541200
1998-07-21;488.422;489.136;484.137;488.239;488.22;3122900
1998-07-22;489.198;492.22;480.649;483.055;483.036;3954400
1998-07-23;482.535;484.097;471.205;473.805;473.787;2496000
1998-07-24;473.983;479.563;470.498;479.563;479.544;2473900
1998-07-27;479.71;482.981;478.184;482.981;482.962;1544200
1998-07-28;482.818;486.783;481.622;483.531;483.512;3138900
1998-07-29;483.751;487.074;481.725;485.096;485.077;2309300
1998-07-30;485.251;485.251;480.012;482.688;482.669;3223700
1998-07-31;482.932;486.141;479.503;481.717;481.698;2170000
1998-08-03;481.786;482.34;472.545;475.258;475.24;1319300
1998-08-04;475.258;475.258;457.817;461.35;461.332;1525200
1998-08-05;461.35;461.35;439.725;441.784;441.767;1609400
1998-08-06;441.79;446.661;432.699;433.833;433.816;1435400
1998-08-07;434.173;434.173;422.366;423.613;423.597;2650200
1998-08-10;423.613;423.88;418.239;421.167;421.151;1502200
1998-08-11;421.167;421.167;405.212;407.064;407.048;2466100
1998-08-12;406.892;412.173;402.227;408.635;408.619;2470000
1998-08-13;408.907;413.391;401.274;402.941;402.925;2491600
1998-08-14;402.941;414.707;400.716;414.63;414.614;4934300
1998-08-18;414.978;416.263;402.201;403.855;403.839;2167700
1998-08-19;404.842;409.043;402.305;405.89;405.874;2400400
1998-08-20;406.267;406.267;394.446;399.33;399.314;2315300
1998-08-21;399.085;399.085;387.063;388.345;388.33;2069900
1998-08-24;386.89;386.89;368.48;370.545;370.531;1493700
1998-08-25;370.899;374.157;363.163;367.143;367.129;2472500
1998-08-26;367.288;371.993;360.56;360.927;360.913;1563900
1998-08-27;360.455;361.567;351.817;354.945;354.931;1248100
1998-08-28;354.102;354.102;337.024;339.021;339.008;2248800
1998-08-31;337.573;342.436;323.242;342.436;342.423;2431000
1998-09-01;342.082;342.082;324.305;325.854;325.841;1674700
1998-09-02;330.418;334.556;327.693;329.625;329.612;2794600
1998-09-03;329.476;336.191;328.657;334.788;334.775;2128100
1998-09-04;331.96;333.005;322.147;325.556;325.543;4512200
1998-09-07;325.994;336.294;325.994;335.81;335.797;1849300
1998-09-08;335.648;339.447;328.804;330.413;330.4;1985200
1998-09-09;333.307;333.307;320.791;325.762;325.749;1684500
1998-09-10;325.539;328.669;322.929;327.271;327.258;2157300
1998-09-11;325.202;326.679;319.799;324.04;324.027;1448900
1998-09-14;324.297;326.281;316.51;320.595;320.583;1827800
1998-09-15;320.558;322.209;291.505;292.153;292.142;3116900
1998-09-16;293.196;299.796;285.927;290.916;290.905;2767300
1998-09-17;290.989;293.097;283.154;285.475;285.464;1655800
1998-09-18;284.923;284.923;268.398;271.671;271.66;1679200
1998-09-21;271.671;273.555;255.464;256.834;256.824;1705200
1998-09-22;257.524;261.982;255.575;260.876;260.866;1433400
1998-09-23;262.051;266.291;259.068;262.25;262.24;3106800
1998-09-24;262.25;282.16;262.25;282.16;282.149;3255200
1998-09-25;278.894;278.894;269.757;275.224;275.213;3082200
1998-09-28;275.342;278.57;272.881;275.001;274.99;2942400
1998-09-29;274.443;276.567;272.416;276.008;275.997;2956700
1998-09-30;276.067;278.949;273.559;276.15;276.139;1577300
1998-10-01;276.588;276.834;272.191;273.868;273.857;1379000
1998-10-02;273.941;273.941;260.908;263.229;263.219;1295300
1998-10-05;264.883;268.228;259.615;261.314;261.304;1081200
1998-10-06;261.314;261.314;255.974;258.106;258.096;2823500
1998-10-07;258.176;267.835;258.176;266.17;266.16;1308800
1998-10-08;265.476;290.022;265.476;288.55;288.539;3581500
1998-10-09;288.566;311.96;288.566;304.84;304.828;5262500
1998-10-12;304.89;312.012;304.89;307.417;307.405;2390800
1998-10-13;309.004;313.986;306.791;313.986;313.974;1978200
1998-10-14;311.973;311.973;301.215;303.19;303.178;1770300
1998-10-15;303.381;307.253;303.091;304.847;304.835;1127700
1998-10-16;311.489;337.587;311.489;337.587;337.574;3849500
1998-10-19;338.138;351.132;331.085;336.418;336.405;3488000
1998-10-20;339.197;340.835;327.695;336.576;336.563;2416300
1998-10-21;337.431;337.431;321.62;322.321;322.308;3357400
1998-10-22;322.321;324.452;316.795;316.795;316.783;2048900
1998-10-23;316.795;317.121;308.976;313.415;313.403;1678400
1998-10-26;312.864;315.311;310.789;315.311;315.299;2260600
1998-10-27;315.381;318.987;313.4;318.101;318.089;1341300
1998-10-28;318.173;322.412;310.639;312.29;312.278;2732100
1998-10-29;312.451;312.451;304.105;309.412;309.4;1162600
1998-10-30;310.055;310.933;299.868;300.77;300.758;2434200
1998-11-02;301.203;308.367;301.203;307.198;307.186;1589900
1998-11-03;310.528;319.084;310.528;317.182;317.17;2352000
1998-11-04;317.263;330.564;316.871;330.459;330.446;3051000
1998-11-05;335.378;371.43;335.378;355.528;355.514;5653600
1998-11-06;358.126;363.616;349.148;353.978;353.964;3268100
1998-11-09;353.479;373.572;353.479;364.393;364.379;3756400
1998-11-10;364.302;365.216;354.998;357.304;357.29;2046300
1998-11-11;357.304;363.617;354.976;363.007;362.993;6094200
1998-11-12;363.007;371.809;355.064;357.976;357.962;4391200
1998-11-13;357.976;359.495;354.545;355.54;355.526;2642400
1998-11-16;355.54;360.653;353.066;356.226;356.212;1033400
1998-11-18;356.637;372.182;356.637;369.994;369.98;4905300
1998-11-19;370.131;379.119;370.131;379.119;379.104;3445600
1998-11-20;381.32;403.652;381.32;403.652;403.636;5812900
1998-11-23;403.637;427.429;403.637;424.987;424.97;8618100
1998-11-24;425;436.794;417.664;420.08;420.064;13744800
1998-11-25;419.346;419.346;386.011;387.383;387.368;6027500
1998-11-26;387.383;398.053;385.018;394.678;394.663;5145300
1998-11-27;395.105;395.342;388.421;392.32;392.305;3645000
1998-11-30;392.32;395.616;385.925;386.271;386.256;2493500
1998-12-01;385.921;387.735;373.994;387.735;387.72;4152400
1998-12-02;387.735;399.595;387.735;396.964;396.949;2913100
1998-12-03;395.899;397.363;391.149;393.795;393.78;2290100
1998-12-04;393.263;393.263;388.107;390.395;390.38;2314700
1998-12-07;390.91;400.61;390.91;399.46;399.444;2528800
1998-12-08;399.48;402.621;398.119;398.901;398.885;2675500
1998-12-09;400.192;402.446;396.355;398.783;398.767;1480600
1998-12-10;399.331;403.743;398.134;403.668;403.652;2611400
1998-12-11;403.603;406.37;399.298;405.595;405.579;2956800
1998-12-14;405.646;411.172;402.443;404.703;404.687;2751600
1998-12-15;404.736;404.736;399.125;400.765;400.749;2318100
1998-12-16;400.765;414.499;400.765;412.694;412.678;2250700
1998-12-17;412.694;412.919;404.654;405.584;405.568;2874700
1998-12-18;405.529;407.272;401.904;403.962;403.946;1556900
1998-12-21;403.978;406.318;400.469;404.503;404.487;1357600
1998-12-22;404.425;409.286;403.63;406.465;406.449;2157900
1998-12-23;405.659;405.659;398.111;400.519;400.503;1531300
1998-12-24;400.519;401.855;399.144;401.855;401.839;1051300
1998-12-28;401.881;402.505;395.386;400.176;400.16;1062300
1998-12-29;400.192;401.132;393.822;396.733;396.718;1023200
1998-12-30;396.916;398.038;390.084;398.038;398.023;1748700
1999-01-04;393.964;395.607;391.245;394.008;393.993;613600
1999-01-05;394.499;408.703;393.026;408.703;408.687;1981400
1999-01-06;411.796;427.08;411.796;427.08;427.063;3815400
1999-01-07;433.536;462.121;433.536;457.94;457.922;5410600
1999-01-08;458.605;458.605;437.789;439.494;439.477;2595500
1999-01-11;441.552;443.756;435.198;437.296;437.279;1610600
1999-01-12;438.044;442.7;433.034;436.19;436.173;2008000
1999-01-13;436.099;436.099;414.927;419.104;419.088;2300000
1999-01-14;418.892;418.892;399.868;408.554;408.538;2366900
1999-01-15;406.936;406.936;398.485;402.402;402.386;1227200
1999-01-25;402.402;403.538;376.303;382.478;382.463;1566300
1999-01-26;383.774;398.152;383.774;398.152;398.136;1503300
1999-01-27;400.23;410.25;400.23;410.25;410.234;2203400
1999-01-28;409.968;410.83;405.818;407.271;407.255;1938600
1999-01-29;407.584;415.411;407.584;411.932;411.916;2284300
1999-02-01;412.209;417.764;407.677;409.112;409.096;1547800
1999-02-02;408.915;409.202;402.559;405.164;405.148;1507300
1999-02-03;405.428;410.556;401.964;410.556;410.54;2174100
1999-02-04;410.556;414.588;405.712;409.022;409.006;1856600
1999-02-05;409.022;409.905;405.553;405.553;405.537;1504000
1999-02-08;405.89;407.449;395.65;399.69;399.674;1428500
1999-02-09;400.5;402.826;397.873;402.826;402.81;2163800
1999-02-10;403.612;403.612;397.457;398.681;398.665;1185900
1999-02-11;401.128;406.47;400.024;402.648;402.632;1297700
1999-02-12;402.648;406.641;395.946;400.552;400.536;1472700
1999-02-15;400.552;400.703;394.428;396.924;396.909;640700
1999-02-16;396.924;398.879;396.431;398.848;398.832;368600
1999-02-17;398.848;400.072;397.061;397.975;397.96;855800
1999-02-18;397.975;403.414;397.018;403.414;403.398;773300
1999-02-19;403.655;407.963;402.955;404.018;404.002;1298900
1999-02-22;404.31;404.997;397.698;398.67;398.654;395500
1999-02-23;400.216;402.527;394.791;397.935;397.92;1052900
1999-02-24;397.894;402.534;397.301;401.998;401.982;871200
1999-02-25;401.998;401.998;395.764;397.803;397.788;857100
1999-02-26;398.087;398.087;393.208;396.089;396.074;1215100
1999-03-01;396.048;396.949;394.287;396.325;396.31;1577600
1999-03-02;396.772;397.751;394.128;394.966;394.951;1191700
1999-03-03;395.345;399.303;393.057;395.807;395.792;1123700
1999-03-04;396.424;396.625;392.969;394.154;394.139;809700
1999-03-05;394.971;395.325;386.418;388.679;388.664;898200
1999-03-08;388.91;391.516;382.037;384.568;384.553;1071400
1999-03-09;384.832;385.258;377.997;379.421;379.406;1013500
1999-03-10;379.62;379.87;370.643;373.802;373.787;758000
1999-03-11;374.066;378.644;371.798;378.644;378.629;720600
1999-03-12;378.39;379.064;374.23;375.937;375.922;1147800
1999-03-15;374.261;377.438;371.103;372.318;372.303;1061600
1999-03-16;374.286;379.453;372.278;379.453;379.438;1450200
1999-03-17;379.224;387.881;379.224;387.881;387.866;1064400
1999-03-19;390.31;394.217;390.31;394.217;394.202;1729700
1999-03-22;394.25;394.25;390.347;392.283;392.268;2577500
1999-03-23;392.039;394.809;389.103;394.809;394.794;1135100
1999-03-24;394.643;394.643;389.073;391.345;391.33;1695500
1999-03-25;391.099;395.829;389.854;395.829;395.814;1939200
1999-03-26;396.027;398.426;391.678;392.948;392.933;1063000
1999-03-29;392.931;392.931;389.863;392.862;392.847;1218100
1999-03-30;393.315;394.981;392.225;393.625;393.61;1490200
1999-04-01;393.625;397.017;392.034;394.433;394.418;1660000
1999-04-05;394.435;406.498;393.638;395.337;395.322;1879700
1999-04-06;395.364;395.607;393.975;395.513;395.498;1280100
1999-04-07;395.513;398.19;395.255;395.911;395.896;1467800
1999-04-08;395.955;400.002;395.955;400.002;399.986;2027900
1999-04-09;400.002;421.213;400.002;421.213;421.197;2214600
1999-04-12;421.213;428.793;421.15;421.15;421.134;3257300
1999-04-13;421.15;435.567;421.15;432.518;432.501;2869700
1999-04-14;432.805;435.86;427.33;435.556;435.539;3166100
1999-04-15;435.644;448.13;434.124;447.479;447.462;5176600
1999-04-16;447.468;486.99;447.468;479.532;479.513;10053500
1999-04-19;480.957;528.547;480.957;508.147;508.127;9810100
1999-04-20;507.989;507.989;477.92;485.97;485.951;4480700
1999-04-21;485.97;494.832;477.988;480.625;480.606;4403600
1999-04-22;480.734;488.937;477.041;479.242;479.223;7455800
1999-04-23;480.283;483.982;473.212;473.587;473.569;9866600
1999-04-26;473.587;476.783;468.931;470.406;470.388;3874300
1999-04-27;470.632;470.715;466.787;469.205;469.187;2304400
1999-04-28;469.67;483.872;469.67;481.344;481.325;4173000
1999-04-29;482.062;495.317;481.419;490.99;490.971;4626500
1999-04-30;490.99;505.62;490.99;495.222;495.203;7358400
1999-05-03;495.192;523.358;495.192;523.358;523.338;8643800
1999-05-04;531.113;559.564;531.113;548.241;548.22;20547200
1999-05-05;548.174;565.619;544.432;563.84;563.818;28271900
1999-05-06;564.839;591.839;564.839;580.905;580.882;24263200
1999-05-07;586.593;588.238;566.492;575.118;575.096;13580800
1999-05-10;575.084;581.898;567.536;574.355;574.333;6334400
1999-05-11;574.075;577.083;569.861;573.23;573.208;7738500
1999-05-12;573.482;577.589;561.178;576.504;576.482;7646400
1999-05-14;576.709;598.209;576.709;591.634;591.611;9476400
1999-05-17;591.69;592.271;583.253;590.8;590.777;8227700
1999-05-18;590.563;591.382;576.228;577.886;577.864;4718600
1999-05-19;577.924;593.604;576.02;593.604;593.581;6745100
1999-05-20;593.503;608.274;588.344;594.053;594.03;8870000
1999-05-21;594.118;595.348;589.591;591.664;591.641;6762400
1999-05-24;591.691;615.919;591.303;613.641;613.617;9420200
1999-05-25;613.359;626.093;613.211;619.877;619.853;14212700
1999-05-26;619.886;620.209;604.729;605.787;605.763;10347400
1999-05-27;606.09;613.27;601.936;603.116;603.093;9229900
1999-05-28;602.916;602.916;581.205;583.649;583.626;5994400
1999-05-31;583.534;593.332;581.791;585.242;585.219;5723100
1999-06-01;585.337;586.861;578.871;583.257;583.234;6457700
1999-06-02;583.466;584.379;571.635;574.315;574.293;5493600
1999-06-03;574.212;587.569;567.962;587.569;587.546;9775000
1999-06-04;588.084;613.14;588.084;612.378;612.354;16267400
1999-06-08;612.858;700.818;612.858;686.947;686.92;20307000
1999-06-09;686.782;689.66;676.291;678.97;678.943;12692400
1999-06-10;678.283;678.283;655.356;664.569;664.543;11067500
1999-06-11;662.211;673.092;653.779;668.281;668.255;12706900
1999-06-14;669.313;689.718;669.313;679.449;679.422;17769900
1999-06-15;680.329;687.969;670.16;670.16;670.134;11938000
1999-06-16;669.976;677.804;660.437;661.852;661.826;8810700
1999-06-17;662.109;683.564;662.109;681.039;681.013;9779300
1999-06-18;681.321;707.884;681.321;707.884;707.856;11548100
1999-06-21;707.898;718.077;707.898;716.46;716.432;21689900
1999-06-22;716.846;720.05;706.817;710.682;710.654;15326100
1999-06-23;710.902;711.101;691.758;700.669;700.642;15516400
1999-06-24;701.014;704.66;679.914;682.119;682.092;22218800
1999-06-25;682.413;682.413;669.285;673.155;673.129;11877500
1999-06-28;672.941;683.107;668.039;672.127;672.101;14459600
1999-06-29;672.211;686.391;672.211;680.561;680.534;14140900
1999-06-30;681.091;690.142;658.75;662.025;661.999;19989600
1999-07-01;667.826;679.632;665.157;673.042;673.016;11539100
1999-07-02;672.88;677.386;664.518;670.538;670.512;10065200
1999-07-05;670.282;678.494;652.124;665.144;665.118;12440400
1999-07-06;665.366;685.1;661.966;681.587;681.56;10691900
1999-07-07;681.553;690.267;663.455;665.771;665.745;6431900
1999-07-08;665.41;667.522;656.698;660.254;660.228;3700900
1999-07-09;660.254;663.262;653.522;656.644;656.618;3825300
1999-07-12;656.654;670.089;656.654;663.124;663.098;6798700
1999-07-13;663.204;664.518;654.847;656.187;656.161;4592400
1999-07-14;656.187;665.317;652.264;664.882;664.856;5286700
1999-07-15;664.882;666.988;659.176;660.542;660.516;6400600
1999-07-16;660.621;664.788;657.679;662.367;662.341;7160500
1999-07-19;662.433;668.042;653.342;658.271;658.245;5897800
1999-07-20;658.271;659.338;647.257;649.861;649.836;5254400
1999-07-21;649.578;649.578;636.425;641.107;641.082;11485900
1999-07-22;641.066;646.169;640.294;642.655;642.63;3655500
1999-07-23;642.517;642.517;621.909;625.83;625.806;7292500
1999-07-26;625.608;625.608;585.017;592.721;592.698;7152600
1999-07-27;592.721;592.721;567.423;573.216;573.194;4544000
1999-07-28;575.685;599.257;575.685;599.257;599.234;6832300
1999-07-29;599.371;620.706;599.371;616.428;616.404;9662100
1999-07-30;617.306;617.306;596.077;597.874;597.851;6611500
1999-08-02;598.164;604.117;590.836;596.513;596.49;3945100
1999-08-03;596.605;618.986;596.605;618.986;618.962;4923500
1999-08-04;620.968;622.69;610.202;614.395;614.371;6061400
1999-08-05;614.086;614.086;601.322;606.27;606.246;5580800
1999-08-06;606.274;613.392;601.469;607.835;607.811;4580000
1999-08-09;607.459;607.658;589;594.109;594.086;6613900
1999-08-10;593.799;593.799;561.458;576.343;576.321;10180300
1999-08-11;576.113;576.191;550.403;554.263;554.241;8351900
1999-08-12;554.263;565.808;554.263;565.218;565.196;4539200
1999-08-13;565.231;567.625;554.113;557.709;557.687;3364000
1999-08-16;558.271;568.98;558.271;560.481;560.459;5618300
1999-08-18;559.881;561.365;554.126;561.365;561.343;4271800
1999-08-19;561.445;581.746;560.024;581.746;581.723;7600200
1999-08-20;583.11;583.11;573.65;576.167;576.145;3608700
1999-08-23;576.167;584.803;576.167;584.803;584.78;2213200
1999-08-24;585.842;596.458;582.976;586.236;586.213;3111800
1999-08-25;586.15;588.106;581.287;585.257;585.234;2532900
1999-08-26;585.656;585.832;577.624;581.513;581.49;1617700
1999-08-27;579.718;579.718;569.475;572.667;572.645;3478700
1999-08-30;572.413;573.94;563.654;566.67;566.648;9034800
1999-08-31;566.524;568.776;558.856;567.026;567.004;6216400
1999-09-01;567.026;574.374;566.732;571.776;571.754;3991100
1999-09-02;571.175;571.867;567.635;571.115;571.093;2720000
1999-09-03;571.201;571.201;559.736;565.196;565.174;2210300
1999-09-06;565.234;567.955;538.802;540.427;540.406;2594600
1999-09-07;540.26;547.49;528.072;545.351;545.33;4178200
1999-09-08;544.482;544.495;514.859;520.621;520.601;3005300
1999-09-09;519.02;538.015;503.598;538.015;537.994;4709800
1999-09-10;542.074;562.776;542.074;562.776;562.754;7389700
1999-09-13;565.305;576.876;565.305;569.652;569.63;6050500
1999-09-14;569.161;569.161;559.805;562.059;562.037;2893700
1999-09-15;562.059;562.059;544.657;548.612;548.591;2309800
1999-09-16;548.127;549.064;539.006;548.756;548.735;1974100
1999-09-17;548.125;549.611;543.943;547.017;546.996;1815700
1999-09-20;546.671;548.119;541.337;543.333;543.312;1736700
1999-09-21;543.333;547.725;542.691;547.264;547.243;2304400
1999-09-22;547.039;547.694;542.355;545.448;545.427;1573600
1999-09-23;545.448;545.448;525.228;528.172;528.151;2676400
1999-09-24;526.167;526.167;505.72;517.542;517.522;9873800
1999-09-27;518.898;523.827;512.129;515.067;515.047;2728100
1999-09-28;515.616;529.221;515.616;529.221;529.2;2284100
1999-09-29;529.224;529.224;523.724;526.469;526.448;2497700
1999-09-30;526.302;547.937;526.302;547.937;547.916;4705500
1999-10-01;548.335;569.716;548.335;566.042;566.02;7849600
1999-10-04;570.776;580.1;552.152;555.304;555.282;7986200
1999-10-05;555.374;566.251;555.318;566.251;566.229;5088400
1999-10-06;566.648;592.819;566.416;588.749;588.726;15291700
1999-10-07;589.209;597.908;581.787;585.345;585.322;7236800
1999-10-08;584.827;588.237;576.873;588.237;588.214;4233100
1999-10-11;587.858;587.858;581.89;584.06;584.037;5456300
1999-10-12;583.804;583.804;566.092;571.382;571.36;3028200
1999-10-13;570.925;571.957;556.476;571.947;571.925;3771900
1999-10-14;571.713;572.002;564.977;567.777;567.755;1980800
1999-10-15;567.777;568.228;559.819;567.918;567.896;2239000
1999-10-18;567.843;567.843;550.22;553.213;553.191;2028900
1999-10-19;553.941;585.976;553.941;583.647;583.624;12078800
1999-10-20;584.209;644.073;569.38;584.425;584.402;40303800
1999-10-21;584.114;624.935;584.114;616.49;616.466;22788600
1999-10-22;628.349;641.21;600.253;604.184;604.161;19982500
1999-10-25;604.184;610.996;592.214;597.068;597.045;8975800
1999-10-26;598.393;612.522;589.906;594.253;594.23;10213600
1999-10-27;593.998;593.998;574.353;576.519;576.497;5095400
1999-10-28;576.519;581.467;572.472;577.932;577.91;3292000
1999-10-29;580.237;593.869;580.237;593.869;593.846;3741100
1999-11-01;594.703;600.527;592.343;595.084;595.061;4164000
1999-11-02;595.084;596.41;591.632;594.405;594.382;4349500
1999-11-03;594.405;604.626;594.405;603.587;603.564;7670300
1999-11-04;602.92;619.066;602.92;618.51;618.486;8708800
1999-11-05;619.094;626.672;615.991;626.044;626.02;6551700
1999-11-08;626.008;630.862;625.959;628.307;628.283;6196100
1999-11-09;628.206;638.82;628.206;638.82;638.795;7209200
1999-11-10;637.86;642.775;635.083;638.912;638.887;8720800
1999-11-11;638.449;647.506;636.665;638.492;638.467;9465600
1999-11-12;638.726;640.162;630.126;635.23;635.205;4289000
1999-11-15;635.194;642.499;633.975;635.798;635.773;3124200
1999-11-16;635.901;641.731;635.81;641.731;641.706;4271900
1999-11-17;642.148;643.537;638.226;641.475;641.45;4379900
1999-11-18;639.263;642.051;634.349;636.619;636.594;5422500
1999-11-19;636.684;642.198;629.669;633.312;633.287;5014100
1999-11-22;633.346;634.841;624.955;630.17;630.146;7249000
1999-11-23;630.17;630.358;614.164;618.449;618.425;4956400
1999-11-24;617.27;617.27;595.622;599.723;599.7;5116600
1999-11-25;599.723;599.723;582.29;588.66;588.637;5499200
1999-11-26;588.429;599.633;588.088;596.355;596.332;3854000
1999-11-29;596.35;596.953;579.435;582.818;582.795;4614500
1999-11-30;582.958;583.8;571.138;583.8;583.777;2936700
1999-12-01;583.234;597.541;583.234;597.541;597.518;3818000
1999-12-02;598.983;602.606;594.566;598.409;598.386;4207100
1999-12-03;598.708;613.485;594.913;613.485;613.461;4082200
1999-12-06;615.102;626.529;615.069;624.386;624.362;4452400
1999-12-07;624.386;631.479;618.751;621.649;621.625;4016500
1999-12-08;621.105;621.304;617.14;620.977;620.953;2866400
1999-12-09;620.96;631.553;620.421;631.553;631.528;4325300
1999-12-10;632.958;639.819;631.042;633.839;633.814;4082700
1999-12-13;634.431;639.697;626.634;630.555;630.531;2461900
1999-12-14;631.013;648.394;630.681;648.394;648.369;8322700
1999-12-15;650.318;656.774;649.084;652.384;652.359;9639400
1999-12-16;652.516;653.812;643.365;646.506;646.481;4786600
1999-12-17;646.392;646.392;636.295;638.822;638.797;2625400
1999-12-20;637.897;646.059;633.621;646.059;646.034;2676100
1999-12-21;646.076;656.888;645.368;656.888;656.862;8390300
1999-12-22;657.188;662.912;657.188;661.054;661.028;15023500
1999-12-23;662.948;666.133;660.511;666.133;666.107;9596800
1999-12-27;666.881;693.533;666.881;681.381;681.354;16981000
1999-12-28;682.809;684.681;673.548;677.218;677.192;10743000
1999-12-29;677.53;678.845;672.127;674.88;674.854;7397700
1999-12-30;675.134;678.787;673.949;676.919;676.893;4014000
2000-01-04;677.474;704.032;677.474;700.218;700.191;11053800
2000-01-05;694.859;694.859;674.337;678.087;678.061;8685000
2000-01-06;681.298;691.887;681.298;688.521;688.494;7604500
2000-01-11;691.924;704.542;691.924;696.003;695.976;17793800
2000-01-12;696.293;698.145;686.705;690.164;690.137;14668700
2000-01-13;690.793;699.675;688.402;691.61;691.583;23777100
2000-01-14;691.806;694.085;683.701;690.892;690.865;24296600
2000-01-17;691.604;707.47;691.604;703.483;703.456;12189200
2000-01-18;703.799;704.349;681.489;685.716;685.689;9106600
2000-01-19;685.916;685.916;652.04;655.995;655.969;16679500
2000-01-20;656.414;673.908;656.414;670.153;670.127;12962300
2000-01-21;670.283;670.905;662.932;664.694;664.668;9197300
2000-01-24;664.694;668.976;653.55;656.722;656.696;10814200
2000-01-25;656.17;656.17;645.473;649.858;649.833;10807600
2000-01-26;649.674;656.715;640.239;643.385;643.36;13226300
2000-01-27;643.633;650.069;633.813;644.651;644.626;9470000
2000-01-28;645.3;646.276;633.272;634.669;634.644;11709000
2000-01-31;634.503;636.372;626.297;636.372;636.347;6287300
2000-02-01;636.761;638.376;613.53;616.856;616.832;5164600
2000-02-02;617.104;621.723;601.457;603.576;603.553;5577200
2000-02-03;603.051;615.014;600.156;614.31;614.286;4240700
2000-02-04;614.31;634.998;614.31;634.998;634.973;6097900
2000-02-07;635.341;641.167;631.975;636.428;636.403;5173700
2000-02-08;637.955;639.752;627.204;629.9;629.876;4267400
2000-02-09;631.426;632.451;626.086;632.451;632.426;8965100
2000-02-10;631.408;642.138;630.025;639.253;639.228;22673200
2000-02-11;639.051;640.934;630.654;635.078;635.053;12484900
2000-02-14;634.624;638.091;632.097;633.715;633.69;8869800
2000-02-15;634.675;641.606;634.675;636.895;636.87;6730200
2000-02-16;637.283;637.283;618.903;621.902;621.878;6584900
2000-02-17;621.324;623.703;595.116;600.174;600.151;6388600
2000-02-18;600.057;604.575;577.959;599.573;599.55;4987800
2000-02-21;599.573;599.573;589.769;592.988;592.965;3970400
2000-02-22;593.052;596.114;580.517;583.42;583.397;3728800
2000-02-23;583.551;591.786;580.842;584.428;584.405;3912000
2000-02-24;584.688;587.282;570.98;573.487;573.465;3614400
2000-02-25;573.782;575.664;565.347;568.555;568.533;3225700
2000-02-28;568.166;579.492;567.152;576.542;576.52;3440800
2000-03-01;577.786;581.933;561.714;565.478;565.456;5175200
2000-03-02;565.481;565.481;543.281;546.528;546.507;4226200
2000-03-03;547.329;548.553;528.204;548.553;548.532;4418400
2000-03-06;549.454;571.569;549.454;566.71;566.688;6469200
2000-03-07;565.949;565.949;555.452;562.759;562.737;5288400
2000-03-08;562.178;571.109;552.005;570.052;570.03;5105500
2000-03-09;570.525;589.822;570.525;585.18;585.157;7215800
2000-03-10;587.088;598.039;587.088;596.182;596.159;6034600
2000-03-13;596.182;599.822;583.579;587.576;587.553;4511900
2000-03-14;587.845;590.185;580.853;585.921;585.898;2187300
2000-03-15;585.623;587.659;579.628;586.869;586.846;3257100
2000-03-17;588.317;598.41;587.58;590.852;590.829;3974500
2000-03-20;590.713;590.713;581.327;584.876;584.853;2483200
2000-03-21;584.789;585.006;575.401;578.965;578.943;2467400
2000-03-22;579.575;586.865;579.575;586.865;586.842;3875900
2000-03-23;586.871;593.204;582.679;586.007;585.984;4339300
2000-03-24;586.613;589.032;578.059;581.473;581.45;4903500
2000-03-27;581.837;585.237;579.685;585.237;585.214;2628500
2000-03-28;585.268;588.732;582.216;588.732;588.709;3779900
2000-03-29;588.43;591.679;586.545;591.679;591.656;6757200
2000-03-30;591.679;593.399;581.834;583.276;583.253;6688700
2000-04-03;583.547;583.566;566.525;570.901;570.879;2897300
2000-04-05;570.874;570.874;556.597;564.182;564.16;2770800
2000-04-07;564.626;570.815;564.626;570.815;570.793;2238300
2000-04-10;571.082;571.42;566.64;569.617;569.595;1713600
2000-04-11;569.675;569.74;561.834;569.74;569.718;2645600
2000-04-12;569.897;570.023;561.101;564.737;564.715;2150800
2000-04-13;564.737;565.842;562.273;565.107;565.085;2718000
2000-04-14;565.089;565.291;553.543;556.788;556.766;3030000
2000-04-17;554.081;554.081;524.353;529.263;529.242;8658600
2000-04-18;530.062;536.622;525.769;528.259;528.238;3961700
2000-04-19;528.207;530.962;524.808;526.3;526.279;4194800
2000-04-20;526.3;526.396;519.213;526.396;526.375;2201000
2000-04-24;526.079;530.849;524.444;530.849;530.828;1693500
2000-04-25;529.731;529.731;515.62;519.043;519.023;2908500
2000-04-26;518.869;524.263;510.067;524.078;524.058;3425100
2000-04-27;523.664;523.664;519.179;521.62;521.6;1962700
2000-04-28;521.636;526.737;517.966;526.737;526.716;2651600
2000-05-01;526.832;526.87;521.506;524.609;524.589;1318300
2000-05-02;524.553;531.254;523.885;531.254;531.233;2978200
2000-05-03;531.271;539.809;529.106;535.311;535.29;2901700
2000-05-04;535.311;539.773;533.13;538.966;538.945;2740700
2000-05-05;539.049;545.61;539.049;545.61;545.589;2448700
2000-05-08;545.389;553.851;545.389;550.329;550.308;2665400
2000-05-09;550.622;550.767;537.887;547.672;547.651;1929800
2000-05-10;547.672;548.24;544.043;548.24;548.219;1945600
2000-05-11;546.726;546.726;527.433;529.201;529.18;2502300
2000-05-12;529.4;532.308;517.432;526.877;526.857;2240400
2000-05-15;526.589;526.589;512.784;516.43;516.41;1805100
2000-05-16;515.872;516.306;495.201;497.819;497.8;3678500
2000-05-17;497.819;514.851;497.819;514.851;514.831;3434800
2000-05-19;514.925;515.338;506.159;509.405;509.385;2287400
2000-05-22;507.819;507.819;496.802;499.768;499.749;2452400
2000-05-23;499.502;499.968;492.997;495.51;495.491;2857100
2000-05-24;495.205;495.205;487.822;493.204;493.185;2254200
2000-05-25;493.706;497.912;487.707;490.682;490.663;2499400
2000-05-26;489.716;489.716;474.63;482.073;482.054;4942700
2000-05-29;481.18;481.18;457.981;461.389;461.371;4986800
2000-05-30;461.106;468.708;441.636;468.708;468.69;5378700
2000-05-31;469.407;474.318;452.795;454.327;454.309;7688100
2000-06-02;454.993;459.143;440.463;444.448;444.431;4888100
2000-06-05;446.042;454.701;446.042;453.945;453.927;2727800
2000-06-06;453.144;453.144;444.917;452.762;452.744;2066700
2000-06-07;451.901;459.461;445.517;459.461;459.443;2689200
2000-06-08;460.744;478.209;459.964;478.209;478.19;6478600
2000-06-09;478.793;484.275;472.219;477.928;477.909;5284100
2000-06-12;478.628;484.391;473.472;476.033;476.014;3259700
2000-06-13;476.033;476.033;465.856;468.362;468.344;2270000
2000-06-14;468.376;475.933;466.097;475.933;475.914;2345200
2000-06-16;475.899;484.021;475.699;484.021;484.002;3365100
2000-06-19;484.021;491.278;481.83;490.688;490.669;7795500
2000-06-20;490.917;492.733;484.01;490.121;490.102;6012100
2000-06-21;490.026;494.492;484.669;494.492;494.473;3963100
2000-06-22;494.32;504.408;492.522;501.809;501.789;5716100
2000-06-23;501.977;503.145;495.165;503.145;503.125;3984100
2000-06-26;503.345;514.826;503.345;507.505;507.485;6344300
2000-06-27;507.869;512.321;499.464;502.051;502.031;3211300
2000-06-28;502.114;510.118;501.202;510.118;510.098;5009100
2000-06-29;510.241;513.268;508.693;512.597;512.577;5279500
2000-06-30;512.175;515.11;507.568;515.11;515.09;2464400
2000-07-03;514.658;514.658;496.454;503.856;503.836;4226100
2000-07-04;503.472;509.384;493.703;509.264;509.244;3631300
2000-07-05;508.43;516.496;505.588;512.466;512.446;6624500
2000-07-06;512.405;516.634;511.659;513.431;513.411;3986700
2000-07-07;513.431;513.892;505.144;508.108;508.088;3661200
2000-07-10;508.353;511.138;505.308;508.468;508.448;4146600
2000-07-11;509.023;512.617;508.697;512.617;512.597;3524500
2000-07-12;512.613;514.582;509.945;510.986;510.966;7038000
2000-07-13;511.091;511.835;504.507;505.921;505.901;7190500
2000-07-14;505.948;507.434;502.141;504.114;504.094;4344500
2000-07-17;504.211;508.604;504.211;506.802;506.782;1923000
2000-07-18;506.871;507.045;504.626;507.045;507.025;1887300
2000-07-19;507.088;513.778;507.088;513.778;513.758;4223100
2000-07-20;513.822;517.885;509.86;513.393;513.373;4796800
2000-07-21;513.934;514.362;508.058;508.794;508.774;4366500
2000-07-24;508.871;512.274;505.999;506.94;506.92;6697800
2000-07-25;506.903;506.903;498.981;499.677;499.658;3382400
2000-07-26;499.636;499.636;494.663;496.691;496.672;1763100
2000-07-27;496.513;499.179;494.838;499.179;499.16;2652700
2000-07-28;499.377;500.619;497.749;498.804;498.785;3082500
2000-07-31;498.709;498.709;489.352;492.193;492.174;2240600
2000-08-01;492.193;496.733;487.924;489.677;489.658;2907700
2000-08-02;489.809;491.237;487.204;490.437;490.418;4438600
2000-08-03;490.482;495.633;490.482;491.992;491.973;5116700
2000-08-04;491.97;494.932;491.97;494.16;494.141;3333500
2000-08-07;494.178;494.319;489.324;490.544;490.525;2875600
2000-08-08;490.518;491.515;483.045;485.08;485.061;3498500
2000-08-09;485.066;486.31;482.191;483.35;483.331;4221100
2000-08-10;483.724;490.923;483.724;488.619;488.6;9680300
2000-08-11;490.696;505.791;490.071;505.791;505.771;6696600
2000-08-14;506.391;510.157;502.167;504.067;504.047;7017500
2000-08-15;504.158;505.052;500.615;501.579;501.559;6671700
2000-08-16;501.561;501.561;495.157;496.4;496.381;7061900
2000-08-18;496.4;496.4;492.808;494.188;494.169;2971000
2000-08-21;494.164;499.679;492.75;497.394;497.375;6648900
2000-08-22;497.29;502.58;497.29;500.099;500.08;6601500
2000-08-23;500.244;503.396;499.549;503.396;503.376;6103000
2000-08-24;501.541;501.541;480.419;482.653;482.634;6102900
2000-08-25;482.654;486.907;482.654;486.907;486.888;5159000
2000-08-28;486.967;489.064;480.704;481.667;481.648;6505700
2000-08-29;481.437;481.437;469.749;470.838;470.82;6804900
2000-08-30;470.798;470.798;459.643;469.061;469.043;5611200
2000-08-31;469.068;470.328;462.516;466.38;466.362;7827300
2000-09-01;466.38;474.771;466.38;470.415;470.397;6303900
2000-09-04;470.76;475.781;470.76;475.356;475.337;5429800
2000-09-05;475.377;478.422;473.518;478.422;478.403;4418100
2000-09-06;478.502;478.945;474.736;475.546;475.527;5040100
2000-09-07;475.349;475.349;468.889;472.599;472.581;4086700
2000-09-08;472.836;473.107;470.087;470.925;470.907;2836900
2000-09-11;470.946;470.946;461.906;462.538;462.52;3316500
2000-09-12;462.353;462.353;449.176;451.045;451.027;4877300
2000-09-13;449.725;449.725;441.646;442.091;442.074;3783200
2000-09-18;440.917;440.917;408.582;411.033;411.017;6860800
2000-09-19;409.322;425.128;408.221;425.128;425.111;8128700
2000-09-20;425.371;428.454;418.551;419.352;419.336;7741200
2000-09-21;419.116;420.15;415.25;417.678;417.662;3846700
2000-09-22;417.398;417.398;405.204;406.915;406.899;4958800
2000-09-25;407.233;415.145;407.233;410.898;410.882;3055100
2000-09-26;410.548;411.854;408.417;411.854;411.838;2314200
2000-09-27;411.821;411.821;406.795;410.131;410.115;1962700
2000-09-28;410.131;415.523;407.709;415.523;415.507;5072300
2000-09-29;417.328;423.688;417.328;421.336;421.32;4651600
2000-10-02;421.16;432.239;421.073;432.239;432.222;3486700
2000-10-03;432.263;432.497;425.383;427.711;427.694;4589700
2000-10-04;427.639;427.639;415.769;418.83;418.814;5404100
2000-10-05;418.866;425.847;418.784;423.896;423.88;5792500
2000-10-06;423.92;424.109;421.021;421.996;421.98;4652400
2000-10-09;420.521;420.521;413.238;415.364;415.348;3102600
2000-10-10;415.219;415.219;410.193;412.915;412.899;3387000
2000-10-11;412.177;413.918;409.253;412.33;412.314;3614900
2000-10-12;411.97;414.273;408.025;408.424;408.408;4921700
2000-10-13;406.071;408.2;400.569;408.2;408.184;3380100
2000-10-16;408.747;415.112;408.747;411.75;411.734;14998400
2000-10-17;412.127;420.657;412.127;417.439;417.423;10139100
2000-10-18;418.026;420.868;416.11;416.948;416.932;6858200
2000-10-19;416.981;422.733;413.641;422.733;422.717;5531800
2000-10-20;426.996;430.855;419;420.331;420.315;5082700
2000-10-23;420.818;424.004;415.718;417.451;417.435;2747000
2000-10-24;417.079;419.79;416.467;418.641;418.625;2147700
2000-10-26;418.199;418.199;411.771;414.16;414.144;1793700
2000-10-27;414.16;414.398;409.897;411.843;411.827;4399500
2000-10-30;411.788;411.788;401.687;404.115;404.099;4043200
2000-10-31;403.635;405.347;399.073;405.347;405.331;4338100
2000-11-01;406.895;411.252;406.895;409.362;409.346;3515000
2000-11-02;409.347;409.347;405.567;407.961;407.945;2388700
2000-11-03;409.099;410.173;406.908;409.834;409.818;1804200
2000-11-06;409.954;416.256;409.954;415.267;415.251;2076200
2000-11-07;415.41;421.033;415.41;421.033;421.017;3905400
2000-11-08;420.953;428.314;418.145;426.076;426.059;5890100
2000-11-09;425.54;428.035;419.26;421.472;421.456;3967700
2000-11-10;421.579;426.97;420.332;426.97;426.953;2905200
2000-11-13;426.838;426.838;421.786;423.664;423.648;2888600
2000-11-14;423.687;427.268;420.38;425.61;425.593;4333100
2000-11-15;426.579;428.565;417.467;418.719;418.703;4101800
2000-11-16;418.682;419.946;416.344;416.981;416.965;3360400
2000-11-17;417.043;421.143;417.043;421.143;421.127;3214600
2000-11-20;421.118;426.937;421.072;426.293;426.276;4988400
2000-11-21;426.285;428.082;423.857;425.516;425.499;3619600
2000-11-22;425.396;434.085;425.396;431.702;431.685;5323500
2000-11-23;431.79;435.704;429.569;433.548;433.531;4863100
2000-11-24;433.492;436.121;431.835;434.211;434.194;3159100
2000-11-27;434.297;435.589;428.102;431.24;431.223;2337000
2000-11-28;430.041;430.041;424.475;426.943;426.926;2043200
2000-11-29;426.355;426.355;422.18;425.302;425.285;1800300
2000-11-30;425.302;429.214;424.23;429.214;429.197;3671500
2000-12-01;428.273;428.592;426.054;427.552;427.535;3000900
2000-12-04;427.592;431.138;427.592;429.904;429.887;3401900
2000-12-05;429.66;431.435;428.43;431.435;431.418;4679100
2000-12-06;433.931;435.293;431.757;433.722;433.705;4017400
2000-12-07;432.785;435.642;430.772;435.642;435.625;6859600
2000-12-08;436.115;438.592;429.748;431.808;431.791;2402700
2000-12-11;432.164;432.164;419.521;421.473;421.457;4599300
2000-12-12;421.918;423.749;412.658;415.177;415.161;2827300
2000-12-13;415.243;420.438;414.578;420.438;420.422;2584900
2000-12-14;420.19;423.663;416.216;419.196;419.18;3524400
2000-12-15;418.178;423.684;417.002;423.684;423.668;3913500
2000-12-18;423.78;424.732;416.078;418.553;418.537;2856000
2000-12-19;418.572;420.445;416.634;418.783;418.767;2457400
2000-12-20;418.893;420.538;412.038;414.87;414.854;2310200
2000-12-21;414.528;415.179;410.939;415.103;415.087;2059800
2000-12-22;414.318;418.815;412.532;416.321;416.305;2050800
2001-01-02;415.372;415.372;407.597;410.205;410.189;843700
2001-01-03;409.601;409.601;402.382;405.829;405.813;1825000
2001-01-04;407.27;409.957;405.271;409.827;409.811;3289300
2001-01-05;410.9;418.82;410.9;418.82;418.804;6210600
2001-01-08;418.748;418.748;413.153;415.766;415.75;3666200
2001-01-09;415.766;418.974;412.959;415.273;415.257;4371400
2001-01-10;415.326;418.229;414.592;417.519;417.503;4218000
2001-01-11;416.944;416.944;408.083;410.381;410.365;2815800
2001-01-12;409.782;411.183;404.732;407.365;407.349;6231700
2001-01-15;407.686;412.806;407.686;411.976;411.96;5463000
2001-01-16;411.976;415.211;411.976;415.089;415.073;9510200
2001-01-17;415.841;418.397;410.401;414.665;414.649;3875800
2001-01-18;416.033;417.589;414.122;416.345;416.329;8992000
2001-01-19;416.402;416.402;409.098;411.558;411.542;4991800
2001-01-22;412.592;417.908;412.592;417.908;417.892;3624200
2001-01-23;415.678;416.583;413.657;415.743;415.727;2837000
2001-01-24;415.547;416.967;413.865;416.967;416.951;1379100
2001-01-25;416.998;418.287;415.539;417.13;417.114;3101300
2001-01-26;417.13;417.13;414.698;416.788;416.772;5595700
2001-01-29;416.001;416.001;408.501;413.052;413.036;10312000
2001-01-30;413.052;416.325;413.052;416.325;416.309;3895900
2001-01-31;416.85;425.614;416.182;425.614;425.597;9848600
2001-02-01;426.266;430.895;422.303;430.581;430.564;7425200
2001-02-02;431.094;454.298;430.661;451.979;451.961;16324700
2001-02-05;461.134;469.812;456.335;458.952;458.934;15298400
2001-02-06;456.648;456.648;447.701;450.11;450.092;8980600
2001-02-07;449.383;449.383;438.673;444.333;444.316;6750500
2001-02-08;444.156;445.454;438.122;440.776;440.759;6652700
2001-02-09;440.646;440.646;422.895;427.914;427.897;5066900
2001-02-12;427.914;427.914;421.437;424.465;424.448;3611400
2001-02-13;424.465;428.617;424.277;426.172;426.155;6070300
2001-02-14;425.489;425.489;420.807;423.214;423.198;1684000
2001-02-15;427.699;441.023;427.699;440.223;440.206;9789400
2001-02-16;439.187;439.485;430.813;432.079;432.062;4848800
2001-02-19;430.541;436.946;429.941;435.139;435.122;3451500
2001-02-20;435.339;436.313;431.801;433.681;433.664;3617400
2001-02-21;434.178;442.516;434.178;439.903;439.886;4996800
2001-02-22;440.425;440.425;435.699;437.03;437.013;2850200
2001-02-23;436.013;439.107;434.957;438.646;438.629;4208800
2001-02-26;438.172;438.172;429.662;432.15;432.133;2356300
2001-02-27;432.15;435.134;429.679;433.308;433.291;3115900
2001-02-28;432.678;432.678;426.157;428.303;428.286;3128900
2001-03-01;426.645;426.645;422.408;424.03;424.013;3279300
2001-03-02;423.596;429.303;423.305;426.127;426.11;3459900
2001-03-06;425.857;431.518;425.857;431.518;431.501;3102200
2001-03-07;431.735;435.375;429;430.55;430.533;3252300
2001-03-08;430.55;432.965;426.763;428.036;428.019;1967400
2001-03-09;427.906;427.906;412.745;414.106;414.09;4469600
2001-03-12;411.877;411.877;391.197;396.611;396.596;6180600
2001-03-13;391.886;392.774;383.649;385.906;385.891;7334400
2001-03-14;387.69;394.9;387.69;389.193;389.178;4154100
2001-03-15;386.148;386.925;381.517;386.863;386.848;4827400
2001-03-16;387.591;388.237;378.426;380.515;380.5;5167300
2001-03-19;378.806;378.806;364.686;367.142;367.128;4749300
2001-03-20;367.142;367.887;358.206;360.449;360.435;6302600
2001-03-21;359.4;369.075;352.671;369.075;369.061;11898900
2001-03-22;366.653;367.708;360.807;363.182;363.168;19105700
2001-03-23;362.051;371.472;362.051;371.472;371.458;12217200
2001-03-27;371.6;376.621;367.674;369.303;369.289;6796500
2001-03-28;369.249;375.18;368.99;375.18;375.165;8288800
2001-03-29;374.233;381.773;372.306;381.773;381.758;5994300
2001-03-30;383.876;387.889;379.684;381.05;381.035;4624900
2001-04-02;381.046;381.263;374.37;375.032;375.017;5068000
2001-04-03;374.056;374.056;369.748;372.653;372.638;6540000
2001-04-04;371.308;371.308;365.026;367.408;367.394;5560100
2001-04-05;367.35;368.922;361.313;362.468;362.454;7787600
2001-04-06;364.063;367.549;363.532;364.343;364.329;4124700
2001-04-09;363.315;364.738;361.221;362.276;362.262;4898200
2001-04-10;362.29;369.332;362.29;369.197;369.183;6086800
2001-04-11;371.597;373.845;364.967;367.156;367.142;4239300
2001-04-12;367.689;368.854;364.61;365.983;365.969;2594800
2001-04-16;365.822;365.822;361.589;363.211;363.197;2994900
2001-04-17;363.567;363.567;358.116;360.037;360.023;4705200
2001-04-18;360.157;360.699;354.203;356.23;356.216;3732600
2001-04-19;357.286;359.978;345.518;349.308;349.294;5037600
2001-04-20;348.378;348.378;338.179;342.858;342.845;5864700
2001-04-23;342.323;346.407;340.155;346.407;346.394;5379800
2001-04-24;346.626;348.099;345.314;348.099;348.085;4739800
2001-04-25;348.111;353.736;348.111;353.181;353.167;7304700
2001-04-26;352.423;352.423;349.306;351.336;351.322;3699500
2001-04-27;350.316;351.786;345.573;351.562;351.548;5261300
2001-04-30;351.635;358.232;350.176;358.232;358.218;4904800
2001-05-01;359.402;365.789;357.81;362.228;362.214;10001700
2001-05-02;362.791;366.398;361.663;362.722;362.708;5127600
2001-05-03;362.761;373.726;362.284;371.939;371.925;7538800
2001-05-04;371.989;377.196;370.708;375.558;375.543;6771500
2001-05-08;375.854;377.459;371.115;372.974;372.959;4880800
2001-05-09;372.127;372.127;367.016;372.111;372.097;3160500
2001-05-10;372.178;374.051;367.428;369.033;369.019;5611800
2001-05-11;368.711;370.359;366.741;370.359;370.345;6084100
2001-05-14;370.432;370.919;367.859;368.282;368.268;3510100
2001-05-15;367.732;370.876;367.345;370.876;370.862;3606000
2001-05-16;371.079;376.364;371.079;376.228;376.213;7958500
2001-05-17;376.878;379.521;375.279;376.702;376.687;7742000
2001-05-18;376.996;376.996;374.365;376.796;376.781;3484500
2001-05-21;376.205;380.38;373.377;380.38;380.365;3510600
2001-05-22;380.437;382.372;378.109;379.67;379.655;5246000
2001-05-23;379.342;380.679;377.847;380.679;380.664;2540300
2001-05-25;380.7;390.245;380.13;390.124;390.109;5295000
2001-05-28;391.928;394.429;387.644;392.788;392.773;5509500
2001-05-29;392.755;406.538;392.755;406.384;406.368;16025400
2001-05-30;406.553;414.137;403.372;408.927;408.911;18362400
2001-05-31;409.423;412.718;404.022;405.863;405.847;14076100
2001-06-01;405.783;408.784;393.563;396.514;396.499;9669500
2001-06-05;394.942;396.46;386.497;396.46;396.445;7456200
2001-06-06;397.617;400.482;395.773;397.602;397.587;9145000
2001-06-07;396.857;399.669;394.883;397.964;397.949;6509000
2001-06-08;397.939;399.237;396.926;398.811;398.795;4091500
2001-06-11;398.883;404.479;397.707;404.479;404.463;5934500
2001-06-12;405.668;417.049;404.538;417.049;417.033;9973400
2001-06-13;417.772;419.328;414.806;417.083;417.067;5494000
2001-06-14;416.408;419.131;413.825;416.737;416.721;6136900
2001-06-15;416.128;417.562;414.224;417.562;417.546;8671700
2001-06-18;416.578;421.473;415.239;421.473;421.457;4311000
2001-06-19;421.457;426.27;421.31;424.042;424.025;4700600
2001-06-20;423.709;432.321;423.709;432.321;432.304;5110400
2001-06-21;432.722;435.211;427.582;435.211;435.194;8386500
2001-06-22;435.402;437.595;432.736;437.595;437.578;5016300
2001-06-25;437.595;440.045;434.318;435.752;435.735;4432800
2001-06-26;435.197;439.037;434.958;438.406;438.389;8248200
2001-06-27;438.465;438.465;433.404;436.125;436.108;9717600
2001-06-28;436.036;436.036;423.888;428.474;428.457;9646900
2001-06-29;428.279;437.62;427.102;437.62;437.603;7250400
2001-07-02;437.31;437.31;430.15;431.336;431.319;2864200
2001-07-03;431.291;433.43;427.448;428.655;428.638;5997800
2001-07-04;429.366;429.366;426.501;429.007;428.99;5828400
2001-07-05;428.918;431.627;427.872;431.005;430.988;3198300
2001-07-06;430.898;432.878;428.611;432.878;432.861;7230600
2001-07-09;432.003;434.798;430.283;434.538;434.521;13562200
2001-07-10;434.555;437.475;430.599;435.604;435.587;16116400
2001-07-11;435.397;437.745;433.062;437.427;437.41;13932300
2001-07-12;437.648;443.899;437.648;441.466;441.449;20033700
2001-07-13;441.696;448.281;441.696;446.128;446.111;12112000
2001-07-16;446.27;449.576;440.379;443.324;443.307;6587200
2001-07-17;443.471;446.595;440.304;446.445;446.428;7004500
2001-07-18;446.786;453.301;446.786;453.301;453.283;8104600
2001-07-19;453.323;463.899;453.318;463.261;463.243;18280900
2001-07-20;464.288;466.106;458.388;460.908;460.89;15191100
2001-07-23;463.359;478.368;463.359;470.229;470.211;29457400
2001-07-24;472.179;472.179;454.832;457.918;457.9;22755300
2001-07-25;456.776;456.776;444.97;447.625;447.608;14623000
2001-07-26;447.942;453.839;441.971;443.694;443.677;10398100
2001-07-27;443.695;447.381;440.01;447.381;447.364;5863600
2001-07-30;447.467;451.274;446.561;449.191;449.174;8052100
2001-07-31;448.871;449.133;441.396;444.081;444.064;6193500
2001-08-01;443.546;444.761;441.475;443.194;443.177;4629100
2001-08-02;443.269;443.563;433.986;436.461;436.444;5233700
2001-08-03;436.461;436.461;430.465;435.15;435.133;3524400
2001-08-06;435.15;435.15;428.278;430.81;430.793;4694200
2001-08-07;429.788;434.706;427.876;432.936;432.919;4851200
2001-08-08;432.391;442.526;432.065;442.526;442.509;7137000
2001-08-09;443.553;446.136;428.677;430.693;430.676;9459400
2001-08-10;430.759;436.757;430.759;435.674;435.657;3715000
2001-08-13;436.118;442.53;436.118;441.181;441.164;6441100
2001-08-14;442.401;444.313;439.054;441.897;441.88;7034000
2001-08-15;441.847;441.847;434.472;436.406;436.389;3729600
2001-08-16;435.928;436.9;432.611;435.319;435.302;5677800
2001-08-20;435.336;439.038;433.954;437.869;437.852;3909500
2001-08-21;437.889;440.329;436.321;437.197;437.18;29562000
2001-08-22;437.771;441.978;437.771;441.978;441.961;2830200
2001-08-23;441.786;441.786;436.446;439.69;439.673;6521000
2001-08-24;439.683;441.982;438.366;441.219;441.202;3160200
2001-08-27;441.445;443.749;439.866;441.307;441.29;4523700
2001-08-28;441.173;442.936;439.743;440.94;440.923;5678900
2001-08-29;440.292;441.299;435.854;437.841;437.824;5299100
2001-08-30;437.361;437.361;431.248;434.318;434.301;3462100
2001-08-31;433.862;436.031;433.373;435.552;435.535;4770600
2001-09-03;435.473;435.535;430.91;432.772;432.755;2473900
2001-09-04;432.775;441.163;431.79;441.163;441.146;4964700
2001-09-05;441.186;445.023;438.674;442.232;442.215;6434800
2001-09-06;442.524;448.69;441.602;448.69;448.673;6797600
2001-09-07;448.208;449.268;442.498;443.806;443.789;3904200
2001-09-10;443.193;443.601;440.773;443.601;443.584;4316500
2001-09-11;444.105;445.477;441.766;445.477;445.46;4793000
2001-09-12;439.928;439.928;427.707;429.847;429.83;8814900
2001-09-13;431.47;434.042;429.646;432.567;432.55;12150900
2001-09-14;432.461;433.199;423.447;425.653;425.636;4804400
2001-09-17;422.986;422.986;403.657;407.25;407.234;7314700
2001-09-18;409.656;417.701;409.656;413.833;413.817;6160700
2001-09-19;414.018;422.761;414.018;422.45;422.434;5313400
2001-09-20;420.4;422.346;417.256;422.346;422.33;6622800
2001-09-21;421.566;421.566;412.952;414.427;414.411;4328500
2001-09-24;414.089;414.089;403.318;410.394;410.378;3242500
2001-09-25;412.678;415.885;407.856;409.087;409.071;4559500
2001-09-26;407.732;408.115;397.592;401.018;401.002;3877200
2001-09-27;401.234;401.234;394.196;395.044;395.029;2988700
2001-09-28;395.084;398.156;388.951;392.479;392.464;9887000
2001-10-01;392.467;394.976;385.687;388.675;388.66;2858700
2001-10-02;388.027;388.027;375.152;377.232;377.217;4008900
2001-10-03;377.226;377.441;361.672;371.488;371.474;5159900
2001-10-04;373.074;381.241;371.868;381.241;381.226;5227000
2001-10-05;381.533;382.658;378.173;381.588;381.573;3833700
2001-10-08;375.116;375.116;362.459;367.073;367.059;6233600
2001-10-09;367.023;371.832;366.694;369.797;369.783;5410200
2001-10-10;369.339;371.157;367.468;368.297;368.283;2720400
2001-10-11;369.562;372.628;369.562;370.589;370.575;3511600
2001-10-12;371.03;379.107;371.03;378.598;378.583;4177300
2001-10-16;378.604;379.699;376.398;378.88;378.865;2097400
2001-10-17;379.024;381.369;376.823;381.369;381.354;2617800
2001-10-18;381.249;385.165;379.979;385.165;385.15;4572600
2001-10-19;384.686;387.854;384.057;387.854;387.839;4250100
2001-10-22;387.59;391.76;385.551;391.76;391.745;5118800
2001-10-23;392.532;394.721;391.462;391.785;391.77;5074900
2001-10-24;392.314;392.893;385.141;385.961;385.946;3858100
2001-10-25;385.748;390.435;385.502;390.435;390.42;2012400
2001-10-26;389.899;389.899;385.898;387.822;387.807;2174500
2001-10-29;388.114;389.48;381.89;384.328;384.313;2330300
2001-10-30;382.392;382.392;375.989;378.362;378.347;3387700
2001-10-31;377.97;384.308;376.842;383.735;383.72;3876400
2001-11-01;383.98;384.379;380.532;381.999;381.984;6874200
2001-11-02;382.01;382.422;377.938;380.652;380.637;3507800
2001-11-05;379.72;379.72;373.336;375.214;375.199;2362500
2001-11-06;375.596;376.329;373.123;375.429;375.414;5529200
2001-11-07;375.988;378.292;375.069;377.501;377.486;3645500
2001-11-08;377.29;381.837;376.915;381.837;381.822;3622800
2001-11-09;381.842;382.196;375.593;377.34;377.325;348300
2001-11-12;377.1;377.113;368.619;371.362;371.348;2436500
2001-11-13;370.284;370.284;366.007;369.248;369.234;5307500
2001-11-14;369.969;373.253;369.921;372.789;372.774;3840300
2001-11-15;373.128;378.928;372.677;378.377;378.362;5466900
2001-11-16;378.832;379.3;377.337;378.67;378.655;2969700
2001-11-19;378.198;382.787;377.495;382.787;382.772;4577000
2001-11-20;383.555;386.343;380.673;381.838;381.823;5401300
2001-11-21;383.201;384.852;379.579;382.094;382.079;5193300
2001-11-22;382.103;382.103;378.99;380.834;380.819;3352200
2001-11-23;380.834;382.937;380.815;382.704;382.689;4098600
2001-11-26;383.192;384.584;378.723;381.428;381.413;3714300
2001-11-27;381.541;383.184;378.152;380.976;380.961;4932900
2001-11-28;380.976;383.413;379.966;382.901;382.886;3899100
2001-11-29;382.925;383.48;378.195;380.193;380.178;3220200
2001-11-30;380.402;380.913;376.98;380.308;380.293;3154700
2001-12-03;380.203;382.073;379.13;380.8;380.785;3579900
2001-12-04;380.639;381.031;376.216;377.557;377.542;4771700
2001-12-05;377.557;379.559;377.103;377.942;377.927;2291700
2001-12-06;379.229;380.464;377.003;379.355;379.34;3480200
2001-12-07;379.512;379.864;375.849;377.211;377.196;3488900
2001-12-10;377.257;378.086;371.234;373.863;373.848;14350800
2001-12-11;372.637;372.637;368.465;371.246;371.232;3028700
2001-12-12;371.246;373.491;370.842;372.853;372.838;2406000
2001-12-13;373.348;375.342;373.002;374.69;374.675;4959400
2001-12-19;375.578;376.687;371.803;375.074;375.059;2275500
2001-12-20;375.562;377.828;374.23;377.828;377.813;1963800
2001-12-21;376.699;378.251;374.968;378.251;378.236;3358200
2001-12-26;378.251;378.368;376.87;377.968;377.953;1747300
2001-12-27;378.293;379.967;376.556;379.967;379.952;2794500
2001-12-28;380.101;392.036;378.816;392.036;392.021;6092500
2002-01-02;387.309;387.309;381.025;383.458;383.443;1941400
2002-01-03;383.458;383.458;377.703;381.512;381.497;1432500
2002-01-04;383.064;388.283;383.064;385.201;385.186;3742400
2002-01-07;385.771;388.724;384.41;388.724;388.709;4006400
2002-01-08;388.099;391.445;386.419;387.694;387.679;4142200
2002-01-09;387.72;391.498;387.343;391.498;391.483;4170100
2002-01-10;391.768;402.069;391.533;402.069;402.053;4924300
2002-01-11;403.799;417.48;403.799;411.775;411.759;10567200
2002-01-14;413.756;416.485;410.454;415.837;415.821;4600800
2002-01-15;416.485;421.915;416.485;421.254;421.238;7771500
2002-01-16;422.015;432.581;421.575;423.585;423.569;11699000
2002-01-17;422.55;425.042;417.88;425.042;425.025;3511200
2002-01-18;425.109;429.651;425.109;426.411;426.394;3981000
2002-01-21;426.622;429.032;425.341;426.151;426.134;3178100
2002-01-22;425.779;428.836;424.891;428.472;428.455;2582700
2002-01-23;428.986;433.975;428.777;433.975;433.958;5566400
2002-01-24;435.1;448.63;435.1;445.856;445.839;10365400
2002-01-25;446.569;453.438;446.569;452.459;452.441;6705200
2002-01-28;452.459;452.459;440.784;441.567;441.55;7251000
2002-01-29;440.987;448.626;440.987;446.84;446.823;4614900
2002-01-30;446.44;446.44;441.876;444.424;444.407;3069900
2002-01-31;444.524;451.636;444.524;451.636;451.618;6268200
2002-02-01;453.173;455.943;450.957;454.282;454.264;9846100
2002-02-04;453.912;453.912;449.474;451.172;451.154;2713900
2002-02-05;451.215;453.507;449.244;450.49;450.472;4117600
2002-02-06;450.96;452.23;441.819;446.21;446.193;6017300
2002-02-07;446.365;446.365;431.029;433.17;433.153;6153100
2002-02-08;431.585;437.74;428.906;436.98;436.963;3844900
2002-02-11;437.789;439.019;434.685;438.847;438.83;2488800
2002-02-13;438.919;438.919;435.629;436.789;436.772;2834600
2002-02-14;437.275;439.952;437.062;439.402;439.385;5957800
2002-02-15;439.397;449.381;438.94;449.381;449.364;6319500
2002-02-18;449.451;462.559;449.451;462.349;462.331;11289600
2002-02-19;462.286;466.674;456.916;460.695;460.677;11856000
2002-02-20;459.597;460.079;455.821;458.458;458.44;8174500
2002-02-21;458.711;461.835;456.561;459.387;459.369;10323100
2002-02-25;459.826;459.826;445.794;449.316;449.299;8334600
2002-02-26;449.923;451.105;446.65;448.688;448.671;5883100
2002-02-27;449.796;455.019;449.796;454.502;454.484;5270400
2002-02-28;454.018;456.458;448.932;453.246;453.228;7746500
2002-03-01;452.943;452.943;449.102;452.162;452.144;3311800
2002-03-04;453.565;455.286;453.221;455.187;455.169;3547500
2002-03-05;455.978;460.657;455.978;459.271;459.253;4958000
2002-03-06;459.55;476.961;459.55;476.961;476.942;5894400
2002-03-07;472.481;476.166;471.923;472.39;472.372;15627200
2002-03-08;473.022;476.382;472.99;475.115;475.096;6353300
2002-03-11;474.304;478.278;473.255;474.026;474.008;10720900
2002-03-12;474.101;474.359;466.343;469.366;469.348;7989400
2002-03-13;469.237;474.415;468.556;474;473.982;6004000
2002-03-14;474.189;474.189;467.063;467.991;467.973;13227000
2002-03-18;467.966;469.676;464.231;469.676;469.658;15240800
2002-03-19;470.117;472.308;470.117;471.643;471.625;20219500
2002-03-20;471.687;477.754;471.082;477.286;477.267;20054300
2002-03-21;477.499;485.578;477.499;480.647;480.628;20282000
2002-03-22;480.694;485.276;480.399;484.732;484.713;10660500
2002-03-25;484.507;484.507;478.501;479.428;479.409;6804300
2002-03-26;480.355;483.889;480.355;481.862;481.843;8203600
2002-03-27;483.174;485.055;477.359;481.286;481.267;17033800
2002-03-28;481.286;488.128;479.935;481.775;481.756;18182100
2002-04-01;482.525;486.668;481.007;486.668;486.649;10455800
2002-04-02;487.178;491.79;485.949;489.089;489.07;14900200
2002-04-03;489.048;492.08;487.934;488.157;488.138;6984600
2002-04-04;489.811;502.5;489.811;502.5;502.48;12811200
2002-04-05;500.942;509.9;500.942;508.994;508.974;18495100
2002-04-08;509.301;518.094;509.139;515.08;515.06;18794900
2002-04-09;515.493;520.629;514.208;520.001;519.981;10003700
2002-04-10;521.801;533.808;521.013;533.808;533.787;19178800
2002-04-11;534.313;540.617;528.236;531.513;531.492;27759800
2002-04-12;530.272;539.909;527.791;539.27;539.249;21800600
2002-04-15;541.063;551.969;541.063;549.838;549.817;25433200
2002-04-16;550.929;557.593;548.329;551.607;551.586;26943000
2002-04-17;553.215;556.126;539.065;542.274;542.253;29701500
2002-04-18;542.195;546.72;529.851;534.838;534.817;18087100
2002-04-19;534.542;534.542;527.055;532.781;532.76;15641200
2002-04-22;533.811;540.63;533.811;535.685;535.664;13752900
2002-04-23;535.656;544.672;535.656;543.061;543.04;15172600
2002-04-24;544.066;546.956;539.307;544.262;544.241;12140300
2002-04-25;545.059;547.26;540.952;544.587;544.566;15952000
2002-04-26;544.869;544.869;535.808;539.963;539.942;7393200
2002-04-29;539.894;539.894;524.584;525.859;525.839;7356900
2002-04-30;525.413;535.232;525.205;534.062;534.041;8233300
2002-05-01;534.11;536.788;531.304;534.72;534.699;5962800
2002-05-02;535.226;539.7;533.92;539.7;539.679;8304200
2002-05-03;539.676;544.083;539.52;544.083;544.062;8304200
2002-05-06;544.064;544.064;539.124;539.808;539.787;9046600
2002-05-07;539.972;544.886;537.879;544.886;544.865;6903400
2002-05-08;545.247;550.48;545.247;547.741;547.72;14111300
2002-05-10;547.988;551.042;542.801;543.905;543.884;7725800
2002-05-13;544.232;544.65;533.614;537.144;537.123;5599700
2002-05-14;537.153;539.313;534.373;538.628;538.607;6066900
2002-05-15;539.135;540.488;534.663;538.887;538.866;10490700
2002-05-16;537.744;537.744;529.042;529.745;529.724;893500
2002-05-17;530.081;533.49;530.081;531.578;531.557;7064200
2002-05-20;531.639;531.639;524.884;526.934;526.914;7591700
2002-05-21;526.876;527.384;523.341;525.335;525.315;4852400
2002-05-22;525.328;525.359;506.553;511.631;511.611;8508000
2002-05-23;511.651;511.651;495.982;503.669;503.649;8556700
2002-05-24;504.078;508.374;502.697;506.955;506.935;5391100
2002-05-27;506.96;513.83;506.102;512.794;512.774;5914600
2002-05-28;512.819;516.175;510.319;513.584;513.564;6064700
2002-05-29;513.644;520.691;513.002;520.691;520.671;10814200
2002-05-30;520.726;524.425;520.083;522.549;522.529;9671600
2002-05-31;522.966;530.79;522.966;530.79;530.769;6942500
2002-06-03;530.817;530.968;521.87;523.87;523.85;5928200
2002-06-04;522.984;522.984;517.285;518.935;518.915;3885400
2002-06-05;519.475;523.023;518.613;520.465;520.445;4710200
2002-06-06;520.632;521.045;511.605;513.726;513.706;4043900
2002-06-07;512.724;514.486;510.613;514.028;514.008;4307200
2002-06-10;513.795;513.795;508.47;511.366;511.346;4540500
2002-06-11;510.923;516.821;510.923;516.821;516.801;5557000
2002-06-12;517.13;523.965;516.239;523.965;523.945;8484600
2002-06-13;524.029;540.08;524.029;540.08;540.059;16681400
2002-06-14;540.878;545.037;536.679;545.004;544.983;12060800
2002-06-17;544.516;544.516;540.5;544.513;544.492;7134100
2002-06-18;545.04;547.235;537.581;539.816;539.795;10121400
2002-06-19;539.816;539.816;529.72;534.52;534.499;6038100
2002-06-20;534.484;534.484;529.698;530.002;529.981;3078700
2002-06-21;530.387;530.738;522.673;525.863;525.842;2625100
2002-06-24;525.414;525.414;515.226;518.811;518.791;3914000
2002-06-25;518.436;518.436;513.59;516.959;516.939;5047000
2002-06-26;515.99;516.117;498.743;503.5;503.48;5971200
2002-06-27;503.385;510.419;503.385;506.866;506.846;5735100
2002-06-28;507.879;511.467;501.634;505.009;504.989;4294300
2002-07-01;505.144;505.596;488.439;492.266;492.247;7658000
2002-07-02;491.613;491.613;473.994;483.78;483.761;7248600
2002-07-03;483.178;483.178;476.225;478.534;478.515;4327600
2002-07-04;479.09;488.724;479.09;488.724;488.705;5915200
2002-07-05;489.727;495.108;489.727;492.78;492.761;10034900
2002-07-08;494.595;497.585;484.615;484.615;484.596;3520700
2002-07-09;484.245;487.141;478.928;480.309;480.29;2790100
2002-07-10;480.392;480.392;472.512;477.375;477.356;3767700
2002-07-11;475.43;475.43;470.144;470.819;470.801;3365400
2002-07-12;471.746;479.893;471.746;479.613;479.594;4037500
2002-07-15;479.651;484.472;478.977;480.902;480.883;6580900
2002-07-16;481.491;482.214;479.155;481.767;481.748;4735600
2002-07-17;481.767;481.767;475.585;479.377;479.358;8731800
2002-07-18;479.567;488.22;479.567;488.22;488.201;4694900
2002-07-19;487.265;487.265;482.929;484.85;484.831;4276200
2002-07-22;483.21;483.21;472.937;475.274;475.255;7828100
2002-07-23;472.265;477.277;470.118;477.081;477.062;6371700
2002-07-24;476.231;476.231;458.397;460.028;460.01;8261200
2002-07-25;461.14;463.804;452.087;453.155;453.137;6290900
2002-07-26;452.069;452.069;440.168;441.875;441.858;11130200
2002-07-29;442.137;455.401;439.274;455.086;455.068;8635100
2002-07-30;456.636;468.873;456.636;462.819;462.801;7221000
2002-07-31;462.788;463.765;456.756;463.669;463.651;5659700
2002-08-01;462.944;466.947;459.75;461.283;461.265;4137200
2002-08-02;459.747;459.747;454.845;456.315;456.297;2586000
2002-08-05;456.315;456.315;448.177;449.873;449.855;8952800
2002-08-06;447.426;447.426;437.716;440.932;440.915;5213600
2002-08-07;444.529;448.394;444.529;447.061;447.044;6810000
2002-08-08;448.075;450.585;445.738;446.465;446.448;7124600
2002-08-09;446.724;451.835;446.724;450.236;450.218;4090000
2002-08-12;451.21;451.21;446.934;448.518;448.501;4162900
2002-08-13;448.292;450.971;447.727;450.971;450.953;4043700
2002-08-14;450.247;450.247;446.23;447.68;447.663;4594100
2002-08-15;448.316;449.261;445.488;448.733;448.716;4597100
2002-08-16;448.733;452.323;447.956;450.985;450.967;3209500
2002-08-19;450.985;451.449;448.314;451.449;451.431;3868000
2002-08-20;453.132;456.751;453.132;456.751;456.733;9726800
2002-08-21;456.736;457.224;452.842;457.224;457.206;5853500
2002-08-22;459.163;460.145;452.815;454.345;454.327;3882700
2002-08-23;454.722;459.355;454.722;458.271;458.253;4050100
2002-08-26;458.039;458.19;454.557;456.409;456.391;3626400
2002-08-27;456.336;456.879;449.919;452.064;452.046;2140300
2002-08-28;451.415;451.415;440.198;442.969;442.952;2376300
2002-08-29;442.969;442.969;437.044;438.924;438.907;2925400
2002-08-30;438.567;443.674;438.471;443.674;443.657;2527500
2002-09-02;443.027;443.402;438.364;439.989;439.972;2813900
2002-09-03;439.917;439.917;426.998;429.988;429.971;4325200
2002-09-04;427.417;427.417;415.663;420.442;420.426;5188500
2002-09-05;422.032;427.821;422.032;427.119;427.102;6089400
2002-09-06;425.36;428.911;422.123;427.8;427.783;2411100
2002-09-09;429.177;430.448;427.286;430.271;430.254;2180900
2002-09-10;430.368;431.402;425.951;429.336;429.319;2592400
2002-09-11;429.287;430.151;426.227;430.121;430.104;2579800
2002-09-12;431.042;431.434;427.1;428.183;428.166;2857000
2002-09-13;427.91;427.91;420.413;421.003;420.987;2955200
2002-09-16;421.003;421.003;416.23;420.217;420.201;8411800
2002-09-17;420.766;427.539;420.766;427.183;427.166;4067800
2002-09-18;426.776;426.776;417.195;419.121;419.105;2679200
2002-09-19;417.772;417.772;406.823;408.696;408.68;4623000
2002-09-20;405.899;408.799;401.701;408.799;408.783;4725700
2002-09-23;407.77;411.406;407.77;410.772;410.756;2042500
2002-09-24;410.526;410.526;404.972;408.304;408.288;1822800
2002-09-25;407.261;409.478;404.144;408.647;408.631;3137700
2002-09-26;410.223;411.941;408.532;411.941;411.925;5761600
2002-09-27;413.052;413.474;409.757;412.973;412.957;4430800
2002-09-30;412.174;419.307;403.082;419.307;419.291;7101700
2002-10-01;418.473;418.473;404.385;407.518;407.502;3638500
2002-10-02;409.791;411.614;406.784;409.502;409.486;4619400
2002-10-03;408.832;409.565;406.294;408.431;408.415;3891400
2002-10-07;407.574;407.574;399.604;401.843;401.827;1695900
2002-10-08;401.865;402.052;396.805;402.052;402.036;3250700
2002-10-09;401.601;401.601;388.725;391.837;391.822;3804800
2002-10-10;390.21;390.21;381.563;384.487;384.472;3045000
2002-10-11;384.766;387.262;374.594;376.466;376.451;3094000
2002-10-14;370.915;370.915;334.731;337.475;337.462;12072800
2002-10-15;337.263;342.539;323.317;342.204;342.191;15575300
2002-10-16;347.975;360.169;347.975;357.377;357.363;11876800
2002-10-17;356.516;357.64;352.508;355.105;355.091;4088200
2002-10-18;355.374;363.556;355.374;360.905;360.891;5250200
2002-10-21;359.874;363.011;358.654;361.869;361.855;6258900
2002-10-22;362.414;362.414;352.268;353.814;353.8;4055900
2002-10-23;353.651;354.851;348.91;354.851;354.837;6885900
2002-10-24;354.924;355.537;350.508;353.188;353.174;1927100
2002-10-25;351.496;353.969;350.354;353.654;353.64;2993500
2002-10-28;353.718;361.68;353.291;361.68;361.666;5342400
2002-10-29;361.801;364.396;359.772;361.919;361.905;4195400
2002-10-30;360.469;361.119;358.183;361.119;361.105;2214700
2002-10-31;362.217;369.625;362.217;369.044;369.03;6233900
2002-11-01;369.705;373.198;368.511;371.136;371.122;3782200
2002-11-04;371.288;383.871;371.288;383.871;383.856;5659500
2002-11-05;385.011;385.124;372.864;374.914;374.899;7450700
2002-11-06;374.9;375.129;367.924;369.404;369.39;3325300
2002-11-07;369.281;371.282;367.54;369.376;369.362;3271300
2002-11-08;367.662;368.14;363.924;365.704;365.69;4030200
2002-11-11;365.686;365.686;360.576;362.573;362.559;5022700
2002-11-12;362.45;371.092;362.241;371.092;371.078;2315400
2002-11-13;371.575;372.797;365.367;367.102;367.088;2000900
2002-11-14;367.439;371.251;367.439;371.251;371.237;8591100
2002-11-15;372.324;375.69;370.985;374.15;374.135;5146100
2002-11-18;373.314;374.152;366.263;367.88;367.866;5584900
2002-11-19;367.88;369.109;366.732;369.109;369.095;9561200
2002-11-20;369.384;372.764;369.384;371.593;371.579;5053600
2002-11-21;372.691;374.003;371.378;373.226;373.211;2640700
2002-11-22;373.268;381.455;373.268;381.455;381.44;6561500
2002-11-25;381.522;384.995;381.14;381.89;381.875;6191900
2002-11-26;382.296;382.296;376.368;381.947;381.932;2323400
2002-11-27;381.244;383.043;379.619;383.043;383.028;2371600
2002-11-28;383.932;389.975;383.932;389.975;389.96;3908900
2002-11-29;389.912;391.17;388.304;390.425;390.41;2342300
2002-12-02;390.425;390.428;387.855;389.27;389.255;1411000
2002-12-03;389.264;398.207;389.016;397.738;397.723;4028400
2002-12-04;397.666;398.857;395.222;397.083;397.068;3724700
2002-12-11;396.894;396.894;390.088;391.742;391.727;2606100
2002-12-12;391.716;396.121;391.716;393.859;393.844;2218800
2002-12-13;393.855;393.855;389.337;391.222;391.207;3141600
2002-12-16;392.383;395.708;391.546;395.296;395.281;4622200
2002-12-17;395.767;402.394;395.767;402.394;402.378;6399600
2002-12-18;400.998;406.392;399.881;406.392;406.376;6804700
2002-12-19;407.098;420.326;407.001;420.326;420.31;9978300
2002-12-20;420.315;426.715;420.315;425.12;425.103;9611300
2002-12-23;426.731;427.818;422.913;425.606;425.589;4090100
2002-12-27;425.61;428.623;420.897;424.945;424.928;4297800
2003-01-02;423.342;423.342;407.973;409.125;409.109;2014500
2003-01-03;410.133;412.114;405.442;407.512;407.496;1528000
2003-01-06;407.512;407.512;393.897;398.247;398.231;2900300
2003-01-07;398.343;400.413;393.01;394.519;394.504;1336500
2003-01-08;394.014;394.014;387.473;389.414;389.399;1872100
2003-01-09;389.293;396.204;387.145;396.029;396.014;3261100
2003-01-10;396.797;399.665;395.336;399.665;399.649;2570100
2003-01-13;399.93;400.067;394.925;396.228;396.213;2797200
2003-01-14;396.166;407.177;396.139;407.177;407.161;3261300
2003-01-15;407.455;409.72;402.183;405.598;405.582;2609200
2003-01-16;401.284;401.284;392.948;397.109;397.094;2854200
2003-01-17;397.479;401.649;396.872;401.649;401.633;1753600
2003-01-20;402.052;404.423;400.757;404.423;404.407;1293200
2003-01-21;404.665;405.164;401.484;405.164;405.148;2080700
2003-01-22;405.164;405.831;403.511;405.701;405.685;1695800
2003-01-23;405.264;406.77;403.289;406.77;406.754;2505300
2003-01-24;405.772;407.976;402.569;405.343;405.327;2867600
2003-01-27;403.219;403.219;391.99;393.558;393.543;2559300
2003-01-28;393.111;395.21;388.169;395.21;395.195;2588700
2003-01-29;396.168;396.944;390.077;391.53;391.515;6579300
2003-01-30;391.663;394.025;390.077;392.293;392.278;1267300
2003-01-31;392.293;392.293;386.813;388.443;388.428;904500
2003-02-03;388.231;390.815;387.954;390.215;390.2;870600
2003-02-04;390.215;394.147;390.215;394.147;394.132;2003300
2003-02-05;393.17;393.17;390.531;392.313;392.298;1552700
2003-02-06;392.497;394.455;391.892;394.455;394.44;1806200
2003-02-07;394.552;394.631;391.975;394.631;394.616;2144700
2003-02-10;394.618;397.218;393.594;397.218;397.203;2360500
2003-02-11;397.218;397.218;392.898;395.559;395.544;1366100
2003-02-13;395.033;396.103;393.669;395.472;395.457;1335700
2003-02-14;395.367;399.516;393.894;399.516;399.5;1837000
2003-02-17;400.881;404.931;400.881;404.398;404.382;2767300
2003-02-18;404.398;404.424;400.63;402.948;402.932;1381400
2003-02-19;403.587;404.353;400.301;401.953;401.937;1556500
2003-02-20;401.428;401.428;398.683;399.965;399.949;2263100
2003-02-21;399.855;402.244;399.336;402.244;402.228;1989400
2003-02-24;402.184;403.032;399.412;403.032;403.016;1494200
2003-02-25;400.761;400.761;396.376;399.108;399.092;1718100
2003-02-26;399.108;399.409;395.932;397.536;397.521;2428100
2003-02-27;397.073;398.949;395.919;398.949;398.933;1849000
2003-02-28;399.11;399.422;396.444;399.22;399.204;2287100
2003-03-04;398.742;398.742;394.771;395.367;395.352;2291700
2003-03-05;395.367;395.421;388.686;391.182;391.167;2478900
2003-03-06;391.421;393.985;389.971;393.985;393.97;2862200
2003-03-07;393.215;393.215;387.745;389.793;389.778;2180200
2003-03-10;389.773;389.782;381.317;382.665;382.65;1952800
2003-03-11;382.086;382.086;377.406;379.351;379.336;2838900
2003-03-12;379.81;387.247;379.81;387.247;387.232;2190800
2003-03-13;387.247;387.247;379.847;383.856;383.841;5691300
2003-03-14;385.911;389.152;384.643;387.88;387.865;2855000
2003-03-17;386.38;386.38;380.081;382.149;382.134;1278300
2003-03-18;384.981;385.952;383.474;384.637;384.622;2140700
2003-03-19;384.887;385.829;383.752;385.483;385.468;1701700
2003-03-20;385.483;394.638;385.483;394.638;394.623;2383300
2003-03-21;394.264;394.925;392.457;394.039;394.024;2080600
2003-03-24;395.518;397.418;393.63;395.086;395.071;2165200
2003-03-25;393.487;394.936;391.009;394.936;394.921;1541900
2003-03-26;396.106;401.039;396.106;401.039;401.023;3872400
2003-03-27;400.805;403.224;399.926;401.343;401.327;3007900
2003-03-28;401.229;404.432;400.792;404.432;404.416;2248700
2003-03-31;404.473;404.473;395.767;398.004;397.989;2157600
2003-04-01;397.042;398.055;393.842;398.055;398.039;1298000
2003-04-02;397.042;398.055;393.842;398.055;398.039;112980200
2003-04-03;398.12;400.757;398.12;400.757;400.741;1846900
2003-04-04;400.672;405.678;399.146;405.678;405.662;2354600
2003-04-07;406.304;423.814;406.304;423.814;423.798;8506100
2003-04-08;422.891;428.825;419.134;422.111;422.095;5376900
2003-04-09;422.182;432.342;422.071;430.276;430.259;6164000
2003-04-10;430.738;431.504;427.975;430.447;430.43;6587800
2003-04-11;430.471;438.883;430.471;438.549;438.532;7859500
2003-04-14;438.37;438.37;432.298;433.947;433.93;4486500
2003-04-15;434.966;437.724;429.635;437.724;437.707;5490500
2003-04-16;438.054;443.439;438.054;442.72;442.703;8372300
2003-04-17;441.235;443.857;440.414;443.857;443.84;8284000
2003-04-21;443.734;447.941;442.634;447.941;447.924;9158000
2003-04-22;447.462;448.269;441.183;442.737;442.72;7827900
2003-04-23;442.737;447.686;440.537;447.686;447.669;7599900
2003-04-24;447.686;447.686;443.384;445.152;445.135;5058100
2003-04-25;444.085;444.085;433.032;435.043;435.026;7512400
2003-04-28;430.55;432.989;425.688;430.917;430.9;4044100
2003-04-29;433.045;444.182;433.045;444.182;444.165;8509000
2003-04-30;444.608;452.633;442.673;450.861;450.843;9621500
2003-05-01;452.155;453.548;449.713;452.198;452.18;5954200
2003-05-02;451.981;452.114;446.902;447.819;447.802;4601600
2003-05-05;447.819;458.957;447.819;458.957;458.939;6151700
2003-05-06;459.179;465.459;459.179;463.612;463.594;8435600
2003-05-07;463.436;473.128;463.436;473.128;473.11;12024900
2003-05-08;472.671;474.667;468.96;471.118;471.1;6075300
2003-05-09;470.628;470.628;466.456;469.634;469.616;5217800
2003-05-12;469.634;473.927;469.634;473.927;473.909;3733800
2003-05-13;474.724;478.421;472.251;473.511;473.493;4350700
2003-05-14;472.292;472.292;464.297;467.939;467.921;2552100
2003-05-19;466.305;466.305;457.56;459.215;459.197;2855100
2003-05-20;456.856;467.045;455.962;466.142;466.124;3948900
2003-05-21;466.36;468.796;463.897;466.287;466.269;3756700
2003-05-22;466.485;467.123;465.061;465.129;465.111;3830500
2003-05-23;465.4;472.105;465.4;472.105;472.087;5462900
2003-05-26;472.522;478.641;472.522;478.41;478.391;8190700
2003-05-27;478.243;480.266;477.334;480.266;480.247;7057800
2003-05-28;481.207;492.818;481.207;492.818;492.799;10497400
2003-05-29;493.009;500.613;491.94;494.776;494.757;8820400
2003-06-02;495.237;505.724;495.237;505.724;505.704;6384400
2003-06-03;505.748;505.869;499.85;502.425;502.405;6859100
2003-06-04;497.037;505.233;496.689;504.532;504.512;11989900
2003-06-05;505.835;512.795;505.835;511.166;511.146;14164300
2003-06-06;511.236;511.306;507.644;510.693;510.673;12264700
2003-06-09;510.121;519.574;509.585;519.325;519.305;15599900
2003-06-10;519.382;520.251;516.764;519.543;519.523;8543400
2003-06-11;519.793;524.892;512.598;515.713;515.693;14001800
2003-06-12;509.647;509.647;499.781;501.806;501.786;7755200
2003-06-13;503.749;511.594;503.749;510.479;510.459;8122500
2003-06-16;510.387;512.925;510.387;512.691;512.671;3192900
2003-06-17;515.126;517.092;505.147;509.042;509.022;6966700
2003-06-18;509.042;509.419;500.264;503.233;503.213;5525800
2003-06-19;502.579;509.829;502.471;509.829;509.809;5752900
2003-06-20;509.327;513.242;509.327;511.452;511.432;2942500
2003-06-23;511.296;512.018;503.913;506.313;506.293;2848000
2003-06-24;504.1;504.1;493.753;500.191;500.172;4135700
2003-06-25;500.129;503.755;498.548;500.279;500.26;3176800
2003-06-26;500.743;501.533;493.275;497.814;497.795;4865900
2003-06-27;499.576;506.781;499.576;506.781;506.761;3700800
2003-06-30;505.869;509.867;503.06;505.499;505.479;2622900
2003-07-01;505.474;508.753;502.163;505.664;505.644;3224800
2003-07-02;505.133;506.071;503.407;506.071;506.051;3206200
2003-07-03;506.543;509.604;504.864;507.765;507.745;6049400
2003-07-04;505.749;506.349;501.209;504.099;504.079;1775700
2003-07-07;504.124;511.378;504.124;511.378;511.358;4442100
2003-07-08;511.457;518.53;511.457;518.53;518.51;10644300
2003-07-09;519.035;521.088;517.09;519.811;519.791;8546400
2003-07-10;520.347;521.707;516.697;518.246;518.226;3532900
2003-07-11;516.46;524.688;514.048;524.688;524.668;6104500
2003-07-14;530.753;534.961;524.819;534.961;534.94;13750800
2003-07-15;536.135;539.131;531.28;533.83;533.809;9480000
2003-07-16;533.278;533.278;522.556;524.261;524.241;6861900
2003-07-17;524.261;526.756;520.595;523.553;523.533;10521400
2003-07-18;521.941;525.5;520.108;525.5;525.479;5635500
2003-07-21;525.501;525.501;517.383;520.913;520.893;6894200
2003-07-22;519.779;521.195;513.343;516.779;516.759;11189500
2003-07-23;516.838;516.838;509.024;512.621;512.601;7813400
2003-07-24;511.15;511.15;496.218;505.044;505.024;10161800
2003-07-25;505.492;510.083;504.348;510.083;510.063;9426100
2003-07-28;509.644;515.082;509.644;512.794;512.774;5245000
2003-07-29;513.206;513.206;507.57;511.472;511.452;2838700
2003-07-30;509.159;509.254;504.255;508.222;508.202;6151900
2003-07-31;508.718;508.718;504.282;507.985;507.965;7945400
2003-08-01;508.109;508.703;505.523;508.703;508.683;10992800
2003-08-04;508.635;508.635;498.872;503.942;503.922;11191400
2003-08-05;503.838;503.838;479.82;488.529;488.51;18664000
2003-08-06;489.815;494.436;489.815;494.436;494.417;9556400
2003-08-07;495.96;508.27;495.96;508.27;508.25;9902400
2003-08-08;508.526;508.526;503.511;505.36;505.34;12280500
2003-08-11;505.13;505.72;501.528;504.841;504.821;7781600
2003-08-12;504.846;507.24;503.524;506.417;506.397;4345300
2003-08-13;507.319;512.489;506.736;511.225;511.205;6512300
2003-08-14;512.037;512.037;507.575;510.129;510.109;3826400
2003-08-15;510.703;516.647;509.85;516.647;516.627;3392700
2003-08-19;518.361;520.815;513.984;517.053;517.033;5247300
2003-08-20;516.64;518.777;512.576;518.777;518.757;8447400
2003-08-21;518.09;525.583;518.09;525.583;525.562;21710100
2003-08-22;525.245;528.943;524.595;528.943;528.922;11953500
2003-08-25;529.144;531.352;526.184;529.036;529.015;17810500
2003-08-26;528.477;528.759;523.471;528.759;528.738;8132500
2003-08-27;528.076;530.862;526.763;530.862;530.841;18308600
2003-08-28;531.402;531.611;526.662;530.24;530.219;17082400
2003-08-29;529.83;531.747;527.529;529.675;529.654;7608400
2003-09-01;529.506;534.337;529.506;534.337;534.316;20060600
2003-09-02;533.669;538.939;533.669;538.939;538.918;14122100
2003-09-03;540.438;558.25;540.438;558.249;558.227;26381100
2003-09-04;562.48;576.734;562.48;575.192;575.17;32520300
2003-09-05;575.589;590.344;575.589;582.323;582.3;18469100
2003-09-08;583.336;588.368;574.066;587.057;587.034;13370700
2003-09-09;589.416;591.558;582.701;585.292;585.269;19710200
2003-09-10;584.423;584.423;571.66;572.853;572.831;13115200
2003-09-11;571.271;571.271;561.334;565.638;565.616;8825900
2003-09-12;566.348;578.375;565.825;578.375;578.352;9397600
2003-09-15;578.375;580.197;569.732;574.799;574.777;11248000
2003-09-16;573.937;581.484;573.937;581.245;581.222;9683700
2003-09-17;581.914;588.246;581.914;585.913;585.89;12034800
2003-09-18;584.891;585.774;579.87;582.687;582.664;16202500
2003-09-19;582.033;585.671;581.946;585.671;585.648;12658200
2003-09-23;583.621;588.511;580.674;588.511;588.488;11142400
2003-09-24;588.511;605.623;588.511;605.623;605.599;11005800
2003-09-25;600.787;606.623;598.604;603.708;603.685;12856900
2003-09-26;602.757;602.757;596.371;599.84;599.817;12191100
2003-09-29;597.341;597.913;591.724;597.14;597.117;12016200
2003-09-30;597.162;601.19;595.945;597.652;597.629;7095700
2003-10-01;597.613;606.039;597.613;606.039;606.015;7293700
2003-10-02;607.8;623.795;607.8;619.593;619.569;10244800
2003-10-03;619.424;622.742;617.343;621.862;621.838;9082100
2003-10-06;621.634;623.229;610.937;615.874;615.85;13863400
2003-10-07;615.206;615.358;610.124;615.309;615.285;9092900
2003-10-08;616.069;624.523;616.069;624.328;624.304;14791400
2003-10-09;624.497;636.227;624.497;636.227;636.202;19547200
2003-10-10;638.21;648.681;638.21;644.818;644.793;20635300
2003-10-13;646.67;647.93;637.923;644.434;644.409;10013200
2003-10-14;644.61;651.012;644.61;648.716;648.691;12870600
2003-10-15;649.91;650.696;645.92;650.44;650.415;18367900
2003-10-16;650.492;654.358;646.937;649.298;649.273;18367900
2003-10-17;649.504;652.033;647.301;649.646;649.621;8738100
2003-10-20;649.923;653.933;649.923;652.759;652.734;7856100
2003-10-21;653.464;658.1;644.222;646.971;646.946;13519200
2003-10-22;647.995;651.264;642.317;646.165;646.14;7786300
2003-10-23;642.935;643.312;626.717;630.992;630.967;11387600
2003-10-24;631.842;634.567;627.295;634.567;634.542;22371100
2003-10-27;634.097;634.097;624.781;629.052;629.028;5418200
2003-10-28;631.191;636.199;623.093;626.862;626.838;11849500
2003-10-29;626.862;629.628;617.241;624.563;624.539;8452100
2003-10-30;624.548;627.834;621.416;627.834;627.81;5137200
2003-10-31;627.542;631.965;623.524;625.546;625.522;6234400
2003-11-03;624.268;624.268;610.984;617.261;617.237;6041000
2003-11-04;617.278;626.49;617.278;626.49;626.466;5423400
2003-11-05;626.49;637.604;626.49;635.817;635.792;7672700
2003-11-06;637.919;642.413;630.656;632.811;632.786;5966900
2003-11-07;629.739;630.182;621.795;626.737;626.713;3400900
2003-11-10;629.817;630.633;617.75;620.07;620.046;10915100
2003-11-11;615.83;617.718;606.345;617.718;617.694;9631400
2003-11-12;617.347;621.9;615.833;619.872;619.848;6537100
2003-11-13;621.632;621.632;610.936;614.636;614.612;5465200
2003-11-14;614.405;614.405;608.172;610.335;610.311;5641000
2003-11-17;609.678;609.678;602.932;607.789;607.765;4000600
2003-11-18;607.425;607.425;602.589;605.787;605.763;4159000
2003-11-19;603.718;603.718;598.743;601.938;601.915;3387900
2003-11-20;601.877;605.805;599.967;605.805;605.781;4634400
2003-11-21;605.751;617.084;603.508;617.084;617.06;5152400
2003-12-01;617.257;630.034;617.257;629.94;629.916;6415700
2003-12-02;630.774;635.906;629.518;633.728;633.703;12103500
2003-12-03;632.081;644.162;631.365;643.863;643.838;13680900
2003-12-04;643.863;643.863;639.219;641.15;641.125;9080600
2003-12-05;640.668;642.741;636.868;638.045;638.02;10407300
2003-12-08;635.663;647.771;633.877;647.771;647.746;7337400
2003-12-09;647.704;648.015;641.224;644.459;644.434;5045800
2003-12-10;644.379;645.961;640.743;645.961;645.936;9660500
2003-12-11;645.619;653.324;643.766;653.324;653.299;17816500
2003-12-12;654.091;659.421;652.371;656.74;656.714;26132900
2003-12-15;658.78;660.22;651.672;658.522;658.496;11575000
2003-12-16;657.542;657.542;652.469;656.909;656.883;6090300
2003-12-17;654.892;657.708;652.693;655.698;655.672;8920200
2003-12-18;655.698;664.886;655.698;664.877;664.851;15938900
2003-12-19;666.127;672.292;665.827;672.292;672.266;19866600
2003-12-22;672.909;674.603;669.061;674.395;674.369;10163000
2003-12-23;674.395;679.576;674.395;679.307;679.281;15851500
2003-12-29;679.79;693.033;679.736;693.033;693.006;13694900
2003-12-30;695.521;700.96;685.5;691.895;691.868;19701600
2004-01-02;691.376;704.498;687.998;704.498;704.471;11244500
2004-01-05;706.37;725.472;706.37;725.472;725.444;35915500
2004-01-06;728.72;738.159;717.829;723.989;723.961;39797000
2004-01-07;723.906;723.924;705.841;709.367;709.339;33583800
2004-01-08;709.363;730.815;709.363;730.815;730.786;31361400
2004-01-09;734.546;756.783;734.546;753.692;753.663;33810700
2004-01-12;750.717;750.717;738.427;742.506;742.477;24320200
2004-01-13;744.013;745.317;738.094;743.143;743.114;11246100
2004-01-14;742.059;756.563;739.788;756.563;756.534;16628700
2004-01-15;756.7;764.042;756.7;763.453;763.423;16974900
2004-01-16;763.535;771.288;763.535;770.334;770.304;23985800
2004-01-19;770.334;775.517;761.566;766.483;766.453;14904500
2004-01-20;767.922;773.125;767.293;773.125;773.095;16024800
2004-01-21;773.125;777.391;772.353;776.301;776.271;13729700
2004-01-23;776.194;785.879;776.194;785.879;785.848;14705400
2004-01-26;782.542;786.874;776.394;786.874;786.843;13603700
2004-01-27;786.882;788.254;764.886;772.494;772.464;18847800
2004-01-28;772.028;778.831;765.547;767.107;767.077;18234300
2004-01-29;763.405;764.468;755.502;759.644;759.614;19133000
2004-01-30;758.146;758.146;746.09;752.932;752.903;19108600
2004-02-03;748.485;748.485;725.223;730.319;730.291;22191500
2004-02-04;732.792;736.457;727.712;730.275;730.247;13932000
2004-02-05;732.061;736.468;727.731;736.468;736.439;6728700
2004-02-06;736.813;758.924;736.813;758.924;758.894;13411400
2004-02-09;761.113;767.255;761.113;767.255;767.225;12828500
2004-02-10;767.236;770.438;765.04;766.771;766.741;6483900
2004-02-11;767.157;772.12;765.149;769.793;769.763;10293500
2004-02-12;770.02;773.349;761.916;766.083;766.053;22811300
2004-02-13;766.223;773.14;765.628;773.14;773.11;9743900
2004-02-16;773.119;775.225;767.567;775.225;775.195;27904000
2004-02-17;775.137;777.323;771.964;776.999;776.969;33368000
2004-02-18;777.456;786.159;777.456;785.907;785.876;35865700
2004-02-19;786.099;789.96;785.207;789.432;789.401;17840500
2004-02-20;790.899;796.07;789.536;794.467;794.436;6620800
2004-02-24;794.918;794.918;777.453;780.753;780.723;23033300
2004-02-25;778.867;780.578;774.052;777.053;777.023;20511300
2004-02-26;777.171;779.468;772.397;776.016;775.986;28317700
2004-02-27;776.01;776.01;756.882;761.081;761.051;22220300
2004-03-01;760.896;761.622;749.267;759.006;758.976;20263500
2004-03-02;760.648;779.746;760.648;779.746;779.716;22686600
2004-03-03;780.747;781.23;776.826;776.826;776.796;13461400
2004-03-04;777.361;780.27;771.073;774.768;774.738;18645300
2004-03-05;775.494;780.041;773.888;778.01;777.98;17835600
2004-03-08;778.489;778.489;769.888;772.868;772.838;17670600
2004-03-09;768.405;773.162;765.713;771.078;771.048;11391400
2004-03-10;770.454;770.502;752.175;760.327;760.297;11808900
2004-03-11;759.706;759.706;737.97;741.198;741.169;13899800
2004-03-12;733.8;738.152;723.58;738.152;738.123;11050300
2004-03-15;739.799;741.917;722.279;724.151;724.123;9974700
2004-03-16;720.672;720.672;700.176;716.177;716.149;13743400
2004-03-17;716.256;730.585;716.256;730.585;730.557;12169000
2004-03-18;730.851;736.898;729.658;733.57;733.541;12217400
2004-03-19;732.412;742.914;731.938;742.914;742.885;5419600
2004-03-23;734.668;736.442;725.197;736.442;736.413;6077600
2004-03-24;736.442;738.793;734.351;738.793;738.764;11879500
2004-03-25;739.313;740.122;720.916;727.103;727.075;7014200
2004-03-26;729.353;731.642;708.428;714.129;714.101;18134600
2004-03-29;714.875;718.587;710.612;716.921;716.893;5200900
2004-03-30;718.799;730.061;718.799;730.061;730.033;6395700
2004-03-31;733.516;735.857;726.19;735.677;735.648;6835900
2004-04-01;735.678;737.653;729.771;737.653;737.624;7082000
2004-04-02;739.638;750.652;739.638;750.652;750.623;26875100
2004-04-06;757.042;771.718;757.042;771.548;771.518;34088700
2004-04-07;771.739;779.609;769.53;774.399;774.369;15212700
2004-04-08;774.448;782.033;772.206;779.617;779.587;22430400
2004-04-12;777.761;777.761;762.106;767.812;767.782;8080300
2004-04-13;769.678;773.884;768.636;771.739;771.709;8151100
2004-04-14;771.271;777.988;769.08;777.988;777.958;16539400
2004-04-15;773.332;773.404;767.873;772.987;772.957;19313400
2004-04-16;774.124;776.641;771.3;776.572;776.542;20813700
2004-04-19;776.63;784.839;775.791;784.839;784.808;17652500
2004-04-20;785.224;810.859;785.224;810.859;810.827;18998800
2004-04-21;810.351;824.509;809.351;814.203;814.171;24125300
2004-04-22;810.96;810.96;801.048;804.427;804.396;14634500
2004-04-23;807.231;815.444;807.231;815.444;815.412;10118900
2004-04-26;812.87;814.582;807.01;811.745;811.713;7443900
2004-04-27;813.521;818.159;811.708;818.159;818.127;5202100
2004-04-28;818.359;819.077;813.4;817.933;817.901;9813300
2004-04-29;812.998;812.998;796.21;801.967;801.936;11298600
2004-04-30;798.118;798.118;774.876;783.413;783.383;16186900
2004-05-04;785.404;786.382;775.711;779.603;779.573;7764700
2004-05-05;781.234;781.52;755.11;758.082;758.052;18597600
2004-05-06;757.505;757.505;744.795;746.117;746.088;14122300
2004-05-07;741.615;748.649;737.683;743.637;743.608;16821800
2004-05-10;733.705;733.705;703.882;707.218;707.19;17993300
2004-05-11;698.562;718.261;698.562;718.261;718.233;19786100
2004-05-12;723.496;744.412;723.496;744.291;744.262;22509000
2004-05-13;738.466;746.733;733.369;739.137;739.108;13448700
2004-05-14;738.6;738.6;716.156;722.709;722.681;13512100
2004-05-17;718.578;718.578;665.959;668.477;668.451;17049600
2004-05-18;672.957;683.259;667.032;676.152;676.126;16106500
2004-05-19;684.199;706.797;684.199;706.797;706.77;13560000
2004-05-21;712.808;730.049;712.354;724.932;724.904;10298900
2004-05-24;726.513;732.58;726.513;732.58;732.552;6487900
2004-05-25;727.176;727.176;707.706;717.135;717.107;9775200
2004-05-26;724.933;725.766;716.33;718.005;717.977;8448000
2004-05-27;722.393;728.313;722.393;728.313;728.285;4422900
2004-05-28;731.021;734.586;728.485;733.99;733.961;10659500
2004-05-31;731.882;732.516;722.555;732.516;732.487;3720900
2004-06-01;731.512;731.512;727.498;731.202;731.174;4243000
2004-06-02;728.469;728.469;712.849;719.042;719.014;8102300
2004-06-04;707.93;707.93;689.536;697.937;697.91;11722600
2004-06-07;704.333;706.918;696.683;700.785;700.758;9804400
2004-06-08;705.785;707.044;702.176;703.579;703.552;8389000
2004-06-09;704.05;710.049;703.332;709.753;709.725;8129700
2004-06-10;706.482;708.444;701.751;706.841;706.814;10711800
2004-06-11;706.342;706.643;700.424;704.125;704.098;5034400
2004-06-14;702.489;702.489;692.396;696.338;696.311;8258400
2004-06-15;696.132;707.411;692.87;707.411;707.383;7826800
2004-06-16;710.62;711.213;704.156;707.887;707.859;5432600
2004-06-17;706.704;706.704;695.4;700.137;700.11;3854600
2004-06-18;697.01;697.476;687.483;692.715;692.688;3941200
2004-06-21;694.563;696.171;686.136;689.615;689.588;4420900
2004-06-22;688.659;691.093;683.923;691.093;691.066;3487500
2004-06-23;692.025;699.756;692.025;699.756;699.729;8909800
2004-06-24;703.396;709.351;698.77;709.351;709.323;10504200
2004-06-25;707.878;720.232;707.805;720.232;720.204;6024800
2004-06-28;718.734;720.539;712.337;720.539;720.511;4424900
2004-06-29;718.536;722.293;714.444;722.293;722.265;7158500
2004-06-30;723.644;732.401;723.624;732.401;732.372;15871800
2004-07-01;728.223;729.808;722.748;729.808;729.78;9792700
2004-07-02;728.576;745.025;726.446;745.025;744.996;12367100
2004-07-05;728.576;745.025;726.446;745.025;744.996;123671400
2004-07-06;757.894;769.068;757.894;768.255;768.225;22786100
2004-07-07;762.174;771.664;757.276;771.664;771.634;18953000
2004-07-08;771.191;772.354;757.412;759.742;759.712;14482100
2004-07-09;757.043;761.14;752.879;761.14;761.11;9902400
2004-07-12;762.988;763.864;752.987;757.575;757.546;9299600
2004-07-13;754.925;757.935;750.947;756.582;756.552;6556400
2004-07-14;753.681;753.757;738.345;744.316;744.287;8864000
2004-07-15;743.517;746.711;735.431;745.34;745.311;5801700
2004-07-16;743.342;756.095;743.342;756.095;756.066;10983800
2004-07-19;754.78;755.683;749.085;754.273;754.244;9567200
2004-07-20;752.151;756.667;750.836;756.667;756.638;11534600
2004-07-21;758.364;762.544;755.66;761.239;761.209;13939100
2004-07-22;755.055;761.518;753.652;761.518;761.488;6947400
2004-07-23;761.085;766.367;757.605;766.367;766.337;14926300
2004-07-26;762.533;762.533;749.012;761.804;761.774;13751800
2004-07-27;759.412;762.066;755.246;759.279;759.249;8661900
2004-07-28;760.051;760.871;756.162;760.2;760.17;7829200
2004-07-29;760.401;761.118;753.919;760.973;760.943;13730100
2004-07-30;761.687;763.319;754.522;756.983;756.953;8735700
2004-08-02;755.139;755.527;747.322;749.458;749.429;3056100
2004-08-03;750.826;757.295;750.33;757.295;757.266;6656800
2004-08-04;753.961;758.304;752.794;758.304;758.275;11642800
2004-08-05;757.963;762.011;756.284;762.011;761.981;13753800
2004-08-06;759.458;759.458;750.403;753.932;753.903;11295500
2004-08-09;749.545;750.963;745.647;750.04;750.011;4960500
2004-08-10;750.188;752.443;748.719;752.443;752.414;5691300
2004-08-11;754.406;763.947;754.406;763.947;763.917;7346800
2004-08-12;762.669;762.669;755.176;758.179;758.15;14099400
2004-08-13;753.874;756.885;752.74;755.92;755.891;6322100
2004-08-16;754.369;754.799;748.468;751.95;751.921;2553400
2004-08-17;754.369;754.799;748.468;751.95;751.921;125534200
2004-08-18;752.966;755.121;750.258;754.254;754.225;4941500
2004-08-19;754.175;755.052;751.67;753.689;753.66;3672300
2004-08-20;753.617;753.617;747.147;750.472;750.443;2488900
2004-08-23;751.705;753.108;745.995;749.371;749.342;3982600
2004-08-24;743.542;743.542;731.055;738.866;738.837;11557800
2004-08-25;737.57;737.57;728.35;731.716;731.688;4182900
2004-08-26;732.458;735.254;729.744;735.254;735.225;3365500
2004-08-27;734.041;746.76;734.041;746.76;746.731;5233700
2004-08-30;745.188;753.025;744.065;753.025;752.996;4150400
2004-08-31;754.197;755.732;750.632;754.704;754.675;9754800
2004-09-01;755.962;775.096;755.945;775.096;775.066;18126700
2004-09-02;776.218;780.271;770.533;780.271;780.241;13046700
2004-09-03;779.56;786.49;775.049;786.49;786.459;11946300
2004-09-06;784.824;784.824;780.044;784.787;784.756;6100000
2004-09-07;784.849;786.687;780.854;786.687;786.656;8797400
2004-09-08;786.258;789.456;782.248;789.135;789.104;13054600
2004-09-09;790.606;792.646;757.278;782.65;782.62;40377400
2004-09-10;782.259;797.775;779.392;797.775;797.744;16656600
2004-09-14;803.569;814.005;803.569;809.016;808.985;17004500
2004-09-15;805.91;822.491;805.91;815.486;815.454;19835400
2004-09-16;811.737;813.064;807.594;813.064;813.032;5586900
2004-09-17;812.953;814.626;802.134;814.626;814.594;6924400
2004-09-20;812.953;814.626;802.134;814.626;814.594;69244200
2004-09-21;827.181;829.571;814.591;823.858;823.826;18271400
2004-09-22;823.857;823.869;814.467;818.23;818.198;12392900
2004-09-23;813.871;819.949;811.751;816.762;816.73;20964000
2004-09-24;816.479;819.821;813.092;819.821;819.789;14907600
2004-09-27;820.023;822.684;812.17;815.582;815.55;12965200
2004-09-28;813.39;815.38;809.358;812.127;812.095;11580300
2004-09-29;812.595;813.437;806.108;812.892;812.86;8671200
2004-09-30;814.53;820.928;813.958;820.134;820.102;6931700
2004-10-01;820.692;835.905;820.519;835.905;835.872;13617800
2004-10-04;844.244;856.865;844.244;856.449;856.416;27398500
2004-10-05;856.477;861.318;852.476;861.318;861.284;21609800
2004-10-06;858.416;859.316;848.2;856.06;856.027;21978700
2004-10-07;854.003;854.003;843.079;849.826;849.793;15496000
2004-10-08;848.827;855.719;844.488;855.719;855.686;20345900
2004-10-11;856.819;863.096;855.564;860.144;860.111;13274900
2004-10-12;860.285;861.739;846.447;849.193;849.16;20922400
2004-10-13;849.868;863.171;848.22;863.171;863.137;18203200
2004-10-14;860.281;864.625;854.431;859.664;859.631;16878000
2004-10-15;856.652;857.681;851.732;857.593;857.56;16878000
2004-10-18;856.954;857.979;850.667;854.387;854.354;13346400
2004-10-19;856.527;859.42;850.37;853.393;853.36;9780600
2004-10-20;852.638;852.638;834.533;840.791;840.758;15464600
2004-10-21;841.445;841.54;824.597;834.169;834.137;13330100
2004-10-22;835.207;850.774;832.822;850.774;850.741;11827000
2004-10-25;846.498;848.261;840.297;846.635;846.602;10071700
2004-10-26;844.788;845.767;837.077;841.353;841.32;8336800
2004-10-27;844.468;849.839;844.404;849.184;849.151;7334100
2004-10-28;854.607;862.119;851.241;862.119;862.085;17921400
2004-10-29;859.295;861.676;856.074;860.487;860.454;15590000
2004-11-01;860.653;863.589;857.571;863.589;863.555;9825500
2004-11-02;863.557;883.825;863.557;881.396;881.362;17785900
2004-11-03;883.605;891.358;879.294;890.365;890.33;12769700
2004-11-04;891.926;893.186;881.627;888.336;888.301;11624400
2004-11-05;894.455;895.096;884.57;893.639;893.604;7453300
2004-11-08;886.667;888.738;881.37;888.738;888.703;5330000
2004-11-09;890.493;901.38;889.678;901.38;901.345;7575600
2004-11-10;902.232;918.713;902.232;918.713;918.677;17537600
2004-11-11;919.236;926.099;916.913;925.185;925.149;11327800
2004-11-12;928.908;937.883;927.42;934.03;933.994;15289400
2004-11-19;928.908;937.883;927.42;934.03;933.994;52893700
2004-11-22;936.315;941.736;935.568;939.991;939.954;10309800
2004-11-23;940.058;959.019;940.058;959.019;958.982;20508900
2004-11-24;961.551;968.943;952.928;961.324;961.286;26643100
2004-11-25;958.875;958.875;947.015;955.681;955.644;16523600
2004-11-26;954.938;965.216;954.938;965.216;965.178;17216900
2004-11-29;966.183;966.848;960.364;964.086;964.048;17780900
2004-11-30;964.646;977.767;964.646;977.767;977.729;17273900
2004-12-01;977.832;986.199;974.309;986.199;986.161;18787200
2004-12-02;996.402;1003.5;990.134;997.698;997.659;41089800
2004-12-03;1000.17;1000.34;977.77;981.407;981.369;19607600
2004-12-06;981.377;983.371;974.391;983.198;983.16;12702400
2004-12-07;983.995;987.793;975.285;986.41;986.372;12454300
2004-12-08;981.977;989.1;973.355;979.22;979.182;21782800
2004-12-09;974.694;974.694;955.708;963.797;963.759;16125600
2004-12-10;951.738;951.738;933.131;945.23;945.193;18397700
2004-12-13;944.086;946.207;929.768;935.784;935.748;10941300
2004-12-14;935.794;936.743;910.994;922.073;922.037;13236900
2004-12-15;921.899;939.151;920.718;939.151;939.114;15038300
2004-12-16;941.271;957.166;941.271;957.166;957.129;22351100
2004-12-17;959.551;973.354;959.551;973.354;973.316;13767000
2004-12-20;971.375;971.375;960.774;966.813;966.775;14665700
2004-12-21;965.566;976.319;962.079;976.319;976.281;11813400
2004-12-22;980.974;985.378;980.8;985.182;985.144;15747100
2004-12-23;986.5;987.173;981.013;986.506;986.468;9121800
2004-12-27;985.249;997.518;984.703;997.518;997.479;9839600
2004-12-28;998.675;1003.92;992.144;1003.92;1003.88;8399500
2004-12-29;1006.28;1007.49;996.645;1004.43;1004.39;14071600
2004-12-30;1001.86;1003.51;995.189;1000.23;1000.19;7840000
2005-01-03;1000.55;1002.37;994.531;1000.88;1000.84;4584400
2005-01-04;1002.27;1019.07;1002.27;1018.54;1018.5;16504000
2005-01-05;1016.41;1025.38;1013.37;1015.43;1015.39;22712700
2005-01-06;1014.87;1029.89;1014.87;1029.89;1029.85;20900900
2005-01-07;1034.3;1038.82;1028.34;1032.53;1032.48;23479000
2005-01-10;1028.27;1028.27;1010.37;1015.48;1015.44;20111600
2005-01-11;1013.39;1013.89;1005.2;1011.67;1011.63;12626100
2005-01-12;1008.76;1012.42;1004.78;1008.58;1008.54;13260300
2005-01-13;1010.12;1022.28;1010.12;1021.67;1021.63;22352900
2005-01-14;1021.02;1027.33;1017.89;1021.34;1021.3;14367300
2005-01-17;1024.14;1029.65;1022.67;1024.89;1024.85;17346400
2005-01-18;1025.12;1025.83;1012.94;1017.73;1017.69;10809800
2005-01-19;1019.5;1028.19;1019.5;1027.81;1027.77;26853200
2005-01-20;1030.03;1037.01;1027.32;1035.75;1035.71;19886400
2005-01-24;1033.23;1033.59;1026.97;1030.72;1030.68;11303900
2005-01-25;1029.15;1032.48;1023.16;1026.89;1026.85;10025700
2005-01-26;1028.99;1037.51;1028.99;1037.51;1037.47;18297600
2005-01-27;1037.09;1048.46;1037.09;1044.99;1044.95;26955100
2005-01-28;1046.36;1049.13;1042.05;1046.48;1046.44;17375800
2005-01-31;1045.45;1045.45;1040.45;1045.44;1045.39;16993100
2005-02-01;1046.1;1049.96;1045.12;1047.53;1047.49;17224100
2005-02-02;1048.54;1058.77;1048.54;1052.82;1052.78;20023500
2005-02-03;1055.29;1055.29;1037.07;1049.33;1049.29;14266100
2005-02-04;1046.37;1052.86;1043.59;1048.39;1048.35;9775400
2005-02-07;1050.02;1051.4;1037.83;1041.63;1041.59;8718600
2005-02-08;1040.08;1041.14;1034.15;1036.6;1036.56;12707300
2005-02-11;1037.4;1045.87;1037.4;1045.87;1045.83;6447900
2005-02-14;1049.32;1054.82;1049.11;1050.73;1050.69;12846600
2005-02-15;1052.5;1067.65;1051.92;1067.2;1067.16;20208700
2005-02-16;1067.73;1073.44;1067.73;1073.44;1073.4;20134500
2005-02-17;1075.5;1087.86;1075.5;1082.98;1082.94;33487900
2005-02-18;1082.33;1092.49;1079.69;1092.49;1092.45;16121000
2005-02-21;1093.92;1097.7;1087.84;1093.78;1093.74;24784900
2005-02-22;1094.37;1100.36;1092.26;1099.91;1099.87;23513200
2005-02-23;1094.87;1108.92;1092.43;1102.93;1102.88;25017200
2005-02-24;1104.42;1109.48;1096.42;1102.02;1101.98;16294100
2005-02-25;1103.61;1105.18;1081.07;1083.38;1083.33;13865700
2005-02-28;1081.98;1081.98;1066.43;1073.83;1073.79;12277000
2005-03-01;1074.25;1096.98;1074.25;1093.28;1093.24;18985500
2005-03-02;1093.83;1094.29;1079.73;1082.75;1082.7;18692300
2005-03-03;1082.91;1096.49;1082.91;1094.6;1094.55;22996700
2005-03-04;1095.88;1106.26;1095.58;1103.01;1102.97;21702900
2005-03-07;1105.08;1106.98;1099.78;1105.3;1105.25;16756100
2005-03-08;1105.31;1117.3;1104.57;1114.21;1114.16;19276000
2005-03-09;1115.27;1116.81;1111.02;1116.81;1116.76;18561600
2005-03-10;1111.93;1112.13;1103.61;1108.05;1108;24169300
2005-03-14;1118.03;1124.84;1104.68;1123.48;1123.44;22118200
2005-03-15;1123.86;1125.94;1112.1;1119;1118.96;24984400
2005-03-16;1124.65;1138.45;1124.18;1138.23;1138.19;33619000
2005-03-17;1137.75;1139.6;1127.9;1134.59;1134.55;42689200
2005-03-18;1135.71;1147.87;1135.71;1147.87;1147.83;38582400
2005-03-21;1150.25;1155.68;1147.27;1151.56;1151.51;1715900
2005-03-22;1154.72;1156.96;1138.85;1152.6;1152.56;27373500
2005-03-23;1148.32;1148.32;1139.16;1142.15;1142.1;25903700
2005-03-24;1137.65;1137.65;1109.48;1114.55;1114.51;25554300
2005-03-28;1111.49;1120.22;1096.63;1100.24;1100.2;18863400
2005-03-29;1093.12;1093.12;1056.55;1070.3;1070.26;29328600
2005-03-30;1061.87;1085.93;1057.94;1065.13;1065.09;26297700
2005-03-31;1076.58;1080.17;1067.44;1080.17;1080.12;20720300
2005-04-01;1081.52;1095.84;1081.52;1095.07;1095.02;14767500
2005-04-04;1096.89;1100.2;1092.36;1100.2;1100.16;8278100
2005-04-05;1101.31;1103.53;1089.64;1096.53;1096.48;12276800
2005-04-06;1097.02;1103.29;1095.85;1103.29;1103.25;9903800
2005-04-07;1105.14;1112.33;1104.27;1111.62;1111.58;15313700
2005-04-08;1113.49;1114.26;1107.35;1111.23;1111.18;15241000
2005-04-11;1109.4;1109.62;1098.66;1105.98;1105.94;9866100
2005-04-12;1104.9;1110.88;1100.13;1110.88;1110.84;11903000
2005-04-13;1112.2;1121.46;1110.63;1116.67;1116.63;16251900
2005-04-14;1115.94;1115.94;1104.32;1108.44;1108.4;9959300
2005-04-15;1102.47;1102.47;1093.93;1096.52;1096.48;9835500
2005-04-18;1085.14;1085.14;1056.62;1060.19;1060.15;15538500
2005-04-19;1064.62;1067.5;1054.4;1062.69;1062.65;12061200
2005-04-20;1067.39;1070.95;1065.25;1070.95;1070.9;7588800
2005-04-21;1060.57;1060.57;1040.97;1047.8;1047.76;13380600
2005-04-25;1047.21;1047.21;1011.38;1019.88;1019.84;12264700
2005-04-26;1024.07;1031.77;1012.21;1031.77;1031.73;14857900
2005-04-27;1034.8;1038.39;1029.47;1032.22;1032.18;11518200
2005-04-28;1032.09;1040.13;1031.95;1038.36;1038.32;15531900
2005-04-29;1031;1031;1022.02;1029.61;1029.57;8646500
2005-05-02;1031.1;1032.93;1022.75;1026.52;1026.48;6481200
2005-05-03;1021.93;1033.5;1021.4;1033.5;1033.46;8031600
2005-05-04;1037.32;1051.41;1037.01;1049.58;1049.54;10628200
2005-05-06;1053.63;1069.68;1053.63;1068.28;1068.23;11289100
2005-05-09;1066.94;1080.21;1066.94;1080.21;1080.16;11377300
2005-05-10;1080.36;1080.95;1067.31;1071.16;1071.12;10734800
2005-05-11;1062.08;1062.08;1054.82;1057.08;1057.04;10118100
2005-05-12;1057.12;1064.6;1056.93;1063.83;1063.79;10659900
2005-05-13;1059.01;1064.32;1055.98;1059.27;1059.23;10166100
2005-05-16;1058.05;1058.46;1046.53;1048.79;1048.75;7379800
2005-05-17;1051.9;1053.58;1034.97;1045.77;1045.73;8943400
2005-05-18;1048.06;1049.03;1038.21;1040.26;1040.22;7269900
2005-05-19;1045.58;1049.05;1040.93;1045.46;1045.42;6325600
2005-05-20;1045.89;1048.11;1043.03;1048.11;1048.07;6056600
2005-05-23;1045.47;1045.47;1039.75;1045.15;1045.11;7356300
2005-05-25;1044.51;1049.06;1042.97;1049.06;1049.02;8821900
2005-05-26;1043.65;1054.36;1041.11;1054.36;1054.32;6438600
2005-05-27;1058.38;1061.49;1054.26;1061.49;1061.45;10375600
2005-05-30;1056.19;1062.96;1054.11;1062.96;1062.91;7814300
2005-05-31;1060.43;1088.21;1060.43;1088.17;1088.13;17691600
2005-06-01;1087.56;1087.82;1079.14;1082.94;1082.9;7625300
2005-06-02;1083.31;1093.53;1083.31;1091.46;1091.42;9638200
2005-06-03;1091.05;1095.93;1087.49;1092.5;1092.46;9746800
2005-06-06;1088.93;1096.83;1087.22;1096.83;1096.79;14910500
2005-06-07;1096.61;1099.51;1086.58;1092.81;1092.77;13671500
2005-06-08;1088.95;1095.51;1085.42;1095.51;1095.47;10835000
2005-06-09;1093.83;1095.01;1089.85;1094.19;1094.15;6300800
2005-06-10;1092.65;1096.93;1089.69;1096.93;1096.89;8707400
2005-06-13;1098.77;1101.43;1096.2;1100.88;1100.84;5540500
2005-06-14;1098.22;1105.93;1097.97;1105.89;1105.85;8249500
2005-06-15;1106.62;1123.25;1106.62;1119.58;1119.54;17296700
2005-06-16;1122.27;1131.86;1116.83;1125.76;1125.72;11840400
2005-06-17;1124.94;1141.82;1124.94;1141.82;1141.77;13543500
2005-06-20;1143.85;1148.8;1134.31;1147.71;1147.67;11405000
2005-06-21;1142.94;1142.94;1129.33;1133.33;1133.28;13949300
2005-06-22;1127.79;1135.27;1121.82;1134.69;1134.65;13627300
2005-06-23;1133.86;1146.6;1133.41;1137.42;1137.38;8709700
2005-06-24;1127.42;1135.67;1127.42;1135.67;1135.62;8808200
2005-06-27;1129.61;1130.5;1116.26;1119.9;1119.85;7461800
2005-06-28;1118.03;1128.07;1116.34;1127.82;1127.77;8239400
2005-06-29;1129.05;1130.46;1123.6;1126.86;1126.81;6213200
2005-06-30;1130.49;1130.49;1122.25;1122.38;1122.33;7129300
2005-07-01;1124.3;1138.99;1123.65;1138.99;1138.94;7124700
2005-07-04;1137.3;1140.09;1129.09;1138.88;1138.84;6251800
2005-07-05;1139.96;1142.29;1128.51;1131.17;1131.12;10346100
2005-07-06;1131.4;1131.4;1114.72;1117.81;1117.77;8539500
2005-07-07;1112.76;1112.76;1101.99;1108.4;1108.36;11867800
2005-07-08;1103.29;1113.03;1103.29;1110.56;1110.51;9140600
2005-07-11;1112.88;1123.46;1112.5;1123.46;1123.42;14873100
2005-07-12;1125.36;1131.76;1125.36;1129.11;1129.07;18934500
2005-07-13;1128.78;1132.79;1127.37;1132.79;1132.75;12212700
2005-07-14;1132.82;1139.15;1132.82;1136.57;1136.52;17076600
2005-07-15;1142.16;1142.83;1127.09;1131.46;1131.42;21949800
2005-07-18;1127.3;1128.98;1124.13;1128.44;1128.4;14862200
2005-07-19;1126.76;1133.04;1126.76;1132.02;1131.97;15490100
2005-07-20;1131.62;1140.66;1131.21;1140.66;1140.61;15054600
2005-07-21;1145.57;1160.14;1145.57;1157.51;1157.47;17607300
2005-07-22;1164.47;1172.41;1160.33;1172.24;1172.2;15785600
2005-07-25;1174.56;1174.6;1166.99;1169.75;1169.7;10946600
2005-07-26;1170.83;1179.18;1170.52;1178;1177.96;11495700
2005-07-27;1181.81;1181.81;1174.23;1178.11;1178.07;20805900
2005-07-28;1184.13;1186.61;1180.2;1186.61;1186.57;16249800
2005-07-29;1187.37;1187.79;1178.18;1182.3;1182.26;16174200
2005-08-01;1180.49;1187.18;1174.24;1178.22;1178.18;15153500
2005-08-02;1178.32;1189.35;1177.21;1189.33;1189.28;12542600
2005-08-03;1189.83;1194.72;1188.18;1192.2;1192.16;13954900
2005-08-04;1192.8;1195.55;1178.36;1185.33;1185.28;14451800
2005-08-05;1180.97;1181.4;1170.86;1174.09;1174.04;12182700
2005-08-08;1169.49;1169.56;1154.8;1158.59;1158.54;12596400
2005-08-09;1156;1164.74;1154.99;1162.8;1162.75;10997300
2005-08-10;1168.14;1178.02;1168.14;1176.84;1176.79;16851500
2005-08-11;1179.45;1182.1;1163.99;1167.97;1167.93;14158300
2005-08-12;1167.36;1167.95;1146.56;1153.97;1153.92;10068600
2005-08-15;1151.94;1151.94;1114.94;1118.27;1118.23;16077100
2005-08-16;1118.64;1123.2;1109.24;1113.82;1113.78;8556900
2005-08-18;1114.27;1114.27;1090.18;1100.3;1100.26;15155800
2005-08-19;1101.02;1103.3;1081.72;1087.95;1087.91;17913000
2005-08-22;1086.9;1086.9;1064.76;1076.35;1076.31;11269500
2005-08-23;1075.91;1086.29;1062.37;1066.09;1066.05;9565700
2005-08-24;1058.84;1058.84;1011.58;1035.44;1035.4;24419500
2005-08-25;1031.57;1061.85;1031.51;1061.85;1061.81;23692800
2005-08-26;1059.46;1060.84;1045.5;1048.87;1048.83;12451000
2005-08-29;1034.83;1034.83;981.053;994.77;994.731;28745000
2005-08-30;978.076;1039.82;951.21;1039.82;1039.78;32263500
2005-08-31;1034.06;1056.35;1032.69;1050.09;1050.05;24521100
2005-09-01;1028.82;1041.6;1024.88;1039.23;1039.19;12136600
2005-09-05;1036.03;1044.08;1032.48;1035.89;1035.85;9439100
2005-09-06;1036.04;1051.59;1036.04;1051.59;1051.55;7890300
2005-09-07;1057.01;1063.64;1056.19;1059.38;1059.34;8036100
2005-09-08;1061.16;1085.66;1061.16;1080.45;1080.41;18137600
2005-09-09;1084.97;1098.96;1083.4;1098.46;1098.41;20200800
2005-09-12;1099.93;1106.81;1095.98;1105.66;1105.61;10659100
2005-09-13;1098.36;1098.36;1080.93;1085.74;1085.7;12216100
2005-09-14;1080.4;1081.97;1056.13;1058.63;1058.59;10197800
2005-09-15;1056.62;1061.81;1046.34;1050.91;1050.86;7807700
2005-09-16;1052.9;1060.58;1051.99;1056.73;1056.68;7629900
2005-09-19;1062.08;1068.62;1061.55;1066.59;1066.55;4612100
2005-09-20;1062.22;1062.22;1048.03;1055.59;1055.55;8362400
2005-09-21;1052.51;1052.51;1040.46;1044.06;1044.02;9183800
2005-09-22;1039.12;1039.12;1008.39;1016.76;1016.72;12340300
2005-09-23;1018.51;1022.88;1008.69;1012.85;1012.81;7739000
2005-09-26;1018.67;1036.26;1018.67;1034.58;1034.54;6042500
2005-09-27;1034.58;1038.62;1031.51;1037.63;1037.59;7033500
2005-09-28;1037.19;1038.27;1025.99;1027.89;1027.85;5766700
2005-09-29;1026.11;1048.3;1026.11;1048.3;1048.26;8588000
2005-09-30;1051.58;1079.28;1051.58;1079.28;1079.23;13258600
2005-10-03;1055.15;1091.45;1055.15;1083.41;1083.37;9084000
2005-10-04;1088.86;1109.43;1088.86;1101.17;1101.12;17638300
2005-10-05;1102.5;1109.8;1094.78;1104.06;1104.01;13767100
2005-10-06;1090.24;1105.06;1089.87;1096.38;1096.33;6666600
2005-10-07;1084.64;1102.96;1084.35;1094.65;1094.61;6033300
2005-10-10;1097.15;1102.78;1093.58;1102.78;1102.74;5155300
2005-10-11;1102.82;1105.95;1096.59;1105.63;1105.59;4388100
2005-10-12;1105.9;1105.9;1096.73;1102.98;1102.94;5333100
2005-10-13;1097.86;1099.52;1089.3;1090.54;1090.49;7688600
2005-10-14;1089.6;1101.18;1085.6;1096.7;1096.66;18064500
2005-10-17;1097.23;1100.99;1086.72;1090.09;1090.05;7285300
2005-10-18;1091.59;1095.87;1087.09;1095.87;1095.83;6201400
2005-10-19;1088.73;1089.05;1072.73;1075.91;1075.87;14587400
2005-10-20;1080.39;1082.02;1070.77;1075.4;1075.36;7152700
2005-10-21;1070.44;1077.71;1068.07;1075.96;1075.92;6156200
2005-10-24;1076.88;1081.15;1070.15;1073.08;1073.04;5071000
2005-10-25;1076.75;1077.47;1058.94;1062.17;1062.13;14834600
2005-10-26;1058.65;1063.04;1055.19;1062.18;1062.13;6749000
2005-10-27;1063.22;1066.03;1061.72;1063.7;1063.66;7408500
2005-10-28;1059.35;1059.98;1053.46;1058.26;1058.21;12080300
2005-10-31;1059.33;1066.22;1058.02;1066.22;1066.18;2835200
2005-11-01;1072.88;1077.11;1055.06;1064.95;1064.91;6526000
2005-11-09;1060.1;1061.75;1042.99;1052.82;1052.78;9047900
2005-11-10;1051.18;1051.18;1041.92;1043.7;1043.66;6170600
2005-11-11;1047.92;1049.3;1023.59;1028.98;1028.94;5351800
2005-11-14;1027.65;1027.65;1012.48;1017.73;1017.69;7297100
2005-11-15;1015.46;1022.9;1013.2;1022.08;1022.04;5395900
2005-11-16;1022.13;1031.35;1019.72;1025.83;1025.79;5001400
2005-11-17;1025.4;1033.28;1023.5;1033.28;1033.24;4373900
2005-11-18;1036.05;1054.98;1036.05;1054.98;1054.94;6720900
2005-11-21;1058.55;1065.9;1057.09;1062.46;1062.42;8135200
2005-11-22;1063.1;1066.29;1056.72;1066.29;1066.25;4397800
2005-11-23;1067.91;1068.49;1058.34;1061.08;1061.04;4888700
2005-11-24;1063.57;1078.18;1063.57;1078.18;1078.14;6199000
2005-11-25;1079.71;1081.22;1070.99;1074.4;1074.36;3389200
2005-11-28;1076.96;1081.06;1073.94;1081.06;1081.02;4193500
2005-11-29;1081.36;1083.35;1077.4;1082.28;1082.24;7187900
2005-11-30;1081.46;1096.64;1081.28;1096.64;1096.6;7446300
2005-12-01;1095.42;1102.44;1087.16;1096.37;1096.33;11365400
2005-12-02;1102.53;1119.42;1102.53;1119.42;1119.37;8524100
2005-12-05;1121.11;1123.17;1113.57;1120.58;1120.53;7199500
2005-12-06;1121.63;1129.04;1119.8;1123.44;1123.39;10024800
2005-12-07;1130.95;1155.42;1130.95;1151.36;1151.32;20396400
2005-12-08;1157.19;1170.02;1150.66;1158.32;1158.27;16164800
2005-12-09;1160.94;1166.84;1150.64;1160.07;1160.02;7685800
2005-12-12;1167.33;1184.1;1167.33;1175.01;1174.96;17855600
2005-12-13;1178.77;1183.15;1174.86;1182.03;1181.98;12042100
2005-12-14;1184.91;1185.91;1165.57;1173.72;1173.67;9620700
2005-12-15;1171.87;1171.87;1152.58;1155.96;1155.92;6357200
2005-12-16;1152.44;1155.06;1139.58;1143.43;1143.38;6317800
2005-12-19;1147.81;1163.1;1147.81;1162.33;1162.28;4842400
2005-12-20;1169.4;1171.37;1155.5;1163.03;1162.99;6734400
2005-12-21;1160.26;1164.67;1155.86;1160.56;1160.51;6161400
2005-12-22;1159.39;1164.02;1155.42;1164.02;1163.97;4769900
2005-12-23;1162.53;1164.64;1153.58;1158.34;1158.29;6127400
2005-12-27;1158.92;1164.4;1158.27;1161.71;1161.66;3635700
2005-12-28;1159.93;1164.14;1157.84;1164.14;1164.1;4429200
2005-12-29;1163.25;1169.91;1157.42;1162.64;1162.59;5840800
2006-01-02;1161.98;1171.71;1161.3;1171.71;1171.66;2827600
2006-01-03;1170.03;1186.49;1170.03;1184.69;1184.64;9643500
2006-01-04;1192.43;1211.7;1192.43;1211.7;1211.65;16412100
2006-01-05;1215.74;1221.17;1204.96;1211;1210.95;10059800
2006-01-06;1208.44;1225;1205.74;1222.25;1222.2;11096900
2006-01-09;1227.29;1247.46;1227.29;1245.05;1245.01;21143400
2006-01-11;1245.73;1265.36;1242.78;1261.28;1261.23;15909100
2006-01-12;1267.18;1268.63;1252.29;1256.25;1256.2;11113500
2006-01-13;1248.3;1258.87;1246.37;1250.43;1250.38;10873400
2006-01-16;1250.61;1255.34;1230.27;1235.26;1235.21;9634400
2006-01-17;1231.18;1231.74;1204.73;1212.87;1212.82;12587200
2006-01-18;1191.51;1210.13;1183.71;1193.2;1193.15;7197700
2006-01-19;1201.61;1230.06;1201.61;1230.06;1230.01;8067300
2006-01-20;1235.4;1238.01;1216.57;1222.89;1222.84;7094400
2006-01-23;1200.38;1211.18;1195.21;1200.13;1200.08;12778600
2006-01-24;1208.75;1212.63;1205.4;1207.22;1207.17;8558200
2006-01-25;1217.89;1230.12;1216.94;1230.12;1230.07;18119200
2006-01-26;1232.59;1233.81;1219.2;1226.65;1226.61;17431700
2006-01-27;1234.09;1235.48;1225.23;1229.71;1229.66;12275700
2006-01-30;1231.68;1235.81;1227.72;1232.32;1232.27;3702600
2006-02-01;1233.96;1243.66;1232.95;1240.69;1240.65;9369800
2006-02-02;1244.65;1247.63;1239.19;1243.39;1243.34;8027400
2006-02-03;1243.32;1245.97;1237.83;1244.13;1244.08;28228000
2006-02-06;1243.72;1247.55;1240.83;1245.65;1245.6;12151600
2006-02-07;1250.26;1259.96;1248.2;1259.36;1259.31;15188200
2006-02-08;1253.99;1253.99;1235.88;1238.17;1238.12;13776200
2006-02-09;1243.94;1247.68;1237.13;1246.64;1246.59;8517300
2006-02-10;1246.08;1255.61;1245.38;1253.1;1253.06;12255900
2006-02-13;1252.92;1260.1;1248.82;1252.4;1252.36;9171700
2006-02-14;1248.98;1248.98;1226.83;1230.38;1230.33;10997100
2006-02-15;1232.61;1236.94;1221.01;1236.94;1236.89;11054600
2006-02-16;1238.84;1241.87;1234.15;1237.87;1237.83;6828600
2006-02-17;1240.11;1246.05;1237.52;1243.47;1243.43;18331000
2006-02-20;1244.49;1250.99;1241.89;1247.41;1247.37;6954800
2006-02-21;1242.43;1242.43;1230.54;1236.09;1236.04;12202900
2006-02-22;1230.27;1233.94;1224.49;1231.25;1231.2;11357100
2006-02-23;1230.92;1231.01;1219.09;1224.16;1224.12;6976700
2006-02-24;1222.6;1225.13;1212.29;1216.14;1216.09;5387600
2006-02-27;1219.34;1239.99;1219.34;1235.42;1235.37;8301000
2006-02-28;1239.77;1240.57;1229.96;1230.66;1230.62;12164700
2006-03-01;1222.81;1239.94;1222.21;1239.27;1239.22;11000900
2006-03-02;1245.46;1250.64;1240.9;1249.68;1249.63;20381500
2006-03-03;1251.29;1261.27;1248.65;1261.27;1261.22;9431200
2006-03-06;1259.29;1263.43;1256.89;1262.69;1262.64;13475400
2006-03-07;1263.13;1266.08;1246.13;1246.25;1246.2;13886300
2006-03-08;1238.64;1239.61;1222.42;1233.6;1233.55;12892200
2006-03-09;1232.99;1240.12;1225.94;1239.58;1239.53;15647200
2006-03-10;1240.52;1249.4;1240.39;1247.42;1247.37;7260100
2006-03-13;1249.8;1250.31;1241.9;1243.66;1243.61;30688800
2006-03-14;1242.59;1245.38;1240.32;1245.38;1245.33;14845800
2006-03-15;1248.31;1251.04;1240.45;1244.44;1244.39;6902700
2006-03-16;1250.55;1276.28;1250.55;1273.8;1273.75;19508400
2006-03-17;1280.73;1306.24;1280.73;1305.18;1305.13;32532600
2006-03-20;1308.93;1334.63;1308.93;1330.11;1330.06;36466200
2006-03-21;1331.23;1339.82;1318.5;1327.14;1327.09;24450700
2006-03-22;1320.86;1320.86;1299.92;1302.33;1302.28;29672600
2006-03-23;1307.53;1321.95;1298.86;1305.62;1305.57;16917200
2006-03-24;1314.29;1319.6;1307.4;1311.37;1311.32;9808500
2006-03-27;1307.53;1312.48;1306.19;1311.95;1311.9;7403000
2006-03-28;1313.64;1327.9;1313.64;1325.22;1325.17;11637600
2006-03-29;1321.62;1335.78;1321.6;1322.97;1322.92;10936700
2006-04-03;1322.47;1331.7;1322.3;1329.31;1329.26;11425400
2006-04-04;1329.54;1333.48;1323.88;1326.45;1326.4;10335900
2006-04-05;1332.97;1344.97;1332.97;1344.6;1344.55;14922100
2006-04-06;1347.44;1356.85;1346.58;1355.01;1354.96;15297500
2006-04-07;1356.08;1364.62;1349.79;1363.3;1363.24;12471600
2006-04-11;1366.69;1367.5;1357.38;1360.13;1360.07;11567700
2006-04-12;1356.37;1375.74;1353.97;1372.39;1372.34;11861800
2006-04-13;1376.95;1383.97;1376.95;1382.12;1382.07;14614000
2006-04-17;1385.26;1389.84;1379.27;1386.79;1386.73;14315000
2006-04-18;1387.89;1417.38;1387.89;1417.38;1417.32;20331300
2006-04-19;1432.05;1456.33;1432.05;1453.23;1453.17;34484200
2006-04-20;1455.27;1490.65;1455.27;1464.53;1464.47;36455000
2006-04-21;1454.48;1468.17;1444.53;1459.29;1459.23;23043700
2006-04-24;1453.63;1459.2;1436.63;1442.86;1442.81;19644300
2006-04-25;1440.38;1458.78;1440.38;1458.78;1458.73;20468400
2006-04-26;1460.64;1485.73;1460.64;1481.72;1481.66;28981800
2006-04-27;1493.16;1499.99;1468.81;1474.61;1474.55;29669900
2006-04-28;1463.74;1469.19;1447.54;1464.41;1464.35;16512600
2006-05-01;1468.29;1479;1468.22;1476.45;1476.4;13029700
2006-05-02;1489.77;1495.47;1470.99;1475.89;1475.84;25438600
2006-05-03;1489.54;1499.07;1483.49;1499.07;1499.01;30130100
2006-05-04;1501.51;1501.85;1479.48;1484.33;1484.27;28674400
2006-05-05;1485.71;1486.05;1468.87;1483.06;1483;14342400
2006-05-08;1492.8;1507.93;1488.57;1507.93;1507.87;20932900
2006-05-09;1516.17;1538.25;1516.17;1532.62;1532.56;3849500
2006-05-10;1538.11;1542.61;1524.22;1539.4;1539.34;27661800
2006-05-11;1538.14;1553.49;1536.91;1553.06;1553;30841500
2006-05-12;1530.43;1541.6;1521.03;1525.78;1525.72;26946400
2006-05-15;1497.03;1497.03;1427.05;1429.54;1429.49;35249800
2006-05-16;1427.4;1437.06;1339.23;1427.81;1427.76;39889800
2006-05-17;1460.01;1484.12;1458.55;1462.16;1462.1;1014000
2006-05-18;1386.92;1416.11;1375.07;1400.85;1400.79;21824700
2006-05-19;1394.92;1411.74;1389.58;1392.99;1392.94;15021200
2006-05-22;1395.96;1397.42;1304.34;1309.05;1308.99;30850500
2006-05-23;1280.32;1327.5;1272.26;1326.26;1326.21;26076800
2006-05-24;1339.36;1339.36;1311.93;1323.15;1323.1;21103400
2006-05-29;1342.37;1354.43;1326.8;1333.88;1333.83;16004600
2006-05-30;1335.61;1370.56;1335.61;1366.17;1366.12;11571600
2006-05-31;1327.86;1343.62;1326.21;1330;1329.94;14749000
2006-06-01;1340.17;1346.12;1311.37;1321.56;1321.51;8660500
2006-06-02;1329.66;1347.69;1316.15;1347.69;1347.63;8442400
2006-06-05;1350.47;1359.53;1342.9;1349.04;1348.99;8544500
2006-06-06;1324.52;1328.17;1305.67;1316.94;1316.89;8478100
2006-06-07;1303.88;1303.88;1282.08;1287.18;1287.13;8574800
2006-06-08;1262.38;1265.71;1229.95;1241.33;1241.28;13793000
2006-06-09;1252.84;1274.75;1243.49;1274.75;1274.7;14270000
2006-06-12;1261.4;1273.11;1258.57;1273.11;1273.06;5316100
2006-06-13;1246.81;1256.18;1232.18;1236.57;1236.52;14586000
2006-06-14;1234.65;1239.29;1222.28;1234.2;1234.15;10431500
2006-06-15;1255.95;1259.69;1236.43;1241.65;1241.6;9690600
2006-06-16;1276.52;1309.53;1271.55;1309.53;1309.47;14117800
2006-06-19;1295.07;1300.86;1286.4;1295.05;1295;7110600
2006-06-20;1277.73;1295.11;1277.02;1294.97;1294.92;6875600
2006-06-21;1297.8;1301.17;1287.92;1293.29;1293.24;3733400
2006-06-22;1313.68;1313.68;1298.46;1303.45;1303.4;7118700
2006-06-23;1285.14;1290.16;1283.23;1290.16;1290.11;4169600
2006-06-26;1289.06;1290.17;1276.43;1283.85;1283.8;4867700
2006-06-27;1286.55;1292.31;1281.6;1285.63;1285.58;7556900
2006-06-28;1271.3;1277.76;1266.31;1272.05;1272;5183500
2006-06-29;1276.02;1279.12;1271.39;1274.74;1274.69;7228600
2006-06-30;1311.19;1311.62;1301.7;1310.26;1310.21;14451500
2006-07-03;1310.58;1327.76;1308.85;1327.76;1327.7;9235000
2006-07-04;1338.29;1341.37;1333.01;1337.87;1337.82;8945500
2006-07-05;1334.24;1345.64;1333.36;1338.32;1338.27;8529800
2006-07-06;1327.67;1340.02;1318.16;1340.02;1339.97;11164400
2006-07-07;1347.21;1350.72;1340.91;1347.91;1347.85;11219300
2006-07-10;1338.61;1351.29;1335.72;1339.83;1339.78;6294900
2006-07-11;1339.88;1349.28;1339.84;1343.94;1343.89;6780800
2006-07-12;1348.16;1355.19;1341.52;1345.87;1345.81;5011500
2006-07-13;1343.4;1349.87;1330.01;1334.03;1333.98;11399700
2006-07-14;1303.72;1317.02;1298.16;1303.58;1303.53;7177400
2006-07-17;1290.44;1292.19;1279.67;1283.95;1283.9;7277000
2006-07-18;1288.77;1294.16;1281.67;1286.05;1286;8857800
2006-07-19;1293.8;1294.57;1277.6;1280.5;1280.45;5987000
2006-07-20;1307.29;1315.59;1300.72;1315.59;1315.54;8454100
2006-07-21;1302.71;1314.91;1302.71;1314.58;1314.53;6490400
2006-07-24;1303.43;1303.43;1295.44;1303.15;1303.1;4553800
2006-07-25;1315.31;1316.81;1302.49;1307.78;1307.72;9174900
2006-07-26;1308.42;1316.01;1307.28;1312.83;1312.78;6876400
2006-07-27;1317.53;1335.01;1314.22;1330.59;1330.54;10965600
2006-07-28;1334.83;1337.41;1332.43;1337.41;1337.36;7348000
2006-07-31;1351.69;1351.69;1342.68;1351.65;1351.6;8267900
2006-08-01;1352.74;1372.21;1351.01;1371.69;1371.64;11609200
2006-08-02;1368.57;1394.36;1368.57;1394.36;1394.31;14091600
2006-08-03;1400.27;1400.74;1376.44;1379.71;1379.66;15086700
2006-08-04;1381.3;1391.11;1381.3;1389.35;1389.3;10997200
2006-08-07;1392.53;1408.39;1392.53;1403.49;1403.44;12529100
2006-08-08;1407.15;1409.7;1393.34;1396.08;1396.03;11237100
2006-08-09;1393.75;1413.79;1392.1;1413.1;1413.05;11796400
2006-08-10;1410.94;1419.22;1384;1384.86;1384.8;14032800
2006-08-11;1396.99;1405.59;1396.99;1402.19;1402.14;6618600
2006-08-14;1407.22;1415.22;1399.59;1415.22;1415.17;7641800
2006-08-15;1415.8;1424.24;1415.57;1424.24;1424.18;10936500
2006-08-16;1437.73;1441.96;1429.23;1437.77;1437.71;14779400
2006-08-22;1438.29;1441.46;1425.19;1435.03;1434.97;9127400
2006-08-23;1430.56;1438.63;1430.28;1438.63;1438.57;13200400
2006-08-24;1427.06;1436.61;1424.9;1429.48;1429.43;15132400
2006-08-25;1431.53;1432.06;1410.8;1416.93;1416.87;10448200
2006-08-28;1418.44;1429.57;1414.87;1418;1417.95;14059100
2006-08-29;1424.97;1432.93;1418.76;1432.93;1432.88;11207300
2006-08-30;1435.55;1436.94;1420.7;1425.22;1425.17;14577800
2006-08-31;1431.9;1432.97;1424.21;1431.26;1431.21;12567600
2006-09-01;1431.54;1444.49;1431.54;1444.49;1444.43;9711000
2006-09-04;1455.43;1469.56;1449.7;1469.56;1469.5;13114200
2006-09-05;1473.02;1473.02;1461.7;1468.24;1468.18;13936800
2006-09-06;1469.7;1472.56;1463.75;1472.56;1472.51;11250400
2006-09-07;1460.52;1470.47;1456.35;1470.47;1470.41;11626800
2006-09-08;1462.38;1467.72;1458.01;1466.58;1466.52;16001300
2006-09-11;1464.53;1464.53;1442;1447.25;1447.2;9977800
2006-09-12;1444.84;1444.84;1417.24;1435.21;1435.15;10998500
2006-09-13;1446.26;1457.3;1443.49;1451.08;1451.02;11147600
2006-09-14;1458.49;1462;1454.27;1461.29;1461.23;8839400
2006-09-15;1457.59;1465.7;1455.34;1465.7;1465.64;6277400
2006-09-18;1466.63;1474.26;1462.45;1474.26;1474.2;7097200
2006-09-19;1473.22;1487.23;1473.22;1485.35;1485.29;10963700
2006-09-20;1471.39;1483.89;1471.39;1479.31;1479.25;9322900
2006-09-21;1482.61;1507.36;1482.41;1507.36;1507.31;19647400
2006-09-22;1500.51;1515.41;1500.51;1510.82;1510.77;13806000
2006-09-25;1503.6;1506.76;1496.01;1506.76;1506.7;9991800
2006-09-26;1509.7;1510.42;1492.77;1500.1;1500.05;9557000
2006-09-27;1510.03;1523.06;1510.03;1523.06;1523;10483600
2006-09-28;1526.04;1533.8;1520.81;1533.8;1533.74;12661800
2006-09-29;1532.1;1534.61;1526.24;1534.61;1534.56;12686600
2006-10-02;1531.98;1533.74;1522.41;1528.91;1528.85;17703300
2006-10-03;1521.56;1537.71;1520.91;1537.71;1537.65;15553900
2006-10-04;1535.04;1537.61;1515.46;1537.08;1537.03;15106100
2006-10-05;1547.33;1549.46;1534.97;1544.98;1544.92;20795400
2006-10-06;1547.54;1560.23;1547.17;1549.63;1549.57;13236500
2006-10-09;1549.28;1551.14;1534.05;1543.42;1543.36;13088400
2006-10-10;1540.9;1554.92;1540.9;1554.92;1554.86;12732600
2006-10-11;1554.43;1563.26;1548.51;1553.12;1553.06;17091800
2006-10-12;1549.9;1554.02;1539.67;1549.54;1549.47;17359000
2006-10-13;1555.59;1572.98;1555.59;1572.2;1572.14;13259100
2006-10-16;1578.07;1579.51;1555.55;1561.79;1561.73;14605900
2006-10-17;1562.14;1566.96;1561.35;1566.82;1566.76;15809500
2006-10-18;1559.2;1565.29;1556.95;1564.55;1564.49;13800500
2006-10-19;1567.5;1572.96;1564.99;1568.59;1568.53;9622900
2006-10-20;1569.99;1572.85;1565.15;1572.85;1572.78;8753100
2006-10-30;1570.03;1583.1;1568.74;1580.19;1580.13;10031200
2006-10-31;1581.11;1588.53;1575.05;1582.63;1582.56;12493500
2006-11-01;1582.7;1589.92;1576.44;1589.87;1589.81;10412800
2006-11-02;1585.85;1607.7;1582.77;1607.7;1607.63;14235100
2006-11-03;1607.81;1617;1606.56;1612.92;1612.86;12721200
2006-11-06;1612.12;1649.44;1612.12;1640.85;1640.78;17002700
2006-11-07;1657.57;1664.42;1644.32;1654.15;1654.09;20739200
2006-11-08;1652.31;1655.19;1642.08;1646.07;1646;13697600
2006-11-09;1644.77;1660.26;1644.62;1660.26;1660.2;12421100
2006-11-10;1661.55;1673.12;1655.29;1664.84;1664.77;11615200
2006-11-13;1659.41;1659.41;1636.55;1639.27;1639.21;11687600
2006-11-14;1648.23;1672.07;1648.23;1672.07;1672.01;16542500
2006-11-15;1679.86;1680.55;1664.85;1670.11;1670.05;13604000
2006-11-16;1673.15;1673.48;1660.17;1668.82;1668.76;12512400
2006-11-17;1669.01;1678.79;1666.4;1672.11;1672.04;19789600
2006-11-20;1666.87;1684.73;1665.3;1684.01;1683.94;14548600
2006-11-21;1684.37;1684.37;1672.94;1681.34;1681.27;12009300
2006-11-22;1686.65;1705.44;1686.65;1705.44;1705.37;21718900
2006-11-23;1708.95;1709.05;1696.65;1704.13;1704.06;22625400
2006-11-24;1702.56;1718.3;1698.48;1717.73;1717.66;16947600
2006-11-27;1722.62;1738.41;1716.48;1728.93;1728.87;17138300
2006-11-28;1710.99;1716.22;1690.17;1691.08;1691.02;16470200
2006-11-29;1710.22;1713.4;1696.94;1713.4;1713.33;31475300
2006-11-30;1725.94;1737.42;1715.25;1718.96;1718.89;23460200
2006-12-01;1720.15;1735.57;1720.04;1734.75;1734.68;18354300
2006-12-04;1734.62;1734.62;1726.3;1731.23;1731.17;15954700
2006-12-05;1740.96;1776.76;1740.96;1776.76;1776.69;26297800
2006-12-06;1785.07;1801.64;1779.43;1784.43;1784.36;25934400
2006-12-07;1779.15;1786.71;1772.19;1782.12;1782.05;20075700
2006-12-08;1778.47;1781.33;1770.69;1775.29;1775.22;28736500
2006-12-11;1776.9;1781.19;1751.89;1759.67;1759.6;23664400
2006-12-12;1757.29;1759.56;1741.62;1754.58;1754.51;20784300
2006-12-13;1753.89;1758.16;1742.18;1753.8;1753.73;19182200
2006-12-14;1756.57;1767.8;1751.32;1767.8;1767.73;24039200
2006-12-15;1783.19;1792.16;1777.93;1792.16;1792.09;23451400
2006-12-18;1793.3;1795.89;1776.94;1787.62;1787.55;22368700
2006-12-19;1778.69;1782.06;1719.34;1736.67;1736.6;36975300
2006-12-20;1763.89;1773.99;1762.66;1766.8;1766.73;24811000
2006-12-21;1767.25;1789.09;1767.25;1789.09;1789.02;24914800
2006-12-22;1784.3;1789.15;1778.8;1785.76;1785.69;18489200
2006-12-26;1784.33;1787.68;1781.99;1783.98;1783.91;8375100
2006-12-27;1788.65;1803.26;1788.65;1803.26;1803.19;18294800
2006-12-28;1813.02;1814.26;1800.65;1805.52;1805.45;30711600
2007-01-02;1813.45;1836.52;1813.45;1836.52;1836.45;23595900
2007-01-03;1832.07;1837.07;1829.6;1834.71;1834.64;1531300
2007-01-04;1839.56;1843.35;1820.82;1824.1;1824.03;34667400
2007-01-05;1817.57;1832.55;1813.9;1832.55;1832.48;39872500
2007-01-08;1818.01;1818.83;1804.33;1813.39;1813.32;34902600
2007-01-09;1821.3;1823.09;1770.59;1780.88;1780.81;1260900
2007-01-10;1746.5;1747.27;1703.66;1710.37;1710.3;40697100
2007-01-11;1729.4;1732.09;1698.84;1703.84;1703.78;21148200
2007-01-12;1711.21;1711.21;1627.76;1678.04;1677.98;28527200
2007-01-15;1694.16;1730.47;1694.16;1730.47;1730.41;19792700
2007-01-16;1741.8;1755.74;1737.18;1754.29;1754.23;18578500
2007-01-17;1755.16;1761.42;1753.27;1758.48;1758.41;23673000
2007-01-18;1764.92;1783.65;1764.92;1777.71;1777.64;31413700
2007-01-19;1775.49;1795.56;1768.66;1795.56;1795.49;24811300
2007-01-22;1804.58;1817.41;1801.35;1817.41;1817.34;24697400
2007-01-23;1811.7;1811.7;1789.3;1808.57;1808.5;16146600
2007-01-24;1815.51;1819.31;1798.29;1805.69;1805.62;25533800
2007-01-25;1804.12;1805.38;1764.06;1773.96;1773.89;24914100
2007-01-26;1747.42;1759.21;1736.32;1759.21;1759.14;18835700
2007-01-29;1756.05;1771.12;1756.05;1764.99;1764.93;14951200
2007-01-30;1771.58;1773.98;1753.45;1765.52;1765.45;15534300
2007-01-31;1767.74;1767.74;1742.56;1757.26;1757.19;16557400
2007-02-01;1765.87;1772.21;1754.12;1771.33;1771.26;33282500
2007-02-02;1774.8;1786.4;1771.46;1780.38;1780.31;21287200
2007-02-05;1770.82;1776.07;1762.54;1768.54;1768.47;11558400
2007-02-06;1764.65;1770.38;1757.39;1761.29;1761.22;17488000
2007-02-07;1758.72;1773.05;1753.19;1764.91;1764.84;23037500
2007-02-08;1759.15;1759.24;1740.4;1751.32;1751.25;31521300
2007-02-09;1742.9;1744.35;1732.27;1740.32;1740.25;26949200
2007-02-12;1727.09;1745.55;1722.76;1734.46;1734.39;18976000
2007-02-13;1734.21;1742.29;1721.78;1727.36;1727.29;14591700
2007-02-14;1753.18;1761.16;1744.69;1750.99;1750.92;20957200
2007-02-15;1774.55;1790.41;1774.55;1790.41;1790.34;27937000
2007-02-16;1793.87;1803;1789.85;1794.36;1794.29;18499100
2007-02-19;1798.46;1804.47;1794.69;1799.29;1799.22;9984200
2007-02-20;1799.12;1806.48;1794.14;1806.48;1806.41;23539700
2007-02-21;1813.61;1817.9;1806.54;1816.57;1816.5;42043700
2007-02-22;1819.37;1824.99;1802.38;1808.44;1808.37;38267100
2007-02-23;1807.26;1807.26;1784.89;1791.55;1791.48;18834400
2007-02-26;1790.48;1790.89;1774.36;1783.95;1783.88;20630100
2007-02-27;1788.68;1794.17;1760.98;1764.01;1763.94;30444400
2007-02-28;1672.23;1740.97;1664.2;1740.97;1740.9;33156500
2007-03-01;1752.11;1774.49;1750.63;1759.49;1759.42;31201700
2007-03-02;1752.72;1765.11;1752.05;1760.02;1759.95;17231000
2007-03-05;1728.24;1739.83;1692.22;1698.82;1698.75;25479100
2007-03-06;1714.82;1733.99;1706.97;1732.44;1732.37;26102100
2007-03-07;1745.66;1755.3;1737.88;1743.19;1743.12;28346900
2007-03-08;1747.29;1774.15;1747.29;1771.56;1771.49;22675600
2007-03-09;1782.05;1784.05;1759.82;1764.58;1764.51;18813200
2007-03-12;1770.57;1794.52;1770.57;1794.52;1794.45;21320300
2007-03-13;1798.55;1798.62;1786.54;1797.4;1797.33;20354600
2007-03-14;1757.15;1776.62;1757.08;1762.28;1762.22;18418600
2007-03-15;1778.21;1785.72;1771.03;1776.36;1776.29;15945500
2007-03-16;1776.32;1786.94;1771.7;1777.89;1777.82;16075900
2007-03-20;1790.94;1792.22;1768.9;1775.42;1775.35;21785500
2007-03-21;1775.69;1781.24;1768.02;1779.24;1779.17;24043500
2007-03-22;1794.86;1809.07;1790.27;1809.07;1809;24035900
2007-03-23;1813.43;1813.43;1801.11;1805.96;1805.89;16450500
2007-03-26;1805.59;1813.72;1803.98;1813.72;1813.65;15899600
2007-03-27;1819.28;1824.96;1812.47;1819.66;1819.59;18111800
2007-03-28;1811.2;1811.2;1794.11;1800.39;1800.32;19038700
2007-03-29;1787.46;1817.72;1787.19;1817.72;1817.65;25437900
2007-03-30;1830.22;1833.42;1823.66;1830.92;1830.85;18339600
2007-04-02;1837.18;1852.97;1837.18;1849.38;1849.31;16280500
2007-04-03;1859.11;1894.58;1859.11;1894.58;1894.5;26413400
2007-04-04;1924.29;1930.27;1915.72;1922.05;1921.98;37408800
2007-04-05;1925.37;1926.65;1889.1;1895.61;1895.54;18897600
2007-04-09;1909.05;1914.89;1904.07;1913.73;1913.66;16031900
2007-04-10;1914.85;1926.54;1910.51;1925.47;1925.4;18479200
2007-04-11;1931.7;1939.77;1919.69;1931.04;1930.97;25182600
2007-04-12;1911.76;1933.29;1911.14;1930.4;1930.32;27355000
2007-04-13;1936.86;1944.47;1934.12;1941.15;1941.08;25896600
2007-04-16;1954.49;1963.89;1951.43;1963.82;1963.75;26430600
2007-04-17;1973.11;1975.2;1958.01;1965.44;1965.36;31591700
2007-04-18;1970.13;1974.33;1956.23;1959.68;1959.6;37243800
2007-04-19;1948.44;1951.54;1912.73;1918.35;1918.28;31143300
2007-04-20;1941.49;1968.73;1935.84;1968.73;1968.65;29322500
2007-04-23;1986.5;1993.82;1978.35;1986.73;1986.65;42083800
2007-04-24;1982.08;1992.86;1976.58;1981.57;1981.49;4070000
2007-04-25;1975.17;1986.69;1972.01;1986.67;1986.59;40797000
2007-04-26;1999.19;2018.21;1996.67;2016.03;2015.95;11040400
2007-04-27;2010.66;2019.68;2002.1;2019.68;2019.6;2748200
2007-04-30;2016.97;2021.01;1993.55;1999.17;1999.09;18416800
2007-05-01;1995.17;2007.26;1990.63;2001.18;2001.1;37862800
2007-05-02;2011.43;2016.03;1987.89;2008.56;2008.48;28308200
2007-05-03;2020.16;2030.84;2018.94;2025.64;2025.57;12589800
2007-05-04;2037.79;2042.47;2024.54;2033.37;2033.29;11632000
2007-05-07;2040.76;2042.1;2027.98;2037.04;2036.96;42824000
2007-05-08;2033.4;2033.54;2014.55;2022.79;2022.71;38015300
2007-05-09;2015.13;2039.57;2011.2;2037.98;2037.9;32821800
2007-05-10;2044.43;2049.53;2035.45;2047.03;2046.95;35480800
2007-05-11;2016.7;2028.47;2012.82;2022.3;2022.22;36996400
2007-05-14;2046.68;2048.8;2031.16;2044.21;2044.13;18268800
2007-05-15;2048.23;2049.63;2030.7;2037.78;2037.7;36485500
2007-05-16;2037.38;2063.76;2034.1;2063.76;2063.68;39946900
2007-05-21;2071.47;2071.65;2055.89;2071.27;2071.19;36425500
2007-05-22;2071.46;2078.75;2065.78;2078.75;2078.67;9906800
2007-05-23;2083.22;2111.83;2083.22;2104.25;2104.16;11887100
2007-05-24;2094.88;2098.47;2073.23;2078.6;2078.52;22794500
2007-05-25;2051.5;2060.43;2043.96;2060.43;2060.35;12015100
2007-05-28;2073.5;2080.86;2061.14;2076.76;2076.68;9078100
2007-05-29;2076.44;2079.02;2052.31;2058.74;2058.66;16319700
2007-05-30;2054.42;2065.5;2043.3;2055.4;2055.32;23390900
2007-05-31;2076.75;2084.32;2068.64;2084.32;2084.24;37670100
2007-06-04;2100.68;2113.36;2094.53;2111.75;2111.67;34106400
2007-06-05;2111.23;2117.56;2084.17;2093.11;2093.03;39160900
2007-06-06;2086.4;2112.51;2085.05;2102.44;2102.36;16535800
2007-06-07;2084.35;2105.6;2082.35;2093.81;2093.73;105000
2007-06-08;2057.32;2067.52;2045.58;2054.45;2054.37;41595200
2007-06-11;2071.29;2084.03;2068.1;2084.03;2083.95;31812600
2007-06-12;2089.1;2112.17;2089.1;2108.58;2108.5;37972200
2007-06-13;2087.48;2091.59;2080.08;2088.6;2088.52;35028500
2007-06-14;2107.73;2113.39;2096.84;2108.41;2108.33;32277000
2007-06-15;2122.7;2122.9;2108.25;2120.64;2120.56;38928400
2007-06-18;2135.61;2137.46;2113.52;2126.49;2126.41;5951900
2007-06-19;2116.77;2142.19;2116.77;2142.19;2142.1;6857900
2007-06-20;2140.01;2161.07;2140.01;2161.07;2160.99;12337100
2007-06-21;2149.99;2162.31;2141.2;2152.34;2152.26;3001400
2007-06-22;2155.63;2156.97;2135.67;2152.32;2152.24;38588500
2007-06-25;2144.12;2152.2;2138.96;2152.2;2152.12;30121300
2007-06-26;2153.02;2167.45;2143.8;2153.54;2153.46;36589800
2007-06-27;2146.76;2146.76;2107.31;2125.34;2125.26;30068300
2007-06-28;2131.45;2133.2;2088.49;2112.85;2112.77;25582300
2007-06-29;2118.08;2139.58;2109.87;2139.28;2139.19;20586500
2007-07-02;2140.62;2167.82;2140.62;2167.82;2167.74;26147300
2007-07-03;2168.5;2191.98;2168.5;2189.12;2189.03;33308600
2007-07-04;2191.14;2197.05;2184.1;2196.1;2196.02;31569300
2007-07-05;2199.6;2220.93;2199.6;2220.93;2220.84;3200500
2007-07-06;2219.89;2227.05;2215.84;2227.05;2226.96;1142800
2007-07-09;2235.52;2272.72;2235.52;2271.34;2271.26;2258100
2007-07-10;2281.9;2285.03;2267.74;2282.38;2282.29;4698600
2007-07-11;2256.29;2276.7;2252.4;2273.42;2273.33;22529300
2007-07-12;2285.06;2298.37;2278.6;2284.92;2284.83;857100
2007-07-13;2319.03;2319.9;2293.34;2301.6;2301.51;42489900
2007-07-16;2308.05;2313.66;2277.96;2286.22;2286.13;29240400
2007-07-17;2283.04;2301.34;2282.35;2301.34;2301.25;31865200
2007-07-18;2296.65;2296.65;2285.07;2294.59;2294.5;28535500
2007-07-19;2291.39;2333.68;2290.88;2333.68;2333.59;5813600
2007-07-20;2346.62;2366.4;2337.49;2366.4;2366.3;2059100
2007-07-23;2344.19;2380.21;2344.12;2380.21;2380.12;15226800
2007-07-24;2385.52;2401.14;2373.95;2401.14;2401.05;8005900
2007-07-25;2376.08;2395.8;2375.78;2394.56;2394.47;7237000
2007-07-26;2399.71;2405.96;2354.73;2365.26;2365.17;14697900
2007-07-27;2301.36;2329.47;2281.86;2298.41;2298.32;22614500
2007-07-30;2291.79;2306.89;2268.67;2301.55;2301.46;5235700
2007-07-31;2328.31;2348.67;2323.18;2348.67;2348.58;38208800
2007-08-01;2318.7;2322.8;2242.28;2256.31;2256.22;16946700
2007-08-02;2288.89;2296.3;2224.49;2270.85;2270.77;648800
2007-08-03;2292.21;2294.73;2259.1;2269.79;2269.7;1356100
2007-08-06;2210.48;2210.48;2161.93;2189.11;2189.02;34527200
2007-08-07;2217.03;2223.03;2166.81;2174.07;2173.99;29455400
2007-08-08;2199.46;2263.5;2199.46;2262.64;2262.55;38589700
2007-08-09;2296.22;2298.6;2233.58;2241.4;2241.31;34919600
2007-08-10;2157.64;2207.4;2155.92;2207.4;2207.31;29052900
2007-08-13;2207.42;2211.46;2185.91;2211.46;2211.37;17416800
2007-08-14;2200.93;2200.93;2159.34;2168.64;2168.55;21425900
2007-08-15;2121.94;2121.94;2019.64;2029.08;2029;40303900
2007-08-16;1936.55;1936.55;1863.36;1908.64;1908.56;9223000
2007-08-20;2008.31;2042.72;1999.73;2041.58;2041.5;41800200
2007-08-21;2041.18;2063.24;1987.45;1993.01;1992.93;35289800
2007-08-22;2007.34;2062.99;1999.11;2062.99;2062.91;30553800
2007-08-23;2117.85;2139.31;2104.42;2117.66;2117.58;9056500
2007-08-24;2107.16;2143.11;2092.97;2143.11;2143.03;41047000
2007-08-27;2174.8;2180.53;2162.76;2175.35;2175.27;5977800
2007-08-28;2167.15;2177.38;2148.05;2159.61;2159.52;4590100
2007-08-29;2085.84;2134.88;2085.84;2134.88;2134.8;37122600
2007-08-30;2164.82;2172.29;2145.29;2150.72;2150.63;30120900
2007-08-31;2157.12;2194.34;2151.13;2194.34;2194.25;40708900
2007-09-03;2194.43;2214.41;2192.79;2213.57;2213.49;28629500
2007-09-04;2211.99;2226.99;2202.19;2215.12;2215.03;29955500
2007-09-05;2228.34;2230.67;2193.36;2214.62;2214.54;38311000
2007-09-06;2197.06;2220.78;2195.04;2220.78;2220.69;41285200
2007-09-07;2229.62;2243.2;2228.7;2239.9;2239.81;47094800
2007-09-10;2202;2210.96;2195.15;2209.64;2209.56;30546100
2007-09-11;2211.1;2220.9;2204.98;2211.41;2211.33;35903700
2007-09-12;2223.44;2227.41;2194.26;2209.93;2209.84;37778700
2007-09-13;2212.68;2222.75;2199.61;2222.75;2222.66;35584300
2007-09-14;2234.27;2234.27;2220.08;2225.61;2225.52;46834000
2007-09-17;2230.4;2236.12;2209.8;2223.22;2223.13;45220500
2007-09-18;2217.22;2239.86;2217.22;2239.86;2239.77;35636700
2007-09-19;2293.95;2313.34;2275.97;2313.34;2313.25;75199900
2007-09-20;2321.01;2331.04;2303.83;2304.63;2304.54;46661200
2007-09-21;2296.45;2335.49;2295.87;2335.49;2335.4;54960400
2007-09-24;2336.23;2353.63;2325.33;2353.63;2353.54;71689100
2007-09-25;2341.11;2348.54;2323.37;2330.36;2330.27;55220400
2007-09-26;2336.74;2361.01;2335.57;2361.01;2360.92;46686700
2007-09-27;2377.93;2381.08;2369.44;2378.83;2378.74;50197600
2007-09-28;2380.32;2385.24;2355.03;2359.21;2359.11;37958800
2007-10-01;2366.61;2399.46;2366.61;2399.46;2399.36;40636800
2007-10-02;2425.76;2464.94;2418.32;2464.94;2464.85;49546400
2007-10-03;2475.06;2498.79;2441.01;2451.59;2451.49;70233100
2007-10-04;2439.66;2478.5;2439.66;2473.16;2473.06;54200700
2007-10-05;2477.62;2504.44;2476.55;2500.58;2500.48;40500500
2007-10-08;2515.54;2533.51;2508.75;2523.7;2523.6;43526400
2007-10-09;2512.4;2546.61;2509.65;2546.61;2546.51;37998300
2007-10-10;2562.45;2592.32;2562.25;2591.48;2591.38;50989500
2007-10-11;2599.59;2638.21;2599.59;2638.21;2638.11;43788100
2007-10-17;2611.28;2641.59;2602.81;2641.59;2641.49;41575300
2007-10-18;2652.44;2661.27;2612.29;2616.74;2616.64;52529200
2007-10-19;2601.42;2609.88;2548.53;2563.75;2563.65;32023400
2007-10-22;2471.14;2503.45;2446.76;2453.21;2453.12;39122600
2007-10-23;2485.88;2555.83;2485.88;2553.8;2553.7;43951700
2007-10-24;2585.91;2597.35;2519.03;2524.98;2524.88;42639500
2007-10-25;2552.49;2596.77;2544.4;2596.66;2596.56;35412600
2007-10-26;2615.87;2655.16;2608.1;2624.43;2624.33;33521300
2007-10-29;2655.38;2675.09;2654.81;2667.53;2667.43;47540500
2007-10-30;2664.15;2689.92;2654.35;2662.92;2662.82;45379900
2007-10-31;2635.58;2646.63;2618.03;2643.49;2643.38;31618700
2007-11-01;2692.51;2732.67;2692.51;2704.66;2704.55;48750200
2007-11-02;2638.72;2717.58;2636.85;2710.62;2710.51;36937400
2007-11-05;2710.89;2727.92;2639.95;2652.48;2652.38;34952200
2007-11-06;2667.23;2681.9;2660.35;2681.9;2681.8;32681000
2007-11-07;2708.88;2724.05;2687.8;2713.98;2713.87;50133300
2007-11-08;2657.34;2680.3;2640.15;2678.22;2678.12;44633500
2007-11-09;2674.93;2707.67;2663.55;2707.67;2707.56;38709000
2007-11-12;2663.74;2701.97;2649.96;2671.9;2671.8;42092000
2007-11-13;2669.23;2678.62;2630.86;2654.21;2654.1;53247000
2007-11-14;2696.95;2714.21;2676.11;2691.87;2691.77;53097200
2007-11-15;2694.16;2716.7;2678.77;2705.82;2705.71;40483400
2007-11-16;2670.66;2689.56;2647.65;2668.7;2668.6;24280400
2007-11-19;2679.65;2685.64;2636.91;2646.81;2646.71;25586100
2007-11-20;2583.84;2630.79;2551.03;2624.86;2624.76;37203900
2007-11-21;2608.68;2632.16;2548.99;2563.62;2563.52;26876700
2007-11-22;2542.28;2571.69;2526.95;2569.51;2569.41;27188000
2007-11-23;2589.89;2595.54;2574.65;2584.35;2584.25;19595900
2007-11-26;2617.14;2648.04;2617.14;2648.04;2647.94;27694800
2007-11-27;2604.83;2634.49;2604.83;2627.95;2627.85;25077400
2007-11-28;2646.59;2671.9;2639.67;2671.9;2671.79;35864600
2007-11-29;2731.83;2737.81;2693.12;2699.82;2699.71;41411700
2007-11-30;2710.03;2733.94;2686.5;2688.33;2688.23;33592100
2007-12-03;2703.72;2726.93;2697.83;2726.93;2726.82;31733100
2007-12-04;2720.78;2752.94;2707.35;2752.94;2752.84;46639600
2007-12-05;2749.98;2768.06;2733.26;2768.06;2767.95;34517100
2007-12-06;2802.54;2802.68;2779.27;2795.4;2795.29;41310000
2007-12-07;2817.29;2818.53;2771.5;2778.95;2778.84;38752900
2007-12-10;2782.69;2814.45;2777.02;2790.26;2790.16;23550900
2007-12-11;2805.09;2810.96;2790.7;2810.96;2810.85;40252000
2007-12-12;2776.98;2798.82;2776.98;2795.84;2795.73;42186200
2007-12-13;2799.14;2800.86;2748.72;2755.73;2755.62;35343900
2007-12-14;2753.05;2753.05;2719.5;2740.06;2739.95;21514900
2007-12-17;2731.78;2731.78;2645.31;2664.92;2664.81;23783600
2007-12-18;2644.86;2674.15;2629.07;2646.23;2646.12;23197900
2007-12-19;2667.77;2672.19;2643.3;2657.98;2657.87;20942200
2007-12-26;2689.83;2714.55;2682.21;2714.55;2714.44;16848200
2007-12-27;2721.57;2739.7;2717.32;2739.7;2739.6;18825800
2007-12-28;2726.39;2745.83;2723.98;2745.83;2745.72;20798500
2008-01-02;2739.59;2740.32;2709.16;2731.51;2731.4;11523000
2008-01-03;2706.54;2717.83;2697.65;2715.06;2714.96;17181800
2008-01-04;2717.1;2769.43;2717.1;2765.19;2765.08;29196600
2008-01-07;2732.43;2776.78;2732.43;2776.41;2776.3;35241700
2008-01-08;2783.61;2800.3;2771.8;2785.62;2785.52;41806000
2008-01-09;2772.07;2830.26;2772.07;2830.26;2830.15;33554700
2008-01-14;2831.25;2838.48;2788.62;2810.37;2810.26;41357600
2008-01-15;2829.71;2838.27;2713.52;2730.03;2729.92;34295700
2008-01-16;2659.06;2661.5;2557.03;2592.31;2592.21;35004200
2008-01-17;2617.7;2649.28;2558.42;2649.28;2649.18;34240200
2008-01-18;2546.71;2633.11;2542.95;2611.13;2611.03;23992200
2008-01-21;2576.79;2597.25;2461.14;2485.88;2485.78;39115300
2008-01-22;2375.88;2375.88;2229.82;2294.52;2294.43;45795900
2008-01-23;2441.12;2490.23;2387.04;2476.28;2476.18;46645100
2008-01-24;2515.25;2547.1;2475.03;2516.7;2516.6;32288200
2008-01-25;2566.12;2620.49;2561.95;2620.49;2620.39;32959500
2008-01-28;2569.84;2607.72;2561.28;2582.05;2581.95;28929500
2008-01-29;2625.03;2630.52;2591.8;2607.84;2607.74;32313200
2008-01-30;2631.1;2636.83;2581.99;2610.36;2610.26;26090000
2008-01-31;2608.75;2627.25;2586.45;2627.25;2627.15;29665600
2008-02-01;2657.16;2660.74;2613.5;2646.82;2646.72;20140600
2008-02-04;2684.12;2719.23;2679.94;2701.63;2701.52;37529300
2008-02-05;2687.42;2725.11;2685.29;2704.25;2704.14;49044700
2008-02-06;2615.84;2641.04;2608.59;2639.09;2638.98;42904100
2008-02-11;2625.04;2639.11;2573.41;2589.38;2589.28;24666900
2008-02-12;2623.41;2626.86;2581.86;2592.07;2591.97;20671600
2008-02-13;2626.97;2632.09;2604.25;2610.78;2610.68;27143300
2008-02-14;2654.98;2675.65;2652.63;2675.65;2675.54;37836800
2008-02-15;2641.87;2688.19;2641.87;2688.19;2688.09;30487900
2008-02-18;2701.92;2707.46;2673.37;2684.7;2684.6;25902500
2008-02-19;2711.69;2713.18;2701.1;2711.87;2711.77;20334700
2008-02-20;2713.22;2714.44;2674.24;2689.26;2689.15;30387800
2008-02-21;2715.2;2734.21;2707.27;2734.21;2734.1;32358800
2008-02-22;2718.46;2741.84;2718.46;2741.18;2741.07;21597400
2008-02-25;2763.93;2767.85;2745.04;2751.86;2751.76;35152100
2008-02-26;2772.19;2773.43;2732.64;2738.87;2738.77;35746500
2008-02-27;2764.56;2764.56;2730.79;2740.14;2740.03;34877000
2008-02-28;2738.66;2757.09;2738.66;2756.31;2756.21;37435900
2008-02-29;2745.46;2749.48;2712.22;2721.94;2721.84;28257800
2008-03-03;2651.88;2689.66;2642;2652.31;2652.21;26794200
2008-03-04;2679.4;2681.95;2609.31;2634.75;2634.65;25791600
2008-03-05;2636.11;2645.92;2611.7;2639.65;2639.55;20172300
2008-03-06;2669.25;2671.02;2647.5;2656.46;2656.35;22443600
2008-03-10;2594.59;2594.59;2514.92;2527.87;2527.77;30935400
2008-03-11;2502.89;2523.53;2446.23;2523.53;2523.44;25828200
2008-03-12;2599.41;2602.65;2542.36;2556.24;2556.14;25877100
2008-03-13;2522.48;2528.83;2432.83;2440.59;2440.5;27215600
2008-03-14;2474.03;2475.33;2381.83;2383.42;2383.33;21871500
2008-03-17;2274.6;2312.32;2239.73;2312.32;2312.23;21982800
2008-03-18;2336.61;2339.79;2242.6;2339.79;2339.7;27426500
2008-03-19;2390;2390;2301.72;2323.57;2323.48;21616900
2008-03-24;2319.6;2339.29;2291.16;2339.29;2339.2;15688400
2008-03-25;2366.99;2419.62;2361.59;2419.62;2419.52;27402500
2008-03-26;2417.27;2459.31;2403.01;2440.64;2440.54;28520600
2008-03-27;2418.44;2451.35;2405.15;2451.35;2451.25;22136300
2008-03-28;2450.8;2477.59;2448.09;2477.59;2477.49;23382800
2008-03-31;2467.85;2476.58;2430.02;2447.3;2447.2;18192500
2008-04-01;2463.74;2465.82;2343.12;2393.25;2393.16;25281100
2008-04-02;2432.99;2432.99;2331.86;2342.19;2342.1;25266800
2008-04-03;2349.3;2351.01;2221.01;2237.97;2237.88;35333200
2008-04-04;2261.97;2277.16;2239.8;2277.08;2277;22960600
2008-04-07;2286.6;2290.88;2252.05;2286.8;2286.71;19903800
2008-04-08;2274.16;2279.65;2244.17;2249.77;2249.68;16260500
2008-04-09;2248.85;2268.08;2171.61;2180.09;2180;27779400
2008-04-10;2167.65;2235.93;2167.65;2235.93;2235.85;21854600
2008-04-11;2264.1;2303.93;2254.07;2303.93;2303.84;27252900
2008-04-14;2245.64;2279.02;2243.09;2272.48;2272.39;17571400
2008-04-15;2287.4;2305.71;2278.98;2294.26;2294.17;29046800
2008-04-16;2316.98;2337.92;2313.09;2337.92;2337.83;25922100
2008-04-17;2370.92;2374.29;2325.79;2341.78;2341.69;36022000
2008-04-18;2343.23;2362.79;2339.4;2349.27;2349.18;24114300
2008-04-21;2387.06;2387.06;2325.96;2335.89;2335.8;29510400
2008-04-22;2318.48;2319.49;2279.37;2289.1;2289.01;18854500
2008-04-23;2287.8;2314.3;2269.56;2314.3;2314.21;17710800
2008-04-24;2329.8;2329.8;2265.89;2269.98;2269.89;20850500
2008-04-25;2279.7;2279.7;2231.66;2240.58;2240.49;17577800
2008-04-28;2250.42;2257.29;2222.72;2254.31;2254.22;17668400
2008-04-29;2274.22;2305.15;2272.24;2303.53;2303.44;23406100
2008-04-30;2300.92;2304.52;2277.41;2304.52;2304.43;14682400
2008-05-05;2360.93;2387.99;2354.91;2387.99;2387.89;24597400
2008-05-06;2386.45;2395.63;2366.41;2371.83;2371.73;24696900
2008-05-07;2378.61;2388.6;2367.59;2382.7;2382.61;23666700
2008-05-08;2360.38;2376.93;2345.87;2376.93;2376.84;25466500
2008-05-09;2380.87;2382.1;2360.91;2375.03;2374.93;25915400
2008-05-12;2366.02;2382.49;2357.55;2378;2377.91;20293300
2008-05-13;2393.42;2426.27;2388.68;2418.9;2418.81;31420000
2008-05-14;2424.24;2459.6;2424.24;2449.34;2449.24;34218400
2008-05-15;2468.23;2469.27;2439.85;2449.81;2449.72;40844100
2008-05-16;2462.18;2473.55;2459.81;2468.84;2468.74;33817200
2008-05-21;2481.56;2508.22;2472.67;2494.71;2494.61;41640800
2008-05-22;2456.69;2503.95;2452.48;2503.95;2503.85;35923700
2008-05-23;2513.66;2516.26;2447.92;2465.96;2465.86;50103600
2008-05-26;2423.56;2447.54;2412.61;2419.73;2419.63;27337300
2008-05-27;2422.07;2447.04;2387.25;2397;2396.91;36907200
2008-05-28;2416.18;2433.77;2390.27;2433.77;2433.67;29638100
2008-05-29;2455.55;2455.55;2426.9;2446.95;2446.86;29860600
2008-05-30;2450.16;2454.98;2433.53;2444.35;2444.25;27286600
2008-06-02;2447.63;2461.05;2422.94;2427.77;2427.67;19397300
2008-06-03;2405.47;2424.04;2378.28;2403.81;2403.72;24426400
2008-06-04;2405.51;2406.88;2356.86;2362.59;2362.5;21666300
2008-06-05;2358.04;2399.68;2349.19;2399.68;2399.58;23126200
2008-06-06;2432.78;2437.41;2397.86;2402.24;2402.14;22378200
2008-06-09;2352.6;2410.88;2352.6;2410.08;2409.98;22159700
2008-06-10;2425.6;2425.6;2360.32;2373.82;2373.72;29519300
2008-06-11;2382.43;2389.59;2361.68;2374.78;2374.69;21935900
2008-06-12;2345.05;2409.01;2345.05;2409.01;2408.91;27051500
2008-06-13;2407.91;2415.93;2390.09;2398.42;2398.32;25012400
2008-06-16;2411.86;2419.26;2389.85;2398.04;2397.95;18569000
2008-06-17;2397.77;2399.96;2366.87;2377.98;2377.88;23608900
2008-06-18;2378.84;2390.31;2361.08;2364.58;2364.49;22562400
2008-06-19;2350.76;2376.4;2350.76;2373.06;2372.97;21935100
2008-06-20;2376.1;2386.18;2353.87;2371.78;2371.68;29989100
2008-06-23;2352.46;2366.73;2351;2362.74;2362.65;18044100
2008-06-24;2362.21;2369.75;2353.5;2365.38;2365.29;19049700
2008-06-25;2360.35;2361.53;2327.3;2341.36;2341.27;14697200
2008-06-26;2353.44;2366.2;2338.4;2350.89;2350.8;19230200
2008-06-27;2321.25;2344.66;2316.43;2332.11;2332.02;23482600
2008-06-30;2333.59;2349.1;2333.59;2349.1;2349.01;12913900
2008-07-01;2361.48;2384.5;2360;2378.81;2378.72;14450800
2008-07-02;2379.73;2394.17;2367.03;2378.47;2378.38;17919300
2008-07-03;2323.4;2323.4;2275.55;2286.61;2286.52;21872600
2008-07-04;2305.53;2316.04;2296.45;2314.75;2314.66;13333200
2008-07-07;2317.12;2320.61;2289.6;2303.82;2303.73;17546900
2008-07-08;2292.38;2306.17;2263.77;2278.97;2278.88;16806400
2008-07-09;2302.21;2308.79;2273.73;2286.03;2285.94;20378500
2008-07-10;2267.93;2276.23;2241.92;2276.23;2276.14;21898000
2008-07-11;2284.96;2284.96;2259.27;2276.85;2276.76;16446000
2008-07-14;2265.15;2283.21;2251.33;2259.54;2259.45;16044900
2008-07-15;2237.52;2245.03;2203.9;2214.85;2214.77;15811700
2008-07-16;2244.2;2244.2;2211.17;2218.12;2218.04;20463900
2008-07-17;2251.89;2251.89;2156.78;2167.71;2167.63;25335300
2008-07-18;2163.9;2168.39;2129.4;2141.14;2141.05;21412400
2008-07-21;2168.93;2195.07;2153.02;2195.07;2194.98;17359600
2008-07-22;2194.52;2216.31;2190.69;2212.75;2212.67;18099800
2008-07-23;2237.1;2238.67;2201.51;2225.84;2225.76;27711400
2008-07-24;2215.67;2257.05;2200.49;2257.05;2256.97;32587000
2008-07-25;2223.12;2245.34;2222.49;2245.34;2245.26;22895000
2008-07-28;2252.39;2279.75;2249.14;2275.68;2275.59;19946600
2008-07-29;2254.33;2278.68;2249.54;2278.68;2278.6;14655500
2008-07-31;2307.44;2322.41;2297.96;2304.51;2304.42;21776000
2008-08-01;2283.02;2283.02;2241.44;2248.75;2248.66;16491400
2008-08-04;2232.57;2233.51;2214.52;2227.68;2227.59;12530700
2008-08-05;2227.68;2227.68;2153.73;2185.62;2185.53;19818200
2008-08-06;2206.53;2208.46;2172.33;2187.2;2187.12;22132100
2008-08-07;2189.04;2199.01;2180.61;2199.01;2198.93;15035600
2008-08-08;2201.25;2210.12;2184.29;2195.93;2195.84;13543000
2008-08-11;2198.52;2198.52;2124.29;2133.92;2133.84;18788600
2008-08-12;2121.39;2126.73;2042.5;2057.58;2057.5;18932400
2008-08-13;2036.01;2077.07;2035.59;2063.52;2063.44;16838500
2008-08-14;2088.99;2106.64;2077.32;2106.64;2106.56;19823900
2008-08-15;2086.76;2100.4;2067.59;2085.15;2085.07;14896300
2008-08-19;2060.64;2080.14;2036.71;2042.5;2042.42;11833200
2008-08-20;2062.64;2072.61;2055.4;2069.7;2069.62;16666800
2008-08-21;2079.75;2098.93;2078.48;2088.25;2088.17;18068300
2008-08-22;2117.9;2127.21;2109.45;2120.49;2120.41;22913300
2008-08-25;2111.4;2127.22;2097.56;2127.22;2127.14;12099700
2008-08-26;2105.44;2119.42;2099.56;2107.55;2107.47;15716200
2008-08-27;2113.31;2131.06;2113.31;2131.06;2130.98;17747500
2008-08-28;2142.8;2154.32;2136.14;2144.85;2144.76;16326900
2008-08-29;2154.96;2165.94;2140.86;2165.94;2165.86;12641800
2008-09-01;2157.02;2168.8;2138.78;2164.62;2164.54;12467000
2008-09-02;2149.74;2159.05;2127.72;2159.05;2158.97;18541900
2008-09-03;2151.22;2151.76;2114.54;2116;2115.92;14999600
2008-09-04;2100.25;2100.25;2058.16;2075.23;2075.15;15384800
2008-09-05;2020.12;2036.14;1999.53;2022.56;2022.49;16556700
2008-09-08;2078.3;2078.3;2033.81;2038;2037.92;14843900
2008-09-09;2019.82;2019.82;1945.78;1958.75;1958.68;18336900
2008-09-10;1902.77;1928.63;1870;1885.04;1884.97;29410300
2008-09-11;1887.53;1897.44;1848.25;1870.13;1870.06;21885000
2008-09-12;1873.42;1873.42;1767.25;1804.06;1803.99;20370100
2008-09-15;1778;1791.1;1701.59;1719.25;1719.19;22296600
2008-09-16;1628.16;1735.64;1592.24;1735.64;1735.57;37962300
2008-09-17;1773.26;1787;1745.8;1769.89;1769.83;28110200
2008-09-18;1710.27;1787.67;1709.41;1787.67;1787.6;33240800
2008-09-19;1841.43;1923.24;1840.72;1891.73;1891.66;49933800
2008-09-22;1931.52;1934.12;1890.37;1897.34;1897.27;27029200
2008-09-23;1872.98;1905.22;1867.56;1873.1;1873.03;19570700
2008-09-24;1857.55;1888.08;1856.58;1883.55;1883.48;28468700
2008-09-25;1876.92;1876.92;1860.82;1870.06;1869.99;22408500
2008-09-26;1864.57;1865.41;1825.21;1846.09;1846.02;16135700
2008-10-06;1766.94;1766.94;1634.55;1648.74;1648.67;31611000
2008-10-07;1614.75;1651.03;1603.98;1619.72;1619.66;29609500
2008-10-08;1565.02;1565.74;1451.67;1451.67;1451.61;10771000
2008-10-13;1361.62;1468.59;1360.41;1461.87;1461.82;26123600
2008-10-14;1528.72;1561.08;1528.72;1555.97;1555.91;20979500
2008-10-15;1562.67;1599.83;1510.95;1520.41;1520.35;15962500
2008-10-16;1442.73;1477.57;1439.21;1463.25;1463.19;11549400
2008-10-17;1467.47;1467.47;1391.27;1399.42;1399.37;16902900
2008-10-20;1394.61;1441.15;1377.78;1426.94;1426.88;11039400
2008-10-21;1462.71;1469.36;1427.12;1440.15;1440.09;27583300
2008-10-22;1422.45;1426.29;1369.23;1379.74;1379.69;11157100
2008-10-23;1327.03;1337.2;1313.27;1337.2;1337.15;10572600
2008-10-24;1306.77;1306.77;1239.29;1244.86;1244.82;12282200
2008-10-27;1185.56;1185.56;1157.2;1166.41;1166.36;8601400
2008-10-28;1119.12;1131.76;1089.34;1111.39;1111.35;18479600
2008-10-29;1146.53;1146.53;1097.19;1113.62;1113.58;19635400
2008-10-30;1143.11;1180.03;1140.68;1173.86;1173.82;34105500
2008-10-31;1186.52;1258.98;1186.52;1256.7;1256.66;31252700
2008-11-03;1281.51;1367.4;1281.51;1352.72;1352.66;33289000
2008-11-04;1358.32;1378.55;1328.26;1369.79;1369.73;35524400
2008-11-05;1388.62;1430.72;1357.71;1366.28;1366.22;24766300
2008-11-06;1303.3;1316.58;1292.45;1307.9;1307.85;11278700
2008-11-07;1273.31;1338.36;1270.6;1338.36;1338.31;22403900
2008-11-10;1364.65;1375.04;1324.9;1340.68;1340.63;13737000
2008-11-11;1321.78;1346.13;1317.67;1336.56;1336.51;15696800
2008-11-12;1328.41;1340.13;1315.95;1326.62;1326.57;25057100
2008-11-13;1305.21;1305.21;1246.82;1259.71;1259.66;33601000
2008-11-14;1262.79;1295.1;1255.3;1264.38;1264.33;25479600
2008-11-17;1261.31;1270.8;1228.94;1236.93;1236.88;12259900
2008-11-18;1231.98;1231.98;1167.85;1189.86;1189.82;11535500
2008-11-19;1185.51;1185.51;1159.96;1180.36;1180.31;12386500
2008-11-20;1144.81;1157.64;1134.93;1154.97;1154.93;11949700
2008-11-21;1131.68;1157.67;1102.67;1146.28;1146.23;21506800
2008-11-24;1147.21;1149.66;1125.54;1141.4;1141.36;21036900
2008-11-25;1169.73;1176.37;1148.76;1154.14;1154.1;29838100
2008-11-26;1157.31;1193.15;1155.9;1193.15;1193.1;25899400
2008-11-27;1211.45;1222.12;1185.14;1202.07;1202.03;24562400
2008-11-28;1207.68;1241.54;1201.17;1241.54;1241.49;20031400
2008-12-01;1240.85;1261.03;1216.84;1223.12;1223.08;18066000
2008-12-02;1204.73;1204.73;1177.86;1191.36;1191.31;9425500
2008-12-03;1201.13;1205.17;1188.82;1192.53;1192.48;14046100
2008-12-04;1205.44;1215.12;1197.72;1205.32;1205.28;14241700
2008-12-05;1197.31;1208.2;1191.78;1202.34;1202.3;8459200
2008-12-09;1233.33;1266.12;1229.98;1266.12;1266.07;18017500
2008-12-10;1267.02;1315.9;1267.02;1315.9;1315.84;27304100
2008-12-11;1314.78;1343.71;1310.06;1316.69;1316.64;45607900
2008-12-12;1307.56;1321.9;1255.91;1262.97;1262.92;19847700
2008-12-15;1285.23;1359.28;1285.23;1359.28;1359.22;20939700
2008-12-16;1352.67;1359.16;1333.9;1342.84;1342.78;17368700
2008-12-17;1371.58;1376.1;1348.82;1363.98;1363.93;20396300
2008-12-18;1362.55;1362.55;1340.67;1351.76;1351.71;13238300
2008-12-19;1339.24;1352.14;1332.22;1348.29;1348.23;23604600
2008-12-22;1344.56;1348.39;1327.28;1345.31;1345.26;15048000
2008-12-23;1341.45;1343.72;1323.49;1343.72;1343.66;11629800
2008-12-24;1346.58;1356.75;1333.9;1336.61;1336.56;9931600
2008-12-30;1345.28;1361.86;1345.28;1355.41;1355.36;7946800
2009-01-05;1377.45;1438.2;1377.45;1437.34;1437.28;24464300
2009-01-06;1438.42;1462.63;1430.1;1435.54;1435.48;44791500
2009-01-07;1440.25;1472.46;1414.15;1421.47;1421.41;39511600
2009-01-08;1401.09;1410.93;1388.09;1402.66;1402.61;13090400
2009-01-09;1400.7;1416.67;1395.32;1416.67;1416.61;14861200
2009-01-12;1406.78;1411.23;1392.22;1406.55;1406.5;10547700
2009-01-13;1395.45;1412.68;1392.36;1399.73;1399.68;12630500
2009-01-14;1406.51;1416.06;1383.26;1386.91;1386.85;29913300
2009-01-15;1358.7;1358.7;1329.3;1343.49;1343.44;8634100
2009-01-16;1349.82;1363.88;1345.4;1363.88;1363.82;19470600
2009-01-19;1370.9;1375.37;1342.08;1350.69;1350.63;13838000
2009-01-20;1335.72;1344.15;1320.69;1344.15;1344.1;10729800
2009-01-21;1326.68;1334.91;1311.39;1321.45;1321.4;9516800
2009-01-22;1332.33;1336.78;1314.74;1327.32;1327.27;6645700
2009-01-23;1321.43;1321.43;1307.53;1315.58;1315.53;5448600
2009-01-27;1320.14;1340.94;1320.14;1336.63;1336.58;5926500
2009-01-28;1339.94;1339.94;1320.79;1321.45;1321.4;7767800
2009-01-29;1333.62;1336.63;1319.66;1324.65;1324.6;8697100
2009-01-30;1324.52;1332.67;1315.24;1332.67;1332.62;5567700
2009-02-02;1330.02;1330.02;1298.02;1310.64;1310.59;5409100
2009-02-03;1311.2;1313.49;1300.07;1304.33;1304.28;4763800
2009-02-04;1311.88;1320.36;1307.64;1320.36;1320.31;5817400
2009-02-05;1319.52;1331.51;1318.79;1328.07;1328.02;13499100
2009-02-06;1337.58;1351.91;1336.52;1350.64;1350.59;27617600
2009-02-09;1360.94;1360.94;1332.28;1342.23;1342.17;17933800
2009-02-10;1342.27;1342.27;1326.66;1332.13;1332.08;19453400
2009-02-11;1327.4;1327.4;1302.04;1324.82;1324.77;30704400
2009-02-12;1322.1;1325.65;1315.39;1325.42;1325.37;31384700
2009-02-13;1326.87;1342.76;1325.56;1338.74;1338.69;17256800
2009-02-16;1338.81;1346.17;1336.52;1342;1341.95;11196700
2009-02-17;1338.82;1338.82;1311.47;1318.04;1317.99;15358500
2009-02-18;1312.48;1331.64;1304.35;1330.61;1330.56;14409700
2009-02-19;1330.81;1330.81;1313.72;1323.7;1323.64;23618200
2009-02-20;1320.62;1320.62;1291.41;1296.94;1296.89;18829300
2009-02-23;1298.29;1312.44;1294.38;1312.44;1312.39;11787800
2009-02-24;1305.7;1305.7;1286.73;1295.87;1295.82;9430300
2009-02-25;1301.08;1312.34;1290.17;1300.11;1300.06;20352200
2009-02-26;1303.75;1303.75;1281.77;1290.32;1290.27;19552000
2009-02-27;1292.28;1293.95;1281.07;1285.48;1285.43;10377200
2009-03-02;1285.48;1285.48;1252.87;1256.11;1256.06;10694800
2009-03-03;1256.11;1270.95;1244.87;1264.82;1264.77;12181100
2009-03-04;1264.82;1289.8;1261.5;1289.38;1289.33;13207600
2009-03-05;1289.38;1300.2;1282.22;1288.07;1288.02;13518800
2009-03-06;1288.07;1290.62;1278.86;1286.69;1286.64;5838700
2009-03-10;1286.69;1300.54;1282.63;1300.21;1300.16;7296000
2009-03-11;1300.21;1319.51;1300.21;1314.52;1314.47;13691300
2009-03-12;1314.52;1318.15;1305.26;1310.41;1310.36;7273100
2009-03-13;1310.41;1333.22;1310.41;1327.44;1327.39;12045300
2009-03-16;1327.44;1340.99;1322.48;1324.85;1324.8;10208600
2009-03-17;1324.85;1326.11;1308.39;1312.09;1312.04;10389900
2009-03-18;1312.09;1324.08;1312.09;1322.84;1322.79;11819200
2009-03-19;1322.84;1347.12;1322.84;1341.6;1341.55;12818600
2009-03-20;1341.6;1364.31;1341.15;1360.89;1360.84;16259400
2009-03-23;1360.89;1407.59;1360.89;1406.65;1406.59;26588300
2009-03-24;1406.65;1449.95;1406.65;1436.12;1436.06;36741700
2009-03-25;1436.12;1448.47;1418.26;1419.97;1419.92;28116500
2009-03-27;1419.97;1467.52;1419.97;1462.74;1462.69;28328200
2009-03-30;1462.74;1463.59;1404.38;1419.09;1419.04;17639100
2009-03-31;1419.09;1453.77;1417.34;1434.07;1434.02;15553100
2009-04-01;1434.07;1464.39;1434.07;1461.75;1461.69;25067700
2009-04-02;1461.75;1500;1461.75;1499.73;1499.67;32241500
2009-04-03;1499.73;1511.33;1494.12;1500.36;1500.3;30261000
2009-04-06;1500.36;1527.18;1500.36;1516.64;1516.58;28501000
2009-04-07;1516.64;1516.64;1483.72;1490.86;1490.8;29341700
2009-04-08;1490.86;1491.11;1460.04;1465.75;1465.69;31037800
2009-04-13;1465.75;1540.52;1465.75;1540.4;1540.34;47161200
2009-04-14;1540.4;1573.4;1536.67;1570.26;1570.2;81512500
2009-04-15;1570.26;1603.31;1564.94;1593.66;1593.6;95933900
2009-04-16;1593.66;1641.8;1593.66;1625.09;1625.02;181868000
2009-04-17;1625.09;1659.34;1619.34;1634.79;1634.73;106253400
2009-04-20;1634.79;1661.84;1618.88;1661.84;1661.78;197443800
2009-04-22;1628.85;1674.92;1610.46;1615.23;1615.17;145365700
2009-04-23;1615.23;1615.25;1585.92;1592.7;1592.64;73377300
2009-04-24;1592.7;1609.97;1576.29;1591.34;1591.27;86654700
2009-04-27;1591.34;1598.96;1574.23;1576.08;1576.02;59271200
2009-04-28;1576.08;1618.06;1576.08;1595.92;1595.85;68917900
2009-04-29;1595.92;1648.63;1595.92;1644.19;1644.12;69574400
2009-04-30;1644.19;1728.07;1644.19;1722.77;1722.7;162896500
2009-05-01;1722.77;1738.71;1701.99;1729.58;1729.51;113212400
2009-05-04;1729.58;1796.71;1729.58;1788.15;1788.08;106621100
2009-05-05;1788.15;1823.38;1759.48;1772.07;1772;113034500
2009-05-06;1772.07;1799.62;1761.11;1798.34;1798.27;90095200
2009-05-07;1798.34;1840.48;1798.34;1828.85;1828.78;168895100
2009-05-08;1828.85;1863.63;1821.14;1862.53;1862.46;177683000
2009-05-11;1862.53;1891.77;1827.16;1830.74;1830.67;225749200
2009-05-12;1830.74;1842.73;1796.94;1842.02;1841.95;138511600
2009-05-13;1842.02;1871.82;1834.3;1851.33;1851.26;287554600
2009-05-14;1851.33;1851.33;1776.94;1785;1784.93;270909500
2009-05-15;1785;1820.85;1708.39;1750.91;1750.85;181611000
2009-05-18;1750.49;1804.87;1712.64;1803.57;1803.5;137301800
2009-05-19;1805.43;1888.22;1805.43;1886.02;1885.94;158367300
2009-05-20;1886.22;1907.49;1872.26;1885.72;1885.65;66887000
2009-05-22;1885.41;1889.88;1858.08;1881.71;1881.64;63340900
2009-05-25;1881.4;1898.05;1878.65;1890.97;1890.9;71117900
2009-05-26;1891.18;1905.91;1852.02;1857.59;1857.51;91041100
2009-05-27;1858.41;1902.08;1858.41;1892.84;1892.77;73196200
2009-05-28;1892.74;1904.62;1878.47;1902.88;1902.8;61969500
2009-05-29;1903.19;1941.79;1903.19;1916.83;1916.76;128449100
2009-06-01;1917.45;1998.58;1917.45;1998.58;1998.5;90610500
2009-06-02;1999.2;2043.95;1991.96;1998.64;1998.57;117531500
2009-06-03;1999.16;2027.69;1993.08;2010.91;2010.84;56294300
2009-06-04;2010.81;2033.05;1989.79;2032.72;2032.64;57776800
2009-06-05;2033.03;2078.93;2033.03;2078.93;2078.85;75514200
2009-06-08;2079.77;2099.08;2052.03;2056.65;2056.57;85694100
2009-06-09;2057.07;2096.93;2057.03;2093.29;2093.21;65894800
2009-06-10;2094.14;2116.17;2094.14;2108.81;2108.73;124710800
2009-06-11;2108.5;2112.84;2077.45;2089.58;2089.5;148039100
2009-06-12;2089.79;2106.98;2073.34;2090.94;2090.86;84551500
2009-06-15;2090.74;2100.77;2060.62;2069.88;2069.79;60473000
2009-06-16;2069.46;2069.46;1995.57;2030.37;2030.29;76345700
2009-06-17;2029.95;2034.32;2009.43;2024.96;2024.89;58227300
2009-06-18;2024.65;2025.12;1940.32;1950.99;1950.91;83570000
2009-06-19;1951.83;1993.24;1922.86;1990.47;1990.39;73940800
2009-06-22;1990.68;2011.7;1965.39;1975.03;1974.95;84123700
2009-06-23;1973.99;1973.99;1888.82;1914.39;1914.31;68632000
2009-06-24;1913.96;1995.67;1913.96;1995.67;1995.6;70778700
2009-06-25;1996.09;2045.67;1996.09;2044.17;2044.09;75862000
2009-06-26;2044.38;2066.31;2026.74;2040.19;2040.11;37485100
2009-06-29;2040.46;2049.85;2021.36;2033.72;2033.64;27447300
2009-06-30;2034.98;2060.73;2020.69;2026.78;2026.7;38238200
2009-07-01;2026.88;2059.89;2023.85;2059.88;2059.8;38604000
2009-07-02;2060.09;2085.45;2056.75;2065.75;2065.67;46178300
2009-07-03;2065.55;2078.05;2039.08;2075.3;2075.22;30243400
2009-07-06;2074.88;2074.88;2023.97;2035.01;2034.93;28970400
2009-07-07;2034.89;2083.25;2034.89;2083.25;2083.17;48866400
2009-07-09;2083.45;2116.86;2060.48;2083.97;2083.89;71130200
2009-07-10;2084.81;2090.58;2058.32;2063.09;2063.01;41331100
2009-07-13;2062.68;2063.95;1992.38;2020.14;2020.06;37537400
2009-07-14;2020.64;2059.84;2020.64;2056.58;2056.5;39420800
2009-07-15;2056.99;2123.46;2056.99;2123.28;2123.2;49345700
2009-07-16;2123.79;2154.88;2112.93;2117.95;2117.87;51398700
2009-07-17;2117.12;2126.51;2060.62;2106.35;2106.27;43484800
2009-07-21;2107.07;2157.49;2107.07;2146.55;2146.47;40962200
2009-07-22;2146.86;2156.42;2119.51;2125.61;2125.53;68911800
2009-07-23;2125.72;2162.75;2125.72;2160.72;2160.63;39476600
2009-07-24;2161.13;2199.22;2161.13;2185.65;2185.57;39560400
2009-07-27;2186.07;2213.62;2186.07;2209.1;2209.01;47289700
2009-07-28;2209.52;2240.64;2201.19;2237.1;2237.02;69027100
2009-07-29;2236.9;2241.63;2190.41;2225.81;2225.73;52774100
2009-07-30;2224.56;2298.77;2218.43;2298.14;2298.05;91391100
2009-07-31;2298.65;2332.76;2298.65;2323.24;2323.15;133264200
2009-08-03;2323.85;2350.68;2323.85;2338.8;2338.71;103150400
2009-08-04;2339;2382.1;2339;2360.09;2360;129954700
2009-08-05;2360.51;2362.77;2308.63;2317.06;2316.97;113651400
2009-08-06;2317.37;2360.05;2309.99;2359.98;2359.89;143651000
2009-08-07;2359.56;2366.96;2333.74;2349.13;2349.04;111878500
2009-08-10;2349.75;2394.32;2349.75;2389.56;2389.47;159141600
2009-08-11;2389.46;2404.74;2370.68;2399.28;2399.18;145466900
2009-08-12;2399.17;2399.17;2326.81;2347.36;2347.27;86791200
2009-08-13;2347.98;2408.88;2347.98;2396.49;2396.4;110095100
2009-08-14;2397.62;2411.9;2370.09;2386.86;2386.77;61176100
2009-08-18;2384.8;2384.8;2296.96;2336.99;2336.9;81370900
2009-08-19;2337.19;2351.18;2271.21;2277.75;2277.66;75703500
2009-08-20;2279.2;2330.7;2279.2;2328.64;2328.55;59075300
2009-08-21;2328.43;2346.83;2313.77;2333.9;2333.81;34067400
2009-08-24;2335.75;2379.91;2335.75;2375.87;2375.78;47202900
2009-08-25;2375.67;2382.41;2351.86;2380.52;2380.43;46761700
2009-08-26;2379.8;2387.38;2366.28;2380.09;2379.99;67409500
2009-08-27;2379.67;2379.67;2338.69;2356.06;2355.97;60647500
2009-08-28;2356.58;2378.11;2355.97;2377.25;2377.15;44417800
2009-08-31;2377.45;2378.29;2333.31;2341.54;2341.45;46892000
2009-09-01;2341.43;2355.81;2325.47;2326.91;2326.82;38733600
2009-09-02;2325.88;2325.88;2272.76;2285.93;2285.84;45531200
2009-09-03;2286.23;2329.28;2284.93;2322.25;2322.16;57937800
2009-09-04;2322.56;2333.95;2316.05;2322.74;2322.65;35777000
2009-09-07;2323.16;2342.16;2323.16;2340.39;2340.3;37862700
2009-09-08;2340.7;2371.4;2333.87;2371.3;2371.21;46496200
2009-09-09;2371.51;2389.79;2364.65;2383.34;2383.25;35235300
2009-09-10;2383.75;2422.58;2383.75;2411.86;2411.77;47370300
2009-09-11;2412.18;2425.39;2408.41;2415.95;2415.85;48353400
2009-09-14;2415.11;2415.11;2377.03;2382.7;2382.61;26960800
2009-09-15;2382.97;2420.82;2382.97;2420.11;2420.01;43368300
2009-09-16;2420.31;2442.14;2420.31;2439.36;2439.26;39052000
2009-09-17;2440.18;2474.79;2440.18;2456.99;2456.89;52415600
2009-09-24;2457.29;2482.85;2454.86;2468.9;2468.81;23682000
2009-09-25;2468.18;2468.18;2432.44;2444.58;2444.49;18405900
2009-09-28;2444.38;2444.38;2394.77;2397.83;2397.73;25612800
2009-09-29;2398.55;2444.47;2398.55;2443.83;2443.74;30330400
2009-09-30;2444.25;2471.88;2435.02;2467.59;2467.5;29892400
2009-10-01;2467.9;2484.68;2467.64;2477.97;2477.87;27585200
2009-10-02;2477.56;2493.36;2433.07;2479.85;2479.75;44290200
2009-10-05;2479.13;2486.08;2454.04;2480.41;2480.32;60755500
2009-10-06;2480.83;2533.06;2480.83;2528.15;2528.05;57504000
2009-10-07;2528.76;2559.67;2499.42;2513.41;2513.31;61810900
2009-10-08;2513.82;2524.15;2472.63;2484.52;2484.42;45146400
2009-10-09;2484.94;2489.92;2464.61;2474.4;2474.3;27697800
2009-10-12;2474.82;2480.76;2446.47;2456.69;2456.59;27021400
2009-10-13;2457.1;2486.13;2456.98;2471.99;2471.9;29180100
2009-10-14;2472.3;2512.13;2472.3;2511.72;2511.62;35627100
2009-10-15;2512.34;2537.64;2506.04;2515.38;2515.29;40175800
2009-10-16;2515.59;2520.89;2501.79;2515.81;2515.71;18770800
2009-10-19;2515.5;2521.56;2497.32;2520.92;2520.83;17850400
2009-10-20;2521.34;2531.79;2493.78;2502.22;2502.12;29689900
2009-10-21;2501.39;2501.39;2462.03;2476.8;2476.7;34398400
2009-10-22;2476.38;2476.81;2421.51;2433.18;2433.09;37684400
2009-10-23;2433.49;2469.14;2429.56;2467.95;2467.85;44629900
2009-10-26;2468.48;2475.91;2456.42;2467.71;2467.62;34390100
2009-10-27;2466.88;2466.88;2417.47;2425.2;2425.11;43203300
2009-10-28;2424.41;2426.78;2336.8;2355.31;2355.22;50067700
2009-10-29;2354.7;2354.7;2235.39;2344.03;2343.94;69174700
2009-10-30;2345.06;2402.42;2345.06;2367.7;2367.61;53125700
2009-11-02;2365.65;2373.2;2294.56;2371.64;2371.55;44188600
2009-11-03;2371.95;2386.18;2328.45;2334.11;2334.02;36653900
2009-11-04;2334.94;2371.9;2334.94;2371.86;2371.76;40847400
2009-11-05;2371.65;2376.26;2355.44;2367.21;2367.12;29964800
2009-11-06;2367.62;2403.27;2367.62;2395.11;2395.01;28907200
2009-11-09;2395.41;2406.92;2380.49;2406.43;2406.34;22752200
2009-11-10;2406.74;2432.33;2372.04;2381.96;2381.86;35982800
2009-11-11;2382.58;2414.91;2380.27;2403.88;2403.79;56048400
2009-11-12;2405.13;2434.01;2405.13;2420.28;2420.19;56016000
2009-11-13;2420.07;2431.23;2408.62;2426.8;2426.71;24031400
2009-11-16;2427.31;2471.71;2427.31;2468.68;2468.58;56451600
2009-11-17;2468.99;2487.01;2461.28;2473.79;2473.69;62929100
2009-11-18;2473.69;2487.61;2451.71;2484.23;2484.13;72965300
2009-11-19;2483.92;2491.48;2458.28;2468.79;2468.69;85414400
2009-11-20;2468.26;2490.29;2458.63;2487.36;2487.27;71220800
2009-11-23;2487.78;2494.82;2467.5;2481.42;2481.32;68133900
2009-11-24;2481.52;2491.86;2455.32;2471.88;2471.79;48187200
2009-11-25;2471.09;2482.29;2458.74;2461.53;2461.43;43851800
2009-11-26;2459.94;2462.32;2386.73;2393.52;2393.43;59444700
2009-11-30;2393.42;2430.25;2370.53;2415.84;2415.74;44583400
2009-12-01;2416.04;2452.5;2413;2452.5;2452.41;38557000
2009-12-02;2452.92;2481.88;2452.92;2471.56;2471.47;46908700
2009-12-03;2471.15;2502.55;2471.15;2500.04;2499.94;51255500
2009-12-04;2499.62;2512.66;2484.9;2511.54;2511.45;35972300
2009-12-07;2511.96;2516.18;2478.58;2483.76;2483.66;27993700
2009-12-08;2484.28;2497.51;2470.24;2483.89;2483.8;29448800
2009-12-09;2483.79;2485.84;2462.88;2481.3;2481.2;31146300
2009-12-10;2481.5;2492.31;2476.57;2486.44;2486.34;28097200
2009-12-11;2485.82;2519.1;2485.82;2519.1;2519;30695100
2009-12-14;2519.3;2519.3;2492.45;2506.39;2506.29;33305700
2009-12-15;2505.59;2510.29;2481.7;2494.74;2494.64;35730600
2009-12-16;2495.05;2523.19;2482.44;2522.54;2522.45;39611600
2009-12-17;2522.65;2542.5;2505.97;2509.58;2509.48;33943100
2009-12-21;2508.96;2509.38;2415.35;2431.39;2431.29;28538900
2009-12-22;2432.22;2468.79;2432.22;2467.64;2467.54;23427100
2009-12-23;2467.84;2476.57;2456.21;2474.88;2474.79;19329500
2009-12-28;2475.09;2512.22;2475.09;2509.69;2509.59;23690700
2009-12-29;2511.26;2520.86;2504.87;2518.99;2518.9;22126900
2009-12-30;2520.3;2534.36;2519.01;2534.36;2534.26;19863800
2010-01-04;2533.95;2576.06;2532.9;2575.41;2575.31;18339300
2010-01-05;2575.62;2606.07;2575.62;2605.28;2605.18;57043800
2010-01-06;2605.48;2622.12;2587.71;2603.3;2603.2;51569100
2010-01-07;2603.5;2611.6;2570.27;2586.9;2586.79;45510800
2010-01-08;2586.79;2614.54;2583.85;2614.37;2614.27;73723500
2010-01-11;2615.61;2649.2;2615.61;2632.2;2632.1;52891200
2010-01-12;2632.31;2659.98;2623.77;2659.55;2659.45;57497400
2010-01-13;2657.9;2657.9;2623.46;2632.87;2632.77;42685500
2010-01-14;2633.58;2661.93;2633.58;2645.18;2645.08;53126200
2010-01-15;2646.75;2655.81;2638.36;2647.09;2646.99;47643800
2010-01-18;2645.44;2648.92;2629.91;2642.55;2642.45;30861500
2010-01-19;2642.35;2666.57;2640.18;2666.07;2665.97;32768000
2010-01-20;2666.58;2689.77;2655;2667.27;2667.16;36995600
2010-01-21;2664.66;2664.66;2621.36;2638.38;2638.28;32438400
2010-01-22;2636.96;2636.96;2580.17;2610.34;2610.24;36693100
2010-01-25;2609.73;2609.73;2575.96;2597.86;2597.76;33669400
2010-01-26;2597.35;2608.74;2568.95;2578.42;2578.31;42143000
2010-01-27;2577.91;2594.25;2554.88;2564.55;2564.45;26010100
2010-01-28;2565.38;2619.98;2565.38;2619.56;2619.46;33551500
2010-01-29;2619.26;2619.26;2569.27;2610.8;2610.69;21712000
2010-02-01;2610.59;2610.59;2571.76;2587.55;2587.45;32319600
2010-02-02;2588.26;2613.67;2574.11;2580.25;2580.15;30633100
2010-02-03;2580.66;2606.28;2580.66;2604.55;2604.45;38272000
2010-02-04;2604.75;2610.37;2589.05;2593.22;2593.12;38026400
2010-02-05;2592.41;2592.41;2506.89;2518.98;2518.88;34842900
2010-02-08;2518.61;2518.61;2431.84;2475.57;2475.48;36850700
2010-02-09;2474.75;2490.11;2439.91;2489.49;2489.39;32704700
2010-02-10;2490.29;2511.74;2474.4;2483.44;2483.34;26501600
2010-02-11;2483.64;2508.26;2468.85;2507.75;2507.65;40917000
2010-02-12;2508.15;2536.57;2501.99;2534.14;2534.04;35308600
2010-02-15;2533.73;2533.73;2510.96;2517.46;2517.36;16743700
2010-02-16;2517.66;2558.66;2516.34;2558.5;2558.41;22302000
2010-02-17;2558.61;2581.6;2558.61;2581.34;2581.24;35680400
2010-02-18;2581.44;2581.44;2550.53;2560.03;2559.93;26304700
2010-02-19;2559.93;2559.93;2527.75;2554.38;2554.28;21925400
2010-02-22;2554.78;2574.97;2553.81;2564.26;2564.16;19028500
2010-02-23;2564.16;2583.7;2538.03;2583.65;2583.55;32655900
2010-02-24;2582.42;2582.42;2555.47;2579.42;2579.32;40083200
2010-02-25;2579.31;2583.16;2536.09;2549.03;2548.93;23650800
2010-03-01;2548.83;2565.44;2545.89;2554.67;2554.57;18985100
2010-03-02;2554.47;2577.09;2554.47;2576.59;2576.49;25350600
2010-03-03;2577;2585.83;2552.85;2567.09;2566.99;34245400
2010-03-04;2566.99;2579.53;2557.37;2565.65;2565.55;24987400
2010-03-05;2566.05;2583.09;2566.05;2578.77;2578.67;25418300
2010-03-08;2578.97;2627.7;2578.97;2626.45;2626.35;29813600
2010-03-09;2626.25;2657.38;2624.11;2657.17;2657.06;30408700
2010-03-10;2656.86;2676.27;2652.85;2670.22;2670.11;30181300
2010-03-11;2670.12;2687.12;2661.93;2676.52;2676.42;40847100
2010-03-12;2676.11;2686.24;2661.06;2666.51;2666.41;52724000
2010-03-15;2666.41;2683.11;2658.55;2669.61;2669.5;29518100
2010-03-17;2669.41;2756.26;2669.41;2756.26;2756.15;65719300
2010-03-18;2756.46;2779.36;2718.31;2737.24;2737.14;60311400
2010-03-19;2738.8;2758.13;2725.65;2742.97;2742.87;38764300
2010-03-22;2742.67;2742.67;2698.26;2702.4;2702.3;34251000
2010-03-23;2702.6;2746.14;2702.6;2720.86;2720.76;27466700
2010-03-24;2721.16;2774.85;2721.16;2774.85;2774.74;33240000
2010-03-25;2773.3;2814.86;2760.2;2799.15;2799.04;42022300
2010-03-26;2799.25;2813.08;2792.36;2813.08;2812.97;40138200
2010-03-29;2813.49;2813.8;2780.43;2794.77;2794.66;46152900
2010-03-30;2795.18;2818.94;2787.5;2798.27;2798.16;41374000
2010-03-31;2798.68;2809.47;2758.26;2777.3;2777.19;41736300
2010-04-01;2777.7;2834.24;2777.7;2830;2829.89;42051100
2010-04-05;2831.03;2890.18;2831.03;2887.25;2887.13;44192300
2010-04-06;2888.81;2911.46;2871.75;2880.97;2880.86;84458100
2010-04-07;2881.37;2916.11;2881.37;2898.58;2898.47;65778000
2010-04-08;2898.18;2898.18;2837.4;2850.83;2850.72;51323800
2010-04-09;2850.63;2870.97;2833.24;2845.01;2844.9;42393300
2010-04-12;2845.61;2882.71;2845.61;2881.33;2881.22;50485000
2010-04-13;2881.03;2884.95;2856.25;2884.7;2884.59;49876500
2010-04-14;2884.9;2897.33;2875.25;2885.01;2884.9;50442600
2010-04-15;2885.12;2913.72;2885.12;2900.53;2900.42;57186200
2010-04-16;2900.83;2903.28;2860.93;2878.67;2878.56;36312000
2010-04-19;2877.97;2877.97;2811.79;2840.43;2840.31;37623100
2010-04-20;2840.63;2892.62;2840.63;2891.27;2891.16;40735900
2010-04-21;2891.47;2916.55;2891.47;2912.83;2912.71;65446100
2010-04-22;2912.73;2927.39;2883.01;2926.53;2926.42;50073500
2010-04-23;2926.13;2926.39;2907.03;2924.73;2924.62;38537700
2010-04-26;2924.93;2954.83;2924.93;2944.71;2944.59;40750000
2010-04-27;2943.68;2944.44;2930.42;2939.3;2939.18;42008700
2010-04-28;2939;2939;2875.67;2903.32;2903.21;51624300
2010-04-29;2903.52;2927.96;2903.52;2926.86;2926.75;61415100
2010-04-30;2927.26;2972.92;2927.26;2971.25;2971.14;52354600
2010-05-03;2971.75;2982.36;2950.43;2960.9;2960.78;40869300
2010-05-04;2961.29;2996.42;2946.42;2959.01;2958.9;39115500
2010-05-05;2958.52;2958.52;2834.96;2846.24;2846.13;64284400
2010-05-06;2846.04;2846.04;2748.68;2810.62;2810.51;49674100
2010-05-07;2808.74;2808.74;2705.21;2739.33;2739.23;35710700
2010-05-10;2739.93;2860.05;2739.93;2850.43;2850.32;57259100
2010-05-11;2850.82;2865.48;2808.57;2812.89;2812.78;50915600
2010-05-12;2812.99;2849.08;2812.99;2847.62;2847.51;27651200
2010-05-14;2847.13;2869.49;2843.85;2858.39;2858.27;27961400
2010-05-17;2857.99;2857.99;2780.39;2819.47;2819.36;26022700
2010-05-18;2820.48;2837.56;2818.84;2834.19;2834.08;31953300
2010-05-19;2833.69;2833.69;2721.73;2729.48;2729.38;47880900
2010-05-20;2730.29;2763.88;2660.12;2694.25;2694.14;49228600
2010-05-21;2692.67;2692.67;2584.97;2623.22;2623.12;41668500
2010-05-24;2623.72;2672.86;2600.85;2609.61;2609.51;54224200
2010-05-25;2609.02;2609.02;2502.05;2514.12;2514.02;71613600
2010-05-26;2514.91;2701.99;2514.91;2696.78;2696.68;96599900
2010-05-27;2696.28;2732.06;2618.28;2713.92;2713.82;100495800
2010-05-31;2714.32;2799.45;2714.32;2796.96;2796.85;56586900
2010-06-01;2796.66;2796.66;2724.11;2724.61;2724.51;55000000
2010-06-02;2725.01;2771.28;2721.19;2733.68;2733.57;59242600
2010-06-03;2734.17;2811.83;2734.17;2810.98;2810.87;63368500
2010-06-04;2810.88;2823.86;2791.46;2823.25;2823.14;49708300
2010-06-07;2820.88;2820.88;2698.28;2750.23;2750.13;39668300
2010-06-08;2750.35;2781.35;2750.35;2779.98;2779.87;43080100
2010-06-09;2779.78;2794.18;2765.35;2785.79;2785.68;40994900
2010-06-10;2786.19;2792.52;2758.16;2770.79;2770.68;34594200
2010-06-11;2771.48;2817.41;2771.48;2801.9;2801.79;30751100
2010-06-14;2802.1;2826.96;2802.1;2826.84;2826.73;24995300
2010-06-15;2827.03;2850.03;2824.38;2830.17;2830.06;37229900
2010-06-16;2830.67;2877.85;2830.67;2858.66;2858.55;37776100
2010-06-17;2856.37;2897.61;2856.37;2891.1;2890.99;49582800
2010-06-18;2891.3;2932.06;2891.3;2929.59;2929.48;63241400
2010-06-21;2929.99;2981.28;2926.08;2941.9;2941.79;54836200
2010-06-22;2940.9;2956.81;2921.3;2934.59;2934.47;34480600
2010-06-23;2933.9;2933.9;2899.27;2924.79;2924.68;45910300
2010-06-24;2924.89;2946.54;2908.35;2914.09;2913.98;40566000
2010-06-25;2913.8;2949.42;2904.39;2947.02;2946.91;25184500
2010-06-28;2947.22;2975.9;2945.22;2955.73;2955.62;29699400
2010-06-29;2955.83;2960.81;2872.42;2893.37;2893.26;27437700
2010-06-30;2892.58;2918.06;2844.45;2913.68;2913.57;24859700
2010-07-01;2912.88;2912.88;2860.91;2874.25;2874.14;38617700
2010-07-02;2874.84;2891.19;2861.23;2871.55;2871.44;24510400
2010-07-05;2871.95;2885.35;2869.07;2877.3;2877.19;22568500
2010-07-06;2877.4;2912.08;2864.75;2910.65;2910.53;24580200
2010-07-07;2910.53;2913.84;2890.29;2902.04;2901.93;20540500
2010-07-08;2902.63;2936.26;2902.63;2915.91;2915.79;41989100
2010-07-09;2916.2;2943.96;2909.67;2943.9;2943.78;42852300
2010-07-12;2942.13;2972.56;2940.6;2958.79;2958.68;34634600
2010-07-13;2957.79;2978.51;2946.41;2961.51;2961.4;27671900
2010-07-14;2961.71;2994.59;2961.71;2981.06;2980.94;39458200
2010-07-15;2980.06;2987.04;2956.89;2980.6;2980.48;45256300
2010-07-16;2980.48;2992.45;2972.27;2992.45;2992.33;43437600
2010-07-19;2992.16;2992.16;2948.03;2975.57;2975.46;29147800
2010-07-20;2975.87;2995.44;2970.8;2995.44;2995.32;42827800
2010-07-21;2995.74;3014.48;2994.21;3013.4;3013.28;50624800
2010-07-22;3013.7;3019.01;2997.3;3009.92;3009.81;42180100
2010-07-23;3010.31;3051.36;3010.31;3042.02;3041.9;51153000
2010-07-26;3042.12;3062.95;3014.55;3023.7;3023.58;41815100
2010-07-27;3023.99;3061.63;3023.99;3041.68;3041.56;38118200
2010-07-28;3041.58;3064.79;3041.58;3057.48;3057.36;39927800
2010-07-29;3057.97;3097.19;3056.67;3096.82;3096.7;45659200
2010-07-30;3096.72;3104.08;3054.1;3069.28;3069.16;33560600
2010-08-02;3070.28;3083.86;3048.59;3058.98;3058.86;29613000
2010-08-03;3059.37;3084.17;2965.56;2973.66;2973.54;43158300
2010-08-04;2973.85;3001.12;2959.75;2983.25;2983.13;30313800
2010-08-05;2983.84;3046.87;2983.84;3044.94;3044.82;35892100
2010-08-06;3045.43;3062.68;3031.43;3060.59;3060.47;27844700
2010-08-09;3057.55;3082.78;3056.17;3082.6;3082.48;24487600
2010-08-10;3082.99;3083.29;3047.22;3057.16;3057.04;23919300
2010-08-11;3054.64;3061.88;3022.5;3035.32;3035.2;28779900
2010-08-12;3034.24;3034.24;2993.77;3025.64;3025.53;25851700
2010-08-13;3025.74;3053.57;3025.74;3053.01;3052.89;22483700
2010-08-16;3052.91;3059.04;3032.43;3052.6;3052.48;26005500
2010-08-18;3053.36;3072.83;3045.22;3072.09;3071.97;35134300
2010-08-19;3072.48;3118.37;3072.48;3105.35;3105.23;57274200
2010-08-20;3103.37;3118.65;3084.99;3117.72;3117.6;44632400
2010-08-23;3117.43;3129.66;3107.76;3128.73;3128.61;55150900
2010-08-24;3128.44;3145.11;3099.92;3114.94;3114.82;49021600
2010-08-25;3114.74;3140.16;3102.51;3138.91;3138.79;65868600
2010-08-26;3138.52;3150.16;3128.87;3145.14;3145.01;69423400
2010-08-27;3145.04;3145.04;3089.69;3104.73;3104.61;48185900
2010-08-30;3105.22;3138.49;3089.64;3099.56;3099.44;38236500
2010-08-31;3098.77;3099.75;3058.05;3081.88;3081.76;35991000
2010-09-01;3081.49;3135.54;3081.49;3135.32;3135.19;38262900
2010-09-02;3135.71;3159.72;3105.81;3122.15;3122.03;40055000
2010-09-03;3122.25;3164.36;3122.25;3164.28;3164.15;36230200
2010-09-06;3164.47;3217.37;3164.47;3217.15;3217.02;28435500
2010-09-07;3217.54;3239.45;3214.2;3230.89;3230.76;36835100
2010-09-15;3232.08;3360.05;3232.08;3357.03;3356.9;46833300
2010-09-16;3357.13;3358.12;3317.79;3341.63;3341.5;50943400
2010-09-17;3341.44;3390.56;3341.44;3384.65;3384.52;92721600
2010-09-20;3384.56;3392.06;3344.9;3370.98;3370.85;102815200
2010-09-21;3371.47;3405.85;3342.2;3365.04;3364.91;100983500
2010-09-22;3365.13;3380.2;3332.27;3343.34;3343.21;112246400
2010-09-23;3343.83;3351.39;3313.31;3337.2;3337.07;75105000
2010-09-24;3338.71;3400.56;3331.86;3397.63;3397.49;49811300
2010-09-27;3397.82;3472.03;3397.82;3468.04;3467.9;60521200
2010-09-28;3468.23;3524.32;3455.5;3472.71;3472.57;61810900
2010-09-29;3473.29;3513.36;3473.29;3495.46;3495.33;61190500
2010-09-30;3495.76;3514.77;3487.71;3501.3;3501.16;55774300
2010-10-01;3501.2;3550.03;3501.2;3547.11;3546.98;50247800
2010-10-04;3547.31;3594.37;3547.31;3569.5;3569.36;56368500
2010-10-05;3569.59;3592.09;3553.09;3591.7;3591.56;68355200
2010-10-06;3592.08;3630.39;3582.25;3603.4;3603.26;81232300
2010-10-07;3603.5;3605.53;3540.61;3586.19;3586.05;64812100
2010-10-08;3585.9;3585.9;3532.01;3546.95;3546.82;54248000
2010-10-11;3547.72;3575.24;3536.51;3548.75;3548.61;54496100
2010-10-12;3548.94;3565.41;3535.78;3547.25;3547.11;64487400
2010-10-13;3549.47;3611.98;3547.98;3611.98;3611.84;85224100
2010-10-14;3612.17;3645.61;3603;3618.48;3618.34;66365500
2010-10-15;3619.47;3619.47;3584.79;3597.03;3596.89;50094300
2010-10-18;3596.84;3596.84;3557.27;3566.92;3566.78;49795600
2010-10-19;3567.41;3599.82;3567.41;3592.79;3592.65;64020700
2010-10-20;3592.5;3592.5;3537.09;3578.95;3578.81;82157600
2010-10-21;3579.15;3610.56;3579.15;3588.01;3587.87;68012400
2010-10-22;3588.75;3605.21;3582.81;3597.75;3597.61;51559900
2010-10-25;3598.21;3644.72;3598.21;3643.49;3643.35;51321400
2010-10-26;3643.11;3661.2;3638.06;3654.1;3653.96;53657000
2010-10-27;3652.19;3667.01;3602.12;3624.47;3624.33;51160600
2010-10-28;3623.89;3643.52;3614.63;3638.83;3638.68;43195900
2010-10-29;3639.21;3647.56;3615.22;3635.32;3635.18;34923600
2010-11-01;3635.52;3663.79;3621.56;3645.15;3645.01;38168300
2010-11-02;3644.18;3648.26;3616.37;3625.49;3625.35;49374100
2010-11-03;3625.68;3641.73;3590.37;3605.67;3605.53;47337100
2010-11-04;3605.86;3633.69;3604.72;3629.05;3628.9;41669600
2010-11-05;3629.72;3665.85;3629.72;3655.3;3655.16;49451700
2010-11-08;3655.4;3700.54;3654.48;3699.26;3699.12;41320300
2010-11-09;3699.15;3742.77;3689.75;3737.48;3737.34;59587600
2010-11-10;3738.06;3759.48;3731.19;3756.97;3756.82;71330800
2010-11-11;3757.35;3777.92;3721.89;3744.62;3744.47;78274500
2010-11-12;3744.52;3744.53;3633.42;3665.85;3665.7;58737900
2010-11-15;3665.09;3674.57;3633.15;3656.46;3656.32;57098700
2010-11-16;3656.94;3682.8;3637.9;3674.03;3673.88;67855800
2010-11-18;3673.55;3682.37;3641.17;3677.9;3677.76;137832000
2010-11-19;3678.47;3725.05;3678.47;3725.05;3724.9;83904100
2010-11-22;3725.33;3742.94;3707.9;3741.23;3741.08;54562700
2010-11-23;3741.04;3741.04;3658.58;3678.19;3678.05;67385300
2010-11-24;3677.62;3684.15;3619.88;3658.78;3658.63;54330600
2010-11-25;3659.16;3710.94;3659.16;3702.01;3701.87;85829100
2010-11-26;3701.92;3710.46;3632.09;3642.5;3642.36;90591300
2010-11-29;3642.88;3642.88;3573.22;3630.64;3630.49;50401500
2010-11-30;3631.54;3633.99;3529.85;3531.21;3531.07;79712800
2010-12-01;3530.93;3619.09;3530.93;3619.09;3618.95;66508300
2010-12-02;3619.85;3706.4;3619.85;3694.58;3694.44;65178300
2010-12-03;3694.67;3728.09;3679.83;3696.26;3696.12;39808400
2010-12-06;3696.73;3728.97;3696.73;3722.35;3722.2;39784700
2010-12-08;3722.91;3771.79;3722.91;3769.99;3769.85;43078500
2010-12-09;3771.49;3788.56;3764.29;3786.1;3785.95;47791600
2010-12-10;3784.66;3784.66;3728.98;3747.71;3747.57;49468500
2010-12-13;3747.81;3751.93;3681.32;3692.23;3692.09;37966100
2010-12-14;3692.42;3712.33;3676.73;3689.67;3689.52;35754300
2010-12-15;3691.11;3691.11;3613.67;3658.31;3658.17;41483000
2010-12-16;3657.47;3657.47;3554.85;3571.74;3571.6;40147400
2010-12-17;3571.46;3601.85;3536.66;3581.56;3581.43;31291800
2010-12-20;3589.15;3591.29;3537.67;3568.81;3568.67;35779900
2010-12-21;3569.46;3642.1;3569.46;3637.45;3637.3;25533800
2010-12-22;3637.69;3649.98;3610.57;3620.68;3620.54;22447400
2010-12-23;3621.63;3626.12;3587.99;3611.53;3611.39;19787100
2010-12-27;3612;3626.25;3601.48;3625.27;3625.12;18671400
2010-12-28;3625.73;3672.18;3623.83;3659.99;3659.85;20076600
2010-12-29;3660.09;3704;3660.09;3699.22;3699.07;18902500
2010-12-30;3698.94;3718.98;3689.03;3703.51;3703.37;20503500
2011-01-03;3704.44;3738.59;3704.44;3727.52;3727.37;35205800
2011-01-04;3727.8;3763.38;3724.47;3760.06;3759.91;53135600
2011-01-05;3759.97;3786.05;3728.91;3783.71;3783.56;33610700
2011-01-06;3782.99;3789.47;3720.57;3736.26;3736.11;28831900
2011-01-07;3734.37;3734.37;3607.33;3631.45;3631.31;36417500
2011-01-10;3631.27;3631.27;3449.58;3478.55;3478.41;45480800
2011-01-11;3478.08;3550.36;3434.27;3455.13;3454.99;38441100
2011-01-12;3455.41;3555.39;3455.41;3554.77;3554.63;50358200
2011-01-13;3555.33;3630.68;3549.01;3564.94;3564.8;43284500
2011-01-14;3564.65;3569.64;3518.56;3569.14;3569.01;25314200
2011-01-17;3568.77;3569.97;3506.87;3535.73;3535.59;20206900
2011-01-18;3536.2;3548.69;3507.97;3548.65;3548.51;27627900
2011-01-19;3548.65;3558.67;3511.64;3534.28;3534.15;25022400
2011-01-20;3534;3534;3441.63;3454.12;3453.98;30135000
2011-01-21;3453.27;3453.27;3309.62;3379.54;3379.41;33749900
2011-01-24;3380.5;3396.85;3321.68;3346.06;3345.93;22641900
2011-01-25;3347.02;3445.98;3347.02;3433.91;3433.77;27707000
2011-01-26;3434.15;3501.72;3414.69;3501.72;3501.58;31347100
2011-01-27;3500.75;3549.48;3495.95;3514.62;3514.49;32035800
2011-01-28;3514.15;3514.15;3462.37;3487.61;3487.47;20956700
2011-01-31;3487.14;3487.14;3383.16;3409.17;3409.03;26295400
2011-02-01;3411.08;3452.02;3411.08;3442.5;3442.37;26648100
2011-02-02;3443.16;3490.25;3443.16;3480.83;3480.69;22661100
2011-02-04;3480.92;3500.54;3462.94;3496.17;3496.03;18968300
2011-02-07;3497.11;3521.63;3476.35;3487.71;3487.57;17428200
2011-02-08;3487.99;3500.46;3450.05;3459.93;3459.8;22593200
2011-02-09;3458.25;3458.25;3384.88;3417.47;3417.34;24111400
2011-02-10;3417.19;3417.19;3336.83;3373.64;3373.51;22218100
2011-02-11;3372.7;3393.52;3338.53;3391.77;3391.63;24392800
2011-02-14;3392.6;3430.04;3392.6;3416.77;3416.63;19918500
2011-02-16;3416.58;3417.35;3387.25;3416.78;3416.65;17924000
2011-02-17;3416.97;3440.73;3414.66;3434.38;3434.25;23202500
2011-02-18;3435.31;3507.95;3435.31;3501.5;3501.36;35302700
2011-02-21;3500.95;3520.64;3488.61;3497.64;3497.51;25743300
2011-02-22;3497.36;3497.36;3437.29;3451.1;3450.97;21495700
2011-02-23;3451.47;3486.9;3435.19;3474.12;3473.99;25428500
2011-02-24;3473.84;3473.84;3422.58;3439.13;3439;39513100
2011-02-25;3439.69;3454.88;3429.02;3443.53;3443.4;28782400
2011-02-28;3443.62;3471.43;3436.1;3470.35;3470.21;23695200
2011-03-01;3470.63;3513.47;3470.63;3512.62;3512.48;29649700
2011-03-02;3512.15;3512.15;3469.57;3486.2;3486.06;27628100
2011-03-03;3484.52;3512.89;3483.8;3494.54;3494.4;28990600
2011-03-04;3495.1;3543.55;3495.1;3542.9;3542.77;28558600
2011-03-07;3541.96;3563.05;3526.03;3561.72;3561.58;20280700
2011-03-08;3561.44;3580.31;3551.72;3580.31;3580.17;28541700
2011-03-09;3579.85;3609.21;3577.37;3598.68;3598.53;30038600
2011-03-10;3598.49;3598.49;3564.77;3587.65;3587.51;26329800
2011-03-11;3587.28;3587.28;3513.09;3542.23;3542.09;31212500
2011-03-14;3542.14;3583.5;3524.79;3569.84;3569.7;33258300
2011-03-15;3569.28;3569.28;3476.69;3524.48;3524.35;35965600
2011-03-16;3524.67;3535.23;3493.61;3531.48;3531.34;27963500
2011-03-17;3531.29;3531.29;3465.6;3484.21;3484.07;22173100
2011-03-18;3484.77;3511.67;3476.65;3494.07;3493.93;27604100
2011-03-21;3493.14;3519.87;3493.14;3518.85;3518.71;17264200
2011-03-22;3518.94;3530.39;3497.55;3517.72;3517.58;16468400
2011-03-23;3517.11;3556.34;3508.59;3556.23;3556.09;19830900
2011-03-24;3556.51;3611.92;3551.42;3611.64;3611.5;35959100
2011-03-25;3611.83;3639.69;3591.54;3607.11;3606.97;25886200
2011-03-28;3602.82;3612.21;3580.99;3602.86;3602.72;19353400
2011-03-29;3601.92;3601.92;3570.4;3591.51;3591.38;30067600
2011-03-30;3591.62;3641.85;3591.53;3640.98;3640.84;35240200
2011-03-31;3641.16;3683.47;3637.43;3678.67;3678.53;38931700
2011-04-01;3679.05;3709.38;3678.29;3707.49;3707.34;28383200
2011-04-04;3707.39;3729.3;3681.81;3700.05;3699.9;25418800
2011-04-05;3699.77;3699.94;3672.72;3685.94;3685.79;27857400
2011-04-06;3685.84;3728.17;3671.18;3727.8;3727.65;35284000
2011-04-07;3729.71;3741.83;3704.43;3730.58;3730.44;31305800
2011-04-08;3730.68;3749.27;3724.02;3741.81;3741.67;31001200
2011-04-11;3740.87;3768.02;3732.28;3745.84;3745.69;26305600
2011-04-12;3745.65;3745.65;3701.11;3719.23;3719.09;23409500
2011-04-13;3718.95;3736.09;3701.34;3734.41;3734.27;32992700
2011-04-14;3734.6;3734.6;3697.43;3707.98;3707.83;27089600
2011-04-15;3707.89;3733.49;3706.68;3730.51;3730.37;28619400
2011-04-18;3730.03;3738.93;3712.18;3727.07;3726.93;23963800
2011-04-19;3726.89;3732.79;3691.29;3732.65;3732.5;27871400
2011-04-20;3732.93;3794.76;3732.93;3794.76;3794.61;52085200
2011-04-21;3796.43;3813.18;3784.94;3801.08;3800.93;33145900
2011-04-25;3801.36;3809.8;3777.43;3788.54;3788.39;23404800
2011-04-26;3787.6;3790.48;3743.77;3774.87;3774.72;39664800
2011-04-27;3775.15;3806.96;3775.15;3804.93;3804.78;49082500
2011-04-28;3805.02;3824.07;3787.86;3808.93;3808.78;38876600
2011-04-29;3807.99;3822.64;3796.71;3819.62;3819.47;35713200
2011-05-02;3819.8;3849.3;3819.8;3849.3;3849.15;38353900
2011-05-03;3847.39;3847.39;3802.69;3813.87;3813.72;46020000
2011-05-04;3813.68;3815.35;3783.48;3814.93;3814.78;65293500
2011-05-05;3814.46;3817.47;3787.94;3816.27;3816.12;73179300
2011-05-06;3815.99;3815.99;3781.35;3798.55;3798.41;47658100
2011-05-09;3798.74;3803.53;3777.51;3785.45;3785.3;42060500
2011-05-10;3786.4;3801.5;3782.17;3800.52;3800.37;85796300
2011-05-11;3800.61;3838.42;3800.61;3838.14;3837.99;71791300
2011-05-12;3837.77;3837.77;3795.55;3808.71;3808.56;97490400
2011-05-13;3809.43;3832.02;3809.43;3832.02;3831.87;87893600
2011-05-16;3831.93;3831.93;3784.26;3799.23;3799.08;47990800
2011-05-18;3800.17;3845.04;3800.17;3840.21;3840.06;54670900
2011-05-19;3840.58;3867.27;3840.58;3859.81;3859.66;62268900
2011-05-20;3859.9;3872.95;3855.89;3872.95;3872.8;37198000
2011-05-23;3872.21;3872.21;3763.06;3778.45;3778.31;69369200
2011-05-24;3778.36;3786.01;3765.98;3785.94;3785.8;56566700
2011-05-25;3785.47;3786.9;3760.79;3780.16;3780.02;45028700
2011-05-26;3780.35;3818.46;3780.35;3814.82;3814.67;36431700
2011-05-27;3814.72;3835.46;3790.9;3832.38;3832.23;25077600
2011-05-30;3831.43;3836.87;3813.66;3826.14;3825.99;30112500
2011-05-31;3826.32;3841.43;3819.31;3836.97;3836.82;68115000
2011-06-01;3837.18;3856.61;3832.34;3837.76;3837.61;64790200
2011-06-03;3837.67;3844.02;3812.43;3844.02;3843.87;34689300
2011-06-06;3843.74;3843.74;3819.6;3834.2;3834.05;34642400
2011-06-07;3832.32;3843.21;3815.55;3842.95;3842.8;53371800
2011-06-08;3842.86;3842.86;3811.75;3825.82;3825.67;47234500
2011-06-09;3825.64;3829.81;3797.16;3806.19;3806.04;42358400
2011-06-10;3807.12;3821.84;3779.27;3787.65;3787.5;26341000
2011-06-13;3787.37;3787.37;3728.4;3748.76;3748.61;36858900
2011-06-14;3747.82;3775.25;3738.07;3773.27;3773.13;27689500
2011-06-15;3773.36;3809.7;3773.36;3794.25;3794.1;34900100
2011-06-16;3793.98;3793.98;3720.79;3740.47;3740.33;41006900
2011-06-17;3739.54;3759.2;3704.58;3722.3;3722.16;37490400
2011-06-20;3722.58;3751.75;3710.82;3729.12;3728.98;26923200
2011-06-21;3729.67;3797.56;3729.67;3794.94;3794.79;36632800
2011-06-22;3795.31;3822.42;3795.31;3821.83;3821.68;36507500
2011-06-23;3821.55;3829.63;3801.7;3823.65;3823.5;32514100
2011-06-24;3823.56;3854.18;3817.38;3848.56;3848.41;35181800
2011-06-27;3848.37;3848.37;3806.72;3813.43;3813.28;26289100
2011-06-28;3813.52;3838.59;3813.52;3830.27;3830.12;33644400
2011-06-30;3830.46;3896.16;3830.46;3888.57;3888.42;35665000
2011-07-01;3888.2;3956.78;3888.2;3927.1;3926.95;31812700
2011-07-04;3927.19;3962.28;3927.19;3953.52;3953.36;31742500
2011-07-05;3953.15;3958.12;3905.73;3924.13;3923.97;37550800
2011-07-06;3923.67;3933.02;3890.55;3908.96;3908.8;35497000
2011-07-07;3909.14;3944.95;3908.57;3939.47;3939.32;31545400
2011-07-08;3939.75;4005.69;3939.75;4003.69;4003.53;31191500
2011-07-11;4002.76;4002.76;3971.31;3995.59;3995.43;29286500
2011-07-12;3995.22;3995.22;3926.83;3938.01;3937.86;33050300
2011-07-13;3938.25;3980.86;3938.25;3980.84;3980.69;45785000
2011-07-14;3980.75;3997.95;3975.87;3997.64;3997.48;42984100
2011-07-15;3997.87;4024.03;3989.74;4023.2;4023.05;33962500
2011-07-18;4024.13;4042.73;4021.81;4032.97;4032.82;31163500
2011-07-19;4032.7;4032.7;4002.46;4023.42;4023.26;53922700
2011-07-20;4023.6;4055.05;4020.82;4050.63;4050.47;68009200
2011-07-21;4050.72;4072.83;4048.18;4068.07;4067.91;75234200
2011-07-22;4069.94;4109.08;4069.94;4106.82;4106.66;64601300
2011-07-25;4104.46;4104.46;4067.24;4087.09;4086.93;60877700
2011-07-26;4086.45;4133.69;4082.19;4132.78;4132.62;81604900
2011-07-27;4132.67;4177.74;4125.96;4174.11;4173.95;67338100
2011-07-28;4172.25;4172.25;4122;4145.83;4145.67;52125500
2011-07-29;4146.76;4160.5;4102.82;4130.8;4130.64;51520000
2011-08-01;4131.73;4193.56;4131.73;4193.44;4193.28;65618400
2011-08-02;4192.51;4195.72;4148.95;4177.85;4177.68;58776600
2011-08-03;4177.57;4177.57;4095.87;4136.51;4136.35;48664300
2011-08-04;4136.69;4157.25;4095.62;4122.09;4121.93;52262500
2011-08-05;4119.88;4119.88;3866.71;3921.64;3921.49;85835700
2011-08-08;3920.82;3920.82;3714.92;3850.27;3850.12;79017400
2011-08-09;3846.23;3873.54;3590.94;3735.12;3734.97;86494600
2011-08-10;3736.04;3883.55;3736.04;3863.58;3863.43;63159300
2011-08-11;3863.39;3871.28;3803.25;3869.36;3869.21;57873800
2011-08-12;3868.63;3926.55;3864.42;3890.53;3890.37;49834500
2011-08-15;3890.8;3960.52;3890.8;3960.02;3959.87;43713700
2011-08-16;3960.11;3996.37;3937.69;3953.28;3953.12;67781600
2011-08-18;3953.83;4020.99;3953.83;4020.99;4020.84;55251900
2011-08-19;4019.8;4019.8;3823.37;3842.75;3842.6;52137200
2011-08-22;3843.68;3854.19;3761.02;3839.62;3839.47;39682400
2011-08-23;3840.06;3881.2;3821.38;3880.46;3880.31;41083400
2011-08-24;3881.4;3906.49;3840.48;3847.02;3846.87;39053000
2011-08-25;3847.39;3886.17;3835.02;3844.38;3844.23;33077600
2011-08-26;3842.51;3847.25;3800.48;3841.73;3841.58;23908500
2011-09-05;3842.65;3912.19;3841.72;3866.17;3866.02;26667800
2011-09-06;3865.53;3891.03;3829.61;3889.97;3889.82;29806200
2011-09-07;3890.52;4002.4;3890.52;4001.43;4001.28;43959400
2011-09-08;4001.71;4021.76;3978.34;4005.39;4005.23;37592800
2011-09-09;4004.46;4028.48;3991.58;3998.5;3998.35;30534100
2011-09-12;3997.22;3997.22;3880.7;3896.12;3895.97;27234300
2011-09-13;3896.21;3929.55;3855.04;3874.78;3874.63;34904600
2011-09-14;3875.06;3897.31;3775.37;3799.04;3798.89;41940800
2011-09-15;3799.4;3829.38;3710.09;3774.33;3774.19;32731900
2011-09-16;3775.45;3850.28;3775.45;3835.18;3835.03;31390800
2011-09-19;3834.08;3834.08;3739.51;3755.05;3754.91;26730300
2011-09-20;3754.83;3754.83;3673.22;3752.11;3751.96;35175400
2011-09-21;3751.93;3752.3;3687.91;3697.49;3697.35;26124200
2011-09-22;3695.94;3695.94;3360.19;3369.14;3369.01;52903800
2011-09-23;3367.4;3426.83;3258.37;3426.35;3426.21;39180900
2011-09-26;3425.6;3429.46;3217.95;3316.14;3316.01;48894300
2011-09-27;3316.69;3487.76;3316.69;3473.94;3473.8;42886800
2011-09-28;3474.31;3531.89;3452.98;3513.17;3513.03;40210500
2011-09-29;3512.98;3549.18;3466.63;3537.18;3537.04;26702100
2011-09-30;3537.27;3579.66;3523.17;3549.03;3548.89;31074600
2011-10-03;3548.12;3548.12;3329.87;3348.71;3348.58;35605800
2011-10-04;3347.22;3352.4;3256.44;3269.45;3269.32;38783700
2011-10-05;3269.54;3315.69;3269.54;3293.24;3293.11;29217000
2011-10-06;3293.51;3447.07;3293.51;3443.11;3442.97;42704300
2011-10-07;3443.47;3526.8;3418.14;3425.68;3425.55;42566600
2011-10-10;3424.57;3452.42;3413.27;3451.08;3450.95;20438300
2011-10-11;3451.63;3563.41;3451.63;3531.75;3531.62;55539300
2011-10-12;3522.82;3637.12;3516.62;3635.93;3635.79;71960600
2011-10-13;3636.57;3702.76;3636.57;3675.38;3675.24;79293800
2011-10-14;3675.01;3688.14;3639.34;3664.68;3664.54;39296400
2011-10-17;3665.32;3730.3;3665.32;3729.01;3728.87;73293900
2011-10-18;3728.01;3728.01;3580.77;3622.03;3621.89;51376300
2011-10-19;3622.58;3697.39;3622.58;3685.31;3685.16;50626700
2011-10-20;3684.85;3684.85;3593.66;3622.78;3622.63;30644600
2011-10-21;3622.87;3643.85;3594.49;3620.66;3620.52;30897100
2011-10-24;3621.12;3716.64;3621.12;3706.78;3706.64;48331400
2011-10-25;3706.69;3733.93;3699.44;3710.48;3710.33;29870500
2011-10-26;3710.39;3740.73;3680.15;3738.61;3738.46;30382600
2011-10-27;3739.54;3814.58;3739.54;3813;3812.86;58927300
2011-10-28;3814.01;3875.11;3811.39;3829.96;3829.81;50679300
2011-10-31;3830.88;3830.88;3758.49;3790.85;3790.7;36412500
2011-11-01;3790.11;3790.11;3681.34;3685.01;3684.87;40125300
2011-11-02;3684.19;3763.39;3624.23;3763.03;3762.89;49329700
2011-11-03;3763.31;3763.31;3686;3705.81;3705.67;35708700
2011-11-04;3706.45;3801.06;3706.45;3783.63;3783.48;33167800
2011-11-07;3783.08;3791.81;3765.24;3778.24;3778.09;23496400
2011-11-08;3778.7;3806.92;3778.7;3805.65;3805.5;22485000
2011-11-09;3806.47;3859.1;3806.47;3857.36;3857.21;33282300
2011-11-10;3856.45;3856.45;3748.09;3783.88;3783.73;29288000
2011-11-11;3784.25;3800.29;3764.89;3778.89;3778.74;24340400
2011-11-14;3779.34;3833.23;3779.34;3833.04;3832.89;34336500
2011-11-15;3833.13;3833.13;3799.45;3813.84;3813.69;22405100
2011-11-16;3813.93;3817.2;3768.53;3814.09;3813.94;33821000
2011-11-17;3813.73;3813.73;3781.39;3792.25;3792.11;20699500
2011-11-18;3792.16;3792.16;3745.14;3754.5;3754.35;18836700
2011-11-21;3754.23;3754.23;3668.11;3679.83;3679.69;26898000
2011-11-22;3679.74;3736.02;3671.4;3735.53;3735.39;25716500
2011-11-23;3734.62;3734.62;3665.5;3687.01;3686.86;18049300
2011-11-24;3686.37;3696.89;3659.43;3696.03;3695.89;20852800
2011-11-25;3696.12;3696.12;3628.76;3637.19;3637.05;20254200
2011-11-28;3637.92;3676.4;3618.97;3647.05;3646.91;19180300
2011-11-29;3647.23;3710.75;3646.86;3687.77;3687.63;23033700
2011-11-30;3688.13;3719.95;3679.21;3715.08;3714.94;29485700
2011-12-01;3715.44;3811.54;3715.44;3781.1;3780.95;38604300
2011-12-02;3781.47;3781.47;3757.45;3779.84;3779.69;21962000
2011-12-05;3780.56;3791.54;3762.63;3780.79;3780.65;23775800
2011-12-06;3780.06;3780.76;3736.41;3752.67;3752.53;21974200
2011-12-07;3753.37;3793.5;3753.37;3793.24;3793.09;30518600
2011-12-08;3793.32;3793.32;3762.27;3781.76;3781.61;29949700
2011-12-09;3781.03;3781.03;3728.73;3759.61;3759.46;23622200
2011-12-12;3761.08;3803.71;3761.08;3792.15;3792;37212200
2011-12-13;3791.43;3791.43;3742.59;3763.58;3763.43;38938600
2011-12-14;3763.4;3765.09;3741.72;3751.6;3751.46;44052100
2011-12-15;3751.15;3751.15;3666.25;3701.54;3701.4;32751000
2011-12-16;3701.91;3778.12;3701.91;3768.35;3768.21;41442900
2011-12-19;3768.26;3773.8;3753.28;3770.29;3770.14;28343900
2011-12-20;3770.83;3789.88;3745.04;3752.34;3752.19;42637500
2011-12-21;3752.79;3808.39;3752.79;3794.27;3794.12;43708700
2011-12-22;3791.72;3804.04;3779.43;3795.44;3795.3;39251600
2011-12-23;3795.81;3821.99;3777.02;3797.15;3797;23888900
2011-12-27;3796.97;3806.19;3757.53;3789.43;3789.28;14348800
2011-12-28;3789.53;3789.53;3744.63;3769.21;3769.07;20780700
2011-12-29;3769.12;3813.09;3736.23;3808.77;3808.62;18319000
2011-12-30;3808.95;3825.96;3805.08;3821.99;3821.84;26005400
2012-01-02;3821.63;3825.1;3797;3809.14;3808.99;24861600
2012-01-03;3808.69;3858.19;3808.69;3857.88;3857.73;49712400
2012-01-04;3858.06;3921.17;3858.06;3907.42;3907.27;39077900
2012-01-05;3907.51;3924.05;3893.19;3906.26;3906.11;34539000
2012-01-06;3906.44;3906.68;3852.75;3869.42;3869.26;21634800
2012-01-09;3868.78;3890.2;3848.34;3889.07;3888.92;35483700
2012-01-10;3888.71;3941.31;3886.87;3938.84;3938.69;50193700
2012-01-11;3938.93;3954.86;3902.34;3909.64;3909.49;31509900
2012-01-12;3910;3918.59;3890.93;3909.5;3909.34;42546300
2012-01-13;3909.05;3943.26;3909.05;3935.33;3935.17;42892200
2012-01-16;3935.24;3935.24;3894.83;3909.69;3909.54;31210900
2012-01-17;3910.06;3955.74;3910.06;3954.75;3954.6;48105000
2012-01-18;3954.57;3978.46;3947.85;3978.13;3977.97;40722700
2012-01-19;3978.49;4027.89;3978.49;4001.07;4000.92;43535600
2012-01-20;4001.8;4024.95;3967.34;3986.51;3986.36;36347900
2012-01-24;3986.97;4038.78;3985.51;3994.58;3994.43;20738300
2012-01-25;3995.12;3997.11;3948.96;3963.6;3963.45;26529100
2012-01-26;3963.78;3983.51;3950.74;3983.43;3983.28;32829700
2012-01-27;3983.52;3992.9;3969.46;3986.41;3986.25;27714300
2012-01-30;3986.14;3986.14;3896.4;3915.16;3915.01;28566300
2012-01-31;3914.62;3941.69;3902.16;3941.69;3941.54;34190200
2012-02-01;3941.78;3965.32;3936.81;3964.98;3964.82;36201200
2012-02-02;3965.43;4020.41;3965.43;4016.9;4016.75;46876600
2012-02-03;4016.63;4025.94;4001.21;4015.95;4015.79;42300400
2012-02-06;4015.77;4040.08;3957.55;3974.79;3974.63;36650800
2012-02-07;3975.15;3986.37;3929.64;3955.45;3955.3;38035700
2012-02-08;3955.63;3988.85;3950.45;3988.7;3988.54;34841600
2012-02-09;3988.59;3988.59;3953.82;3978.99;3978.83;31271400
2012-02-10;3978.63;3978.99;3895.61;3912.39;3912.24;30039200
2012-02-13;3912.48;3962.62;3906.91;3961.9;3961.75;26010600
2012-02-14;3962.8;3964.41;3939.93;3952.82;3952.66;27285500
2012-02-15;3952.28;3963.53;3942.24;3953.04;3952.89;28472900
2012-02-16;3952.51;3952.51;3913.9;3927.61;3927.46;35655800
2012-02-17;3928.24;3976.58;3928.24;3976.54;3976.39;32689500
2012-02-20;3976.81;3995.08;3961.35;3980.25;3980.1;24837200
2012-02-21;3980.16;4008.23;3980.16;4002.95;4002.8;30958700
2012-02-22;4002.68;4002.68;3979.09;3995.02;3994.87;40050000
2012-02-23;3994.66;3994.66;3953.43;3958.81;3958.65;30389200
2012-02-24;3958.54;3959.1;3850.13;3894.56;3894.41;39980100
2012-02-27;3894.2;3894.76;3838.54;3861.02;3860.87;20978500
2012-02-28;3861.2;3907.14;3858.08;3903.56;3903.4;27857800
2012-02-29;3903.83;3986.11;3903.83;3985.21;3985.05;33394200
2012-03-01;3985.03;3985.03;3950.76;3962.29;3962.13;23341000
2012-03-02;3962.92;4005.16;3961.44;4004.87;4004.71;25019800
2012-03-05;4004.76;4004.76;3966.72;3984.9;3984.74;17977900
2012-03-06;3984.36;3984.36;3938.74;3967.08;3966.92;19851500
2012-03-07;3965.98;3965.98;3929.19;3942.52;3942.36;24384200
2012-03-08;3943.06;3970.23;3942.95;3967.67;3967.51;22508900
2012-03-09;3968.3;3995.19;3968.3;3991.54;3991.39;25747200
2012-03-12;3984.18;4007.95;3969;3987.35;3987.19;20821700
2012-03-13;3987.98;4008.68;3987.98;4008.64;4008.49;21815900
2012-03-14;4009.09;4058.8;4009.09;4054.33;4054.17;29417300
2012-03-15;4054.69;4065.7;4032.22;4039.98;4039.82;32919200
2012-03-16;4040.52;4060.08;4017.86;4028.54;4028.38;33788800
2012-03-19;4028.9;4043.19;4012.54;4024.73;4024.58;23992000
2012-03-20;4025.18;4035.31;4003.52;4022.17;4022.01;24426300
2012-03-21;4022.26;4036.68;4014.83;4036.23;4036.08;27568100
2012-03-22;4036.41;4044.15;4024.04;4041.56;4041.4;23195800
2012-03-26;4041.74;4061.14;4011.93;4031.71;4031.55;23663300
2012-03-27;4032.33;4081.85;4032.33;4079.38;4079.23;31967900
2012-03-28;4079.29;4091.94;4063.8;4090.57;4090.41;30732400
2012-03-29;4090.39;4105.63;4063.51;4105.17;4105.01;34285400
2012-03-30;4105.26;4129.33;4099.72;4121.55;4121.39;28384300
2012-04-02;4121.82;4168.75;4121.71;4166.07;4165.91;46919200
2012-04-03;4166.61;4232.92;4166.61;4215.44;4215.28;43150700
2012-04-04;4215.08;4215.08;4122.22;4134.04;4133.88;32834700
2012-04-05;4132.96;4171.2;4109.32;4166.37;4166.21;33553500
2012-04-09;4165.75;4165.75;4141.72;4154.07;4153.9;43013600
2012-04-10;4156.38;4171.67;4143.74;4149.8;4149.64;37208100
2012-04-11;4149.62;4150.46;4111.76;4130.01;4129.85;42643400
2012-04-12;4130.19;4149.75;4120.37;4139.54;4139.38;43778500
2012-04-13;4139.81;4164.74;4138.63;4159.28;4159.11;35280100
2012-04-16;4159.37;4164.48;4135.62;4146.58;4146.42;34884200
2012-04-17;4147.03;4172.38;4140.93;4157.37;4157.2;38508500
2012-04-18;4158.09;4185.21;4151.26;4166.24;4166.07;43891500
2012-04-19;4166.42;4167.42;4146.21;4163.72;4163.55;37596000
2012-04-20;4163.9;4181.78;4159.04;4181.37;4181.21;41766200
2012-04-23;4181.46;4193.24;4130.85;4155.49;4155.33;50362300
2012-04-24;4155.71;4173.74;4147.02;4170.35;4170.19;47665500
2012-04-25;4169.99;4170.18;4149.27;4163.64;4163.48;46927800
2012-04-26;4163.82;4201.06;4163.46;4180.31;4180.14;45866600
2012-04-27;4180.67;4189.45;4155.34;4163.98;4163.82;36327900
2012-04-30;4164.07;4180.91;4144.35;4180.73;4180.57;32908900
2012-05-01;4181.09;4196.29;4170.71;4195.98;4195.82;34952100
2012-05-02;4196.43;4220.55;4192.49;4219.29;4219.13;39311900
2012-05-03;4218.57;4226.42;4202.79;4224;4223.84;41205400
2012-05-04;4224.18;4234.73;4202.67;4216.68;4216.52;38176000
2012-05-07;4216.41;4216.41;4130.25;4158.86;4158.7;30722300
2012-05-08;4159.13;4182.9;4158.51;4181.07;4180.91;26127700
2012-05-09;4180.17;4180.17;4118.26;4129.06;4128.9;28119000
2012-05-10;4128.61;4137.67;4110.9;4133.63;4133.47;30528300
2012-05-11;4133.36;4133.36;4093.66;4114.14;4113.98;23882600
2012-05-14;4114.57;4120.23;4043.97;4053.07;4052.91;25126600
2012-05-15;4028.7;4068.72;3997.77;4045.64;4045.49;30818800
2012-05-16;4007.15;4007.15;3926.39;3980.5;3980.34;31030800
2012-05-21;3958;3958.47;3907.51;3940.11;3939.95;27648800
2012-05-22;3965.17;4024.39;3965.17;4021.1;4020.94;33931300
2012-05-23;4001.62;4001.62;3950.82;3981.58;3981.42;23171200
2012-05-24;3977.91;3992.58;3961.64;3984.87;3984.72;24251500
2012-05-25;3968.34;3970.24;3885.59;3902.51;3902.36;27052600
2012-05-28;3877.05;3927.86;3850.45;3918.69;3918.53;20370700
2012-05-29;3909.53;3924.26;3893;3919.06;3918.91;16974700
2012-05-30;3911.99;3922.65;3896.86;3917.92;3917.76;20557900
2012-05-31;3879.06;3881.49;3810.39;3832.82;3832.67;37550400
2012-06-01;3820.38;3841.04;3781.92;3799.77;3799.62;20564000
2012-06-04;3730.04;3730.04;3635.28;3654.58;3654.44;29877000
2012-06-05;3696.97;3735.45;3696.97;3717.88;3717.73;23031900
2012-06-06;3735.5;3841.49;3734.72;3841.33;3841.18;38369600
2012-06-07;3876.79;3909.39;3823.91;3840.6;3840.45;30940500
2012-06-08;3823.88;3840.8;3805.34;3825.33;3825.18;18802500
2012-06-11;3855.84;3879.81;3845.78;3866.21;3866.06;24890100
2012-06-12;3840.8;3855.45;3824.95;3852.58;3852.43;20042100
2012-06-13;3862.94;3875.14;3847.29;3860.46;3860.31;34233100
2012-06-14;3857.73;3860.7;3777.96;3791.62;3791.47;31173100
2012-06-15;3811.1;3827.04;3774.69;3818.11;3817.96;42554600
2012-06-18;3860.09;3897.43;3849.93;3860.16;3860;30395000
2012-06-19;3859.06;3884.5;3853.26;3880.82;3880.66;21848400
2012-06-20;3887.5;3944.06;3886.45;3943.9;3943.74;42476700
2012-06-21;3943.55;3943.55;3877.51;3901.79;3901.64;34294900
2012-06-22;3863.36;3891.21;3843.02;3889.52;3889.37;23897200
2012-06-25;3890.46;3893.47;3848.85;3857.59;3857.44;18789200
2012-06-26;3854.43;3889.91;3849.06;3881.4;3881.25;24180000
2012-06-27;3888.86;3939.04;3887.09;3934.87;3934.71;25633700
2012-06-28;3946.15;3952.9;3880.55;3887.57;3887.42;22767800
2012-06-29;3903.66;3971.08;3903.66;3955.58;3955.42;22047900
2012-07-02;3976.71;3997.32;3972.36;3991.54;3991.38;30500800
2012-07-03;4006.14;4052.85;4003.19;4049.89;4049.74;31104200
2012-07-04;4059.87;4090.76;4059.48;4075.92;4075.76;39693800
2012-07-05;4086.34;4086.34;4058.89;4069.84;4069.68;23756400
2012-07-06;4069.91;4074.49;4037.63;4055.2;4055.04;18506500
2012-07-09;4035.33;4038.39;3976.36;3985.04;3984.89;17710400
2012-07-10;3987.26;4010.48;3977.61;4009.68;4009.52;19771200
2012-07-11;4007.39;4022.88;4001.17;4019.13;4018.98;20822900
2012-07-12;4013.16;4013.37;3963.47;3984.12;3983.97;26692200
2012-07-13;3984.77;4024.13;3984.09;4019.67;4019.52;18421700
2012-07-16;4035.84;4064.41;4035.84;4047.47;4047.31;25109300
2012-07-17;4064.03;4084.5;4059.8;4080.67;4080.51;23188600
2012-07-18;4078.93;4102.5;4070.84;4081.64;4081.48;23553400
2012-07-19;4092.99;4108.67;4073.03;4096.2;4096.04;23311500
2012-07-20;4096.26;4105.85;4066.25;4081.2;4081.04;18654100
2012-07-23;4045.2;4045.2;3997.92;4009.79;4009.64;18893700
2012-07-24;4011.8;4035.28;3982.24;3992.11;3991.96;22320800
2012-07-25;3978.06;4004.85;3964.81;4000.84;4000.68;17151000
2012-07-26;3998.65;4015.02;3979.6;4004.78;4004.62;19612500
2012-07-27;4033.33;4088.83;4033.33;4084.21;4084.05;24116900
2012-07-30;4102.56;4119.84;4085.29;4099.12;4098.96;23241300
2012-07-31;4108.95;4149.71;4104.62;4142.34;4142.18;35037100
2012-08-01;4129.81;4134.01;4103.46;4130.46;4130.3;35207100
2012-08-02;4128.52;4149.66;4082.96;4093.11;4092.95;23809100
2012-08-03;4076.61;4103.29;4059.94;4099.81;4099.65;18285100
2012-08-06;4139.62;4146.66;4097.75;4105.5;4105.34;22943700
2012-08-07;4110.57;4119.58;4078.09;4085.58;4085.42;36522000
2012-08-08;4087.49;4104.57;4078.63;4090.71;4090.55;27970300
2012-08-09;4099.63;4134.83;4097.48;4131.17;4131.01;25524500
2012-08-10;4133.41;4150.01;4118.16;4141.56;4141.4;28676800
2012-08-13;4148.47;4152.82;4087.26;4102.53;4102.37;20479900
2012-08-14;4116.89;4122.66;4086.34;4121.56;4121.4;20336500
2012-08-15;4115.77;4142.24;4103.12;4141.99;4141.82;25528100
2012-08-16;4143.5;4163.77;4134.56;4160.51;4160.35;31426900
2012-08-23;4153.03;4183.03;4137.87;4162.66;4162.5;24308700
2012-08-24;4146.44;4155.94;4125.26;4145.4;4145.24;16950200
2012-08-27;4145.4;4152.1;4138.94;4145.88;4145.72;7027200
2012-08-28;4150.17;4159.92;4121.03;4142.85;4142.69;26720200
2012-08-29;4135.12;4138.33;4072.85;4093.17;4093.01;30658800
2012-08-30;4064.58;4066.42;4004.14;4025.58;4025.43;28906000
2012-08-31;4005.04;4068.02;3978.08;4060.33;4060.17;30956100
2012-09-03;4052.89;4118.33;4047.28;4117.95;4117.79;26920700
2012-09-04;4120.03;4128.16;4098.31;4105.25;4105.09;34104400
2012-09-05;4087.91;4105.73;4065.7;4075.35;4075.19;32293300
2012-09-06;4083.66;4103.68;4080.82;4102.86;4102.7;32791200
2012-09-07;4131.59;4154.97;4126.19;4143.68;4143.52;32060800
2012-09-10;4152.87;4163.89;4128.35;4160.66;4160.5;22344200
2012-09-11;4152.47;4157.28;4127.76;4155.36;4155.19;23993500
2012-09-12;4166.35;4177.16;4142.37;4174.1;4173.93;24652600
2012-09-13;4173.51;4185.02;4162.15;4170.64;4170.48;42714700
2012-09-14;4205.42;4269.05;4205.42;4257;4256.83;53185900
2012-09-17;4265.75;4272.83;4236.83;4255.28;4255.12;41868600
2012-09-18;4247.37;4249.43;4198.9;4223.89;4223.73;32726700
2012-09-19;4216.25;4253.25;4213.44;4244.71;4244.55;38179300
2012-09-20;4232.74;4236.69;4206.6;4217.52;4217.35;49845800
2012-09-21;4226.29;4245.25;4208.62;4244.62;4244.46;42452300
2012-09-24;4224.04;4240.25;4190.99;4200.91;4200.75;47945600
2012-09-25;4208.15;4228.1;4190.55;4226.89;4226.72;40132700
2012-09-26;4215.65;4215.67;4153.45;4180.16;4180;30440900
2012-09-27;4185.19;4235.86;4179.36;4225.02;4224.86;44177100
2012-09-28;4236.74;4263.96;4233.03;4262.56;4262.4;32949300
2012-10-01;4249.69;4249.69;4214.52;4236.29;4236.13;29316700
2012-10-02;4245.53;4264.78;4241.01;4256.84;4256.67;38805000
2012-10-03;4267.84;4267.84;4238.45;4251.51;4251.35;40317400
2012-10-04;4255.94;4275.75;4248.3;4271.46;4271.29;28170300
2012-10-05;4284.08;4320.59;4283.85;4311.31;4311.15;28849100
2012-10-08;4312.21;4324.8;4242;4268.23;4268.07;30893300
2012-10-09;4272.74;4293.98;4263.16;4280.25;4280.08;29062500
2012-10-10;4263.15;4281.61;4246.45;4280.01;4279.84;31605300
2012-10-11;4268.76;4284.97;4260.86;4284.97;4284.8;44552200
2012-10-12;4294.54;4315.86;4293.73;4311.39;4311.22;57339500
2012-10-15;4308.79;4316.4;4292.84;4313.52;4313.35;41236500
2012-10-16;4320.63;4329.48;4303.66;4329.08;4328.91;33165900
2012-10-17;4339.1;4354.18;4318.42;4337.53;4337.36;44619000
2012-10-18;4347.85;4362.34;4340.57;4356.97;4356.8;45200200
2012-10-19;4359.63;4361.74;4322.45;4331.25;4331.09;37137500
2012-10-22;4312.46;4341.83;4301.76;4341.38;4341.21;34940000
2012-10-23;4343.15;4354.94;4313.27;4330.15;4329.98;35110000
2012-10-24;4320.51;4341.08;4309.82;4335.38;4335.21;31564700
2012-10-25;4337.53;4346.48;4323.13;4339.15;4338.98;44790000
2012-10-29;4329.31;4340.77;4314.43;4331.37;4331.2;35216500
2012-10-30;4331.1;4366.86;4328.94;4364.6;4364.43;45555500
2012-10-31;4358.17;4363.13;4324.38;4350.29;4350.12;41079400
2012-11-01;4331.75;4336.5;4301.02;4335.36;4335.19;37432600
2012-11-02;4339.22;4345.62;4322.83;4338.89;4338.72;29617300
2012-11-05;4327.85;4330.51;4285.8;4302.94;4302.77;25300900
2012-11-06;4305.6;4316.91;4293.26;4314.27;4314.1;30681000
2012-11-07;4320.85;4350.59;4317.34;4350.42;4350.25;37834700
2012-11-08;4313.01;4328.04;4291;4327.87;4327.7;27743200
2012-11-09;4309.42;4333.64;4303.25;4333.64;4333.47;27350300
2012-11-12;4329.13;4339.01;4311.52;4318.59;4318.42;26533300
2012-11-13;4320.52;4340.6;4317.68;4332.08;4331.92;37018800
2012-11-14;4338.66;4360.26;4323.51;4351.28;4351.11;38375000
2012-11-19;4342.17;4344.29;4296.22;4313.44;4313.27;32628400
2012-11-20;4328.66;4345.5;4290.42;4312.37;4312.2;38717500
2012-11-21;4314.23;4318.24;4293.13;4317.28;4317.11;33241600
2012-11-22;4308.38;4338.29;4308.38;4335.93;4335.76;35673900
2012-11-23;4334.87;4351.71;4325.74;4348.81;4348.64;31845500
2012-11-26;4352.81;4377.52;4350.38;4375.17;4375;41301500
2012-11-27;4374.23;4381.75;4333.04;4337.51;4337.34;44572100
2012-11-28;4321.85;4323.12;4268.04;4304.82;4304.66;38719500
2012-11-29;4318.75;4326.04;4285.62;4319.09;4318.92;36847700
2012-11-30;4312.75;4321.98;4255.27;4276.14;4275.97;49339000
2012-12-03;4277.19;4303.56;4262.77;4302.44;4302.28;42899700
2012-12-04;4281.96;4284.96;4246.3;4269.65;4269.49;34554600
2012-12-05;4263.02;4288.31;4254.03;4286.84;4286.67;42620100
2012-12-06;4296.02;4306.11;4282.54;4292.6;4292.44;44412600
2012-12-07;4286.19;4297.53;4270.1;4290.8;4290.63;39116400
2012-12-10;4295.47;4318.38;4280.23;4302.61;4302.44;43051500
2012-12-11;4301.19;4325.55;4290.29;4317.92;4317.75;49779600
2012-12-12;4321.21;4340.26;4311.5;4337.53;4337.36;47928800
2012-12-13;4331.14;4335.92;4299.72;4320.19;4320.02;47196700
2012-12-14;4320.38;4321.37;4283.24;4308.86;4308.69;28457300
2012-12-17;4305.46;4326.06;4294.38;4315.86;4315.69;33193800
2012-12-18;4320.08;4329.02;4273.85;4301.44;4301.27;34038200
2012-12-19;4306.38;4309.89;4253.94;4275.86;4275.69;40213200
2012-12-20;4267.55;4267.92;4222.13;4254.82;4254.65;31388800
2012-12-21;4252.94;4276.9;4235.32;4250.21;4250.05;25685500
2012-12-26;4251.83;4275.1;4245.32;4275.09;4274.93;18442500
2012-12-27;4276.01;4289.82;4264.33;4281.86;4281.69;25065900
2012-12-28;4298.93;4324.93;4289.4;4316.69;4316.52;30004700
2013-01-02;4322.58;4364.67;4316.42;4346.48;4346.31;32794300
2013-01-03;4356.41;4401.33;4356.41;4399.26;4399.09;43267700
2013-01-04;4406.93;4418.48;4389.72;4410.02;4409.85;36418100
2013-01-07;4407.73;4427.65;4387.49;4392.38;4392.21;40179400
2013-01-08;4394.76;4413.94;4381.65;4397.54;4397.37;48360000
2013-01-09;4404.34;4411.77;4349.79;4362.93;4362.76;44600700
2013-01-10;4368.75;4377.14;4298.61;4317.37;4317.2;33286900
2013-01-11;4325.24;4341.76;4301.49;4305.91;4305.74;31889000
2013-01-14;4322.14;4382.5;4313.96;4382.5;4382.33;44849600
2013-01-15;4388.39;4400.82;4373.35;4400.82;4400.65;29431200
2013-01-16;4396.56;4410.96;4387.66;4410.96;4410.79;47184400
2013-01-17;4407.11;4421.34;4390.02;4398.38;4398.21;23981700
2013-01-18;4407.29;4465.48;4405.54;4465.48;4465.31;32930300
2013-01-21;4463.45;4472.11;4427.77;4439.97;4439.8;29907300
2013-01-22;4427.02;4441.61;4399.76;4416.55;4416.38;32691900
2013-01-23;4425.24;4441.84;4390.12;4418.73;4418.55;30663400
2013-01-25;4426.38;4440.11;4412.47;4437.6;4437.43;40536500
2013-01-28;4437.41;4444.29;4384.93;4416.94;4416.76;32021000
2013-01-29;4431.43;4439.61;4423.81;4439.03;4438.86;34785000
2013-01-30;4444.97;4456.93;4433.65;4452.98;4452.8;39092200
2013-01-31;4450.04;4457.66;4431.16;4453.7;4453.53;49876900
2013-02-01;4458.6;4519.46;4457.45;4481.63;4481.46;44191500
2013-02-04;4497.98;4518.95;4469.92;4490.56;4490.39;44097700
2013-02-05;4473.11;4492.53;4458.69;4479.44;4479.27;59502000
2013-02-06;4493.96;4508.12;4483.06;4498.98;4498.8;51216900
2013-02-07;4501.12;4514.87;4493.96;4503.15;4502.97;42078200
2013-02-08;4516.7;4528.26;4487.84;4491.27;4491.09;35554000
2013-02-11;4504.72;4514.12;4496.02;4503.25;4503.07;27793300
2013-02-12;4505.51;4548.54;4503.56;4548.24;4548.07;35337600
2013-02-13;4552.86;4586.98;4551.42;4571.57;4571.39;51480600
2013-02-14;4579.33;4601.95;4575.84;4588.67;4588.49;83832800
2013-02-15;4588.65;4616;4588.24;4609.79;4609.61;67166100
2013-02-18;4611.17;4630.4;4602.47;4612.05;4611.87;58920900
2013-02-19;4610.51;4618.7;4581.52;4602.06;4601.88;122593200
2013-02-20;4612.45;4634.45;4610.76;4634.45;4634.27;80671500
2013-02-21;4620.74;4656.13;4617.57;4632.4;4632.22;68863200
2013-02-22;4629.64;4651.12;4626.32;4651.12;4650.94;69087800
2013-02-25;4661.63;4696.11;4656.26;4696.11;4695.92;59488200
2013-02-26;4684.74;4685;4646.59;4663.03;4662.85;56483300
2013-02-27;4674.66;4721.86;4674.08;4716.42;4716.23;61013400
2013-02-28;4739.39;4795.79;4734.83;4795.79;4795.6;66920600
2013-03-01;4798.49;4817.91;4777.98;4811.61;4811.43;60820800
2013-03-04;4812.3;4825.7;4744.48;4761.46;4761.28;55982900
2013-03-05;4765;4779.55;4751.48;4751.7;4751.52;58277800
2013-03-06;4769.89;4835.07;4767.93;4824.68;4824.5;72450200
2013-03-07;4823.24;4848.55;4818.97;4848.3;4848.11;62834600
2013-03-08;4854.01;4904.48;4853.15;4874.5;4874.31;65145900
2013-03-11;4875.98;4886.52;4847.82;4854.31;4854.12;52541100
2013-03-13;4850.77;4868.9;4815.85;4835.44;4835.25;52392500
2013-03-14;4830.28;4830.39;4757.35;4786.37;4786.18;60993100
2013-03-15;4803.58;4854.53;4803.58;4819.32;4819.14;58465200
2013-03-18;4812.16;4822.2;4782;4802.83;4802.64;47719900
2013-03-19;4815.6;4840.66;4812.87;4822.63;4822.44;60484500
2013-03-20;4835.31;4843.39;4805.49;4831.5;4831.31;67456000
2013-03-21;4833.76;4855.2;4786.77;4802.67;4802.48;74936700
2013-03-22;4799.19;4816.46;4721.32;4723.16;4722.98;61150100
2013-03-25;4754.76;4799.66;4752.14;4799.66;4799.48;48987500
2013-03-26;4802.16;4861.76;4799;4842.52;4842.33;53427100
2013-03-27;4854.48;4928.1;4853.88;4928.1;4927.91;67216000
2013-03-28;4921.31;4940.99;4898.43;4940.99;4940.79;47089900
2013-04-01;4927.12;4953.4;4922.54;4937.58;4937.38;52929300
2013-04-02;4944.89;4968.31;4942.81;4957.25;4957.06;79749100
2013-04-03;4972.39;4985.85;4948.08;4981.47;4981.27;70764800
2013-04-04;4970.54;4971.07;4922.61;4922.61;4922.42;51643000
2013-04-05;4932.21;4948.75;4907.63;4926.07;4925.88;44604400
2013-04-08;4924.37;4934.45;4872.56;4897.52;4897.33;43060800
2013-04-09;4909.93;4930.07;4881.85;4899.59;4899.4;44406800
2013-04-10;4909.05;4910.1;4864.86;4877.48;4877.29;38576600
2013-04-11;4887.2;4924.26;4885.79;4924.26;4924.07;45160600
2013-04-12;4925.87;4949.84;4925.84;4937.21;4937.02;43121200
2013-04-15;4921.94;4924.65;4891.05;4894.59;4894.4;27819200
2013-04-16;4881.34;4945.25;4856.3;4945.25;4945.06;39287300
2013-04-17;4956.58;4998.65;4953.47;4998.65;4998.46;38564800
2013-04-18;4982.05;5012.64;4975.29;5012.64;5012.44;52913000
2013-04-19;5004.68;5023.71;4985.97;4998.46;4998.27;53927000
2013-04-22;5004.12;5026.92;4973.58;4996.92;4996.73;40196600
2013-04-23;4997.47;4999.19;4971.1;4975.33;4975.14;37939800
2013-04-24;4994.22;5011.61;4987.1;5011.61;5011.41;35893300
2013-04-25;5002.5;5016.04;4962.44;4994.52;4994.33;50928000
2013-04-26;4992.13;5005.62;4978.51;4978.51;4978.31;40429300
2013-04-29;4986.3;5001.89;4981.21;4999.75;4999.56;35979800
2013-04-30;5000.6;5034.07;4977.5;5034.07;5033.88;42635700
2013-05-01;5020.2;5062.67;5012.16;5060.92;5060.72;51840500
2013-05-02;5047.83;5062.65;4992.15;4994.05;4993.85;47144300
2013-05-03;4991.75;5006.5;4907.6;4925.48;4925.29;42161500
2013-05-06;4933.51;4996.45;4933.51;4991.87;4991.68;34151900
2013-05-07;4991.54;5042.79;4985.54;5042.79;5042.59;47734000
2013-05-08;5043.26;5089.33;5041.37;5089.33;5089.14;55849200
2013-05-10;5090.96;5115.64;5083.23;5105.94;5105.74;39954500
2013-05-13;5101.9;5102.51;5030.44;5054.63;5054.43;35657300
2013-05-14;5049.5;5081.94;5037.4;5081.94;5081.74;37474800
2013-05-15;5085.65;5103.89;5077.83;5089.88;5089.68;36728400
2013-05-16;5091.56;5113.14;5076.97;5078.68;5078.48;44613200
2013-05-17;5077.52;5162.38;5075.02;5145.68;5145.48;42875900
2013-05-20;5164.94;5243.51;5164.94;5214.98;5214.77;50483900
2013-05-21;5225.59;5251.3;5161.99;5188.76;5188.56;49791900
2013-05-22;5188.52;5235.76;5185.55;5208;5207.8;57937400
2013-05-23;5203.33;5209.14;5089.93;5121.4;5121.2;63518000
2013-05-24;5131.69;5174.67;5130.57;5155.09;5154.89;46501100
2013-05-27;5145.18;5150.68;5076.19;5085.14;5084.94;44678700
2013-05-28;5072.23;5186.82;5072.23;5176.23;5176.03;59564400
2013-05-29;5189.43;5225.08;5153.09;5200.69;5200.49;52374600
2013-05-30;5178.64;5178.64;5111.15;5129.65;5129.45;51797200
2013-05-31;5135.25;5149.34;5068.63;5068.63;5068.43;74407600
2013-06-03;5053.54;5055.83;4958.81;4971.35;4971.16;56181200
2013-06-04;4971.96;5021.61;4936.56;5021.61;5021.42;58273600
2013-06-05;5002.74;5002.92;4952.76;5001.22;5001.03;43808100
2013-06-07;4984.32;4985.57;4865.32;4865.32;4865.14;37732500
2013-06-10;4894.42;4915.93;4750.95;4777.37;4777.18;41357800
2013-06-11;4774.48;4781.24;4573.29;4609.95;4609.77;54042100
2013-06-12;4578.4;4697.88;4510.98;4697.88;4697.7;57192200
2013-06-13;4637.91;4670.73;4568.12;4607.66;4607.48;46111400
2013-06-14;4647.74;4777.09;4647.74;4760.74;4760.56;47194100
2013-06-17;4755.57;4804.5;4751.62;4774.5;4774.32;35028100
2013-06-18;4794.9;4862.01;4794.82;4840.45;4840.26;46592800
2013-06-19;4847.94;4880.4;4801.2;4806.66;4806.47;36750500
2013-06-20;4743.09;4743.09;4619.85;4629.99;4629.81;41919800
2013-06-21;4550.24;4561.9;4474.96;4515.37;4515.2;48855000
2013-06-24;4524.24;4561.55;4429.46;4429.46;4429.29;34484500
2013-06-25;4463.32;4496.55;4373.38;4418.87;4418.7;34851900
2013-06-26;4478.63;4620.85;4470.03;4587.73;4587.55;39757000
2013-06-27;4644.04;4732.98;4644.04;4675.75;4675.57;36168700
2013-06-28;4722.48;4818.9;4721.58;4818.9;4818.71;38258800
2013-07-01;4757.18;4815.73;4747.98;4777.45;4777.27;22209800
2013-07-02;4806.12;4810.57;4724.87;4728.7;4728.52;27510200
2013-07-03;4713.69;4715.54;4577.12;4577.15;4576.97;26991100
2013-07-04;4597.45;4644.83;4581.68;4581.93;4581.75;25689300
2013-07-05;4623.94;4647.27;4581.89;4602.81;4602.63;23973300
2013-07-08;4578.72;4580.09;4433.62;4433.62;4433.45;29475300
2013-07-09;4462.81;4482.24;4403.8;4403.8;4403.63;31005200
2013-07-10;4414.17;4495.16;4413.59;4478.64;4478.47;39416300
2013-07-11;4504.17;4621.78;4504.17;4604.22;4604.04;45668400
2013-07-12;4614.48;4679.53;4592.98;4633.11;4632.93;33983800
2013-07-15;4639.81;4641.01;4582.13;4635.73;4635.55;25923900
2013-07-16;4632.13;4663.85;4621.46;4644.04;4643.86;37064200
2013-07-17;4652.13;4679.44;4643.33;4679;4678.82;39203000
2013-07-18;4672.28;4720.44;4671.03;4720.44;4720.25;34365400
2013-07-19;4709.83;4740.06;4706.47;4724.41;4724.23;30767300
2013-07-22;4731.28;4740.31;4677.66;4678.98;4678.8;25058200
2013-07-23;4696.78;4767.16;4696.78;4767.16;4766.97;33013100
2013-07-24;4760.41;4779.34;4677.89;4718.1;4717.92;28137400
2013-07-25;4720.29;4722.38;4665.88;4674.12;4673.94;25460300
2013-07-26;4679.7;4700.14;4647.5;4658.87;4658.69;22657700
2013-07-29;4649.1;4649.15;4575.41;4580.47;4580.29;22256100
2013-07-30;4601.11;4637.88;4599.8;4608.49;4608.31;25251700
2013-07-31;4625.64;4636.05;4563.14;4610.38;4610.2;29197500
2013-08-01;4618.96;4632.43;4592.09;4624.34;4624.16;28484300
2013-08-02;4645.25;4658.43;4619.08;4640.78;4640.6;27054700
2013-08-12;4629.38;4634.21;4581.85;4597.78;4597.6;25952000
2013-08-13;4597.19;4652.4;4597.19;4652.4;4652.22;29689200
2013-08-14;4658.68;4699.73;4649.35;4699.73;4699.55;34671400
2013-08-15;4682.97;4686.29;4664.1;4685.13;4684.95;28008000
2013-08-16;4647.28;4647.28;4568.48;4568.65;4568.48;32896600
2013-08-19;4534.31;4536.14;4310.69;4313.52;4313.35;39064600
2013-08-20;4259.6;4259.6;4062.3;4174.98;4174.82;54025900
2013-08-21;4184.23;4261.44;4150.24;4218.45;4218.28;50907100
2013-08-22;4167.45;4192.18;4107.65;4171.41;4171.25;59134100
2013-08-23;4196.1;4239.88;4151.51;4169.83;4169.66;41040900
2013-08-26;4176.75;4196.19;4120.67;4120.67;4120.51;34684300
2013-08-27;4099.37;4100.18;3954.86;3967.84;3967.69;41570000
2013-08-28;3902.47;4033.61;3837.74;4026.48;4026.32;49776700
2013-08-29;4041.5;4103.59;4026.86;4103.59;4103.43;45774200
2013-08-30;4099.26;4195.09;4093.79;4195.09;4194.93;46687900
2013-09-02;4196.72;4206.95;4061.64;4101.23;4101.07;35566200
2013-09-03;4112.63;4172.33;4110.16;4164.01;4163.85;39779900
2013-09-04;4143.74;4144.62;4069.7;4073.46;4073.3;46201000
2013-09-05;4094.15;4123.73;4015.44;4050.86;4050.71;38816600
2013-09-06;4058.46;4072.35;4012.68;4072.35;4072.2;32926000
2013-09-09;4105.94;4191.26;4102.42;4191.26;4191.09;41674900
2013-09-10;4226.14;4358.14;4225.8;4358.14;4357.97;67726900
2013-09-11;4377.1;4404.75;4289.81;4349.42;4349.25;51910500
2013-09-12;4331.29;4372.1;4318.6;4356.6;4356.44;44871700
2013-09-13;4338.79;4375.54;4318.22;4375.54;4375.37;38706300
2013-09-16;4403.4;4522.24;4403.4;4522.24;4522.06;54504400
2013-09-17;4518.26;4536.93;4479.29;4517.62;4517.44;51819100
2013-09-18;4501.96;4505.08;4448.08;4463.25;4463.08;49099300
2013-09-19;4576.57;4791.77;4576.57;4670.73;4670.55;83236700
2013-09-20;4655.52;4669.72;4576.32;4583.83;4583.65;43877100
2013-09-23;4526.8;4562.86;4512.21;4562.86;4562.68;34829800
2013-09-24;4548.55;4574.58;4443.41;4460.41;4460.24;40984300
2013-09-25;4390.24;4443.37;4353.22;4406.77;4406.6;34455000
2013-09-26;4402.95;4470.25;4395.81;4405.89;4405.72;37131200
2013-09-27;4436.76;4452.88;4412.28;4423.72;4423.55;26544600
2013-09-30;4385.51;4403.38;4313.29;4316.18;4316.01;30568900
2013-10-01;4314.96;4379.68;4314.96;4345.9;4345.73;30909000
2013-10-02;4372.01;4425.92;4372.01;4387.6;4387.43;31854400
2013-10-03;4396.52;4422.78;4395.75;4418.64;4418.47;26710400
2013-10-04;4408.75;4412.17;4373.01;4389.35;4389.18;27086500
2013-10-07;4392.55;4409.77;4357.46;4374.96;4374.79;30917100
2013-10-08;4359.03;4439.72;4358.02;4432.51;4432.33;36366600
2013-10-09;4420.63;4469.24;4409.62;4457.44;4457.26;39994400
2013-10-10;4481.26;4503.08;4477.46;4486.68;4486.5;39080800
2013-10-11;4523.93;4543.73;4506.85;4519.91;4519.74;33864900
2013-10-16;4527.81;4533.03;4484.38;4492.26;4492.09;25323800
2013-10-17;4525.15;4550.54;4501.63;4518.93;4518.75;41345800
2013-10-18;4519.19;4546.57;4501.15;4546.57;4546.39;42220300
2013-10-21;4557.61;4584.98;4549.93;4578.18;4578;40023700
2013-10-22;4551.23;4559.5;4499.69;4512.74;4512.57;30719400
2013-10-23;4530.14;4609.11;4530.14;4546.5;4546.32;41033000
2013-10-24;4537.56;4594.85;4533.35;4594.85;4594.67;43646100
2013-10-25;4579.36;4604.21;4567.41;4580.85;4580.67;36936600
2013-10-28;4594;4611.26;4573.4;4590.54;4590.36;33982100
2013-10-29;4581.1;4592.52;4543.41;4562.77;4562.59;30531300
2013-10-30;4563.71;4579.42;4541.76;4574.88;4574.7;30158400
2013-10-31;4533.76;4547.35;4483.62;4510.63;4510.46;37646900
2013-11-01;4473.73;4518.65;4432.59;4432.59;4432.42;34940900
2013-11-04;4426.53;4446.33;4403.4;4423.29;4423.12;24258800
2013-11-06;4428.82;4449.76;4415.75;4449.76;4449.59;26905300
2013-11-07;4454.41;4494.35;4451.38;4486.11;4485.93;30954000
2013-11-08;4460.64;4484.98;4446.48;4476.72;4476.55;35769900
2013-11-11;4473.88;4485.06;4433.21;4441.72;4441.55;36429000
2013-11-12;4449.28;4455.16;4371.02;4380.64;4380.47;36922800
2013-11-13;4358.49;4358.49;4284.03;4301.89;4301.72;32504600
2013-11-14;4323.88;4382.9;4323.88;4367.37;4367.2;36053800
2013-11-15;4388.91;4406.64;4322.08;4335.45;4335.28;32686700
2013-11-18;4361.22;4403.56;4360.86;4393.59;4393.42;30183300
2013-11-19;4391.23;4405.07;4365.02;4398.34;4398.17;30832200
2013-11-20;4408.4;4408.4;4331.61;4350.79;4350.62;30035000
2013-11-21;4327.81;4338.15;4300.13;4326.21;4326.04;24792700
2013-11-22;4352.55;4359.58;4303.53;4317.96;4317.79;25509100
2013-11-25;4329.38;4346.66;4316.73;4334.8;4334.63;25714100
2013-11-26;4329.55;4332.39;4235.26;4235.26;4235.1;52135200
2013-11-27;4259.33;4272.43;4220.05;4251.49;4251.32;27901300
2013-11-28;4264.2;4274.52;4202.92;4233.92;4233.76;29298300
2013-11-29;4220.27;4256.44;4218.54;4256.44;4256.27;27304500
2013-12-02;4269.08;4331.59;4265.6;4321.98;4321.81;38667000
2013-12-03;4318.34;4320.06;4269.35;4288.76;4288.6;30536200
2013-12-04;4266.04;4267.6;4241.3;4241.3;4241.14;31912200
2013-12-05;4238.01;4242.1;4186.94;4216.89;4216.73;29998800
2013-12-06;4202.26;4204.38;4161.02;4180.79;4180.63;29545200
2013-12-09;4210.2;4227.23;4192.47;4214.34;4214.18;27668900
2013-12-10;4224.45;4275.95;4220.91;4275.68;4275.51;38028300
2013-12-11;4273.94;4282.1;4235.42;4271.74;4271.58;32579700
2013-12-12;4238.96;4248.34;4212.22;4212.22;4212.05;29566700
2013-12-13;4213.66;4214.59;4163.86;4174.83;4174.67;27293900
2013-12-16;4157.76;4160.52;4109.31;4125.96;4125.8;34507700
2013-12-17;4147.91;4196.66;4147.91;4182.35;4182.18;36968600
2013-12-18;4191.31;4213.94;4172.02;4196.28;4196.12;28115200
2013-12-19;4228.04;4257.17;4208.5;4231.98;4231.81;29113000
2013-12-20;4228.79;4230.61;4180.81;4195.56;4195.39;26647900
2013-12-23;4201.71;4205.19;4154.12;4189.61;4189.45;21238800
2013-12-24;4196.45;4206.64;4174.46;4202.83;4202.67;18850100
2013-12-27;4209.73;4233.85;4207.94;4212.98;4212.82;20628100
2013-12-30;4240.39;4274.18;4232.58;4274.18;4274.01;25138400
2014-01-02;4294.5;4327.27;4287.81;4327.27;4327.1;23129000
2014-01-03;4297.71;4298.23;4247.99;4257.66;4257.5;21869100
2014-01-06;4259.58;4263.62;4188.38;4202.81;4202.65;19723100
2014-01-07;4206.3;4212.32;4175.81;4175.81;4175.64;23847200
2014-01-08;4183.55;4204.3;4161.19;4200.59;4200.43;23002200
2014-01-09;4199.97;4216.82;4189.12;4201.22;4201.05;27582400
2014-01-10;4196.69;4270.16;4190.56;4254.97;4254.81;29637400
2014-01-13;4294.19;4393.32;4292.33;4390.77;4390.6;49046700
2014-01-15;4402.36;4459.48;4398.12;4441.59;4441.42;45629500
2014-01-16;4455.54;4457.76;4411.91;4412.49;4412.32;32109500
2014-01-17;4408.37;4429.57;4391.18;4412.23;4412.06;29189900
2014-01-20;4408.03;4435.97;4407.88;4431.57;4431.4;26458300
2014-01-21;4442.35;4457.52;4440.24;4452.5;4452.33;32864800
2014-01-22;4445.25;4477.49;4437.06;4477.49;4477.31;32916400
2014-01-23;4495.48;4510.22;4483.25;4496.04;4495.87;31577000
2014-01-24;4479.39;4480.62;4437.34;4437.34;4437.17;24068500
2014-01-27;4357.73;4360.35;4286.44;4322.78;4322.61;26954600
2014-01-28;4311.63;4353.86;4293.98;4341.65;4341.48;25324000
2014-01-29;4355.92;4432.35;4355.92;4417.35;4417.18;29260400
2014-01-30;4368.66;4418.76;4347.73;4418.76;4418.58;26539700
2014-02-03;4407;4410.78;4377.54;4386.26;4386.09;21838000
2014-02-04;4335.28;4367.3;4320.78;4352.26;4352.09;23487000
2014-02-05;4378.05;4391.88;4366.03;4384.31;4384.14;28335200
2014-02-06;4386.54;4424.71;4385.3;4424.71;4424.54;34276000
2014-02-07;4441.72;4474.2;4440.59;4466.67;4466.49;37734700
2014-02-10;4485.46;4502.77;4449.04;4450.75;4450.58;36906100
2014-02-11;4454.03;4475.15;4452.34;4470.19;4470.02;38371000
2014-02-12;4489.6;4502.19;4480.97;4496.29;4496.11;40536800
2014-02-13;4493.64;4500.32;4484.29;4491.66;4491.48;29317800
2014-02-14;4504.65;4512.75;4498.27;4508.04;4507.87;28633900
2014-02-17;4524.53;4560.1;4524.53;4555.37;4555.19;44265400
2014-02-18;4558.98;4570.31;4550;4556.19;4556.01;44432800
2014-02-19;4559.49;4592.65;4559.33;4592.65;4592.47;43032900
2014-02-20;4583.57;4598.22;4574.97;4598.22;4598.04;36065600
2014-02-21;4614.89;4650.46;4613.9;4646.15;4645.97;38012500
2014-02-24;4652.78;4665.27;4622.93;4623.57;4623.39;32741400
2014-02-25;4628.19;4643.11;4567.87;4577.29;4577.11;33190500
2014-02-26;4562.49;4571.06;4520.22;4532.72;4532.54;38523200
2014-02-27;4533.94;4575.33;4530.14;4568.94;4568.76;33783900
2014-02-28;4581.44;4620.22;4579.54;4620.22;4620.04;35868400
2014-03-03;4589.62;4589.93;4567.76;4584.21;4584.03;28506100
2014-03-04;4581.31;4602.2;4568.65;4601.28;4601.11;33728000
2014-03-05;4621.12;4659.17;4621.04;4659.17;4658.99;38330100
2014-03-06;4667.78;4687.86;4657.01;4687.86;4687.67;46392700
2014-03-07;4700.42;4708.46;4680.5;4685.89;4685.71;44138700
2014-03-10;4665.24;4689.34;4654.58;4677.25;4677.06;36835700
2014-03-11;4673.38;4706.6;4672.54;4704.21;4704.03;50571900
2014-03-12;4680.71;4698.48;4667.39;4684.38;4684.2;50664200
2014-03-13;4694.92;4726.17;4691.29;4726.17;4725.98;52683300
2014-03-14;4693.82;4878.64;4676.23;4878.64;4878.45;64183200
2014-03-17;4887.36;4903.5;4845.78;4876.19;4876;68624800
2014-03-18;4878.54;4895.5;4802.02;4805.61;4805.42;48254600
2014-03-19;4817.5;4838.18;4816.71;4821.46;4821.27;42089300
2014-03-20;4807.72;4808.93;4691.14;4698.97;4698.79;46822200
2014-03-21;4710.51;4736.3;4661.61;4700.21;4700.03;46340400
2014-03-24;4712.12;4727.62;4695.36;4720.42;4720.24;32516000
2014-03-25;4706.25;4712.77;4694.25;4703.09;4702.91;33550100
2014-03-26;4708.25;4744.9;4707.86;4728.24;4728.06;34028700
2014-03-27;4721.52;4758.01;4717.73;4723.06;4722.87;35690000
2014-03-28;4737.63;4769.22;4737.22;4768.28;4768.09;38896300
2014-04-01;4796.16;4873.93;4793.89;4873.93;4873.74;46120400
2014-04-02;4878.34;4902.1;4857.68;4870.21;4870.02;47891300
2014-04-03;4877.32;4896.61;4876.4;4891.32;4891.13;40869900
2014-04-04;4894.33;4899.21;4839.26;4857.94;4857.75;35297400
2014-04-07;4855.87;4930.88;4852.98;4921.04;4920.85;40078800
2014-04-08;4922.6;4933.11;4906.07;4921.4;4921.21;37402300
2014-04-10;4829.31;4829.31;4739.79;4765.73;4765.54;64619800
2014-04-11;4734.31;4816.58;4721.6;4816.58;4816.39;38265800
2014-04-14;4812.63;4870.1;4812.63;4864.88;4864.69;36899400
2014-04-15;4872.3;4893.23;4863.01;4870.21;4870.03;40691200
2014-04-16;4883.49;4893.54;4870.61;4873.01;4872.82;42634400
2014-04-17;4897.2;4906.29;4883.27;4897.05;4896.86;30456400
2014-04-21;4912.51;4915.2;4887.77;4892.29;4892.1;26343900
2014-04-22;4889.87;4898.21;4858.82;4898.21;4898.02;31361100
2014-04-23;4892.77;4916.9;4887.27;4893.15;4892.96;36209700
2014-04-24;4891.68;4916.23;4880.85;4891.08;4890.89;36628100
2014-04-25;4893.39;4916.59;4891.27;4897.64;4897.45;35213900
2014-04-28;4895.84;4901.85;4818.76;4818.76;4818.57;32217400
2014-04-29;4810.51;4823.57;4800.01;4819.68;4819.49;32679700
2014-04-30;4834.23;4846.23;4827.48;4840.15;4839.96;34856200
2014-05-02;4845.34;4858.91;4835.19;4838.76;4838.57;36574400
2014-05-05;4842.53;4856.34;4838.07;4842.5;4842.31;28312600
2014-05-06;4845.47;4855.09;4828.64;4834.47;4834.28;25575900
2014-05-07;4833.32;4869.59;4828.22;4862.07;4861.88;32100000
2014-05-08;4878.81;4889.05;4842.4;4860.89;4860.7;30018200
2014-05-09;4865.53;4898.14;4863.49;4898.14;4897.95;33843600
2014-05-12;4907.74;4929.73;4907.73;4913;4912.81;35967400
2014-05-13;4933.66;4941.25;4902.8;4921.39;4921.2;32367800
2014-05-14;4938.26;4991.64;4936.53;4991.64;4991.44;47067000
2014-05-16;4983.29;5031.57;4977.17;5031.57;5031.38;42269900
2014-05-19;5053.05;5091.32;4976.4;5015;5014.8;46633800
2014-05-20;5009.62;5010.2;4865.32;4895.96;4895.76;40347100
2014-05-21;4885.48;4913.41;4868.2;4910.29;4910.1;31688400
2014-05-22;4931.36;4974.12;4926.07;4969.88;4969.69;38541200
2014-05-23;4973.54;4977.5;4959.17;4973.06;4972.86;28414800
2014-05-26;4984.69;4986.08;4961.43;4963.92;4963.73;25200100
2014-05-28;4959.54;4988.19;4957.81;4985.58;4985.38;28955700
2014-05-30;4996.7;4998.09;4893.91;4893.91;4893.72;40385400
2014-06-02;4900.97;4912.09;4875.62;4912.09;4911.9;30879300
2014-06-03;4920.04;4942.16;4896.95;4942.16;4941.96;30753300
2014-06-04;4933.12;4946.89;4919.92;4932.56;4932.37;27047400
2014-06-05;4932.44;4938.28;4912.89;4935.56;4935.37;26269900
2014-06-06;4931.5;4958.43;4928.9;4937.18;4936.98;25952600
2014-06-09;4945.84;4948.61;4876.19;4885.08;4884.89;30762400
2014-06-10;4893.71;4946.09;4893.71;4946.09;4945.9;24751500
2014-06-11;4942.73;4971.95;4939.98;4971.95;4971.75;28149800
2014-06-12;4963.12;4965.88;4920.99;4934.41;4934.22;27230000
2014-06-13;4927.37;4929.61;4918.48;4926.66;4926.47;22470600
2014-06-16;4924.07;4929.55;4880.16;4885.46;4885.27;26973900
2014-06-17;4889.72;4909.52;4878.32;4909.52;4909.33;25567700
2014-06-18;4906.54;4906.67;4881.95;4887.86;4887.67;27414900
2014-06-19;4895.96;4900.32;4859.2;4864.27;4864.08;29341400
2014-06-20;4874.97;4884.48;4847.7;4847.7;4847.51;24636300
2014-06-23;4857.92;4868.02;4840.98;4842.13;4841.94;28836200
2014-06-24;4847.43;4869.02;4847.43;4862.24;4862.05;31768800
2014-06-25;4859.88;4875.02;4838.98;4838.98;4838.79;29631600
2014-06-26;4846.98;4872.42;4846.21;4872.42;4872.23;30351500
2014-06-27;4864.18;4871.08;4835.04;4845.13;4844.94;30815500
2014-06-30;4847.2;4878.58;4845.61;4878.58;4878.39;34393700
2014-07-01;4877.65;4884.83;4862.42;4884.83;4884.64;31894300
2014-07-02;4887.85;4908.27;4879.2;4908.27;4908.08;27591100
2014-07-03;4905.73;4908.23;4887.98;4888.73;4888.54;31386200
2014-07-04;4884.44;4917.67;4884.44;4905.83;4905.63;37805700
2014-07-07;4921.79;4989.03;4918.87;4989.03;4988.84;52427200
2014-07-08;5008.46;5050.56;5008.15;5024.71;5024.52;58921700
2014-07-10;5109.62;5165.42;5072.98;5098.01;5097.81;77323400
2014-07-11;5073.14;5078.7;5002.98;5032.6;5032.4;35879900
2014-07-14;5041.35;5047.76;4999.85;5021.06;5020.87;32253000
2014-07-15;5032.96;5070.82;5032.96;5070.82;5070.62;38450100
2014-07-16;5076.27;5132.73;5076.27;5113.93;5113.73;53934100
2014-07-17;5128.51;5136.78;5039.35;5071.2;5071;41497600
2014-07-18;5048.88;5100.78;5040.25;5087.01;5086.82;33320100
2014-07-21;5107.46;5129.99;5107.46;5127.12;5126.92;47565100
2014-07-22;5141.97;5155.03;5014.01;5083.52;5083.32;55994600
2014-07-23;5104.83;5139.67;5087.22;5093.23;5093.03;41403600
2014-07-24;5110;5119.49;5080.06;5098.64;5098.44;33848600
2014-07-25;5104.56;5110.17;5059.99;5088.8;5088.6;38431900
2014-08-04;5076.23;5119.25;5050.52;5119.25;5119.05;35513500
2014-08-05;5123.06;5124.98;5091.29;5109.09;5108.89;37076000
2014-08-06;5081.82;5085.72;5050.69;5058.23;5058.03;35401100
2014-08-07;5052.09;5068.42;5043.52;5066.98;5066.78;39067200
2014-08-08;5068.03;5076.56;5048;5053.76;5053.56;29496000
2014-08-11;5090.77;5113.24;5087.99;5113.24;5113.04;32870700
2014-08-12;5129.12;5144.01;5127.21;5132.4;5132.2;41202400
2014-08-13;5137.2;5168.27;5134.23;5168.27;5168.07;35659000
2014-08-14;5170.48;5177.98;5133.49;5155.55;5155.35;41651000
2014-08-15;5155.59;5161.35;5144.07;5148.96;5148.76;33668300
2014-08-18;5154.4;5165.58;5147.39;5156.75;5156.55;35966500
2014-08-19;5171.55;5178.33;5160.15;5165.17;5164.97;37429600
2014-08-20;5167.6;5190.93;5166.87;5190.17;5189.97;33486800
2014-08-21;5190.17;5206.14;5154.69;5206.14;5205.93;35229600
2014-08-22;5215.83;5223.98;5186.56;5198.9;5198.69;36120200
2014-08-25;5194.47;5200.01;5177.69;5184.96;5184.75;33878800
2014-08-26;5191.25;5195.11;5144.27;5146.55;5146.35;40146700
2014-08-27;5144.96;5171.38;5144.96;5165.25;5165.05;32634100
2014-08-28;5166.21;5194.48;5165.02;5184.48;5184.28;36533300
2014-08-29;5175.26;5192.83;5136.86;5136.86;5136.66;33487700
2014-09-01;5159.94;5179.85;5157.34;5177.62;5177.42;29369000
2014-09-02;5179.33;5201.95;5179.33;5201.59;5201.38;35068300
2014-09-03;5206.12;5226.25;5206.12;5224.13;5223.93;38597900
2014-09-04;5225.29;5232.66;5195.4;5205.32;5205.12;35334600
2014-09-05;5200.37;5224.3;5199.91;5217.33;5217.13;35082300
2014-09-08;5241.23;5262.57;5241.14;5246.48;5246.28;32766300
2014-09-09;5249.08;5251.66;5197.12;5197.12;5196.92;38958100
2014-09-10;5190.25;5190.25;5129.73;5142.99;5142.79;44024300
2014-09-11;5147.09;5178.3;5133.03;5133.03;5132.83;49002700
2014-09-12;5135.1;5156.97;5127.73;5143.71;5143.51;31846800
2014-09-15;5118.27;5148.72;5117.73;5144.9;5144.7;30356000
2014-09-16;5151.79;5156.73;5130.5;5130.5;5130.3;29834000
2014-09-17;5159.14;5198.29;5157.86;5188.18;5187.98;39827300
2014-09-18;5196.4;5216.58;5186.93;5208.14;5207.94;31830200
2014-09-19;5216.44;5250.83;5210.31;5227.58;5227.38;40243200
2014-09-22;5219.33;5228.91;5208.95;5219.8;5219.6;30026800
2014-09-23;5201.95;5202.45;5184.16;5188.11;5187.91;32744600
2014-09-24;5190.1;5207.2;5174.01;5174.01;5173.81;36258500
2014-09-25;5201.51;5213.24;5180.31;5201.38;5201.18;33661400
2014-09-26;5143.03;5143.03;5105.32;5132.56;5132.36;40531500
2014-09-29;5122.83;5142.01;5082.73;5142.01;5141.81;33727200
2014-09-30;5115.81;5151.01;5102.41;5137.58;5137.38;37241000
2014-10-01;5148.57;5165.39;5124.23;5140.91;5140.71;40331500
2014-10-02;5107.11;5107.11;4996.96;5000.81;5000.61;39398900
2014-10-03;5009.67;5024.58;4933.04;4949.35;4949.15;37239200
2014-10-06;4975.2;5006.34;4946.7;5000.14;4999.94;23889300
2014-10-07;5017.15;5048.23;5000.16;5032.84;5032.65;38708700
2014-10-08;4992.42;5004.56;4958.52;4958.52;4958.33;29867600
2014-10-09;4993.23;5014.5;4992.67;4993.88;4993.68;31353500
2014-10-10;4948.28;4971.03;4933.38;4962.96;4962.77;28086500
2014-10-13;4937.36;4947.01;4913.05;4913.05;4912.86;26100100
2014-10-14;4902.46;4941.6;4900.72;4922.58;4922.39;26701000
2014-10-15;4947.78;4973;4943;4962.94;4962.75;32146500
2014-10-16;4933.29;4976.62;4924.57;4951.61;4951.42;32452200
2014-10-17;4958.18;5043.77;4953.5;5028.95;5028.75;44043200
2014-10-20;5068.58;5101.21;5040.53;5040.53;5040.34;41636200
2014-10-21;5057.29;5060.33;5016.46;5029.34;5029.15;28722900
2014-10-22;5055.49;5079.23;5054.39;5074.32;5074.13;32725400
2014-10-23;5076.59;5103.52;5069.24;5103.52;5103.32;36205100
2014-10-24;5098.29;5107.26;5062.9;5073.07;5072.87;28341500
2014-10-27;5086.25;5091.05;5024.29;5024.29;5024.1;26439700
2014-10-28;5028.33;5032.55;4995.85;5001.3;5001.11;31703100
2014-10-29;5019.49;5074.31;5018.97;5074.06;5073.86;36601600
2014-10-30;5072.91;5076.29;5032.38;5058.85;5058.65;34495600
2014-10-31;5076.1;5089.55;5060.6;5089.55;5089.35;32489800
2014-11-03;5102.54;5103.7;5060.32;5085.51;5085.31;29379500
2014-11-04;5078.52;5090.45;5070.49;5070.94;5070.74;31631200
2014-11-05;5075.24;5087.24;5052.01;5066.83;5066.63;38222200
2014-11-06;5069.94;5074.25;5029.95;5034.23;5034.04;30956200
2014-11-07;5033.37;5040.97;4979.2;4987.42;4987.23;38116100
2014-11-10;4997.3;5008.79;4965.39;4965.39;4965.19;30091600
2014-11-11;4971.12;5043.52;4970.5;5032.28;5032.09;35239300
2014-11-12;5047.24;5067.96;5035.71;5048.84;5048.64;30576300
2014-11-13;5046.5;5052.49;5029.62;5048.67;5048.47;28575000
2014-11-14;5047.64;5068.08;5035.46;5049.49;5049.29;28434900
2014-11-17;5037.3;5073.76;5037.04;5053.94;5053.75;35071900
2014-11-18;5077.1;5102.47;5068.28;5102.47;5102.27;40957300
2014-11-19;5114.15;5140.98;5111.7;5127.93;5127.73;49030800
2014-11-20;5123.19;5126.28;5071.44;5093.57;5093.37;38567900
2014-11-21;5091.05;5122.82;5084.1;5112.04;5111.85;48990800
2014-11-24;5133.95;5157.08;5124.81;5141.76;5141.56;56104100
2014-11-25;5137.03;5149.48;5118.94;5118.94;5118.75;51968200
2014-11-26;5125.24;5137.06;5107.57;5133.04;5132.84;48196500
2014-11-27;5134.7;5148.41;5134.7;5145.31;5145.11;53116900
2014-11-28;5139.64;5149.89;5126.98;5149.89;5149.69;57208800
2014-12-01;5150.38;5167.69;5134.75;5164.29;5164.09;44997300
2014-12-02;5169.62;5194.05;5166.63;5175.79;5175.59;49816800
2014-12-03;5180.26;5187.35;5157.15;5166.04;5165.84;46603500
2014-12-04;5172.04;5199.33;5160.78;5177.16;5176.96;48176700
2014-12-05;5185.25;5206.22;5185.21;5187.99;5187.79;39735600
2014-12-08;5197.89;5207.22;5124.54;5144.01;5143.81;51834200
2014-12-09;5132.91;5142.82;5122.31;5122.31;5122.11;49879300
2014-12-10;5121.58;5168.73;5121.58;5165.41;5165.21;43753000
2014-12-11;5139.29;5166.7;5137.2;5152.69;5152.49;45944000
2014-12-12;5151.16;5178.52;5150.58;5160.43;5160.23;51577700
2014-12-15;5124.26;5126.07;5094.42;5108.43;5108.23;66874600
2014-12-16;5067.95;5069.26;5005.27;5026.03;5025.83;67950500
2014-12-17;5030.81;5059.73;5021.95;5035.65;5035.45;54841000
2014-12-18;5076.23;5113.35;5076.23;5113.35;5113.15;63737700
2014-12-19;5141.71;5162.37;5127.72;5144.62;5144.42;66679000
2014-12-22;5161.02;5167.02;5125.77;5125.77;5125.57;60447700
2014-12-23;5139.79;5151.37;5139.06;5139.07;5138.87;41732000
2014-12-24;5141.38;5175.38;5140.97;5166.98;5166.78;36701800
2014-12-29;5168.72;5185.66;5167.43;5178.37;5178.17;31914700
2014-12-30;5177.94;5226.95;5175.64;5226.95;5226.74;46686400
2015-01-02;5233.8;5247.94;5230.75;5242.77;5242.56;38133000
2015-01-05;5229.68;5233.66;5206.29;5220;5219.79;44846100
2015-01-06;5186.2;5194.8;5169.06;5169.06;5168.86;51516500
2015-01-07;5175.55;5207.38;5174.8;5207.12;5206.92;72088500
2015-01-08;5218.4;5230.18;5208.99;5211.83;5211.62;69163000
2015-01-09;5226.89;5240.24;5212.28;5216.67;5216.46;73930500
2015-01-12;5202.75;5220.25;5183.21;5187.93;5187.73;47662000
2015-01-13;5199.94;5217.22;5197.09;5214.36;5214.16;72921400
2015-01-14;5217.2;5225.02;5159.67;5159.67;5159.47;6397239800
2015-01-15;5180.43;5193.96;5168.01;5188.71;5188.51;54180100
2015-01-16;5182.01;5204.49;5148.38;5148.38;5148.18;46196100
2015-01-19;5152.16;5171.68;5132.71;5152.09;5151.89;44823900
2015-01-20;5154.37;5166.09;5121.81;5166.09;5165.89;47230800
2015-01-21;5176.35;5215.27;5164.3;5215.27;5215.06;39723300
2015-01-22;5215.64;5267.57;5215.03;5253.18;5252.98;60342700
2015-01-23;5281.18;5325.04;5281.18;5323.88;5323.68;61824800
2015-01-26;5302.64;5309.52;5208.42;5260.02;5259.82;47668400
2015-01-27;5254.46;5277.15;5243.75;5277.15;5276.94;40300400
2015-01-28;5272.22;5279.91;5263.54;5268.85;5268.65;45228300
2015-01-29;5263.54;5266.99;5253.45;5262.72;5262.51;39427200
2015-01-30;5290.39;5298.46;5281.58;5289.4;5289.2;39480500
2015-02-02;5277.15;5291.41;5257.21;5276.24;5276.03;33697000
2015-02-03;5287.62;5310.11;5282.06;5291.72;5291.51;45254600
2015-02-04;5315.45;5348.84;5298.12;5315.28;5315.08;53583900
2015-02-05;5309.13;5314.29;5254.04;5279.9;5279.69;40395900
2015-02-06;5297.35;5342.52;5296.6;5342.52;5342.31;47310400
2015-02-09;5341.76;5375.09;5333.23;5348.47;5348.26;41689400
2015-02-10;5353.81;5362.57;5310.08;5321.47;5321.27;43593200
2015-02-11;5336.66;5345.08;5327.89;5336.52;5336.31;47042000
2015-02-12;5342.06;5346.14;5320.24;5343.41;5343.2;42684700
2015-02-13;5363.98;5380.84;5352.95;5374.17;5373.96;36806200
2015-02-16;5377.97;5384.02;5320.4;5325.5;5325.29;35327900
2015-02-17;5325.68;5342.92;5319.46;5337.5;5337.29;34670400
2015-02-18;5372.75;5415.38;5372.75;5390.45;5390.24;51676100
2015-02-20;5399.43;5427.31;5398.35;5400.1;5399.89;42104400
2015-02-23;5409.94;5418.58;5387.38;5403.28;5403.07;39458000
2015-02-24;5399.66;5422.44;5397.78;5417.31;5417.1;41829200
2015-02-25;5426.23;5448.69;5425.9;5445.11;5444.9;49451900
2015-02-26;5429.48;5459.07;5429.48;5451.42;5451.21;42517100
2015-02-27;5455.23;5464.22;5441.14;5450.29;5450.08;44392400
2015-03-02;5452.83;5477.83;5451.57;5477.83;5477.62;42848700
2015-03-03;5479.62;5499.77;5472.57;5474.62;5474.41;43155600
2015-03-04;5477.82;5484.86;5435.44;5448.06;5447.85;39650100
2015-03-05;5457.9;5476.63;5450.95;5450.95;5450.73;41358800
2015-03-06;5467.15;5514.79;5460.89;5514.79;5514.57;43788200
2015-03-09;5483.86;5485;5424.95;5444.63;5444.42;41992900
2015-03-10;5437.13;5471.28;5407.57;5462.93;5462.72;48243400
2015-03-11;5438.33;5439.26;5405.94;5419.57;5419.35;53837200
2015-03-12;5418.19;5449.6;5417.6;5439.83;5439.62;45223300
2015-03-13;5457.94;5462.59;5420.8;5426.47;5426.25;42344300
2015-03-16;5415.47;5449.94;5415.47;5435.27;5435.06;36520500
2015-03-17;5452.83;5464.02;5431.8;5439.15;5438.94;50622800
2015-03-18;5425.81;5435.04;5412.96;5413.15;5412.94;43007100
2015-03-19;5445.07;5461.3;5444.1;5453.85;5453.64;48809800
2015-03-20;5433.15;5453.69;5423.28;5443.06;5442.85;53282300
2015-03-23;5455.88;5467.94;5437.1;5437.1;5436.89;55475400
2015-03-24;5440.59;5457.95;5434.46;5447.65;5447.44;40017200
2015-03-25;5437.74;5440.45;5396.41;5405.49;5405.28;51711500
2015-03-26;5381.02;5413.29;5368.67;5368.8;5368.59;48225500
2015-03-27;5352.74;5397.84;5350.47;5396.85;5396.64;33640800
2015-03-30;5415.28;5459.75;5411.97;5438.66;5438.44;46861300
2015-03-31;5490.98;5518.67;5484.05;5518.67;5518.46;47535700
2015-04-01;5516.8;5524.04;5454.53;5466.87;5466.65;45716700
2015-04-02;5480.16;5489.64;5436.95;5456.4;5456.19;48074400
2015-04-06;5467.7;5489.6;5465.61;5480.03;5479.82;36173400
2015-04-07;5502.32;5523.29;5493.84;5523.29;5523.07;47767100
2015-04-08;5513.98;5518.8;5476.89;5486.58;5486.37;43099300
2015-04-09;5494.55;5500.9;5478.51;5500.9;5500.69;42564500
2015-04-10;5504.24;5509;5471.4;5491.34;5491.13;45254000
2015-04-13;5479.73;5486.88;5430.92;5447.41;5447.2;39271600
2015-04-14;5438.53;5448.45;5397.73;5419.11;5418.9;40873000
2015-04-15;5426.23;5430.07;5394.31;5414.55;5414.34;41511500
2015-04-16;5420.89;5428.22;5401.68;5420.73;5420.52;54273800
2015-04-17;5418.01;5428.93;5410.64;5410.64;5410.43;38333800
2015-04-20;5406.76;5407.06;5383.25;5400.8;5400.59;40809000
2015-04-21;5406.62;5460.57;5405;5460.57;5460.36;45083200
2015-04-22;5452.46;5458.2;5426.21;5437.12;5436.91;43405200
2015-04-23;5441.71;5464.34;5430.28;5436.21;5436;41195200
2015-04-24;5451.78;5464.34;5424.76;5435.35;5435.14;32195600
2015-04-27;5398.56;5403.59;5224.03;5245.45;5245.24;50962900
2015-04-28;5211.14;5242.16;5164.74;5242.16;5241.95;37156900
2015-04-29;5229.56;5237.21;5015.01;5105.56;5105.36;48559700
2015-04-30;5087.92;5141.5;5030.26;5086.42;5086.23;39908600
2015-05-04;5093.33;5171.09;5089.42;5141.14;5140.94;38506600
2015-05-05;5153.76;5202.08;5130.64;5160.31;5160.11;40033500
2015-05-06;5133.74;5184.95;5121.15;5184.95;5184.75;32612300
2015-05-07;5155.33;5183.49;5137.82;5150.49;5150.29;49827400
2015-05-08;5175.78;5200.52;5175.75;5182.21;5182.01;45731600
2015-05-11;5200.81;5215.28;5172.48;5172.48;5172.28;38003700
2015-05-12;5175.95;5217.11;5173.53;5205.61;5205.41;42992700
2015-05-13;5217.15;5254.86;5199.21;5246.13;5245.93;48525900
2015-05-15;5252.43;5264.93;5214.08;5227.1;5226.89;40639600
2015-05-18;5222.44;5239.87;5218.35;5237.81;5237.61;40150100
2015-05-19;5236.9;5273.49;5219.57;5269.37;5269.17;36060800
2015-05-20;5288.21;5312.9;5278.1;5292.75;5292.54;40032200
2015-05-21;5309.99;5335.44;5275.99;5313.21;5313;41387500
2015-05-22;5319.96;5329.02;5298.86;5315.15;5314.95;32871300
2015-05-25;5309.83;5311.29;5285.42;5288.36;5288.16;33194400
2015-05-26;5285.07;5347.13;5284.11;5320.9;5320.69;38867900
2015-05-27;5296.24;5315.5;5253.39;5253.39;5253.18;37463500
2015-05-28;5263.31;5278.42;5232.93;5237.4;5237.2;34175300
2015-05-29;5230.31;5252.21;5214.57;5216.38;5216.18;60489400
2015-06-01;5212.13;5215.55;5183.32;5213.82;5213.61;30905700
2015-06-03;5201.36;5205.56;5129.49;5130.5;5130.3;3374877500
2015-06-04;5121.55;5143.22;5094.52;5095.82;5095.62;33417100
2015-06-05;5081.61;5100.57;5075.18;5100.57;5100.37;29073300
2015-06-08;5086.35;5088.93;5006.43;5014.99;5014.8;35800600
2015-06-09;5002.23;5002.55;4852.76;4899.88;4899.69;40852100
2015-06-10;4914.74;4974.02;4912.83;4933.56;4933.37;45234400
2015-06-11;4971.19;4979.26;4911.34;4928.81;4928.62;33172400
2015-06-12;4933.88;4947.5;4916.02;4935.82;4935.62;33566100
2015-06-15;4925.21;4926.55;4837.79;4837.79;4837.61;31548400
2015-06-16;4847.39;4892.5;4826.13;4872.6;4872.41;35011200
2015-06-17;4894.64;4955.56;4894.64;4945.75;4945.56;38823400
2015-06-18;4947.96;4964.4;4932.92;4945.5;4945.31;30178100
2015-06-19;4958.86;4988.58;4958.86;4985.01;4984.81;25867100
2015-06-22;4992.04;4992.04;4957.35;4959.25;4959.06;24572000
2015-06-23;4966.88;4972.18;4937.65;4937.65;4937.46;29948900
2015-06-24;4953.25;4973.48;4938.13;4953.52;4953.32;38971300
2015-06-25;4944.13;4945.84;4920.04;4920.04;4919.85;31720600
2015-06-26;4917.03;4942.33;4897.9;4923;4922.81;26287600
2015-06-29;4896.23;4896.59;4858.42;4882.58;4882.39;26871700
2015-06-30;4887.37;4930.25;4874.07;4910.66;4910.47;28855500
2015-07-01;4924.07;4932.43;4904.06;4904.06;4903.87;34310600
2015-07-02;4914.42;4966.58;4914.42;4944.78;4944.59;42023100
2015-07-03;4940.28;4982.91;4937.41;4982.91;4982.72;38550000
2015-07-06;4946.1;4960.99;4913.29;4916.74;4916.55;32933900
2015-07-07;4918.28;4927.55;4891.05;4906.05;4905.86;34396700
2015-07-08;4912.64;4912.64;4856.44;4871.57;4871.38;43917300
2015-07-09;4849.8;4855.13;4811.9;4838.28;4838.1;3382475900
2015-07-10;4858.98;4882.64;4845.79;4859.03;4858.85;38549600
2015-07-13;4862.91;4898.14;4861.31;4893.92;4893.73;25536100
2015-07-14;4907.87;4927.37;4892.12;4901.81;4901.62;31023100
2015-07-15;4894.95;4897.86;4854.45;4869.85;4869.66;26826300
2015-07-22;4887.74;4906.69;4859.46;4906.69;4906.5;29108800
2015-07-23;4897.21;4913.04;4889.83;4902.85;4902.65;32060700
2015-07-24;4890.78;4892.41;4848.73;4856.6;4856.41;25948200
2015-07-27;4833.15;4848.7;4771.29;4771.29;4771.1;34786400
2015-07-28;4747.35;4749.75;4711.49;4714.76;4714.57;31954400
2015-07-29;4733.82;4765.73;4720.4;4721.12;4720.94;32029900
2015-07-30;4740.25;4754.72;4711.56;4712.49;4712.31;32072100
2015-07-31;4721.66;4802.53;4721.47;4802.53;4802.34;33495400
2015-08-03;4778.04;4815.52;4774.78;4800.18;4800;28503100
2015-08-04;4784.15;4805.82;4771.89;4781.09;4780.9;32406600
2015-08-05;4786.39;4850.53;4780.96;4850.53;4850.34;38299300
2015-08-06;4855.94;4868.07;4806.56;4806.56;4806.38;31647100
2015-08-07;4801.65;4804.33;4760.9;4770.3;4770.12;29900400
2015-08-10;4761.41;4764.74;4720.91;4748.95;4748.76;30072400
2015-08-11;4763.63;4771.72;4619.29;4622.59;4622.41;42568800
2015-08-12;4572.05;4572.05;4455.72;4479.49;4479.32;38324000
2015-08-13;4481.27;4600.55;4481.27;4584.25;4584.07;39138400
2015-08-14;4587.51;4594.57;4559.86;4585.39;4585.21;32954100
2015-08-18;4572.35;4579.08;4505.21;4510.48;4510.3;31826200
2015-08-19;4502.19;4529.25;4476.13;4484.24;4484.07;2736435000
2015-08-20;4470.55;4473.08;4427.87;4441.91;4441.74;33125600
2015-08-21;4401.67;4401.67;4335.95;4335.95;4335.78;34546000
2015-08-24;4241.31;4241.91;4111.11;4163.73;4163.57;39607800
2015-08-25;4182.22;4301.77;4182.02;4228.5;4228.34;46350400
2015-08-26;4200.82;4237.73;4161.21;4237.73;4237.57;36844400
2015-08-27;4295.7;4433.46;4295.7;4430.63;4430.46;46862700
2015-08-28;4480.11;4511.25;4433.66;4446.2;4446.03;43053100
2015-08-31;4447;4509.61;4442.69;4509.61;4509.43;34176600
2015-09-01;4484.2;4484.79;4411.13;4412.46;4412.29;30515200
2015-09-02;4367.81;4417.37;4350.48;4401.29;4401.12;36698200
2015-09-03;4427.95;4445.81;4404.88;4433.11;4432.94;32500700
2015-09-04;4422.46;4433.55;4407.13;4415.34;4415.17;29169700
2015-09-07;4397.22;4398.01;4297.82;4301.37;4301.2;29523000
2015-09-08;4282.17;4325.43;4269.48;4318.59;4318.42;33941100
2015-09-09;4347.48;4366.25;4323.56;4347.28;4347.11;37713200
2015-09-10;4312.66;4343.66;4290.68;4343.26;4343.09;35256700
2015-09-11;4363.45;4381.65;4360.36;4360.47;4360.3;33100500
2015-09-14;4378.19;4390.37;4365.57;4390.37;4390.2;25003300
2015-09-15;4372.87;4376.78;4334.61;4347.16;4346.99;34375900
2015-09-16;4360.19;4370.35;4325.4;4332.51;4332.34;37372100
2015-09-17;4346.06;4389.36;4341.82;4378.38;4378.21;32111900
2015-09-18;4383.07;4414.46;4359.01;4380.32;4380.15;43928900
2015-09-21;4352.37;4382.24;4343.41;4376.08;4375.91;28687800
2015-09-22;4380.62;4389.31;4337.09;4344.04;4343.88;32859800
2015-09-23;4308.76;4308.98;4239.13;4244.43;4244.26;35255000
2015-09-25;4250.73;4251.23;4194.14;4209.44;4209.27;34101900
2015-09-28;4197.94;4199.46;4120.5;4120.5;4120.34;29317000
2015-09-29;4070.58;4178.41;4033.59;4178.41;4178.25;38883300
2015-09-30;4189.47;4223.91;4168.22;4223.91;4223.74;37990200
2015-10-01;4231.41;4270.91;4228.98;4254.88;4254.71;32978200
2015-10-02;4243.97;4252.67;4207.8;4207.8;4207.63;36384600
2015-10-05;4243.33;4346.37;4241.02;4343.7;4343.53;38012600
2015-10-06;4381.27;4464.9;4381.27;4445.78;4445.61;48812000
2015-10-07;4458.84;4487.13;4414.83;4487.13;4486.96;49962400
2015-10-08;4502.1;4537.25;4484.68;4491.43;4491.26;41378800
2015-10-09;4538.5;4612.09;4538.5;4589.34;4589.17;68650200
2015-10-12;4596.88;4639.94;4595.94;4630.71;4630.53;68010100
2015-10-13;4621.88;4622.11;4483.08;4483.08;4482.9;50616600
2015-10-15;4513.27;4551.94;4507.19;4507.19;4507.02;37675800
2015-10-16;4530.28;4544.82;4501.06;4521.88;4521.71;38805700
2015-10-19;4534.71;4571.17;4533.94;4569.84;4569.67;45937600
2015-10-20;4566.84;4608.35;4562.02;4585.82;4585.65;4575565100
2015-10-21;4597.19;4645.24;4591.23;4605.23;4605.05;44046000
2015-10-22;4613.77;4616.22;4582.15;4584.56;4584.38;40381800
2015-10-23;4653.22;4666.91;4627.3;4653.15;4652.96;44071700
2015-10-26;4683.11;4696.16;4675.06;4691.71;4691.53;38604600
2015-10-27;4666.48;4674.06;4624.28;4674.06;4673.88;30887000
2015-10-28;4647.39;4657.41;4594.75;4608.74;4608.56;41937600
2015-10-29;4601.56;4605.76;4472.02;4472.02;4471.85;39451100
2015-10-30;4462.97;4480.6;4441.33;4455.18;4455.01;34745100
2015-11-02;4442.42;4470.42;4422.26;4464.96;4464.79;28735100
2015-11-03;4496.66;4546.38;4496.66;4533.09;4532.91;34186000
2015-11-04;4560.73;4612.56;4560.38;4612.56;4612.39;34751500
2015-11-05;4600.64;4614.26;4574.13;4577.23;4577.05;25049000
2015-11-06;4586.59;4601.76;4563.7;4566.55;4566.37;23574400
2015-11-09;4553.42;4555.57;4491.04;4499.51;4499.33;24543400
2015-11-10;4464.13;4518.79;4451.05;4451.05;4450.88;40294800
2015-11-11;4450.21;4463.31;4425.88;4451.59;4451.42;29303300
2015-11-12;4458.65;4494.85;4457.56;4462.23;4462.05;27282200
2015-11-13;4442.02;4490.34;4435.25;4472.84;4472.66;28120300
2015-11-16;4438.69;4452.26;4395.97;4442.18;4442.01;23444500
2015-11-17;4474.52;4520.7;4474.52;4500.95;4500.77;27587600
2015-11-18;4513.71;4521.56;4497.91;4497.91;4497.73;21896900
2015-11-19;4517.58;4530.9;4513.35;4518.94;4518.76;29276900
2015-11-20;4505.9;4561.33;4505.37;4561.33;4561.16;32354400
2015-11-23;4570.16;4590.31;4541.07;4541.07;4540.89;26089600
2015-11-24;4535.71;4555.27;4534.58;4545.38;4545.2;24223000
2015-11-25;4557.47;4585.55;4557.39;4585.55;4585.37;25372400
2015-11-26;4595.86;4621.26;4583.3;4597.06;4596.88;27083500
2015-11-27;4599.08;4606.8;4541.97;4560.56;4560.38;23214500
2015-11-30;4527.41;4535.97;4446.46;4446.46;4446.29;43022200
2015-12-01;4504.22;4557.67;4504.22;4557.67;4557.49;25770400
2015-12-02;4559.15;4568.41;4541.67;4545.86;4545.69;24716100
2015-12-03;4526.49;4548.83;4518.82;4537.38;4537.21;21783400
2015-12-04;4513.57;4531.31;4501.45;4508.45;4508.28;23919700
2015-12-07;4523.91;4553.65;4521.39;4521.39;4521.22;22062000
2015-12-08;4495.26;4522.35;4464.18;4464.18;4464.01;25537200
2015-12-10;4441.57;4473.77;4438.2;4466.21;4466.04;2373896100
2015-12-11;4471.36;4473.05;4393.52;4393.52;4393.35;20329300
2015-12-14;4360.89;4374.19;4330.76;4374.19;4374.02;22081900
2015-12-15;4370.1;4409.17;4370.01;4409.17;4409;23128300
2015-12-16;4450.72;4483.45;4429.79;4483.45;4483.28;27097100
2015-12-17;4542.12;4555.96;4525.74;4555.96;4555.79;29164100
2015-12-18;4512.21;4514.54;4467.06;4468.65;4468.48;26687800
2015-12-21;4452.65;4490.68;4452.02;4490.68;4490.51;21633700
2015-12-22;4494.31;4517.57;4487.73;4517.57;4517.39;26019300
2015-12-23;4514.46;4522.65;4498.98;4522.65;4522.48;23935000
2015-12-28;4512.29;4568.12;4511.62;4557.35;4557.18;20487400
2015-12-29;4552.14;4569.36;4552.1;4569.36;4569.18;20088700
2015-12-30;4574.06;4595.51;4571.76;4593.01;4592.83;27466600
2016-01-04;4580.17;4603.82;4525.92;4525.92;4525.74;21276600
2016-01-05;4527.43;4594.34;4527;4557.82;4557.64;24364900
2016-01-06;4563.65;4639.24;4562.57;4608.98;4608.8;29976300
2016-01-07;4573.69;4577.64;4530.45;4530.45;4530.27;24018600
2016-01-08;4524.86;4550.91;4507.41;4546.29;4546.11;23991300
2016-01-11;4515.5;4517.94;4459.79;4465.48;4465.31;19983800
2016-01-12;4487.55;4526.2;4486.65;4512.53;4512.35;23702200
2016-01-13;4535.88;4559.51;4533.68;4537.18;4537;26689000
2016-01-14;4492.78;4526.51;4456.47;4513.18;4513.01;36253200
2016-01-15;4518.98;4542.1;4516.13;4523.98;4523.8;2249218200
2016-01-18;4491.32;4503.86;4471.24;4481.28;4481.1;21081300
2016-01-19;4486.59;4499.58;4464.73;4491.74;4491.56;23042100
2016-01-20;4477.15;4491.12;4427.98;4427.98;4427.81;26395500
2016-01-21;4447.75;4463.03;4408.8;4414.13;4413.95;24323700
2016-01-22;4446.42;4456.74;4421.06;4456.74;4456.57;27603800
2016-01-25;4483.61;4519.6;4465.21;4505.79;4505.61;28197300
2016-01-26;4489.69;4517.37;4483.29;4510.47;4510.29;22989000
2016-01-27;4526.22;4583.63;4526.22;4583.63;4583.45;36625500
2016-01-28;4582.72;4608.4;4579.5;4602.83;4602.65;31734400
2016-01-29;4611.94;4618.82;4568.44;4615.16;4614.98;35913800
2016-02-01;4620.15;4625.43;4559.89;4624.63;4624.46;26818600
2016-02-02;4598.94;4617.97;4586.3;4587.44;4587.26;30581900
2016-02-03;4553.13;4596.11;4545.14;4596.11;4595.93;23645400
2016-02-04;4607.04;4669.11;4607.04;4665.82;4665.64;32515500
2016-02-05;4674.61;4798.95;4673.99;4798.95;4798.76;37635400
2016-02-09;4773.77;4779.81;4736.57;4768.62;4768.44;22997900
2016-02-10;4748.54;4782.94;4726.01;4732.48;4732.3;28910100
2016-02-11;4724;4786.17;4724;4775.86;4775.67;36960300
2016-02-12;4757.71;4771.34;4710.54;4714.39;4714.21;26882200
2016-02-15;4749.78;4761.7;4729.83;4740.73;4740.54;32930700
2016-02-16;4745.99;4770.01;4726.59;4745;4744.82;37203200
2016-02-17;4738.42;4774.46;4737.42;4765.51;4765.32;43118200
2016-02-18;4784.04;4803.61;4760.24;4778.79;4778.61;47306600
2016-02-19;4744.25;4759.18;4680.14;4697.56;4697.38;34015700
2016-02-22;4701.41;4715.62;4682.38;4708.62;4708.44;26863900
2016-02-23;4715.2;4722.38;4628.91;4654.05;4653.87;35293100
2016-02-24;4643.82;4673.82;4627.64;4657.72;4657.54;26851200
2016-02-25;4681.99;4686.56;4652.86;4658.32;4658.14;31829200
2016-02-26;4695.82;4736.53;4691.42;4733.15;4732.96;27831900
2016-02-29;4738.29;4774.52;4722.99;4770.96;4770.77;26304100
2016-03-01;4760.24;4781.26;4758.88;4779.98;4779.8;32028500
2016-03-02;4808.86;4840.75;4808.25;4836.2;4836.01;34594900
2016-03-03;4848.91;4868.25;4812.86;4844.04;4843.85;38870000
2016-03-04;4844.49;4860.64;4802.38;4850.88;4850.69;45127100
2016-03-07;4860.21;4870.28;4821.46;4831.58;4831.39;45624500
2016-03-08;4831.05;4842.67;4776.07;4811.04;4810.85;40452100
2016-03-10;4791.68;4798.38;4761.38;4793.2;4793.02;33233700
2016-03-11;4784.24;4813.78;4777;4813.78;4813.59;31534700
2016-03-14;4839.03;4878.2;4835.27;4877.53;4877.34;44561400
2016-03-15;4880.88;4884.27;4843.92;4849.78;4849.59;44545000
2016-03-16;4848.61;4861.44;4837.58;4861.44;4861.25;42292200
2016-03-17;4883.17;4900.41;4869.81;4885.69;4885.5;49838900
2016-03-18;4889.9;4908.26;4858.58;4885.71;4885.52;51103000
2016-03-21;4871.25;4905.31;4865.24;4885.16;4884.97;37618600
2016-03-22;4870.9;4886.42;4833.7;4856.11;4855.92;36051400
2016-03-23;4850.17;4854.18;4822.34;4854.18;4853.99;42812300
2016-03-24;4836.62;4849.9;4817.72;4827.09;4826.9;34571400
2016-03-28;4809.19;4813.92;4757.8;4773.63;4773.44;29163800
2016-03-29;4767.53;4786.21;4760.08;4781.3;4781.11;33131800
2016-03-30;4797.15;4833.12;4792.26;4816.65;4816.47;38235200
2016-03-31;4827.1;4845.37;4808.26;4845.37;4845.18;50891800
2016-04-01;4843.39;4844.36;4819.93;4843.19;4843;30942800
2016-04-04;4840.15;4864.94;4838.98;4850.18;4849.99;37038800
2016-04-05;4848.85;4883.68;4843.16;4858.07;4857.88;33922100
2016-04-06;4863.06;4879;4861.58;4868.23;4868.04;47514100
2016-04-07;4884.83;4900.47;4858.5;4867.29;4867.1;49260900
2016-04-08;4839.65;4862.81;4829.44;4846.7;4846.52;42326600
2016-04-11;4833.35;4843.63;4766.81;4786.97;4786.79;33211700
2016-04-12;4788.42;4829.57;4776.98;4829.57;4829.39;37252800
2016-04-13;4846.98;4856.59;4831.57;4853;4852.82;67431700
2016-04-14;4872.23;4873.43;4814.85;4814.85;4814.66;44628800
2016-04-15;4834.9;4839.02;4793.14;4823.57;4823.38;36074500
2016-04-18;4812.58;4865.53;4800.26;4865.53;4865.35;3041610200
2016-04-19;4875.5;4886.5;4864.89;4881.93;4881.74;44507100
2016-04-20;4876.25;4883.14;4857.72;4876.6;4876.41;44144900
2016-04-21;4884.92;4906.83;4884.84;4903.09;4902.9;38051900
2016-04-22;4898.73;4917.59;4883.88;4914.74;4914.55;39258200
2016-04-25;4920.4;4920.4;4863.33;4878.86;4878.67;42334500
2016-04-26;4866.15;4866.38;4788.38;4814.09;4813.91;38074400
2016-04-27;4807.69;4845.66;4803.21;4845.66;4845.47;47033900
2016-04-28;4861.95;4877.17;4830.69;4848.39;4848.2;47575300
2016-04-29;4839.37;4839.62;4818.85;4838.58;4838.39;37300400
2016-05-02;4828.96;4835.52;4770.56;4808.32;4808.13;31240600
2016-05-03;4818.97;4833.99;4806.03;4812.26;4812.08;3420718900
2016-05-04;4808.65;4822.6;4765.41;4822.6;4822.41;37196200
2016-05-09;4808.52;4812.89;4745.5;4749.31;4749.13;32668900
2016-05-10;4749.52;4766.71;4728.54;4763.12;4762.93;31662200
2016-05-11;4781.14;4811.6;4770.37;4799.96;4799.78;27307500
2016-05-12;4795.74;4825.18;4792.21;4803.32;4803.13;30551600
2016-05-13;4801.19;4803;4745.91;4761.71;4761.53;34288500
2016-05-16;4745.47;4748.82;4720.24;4731.56;4731.38;29534000
2016-05-17;4737.17;4745.15;4717.26;4729.16;4728.97;34494500
2016-05-18;4721.9;4743.07;4713.72;4734.36;4734.17;36940600
2016-05-19;4733.47;4739.32;4691.57;4704.22;4704.03;30558600
2016-05-20;4698.97;4722.28;4690.56;4711.88;4711.69;29906000
2016-05-23;4714.68;4743.66;4714.68;4743.66;4743.48;27747200
2016-05-24;4738.16;4750.36;4710.79;4710.79;4710.6;33466000
2016-05-25;4733.89;4772.98;4733.55;4772.98;4772.79;36892200
2016-05-26;4777.57;4784.66;4761.46;4784.56;4784.38;30609400
2016-05-27;4782.45;4814.73;4778.54;4814.73;4814.54;3112906900
2016-05-30;4819.05;4845.12;4817.07;4836.03;4835.85;36790900
2016-05-31;4833.72;4836.37;4792.2;4796.87;4796.68;42407700
2016-06-01;4801.85;4851.74;4800.71;4839.67;4839.48;27373000
2016-06-02;4836.5;4860.86;4833.23;4833.23;4833.04;28193100
2016-06-03;4845.42;4861.3;4839.08;4853.92;4853.73;2607634700
2016-06-06;4862.57;4896.02;4860.63;4896.02;4895.83;31677400
2016-06-07;4908.25;4933.99;4907.51;4933.99;4933.8;42211700
2016-06-08;4928.09;4940.1;4892.63;4916.06;4915.87;37066100
2016-06-09;4913.01;4919.16;4876.79;4876.79;4876.6;43300300
2016-06-10;4882.27;4887.59;4848.06;4848.06;4847.87;77424800
2016-06-13;4838.02;4838.02;4807.23;4807.23;4807.04;67373300
2016-06-14;4797.62;4833.4;4792.54;4821.59;4821.4;62010100
2016-06-15;4811.23;4814.82;4789.09;4814.82;4814.64;53712900
2016-06-16;4819.23;4829.45;4801.87;4814.39;4814.2;39908400
2016-06-17;4825.73;4838.03;4806.6;4835.14;4834.96;42528600
2016-06-20;4849.69;4863.53;4828.59;4863.53;4863.34;43916600
2016-06-21;4873.44;4889.46;4868.23;4878.71;4878.52;51514400
2016-06-22;4876.87;4899.2;4876.87;4896.85;4896.66;57228200
2016-06-23;4896.8;4899.5;4856.05;4874.31;4874.12;53476900
2016-06-24;4878.05;4884.79;4754.36;4834.57;4834.38;57226600
2016-06-27;4804.05;4846.42;4795.96;4836.05;4835.86;38717800
2016-06-28;4836.13;4890.6;4835.43;4882.17;4881.98;47765500
2016-06-29;4905.98;4980.1;4905.98;4980.1;4979.91;40998400
2016-06-30;4999.88;5033.24;4996.4;5016.65;5016.45;54961500
2016-07-01;5027.62;5039.69;4971.58;4971.58;4971.39;40459000
2016-07-11;5021.24;5080.3;5018.4;5069.02;5068.82;42889500
2016-07-12;5092.17;5120.13;5075.56;5099.53;5099.33;58326000
2016-07-13;5112.99;5133.93;5090.59;5133.93;5133.73;58783300
2016-07-14;5125.69;5131.03;5081.03;5083.54;5083.34;52550300
2016-07-15;5090.25;5130.34;5090.25;5110.18;5109.98;49941000
2016-07-18;5107.92;5131.71;5093.15;5127.5;5127.3;49213200
2016-07-19;5132.9;5193.9;5132.9;5172.83;5172.63;52188500
2016-07-20;5185.59;5242.82;5185.59;5242.82;5242.62;51072100
2016-07-21;5246.3;5268.87;5213.99;5216.97;5216.77;63172100
2016-07-22;5215.17;5215.53;5179.62;5197.25;5197.05;40604200
2016-07-25;5201.45;5227.11;5197.81;5220.8;5220.6;37450800
2016-07-26;5218.27;5231.5;5200.62;5224.4;5224.19;50637700
2016-07-27;5245.4;5301.93;5245.4;5274.36;5274.16;49296300
2016-07-28;5278.5;5299.21;5255.47;5299.21;5299.01;55657300
2016-07-29;5300.9;5334.12;5215.99;5215.99;5215.79;68556100
2016-08-01;5280.21;5368.25;5279.59;5361.58;5361.37;62344100
2016-08-02;5356.91;5386.56;5356.43;5373.32;5373.11;63205300
2016-08-03;5367.58;5383.5;5331.33;5351.88;5351.67;59763500
2016-08-04;5365.01;5389.61;5357.62;5373.86;5373.65;56277200
2016-08-05;5380.11;5427.52;5377.42;5420.25;5420.04;57902200
2016-08-08;5435.21;5458.98;5427.27;5458.98;5458.77;61349000
2016-08-09;5459.89;5476.22;5428.68;5440.29;5440.08;69806100
2016-08-10;5439.76;5457.12;5405.89;5423.95;5423.74;88003800
2016-08-11;5438.09;5455.8;5397.31;5419.09;5418.88;88527100
2016-08-12;5432.83;5449.06;5366.34;5377.2;5376.99;46370500
2016-08-15;5390.02;5396.95;5296.59;5320.56;5320.35;56913800
2016-08-16;5341.93;5377.42;5338.64;5371.85;5371.64;43406600
2016-08-18;5387.77;5461.45;5386.12;5461.45;5461.24;51925600
2016-08-19;5468.01;5470.98;5416.04;5416.04;5415.82;46129700
2016-08-22;5425.9;5435.19;5398.79;5427.17;5426.96;64659600
2016-08-23;5434.04;5438.5;5351.07;5417.14;5416.93;59172200
2016-08-24;5406.81;5418.45;5385.24;5403.99;5403.78;55692400
2016-08-25;5413.99;5454.12;5412.53;5454.12;5453.9;48041800
2016-08-26;5454.07;5456.64;5419.74;5438.83;5438.62;63101200
2016-08-29;5425.15;5426.22;5348.05;5370.76;5370.55;54184900
2016-08-30;5368.57;5388.64;5336.71;5362.32;5362.11;56546900
2016-08-31;5355.12;5399.16;5353.29;5386.08;5385.87;49524600
2016-09-01;5368.52;5376.64;5320.08;5334.55;5334.34;47156400
2016-09-02;5323.57;5359.91;5323.04;5353.46;5353.25;46566900
2016-09-05;5378.62;5396.92;5347.59;5356.95;5356.75;49406800
2016-09-06;5363.04;5373.21;5342.56;5372.1;5371.89;41155400
2016-09-07;5382.22;5393.09;5357.52;5381.35;5381.14;37206200
2016-09-08;5383.06;5383.54;5364.61;5371.08;5370.87;41376500
2016-09-09;5355.34;5358.51;5281.92;5281.92;5281.71;43296700
2016-09-13;5266.11;5268.54;5211.87;5215.57;5215.36;43786000
2016-09-14;5188.4;5189.36;5128.17;5146.04;5145.84;50757500
2016-09-15;5160.75;5270.49;5158.73;5265.82;5265.61;45898400
2016-09-16;5287.42;5305.09;5252.25;5267.77;5267.56;47385800
2016-09-19;5289.12;5331.97;5286.14;5321.84;5321.63;33639200
2016-09-20;5323.3;5336.25;5298.28;5302.49;5302.29;54051100
2016-09-21;5295.88;5348;5275.19;5342.59;5342.38;46464800
2016-09-22;5382.32;5411.61;5368.56;5380.26;5380.05;47353800
2016-09-23;5375.71;5388.91;5355.92;5388.91;5388.7;43903000
2016-09-26;5375.16;5375.88;5337.02;5352.14;5351.93;37701800
2016-09-27;5336.55;5419.6;5295.66;5419.6;5419.39;50958300
2016-09-28;5390.76;5432.98;5382.24;5425.34;5425.13;67191800
2016-09-29;5442.82;5474.31;5431.96;5431.96;5431.75;69425300
2016-09-30;5412.38;5437.97;5364.8;5364.8;5364.6;53630200
2016-10-03;5403.86;5463.92;5403.86;5463.92;5463.7;53888800
2016-10-04;5475.63;5482.84;5460.71;5472.32;5472.1;53748000
2016-10-05;5458;5460.17;5399.22;5420.65;5420.44;65033700
2016-10-06;5428.45;5447.26;5390.09;5409.34;5409.13;71799300
2016-10-07;5403.83;5409.2;5363.47;5377.15;5376.94;59414300
2016-10-10;5371;5397.15;5352.82;5360.83;5360.62;64774600
2016-10-11;5372.69;5385.76;5345.07;5382;5381.79;84864400
2016-10-12;5364.35;5380.56;5350.39;5364.61;5364.4;55480600
2016-10-13;5368.22;5384.56;5339.48;5340.4;5340.19;52638100
2016-10-14;5338.7;5408.77;5332.08;5399.88;5399.67;55367700
2016-10-17;5390.96;5422.35;5386.22;5410.3;5410.09;61546400
2016-10-18;5424.67;5446.83;5422.92;5430.05;5429.84;62742900
2016-10-19;5436.28;5445.8;5402.15;5409.29;5409.08;116737500
2016-10-20;5409.79;5423.29;5395.3;5403.69;5403.53;201336300
2016-10-21;5407.23;5416.95;5395.42;5409.24;5409.08;79093700
2016-10-24;5415.48;5433.34;5411.88;5421;5420.84;81119800
2016-10-25;5426.11;5436.21;5397.82;5397.82;5397.66;85020700
2016-10-26;5387.7;5406.58;5381.7;5399.68;5399.59;198835200
2016-10-27;5405.7;5427.53;5403.86;5416.84;5416.84;333149600
2016-10-28;5414.51;5426.26;5402.43;5410.27;5410.27;109309200
2016-10-31;5413.57;5429.07;5406.01;5422.54;5422.54;135128600
2016-11-01;5430.75;5439.03;5415.03;5416.01;5416.01;80147600
2016-11-02;5415.02;5420.36;5393.51;5405.46;5405.46;95507600
2016-11-03;5395.87;5402.05;5329.5;5329.5;5329.5;71645500
2016-11-04;5310.78;5362.66;5303.36;5362.66;5362.66;63398900
2016-11-07;5361.02;5395.33;5341.86;5386.21;5386.21;83980500
2016-11-08;5407.39;5476.07;5407.39;5470.68;5470.68;9734142100
2016-11-09;5478.03;5491.7;5345.13;5414.32;5414.32;107152200
2016-11-10;5444.04;5482.11;5443.73;5450.31;5450.31;86519300
2016-11-11;5380.64;5380.69;5231.97;5231.97;5231.97;9788202500
2016-11-14;5194.93;5196.78;5043.35;5115.74;5115.74;91613700
2016-11-15;5121.48;5169.36;5073.42;5078.5;5078.5;76584600
2016-11-16;5112.5;5201.17;5112.5;5185.46;5185.46;80425400
2016-11-17;5180.48;5202.31;5162.81;5193.02;5193.02;75311800
2016-11-18;5195.08;5196.91;5139.21;5170.11;5170.11;71630400
2016-11-21;5150.83;5158.76;5130.44;5148.32;5148.32;91116600
2016-11-22;5140.66;5204.67;5140.52;5204.67;5204.67;97703800
2016-11-23;5192.35;5212;5182.35;5212;5212;86828200
2016-11-24;5179.22;5194.24;5102.42;5107.62;5107.62;78976000
2016-11-25;5097.11;5129.75;5096.67;5122.1;5122.1;84213300
2016-11-28;5111.42;5120.86;5091.61;5114.57;5114.57;121168300
2016-11-29;5108.75;5164.58;5108.75;5136.67;5136.67;124696800
2016-11-30;5148.91;5182.14;5146.52;5148.91;5148.91;116497500
2016-12-01;5168.63;5211.92;5168.07;5198.75;5198.75;109410600
2016-12-02;5207.92;5250.29;5199.14;5245.96;5245.96;77029900
2016-12-05;5239.9;5280.32;5239.9;5268.31;5268.31;69209000
2016-12-06;5279.98;5288.91;5259.19;5272.96;5272.96;66277100
2016-12-07;5272.1;5273.52;5229.8;5265.37;5265.37;60338200
2016-12-08;5268.24;5303.73;5263.44;5303.73;5303.73;65715900
2016-12-09;5297.55;5308.13;5284.77;5308.13;5308.13;49814700
2016-12-13;5296.19;5300.72;5264.74;5293.62;5293.62;53794200
2016-12-14;5287.19;5306.34;5259.68;5262.82;5262.82;51760500
2016-12-15;5230.56;5266.06;5210.63;5254.36;5254.36;64359300
2016-12-16;5260.13;5263.01;5231.65;5231.65;5231.65;58386700
2016-12-19;5224.07;5240.43;5190.93;5191.91;5191.91;60026700
2016-12-20;5179.18;5194.73;5142.39;5162.48;5162.48;71959000
2016-12-21;5179.03;5188.95;5111.39;5111.39;5111.39;54114100
2016-12-22;5114.4;5120.36;5032.91;5042.87;5042.87;52470700
2016-12-23;5036.29;5078.23;5022.85;5027.7;5027.7;51530100
2016-12-27;5028.36;5112.78;5028.2;5102.95;5102.95;56151600
2016-12-28;5140.14;5213.27;5139.77;5209.44;5209.44;52440100
2016-12-29;5205.27;5311.62;5200.27;5302.57;5302.57;54184200
2016-12-30;5307.37;5334.79;5296.71;5296.71;5296.71;60042700
2017-01-03;5290.39;5292.18;5246.85;5275.97;5275.97;33217000
2017-01-04;5270.02;5312.96;5249.23;5301.18;5301.18;53111300
2017-01-05;5302.63;5328.49;5302.63;5325.5;5325.5;77219400
2017-01-06;5321.75;5350.25;5318.38;5347.02;5347.02;71615300
2017-01-09;5350.88;5360.06;5307.58;5316.36;5316.36;97010200
2017-01-10;5330.02;5331.13;5292.06;5309.92;5309.92;70792500
2017-01-11;5316.15;5322.98;5301.24;5301.24;5301.24;84703100
2017-01-12;5301.04;5322.42;5292.75;5292.75;5292.75;100764000
2017-01-13;5299.05;5310.42;5272.98;5272.98;5272.98;70293600
2017-01-16;5283.62;5291.5;5270.01;5270.01;5270.01;73077600
2017-01-17;5266.92;5287.12;5265.6;5266.94;5266.94;86901800
2017-01-18;5273.29;5294.78;5273.29;5294.78;5294.78;113444600
2017-01-19;5302.21;5309.95;5288.58;5298.95;5298.95;85392800
2017-01-20;5290.56;5293.08;5243.75;5254.31;5254.31;153081800
2017-01-23;5250.63;5265.44;5228.29;5250.97;5250.97;147556800
2017-01-24;5267.73;5297.49;5267.73;5292.09;5292.09;147150800
2017-01-25;5302.87;5310.67;5287.13;5293.78;5293.78;269423400
2017-01-26;5305.11;5327.51;5291.44;5317.63;5317.63;190768100
2017-01-27;5304.96;5321.68;5297.25;5312.84;5312.84;142739500
2017-01-30;5321.55;5331.52;5302.66;5302.66;5302.66;193337900
2017-01-31;5316.67;5321.35;5294.1;5294.1;5294.1;191451600
2017-02-01;5319.94;5341.48;5317.5;5327.16;5327.16;256731400
2017-02-02;5327.02;5353.71;5326.99;5353.71;5353.71;165664500
2017-02-03;5355.27;5366.44;5354.59;5360.77;5360.77;13055400
2017-02-06;5369.52;5396;5369.44;5396;5396;153355200
2017-02-07;5387.65;5396.1;5380.6;5381.48;5381.48;171422900
2017-02-08;5380.11;5382.07;5349.46;5361.09;5361.09;325033400
2017-02-09;5366.34;5384.96;5363.47;5372.08;5372.08;258337100
2017-02-10;5378.92;5400.17;5371.67;5371.67;5371.67;167200000
2017-02-13;5396.56;5418.38;5388.68;5409.56;5409.56;182414000
2017-02-14;5402.56;5409.35;5370.49;5380.67;5380.67;142907500
2017-02-16;5389.07;5395.28;5357.71;5378;5378;218393700
2017-02-17;5366.85;5370.33;5340.86;5350.93;5350.93;179271900
2017-02-20;5358.55;5373.09;5351.02;5359.29;5359.29;107921200
2017-02-21;5363.61;5375.7;5336.83;5340.99;5340.99;209661500
2017-02-22;5353.11;5360.41;5331.43;5358.68;5358.68;189512900
2017-02-23;5348.36;5373.64;5347.86;5372.75;5372.75;174887600
2017-02-24;5371.02;5391.26;5370.79;5385.91;5385.91;116360700
2017-02-27;5387.82;5393.66;5368.42;5382.87;5382.87;102443500
2017-02-28;5390.34;5405.79;5386.69;5386.69;5386.69;82270600
2017-03-01;5389.17;5392.79;5350.91;5363.06;5363.06;80795600
2017-03-02;5394.73;5431.17;5394.73;5408.25;5408.25;74167000
2017-03-03;5402.58;5410.9;5384.79;5391.21;5391.21;106883400
2017-03-06;5398.05;5409.82;5386.83;5409.82;5409.82;102030600
2017-03-07;5416.02;5427.91;5386.32;5402.62;5402.62;96160400
2017-03-08;5407.53;5415.23;5390.01;5393.76;5393.76;72878500
2017-03-09;5393.94;5405.59;5387;5402.39;5402.39;69424400
2017-03-10;5414.92;5415.72;5369.75;5390.68;5390.68;79484800
2017-03-13;5389.2;5409.37;5386.34;5409.37;5409.37;70965500
2017-03-14;5415.95;5449.76;5412.96;5431.58;5431.58;82241800
2017-03-15;5433.68;5447.49;5424.52;5432.38;5432.38;75739600
2017-03-16;5461.91;5518.24;5458.42;5518.24;5518.24;79972200
2017-03-17;5539.82;5557.98;5499.39;5540.43;5540.43;87948800
2017-03-20;5552.39;5566.93;5510.27;5533.99;5533.99;83916000
2017-03-21;5541.05;5554.44;5525.98;5543.09;5543.09;78762300
2017-03-22;5512.73;5534.09;5486.85;5534.09;5534.09;81597500
2017-03-23;5539.64;5576.67;5532.65;5563.76;5563.76;71128500
2017-03-24;5565.62;5581.18;5546.83;5567.13;5567.13;64734100
2017-03-27;5557.92;5567.43;5531.33;5541.2;5541.2;62855600
2017-03-29;5552.78;5592.77;5552.78;5592.51;5592.51;72492200
2017-03-30;5581.12;5592.95;5555.37;5592.95;5592.95;98370200
2017-03-31;5589.52;5606.02;5568.11;5568.11;5568.11;73764600
2017-04-03;5583.35;5616.94;5581.31;5606.79;5606.79;81392100
2017-04-04;5611.67;5654.4;5608.52;5651.82;5651.82;106415400
2017-04-05;5668;5676.98;5644.79;5676.98;5676.98;83898800
2017-04-06;5668.31;5680.24;5645.31;5680.24;5680.24;68797100
2017-04-07;5674.01;5677.72;5643.35;5653.49;5653.49;64404200
2017-04-10;5662.67;5677.07;5628.98;5644.3;5644.3;72743800
2017-04-11;5647.9;5658.73;5621.79;5627.93;5627.93;95131900
2017-04-12;5633.98;5650.04;5631.75;5644.15;5644.15;84273900
2017-04-13;5658.2;5660.38;5613.54;5616.54;5616.54;62159000
2017-04-17;5624.62;5631.51;5577.49;5577.49;5577.49;60945800
2017-04-18;5597.67;5626.52;5597.17;5606.52;5606.52;69950500
2017-04-20;5609.89;5619.36;5590.03;5595.31;5595.31;73938500
2017-04-21;5600.42;5664.48;5599.5;5664.48;5664.48;53480800
2017-04-25;5690.89;5696.39;5653.68;5680.8;5680.8;59697700
2017-04-26;5687.08;5726.53;5679.59;5726.53;5726.53;65935900
2017-04-27;5708.23;5718.9;5697.79;5707.03;5707.03;68662300
2017-04-28;5715.08;5724.51;5684.59;5685.3;5685.3;57985100
2017-05-02;5703.87;5714.34;5675.81;5675.81;5675.81;57814800
2017-05-03;5681.6;5686.83;5647.32;5647.37;5647.37;65683200
2017-05-04;5656.09;5676.01;5643.05;5669.44;5669.44;66172000
2017-05-05;5665.11;5696.48;5659.97;5683.38;5683.38;75048200
2017-05-08;5699.3;5727.49;5692.56;5707.86;5707.86;69605600
2017-05-09;5730.25;5745.85;5693.67;5697.06;5697.06;59581000
2017-05-10;5697.96;5718.59;5636.2;5653.01;5653.01;73073800
2017-05-12;5680.59;5698.96;5668.72;5675.22;5675.22;79691200
2017-05-15;5689.81;5693.99;5649.08;5688.87;5688.87;61924800
2017-05-16;5690.3;5696.62;5647;5647;5647;54203300
2017-05-17;5661.48;5664.32;5608.8;5615.49;5615.49;53254300
2017-05-18;5590.47;5645.45;5577.52;5645.45;5645.45;68547400
2017-05-19;5643.54;5825.21;5630.07;5791.88;5791.88;70741400
2017-05-22;5837.18;5874.44;5743.39;5749.44;5749.44;58742100
2017-05-23;5770.62;5777.69;5692.98;5730.61;5730.61;53659300
2017-05-24;5678.39;5704.71;5672.04;5703.43;5703.43;59809800
2017-05-26;5713.35;5728.6;5703.89;5716.81;5716.81;57655300
2017-05-29;5728.81;5730.84;5703.46;5712.33;5712.33;50129600
2017-05-30;5700.77;5730.06;5693.39;5693.39;5693.39;62769800
2017-05-31;5697.81;5738.15;5697.81;5738.15;5738.15;91263500
2017-06-02;5749.42;5752.66;5726.01;5742.45;5742.45;64775200
2017-06-05;5747.89;5765.83;5737.58;5748.23;5748.23;56536500
2017-06-06;5743.4;5754.29;5701.66;5707.83;5707.83;61071500
2017-06-07;5716.97;5735.99;5709.15;5717.33;5717.33;46852400
2017-06-08;5719.03;5725.88;5702.92;5702.92;5702.92;45346000
2017-06-09;5699.25;5704.86;5669.87;5675.52;5675.52;51126700
2017-06-12;5668.72;5716.54;5668.72;5691.44;5691.44;37789600
2017-06-13;5694.95;5715.21;5693.88;5707.65;5707.65;43934000
2017-06-14;5708.07;5792.9;5707.92;5792.9;5792.9;49219200
2017-06-15;5776.3;5791.2;5768.15;5776.28;5776.28;33694700
2017-06-16;5768.16;5797.12;5720.92;5723.64;5723.64;52479900
2017-06-19;5731.08;5745.57;5726.77;5741.91;5741.91;55163600
2017-06-20;5749.58;5791.9;5747.45;5791.9;5791.9;47631600
2017-06-21;5772.09;5818.55;5771.58;5818.55;5818.55;41419800
2017-06-22;5830.98;5831.34;5804.6;5829.71;5829.71;36295400
2017-07-03;5846.6;5910.24;5831.2;5910.24;5910.24;47327700
2017-07-04;5886.72;5896.37;5858.61;5865.36;5865.36;38141000
2017-07-05;5865.42;5874.69;5808.35;5825.05;5825.05;45875400
2017-07-06;5817.79;5852.34;5817.39;5849.58;5849.58;40285800
2017-07-07;5839.89;5863.58;5810.36;5814.79;5814.79;36388600
2017-07-10;5814.79;5826.31;5769.34;5771.51;5771.51;29086900
2017-07-11;5772.98;5784.08;5765.36;5773.33;5773.33;50424600
2017-07-12;5771.47;5827.13;5771.47;5819.13;5819.13;43977100
2017-07-13;5839.4;5843.18;5809.4;5830.04;5830.04;41691200
2017-07-14;5827.55;5833.76;5804.44;5831.79;5831.79;35734600
2017-07-17;5831.02;5841.28;5824.26;5841.28;5841.28;49922900
2017-07-18;5824.93;5831.69;5806.6;5822.35;5822.35;53830100
2017-07-19;5822.24;5822.48;5797.35;5806.69;5806.69;43518400
2017-07-20;5808.88;5828.14;5808.12;5825.21;5825.21;43771900
2017-07-21;5824.53;5831.46;5760.96;5765.42;5765.42;40711100
2017-07-24;5760.08;5801.59;5756.51;5801.59;5801.59;49340900
2017-07-25;5805.6;5813.54;5780.48;5813.54;5813.54;46895400
2017-07-26;5809.89;5831.64;5785.9;5800.21;5800.21;56453600
2017-07-27;5807.28;5820.96;5805.92;5819.74;5819.74;49848700
2017-07-28;5822.81;5831.03;5804.79;5831.03;5831.03;63785400
2017-07-31;5820.01;5847.25;5816.53;5840.94;5840.94;52731300
2017-08-01;5853.51;5858.93;5805.21;5805.21;5805.21;69809900
2017-08-02;5815.07;5824.25;5792.17;5824.25;5824.25;51290400
2017-08-03;5818.56;5825.05;5780.58;5780.58;5780.58;44658800
2017-08-04;5775.92;5800.13;5769.4;5777.48;5777.48;39744400
2017-08-07;5780.89;5812.79;5749.29;5749.29;5749.29;42147500
2017-08-08;5755.04;5810.56;5755.04;5810.56;5810.56;48403600
2017-08-09;5813.6;5824.01;5792.78;5824.01;5824.01;55021100
2017-08-10;5828.54;5833.86;5810.76;5825.95;5825.95;56586000
2017-08-11;5812.25;5812.91;5756.46;5766.14;5766.14;55175200
2017-08-14;5780.7;5812.87;5780.7;5801.49;5801.49;48743500
2017-08-15;5808.65;5842.83;5808.26;5835.04;5835.04;62419400
2017-08-16;5842.56;5891.95;5836.15;5891.95;5891.95;57886400
2017-08-18;5879.68;5912.12;5869.13;5893.84;5893.84;46506900
2017-08-21;5893.42;5901.58;5855.24;5861;5861;42745100
2017-08-22;5862.59;5885.6;5862.48;5880.3;5880.3;58668100
2017-08-23;5900.4;5914.02;5881.75;5914.02;5914.02;77528100
2017-08-24;5914.1;5916.82;5874.28;5894.12;5894.12;86700500
2017-08-25;5906.12;5915.36;5880.02;5915.36;5915.36;64107900
2017-08-28;5904.37;5914.48;5890.48;5903.34;5903.34;86874800
2017-08-29;5899.75;5902.61;5865.41;5888.21;5888.21;57947400
2017-08-30;5888.43;5893.9;5863.15;5872.51;5872.51;51307600
2017-08-31;5873.73;5881.74;5845.27;5864.06;5864.06;63529600
2017-09-04;5858.21;5861.6;5806.32;5813.74;5813.74;50726200
2017-09-05;5823.01;5834.18;5774.31;5829.98;5829.98;64988500
2017-09-06;5809.31;5831.48;5803.12;5824.14;5824.14;61681800
2017-09-07;5824.52;5835.88;5810.48;5832.31;5832.31;50424900
2017-09-08;5825.12;5866.99;5819.53;5857.12;5857.12;46573100
2017-09-11;5863.42;5883.95;5858.24;5871.88;5871.88;51533200
2017-09-12;5877.25;5884.15;5861.54;5872.38;5872.38;59543200
2017-09-13;5860.49;5881.69;5840.92;5845.73;5845.73;67508200
2017-09-14;5849.72;5867.21;5841.4;5852;5852;73420600
2017-09-15;5854.45;5875.53;5831.18;5872.39;5872.39;62775100
2017-09-18;5875.11;5884.61;5851.23;5884.61;5884.61;51691500
2017-09-19;5885.21;5901.33;5868.34;5901.33;5901.33;57340500
2017-09-20;5902.21;5908.86;5885.83;5906.57;5906.57;59948400
2017-09-22;5905.23;5928.79;5883.57;5911.71;5911.71;50278100
2017-09-25;5910.16;5918.09;5882.94;5894.61;5894.61;46527500
2017-09-26;5897.01;5904.95;5859.85;5863.96;5863.96;59271800
2017-09-27;5872.59;5873.03;5841.02;5863.03;5863.03;53676700
2017-09-28;5860.55;5866.61;5839.59;5841.05;5841.05;60274300
2017-09-29;5855.08;5907.44;5851.7;5900.85;5900.85;50217900
2017-10-02;5917.75;5936.14;5909.11;5914.03;5914.03;48741000
2017-10-03;5915.43;5953.48;5899.53;5939.45;5939.45;60605100
2017-10-04;5952.38;5967.12;5946.64;5951.48;5951.48;58319800
2017-10-05;5954.73;5956.4;5901.91;5901.91;5901.91;56536700
2017-10-06;5922.11;5922.75;5894.24;5905.38;5905.38;46067100
2017-10-09;5906.71;5926.38;5902.46;5914.93;5914.93;41022200
2017-10-10;5918.13;5927.68;5896.46;5905.76;5905.76;47250700
2017-10-11;5900.73;5906.13;5860.76;5882.79;5882.79;47636200
2017-10-12;5886.42;5932.01;5883.5;5926.2;5926.2;73889100
2017-10-13;5926.03;5947.86;5915.13;5924.12;5924.12;66819100
2017-10-16;5927.99;5956.95;5927.99;5949.7;5949.7;71106000
2017-10-17;5957.58;5961.51;5922.07;5947.33;5947.33;51689400
2017-10-18;5955.21;5958;5903.62;5929.2;5929.2;71998500
2017-10-19;5927.73;5934.68;5903.87;5910.53;5910.53;74254100
2017-10-20;5923.08;5959.58;5918.53;5929.55;5929.55;63590000
2017-10-23;5946.15;5965.99;5945.33;5950.03;5950.03;77697000
2017-10-24;5955.27;5974.2;5949.33;5952.08;5952.08;80765300
2017-10-25;5962.03;6025.43;5961.75;6025.43;6025.43;63953500
2017-10-26;6018.27;6042.45;5995.85;5995.85;5995.85;59713900
2017-10-27;5998.17;6020.29;5969.78;5975.28;5975.28;48687400
2017-10-30;5990.19;6008.63;5969.21;5974.08;5974.08;58489300
2017-10-31;6034.38;6034.62;5989.86;6005.78;6005.78;54137200
2017-11-01;6017.04;6038.99;6008.37;6038.15;6038.15;54590800
2017-11-02;6052.03;6082.23;6031.11;6031.11;6031.11;54973300
2017-11-03;6044.79;6046.26;5989.68;6039.54;6039.54;46256000
2017-11-06;6031.52;6062.06;6025.07;6050.82;6050.82;60106200
2017-11-07;6055.75;6065.29;6047.27;6060.45;6060.45;48839400
2017-11-08;6052.99;6069.77;6033.55;6049.38;6049.38;69448300
2017-11-09;6055.55;6071.54;6039.86;6042.46;6042.46;55020000
2017-11-10;6044.28;6054.53;6020.46;6021.83;6021.83;52158500
2017-11-13;6020.75;6045.49;6016.99;6021.46;6021.46;52371100
2017-11-14;6019.11;6039.3;5988.29;5988.29;5988.29;61832000
2017-11-15;6001.92;6012.66;5972.31;5972.31;5972.31;71148600
2017-11-16;5985.63;6054.24;5984.7;6037.91;6037.91;53679500
2017-11-17;6052.51;6092.35;6049.96;6051.73;6051.73;50404200
2017-11-20;6066.75;6098.78;6053.28;6053.28;6053.28;52184800
2017-11-21;6062.23;6076.23;6008.69;6031.86;6031.86;55320400
2017-11-22;6039.09;6071.34;6038.74;6069.79;6069.79;63604500
2017-11-23;6081.42;6090.64;6056.12;6063.25;6063.25;64708300
2017-11-24;6064.67;6069.85;6035.25;6067.14;6067.14;55260100
2017-11-27;6059.71;6072.49;6035.92;6064.59;6064.59;58933800
2017-11-28;6055.1;6070.72;6015.91;6070.72;6070.72;64775900
2017-11-29;6066.43;6073.9;6045.34;6061.37;6061.37;62226800
2017-11-30;6053.03;6058.6;5952.14;5952.14;5952.14;92104400
2017-12-01;6053.03;6058.6;5952.14;5952.14;5952.14;0
2017-12-04;6014.06;6031.92;5994.35;5998.19;5998.19;64002400
2017-12-05;6021.08;6026.41;5979.48;6000.47;6000.47;65146500
2017-12-06;6002.54;6044.33;6001.09;6035.51;6035.51;49403800
2017-12-07;6032.05;6039.29;6006.83;6006.83;6006.83;48461900
2017-12-08;6017.96;6041.13;6013.75;6030.96;6030.96;51772100
2017-12-11;6043.35;6052.52;6024.04;6026.63;6026.63;55665900
2017-12-12;6038.43;6042;6012.98;6032.37;6032.37;52951400
2017-12-13;6027.44;6054.6;6020.11;6054.6;6054.6;54220300
2017-12-14;6065.31;6117.13;6061.09;6113.65;6113.65;65223300
2017-12-15;6098.83;6119.42;6075.89;6119.42;6119.42;54744800
2017-12-18;6111.68;6133.96;6080.15;6133.96;6133.96;49833300
2017-12-19;6113.09;6176.45;6110.28;6167.67;6167.67;54873700
2017-12-20;6165.6;6167.43;6088.56;6109.48;6109.48;57345000
2017-12-21;6129.53;6183.39;6126.79;6183.39;6183.39;50733000
2017-12-22;6181.86;6221.01;6167.04;6221.01;6221.01;43710700
2017-12-27;6214.26;6277.17;6214.26;6277.17;6277.17;43398400
2017-12-28;6282.44;6314.05;6259.61;6314.05;6314.05;57218200
2017-12-29;6325.62;6368.32;6321.09;6355.65;6355.65;63985200
2018-01-02;6366.08;6445.91;6326.09;6339.24;6339.24;52168200
2018-01-03;6341.27;6342.19;6220.69;6251.48;6251.48;48866400
2018-01-04;6257.72;6292.32;6233.94;6292.32;6292.32;57864900
2018-01-05;6279.46;6353.74;6278.72;6353.74;6353.74;74223700
2018-01-08;6354.36;6385.4;6349.04;6385.4;6385.4;66702400
2018-01-09;6393.87;6402.74;6351.23;6373.14;6373.14;66932000
2018-01-10;6380.92;6412.03;6355.22;6371.17;6371.17;70066900
2018-01-11;6375.03;6386.34;6344.04;6386.34;6386.34;117346700
2018-01-12;6391.47;6409.17;6359.83;6370.06;6370.06;86340200
2018-01-15;6379.07;6390.89;6361.61;6382.19;6382.19;73531200
2018-01-16;6386.22;6429.69;6381.31;6429.69;6429.69;81954500
2018-01-17;6429.77;6452.51;6420.06;6444.52;6444.52;86927700
2018-01-18;6456.9;6483.27;6452.05;6472.67;6472.67;111698100
2018-01-19;6483.83;6490.9;6443.01;6490.9;6490.9;70168900
2018-01-22;6495.38;6529.2;6484.12;6500.53;6500.53;87812600
2018-01-23;6538.01;6635.33;6537.08;6635.33;6635.33;85330100
2018-01-24;6635.76;6641.17;6588.62;6615.49;6615.49;116046200
2018-01-25;6629.37;6636.59;6581.67;6615.33;6615.33;121967500
2018-01-26;6616.13;6677.37;6615.87;6660.62;6660.62;102507800
2018-01-29;6672.99;6686.35;6634.89;6680.62;6680.62;99262500
2018-01-30;6666.83;6675.76;6546.65;6575.49;6575.49;99970800
2018-01-31;6547.99;6627.83;6522.66;6605.63;6605.63;113846700
2018-02-01;6625.35;6658.88;6598.46;6598.46;6598.46;119722100
2018-02-02;6638.16;6655.61;6621.44;6628.82;6628.82;88106200
2018-02-05;6556.68;6612.45;6522.54;6589.67;6589.67;97541600
2018-02-06;6505.19;6519.29;6426.76;6478.54;6478.54;139033900
2018-02-07;6525.56;6582.51;6512.07;6534.87;6534.87;117224500
2018-02-08;6543.62;6549.18;6519.09;6544.63;6544.63;106322700
2018-02-09;6491.29;6505.52;6460.64;6505.52;6505.52;95625500
2018-02-12;6508.05;6531.56;6498.69;6523.45;6523.45;118793800
2018-02-13;6545;6595.9;6544.67;6578.18;6578.18;102882100
2018-02-14;6577.11;6599.31;6572.5;6594.4;6594.4;77060800
2018-02-15;6615.9;6624.63;6583.19;6591.58;6591.58;85432100
2018-02-19;6610.73;6689.29;6607.91;6689.29;6689.29;96729300
2018-02-20;6687.23;6693.47;6625.74;6662.88;6662.88;129364100
2018-02-21;6649.18;6665.89;6614.23;6643.4;6643.4;179201300
2018-02-22;6646.35;6648.75;6586.31;6593.06;6593.06;107066100
2018-02-23;6608.53;6659.26;6608.53;6619.8;6619.8;93737300
2018-02-26;6615.37;6624.02;6554.67;6554.67;6554.67;97778800
2018-02-27;6573.7;6598.93;6562.84;6598.93;6598.93;107099600
2018-02-28;6595.86;6609.4;6564.48;6597.22;6597.22;97106200
2018-03-01;6605.31;6630.13;6596.87;6606.05;6606.05;92351900
2018-03-02;6597.71;6597.71;6561.04;6582.32;6582.32;82306900
2018-03-05;6594.52;6607.17;6543.66;6550.59;6550.59;77760400
2018-03-06;6577.18;6589.72;6492.95;6500.11;6500.11;77769000
2018-03-07;6500.96;6516.89;6346.67;6368.27;6368.27;108599800
2018-03-08;6410.71;6443.06;6371.97;6443.02;6443.02;87324300
2018-03-09;6448.19;6459.03;6382.89;6433.32;6433.32;73609100
2018-03-12;6459.32;6500.69;6459.32;6500.69;6500.69;76177600
2018-03-13;6497.46;6501.13;6399.39;6412.85;6412.85;82608900
2018-03-14;6410.89;6412.75;6363.63;6382.62;6382.62;86246600
2018-03-15;6366.93;6372.09;6316.21;6321.9;6321.9;82187500
2018-03-16;6323.41;6328.79;6236.24;6304.95;6304.95;88297100
2018-03-19;6315.33;6319.65;6277.76;6289.57;6289.57;77658600
2018-03-20;6266.58;6271.72;6207.17;6243.58;6243.58;76662600
2018-03-21;6260.19;6315.07;6260.07;6312.83;6312.83;89583500
2018-03-22;6331.98;6351.31;6252.98;6254.07;6254.07;77992400
2018-03-23;6138.11;6210.7;6085.21;6210.7;6210.7;75539100
2018-03-26;6178.73;6205.57;6167.34;6200.17;6200.17;62145400
2018-03-27;6246.23;6274.3;6188.61;6209.35;6209.35;70878900
2018-03-28;6195.48;6197.01;6116.89;6140.84;6140.84;61446800
2018-03-29;6153.65;6188.99;6101.77;6188.99;6188.99;59162000
2018-04-02;6194.51;6240.57;6168.37;6240.57;6240.57;58966000
2018-04-03;6212.77;6234.57;6202.13;6229.01;6229.01;61788600
2018-04-04;6240.98;6250.14;6137.16;6157.1;6157.1;72730600
2018-04-05;6194.1;6211.87;6176.7;6183.23;6183.23;62063900
2018-04-06;6184.87;6192.42;6165.21;6175.05;6175.05;59659700
2018-04-09;6179.38;6246.13;6178.18;6246.13;6246.13;64251100
2018-04-10;6244.35;6334.47;6243;6325.82;6325.82;63897300
2018-04-11;6352.6;6380.35;6349.64;6360.93;6360.93;72747400
2018-04-12;6351.05;6356.15;6289.86;6310.8;6310.8;65143600
2018-04-13;6322.95;6335.21;6270.33;6270.33;6270.33;55764300
2018-04-16;6279.63;6305.03;6262.24;6286.75;6286.75;56984800
2018-04-17;6290.86;6303.97;6259.59;6285.76;6285.76;89647000
2018-04-18;6302.98;6320;6297.95;6320;6320;79669800
2018-04-19;6321.22;6355.9;6319.58;6355.9;6355.9;75020900
2018-04-20;6356;6360.32;6314.2;6337.69;6337.69;60183000
2018-04-23;6328.65;6335.45;6298.38;6308.15;6308.15;62110600
2018-04-24;6313.72;6316.7;6225.55;6229.63;6229.63;58631000
2018-04-25;6219.76;6220.04;6070.79;6079.85;6079.85;58356100
2018-04-26;6080.38;6089.1;5894.15;5909.2;5909.2;67664100
2018-04-27;5968.88;5997.5;5885.34;5919.24;5919.24;55164900
2018-04-30;5937.08;6005.88;5936.53;5994.6;5994.6;59188600
2018-05-02;5999.36;6012.94;5970.4;6012.24;6012.24;67805700
2018-05-03;5990.16;5996.49;5858.73;5858.73;5858.73;61109700
2018-05-04;5849.31;5855.11;5768.38;5792.35;5792.35;52388700
2018-05-07;5814.96;5885.1;5808.19;5885.1;5885.1;52856100
2018-05-08;5862.78;5866.08;5752.8;5774.72;5774.72;57813800
2018-05-09;5734.18;5917.82;5716.65;5907.94;5907.94;66282300
2018-05-11;5923.09;6023.04;5921.19;5956.83;5956.83;66776200
2018-05-14;5933.46;5947.15;5853.44;5947.15;5947.15;56191400
2018-05-15;5926.08;5940.42;5833.63;5838.12;5838.12;64487000
2018-05-16;5780.88;5841.46;5738.58;5841.46;5841.46;62283300
2018-05-17;5854.87;5898.3;5815.92;5815.92;5815.92;67370600
2018-05-18;5831.05;5843.45;5783.31;5783.31;5783.31;55495900
2018-05-21;5779.24;5786.39;5719.48;5733.85;5733.85;63717500
2018-05-22;5767.63;5813.43;5751.12;5751.12;5751.12;67420300
2018-05-23;5764.42;5850.54;5764.31;5792;5792;60646300
2018-05-24;5833.62;5954.31;5833.35;5946.54;5946.54;71497000
2018-05-25;5957.43;6003.24;5949.52;5975.74;5975.74;58672900
2018-05-28;5979.62;6080.51;5977;6068.33;6068.33;66767100
2018-05-30;6037.43;6095.83;6001.8;6011.06;6011.06;76998100
2018-05-31;6037.26;6055.02;5934.8;5983.59;5983.59;91923400
2018-06-04;6004.12;6032.99;6001.2;6014.82;6014.82;77906000
2018-06-05;6031.37;6088.79;6025.56;6088.79;6088.79;71163800
2018-06-06;6083.92;6096.72;6063.33;6069.71;6069.71;68433200
2018-06-07;6090.98;6116.43;6077.86;6106.7;6106.7;61086000
2018-06-08;6083.33;6096.66;5987.33;5993.63;5993.63;53952100
2018-06-20;5941.79;5947.78;5834.13;5884.04;5884.04;62441700
2018-06-21;5890.06;5922.7;5815.45;5822.33;5822.33;51405000
2018-06-22;5820.19;5837.65;5787.68;5821.81;5821.81;58773500
2018-06-25;5850.31;5891.48;5801.59;5859.08;5859.08;54948400
2018-06-26;5831.6;5878.04;5820.75;5825.65;5825.65;59068400
2018-06-27;5832.58;5859.6;5787.55;5787.55;5787.55;55552900
2018-06-28;5791.58;5801.35;5661.01;5667.32;5667.32;60061700
2018-06-29;5691.69;5799.24;5682.66;5799.24;5799.24;65331400
2018-07-02;5828.5;5832.22;5746.77;5746.77;5746.77;48029600
2018-07-03;5737.35;5752.32;5630.1;5633.94;5633.94;49554000
2018-07-04;5640.56;5738.93;5557.56;5733.64;5733.64;56623500
2018-07-05;5727.91;5739.33;5685.75;5739.33;5739.33;51660500
2018-07-06;5733.13;5743.36;5694.91;5694.91;5694.91;46286700
2018-07-09;5719.86;5815.45;5716.39;5807.38;5807.38;52683800
2018-07-10;5839.04;5888.59;5829.68;5881.76;5881.76;53761000
2018-07-11;5842.99;5897.96;5822.75;5893.36;5893.36;62397700
2018-07-12;5873.05;5931.52;5873.05;5907.87;5907.87;57014300
2018-07-13;5908.48;5961.34;5908.48;5944.07;5944.07;54856000
2018-07-16;5941.91;5956.8;5847.34;5905.16;5905.16;46500100
2018-07-17;5881.79;5884.8;5840.94;5861.51;5861.51;52518200
2018-07-18;5868.87;5899.65;5858.98;5890.73;5890.73;69005100
2018-07-19;5902.03;5920.93;5857.14;5871.08;5871.08;61506700
2018-07-20;5867.81;5884.63;5842.93;5872.78;5872.78;56088500
2018-07-23;5886.52;5928.08;5884.98;5915.8;5915.8;51917100
2018-07-24;5934.41;5945.85;5925.05;5931.84;5931.84;59374900
2018-07-25;5941.13;5947.5;5923.2;5933.89;5933.89;84148200
2018-07-26;5949.66;5967.6;5928.74;5946.14;5946.14;82412300
2018-07-27;5947.36;5992.05;5947.06;5989.14;5989.14;65570700
2018-07-30;5998.1;6027.94;5994.08;6027.94;6027.94;72156300
2018-07-31;6012.93;6013.86;5910.53;5936.44;5936.44;86530400
2018-08-01;5952.94;6034.55;5945.44;6033.42;6033.42;59853600
2018-08-02;6039.59;6055.07;6011.72;6011.72;6011.72;77818300
2018-08-03;6014.8;6023.48;5994.04;6007.54;6007.54;57227000
2018-08-06;6025.61;6102.54;6025.43;6101.13;6101.13;66226000
2018-08-07;6100;6113.99;6079.48;6091.25;6091.25;60294800
2018-08-08;6110.84;6117.29;6081.63;6094.83;6094.83;64676700
2018-08-09;6084.75;6105.92;6055.27;6065.26;6065.26;62375600
2018-08-10;6084.8;6107.7;6059.99;6077.17;6077.17;52870700
2018-08-13;6029.47;6034.56;5861.25;5861.25;5861.25;60906300
2018-08-14;5850.72;5890.99;5744.58;5769.87;5769.87;56998100
2018-08-15;5782.38;5819.64;5689.94;5816.59;5816.59;62023800
2018-08-16;5788.06;5811.62;5743.5;5783.8;5783.8;53443300
2018-08-20;5833.54;5919.33;5833.54;5892.19;5892.19;55005100
2018-08-21;5899.3;5953.91;5899.3;5944.3;5944.3;59014700
2018-08-23;5962.1;5991.3;5934.29;5982.98;5982.98;53558900
2018-08-24;5975.42;5993.6;5949.61;5968.75;5968.75;49474100
2018-08-27;5993.76;6025.97;5993.7;6025.97;6025.97;65676000
2018-08-28;6042.89;6065.25;6023.22;6042.65;6042.65;59104800
2018-08-29;6025.6;6065.15;6003.49;6065.15;6065.15;63016700
2018-08-30;6075.27;6086.94;6013.37;6018.96;6018.96;58498700
2018-08-31;5984.96;6018.46;5940.65;6018.46;6018.46;59513900
2018-09-03;6025.41;6026.92;5954.93;5967.58;5967.58;44310800
2018-09-04;5974.76;5978.73;5889.1;5905.3;5905.3;53980900
2018-09-05;5868.78;5868.78;5621.6;5683.5;5683.5;71761700
2018-09-06;5661.96;5786.67;5660.87;5776.1;5776.1;57940400
2018-09-07;5780.81;5851.46;5769.25;5851.46;5851.46;54320700
2018-09-10;5835.38;5840.87;5776.02;5831.12;5831.12;53873400
2018-09-12;5839.31;5870.6;5798.15;5798.15;5798.15;61414500
2018-09-13;5834.77;5865.07;5834.77;5858.27;5858.27;66435500
2018-09-14;5870.98;5931.28;5870.98;5931.28;5931.28;56571400
2018-09-17;5908.43;5911.65;5811.92;5824.26;5824.26;59608300
2018-09-18;5818.72;5844.95;5781.29;5811.79;5811.79;70975800
2018-09-19;5835.79;5882.66;5835.79;5873.6;5873.6;69601100
2018-09-20;5898.48;5941.02;5897.6;5931.27;5931.27;70876500
2018-09-21;5956.5;5975.17;5935.04;5957.74;5957.74;86255700
2018-09-24;5958.57;5958.57;5876.65;5882.22;5882.22;68687600
2018-09-25;5875.16;5895.02;5850.75;5874.3;5874.3;65935500
2018-09-26;5871.56;5908.59;5870.3;5873.27;5873.27;75063400
2018-09-27;5871.44;5931.72;5870.54;5929.22;5929.22;59721100
2018-09-28;5930.6;5976.55;5930.6;5976.55;5976.55;62677100
2018-10-01;5950.86;5982.06;5944.6;5944.6;5944.6;60605000
2018-10-02;5947.25;5956.78;5862.96;5875.62;5875.62;87701600
2018-10-03;5874.5;5921.57;5848.16;5867.74;5867.74;72943100
2018-10-04;5847.6;5847.6;5742.31;5756.62;5756.62;87537800
2018-10-05;5738.59;5758.27;5706.4;5731.94;5731.94;64862100
2018-10-08;5728.7;5794.43;5728.64;5761.07;5761.07;73665700
2018-10-09;5771.92;5796.79;5756.24;5796.79;5796.79;64525600
2018-10-10;5815.29;5832.93;5798.74;5820.67;5820.67;68341300
2018-10-11;5734;5746.24;5669.72;5702.82;5702.82;90536700
2018-10-12;5722.49;5788.68;5722.49;5756.49;5756.49;60181200
2018-10-15;5786.66;5816.04;5725.58;5727.26;5727.26;65107300
2018-10-16;5737.94;5800.82;5719.51;5800.82;5800.82;64884300
2018-10-17;5833.25;5868.62;5819.17;5868.62;5868.62;64580100
2018-10-18;5850.12;5858.79;5811.92;5845.24;5845.24;62773900
2018-10-19;5810.13;5861.99;5796.78;5837.29;5837.29;63540800
2018-10-22;5841.42;5869.65;5827.63;5840.44;5840.44;68594500
2018-10-23;5838.69;5848.04;5797.34;5797.89;5797.89;61556000
2018-10-24;5795.75;5818.84;5709.42;5709.42;5709.42;71593900
2018-10-25;5629.95;5754.96;5623.84;5754.96;5754.96;51569200
2018-10-26;5761.45;5790.95;5748.61;5784.92;5784.92;52533300
2018-10-29;5788.92;5814.68;5747.03;5754.61;5754.61;49595700
2018-10-30;5755.02;5789.1;5733.24;5789.1;5789.1;59748100
2018-10-31;5817.49;5835.17;5769.54;5831.65;5831.65;69910100
2018-11-01;5855.22;5883.22;5815.76;5835.92;5835.92;63198100
2018-11-02;5873.01;5906.29;5827.15;5906.29;5906.29;67022200
2018-11-05;5895.24;5926.63;5886.21;5920.59;5920.59;53671600
2018-11-06;5942.32;5959.97;5898.56;5923.93;5923.93;53343100
2018-11-07;5942.22;5947.61;5891.14;5939.89;5939.89;62481200
2018-11-08;5972.33;5996.84;5949.52;5976.81;5976.81;73188500
2018-11-09;5934.18;5936.03;5859.09;5874.15;5874.15;65342000
2018-11-12;5865.74;5884.08;5777.05;5777.05;5777.05;53857800
2018-11-13;5754.6;5850.38;5747.53;5835.2;5835.2;58918000
2018-11-14;5857.72;5896.8;5851.79;5858.29;5858.29;72751500
2018-11-15;5885.22;5960.4;5880.21;5955.74;5955.74;60149800
2018-11-16;5975.11;6058.83;5968.67;6012.35;6012.35;61140800
2018-11-19;6028.34;6036.99;5974.13;6005.3;6005.3;56032100
2018-11-21;5942.2;5978.6;5908;5948.05;5948.05;62393500
2018-11-22;5936.66;5997.64;5936.66;5990.81;5990.81;76590600
2018-11-23;5998.03;6017.46;5971.99;6006.2;6006.2;62607300
2018-11-26;5997.73;6025.99;5990.98;6022.78;6022.78;67223700
2018-11-27;6002.39;6034.18;5992.88;6013.59;6013.59;69182000
2018-11-28;6027.58;6030.9;5990.35;5991.25;5991.25;72385300
2018-11-29;6030.74;6107.17;6029.66;6107.17;6107.17;71888500
2018-11-30;6104.64;6117.19;6056.12;6056.12;6056.12;104904600
2018-12-03;6118.06;6157.3;6101.74;6118.32;6118.32;84784300
2018-12-04;6118.63;6152.86;6118.47;6152.86;6152.86;65189800
2018-12-05;6097.64;6133.12;6064.83;6133.12;6133.12;67897200
2018-12-06;6095.01;6131.63;6086.13;6115.49;6115.49;65929300
2018-12-07;6108.95;6141.47;6103.18;6126.36;6126.36;66079200
2018-12-10;6103.1;6121.78;6078.63;6111.36;6111.36;56866400
2018-12-11;6095.35;6106.98;6069.16;6076.59;6076.59;71781900
2018-12-12;6097.73;6118.23;6084.34;6115.58;6115.58;79263500
2018-12-13;6140.88;6186.05;6139.33;6177.72;6177.72;82093700
2018-12-14;6178.57;6185.48;6160.35;6169.84;6169.84;61924800
2018-12-17;6163.63;6174.22;6089.31;6089.31;6089.31;61873200
2018-12-18;6056.23;6081.87;6014.79;6081.87;6081.87;60526100
2018-12-19;6076.29;6176.09;6076.22;6176.09;6176.09;82872200
2018-12-20;6144.94;6160.41;6112.06;6147.88;6147.88;64812900
2018-12-21;6117.84;6165.28;6110.61;6163.6;6163.6;59446800
2018-12-26;6126.65;6144.6;6094.41;6127.85;6127.85;53220400
2018-12-27;6173.52;6191.7;6157.65;6190.64;6190.64;65545500
2018-12-28;6200.3;6212.12;6176.63;6194.5;6194.5;69954900
2019-01-02;6197.87;6205.9;6164.83;6181.17;6181.17;52797800
2019-01-03;6176.15;6221.01;6176.15;6221.01;6221.01;72166700
2019-01-04;6211.1;6274.54;6200.85;6274.54;6274.54;80858100
2019-01-07;6317.63;6354.76;6287.22;6287.22;6287.22;90278300
2019-01-08;6292.26;6316.24;6251.38;6262.85;6262.85;90537400
2019-01-09;6296.12;6311.58;6265.33;6272.24;6272.24;105604200
2019-01-10;6293.96;6328.71;6268.51;6328.71;6328.71;122462300
2019-01-11;6347.97;6361.46;6337.55;6361.46;6361.46;78112000
2019-01-14;6351.33;6359.88;6302.4;6336.12;6336.12;79731000
2019-01-15;6347.1;6408.78;6333.64;6408.78;6408.78;95139900
2019-01-16;6417.13;6425.94;6385.59;6413.36;6413.36;104252800
2019-01-17;6421.41;6457.73;6410.95;6423.78;6423.78;99214400
2019-01-18;6444.21;6452.56;6409.1;6448.16;6448.16;77604300
2019-01-21;6448.54;6472.15;6438.9;6450.83;6450.83;101769000
2019-01-22;6452.6;6468.56;6416.59;6468.56;6468.56;100776200
2019-01-23;6452.91;6484.2;6449.92;6451.17;6451.17;109468500
2019-01-24;6451.26;6478.88;6446.58;6466.65;6466.65;120391000
2019-01-25;6474.16;6498.33;6470.12;6482.84;6482.84;92035400
2019-01-28;6488.9;6501.09;6433.82;6458.71;6458.71;95548600
2019-01-29;6454.47;6485.25;6428.47;6436.48;6436.48;73064200
2019-01-30;6445.41;6464.93;6435.42;6464.19;6464.19;78683300
2019-01-31;6491.39;6544.48;6491.39;6532.97;6532.97;104349100
2019-02-01;6552.06;6581.73;6516.44;6538.64;6538.64;88866200
2019-02-04;6540.77;6555.99;6479.05;6481.45;6481.45;89042000
2019-02-06;6503.58;6552.22;6503.58;6547.88;6547.88;106799500
2019-02-07;6556.12;6563.98;6517.23;6536.46;6536.46;115112600
2019-02-08;6513.74;6526.87;6498.96;6521.66;6521.66;96579400
2019-02-11;6523.7;6535.18;6494.12;6495;6495;94974200
2019-02-12;6503.05;6513.1;6392.24;6426.33;6426.33;118209700
2019-02-13;6445.18;6456.57;6398.89;6419.12;6419.12;122590200
2019-02-14;6429.13;6446.34;6402.43;6420.02;6420.02;117183600
2019-02-15;6425.81;6433.69;6374.9;6389.08;6389.08;98204900
2019-02-18;6428.28;6501.03;6425.92;6497.81;6497.81;97765700
2019-02-19;6500.7;6534.01;6493.31;6494.67;6494.67;98372900
2019-02-20;6521.81;6552.15;6483.07;6512.78;6512.78;110588600
2019-02-21;6510.57;6539.07;6498.99;6537.77;6537.77;102022900
2019-02-22;6518.19;6530.22;6481.48;6501.38;6501.38;101594400
2019-02-25;6522.31;6538.49;6507.92;6525.36;6525.36;95685700
2019-02-26;6527.72;6540.95;6497.76;6540.95;6540.95;111994800
2019-02-27;6532.04;6539.29;6499.81;6525.68;6525.68;89352100
2019-02-28;6526.93;6526.93;6433.24;6443.35;6443.35;100223700
2019-03-01;6468.62;6505.1;6466.16;6499.88;6499.88;78269700
2019-03-04;6508.26;6537.23;6487.85;6488.42;6488.42;89179000
2019-03-05;6485.58;6485.64;6409.34;6441.28;6441.28;82023100
2019-03-06;6460.81;6473.01;6424.26;6457.96;6457.96;91098200
2019-03-08;6439.84;6442.2;6381.73;6383.07;6383.07;92588600
2019-03-11;6418.88;6420.78;6366.04;6366.43;6366.43;97316700
2019-03-12;6395.88;6404.43;6339.97;6353.77;6353.77;84514000
2019-03-13;6343.12;6377.58;6337.87;6377.58;6377.58;100029400
2019-03-14;6374.92;6413.27;6372.96;6413.27;6413.27;96692700
2019-03-15;6420.18;6489.19;6419.64;6461.18;6461.18;122938800
2019-03-18;6481.59;6509.45;6477.29;6509.45;6509.45;105004500
2019-03-19;6515.56;6522.21;6473.29;6480.28;6480.28;113972800
2019-03-20;6486.88;6498.43;6463.94;6482.71;6482.71;106335600
2019-03-21;6499.27;6515.97;6484.31;6501.78;6501.78;120956200
2019-03-22;6510.85;6525.27;6491.9;6525.27;6525.27;129537900
2019-03-25;6473.86;6474.65;6391.52;6411.25;6411.25;105721300
2019-03-26;6440.92;6478.05;6439.58;6470;6470;85932800
2019-03-27;6480.56;6485.43;6443.97;6444.74;6444.74;90444600
2019-03-28;6460.49;6480.79;6445.36;6480.79;6480.79;92075400
2019-03-29;6480.98;6485.96;6440.92;6468.75;6468.75;102927100
2019-04-01;6485.72;6492.91;6444.84;6452.61;6452.61;93229400
2019-04-02;6476.62;6490.07;6454.98;6476.07;6476.07;97657900
2019-04-04;6489.79;6505.8;6480.08;6494.63;6494.63;115935300
2019-04-05;6501.1;6506.8;6473.96;6474.02;6474.02;104044400
2019-04-08;6480.18;6484.15;6390.71;6425.73;6425.73;104784600
2019-04-09;6434.62;6484.39;6429.54;6484.35;6484.35;103220100
2019-04-10;6476.78;6487.76;6456.67;6478.33;6478.33;85785100
2019-04-11;6468.26;6472.73;6410.17;6410.17;6410.17;98465700
2019-04-12;6395.07;6422.27;6394.91;6405.87;6405.87;115690900
2019-04-15;6426.9;6442.03;6415.12;6435.15;6435.15;89372600
2019-04-16;6440.72;6485.12;6438.4;6481.54;6481.54;113905400
2019-04-18;6568.85;6636.33;6487.23;6507.22;6507.22;112896400
2019-04-22;6511.09;6516.24;6410.04;6414.74;6414.74;94956300
2019-04-23;6420.16;6482.82;6415.46;6462.82;6462.82;105904400
2019-04-24;6460.27;6472.53;6433.97;6447.88;6447.88;95981100
2019-04-25;6423.84;6431.59;6353.28;6372.79;6372.79;95830800
2019-04-26;6349.92;6401.08;6321.66;6401.08;6401.08;84764000
2019-04-29;6388.38;6428.34;6376.71;6425.9;6425.9;87784100
2019-04-30;6437.98;6457.82;6428.25;6455.35;6455.35;94646800
2019-05-02;6458.12;6465.77;6363.04;6374.42;6374.42;105193000
2019-05-03;6366.75;6367.62;6261.25;6319.46;6319.46;93047100
2019-05-06;6254.81;6263.09;6207.62;6256.35;6256.35;76667800
2019-05-07;6271.96;6310.94;6268.32;6297.32;6297.32;99893700
2019-05-08;6260.7;6270.88;6231.36;6270.2;6270.2;92019200
2019-05-09;6242.18;6259.63;6195.39;6198.8;6198.8;92161300
2019-05-10;6203.1;6232.66;6149.22;6209.12;6209.12;83315100
2019-05-13;6225.4;6238.26;6135.4;6135.4;6135.4;73081800
2019-05-14;6081.4;6101.09;6033.62;6071.2;6071.2;102612300
2019-05-15;6091.64;6107.44;5980.88;5980.88;5980.88;90189500
2019-05-16;5969.86;6009.63;5889.56;5895.74;5895.74;90700800
2019-05-17;5930.27;5936.97;5826.87;5826.87;5826.87;88536300
2019-05-20;5822.47;5930.15;5767.4;5907.12;5907.12;88516800
2019-05-21;5925.42;5996.54;5925.42;5951.37;5951.37;88868800
2019-05-22;5948.38;5966.8;5918.9;5939.64;5939.64;73752300
2019-05-23;5944.03;6044.57;5942.17;6032.7;6032.7;80007700
2019-05-24;6042.58;6080.19;6037.08;6057.35;6057.35;94909100
2019-05-27;6056.41;6114.53;6054.77;6098.97;6098.97;79120000
2019-05-28;6101.84;6118.91;6033.14;6033.14;6033.14;107550600
2019-05-29;6059.53;6112.43;6054.57;6104.11;6104.11;79068400
2019-05-31;6110.52;6209.12;6110.48;6209.12;6209.12;94994300
2019-06-10;6277.29;6334.65;6276.28;6289.61;6289.61;94734500
2019-06-11;6286.8;6310;6255.26;6305.99;6305.99;86434200
2019-06-12;6270.35;6296.82;6257.44;6276.18;6276.18;90308800
2019-06-13;6282.61;6284.46;6250.12;6273.08;6273.08;95630400
2019-06-14;6278.03;6294.65;6234.99;6250.27;6250.27;86134100
2019-06-17;6259.54;6263.5;6190.52;6190.52;6190.52;94608600
2019-06-18;6195.13;6257.33;6195.13;6257.33;6257.33;94426600
2019-06-19;6289.45;6339.26;6289.45;6339.26;6339.26;104524400
2019-06-20;6346.01;6357.46;6311.25;6335.7;6335.7;93519900
2019-06-21;6343.48;6352.53;6269.69;6315.44;6315.44;111701800
2019-06-24;6307.93;6320.54;6280.22;6288.46;6288.46;113990600
2019-06-25;6312.1;6327.98;6308;6320.44;6320.44;104114600
2019-06-26;6323.81;6334.18;6303.35;6310.49;6310.49;117335500
2019-06-27;6324.69;6357.93;6320.09;6352.71;6352.71;99586800
2019-06-28;6367.02;6377.35;6351.51;6358.63;6358.63;106200900
2019-07-01;6381.18;6395.63;6369.19;6379.69;6379.69;128295500
2019-07-02;6388.22;6394.45;6365.37;6384.9;6384.9;128839600
2019-07-03;6362.96;6385.37;6334.75;6362.62;6362.62;115118100
2019-07-04;6364.07;6385.13;6359.42;6375.97;6375.97;138923400
2019-07-05;6373.32;6386.64;6362.92;6373.48;6373.48;132400300
2019-07-08;6360.21;6367.36;6324.72;6351.83;6351.83;106782100
2019-07-09;6351.48;6388.32;6351.42;6388.32;6388.32;120669200
2019-07-10;6393.19;6412.82;6393.19;6410.68;6410.68;116571800
2019-07-11;6424.63;6434.91;6397.22;6417.07;6417.07;123096800
2019-07-12;6414.2;6425.32;6369.5;6373.35;6373.35;132748400
2019-07-15;6408.31;6439.19;6405.45;6418.23;6418.23;138330000
2019-07-16;6414.73;6428.27;6389.4;6401.88;6401.88;120399800
2019-07-17;6395.46;6403.5;6377.5;6394.61;6394.61;142137300
2019-07-18;6385.06;6407.26;6375.62;6403.29;6403.29;150696400
2019-07-19;6417.44;6456.54;6417.44;6456.54;6456.54;129678900
2019-07-22;6461.41;6468.25;6420.35;6433.55;6433.55;125797900
2019-07-23;6443.71;6454.09;6396.67;6403.81;6403.81;129238000
2019-07-24;6413.32;6419.22;6380.01;6384.99;6384.99;149335200
2019-07-25;6392.39;6412.71;6386.29;6401.37;6401.37;124582800
2019-07-26;6379.2;6385.59;6314.41;6325.24;6325.24;122282900
2019-07-29;6336.85;6349.37;6283.6;6299.04;6299.04;126988300
2019-07-30;6317.57;6377;6317.04;6377;6377;127506100
2019-07-31;6362.11;6390.5;6349;6390.5;6390.5;114214500
2019-08-01;6385.26;6404.58;6372.71;6381.54;6381.54;107634100
2019-08-02;6341.12;6353.11;6317.27;6340.18;6340.18;93321300
2019-08-05;6311.16;6315.06;6175.7;6175.7;6175.7;122385300
2019-08-06;6105.09;6157.76;6022.6;6119.47;6119.47;113648900
2019-08-07;6155.83;6221.66;6153.64;6204.19;6204.19;115751900
2019-08-08;6224.9;6281.1;6224.9;6274.67;6274.67;108941500
2019-08-09;6300.09;6319.44;6280.67;6282.13;6282.13;102271800
2019-08-12;6300.67;6309.1;6245.28;6250.6;6250.6;98246100
2019-08-13;6251.31;6251.31;6198.07;6210.96;6210.96;106057400
2019-08-14;6255.51;6274.58;6240.2;6267.33;6267.33;116897700
2019-08-15;6192.46;6257.59;6161.67;6257.59;6257.59;118749900
2019-08-16;6264.38;6292.38;6235.7;6286.66;6286.66;122425200
2019-08-19;6310.63;6329.74;6284.78;6296.71;6296.71;107478400
2019-08-20;6311.91;6317.69;6279.56;6295.74;6295.74;115615800
2019-08-21;6290.81;6308.35;6247.99;6252.97;6252.97;97455300
2019-08-22;6257.56;6265.96;6210.54;6239.25;6239.25;102340600
2019-08-23;6228.13;6255.6;6204.19;6255.6;6255.6;104137900
2019-08-26;6193.23;6230.31;6149.02;6214.51;6214.51;120581400
2019-08-27;6244.57;6289.88;6223.74;6278.17;6278.17;117748900
2019-08-28;6289.65;6306.33;6267.19;6281.65;6281.65;107048900
2019-08-29;6288.19;6306.9;6276.42;6289.12;6289.12;111978400
2019-08-30;6316.12;6329.88;6305.04;6328.47;6328.47;132856400
2019-09-02;6331.15;6338.11;6281.6;6290.55;6290.55;126521700
2019-09-03;6293.36;6310.63;6248.8;6261.59;6261.59;122848800
2019-09-04;6266.76;6273.6;6239;6269.66;6269.66;111903900
2019-09-05;6294.28;6307.35;6281.95;6306.8;6306.8;110321300
2019-09-06;6329.41;6336.91;6305.02;6308.95;6308.95;114218400
2019-09-09;6328.28;6333.9;6306.74;6326.21;6326.21;109132800
2019-09-10;6331.73;6342.01;6311.34;6336.67;6336.67;113186400
2019-09-11;6334.59;6381.95;6328.69;6381.95;6381.95;136654000
2019-09-12;6399;6414.48;6337.52;6342.17;6342.17;111986600
2019-09-13;6369.42;6375.8;6318.92;6334.84;6334.84;106712000
2019-09-16;6262.29;6266.14;6193.51;6219.44;6219.44;102809600
2019-09-17;6215.24;6240.35;6205.3;6236.69;6236.69;112446500
2019-09-18;6238.71;6276.63;6236.48;6276.63;6276.63;108718500
2019-09-19;6274.18;6282.06;6242.89;6244.47;6244.47;106914500
2019-09-20;6248.97;6256.82;6213.24;6231.47;6231.47;134219300
2019-09-23;6240.14;6247.58;6197.39;6206.2;6206.2;118747800
2019-09-24;6188.77;6194.59;6115.95;6137.61;6137.61;90097100
2019-09-25;6121.49;6146.4;6086;6146.4;6146.4;91732400
2019-09-26;6168.67;6230.33;6165.93;6230.33;6230.33;105163800
2019-09-27;6213.93;6219.77;6191.66;6196.89;6196.89;112420600
2019-09-30;6190.37;6195.73;6152.5;6169.1;6169.1;93299700
2019-10-01;6163.98;6176.61;6134.77;6138.25;6138.25;99171900
2019-10-02;6124.44;6154;6051.69;6055.42;6055.42;116223100
2019-10-03;6033.03;6050.6;5997.69;6038.53;6038.53;121133700
2019-10-04;6052.75;6076.56;6046.13;6061.25;6061.25;111920200
2019-10-07;6077.74;6084.17;5988.87;6000.58;6000.58;127549800
2019-10-08;6021.69;6046.46;6009.38;6039.6;6039.6;124640500
2019-10-09;6030.46;6047.79;6017.36;6029.16;6029.16;111759600
2019-10-10;6023.98;6044.11;6018.45;6023.64;6023.64;89240100
2019-10-11;6033.32;6109.12;6033.32;6105.8;6105.8;105411100
2019-10-14;6129.23;6153.58;6099.24;6126.88;6126.88;118521000
2019-10-15;6130.3;6158.17;6118.26;6158.17;6158.17;118739300
2019-10-16;6170.56;6183.58;6143.85;6169.59;6169.59;114463100
2019-10-17;6169.9;6197.94;6161.39;6181.01;6181.01;119164000
2019-10-18;6185.21;6201.17;6178.5;6191.95;6191.95;125611600
2019-10-21;6207.89;6228.23;6187.36;6198.99;6198.99;146413800
2019-10-22;6207.49;6229.4;6178.56;6225.5;6225.5;114083500
2019-10-23;6224.42;6257.81;6197.95;6257.81;6257.81;135886700
2019-10-24;6271.51;6339.65;6270.19;6339.65;6339.65;130619300
2019-10-25;6342.61;6348.31;6243.25;6252.35;6252.35;151346100
2019-10-28;6256.79;6278.16;6243.35;6265.38;6265.38;145042900
2019-10-29;6267.68;6281.14;6245.94;6281.14;6281.14;148492100
2019-10-30;6302.09;6304.05;6264.94;6295.75;6295.75;139603200
2019-10-31;6290.57;6301.59;6216.29;6228.32;6228.32;163955700
2019-11-01;6225.81;6228.41;6193.89;6207.19;6207.19;142104600
2019-11-04;6219.13;6242.08;6180.34;6180.34;6180.34;103975100
2019-11-05;6204.44;6264.15;6195.3;6264.15;6264.15;95988100
2019-11-06;6273.92;6274.29;6198.5;6217.54;6217.54;70278100
2019-11-07;6234.6;6235.64;6119.42;6165.62;6165.62;67284200
2019-11-08;6165.77;6180.2;6139.82;6177.99;6177.99;60698400
2019-11-11;6171.44;6182.82;6127.88;6148.74;6148.74;47286600
2019-11-12;6135.49;6180.99;6133.53;6180.99;6180.99;57719100
2019-11-13;6177.66;6183.83;6132.25;6142.5;6142.5;51900400
2019-11-14;6137.54;6146.4;6062.98;6098.95;6098.95;72169800
2019-11-15;6115.76;6137.36;6092.62;6128.35;6128.35;46157800
2019-11-18;6126.41;6134.31;6098.08;6122.62;6122.62;47079600
2019-11-19;6136.94;6152.09;6113.33;6152.09;6152.09;51414200
2019-11-20;6136.25;6167.41;6123.58;6155.11;6155.11;51663000
2019-11-21;6135.76;6137.27;6099.57;6117.36;6117.36;50800300
2019-11-22;6115.79;6122.48;6086.83;6100.24;6100.24;51362000
2019-11-25;6094.75;6105.1;6052.27;6070.76;6070.76;48496000
2019-11-26;6091.24;6096.66;6026.19;6026.19;6026.19;81161800
2019-11-27;6025.94;6052.49;6002.99;6023.04;6023.04;57364300
2019-11-28;6013.27;6036.83;5945.75;5953.06;5953.06;51713900
2019-11-29;5949.88;6015.7;5939.4;6011.83;6011.83;51024700
2019-12-02;6023.61;6130.06;6023.01;6130.06;6130.06;52565500
2019-12-03;6119.9;6148.37;6107.64;6133.9;6133.9;52634500
2019-12-04;6121.33;6127.98;6095.31;6112.88;6112.88;50339400
2019-12-05;6132.04;6157.93;6131.59;6152.12;6152.12;52261600
2019-12-06;6160.78;6186.87;6145.12;6186.87;6186.87;49098600
2019-12-09;6194.08;6210.78;6180.84;6193.79;6193.79;54834500
2019-12-10;6186.75;6205.13;6179.52;6183.5;6183.5;51058500
2019-12-11;6190.58;6204.6;6171.93;6180.1;6180.1;49556800
2019-12-12;6185.42;6201.02;6139.4;6139.4;6139.4;51845400
2019-12-13;6181.06;6197.32;6167.64;6197.32;6197.32;48546800
2019-12-16;6197.31;6237.92;6197.31;6211.59;6211.59;55299700
2019-12-17;6223.44;6244.35;6205.63;6244.35;6244.35;53264500
2019-12-18;6287.25;6287.25;6287.25;6287.25;6287.25;0
2019-12-19;6274.39;6281.42;6235.84;6249.93;6249.93;47624800
2019-12-20;6257.16;6284.37;6231.47;6284.37;6284.37;52766200
2019-12-23;6309.67;6315.72;6270.54;6305.91;6305.91;39077900
2019-12-26;6303.06;6326.27;6303.06;6319.44;6319.44;33608900
2019-12-27;6321.57;6337.34;6312.38;6329.31;6329.31;42100200
2019-12-30;6329.13;6336.92;6289.55;6299.54;6299.54;47557400
2020-01-02;6313.13;6317.01;6263.68;6283.58;6283.58;33043700
2020-01-03;6306.19;6323.47;6287.71;6323.47;6323.47;44625300
2020-01-06;6293.5;6300.44;6252.63;6257.4;6257.4;41421300
2020-01-07;6272.22;6284.89;6246.13;6279.35;6279.35;39441600
2020-01-08;6248.44;6250.12;6218.13;6225.69;6225.69;44622600
2020-01-09;6248.66;6274.49;6238.98;6274.49;6274.49;41868400
2020-01-10;6287.17;6295.37;6271.98;6274.94;6274.94;52213500
2020-01-13;6287.91;6297.78;6269.48;6296.57;6296.57;44003800
2020-01-14;6308.89;6325.41;6298.61;6325.41;6325.41;44467400
2020-01-15;6326.17;6348.53;6255.5;6283.37;6283.37;51089200
2020-01-16;6275.96;6299.54;6255.49;6286.05;6286.05;42118300
2020-01-17;6293.78;6301.48;6266.93;6291.66;6291.66;37597900
2020-01-20;6310.5;6312.99;6240.19;6245.04;6245.04;38818200
2020-01-21;6252;6257.88;6226.06;6238.15;6238.15;41929600
2020-01-22;6241.58;6265.51;6223.19;6233.45;6233.45;51077800
2020-01-23;6244;6255.04;6229.13;6249.21;6249.21;41256500
2020-01-24;6242.83;6258.85;6234.83;6244.11;6244.11;38828900
2020-01-27;6240.82;6242.18;6130.93;6133.21;6133.21;43723000
2020-01-28;6111.18;6111.18;6111.18;6111.18;6111.18;0
2020-01-29;6123.1;6152.59;6102.8;6113.04;6113.04;34605300
2020-01-30;6057.6;6057.6;6057.6;6057.6;6057.6;0
2020-01-31;6076.46;6078.93;5937.02;5940.05;5940.05;41508700
2020-02-03;5920.97;5942.78;5877.2;5884.17;5884.17;34951000
2020-02-04;5947.51;5952.95;5911.38;5922.34;5922.34;36217700
2020-02-05;5955.52;5978.51;5924.37;5978.51;5978.51;39786600
2020-02-06;6002.92;6013.7;5969.48;5987.15;5987.15;39909700
2020-02-07;5988.06;6004.81;5981.64;5999.61;5999.61;35281700
2020-02-10;5993.38;5996.47;5937.38;5952.08;5952.08;34305400
2020-02-11;5974;5975.16;5946.22;5954.4;5954.4;33700000
2020-02-12;5957.06;5962.35;5895.72;5913.08;5913.08;29256800
2020-02-13;5921.91;5929.5;5860.25;5871.95;5871.95;33248200
2020-02-14;5857.72;5890.03;5843.43;5866.94;5866.94;27655200
2020-02-17;5863.91;5878.46;5853.6;5867.52;5867.52;28723300
2020-02-18;5856.88;5907.14;5855.92;5886.96;5886.96;34641400
2020-02-19;5898.9;5928.79;5898.7;5928.79;5928.79;34517800
2020-02-20;5941.45;5960.71;5929.15;5942.49;5942.49;37350100
2020-02-21;5940.79;5944.21;5873.73;5882.25;5882.25;36665400
2020-02-24;5846.15;5863.12;5787.92;5807.05;5807.05;40039600
2020-02-25;5784.74;5814.68;5752.33;5787.14;5787.14;39502600
2020-02-26;5757.17;5757.74;5688.92;5688.92;5688.92;39521300
2020-02-27;5680.44;5684.29;5526.82;5535.69;5535.69;41308700
2020-02-28;5436.17;5456.28;5288.37;5452.7;5452.7;49636800
2020-03-02;5455.05;5491.13;5354.62;5361.25;5361.25;40235000
2020-03-03;5431.3;5545.77;5431.3;5518.63;5518.63;42974300
2020-03-04;5524.09;5651.85;5516.81;5650.14;5650.14;45255400
2020-03-05;5688.78;5715.94;5613.72;5638.13;5638.13;40684000
2020-03-06;5575.57;5577.8;5498.54;5498.54;5498.54;32430900
2020-03-09;5364.6;5364.6;5133.15;5136.81;5136.81;42737600
2020-03-10;5149.49;5278.42;5149.45;5220.83;5220.83;44495700
2020-03-11;5231.61;5264.48;5112.32;5154.1;5154.1;46650100
2020-03-12;5040.96;5040.99;4895.75;4895.75;4895.75;36992900
2020-03-13;4895.75;4937.99;4639.91;4907.57;4907.57;46288600
2020-03-16;4907.57;4907.57;4677.75;4690.66;4690.66;30471900
2020-03-17;4690.66;4698.04;4447.96;4456.75;4456.75;30662200
2020-03-18;4456.75;4473.82;4284.67;4330.67;4330.67;38642900
2020-03-19;4330.67;4330.67;4093.71;4105.42;4105.42;26383700
2020-03-20;4105.42;4238.26;3918.34;4194.94;4194.94;63008300
2020-03-23;4194.94;4194.94;3975.19;3989.52;3989.52;32514300
2020-03-24;3989.52;4123.56;3911.72;3937.63;3937.63;45744100
2020-03-26;3937.63;4370.66;3935.91;4338.9;4338.9;81100100
2020-03-27;4338.9;4697.67;4338.9;4545.57;4545.57;77851100
2020-03-30;4545.57;4545.57;4317.71;4414.5;4414.5;27552200
2020-03-31;4414.5;4569.47;4414.5;4538.93;4538.93;43426600
2020-04-01;4538.93;4627.42;4445.14;4466.04;4466.04;41848000
2020-04-02;4466.04;4531.69;4393.67;4531.69;4531.69;46011500
2020-04-03;4531.69;4623.43;4531.69;4623.43;4623.43;58684300
2020-04-06;4623.43;4811.83;4623.43;4811.83;4811.83;70452900
2020-04-07;4811.83;4975.54;4721.72;4778.64;4778.64;86224800
2020-04-08;4778.64;4780.21;4583.9;4626.69;4626.69;45557700
2020-04-09;4626.69;4669.71;4562.9;4649.08;4649.08;53523100
2020-04-13;4649.08;4659.03;4591.73;4623.89;4623.89;45586600
2020-04-14;4623.89;4706.49;4623.89;4706.49;4706.49;55226400
2020-04-15;4706.49;4747.73;4605.05;4625.9;4625.9;63059600
2020-04-16;4480.61;4480.61;4480.61;4480.61;4480.61;0
2020-04-17;4480.61;4637.24;4480.61;4634.82;4634.82;54547300
2020-04-20;4634.82;4669.54;4573.77;4575.9;4575.9;52113500
2020-04-21;4575.9;4575.9;4482.64;4501.92;4501.92;42328500
2020-04-22;4501.92;4580.68;4441.09;4567.56;4567.56;48368900
2020-04-23;4567.56;4629.03;4567.56;4593.55;4593.55;49463700
2020-04-24;4593.55;4593.83;4496.06;4496.06;4496.06;46122600
2020-04-27;4496.06;4541.31;4474.89;4513.14;4513.14;36774700
2020-04-28;4513.14;4532.38;4494.47;4529.55;4529.55;45440500
2020-04-29;4529.55;4568.67;4523.96;4567.32;4567.32;41461800
2020-04-30;4567.32;4726.77;4567.32;4716.4;4716.4;60229700
2020-05-04;4716.4;4716.4;4576.23;4605.49;4605.49;39084200
2020-05-05;4605.49;4667.79;4605.49;4630.13;4630.13;47829500
2020-05-06;4630.13;4647.52;4597.75;4608.79;4608.79;45079300
2020-05-08;4608.79;4630.59;4586.74;4597.43;4597.43;47798700
2020-05-11;4597.43;4659.86;4597.43;4639.1;4639.1;45461000
2020-05-12;4639.1;4644.13;4552.39;4588.73;4588.73;46906900
2020-05-13;4588.73;4588.73;4519.98;4554.36;4554.36;45092300
2020-05-14;4554.36;4564.15;4494.15;4513.83;4513.83;47342600
2020-05-15;4513.83;4540.42;4460.27;4507.61;4507.61;46257200
2020-05-18;4507.61;4527.97;4487.18;4511.06;4511.06;45156900
2020-05-19;4511.06;4609.04;4511.06;4548.66;4548.66;51665300
2020-05-20;4548.66;4561.55;4521.47;4545.95;4545.95;42464800
2020-05-26;4545.95;4634.65;4541.83;4626.8;4626.8;53757500
2020-05-27;4626.8;4641.56;4597.37;4641.56;4641.56;60985400
2020-05-28;4641.56;4741.6;4638.81;4716.19;4716.19;68549600
2020-05-29;4716.19;4755.96;4704.79;4753.61;4753.61;104791300
2020-06-02;4753.61;4884.01;4753.61;4847.51;4847.51;73135500
2020-06-03;4847.51;4960.07;4847.51;4941.01;4941.01;101631500
2020-06-04;4941.01;5014.76;4899.39;4916.7;4916.7;110933800
2020-06-05;4916.7;4948.51;4851.15;4947.78;4947.78;86864800
2020-06-08;4947.78;5103.09;4947.78;5070.56;5070.56;138169200
2020-06-09;5070.56;5139.41;5023.77;5035.06;5035.06;115140600
2020-06-10;5035.06;5036.86;4892.82;4920.68;4920.68;84234700
2020-06-11;4920.68;4931.24;4812.19;4854.75;4854.75;71655200
2020-06-12;4854.75;4880.36;4712.07;4880.36;4880.36;80885000
2020-06-15;4880.36;4918.06;4809.62;4816.34;4816.34;64138400
2020-06-16;4816.34;4989.53;4816.34;4986.46;4986.46;75836700
2020-06-17;4986.46;5018.98;4968.93;4987.78;4987.78;68366200
2020-06-18;4987.78;4993.61;4925.25;4925.25;4925.25;70877500
2020-06-19;4925.25;4970.07;4925.25;4942.27;4942.27;57556700
2020-06-22;4942.27;4957.67;4904.77;4918.83;4918.83;47869800
2020-06-23;4918.83;4938.39;4879.13;4879.13;4879.13;54884300
2020-06-24;4879.13;4977.65;4879.13;4964.73;4964.73;62466500
2020-06-25;4964.73;4964.73;4883.71;4896.73;4896.73;50705900
2020-06-26;4896.73;4941.14;4882.14;4904.09;4904.09;44280300
2020-06-29;4904.09;4909.91;4862.04;4901.82;4901.82;44174500
2020-06-30;4901.82;4939.84;4894.12;4905.39;4905.39;51279100
2020-07-01;4905.39;4928.61;4885.6;4914.39;4914.39;43243400
2020-07-02;4914.39;4966.78;4914.39;4966.78;4966.78;55396200
2020-07-03;4966.78;4997.48;4964.11;4973.79;4973.79;55723400
2020-07-06;4973.79;5009.35;4973.49;4988.87;4988.87;64282100
2020-07-07;4988.87;5011.71;4982.33;4987.08;4987.08;72834600
2020-07-08;4987.08;5080.25;4985.02;5076.17;5076.17;73499000
2020-07-09;5076.17;5111.56;5041.93;5052.79;5052.79;79794300
2020-07-10;5052.79;5076.52;5022.17;5031.26;5031.26;67684500
2020-07-13;5031.26;5075.1;5024.93;5064.45;5064.45;65331900
2020-07-14;5064.45;5079.12;5053.72;5079.12;5079.12;71530500
2020-07-15;5079.12;5116.46;5069.38;5075.8;5075.8;82580500
2020-07-16;5075.8;5107.26;5075.8;5098.37;5098.37;68710400
2020-07-17;5098.37;5110.43;5073.56;5079.58;5079.58;61709100
2020-07-20;5079.58;5100.19;5031.89;5051.11;5051.11;68632100
2020-07-21;5051.11;5135.56;5047.09;5114.71;5114.71;83156800
2020-07-22;5114.71;5142.04;5099.57;5110.19;5110.19;79454100
2020-07-23;5110.22;5162.98;5110.22;5145.01;5145.01;98800000
2020-07-24;5145.01;5149.59;5074.49;5082.99;5082.99;97013800
2020-07-27;5082.99;5116.67;5080.12;5116.67;5116.67;103523300
2020-07-28;5116.67;5143.29;5097.42;5112.99;5112.99;91890400
2020-07-29;5111.11;5149.63;5091.4;5149.63;5149.63;80750000
2020-07-30;5111.11;5149.63;5091.4;5149.63;5149.63;80749900
2020-08-03;5149.63;5157.27;4928.47;5006.22;5006.22;83815200
2020-08-04;5006.22;5075;5006.22;5075;5075;73766600
2020-08-05;5075;5127.05;5059.09;5127.05;5127.05;84611300
2020-08-06;5127.05;5187.96;5127.05;5178.27;5178.27;90452400
2020-08-07;5178.27;5187.37;5119.68;5143.89;5143.89;91282400
2020-08-10;5157.83;5157.83;5157.83;5157.83;5157.83;0
2020-08-11;5157.93;5201.45;5157.93;5190.17;5190.17;88400000
2020-08-12;5190.17;5235.52;5178.46;5233.45;5233.45;96807400
2020-08-13;5233.45;5279.35;5218.41;5239.25;5239.25;84601700
2020-08-14;5239.25;5255.37;5221.92;5247.69;5247.69;70397600
2020-08-18;5247.69;5316.13;5244;5295.17;5295.17;95642400
2020-08-19;5295.17;5327.32;5268.51;5272.81;5272.81;92676400
2020-08-24;5272.81;5294.15;5261.41;5277.04;5277.04;138410800
2020-08-25;5277.04;5341.38;5276.96;5338.89;5338.89;146510200
2020-08-26;5338.89;5351.47;5324.61;5340.33;5340.33;137729200
2020-08-27;5340.33;5371.47;5325.49;5371.47;5371.47;134549700
2020-08-28;5371.47;5381.95;5325.6;5346.66;5346.66;107955900
2020-08-31;5346.66;5369.45;5233.14;5238.49;5238.49;124088000
2020-09-01;5238.49;5310.68;5219.21;5310.68;5310.68;90465800
2020-09-02;5310.68;5337.1;5295.28;5311.97;5311.97;121613800
2020-09-03;5311.97;5331.17;5242.17;5280.81;5280.81;136923000
2020-09-04;5280.81;5280.81;5188.61;5239.85;5239.85;95095800
2020-09-07;5235.01;5245.35;5195.87;5230.2;5230.2;80111600
2020-09-08;5232.92;5256.31;5232.92;5244.07;5244.07;103353200
2020-09-09;5214.03;5216.02;5135.81;5149.38;5149.38;101220300
2020-09-10;5084.33;5084.48;4878.28;4891.46;4891.46;82384700
2020-09-11;4804.64;5016.71;4754.8;5016.71;5016.71;125812400
2020-09-14;5060.02;5161.83;5059.27;5161.83;5161.83;109865600
2020-09-15;5169.25;5187.28;5091.29;5100.87;5100.87;113645500
2020-09-16;5108.13;5117.29;5051.75;5058.48;5058.48;88769100
2020-09-17;5058.95;5099.58;5013.19;5038.4;5038.4;85305000
2020-09-18;5037.37;5072.68;5023.44;5059.22;5059.22;105751600
2020-09-21;5058.99;5075.82;4987.75;4999.36;4999.36;106452100
2020-09-22;4947.73;4978.44;4919.11;4934.09;4934.09;74792200
2020-09-23;4946.5;4984.24;4873.02;4917.96;4917.96;70609200
2020-09-24;4876.35;4897.34;4820.33;4842.76;4842.76;65673400
2020-09-25;4867.96;4949.3;4848.02;4945.79;4945.79;88843900
2020-09-28;4962.95;4991.76;4905.51;4906.55;4906.55;83772300
2020-09-29;4929.33;4950.97;4859.79;4879.1;4879.1;86481700
2020-09-30;4896.43;4903.86;4841.36;4870.04;4870.04;85378000
2020-10-01;4899.64;4970.09;4899;4970.09;4970.09;96362100
2020-10-02;4969.25;4972.82;4881.91;4926.73;4926.73;88815300
2020-10-05;4947.04;4962.79;4915.69;4958.77;4958.77;70868100
2020-10-06;5004.4;5023.89;4992.48;4999.22;4999.22;108547800
2020-10-07;4976.57;5014.61;4962.09;5004.33;5004.33;92870700
2020-10-08;5018.74;5039.14;5001.52;5039.14;5039.14;80288700
2020-10-09;5036.48;5057.84;5029.15;5053.66;5053.66;69016600
2020-10-12;5078.13;5103.5;5078.13;5093.1;5093.1;91642100
2020-10-13;5093.42;5132.96;5064.17;5132.57;5132.57;110621000
2020-10-14;5134.66;5177.92;5125.04;5176.1;5176.1;119876700
2020-10-15;5172.59;5182.53;5105.15;5105.15;5105.15;110523700
2020-10-16;5111.43;5115.56;5067.59;5103.41;5103.41;92480400
2020-10-19;5116.76;5128.65;5090.78;5126.33;5126.33;111112200
2020-10-20;5120.91;5135.08;5080.96;5099.84;5099.84;88592600
2020-10-21;5116.79;5131.51;5083.66;5096.45;5096.45;104786700
2020-10-22;5084.79;5093.83;5063.7;5091.82;5091.82;122922500
2020-10-23;5112.79;5121.02;5095.51;5112.19;5112.19;95498300
2020-10-26;5113.15;5158.27;5113.02;5144.05;5144.05;103314100
2020-10-27;5133.54;5155.57;5110.62;5128.23;5128.23;107122400
2020-11-02;5108.03;5130.69;5073.5;5115.13;5115.13;97646200
2020-11-03;5133.98;5162.35;5131.95;5159.45;5159.45;101351100
2020-11-04;5170.82;5188.01;5105.2;5105.2;5105.2;103974300
2020-11-05;5161.39;5260.33;5161.39;5260.33;5260.33;108832000
2020-11-06;5276.16;5335.53;5246.7;5335.53;5335.53;104732100
2020-11-09;5371.97;5395.71;5319.42;5356;5356;121516500
2020-11-10;5424.73;5469.18;5412.59;5462.74;5462.74;149596500
2020-11-11;5475.56;5520.91;5471.59;5509.51;5509.51;165238700
2020-11-12;5494.48;5500.42;5449.8;5458.6;5458.6;119777900
2020-11-13;5449.1;5466.56;5427.63;5461.06;5461.06;113428800
2020-11-16;5500.03;5519.68;5462.46;5494.87;5494.87;119907500
2020-11-17;5516.58;5562.54;5515.52;5529.94;5529.94;146811400
2020-11-18;5530.88;5574.73;5530.88;5557.52;5557.52;140753000
2020-11-19;5541.42;5598.52;5541.31;5594.06;5594.06;166665200
2020-11-20;5602.78;5628.44;5563.65;5571.66;5571.66;215797300
2020-11-23;5583.33;5652.76;5583.33;5652.76;5652.76;189943100
2020-11-24;5677.3;5710.38;5667.37;5701.03;5701.03;240469400
2020-11-25;5735.14;5770.66;5666.76;5679.25;5679.25;325423300
2020-11-26;5669.66;5759.92;5669.66;5759.92;5759.92;248292500
2020-11-27;5773.56;5795.84;5745.88;5783.33;5783.33;251434900
2020-11-30;5779.67;5798.29;5563.86;5612.42;5612.42;319900500
2020-12-01;5637.89;5736.32;5594.28;5724.74;5724.74;209477700
2020-12-02;5755.18;5813.99;5734.26;5813.99;5813.99;219110200
2020-12-03;5833.32;5853.16;5797.01;5822.94;5822.94;238397400
2020-12-04;5820.82;5823.32;5775.57;5810.48;5810.48;173857900
2020-12-07;5854.3;5941.35;5854.3;5930.76;5930.76;226790300
2020-12-08;5947.66;5961.78;5911.1;5944.41;5944.41;294205100
2020-12-10;5977;6004.42;5911.91;5933.7;5933.7;264587600
2020-12-11;5946.36;5976.57;5924.37;5938.33;5938.33;217654500
2020-12-14;5959.27;6013.95;5959.27;6012.52;6012.52;226876100
2020-12-15;6013.51;6023.21;5965.81;6010.13;6010.13;194411200
2020-12-16;6046.87;6123.95;6046.87;6118.4;6118.4;291042900
2020-12-17;6133.1;6160.98;6075.83;6113.38;6113.38;321737000
2020-12-18;6106.25;6142.86;6091.4;6104.32;6104.32;257981400
2020-12-21;6131.62;6195.15;6119.92;6165.62;6165.62;238612700
2020-12-22;6146.65;6174.46;6010.21;6023.29;6023.29;250085200
2020-12-23;6061.85;6104.35;5853.26;6008.71;6008.71;203528500
2020-12-28;6067;6095.01;5979.9;6093.55;6093.55;180855700
2020-12-29;6112.72;6143.87;6026.71;6036.17;6036.17;175135000
2020-12-30;6052.12;6055.97;5962.01;5979.07;5979.07;170039300
2021-01-04;5997.83;6104.9;5929.05;6104.9;6104.9;183917000
2021-01-05;6105.79;6145.61;6073.42;6137.34;6137.34;174687000
2021-01-06;6139.14;6166.63;5987.79;6065.68;6065.68;199163800
2021-01-07;6091.72;6158.04;6090.36;6153.63;6153.63;227517900
2021-01-08;6190.95;6275.74;6190.1;6257.83;6257.83;221751300
2021-01-11;6278.41;6382.94;6278.37;6382.94;6382.94;297901100
2021-01-12;6393.9;6435.96;6353.31;6395.67;6395.67;279603400
2021-01-13;6439.93;6464.35;6393.9;6435.21;6435.21;343008100
2021-01-14;6445.9;6465.53;6407.57;6428.31;6428.31;344812000
2021-01-15;6447.98;6472.31;6341.25;6373.41;6373.41;262275900
2021-01-18;6365.03;6428.31;6316.88;6389.83;6389.83;337569400
2021-01-19;6421.86;6434.84;6288.98;6321.86;6321.86;223716900
2021-01-20;6334.51;6440.8;6299.39;6429.76;6429.76;190944100
2021-01-21;6476.09;6504.99;6399.67;6413.89;6413.89;171080400
2021-01-22;6419.57;6428.5;6283.31;6307.13;6307.13;157918500
2021-01-25;6322.52;6322.73;6148.31;6258.57;6258.57;154806200
2021-01-26;6252.71;6269.67;6123.01;6140.17;6140.17;172159800
2021-01-27;6153.08;6154.6;5998.9;6109.17;6109.17;181402600
2021-01-28;6065.79;6123.46;5957.55;5979.39;5979.39;157336200
2021-01-29;6010.34;6068.13;5825.29;5862.35;5862.35;147664800
2021-02-01;5856.78;6070.73;5735.47;6067.54;6067.54;208886800
2021-02-02;6119.01;6157.25;6018.09;6043.84;6043.84;227307800
2021-02-03;6096.58;6137.68;6047.41;6077.75;6077.75;153874400
2021-02-04;6111.76;6179.37;6069.55;6107.22;6107.22;148241900
2021-02-05;6136.39;6151.73;6090.98;6151.73;6151.73;134669100
2021-02-08;6193.55;6224.41;6180.73;6208.87;6208.87;161586900
2021-02-09;6232.1;6286.29;6157.13;6181.67;6181.67;175273400
2021-02-10;6198.03;6216.94;6168.01;6201.83;6201.83;122608700
2021-02-11;6221.63;6232.85;6194.01;6222.52;6222.52;104014000
2021-02-15;6244.38;6283.42;6244.38;6270.32;6270.32;123956100
2021-02-16;6291.01;6308.81;6274.35;6292.4;6292.4;144173700
2021-02-17;6292.97;6314.56;6209.31;6227.73;6227.73;169907100
2021-02-18;6230.36;6281.36;6200.31;6200.31;6200.31;167455200
2021-02-19;6196.9;6231.93;6173.59;6231.93;6231.93;133625600
2021-02-22;6267.02;6312.87;6255.31;6255.31;6255.31;145005700
2021-02-23;6267.45;6279.14;6241.95;6272.81;6272.81;126272800
2021-02-24;6283.79;6294.14;6223.65;6251.05;6251.05;152221800
2021-02-25;6280.73;6309.76;6274.5;6289.65;6289.65;237490100
2021-02-26;6246.32;6302.39;6184.52;6241.8;6241.8;219493200
2021-03-01;6281.86;6339.01;6261.56;6338.51;6338.51;173079500
2021-03-02;6367.44;6388.12;6329.5;6359.21;6359.21;180676700
2021-03-03;6378.8;6394.45;6334.24;6376.76;6376.76;242358700
2021-03-04;6355.38;6369.41;6270.11;6290.8;6290.8;238207200
2021-03-05;6263.04;6307.68;6245.31;6258.75;6258.75;153557700
2021-03-08;6304;6325.52;6239.05;6248.46;6248.46;155718400
2021-03-09;6258.67;6267.42;6167.72;6199.65;6199.65;188106700
2021-03-10;6233.62;6276.16;6225.46;6264.68;6264.68;121957600
2021-03-12;6316.88;6364.36;6298.52;6358.21;6358.21;186241800
2021-03-15;6374.76;6387.74;6324.26;6324.26;6324.26;137895500
2021-03-16;6347.19;6355.41;6296.9;6309.7;6309.7;155061500
2021-03-17;6318.07;6321.34;6268.84;6277.23;6277.23;138044900
2021-03-18;6309.58;6358.43;6307;6347.83;6347.83;149718200
2021-03-19;6346.01;6356.16;6307.1;6356.16;6356.16;162089200
2021-03-22;6346.79;6354.94;6290.02;6301.13;6301.13;128638500
2021-03-23;6331.7;6342.13;6245.99;6252.71;6252.71;173805000
2021-03-24;6231.71;6239.55;6143.38;6156.14;6156.14;138290000
2021-03-25;6159.62;6176.43;6058.84;6122.88;6122.88;147353000
2021-03-26;6141.61;6195.56;6106.08;6195.56;6195.56;124284100
2021-03-29;6205.57;6230.99;6165.55;6166.82;6166.82;114609800
2021-03-30;6163.72;6170.67;6046.47;6071.44;6071.44;118686600
2021-03-31;6062.95;6066.84;5892.65;5985.52;5985.52;123071400
2021-04-01;5988.02;6020.16;5960.82;6011.46;6011.46;106367400
2021-04-05;6040.06;6051.62;5964.48;5970.29;5970.29;122053600
2021-04-06;5973.99;6008.5;5944.42;6002.77;6002.77;126386100
2021-04-07;6011.96;6040.46;5982.07;6036.62;6036.62;141523800
2021-04-08;6035.04;6073.91;6030.29;6071.72;6071.72;169546400
2021-04-09;6101.72;6113.16;6070.21;6070.21;6070.21;161275600
2021-04-12;6080.79;6088.83;5942.71;5948.57;5948.57;130244200
2021-04-13;5944.53;5957.61;5883.52;5927.44;5927.44;107375400
2021-04-14;5964.03;6050.28;5962.32;6050.28;6050.28;141883200
2021-04-15;6057.61;6079.5;6029.15;6079.5;6079.5;132167700
2021-04-16;6102.38;6115.62;6062.92;6086.26;6086.26;158024500
2021-04-19;6084.79;6097;6031.83;6052.54;6052.54;159845500
2021-04-20;6029.99;6045.69;5997.95;6038.32;6038.32;106712400
2021-04-21;6010.27;6025.5;5989.98;5993.24;5993.24;117327800
2021-04-22;6004.79;6024.94;5980.46;5994.18;5994.18;139778300
2021-04-23;6000.91;6027.06;5973.25;6016.86;6016.86;151530300
2021-04-26;6018.34;6027.75;5955.62;5964.82;5964.82;122797700
2021-04-27;5987;6003.92;5950.87;5959.62;5959.62;122928600
2021-04-28;5959.95;5981.9;5953.94;5974.48;5974.48;127681000
2021-04-29;6005.8;6019.02;5987.74;6012.96;6012.96;130962400
2021-04-30;6026.53;6033.9;5985.02;5995.62;5995.62;136841700
2021-05-03;5999.66;6004.01;5938.88;5952.6;5952.6;152015700
2021-05-04;5955.4;5974.68;5932.32;5963.82;5963.82;141538100
2021-05-05;5974.56;5992.93;5971.31;5975.91;5975.91;131241100
2021-05-06;5987.07;6005.09;5950.9;5970.24;5970.24;120448300
2021-05-07;5987.33;5994.33;5922.49;5928.31;5928.31;121835200
2021-05-10;5942.11;5985.37;5941.93;5975.79;5975.79;120144700
2021-05-11;5965.85;5966.66;5911.38;5938.35;5938.35;120811100
2021-05-17;5950.14;5958.79;5817.71;5833.86;5833.86;150604900
2021-05-18;5836.08;5855.67;5782.78;5834.39;5834.39;160329900
2021-05-19;5817.14;5828.21;5752.26;5760.58;5760.58;138298600
2021-05-20;5759.63;5814.78;5751.34;5797.6;5797.6;114025600
2021-05-21;5824.11;5838.23;5742.04;5773.12;5773.12;133703000
2021-05-24;5793.07;5805.15;5759.34;5763.63;5763.63;141371900
2021-05-25;5772.94;5848.55;5769.29;5815.84;5815.84;144613700
2021-05-27;5850.5;5904.84;5841.83;5841.83;5841.83;211859200
2021-05-28;5875.27;5891.47;5833.34;5848.62;5848.62;181542500
2021-05-31;5869.22;5947.46;5860.54;5947.46;5947.46;169049900
2021-06-02;6002.48;6031.58;5991.51;6031.58;6031.58;178537100
2021-06-03;6038.86;6091.51;6005.64;6091.51;6091.51;181262300
2021-06-04;6091.13;6103.86;6043.86;6065.17;6065.17;158659400
2021-06-07;6075.51;6088;6050.8;6069.94;6069.94;200000700
2021-06-08;6071.25;6075.89;5992.12;5999.37;5999.37;265159600
2021-06-09;5973.04;6047.48;5972.45;6047.48;6047.48;239289300
2021-06-10;6065.93;6111.45;6064.93;6107.54;6107.54;215823100
2021-06-11;6118.38;6134.88;6084.24;6095.5;6095.5;196526600
2021-06-14;6110.8;6124.87;6071.73;6080.38;6080.38;196186700
2021-06-15;6085.36;6091.37;6051.25;6089.04;6089.04;163564500
2021-06-16;6071.44;6114.1;6049.58;6078.57;6078.57;152950200
2021-06-17;6063.54;6082.29;6034.83;6068.45;6068.45;205095900
2021-06-18;6065.52;6070.42;5944.05;6007.12;6007.12;238006900
2021-06-21;5959.96;6021.49;5884.92;5996.25;5996.25;159997500
2021-06-22;6006.67;6118.86;6006.67;6087.84;6087.84;151167900
2021-06-23;6095.9;6130.1;6034.54;6034.54;6034.54;199578400
2021-06-24;6052.08;6060.49;6003.2;6012.06;6012.06;168548200
2021-06-25;6027.22;6067.79;6019.4;6022.4;6022.4;172441600
2021-06-28;6015.28;6030.89;5939.47;5939.47;5939.47;145849200
2021-06-29;5944.24;5992.86;5913.59;5949.05;5949.05;188801800
2021-06-30;5950.43;6011.26;5950.42;5985.49;5985.49;203167100
2021-07-01;6001.12;6039.03;5969.1;6005.96;6005.96;140966500
2021-07-02;6020.07;6043.43;6014.87;6023.01;6023.01;146766100
2021-07-05;6024.17;6036.98;5985.35;6005.61;6005.61;131732000
2021-07-06;6015.58;6054.61;6013.06;6047.11;6047.11;161021000
2021-07-07;6062.77;6066.99;6022.31;6044.04;6044.04;165513600
2021-07-08;6052.8;6080.22;6028.61;6039.9;6039.9;159513500
2021-07-09;6037;6060.54;6026.55;6039.84;6039.84;136425200
2021-07-12;6060.05;6097.12;6055.99;6078.57;6078.57;135385400
2021-07-13;6097.23;6114.29;6004.82;6012.03;6012.03;172635900
2021-07-14;6008.24;6013.04;5947.62;5979.21;5979.21;138499900
2021-07-15;5986.65;6046.75;5982.8;6046.75;6046.75;141035200
2021-07-16;6063.42;6079.14;6051.76;6072.51;6072.51;129367700
2021-07-19;6062.97;6063.65;6015.15;6017.39;6017.39;123010800
2021-07-21;6034.57;6053.19;6020.86;6029.98;6029.98;153050600
2021-07-22;6057.54;6137.55;6057.54;6137.55;6137.55;178417800
2021-07-23;6145.76;6166.31;6090.6;6101.69;6101.69;143269200
2021-07-26;6109.03;6137.05;6091.02;6106.39;6106.39;156210200
2021-07-27;6120.93;6144.58;6068.51;6097.05;6097.05;179173700
2021-07-28;6094.54;6116.5;6074.87;6088.52;6088.52;161217600
2021-07-29;6106.61;6135.35;6096.5;6120.73;6120.73;178890400
2021-07-30;6136.37;6160.46;6069.84;6070.04;6070.04;193641700
2021-08-02;6098.01;6112.83;6048.1;6096.54;6096.54;216299000
2021-08-03;6108;6142.52;6105.11;6130.57;6130.57;226801300
2021-08-04;6142.48;6163.81;6112.72;6159.04;6159.04;271201100
2021-08-05;6174.61;6218.65;6173.57;6205.42;6205.42;268332500
2021-08-06;6223.83;6263.54;6190.86;6203.43;6203.43;245459900
2021-08-09;6203.75;6239.02;6110.55;6127.46;6127.46;293622300
2021-08-10;6139.34;6147.77;6042.48;6088.41;6088.41;205029900
2021-08-12;6092.25;6139.81;6051.85;6139.65;6139.65;206955800
2021-08-13;6154.05;6179.9;6113.26;6139.49;6139.49;163739300
2021-08-16;6144.94;6147.3;6056.74;6087.91;6087.91;171745600
2021-08-18;6109.56;6136.28;6040.6;6118.15;6118.15;208983000
2021-08-19;6110.55;6111.01;5958.04;5992.32;5992.32;214361500
2021-08-20;5988.76;6030.77;5938.41;6030.77;6030.77;200995800
2021-08-23;6037.7;6109.83;6037.7;6109.83;6109.83;193786700
2021-08-24;6114.67;6138.5;6053.57;6089.5;6089.5;238973300
2021-08-25;6094.15;6131.91;6093.1;6113.24;6113.24;214295900
2021-08-26;6107.04;6119.66;6034.05;6058.08;6058.08;172987800
2021-08-27;6052.83;6066.49;6021.95;6041.37;6041.37;156989800
2021-08-30;6062.11;6144.9;6062.11;6144.9;6144.9;159300800
2021-08-31;6148.77;6158.07;6117.5;6150.3;6150.3;189133300
2021-09-01;6157.82;6169.06;6089.23;6090.93;6090.93;194563800
2021-09-02;6092.65;6110.05;6054.28;6078.23;6078.23;179403300
2021-09-03;6085.63;6126.92;6056.19;6126.92;6126.92;171489500
2021-09-06;6137.13;6150.36;6100.93;6126.94;6126.94;173887900
2021-09-07;6135.87;6145.49;6100.94;6112.4;6112.4;180693200
2021-09-08;6114.48;6123.76;6001.58;6026.02;6026.02;196394300
2021-09-09;6024.32;6072.64;5982.77;6068.22;6068.22;214651900
2021-09-10;6059.15;6102.83;6047.61;6094.87;6094.87;192886100
2021-09-13;6080.06;6094.99;6052.97;6088.16;6088.16;158870000
2021-09-14;6100.63;6130.86;6099.16;6129.1;6129.1;201683300
2021-09-15;6123.91;6125.33;6100;6110.23;6110.23;188698800
2021-09-16;6126.56;6137.67;6098.88;6109.94;6109.94;218872800
2021-09-17;6098.88;6133.25;6086.08;6133.25;6133.25;224719500
2021-09-20;6132.03;6133.17;6053.93;6076.31;6076.31;176619400
2021-09-21;6049.79;6068.79;5996.41;6060.76;6060.76;179600700
2021-09-22;6060.31;6123.74;6059.63;6108.27;6108.27;184349300
2021-09-23;6117.64;6148.15;6117.58;6142.71;6142.71;213294700
2021-09-24;6142.29;6163.88;6119.14;6144.81;6144.81;196295300
2021-09-27;6141.47;6163.28;6109.67;6122.5;6122.5;206632900
2021-09-28;6128.06;6137.95;6097.72;6113.11;6113.11;272570100
2021-09-29;6100.83;6162.55;6086.26;6162.55;6162.55;230726900
2021-09-30;6175.42;6286.94;6174.18;6286.94;6286.94;202745700
2021-10-01;6269.24;6272.06;6202.91;6228.85;6228.85;190252600
2021-10-04;6234.8;6342.69;6234.8;6342.69;6342.69;257881700
2021-10-05;6337.33;6361.45;6277.7;6288.05;6288.05;268318400
2021-10-06;6313.65;6441.5;6307.11;6417.32;6417.32;231440600
2021-10-07;6414.91;6458.64;6392.73;6416.4;6416.4;183232100
2021-10-08;6440;6497.66;6436.52;6481.77;6481.77;231302300
2021-10-11;6482.96;6506.09;6451.68;6459.7;6459.7;204779900
2021-10-12;6462.31;6504.01;6460.09;6486.27;6486.27;204607300
2021-10-13;6502.16;6600.52;6492.66;6536.9;6536.9;193450700
2021-10-14;6552.21;6637.4;6552.21;6626.11;6626.11;178191500
2021-10-15;6645.26;6680.01;6573.34;6633.34;6633.34;160148800
2021-10-18;6649.28;6684.82;6620.85;6658.77;6658.77;188565300
2021-10-19;6665.72;6677.6;6613.89;6656;6656;188504800
2021-10-21;6670.27;6687.13;6602.07;6632.97;6632.97;215065000
2021-10-22;6620.66;6655.44;6585.56;6643.74;6643.74;165782200
2021-10-25;6626.37;6673.52;6625.7;6625.7;6625.7;175632400
2021-10-26;6640.05;6680.12;6638.03;6656.94;6656.94;180194900
2021-10-27;6664.37;6670.81;6590.5;6602.21;6602.21;182503600
2021-10-28;6578.58;6600.25;6509.88;6524.08;6524.08;189347200
2021-10-29;6561.71;6596.77;6551.54;6591.35;6591.35;171512200
2021-11-01;6618.12;6627.85;6552.89;6552.89;6552.89;182528900
2021-11-02;6557.94;6573.69;6480.01;6493.27;6493.27;165299300
2021-11-03;6497.87;6561.81;6485.25;6552.13;6552.13;171604200
2021-11-04;6588.19;6617.86;6583.17;6586.44;6586.44;155291000
2021-11-05;6600.72;6608.42;6550.12;6581.79;6581.79;154117700
2021-11-08;6599.4;6637.01;6592.06;6632.3;6632.3;167444200
2021-11-09;6640.22;6669.92;6633.21;6669.92;6669.92;192392200
2021-11-10;6665.55;6683.15;6651.8;6683.15;6683.15;153422900
2021-11-11;6694.58;6704.46;6671.23;6691.34;6691.34;209193300
2021-11-12;6710.85;6714.16;6646.32;6651.05;6651.05;198646700
2021-11-15;6661.85;6675.6;6610.82;6616.03;6616.03;203267300
2021-11-16;6598.41;6654.52;6592.23;6651.21;6651.21;207039500
2021-11-17;6667.86;6679.3;6650.49;6675.8;6675.8;217158400
2021-11-18;6653.7;6669.79;6621.69;6636.47;6636.47;248016700
2021-11-19;6651.78;6720.99;6651.78;6720.26;6720.26;258781800
2021-11-22;6731.52;6754.46;6690.82;6723.39;6723.39;218097200
2021-11-23;6716.16;6732.9;6662.54;6677.88;6677.88;186336800
2021-11-24;6697.42;6698.41;6668.05;6683.28;6683.28;224587000
2021-11-25;6694.96;6751;6694.8;6699.35;6699.35;215655400
2021-11-26;6688.57;6691.71;6544.9;6561.55;6561.55;242523500
2021-11-29;6552.8;6617.29;6487.75;6608.29;6608.29;0
2021-11-30;6605.8;6647.48;6533.93;6533.93;6533.93;216798600
2021-12-01;6544.52;6593.07;6494.5;6507.68;6507.68;195068500
2021-12-02;6517.34;6586.9;6484.58;6583.82;6583.82;210837500
2021-12-03;6588.01;6600.17;6536.91;6538.51;6538.51;172625500
2021-12-06;6552.82;6585.26;6525.98;6547.12;6547.12;180052400
2021-12-07;6575.98;6608.63;6573.11;6602.57;6602.57;212352000
2021-12-08;6618.75;6632.94;6584.97;6603.8;6603.8;216901600
2021-12-09;6617.13;6643.93;6602.88;6643.93;6643.93;240218200
2021-12-10;6618.69;6652.92;6605.42;6652.92;6652.92;229170800
2021-12-13;6663.74;6688.38;6659.17;6662.87;6662.87;232086300
2021-12-14;6665.38;6671.31;6598.69;6615.64;6615.64;187591100
2021-12-15;6615.72;6662.84;6610.45;6626.26;6626.26;196016500
2021-12-16;6648.29;6661.94;6579.36;6594.8;6594.8;185929900
2021-12-17;6584.89;6609.04;6559.3;6601.93;6601.93;210214300
2021-12-20;6571.35;6579.13;6533.52;6547.11;6547.11;181341400
2021-12-21;6545.54;6579.89;6531.56;6554.31;6554.31;186470700
2021-12-22;6572.54;6592.17;6529.59;6529.59;6529.59;187213900
2021-12-23;6537.6;6570.29;6531.78;6555.55;6555.55;209975800
2021-12-24;6559.09;6583.86;6554.98;6562.9;6562.9;176357600
2021-12-27;6570.56;6588.43;6562.55;6575.44;6575.44;179010000
2021-12-28;6588.13;6615.95;6586.52;6598.34;6598.34;191799500
2021-12-29;6603.76;6621.58;6585.4;6600.68;6600.68;200549500
2021-12-30;6609.44;6613.73;6581.48;6581.48;6581.48;192017600
2022-01-03;6586.26;6677.2;6586.13;6665.31;6665.31;182552700
2022-01-04;6675.13;6720.66;6675.13;6695.37;6695.37;185900100
2022-01-05;6703.17;6738.11;6634.84;6662.3;6662.3;179080500
2022-01-06;6674.85;6679.85;6593.23;6653.35;6653.35;179990500
2022-01-07;6669.51;6712.15;6647.71;6701.32;6701.32;157064700
2022-01-10;6697.38;6725.02;6689.28;6691.12;6691.12;159382400
2022-01-11;6705.8;6727.77;6636.5;6647.97;6647.97;181053500
2022-01-12;6662.4;6690.32;6625.76;6647.06;6647.06;192900600
2022-01-13;6659.97;6667.94;6626.34;6658.36;6658.36;180765500
2022-01-14;6653.65;6699.41;6631.05;6693.4;6693.4;140467300
2022-01-17;6711.41;6711.82;6625.86;6645.05;6645.05;148626000
2022-01-18;6654.96;6667.4;6534.27;6614.06;6614.06;172778900
2022-01-19;6609.83;6615.45;6575.38;6591.98;6591.98;171354300
2022-01-20;6607.8;6637.21;6587.77;6626.87;6626.87;158271000
2022-01-21;6626.35;6726.37;6607.42;6726.37;6726.37;154628300
2022-01-24;6700.82;6712.26;6645.41;6655.17;6655.17;176239200
2022-01-25;6630.88;6632.95;6523.93;6568.17;6568.17;213235100
2022-01-26;6569.82;6601.34;6549.52;6600.82;6600.82;226349800
2022-01-27;6586.85;6627.41;6570.75;6611.16;6611.16;177817500
2022-01-28;6618.72;6645.51;6603.49;6645.51;6645.51;192680600
2022-01-31;6656.71;6669.91;6626.66;6631.15;6631.15;182548300
2022-02-02;6657.79;6716.6;6650.3;6707.65;6707.65;214830000
2022-02-03;6724.4;6730.6;6648.08;6683.85;6683.85;202406000
2022-02-04;6697.94;6731.39;6685.4;6731.39;6731.39;177332600
2022-02-07;6751.35;6806.73;6748.91;6804.94;6804.94;225856300
2022-02-08;6813.18;6860.75;6780.42;6789.52;6789.52;255862800
2022-02-09;6811.75;6840.39;6796.63;6834.61;6834.61;253458500
2022-02-10;6859.33;6874.35;6814.21;6823.64;6823.64;279507200
2022-02-11;6813.61;6825.06;6773.54;6815.61;6815.61;223574800
2022-02-14;6791.32;6796.71;6698.51;6734.49;6734.49;202907800
2022-02-15;6746.36;6807.5;6727.36;6807.5;6807.5;210390400
2022-02-16;6821.93;6857.65;6821.16;6850.2;6850.2;216253600
2022-02-17;6836.18;6859.71;6790.59;6835.12;6835.12;229539500
2022-02-18;6837.52;6899.41;6812.36;6892.82;6892.82;233754300
2022-02-21;6896.75;6927.91;6886.13;6902.96;6902.96;231576400
2022-02-22;6879.82;6904;6823.94;6861.99;6861.99;196218500
2022-02-23;6878.62;6920.06;6873.81;6920.06;6920.06;204842700
2022-02-24;6912.48;6929.91;6758.86;6817.82;6817.82;282680700
2022-02-25;6825.37;6904.91;6822.24;6888.17;6888.17;211896500
2022-03-01;6964.7;6996.94;6915.98;6921.44;6921.44;196006400
2022-03-02;6956.62;6973.36;6861.96;6868.4;6868.4;325795100
2022-03-04;6921.32;6936.99;6895.73;6928.33;6928.33;247492300
2022-03-07;6905.32;6917.93;6843.81;6869.07;6869.07;261271800
2022-03-08;6895.63;6929.86;6814.18;6814.18;6814.18;246218500
2022-03-09;6836.67;6888.93;6824.09;6864.44;6864.44;209971800
2022-03-10;6897.17;6924.01;6837.73;6924.01;6924.01;194071700
2022-03-11;6872.63;6922.6;6853.86;6922.6;6922.6;174120300
2022-03-14;6949.21;6969.99;6918.31;6952.2;6952.2;193318000
2022-03-15;6968.35;6996.32;6894.92;6918.19;6918.19;189709300
2022-03-16;6951.35;6992.4;6946.84;6992.4;6992.4;171297500
2022-03-17;7016.53;7032.7;6949.17;6964.38;6964.38;197411300
2022-03-18;6981.26;7000.59;6926.41;6954.96;6954.96;198102900
2022-03-21;6945.89;6974.15;6929.93;6955.18;6955.18;216686100
2022-03-22;6974.98;7003.26;6968.2;7000.82;7000.82;188258200
2022-03-23;7010.84;7022.04;6976.16;6996.12;6996.12;214242900
2022-03-24;6986.18;7049.69;6977.83;7049.69;7049.69;264967400
2022-03-25;7050.55;7055.34;6978.4;7002.53;7002.53;201857500
2022-03-28;6996.32;7051.54;6987.22;7049.6;7049.6;174012100
2022-03-29;7052.73;7072.78;7007.91;7011.69;7011.69;185204100
2022-03-30;7037.2;7055.87;7022.65;7053.19;7053.19;194572800
2022-03-31;7070.76;7099.5;7049.81;7071.44;7071.44;178707400
2022-04-01;7093.7;7099.3;7040.49;7078.76;7078.76;157645900
2022-04-04;7082.25;7116.22;7060.21;7116.22;7116.22;173611100
2022-04-05;7122.91;7148.3;7110.11;7148.3;7148.3;184230300
2022-04-06;7128.41;7147.99;7090.22;7104.22;7104.22;216736400
2022-04-07;7115.09;7145.17;7097.9;7127.37;7127.37;204797800
2022-04-08;7157.31;7216.49;7151.26;7210.83;7210.83;207396700
2022-04-11;7212;7355.3;7194.61;7203.79;7203.79;334575500
2022-04-12;7205.08;7320.24;7146.59;7214.78;7214.78;253923400
2022-04-13;7240.19;7266.4;7212.86;7262.78;7262.78;245926100
2022-04-14;7265.32;7282.91;7234.33;7235.53;7235.53;238683900
2022-04-18;7245.5;7277.08;7243.36;7275.29;7275.29;210765700
2022-04-19;7283.42;7297.39;7199.23;7199.23;7199.23;214778100
2022-04-20;7226.87;7262.56;7184.96;7227.36;7227.36;266258400
2022-04-21;7249.5;7294.67;7245.73;7276.19;7276.19;177135800
2022-04-22;7251.98;7291.48;7174.81;7225.61;7225.61;249844600
2022-04-25;7204.16;7234.31;7121.86;7215.98;7215.98;212314600
2022-04-26;7208.92;7247.48;7161.66;7232.15;7232.15;197362000
2022-04-27;7211.71;7226.02;7175.07;7196.76;7196.76;201981800
2022-04-28;7260.27;7267.11;7204.6;7228.91;7228.91;194334400
2022-05-09;7154.92;7156.48;6897;6909.75;6909.75;212774700
2022-05-10;6747.56;6832.1;6662.61;6819.79;6819.79;193141700
2022-05-11;6833.19;6902.22;6796.3;6816.2;6816.2;0
2022-05-12;6802.33;6802.33;6576.31;6599.84;6599.84;194742800
2022-05-13;6586.58;6633.01;6509.88;6597.99;6597.99;177689000
2022-05-17;6603.89;6703.05;6574.14;6644.47;6644.47;195947200
2022-05-18;6676.39;6804.91;6648.94;6793.41;6793.41;192322000
2022-05-19;6719.76;6851.72;6620.68;6823.33;6823.33;234684500
2022-05-20;6839.02;6965.11;6804.91;6918.14;6918.14;193153300
2022-05-23;6930.94;6972.18;6802.71;6840.77;6840.77;181821900
2022-05-24;6859.22;6941.67;6822.14;6914.14;6914.14;197751100
2022-05-25;6914.65;6944.48;6858.7;6883.5;6883.5;173878500
2022-05-27;6948.23;7032.82;6938.29;7026.26;7026.26;196905500
2022-05-30;7052.17;7069.25;6974.62;7037.56;7037.56;201457000
2022-05-31;7064.23;7148.97;7033.76;7148.97;7148.97;279640300
2022-06-02;7130.6;7209.08;7117.98;7148.72;7148.72;227362900
2022-06-03;7176.68;7234;7170.69;7182.96;7182.96;240581300
2022-06-06;7163.17;7194.54;7056.17;7096.58;7096.58;231204100
2022-06-07;7101.31;7192.54;7062.97;7141.04;7141.04;275161800
2022-06-08;7133.5;7220.08;7102.86;7193.31;7193.31;260589300
2022-06-09;7186.89;7258;7174.82;7182.83;7182.83;270045800
2022-06-10;7143.24;7160.12;7051.22;7086.65;7086.65;244570500
2022-06-13;6992.23;6996.71;6924.95;6995.44;6995.44;262879000
2022-06-14;6949.65;7049.88;6932.71;7049.88;7049.88;234982700
2022-06-15;7031.2;7086.38;6966.03;7007.05;7007.05;274136800
2022-06-16;7063.08;7138.5;7025.93;7050.33;7050.33;268578900
2022-06-17;6987.75;6999.54;6882.64;6936.97;6936.97;281566500
2022-06-20;6937.01;6976.38;6859.6;6976.38;6976.38;270432200
2022-06-21;6976.34;7049.91;6967.62;7044.07;7044.07;235393100
2022-06-22;7044.11;7063.26;6968.3;6984.31;6984.31;214189700
2022-06-23;6984.31;7010.27;6920.73;6998.27;6998.27;212119400
2022-06-24;6998.35;7067.75;6997.92;7042.94;7042.94;201464700
2022-06-27;7043.02;7070.52;6973.66;7016.06;7016.06;181378000
2022-06-28;7016.14;7016.92;6960.07;6996.46;6996.46;172583900
2022-06-29;6996.46;7016.06;6942.35;6942.35;6942.35;164738900
2022-06-30;6942.35;6990.86;6897.68;6911.58;6911.58;164820700
2022-07-01;6911.58;6940.98;6777.32;6794.33;6794.33;157368000
2022-07-04;6794.37;6796.52;6559.64;6639.17;6639.17;172853700
2022-07-05;6639.21;6767.83;6639.21;6703.27;6703.27;181055000
2022-07-06;6703.27;6709.92;6602.9;6646.41;6646.41;140628200
2022-07-07;6646.41;6682.67;6632.39;6652.59;6652.59;157996000
2022-07-08;6652.67;6740.22;6652.67;6740.22;6740.22;157598800
2022-07-11;6740.02;6757.09;6690.62;6722.15;6722.15;163555700
2022-07-12;6722.19;6745.43;6708.18;6718.29;6718.29;184326800
2022-07-13;6718.29;6727.92;6636.05;6640.99;6640.99;169282000
2022-07-14;6640.99;6700.05;6607.7;6690.09;6690.09;131271000
2022-07-15;6690.09;6716.96;6645.9;6651.9;6651.9;145685800
2022-07-18;6652.06;6702.07;6611.93;6659.25;6659.25;143740000
2022-07-19;6659.29;6740.08;6626.25;6736.09;6736.09;170776400
2022-07-20;6736.17;6880.76;6736.06;6874.74;6874.74;182468200
2022-07-21;6874.78;6893.38;6809.72;6864.13;6864.13;156437900
2022-07-22;6864.13;6901.72;6850.49;6886.96;6886.96;199589800
2022-07-25;6887.04;6908.19;6858.41;6858.41;6858.41;210616100
2022-07-26;6858.45;6899.93;6857.8;6871.54;6871.54;320241300
2022-07-27;6871.5;6911.9;6861.45;6898.22;6898.22;276772700
2022-07-28;6898.3;6984.53;6898.3;6956.82;6956.82;287336500
2022-07-29;6956.9;7032.35;6951.12;6951.12;6951.12;292504000
2022-08-01;6951.12;7005.29;6949.63;6968.78;6968.78;238507600
2022-08-02;6968.78;6991.39;6902.63;6988.16;6988.16;216232400
2022-08-03;6988.16;7046.63;6971.74;7046.63;7046.63;225842100
2022-08-04;7046.63;7075.56;7025.05;7057.35;7057.35;248154300
2022-08-05;7057.35;7090.77;7045.98;7084.65;7084.65;173887000
2022-08-08;7084.65;7100.81;7050.82;7086.85;7086.85;219012400
2022-08-09;7086.85;7144.2;7086.85;7102.88;7102.88;263201500
2022-08-10;7102.88;7104.03;7021.67;7086.24;7086.24;200438400
2022-08-11;7086.28;7181.1;7086.28;7160.38;7160.38;246280600
2022-08-12;7160.38;7164.67;7113.58;7129.28;7129.28;240074700
2022-08-15;7129.28;7156.92;7081.3;7093.28;7093.28;228243500
2022-08-16;7093.28;7147.97;7080.75;7133.45;7133.45;231209400
2022-08-18;7133.45;7186.56;7125.39;7186.56;7186.56;239294800
2022-08-19;7186.6;7230.11;7172.43;7172.43;7172.43;232876500
2022-08-22;7172.43;7174.28;7064.5;7107.98;7107.98;204493100
2022-08-23;7107.86;7183.26;7106.83;7163.27;7163.27;260557700
2022-08-24;7163.31;7204.42;7154.64;7194.71;7194.71;221550000
2022-08-25;7194.71;7210.16;7146.31;7174.21;7174.21;280881500
2022-08-26;7174.29;7194.08;7135.25;7135.25;7135.25;273878800
2022-08-29;7135.09;7135.09;7015.35;7132.04;7132.04;256806700
2022-08-30;7132.08;7223.13;7131.62;7159.47;7159.47;308273200
2022-08-31;7159.51;7178.59;7073.22;7178.59;7178.59;256857200
2022-09-01;7178.59;7197.06;7135.02;7153.1;7153.1;252393900
2022-09-02;7153.1;7207.62;7146.81;7177.18;7177.18;284827600
2022-09-05;7177.14;7245.4;7147.98;7231.88;7231.88;309176400
2022-09-06;7231.92;7287.7;7230.79;7233.15;7233.15;346421400
2022-09-07;7233.15;7243.52;7166.63;7186.76;7186.76;328200100
2022-09-08;7186.76;7277.88;7186.56;7232.02;7232.02;277671500
2022-09-09;7232.06;7270.3;7206.37;7242.66;7242.66;273581100
2022-09-12;7242.7;7276.42;7218.46;7254.46;7254.46;300778400
2022-09-13;7254.46;7345.46;7254.42;7318.02;7318.02;285339000
2022-09-14;7317.9;7317.9;7219.32;7278.08;7278.08;250200100
2022-09-15;7278.2;7377.5;7278.2;7305.6;7305.6;274253400
2022-09-16;7305.6;7306.16;7163.07;7168.87;7168.87;351796400
2022-09-19;7168.95;7231.42;7151.62;7195.49;7195.49;252816300
2022-09-20;7195.57;7252.19;7186.25;7196.95;7196.95;279749000
2022-09-21;7196.87;7204.9;7134.79;7188.31;7188.31;246224300
2022-09-22;7188.19;7225.55;7127.46;7218.91;7218.91;282626800
2022-09-23;7219.03;7219.03;7172.53;7178.58;7178.58;205509000
2022-09-26;7178.5;7178.5;7039.24;7127.5;7127.5;193399700
2022-09-27;7127.5;7133.41;7075.65;7112.45;7112.45;227195500
2022-09-28;7112.41;7156.98;7073.47;7077.03;7077.03;193422200
2022-09-29;7077.11;7135.5;7023.21;7036.2;7036.2;214141900
2022-09-30;7036.2;7056.17;6926.86;7040.8;7040.8;208540900
2022-10-03;7040.8;7047.62;6995.06;7009.72;7009.72;179996500
2022-10-04;7009.84;7101.47;7009.84;7072.26;7072.26;216377800
2022-10-05;7072.29;7131.88;7070.21;7075.38;7075.38;219700600
2022-10-06;7075.38;7135.91;7066.47;7076.62;7076.62;177554400
2022-10-07;7076.62;7081.02;7008.14;7026.78;7026.78;226928900
2022-10-10;7026.66;7026.66;6947.72;6994.4;6994.4;220135300
2022-10-11;6994.4;7001.97;6937.81;6939.15;6939.15;237406700
2022-10-12;6939.15;6990.59;6870.28;6909.21;6909.21;225826800
2022-10-13;6909.21;6933.71;6880.62;6880.62;6880.62;175237300
2022-10-14;6880.67;6943.85;6814.53;6814.53;6814.53;188093100
2022-10-17;6814.53;6836.98;6747.38;6831.12;6831.12;217793900
2022-10-18;6831.15;6891.98;6809.98;6834.49;6834.49;204836800
2022-10-19;6834.49;6883.92;6806.11;6860.42;6860.42;165404100
2022-10-20;6860.42;6986.21;6847.07;6980.65;6980.65;225664700
2022-10-21;6980.69;7058.91;6974.96;7017.77;7017.77;181511700
2022-10-24;7017.81;7092.17;7017.46;7053.04;7053.04;203913800
2022-10-25;7053.08;7108.82;7032.54;7048.38;7048.38;223456200
2022-10-26;7048.42;7081.88;7017.94;7043.94;7043.94;187797900
2022-10-27;7043.98;7104.85;7043.98;7091.76;7091.76;188078500
2022-10-28;7091.76;7100.81;7016.7;7056.04;7056.04;186703600
2022-10-31;7056.04;7113.11;7051.43;7098.89;7098.89;192397100
2022-11-01;7098.93;7128.14;7018.55;7052.3;7052.3;193069500
2022-11-02;7052.3;7074.23;6976.87;7015.69;7015.69;165214300
2022-11-03;7015.69;7050.38;6962.85;7034.57;7034.57;176601600
2022-11-04;7034.57;7045.53;6973.32;7045.53;7045.53;180561000
2022-11-07;7045.53;7102.4;7011.56;7102.4;7102.4;194075900
2022-11-08;7102.44;7111.44;7039.25;7050.13;7050.13;193397800
2022-11-09;7050.09;7073.55;7037.31;7070.08;7070.08;187445600
2022-11-10;7070.08;7070.08;6956.29;6966.84;6966.84;188518000
2022-11-11;6967;7106.06;6967;7089.21;7089.21;226055800
2022-11-14;7089.21;7104.76;7014.3;7019.39;7019.39;174641100
2022-11-15;7019.39;7048.39;6999.24;7035.5;7035.5;167825000
2022-11-16;7035.5;7047;6955.53;7014.38;7014.38;165129900
2022-11-17;7014.38;7051.27;6965.76;7044.99;7044.99;156588900
2022-11-18;7045.03;7094.1;7027.75;7082.18;7082.18;167164400
2022-11-21;7082.18;7107.32;7050.44;7063.25;7063.25;162801100
2022-11-22;7063.25;7108.83;7030.59;7030.59;7030.59;177602200
2022-11-23;7030.63;7089.69;7026.39;7054.12;7054.12;157476700
2022-11-24;7054.16;7104.89;7054.16;7080.52;7080.52;159926700
2022-11-25;7080.55;7086.56;7013.22;7053.15;7053.15;158716200
2022-11-28;7053.11;7083.38;7011.45;7017.36;7017.36;187211500
2022-11-29;7017.32;7036.54;6990.9;7012.07;7012.07;164098100
2022-11-30;7012.11;7081.31;6993.7;7081.31;7081.31;273493300
2022-12-01;7081.19;7090.28;7018.27;7020.8;7020.8;167994300
2022-12-02;7020.8;7021.81;6967.95;7019.64;7019.64;139459800
2022-12-05;7019.64;7053.9;6987.33;6987.33;6987.33;165306000
2022-12-06;6987.37;6987.37;6862.56;6892.57;6892.57;149697900
2022-12-07;6892.57;6892.66;6799.3;6818.75;6818.75;158724300
2022-12-08;6818.79;6821.05;6683.63;6804.23;6804.23;162316700
2022-12-09;6804.23;6804.23;6695.38;6715.12;6715.12;127123900
2022-12-12;6715.12;6734.45;6641.81;6734.45;6734.45;134471100
2022-12-13;6734.49;6826.12;6714.87;6810.32;6810.32;396136700
2022-12-14;6810.36;6854.1;6774.13;6801.75;6801.75;215430000
2022-12-15;6801.79;6801.84;6740.96;6751.86;6751.86;145093400
2022-12-16;6751.86;6812.19;6693.77;6812.19;6812.19;156126900
2022-12-19;6812.15;6827.81;6754.09;6779.7;6779.7;127896600
2022-12-20;6779.7;6792.2;6715.04;6768.32;6768.32;151817000
2022-12-21;6768.32;6820.66;6763.7;6820.66;6820.66;139079800
2022-12-22;6820.7;6844.12;6800.62;6824.43;6824.43;129012900
2022-12-23;6824.39;6824.39;6784.59;6800.67;6800.67;120430300
2022-12-26;6800.71;6858.15;6796.17;6835.81;6835.81;117543200
2022-12-27;6835.85;6933.89;6835.66;6923.03;6923.03;121669200
2022-12-28;6923.07;6953.04;6828.14;6850.52;6850.52;120571100
2022-12-29;6850.52;6879.58;6786.98;6860.08;6860.08;141016100
2022-12-30;6860.12;6888.74;6838.59;6850.62;6850.62;129302000
2023-01-02;6850.74;6856.89;6823.48;6850.98;6850.98;109645000
2023-01-03;6850.98;6908;6838.57;6888.76;6888.76;156894900
2023-01-04;6888.8;6900.6;6813.24;6813.24;6813.24;142541400
2023-01-05;6813.28;6813.42;6621.99;6653.84;6653.84;180589300
2023-01-06;6653.76;6708.64;6598.65;6684.56;6684.56;109855600
2023-01-09;6684.56;6726.97;6638.65;6688.27;6688.27;135949700
2023-01-10;6688.27;6690.23;6570.24;6622.5;6622.5;144817300
2023-01-11;6622.54;6622.79;6557.92;6584.45;6584.45;124903900
2023-01-12;6584.49;6662.23;6574.09;6629.93;6629.93;148901900
2023-01-13;6629.93;6658.48;6600.59;6641.83;6641.83;165594900
2023-01-16;6641.83;6688.06;6627.7;6688.06;6688.06;154893500
2023-01-17;6688.06;6801.87;6688.06;6767.34;6767.34;217634400
2023-01-18;6767.18;6790.16;6721.46;6765.79;6765.79;194959200
2023-01-19;6765.75;6820.98;6754.55;6819.91;6819.91;154234600
2023-01-20;6819.91;6874.93;6819.53;6874.93;6874.93;173846000
2023-01-24;6874.93;6906.79;6841.01;6860.85;6860.85;196805400
2023-01-25;6860.85;6871.36;6821.28;6829.93;6829.93;187905300
2023-01-26;6829.97;6874.87;6815.79;6864.82;6864.82;171067600
2023-01-27;6864.82;6932.71;6864.82;6898.98;6898.98;149187500
2023-01-30;6899.02;6925.47;6834.08;6872.48;6872.48;134698100
2023-01-31;6872.52;6880.96;6827.24;6839.34;6839.34;151785000
2023-02-01;6838.92;6893.18;6838.92;6862.26;6862.26;145899200
2023-02-02;6862.26;6896.73;6855.37;6890.57;6890.57;189189500
2023-02-03;6890.71;6951.97;6890.71;6911.73;6911.73;202858400
2023-02-06;6911.73;6924.88;6835.76;6873.79;6873.79;143480000
2023-02-07;6873.79;6946.23;6873.79;6935.3;6935.3;173101600
2023-02-08;6935.3;6961.92;6912.11;6940.12;6940.12;172668200
2023-02-09;6940.12;6961.15;6896.04;6897.37;6897.37;176681300
2023-02-10;6895.24;6895.24;6803.42;6880.33;6880.33;140803700
2023-02-13;6880.33;6915.14;6871.88;6900.14;6900.14;213914100
2023-02-14;6900.14;6941.85;6900.14;6941.85;6941.85;162808100
2023-02-15;6941.85;6946.03;6872.87;6914.54;6914.54;148477900
2023-02-16;6914.54;6933.28;6875.3;6895.66;6895.66;173648600
2023-02-17;6895.66;6919.09;6868.28;6895.71;6895.71;180098400
2023-02-20;6895.86;6910.5;6863.67;6894.72;6894.72;175859700
2023-02-21;6894.72;6923.67;6870.91;6873.4;6873.4;144215700
2023-02-22;6873.26;6875.39;6781.23;6809.97;6809.97;149215500
2023-02-23;6810.11;6839.45;6807;6839.45;6839.45;124488600
2023-02-24;6839.45;6880.31;6839.45;6856.58;6856.58;130300200
2023-02-27;6856.58;6871.11;6819.87;6854.78;6854.78;127631500
2023-02-28;6854.78;6890.35;6843.24;6843.24;6843.24;167931100
2023-03-01;6843.1;6889.51;6833.19;6844.94;6844.94;146293200
2023-03-02;6845.08;6875.1;6841.86;6857.42;6857.42;136086000
2023-03-03;6857.42;6884.12;6804.48;6813.64;6813.64;118736600
2023-03-06;6813.92;6856.57;6801.19;6807;6807;137055800
2023-03-07;6806.86;6812.96;6758;6766.76;6766.76;140398600
2023-03-08;6766.76;6776.37;6728.19;6776.37;6776.37;144130900
2023-03-09;6776.37;6824.66;6776.37;6799.79;6799.79;113187000
2023-03-10;6799.79;6799.79;6741.41;6765.3;6765.3;131746200
2023-03-13;6765.02;6812.87;6727.44;6786.96;6786.96;141798000
2023-03-14;6786.67;6786.67;6635.38;6641.81;6641.81;166605500
2023-03-15;6641.81;6709.86;6628.14;6628.14;6628.14;139210500
2023-03-16;6628.14;6630.77;6542.79;6565.73;6565.73;154420700
2023-03-17;6565.73;6683.09;6565.73;6678.24;6678.24;455755600
2023-03-20;6678.24;6678.24;6587.69;6612.49;6612.49;128905000
2023-03-21;6612.49;6691.61;6609.22;6691.61;6691.61;145475100
2023-03-24;6694.02;6776.9;6692.17;6762.25;6762.25;146575100
2023-03-27;6762.25;6772.6;6704.75;6708.93;6708.93;135182600
2023-03-28;6708.93;6764.65;6708.93;6760.33;6760.33;126113300
2023-03-29;6760.33;6851.51;6760.33;6839.44;6839.44;143324900
2023-03-30;6839.44;6868.63;6803.09;6808.95;6808.95;140466800
2023-03-31;6809.09;6831.55;6789.61;6805.28;6805.28;139015200
2023-04-03;6805.28;6849.36;6805.13;6827.17;6827.17;127453100
2023-04-04;6827.03;6859.69;6781.52;6833.18;6833.18;131576400
2023-04-05;6833.18;6867.34;6816.43;6819.67;6819.67;123965500
2023-04-06;6819.67;6832.73;6786.29;6792.77;6792.77;172852900
2023-04-10;6792.77;6799.49;6735.19;6771.23;6771.23;129368500
2023-04-11;6771.23;6811.31;6738.77;6811.31;6811.31;161404500
2023-04-12;6811.46;6833.74;6775.28;6798.96;6798.96;151427200
2023-04-13;6798.54;6816.88;6764.66;6785.6;6785.6;161495800
2023-04-14;6785.88;6838.07;6785.7;6818.57;6818.57;137035000
2023-04-17;6818.71;6829.51;6765.14;6787.58;6787.58;94860100
2023-04-18;6787.58;6839.76;6784.17;6821.81;6821.81;103660800
2023-04-26;6821.81;6910.15;6821.6;6910.15;6910.15;120164300
2023-04-27;6910.85;6971.91;6877.65;6945.48;6945.48;161595900
2023-04-28;6945.48;6958.67;6897.71;6915.72;6915.72;130620700
2023-05-02;6915.72;6920.34;6814.34;6863.3;6863.3;136480100
2023-05-03;6863.3;6865.61;6776.9;6812.72;6812.72;121306900
2023-05-04;6812.72;6846.12;6780.09;6844.03;6844.03;137517900
2023-05-05;6844.03;6851.59;6733.78;6787.63;6787.63;148189400
2023-05-08;6787.49;6798.32;6756.66;6769.63;6769.63;179625500
2023-05-09;6769.63;6793.77;6742.18;6779.98;6779.98;172097200
2023-05-10;6780.4;6820.12;6775.19;6811.9;6811.9;181480200
2023-05-11;6811.9;6814.12;6717.42;6755.94;6755.94;162906200
2023-05-12;6755.94;6755.94;6704.57;6707.76;6707.76;173779500
2023-05-15;6708.46;6729.3;6656.65;6711.74;6711.74;142578400
2023-05-16;6711.74;6729.07;6659.07;6676.56;6676.56;156372400
2023-05-17;6676.42;6706.6;6661.47;6663.11;6663.11;180449300
2023-05-19;6663.11;6715.03;6662.75;6700.56;6700.56;161565100
2023-05-22;6700.56;6757.62;6675.88;6729.65;6729.65;167491100
2023-05-23;6729.65;6772.65;6727.07;6736.68;6736.68;162216500
2023-05-24;6736.68;6755.88;6713.89;6745.8;6745.8;137679300
2023-05-25;6745.8;6749.71;6702.53;6704.23;6704.23;156986800
2023-05-26;6704.23;6727.29;6669.24;6687;6687;181504900
2023-05-29;6687.28;6708.37;6617.24;6681.1;6681.1;164801800
2023-05-30;6681.1;6700.24;6636.42;6636.42;6636.42;173775000
2023-05-31;6636.42;6657.65;6562.96;6633.26;6633.26;615071900
2023-06-05;6633.26;6663.71;6598.51;6633.44;6633.44;152714500
2023-06-06;6633.44;6677.57;6602;6618.92;6618.92;231838500
2023-06-07;6619.06;6638.58;6578.76;6619.75;6619.75;162881000
2023-06-08;6619.75;6666.33;6598.42;6666.33;6666.33;168616600
2023-06-09;6666.05;6703.82;6648.96;6694.02;6694.02;182769600
2023-06-12;6694.58;6722.37;6670.52;6722.37;6722.37;158712000
2023-06-13;6722.37;6744.04;6697.07;6719.01;6719.01;176568000
2023-06-14;6718.87;6744.64;6672.86;6699.72;6699.72;178279800
2023-06-15;6699.72;6717.46;6660.91;6713.79;6713.79;151187300
2023-06-16;6713.52;6726.46;6669.34;6698.55;6698.55;172061800
2023-06-19;6698.55;6705.04;6669.05;6686.06;6686.06;161424500
2023-06-20;6686.06;6692.44;6626.15;6660.46;6660.46;118276600
2023-06-21;6660.46;6702.62;6635.67;6702.62;6702.62;120273100
2023-06-22;6702.77;6717.98;6652.26;6652.26;6652.26;168533600
2023-06-23;6652.26;6665.66;6635.48;6639.73;6639.73;113447100
2023-06-26;6639.73;6674.06;6622.18;6664.67;6664.67;126037100
2023-06-27;6664.67;6679.63;6652.9;6661.88;6661.88;142328900
2023-07-03;6661.74;6696.72;6660.82;6696.72;6696.72;125551000
2023-07-04;6696.86;6713.99;6672.77;6681.75;6681.75;146273000
2023-07-05;6681.75;6719.06;6676.93;6718.98;6718.98;148911000
2023-07-06;6718.26;6766.27;6712.07;6757.33;6757.33;179543000
2023-07-07;6757.05;6757.05;6711.22;6716.46;6716.46;158332900
2023-07-10;6716.46;6763.55;6716.46;6731.04;6731.04;123617000
2023-07-11;6731.18;6796.92;6730.63;6796.92;6796.92;160428000
2023-07-12;6796.92;6820.18;6785.86;6808.21;6808.21;161722800
2023-07-13;6808.35;6835.74;6783.74;6810.21;6810.21;171443900
2023-07-14;6810.21;6874.78;6810.21;6869.57;6869.57;160702800
2023-07-17;6869.71;6931.27;6867.14;6867.14;6867.14;176805700
2023-07-18;6867.14;6902.14;6798.43;6830.2;6830.2;150363000
2023-07-20;6830.06;6874.89;6828;6864.19;6864.19;142032500
2023-07-21;6864.19;6880.8;6837.65;6880.8;6880.8;131640100
2023-07-24;6880.8;6929.68;6877.95;6899.4;6899.4;150084400
2023-07-25;6897.98;6944.62;6897.98;6917.71;6917.71;150504400
2023-07-26;6917.71;6955.98;6917.41;6948.28;6948.28;149683800
2023-07-27;6948.28;6966.17;6896.66;6896.66;6896.66;158624100
2023-07-28;6896.81;6904.1;6857.37;6900.23;6900.23;146686100
2023-07-31;6900.23;6931.36;6895.07;6931.36;6931.36;171457600
2023-08-01;6931.08;6934.39;6880.47;6886.5;6886.5;196062700
2023-08-02;6886.5;6886.5;6833.98;6854.51;6854.51;183858400
2023-08-03;6854.51;6924.05;6839.74;6898.08;6898.08;163613400
2023-08-04;6898.22;6925.01;6850.9;6852.84;6852.84;118791000
2023-08-07;6852.84;6904.36;6852.84;6886.37;6886.37;134540800
2023-08-08;6886.51;6915.05;6861.63;6868.81;6868.81;170357400
2023-08-09;6868.81;6901.06;6863.08;6875.11;6875.11;218491200
2023-08-10;6875.11;6910.75;6875.11;6893.28;6893.28;162734000
2023-08-11;6893.28;6906.65;6865.11;6879.98;6879.98;130736700
2023-08-14;6879.98;6910.17;6823.75;6910.17;6910.17;138804900
2023-08-15;6910.46;6928.63;6898.38;6915.1;6915.1;172760000
2023-08-16;6915.1;6915.1;6855.89;6900.54;6900.54;152291200
2023-08-18;6899.83;6899.83;6856.38;6859.91;6859.91;130737900
2023-08-21;6860.05;6890.28;6859.42;6866.03;6866.03;207708300
2023-08-22;6866.03;6927.45;6860.69;6916.45;6916.45;158573900
2023-08-23;6916.45;6959.43;6916.45;6921.41;6921.41;170674700
2023-08-24;6921.41;6937.65;6898.39;6899.39;6899.39;142846200
2023-08-25;6899.39;6906.08;6869.63;6895.44;6895.44;129994800
2023-08-28;6895.87;6940.12;6895.87;6921.73;6921.73;185488900
2023-08-29;6921.73;6964.73;6921.73;6957.83;6957.83;244345800
2023-08-30;6958.26;7008.49;6958.26;6966.66;6966.66;159326300
2023-08-31;6966.66;6982.35;6924.23;6953.26;6953.26;233127700
2023-09-01;6953.26;6992.63;6950.26;6977.65;6977.65;145790000
2023-09-04;6977.8;7007.8;6974.82;6996.75;6996.75;154577900
2023-09-05;6996.75;7014.48;6972.63;6991.71;6991.71;183173900
2023-09-06;6991.71;7020.97;6989.79;6995.95;6995.95;165422100
2023-09-07;6996.1;7003.67;6927.42;6954.81;6954.81;191159400
2023-09-08;6954.81;6966.77;6900.59;6924.78;6924.78;140402900
2023-09-11;6924.78;6963.39;6904.36;6963.39;6963.39;174103700
2023-09-12;6963.39;6976.48;6928.23;6933.97;6933.97;174683500
2023-09-13;6934.11;6944.82;6903.23;6935.48;6935.48;163898700
2023-09-14;6935.33;6968.98;6927.68;6959.33;6959.33;171813100
2023-09-15;6959.19;7011.88;6945.07;6982.79;6982.79;346903000
2023-09-18;6982.79;6999.4;6928.77;6936.08;6936.08;153763100
2023-09-19;6936.37;6994.04;6934.71;6980.32;6980.32;135442200
2023-09-20;6980.32;7046.48;6980.32;7011.68;7011.68;146616600
2023-09-21;7011.68;7021.29;6974.01;6991.47;6991.47;138027800
2023-09-22;6991.47;7040.13;6985.96;7016.84;7016.84;155659000
2023-09-25;7016.98;7029.77;6994.44;6998.38;6998.38;182991900
2023-09-26;6998.1;7019.55;6913.82;6923.8;6923.8;222491300
2023-09-27;6923.8;6970.85;6913.35;6937.83;6937.83;154929800
2023-09-29;6937.83;6978.59;6937.83;6939.89;6939.89;165659400
2023-10-02;6939.89;6984.58;6939.61;6961.46;6961.46;157872500
2023-10-03;6961.46;6992.63;6940.89;6940.89;6940.89;167668900
2023-10-04;6940.89;6943.27;6839.86;6886.58;6886.58;196090300
2023-10-05;6886.99;6934.8;6874.83;6874.83;6874.83;167955300
2023-10-06;6875.1;6913.01;6875.1;6888.52;6888.52;142303700
2023-10-09;6888.52;6929.97;6880.54;6891.46;6891.46;139709000
2023-10-10;6891.46;6954.01;6891.46;6922.19;6922.19;123670000
2023-10-11;6922.19;6965.83;6914.72;6931.75;6931.75;178123100
2023-10-12;6931.89;6986.88;6931.89;6935.15;6935.15;218808900
2023-10-13;6934.88;6973.75;6902.06;6926.78;6926.78;216335000
2023-10-16;6926.92;6970.6;6878.26;6896.29;6896.29;341572100
2023-10-17;6896.29;6948.04;6892.23;6939.62;6939.62;176866700
2023-10-18;6939.62;6968.25;6908.29;6927.91;6927.91;187464900
2023-10-19;6927.63;6927.98;6840.37;6846.43;6846.43;205941400
2023-10-20;6846.43;6869.47;6803.19;6849.17;6849.17;194064800
2023-10-23;6849.17;6853.45;6730.88;6741.96;6741.96;168543100
2023-10-24;6741.83;6826.05;6738.53;6806.76;6806.76;141478700
2023-10-25;6806.9;6878.56;6806.9;6834.39;6834.39;153802700
2023-10-26;6833.98;6838.81;6704.52;6714.52;6714.52;168306200
2023-10-27;6714.52;6781.39;6713.94;6758.79;6758.79;163096100
2023-10-30;6758.66;6775.21;6692.78;6735.89;6735.89;157763400
2023-10-31;6735.89;6754.52;6666.41;6752.21;6752.21;195489700
2023-11-01;6751.94;6773.98;6639.82;6642.42;6642.42;206571400
2023-11-02;6642.69;6785;6642.69;6751.39;6751.39;221191100
2023-11-03;6751.39;6826.62;6748.7;6788.85;6788.85;231714900
2023-11-06;6788.85;6878.84;6787.23;6878.84;6878.84;228787500
2023-11-07;6878.84;6887.02;6806.88;6843.79;6843.79;193087900
2023-11-08;6843.65;6843.92;6760.1;6804.11;6804.11;151412300
2023-11-09;6804.11;6865.08;6793.76;6838.23;6838.23;120495400
2023-11-10;6838.23;6843.96;6801.92;6809.26;6809.26;133618500
2023-11-13;6809.26;6857.1;6809.26;6838.31;6838.31;187630200
2023-11-14;6838.04;6886.81;6829.95;6862.06;6862.06;152609900
2023-11-15;6862.33;6985.59;6862.33;6958.21;6958.21;181839600
2023-11-16;6958.34;6964.17;6906.59;6958.01;6958.01;122880300
2023-11-17;6958.15;6977.67;6919.63;6977.67;6977.67;122926700
2023-11-20;6977.67;7011.06;6962.75;6994.89;6994.89;150491900
2023-11-21;6994.89;7010.98;6946.96;6961.79;6961.79;160615900
2023-11-22;6961.79;6965.41;6893.51;6906.95;6906.95;181914600
2023-11-23;6907.09;7018.43;6906.61;7004.34;7004.34;219080000
2023-11-24;7004.48;7049.54;7000.1;7009.63;7009.63;181146200
2023-11-27;7009.63;7061.83;7008.81;7013.41;7013.41;163462500
2023-11-28;7013.41;7067.14;7010.83;7041.07;7041.07;167633600
2023-11-29;7041.07;7070.19;7020.01;7036.09;7036.09;167555900
2023-11-30;7036.09;7109.61;7036.09;7080.74;7080.74;259745500
2023-12-01;7080.06;7083.86;7022.77;7059.91;7059.91;265990100
2023-12-04;7060.04;7149.24;7060.04;7093.6;7093.6;308380600
2023-12-05;7093.06;7117.58;7047.63;7100.85;7100.85;319577000
2023-12-06;7100.85;7140.16;7085.81;7087.4;7087.4;272847500
2023-12-07;7087.4;7134.62;7041.01;7134.62;7134.62;235230700
2023-12-08;7134.62;7201.63;7123.04;7159.6;7159.6;270037600
2023-12-11;7139.28;7153.12;7045.17;7088.79;7088.79;490104800
2023-12-12;7104.97;7134.22;7082.88;7125.31;7125.31;255110500
2023-12-13;7110.08;7124.48;7045.94;7075.34;7075.34;182766500
2023-12-14;7134.04;7191.16;7115.45;7176.02;7176.02;228648300
2023-12-15;7183.15;7215.94;7169.43;7190.99;7190.99;207901200
2023-12-18;7181.43;7192.89;7092.03;7119.52;7119.52;239480200
2023-12-19;7116.55;7187.85;7112.82;7187.85;7187.85;155446500
2023-12-20;7207.18;7237.97;7196.24;7219.67;7219.67;142313600
2023-12-21;7222.09;7229.29;7173.01;7209.62;7209.62;144347800
2023-12-22;7225.62;7248.55;7218.17;7237.52;7237.52;111284900
2023-12-27;7256.16;7293.52;7239.66;7245.92;7245.92;124953000
2023-12-28;7266.57;7308.21;7262.25;7303.89;7303.89;123036000
2023-12-29;7307.11;7309.78;7259.68;7272.8;7272.8;123172800
2024-01-02;7268.4;7323.59;7245.57;7323.59;7323.59;121359000
2024-01-03;7316.11;7321.88;7275.87;7279.09;7279.09;159498400
2024-01-04;7290.06;7371.23;7280.41;7359.76;7359.76;155674900
2024-01-05;7376.29;7403.58;7350.62;7350.62;7350.62;163057200
2024-01-08;7362.05;7393.13;7275.17;7283.58;7283.58;140602400
2024-01-09;7299.78;7311.64;7180.16;7200.2;7200.2;152570700
2024-01-10;7187.58;7259.6;7152.88;7227.3;7227.3;152699300
2024-01-11;7253.46;7277.5;7219.96;7219.96;7219.96;190523900
2024-01-12;7242.37;7271.87;7205.76;7241.14;7241.14;152196500
2024-01-15;7254.04;7281.26;7206.31;7224;7224;132959600
2024-01-16;7231.64;7268.18;7210.03;7242.79;7242.79;130295500
2024-01-17;7248.01;7252.46;7162.48;7200.63;7200.63;202143100
2024-01-18;7198.85;7267.08;7185.38;7252.97;7252.97;158921700
2024-01-19;7271.34;7277.98;7170.81;7227.4;7227.4;137359600
2024-01-22;7233.17;7247.93;7194.95;7247.93;7247.93;141722200
2024-01-23;7232.52;7256.23;7201.83;7256.23;7256.23;132610200
2024-01-24;7255.77;7271.96;7170.3;7227.82;7227.82;128902300
2024-01-25;7215.53;7253.72;7176.11;7178.04;7178.04;130391900
2024-01-26;7152.27;7166.69;7099.08;7137.09;7137.09;140214300
2024-01-29;7147.71;7177.7;7115.04;7157.17;7157.17;160408500
2024-01-30;7147.24;7213.19;7133.61;7192.22;7192.22;182161800
2024-01-31;7213.31;7247.52;7192.64;7207.94;7207.94;170270400
2024-02-01;7221.85;7248.53;7191.69;7201.7;7201.7;157409100
2024-02-02;7221.9;7238.79;7180.36;7238.79;7238.79;114364900
2024-02-05;7237.33;7254.09;7186.17;7198.62;7198.62;137325900
2024-02-06;7230.15;7268.13;7212.14;7247.41;7247.41;138020300
2024-02-07;7264.98;7285.13;7225.45;7235.15;7235.15;138054800
2024-02-12;7268.33;7306.16;7250.31;7297.67;7297.67;178661300
2024-02-13;7301.59;7301.59;7197.83;7209.74;7209.74;128287400
2024-02-15;7337.63;7365.68;7298.48;7303.28;7303.28;184420400
2024-02-16;7337.82;7370.57;7314.88;7335.54;7335.54;146427800
2024-02-19;7323.31;7339.76;7277.54;7296.7;7296.7;151238000
2024-02-20;7320.72;7354.11;7309.5;7352.6;7352.6;129972000
2024-02-21;7345.79;7370.88;7286.67;7349.02;7349.02;152570100
2024-02-22;7334.95;7365.76;7321.52;7339.64;7339.64;154523800
2024-02-23;7326.53;7340.19;7262.1;7295.1;7295.1;146259500
2024-02-26;7277.64;7295.14;7252.28;7283.82;7283.82;147080400
2024-02-27;7263.99;7292.93;7255.12;7285.32;7285.32;183851000
2024-02-28;7292.08;7328.74;7289.26;7328.64;7328.64;220356500
2024-02-29;7326.8;7337.92;7289.34;7316.11;7316.11;230050900
2024-03-01;7318.67;7331.32;7269.89;7311.91;7311.91;134622000
2024-03-04;7318.83;7328.38;7259.78;7276.75;7276.75;168064100
2024-03-05;7296.53;7305.45;7238.34;7247.46;7247.46;152811800
2024-03-06;7252.08;7331.08;7248.53;7329.8;7329.8;180285900
2024-03-07;7338.73;7386.87;7334.31;7373.96;7373.96;193312700
2024-03-08;7398.43;7416.43;7376.16;7381.91;7381.91;125243200
2024-03-13;7422.3;7441.62;7392.01;7421.21;7421.21;135225800
2024-03-14;7405.57;7454.45;7380.65;7433.31;7433.31;129206200
2024-03-15;7408.66;7416.34;7308.04;7328.05;7328.05;231480500
2024-03-18;7338.08;7358.55;7300.94;7302.45;7302.45;155334600
2024-03-19;7320.54;7361.53;7314.18;7336.75;7336.75;137594400
2024-03-20;7303.93;7343.46;7295.35;7331.13;7331.13;169731600
2024-03-21;7360.56;7396.47;7336.6;7338.35;7338.35;139792200
2024-03-22;7327.51;7350.15;7318.44;7350.15;7350.15;123735900
2024-03-25;7339.52;7377.76;7316.93;7377.76;7377.76;124315600
2024-03-26;7337.66;7371.84;7330.46;7365.66;7365.66;138442500
2024-03-27;7364.23;7375.4;7292.8;7310.09;7310.09;125276700
2024-03-28;7289.16;7313.01;7244.95;7288.81;7288.81;124084200
2024-04-01;7286.11;7295;7137.46;7205.06;7205.06;124345600
2024-04-02;7199.12;7236.98;7153.94;7236.98;7236.98;127711500
2024-04-03;7214.02;7226.35;7158.74;7166.84;7166.84;111040300
2024-04-04;7170.72;7254.4;7165.83;7254.4;7254.4;108900300
2024-04-05;7245.32;7298.86;7239.27;7286.88;7286.88;94886600
2024-04-16;7130.63;7188.09;7066.57;7164.81;7164.81;175642500
2024-04-17;7199.83;7234.37;7130.84;7130.84;7130.84;143541300
2024-04-18;7151.74;7180.56;7135.52;7166.81;7166.81;129376600
2024-04-19;7131.46;7141.58;7036.21;7087.32;7087.32;150694500
2024-04-22;7099.52;7117.02;7026.48;7073.82;7073.82;121595900
2024-04-23;7102.81;7165.95;7099.84;7110.81;7110.81;172892100
2024-04-24;7127.05;7191.18;7126.85;7174.53;7174.53;154056000
2024-04-25;7167.98;7177.06;7132.1;7155.29;7155.29;140400000
2024-04-26;7137.93;7149.25;7036.08;7036.08;7036.08;137603900
2024-04-29;7021.49;7155.78;7021.49;7155.78;7155.78;129998600
2024-04-30;7187.41;7266.87;7179.69;7234.2;7234.2;156560600
2024-05-02;7227.61;7232.95;7072.47;7117.42;7117.42;145628700
2024-05-03;7142.86;7165.1;7094.62;7134.72;7134.72;159524500
2024-05-06;7171.59;7178.77;7102.69;7135.89;7135.89;164988900
2024-05-07;7136.85;7159.77;7108.18;7123.61;7123.61;148490800
2024-05-08;7129.46;7164.31;7071.35;7088.79;7088.79;147871800
2024-05-13;7061.37;7111.6;7052.23;7099.26;7099.26;134590500
2024-05-14;7095.52;7136.64;7071.5;7083.76;7083.76;137468100
2024-05-15;7085.38;7192.15;7082.12;7179.83;7179.83;139854300
2024-05-16;7203.17;7270.76;7201.92;7246.7;7246.7;154713600
2024-05-17;7249.73;7356.71;7245.2;7317.24;7317.24;181505100
2024-05-20;7329.4;7374.55;7243.01;7266.69;7266.69;158071100
2024-05-21;7258.41;7295.06;7179.53;7186.04;7186.04;135589400
2024-05-22;7198.19;7239.86;7191.11;7222.38;7222.38;135720300
2024-05-27;7219.98;7256.18;7171.49;7176.42;7176.42;190885600
2024-05-28;7228.51;7308.14;7228.41;7253.63;7253.63;166427200
2024-05-29;7275.53;7282;7127.21;7140.23;7140.23;144619600
2024-05-30;7125.77;7134.71;6984.98;7034.14;7034.14;177693800
2024-05-31;7076.37;7102.22;6959.23;6970.74;6970.74;269684600
2024-06-03;7030.21;7088.4;6993.09;7036.19;7036.19;141774800
2024-06-04;7071.09;7149.19;7065.03;7099.31;7099.31;160663800
2024-06-05;7114.54;7118.35;6934.94;6947.67;6947.67;137116300
2024-06-06;6992.56;7032.57;6939.55;6974.9;6974.9;129986000
2024-06-07;6987.79;6994.12;6887.81;6897.95;6897.95;109886700
2024-06-10;6910.72;6929.1;6846.38;6921.55;6921.55;228419200
2024-06-11;6900.31;6932.46;6855.69;6855.69;6855.69;150124200
2024-06-12;6859.35;6866.27;6821.51;6850.1;6850.1;165086100
2024-06-13;6893.84;6896.65;6831.56;6831.56;6831.56;154352200
2024-06-14;6829.99;6840.2;6713.27;6734.83;6734.83;143790500
2024-06-19;6739.9;6791.53;6698.85;6726.92;6726.92;215680300
2024-06-20;6751.24;6825.56;6728.4;6819.32;6819.32;138884000
2024-06-21;6838.48;6945.83;6823.06;6879.98;6879.98;202168500
2024-06-24;6877.47;6914.81;6870.31;6889.17;6889.17;113953400
2024-06-25;6874.87;6890.44;6843.65;6882.7;6882.7;103645300
2024-06-26;6885.82;6936.26;6885.4;6905.64;6905.64;111785600
2024-06-27;6929.15;6968.14;6915.83;6967.95;6967.95;85223100
2024-06-28;6989.37;7084.62;6987.8;7063.58;7063.58;104714500
2024-07-01;7076.63;7139.63;7075.38;7139.63;7139.63;108297900
2024-07-02;7149.04;7176.87;7099.05;7125.14;7125.14;121880100
2024-07-03;7153.77;7196.75;7126.81;7196.75;7196.75;126775400
2024-07-04;7212.7;7262.84;7204.44;7220.89;7220.89;158574300
2024-07-05;7248.72;7275.94;7213.39;7253.37;7253.37;130902100
2024-07-08;7261.98;7265.08;7215.47;7250.98;7250.98;160069900
2024-07-09;7254.16;7302.94;7239.64;7269.8;7269.8;136101900
2024-07-10;7283.19;7313.2;7272.12;7287.04;7287.04;214279500
2024-07-11;7302.5;7328.27;7274.06;7300.41;7300.41;146390900
2024-07-12;7336.48;7354.16;7300.75;7327.58;7327.58;130722300
2024-07-15;7336.31;7346.1;7252.81;7278.86;7278.86;107422000
2024-07-16;7289.81;7294.79;7213.28;7224.29;7224.29;107863200
2024-07-17;7261.22;7265.09;7207.58;7224.22;7224.22;218209000
2024-07-18;7231.73;7330.81;7220.1;7321.07;7321.07;146217900
2024-07-19;7304.28;7315.14;7249.82;7294.5;7294.5;125286800
2024-07-22;7316.25;7341.91;7301.42;7321.98;7321.98;140918600
2024-07-23;7336.28;7347.02;7293.31;7313.86;7313.86;251719000
2024-07-24;7298.51;7311.15;7249.28;7262.76;7262.76;149278800
2024-07-25;7264.21;7268.05;7207.82;7240.28;7240.28;125922000
2024-07-26;7262.13;7298.96;7256.53;7288.17;7288.17;128745600
2024-07-29;7304.6;7333.9;7274.25;7288.9;7288.9;131946800
2024-07-30;7283.92;7292.56;7226.78;7241.86;7241.86;124088300
2024-07-31;7251.8;7275.19;7226.5;7255.76;7255.76;140459400
2024-08-01;7274.52;7325.98;7258.87;7325.98;7325.98;119012300
2024-08-02;7304.09;7337.98;7264.01;7308.12;7308.12;130681400
2024-08-05;7254.61;7257.48;6998.81;7059.65;7059.65;196047200
2024-08-06;7098.67;7167.26;7066.5;7129.21;7129.21;122457600
2024-08-07;7149.51;7246.26;7147.29;7212.13;7212.13;128572200
2024-08-08;7212.74;7234.45;7181.77;7195.12;7195.12;125248900
2024-08-09;7219.98;7267.42;7219.92;7257;7257;112712600
2024-08-12;7265.15;7297.62;7230.79;7297.62;7297.62;156405500
2024-08-13;7316.43;7366.65;7286.55;7356.64;7356.64;146066800
2024-08-14;7377.01;7445.66;7372.89;7436.04;7436.04;168060500
2024-08-15;7442.91;7460.39;7386.74;7409.5;7409.5;150416800
2024-08-16;7443.94;7459.75;7417.21;7432.09;7432.09;151268200
2024-08-19;7428.74;7466.83;7420.38;7466.83;7466.83;138674400
2024-08-20;7490.32;7538.16;7482.5;7533.98;7533.98;183613200
2024-08-21;7563.08;7594.55;7543.64;7554.59;7554.59;199930800
2024-08-22;7531.35;7540.27;7460.4;7488.68;7488.68;140745300
2024-08-23;7510.66;7567.51;7507.74;7544.3;7544.3;128771000
2024-08-26;7549.41;7619.9;7549.41;7606.19;7606.19;142108800
2024-08-27;7598.46;7610.2;7547.26;7597.88;7597.88;141150100
2024-08-28;7604.33;7672.29;7581.05;7658.88;7658.88;152042100
2024-08-29;7679.53;7715.76;7627.6;7627.6;7627.6;153940300
2024-08-30;7642.78;7673.18;7616.35;7670.73;7670.73;194479000
2024-09-02;7686.54;7726.19;7669.92;7694.53;7694.53;156165700
2024-09-03;7706.65;7726.66;7598.47;7616.52;7616.52;165704700
2024-09-04;7577.1;7672.9;7546.05;7672.9;7672.9;147636500
2024-09-05;7679.65;7722.23;7650.8;7681.04;7681.04;137717400
2024-09-06;7684.81;7754.48;7683.7;7721.85;7721.85;122729500
2024-09-09;7729.25;7748.33;7654.73;7702.74;7702.74;138539000
2024-09-10;7725.28;7764.78;7723.3;7761.39;7761.39;196539800
2024-09-11;7770.27;7802.48;7736.78;7760.96;7760.96;171932600
2024-09-12;7782.02;7833.27;7782.02;7798.15;7798.15;252749100
2024-09-13;7805.69;7828.97;7775.64;7812.13;7812.13;162457200
2024-09-17;7832.52;7854.02;7802.27;7831.78;7831.78;216113800
2024-09-18;7845.81;7879.04;7818.96;7829.13;7829.13;241800200
2024-09-19;7858.11;7910.56;7853.35;7905.39;7905.39;259454000
2024-09-20;7904.4;7904.51;7738.32;7743;7743;317741900
2024-09-23;7743.2;7775.73;7675.29;7775.73;7775.73;260227800
2024-09-24;7774.56;7810.54;7717.84;7778.49;7778.49;182808900
2024-09-25;7747.85;7760.88;7633.45;7740.9;7740.9;276661800
2024-09-26;7723.1;7763.08;7673.05;7744.52;7744.52;202756700
2024-09-27;7713.8;7736.92;7663.48;7696.92;7696.92;190512300
2024-09-30;7674.29;7679.24;7527.93;7527.93;7527.93;222223500
2024-10-01;7551.46;7642.13;7547.11;7642.13;7642.13;206962900
2024-10-02;7601.74;7619.1;7501.46;7563.26;7563.26;315317300
2024-10-03;7567.45;7581.33;7504.41;7543.83;7543.83;189365800
2024-10-04;7531.79;7549.23;7467.8;7496.09;7496.09;223945300
2024-10-07;7493.66;7540.24;7450.2;7504.13;7504.13;235809600
2024-10-08;7486.72;7592.88;7449.48;7557.14;7557.14;194830700
2024-10-09;7556.56;7595.58;7501.22;7501.29;7501.29;169190500
2024-10-10;7501.87;7528.95;7467.82;7480.08;7480.08;157952700
2024-10-11;7520.53;7549.54;7506.28;7520.6;7520.6;159472100
2024-10-14;7518.81;7570.27;7518.81;7559.65;7559.65;205872100
2024-10-15;7579.05;7635.04;7573.45;7626.95;7626.95;218732600
2024-10-16;7645.21;7658.4;7616.6;7648.94;7648.94;197424300
2024-10-17;7661.07;7758.67;7657.72;7735.04;7735.04;224594300
2024-10-18;7762.15;7790.71;7718.68;7760.06;7760.06;234291900
2024-10-21;7780.25;7795.09;7739.89;7772.6;7772.6;246855900
2024-10-22;7752.38;7801.4;7731.96;7788.98;7788.98;286785700
2024-10-23;7774.01;7805.92;7761.25;7787.56;7787.56;269650200
2024-10-24;7778.66;7794.86;7716.55;7716.55;7716.55;242869700
2024-10-25;7717.43;7752.25;7678.18;7694.66;7694.66;205788500
2024-10-28;7705.87;7714.74;7599.62;7634.63;7634.63;197205700
2024-10-29;7625.47;7666.43;7587.21;7606.6;7606.6;182774700
2024-10-30;7558.8;7581.91;7521.73;7569.85;7569.85;168203300
2024-10-31;7569.72;7617.36;7558.68;7574.02;7574.02;203290200
2024-11-01;7573.79;7583.69;7485.46;7505.26;7505.26;155270800
2024-11-04;7505.11;7529.7;7415.81;7479.5;7479.5;212287900
2024-11-05;7474.45;7497;7451.55;7491.93;7491.93;182653900
2024-11-06;7495.13;7506.6;7363.03;7383.87;7383.87;235788800
2024-11-07;7373.57;7381.76;7243.86;7243.86;7243.86;204087800
2024-11-08;7263.96;7350.36;7263.96;7287.19;7287.19;148863600
2024-11-11;7259.29;7282.2;7182.31;7266.46;7266.46;221004900
2024-11-12;7271.17;7344.07;7268.61;7321.99;7321.99;287694700
2024-11-13;7344.01;7370.39;7304.87;7308.67;7308.67;226286700
2024-11-14;7303.9;7318.78;7214.56;7214.56;7214.56;209423400
2024-11-15;7192.21;7241.66;7122.68;7161.26;7161.26;213100000
2024-11-18;7152.08;7174.75;7118.87;7134.28;7134.28;191734000
2024-11-19;7140.19;7229.83;7136.69;7195.71;7195.71;205098000
2024-11-20;7214;7229.71;7171.27;7180.33;7180.33;164074200
2024-11-21;7168.33;7209.36;7140.91;7140.91;7140.91;155717100
2024-11-22;7154.68;7215.69;7154.45;7195.56;7195.56;205841500
2024-11-25;7218.95;7329.49;7218.83;7314.11;7314.11;264819900
2024-11-26;7329.53;7341.6;7245.89;7245.89;7245.89;164096700
2024-11-28;7215.91;7249.69;7195.67;7200.16;7200.16;178995100
2024-11-29;7168;7189.13;7107.28;7114.27;7114.27;218431100
2024-12-02;7117.75;7153.03;7041.34;7046.99;7046.99;163941100
2024-12-03;7104.93;7196.02;7102.22;7196.02;7196.02;176316700
2024-12-04;7198.1;7328.32;7187.48;7326.76;7326.76;166379200
2024-12-05;7326.02;7338.6;7283.5;7313.31;7313.31;131417800
2024-12-06;7302.67;7382.81;7287.6;7382.79;7382.79;130161700
2024-12-09;7382.61;7440.98;7380.66;7437.73;7437.73;230130900
2024-12-10;7448.77;7457.81;7396.79;7453.29;7453.29;203350400
2024-12-11;7444.86;7530.56;7444.17;7464.75;7464.75;235486300
2024-12-12;7441.97;7470.89;7380.03;7394.24;7394.24;147665300
2024-12-13;7379.75;7399.9;7324.79;7324.79;7324.79;120050700
2024-12-16;7304.22;7320.79;7204.65;7258.63;7258.63;186546900
2024-12-17;7238.17;7263.31;7132.06;7157.73;7157.73;157427600
2024-12-18;7168.97;7216.88;7105.07;7107.88;7107.88;122373300
2024-12-19;7034.62;7040.55;6951.05;6977.24;6977.24;170862900
2024-12-20;6980.17;7032.4;6931.58;6983.87;6983.87;145749700
2024-12-23;7037.53;7096.44;7035.73;7096.44;7096.44;138664700
2024-12-24;7115.64;7120.58;7063.75;7065.75;7065.75;110632900
2024-12-27;7073.38;7100.27;7024.71;7036.57;7036.57;144277600
2024-12-30;7026.78;7079.9;6993.07;7079.9;7079.9;159672400
2025-01-02;7092.43;7163.21;7088.32;7163.21;7163.21;161752600
2025-01-03;7177.25;7197.01;7135.28;7164.43;7164.43;182944400
2025-01-06;7176.12;7182.02;7073.95;7080.47;7080.47;192190300
2025-01-07;7074.26;7103.19;7029.51;7083.28;7083.28;144709900
2025-01-08;7099.66;7129.29;7046.17;7080.35;7080.35;147124800
2025-01-09;7093.25;7106.46;7062.1;7064.59;7064.59;148465600
2025-01-10;7076.9;7121.63;7074.14;7088.87;7088.87;166170500
2025-01-13;7076.7;7089.57;6986.59;7016.88;7016.88;149887800
2025-01-14;7014.8;7042.33;6956.67;6956.67;6956.67;151037100
2025-01-15;6992.85;7084.56;6977.77;7079.56;7079.56;173538400
2025-01-16;7165.18;7190.61;7071.91;7107.52;7107.52;144790100
2025-01-17;7115.05;7178.81;7084.3;7154.66;7154.66;197761000
2025-01-20;7188.4;7201.61;7165.44;7170.74;7170.74;183080100
2025-01-21;7207.59;7221.73;7176.33;7181.82;7181.82;176177100
2025-01-22;7227.02;7267.49;7223.26;7257.13;7257.13;146457400
2025-01-23;7275;7324.63;7232.64;7232.64;7232.64;142025900
2025-01-24;7255.02;7261.45;7166.06;7166.06;7166.06;122224300
2025-01-30;7142.79;7150.29;7042.69;7073.48;7073.48;156862200
2025-01-31;7113.58;7174.75;7095.68;7109.2;7109.2;125561900
2025-02-03;7087.75;7089.7;6933.14;7030.06;7030.06;135419500
2025-02-04;7051.48;7125.94;7037.62;7073.46;7073.46;250749100
2025-02-05;7071.58;7079.46;7002.52;7024.23;7024.23;247130700
2025-02-06;7030.19;7033.62;6830.11;6875.54;6875.54;170868800
2025-02-07;6758.1;6769.78;6656.72;6742.58;6742.58;152142600
2025-02-10;6681.23;6713.95;6585.98;6648.14;6648.14;153503000
2025-02-11;6629.81;6658.23;6500.46;6531.99;6531.99;146025200
2025-02-12;6540.95;6645.78;6537.48;6645.78;6645.78;141288200
2025-02-13;6637.42;6647.1;6565.78;6613.57;6613.57;126053300
2025-02-14;6640.13;6679.4;6609.67;6638.46;6638.46;121300000
2025-02-17;6663.31;6830.88;6658.22;6830.88;6830.88;136644900
2025-02-18;6847.77;6908.7;6830.78;6873.55;6873.55;158584300
2025-02-19;6877.16;6886.92;6773.91;6794.87;6794.87;159932500
2025-02-20;6796.67;6836.72;6755.43;6788.04;6788.04;168907900
2025-02-21;6788.9;6814.87;6758.35;6803;6803;131140300
2025-02-24;6801.68;6818.79;6732.41;6749.6;6749.6;156247700
2025-02-25;6749.44;6772.65;6576.97;6587.09;6587.09;194167900
2025-02-26;6627.02;6682.87;6547.24;6606.18;6606.18;135195100
2025-02-27;6609.89;6626.26;6443.22;6485.45;6485.45;156489700
2025-02-28;6446.64;6447.88;6246.28;6270.6;6270.6;196893700
2025-03-03;6362.15;6570.95;6347.1;6519.66;6519.66;170810200
2025-03-04;6524.7;6528.97;6361.4;6380.4;6380.4;149084200
2025-03-05;6404.69;6570.82;6404.69;6531.4;6531.4;143533500
2025-03-06;6577.85;6667.89;6573.8;6617.85;6617.85;138941500
2025-03-07;6631.31;6682.94;6577.83;6636;6636;198389400
2025-03-10;6618.92;6629.44;6568.13;6598.21;6598.21;153564400
2025-03-11;6535.87;6567.58;6499.04;6545.85;6545.85;150016300
2025-03-12;6566.8;6665.04;6566.2;6665.04;6665.04;139690400
2025-03-13;6700.11;6707.39;6618.54;6647.42;6647.42;139851000
2025-03-14;6623.69;6632.08;6514.69;6515.63;6515.63;122970500
2025-03-17;6490.67;6557.41;6445.98;6471.95;6471.95;126321100
2025-03-18;6458.67;6465.22;6011.84;6223.39;6223.39;233069600
2025-03-19;6221.2;6332.73;6147.43;6311.66;6311.66;126795800
2025-03-20;6372.61;6446.89;6353.69;6381.67;6381.67;146168800
2025-03-21;6418.39;6426.17;6218.6;6258.18;6258.18;190225100
2025-03-24;6242.23;6269.9;5967.19;6161.22;6161.22;124187900
2025-03-25;6197.99;6265.3;6178.49;6235.62;6235.62;111267000
2025-03-26;6314.33;6489.15;6312.97;6472.36;6472.36;159762700
2025-03-27;6462.6;6510.62;6417.24;6510.62;6510.62;121855500
2025-04-08;5914.29;6036.55;5882.6;5996.14;5996.14;184790800
2025-04-09;5978.44;6092.41;5949.6;5967.99;5967.99;150044400
2025-04-10;6270.61;6310.83;6188.67;6254.02;6254.02;181443500
2025-04-11;6195.57;6298.78;6148.78;6262.23;6262.23;117642700
2025-04-14;6225.34;6404.07;6225.34;6368.52;6368.52;149701700
2025-04-15;6444.34;6497.53;6395.93;6441.68;6441.68;147079600
2025-04-16;6461.27;6469.6;6373.79;6400.05;6400.05;142022700
2025-04-17;6407.02;6438.27;6384.29;6438.27;6438.27;131124200
2025-04-21;6450.31;6472.54;6406.8;6445.97;6445.97;108855100
2025-04-22;6455.08;6538.32;6428.1;6538.27;6538.27;150312500
2025-04-23;6589.33;6642.92;6588.26;6634.38;6634.38;184488000
2025-04-24;6671.07;6697.9;6585.46;6613.48;6613.48;159090300
2025-04-25;6660.62;6683.36;6640.78;6678.92;6678.92;169030400
2025-04-28;6716.21;6738.35;6688.78;6722.97;6722.97;164549400
2025-04-29;6748.99;6763.89;6724.32;6749.08;6749.08;193012300
2025-04-30;6755.46;6791.25;6725.97;6766.79;6766.79;210149800
2025-05-02;6811.11;6818.28;6765.83;6815.73;6815.73;183083600
2025-05-05;6844.37;6879.11;6824.4;6831.95;6831.95;194998400
2025-05-06;6860.45;6913.69;6858.15;6898.2;6898.2;162346800
2025-05-07;6925.25;6970.5;6909.96;6926.23;6926.23;187668100
2025-05-08;6945.98;6965.93;6824.65;6827.75;6827.75;260892400
2025-05-09;6849.45;6882.32;6811.77;6832.8;6832.8;164380000
2025-05-14;6915.96;6987.78;6914.75;6979.88;6979.88;272470100
2025-05-15;7003.15;7076.74;7002.37;7040.16;7040.16;343582300
2025-05-16;7092.23;7106.53;7009.85;7106.53;7106.53;239677400
2025-05-19;7113.44;7160.66;7085.97;7141.09;7141.09;227261200
2025-05-20;7164.15;7202.82;7088.62;7094.6;7094.6;219667500
2025-05-21;7114.7;7170.72;7109.22;7142.46;7142.46;228188900
2025-05-22;7165.1;7190.67;7136.78;7166.98;7166.98;201247200
2025-05-23;7206.36;7223.25;7177.25;7214.16;7214.16;152151100
2025-05-26;7231.48;7240.08;7129.39;7188.35;7188.35;331040000
2025-05-27;7204.17;7212.57;7162.96;7198.97;7198.97;245398700
2025-05-28;7223.51;7237.34;7166.68;7175.82;7175.82;277488600
2025-06-02;7134.49;7152.91;7035.84;7065.07;7065.07;240143000
2025-06-03;7071.64;7090.35;6994.16;7044.82;7044.82;199730400
2025-06-04;7083.24;7094.45;7052.91;7069.04;7069.04;232777400
2025-06-05;7100.24;7136.64;7083.89;7113.42;7113.42;193147800
2025-06-10;7136.86;7230.75;7133.38;7230.75;7230.75;265169800
2025-06-11;7232.68;7239.96;7172.2;7222.46;7222.46;262581600
2025-06-12;7219.56;7237.27;7191.9;7204.37;7204.37;281607200
2025-06-13;7191.12;7192.66;7149.61;7166.06;7166.06;230230400
2025-06-16;7158.9;7211.54;7117.59;7117.59;7117.59;224577700
2025-06-17;7163.03;7181.47;7143.6;7155.85;7155.85;173034400
2025-06-18;7155.12;7166.67;7089.46;7107.79;7107.79;180387400
2025-06-19;7107.79;7115.9;6935.01;6968.64;6968.64;222226000
2025-06-20;6948.28;6956.81;6873.72;6907.14;6907.14;331625100
2025-06-23;6833.48;6834.77;6745.15;6787.14;6787.14;226947900
2025-06-24;6864.28;6924.97;6852.11;6869.17;6869.17;186087300
2025-06-25;6908.92;6918.78;6814.74;6832.14;6832.14;170914900
2025-06-26;6842.01;6897.4;6817.41;6897.4;6897.4;154075100
2025-06-30;6936.06;6949.28;6876.26;6927.68;6927.68;167652600
2025-07-01;6954.39;6971.24;6885.14;6915.36;6915.36;149285200
2025-07-02;6896.42;6905.37;6838.4;6881.25;6881.25;182041600
2025-07-03;6898.63;6922.73;6877.44;6878.05;6878.05;154435700
2025-07-04;6893.22;6916.67;6843.69;6865.19;6865.19;132824800
2025-07-07;6874.01;6900.93;6844.86;6900.93;6900.93;120827500
2025-07-08;6892.34;6916.83;6885.28;6904.39;6904.39;151801800
2025-07-09;6918.7;6943.92;6907.21;6943.92;6943.92;157353100
2025-07-10;6968.8;7013.63;6955.46;7005.37;7005.37;167684600
2025-07-11;7036.3;7055.79;7026.49;7047.44;7047.44;165301900
2025-07-14;7130.54;7136.3;7071.34;7097.15;7097.15;205642100
2025-07-15;7122.08;7161.84;7079;7140.47;7140.47;199389400
2025-07-16;7182.65;7216.81;7142.86;7192.02;7192.02;227976400
2025-07-17;7229.26;7291.56;7226.12;7287.02;7287.02;202116700
2025-07-18;7346.04;7401.58;7311.92;7311.92;7311.92;273828000
2025-07-21;7366.31;7408.01;7306.87;7398.19;7398.19;287814600
2025-07-22;7440.29;7457.38;7344.74;7344.74;7344.74;279326600
2025-07-23;7378.23;7469.23;7355;7469.23;7469.23;247067700
2025-07-24;7485.08;7568.22;7478.36;7530.9;7530.9;242813700
2025-07-25;7542.38;7552.77;7515.12;7543.5;7543.5;215990900
2025-07-28;7630.75;7669.45;7614.77;7614.77;7614.77;229532300
2025-07-29;7625.79;7680.19;7565.79;7617.91;7617.91;230535000
2025-07-30;7642.25;7667.56;7528.13;7549.89;7549.89;282476700
2025-07-31;7551.24;7566.75;7476.38;7484.34;7484.34;325693000
2025-08-01;7545.15;7579.61;7523.62;7537.77;7537.77;257331800
2025-08-04;7552.5;7560.06;7448.04;7464.65;7464.65;266636100
2025-08-05;7502.69;7546.94;7463.06;7515.19;7515.19;246898000
2025-08-06;7534.45;7549.27;7502.01;7503.75;7503.75;260371600
2025-08-07;7546.34;7580.55;7490.18;7490.18;7490.18;278225900
2025-08-08;7639.19;7648.9;7516.98;7533.38;7533.38;234779100
2025-08-11;7589.46;7630.11;7559.35;7605.92;7605.92;238319300
2025-08-12;7666.09;7800.83;7646.91;7791.7;7791.7;272446300
2025-08-13;7846.12;7903.05;7835.3;7892.91;7892.91;323979600
2025-08-14;7909.02;7973.98;7905.55;7931.25;7931.25;361821900
2025-08-15;7967.77;8017.07;7898.37;7898.38;7898.38;346947400
2025-08-19;7905.35;7931.76;7854.1;7862.95;7862.95;358268400
2025-08-20;7874.9;7952.34;7863.86;7943.83;7943.83;374993100
2025-08-21;7903.29;7932.31;7848.88;7890.71;7890.71;341447000
2025-08-22;7910.1;7913.39;7858.85;7858.85;7858.85;320227000
2025-08-25;7921.02;7951.98;7915.05;7926.91;7926.91;376267300
2025-08-26;7971.79;7978.07;7881.21;7905.76;7905.76;504946100
2025-08-27;7923;7945.44;7894.76;7936.18;7936.18;357580800
2025-08-28;7951.87;8022.76;7941.94;7952.09;7952.09;399326600
2025-08-29;7899.89;7913.86;7765.6;7830.49;7830.49;481348100
2025-09-01;7620.1;7783.42;7547.56;7736.07;7736.07;358661000
2025-09-02;7771.33;7842.3;7771.33;7801.58;7801.58;347812700
2025-09-03;7843.63;7911.62;7840.75;7885.86;7885.86;351685500
2025-09-04;7873.84;7899.8;7855.74;7867.35;7867.35;362349800
2025-09-08;7929.06;7934.99;7766.85;7766.85;7766.85;336787200
2025-09-09;7748.51;7791.33;7619.72;7628.6;7628.6;335416000
2025-09-10;7682.42;7726.38;7661.28;7699.01;7699.01;263174400
2025-09-11;7781.17;7819.1;7742.6;7747.9;7747.9;289797900
2025-09-12;7819;7854.81;7790.79;7854.06;7854.06;289619100
2025-09-15;7891.26;7937.12;7889.19;7937.12;7937.12;345056100
2025-09-16;7979.32;7985.58;7899.67;7957.7;7957.7;401395800
2025-09-17;7964.42;8025.18;7940.51;8025.18;8025.18;323654400
2025-09-18;8065.74;8068.01;7993.52;8008.43;8008.43;378167700
2025-09-19;7996.2;8051.12;7983.36;8051.12;8051.12;423577900
2025-09-22;8082.26;8087.93;8005.35;8040.04;8040.04;345468800
2025-09-23;8066.29;8125.2;8039.95;8125.2;8125.2;518663700
2025-09-24;8161.28;8169.02;8077.84;8126.56;8126.56;454412900
2025-09-25;8130.02;8146.09;8022.98;8040.67;8040.67;483927800
2025-09-26;8051.76;8099.33;8035;8099.33;8099.33;351966900
2025-09-29;8139.58;8157.33;8100.02;8123.25;8123.25;439450000
2025-09-30;8137.63;8150.34;8042.82;8061.06;8061.06;461651600
2025-10-01;8069.94;8093.69;8034.25;8043.82;8043.82;536747800
2025-10-02;8070.42;8109.44;8059.05;8071.08;8071.08;402266500
2025-10-03;8099.65;8118.3;8076.6;8118.3;8118.3;428024700
2025-10-06;8155.37;8176.31;8104.55;8139.89;8139.89;429540400
2025-10-07;8182.66;8217.05;8153.71;8169.28;8169.28;426851900
2025-10-08;8201.14;8224.64;8044.93;8166.03;8166.03;355267800
2025-10-09;8187.7;8272.63;8159.94;8250.94;8250.94;347199100
2025-10-10;8259.08;8270.33;8194.05;8257.86;8257.86;366345900
2025-10-13;8169.65;8288.28;8133.63;8227.2;8227.2;366939200
2025-10-14;8269.48;8284.91;7974.03;8066.52;8066.52;440487100
2025-10-15;8107.3;8132.52;7936.37;8051.17;8051.17;329138800
2025-10-16;8064.68;8148.04;8030.78;8124.76;8124.76;246641300
2025-10-17;8132.75;8140.6;7854.31;7915.66;7915.66;353739000
2025-10-20;7988.45;8117.27;7937.38;8088.98;8088.98;307599100
2025-10-21;8165.69;8238.08;8161.19;8238.08;8238.08;281761500
2025-10-22;8235.7;8261.84;8141.99;8152.55;8152.55;275367500
2025-10-23;8179.88;8292.89;8179.61;8274.35;8274.35;281648700
2025-10-24;8294.89;8351.06;8271.72;8271.72;8271.72;238196400
2025-10-27;8322.22;8354.67;7959.17;8117.15;8117.15;359000200
2025-10-28;8144.42;8151.33;8039.85;8092.63;8092.63;282866700
2025-10-29;8107.38;8169.14;8042.63;8166.22;8166.22;248336300
2025-10-30;8176.36;8231.88;8145.6;8184.06;8184.06;326703000
2025-10-31;8202.52;8215.55;8144.08;8163.88;8163.88;245393300
2025-11-03;8208.03;8282.16;8201.36;8275.08;8275.08;338112200
2025-11-04;8275.95;8317.08;8225.91;8241.91;8241.91;254611100
2025-11-05;8213.6;8318.53;8181.9;8318.53;8318.53;333837700
2025-11-06;8354.68;8362.92;8289.89;8337.06;8337.06;229181000
2025-11-07;8346.58;8398.76;8332.6;8394.59;8394.59;227520700
2025-11-10;8443.32;8478.15;8391.24;8391.24;8391.24;415934000
2025-11-11;8437.96;8443.69;8338.4;8366.51;8366.51;677885600
2025-11-12;8392.28;8428.95;8377.5;8388.57;8388.57;491096300
2025-11-13;8412.83;8418.16;8354.84;8372;8372;534184900
2025-11-14;8378.13;8417.13;8360.94;8370.44;8370.44;422843300
2025-11-17;8397.84;8452.33;8392;8416.88;8416.88;382110500
2025-11-18;8427.4;8442.87;8341.9;8361.93;8361.93;374837900
2025-11-19;8384.36;8426.63;8375.58;8406.58;8406.58;394548300
2025-11-20;8449.54;8491.43;8419.92;8419.92;8419.92;319147400
2025-11-21;8403.9;8432.6;8361.27;8414.35;8414.35;288992600
2025-11-24;8458.29;8570.25;8429.46;8570.25;8570.25;471629100
2025-11-25;8570.85;8574.38;8487.22;8521.88;8521.88;414092000
2025-11-26;8533.89;8602.13;8503.15;8602.13;8602.13;498634000
2025-11-27;8611.33;8622.27;8521.5;8545.87;8545.87;463624300
2025-11-28;8555.66;8572.36;8495.21;8508.71;8508.71;386357400
2025-12-01;8541.54;8553.62;8493.25;8548.79;8548.79;433587600
2025-12-02;8577.61;8625.64;8564.7;8617.04;8617.04;405114200
2025-12-03;8655.02;8669.19;8591.81;8611.79;8611.79;432093300
2025-12-04;8646.65;8650.3;8606.9;8640.2;8640.2;447262700
2025-12-05;8658.89;8689.1;8617.04;8632.76;8632.76;421538600
2025-12-08;8676.73;8720.09;8642.06;8710.7;8710.7;525913600
2025-12-09;8743.21;8749.26;8626.85;8657.18;8657.18;498676700
2025-12-10;8713.71;8720.88;8668.61;8700.92;8700.92;623753400
2025-12-11;8764.09;8776.97;8560.11;8620.48;8620.48;667238000
2025-12-12;8651.77;8680.04;8585.42;8660.5;8660.5;457344900
2025-12-15;8705.24;8720.68;8622.99;8649.66;8649.66;553538600
2025-12-16;8696.7;8700.86;8611.35;8686.47;8686.47;431043000
2025-12-17;8708.33;8729.47;8660.75;8677.34;8677.34;341969700
2025-12-18;8705.14;8730.71;8618.2;8618.2;8618.2;328562900
2025-12-19;8657.24;8671.77;8562.89;8609.55;8609.55;307160800
2025-12-22;8629.25;8648.79;8609.39;8645.84;8645.84;374939200
2025-12-23;8656.65;8667.73;8567;8584.78;8584.78;329812800
2025-12-24;8597.39;8611.33;8525.1;8537.91;8537.91;280698800
2025-12-29;8545.72;8652.18;8545.72;8644.26;8644.26;334277800
2025-12-30;8627.4;8663.67;8584.87;8646.94;8646.94;308173000
2026-01-02;8676.74;8748.13;8664.97;8748.13;8748.13;471863900
2026-01-05;8778.73;8859.19;8732.32;8859.19;8859.19;665735100
2026-01-06;8890.72;8940.11;8839.01;8933.61;8933.61;630432800
2026-01-07;8959.09;8970.87;8916.03;8944.81;8944.81;655409500
2026-01-08;8946.7;9002.92;8918.41;8925.47;8925.47;489316100
2026-01-09;8969.15;8981.02;8908.17;8936.75;8936.75;499545200
2026-01-12;8991.76;9000.97;8715.41;8884.72;8884.72;697907000
2026-01-13;8931.24;8956.73;8841.02;8948.3;8948.3;538438100
2026-01-14;9007.05;9049.3;8979.6;9032.58;9032.58;580700100
2026-01-15;9072.3;9100.83;9041;9075.41;9075.41;446899000
2026-01-19;9098.7;9133.87;9026;9133.87;9133.87;541550600
2026-01-20;9156.19;9174.47;9120.15;9134.7;9134.7;606446200
2026-01-21;9094.43;9105.23;8977.68;9010.33;9010.33;553244200
2026-01-22;9052.17;9109.71;8992.13;8992.18;8992.18;661020800
2026-01-23;9031.49;9039.67;8837.83;8951.01;8951.01;587299800
2026-01-26;8967.73;9058.05;8923.53;8975.33;8975.33;491763600
2026-01-27;8974.57;8980.23;8873.48;8980.23;8980.23;536008400
2026-01-28;8393.51;8596.17;8187.73;8320.56;8320.56;557055000
2026-01-29;8027.83;8296.94;7481.99;8232.2;8232.2;906233100
2026-01-30;8308.72;8408.3;8167.16;8329.61;8329.61;478640200
2026-02-02;8306.16;8313.06;7820.23;7922.73;7922.73;444961400
2026-02-03;7888.77;8122.6;7712.35;8122.6;8122.6;545340400
2026-02-04;8121.03;8194.68;8050.4;8146.72;8146.72;404556000
2026-02-05;8154.6;8214.46;8102.79;8103.88;8103.88;323626200
2026-02-06;7945.04;8025.14;7861.69;7935.26;7935.26;312234100
2026-02-09;7970.02;8031.87;7863.01;8031.87;8031.87;310222600
2026-02-10;8031.58;8140.86;8011.13;8131.74;8131.74;374472200
2026-02-11;8152.79;8290.97;8118.16;8290.97;8290.97;545693700
2026-02-12;8317.24;8334.02;8220.15;8265.35;8265.35;379401500
2026-02-13;8240.01;8251.99;8170.59;8212.27;8212.27;434442400
2026-02-18;8235.81;8310.23;8227.45;8310.23;8310.23;459026600
2026-02-19;8357.45;8376.2;8251.81;8274.08;8274.08;435377400
2026-02-20;8300.22;8328.42;8236.75;8271.77;8271.77;400251500
2026-02-23;8334.54;8397.07;8327.57;8396.08;8396.08;443116900
2026-02-24;8428.05;8437.09;8259.48;8280.83;8280.83;509728100
2026-02-25;8318.14;8373.48;8259.75;8322.23;8322.23;441816300
2026-02-26;8351.36;8358.96;8139.82;8235.26;8235.26;450264700
2026-02-27;8211.3;8246.95;8093.75;8235.49;8235.49;441200100
2026-03-02;8092.9;8133.69;8016.83;8016.83;8016.83;527702300
2026-03-03;8059.87;8098.39;7932.52;7939.77;7939.77;396162400
2026-03-04;7896.38;7897.81;7486.32;7577.06;7577.06;485472100
2026-03-05;7695.35;7765.61;7678.53;7710.54;7710.54;303915000
2026-03-06;7699.47;7700.32;7500.08;7585.69;7585.69;291110400
2026-03-09;7374.31;7403.73;7156.68;7337.37;7337.37;406185700
2026-03-10;7443.05;7499.82;7372.82;7440.91;7440.91;309617900
2026-03-11;7484.77;7527.32;7380.81;7389.4;7389.4;253162500
2026-03-12;7398.85;7436.5;7323.74;7362.12;7362.12;234355700
2026-03-13;7338.82;7350.28;7132.21;7137.21;7137.21;256288700
2026-03-16;7115.45;7120.19;6917.32;7022.29;7022.29;264167600
2026-03-17;7074.61;7148.25;7059.89;7106.84;7106.84;226881800
2026-03-25;7084.62;7302.12;7057.22;7302.12;7302.12;346637800
2026-03-26;7313.67;7323.7;7152.59;7164.09;7164.09;257658000
2026-03-27;7136.37;7154.56;7070.21;7097.06;7097.06;171896900
2026-03-30;7020.53;7104.64;6945.5;7091.67;7091.67;221811800
2026-03-31;7122.99;7155.55;7031.1;7048.22;7048.22;231095700
2026-04-01;7149.25;7207.17;7136.25;7184.44;7184.44;295360000
2026-04-02;7153.11;7161.8;7019.23;7026.78;7026.78;225269500
2026-04-06;7001.56;7009.23;6934.89;6989.43;6989.43;252607400
2026-04-07;7001.28;7022.04;6942.63;6971.03;6971.03;225664500
2026-04-08;7162.41;7281.86;7118.58;7279.21;7279.21;380025400
2026-04-09;7238.46;7308.58;7191.59;7307.59;7307.59;258635500
2026-04-10;7346.49;7488.02;7346.49;7458.5;7458.5;355891700
2026-04-13;7410.08;7527.87;7351.36;7500.19;7500.19;373963700
2026-04-14;7598.8;7686.35;7592.74;7675.95;7675.95;487814900
2026-04-15;7750.9;7773.58;7623.59;7623.59;7623.59;463335700
2026-04-16;7663.34;7705.03;7575.53;7621.38;7621.38;364955200
2026-04-17;7645.81;7673.86;7607.96;7634;7634;359890300
2026-04-20;7663.4;7692.15;7570.42;7594.11;7594.11;375256000
2026-04-21;7560.29;7568.99;7511.83;7559.38;7559.38;405582600
2026-04-22;7528.34;7578.05;7513.94;7541.61;7541.61;459264700
2026-04-23;7564.42;7582.5;7378.61;7378.61;7378.61;503505300
2026-04-24;7378.07;7383.4;7115.97;7129.49;7129.49;415830600
2026-04-27;7158.51;7230.03;7106.52;7106.52;7106.52;292563300
2026-04-28;7128.47;7151.51;7032.98;7072.39;7072.39;272860900
2026-04-29;7096.61;7126.06;7063.99;7101.23;7101.23;398389400
2026-04-30;7103.26;7109;6876.58;6956.8;6956.8;451512600
2026-05-04;6988.92;7069.69;6946.06;6971.95;6971.95;553310400
2026-05-05;6968.57;7069.21;6921.61;7057.11;7057.11;364949700
2026-05-06;7086.34;7127.72;7049.92;7092.47;7092.47;338543400
2026-05-07;7160.79;7207.08;7107.17;7174.32;7174.32;327636900
2026-05-08;7182.96;7186.83;6969.4;6969.4;6969.4;393674100
2026-05-11;6959.94;7001.68;6846.63;6905.62;6905.62;353618500
2026-05-12;6946.85;6977.29;6762.88;6858.9;6858.9;291969900
2026-05-13;6763.94;6787.35;6705.43;6723.32;6723.32;263137300
2026-05-18;6628.98;6631.28;6398.79;6599.24;6599.24;280639000
2026-05-19;6599.21;6635.13;6323.26;6370.68;6370.68;409331400
2026-05-20;6352.2;6459.56;6215.56;6318.5;6318.5;369455900
2026-05-21;6366.48;6378.81;6080.95;6094.94;6094.94;318636000
2026-05-22;6065.63;6171.97;5966.86;6162.04;6162.04;313365000
2026-05-25;6187.65;6239.59;6124.58;6206.35;6206.35;240896500
2026-05-26;6201.8;6286.87;6124.79;6130.19;6130.19;210088300
2026-05-29;6112.77;6230.5;6111.97;6127.38;6127.38;391356100
2026-06-02;6210;6264.26;6143.62;6195.43;6195.43;253584400
2026-06-03;6207.1;6213.8;5842;5941.07;5941.07;344582700
2026-06-04;5919.56;5924.51;5644.23;5839.79;5839.79;325839700
2026-06-05;5846.49;5860.67;5594.11;5594.77;5594.77;242414700
2026-06-08;5486.31;5523.94;5317.91;5342.14;5342.14;259538800
2026-06-09;5344.69;5746.65;5318.15;5746.65;5746.65;353501300
2026-06-10;5744.06;5942.94;5677.96;5902.38;5902.38;401184200
2026-06-11;5899.27;6010.49;5784.51;5886.03;5886.03;241605500
2026-06-12;5960.42;6074.07;5952.85;6007.66;6007.66;324098600
2026-06-15;6118.73;6345.8;6118.08;6254.97;6254.97;471692100
2026-06-17;6321.96;6377.19;6179.67;6220.74;6220.74;274699900
2026-06-18;6191.89;6197.17;6073.72;6172.34;6172.34;215751200
2026-06-19;6161.46;6215.06;6117.31;6177.14;6177.14;266832600
2026-06-22;6217.05;6226.72;6052.94;6116.69;6116.69;180410600
2026-06-23;6096.5;6121.77;5993.04;6101.33;6101.33;198230600
2026-06-24;6128.27;6171.38;5876.93;5883.88;5883.88;228307800
2026-06-25;5873.07;6056.2;5864;5999.04;5999.04;187930400
2026-06-26;6010.34;6045.26;5830.14;5896.13;5896.13;171995200
2026-06-29;5932.03;5942.77;5800.29;5820.79;5820.79;117823200
2026-06-30;5801.45;5811.67;5638.57;5643.19;5643.19;177538200
2026-07-01;5640.61;5737.74;5607.45;5695.12;5695.12;157577500
2026-07-02;5709.84;5806.71;5704.5;5744.56;5744.56;172862900
2026-07-03;5806.17;5899.3;5805.92;5875.78;5875.78;158006000
2026-07-06;5893.28;5935.68;5857.35;5916.07;5916.07;176040400
2026-07-07;5933.57;5987.01;5890.44;5986.5;5986.5;197234200
2026-07-08;5984.18;5984.47;5872.02;5873.37;5873.37;186818300
2026-07-09;5865.77;5912.44;5839.67;5912.44;5912.44;220556700
2026-07-10;5936.04;5949.99;5887.83;5924.36;5924.36;142216700
2026-07-13;5934.72;6037.84;5898.15;6037.84;6037.84;224210800
2026-07-14;6057.76;6095.02;6002.9;6039.52;6039.52;252906400
2026-07-15;6068.03;6081.23;6007.17;6041.97;6041.97;187169500
2026-07-16;6056.75;6108.21;6024.35;6108.21;6108.21;235078700
2026-07-17;6112.84;6192.66;6079.32;6175.54;6175.54;205704000
2026-07-20;6197.48;6249.9;6191.04;6231.78;6231.78;282256800
2026-07-21;6273.57;6340.02;6247.35;6340.02;6340.02;441307800
2026-07-22;6366.01;6394.69;6284.88;6334.48;6334.48;422793200
2026-07-23;6346.62;6454.31;6306.65;6315.31;6315.31;570639300
2026-07-24;6266.98;6268.53;6159.15;6196.43;6196.43;330175800
2026-07-27;6185.8;6219.42;6144.27;6185.78;6185.78;241884600
2026-07-28;6175.2;6199.44;6130.59;6130.59;6130.59;198014300
2026-07-29;6141.16;6174.41;6029.32;6091.39;6091.39;288519700
2026-07-30;6110.28;6186.36;6106.55;6186.36;6186.36;231176100
2026-07-31;6219.62;6236.62;6201.89;6236.13;6236.13;274629600
2026-08-03;6272.62;6273.33;6212.55;6234.5;6234.5;347512800
2026-08-04;6254.78;6319.61;6238.4;6319.61;6319.61;291916500
2026-08-05;6338.59;6367.82;6316.1;6351.14;6351.14;350837500
2026-08-06;6379.92;6388.2;6324.06;6343.71;6343.71;506076700
2026-08-07;6352.38;6409.65;6347.43;6409.65;6409.65;335303800
2026-08-10;6440.6;6462.74;6362.76;6365.37;6365.37;395862600
2026-08-11;6383.81;6388.58;6230.1;6267.88;6267.88;324921400
2026-08-12;6277.76;6373.85;6272.3;6373.85;6373.85;294722600
2026-08-13;6388.23;6390.33;6281.57;6301.77;6301.77;236598700
2026-08-14;6296.59;6401.89;6267.41;6401.89;6401.89;226720200
2026-08-18;6448.83;6490.65;6448.26;6449.83;6449.83;288255000
2026-08-19;6408.18;6490.91;6373.81;6394.12;6394.12;295308900
2026-08-20;6447.25;6514.68;6444.4;6501.58;6501.58;349455200
2026-08-21;6524.08;6551.96;6507.43;6525.69;6525.69;378269100
2026-08-24;6544;6551;6474.57;6501.67;6501.67;296534200
2026-08-26;6507.14;6532.17;6405.69;6405.69;6405.69;329574600
2026-08-27;6390.35;6521.75;6376.65;6521.75;6521.75;282061000
2026-08-28;6535.72;6566.9;6495.74;6518.12;6518.12;266064500
2026-08-31;6511.11;6528.1;6476.17;6525.48;6525.48;389387600
2026-09-01;6538.12;6608.18;6535.8;6599.94;6599.94;418545000
2026-09-02;6625.39;6629.54;6561;6595.78;6595.78;331276500
2026-09-03;6632.83;6681.84;6614.71;6667.89;6667.89;373613100
2026-09-04;6695.69;6704.12;6633.92;6636.48;6636.48;278246600
2026-09-07;6652.09;6667.75;6610.93;6619.67;6619.67;302047400
2026-09-08;6639.51;6696.28;6636.94;6686.44;6686.44;326049000
2026-09-09;6700.84;6707.31;6642.15;6678.2;6678.2;287063700
2026-09-10;6688.17;6712.5;6585.56;6589.34;6589.34;403016100
2026-09-11;6552.79;6552.79;6462.96;6541.38;6541.38;266825300
2026-09-14;6533.87;6550;6371.4;6534.69;6534.69;306250700
2026-09-15;6544.77;6549.6;6461.01;6461.15;6461.15;236697900
2026-09-16;6453.91;6535.46;6436.85;6436.85;6436.85;222552300
2026-09-17;6455.03;6500.41;6418.13;6462.43;6462.43;246532800
2026-09-18;6512.57;6521.02;6419.5;6441.16;6441.16;283004400
2026-09-21;6446.9;6451.33;6381.57;6384.73;6384.73;232135300
2026-09-22;6392.33;6423.84;6258.44;6277.04;6277.04;292579800
2026-09-23;6297.96;6380.17;6253.74;6374.91;6374.91;273797800
2026-09-24;6364.98;6368.57;6287.46;6298.61;6298.61;230443500
2026-09-25;6315.53;6328.41;6231.83;6241.89;6241.89;238522200
2026-09-28;6209.75;6227.9;6140.34;6147.86;6147.86;287430500
2026-09-29;6118.81;6150.55;6013.08;6121.7;6121.7;340052700
2026-09-30;6118.05;6187.05;6071.14;6071.14;6071.14;267762500
2026-10-01;6062.89;6095.23;5973.16;6009.5;6009.5;293469300
2026-10-02;6018.08;6053.24;5979.98;6036.89;6036.89;1155071900
