date;start_balance;start_equity;min_equity;end_equity
2000.01.03;100000.00;100000.00;99985.00;99985.00
2000.01.04;99985.00;99985.00;98500.65;98500.65
2000.01.05;99978.42;98500.65;98299.71;98299.71
2000.01.06;99972.17;98299.71;97675.15;97675.15
2000.01.07;99965.96;97675.15;97675.15;99306.77
2000.01.10;99959.89;99306.77;99306.77;99690.72
2000.01.11;99940.59;99690.72;99064.42;99064.42
2000.01.12;99934.07;99064.42;98814.44;98814.44
2000.01.13;99927.69;98814.44;98814.44;99410.33
2000.01.14;99921.36;99410.33;99410.33;99873.99
2000.01.18;99914.89;99873.99;99757.55;99757.55
2000.01.19;99888.63;99757.55;99757.55;99827.05
2000.01.20;99882.08;99827.05;99812.42;99812.42
2000.01.21;99875.52;99812.42;99524.46;99524.46
2000.01.24;99868.96;99524.46;98490.84;98490.84
2000.01.25;99849.46;98490.84;98490.84;98750.56
2000.01.26;99843.18;98750.56;98316.89;98316.89
2000.01.27;99836.84;98316.89;98316.89;98416.73
2000.01.28;99830.60;98416.73;97224.35;97224.35
2000.01.31;99824.34;97224.35;97224.35;97715.06
2000.02.01;99806.32;97715.06;97715.06;98370.31
2000.02.02;99310.64;98370.31;98370.31;98890.12
2000.02.03;99304.30;98890.12;98890.12;99763.00
2000.02.04;99297.84;99763.00;99763.00;99990.74
2000.02.07;99291.19;99990.74;99840.39;99840.39
2000.02.08;99271.08;99840.39;99840.39;100578.89
2000.02.09;99264.41;100578.89;100252.46;100252.46
2000.02.10;99257.57;100252.46;100252.46;100542.71
2000.02.11;99250.81;100542.71;100007.99;100007.99
2000.02.14;99243.98;100007.99;99988.96;99988.96
2000.02.15;99223.83;99988.96;99789.29;99789.29
2000.02.16;99217.11;99789.29;99628.34;99628.34
2000.02.17;99210.44;99628.34;99628.34;100058.16
2000.02.18;99203.80;100058.16;99116.67;99116.67
2000.02.22;99197.06;99116.67;99116.67;99424.24
2000.02.23;99170.94;99424.24;99424.24;100232.24
2000.02.24;99164.33;100232.24;100232.24;100247.22
2000.02.25;99157.55;100247.22;99674.65;99674.65
2000.02.28;99150.76;99674.65;99499.54;99499.54
2000.02.29;99130.77;99499.54;99499.54;100026.72
2000.03.01;99124.14;100026.72;100026.72;100286.27
2000.03.02;98596.14;100286.27;100286.27;100459.14
2000.03.03;98589.19;100459.14;100459.14;101119.42
2000.03.06;98582.20;101119.42;100967.90;100967.90
2000.03.07;98560.79;100967.90;100967.90;101073.17
2000.03.08;98553.69;101073.17;101073.17;101291.83
2000.03.09;98546.55;101291.83;101291.83;101809.13
2000.03.10;98539.37;101809.13;101513.26;101513.26
2000.03.13;98532.07;101513.26;100807.46;100807.46
2000.03.14;98510.37;100807.46;100317.08;100317.08
2000.03.15;98503.29;100317.08;99712.11;99712.11
2000.03.16;98496.31;99712.11;99712.11;100984.09
2000.03.17;98489.47;100984.09;100984.09;101152.00
2000.03.20;98482.34;101152.00;100833.31;100833.31
2000.03.21;98460.84;100833.31;100833.31;101583.14
2000.03.22;98453.74;101583.14;101583.14;101804.90
2000.03.23;98446.48;101804.90;101804.90;102197.04
2000.03.24;98439.16;102197.04;102197.04;102387.03
2000.03.27;98431.76;102387.03;102350.68;102350.68
2000.03.28;98409.41;102350.68;101877.06;101877.06
2000.03.29;98401.97;101877.06;101568.43;101568.43
2000.03.30;98394.63;101568.43;100940.83;100940.83
2000.03.31;98387.35;100940.83;100940.83;101184.30
2000.04.03;98380.21;101184.30;100322.61;100322.61
2000.04.04;98458.20;100322.61;99970.61;99970.61
2000.04.05;98451.21;99970.61;99596.60;99596.60
2000.04.06;98444.29;99596.60;99596.60;100154.47
2000.04.07;98437.45;100154.47;100154.47;100729.31
2000.04.10;98430.49;100729.31;99790.86;99790.86
2000.04.11;98409.22;99790.86;99634.45;99634.45
2000.04.12;98402.33;99634.45;98607.64;98607.64
2000.04.13;98395.48;98607.64;98149.44;98149.44
2000.04.14;98388.85;98149.44;96496.38;96496.38
2000.04.17;98382.31;96496.38;96496.38;97552.51
2000.04.18;98363.80;97552.51;97552.51;98203.38
2000.04.19;98357.39;98203.38;97928.58;97928.58
2000.04.20;98350.84;97928.58;97778.64;97778.64
2000.04.24;98344.34;97778.64;97431.04;97431.04
2000.04.25;98318.50;97431.04;97431.04;98677.01
2000.04.26;98312.11;98677.01;98275.23;98275.23
2000.04.27;98305.44;98275.23;98275.23;98921.82
2000.04.28;98298.86;98921.82;98914.87;98914.87
2000.05.01;98292.14;98914.87;98914.87;99355.13
2000.05.02;99102.57;99355.13;98874.31;98874.31
2000.05.03;99095.96;98874.31;98153.52;98153.52
2000.05.04;99089.46;98153.52;97920.75;97920.75
2000.05.05;99083.12;97920.75;97920.75;98198.48
2000.05.08;99076.82;98198.48;98198.48;98345.73
2000.05.09;99057.75;98345.73;98306.20;98306.20
2000.05.10;99051.36;98306.20;98168.18;98168.18
2000.05.11;99044.97;98168.18;98168.18;98733.65
2000.05.12;99038.61;98733.65;98733.65;98886.00
2000.05.15;99032.13;98886.00;98886.00;99492.10
2000.05.16;99012.57;99492.10;99492.10;99536.34
2000.05.17;99005.92;99536.34;99058.29;99058.29
2000.05.18;98999.25;99058.29;99058.29;99316.19
2000.05.19;98992.69;99316.19;98632.59;98632.59
2000.05.22;98986.07;98632.59;98520.71;98520.71
2000.05.23;98966.65;98520.71;98364.33;98364.33
2000.05.24;98960.20;98364.33;98364.33;98559.85
2000.05.25;98953.78;98559.85;98036.86;98036.86
2000.05.26;98947.32;98036.86;97962.36;97962.36
2000.05.30;98940.96;97962.36;97962.36;98329.32
2000.05.31;98915.62;98329.32;98329.32;98666.03
2000.06.01;98909.20;98666.03;98666.03;99067.07
2000.06.02;98432.25;99067.07;98855.84;98855.84
2000.06.05;98425.59;98855.84;98363.27;98363.27
2000.06.06;98405.73;98363.27;98363.27;98648.81
2000.06.07;98399.22;98648.81;98648.81;98770.51
2000.06.08;98392.64;98770.51;98709.06;98709.06
2000.06.09;98386.03;98709.06;98695.40;98695.40
2000.06.12;98379.43;98695.40;98695.40;98864.74
2000.06.13;98359.65;98864.74;98864.74;99094.16
2000.06.14;98353.02;99094.16;99094.16;99276.76
2000.06.15;98346.33;99276.76;99074.51;99074.51
2000.06.16;98339.60;99074.51;98594.43;98594.43
2000.06.19;98332.92;98594.43;98594.43;98845.92
2000.06.20;98313.17;98845.92;98488.23;98488.23
2000.06.21;98306.53;98488.23;98488.23;98724.71
2000.06.22;98299.96;98724.71;98301.82;98301.82
2000.06.23;98293.35;98301.82;98301.82;98444.87
2000.06.26;98286.82;98444.87;98444.87;98556.15
2000.06.27;98267.14;98556.15;98482.06;98482.06
2000.06.28;98260.55;98482.06;98416.70;98416.70
2000.06.29;98253.98;98416.70;98368.27;98368.27
2000.06.30;98247.42;98368.27;97990.86;97990.86
2000.07.03;98240.87;97990.86;97990.86;98365.96
2000.07.05;97852.23;98365.96;97932.77;97932.77
2000.07.06;97839.01;97932.77;97932.77;98293.19
2000.07.07;97832.50;98293.19;98293.19;98633.40
2000.07.10;97825.90;98633.40;98512.77;98512.77
2000.07.11;97805.88;98512.77;98512.77;98530.77
2000.07.12;97799.23;98530.77;98530.77;98836.54
2000.07.13;97792.57;98836.54;98836.54;98875.90
2000.07.14;97785.84;98875.90;98875.90;99217.67
2000.07.17;97779.11;99217.67;99217.67;99235.32
2000.07.18;97758.67;99235.32;98922.18;98922.18
2000.07.19;97751.85;98922.18;98552.51;98552.51
2000.07.20;97745.10;98552.51;98552.51;99018.23
2000.07.21;97738.42;99018.23;98580.20;98580.20
2000.07.24;97731.65;98580.20;98427.46;98427.46
2000.07.25;97711.60;98427.46;98427.46;98480.33
2000.07.26;97704.94;98480.33;98332.60;98332.60
2000.07.27;97698.28;98332.60;97901.90;97901.90
2000.07.28;97691.64;97901.90;97133.43;97133.43
2000.07.31;97685.10;97133.43;97133.43;97506.44
2000.08.01;97665.97;97506.44;97506.44;97618.70
2000.08.02;97618.70;97618.70;97618.70;97618.70
2000.08.03;97618.70;97618.70;97618.70;97618.70
2000.08.04;97618.70;97618.70;97618.70;97618.70
2000.08.07;97618.70;97618.70;97618.70;97618.70
2000.08.08;97618.70;97618.70;97618.70;97618.70
2000.08.09;97618.70;97618.70;97618.70;97618.70
2000.08.10;97618.70;97618.70;97618.70;97618.70
2000.08.11;97618.70;97618.70;97618.70;97618.70
2000.08.14;97618.70;97618.70;97618.70;97618.70
2000.08.15;97618.70;97618.70;97618.70;97618.70
2000.08.16;97618.70;97618.70;97618.70;97618.70
2000.08.17;97618.70;97618.70;97618.70;97618.70
2000.08.18;97618.70;97618.70;97618.70;97618.70
2000.08.21;97618.70;97618.70;97618.70;97618.70
2000.08.22;97618.70;97618.70;97618.70;97618.70
2000.08.23;97618.70;97618.70;97618.70;97618.70
2000.08.24;97618.70;97618.70;97618.70;97618.70
2000.08.25;97618.70;97618.70;97618.70;97618.70
2000.08.28;97618.70;97618.70;97618.70;97618.70
2000.08.29;97618.70;97618.70;97618.70;97618.70
2000.08.30;97618.70;97618.70;97618.70;97618.70
2000.08.31;97618.70;97618.70;97618.70;97618.70
2000.09.01;97618.70;97618.70;97604.06;97604.06
2000.09.05;97604.06;97604.06;97466.68;97466.68
2000.09.06;97578.38;97466.68;97325.07;97325.07
2000.09.07;97571.99;97325.07;97325.07;97339.46
2000.09.08;97565.62;97339.46;97155.64;97155.64
2000.09.11;97559.25;97155.64;97088.95;97088.95
2000.09.12;97540.26;97088.95;96997.09;96997.09
2000.09.13;97533.94;96997.09;96997.09;97060.02
2000.09.14;97527.64;97060.02;96923.37;96923.37
2000.09.15;97521.33;96923.37;96358.81;96358.81
2000.09.18;97515.04;96358.81;95859.68;95859.68
2000.09.19;97496.54;95859.68;95859.68;96148.09
2000.09.20;97490.48;96148.09;96106.81;96106.81
2000.09.21;97484.36;96106.81;95505.09;95505.09
2000.09.22;97478.24;95505.09;95505.09;96120.95
2000.09.25;97472.26;96120.95;96120.95;96204.28
2000.09.26;97453.89;96204.28;95956.37;95956.37
2000.09.27;97447.74;95956.37;95929.06;95929.06
2000.09.28;97441.65;95929.06;95929.06;96466.92
2000.09.29;97435.56;96466.92;96073.08;96073.08
2000.10.02;97429.36;96073.08;95963.15;95963.15
2000.10.03;95963.15;95963.15;95963.15;95963.15
2000.10.04;95963.15;95963.15;95963.15;95963.15
2000.10.05;95963.15;95963.15;95963.15;95963.15
2000.10.06;95963.15;95963.15;95963.15;95963.15
2000.10.09;95963.15;95963.15;95963.15;95963.15
2000.10.10;95963.15;95963.15;95963.15;95963.15
2000.10.11;95963.15;95963.15;95963.15;95963.15
2000.10.12;95963.15;95963.15;95963.15;95963.15
2000.10.13;95963.15;95963.15;95963.15;95963.15
2000.10.16;95963.15;95963.15;95963.15;95963.15
2000.10.17;95963.15;95963.15;95963.15;95963.15
2000.10.18;95963.15;95963.15;95963.15;95963.15
2000.10.19;95963.15;95963.15;95963.15;95963.15
2000.10.20;95963.15;95963.15;95963.15;95963.15
2000.10.23;95963.15;95963.15;95963.15;95963.15
2000.10.24;95963.15;95963.15;95963.15;95963.15
2000.10.25;95963.15;95963.15;95963.15;95963.15
2000.10.26;95963.15;95963.15;95963.15;95963.15
2000.10.27;95963.15;95963.15;95963.15;95963.15
2000.10.30;95963.15;95963.15;95963.15;95963.15
2000.10.31;95963.15;95963.15;95963.15;95963.15
2000.11.01;95963.15;95963.15;95963.15;95963.15
2000.11.02;95963.15;95963.15;95963.15;95963.15
2000.11.03;95963.15;95963.15;95963.15;95963.15
2000.11.06;95963.15;95963.15;95963.15;95963.15
2000.11.07;95963.15;95963.15;95963.15;95963.15
2000.11.08;95963.15;95963.15;95963.15;95963.15
2000.11.09;95963.15;95963.15;95963.15;95963.15
2000.11.10;95963.15;95963.15;95963.15;95963.15
2000.11.13;95963.15;95963.15;95963.15;95963.15
2000.11.14;95963.15;95963.15;95963.15;95963.15
2000.11.15;95963.15;95963.15;95963.15;95963.15
2000.11.16;95963.15;95963.15;95963.15;95963.15
2000.11.17;95963.15;95963.15;95963.15;95963.15
2000.11.20;95963.15;95963.15;95963.15;95963.15
2000.11.21;95963.15;95963.15;95963.15;95963.15
2000.11.22;95963.15;95963.15;95963.15;95963.15
2000.11.24;95963.15;95963.15;95963.15;95963.15
2000.11.27;95963.15;95963.15;95963.15;95963.15
2000.11.28;95963.15;95963.15;95963.15;95963.15
2000.11.29;95963.15;95963.15;95963.15;95963.15
2000.11.30;95963.15;95963.15;95963.15;95963.15
2000.12.01;95963.15;95963.15;95963.15;95963.15
2000.12.04;95963.15;95963.15;95963.15;95963.15
2000.12.05;95963.15;95963.15;95963.15;95963.15
2000.12.06;95963.15;95963.15;95963.15;95963.15
2000.12.07;95963.15;95963.15;95963.15;95963.15
2000.12.08;95963.15;95963.15;95963.15;95963.15
2000.12.11;95963.15;95963.15;95963.15;95963.15
2000.12.12;95963.15;95963.15;95963.15;95963.15
2000.12.13;95963.15;95963.15;95963.15;95963.15
2000.12.14;95963.15;95963.15;95963.15;95963.15
2000.12.15;95963.15;95963.15;95963.15;95963.15
2000.12.18;95963.15;95963.15;95963.15;95963.15
2000.12.19;95963.15;95963.15;95963.15;95963.15
2000.12.20;95963.15;95963.15;95963.15;95963.15
2000.12.21;95963.15;95963.15;95963.15;95963.15
2000.12.22;95963.15;95963.15;95963.15;95963.15
2000.12.26;95963.15;95963.15;95963.15;95963.15
2000.12.27;95963.15;95963.15;95963.15;95963.15
2000.12.28;95963.15;95963.15;95963.15;95963.15
2000.12.29;95963.15;95963.15;95963.15;95963.15
2001.01.02;95963.15;95963.15;95963.15;95963.15
2001.01.03;95963.15;95963.15;95963.15;95963.15
2001.01.04;95963.15;95963.15;95963.15;95963.15
2001.01.05;95963.15;95963.15;95963.15;95963.15
2001.01.08;95963.15;95963.15;95963.15;95963.15
2001.01.09;95963.15;95963.15;95963.15;95963.15
2001.01.10;95963.15;95963.15;95963.15;95963.15
2001.01.11;95963.15;95963.15;95963.15;95963.15
2001.01.12;95963.15;95963.15;95963.15;95963.15
2001.01.16;95963.15;95963.15;95963.15;95963.15
2001.01.17;95963.15;95963.15;95963.15;95963.15
2001.01.18;95963.15;95963.15;95963.15;95963.15
2001.01.19;95963.15;95963.15;95963.15;95963.15
2001.01.22;95963.15;95963.15;95963.15;95963.15
2001.01.23;95963.15;95963.15;95963.15;95963.15
2001.01.24;95963.15;95963.15;95963.15;95963.15
2001.01.25;95963.15;95963.15;95963.15;95963.15
2001.01.26;95963.15;95963.15;95963.15;95963.15
2001.01.29;95963.15;95963.15;95963.15;95963.15
2001.01.30;95963.15;95963.15;95963.15;95963.15
2001.01.31;95963.15;95963.15;95963.15;95963.15
2001.02.01;95963.15;95963.15;95963.15;95963.15
2001.02.02;95963.15;95963.15;95963.15;95963.15
2001.02.05;95963.15;95963.15;95963.15;95963.15
2001.02.06;95963.15;95963.15;95963.15;95963.15
2001.02.07;95963.15;95963.15;95963.15;95963.15
2001.02.08;95963.15;95963.15;95963.15;95963.15
2001.02.09;95963.15;95963.15;95963.15;95963.15
2001.02.12;95963.15;95963.15;95963.15;95963.15
2001.02.13;95963.15;95963.15;95963.15;95963.15
2001.02.14;95963.15;95963.15;95963.15;95963.15
2001.02.15;95963.15;95963.15;95963.15;95963.15
2001.02.16;95963.15;95963.15;95963.15;95963.15
2001.02.20;95963.15;95963.15;95963.15;95963.15
2001.02.21;95963.15;95963.15;95963.15;95963.15
2001.02.22;95963.15;95963.15;95963.15;95963.15
2001.02.23;95963.15;95963.15;95963.15;95963.15
2001.02.26;95963.15;95963.15;95963.15;95963.15
2001.02.27;95963.15;95963.15;95963.15;95963.15
2001.02.28;95963.15;95963.15;95963.15;95963.15
2001.03.01;95963.15;95963.15;95963.15;95963.15
2001.03.02;95963.15;95963.15;95963.15;95963.15
2001.03.05;95963.15;95963.15;95963.15;95963.15
2001.03.06;95963.15;95963.15;95963.15;95963.15
2001.03.07;95963.15;95963.15;95963.15;95963.15
2001.03.08;95963.15;95963.15;95963.15;95963.15
2001.03.09;95963.15;95963.15;95963.15;95963.15
2001.03.12;95963.15;95963.15;95963.15;95963.15
2001.03.13;95963.15;95963.15;95963.15;95963.15
2001.03.14;95963.15;95963.15;95963.15;95963.15
2001.03.15;95963.15;95963.15;95963.15;95963.15
2001.03.16;95963.15;95963.15;95963.15;95963.15
2001.03.19;95963.15;95963.15;95963.15;95963.15
2001.03.20;95963.15;95963.15;95963.15;95963.15
2001.03.21;95963.15;95963.15;95963.15;95963.15
2001.03.22;95963.15;95963.15;95963.15;95963.15
2001.03.23;95963.15;95963.15;95963.15;95963.15
2001.03.26;95963.15;95963.15;95963.15;95963.15
2001.03.27;95963.15;95963.15;95963.15;95963.15
2001.03.28;95963.15;95963.15;95963.15;95963.15
2001.03.29;95963.15;95963.15;95963.15;95963.15
2001.03.30;95963.15;95963.15;95963.15;95963.15
2001.04.02;95963.15;95963.15;95963.15;95963.15
2001.04.03;95963.15;95963.15;95963.15;95963.15
2001.04.04;95963.15;95963.15;95963.15;95963.15
2001.04.05;95963.15;95963.15;95963.15;95963.15
2001.04.06;95963.15;95963.15;95963.15;95963.15
2001.04.09;95963.15;95963.15;95963.15;95963.15
2001.04.10;95963.15;95963.15;95963.15;95963.15
2001.04.11;95963.15;95963.15;95963.15;95963.15
2001.04.12;95963.15;95963.15;95963.15;95963.15
2001.04.16;95963.15;95963.15;95963.15;95963.15
2001.04.17;95963.15;95963.15;95963.15;95963.15
2001.04.18;95963.15;95963.15;95963.15;95963.15
2001.04.19;95963.15;95963.15;95963.15;95963.15
2001.04.20;95963.15;95963.15;95963.15;95963.15
2001.04.23;95963.15;95963.15;95963.15;95963.15
2001.04.24;95963.15;95963.15;95963.15;95963.15
2001.04.25;95963.15;95963.15;95963.15;95963.15
2001.04.26;95963.15;95963.15;95963.15;95963.15
2001.04.27;95963.15;95963.15;95963.15;95963.15
2001.04.30;95963.15;95963.15;95963.15;95963.15
2001.05.01;95963.15;95963.15;95963.15;95963.15
2001.05.02;95963.15;95963.15;95963.15;95963.15
2001.05.03;95963.15;95963.15;95963.15;95963.15
2001.05.04;95963.15;95963.15;95963.15;95963.15
2001.05.07;95963.15;95963.15;95963.15;95963.15
2001.05.08;95963.15;95963.15;95963.15;95963.15
2001.05.09;95963.15;95963.15;95963.15;95963.15
2001.05.10;95963.15;95963.15;95963.15;95963.15
2001.05.11;95963.15;95963.15;95963.15;95963.15
2001.05.14;95963.15;95963.15;95963.15;95963.15
2001.05.15;95963.15;95963.15;95963.15;95963.15
2001.05.16;95963.15;95963.15;95963.15;95963.15
2001.05.17;95963.15;95963.15;95963.15;95963.15
2001.05.18;95963.15;95963.15;95963.15;95963.15
2001.05.21;95963.15;95963.15;95963.15;95963.15
2001.05.22;95963.15;95963.15;95963.15;95963.15
2001.05.23;95963.15;95963.15;95963.15;95963.15
2001.05.24;95963.15;95963.15;95963.15;95963.15
2001.05.25;95963.15;95963.15;95963.15;95963.15
2001.05.29;95963.15;95963.15;95963.15;95963.15
2001.05.30;95963.15;95963.15;95963.15;95963.15
2001.05.31;95963.15;95963.15;95963.15;95963.15
2001.06.01;95963.15;95963.15;95963.15;95963.15
2001.06.04;95963.15;95963.15;95963.15;95963.15
2001.06.05;95963.15;95963.15;95963.15;95963.15
2001.06.06;95963.15;95963.15;95963.15;95963.15
2001.06.07;95963.15;95963.15;95963.15;95963.15
2001.06.08;95963.15;95963.15;95963.15;95963.15
2001.06.11;95963.15;95963.15;95963.15;95963.15
2001.06.12;95963.15;95963.15;95963.15;95963.15
2001.06.13;95963.15;95963.15;95963.15;95963.15
2001.06.14;95963.15;95963.15;95963.15;95963.15
2001.06.15;95963.15;95963.15;95963.15;95963.15
2001.06.18;95963.15;95963.15;95963.15;95963.15
2001.06.19;95963.15;95963.15;95963.15;95963.15
2001.06.20;95963.15;95963.15;95963.15;95963.15
2001.06.21;95963.15;95963.15;95963.15;95963.15
2001.06.22;95963.15;95963.15;95963.15;95963.15
2001.06.25;95963.15;95963.15;95963.15;95963.15
2001.06.26;95963.15;95963.15;95963.15;95963.15
2001.06.27;95963.15;95963.15;95963.15;95963.15
2001.06.28;95963.15;95963.15;95963.15;95963.15
2001.06.29;95963.15;95963.15;95963.15;95963.15
2001.07.02;95963.15;95963.15;95963.15;95963.15
2001.07.03;95963.15;95963.15;95963.15;95963.15
2001.07.05;95963.15;95963.15;95963.15;95963.15
2001.07.06;95963.15;95963.15;95963.15;95963.15
2001.07.09;95963.15;95963.15;95963.15;95963.15
2001.07.10;95963.15;95963.15;95963.15;95963.15
2001.07.11;95963.15;95963.15;95963.15;95963.15
2001.07.12;95963.15;95963.15;95963.15;95963.15
2001.07.13;95963.15;95963.15;95963.15;95963.15
2001.07.16;95963.15;95963.15;95963.15;95963.15
2001.07.17;95963.15;95963.15;95963.15;95963.15
2001.07.18;95963.15;95963.15;95963.15;95963.15
2001.07.19;95963.15;95963.15;95963.15;95963.15
2001.07.20;95963.15;95963.15;95963.15;95963.15
2001.07.23;95963.15;95963.15;95963.15;95963.15
2001.07.24;95963.15;95963.15;95963.15;95963.15
2001.07.25;95963.15;95963.15;95963.15;95963.15
2001.07.26;95963.15;95963.15;95963.15;95963.15
2001.07.27;95963.15;95963.15;95963.15;95963.15
2001.07.30;95963.15;95963.15;95963.15;95963.15
2001.07.31;95963.15;95963.15;95963.15;95963.15
2001.08.01;95963.15;95963.15;95963.15;95963.15
2001.08.02;95963.15;95963.15;95963.15;95963.15
2001.08.03;95963.15;95963.15;95963.15;95963.15
2001.08.06;95963.15;95963.15;95963.15;95963.15
2001.08.07;95963.15;95963.15;95963.15;95963.15
2001.08.08;95963.15;95963.15;95963.15;95963.15
2001.08.09;95963.15;95963.15;95963.15;95963.15
2001.08.10;95963.15;95963.15;95963.15;95963.15
2001.08.13;95963.15;95963.15;95963.15;95963.15
2001.08.14;95963.15;95963.15;95963.15;95963.15
2001.08.15;95963.15;95963.15;95963.15;95963.15
2001.08.16;95963.15;95963.15;95963.15;95963.15
2001.08.17;95963.15;95963.15;95963.15;95963.15
2001.08.20;95963.15;95963.15;95963.15;95963.15
2001.08.21;95963.15;95963.15;95963.15;95963.15
2001.08.22;95963.15;95963.15;95963.15;95963.15
2001.08.23;95963.15;95963.15;95963.15;95963.15
2001.08.24;95963.15;95963.15;95963.15;95963.15
2001.08.27;95963.15;95963.15;95963.15;95963.15
2001.08.28;95963.15;95963.15;95963.15;95963.15
2001.08.29;95963.15;95963.15;95963.15;95963.15
2001.08.30;95963.15;95963.15;95963.15;95963.15
2001.08.31;95963.15;95963.15;95963.15;95963.15
2001.09.04;95963.15;95963.15;95963.15;95963.15
2001.09.05;95963.15;95963.15;95963.15;95963.15
2001.09.06;95963.15;95963.15;95963.15;95963.15
2001.09.07;95963.15;95963.15;95963.15;95963.15
2001.09.10;95963.15;95963.15;95963.15;95963.15
2001.09.17;95963.15;95963.15;95963.15;95963.15
2001.09.18;95963.15;95963.15;95963.15;95963.15
2001.09.19;95963.15;95963.15;95963.15;95963.15
2001.09.20;95963.15;95963.15;95963.15;95963.15
2001.09.21;95963.15;95963.15;95963.15;95963.15
2001.09.24;95963.15;95963.15;95963.15;95963.15
2001.09.25;95963.15;95963.15;95963.15;95963.15
2001.09.26;95963.15;95963.15;95963.15;95963.15
2001.09.27;95963.15;95963.15;95963.15;95963.15
2001.09.28;95963.15;95963.15;95963.15;95963.15
2001.10.01;95963.15;95963.15;95963.15;95963.15
2001.10.02;95963.15;95963.15;95963.15;95963.15
2001.10.03;95963.15;95963.15;95963.15;95963.15
2001.10.04;95963.15;95963.15;95963.15;95963.15
2001.10.05;95963.15;95963.15;95963.15;95963.15
2001.10.08;95963.15;95963.15;95963.15;95963.15
2001.10.09;95963.15;95963.15;95963.15;95963.15
2001.10.10;95963.15;95963.15;95963.15;95963.15
2001.10.11;95963.15;95963.15;95963.15;95963.15
2001.10.12;95963.15;95963.15;95963.15;95963.15
2001.10.15;95963.15;95963.15;95963.15;95963.15
2001.10.16;95963.15;95963.15;95963.15;95963.15
2001.10.17;95963.15;95963.15;95963.15;95963.15
2001.10.18;95963.15;95963.15;95963.15;95963.15
2001.10.19;95963.15;95963.15;95963.15;95963.15
2001.10.22;95963.15;95963.15;95963.15;95963.15
2001.10.23;95963.15;95963.15;95963.15;95963.15
2001.10.24;95963.15;95963.15;95963.15;95963.15
2001.10.25;95963.15;95963.15;95963.15;95963.15
2001.10.26;95963.15;95963.15;95963.15;95963.15
2001.10.29;95963.15;95963.15;95963.15;95963.15
2001.10.30;95963.15;95963.15;95963.15;95963.15
2001.10.31;95963.15;95963.15;95963.15;95963.15
2001.11.01;95963.15;95963.15;95963.15;95963.15
2001.11.02;95963.15;95963.15;95963.15;95963.15
2001.11.05;95963.15;95963.15;95963.15;95963.15
2001.11.06;95963.15;95963.15;95963.15;95963.15
2001.11.07;95963.15;95963.15;95963.15;95963.15
2001.11.08;95963.15;95963.15;95963.15;95963.15
2001.11.09;95963.15;95963.15;95963.15;95963.15
2001.11.12;95963.15;95963.15;95963.15;95963.15
2001.11.13;95963.15;95963.15;95963.15;95963.15
2001.11.14;95963.15;95963.15;95963.15;95963.15
2001.11.15;95963.15;95963.15;95963.15;95963.15
2001.11.16;95963.15;95963.15;95963.15;95963.15
2001.11.19;95963.15;95963.15;95963.15;95963.15
2001.11.20;95963.15;95963.15;95963.15;95963.15
2001.11.21;95963.15;95963.15;95963.15;95963.15
2001.11.23;95963.15;95963.15;95963.15;95963.15
2001.11.26;95963.15;95963.15;95963.15;95963.15
2001.11.27;95963.15;95963.15;95963.15;95963.15
2001.11.28;95963.15;95963.15;95963.15;95963.15
2001.11.29;95963.15;95963.15;95963.15;95963.15
2001.11.30;95963.15;95963.15;95963.15;95963.15
2001.12.03;95963.15;95963.15;95963.15;95963.15
2001.12.04;95963.15;95963.15;95963.15;95963.15
2001.12.05;95963.15;95963.15;95963.15;95963.15
2001.12.06;95963.15;95963.15;95963.15;95963.15
2001.12.07;95963.15;95963.15;95963.15;95963.15
2001.12.10;95963.15;95963.15;95963.15;95963.15
2001.12.11;95963.15;95963.15;95963.15;95963.15
2001.12.12;95963.15;95963.15;95963.15;95963.15
2001.12.13;95963.15;95963.15;95963.15;95963.15
2001.12.14;95963.15;95963.15;95963.15;95963.15
2001.12.17;95963.15;95963.15;95963.15;95963.15
2001.12.18;95963.15;95963.15;95963.15;95963.15
2001.12.19;95963.15;95963.15;95963.15;95963.15
2001.12.20;95963.15;95963.15;95963.15;95963.15
2001.12.21;95963.15;95963.15;95963.15;95963.15
2001.12.24;95963.15;95963.15;95963.15;95963.15
2001.12.26;95963.15;95963.15;95963.15;95963.15
2001.12.27;95963.15;95963.15;95963.15;95963.15
2001.12.28;95963.15;95963.15;95963.15;95963.15
2001.12.31;95963.15;95963.15;95963.15;95963.15
2002.01.02;95963.15;95963.15;95963.15;95963.15
2002.01.03;95963.15;95963.15;95963.15;95963.15
2002.01.04;95963.15;95963.15;95963.15;95963.15
2002.01.07;95963.15;95963.15;95963.15;95963.15
2002.01.08;95963.15;95963.15;95963.15;95963.15
2002.01.09;95963.15;95963.15;95963.15;95963.15
2002.01.10;95963.15;95963.15;95963.15;95963.15
2002.01.11;95963.15;95963.15;95963.15;95963.15
2002.01.14;95963.15;95963.15;95963.15;95963.15
2002.01.15;95963.15;95963.15;95963.15;95963.15
2002.01.16;95963.15;95963.15;95963.15;95963.15
2002.01.17;95963.15;95963.15;95963.15;95963.15
2002.01.18;95963.15;95963.15;95963.15;95963.15
2002.01.22;95963.15;95963.15;95963.15;95963.15
2002.01.23;95963.15;95963.15;95963.15;95963.15
2002.01.24;95963.15;95963.15;95963.15;95963.15
2002.01.25;95963.15;95963.15;95963.15;95963.15
2002.01.28;95963.15;95963.15;95963.15;95963.15
2002.01.29;95963.15;95963.15;95963.15;95963.15
2002.01.30;95963.15;95963.15;95963.15;95963.15
2002.01.31;95963.15;95963.15;95963.15;95963.15
2002.02.01;95963.15;95963.15;95963.15;95963.15
2002.02.04;95963.15;95963.15;95963.15;95963.15
2002.02.05;95963.15;95963.15;95963.15;95963.15
2002.02.06;95963.15;95963.15;95963.15;95963.15
2002.02.07;95963.15;95963.15;95963.15;95963.15
2002.02.08;95963.15;95963.15;95963.15;95963.15
2002.02.11;95963.15;95963.15;95963.15;95963.15
2002.02.12;95963.15;95963.15;95963.15;95963.15
2002.02.13;95963.15;95963.15;95963.15;95963.15
2002.02.14;95963.15;95963.15;95963.15;95963.15
2002.02.15;95963.15;95963.15;95963.15;95963.15
2002.02.19;95963.15;95963.15;95963.15;95963.15
2002.02.20;95963.15;95963.15;95963.15;95963.15
2002.02.21;95963.15;95963.15;95963.15;95963.15
2002.02.22;95963.15;95963.15;95963.15;95963.15
2002.02.25;95963.15;95963.15;95963.15;95963.15
2002.02.26;95963.15;95963.15;95963.15;95963.15
2002.02.27;95963.15;95963.15;95963.15;95963.15
2002.02.28;95963.15;95963.15;95963.15;95963.15
2002.03.01;95963.15;95963.15;95963.15;95963.15
2002.03.04;95963.15;95963.15;95963.15;95963.15
2002.03.05;95963.15;95963.15;95963.15;95963.15
2002.03.06;95963.15;95963.15;95963.15;95963.15
2002.03.07;95963.15;95963.15;95963.15;95963.15
2002.03.08;95963.15;95963.15;95963.15;95963.15
2002.03.11;95963.15;95963.15;95963.15;95963.15
2002.03.12;95963.15;95963.15;95963.15;95963.15
2002.03.13;95963.15;95963.15;95963.15;95963.15
2002.03.14;95963.15;95963.15;95963.15;95963.15
2002.03.15;95963.15;95963.15;95963.15;95963.15
2002.03.18;95963.15;95963.15;95963.15;95963.15
2002.03.19;95963.15;95963.15;95963.15;95963.15
2002.03.20;95963.15;95963.15;95963.15;95963.15
2002.03.21;95963.15;95963.15;95963.15;95963.15
2002.03.22;95963.15;95963.15;95963.15;95963.15
2002.03.25;95963.15;95963.15;95963.15;95963.15
2002.03.26;95963.15;95963.15;95963.15;95963.15
2002.03.27;95963.15;95963.15;95963.15;95963.15
2002.03.28;95963.15;95963.15;95963.15;95963.15
2002.04.01;95963.15;95963.15;95948.75;95948.75
2002.04.02;95948.75;95948.75;95948.75;96214.86
2002.04.03;95942.44;96214.86;96056.53;96056.53
2002.04.04;95936.07;96056.53;95905.27;95905.27
2002.04.05;95929.74;95905.27;95855.61;95855.61
2002.04.08;95923.43;95855.61;95855.61;95960.40
2002.04.09;95904.55;95960.40;95606.62;95606.62
2002.04.10;95898.22;95606.62;95606.62;95977.88
2002.04.11;95891.98;95977.88;95262.84;95262.84
2002.04.12;95885.65;95262.84;94651.20;94651.20
2002.04.15;95879.48;94651.20;94651.20;95035.75
2002.04.16;95861.35;95035.75;95035.75;95534.68
2002.04.17;95855.22;95534.68;95534.68;95928.08
2002.04.18;95848.98;95928.08;95928.08;96142.05
2002.04.19;95842.66;96142.05;96142.05;96300.67
2002.04.22;95836.28;96300.67;96196.72;96196.72
2002.04.23;95817.05;96196.72;96196.72;96251.58
2002.04.24;95810.65;96251.58;96070.35;96070.35
2002.04.25;95804.25;96070.35;96070.35;96300.46
2002.04.26;95797.88;96300.46;96189.10;96189.10
2002.04.29;95791.46;96189.10;96011.87;96011.87
2002.04.30;95772.27;96011.87;96011.87;96117.69
2002.05.01;95765.90;96117.69;96117.69;96176.36
2002.05.02;96176.36;96176.36;96176.36;96176.36
2002.05.03;96176.36;96176.36;96176.36;96176.36
2002.05.06;96176.36;96176.36;96176.36;96176.36
2002.05.07;96176.36;96176.36;96176.36;96176.36
2002.05.08;96176.36;96176.36;96176.36;96176.36
2002.05.09;96176.36;96176.36;96176.36;96176.36
2002.05.10;96176.36;96176.36;96176.36;96176.36
2002.05.13;96176.36;96176.36;96176.36;96176.36
2002.05.14;96176.36;96176.36;96176.36;96176.36
2002.05.15;96176.36;96176.36;96176.36;96176.36
2002.05.16;96176.36;96176.36;96176.36;96176.36
2002.05.17;96176.36;96176.36;96176.36;96176.36
2002.05.20;96176.36;96176.36;96176.36;96176.36
2002.05.21;96176.36;96176.36;96176.36;96176.36
2002.05.22;96176.36;96176.36;96176.36;96176.36
2002.05.23;96176.36;96176.36;96176.36;96176.36
2002.05.24;96176.36;96176.36;96176.36;96176.36
2002.05.28;96176.36;96176.36;96176.36;96176.36
2002.05.29;96176.36;96176.36;96176.36;96176.36
2002.05.30;96176.36;96176.36;96176.36;96176.36
2002.05.31;96176.36;96176.36;96176.36;96176.36
2002.06.03;96176.36;96176.36;96176.36;96176.36
2002.06.04;96176.36;96176.36;96176.36;96176.36
2002.06.05;96176.36;96176.36;96176.36;96176.36
2002.06.06;96176.36;96176.36;96176.36;96176.36
2002.06.07;96176.36;96176.36;96176.36;96176.36
2002.06.10;96176.36;96176.36;96176.36;96176.36
2002.06.11;96176.36;96176.36;96176.36;96176.36
2002.06.12;96176.36;96176.36;96176.36;96176.36
2002.06.13;96176.36;96176.36;96176.36;96176.36
2002.06.14;96176.36;96176.36;96176.36;96176.36
2002.06.17;96176.36;96176.36;96176.36;96176.36
2002.06.18;96176.36;96176.36;96176.36;96176.36
2002.06.19;96176.36;96176.36;96176.36;96176.36
2002.06.20;96176.36;96176.36;96176.36;96176.36
2002.06.21;96176.36;96176.36;96176.36;96176.36
2002.06.24;96176.36;96176.36;96176.36;96176.36
2002.06.25;96176.36;96176.36;96176.36;96176.36
2002.06.26;96176.36;96176.36;96176.36;96176.36
2002.06.27;96176.36;96176.36;96176.36;96176.36
2002.06.28;96176.36;96176.36;96176.36;96176.36
2002.07.01;96176.36;96176.36;96176.36;96176.36
2002.07.02;96176.36;96176.36;96176.36;96176.36
2002.07.03;96176.36;96176.36;96176.36;96176.36
2002.07.05;96176.36;96176.36;96176.36;96176.36
2002.07.08;96176.36;96176.36;96176.36;96176.36
2002.07.09;96176.36;96176.36;96176.36;96176.36
2002.07.10;96176.36;96176.36;96176.36;96176.36
2002.07.11;96176.36;96176.36;96176.36;96176.36
2002.07.12;96176.36;96176.36;96176.36;96176.36
2002.07.15;96176.36;96176.36;96176.36;96176.36
2002.07.16;96176.36;96176.36;96176.36;96176.36
2002.07.17;96176.36;96176.36;96176.36;96176.36
2002.07.18;96176.36;96176.36;96176.36;96176.36
2002.07.19;96176.36;96176.36;96176.36;96176.36
2002.07.22;96176.36;96176.36;96176.36;96176.36
2002.07.23;96176.36;96176.36;96176.36;96176.36
2002.07.24;96176.36;96176.36;96176.36;96176.36
2002.07.25;96176.36;96176.36;96176.36;96176.36
2002.07.26;96176.36;96176.36;96176.36;96176.36
2002.07.29;96176.36;96176.36;96176.36;96176.36
2002.07.30;96176.36;96176.36;96176.36;96176.36
2002.07.31;96176.36;96176.36;96176.36;96176.36
2002.08.01;96176.36;96176.36;96176.36;96176.36
2002.08.02;96176.36;96176.36;96176.36;96176.36
2002.08.05;96176.36;96176.36;96176.36;96176.36
2002.08.06;96176.36;96176.36;96176.36;96176.36
2002.08.07;96176.36;96176.36;96176.36;96176.36
2002.08.08;96176.36;96176.36;96176.36;96176.36
2002.08.09;96176.36;96176.36;96176.36;96176.36
2002.08.12;96176.36;96176.36;96176.36;96176.36
2002.08.13;96176.36;96176.36;96176.36;96176.36
2002.08.14;96176.36;96176.36;96176.36;96176.36
2002.08.15;96176.36;96176.36;96176.36;96176.36
2002.08.16;96176.36;96176.36;96176.36;96176.36
2002.08.19;96176.36;96176.36;96176.36;96176.36
2002.08.20;96176.36;96176.36;96176.36;96176.36
2002.08.21;96176.36;96176.36;96176.36;96176.36
2002.08.22;96176.36;96176.36;96176.36;96176.36
2002.08.23;96176.36;96176.36;96176.36;96176.36
2002.08.26;96176.36;96176.36;96176.36;96176.36
2002.08.27;96176.36;96176.36;96176.36;96176.36
2002.08.28;96176.36;96176.36;96176.36;96176.36
2002.08.29;96176.36;96176.36;96176.36;96176.36
2002.08.30;96176.36;96176.36;96176.36;96176.36
2002.09.03;96176.36;96176.36;96176.36;96176.36
2002.09.04;96176.36;96176.36;96176.36;96176.36
2002.09.05;96176.36;96176.36;96176.36;96176.36
2002.09.06;96176.36;96176.36;96176.36;96176.36
2002.09.09;96176.36;96176.36;96176.36;96176.36
2002.09.10;96176.36;96176.36;96176.36;96176.36
2002.09.11;96176.36;96176.36;96176.36;96176.36
2002.09.12;96176.36;96176.36;96176.36;96176.36
2002.09.13;96176.36;96176.36;96176.36;96176.36
2002.09.16;96176.36;96176.36;96176.36;96176.36
2002.09.17;96176.36;96176.36;96176.36;96176.36
2002.09.18;96176.36;96176.36;96176.36;96176.36
2002.09.19;96176.36;96176.36;96176.36;96176.36
2002.09.20;96176.36;96176.36;96176.36;96176.36
2002.09.23;96176.36;96176.36;96176.36;96176.36
2002.09.24;96176.36;96176.36;96176.36;96176.36
2002.09.25;96176.36;96176.36;96176.36;96176.36
2002.09.26;96176.36;96176.36;96176.36;96176.36
2002.09.27;96176.36;96176.36;96176.36;96176.36
2002.09.30;96176.36;96176.36;96176.36;96176.36
2002.10.01;96176.36;96176.36;96176.36;96176.36
2002.10.02;96176.36;96176.36;96176.36;96176.36
2002.10.03;96176.36;96176.36;96176.36;96176.36
2002.10.04;96176.36;96176.36;96176.36;96176.36
2002.10.07;96176.36;96176.36;96176.36;96176.36
2002.10.08;96176.36;96176.36;96176.36;96176.36
2002.10.09;96176.36;96176.36;96176.36;96176.36
2002.10.10;96176.36;96176.36;96176.36;96176.36
2002.10.11;96176.36;96176.36;96176.36;96176.36
2002.10.14;96176.36;96176.36;96176.36;96176.36
2002.10.15;96176.36;96176.36;96176.36;96176.36
2002.10.16;96176.36;96176.36;96176.36;96176.36
2002.10.17;96176.36;96176.36;96176.36;96176.36
2002.10.18;96176.36;96176.36;96176.36;96176.36
2002.10.21;96176.36;96176.36;96176.36;96176.36
2002.10.22;96176.36;96176.36;96176.36;96176.36
2002.10.23;96176.36;96176.36;96176.36;96176.36
2002.10.24;96176.36;96176.36;96176.36;96176.36
2002.10.25;96176.36;96176.36;96176.36;96176.36
2002.10.28;96176.36;96176.36;96176.36;96176.36
2002.10.29;96176.36;96176.36;96176.36;96176.36
2002.10.30;96176.36;96176.36;96176.36;96176.36
2002.10.31;96176.36;96176.36;96176.36;96176.36
2002.11.01;96176.36;96176.36;96176.36;96176.36
2002.11.04;96176.36;96176.36;96176.36;96176.36
2002.11.05;96176.36;96176.36;96176.36;96176.36
2002.11.06;96176.36;96176.36;96176.36;96176.36
2002.11.07;96176.36;96176.36;96176.36;96176.36
2002.11.08;96176.36;96176.36;96176.36;96176.36
2002.11.11;96176.36;96176.36;96176.36;96176.36
2002.11.12;96176.36;96176.36;96176.36;96176.36
2002.11.13;96176.36;96176.36;96176.36;96176.36
2002.11.14;96176.36;96176.36;96176.36;96176.36
2002.11.15;96176.36;96176.36;96176.36;96176.36
2002.11.18;96176.36;96176.36;96176.36;96176.36
2002.11.19;96176.36;96176.36;96176.36;96176.36
2002.11.20;96176.36;96176.36;96176.36;96176.36
2002.11.21;96176.36;96176.36;96176.36;96176.36
2002.11.22;96176.36;96176.36;96176.36;96176.36
2002.11.25;96176.36;96176.36;96176.36;96176.36
2002.11.26;96176.36;96176.36;96176.36;96176.36
2002.11.27;96176.36;96176.36;96176.36;96176.36
2002.11.29;96176.36;96176.36;96176.36;96176.36
2002.12.02;96176.36;96176.36;96176.36;96176.36
2002.12.03;96176.36;96176.36;96176.36;96176.36
2002.12.04;96176.36;96176.36;96176.36;96176.36
2002.12.05;96176.36;96176.36;96176.36;96176.36
2002.12.06;96176.36;96176.36;96176.36;96176.36
2002.12.09;96176.36;96176.36;96176.36;96176.36
2002.12.10;96176.36;96176.36;96176.36;96176.36
2002.12.11;96176.36;96176.36;96176.36;96176.36
2002.12.12;96176.36;96176.36;96176.36;96176.36
2002.12.13;96176.36;96176.36;96176.36;96176.36
2002.12.16;96176.36;96176.36;96176.36;96176.36
2002.12.17;96176.36;96176.36;96176.36;96176.36
2002.12.18;96176.36;96176.36;96176.36;96176.36
2002.12.19;96176.36;96176.36;96176.36;96176.36
2002.12.20;96176.36;96176.36;96176.36;96176.36
2002.12.23;96176.36;96176.36;96176.36;96176.36
2002.12.24;96176.36;96176.36;96176.36;96176.36
2002.12.26;96176.36;96176.36;96176.36;96176.36
2002.12.27;96176.36;96176.36;96176.36;96176.36
2002.12.30;96176.36;96176.36;96176.36;96176.36
2002.12.31;96176.36;96176.36;96176.36;96176.36
2003.01.02;96176.36;96176.36;96176.36;96176.36
2003.01.03;96176.36;96176.36;96176.36;96176.36
2003.01.06;96176.36;96176.36;96176.36;96176.36
2003.01.07;96176.36;96176.36;96176.36;96176.36
2003.01.08;96176.36;96176.36;96176.36;96176.36
2003.01.09;96176.36;96176.36;96176.36;96176.36
2003.01.10;96176.36;96176.36;96176.36;96176.36
2003.01.13;96176.36;96176.36;96176.36;96176.36
2003.01.14;96176.36;96176.36;96176.36;96176.36
2003.01.15;96176.36;96176.36;96176.36;96176.36
2003.01.16;96176.36;96176.36;96176.36;96176.36
2003.01.17;96176.36;96176.36;96176.36;96176.36
2003.01.21;96176.36;96176.36;96176.36;96176.36
2003.01.22;96176.36;96176.36;96176.36;96176.36
2003.01.23;96176.36;96176.36;96176.36;96176.36
2003.01.24;96176.36;96176.36;96176.36;96176.36
2003.01.27;96176.36;96176.36;96176.36;96176.36
2003.01.28;96176.36;96176.36;96176.36;96176.36
2003.01.29;96176.36;96176.36;96176.36;96176.36
2003.01.30;96176.36;96176.36;96176.36;96176.36
2003.01.31;96176.36;96176.36;96176.36;96176.36
2003.02.03;96176.36;96176.36;96176.36;96176.36
2003.02.04;96176.36;96176.36;96176.36;96176.36
2003.02.05;96176.36;96176.36;96176.36;96176.36
2003.02.06;96176.36;96176.36;96176.36;96176.36
2003.02.07;96176.36;96176.36;96176.36;96176.36
2003.02.10;96176.36;96176.36;96176.36;96176.36
2003.02.11;96176.36;96176.36;96176.36;96176.36
2003.02.12;96176.36;96176.36;96176.36;96176.36
2003.02.13;96176.36;96176.36;96176.36;96176.36
2003.02.14;96176.36;96176.36;96176.36;96176.36
2003.02.18;96176.36;96176.36;96176.36;96176.36
2003.02.19;96176.36;96176.36;96176.36;96176.36
2003.02.20;96176.36;96176.36;96176.36;96176.36
2003.02.21;96176.36;96176.36;96176.36;96176.36
2003.02.24;96176.36;96176.36;96176.36;96176.36
2003.02.25;96176.36;96176.36;96176.36;96176.36
2003.02.26;96176.36;96176.36;96176.36;96176.36
2003.02.27;96176.36;96176.36;96176.36;96176.36
2003.02.28;96176.36;96176.36;96176.36;96176.36
2003.03.03;96176.36;96176.36;96176.36;96176.36
2003.03.04;96176.36;96176.36;96176.36;96176.36
2003.03.05;96176.36;96176.36;96176.36;96176.36
2003.03.06;96176.36;96176.36;96176.36;96176.36
2003.03.07;96176.36;96176.36;96176.36;96176.36
2003.03.10;96176.36;96176.36;96176.36;96176.36
2003.03.11;96176.36;96176.36;96176.36;96176.36
2003.03.12;96176.36;96176.36;96176.36;96176.36
2003.03.13;96176.36;96176.36;96176.36;96176.36
2003.03.14;96176.36;96176.36;96176.36;96176.36
2003.03.17;96176.36;96176.36;96176.36;96176.36
2003.03.18;96176.36;96176.36;96176.36;96176.36
2003.03.19;96176.36;96176.36;96176.36;96176.36
2003.03.20;96176.36;96176.36;96176.36;96176.36
2003.03.21;96176.36;96176.36;96176.36;96176.36
2003.03.24;96176.36;96176.36;96176.36;96176.36
2003.03.25;96176.36;96176.36;96176.36;96176.36
2003.03.26;96176.36;96176.36;96176.36;96176.36
2003.03.27;96176.36;96176.36;96176.36;96176.36
2003.03.28;96176.36;96176.36;96176.36;96176.36
2003.03.31;96176.36;96176.36;96176.36;96176.36
2003.04.01;96176.36;96176.36;96176.36;96176.36
2003.04.02;96176.36;96176.36;96176.36;96176.36
2003.04.03;96176.36;96176.36;96176.36;96176.36
2003.04.04;96176.36;96176.36;96176.36;96176.36
2003.04.07;96176.36;96176.36;96176.36;96176.36
2003.04.08;96176.36;96176.36;96176.36;96176.36
2003.04.09;96176.36;96176.36;96176.36;96176.36
2003.04.10;96176.36;96176.36;96176.36;96176.36
2003.04.11;96176.36;96176.36;96176.36;96176.36
2003.04.14;96176.36;96176.36;96176.36;96176.36
2003.04.15;96176.36;96176.36;96176.36;96176.36
2003.04.16;96176.36;96176.36;96176.36;96176.36
2003.04.17;96176.36;96176.36;96176.36;96176.36
2003.04.21;96176.36;96176.36;96176.36;96176.36
2003.04.22;96176.36;96176.36;96176.36;96176.36
2003.04.23;96176.36;96176.36;96176.36;96176.36
2003.04.24;96176.36;96176.36;96176.36;96176.36
2003.04.25;96176.36;96176.36;96176.36;96176.36
2003.04.28;96176.36;96176.36;96176.36;96176.36
2003.04.29;96176.36;96176.36;96176.36;96176.36
2003.04.30;96176.36;96176.36;96176.36;96176.36
2003.05.01;96176.36;96176.36;96161.93;96161.93
2003.05.02;96161.93;96161.93;96161.93;96489.13
2003.05.05;96155.61;96489.13;96489.13;96536.35
2003.05.06;96136.42;96536.35;96536.35;96888.14
2003.05.07;96130.00;96888.14;96687.55;96687.55
2003.05.08;96123.51;96687.55;96352.39;96352.39
2003.05.09;96117.07;96352.39;96352.39;96686.49
2003.05.12;96110.69;96686.49;96686.49;96955.41
2003.05.13;96091.34;96955.41;96857.44;96857.44
2003.05.14;96084.83;96857.44;96815.95;96815.95
2003.05.15;96078.33;96815.95;96815.95;96992.02
2003.05.16;96071.85;96992.02;96992.02;97233.68
2003.05.19;96065.32;97233.68;96430.63;96430.63
2003.05.20;96045.58;96430.63;96430.63;96541.18
2003.05.21;96039.17;96541.18;96500.25;96500.25
2003.05.22;96032.74;96500.25;96500.25;96860.67
2003.05.23;96026.31;96860.67;96860.67;97121.62
2003.05.27;96019.81;97121.62;97121.62;97753.36
2003.05.28;95993.55;97753.36;97658.82;97658.82
2003.05.29;95986.84;97658.82;97507.56;97507.56
2003.05.30;95980.15;97507.56;97507.56;98026.65
2003.06.02;95973.49;98026.65;98026.65;98301.34
2003.06.03;96846.02;98301.34;98301.34;98375.44
2003.06.04;96839.31;98375.44;98375.44;98761.33
2003.06.05;96832.58;98761.33;98761.33;98917.00
2003.06.06;96825.76;98917.00;98780.25;98780.25
2003.06.09;96818.91;98780.25;98524.73;98524.73
2003.06.10;96798.43;98524.73;98524.73;98792.72
2003.06.11;96791.66;98792.72;98792.72;99304.07
2003.06.12;96784.83;99304.07;99304.07;99492.44
2003.06.13;96777.88;99492.44;99128.95;99128.95
2003.06.16;96770.89;99128.95;99128.95;99724.22
2003.06.17;96750.16;99724.22;99701.93;99701.93
2003.06.18;96743.11;99701.93;99661.32;99661.32
2003.06.19;96736.07;99661.32;99350.55;99350.55
2003.06.20;96729.03;99350.55;99283.57;99283.57
2003.06.23;96722.07;99283.57;98682.12;98682.12
2003.06.24;96701.20;98682.12;98614.80;98614.80
2003.06.25;96694.37;98614.80;98520.73;98520.73
2003.06.26;96687.55;98520.73;98520.73;98811.98
2003.06.27;96680.76;98811.98;98534.02;98534.02
2003.06.30;96673.90;98534.02;98534.02;98662.90
2003.07.01;96653.49;98662.90;98647.34;98647.34
2003.07.02;96846.61;98647.34;98647.34;98939.72
2003.07.03;96839.81;98939.72;98844.97;98844.97
2003.07.07;96832.94;98844.97;98844.97;99103.56
2003.07.08;96805.55;99103.56;99084.50;99084.50
2003.07.09;96798.64;99084.50;99084.50;99134.17
2003.07.10;96791.74;99134.17;98756.73;98756.73
2003.07.11;96784.82;98756.73;98756.73;98995.73
2003.07.14;96777.98;98995.73;98995.73;99217.42
2003.07.15;96757.30;99217.42;98974.98;98974.98
2003.07.16;96750.36;98974.98;98692.96;98692.96
2003.07.17;96743.47;98692.96;98432.28;98432.28
2003.07.18;96736.63;98432.28;98432.28;99018.83
2003.07.21;96729.86;99018.83;98548.40;98548.40
2003.07.22;96709.13;98548.40;98420.84;98420.84
2003.07.23;96702.33;98420.84;98257.54;98257.54
2003.07.24;96695.54;98257.54;98257.54;98504.52
2003.07.25;96688.80;98504.52;98504.52;98760.32
2003.07.28;96681.99;98760.32;98760.32;98786.07
2003.07.29;96661.41;98786.07;98706.94;98706.94
2003.07.30;96654.54;98706.94;98608.17;98608.17
2003.07.31;96647.68;98608.17;98608.17;98688.49
2003.08.01;96640.85;98688.49;98688.49;98947.52
2003.08.04;97451.47;98947.52;98774.65;98774.65
2003.08.05;97431.12;98774.65;98459.28;98459.28
2003.08.06;97424.37;98459.28;98424.92;98424.92
2003.08.07;97417.69;98424.92;98424.92;98642.08
2003.08.08;97411.01;98642.08;98542.87;98542.87
2003.08.11;97404.28;98542.87;98542.87;98669.73
2003.08.12;97384.16;98669.73;98669.73;98712.44
2003.08.13;97377.43;98712.44;98712.44;99076.12
2003.08.14;97370.68;99076.12;99076.12;99492.54
2003.08.15;97363.85;99492.54;99265.14;99265.14
2003.08.18;97356.92;99265.14;99265.14;99644.98
2003.08.19;97336.30;99644.98;99644.98;99801.51
2003.08.20;97329.34;99801.51;99801.51;99848.45
2003.08.21;97322.34;99848.45;99848.45;100013.36
2003.08.22;97315.33;100013.36;100013.36;100064.63
2003.08.25;97308.28;100064.63;99801.99;99801.99
2003.08.26;97287.10;99801.99;99767.25;99767.25
2003.08.27;97280.09;99767.25;99767.25;100046.37
2003.08.28;97273.09;100046.37;100046.37;100075.47
2003.08.29;97266.03;100075.47;100075.47;100193.27
2003.09.02;97258.95;100193.27;100193.27;100632.07
2003.09.03;99707.50;100632.07;100632.07;100796.18
2003.09.04;99700.74;100796.18;100756.70;100756.70
2003.09.05;99693.94;100756.70;100756.70;100828.40
2003.09.08;99687.15;100828.40;100828.40;101101.82
2003.09.09;99666.72;101101.82;101053.20;101053.20
2003.09.10;99659.85;101053.20;100577.86;100577.86
2003.09.11;99652.99;100577.86;100577.86;100783.12
2003.09.12;99646.23;100783.12;100783.12;100806.60
2003.09.15;99639.42;100806.60;100549.48;100549.48
2003.09.16;99618.98;100549.48;100549.48;100985.81
2003.09.17;99612.22;100985.81;100896.92;100896.92
2003.09.18;99605.36;100896.92;100896.92;101123.87
2003.09.19;99598.52;101123.87;101104.71;101104.71
2003.09.22;99591.63;101104.71;100651.60;100651.60
2003.09.23;99570.96;100651.60;100651.60;100778.41
2003.09.24;99564.17;100778.41;100480.53;100480.53
2003.09.25;99557.34;100480.53;100007.03;100007.03
2003.09.26;99550.58;100007.03;99763.77;99763.77
2003.09.29;99543.92;99763.77;99763.77;99940.70
2003.09.30;99524.11;99940.70;99734.00;99734.00
2003.10.01;99517.46;99734.00;99734.00;100144.58
2003.10.02;100144.58;100144.58;100144.58;100300.43
2003.10.03;100137.99;100300.43;100026.04;100026.04
2003.10.06;100131.37;100026.04;100026.04;100051.17
2003.10.07;100111.68;100051.17;100048.31;100048.31
2003.10.08;100105.11;100048.31;99845.61;99845.61
2003.10.09;100098.53;99845.61;99729.50;99729.50
2003.10.10;100092.00;99729.50;99729.50;99976.24
2003.10.13;100085.49;99976.24;99976.24;100040.41
2003.10.14;100065.80;100040.41;100040.41;100105.00
2003.10.15;100059.22;100105.00;99758.38;99758.38
2003.10.16;100052.63;99758.38;99758.38;99825.65
2003.10.17;100046.10;99825.65;99783.78;99783.78
2003.10.20;100039.57;99783.78;99783.78;99943.07
2003.10.21;100019.97;99943.07;99943.07;100144.56
2003.10.22;100013.40;100144.56;100035.13;100035.13
2003.10.23;100006.79;100035.13;99698.45;99698.45
2003.10.24;100000.19;99698.45;99698.45;99822.51
2003.10.27;99993.67;99822.51;99822.51;99923.12
2003.10.28;99974.03;99923.12;99923.12;100007.50
2003.10.29;99967.45;100007.50;100007.50;100031.28
2003.10.30;99960.85;100031.28;99988.37;99988.37
2003.10.31;99954.25;99988.37;99891.52;99891.52
2003.11.03;99947.66;99891.52;99780.00;99780.00
2003.11.04;99607.00;99780.00;99780.00;99834.70
2003.11.05;99600.39;99834.70;99765.98;99765.98
2003.11.06;99593.77;99765.98;99515.78;99515.78
2003.11.07;99587.17;99515.78;99515.78;99609.40
2003.11.10;99580.61;99609.40;99391.92;99391.92
2003.11.11;99560.89;99391.92;99172.28;99172.28
2003.11.12;99554.36;99172.28;99172.28;99679.12
2003.11.13;99547.87;99679.12;99675.46;99675.46
2003.11.14;99541.27;99675.46;99373.76;99373.76
2003.11.17;99534.68;99373.76;98941.42;98941.42
2003.11.18;99515.08;98941.42;98883.15;98883.15
2003.11.19;99508.63;98883.15;98883.15;99027.94
2003.11.20;99502.20;99027.94;98658.18;98658.18
2003.11.21;99495.74;98658.18;98658.18;98935.17
2003.11.24;99489.35;98935.17;98935.17;99313.02
2003.11.25;99470.01;99313.02;99313.02;99381.33
2003.11.26;99463.48;99381.33;99381.33;99572.06
2003.11.28;99456.93;99572.06;99558.69;99558.69
2003.12.01;99443.74;99558.69;99558.69;100143.16
2003.12.02;100143.16;100143.16;100077.79;100077.79
2003.12.03;100136.58;100077.79;100077.79;100097.40
2003.12.04;100130.00;100097.40;100097.40;100137.15
2003.12.05;100123.42;100137.15;99901.68;99901.68
2003.12.08;100116.83;99901.68;99901.68;100120.89
2003.12.09;100097.22;100120.89;99972.32;99972.32
2003.12.10;100090.62;99972.32;99717.00;99717.00
2003.12.11;100084.06;99717.00;99717.00;100258.21
2003.12.12;100077.56;100258.21;100258.21;100384.31
2003.12.15;100070.93;100384.31;100147.96;100147.96
2003.12.16;100050.96;100147.96;100147.96;100308.44
2003.12.17;100044.36;100308.44;100213.43;100213.43
2003.12.18;100037.71;100213.43;100213.43;100653.57
2003.12.19;100031.09;100653.57;100580.53;100580.53
2003.12.22;100024.36;100580.53;100580.53;100868.16
2003.12.23;100004.24;100868.16;100868.16;100941.14
2003.12.24;99997.46;100941.14;100941.14;100970.66
2003.12.26;99990.67;100970.66;100970.66;101101.37
2003.12.29;99977.06;101101.37;101101.37;101599.25
2003.12.30;99956.56;101599.25;101550.97;101550.97
2003.12.31;99949.62;101550.97;101550.97;101576.88
2004.01.02;99942.68;101576.88;101576.88;101829.58
2004.01.05;101107.45;101829.58;101829.58;102624.10
2004.01.06;101086.96;102624.10;102624.10;102761.35
2004.01.07;101079.96;102761.35;102390.11;102390.11
2004.01.08;101072.92;102390.11;102390.11;102692.67
2004.01.09;101065.96;102692.67;102692.67;102901.79
2004.01.12;101058.93;102901.79;102901.79;103006.46
2004.01.13;101037.71;103006.46;102883.48;102883.48
2004.01.14;101030.61;102883.48;102821.50;102821.50
2004.01.15;101023.54;102821.50;102280.90;102280.90
2004.01.16;101016.47;102280.90;102280.90;102342.20
2004.01.20;101009.53;102342.20;102342.20;102674.12
2004.01.21;100981.68;102674.12;102674.12;102935.06
2004.01.22;100974.64;102935.06;102935.06;103047.09
2004.01.23;100967.54;103047.09;102873.58;102873.58
2004.01.26;100960.41;102873.58;102748.74;102748.74
2004.01.27;100939.15;102748.74;102748.74;103125.71
2004.01.28;100932.08;103125.71;102851.39;102851.39
2004.01.29;100924.93;102851.39;102286.41;102286.41
2004.01.30;100917.84;102286.41;102204.86;102204.86
2004.02.02;100910.87;102204.86;101836.45;101836.45
2004.02.03;101589.09;101836.45;101836.45;101899.62
2004.02.04;101582.33;101899.62;101844.11;101844.11
2004.02.05;101575.57;101844.11;101709.12;101709.12
2004.02.06;101568.81;101709.12;101709.12;102238.30
2004.02.09;101562.08;102238.30;102238.30;102679.31
2004.02.10;101541.55;102679.31;102679.31;102773.59
2004.02.11;101534.60;102773.59;102773.59;103297.33
2004.02.12;101527.63;103297.33;103282.74;103282.74
2004.02.13;101520.55;103282.74;103232.56;103232.56
2004.02.17;101513.46;103232.56;103232.56;103897.84
2004.02.18;101485.17;103897.84;103483.97;103483.97
2004.02.19;101477.94;103483.97;103467.68;103467.68
2004.02.20;101470.81;103467.68;103105.65;103105.65
2004.02.23;101463.67;103105.65;103044.50;103044.50
2004.02.24;101442.50;103044.50;103044.50;103243.55
2004.02.25;101435.45;103243.55;103208.55;103208.55
2004.02.26;101428.36;103208.55;103208.55;103483.89
2004.02.27;101421.27;103483.89;103483.89;103581.71
2004.03.01;101414.12;103581.71;103581.71;104292.11
2004.03.02;101816.40;104292.11;103825.94;103825.94
2004.03.03;101809.13;103825.94;103617.47;103617.47
2004.03.04;101801.95;103617.47;103617.47;103838.75
2004.03.05;101794.81;103838.75;103838.75;104349.70
2004.03.08;101787.63;104349.70;104131.12;104131.12
2004.03.09;101765.73;104131.12;104131.12;104200.92
2004.03.10;101758.47;104200.92;103835.70;103835.70
2004.03.11;101751.20;103835.70;103634.29;103634.29
2004.03.12;101744.01;103634.29;103515.29;103515.29
2004.03.15;101736.85;103515.29;103515.29;103731.37
2004.03.16;101715.47;103731.37;103731.37;103857.78
2004.03.17;101708.29;103857.78;103857.78;104336.80
2004.03.18;101701.09;104336.80;104336.80;104668.19
2004.03.19;101693.77;104668.19;104545.30;104545.30
2004.03.22;101686.38;104545.30;104202.53;104202.53
2004.03.23;101664.29;104202.53;104202.53;104390.29
2004.03.24;101657.00;104390.29;104051.14;104051.14
2004.03.25;101649.66;104051.14;103707.90;103707.90
2004.03.26;101642.40;103707.90;103707.90;103970.01
2004.03.29;101635.21;103970.01;103911.27;103911.27
2004.03.30;101613.46;103911.27;103911.27;104507.93
2004.03.31;101606.22;104507.93;104507.93;104787.71
2004.04.01;101598.85;104787.71;104678.97;104678.97
2004.04.02;102423.53;104678.97;104656.60;104656.60
2004.04.05;102416.20;104656.60;104498.53;104498.53
2004.04.06;102394.23;104498.53;104498.53;104777.14
2004.04.07;102386.94;104777.14;104777.14;104986.98
2004.04.08;102379.59;104986.98;104972.40;104972.40
2004.04.12;102372.19;104972.40;104972.40;105182.36
2004.04.13;102342.58;105182.36;103906.46;103906.46
2004.04.14;102335.13;103906.46;102949.22;102949.22
2004.04.15;102327.95;102949.22;102949.22;103070.60
2004.04.16;102320.99;103070.60;103070.60;103346.25
2004.04.19;102313.99;103346.25;103197.49;103197.49
2004.04.20;102292.82;103197.49;102878.25;102878.25
2004.04.21;102285.79;102878.25;101410.45;101410.45
2004.04.22;102278.83;101410.45;101410.45;101561.20
2004.04.23;102272.19;101561.20;101561.20;101657.72
2004.04.26;102265.51;101657.72;101657.72;101768.07
2004.04.27;102245.42;101768.07;101768.07;101943.17
2004.04.28;102238.70;101943.17;100984.82;100984.82
2004.04.29;102231.93;100984.82;100886.71;100886.71
2004.04.30;102225.37;100886.71;100886.71;101133.42
2004.05.03;102218.83;101133.42;101133.42;101188.07
2004.05.04;101516.03;101188.07;101188.07;101431.54
2004.05.05;101509.34;101431.54;101431.54;101687.91
2004.05.06;101502.59;101687.91;101333.05;101333.05
2004.05.07;101495.79;101333.05;100975.24;100975.24
2004.05.10;101489.06;100975.24;100050.48;100050.48
2004.05.11;101469.11;100050.48;100050.48;100530.88
2004.05.12;101462.66;100530.88;100530.88;100773.57
2004.05.13;101456.10;100773.57;100664.09;100664.09
2004.05.14;101449.49;100664.09;100664.09;100744.58
2004.05.17;101442.90;100744.58;100540.54;100540.54
2004.05.18;101423.07;100540.54;100431.17;100431.17
2004.05.19;101416.50;100431.17;100431.17;100714.16
2004.05.20;101409.95;100714.16;100645.91;100645.91
2004.05.21;101403.34;100645.91;100511.98;100511.98
2004.05.24;101396.74;100511.98;100511.98;100999.80
2004.05.25;101377.04;100999.80;100999.80;101210.83
2004.05.26;101370.36;101210.83;101005.05;101005.05
2004.05.27;101363.63;101005.05;100843.05;100843.05
2004.05.28;101356.95;100843.05;100843.05;100994.93
2004.06.01;101350.29;100994.93;100994.93;101539.84
2004.06.02;100558.85;101539.84;101123.67;101123.67
2004.06.03;100551.93;101123.67;100869.42;100869.42
2004.06.04;100545.09;100869.42;100685.49;100685.49
2004.06.07;100538.31;100685.49;100685.49;100979.54
2004.06.08;100518.08;100979.54;100693.19;100693.19
2004.06.09;100511.27;100693.19;100561.51;100561.51
2004.06.10;100504.52;100561.51;100561.51;100844.85
2004.06.14;100497.79;100844.85;100484.76;100484.76
2004.06.15;100470.64;100484.76;100484.76;100545.73
2004.06.16;100463.93;100545.73;100545.73;100705.96
2004.06.17;100457.20;100705.96;100705.96;100981.33
2004.06.18;100450.44;100981.33;100981.33;101052.58
2004.06.21;100443.61;101052.58;100715.21;100715.21
2004.06.22;100423.08;100715.21;100715.21;100833.88
2004.06.23;100416.30;100833.88;100833.88;100899.03
2004.06.24;100409.50;100899.03;100894.25;100894.25
2004.06.25;100402.68;100894.25;100623.30;100623.30
2004.06.28;100395.86;100623.30;100175.64;100175.64
2004.06.29;100375.58;100175.64;100134.36;100134.36
2004.06.30;100368.91;100134.36;100134.36;100555.50
2004.07.01;100362.25;100555.50;100555.50;100705.43
2004.07.02;100705.43;100705.43;100461.93;100461.93
2004.07.06;100698.80;100461.93;100041.11;100041.11
2004.07.07;100672.52;100041.11;100041.11;100196.80
2004.07.08;100666.03;100196.80;99879.98;99879.98
2004.07.09;100659.51;99879.98;99879.98;100033.50
2004.07.12;100653.06;100033.50;99988.73;99988.73
2004.07.13;100633.59;99988.73;99980.50;99980.50
2004.07.14;100627.11;99980.50;99771.95;99771.95
2004.07.15;100620.63;99771.95;99755.68;99755.68
2004.07.16;100614.19;99755.68;99581.09;99581.09
2004.07.19;100607.76;99581.09;99503.34;99503.34
2004.07.20;100588.56;99503.34;99503.34;99815.52
2004.07.21;100582.17;99815.52;99248.48;99248.48
2004.07.22;100575.72;99248.48;99248.48;99335.29
2004.07.23;100569.38;99335.29;98999.47;98999.47
2004.07.26;100563.03;98999.47;98903.64;98903.64
2004.07.27;100544.19;98903.64;98903.64;99258.64
2004.07.28;100537.92;99258.64;99258.64;99329.55
2004.07.29;100531.58;99329.55;99329.55;99610.87
2004.07.30;100525.22;99610.87;99610.87;99616.69
2004.08.02;100518.80;99616.69;99616.69;99696.32
2004.08.03;99696.32;99696.32;99696.32;99696.32
2004.08.04;99696.32;99696.32;99696.32;99696.32
2004.08.05;99696.32;99696.32;99696.32;99696.32
2004.08.06;99696.32;99696.32;99696.32;99696.32
2004.08.09;99696.32;99696.32;99696.32;99696.32
2004.08.10;99696.32;99696.32;99696.32;99696.32
2004.08.11;99696.32;99696.32;99696.32;99696.32
2004.08.12;99696.32;99696.32;99696.32;99696.32
2004.08.13;99696.32;99696.32;99696.32;99696.32
2004.08.16;99696.32;99696.32;99696.32;99696.32
2004.08.17;99696.32;99696.32;99696.32;99696.32
2004.08.18;99696.32;99696.32;99696.32;99696.32
2004.08.19;99696.32;99696.32;99696.32;99696.32
2004.08.20;99696.32;99696.32;99696.32;99696.32
2004.08.23;99696.32;99696.32;99696.32;99696.32
2004.08.24;99696.32;99696.32;99696.32;99696.32
2004.08.25;99696.32;99696.32;99696.32;99696.32
2004.08.26;99696.32;99696.32;99696.32;99696.32
2004.08.27;99696.32;99696.32;99696.32;99696.32
2004.08.30;99696.32;99696.32;99696.32;99696.32
2004.08.31;99696.32;99696.32;99696.32;99696.32
2004.09.01;99696.32;99696.32;99696.32;99696.32
2004.09.02;99696.32;99696.32;99696.32;99696.32
2004.09.03;99696.32;99696.32;99696.32;99696.32
2004.09.07;99696.32;99696.32;99696.32;99696.32
2004.09.08;99696.32;99696.32;99696.32;99696.32
2004.09.09;99696.32;99696.32;99696.32;99696.32
2004.09.10;99696.32;99696.32;99696.32;99696.32
2004.09.13;99696.32;99696.32;99696.32;99696.32
2004.09.14;99696.32;99696.32;99696.32;99696.32
2004.09.15;99696.32;99696.32;99696.32;99696.32
2004.09.16;99696.32;99696.32;99696.32;99696.32
2004.09.17;99696.32;99696.32;99696.32;99696.32
2004.09.20;99696.32;99696.32;99696.32;99696.32
2004.09.21;99696.32;99696.32;99696.32;99696.32
2004.09.22;99696.32;99696.32;99696.32;99696.32
2004.09.23;99696.32;99696.32;99696.32;99696.32
2004.09.24;99696.32;99696.32;99696.32;99696.32
2004.09.27;99696.32;99696.32;99696.32;99696.32
2004.09.28;99696.32;99696.32;99696.32;99696.32
2004.09.29;99696.32;99696.32;99696.32;99696.32
2004.09.30;99696.32;99696.32;99696.32;99696.32
2004.10.01;99696.32;99696.32;99696.32;99696.32
2004.10.04;99696.32;99696.32;99696.32;99696.32
2004.10.05;99696.32;99696.32;99696.32;99696.32
2004.10.06;99696.32;99696.32;99696.32;99696.32
2004.10.07;99696.32;99696.32;99696.32;99696.32
2004.10.08;99696.32;99696.32;99696.32;99696.32
2004.10.11;99696.32;99696.32;99696.32;99696.32
2004.10.12;99696.32;99696.32;99696.32;99696.32
2004.10.13;99696.32;99696.32;99696.32;99696.32
2004.10.14;99696.32;99696.32;99696.32;99696.32
2004.10.15;99696.32;99696.32;99696.32;99696.32
2004.10.18;99696.32;99696.32;99696.32;99696.32
2004.10.19;99696.32;99696.32;99696.32;99696.32
2004.10.20;99696.32;99696.32;99696.32;99696.32
2004.10.21;99696.32;99696.32;99696.32;99696.32
2004.10.22;99696.32;99696.32;99696.32;99696.32
2004.10.25;99696.32;99696.32;99696.32;99696.32
2004.10.26;99696.32;99696.32;99696.32;99696.32
2004.10.27;99696.32;99696.32;99696.32;99696.32
2004.10.28;99696.32;99696.32;99696.32;99696.32
2004.10.29;99696.32;99696.32;99696.32;99696.32
2004.11.01;99696.32;99696.32;99681.36;99681.36
2004.11.02;99681.36;99681.36;99312.61;99312.61
2004.11.03;99674.81;99312.61;99312.61;99802.85
2004.11.04;99668.33;99802.85;99802.85;99961.12
2004.11.05;99661.75;99961.12;99961.12;100271.33
2004.11.08;99655.13;100271.33;100024.86;100024.86
2004.11.09;99635.05;100024.86;99864.60;99864.60
2004.11.10;99628.41;99864.60;99864.60;100027.60
2004.11.11;99621.81;100027.60;100027.60;100034.37
2004.11.12;99615.16;100034.37;100034.37;100360.33
2004.11.15;99608.52;100360.33;100186.48;100186.48
2004.11.16;99588.35;100186.48;99944.09;99944.09
2004.11.17;99581.67;99944.09;99944.09;100437.95
2004.11.18;99575.03;100437.95;100224.38;100224.38
2004.11.19;99568.29;100224.38;100224.38;100433.27
2004.11.22;99561.59;100433.27;100433.27;100485.74
2004.11.23;99541.35;100485.74;100485.74;100543.71
2004.11.24;99534.59;100543.71;100543.71;100837.80
2004.11.26;99527.81;100837.80;100837.80;101039.07
2004.11.29;99514.13;101039.07;101039.07;101217.93
2004.11.30;99493.46;101217.93;100962.44;100962.44
2004.12.01;99486.52;100962.44;100962.44;100971.11
2004.12.02;98780.38;100971.11;100816.19;100816.19
2004.12.03;98773.32;100816.19;100816.19;101003.21
2004.12.06;98766.30;101003.21;100853.06;100853.06
2004.12.07;98745.10;100853.06;100431.51;100431.51
2004.12.08;98738.06;100431.51;99752.53;99752.53
2004.12.09;98731.11;99752.53;99109.00;99109.00
2004.12.10;98724.31;99109.00;99037.43;99037.43
2004.12.13;98717.65;99037.43;99037.43;99488.66
2004.12.14;98697.71;99488.66;99488.66;99538.14
2004.12.15;98690.96;99538.14;99538.14;99902.50
2004.12.16;98684.20;99902.50;99512.03;99512.03
2004.12.17;98677.36;99512.03;99425.26;99425.26
2004.12.20;98670.60;99425.26;99425.26;99712.38
2004.12.21;98650.37;99712.38;99712.38;99967.35
2004.12.22;98643.56;99967.35;99924.21;99924.21
2004.12.23;98636.70;99924.21;99924.21;100141.16
2004.12.27;98629.84;100141.16;100141.16;100190.87
2004.12.28;98602.21;100190.87;100190.87;100441.76
2004.12.29;98595.28;100441.76;100187.58;100187.58
2004.12.30;98588.30;100187.58;100187.58;100201.16
2004.12.31;98581.37;100201.16;100201.16;100236.60
2005.01.03;98574.44;100236.60;99646.48;99646.48
2005.01.04;97688.18;99646.48;98904.78;98904.78
2005.01.05;97681.17;98904.78;98649.11;98649.11
2005.01.06;97674.33;98649.11;98649.11;98679.93
2005.01.07;97667.54;98679.93;98520.02;98520.02
2005.01.10;97660.74;98520.02;98520.02;98589.02
2005.01.11;97640.45;98589.02;98395.63;98395.63
2005.01.12;97633.67;98395.63;98395.63;98617.75
2005.01.13;97626.92;98617.75;98396.12;98396.12
2005.01.14;97620.13;98396.12;98396.12;98657.73
2005.01.18;97613.39;98657.73;98657.73;98726.16
2005.01.19;97586.17;98726.16;98332.25;98332.25
2005.01.20;97579.34;98332.25;98068.45;98068.45
2005.01.21;97572.60;98068.45;98068.45;98224.88
2005.01.24;97565.92;98224.88;98158.63;98158.63
2005.01.25;97545.76;98158.63;98158.63;98260.42
2005.01.26;97539.05;98260.42;98260.42;98626.02
2005.01.27;97532.31;98626.02;98590.54;98590.54
2005.01.28;97525.50;98590.54;98546.22;98546.22
2005.01.31;97518.69;98546.22;98546.22;98834.39
2005.02.01;97498.28;98834.39;98834.39;99066.50
2005.02.02;99066.50;99066.50;99066.50;99140.97
2005.02.03;99059.99;99140.97;99140.97;99150.26
2005.02.04;99053.45;99150.26;99150.26;99351.86
2005.02.07;99046.92;99351.86;99132.88;99132.88
2005.02.08;99027.17;99132.88;99132.88;99287.07
2005.02.09;99020.63;99287.07;99252.58;99252.58
2005.02.10;99014.05;99252.58;99252.58;99617.23
2005.02.11;99007.49;99617.23;99617.23;99688.46
2005.02.14;99000.84;99688.46;99688.46;99813.48
2005.02.15;98980.84;99813.48;99744.64;99744.64
2005.02.16;98974.14;99744.64;99744.64;100120.84
2005.02.17;98967.45;100120.84;99817.64;99817.64
2005.02.18;98960.68;99817.64;99817.64;99968.51
2005.02.22;98953.98;99968.51;99968.51;100113.11
2005.02.23;98927.03;100113.11;100113.11;100276.02
2005.02.24;98920.25;100276.02;100276.02;100506.25
2005.02.25;98913.44;100506.25;100506.25;100902.67
2005.02.28;98906.57;100902.67;100728.77;100728.77
2005.03.01;98885.71;100728.77;100548.89;100548.89
2005.03.02;98893.54;100548.89;100548.89;100837.72
2005.03.03;98886.61;100837.72;100837.72;100991.99
2005.03.04;98879.62;100991.99;100991.99;101343.01
2005.03.07;98872.59;101343.01;101338.66;101338.66
2005.03.08;98851.28;101338.66;101338.66;101523.72
2005.03.09;98844.17;101523.72;101368.97;101368.97
2005.03.10;98837.02;101368.97;100808.00;100808.00
2005.03.11;98829.90;100808.00;100808.00;101012.70
2005.03.14;98822.90;101012.70;100915.86;100915.86
2005.03.15;98801.77;100915.86;100622.67;100622.67
2005.03.16;98794.74;100622.67;100622.67;100854.98
2005.03.17;98787.77;100854.98;100854.98;101069.53
2005.03.18;98780.76;101069.53;101069.53;101176.42
2005.03.21;98773.69;101176.42;100669.56;100669.56
2005.03.22;98752.42;100669.56;100309.34;100309.34
2005.03.23;98745.43;100309.34;99607.36;99607.36
2005.03.24;98738.53;99607.36;99607.36;99703.78
2005.03.28;98731.77;99703.78;99584.96;99584.96
2005.03.29;98704.66;99584.96;99402.30;99402.30
2005.03.30;98697.91;99402.30;99402.30;99631.46
2005.03.31;98691.19;99631.46;99631.46;100273.24
2005.04.01;98684.42;100273.24;100273.24;100592.28
2005.04.04;98095.12;100592.28;100441.86;100441.86
2005.04.05;98073.78;100441.86;100209.27;100209.27
2005.04.06;98066.70;100209.27;100209.27;100423.02
2005.04.07;98059.66;100423.02;100144.14;100144.14
2005.04.08;98052.58;100144.14;99841.75;99841.75
2005.04.11;98045.56;99841.75;99841.75;100013.68
2005.04.12;98024.68;100013.68;99470.24;99470.24
2005.04.13;98017.68;99470.24;98866.38;98866.38
2005.04.14;98010.80;98866.38;98623.87;98623.87
2005.04.15;98004.04;98623.87;97994.37;97994.37
2005.04.18;97997.34;97994.37;97994.37;98230.74
2005.04.19;97977.65;98230.74;98230.74;99011.66
2005.04.20;97971.03;99011.66;98835.39;98835.39
2005.04.21;97964.24;98835.39;98835.39;99384.89
2005.04.22;97957.48;99384.89;99384.89;99576.05
2005.04.25;97950.60;99576.05;99576.05;99595.75
2005.04.26;97929.84;99595.75;99253.08;99253.08
2005.04.27;97922.91;99253.08;98436.99;98436.99
2005.04.28;97916.05;98436.99;98240.24;98240.24
2005.04.29;97909.38;98240.24;97940.35;97940.35
2005.05.02;97902.74;97940.35;97940.35;98215.58
2005.05.03;98215.58;98215.58;98197.18;98197.18
2005.05.04;98209.12;98197.18;98197.18;98205.13
2005.05.05;98202.66;98205.13;98205.13;98207.08
2005.05.06;98196.20;98207.08;98043.17;98043.17
2005.05.09;98189.74;98043.17;98043.17;98145.98
2005.05.10;98170.46;98145.98;98116.14;98116.14
2005.05.11;98164.00;98116.14;98116.14;98206.70
2005.05.12;98157.55;98206.70;98143.29;98143.29
2005.05.13;98151.08;98143.29;98017.38;98017.38
2005.05.16;98144.62;98017.38;98017.38;98124.48
2005.05.17;98125.33;98124.48;98124.48;98226.71
2005.05.18;98118.87;98226.71;98226.71;98313.09
2005.05.19;98112.38;98313.09;98304.13;98304.13
2005.05.20;98105.88;98304.13;98298.36;98298.36
2005.05.23;98099.38;98298.36;98298.36;98358.29
2005.05.24;98079.87;98358.29;98358.29;98401.93
2005.05.25;98073.34;98401.93;98287.89;98287.89
2005.05.26;98066.81;98287.89;98287.89;98331.36
2005.05.27;98060.30;98331.36;98331.36;98346.22
2005.05.31;98053.79;98346.22;98346.22;98425.61
2005.06.01;98027.69;98425.61;98425.61;98657.87
2005.06.02;98251.22;98657.87;98657.87;98739.57
2005.06.03;98244.66;98739.57;98499.98;98499.98
2005.06.06;98238.08;98499.98;98499.98;98555.41
2005.06.07;98218.48;98555.41;98459.89;98459.89
2005.06.08;98211.94;98459.89;98377.35;98377.35
2005.06.09;98205.41;98377.35;98244.40;98244.40
2005.06.10;98198.90;98244.40;98075.21;98075.21
2005.06.13;98192.41;98075.21;98052.98;98052.98
2005.06.14;98173.07;98052.98;98047.71;98047.71
2005.06.15;98166.62;98047.71;98047.71;98099.83
2005.06.16;98160.17;98099.83;98099.83;98256.59
2005.06.17;98153.71;98256.59;98256.59;98257.83
2005.06.20;98147.21;98257.83;98183.43;98183.43
2005.06.21;98127.72;98183.43;98183.43;98206.73
2005.06.22;98121.23;98206.73;98206.73;98225.16
2005.06.23;98114.74;98225.16;98096.34;98096.34
2005.06.24;98108.24;98096.34;98019.53;98019.53
2005.06.27;98101.77;98019.53;97919.83;97919.83
2005.06.28;98082.40;97919.83;97859.82;97859.82
2005.06.29;98075.96;97859.82;97816.37;97816.37
2005.06.30;98069.54;97816.37;97706.03;97706.03
2005.07.01;98063.12;97706.03;97382.81;97382.81
2005.07.05;97382.81;97382.81;97382.81;97828.18
2005.07.06;97357.19;97828.18;97793.81;97793.81
2005.07.07;97350.68;97793.81;97793.81;97855.68
2005.07.08;97344.18;97855.68;97855.68;97897.51
2005.07.11;97337.66;97897.51;97897.51;98049.64
2005.07.12;97318.08;98049.64;98049.64;98387.50
2005.07.13;97311.51;98387.50;98239.38;98239.38
2005.07.14;97304.87;98239.38;97766.78;97766.78
2005.07.15;97298.26;97766.78;97722.91;97722.91
2005.07.18;97291.75;97722.91;97510.33;97510.33
2005.07.19;97272.25;97510.33;97510.33;97868.71
2005.07.20;97265.79;97868.71;97868.71;97871.71
2005.07.21;97259.26;97871.71;97807.27;97807.27
2005.07.22;97252.72;97807.27;97807.27;98351.62
2005.07.25;97246.19;98351.62;98328.60;98328.60
2005.07.26;97226.25;98328.60;98328.60;98395.69
2005.07.27;97219.60;98395.69;98395.69;98479.81
2005.07.28;97212.94;98479.81;98479.81;98774.22
2005.07.29;97206.26;98774.22;98752.35;98752.35
2005.08.01;97199.51;98752.35;98752.35;99061.53
2005.08.02;97179.27;99061.53;99061.53;99422.69
2005.08.03;97172.45;99422.69;99189.96;99189.96
2005.08.04;97165.55;99189.96;99062.51;99062.51
2005.08.05;97158.71;99062.51;98859.38;98859.38
2005.08.08;97151.88;98859.38;98859.38;99181.90
2005.08.09;97131.55;99181.90;99181.90;99220.21
2005.08.10;97124.69;99220.21;99220.21;99645.69
2005.08.11;97117.83;99645.69;99645.69;99847.15
2005.08.12;97110.87;99847.15;99779.73;99779.73
2005.08.15;97103.86;99779.73;99742.45;99742.45
2005.08.16;97082.89;99742.45;99263.83;99263.83
2005.08.17;97075.90;99263.83;98720.89;98720.89
2005.08.18;97069.01;98720.89;98530.15;98530.15
2005.08.19;97062.25;98530.15;98530.15;98920.63
2005.08.22;97055.52;98920.63;98920.63;99070.76
2005.08.23;97035.08;99070.76;99006.41;99006.41
2005.08.24;97028.23;99006.41;99006.41;99142.38
2005.08.25;97021.39;99142.38;99142.38;99263.28
2005.08.26;97014.52;99263.28;98866.48;98866.48
2005.08.29;97007.62;98866.48;98866.48;99226.56
2005.08.30;96987.18;99226.56;99226.56;99573.46
2005.08.31;96980.29;99573.46;99573.46;100004.19
2005.09.01;96973.31;100004.19;100004.19;100369.71
2005.09.02;97988.32;100369.71;100048.72;100048.72
2005.09.06;97981.30;100048.72;100048.72;100147.51
2005.09.07;97953.47;100147.51;99872.03;99872.03
2005.09.08;97946.49;99872.03;99769.18;99769.18
2005.09.09;97939.57;99769.18;99769.18;100248.58
2005.09.12;97932.66;100248.58;99827.55;99827.55
2005.09.13;97911.63;99827.55;99527.35;99527.35
2005.09.14;97904.71;99527.35;99527.35;99846.68
2005.09.15;97897.85;99846.68;99846.68;99886.03
2005.09.16;97890.92;99886.03;99886.03;99969.97
2005.09.19;97883.98;99969.97;99969.97;100439.05
2005.09.20;97863.10;100439.05;100260.89;100260.89
2005.09.21;97856.03;100260.89;100260.89;100429.42
2005.09.22;97849.00;100429.42;100322.31;100322.31
2005.09.23;97841.93;100322.31;99834.09;99834.09
2005.09.26;97834.89;99834.09;99834.09;100426.26
2005.09.27;97814.06;100426.26;100258.27;100258.27
2005.09.28;97806.99;100258.27;100258.27;100724.15
2005.09.29;97799.95;100724.15;100724.15;101129.05
2005.09.30;97792.80;101129.05;100727.91;100727.91
2005.10.03;97785.57;100727.91;100528.73;100528.73
2005.10.04;97764.35;100528.73;99911.05;99911.05
2005.10.05;97757.24;99911.05;99079.13;99079.13
2005.10.06;97750.27;99079.13;98283.29;98283.29
2005.10.07;97743.47;98283.29;98283.29;98778.98
2005.10.10;97736.84;98778.98;98582.23;98582.23
2005.10.11;97716.64;98582.23;98582.23;99164.42
2005.10.12;97709.95;99164.42;98809.44;98809.44
2005.10.13;97703.12;98809.44;98462.59;98462.59
2005.10.14;97696.38;98462.59;98462.59;98543.46
2005.10.17;97689.70;98543.46;98543.46;98777.09
2005.10.18;97669.63;98777.09;97969.55;97969.55
2005.10.19;97662.88;97969.55;97969.55;98233.50
2005.10.20;97656.30;98233.50;97246.29;97246.29
2005.10.21;97649.67;97246.29;97246.29;97543.02
2005.10.24;97643.26;97543.02;97543.02;97993.40
2005.10.25;97623.81;97993.40;97993.40;98299.19
2005.10.26;97617.22;98299.19;98082.65;98082.65
2005.10.27;97610.56;98082.65;97731.91;97731.91
2005.10.28;97603.96;97731.91;97731.91;98225.04
2005.10.31;97597.42;98225.04;98225.04;98336.38
2005.11.01;97577.49;98336.38;98336.38;98570.96
2005.11.02;97900.53;98570.96;98570.96;98833.03
2005.11.03;97893.87;98833.03;98833.03;98901.81
2005.11.04;97887.16;98901.81;98717.79;98717.79
2005.11.07;97880.42;98717.79;98717.79;98915.42
2005.11.08;97860.33;98915.42;98911.10;98911.10
2005.11.09;97853.59;98911.10;98911.10;99034.71
2005.11.10;97846.85;99034.71;99034.71;99155.84
2005.11.11;97840.07;99155.84;99155.84;99362.72
2005.11.14;97833.27;99362.72;99235.53;99235.53
2005.11.15;97812.73;99235.53;99069.82;99069.82
2005.11.16;97805.91;99069.82;99069.82;99511.14
2005.11.17;97799.12;99511.14;99511.14;100015.90
2005.11.18;97792.23;100015.90;100015.90;100057.84
2005.11.21;97785.23;100057.84;100057.84;100280.31
2005.11.22;97764.20;100280.31;100280.31;100411.81
2005.11.23;97757.13;100411.81;100411.81;100458.81
2005.11.25;97750.04;100458.81;100398.07;100398.07
2005.11.28;97735.83;100398.07;100398.07;100654.73
2005.11.29;97714.54;100654.73;100606.44;100606.44
2005.11.30;97707.38;100606.44;100283.02;100283.02
2005.12.01;97700.24;100283.02;100283.02;100894.40
2005.12.02;98704.15;100894.40;100894.40;100940.92
2005.12.05;98697.15;100940.92;100940.92;101087.08
2005.12.06;98676.11;101087.08;101087.08;101188.08
2005.12.07;98669.06;101188.08;101188.08;101252.54
2005.12.08;98661.99;101252.54;101252.54;101437.11
2005.12.09;98654.90;101437.11;101437.11;101652.25
2005.12.12;98647.77;101652.25;101415.76;101415.76
2005.12.13;98626.23;101415.76;101135.93;101135.93
2005.12.14;98619.10;101135.93;100786.17;100786.17
2005.12.15;98612.03;100786.17;100786.17;100848.34
2005.12.16;98605.03;100848.34;100779.66;100779.66
2005.12.19;98598.02;100779.66;100721.33;100721.33
2005.12.20;98577.02;100721.33;100276.81;100276.81
2005.12.21;98570.03;100276.81;100276.81;100529.84
2005.12.22;98563.13;100529.84;100529.84;100927.63
2005.12.23;98556.18;100927.63;100927.63;101016.44
2005.12.27;98549.14;101016.44;101016.44;101134.88
2005.12.28;98520.90;101134.88;101134.88;101432.58
2005.12.29;98513.80;101432.58;101352.78;101352.78
2005.12.30;98506.64;101352.78;101264.07;101264.07
2006.01.03;98499.50;101264.07;101264.07;102033.61
2006.01.04;98975.52;102033.61;102033.61;102189.60
2006.01.05;98968.27;102189.60;101668.48;101668.48
2006.01.06;98960.98;101668.48;101668.48;102383.94
2006.01.09;98953.81;102383.94;102383.94;102649.43
2006.01.10;98931.83;102649.43;102098.35;102098.35
2006.01.11;98924.43;102098.35;102098.35;102238.53
2006.01.12;98917.16;102238.53;102051.77;102051.77
2006.01.13;98909.85;102051.77;102051.77;102340.77
2006.01.17;98902.59;102340.77;101962.59;101962.59
2006.01.18;98873.26;101962.59;101269.11;101269.11
2006.01.19;98866.01;101269.11;101269.11;102022.45
2006.01.20;98858.91;102022.45;101430.18;101430.18
2006.01.23;98851.63;101430.18;101430.18;101859.09
2006.01.24;98830.21;101859.09;101859.09;102213.28
2006.01.25;98822.97;102213.28;102213.28;102524.45
2006.01.26;98815.64;102524.45;102524.45;102836.75
2006.01.27;98808.25;102836.75;102836.75;103016.39
2006.01.30;98800.79;103016.39;103016.39;103320.85
2006.01.31;98778.29;103320.85;103320.85;103410.99
2006.02.01;98770.72;103410.99;103290.66;103290.66
2006.02.02;100987.45;103290.66;102871.72;102871.72
2006.02.03;100980.23;102871.72;102658.36;102658.36
2006.02.06;100973.10;102658.36;102658.36;102930.44
2006.02.07;100951.85;102930.44;101818.87;101818.87
2006.02.08;100944.70;101818.87;101808.32;101808.32
2006.02.09;100937.79;101808.32;101808.32;101881.06
2006.02.10;100930.88;101881.06;101469.42;101469.42
2006.02.13;100923.96;101469.42;100907.96;100907.96
2006.02.14;100903.45;100907.96;100907.96;101005.21
2006.02.15;100896.74;101005.21;100606.38;100606.38
2006.02.16;100890.00;100606.38;100606.38;101200.94
2006.02.17;100883.35;101200.94;101200.94;101450.08
2006.02.21;100876.56;101450.08;101450.08;101768.16
2006.02.22;100849.19;101768.16;101683.31;101683.31
2006.02.23;100842.28;101683.31;101506.79;101506.79
2006.02.24;100835.38;101506.79;101506.79;102149.19
2006.02.27;100828.51;102149.19;101716.88;101716.88
2006.02.28;100807.50;101716.88;101626.15;101626.15
2006.03.01;100800.58;101626.15;101626.15;101988.25
2006.03.02;99823.19;101988.25;101988.25;102457.77
2006.03.03;99816.05;102457.77;102254.59;102254.59
2006.03.06;99808.79;102254.59;101708.71;101708.71
2006.03.07;99787.17;101708.71;101374.66;101374.66
2006.03.08;99780.08;101374.66;101045.84;101045.84
2006.03.09;99773.05;101045.84;101045.84;101062.61
2006.03.10;99766.10;101062.61;101062.61;101255.67
2006.03.13;99759.14;101255.67;101255.67;101504.69
2006.03.14;99738.14;101504.69;101504.69;101972.18
2006.03.15;99731.08;101972.18;101972.18;102259.72
2006.03.16;99723.92;102259.72;102191.23;102191.23
2006.03.17;99716.69;102191.23;102191.23;102262.99
2006.03.20;99709.48;102262.99;102262.99;102288.05
2006.03.21;99687.78;102288.05;102181.63;102181.63
2006.03.22;99680.54;102181.63;102181.63;102293.23
2006.03.23;99673.32;102293.23;102293.23;102438.04
2006.03.24;99666.07;102438.04;102438.04;102742.04
2006.03.27;99658.79;102742.04;102742.04;103018.90
2006.03.28;99636.74;103018.90;102765.70;102765.70
2006.03.29;99629.33;102765.70;102765.70;103426.98
2006.03.30;99621.97;103426.98;103426.98;104187.35
2006.03.31;99614.46;104187.35;103990.85;103990.85
2006.04.03;99606.79;103990.85;103990.85;104394.14
2006.04.04;99973.66;104394.14;104394.14;104554.66
2006.04.05;99965.96;104554.66;104554.66;104599.49
2006.04.06;99958.22;104599.49;104599.49;104896.17
2006.04.07;99950.48;104896.17;104554.83;104554.83
2006.04.10;99942.66;104554.83;104554.83;105047.13
2006.04.11;99919.44;105047.13;104813.16;104813.16
2006.04.12;99911.59;104813.16;104813.16;105004.31
2006.04.13;99903.78;105004.31;105004.31;105184.75
2006.04.17;99895.93;105184.75;105184.75;105718.88
2006.04.18;99864.38;105718.88;105718.88;106626.42
2006.04.19;99856.36;106626.42;106626.42;107576.00
2006.04.20;99848.15;107576.00;105629.30;105629.30
2006.04.21;99839.72;105629.30;105629.30;106088.59
2006.04.24;99831.73;106088.59;104900.62;104900.62
2006.04.25;99807.42;104900.62;104900.62;105581.32
2006.04.26;99799.57;105581.32;105581.32;105918.26
2006.04.27;99791.58;105918.26;105473.24;105473.24
2006.04.28;99783.50;105473.24;105473.24;106518.53
2006.05.01;99775.53;106518.53;106437.41;106437.41
2006.05.02;100055.13;106437.41;106437.41;107282.25
2006.05.03;100046.89;107282.25;106490.57;106490.57
2006.05.04;100038.47;106490.57;106490.57;106602.86
2006.05.05;100030.22;106602.86;106602.86;106761.44
2006.05.08;100021.94;106761.44;106648.30;106648.30
2006.05.09;99997.00;106648.30;106648.30;107490.97
2006.05.10;99988.71;107490.97;107490.97;107773.47
2006.05.11;99980.23;107773.47;107773.47;108103.64
2006.05.12;99971.68;108103.64;107429.87;107429.87
2006.05.15;99963.06;107429.87;105387.77;105387.77
2006.05.16;99937.64;105387.77;105387.77;105859.47
2006.05.17;99929.61;105859.47;104839.65;104839.65
2006.05.18;99921.47;104839.65;104405.89;104405.89
2006.05.19;99913.56;104405.89;104082.32;104082.32
2006.05.22;99905.74;104082.32;103876.47;103876.47
2006.05.23;99882.48;103876.47;103876.47;104749.99
2006.05.24;99874.77;104749.99;103755.06;103755.06
2006.05.25;99866.86;103755.06;103755.06;104326.97
2006.05.26;99859.17;104326.97;104326.97;104374.97
2006.05.30;99851.36;104374.97;104374.97;104658.35
2006.05.31;99820.04;104658.35;104115.32;104115.32
2006.06.01;99812.15;104115.32;103278.47;103278.47
2006.06.02;99289.97;103278.47;103278.47;103729.69
2006.06.05;99282.33;103729.69;103332.05;103332.05
2006.06.06;99259.11;103332.05;102913.23;102913.23
2006.06.07;99251.45;102913.23;102818.42;102818.42
2006.06.08;99243.88;102818.42;101930.16;101930.16
2006.06.09;99236.33;101930.16;101874.90;101874.90
2006.06.12;99228.97;101874.90;101537.70;101537.70
2006.06.13;99206.93;101537.70;99453.45;99453.45
2006.06.14;99199.65;99453.45;99453.45;99492.06
2006.06.15;99192.83;99492.06;99492.06;100685.16
2006.06.16;99186.00;100685.16;100649.76;100649.76
2006.06.19;99178.91;100649.76;99985.75;99985.75
2006.06.20;99157.64;99985.75;99985.75;100509.54
2006.06.21;99150.69;100509.54;100509.54;100892.33
2006.06.22;99143.63;100892.33;100504.33;100504.33
2006.06.23;99136.48;100504.33;100504.33;100582.73
2006.06.26;99129.41;100582.73;100582.73;100634.34
2006.06.27;99108.15;100634.34;100313.36;100313.36
2006.06.28;99101.05;100313.36;100313.36;100422.64
2006.06.29;99094.02;100422.64;100422.64;101531.54
2006.06.30;99086.96;101531.54;101531.54;102176.54
2006.07.03;99079.66;102176.54;102176.54;102582.33
2006.07.05;102395.98;102582.33;102508.32;102508.32
2006.07.06;102382.39;102508.32;102508.32;102570.27
2006.07.07;102375.60;102570.27;102556.67;102556.67
2006.07.10;102368.80;102556.67;102556.67;102602.87
2006.07.11;102348.40;102602.87;102602.87;102779.91
2006.07.12;102341.59;102779.91;102779.91;102789.41
2006.07.13;102334.73;102789.41;102789.41;102952.59
2006.07.14;102327.88;102952.59;102871.07;102871.07
2006.07.17;102320.98;102871.07;102730.42;102730.42
2006.07.18;102300.34;102730.42;102604.53;102604.53
2006.07.19;102293.49;102604.53;102604.53;102788.41
2006.07.20;102286.67;102788.41;102747.70;102747.70
2006.07.21;102279.80;102747.70;102747.70;102776.01
2006.07.24;102272.94;102776.01;102776.01;102954.61
2006.07.25;102252.33;102954.61;102867.99;102867.99
2006.07.26;102245.42;102867.99;102867.99;102899.43
2006.07.27;102238.53;102899.43;102820.51;102820.51
2006.07.28;102231.62;102820.51;102820.51;102857.36
2006.07.31;102224.74;102857.36;102857.36;102884.59
2006.08.01;102204.05;102884.59;102884.59;102994.86
2006.08.02;102379.34;102994.86;102994.86;103114.49
2006.08.03;102372.44;103114.49;102950.28;102950.28
2006.08.04;102365.50;102950.28;102886.93;102886.93
2006.08.07;102358.60;102886.93;102806.13;102806.13
2006.08.08;102337.94;102806.13;102806.13;102864.65
2006.08.09;102331.07;102864.65;102864.65;102881.32
2006.08.10;102324.18;102881.32;102874.09;102874.09
2006.08.11;102317.29;102874.09;102799.55;102799.55
2006.08.14;102310.39;102799.55;102709.69;102709.69
2006.08.15;102289.76;102709.69;102709.69;102910.45
2006.08.16;102282.89;102910.45;102871.55;102871.55
2006.08.17;102275.99;102871.55;102809.02;102809.02
2006.08.18;102269.08;102809.02;102809.02;103069.81
2006.08.21;102262.19;103069.81;103069.81;103108.30
2006.08.22;102241.35;103108.30;103108.30;103199.70
2006.08.23;102234.39;103199.70;102914.59;102914.59
2006.08.24;102227.41;102914.59;102914.59;103133.46
2006.08.25;102220.48;103133.46;103133.46;103177.89
2006.08.28;102213.51;103177.89;103177.89;103192.10
2006.08.29;102192.56;103192.10;103192.10;103209.84
2006.08.30;102185.57;103209.84;103059.79;103059.79
2006.08.31;102178.58;103059.79;103059.79;103068.66
2006.09.01;102171.61;103068.66;103068.66;103248.12
2006.09.05;102277.72;103248.12;103054.32;103054.32
2006.09.06;102249.72;103054.32;102983.87;102983.87
2006.09.07;102242.76;102983.87;102696.14;102696.14
2006.09.08;102235.81;102696.14;102495.48;102495.48
2006.09.11;102228.92;102495.48;101859.15;101859.15
2006.09.12;102208.39;101859.15;101859.15;101906.12
2006.09.13;102201.68;101906.12;101906.12;102002.19
2006.09.14;102194.96;102002.19;101644.25;101644.25
2006.09.15;102188.21;101644.25;101644.25;101706.39
2006.09.18;102181.55;101706.39;101706.39;101868.76
2006.09.19;102161.50;101868.76;101749.55;101749.55
2006.09.20;102154.78;101749.55;101749.55;101832.24
2006.09.21;102148.08;101832.24;101832.24;102012.39
2006.09.22;102141.36;102012.39;101963.29;101963.29
2006.09.25;102134.61;101963.29;101963.29;102167.49
2006.09.26;102114.36;102167.49;102167.49;102235.74
2006.09.27;102107.56;102235.74;102235.74;102487.60
2006.09.28;102100.75;102487.60;102378.76;102378.76
2006.09.29;102093.88;102378.76;102251.87;102251.87
2006.10.02;102087.03;102251.87;102227.59;102227.59
2006.10.03;102227.59;102227.59;102227.59;102436.66
2006.10.04;102220.87;102436.66;102436.66;102943.36
2006.10.05;102214.10;102943.36;102943.36;102988.63
2006.10.06;102207.22;102988.63;102926.09;102926.09
2006.10.09;102200.32;102926.09;102926.09;103030.19
2006.10.10;102179.67;103030.19;103030.19;103091.85
2006.10.11;102172.76;103091.85;103026.44;103026.44
2006.10.12;102165.84;103026.44;103026.44;103408.79
2006.10.13;102158.92;103408.79;103408.79;103491.34
2006.10.16;102151.93;103491.34;103425.66;103425.66
2006.10.17;102130.87;103425.66;103233.67;103233.67
2006.10.18;102123.87;103233.67;103196.19;103196.19
2006.10.19;102116.90;103196.19;103177.47;103177.47
2006.10.20;102109.94;103177.47;103177.47;103218.95
2006.10.23;102102.98;103218.95;103218.95;103485.52
2006.10.24;102082.08;103485.52;103395.33;103395.33
2006.10.25;102075.04;103395.33;103395.33;103518.81
2006.10.26;102068.03;103518.81;103518.81;103795.58
2006.10.27;102060.99;103795.58;103425.62;103425.62
2006.10.30;102053.89;103425.62;103425.62;103536.82
2006.10.31;102032.81;103536.82;103528.56;103528.56
2006.11.01;102025.76;103528.56;103255.44;103255.44
2006.11.02;102159.69;103255.44;103186.75;103186.75
2006.11.03;102152.71;103186.75;103134.86;103134.86
2006.11.06;102145.75;103134.86;103134.86;103514.22
2006.11.07;102124.87;103514.22;103514.22;103678.54
2006.11.08;102117.83;103678.54;103678.54;103796.60
2006.11.09;102110.75;103796.60;103648.81;103648.81
2006.11.10;102103.64;103648.81;103648.81;103792.71
2006.11.13;102096.56;103792.71;103792.71;103948.05
2006.11.14;102075.22;103948.05;103948.05;104331.93
2006.11.15;102068.07;104331.93;104331.93;104468.57
2006.11.16;102060.83;104468.57;104468.57;104577.71
2006.11.17;102053.57;104577.71;104563.94;104563.94
2006.11.20;102046.27;104563.94;104537.84;104537.84
2006.11.21;102024.40;104537.84;104537.84;104576.09
2006.11.22;102017.10;104576.09;104576.09;104712.35
2006.11.24;102009.80;104712.35;104583.67;104583.67
2006.11.27;101995.14;104583.67;103868.94;103868.94
2006.11.28;101973.21;103868.94;103868.94;103951.40
2006.11.29;101966.06;103951.40;103951.40;104214.97
2006.11.30;101958.88;104214.97;104214.97;104229.37
2006.12.01;101951.65;104229.37;104006.20;104006.20
2006.12.04;104006.20;104006.20;104006.20;104322.42
2006.12.05;103985.68;104322.42;104322.42;104368.82
2006.12.06;103978.76;104368.82;104115.40;104115.40
2006.12.07;103971.84;104115.40;104115.40;104259.82
2006.12.08;103964.96;104259.82;104113.31;104113.31
2006.12.11;103958.06;104113.31;104113.31;104123.23
2006.12.12;103937.43;104123.23;103947.00;103947.00
2006.12.13;103930.55;103947.00;103947.00;104073.33
2006.12.14;103923.71;104073.33;104073.33;104355.11
2006.12.15;103916.83;104355.11;103867.92;103867.92
2006.12.18;103909.90;103867.92;103276.70;103276.70
2006.12.19;103889.40;103276.70;103276.70;103522.06
2006.12.20;103882.70;103522.06;103353.28;103353.28
2006.12.21;103875.93;103353.28;103139.08;103139.08
2006.12.22;103869.21;103139.08;103139.08;103178.32
2006.12.26;103862.53;103178.32;103178.32;103323.01
2006.12.27;103835.76;103323.01;103323.01;103686.74
2006.12.28;103829.03;103686.74;103648.19;103648.19
2006.12.29;103822.22;103648.19;103530.28;103530.28
2007.01.03;103815.42;103530.28;103064.17;103064.17
2007.01.04;102473.72;103064.17;102858.10;102858.10
2007.01.05;102466.79;102858.10;102314.85;102314.85
2007.01.08;102459.89;102314.85;102314.85;102340.15
2007.01.09;102439.56;102340.15;102197.68;102197.68
2007.01.10;102432.77;102197.68;102086.94;102086.94
2007.01.11;102426.01;102086.94;102086.94;102380.13
2007.01.12;102419.28;102380.13;102380.13;102789.30
2007.01.16;102412.48;102789.30;102789.30;102844.38
2007.01.17;102384.91;102844.38;102792.20;102792.20
2007.01.18;102378.00;102792.20;102583.19;102583.19
2007.01.19;102371.10;102583.19;102583.19;103041.99
2007.01.22;102364.24;103041.99;102800.47;102800.47
2007.01.23;102343.37;102800.47;102800.47;103206.38
2007.01.24;102336.46;103206.38;103206.38;103451.85
2007.01.25;102329.46;103451.85;102943.64;102943.64
2007.01.26;102322.40;102943.64;102943.64;103002.51
2007.01.29;102315.46;103002.51;102883.84;102883.84
2007.01.30;102294.58;102883.84;102883.84;103182.77
2007.01.31;102287.64;103182.77;103182.77;103376.41
2007.02.01;102280.64;103376.41;103376.41;103690.67
2007.02.02;102407.74;103690.67;103642.10;103642.10
2007.02.05;102400.64;103642.10;103564.15;103564.15
2007.02.06;102379.36;103564.15;103564.15;103760.28
2007.02.07;102372.28;103760.28;103760.28;103792.47
2007.02.08;102365.16;103792.47;103744.49;103744.49
2007.02.09;102358.03;103744.49;103441.47;103441.47
2007.02.12;102350.90;103441.47;103370.63;103370.63
2007.02.13;102329.73;103370.63;103370.63;103809.36
2007.02.14;102322.68;103809.36;103809.36;104239.96
2007.02.15;102315.53;104239.96;104239.96;104299.73
2007.02.16;102308.29;104299.73;104266.76;104266.76
2007.02.20;102301.04;104266.76;104266.76;104417.87
2007.02.21;102272.04;104417.87;104408.67;104408.67
2007.02.22;102264.75;104408.67;104366.08;104366.08
2007.02.23;102257.46;104366.08;104303.98;104303.98
2007.02.26;102250.17;104303.98;104303.98;104330.28
2007.02.27;102228.37;104330.28;102544.44;102544.44
2007.02.28;102221.09;102544.44;102544.44;102911.68
2007.03.01;102214.19;102911.68;102585.18;102585.18
2007.03.02;101968.19;102585.18;101697.26;101697.26
2007.03.05;101961.28;101697.26;101194.31;101194.31
2007.03.06;101941.14;101194.31;101194.31;101804.91
2007.03.07;101934.54;101804.91;101761.16;101761.16
2007.03.08;101927.80;101761.16;101761.16;101905.61
2007.03.09;101921.06;101905.61;101905.61;101925.59
2007.03.12;101914.30;101925.59;101925.59;102073.95
2007.03.13;101893.98;102073.95;101535.36;101535.36
2007.03.14;101887.17;101535.36;101535.36;101707.56
2007.03.15;101880.47;101707.56;101707.56;102035.98
2007.03.16;101873.74;102035.98;102035.98;102100.39
2007.03.19;101866.94;102100.39;102100.39;102281.38
2007.03.20;101846.47;102281.38;102281.38;102572.51
2007.03.21;101839.61;102572.51;102572.51;102855.60
2007.03.22;101832.67;102855.60;102831.85;102831.85
2007.03.23;101825.68;102831.85;102676.22;102676.22
2007.03.26;101818.69;102676.22;102676.22;102950.82
2007.03.27;101797.81;102950.82;102736.89;102736.89
2007.03.28;101790.79;102736.89;102736.89;102749.09
2007.03.29;101783.81;102749.09;102749.09;102765.29
2007.03.30;101776.83;102765.29;102758.38;102758.38
2007.04.02;101769.84;102758.38;102758.38;102860.33
2007.04.03;101567.69;102860.33;102860.33;102890.73
2007.04.04;101560.63;102890.73;102858.42;102858.42
2007.04.05;101553.56;102858.42;102858.42;102946.38
2007.04.09;101546.49;102946.38;102844.06;102844.06
2007.04.10;101518.15;102844.06;102844.06;102847.45
2007.04.11;101511.08;102847.45;102712.43;102712.43
2007.04.12;101504.01;102712.43;102712.43;103005.47
2007.04.13;101496.96;103005.47;103005.47;103058.99
2007.04.16;101489.85;103058.99;103058.99;103303.44
2007.04.17;101468.48;103303.44;103116.38;103116.38
2007.04.18;101461.30;103116.38;103094.63;103094.63
2007.04.19;101454.16;103094.63;102808.95;102808.95
2007.04.20;101447.02;102808.95;102808.95;103177.07
2007.04.23;101439.94;103177.07;103177.07;103336.28
2007.04.24;101418.46;103336.28;103227.88;103227.88
2007.04.25;101411.26;103227.88;103227.88;103625.61
2007.04.26;101404.09;103625.61;103501.83;103501.83
2007.04.27;101396.82;103501.83;103501.83;103563.24
2007.04.30;101389.58;103563.24;103253.92;103253.92
2007.05.01;101367.81;103253.92;103180.74;103180.74
2007.05.02;102532.26;103180.74;103180.74;103428.72
2007.05.03;102525.33;103428.72;103428.72;103600.49
2007.05.04;102518.36;103600.49;103600.49;103744.61
2007.05.07;102511.34;103744.61;103744.61;103805.92
2007.05.08;102490.18;103805.92;103534.04;103534.04
2007.05.09;102483.12;103534.04;103534.04;103711.30
2007.05.10;102476.10;103711.30;102984.70;102984.70
2007.05.11;102469.05;102984.70;102984.70;103680.38
2007.05.14;102462.16;103680.38;103485.01;103485.01
2007.05.15;102441.02;103485.01;103485.01;103573.98
2007.05.16;102434.01;103573.98;103573.98;103770.03
2007.05.17;102426.98;103770.03;103770.03;103837.46
2007.05.18;102419.90;103837.46;103837.46;104224.59
2007.05.21;102412.81;104224.59;104182.29;104182.29
2007.05.22;102391.28;104182.29;104127.21;104127.21
2007.05.23;102384.10;104127.21;104127.21;104272.92
2007.05.24;102376.94;104272.92;103720.59;103720.59
2007.05.25;102369.75;103720.59;103720.59;104128.53
2007.05.29;102362.67;104128.53;104023.75;104023.75
2007.05.30;102334.00;104023.75;104023.75;104327.40
2007.05.31;102326.85;104327.40;104327.40;104460.35
2007.06.01;102319.63;104460.35;104460.35;104855.31
2007.06.04;103108.04;104855.31;104855.31;104964.12
2007.06.05;103086.39;104964.12;104802.87;104802.87
2007.06.06;103079.14;104802.87;104284.61;104284.61
2007.06.07;103071.93;104284.61;103659.88;103659.88
2007.06.08;103064.82;103659.88;103659.88;103933.77
2007.06.11;103057.86;103933.77;103933.77;104089.29
2007.06.12;103036.78;104089.29;103687.49;103687.49
2007.06.13;103029.71;103687.49;103687.49;104248.94
2007.06.14;103022.73;104248.94;104248.94;104612.42
2007.06.15;103015.63;104612.42;104612.42;105009.66
2007.06.18;103008.44;105009.66;105009.66;105040.04
2007.06.19;102986.62;105040.04;105040.04;105104.17
2007.06.20;102979.33;105104.17;104586.04;104586.04
2007.06.21;102972.03;104586.04;104586.04;104814.36
2007.06.22;102964.84;104814.36;104528.70;104528.70
2007.06.25;102957.60;104528.70;104319.20;104319.20
2007.06.26;102936.06;104319.20;104016.82;104016.82
2007.06.27;102928.92;104016.82;104016.82;104348.43
2007.06.28;102921.85;104348.43;104348.43;104354.98
2007.06.29;102914.70;104354.98;104354.98;104477.72
2007.07.02;102907.55;104477.72;104477.72;104794.51
2007.07.03;102831.15;104794.51;104794.51;105033.66
2007.07.05;102823.89;105033.66;105033.66;105149.45
2007.07.06;102809.26;105149.45;105149.45;105462.81
2007.07.09;102801.91;105462.81;105462.81;105599.89
2007.07.10;102779.66;105599.89;105238.36;105238.36
2007.07.11;102772.21;105238.36;105238.36;105408.59
2007.07.12;102764.83;105408.59;105408.59;105992.73
2007.07.13;102757.42;105992.73;105992.73;106269.08
2007.07.16;102749.88;106269.08;106043.71;106043.71
2007.07.17;102727.06;106043.71;105837.99;105837.99
2007.07.18;102719.50;105837.99;105837.99;105952.23
2007.07.19;102711.99;105952.23;105952.23;106257.95
2007.07.20;102704.44;106257.95;105988.25;105988.25
2007.07.23;102696.83;105988.25;105988.25;106214.35
2007.07.24;102674.17;106214.35;105246.54;105246.54
2007.07.25;102666.56;105246.54;105246.54;105734.57
2007.07.26;102659.16;105734.57;104476.33;104476.33
2007.07.27;102651.65;104476.33;104099.31;104099.31
2007.07.30;102644.42;104099.31;104099.31;104728.79
2007.07.31;102622.96;104728.79;104648.86;104648.86
2007.08.01;102615.67;104648.86;104502.19;104502.19
2007.08.02;104012.72;104502.19;104502.19;104597.38
2007.08.03;104005.73;104597.38;104171.01;104171.01
2007.08.06;103998.72;104171.01;103865.66;103865.66
2007.08.07;103977.96;103865.66;103865.66;103931.82
2007.08.08;103971.11;103931.82;103931.82;104019.45
2007.08.09;103964.23;104019.45;103667.56;103667.56
2007.08.10;103957.34;103667.56;103479.03;103479.03
2007.08.13;103950.52;103479.03;103479.03;103598.20
2007.08.14;103930.18;103598.20;103501.62;103501.62
2007.08.15;103923.37;103501.62;103324.89;103324.89
2007.08.16;103916.58;103324.89;103081.17;103081.17
2007.08.17;103909.83;103081.17;103081.17;103334.30
2007.08.20;103903.13;103334.30;103278.40;103278.40
2007.08.21;103882.86;103278.40;103154.48;103154.48
2007.08.22;103876.11;103154.48;103154.48;103404.92
2007.08.23;103869.39;103404.92;103404.92;103510.09
2007.08.24;103862.61;103510.09;103510.09;103868.73
2007.08.27;103855.80;103868.73;103868.73;104047.88
2007.08.28;103835.15;104047.88;103738.33;103738.33
2007.08.29;103828.22;103738.33;103738.33;104195.16
2007.08.30;103821.36;104195.16;104195.16;104234.86
2007.08.31;103814.39;104234.86;104234.86;104474.47
2007.09.04;103807.42;104474.47;104474.47;104701.99
2007.09.05;103883.19;104701.99;104701.99;104897.81
2007.09.06;103876.13;104897.81;104897.81;105058.38
2007.09.07;103869.02;105058.38;105058.38;105332.20
2007.09.10;103861.88;105332.20;105332.20;105570.08
2007.09.11;103840.27;105570.08;105570.08;105669.00
2007.09.12;103833.01;105669.00;105669.00;105756.60
2007.09.13;103825.73;105756.60;105608.88;105608.88
2007.09.14;103818.43;105608.88;105557.62;105557.62
2007.09.17;103811.15;105557.62;105557.62;105822.80
2007.09.18;103789.36;105822.80;105822.80;106033.08
2007.09.19;103782.04;106033.08;105856.73;105856.73
2007.09.20;103774.66;105856.73;105856.73;105878.61
2007.09.21;103767.33;105878.61;105859.27;105859.27
2007.09.24;103759.98;105859.27;105816.40;105816.40
2007.09.25;103737.96;105816.40;105677.70;105677.70
2007.09.26;103730.63;105677.70;105677.70;105734.59
2007.09.27;103723.32;105734.59;105734.59;106145.30
2007.09.28;103716.00;106145.30;106122.45;106122.45
2007.10.01;103708.59;106122.45;106044.08;106044.08
2007.10.02;104108.24;106044.08;105791.90;105791.90
2007.10.03;104100.88;105791.90;105393.75;105393.75
2007.10.04;104093.58;105393.75;105393.75;105800.00
2007.10.05;104086.36;105800.00;105800.00;106105.20
2007.10.08;104079.06;106105.20;105592.94;105592.94
2007.10.09;104056.93;105592.94;105592.94;106026.54
2007.10.10;104049.66;106026.54;106026.54;106310.73
2007.10.11;104042.30;106310.73;106310.73;106430.65
2007.10.12;104034.87;106430.65;106430.65;106785.43
2007.10.15;104027.42;106785.43;106785.43;107069.64
2007.10.16;104004.81;107069.64;107069.64;107090.00
2007.10.17;103997.21;107090.00;107090.00;107090.76
2007.10.18;103989.60;107090.76;107090.76;107587.96
2007.10.19;103981.99;107587.96;106656.40;106656.40
2007.10.22;103974.27;106656.40;106385.56;106385.56
2007.10.23;103951.71;106385.56;106385.56;106676.26
2007.10.24;103944.24;106676.26;106676.26;107016.29
2007.10.25;103936.71;107016.29;107016.29;107559.23
2007.10.26;103929.11;107559.23;107559.23;108250.90
2007.10.29;103921.38;108250.90;108250.90;108704.82
2007.10.30;103897.74;108704.82;107735.05;107735.05
2007.10.31;103889.76;107735.05;107735.05;108818.25
2007.11.01;103881.98;108818.25;107976.92;107976.92
2007.11.02;103693.56;107976.92;107976.92;108862.15
2007.11.05;103685.66;108862.15;108471.01;108471.01
2007.11.06;103661.37;108471.01;108471.01;109665.74
2007.11.07;103653.35;109665.74;109241.76;109241.76
2007.11.08;103645.07;109241.76;109241.76;109306.33
2007.11.09;103636.88;109306.33;109180.14;109180.14
2007.11.12;103628.67;109180.14;107407.56;107407.56
2007.11.13;103604.14;107407.56;107407.56;107837.84
2007.11.14;103596.34;107837.84;107837.84;108453.40
2007.11.15;103588.45;108453.40;107643.35;107643.35
2007.11.16;103580.42;107643.35;107643.35;107941.28
2007.11.19;103572.56;107941.28;107423.33;107423.33
2007.11.20;103548.80;107423.33;107423.33;108642.33
2007.11.21;103540.99;108642.33;107915.43;107915.43
2007.11.23;103532.91;107915.43;107915.43;108568.86
2007.11.26;103517.06;108568.86;108154.04;108154.04
2007.11.27;103492.85;108154.04;107835.39;107835.39
2007.11.28;103484.87;107835.39;107786.28;107786.28
2007.11.29;103476.95;107786.28;107393.25;107393.25
2007.11.30;103469.05;107393.25;106970.43;106970.43
2007.12.03;103461.22;106970.43;106970.43;107151.73
2007.12.04;103368.06;107151.73;107140.36;107140.36
2007.12.05;103360.26;107140.36;106982.48;106982.48
2007.12.06;103352.47;106982.48;106982.48;107285.05
2007.12.07;103344.70;107285.05;106908.69;106908.69
2007.12.10;103336.87;106908.69;106908.69;107028.79
2007.12.11;103313.62;107028.79;106978.07;106978.07
2007.12.12;103305.84;106978.07;106978.07;107617.39
2007.12.13;103298.07;107617.39;107304.94;107304.94
2007.12.14;103290.15;107304.94;106977.41;106977.41
2007.12.17;103282.30;106977.41;106848.53;106848.53
2007.12.18;103258.97;106848.53;106848.53;106977.50
2007.12.19;103251.22;106977.50;106977.50;107204.27
2007.12.20;103243.43;107204.27;107141.14;107141.14
2007.12.21;103235.60;107141.14;107141.14;107450.43
2007.12.24;103227.77;107450.43;107450.43;107456.38
2007.12.26;103204.10;107456.38;107456.38;107779.94
2007.12.27;103188.30;107779.94;107779.94;107838.87
2007.12.28;103180.32;107838.87;107838.87;108124.83
2007.12.31;103172.33;108124.83;107955.66;107955.66
2008.01.02;103148.18;107955.66;107955.66;108667.46
2008.01.03;108667.46;108667.46;108667.46;108667.46
2008.01.04;108667.46;108667.46;108667.46;108667.46
2008.01.07;108667.46;108667.46;108667.46;108667.46
2008.01.08;108667.46;108667.46;108667.46;108667.46
2008.01.09;108667.46;108667.46;108667.46;108667.46
2008.01.10;108667.46;108667.46;108667.46;108667.46
2008.01.11;108667.46;108667.46;108667.46;108667.46
2008.01.14;108667.46;108667.46;108667.46;108667.46
2008.01.15;108667.46;108667.46;108667.46;108667.46
2008.01.16;108667.46;108667.46;108667.46;108667.46
2008.01.17;108667.46;108667.46;108667.46;108667.46
2008.01.18;108667.46;108667.46;108667.46;108667.46
2008.01.22;108667.46;108667.46;108667.46;108667.46
2008.01.23;108667.46;108667.46;108667.46;108667.46
2008.01.24;108667.46;108667.46;108667.46;108667.46
2008.01.25;108667.46;108667.46;108667.46;108667.46
2008.01.28;108667.46;108667.46;108667.46;108667.46
2008.01.29;108667.46;108667.46;108667.46;108667.46
2008.01.30;108667.46;108667.46;108667.46;108667.46
2008.01.31;108667.46;108667.46;108667.46;108667.46
2008.02.01;108667.46;108667.46;108667.46;108667.46
2008.02.04;108667.46;108667.46;108667.46;108667.46
2008.02.05;108667.46;108667.46;108667.46;108667.46
2008.02.06;108667.46;108667.46;108667.46;108667.46
2008.02.07;108667.46;108667.46;108667.46;108667.46
2008.02.08;108667.46;108667.46;108667.46;108667.46
2008.02.11;108667.46;108667.46;108667.46;108667.46
2008.02.12;108667.46;108667.46;108667.46;108667.46
2008.02.13;108667.46;108667.46;108667.46;108667.46
2008.02.14;108667.46;108667.46;108667.46;108667.46
2008.02.15;108667.46;108667.46;108667.46;108667.46
2008.02.19;108667.46;108667.46;108667.46;108667.46
2008.02.20;108667.46;108667.46;108667.46;108667.46
2008.02.21;108667.46;108667.46;108667.46;108667.46
2008.02.22;108667.46;108667.46;108667.46;108667.46
2008.02.25;108667.46;108667.46;108667.46;108667.46
2008.02.26;108667.46;108667.46;108667.46;108667.46
2008.02.27;108667.46;108667.46;108667.46;108667.46
2008.02.28;108667.46;108667.46;108667.46;108667.46
2008.02.29;108667.46;108667.46;108667.46;108667.46
2008.03.03;108667.46;108667.46;108667.46;108667.46
2008.03.04;108667.46;108667.46;108667.46;108667.46
2008.03.05;108667.46;108667.46;108667.46;108667.46
2008.03.06;108667.46;108667.46;108667.46;108667.46
2008.03.07;108667.46;108667.46;108667.46;108667.46
2008.03.10;108667.46;108667.46;108667.46;108667.46
2008.03.11;108667.46;108667.46;108667.46;108667.46
2008.03.12;108667.46;108667.46;108667.46;108667.46
2008.03.13;108667.46;108667.46;108667.46;108667.46
2008.03.14;108667.46;108667.46;108667.46;108667.46
2008.03.17;108667.46;108667.46;108667.46;108667.46
2008.03.18;108667.46;108667.46;108667.46;108667.46
2008.03.19;108667.46;108667.46;108667.46;108667.46
2008.03.20;108667.46;108667.46;108667.46;108667.46
2008.03.24;108667.46;108667.46;108667.46;108667.46
2008.03.25;108667.46;108667.46;108667.46;108667.46
2008.03.26;108667.46;108667.46;108667.46;108667.46
2008.03.27;108667.46;108667.46;108667.46;108667.46
2008.03.28;108667.46;108667.46;108667.46;108667.46
2008.03.31;108667.46;108667.46;108667.46;108667.46
2008.04.01;108667.46;108667.46;108667.46;108667.46
2008.04.02;108667.46;108667.46;108667.46;108667.46
2008.04.03;108667.46;108667.46;108667.46;108667.46
2008.04.04;108667.46;108667.46;108667.46;108667.46
2008.04.07;108667.46;108667.46;108667.46;108667.46
2008.04.08;108667.46;108667.46;108667.46;108667.46
2008.04.09;108667.46;108667.46;108667.46;108667.46
2008.04.10;108667.46;108667.46;108667.46;108667.46
2008.04.11;108667.46;108667.46;108667.46;108667.46
2008.04.14;108667.46;108667.46;108667.46;108667.46
2008.04.15;108667.46;108667.46;108667.46;108667.46
2008.04.16;108667.46;108667.46;108667.46;108667.46
2008.04.17;108667.46;108667.46;108667.46;108667.46
2008.04.18;108667.46;108667.46;108667.46;108667.46
2008.04.21;108667.46;108667.46;108667.46;108667.46
2008.04.22;108667.46;108667.46;108667.46;108667.46
2008.04.23;108667.46;108667.46;108667.46;108667.46
2008.04.24;108667.46;108667.46;108667.46;108667.46
2008.04.25;108667.46;108667.46;108667.46;108667.46
2008.04.28;108667.46;108667.46;108667.46;108667.46
2008.04.29;108667.46;108667.46;108667.46;108667.46
2008.04.30;108667.46;108667.46;108667.46;108667.46
2008.05.01;108667.46;108667.46;108667.46;108667.46
2008.05.02;108667.46;108667.46;108667.46;108667.46
2008.05.05;108667.46;108667.46;108667.46;108667.46
2008.05.06;108667.46;108667.46;108667.46;108667.46
2008.05.07;108667.46;108667.46;108667.46;108667.46
2008.05.08;108667.46;108667.46;108667.46;108667.46
2008.05.09;108667.46;108667.46;108667.46;108667.46
2008.05.12;108667.46;108667.46;108667.46;108667.46
2008.05.13;108667.46;108667.46;108667.46;108667.46
2008.05.14;108667.46;108667.46;108667.46;108667.46
2008.05.15;108667.46;108667.46;108667.46;108667.46
2008.05.16;108667.46;108667.46;108667.46;108667.46
2008.05.19;108667.46;108667.46;108667.46;108667.46
2008.05.20;108667.46;108667.46;108667.46;108667.46
2008.05.21;108667.46;108667.46;108667.46;108667.46
2008.05.22;108667.46;108667.46;108667.46;108667.46
2008.05.23;108667.46;108667.46;108667.46;108667.46
2008.05.27;108667.46;108667.46;108667.46;108667.46
2008.05.28;108667.46;108667.46;108667.46;108667.46
2008.05.29;108667.46;108667.46;108667.46;108667.46
2008.05.30;108667.46;108667.46;108667.46;108667.46
2008.06.02;108667.46;108667.46;108667.46;108667.46
2008.06.03;108667.46;108667.46;108667.46;108667.46
2008.06.04;108667.46;108667.46;108667.46;108667.46
2008.06.05;108667.46;108667.46;108667.46;108667.46
2008.06.06;108667.46;108667.46;108667.46;108667.46
2008.06.09;108667.46;108667.46;108667.46;108667.46
2008.06.10;108667.46;108667.46;108667.46;108667.46
2008.06.11;108667.46;108667.46;108667.46;108667.46
2008.06.12;108667.46;108667.46;108667.46;108667.46
2008.06.13;108667.46;108667.46;108667.46;108667.46
2008.06.16;108667.46;108667.46;108667.46;108667.46
2008.06.17;108667.46;108667.46;108667.46;108667.46
2008.06.18;108667.46;108667.46;108667.46;108667.46
2008.06.19;108667.46;108667.46;108667.46;108667.46
2008.06.20;108667.46;108667.46;108667.46;108667.46
2008.06.23;108667.46;108667.46;108667.46;108667.46
2008.06.24;108667.46;108667.46;108667.46;108667.46
2008.06.25;108667.46;108667.46;108667.46;108667.46
2008.06.26;108667.46;108667.46;108667.46;108667.46
2008.06.27;108667.46;108667.46;108667.46;108667.46
2008.06.30;108667.46;108667.46;108667.46;108667.46
2008.07.01;108667.46;108667.46;108667.46;108667.46
2008.07.02;108667.46;108667.46;108667.46;108667.46
2008.07.03;108667.46;108667.46;108667.46;108667.46
2008.07.07;108667.46;108667.46;108667.46;108667.46
2008.07.08;108667.46;108667.46;108667.46;108667.46
2008.07.09;108667.46;108667.46;108667.46;108667.46
2008.07.10;108667.46;108667.46;108667.46;108667.46
2008.07.11;108667.46;108667.46;108667.46;108667.46
2008.07.14;108667.46;108667.46;108667.46;108667.46
2008.07.15;108667.46;108667.46;108667.46;108667.46
2008.07.16;108667.46;108667.46;108667.46;108667.46
2008.07.17;108667.46;108667.46;108667.46;108667.46
2008.07.18;108667.46;108667.46;108667.46;108667.46
2008.07.21;108667.46;108667.46;108667.46;108667.46
2008.07.22;108667.46;108667.46;108667.46;108667.46
2008.07.23;108667.46;108667.46;108667.46;108667.46
2008.07.24;108667.46;108667.46;108667.46;108667.46
2008.07.25;108667.46;108667.46;108667.46;108667.46
2008.07.28;108667.46;108667.46;108667.46;108667.46
2008.07.29;108667.46;108667.46;108667.46;108667.46
2008.07.30;108667.46;108667.46;108667.46;108667.46
2008.07.31;108667.46;108667.46;108667.46;108667.46
2008.08.01;108667.46;108667.46;108667.46;108667.46
2008.08.04;108667.46;108667.46;108667.46;108667.46
2008.08.05;108667.46;108667.46;108667.46;108667.46
2008.08.06;108667.46;108667.46;108667.46;108667.46
2008.08.07;108667.46;108667.46;108667.46;108667.46
2008.08.08;108667.46;108667.46;108667.46;108667.46
2008.08.11;108667.46;108667.46;108667.46;108667.46
2008.08.12;108667.46;108667.46;108667.46;108667.46
2008.08.13;108667.46;108667.46;108667.46;108667.46
2008.08.14;108667.46;108667.46;108667.46;108667.46
2008.08.15;108667.46;108667.46;108667.46;108667.46
2008.08.18;108667.46;108667.46;108667.46;108667.46
2008.08.19;108667.46;108667.46;108667.46;108667.46
2008.08.20;108667.46;108667.46;108667.46;108667.46
2008.08.21;108667.46;108667.46;108667.46;108667.46
2008.08.22;108667.46;108667.46;108667.46;108667.46
2008.08.25;108667.46;108667.46;108667.46;108667.46
2008.08.26;108667.46;108667.46;108667.46;108667.46
2008.08.27;108667.46;108667.46;108667.46;108667.46
2008.08.28;108667.46;108667.46;108667.46;108667.46
2008.08.29;108667.46;108667.46;108667.46;108667.46
2008.09.02;108667.46;108667.46;108667.46;108667.46
2008.09.03;108667.46;108667.46;108667.46;108667.46
2008.09.04;108667.46;108667.46;108667.46;108667.46
2008.09.05;108667.46;108667.46;108667.46;108667.46
2008.09.08;108667.46;108667.46;108667.46;108667.46
2008.09.09;108667.46;108667.46;108667.46;108667.46
2008.09.10;108667.46;108667.46;108667.46;108667.46
2008.09.11;108667.46;108667.46;108667.46;108667.46
2008.09.12;108667.46;108667.46;108667.46;108667.46
2008.09.15;108667.46;108667.46;108667.46;108667.46
2008.09.16;108667.46;108667.46;108667.46;108667.46
2008.09.17;108667.46;108667.46;108667.46;108667.46
2008.09.18;108667.46;108667.46;108667.46;108667.46
2008.09.19;108667.46;108667.46;108667.46;108667.46
2008.09.22;108667.46;108667.46;108667.46;108667.46
2008.09.23;108667.46;108667.46;108667.46;108667.46
2008.09.24;108667.46;108667.46;108667.46;108667.46
2008.09.25;108667.46;108667.46;108667.46;108667.46
2008.09.26;108667.46;108667.46;108667.46;108667.46
2008.09.29;108667.46;108667.46;108667.46;108667.46
2008.09.30;108667.46;108667.46;108667.46;108667.46
2008.10.01;108667.46;108667.46;108667.46;108667.46
2008.10.02;108667.46;108667.46;108667.46;108667.46
2008.10.03;108667.46;108667.46;108667.46;108667.46
2008.10.06;108667.46;108667.46;108667.46;108667.46
2008.10.07;108667.46;108667.46;108667.46;108667.46
2008.10.08;108667.46;108667.46;108667.46;108667.46
2008.10.09;108667.46;108667.46;108667.46;108667.46
2008.10.10;108667.46;108667.46;108667.46;108667.46
2008.10.13;108667.46;108667.46;108667.46;108667.46
2008.10.14;108667.46;108667.46;108667.46;108667.46
2008.10.15;108667.46;108667.46;108667.46;108667.46
2008.10.16;108667.46;108667.46;108667.46;108667.46
2008.10.17;108667.46;108667.46;108667.46;108667.46
2008.10.20;108667.46;108667.46;108667.46;108667.46
2008.10.21;108667.46;108667.46;108667.46;108667.46
2008.10.22;108667.46;108667.46;108667.46;108667.46
2008.10.23;108667.46;108667.46;108667.46;108667.46
2008.10.24;108667.46;108667.46;108667.46;108667.46
2008.10.27;108667.46;108667.46;108667.46;108667.46
2008.10.28;108667.46;108667.46;108667.46;108667.46
2008.10.29;108667.46;108667.46;108667.46;108667.46
2008.10.30;108667.46;108667.46;108667.46;108667.46
2008.10.31;108667.46;108667.46;108667.46;108667.46
2008.11.03;108667.46;108667.46;108667.46;108667.46
2008.11.04;108667.46;108667.46;108667.46;108667.46
2008.11.05;108667.46;108667.46;108667.46;108667.46
2008.11.06;108667.46;108667.46;108667.46;108667.46
2008.11.07;108667.46;108667.46;108667.46;108667.46
2008.11.10;108667.46;108667.46;108667.46;108667.46
2008.11.11;108667.46;108667.46;108667.46;108667.46
2008.11.12;108667.46;108667.46;108667.46;108667.46
2008.11.13;108667.46;108667.46;108667.46;108667.46
2008.11.14;108667.46;108667.46;108667.46;108667.46
2008.11.17;108667.46;108667.46;108667.46;108667.46
2008.11.18;108667.46;108667.46;108667.46;108667.46
2008.11.19;108667.46;108667.46;108667.46;108667.46
2008.11.20;108667.46;108667.46;108667.46;108667.46
2008.11.21;108667.46;108667.46;108667.46;108667.46
2008.11.24;108667.46;108667.46;108667.46;108667.46
2008.11.25;108667.46;108667.46;108667.46;108667.46
2008.11.26;108667.46;108667.46;108667.46;108667.46
2008.11.28;108667.46;108667.46;108667.46;108667.46
2008.12.01;108667.46;108667.46;108667.46;108667.46
2008.12.02;108667.46;108667.46;108667.46;108667.46
2008.12.03;108667.46;108667.46;108667.46;108667.46
2008.12.04;108667.46;108667.46;108667.46;108667.46
2008.12.05;108667.46;108667.46;108667.46;108667.46
2008.12.08;108667.46;108667.46;108667.46;108667.46
2008.12.09;108667.46;108667.46;108667.46;108667.46
2008.12.10;108667.46;108667.46;108667.46;108667.46
2008.12.11;108667.46;108667.46;108667.46;108667.46
2008.12.12;108667.46;108667.46;108667.46;108667.46
2008.12.15;108667.46;108667.46;108667.46;108667.46
2008.12.16;108667.46;108667.46;108667.46;108667.46
2008.12.17;108667.46;108667.46;108667.46;108667.46
2008.12.18;108667.46;108667.46;108667.46;108667.46
2008.12.19;108667.46;108667.46;108667.46;108667.46
2008.12.22;108667.46;108667.46;108667.46;108667.46
2008.12.23;108667.46;108667.46;108667.46;108667.46
2008.12.24;108667.46;108667.46;108667.46;108667.46
2008.12.26;108667.46;108667.46;108667.46;108667.46
2008.12.29;108667.46;108667.46;108667.46;108667.46
2008.12.30;108667.46;108667.46;108667.46;108667.46
2008.12.31;108667.46;108667.46;108667.46;108667.46
2009.01.02;108667.46;108667.46;108667.46;108667.46
2009.01.05;108667.46;108667.46;108667.46;108667.46
2009.01.06;108667.46;108667.46;108667.46;108667.46
2009.01.07;108667.46;108667.46;108667.46;108667.46
2009.01.08;108667.46;108667.46;108667.46;108667.46
2009.01.09;108667.46;108667.46;108667.46;108667.46
2009.01.12;108667.46;108667.46;108667.46;108667.46
2009.01.13;108667.46;108667.46;108667.46;108667.46
2009.01.14;108667.46;108667.46;108667.46;108667.46
2009.01.15;108667.46;108667.46;108667.46;108667.46
2009.01.16;108667.46;108667.46;108667.46;108667.46
2009.01.20;108667.46;108667.46;108667.46;108667.46
2009.01.21;108667.46;108667.46;108667.46;108667.46
2009.01.22;108667.46;108667.46;108667.46;108667.46
2009.01.23;108667.46;108667.46;108667.46;108667.46
2009.01.26;108667.46;108667.46;108667.46;108667.46
2009.01.27;108667.46;108667.46;108667.46;108667.46
2009.01.28;108667.46;108667.46;108667.46;108667.46
2009.01.29;108667.46;108667.46;108667.46;108667.46
2009.01.30;108667.46;108667.46;108667.46;108667.46
2009.02.02;108667.46;108667.46;108667.46;108667.46
2009.02.03;108667.46;108667.46;108667.46;108667.46
2009.02.04;108667.46;108667.46;108667.46;108667.46
2009.02.05;108667.46;108667.46;108667.46;108667.46
2009.02.06;108667.46;108667.46;108667.46;108667.46
2009.02.09;108667.46;108667.46;108667.46;108667.46
2009.02.10;108667.46;108667.46;108667.46;108667.46
2009.02.11;108667.46;108667.46;108667.46;108667.46
2009.02.12;108667.46;108667.46;108667.46;108667.46
2009.02.13;108667.46;108667.46;108667.46;108667.46
2009.02.17;108667.46;108667.46;108667.46;108667.46
2009.02.18;108667.46;108667.46;108667.46;108667.46
2009.02.19;108667.46;108667.46;108667.46;108667.46
2009.02.20;108667.46;108667.46;108667.46;108667.46
2009.02.23;108667.46;108667.46;108667.46;108667.46
2009.02.24;108667.46;108667.46;108667.46;108667.46
2009.02.25;108667.46;108667.46;108667.46;108667.46
2009.02.26;108667.46;108667.46;108667.46;108667.46
2009.02.27;108667.46;108667.46;108667.46;108667.46
2009.03.02;108667.46;108667.46;108667.46;108667.46
2009.03.03;108667.46;108667.46;108667.46;108667.46
2009.03.04;108667.46;108667.46;108667.46;108667.46
2009.03.05;108667.46;108667.46;108667.46;108667.46
2009.03.06;108667.46;108667.46;108667.46;108667.46
2009.03.09;108667.46;108667.46;108667.46;108667.46
2009.03.10;108667.46;108667.46;108667.46;108667.46
2009.03.11;108667.46;108667.46;108667.46;108667.46
2009.03.12;108667.46;108667.46;108667.46;108667.46
2009.03.13;108667.46;108667.46;108667.46;108667.46
2009.03.16;108667.46;108667.46;108667.46;108667.46
2009.03.17;108667.46;108667.46;108667.46;108667.46
2009.03.18;108667.46;108667.46;108667.46;108667.46
2009.03.19;108667.46;108667.46;108667.46;108667.46
2009.03.20;108667.46;108667.46;108667.46;108667.46
2009.03.23;108667.46;108667.46;108667.46;108667.46
2009.03.24;108667.46;108667.46;108667.46;108667.46
2009.03.25;108667.46;108667.46;108667.46;108667.46
2009.03.26;108667.46;108667.46;108667.46;108667.46
2009.03.27;108667.46;108667.46;108667.46;108667.46
2009.03.30;108667.46;108667.46;108667.46;108667.46
2009.03.31;108667.46;108667.46;108667.46;108667.46
2009.04.01;108667.46;108667.46;108667.46;108667.46
2009.04.02;108667.46;108667.46;108667.46;108667.46
2009.04.03;108667.46;108667.46;108667.46;108667.46
2009.04.06;108667.46;108667.46;108667.46;108667.46
2009.04.07;108667.46;108667.46;108667.46;108667.46
2009.04.08;108667.46;108667.46;108667.46;108667.46
2009.04.09;108667.46;108667.46;108667.46;108667.46
2009.04.13;108667.46;108667.46;108667.46;108667.46
2009.04.14;108667.46;108667.46;108667.46;108667.46
2009.04.15;108667.46;108667.46;108667.46;108667.46
2009.04.16;108667.46;108667.46;108667.46;108667.46
2009.04.17;108667.46;108667.46;108667.46;108667.46
2009.04.20;108667.46;108667.46;108667.46;108667.46
2009.04.21;108667.46;108667.46;108667.46;108667.46
2009.04.22;108667.46;108667.46;108667.46;108667.46
2009.04.23;108667.46;108667.46;108667.46;108667.46
2009.04.24;108667.46;108667.46;108667.46;108667.46
2009.04.27;108667.46;108667.46;108667.46;108667.46
2009.04.28;108667.46;108667.46;108667.46;108667.46
2009.04.29;108667.46;108667.46;108667.46;108667.46
2009.04.30;108667.46;108667.46;108667.46;108667.46
2009.05.01;108667.46;108667.46;108667.46;108667.46
2009.05.04;108667.46;108667.46;108667.46;108667.46
2009.05.05;108667.46;108667.46;108667.46;108667.46
2009.05.06;108667.46;108667.46;108667.46;108667.46
2009.05.07;108667.46;108667.46;108667.46;108667.46
2009.05.08;108667.46;108667.46;108667.46;108667.46
2009.05.11;108667.46;108667.46;108667.46;108667.46
2009.05.12;108667.46;108667.46;108667.46;108667.46
2009.05.13;108667.46;108667.46;108667.46;108667.46
2009.05.14;108667.46;108667.46;108667.46;108667.46
2009.05.15;108667.46;108667.46;108667.46;108667.46
2009.05.18;108667.46;108667.46;108667.46;108667.46
2009.05.19;108667.46;108667.46;108667.46;108667.46
2009.05.20;108667.46;108667.46;108667.46;108667.46
2009.05.21;108667.46;108667.46;108667.46;108667.46
2009.05.22;108667.46;108667.46;108667.46;108667.46
2009.05.26;108667.46;108667.46;108667.46;108667.46
2009.05.27;108667.46;108667.46;108667.46;108667.46
2009.05.28;108667.46;108667.46;108667.46;108667.46
2009.05.29;108667.46;108667.46;108667.46;108667.46
2009.06.01;108667.46;108667.46;108651.16;108651.16
2009.06.02;108651.16;108651.16;108651.16;108658.83
2009.06.03;108644.02;108658.83;107585.52;107585.52
2009.06.04;108636.87;107585.52;107585.52;108254.28
2009.06.05;108629.95;108254.28;107804.25;107804.25
2009.06.08;108622.89;107804.25;107645.33;107645.33
2009.06.09;108601.99;107645.33;107645.33;107895.62
2009.06.10;108595.06;107895.62;107895.62;107915.03
2009.06.11;108588.06;107915.03;107915.03;108334.07
2009.06.12;108581.07;108334.07;107921.37;107921.37
2009.06.15;108573.98;107921.37;106725.93;106725.93
2009.06.16;108552.97;106725.93;106527.30;106527.30
2009.06.17;108546.22;106527.30;106274.13;106274.13
2009.06.18;108539.52;106274.13;106274.13;106305.12
2009.06.19;108532.87;106305.12;106305.12;106671.28
2009.06.22;108526.22;106671.28;105383.24;105383.24
2009.06.23;108506.00;105383.24;105383.24;105636.77
2009.06.24;108499.54;105636.77;105636.77;105960.84
2009.06.25;108493.02;105960.84;105960.84;106444.82
2009.06.26;108486.43;106444.82;106444.82;106530.73
2009.06.29;108479.73;106530.73;106530.73;106645.27
2009.06.30;108459.58;106645.27;106285.04;106285.04
2009.07.01;108452.83;106285.04;106285.04;106525.11
2009.07.02;107482.86;106525.11;105544.19;105544.19
2009.07.06;107475.96;105544.19;105209.91;105209.91
2009.07.07;107449.21;105209.91;104526.06;104526.06
2009.07.08;107442.60;104526.06;103949.76;103949.76
2009.07.09;107436.12;103949.76;103949.76;104350.36
2009.07.10;107429.78;104350.36;103967.78;103967.78
2009.07.13;107423.34;103967.78;103967.78;104598.64
2009.07.14;107404.28;104598.64;104598.64;104660.60
2009.07.15;107397.79;104660.60;104660.60;106034.90
2009.07.16;107391.28;106034.90;106034.90;106070.27
2009.07.17;107384.47;106070.27;106070.27;106171.46
2009.07.20;107377.64;106171.46;106171.46;106821.61
2009.07.21;107357.11;106821.61;106717.95;106717.95
2009.07.22;107350.11;106717.95;106712.04;106712.04
2009.07.23;107343.14;106712.04;106712.04;107554.83
2009.07.24;107336.17;107554.83;107554.83;107605.56
2009.07.27;107329.01;107605.56;107605.56;107793.83
2009.07.28;107307.50;107793.83;107538.81;107538.81
2009.07.29;107300.28;107538.81;106777.06;106777.06
2009.07.30;107293.12;106777.06;106777.06;107773.41
2009.07.31;107286.12;107773.41;107773.41;108221.24
2009.08.03;107278.91;108221.24;108221.24;109238.71
2009.08.04;109238.71;109238.71;109089.21;109089.21
2009.08.05;109231.52;109089.21;108808.83;108808.83
2009.08.06;109224.37;108808.83;108635.38;108635.38
2009.08.07;109217.27;108635.38;108635.38;108877.83
2009.08.10;109210.22;108877.83;108877.83;108937.79
2009.08.11;109188.88;108937.79;108790.14;108790.14
2009.08.12;109181.75;108790.14;108790.14;109005.66
2009.08.13;109174.65;109005.66;108895.11;108895.11
2009.08.14;109167.50;108895.11;108769.96;108769.96
2009.08.17;109160.38;108769.96;108216.11;108216.11
2009.08.18;109139.08;108216.11;108216.11;108473.93
2009.08.19;109132.10;108473.93;108473.93;108692.50
2009.08.20;109125.06;108692.50;108692.50;108877.03
2009.08.21;109117.97;108877.03;108877.03;109341.91
2009.08.24;109110.83;109341.91;109326.05;109326.05
2009.08.25;109089.13;109326.05;109285.08;109285.08
2009.08.26;109081.89;109285.08;109285.08;109340.56
2009.08.27;109074.66;109340.56;109305.78;109305.78
2009.08.28;109067.42;109305.78;109286.31;109286.31
2009.08.31;109060.18;109286.31;109074.17;109074.17
2009.09.01;109038.48;109074.17;108591.74;108591.74
2009.09.02;108591.74;108591.74;108541.04;108541.04
2009.09.03;108584.60;108541.04;108541.04;108932.29
2009.09.04;108577.47;108932.29;108932.29;109461.00
2009.09.08;108570.25;109461.00;109461.00;109865.22
2009.09.09;108540.90;109865.22;109865.22;110240.07
2009.09.10;108533.46;110240.07;110240.07;110590.08
2009.09.11;108525.95;110590.08;110516.54;110516.54
2009.09.14;108518.35;110516.54;110516.54;110771.72
2009.09.15;108495.61;110771.72;110771.72;111069.69
2009.09.16;108487.97;111069.69;111069.69;111807.01
2009.09.17;108480.26;111807.01;111718.10;111718.10
2009.09.18;108472.39;111718.10;111718.10;111727.77
2009.09.21;108464.54;111727.77;111387.41;111387.41
2009.09.22;108440.96;111387.41;111387.41;111842.59
2009.09.23;108433.18;111842.59;111288.21;111288.21
2009.09.24;108425.29;111288.21;110652.68;110652.68
2009.09.25;108417.52;110652.68;110402.83;110402.83
2009.09.28;108409.88;110402.83;110402.83;111184.06
2009.09.29;108387.15;111184.06;111156.75;111156.75
2009.09.30;108379.39;111156.75;111012.89;111012.89
2009.10.01;108371.64;111012.89;109752.61;109752.61
2009.10.02;109009.14;109752.61;109483.95;109483.95
2009.10.05;109001.80;109483.95;109483.95;110301.78
2009.10.06;108979.94;110301.78;110301.78;111047.32
2009.10.07;108972.47;111047.32;111047.32;111213.11
2009.10.08;108964.84;111213.11;111213.11;111644.61
2009.10.09;108957.16;111644.61;111644.61;111682.48
2009.10.12;108949.39;111682.48;111682.48;111843.20
2009.10.13;108926.06;111843.20;111745.58;111745.58
2009.10.14;108918.24;111745.58;111745.58;112573.54
2009.10.15;108910.44;112573.54;112225.97;112225.97
2009.10.16;108902.46;112225.97;111807.49;111807.49
2009.10.19;108894.55;111807.49;111807.49;112217.19
2009.10.20;108871.09;112217.19;111881.97;111881.97
2009.10.21;108863.18;111881.97;111700.73;111700.73
2009.10.22;108855.34;111700.73;111700.73;112096.82
2009.10.23;108847.53;112096.82;111774.16;111774.16
2009.10.26;108839.64;111774.16;110850.34;110850.34
2009.10.27;108816.17;110850.34;110298.42;110298.42
2009.10.28;108808.54;110298.42;109287.97;109287.97
2009.10.29;108801.04;109287.97;109287.97;110416.17
2009.10.30;108793.75;110416.17;109119.32;109119.32
2009.11.02;108786.22;109119.32;109119.32;109342.80
2009.11.03;109342.80;109342.80;109342.80;109540.07
2009.11.04;109335.61;109540.07;109540.07;109645.38
2009.11.05;109328.37;109645.38;109645.38;109785.25
2009.11.06;109321.11;109785.25;109559.80;109559.80
2009.11.09;109313.82;109559.80;109559.80;110031.07
2009.11.10;109292.08;110031.07;110005.11;110005.11
2009.11.11;109284.73;110005.11;110005.11;110053.52
2009.11.12;109277.38;110053.52;109553.92;109553.92
2009.11.13;109270.02;109553.92;109553.92;109609.24
2009.11.16;109262.76;109609.24;109609.24;110134.58
2009.11.17;109240.96;110134.58;110134.58;110190.40
2009.11.18;109233.57;110190.40;110160.57;110160.57
2009.11.19;109226.17;110160.57;109729.08;109729.08
2009.11.20;109218.77;109729.08;109604.97;109604.97
2009.11.23;109211.47;109604.97;109604.97;109746.30
2009.11.24;109189.64;109746.30;109647.18;109647.18
2009.11.25;109182.32;109647.18;109647.18;109883.22
2009.11.27;109175.03;109883.22;109366.03;109366.03
2009.11.30;109160.33;109366.03;109366.03;109443.74
2009.12.01;109138.62;109443.74;109443.74;109767.71
2009.12.02;109767.71;109767.71;109767.71;110002.75
2009.12.03;109760.49;110002.75;109639.20;109639.20
2009.12.04;109753.22;109639.20;109012.73;109012.73
2009.12.07;109746.02;109012.73;108816.61;108816.61
2009.12.08;109724.84;108816.61;108213.49;108213.49
2009.12.09;109717.82;108213.49;108213.49;108272.64
2009.12.10;109710.93;108272.64;108265.60;108265.60
2009.12.11;109704.03;108265.60;108137.54;108137.54
2009.12.14;109697.12;108137.54;108137.54;108412.38
2009.12.15;109676.49;108412.38;108292.01;108292.01
2009.12.16;109669.55;108292.01;108292.01;108576.82
2009.12.17;109662.63;108576.82;107738.84;107738.84
2009.12.18;109655.65;107738.84;107738.84;107922.04
2009.12.21;109648.85;107922.04;107823.07;107823.07
2009.12.22;109628.32;107823.07;107823.07;107832.08
2009.12.23;109621.50;107832.08;107832.08;108051.43
2009.12.24;109614.67;108051.43;108051.43;108437.80
2009.12.28;109607.80;108437.80;108437.80;108475.59
2009.12.29;109579.94;108475.59;108225.55;108225.55
2009.12.30;109572.96;108225.55;108042.44;108042.44
2009.12.31;109566.04;108042.44;107860.85;107860.85
2010.01.04;109559.15;107860.85;107860.85;108669.64
2010.01.05;108401.66;108669.64;108582.36;108582.36
2010.01.06;108394.44;108582.36;108582.36;108627.07
2010.01.07;108387.23;108627.07;108489.38;108489.38
2010.01.08;108380.01;108489.38;108489.38;108713.58
2010.01.11;108372.82;108713.58;108663.41;108663.41
2010.01.12;108351.10;108663.41;108267.68;108267.68
2010.01.13;108343.87;108267.68;108267.68;108626.86
2010.01.14;108336.72;108626.86;108505.98;108505.98
2010.01.15;108329.49;108505.98;108176.90;108176.90
2010.01.19;108322.29;108176.90;108176.90;108644.34
2010.01.20;108293.76;108644.34;108150.79;108150.79
2010.01.21;108286.51;108150.79;107501.12;107501.12
2010.01.22;108279.38;107501.12;106651.60;106651.60
2010.01.25;108272.38;106651.60;106651.60;106843.02
2010.01.26;108251.95;106843.02;106741.17;106741.17
2010.01.27;108245.10;106741.17;106738.91;106738.91
2010.01.28;108238.26;106738.91;106109.12;106109.12
2010.01.29;108231.43;106109.12;105669.65;105669.65
2010.02.01;108224.73;105669.65;105669.65;106134.96
2010.02.02;106134.96;106134.96;106134.96;106515.80
2010.02.03;106127.98;106515.80;106392.41;106392.41
2010.02.04;106120.92;106392.41;105568.03;105568.03
2010.02.05;106113.88;105568.03;105510.56;105510.56
2010.02.08;106107.02;105510.56;105291.60;105291.60
2010.02.09;106086.47;105291.60;105291.60;105586.98
2010.02.10;106079.66;105586.98;105412.13;105412.13
2010.02.11;106072.79;105412.13;105412.13;105706.76
2010.02.12;106065.95;105706.76;105706.76;105735.12
2010.02.16;106059.05;105735.12;105735.12;106115.35
2010.02.17;106031.41;106115.35;106115.35;106349.54
2010.02.18;106024.41;106349.54;106349.54;106573.90
2010.02.19;106017.36;106573.90;106573.90;106650.01
2010.02.22;106010.26;106650.01;106638.22;106638.22
2010.02.23;105988.89;106638.22;106350.99;106350.99
2010.02.24;105981.77;106350.99;106350.99;106608.15
2010.02.25;105974.71;106608.15;106608.15;106623.24
2010.02.26;105967.59;106623.24;106623.24;106651.91
2010.03.01;105960.46;106651.91;106651.91;107009.98
2010.03.02;106542.24;107009.98;106966.96;106966.96
2010.03.03;106535.12;106966.96;106966.96;106967.12
2010.03.04;106528.00;106967.12;106967.12;107130.98
2010.03.05;106520.88;107130.98;107130.98;107261.58
2010.03.08;106513.72;107261.58;107160.74;107160.74
2010.03.09;106492.16;107160.74;107160.74;107228.05
2010.03.10;106484.99;107228.05;107222.87;107222.87
2010.03.11;106477.80;107222.87;107222.87;107330.36
2010.03.12;106470.62;107330.36;107330.36;107464.18
2010.03.15;106463.40;107464.18;107421.04;107421.04
2010.03.16;106441.68;107421.04;107421.04;107686.02
2010.03.17;106434.44;107686.02;107686.02;107779.99
2010.03.18;106427.14;107779.99;107779.99;107780.00
2010.03.19;106419.82;107780.00;107709.08;107709.08
2010.03.22;106412.50;107709.08;107709.08;107839.98
2010.03.23;106390.57;107839.98;107839.98;107909.90
2010.03.24;106383.23;107909.90;107580.80;107580.80
2010.03.25;106375.87;107580.80;107540.42;107540.42
2010.03.26;106368.59;107540.42;107540.42;107631.19
2010.03.29;106361.31;107631.19;107631.19;107658.69
2010.03.30;106339.40;107658.69;107658.69;107689.57
2010.03.31;106332.09;107689.57;107639.47;107639.47
2010.04.01;106324.77;107639.47;107639.47;107698.32
2010.04.05;106011.01;107698.32;107698.32;108154.74
2010.04.06;105981.35;108154.74;108154.74;108202.21
2010.04.07;105973.82;108202.21;107988.46;107988.46
2010.04.08;105966.29;107988.46;107988.46;108071.78
2010.04.09;105958.80;108071.78;108071.78;108178.70
2010.04.12;105951.29;108178.70;108162.61;108162.61
2010.04.13;105928.69;108162.61;108162.61;108228.96
2010.04.14;105921.15;108228.96;108228.96;108827.52
2010.04.15;105913.60;108827.52;108827.52;108962.35
2010.04.16;105905.92;108962.35;108351.24;108351.24
2010.04.19;105898.20;108351.24;108190.99;108190.99
2010.04.20;105875.45;108190.99;108190.99;108551.60
2010.04.21;105867.90;108551.60;108551.60;108701.35
2010.04.22;105860.26;108701.35;108701.35;109044.82
2010.04.23;105852.59;109044.82;109044.82;109319.79
2010.04.26;105844.85;109319.79;109241.37;109241.37
2010.04.27;105821.43;109241.37;108338.19;108338.19
2010.04.28;105813.63;108338.19;108338.19;108493.00
2010.04.29;105806.03;108493.00;108493.00;109289.39
2010.04.30;105798.40;109289.39;108663.98;108663.98
2010.05.03;105790.59;108663.98;108663.98;109218.24
2010.05.04;105802.50;109218.24;107996.95;107996.95
2010.05.05;105794.68;107996.95;107406.62;107406.62
2010.05.06;105787.12;107406.62;106564.15;106564.15
2010.05.07;105779.70;106564.15;106279.36;106279.36
2010.05.10;105772.46;106279.36;106279.36;107671.89
2010.05.11;105750.91;107671.89;107671.89;108064.74
2010.05.12;105743.42;108064.74;108064.74;108710.71
2010.05.13;105735.84;108710.71;108216.08;108216.08
2010.05.14;105728.12;108216.08;107682.76;107682.76
2010.05.17;105720.50;107682.76;107543.78;107543.78
2010.05.18;105698.00;107543.78;107119.46;107119.46
2010.05.19;105690.52;107119.46;106543.13;106543.13
2010.05.20;105683.14;106543.13;105193.67;105193.67
2010.05.21;105675.88;105193.67;105193.67;105535.06
2010.05.24;105668.91;105535.06;105350.07;105350.07
2010.05.25;105647.79;105350.07;105350.07;105414.66
2010.05.26;105640.78;105414.66;105414.66;105504.77
2010.05.27;105633.76;105504.77;105504.77;106573.31
2010.05.28;105626.72;106573.31;106177.99;106177.99
2010.06.01;105619.44;106177.99;105568.02;105568.02
2010.06.02;105745.92;105568.02;105414.30;105414.30
2010.06.03;105738.95;105414.30;105067.64;105067.64
2010.06.04;105732.02;105067.64;105067.64;105198.00
2010.06.07;105725.16;105198.00;105198.00;105760.94
2010.06.08;105704.50;105760.94;105692.38;105692.38
2010.06.09;105697.49;105692.38;105590.36;105590.36
2010.06.10;105690.48;105590.36;105305.63;105305.63
2010.06.11;105683.50;105305.63;105305.63;105512.96
2010.06.14;105676.58;105512.96;105421.73;105421.73
2010.06.15;105655.68;105421.73;105421.73;105595.93
2010.06.16;105648.73;105595.93;105563.55;105563.55
2010.06.17;105641.74;105563.55;105563.55;105873.52
2010.06.18;105634.75;105873.52;105873.52;106085.40
2010.06.21;105627.70;106085.40;105687.30;105687.30
2010.06.22;105606.39;105687.30;105687.30;105932.87
2010.06.23;105599.37;105932.87;105870.64;105870.64
2010.06.24;105592.29;105870.64;105867.21;105867.21
2010.06.25;105585.23;105867.21;105867.21;106184.40
2010.06.28;105578.16;106184.40;106056.85;106056.85
2010.06.29;105556.76;106056.85;106056.85;106074.50
2010.06.30;105549.65;106074.50;106074.50;106197.58
2010.07.01;105542.53;106197.58;105535.08;105535.08
2010.07.02;105535.08;105535.08;105535.08;105535.08
2010.07.06;105535.08;105535.08;105535.08;105535.08
2010.07.07;105535.08;105535.08;105535.08;105535.08
2010.07.08;105535.08;105535.08;105535.08;105535.08
2010.07.09;105535.08;105535.08;105535.08;105535.08
2010.07.12;105535.08;105535.08;105535.08;105535.08
2010.07.13;105535.08;105535.08;105535.08;105535.08
2010.07.14;105535.08;105535.08;105535.08;105535.08
2010.07.15;105535.08;105535.08;105535.08;105535.08
2010.07.16;105535.08;105535.08;105535.08;105535.08
2010.07.19;105535.08;105535.08;105535.08;105535.08
2010.07.20;105535.08;105535.08;105535.08;105535.08
2010.07.21;105535.08;105535.08;105535.08;105535.08
2010.07.22;105535.08;105535.08;105535.08;105535.08
2010.07.23;105535.08;105535.08;105535.08;105535.08
2010.07.26;105535.08;105535.08;105535.08;105535.08
2010.07.27;105535.08;105535.08;105535.08;105535.08
2010.07.28;105535.08;105535.08;105535.08;105535.08
2010.07.29;105535.08;105535.08;105535.08;105535.08
2010.07.30;105535.08;105535.08;105535.08;105535.08
2010.08.02;105535.08;105535.08;105535.08;105535.08
2010.08.03;105535.08;105535.08;105535.08;105535.08
2010.08.04;105535.08;105535.08;105535.08;105535.08
2010.08.05;105535.08;105535.08;105535.08;105535.08
2010.08.06;105535.08;105535.08;105535.08;105535.08
2010.08.09;105535.08;105535.08;105535.08;105535.08
2010.08.10;105535.08;105535.08;105535.08;105535.08
2010.08.11;105535.08;105535.08;105535.08;105535.08
2010.08.12;105535.08;105535.08;105535.08;105535.08
2010.08.13;105535.08;105535.08;105535.08;105535.08
2010.08.16;105535.08;105535.08;105535.08;105535.08
2010.08.17;105535.08;105535.08;105535.08;105535.08
2010.08.18;105535.08;105535.08;105535.08;105535.08
2010.08.19;105535.08;105535.08;105535.08;105535.08
2010.08.20;105535.08;105535.08;105535.08;105535.08
2010.08.23;105535.08;105535.08;105535.08;105535.08
2010.08.24;105535.08;105535.08;105535.08;105535.08
2010.08.25;105535.08;105535.08;105535.08;105535.08
2010.08.26;105535.08;105535.08;105535.08;105535.08
2010.08.27;105535.08;105535.08;105535.08;105535.08
2010.08.30;105535.08;105535.08;105535.08;105535.08
2010.08.31;105535.08;105535.08;105535.08;105535.08
2010.09.01;105535.08;105535.08;105535.08;105535.08
2010.09.02;105535.08;105535.08;105535.08;105535.08
2010.09.03;105535.08;105535.08;105535.08;105535.08
2010.09.07;105535.08;105535.08;105535.08;105535.08
2010.09.08;105535.08;105535.08;105535.08;105535.08
2010.09.09;105535.08;105535.08;105535.08;105535.08
2010.09.10;105535.08;105535.08;105535.08;105535.08
2010.09.13;105535.08;105535.08;105535.08;105535.08
2010.09.14;105535.08;105535.08;105535.08;105535.08
2010.09.15;105535.08;105535.08;105535.08;105535.08
2010.09.16;105535.08;105535.08;105535.08;105535.08
2010.09.17;105535.08;105535.08;105535.08;105535.08
2010.09.20;105535.08;105535.08;105535.08;105535.08
2010.09.21;105535.08;105535.08;105535.08;105535.08
2010.09.22;105535.08;105535.08;105535.08;105535.08
2010.09.23;105535.08;105535.08;105535.08;105535.08
2010.09.24;105535.08;105535.08;105535.08;105535.08
2010.09.27;105535.08;105535.08;105535.08;105535.08
2010.09.28;105535.08;105535.08;105535.08;105535.08
2010.09.29;105535.08;105535.08;105535.08;105535.08
2010.09.30;105535.08;105535.08;105535.08;105535.08
2010.10.01;105535.08;105535.08;105519.25;105519.25
2010.10.04;105519.25;105519.25;105415.66;105415.66
2010.10.05;105498.44;105415.66;105415.66;105962.72
2010.10.06;105491.52;105962.72;105962.72;106229.62
2010.10.07;105484.47;106229.62;105751.13;105751.13
2010.10.08;105477.37;105751.13;105751.13;106143.94
2010.10.11;105470.37;106143.94;106143.94;106175.92
2010.10.12;105449.11;106175.92;106059.46;106059.46
2010.10.13;105442.01;106059.46;106059.46;106555.56
2010.10.14;105434.94;106555.56;106555.56;106657.09
2010.10.15;105427.75;106657.09;106377.55;106377.55
2010.10.18;105420.54;106377.55;106377.55;106534.49
2010.10.19;105399.10;106534.49;105650.09;105650.09
2010.10.20;105391.91;105650.09;105650.09;106038.62
2010.10.21;105384.91;106038.62;105555.85;105555.85
2010.10.22;105377.83;105555.85;105555.85;105687.16
2010.10.25;105370.85;105687.16;105687.16;105968.25
2010.10.26;105349.83;105968.25;105903.07;105903.07
2010.10.27;105342.75;105903.07;105531.50;105531.50
2010.10.28;105335.69;105531.50;105531.50;105832.70
2010.10.29;105328.71;105832.70;105832.70;106273.94
2010.11.01;105321.66;106273.94;106205.25;106205.25
2010.11.02;105320.51;106205.25;106205.25;106607.73
2010.11.03;105313.34;106607.73;106607.73;106704.62
2010.11.04;105306.09;106704.62;106704.62;107583.36
2010.11.05;105298.81;107583.36;107583.36;107707.14
2010.11.08;105291.33;107707.14;107707.14;107992.01
2010.11.09;105268.82;107992.01;107471.92;107471.92
2010.11.10;105261.25;107471.92;107471.92;107692.81
2010.11.11;105253.79;107692.81;107564.38;107564.38
2010.11.12;105246.29;107564.38;106711.62;106711.62
2010.11.15;105238.80;106711.62;106430.72;106430.72
2010.11.16;105216.92;106430.72;105970.25;105970.25
2010.11.17;105209.68;105970.25;105970.25;106061.93
2010.11.18;105202.54;106061.93;106061.93;107041.04
2010.11.19;105195.37;107041.04;107041.04;107259.02
2010.11.22;105188.00;107259.02;107259.02;107463.14
2010.11.23;105165.71;107463.14;106797.58;106797.58
2010.11.24;105158.24;106797.58;106797.58;107231.19
2010.11.26;105150.90;107231.19;106734.55;106734.55
2010.11.29;105136.04;106734.55;106668.96;106668.96
2010.11.30;105114.07;106668.96;106668.96;106673.09
2010.12.01;105106.76;106673.09;106673.09;107404.00
2010.12.02;105151.93;107404.00;107404.00;107746.12
2010.12.03;105144.41;107746.12;107746.12;108082.52
2010.12.06;105136.80;108082.52;108082.52;108479.26
2010.12.07;105113.77;108479.26;107969.52;107969.52
2010.12.08;105106.00;107969.52;107757.01;107757.01
2010.12.09;105098.34;107757.01;107757.01;107927.84
2010.12.10;105090.72;107927.84;107927.84;108067.96
2010.12.13;105083.07;108067.96;108067.96;108357.54
2010.12.14;105060.01;108357.54;108282.65;108282.65
2010.12.15;105052.25;108282.65;107910.92;107910.92
2010.12.16;105044.51;107910.92;107910.92;108158.39
2010.12.17;105036.85;108158.39;108158.39;108276.80
2010.12.20;105029.13;108276.80;108276.80;108462.46
2010.12.21;105005.90;108462.46;108462.46;108642.41
2010.12.22;104998.11;108642.41;108642.41;108646.29
2010.12.23;104990.28;108646.29;108630.89;108630.89
2010.12.27;104982.44;108630.89;108564.13;108564.13
2010.12.28;104951.12;108564.13;108564.13;108889.81
2010.12.29;104943.29;108889.81;108889.81;109135.03
2010.12.30;104935.39;109135.03;109062.69;109062.69
2010.12.31;104927.44;109062.69;109062.69;109146.69
2011.01.03;104919.50;109146.69;109146.69;109349.93
2011.01.04;105139.04;109349.93;108818.01;108818.01
2011.01.05;105131.05;108818.01;108712.67;108712.67
2011.01.06;105123.18;108712.67;108513.62;108513.62
2011.01.07;105115.33;108513.62;108431.06;108431.06
2011.01.10;105107.52;108431.06;108431.06;108492.28
2011.01.11;105084.14;108492.28;108492.28;108939.87
2011.01.12;105076.33;108939.87;108939.87;109239.73
2011.01.13;105068.42;109239.73;108830.37;108830.37
2011.01.14;105060.44;108830.37;108830.37;108887.97
2011.01.18;105052.55;108887.97;108887.97;109090.27
2011.01.19;105020.93;109090.27;108708.79;108708.79
2011.01.20;105012.97;108708.79;108024.84;108024.84
2011.01.21;105005.10;108024.84;107917.65;107917.65
2011.01.24;104997.37;107917.65;107869.46;107869.46
2011.01.25;104974.26;107869.46;107869.46;107876.73
2011.01.26;104966.56;107876.73;107876.73;108440.91
2011.01.27;104958.86;108440.91;108193.57;108193.57
2011.01.28;104951.03;108193.57;108163.55;108163.55
2011.01.31;104943.26;108163.55;108163.55;108495.03
2011.02.01;104919.95;108495.03;108495.03;109145.70
2011.02.02;107885.33;109145.70;109024.78;109024.78
2011.02.03;107877.91;109024.78;109024.78;109049.91
2011.02.04;107870.51;109049.91;109049.91;109065.92
2011.02.07;107863.10;109065.92;109065.92;109344.30
2011.02.08;107840.86;109344.30;109344.30;109457.46
2011.02.09;107833.38;109457.46;109252.43;109252.43
2011.02.10;107825.87;109252.43;109252.43;109386.66
2011.02.11;107818.41;109386.66;109386.66;109602.26
2011.02.14;107810.92;109602.26;109602.26;109799.95
2011.02.15;107788.29;109799.95;109626.07;109626.07
2011.02.16;107780.70;109626.07;109626.07;109880.59
2011.02.17;107773.14;109880.59;109880.59;110002.30
2011.02.18;107765.53;110002.30;110002.30;110094.15
2011.02.22;107757.89;110094.15;109296.09;109296.09
2011.02.23;107727.25;109296.09;109253.08;109253.08
2011.02.24;107719.75;109253.08;109129.31;109129.31
2011.02.25;107712.27;109129.31;109129.31;109548.46
2011.02.28;107704.81;109548.46;109548.46;109731.59
2011.03.01;107682.14;109731.59;109032.31;109032.31
2011.03.02;107547.85;109032.31;109032.31;109183.27
2011.03.03;107540.38;109183.27;109183.27;109593.96
2011.03.04;107532.88;109593.96;109593.96;109633.10
2011.03.07;107525.28;109633.10;109560.77;109560.77
2011.03.08;107502.46;109560.77;109560.77;109575.08
2011.03.09;107494.86;109575.08;109463.34;109463.34
2011.03.10;107487.26;109463.34;108530.37;108530.37
2011.03.11;107479.68;108530.37;108530.37;108969.83
2011.03.14;107472.30;108969.83;108832.06;108832.06
2011.03.15;107449.88;108832.06;108076.87;108076.87
2011.03.16;107442.43;108076.87;107436.68;107436.68
2011.03.17;107435.15;107436.68;107436.68;108149.57
2011.03.18;107428.00;108149.57;108149.57;108427.97
2011.03.21;107420.70;108427.97;108427.97;109346.63
2011.03.22;107398.60;109346.63;109256.32;109256.32
2011.03.23;107391.03;109256.32;109256.32;109502.94
2011.03.24;107383.47;109502.94;109502.94;109739.12
2011.03.25;107375.86;109739.12;109739.12;109859.36
2011.03.28;107368.20;109859.36;109738.17;109738.17
2011.03.29;107345.12;109738.17;109738.17;109948.75
2011.03.30;107337.45;109948.75;109948.75;110265.14
2011.03.31;107329.73;110265.14;110265.14;110364.19
2011.04.01;107321.95;110364.19;110364.19;110598.54
2011.04.04;107874.26;110598.54;110598.54;110791.25
2011.04.05;107850.88;110791.25;110791.25;111011.50
2011.04.06;107843.05;111011.50;111011.50;111036.12
2011.04.07;107835.16;111036.12;111036.12;111123.89
2011.04.08;107827.26;111123.89;111123.89;111559.63
2011.04.11;107819.34;111559.63;110817.40;110817.40
2011.04.12;107795.30;110817.40;110111.75;110111.75
2011.04.13;107787.44;110111.75;110111.75;110356.22
2011.04.14;107779.73;110356.22;110356.22;110915.19
2011.04.15;107771.97;110915.19;110915.19;111341.46
2011.04.18;107764.09;111341.46;111018.03;111018.03
2011.04.19;107740.15;111018.03;111018.03;111262.42
2011.04.20;107732.24;111262.42;111262.42;112161.45
2011.04.21;107724.27;112161.45;112161.45;112669.54
2011.04.25;107716.10;112669.54;112636.41;112636.41
2011.04.26;107682.98;112636.41;112364.39;112364.39
2011.04.27;107674.70;112364.39;112364.39;113222.13
2011.04.28;107666.47;113222.13;113222.13;113277.00
2011.04.29;107658.06;113277.00;113277.00;113417.13
2011.05.02;107649.63;113417.13;112120.25;112120.25
2011.05.03;109618.43;112120.25;111338.05;111338.05
2011.05.04;109610.59;111338.05;110383.53;110383.53
2011.05.05;109602.91;110383.53;108080.01;108080.01
2011.05.06;109595.44;108080.01;108080.01;108254.85
2011.05.09;109588.48;108254.85;108254.85;109346.95
2011.05.10;109567.46;109346.95;109346.95;109653.69
2011.05.11;109560.21;109653.69;108306.42;108306.42
2011.05.12;109552.89;108306.42;108056.71;108056.71
2011.05.13;109545.87;108056.71;108056.71;108112.47
2011.05.16;109538.90;108112.47;107511.75;107511.75
2011.05.17;109517.94;107511.75;107511.75;107511.88
2011.05.18;109511.08;107511.88;107511.88;108075.36
2011.05.19;109504.22;108075.36;108074.81;108074.81
2011.05.20;109497.24;108074.81;108008.71;108008.71
2011.05.23;109490.25;108008.71;107640.23;107640.23
2011.05.24;109469.34;107640.23;107640.23;108240.54
2011.05.25;109462.44;108240.54;108240.54;108673.61
2011.05.26;109455.41;108673.61;108504.42;108504.42
2011.05.27;109448.28;108504.42;108504.42;108788.27
2011.05.31;109441.19;108788.27;108788.27;109294.58
2011.06.01;109412.57;109294.58;108420.70;108420.70
2011.06.02;108448.65;108420.70;108253.95;108253.95
2011.06.03;108441.47;108253.95;108077.29;108077.29
2011.06.06;108434.32;108077.29;107945.45;107945.45
2011.06.07;108412.98;107945.45;107942.89;107942.89
2011.06.08;108405.89;107942.89;107935.32;107935.32
2011.06.09;108398.80;107935.32;107935.32;108105.19
2011.06.10;108391.71;108105.19;107730.86;107730.86
2011.06.13;108384.58;107730.86;107730.86;107738.35
2011.06.14;108363.44;107738.35;107738.35;107965.61
2011.06.15;108356.38;107965.61;107655.02;107655.02
2011.06.16;108349.28;107655.02;107655.02;107779.96
2011.06.17;108342.24;107779.96;107779.96;107950.85
2011.06.20;108335.17;107950.85;107950.85;108120.37
2011.06.21;108313.85;108120.37;108120.37;108201.76
2011.06.22;108306.70;108201.76;108054.10;108054.10
2011.06.23;108299.53;108054.10;107749.26;107749.26
2011.06.24;108292.39;107749.26;107492.27;107492.27
2011.06.27;108285.32;107492.27;107492.27;107577.57
2011.06.28;108264.27;107577.57;107577.57;107763.65
2011.06.29;108257.23;107763.65;107763.65;107925.22
2011.06.30;108250.15;107925.22;107925.22;107955.99
2011.07.01;108243.03;107955.99;107955.99;108131.05
2011.07.05;107839.71;108131.05;108099.54;108099.54
2011.07.06;107810.97;108099.54;108099.54;108188.49
2011.07.07;107803.79;108188.49;108155.30;108155.30
2011.07.08;107796.58;108155.30;108155.30;108281.45
2011.07.11;107789.38;108281.45;108245.88;108245.88
2011.07.12;107767.70;108245.88;108245.88;108315.91
2011.07.13;107760.47;108315.91;108315.91;108355.74
2011.07.14;107753.23;108355.74;108129.91;108129.91
2011.07.15;107745.97;108129.91;108129.91;108141.52
2011.07.18;107738.77;108141.52;107896.11;107896.11
2011.07.19;107717.14;107896.11;107896.11;108234.18
2011.07.20;107709.98;108234.18;108107.97;108107.97
2011.07.21;107702.75;108107.97;108107.97;108234.95
2011.07.22;107695.54;108234.95;108234.95;108256.30
2011.07.25;107688.30;108256.30;108061.73;108061.73
2011.07.26;107666.56;108061.73;108052.03;108052.03
2011.07.27;107659.35;108052.03;107867.56;107867.56
2011.07.28;107652.15;107867.56;107849.36;107849.36
2011.07.29;107644.98;107849.36;107849.36;107982.48
2011.08.01;107637.81;107982.48;107944.13;107944.13
2011.08.02;107486.88;107944.13;107944.13;108644.17
2011.08.03;107479.68;108644.17;108644.17;108822.31
2011.08.04;107472.32;108822.31;107975.70;107975.70
2011.08.05;107464.92;107975.70;107768.61;107768.61
2011.08.08;107457.71;107768.61;107768.61;108074.67
2011.08.09;107436.20;108074.67;108074.67;108196.76
2011.08.10;107428.96;108196.76;108196.76;108867.06
2011.08.11;107421.69;108867.06;108324.37;108324.37
2011.08.12;107414.27;108324.37;108324.37;108454.18
2011.08.15;107406.97;108454.18;108454.18;108641.04
2011.08.16;107384.97;108641.04;108641.04;108907.95
2011.08.17;107377.59;108907.95;108907.95;109158.93
2011.08.18;107370.16;109158.93;109158.93;109324.11
2011.08.19;107362.66;109324.11;109324.11;109866.93
2011.08.22;107355.13;109866.93;109866.93;110274.03
2011.08.23;107332.17;110274.03;109492.44;109492.44
2011.08.24;107324.42;109492.44;108440.84;108440.84
2011.08.25;107316.85;108440.84;108440.84;108718.13
2011.08.26;107309.50;108718.13;108718.13;109304.55
2011.08.29;107302.09;109304.55;108921.04;108921.04
2011.08.30;107279.46;108921.04;108921.04;109443.85
2011.08.31;107272.00;109443.85;109359.72;109359.72
2011.09.01;107264.42;109359.72;109359.72;109485.85
2011.09.02;109485.85;109485.85;109485.85;109485.85
2011.09.06;109485.85;109485.85;109485.85;109485.85
2011.09.07;109485.85;109485.85;109485.85;109485.85
2011.09.08;109485.85;109485.85;109485.85;109485.85
2011.09.09;109485.85;109485.85;109485.85;109485.85
2011.09.12;109485.85;109485.85;109485.85;109485.85
2011.09.13;109485.85;109485.85;109485.85;109485.85
2011.09.14;109485.85;109485.85;109485.85;109485.85
2011.09.15;109485.85;109485.85;109485.85;109485.85
2011.09.16;109485.85;109485.85;109485.85;109485.85
2011.09.19;109485.85;109485.85;109485.85;109485.85
2011.09.20;109485.85;109485.85;109485.85;109485.85
2011.09.21;109485.85;109485.85;109485.85;109485.85
2011.09.22;109485.85;109485.85;109485.85;109485.85
2011.09.23;109485.85;109485.85;109485.85;109485.85
2011.09.26;109485.85;109485.85;109485.85;109485.85
2011.09.27;109485.85;109485.85;109485.85;109485.85
2011.09.28;109485.85;109485.85;109485.85;109485.85
2011.09.29;109485.85;109485.85;109485.85;109485.85
2011.09.30;109485.85;109485.85;109485.85;109485.85
2011.10.03;109485.85;109485.85;109485.85;109485.85
2011.10.04;109485.85;109485.85;109485.85;109485.85
2011.10.05;109485.85;109485.85;109485.85;109485.85
2011.10.06;109485.85;109485.85;109485.85;109485.85
2011.10.07;109485.85;109485.85;109485.85;109485.85
2011.10.10;109485.85;109485.85;109485.85;109485.85
2011.10.11;109485.85;109485.85;109485.85;109485.85
2011.10.12;109485.85;109485.85;109485.85;109485.85
2011.10.13;109485.85;109485.85;109485.85;109485.85
2011.10.14;109485.85;109485.85;109485.85;109485.85
2011.10.17;109485.85;109485.85;109485.85;109485.85
2011.10.18;109485.85;109485.85;109485.85;109485.85
2011.10.19;109485.85;109485.85;109485.85;109485.85
2011.10.20;109485.85;109485.85;109485.85;109485.85
2011.10.21;109485.85;109485.85;109485.85;109485.85
2011.10.24;109485.85;109485.85;109485.85;109485.85
2011.10.25;109485.85;109485.85;109485.85;109485.85
2011.10.26;109485.85;109485.85;109485.85;109485.85
2011.10.27;109485.85;109485.85;109485.85;109485.85
2011.10.28;109485.85;109485.85;109485.85;109485.85
2011.10.31;109485.85;109485.85;109485.85;109485.85
2011.11.01;109485.85;109485.85;109485.85;109485.85
2011.11.02;109485.85;109485.85;109485.85;109485.85
2011.11.03;109485.85;109485.85;109485.85;109485.85
2011.11.04;109485.85;109485.85;109485.85;109485.85
2011.11.07;109485.85;109485.85;109485.85;109485.85
2011.11.08;109485.85;109485.85;109485.85;109485.85
2011.11.09;109485.85;109485.85;109485.85;109485.85
2011.11.10;109485.85;109485.85;109485.85;109485.85
2011.11.11;109485.85;109485.85;109485.85;109485.85
2011.11.14;109485.85;109485.85;109485.85;109485.85
2011.11.15;109485.85;109485.85;109485.85;109485.85
2011.11.16;109485.85;109485.85;109485.85;109485.85
2011.11.17;109485.85;109485.85;109485.85;109485.85
2011.11.18;109485.85;109485.85;109485.85;109485.85
2011.11.21;109485.85;109485.85;109485.85;109485.85
2011.11.22;109485.85;109485.85;109485.85;109485.85
2011.11.23;109485.85;109485.85;109485.85;109485.85
2011.11.25;109485.85;109485.85;109485.85;109485.85
2011.11.28;109485.85;109485.85;109485.85;109485.85
2011.11.29;109485.85;109485.85;109485.85;109485.85
2011.11.30;109485.85;109485.85;109485.85;109485.85
2011.12.01;109485.85;109485.85;109485.85;109485.85
2011.12.02;109485.85;109485.85;109485.85;109485.85
2011.12.05;109485.85;109485.85;109485.85;109485.85
2011.12.06;109485.85;109485.85;109485.85;109485.85
2011.12.07;109485.85;109485.85;109485.85;109485.85
2011.12.08;109485.85;109485.85;109485.85;109485.85
2011.12.09;109485.85;109485.85;109485.85;109485.85
2011.12.12;109485.85;109485.85;109485.85;109485.85
2011.12.13;109485.85;109485.85;109485.85;109485.85
2011.12.14;109485.85;109485.85;109485.85;109485.85
2011.12.15;109485.85;109485.85;109485.85;109485.85
2011.12.16;109485.85;109485.85;109485.85;109485.85
2011.12.19;109485.85;109485.85;109485.85;109485.85
2011.12.20;109485.85;109485.85;109485.85;109485.85
2011.12.21;109485.85;109485.85;109485.85;109485.85
2011.12.22;109485.85;109485.85;109485.85;109485.85
2011.12.23;109485.85;109485.85;109485.85;109485.85
2011.12.27;109485.85;109485.85;109485.85;109485.85
2011.12.28;109485.85;109485.85;109485.85;109485.85
2011.12.29;109485.85;109485.85;109485.85;109485.85
2011.12.30;109485.85;109485.85;109485.85;109485.85
2012.01.03;109485.85;109485.85;109469.42;109469.42
2012.01.04;109469.42;109469.42;109323.71;109323.71
2012.01.05;109462.22;109323.71;109196.28;109196.28
2012.01.06;109455.06;109196.28;109196.28;109224.32
2012.01.09;109447.91;109224.32;109186.13;109186.13
2012.01.10;109426.46;109186.13;109186.13;109307.62
2012.01.11;109419.32;109307.62;109291.02;109291.02
2012.01.12;109412.14;109291.02;109117.41;109117.41
2012.01.13;109404.97;109117.41;109117.41;109167.80
2012.01.17;109397.83;109167.80;109167.80;109389.81
2012.01.18;109369.24;109389.81;109354.26;109354.26
2012.01.19;109362.04;109354.26;109219.84;109219.84
2012.01.20;109354.84;109219.84;108934.79;108934.79
2012.01.23;109347.67;108934.79;108934.79;108943.81
2012.01.24;109326.34;108943.81;108847.94;108847.94
2012.01.25;109319.23;108847.94;108847.94;109027.67
2012.01.26;109312.13;109027.67;109027.67;109062.81
2012.01.27;109305.00;109062.81;109015.65;109015.65
2012.01.30;109297.85;109015.65;108964.99;108964.99
2012.01.31;109276.44;108964.99;108964.99;109025.51
2012.02.01;109269.31;109025.51;108939.49;108939.49
2012.02.02;108939.49;108939.49;108939.49;108984.26
2012.02.03;108932.32;108984.26;108984.26;109631.14
2012.02.06;108925.15;109631.14;109475.98;109475.98
2012.02.07;108903.19;109475.98;109440.27;109440.27
2012.02.08;108895.90;109440.27;109440.27;109540.73
2012.02.09;108888.61;109540.73;109488.60;109488.60
2012.02.10;108881.30;109488.60;109067.21;109067.21
2012.02.13;108874.00;109067.21;109067.21;109348.53
2012.02.14;108852.38;109348.53;109090.17;109090.17
2012.02.15;108845.11;109090.17;108859.73;108859.73
2012.02.16;108837.89;108859.73;108859.73;109356.48
2012.02.17;108830.72;109356.48;109356.48;109435.30
2012.02.21;108823.44;109435.30;109420.59;109420.59
2012.02.22;108794.24;109420.59;109216.75;109216.75
2012.02.23;108786.94;109216.75;109216.75;109442.92
2012.02.24;108779.68;109442.92;109384.20;109384.20
2012.02.27;108772.37;109384.20;109384.20;109419.95
2012.02.28;108750.47;109419.95;109419.95;109428.22
2012.02.29;108743.16;109428.22;109056.15;109056.15
2012.03.01;108735.84;109056.15;109056.15;109268.24
2012.03.02;109268.24;109268.24;108980.95;108980.95
2012.03.05;109261.05;108980.95;108521.31;108521.31
2012.03.06;109239.68;108521.31;107541.38;107541.38
2012.03.07;109232.65;107541.38;107541.38;107887.46
2012.03.08;109225.83;107887.46;107887.46;108523.25
2012.03.09;109218.94;108523.25;108523.25;108588.82
2012.03.12;109211.90;108588.82;108385.46;108385.46
2012.03.13;109190.75;108385.46;108385.46;108758.18
2012.03.14;109183.74;108758.18;108419.79;108419.79
2012.03.15;109176.65;108419.79;108419.79;108689.85
2012.03.16;109169.63;108689.85;108689.85;108734.90
2012.03.19;109162.54;108734.90;108734.90;108863.00
2012.03.20;109141.26;108863.00;108421.30;108421.30
2012.03.21;109134.14;108421.30;108421.30;108426.82
2012.03.22;109127.11;108426.82;108005.20;108005.20
2012.03.23;109120.07;108005.20;108005.20;108306.69
2012.03.26;109113.13;108306.69;108306.69;108917.71
2012.03.27;109092.10;108917.71;108723.63;108723.63
2012.03.28;109084.95;108723.63;108345.06;108345.06
2012.03.29;109077.85;108345.06;108237.68;108237.68
2012.03.30;109070.82;108237.68;108237.68;108373.48
2012.04.02;109063.81;108373.48;108373.48;108807.82
2012.04.03;108372.70;108807.82;108730.28;108730.28
2012.04.04;108365.45;108730.28;108305.00;108305.00
2012.04.05;108358.20;108305.00;108305.00;108405.18
2012.04.09;108351.05;108405.18;108058.65;108058.65
2012.04.10;108322.35;108058.65;107436.47;107436.47
2012.04.11;108315.24;107436.47;107436.47;107746.89
2012.04.12;108308.27;107746.89;107746.89;108179.72
2012.04.13;108301.23;108179.72;107711.47;107711.47
2012.04.16;108294.09;107711.47;107541.25;107541.25
2012.04.17;108272.98;107541.25;107541.25;108061.26
2012.04.18;108265.98;108061.26;107935.09;107935.09
2012.04.19;108258.86;107935.09;107643.87;107643.87
2012.04.20;108251.77;107643.87;107556.24;107556.24
2012.04.23;108244.74;107556.24;107254.66;107254.66
2012.04.24;108223.70;107254.66;107247.44;107247.44
2012.04.25;108216.75;107247.44;107247.44;107877.90
2012.04.26;108209.80;107877.90;107877.90;108149.48
2012.04.27;108202.71;108149.48;108149.48;108296.48
2012.04.30;108195.55;108296.48;108064.90;108064.90
2012.05.01;108174.00;108064.90;108064.90;108218.29
2012.05.02;108261.10;108218.29;108186.79;108186.79
2012.05.03;108253.97;108186.79;108029.68;108029.68
2012.05.04;108246.85;108029.68;107569.25;107569.25
2012.05.07;108239.76;107569.25;107569.25;107619.91
2012.05.08;108218.80;107619.91;107447.35;107447.35
2012.05.09;108211.79;107447.35;107228.36;107228.36
2012.05.10;108204.82;107228.36;107228.36;107392.18
2012.05.11;108197.90;107392.18;107251.87;107251.87
2012.05.14;108190.94;107251.87;106906.29;106906.29
2012.05.15;108170.15;106906.29;106788.87;106788.87
2012.05.16;108163.29;106788.87;106700.72;106700.72
2012.05.17;108156.45;106700.72;106207.43;106207.43
2012.05.18;108149.64;106207.43;105944.54;105944.54
2012.05.21;108142.92;105944.54;105944.54;106231.09
2012.05.22;108122.96;106231.09;106231.09;106299.37
2012.05.23;108116.24;106299.37;106299.37;106303.98
2012.05.24;108109.50;106303.98;106303.98;106489.74
2012.05.25;108102.76;106489.74;106418.17;106418.17
2012.05.29;108095.98;106418.17;106418.17;106684.69
2012.05.30;108068.90;106684.69;106272.48;106272.48
2012.05.31;108062.07;106272.48;106255.62;106255.62
2012.06.01;108055.33;106255.62;105428.96;105428.96
2012.06.04;105691.89;105428.96;105352.76;105352.76
2012.06.05;105671.12;105352.76;105234.16;105234.16
2012.06.06;105664.21;105234.16;105234.16;105238.52
2012.06.07;105657.33;105238.52;105238.52;105352.41
2012.06.08;105650.44;105352.41;105352.41;105435.87
2012.06.11;105643.53;105435.87;105426.09;105426.09
2012.06.12;105622.72;105426.09;105354.18;105354.18
2012.06.13;105615.79;105354.18;105354.18;105453.49
2012.06.14;105608.87;105453.49;105453.49;105582.56
2012.06.15;105601.92;105582.56;105582.56;105708.27
2012.06.18;105594.94;105708.27;105708.27;105779.11
2012.06.19;105573.93;105779.11;105619.55;105619.55
2012.06.20;105566.91;105619.55;105510.86;105510.86
2012.06.21;105559.92;105510.86;105380.84;105380.84
2012.06.22;105552.95;105380.84;105263.45;105263.45
2012.06.25;105546.01;105263.45;105263.45;105330.06
2012.06.26;105525.25;105330.06;105305.68;105305.68
2012.06.27;105518.32;105305.68;105305.68;105461.09
2012.06.28;105511.38;105461.09;105461.09;105563.08
2012.06.29;105504.41;105563.08;105563.08;105619.40
2012.07.02;105497.42;105619.40;105619.40;105803.95
2012.07.03;105691.12;105803.95;105696.25;105696.25
2012.07.05;105684.15;105696.25;105643.16;105643.16
2012.07.06;105670.27;105643.16;105643.16;105664.99
2012.07.09;105663.33;105664.99;105664.99;105748.81
2012.07.10;105642.51;105748.81;105737.22;105737.22
2012.07.11;105635.55;105737.22;105737.22;105768.97
2012.07.12;105628.59;105768.97;105768.97;105865.35
2012.07.13;105621.62;105865.35;105865.35;105992.34
2012.07.16;105614.62;105992.34;105992.34;106035.24
2012.07.17;105593.56;106035.24;106035.24;106065.77
2012.07.18;105586.52;106065.77;106065.77;106110.26
2012.07.19;105579.47;106110.26;106087.19;106087.19
2012.07.20;105572.42;106087.19;106087.19;106120.58
2012.07.23;105565.37;106120.58;106007.28;106007.28
2012.07.24;105544.18;106007.28;105916.89;105916.89
2012.07.25;105537.14;105916.89;105916.89;105967.88
2012.07.26;105530.12;105967.88;105967.88;106067.22
2012.07.27;105523.08;106067.22;106067.22;106140.49
2012.07.30;105516.02;106140.49;106140.49;106192.67
2012.07.31;105494.79;106192.67;106095.90;106095.90
2012.08.01;105487.70;106095.90;105927.90;105927.90
2012.08.02;105927.90;105927.90;105384.61;105384.61
2012.08.03;105920.93;105384.61;105384.61;106512.09
2012.08.06;105914.08;106512.09;106512.09;106665.66
2012.08.07;105892.79;106665.66;106665.66;106933.14
2012.08.08;105885.65;106933.14;106933.14;106954.90
2012.08.09;105878.45;106954.90;106949.31;106949.31
2012.08.10;105871.25;106949.31;106949.31;107048.63
2012.08.13;105864.05;107048.63;106899.18;106899.18
2012.08.14;105842.36;106899.18;106899.18;106952.83
2012.08.15;105835.17;106952.83;106877.13;106877.13
2012.08.16;105827.95;106877.13;106877.13;107202.29
2012.08.17;105820.76;107202.29;107202.29;107240.59
2012.08.20;105813.49;107240.59;107151.98;107151.98
2012.08.21;105791.65;107151.98;107151.98;107280.44
2012.08.22;105784.38;107280.44;107280.44;107304.43
2012.08.23;105777.09;107304.43;107033.99;107033.99
2012.08.24;105769.78;107033.99;106999.53;106999.53
2012.08.27;105762.54;106999.53;106999.53;107078.12
2012.08.28;105740.82;107078.12;107078.12;107081.85
2012.08.29;105733.56;107081.85;106950.85;106950.85
2012.08.30;105726.30;106950.85;106508.58;106508.58
2012.08.31;105719.07;106508.58;106508.58;106797.98
2012.09.04;105711.93;106797.98;106598.92;106598.92
2012.09.05;106051.39;106598.92;106598.92;106607.10
2012.09.06;106044.28;106607.10;106607.10;107055.67
2012.09.07;106037.17;107055.67;107055.67;107777.92
2012.09.10;106029.96;107777.92;107540.40;107540.40
2012.09.11;106007.84;107540.40;107540.40;107896.70
2012.09.12;106000.51;107896.70;107896.70;107952.75
2012.09.13;105993.11;107952.75;107952.75;108668.15
2012.09.14;105985.69;108668.15;108668.15;108956.64
2012.09.17;105978.12;108956.64;108443.14;108443.14
2012.09.18;105955.19;108443.14;108434.28;108434.28
2012.09.19;105947.66;108434.28;108025.16;108025.16
2012.09.20;105940.12;108025.16;108025.16;108092.37
2012.09.21;105932.68;108092.37;108092.37;108127.78
2012.09.24;105925.22;108127.78;107772.38;107772.38
2012.09.25;105902.80;107772.38;107429.45;107429.45
2012.09.26;105895.40;107429.45;107183.69;107183.69
2012.09.27;105888.08;107183.69;107183.69;107747.70
2012.09.28;105880.80;107747.70;107509.90;107509.90
2012.10.01;105873.41;107509.90;107509.90;107649.83
2012.10.02;106021.62;107649.83;107649.83;107681.92
2012.10.03;106014.23;107681.92;107668.45;107668.45
2012.10.04;106006.83;107668.45;107668.45;107982.21
2012.10.05;105999.44;107982.21;107855.65;107855.65
2012.10.08;105991.97;107855.65;107514.42;107514.42
2012.10.09;105969.64;107514.42;107153.10;107153.10
2012.10.10;105962.27;107153.10;107144.97;107144.97
2012.10.11;105954.97;107144.97;107144.97;107263.38
2012.10.12;105947.68;107263.38;107021.59;107021.59
2012.10.15;105940.35;107021.59;106841.49;106841.49
2012.10.16;105918.54;106841.49;106841.49;107186.14
2012.10.17;105911.30;107186.14;107186.14;107376.43
2012.10.18;105903.99;107376.43;107178.24;107178.24
2012.10.19;105896.63;107178.24;106631.45;106631.45
2012.10.22;105889.32;106631.45;106631.45;106742.11
2012.10.23;105867.73;106742.11;106176.20;106176.20
2012.10.24;105860.50;106176.20;106089.26;106089.26
2012.10.25;105853.40;106089.26;106089.26;106324.33
2012.10.26;105846.31;106324.33;106292.85;106292.85
2012.10.31;105839.18;106292.85;106292.85;106450.45
2012.11.01;105803.51;106450.45;106450.45;106529.17
2012.11.02;105326.64;106529.17;106254.69;106254.69
2012.11.05;105319.38;106254.69;106233.30;106233.30
2012.11.06;105297.78;106233.30;106233.30;106536.75
2012.11.07;105290.58;106536.75;105808.44;105808.44
2012.11.08;105283.31;105808.44;105467.79;105467.79
2012.11.09;105276.20;105467.79;105417.71;105417.71
2012.11.12;105269.16;105417.71;105417.71;105469.88
2012.11.13;105248.07;105469.88;105216.13;105216.13
2012.11.14;105241.02;105216.13;104802.45;104802.45
2012.11.15;105234.03;104802.45;104802.45;104866.21
2012.11.16;105227.13;104866.21;104866.21;104868.11
2012.11.19;105220.21;104868.11;104868.11;105495.29
2012.11.20;105199.46;105495.29;105495.29;105591.69
2012.11.21;105192.40;105591.69;105591.69;105618.18
2012.11.23;105185.31;105618.18;105618.18;106260.90
2012.11.26;105171.13;106260.90;106190.25;106190.25
2012.11.27;105149.42;106190.25;105983.11;105983.11
2012.11.28;105142.20;105983.11;105983.11;106178.37
2012.11.29;105135.02;106178.37;106178.37;106388.89
2012.11.30;105127.79;106388.89;106388.89;106429.61
2012.12.03;105120.52;106429.61;106404.21;106404.21
2012.12.04;104874.70;106404.21;106404.21;106531.54
2012.12.05;104867.37;106531.54;106531.54;106536.09
2012.12.06;104860.02;106536.09;106536.09;106636.84
2012.12.07;104852.66;106636.84;106532.49;106532.49
2012.12.10;104845.27;106532.49;106532.49;106544.50
2012.12.11;104823.19;106544.50;106544.50;106621.70
2012.12.12;104815.82;106621.70;106621.70;106642.36
2012.12.13;104808.43;106642.36;106545.69;106545.69
2012.12.14;104801.04;106545.69;106545.69;106744.82
2012.12.17;104793.66;106744.82;106744.82;106754.89
2012.12.18;104771.40;106754.89;106754.89;106975.86
2012.12.19;104763.98;106975.86;106975.86;107146.14
2012.12.20;104756.50;107146.14;107146.14;107356.90
2012.12.21;104748.98;107356.90;107266.30;107266.30
2012.12.24;104741.42;107266.30;107171.62;107171.62
2012.12.26;104718.78;107171.62;107171.62;107190.31
2012.12.27;104703.72;107190.31;107190.31;107292.12
2012.12.28;104696.19;107292.12;107040.81;107040.81
2012.12.31;104688.63;107040.81;107040.81;107251.82
2013.01.02;104666.10;107251.82;107251.82;107579.15
2013.01.03;104333.43;107579.15;107198.45;107198.45
2013.01.04;104325.71;107198.45;107198.45;107270.73
2013.01.07;104318.07;107270.73;107043.98;107043.98
2013.01.08;104295.09;107043.98;106733.21;106733.21
2013.01.09;104287.48;106733.21;106733.21;106919.63
2013.01.10;104279.93;106919.63;106919.63;107318.12
2013.01.11;104272.34;107318.12;107318.12;107361.34
2013.01.14;104264.66;107361.34;107361.34;107486.14
2013.01.15;104241.59;107486.14;107290.33;107290.33
2013.01.16;104233.87;107290.33;107090.02;107090.02
2013.01.17;104226.19;107090.02;107090.02;107370.22
2013.01.18;104218.55;107370.22;107362.64;107362.64
2013.01.22;104210.85;107362.64;107229.06;107229.06
2013.01.23;104180.04;107229.06;107096.19;107096.19
2013.01.24;104172.36;107096.19;107096.19;107272.39
2013.01.25;104164.71;107272.39;107272.39;107622.05
2013.01.28;104157.01;107622.05;107322.47;107322.47
2013.01.29;104133.70;107322.47;107322.47;107626.12
2013.01.30;104125.99;107626.12;107626.12;107664.79
2013.01.31;104118.21;107664.79;107629.95;107629.95
2013.02.01;104110.43;107629.95;107629.95;107834.17
2013.02.04;107834.17;107834.17;107476.78;107476.78
2013.02.05;107812.89;107476.78;107476.78;107762.87
2013.02.06;107805.87;107762.87;107762.87;107810.77
2013.02.07;107798.79;107810.77;107723.13;107723.13
2013.02.08;107791.70;107723.13;107723.13;107899.36
2013.02.11;107784.62;107899.36;107859.38;107859.38
2013.02.12;107763.27;107859.38;107859.38;108010.15
2013.02.13;107756.15;108010.15;108010.15;108091.63
2013.02.14;107749.00;108091.63;108091.63;108215.08
2013.02.15;107741.84;108215.08;108083.51;108083.51
2013.02.19;107734.64;108083.51;108083.51;108359.72
2013.02.20;107705.96;108359.72;107794.50;107794.50
2013.02.21;107698.73;107794.50;107528.36;107528.36
2013.02.22;107691.61;107528.36;107528.36;107866.96
2013.02.25;107684.56;107866.96;107065.79;107065.79
2013.02.26;107663.16;107065.79;107065.79;107257.20
2013.02.27;107656.20;107257.20;107257.20;107731.56
2013.02.28;107649.19;107731.56;107703.31;107703.31
2013.03.01;107642.08;107703.31;107703.31;107736.04
2013.03.04;107679.11;107736.04;107736.04;107786.75
2013.03.05;107657.80;107786.75;107786.75;108045.03
2013.03.06;107650.69;108045.03;108044.77;108044.77
2013.03.07;107643.51;108044.77;108044.77;108079.50
2013.03.08;107636.33;108079.50;108079.50;108219.22
2013.03.11;107629.15;108219.22;108219.22;108280.61
2013.03.12;107607.49;108280.61;108263.19;108263.19
2013.03.13;107600.26;108263.19;108263.19;108300.27
2013.03.14;107593.02;108300.27;108300.27;108479.79
2013.03.15;107585.78;108479.79;108418.67;108418.67
2013.03.18;107578.49;108418.67;108198.77;108198.77
2013.03.19;107556.67;108198.77;108166.51;108166.51
2013.03.20;107549.44;108166.51;108166.51;108362.34
2013.03.21;107542.22;108362.34;108157.26;108157.26
2013.03.22;107534.95;108157.26;108157.26;108418.35
2013.03.25;107527.73;108418.35;108260.51;108260.51
2013.03.26;107505.87;108260.51;108260.51;108556.83
2013.03.27;107498.62;108556.83;108556.83;108612.84
2013.03.28;107491.30;108612.84;108612.84;108749.95
2013.04.01;107483.96;108749.95;108603.03;108603.03
2013.04.02;107778.47;108603.03;108603.03;108940.50
2013.04.03;107771.18;108940.50;108733.35;108733.35
2013.04.04;107763.81;108733.35;108733.35;109224.33
2013.04.05;107756.48;109224.33;109189.65;109189.65
2013.04.08;107749.05;109189.65;109189.65;109419.38
2013.04.09;107726.76;109419.38;109335.51;109335.51
2013.04.10;107719.28;109335.51;109335.51;109783.73
2013.04.11;107711.81;109783.73;109783.73;110022.64
2013.04.12;107704.24;110022.64;110022.64;110114.77
2013.04.15;107696.62;110114.77;109600.68;109600.68
2013.04.16;107673.69;109600.68;109600.68;110065.15
2013.04.17;107666.15;110065.15;109831.53;109831.53
2013.04.18;107658.51;109831.53;109663.78;109663.78
2013.04.19;107650.92;109663.78;109663.78;110131.93
2013.04.22;107643.37;110131.93;110131.93;110165.67
2013.04.23;107620.39;110165.67;110165.67;110388.83
2013.04.24;107612.72;110388.83;110169.07;110169.07
2013.04.25;107605.00;110169.07;110169.07;110273.42
2013.04.26;107597.32;110273.42;110250.73;110250.73
2013.04.29;107589.62;110250.73;110250.73;110409.01
2013.04.30;107566.53;110409.01;110409.01;110411.15
2013.05.01;107558.79;110411.15;110114.56;110114.56
2013.05.02;107551.06;110114.56;110114.56;110263.96
2013.05.03;107543.38;110263.96;110263.96;110462.69
2013.05.06;107535.67;110462.69;110159.92;110159.92
2013.05.07;107512.40;110159.92;110159.92;110343.05
2013.05.08;107504.71;110343.05;110343.05;110375.20
2013.05.09;107496.97;110375.20;110118.94;110118.94
2013.05.10;107489.23;110118.94;110118.94;110251.18
2013.05.13;107481.54;110251.18;110251.18;110390.92
2013.05.14;107458.38;110390.92;110390.92;110697.29
2013.05.15;107450.62;110697.29;110697.29;110990.48
2013.05.16;107442.80;110990.48;110624.73;110624.73
2013.05.17;107434.91;110624.73;110624.73;110910.05
2013.05.20;107427.09;110910.05;110753.03;110753.03
2013.05.21;107403.46;110753.03;110753.03;110923.58
2013.05.22;107395.61;110923.58;110656.79;110656.79
2013.05.23;107387.73;110656.79;110152.49;110152.49
2013.05.24;107379.90;110152.49;109947.31;109947.31
2013.05.28;107372.18;109947.31;109875.25;109875.25
2013.05.29;107341.46;109875.25;109284.84;109284.84
2013.05.30;107333.80;109284.84;109281.98;109281.98
2013.05.31;107326.25;109281.98;108668.48;108668.48
2013.06.03;107318.71;108668.48;108668.48;108669.40
2013.06.04;108669.40;108669.40;108430.51;108430.51
2013.06.05;108662.26;108430.51;107948.79;107948.79
2013.06.06;108655.16;107948.79;107948.79;108259.63
2013.06.07;108648.17;108259.63;108259.63;108711.59
2013.06.10;108641.10;108711.59;108711.59;108722.49
2013.06.11;108619.61;108722.49;108329.40;108329.40
2013.06.12;108612.44;108329.40;107973.02;107973.02
2013.06.13;108605.36;107973.02;107973.02;108510.61
2013.06.14;108598.35;108510.61;108254.63;108254.63
2013.06.17;108591.22;108254.63;108254.63;108486.86
2013.06.18;108570.00;108486.86;108486.86;108779.43
2013.06.19;108562.87;108779.43;108375.55;108375.55
2013.06.20;108555.68;108375.55;107575.07;107575.07
2013.06.21;108548.57;107575.07;107571.74;107571.74
2013.06.24;108541.63;107571.74;107156.18;107156.18
2013.06.25;108520.83;107156.18;107156.18;107496.68
2013.06.26;108513.98;107496.68;107496.68;107775.56
2013.06.27;108507.05;107775.56;107775.56;108097.73
2013.06.28;108500.07;108097.73;108035.12;108035.12
2013.07.01;108493.01;108035.12;108035.12;108266.76
2013.07.02;108303.48;108266.76;108189.85;108189.85
2013.07.03;108296.35;108189.85;108189.85;108216.08
2013.07.05;108289.23;108216.08;108216.08;108677.65
2013.07.08;108274.98;108677.65;108677.65;108851.94
2013.07.09;108253.29;108851.94;108851.94;109140.25
2013.07.10;108246.02;109140.25;109113.49;109113.49
2013.07.11;108238.69;109113.49;109113.49;109537.02
2013.07.12;108231.35;109537.02;109537.02;109594.44
2013.07.15;108223.93;109594.44;109594.44;109692.26
2013.07.16;108201.60;109692.26;109517.01;109517.01
2013.07.17;108194.14;109517.01;109517.01;109608.71
2013.07.18;108186.71;109608.71;109608.71;109903.95
2013.07.19;108179.25;109903.95;109903.95;109993.29
2013.07.22;108171.74;109993.29;109993.29;110046.48
2013.07.23;108149.12;110046.48;109982.88;109982.88
2013.07.24;108141.56;109982.88;109746.35;109746.35
2013.07.25;108134.02;109746.35;109746.35;109841.27
2013.07.26;108126.52;109841.27;109789.96;109789.96
2013.07.29;108119.01;109789.96;109577.47;109577.47
2013.07.30;108096.48;109577.47;109577.47;109587.40
2013.07.31;108089.02;109587.40;109587.40;109674.13
2013.08.01;108081.55;109674.13;109674.13;110181.38
2013.08.02;109024.95;110181.38;110175.73;110175.73
2013.08.05;109017.50;110175.73;110129.35;110129.35
2013.08.06;108995.15;110129.35;109879.18;109879.18
2013.08.07;108987.71;109879.18;109642.77;109642.77
2013.08.08;108980.31;109642.77;109642.77;109692.41
2013.08.09;108972.97;109692.41;109692.41;109790.07
2013.08.12;108965.62;109790.07;109790.07;109804.85
2013.08.13;108943.49;109804.85;109804.85;109846.68
2013.08.14;108936.10;109846.68;109686.15;109686.15
2013.08.15;108928.70;109686.15;109263.38;109263.38
2013.08.16;108921.34;109263.38;109187.51;109187.51
2013.08.19;108914.07;109187.51;109008.86;109008.86
2013.08.20;108892.30;109008.86;109008.86;109089.66
2013.08.21;108885.08;109089.66;108834.57;108834.57
2013.08.22;108877.84;108834.57;108834.57;109161.56
2013.08.23;108870.65;109161.56;109161.56;109286.79
2013.08.26;108863.39;109286.79;109261.76;109261.76
2013.08.27;108841.52;109261.76;108982.05;108982.05
2013.08.28;108834.23;108982.05;108982.05;109115.55
2013.08.29;108827.00;109115.55;109115.55;109148.85
2013.08.30;108819.74;109148.85;108905.30;108905.30
2013.09.03;108812.47;108905.30;108905.30;109079.63
2013.09.04;108973.81;109079.63;108682.00;108682.00
2013.09.05;108966.60;108682.00;108469.08;108469.08
2013.09.06;108959.47;108469.08;108469.08;108971.29
2013.09.09;108952.38;108971.29;108925.99;108925.99
2013.09.10;108930.79;108925.99;108562.91;108562.91
2013.09.11;108923.60;108562.91;108562.91;108703.04
2013.09.12;108916.49;108703.04;108066.85;108066.85
2013.09.13;108909.34;108066.85;108066.85;108234.87
2013.09.16;108902.34;108234.87;107921.17;107921.17
2013.09.17;108881.20;107921.17;107866.48;107866.48
2013.09.18;108874.22;107866.48;107866.48;109090.49
2013.09.19;108867.25;109090.49;108848.85;108848.85
2013.09.20;108860.01;108848.85;108099.02;108099.02
2013.09.23;108852.82;108099.02;107830.34;107830.34
2013.09.24;108831.74;107830.34;107830.34;107857.65
2013.09.25;108824.76;107857.65;107857.65;107908.22
2013.09.26;108817.78;107908.22;107853.94;107853.94
2013.09.27;108810.79;107853.94;107853.94;107931.18
2013.09.30;108803.81;107931.18;107748.27;107748.27
2013.10.01;108782.81;107748.27;107403.57;107403.57
2013.10.02;107707.11;107403.57;107403.57;107587.56
2013.10.03;107700.06;107587.56;107421.68;107421.68
2013.10.04;107692.97;107421.68;107421.68;107433.22
2013.10.07;107685.91;107433.22;107433.22;107454.49
2013.10.08;107664.72;107454.49;107199.75;107199.75
2013.10.09;107657.65;107199.75;107009.43;107009.43
2013.10.10;107650.63;107009.43;107009.43;107412.90
2013.10.11;107643.65;107412.90;107412.90;107445.75
2013.10.14;107636.58;107445.75;107445.75;107512.55
2013.10.15;107615.35;107512.55;107461.56;107461.56
2013.10.16;107608.26;107461.56;107461.56;107608.17
2013.10.17;107601.17;107608.17;107608.17;108125.50
2013.10.18;107594.05;108125.50;108125.50;108255.06
2013.10.21;107586.81;108255.06;108255.06;108394.10
2013.10.22;107565.02;108394.10;108394.10;108884.64
2013.10.23;107557.72;108884.64;108674.82;108674.82
2013.10.24;107550.31;108674.82;108674.82;108915.05
2013.10.25;107542.94;108915.05;108835.43;108835.43
2013.10.28;107535.53;108835.43;108765.77;108765.77
2013.10.29;107513.31;108765.77;108765.77;108800.37
2013.10.30;107505.92;108800.37;108762.47;108762.47
2013.10.31;107498.52;108762.47;108335.32;108335.32
2013.11.01;107491.12;108335.32;108179.37;108179.37
2013.11.04;106922.65;108179.37;108179.37;108327.63
2013.11.05;106900.48;108327.63;107980.89;107980.89
2013.11.06;106893.05;107980.89;107980.89;108162.94
2013.11.07;106885.69;108162.94;107692.07;107692.07
2013.11.08;106878.30;107692.07;107692.07;107862.74
2013.11.11;106871.00;107862.74;107862.74;107875.02
2013.11.12;106849.00;107875.02;107772.79;107772.79
2013.11.13;106841.66;107772.79;107772.79;107897.67
2013.11.14;106834.34;107897.67;107897.67;108123.63
2013.11.15;106826.99;108123.63;108123.63;108428.48
2013.11.18;106819.59;108428.48;108428.48;108517.29
2013.11.19;106797.18;108517.29;108398.15;108398.15
2013.11.20;106789.69;108398.15;108090.50;108090.50
2013.11.21;106782.22;108090.50;108090.50;108263.02
2013.11.22;106774.82;108263.02;108263.02;108476.27
2013.11.25;106767.37;108476.27;108351.69;108351.69
2013.11.26;106744.90;108351.69;108351.69;108441.45
2013.11.27;106737.43;108441.45;108441.45;108583.18
2013.11.29;106729.94;108583.18;108583.18;108703.67
2013.12.02;106714.90;108703.67;108357.21;108357.21
2013.12.03;106683.41;108357.21;108068.01;108068.01
2013.12.04;106675.91;108068.01;107921.46;107921.46
2013.12.05;106668.47;107921.46;107889.03;107889.03
2013.12.06;106661.06;107889.03;107889.03;108304.12
2013.12.09;106653.65;108304.12;108304.12;108368.49
2013.12.10;106631.16;108368.49;108253.95;108253.95
2013.12.11;106623.65;108253.95;107806.88;107806.88
2013.12.12;106616.16;107806.88;107672.42;107672.42
2013.12.13;106608.76;107672.42;107672.42;107704.36
2013.12.16;106601.39;107704.36;107704.36;107959.06
2013.12.17;106579.26;107959.06;107852.68;107852.68
2013.12.18;106571.82;107852.68;107852.68;108401.02
2013.12.19;106564.41;108401.02;108396.18;108396.18
2013.12.20;106556.87;108396.18;108396.18;108640.81
2013.12.23;106549.33;108640.81;108640.81;108883.32
2013.12.24;106526.55;108883.32;108883.32;108949.10
2013.12.26;106518.90;108949.10;108949.10;109142.18
2013.12.27;106503.57;109142.18;109121.48;109121.48
2013.12.30;106495.85;109121.48;109121.48;109144.83
2013.12.31;106472.72;109144.83;109144.83;109264.05
2014.01.02;106465.00;109264.05;108678.66;108678.66
2014.01.03;106641.01;108678.66;108637.42;108637.42
2014.01.06;106633.41;108637.42;108573.62;108573.62
2014.01.07;106610.66;108573.62;108573.62;108781.59
2014.01.08;106603.08;108781.59;108699.63;108699.63
2014.01.09;106595.46;108699.63;108650.53;108650.53
2014.01.10;106587.85;108650.53;108650.53;108767.04
2014.01.13;106580.26;108767.04;108391.89;108391.89
2014.01.14;106557.38;108391.89;108391.89;108813.02
2014.01.15;106549.83;108813.02;108813.02;109154.91
2014.01.16;106542.19;109154.91;109078.07;109078.07
2014.01.17;106534.47;109078.07;108903.77;108903.77
2014.01.21;106526.77;108903.77;108903.77;108962.58
2014.01.22;106496.10;108962.58;108930.87;108930.87
2014.01.23;106488.42;108930.87;108735.32;108735.32
2014.01.24;106480.74;108735.32;107818.17;107818.17
2014.01.27;106473.10;107818.17;107673.58;107673.58
2014.01.28;106450.78;107673.58;107673.58;107862.32
2014.01.29;106443.36;107862.32;107436.83;107436.83
2014.01.30;106435.91;107436.83;107436.83;107705.41
2014.01.31;106428.54;107705.41;107426.57;107426.57
2014.02.03;106421.12;107426.57;106656.87;106656.87
2014.02.04;106656.87;106656.87;106572.10;106572.10
2014.02.05;106649.85;106572.10;106382.79;106382.79
2014.02.06;106642.86;106382.79;106382.79;106430.33
2014.02.07;106635.90;106430.33;106430.33;106632.87
2014.02.10;106628.93;106632.87;106632.87;106766.05
2014.02.11;106607.88;106766.05;106766.05;106867.18
2014.02.12;106600.83;106867.18;106811.46;106811.46
2014.02.13;106593.76;106811.46;106811.46;107034.22
2014.02.14;106586.69;107034.22;107034.22;107110.31
2014.02.18;106579.58;107110.31;107110.31;107226.49
2014.02.19;106551.05;107226.49;107070.84;107070.84
2014.02.20;106543.89;107070.84;107070.84;107177.36
2014.02.21;106536.76;107177.36;107177.36;107215.59
2014.02.24;106529.60;107215.59;107210.08;107210.08
2014.02.25;106508.11;107210.08;107210.08;107267.54
2014.02.26;106500.94;107267.54;107267.54;107298.65
2014.02.27;106493.76;107298.65;107298.65;107372.95
2014.02.28;106486.56;107372.95;107372.95;107420.10
2014.03.03;106479.35;107420.10;107328.24;107328.24
2014.03.04;106464.47;107328.24;107328.24;107346.00
2014.03.05;106457.25;107346.00;107098.22;107098.22
2014.03.06;106450.01;107098.22;107098.22;107145.72
2014.03.07;106442.84;107145.72;107119.73;107119.73
2014.03.10;106435.64;107119.73;107013.48;107013.48
2014.03.11;106414.08;107013.48;106906.09;106906.09
2014.03.12;106406.92;106906.09;106906.09;107019.32
2014.03.13;106399.77;107019.32;107006.31;107006.31
2014.03.14;106392.60;107006.31;107006.31;107087.42
2014.03.17;106385.43;107087.42;107032.93;107032.93
2014.03.18;106363.86;107032.93;107032.93;107134.50
2014.03.19;106356.67;107134.50;106838.51;106838.51
2014.03.20;106349.46;106838.51;106807.83;106807.83
2014.03.21;106342.32;106807.83;106800.28;106800.28
2014.03.24;106335.18;106800.28;106560.81;106560.81
2014.03.25;106313.77;106560.81;106560.81;106667.21
2014.03.26;106306.68;106667.21;106634.53;106634.53
2014.03.27;106299.56;106634.53;106634.53;106714.34
2014.03.28;106292.45;106714.34;106711.39;106711.39
2014.03.31;106285.32;106711.39;106711.39;106832.62
2014.04.01;106263.93;106832.62;106618.66;106618.66
2014.04.02;106056.94;106618.66;106618.66;106701.92
2014.04.03;106049.81;106701.92;106701.92;106752.83
2014.04.04;106042.65;106752.83;106638.13;106638.13
2014.04.07;106035.48;106638.13;106385.95;106385.95
2014.04.08;106014.05;106385.95;106385.95;106703.84
2014.04.09;106006.96;106703.84;106703.84;106895.69
2014.04.10;105999.79;106895.69;106497.04;106497.04
2014.04.11;105992.58;106497.04;106365.06;106365.06
2014.04.14;105985.46;106365.06;106365.06;106548.70
2014.04.15;105964.17;106548.70;106548.70;106694.98
2014.04.16;105957.03;106694.98;106694.98;107065.93
2014.04.17;105949.85;107065.93;107065.93;107121.91
2014.04.21;105942.60;107121.91;107090.24;107090.24
2014.04.22;105913.51;107090.24;107089.44;107089.44
2014.04.23;105906.24;107089.44;107073.93;107073.93
2014.04.24;105898.97;107073.93;107073.93;107102.04
2014.04.25;105891.70;107102.04;106981.54;106981.54
2014.04.28;105884.42;106981.54;106981.54;107022.65
2014.04.29;105862.66;107022.65;107022.65;107147.03
2014.04.30;105855.39;107147.03;107147.03;107195.66
2014.05.01;105848.10;107195.66;107158.21;107158.21
2014.05.02;105804.19;107158.21;107027.07;107027.07
2014.05.05;105796.87;107027.07;107027.07;107060.99
2014.05.06;105774.99;107060.99;107008.21;107008.21
2014.05.07;105767.69;107008.21;107008.21;107336.43
2014.05.08;105760.40;107336.43;107101.53;107101.53
2014.05.09;105753.03;107101.53;106979.82;106979.82
2014.05.12;105745.71;106979.82;106979.82;107077.97
2014.05.13;105723.84;107077.97;107077.97;107169.90
2014.05.14;105716.52;107169.90;107169.90;107224.01
2014.05.15;105709.18;107224.01;106936.85;106936.85
2014.05.16;105701.83;106936.85;106936.85;107092.22
2014.05.19;105694.53;107092.22;106944.56;106944.56
2014.05.20;105672.55;106944.56;106816.59;106816.59
2014.05.21;105665.25;106816.59;106816.59;107014.80
2014.05.22;105657.98;107014.80;107014.80;107115.26
2014.05.23;105650.66;107115.26;107067.47;107067.47
2014.05.27;105643.31;107067.47;107067.47;107080.48
2014.05.28;105613.98;107080.48;107080.48;107176.71
2014.05.29;105606.64;107176.71;107176.71;107353.39
2014.05.30;105599.27;107353.39;107347.89;107347.89
2014.06.02;105591.87;107347.89;107301.33;107301.33
2014.06.03;106668.64;107301.33;107180.66;107180.66
2014.06.04;106661.46;107180.66;107173.78;107173.78
2014.06.05;106654.30;107173.78;107173.78;107270.54
2014.06.06;106647.14;107270.54;107270.54;107414.93
2014.06.09;106639.96;107414.93;107371.45;107371.45
2014.06.10;106618.33;107371.45;107320.75;107320.75
2014.06.11;106611.12;107320.75;107320.50;107320.50
2014.06.12;106603.92;107320.50;107320.50;107350.51
2014.06.13;106596.72;107350.51;107350.51;107427.65
2014.06.16;106589.51;107427.65;107427.65;107509.51
2014.06.17;106567.83;107509.51;107439.99;107439.99
2014.06.18;106560.58;107439.99;107439.99;107705.50
2014.06.19;106553.35;107705.50;107705.50;107739.58
2014.06.20;106546.05;107739.58;107739.58;107852.14
2014.06.23;106538.75;107852.14;107795.42;107795.42
2014.06.24;106516.75;107795.42;107555.72;107555.72
2014.06.25;106509.43;107555.72;107555.72;107611.52
2014.06.26;106502.16;107611.52;107611.52;107650.47
2014.06.27;106494.87;107650.47;107650.47;107669.02
2014.06.30;106487.58;107669.02;107669.02;107678.56
2014.07.01;106465.67;107678.56;107678.56;107680.59
2014.07.02;106695.43;107680.59;107680.59;107689.66
2014.07.03;106688.15;107689.66;107689.66;107737.14
2014.07.07;106680.86;107737.14;107506.90;107506.90
2014.07.08;106651.68;107506.90;107377.06;107377.06
2014.07.09;106644.43;107377.06;107377.06;107565.33
2014.07.10;106637.20;107565.33;107407.88;107407.88
2014.07.11;106629.94;107407.88;107407.88;107417.55
2014.07.14;106622.70;107417.55;107417.55;107425.03
2014.07.15;106600.98;107425.03;107289.59;107289.59
2014.07.16;106593.74;107289.59;107289.59;107474.42
2014.07.17;106586.52;107474.42;107312.93;107312.93
2014.07.18;106579.26;107312.93;107312.93;107390.99
2014.07.21;106572.04;107390.99;107390.99;107391.29
2014.07.22;106550.31;107391.29;107391.29;107526.00
2014.07.23;106543.06;107526.00;107526.00;107627.47
2014.07.24;106535.78;107627.47;107379.47;107379.47
2014.07.25;106528.47;107379.47;107379.47;107415.81
2014.07.28;106521.22;107415.81;107397.22;107397.22
2014.07.29;106499.44;107397.22;107321.31;107321.31
2014.07.30;106492.18;107321.31;107300.07;107300.07
2014.07.31;106484.93;107300.07;106736.38;106736.38
2014.08.01;106477.69;106736.38;106582.70;106582.70
2014.08.04;106881.46;106582.70;106582.70;106701.21
2014.08.05;106860.52;106701.21;106292.54;106292.54
2014.08.06;106853.51;106292.54;106272.44;106272.44
2014.08.07;106846.59;106272.44;106152.18;106152.18
2014.08.08;106839.67;106152.18;106152.18;106333.44
2014.08.11;106832.77;106333.44;106333.44;106517.04
2014.08.12;106811.97;106517.04;106487.63;106487.63
2014.08.13;106804.99;106487.63;106487.63;106636.49
2014.08.14;106798.01;106636.49;106636.49;106723.13
2014.08.15;106791.00;106723.13;106638.39;106638.39
2014.08.18;106783.97;106638.39;106638.39;106839.44
2014.08.19;106762.93;106839.44;106839.44;106900.86
2014.08.20;106755.87;106900.86;106885.45;106885.45
2014.08.21;106748.79;106885.45;106885.45;106888.08
2014.08.22;106741.71;106888.08;106874.06;106874.06
2014.08.25;106734.63;106874.06;106874.06;106914.75
2014.08.26;106713.41;106914.75;106914.75;106981.28
2014.08.27;106706.32;106981.28;106981.28;107027.54
2014.08.28;106699.21;107027.54;106949.02;106949.02
2014.08.29;106692.09;106949.02;106949.02;106985.80
2014.09.02;106684.99;106985.80;106835.71;106835.71
2014.09.03;106090.07;106835.71;106789.14;106789.14
2014.09.04;106082.87;106789.14;106643.50;106643.50
2014.09.05;106075.68;106643.50;106643.50;106715.56
2014.09.08;106068.52;106715.56;106715.56;106717.51
2014.09.09;106046.99;106717.51;106555.27;106555.27
2014.09.10;106039.80;106555.27;106555.27;106597.21
2014.09.11;106032.65;106597.21;106565.70;106565.70
2014.09.12;106025.50;106565.70;106367.70;106367.70
2014.09.15;106018.34;106367.70;106241.51;106241.51
2014.09.16;105997.00;106241.51;106241.51;106335.54
2014.09.17;105989.91;106335.54;106317.75;106317.75
2014.09.18;105982.80;106317.75;106317.75;106443.24
2014.09.19;105975.69;106443.24;106443.24;106541.91
2014.09.22;105968.56;106541.91;106411.78;106411.78
2014.09.23;105947.07;106411.78;106411.78;106428.67
2014.09.24;105939.93;106428.67;106428.67;106499.48
2014.09.25;105932.79;106499.48;106262.93;106262.93
2014.09.26;105925.63;106262.93;106262.93;106404.92
2014.09.29;105918.52;106404.92;106404.92;106459.59
2014.09.30;105897.09;106459.59;106436.98;106436.98
2014.10.01;105889.94;106436.98;106364.44;106364.44
2014.10.02;106151.62;106364.44;106364.44;106376.12
2014.10.03;106144.56;106376.12;106376.12;106824.32
2014.10.06;106137.49;106824.32;106726.21;106726.21
2014.10.07;106115.99;106726.21;106287.81;106287.81
2014.10.08;106108.84;106287.81;106287.81;106911.60
2014.10.09;106101.78;106911.60;106347.04;106347.04
2014.10.10;106094.58;106347.04;106060.78;106060.78
2014.10.13;106087.51;106060.78;105543.68;105543.68
2014.10.14;106066.48;105543.68;105507.40;105507.40
2014.10.15;106059.58;105507.40;105140.24;105140.24
2014.10.16;106052.68;105140.24;104986.11;104986.11
2014.10.17;106045.86;104986.11;104986.11;105397.36
2014.10.20;106039.08;105397.36;105397.36;105747.88
2014.10.21;106018.45;105747.88;105747.88;106339.58
2014.10.22;106011.49;106339.58;106194.07;106194.07
2014.10.23;106004.40;106194.07;106194.07;106518.28
2014.10.24;105997.34;106518.28;106518.28;106837.27
2014.10.27;105990.21;106837.27;106837.27;106860.50
2014.10.28;105968.60;106860.50;106860.50;107160.11
2014.10.29;105961.39;107160.11;107131.72;107131.72
2014.10.30;105954.11;107131.72;107131.72;107391.97
2014.10.31;105946.84;107391.97;107391.97;107683.91
2014.11.03;105939.50;107683.91;107683.91;107744.21
2014.11.04;106859.00;107744.21;107744.21;107765.49
2014.11.05;106851.76;107765.49;107765.49;107978.49
2014.11.06;106844.52;107978.49;107848.91;107848.91
2014.11.07;106837.23;107848.91;107848.91;107964.52
2014.11.10;106829.97;107964.52;107964.52;108031.71
2014.11.11;106808.10;108031.71;108015.35;108015.35
2014.11.12;106800.79;108015.35;107845.60;107845.60
2014.11.13;106793.49;107845.60;107815.96;107815.96
2014.11.14;106786.21;107815.96;107695.84;107695.84
2014.11.17;106778.95;107695.84;107695.84;107856.51
2014.11.18;106757.22;107856.51;107856.51;108064.17
2014.11.19;106749.94;108064.17;107985.79;107985.79
2014.11.20;106742.61;107985.79;107928.98;107928.98
2014.11.21;106735.30;107928.98;107928.98;108078.35
2014.11.24;106728.00;108078.35;108034.86;108034.86
2014.11.25;106705.99;108034.86;108034.86;108113.94
2014.11.26;106698.66;108113.94;108113.94;108256.47
2014.11.28;106691.31;108256.47;108256.47;108556.30
2014.12.01;106676.54;108556.30;108406.53;108406.53
2014.12.02;106885.62;108406.53;108406.53;108628.61
2014.12.03;106878.23;108628.61;108628.61;108697.50
2014.12.04;106870.78;108697.50;108625.71;108625.71
2014.12.05;106863.32;108625.71;108625.71;108724.52
2014.12.08;106855.87;108724.52;108566.48;108566.48
2014.12.09;106833.45;108566.48;108519.75;108519.75
2014.12.10;106826.01;108519.75;108008.58;108008.58
2014.12.11;106818.58;108008.58;108008.58;108174.78
2014.12.12;106811.25;108174.78;107688.20;107688.20
2014.12.15;106803.89;107688.20;107421.69;107421.69
2014.12.16;106782.12;107421.69;107163.54;107163.54
2014.12.17;106774.92;107163.54;107163.54;107653.21
2014.12.18;106767.77;107653.21;107653.21;108438.18
2014.12.19;106760.52;108438.18;108438.18;108524.90
2014.12.22;106753.09;108524.90;108524.90;108600.81
2014.12.23;106730.74;108600.81;108453.42;108453.42
2014.12.24;106723.26;108453.42;108453.42;108516.08
2014.12.26;106715.82;108516.08;108516.08;108635.18
2014.12.29;106700.91;108635.18;108627.78;108627.78
2014.12.30;106678.45;108627.78;108438.85;108438.85
2014.12.31;106670.96;108438.85;108070.17;108070.17
2015.01.02;106663.51;108070.17;108003.04;108003.04
2015.01.05;107314.65;108003.04;107793.67;107793.67
2015.01.06;107292.96;107793.67;107793.67;107849.94
2015.01.07;107285.78;107849.94;107849.94;108176.18
2015.01.08;107278.58;108176.18;108176.18;108367.10
2015.01.09;107271.31;108367.10;108233.32;108233.32
2015.01.12;107263.99;108233.32;108170.52;108170.52
2015.01.13;107242.12;108170.52;108170.52;108183.66
2015.01.14;107234.84;108183.66;108183.66;108186.99
2015.01.15;107227.56;108186.99;108186.99;108290.14
2015.01.16;107220.27;108290.14;108290.14;108419.66
2015.01.20;107212.96;108419.66;108419.66;108514.03
2015.01.21;107183.60;108514.03;108514.03;108581.59
2015.01.22;107176.23;108581.59;108581.59;108745.60
2015.01.23;107168.85;108745.60;108745.60;108768.12
2015.01.26;107161.42;108768.12;108756.48;108756.48
2015.01.27;107139.14;108756.48;108607.71;108607.71
2015.01.28;107131.71;108607.71;108462.32;108462.32
2015.01.29;107124.31;108462.32;108462.32;108686.07
2015.01.30;107116.94;108686.07;108401.00;108401.00
2015.02.02;107109.52;108401.00;108401.00;108538.52
2015.02.03;107688.13;108538.52;108324.84;108324.84
2015.02.04;107680.83;108324.84;108306.27;108306.27
2015.02.05;107673.56;108306.27;108269.03;108269.03
2015.02.06;107666.31;108269.03;107288.34;107288.34
2015.02.09;107659.05;107288.34;107288.34;107362.42
2015.02.10;107637.93;107362.42;107340.48;107340.48
2015.02.11;107630.87;107340.48;107027.04;107027.04
2015.02.12;107623.82;107027.04;107009.32;107009.32
2015.02.13;107616.83;107009.32;107009.32;107033.33
2015.02.17;107609.84;107033.33;106393.46;106393.46
2015.02.18;107581.86;106393.46;106393.46;106599.58
2015.02.19;107575.00;106599.58;106398.97;106398.97
2015.02.20;107568.10;106398.97;106294.42;106294.42
2015.02.23;107561.23;106294.42;106294.42;106473.77
2015.02.24;107540.70;106473.77;106473.77;106586.16
2015.02.25;107533.82;106586.16;106586.16;106647.89
2015.02.26;107526.90;106647.89;106505.78;106505.78
2015.02.27;107519.98;106505.78;106505.78;106580.02
2015.03.02;107513.08;106580.02;106089.64;106089.64
2015.03.03;106089.64;106089.64;105864.19;105864.19
2015.03.04;106082.66;105864.19;105740.62;105740.62
2015.03.05;106075.73;105740.62;105740.62;105787.27
2015.03.06;106068.83;105787.27;105428.67;105428.67
2015.03.09;106061.91;105428.67;105428.67;105474.78
2015.03.10;106041.39;105474.78;104893.47;104893.47
2015.03.11;106034.54;104893.47;104893.47;105061.19
2015.03.12;106027.81;105061.19;105061.19;105487.83
2015.03.13;106021.05;105487.83;105347.17;105347.17
2015.03.16;106014.18;105347.17;105347.17;105630.71
2015.03.17;105993.69;105630.71;105451.03;105451.03
2015.03.18;105986.79;105451.03;105451.03;105947.36
2015.03.19;105979.93;105947.36;105491.00;105491.00
2015.03.20;105972.96;105491.00;105491.00;106045.46
2015.03.23;105966.09;106045.46;106045.46;106089.98
2015.03.24;105945.10;106089.98;106067.31;106067.31
2015.03.25;105938.09;106067.31;105873.03;105873.03
2015.03.26;105931.09;105873.03;105676.48;105676.48
2015.03.27;105924.12;105676.48;105676.48;105743.39
2015.03.30;105917.20;105743.39;105743.39;105930.73
2015.03.31;105896.38;105930.73;105425.41;105425.41
2015.04.01;105889.39;105425.41;105425.41;105582.16
2015.04.02;105378.85;105582.16;105582.16;105792.64
2015.04.06;105371.85;105792.64;105792.64;106011.28
2015.04.07;105343.63;106011.28;105883.42;105883.42
2015.04.08;105336.53;105883.42;105883.42;106002.90
2015.04.09;105329.45;106002.90;105969.20;105969.20
2015.04.10;105322.34;105969.20;105969.20;106120.67
2015.04.13;105315.24;106120.67;105916.75;105916.75
2015.04.14;105293.82;105916.75;105916.75;105998.75
2015.04.15;105286.73;105998.75;105998.75;106083.55
2015.04.16;105279.61;106083.55;106019.00;106019.00
2015.04.17;105272.47;106019.00;105526.98;105526.98
2015.04.20;105265.35;105526.98;105526.98;105760.98
2015.04.21;105244.30;105760.98;105760.98;105952.05
2015.04.22;105237.22;105952.05;105952.05;105986.01
2015.04.23;105230.10;105986.01;105986.01;106022.16
2015.04.24;105222.98;106022.16;106022.16;106172.93
2015.04.27;105215.84;106172.93;106105.32;106105.32
2015.04.28;105194.33;106105.32;106093.92;106093.92
2015.04.29;105187.17;106093.92;105737.36;105737.36
2015.04.30;105180.01;105737.36;105252.51;105252.51
2015.05.01;105172.93;105252.51;105252.51;105586.11
2015.05.04;105174.65;105586.11;105582.79;105582.79
2015.05.05;105153.52;105582.79;105417.60;105417.60
2015.05.06;105146.47;105417.60;105299.56;105299.56
2015.05.07;105139.46;105299.56;104969.58;104969.58
2015.05.08;105132.47;104969.58;104969.58;105466.26
2015.05.11;105125.56;105466.26;105072.16;105072.16
2015.05.12;105104.47;105072.16;105072.16;105214.66
2015.05.13;105097.53;105214.66;105203.25;105203.25
2015.05.14;105090.55;105203.25;105203.25;105284.46
2015.05.15;105083.57;105284.46;105284.46;105403.33
2015.05.18;105076.58;105403.33;105347.82;105347.82
2015.05.19;105055.50;105347.82;104935.67;104935.67
2015.05.20;105048.49;104935.67;104935.67;105019.11
2015.05.21;105041.56;105019.11;105019.11;105344.70
2015.05.22;105034.61;105344.70;105219.32;105219.32
2015.05.26;105027.59;105219.32;104618.38;104618.38
2015.05.27;104999.61;104618.38;104576.29;104576.29
2015.05.28;104992.74;104576.29;104450.59;104450.59
2015.05.29;104985.88;104450.59;104450.59;104575.76
2015.06.01;104979.05;104575.76;104541.19;104541.19
2015.06.02;104556.72;104541.19;104541.19;104650.26
2015.06.03;104549.83;104650.26;104489.09;104489.09
2015.06.04;104542.92;104489.09;104074.51;104074.51
2015.06.05;104536.04;104074.51;104047.50;104047.50
2015.06.08;104529.24;104047.50;103775.68;103775.68
2015.06.09;104508.88;103775.68;103775.68;103891.27
2015.06.10;104502.15;103891.27;103891.27;104468.27
2015.06.11;104495.39;104468.27;104434.51;104434.51
2015.06.12;104488.51;104434.51;104164.68;104164.68
2015.06.15;104481.62;104164.68;103967.28;103967.28
2015.06.16;104461.16;103967.28;103967.28;104099.70
2015.06.17;104454.37;104099.70;104099.70;104147.58
2015.06.18;104447.56;104147.58;104147.58;104458.34
2015.06.19;104440.73;104458.34;104174.90;104174.90
2015.06.22;104433.83;104174.90;104174.90;104420.00
2015.06.23;104413.32;104420.00;104420.00;104549.40
2015.06.24;104406.43;104549.40;104327.83;104327.83
2015.06.25;104399.51;104327.83;104192.45;104192.45
2015.06.26;104392.63;104192.45;104018.33;104018.33
2015.06.29;104385.78;104018.33;103239.15;103239.15
2015.06.30;104365.34;103239.15;103239.15;103368.71
2015.07.01;104358.70;103368.71;103156.49;103156.49
2015.07.02;103156.49;103156.49;103007.12;103007.12
2015.07.06;103149.71;103007.12;102928.25;102928.25
2015.07.07;103122.69;102928.25;102928.25;103049.92
2015.07.08;103115.95;103049.92;102510.55;102510.55
2015.07.09;103109.18;102510.55;102510.55;102663.80
2015.07.10;103102.52;102663.80;102663.80;103067.28
2015.07.13;103095.84;103067.28;103067.28;103405.56
2015.07.14;103075.50;103405.56;103405.56;103549.14
2015.07.15;103068.64;103549.14;103549.14;103568.62
2015.07.16;103061.75;103568.62;103568.62;103771.52
2015.07.17;103054.86;103771.52;103677.06;103677.06
2015.07.20;103047.91;103677.06;103653.20;103653.20
2015.07.21;103027.15;103653.20;103540.27;103540.27
2015.07.22;103020.22;103540.27;103540.27;103676.85
2015.07.23;103013.33;103676.85;103439.64;103439.64
2015.07.24;103006.39;103439.64;103036.60;103036.60
2015.07.27;102999.51;103036.60;102831.01;102831.01
2015.07.28;102979.14;102831.01;102831.01;103119.44
2015.07.29;102972.38;103119.44;103119.44;103306.32
2015.07.30;102965.57;103306.32;103306.32;103338.87
2015.07.31;102958.71;103338.87;103338.87;103418.87
2015.08.03;102951.84;103418.87;103302.30;103302.30
2015.08.04;102904.24;103302.30;103263.86;103263.86
2015.08.05;102897.37;103263.86;103245.80;103245.80
2015.08.06;102890.50;103245.80;102967.25;102967.25
2015.08.07;102883.63;102967.25;102967.25;102998.96
2015.08.10;102876.82;102998.96;102998.96;103036.97
2015.08.11;102856.38;103036.97;102987.85;102987.85
2015.08.12;102849.55;102987.85;102914.12;102914.12
2015.08.13;102842.73;102914.12;102879.00;102879.00
2015.08.14;102835.92;102879.00;102879.00;102941.61
2015.08.17;102829.12;102941.61;102941.61;103117.25
2015.08.18;102808.68;103117.25;103006.15;103006.15
2015.08.19;102801.83;103006.15;102959.16;102959.16
2015.08.20;102794.99;102959.16;102558.89;102558.89
2015.08.21;102788.17;102558.89;101891.13;101891.13
2015.08.24;102781.43;101891.13;101002.44;101002.44
2015.08.25;102761.65;101002.44;100714.86;100714.86
2015.08.26;102755.24;100714.86;100714.86;101331.17
2015.08.27;102748.90;101331.17;101331.17;101750.33
2015.08.28;102742.42;101750.33;101711.77;101711.77
2015.08.31;102735.85;101711.77;101389.50;101389.50
2015.09.01;102716.16;101389.50;100893.58;100893.58
2015.09.02;100893.58;100893.58;100893.58;100893.58
2015.09.03;100893.58;100893.58;100893.58;100893.58
2015.09.04;100893.58;100893.58;100893.58;100893.58
2015.09.08;100893.58;100893.58;100893.58;100893.58
2015.09.09;100893.58;100893.58;100893.58;100893.58
2015.09.10;100893.58;100893.58;100893.58;100893.58
2015.09.11;100893.58;100893.58;100893.58;100893.58
2015.09.14;100893.58;100893.58;100893.58;100893.58
2015.09.15;100893.58;100893.58;100893.58;100893.58
2015.09.16;100893.58;100893.58;100893.58;100893.58
2015.09.17;100893.58;100893.58;100893.58;100893.58
2015.09.18;100893.58;100893.58;100893.58;100893.58
2015.09.21;100893.58;100893.58;100893.58;100893.58
2015.09.22;100893.58;100893.58;100893.58;100893.58
2015.09.23;100893.58;100893.58;100893.58;100893.58
2015.09.24;100893.58;100893.58;100893.58;100893.58
2015.09.25;100893.58;100893.58;100893.58;100893.58
2015.09.28;100893.58;100893.58;100893.58;100893.58
2015.09.29;100893.58;100893.58;100893.58;100893.58
2015.09.30;100893.58;100893.58;100893.58;100893.58
2015.10.01;100893.58;100893.58;100893.58;100893.58
2015.10.02;100893.58;100893.58;100893.58;100893.58
2015.10.05;100893.58;100893.58;100893.58;100893.58
2015.10.06;100893.58;100893.58;100893.58;100893.58
2015.10.07;100893.58;100893.58;100893.58;100893.58
2015.10.08;100893.58;100893.58;100893.58;100893.58
2015.10.09;100893.58;100893.58;100893.58;100893.58
2015.10.12;100893.58;100893.58;100893.58;100893.58
2015.10.13;100893.58;100893.58;100893.58;100893.58
2015.10.14;100893.58;100893.58;100893.58;100893.58
2015.10.15;100893.58;100893.58;100893.58;100893.58
2015.10.16;100893.58;100893.58;100893.58;100893.58
2015.10.19;100893.58;100893.58;100893.58;100893.58
2015.10.20;100893.58;100893.58;100893.58;100893.58
2015.10.21;100893.58;100893.58;100893.58;100893.58
2015.10.22;100893.58;100893.58;100893.58;100893.58
2015.10.23;100893.58;100893.58;100893.58;100893.58
2015.10.26;100893.58;100893.58;100893.58;100893.58
2015.10.27;100893.58;100893.58;100893.58;100893.58
2015.10.28;100893.58;100893.58;100893.58;100893.58
2015.10.29;100893.58;100893.58;100893.58;100893.58
2015.10.30;100893.58;100893.58;100893.58;100893.58
2015.11.02;100893.58;100893.58;100878.44;100878.44
2015.11.03;100878.44;100878.44;100878.44;101006.93
2015.11.04;100871.81;101006.93;100942.38;100942.38
2015.11.05;100865.14;100942.38;100919.47;100919.47
2015.11.06;100858.49;100919.47;100919.47;100966.05
2015.11.09;100851.85;100966.05;100614.38;100614.38
2015.11.10;100831.87;100614.38;100614.38;100624.81
2015.11.11;100825.28;100624.81;100536.68;100536.68
2015.11.12;100818.69;100536.68;100214.50;100214.50
2015.11.13;100812.12;100214.50;99633.82;99633.82
2015.11.16;100805.62;99633.82;99633.82;100020.52
2015.11.17;100786.48;100020.52;100020.52;100040.30
2015.11.18;100780.02;100040.30;100040.30;100521.58
2015.11.19;100773.55;100521.58;100521.58;100560.97
2015.11.20;100766.97;100560.97;100560.97;100790.99
2015.11.23;100760.38;100790.99;100718.87;100718.87
2015.11.24;100740.46;100718.87;100701.77;100701.77
2015.11.25;100733.83;100701.77;100701.77;100713.70
2015.11.27;100727.20;100713.70;100698.99;100698.99
2015.11.30;100713.94;100698.99;100575.80;100575.80
2015.12.01;100694.04;100575.80;100575.80;100840.86
2015.12.02;100751.28;100840.86;100515.33;100515.33
2015.12.03;100744.62;100515.33;100172.64;100172.64
2015.12.04;100738.04;100172.64;100172.64;100725.50
2015.12.07;100731.53;100725.50;100515.42;100515.42
2015.12.08;100711.64;100515.42;100220.60;100220.60
2015.12.09;100705.05;100220.60;100172.69;100172.69
2015.12.10;100698.52;100172.69;100167.39;100167.39
2015.12.11;100692.00;100167.39;99460.32;99460.32
2015.12.14;100685.48;99460.32;99449.80;99449.80
2015.12.15;100666.39;99449.80;99449.80;99640.84
2015.12.16;100660.03;99640.84;99640.84;100042.03
2015.12.17;100653.62;100042.03;99640.64;99640.64
2015.12.18;100647.12;99640.64;99166.15;99166.15
2015.12.21;100640.71;99166.15;99166.15;99415.08
2015.12.22;100621.78;99415.08;99415.08;99630.47
2015.12.23;100615.41;99630.47;99630.47;100023.71
2015.12.24;100608.99;100023.71;99995.88;99995.88
2015.12.28;100602.49;99995.88;99892.78;99892.78
2015.12.29;100576.49;99892.78;99892.78;100259.24
2015.12.30;100570.00;100259.24;99936.22;99936.22
2015.12.31;100563.44;99936.22;99548.84;99548.84
2016.01.04;100556.94;99548.84;98968.56;98968.56
2016.01.05;98968.56;98968.56;98968.56;98968.56
2016.01.06;98968.56;98968.56;98968.56;98968.56
2016.01.07;98968.56;98968.56;98968.56;98968.56
2016.01.08;98968.56;98968.56;98968.56;98968.56
2016.01.11;98968.56;98968.56;98968.56;98968.56
2016.01.12;98968.56;98968.56;98968.56;98968.56
2016.01.13;98968.56;98968.56;98968.56;98968.56
2016.01.14;98968.56;98968.56;98968.56;98968.56
2016.01.15;98968.56;98968.56;98968.56;98968.56
2016.01.19;98968.56;98968.56;98968.56;98968.56
2016.01.20;98968.56;98968.56;98968.56;98968.56
2016.01.21;98968.56;98968.56;98968.56;98968.56
2016.01.22;98968.56;98968.56;98968.56;98968.56
2016.01.25;98968.56;98968.56;98968.56;98968.56
2016.01.26;98968.56;98968.56;98968.56;98968.56
2016.01.27;98968.56;98968.56;98968.56;98968.56
2016.01.28;98968.56;98968.56;98968.56;98968.56
2016.01.29;98968.56;98968.56;98968.56;98968.56
2016.02.01;98968.56;98968.56;98968.56;98968.56
2016.02.02;98968.56;98968.56;98968.56;98968.56
2016.02.03;98968.56;98968.56;98968.56;98968.56
2016.02.04;98968.56;98968.56;98968.56;98968.56
2016.02.05;98968.56;98968.56;98968.56;98968.56
2016.02.08;98968.56;98968.56;98968.56;98968.56
2016.02.09;98968.56;98968.56;98968.56;98968.56
2016.02.10;98968.56;98968.56;98968.56;98968.56
2016.02.11;98968.56;98968.56;98968.56;98968.56
2016.02.12;98968.56;98968.56;98968.56;98968.56
2016.02.16;98968.56;98968.56;98968.56;98968.56
2016.02.17;98968.56;98968.56;98968.56;98968.56
2016.02.18;98968.56;98968.56;98968.56;98968.56
2016.02.19;98968.56;98968.56;98968.56;98968.56
2016.02.22;98968.56;98968.56;98968.56;98968.56
2016.02.23;98968.56;98968.56;98968.56;98968.56
2016.02.24;98968.56;98968.56;98968.56;98968.56
2016.02.25;98968.56;98968.56;98968.56;98968.56
2016.02.26;98968.56;98968.56;98968.56;98968.56
2016.02.29;98968.56;98968.56;98968.56;98968.56
2016.03.01;98968.56;98968.56;98968.56;98968.56
2016.03.02;98968.56;98968.56;98968.56;98968.56
2016.03.03;98968.56;98968.56;98968.56;98968.56
2016.03.04;98968.56;98968.56;98968.56;98968.56
2016.03.07;98968.56;98968.56;98968.56;98968.56
2016.03.08;98968.56;98968.56;98968.56;98968.56
2016.03.09;98968.56;98968.56;98968.56;98968.56
2016.03.10;98968.56;98968.56;98968.56;98968.56
2016.03.11;98968.56;98968.56;98968.56;98968.56
2016.03.14;98968.56;98968.56;98968.56;98968.56
2016.03.15;98968.56;98968.56;98968.56;98968.56
2016.03.16;98968.56;98968.56;98968.56;98968.56
2016.03.17;98968.56;98968.56;98968.56;98968.56
2016.03.18;98968.56;98968.56;98968.56;98968.56
2016.03.21;98968.56;98968.56;98968.56;98968.56
2016.03.22;98968.56;98968.56;98968.56;98968.56
2016.03.23;98968.56;98968.56;98968.56;98968.56
2016.03.24;98968.56;98968.56;98968.56;98968.56
2016.03.28;98968.56;98968.56;98968.56;98968.56
2016.03.29;98968.56;98968.56;98968.56;98968.56
2016.03.30;98968.56;98968.56;98968.56;98968.56
2016.03.31;98968.56;98968.56;98968.56;98968.56
2016.04.01;98968.56;98968.56;98953.71;98953.71
2016.04.04;98953.71;98953.71;98633.08;98633.08
2016.04.05;98934.19;98633.08;98253.36;98253.36
2016.04.06;98927.75;98253.36;98253.36;98444.65
2016.04.07;98921.39;98444.65;98112.40;98112.40
2016.04.08;98914.99;98112.40;98112.40;98344.25
2016.04.11;98908.66;98344.25;98344.25;98422.75
2016.04.12;98889.51;98422.75;98422.75;98724.38
2016.04.13;98883.10;98724.38;98724.38;98988.83
2016.04.14;98876.63;98988.83;98954.66;98954.66
2016.04.15;98870.09;98954.66;98954.66;98990.00
2016.04.18;98863.57;98990.00;98990.00;99074.60
2016.04.19;98843.96;99074.60;99074.60;99410.87
2016.04.20;98837.41;99410.87;99151.21;99151.21
2016.04.21;98830.77;99151.21;98866.43;98866.43
2016.04.22;98824.19;98866.43;98866.43;98949.65
2016.04.25;98817.68;98949.65;98833.42;98833.42
2016.04.26;98798.07;98833.42;98833.42;99046.70
2016.04.27;98791.55;99046.70;99046.70;99307.51
2016.04.28;98784.99;99307.51;99065.13;99065.13
2016.04.29;98778.37;99065.13;98979.27;98979.27
2016.05.02;98771.80;98979.27;98979.27;99042.42
2016.05.03;98709.35;99042.42;98492.96;98492.96
2016.05.04;98702.77;98492.96;98302.61;98302.61
2016.05.05;98696.30;98302.61;98302.61;98399.74
2016.05.06;98689.88;98399.74;98399.74;98531.39
2016.05.09;98683.43;98531.39;97899.41;97899.41
2016.05.10;98663.99;97899.41;97899.41;98422.16
2016.05.11;98657.65;98422.16;98422.16;98771.84
2016.05.12;98651.18;98771.84;98740.10;98740.10
2016.05.13;98644.65;98740.10;98540.17;98540.17
2016.05.16;98638.11;98540.17;98540.17;99051.61
2016.05.17;98618.64;99051.61;99051.61;99187.55
2016.05.18;98612.03;99187.55;98662.91;98662.91
2016.05.19;98605.40;98662.91;98596.91;98596.91
2016.05.20;98598.87;98596.91;98596.91;98669.55
2016.05.23;98592.36;98669.55;98614.66;98614.66
2016.05.24;98572.77;98614.66;98614.66;98727.04
2016.05.25;98566.25;98727.04;98727.04;99108.27
2016.05.26;98559.70;99108.27;98946.72;98946.72
2016.05.27;98553.07;98946.72;98898.91;98898.91
2016.05.31;98546.47;98898.91;98641.26;98641.26
2016.06.01;98520.11;98641.26;98641.26;98670.62
2016.06.02;98794.79;98670.62;98566.65;98566.65
2016.06.03;98788.31;98566.65;98566.65;98710.20
2016.06.06;98781.85;98710.20;98710.20;99107.27
2016.06.07;98762.37;99107.27;99107.27;99405.95
2016.06.08;98755.79;99405.95;99405.95;99839.21
2016.06.09;98749.14;99839.21;99681.17;99681.17
2016.06.10;98742.39;99681.17;99131.77;99131.77
2016.06.13;98735.68;99131.77;98924.24;98924.24
2016.06.14;98715.90;98924.24;98843.84;98843.84
2016.06.15;98709.34;98843.84;98780.93;98780.93
2016.06.16;98702.81;98780.93;98316.18;98316.18
2016.06.17;98696.28;98316.18;98316.18;98851.29
2016.06.20;98689.86;98851.29;98851.29;99249.76
2016.06.21;98670.23;99249.76;99248.11;99248.11
2016.06.22;98663.59;99248.11;99047.94;99047.94
2016.06.23;98656.96;99047.94;99047.94;99522.83
2016.06.24;98650.37;99522.83;98747.15;98747.15
2016.06.27;98643.67;98747.15;98302.09;98302.09
2016.06.28;98624.08;98302.09;98302.09;98809.06
2016.06.29;98617.64;98809.06;98809.06;99457.80
2016.06.30;98611.09;99457.80;99457.80;99518.54
2016.07.01;98604.40;99518.54;99518.54;100050.56
2016.07.05;99112.90;100050.56;100050.56;100335.17
2016.07.06;99085.83;100335.17;100335.17;100399.87
2016.07.07;99078.99;100399.87;99984.28;99984.28
2016.07.08;99072.13;99984.28;99984.28;100467.76
2016.07.11;99065.37;100467.76;100467.76;100468.45
2016.07.12;99044.76;100468.45;100155.54;100155.54
2016.07.13;99037.88;100155.54;100155.54;100465.20
2016.07.14;99031.07;100465.20;100194.49;100194.49
2016.07.15;99024.20;100194.49;100057.97;100057.97
2016.07.18;99017.38;100057.97;100057.97;100063.49
2016.07.19;98997.00;100063.49;100027.00;100027.00
2016.07.20;98990.20;100027.00;99702.75;99702.75
2016.07.21;98983.41;99702.75;99702.75;99983.06
2016.07.22;98976.69;99983.06;99983.06;100052.14
2016.07.25;98969.91;100052.14;99944.30;99944.30
2016.07.26;98949.51;99944.30;99893.46;99893.46
2016.07.27;98942.72;99893.46;99893.46;100153.25
2016.07.28;98935.95;100153.25;100136.66;100136.66
2016.07.29;98929.12;100136.66;100136.66;100381.42
2016.08.01;98922.29;100381.42;100328.88;100328.88
2016.08.02;98810.36;100328.88;100286.39;100286.39
2016.08.03;98803.46;100286.39;100112.01;100112.01
2016.08.04;98796.56;100112.01;100112.01;100132.80
2016.08.05;98789.70;100132.80;99792.51;99792.51
2016.08.08;98782.83;99792.51;99792.51;99831.03
2016.08.09;98762.45;99831.03;99831.03;100016.04
2016.08.10;98755.64;100016.04;100016.04;100160.05
2016.08.11;98748.79;100160.05;100040.44;100040.44
2016.08.12;98741.91;100040.44;99906.14;99906.14
2016.08.15;98735.05;99906.14;99906.14;100032.67
2016.08.16;98714.57;100032.67;99930.96;99930.96
2016.08.17;98707.71;99930.96;99844.68;99844.68
2016.08.18;98700.86;99844.68;99844.68;99970.80
2016.08.19;98694.04;99970.80;99608.17;99608.17
2016.08.22;98687.19;99608.17;99338.76;99338.76
2016.08.23;98666.87;99338.76;99277.31;99277.31
2016.08.24;98660.15;99277.31;99050.18;99050.18
2016.08.25;98653.44;99050.18;99050.18;99079.13
2016.08.26;98646.78;99079.13;98961.74;98961.74
2016.08.29;98640.11;98961.74;98961.74;99168.83
2016.08.30;98620.18;99168.83;98942.30;98942.30
2016.08.31;98613.49;98942.30;98869.22;98869.22
2016.09.01;98606.85;98869.22;98869.22;99016.52
2016.09.02;99016.52;99016.52;99016.52;99168.48
2016.09.06;99010.01;99168.48;99168.48;99256.78
2016.09.07;98983.82;99256.78;99256.78;99298.78
2016.09.08;98977.25;99298.78;99141.22;99141.22
2016.09.09;98970.67;99141.22;98460.62;98460.62
2016.09.12;98964.12;98460.62;98460.62;98826.05
2016.09.13;98944.91;98826.05;98470.35;98470.35
2016.09.14;98938.42;98470.35;98470.35;98512.57
2016.09.15;98932.01;98512.57;98512.57;98843.86
2016.09.16;98925.59;98843.86;98573.47;98573.47
2016.09.19;98919.10;98573.47;98573.47;98598.53
2016.09.20;98899.79;98598.53;98598.53;98636.20
2016.09.21;98893.34;98636.20;98636.20;98930.91
2016.09.22;98886.88;98930.91;98930.91;99158.25
2016.09.23;98880.36;99158.25;98970.92;98970.92
2016.09.26;98873.79;98970.92;98605.96;98605.96
2016.09.27;98854.18;98605.96;98605.96;98795.18
2016.09.28;98847.73;98795.18;98795.18;98922.92
2016.09.29;98841.23;98922.92;98567.34;98567.34
2016.09.30;98834.70;98567.34;98567.34;98918.07
2016.10.03;98828.24;98918.07;98778.33;98778.33
2016.10.04;98817.87;98778.33;98681.95;98681.95
2016.10.05;98811.38;98681.95;98681.95;99039.91
2016.10.06;98804.91;99039.91;99039.91;99082.26
2016.10.07;98798.36;99082.26;98858.81;98858.81
2016.10.10;98791.80;98858.81;98858.81;99254.54
2016.10.11;98772.25;99254.54;98957.44;98957.44
2016.10.12;98765.64;98957.44;98753.74;98753.74
2016.10.13;98759.10;98753.74;98694.93;98694.93
2016.10.14;98752.60;98694.93;98648.73;98648.73
2016.10.17;98746.11;98648.73;98524.54;98524.54
2016.10.18;98726.68;98524.54;98524.54;98704.53
2016.10.19;98720.22;98704.53;98704.53;98980.02
2016.10.20;98713.72;98980.02;98876.73;98876.73
2016.10.21;98707.16;98876.73;98827.02;98827.02
2016.10.24;98700.63;98827.02;98786.45;98786.45
2016.10.25;98681.04;98786.45;98628.24;98628.24
2016.10.26;98674.52;98628.24;98489.84;98489.84
2016.10.27;98668.03;98489.84;98489.84;98548.04
2016.10.28;98661.57;98548.04;98416.90;98416.90
2016.10.31;98655.09;98416.90;98018.41;98018.41
2016.11.01;98635.75;98018.41;97939.08;97939.08
2016.11.02;98245.47;97939.08;97552.44;97552.44
2016.11.03;98239.07;97552.44;97387.31;97387.31
2016.11.04;98232.75;97387.31;97190.14;97190.14
2016.11.07;98226.46;97190.14;97190.14;97626.89
2016.11.08;98207.74;97626.89;97626.89;97665.07
2016.11.09;98201.40;97665.07;97433.26;97433.26
2016.11.10;98195.05;97433.26;96981.33;96981.33
2016.11.11;98188.75;96981.33;96798.37;96798.37
2016.11.14;98182.54;96798.37;96740.02;96740.02
2016.11.15;98164.05;96740.02;96740.02;97273.08
2016.11.16;98157.89;97273.08;97176.56;97176.56
2016.11.17;98151.62;97176.56;97176.56;97261.62
2016.11.18;98145.36;97261.62;97243.58;97243.58
2016.11.21;98139.09;97243.58;97243.58;97733.64
2016.11.22;98120.27;97733.64;97702.27;97702.27
2016.11.23;98113.88;97702.27;97621.76;97621.76
2016.11.25;98107.51;97621.76;97452.50;97452.50
2016.11.28;98094.78;97452.50;97452.50;97714.68
2016.11.29;98075.80;97714.68;97496.99;97496.99
2016.11.30;98069.41;97496.99;97496.99;97740.40
2016.12.01;98063.07;97740.40;97700.37;97700.37
2016.12.02;97700.37;97700.37;97630.45;97630.45
2016.12.05;97693.95;97630.45;97630.45;97882.57
2016.12.06;97674.71;97882.57;97882.57;98020.95
2016.12.07;97668.24;98020.95;98020.95;98398.44
2016.12.08;97661.74;98398.44;98398.44;98580.31
2016.12.09;97655.15;98580.31;98580.31;98662.20
2016.12.12;97648.52;98662.20;98495.47;98495.47
2016.12.13;97628.57;98495.47;98495.47;98583.58
2016.12.14;97621.96;98583.58;98218.11;98218.11
2016.12.15;97615.32;98218.11;98218.11;98356.96
2016.12.16;97608.76;98356.96;98302.93;98302.93
2016.12.19;97602.17;98302.93;98302.93;98342.74
2016.12.20;97582.43;98342.74;98342.74;98519.78
2016.12.21;97575.84;98519.78;98427.17;98427.17
2016.12.22;97569.21;98427.17;98351.65;98351.65
2016.12.23;97562.59;98351.65;98351.65;98398.50
2016.12.27;97556.00;98398.50;98398.50;98448.03
2016.12.28;97529.55;98448.03;98126.11;98126.11
2016.12.29;97522.93;98126.11;98054.47;98054.47
2016.12.30;97516.37;98054.47;97987.24;97987.24
2017.01.03;97509.82;97987.24;97987.24;98202.39
2017.01.04;97494.23;98202.39;98202.39;98458.23
2017.01.05;97487.64;98458.23;98343.56;98343.56
2017.01.06;97480.99;98343.56;98328.60;98328.60
2017.01.09;97474.37;98328.60;97860.42;97860.42
2017.01.10;97454.51;97860.42;97720.78;97720.78
2017.01.11;97447.98;97720.78;97720.78;98048.16
2017.01.12;97441.49;98048.16;97997.13;97997.13
2017.01.13;97434.92;97997.13;97982.01;97982.01
2017.01.17;97428.37;97982.01;97730.08;97730.08
2017.01.18;97402.14;97730.08;97618.76;97618.76
2017.01.19;97395.64;97618.76;97484.25;97484.25
2017.01.20;97389.16;97484.25;97484.25;97721.24
2017.01.23;97382.70;97721.24;97498.93;97498.93
2017.01.24;97363.18;97498.93;97498.93;97813.10
2017.01.25;97356.71;97813.10;97813.10;98003.78
2017.01.26;97350.18;98003.78;98003.78;98133.16
2017.01.27;97343.60;98133.16;97910.47;97910.47
2017.01.30;97336.99;97910.47;97511.35;97511.35
2017.01.31;97317.32;97511.35;97511.35;97538.19
2017.02.01;97310.84;97538.19;97538.19;97557.08
2017.02.02;97557.08;97557.08;97557.08;97558.44
2017.02.03;97550.66;97558.44;97558.44;97681.85
2017.02.06;97544.25;97681.85;97543.96;97543.96
2017.02.07;97524.91;97543.96;97543.96;97545.56
2017.02.08;97518.48;97545.56;97545.56;97609.50
2017.02.09;97512.06;97609.50;97609.50;97715.59
2017.02.10;97505.62;97715.59;97715.59;97829.26
2017.02.13;97499.16;97829.26;97829.26;97940.50
2017.02.14;97479.69;97940.50;97940.50;97994.22
2017.02.15;97473.18;97994.22;97994.22;98130.68
2017.02.16;97466.65;98130.68;98130.68;98151.54
2017.02.17;97460.08;98151.54;98145.89;98145.89
2017.02.21;97453.52;98145.89;98145.89;98342.05
2017.02.22;97427.24;98342.05;98342.05;98391.78
2017.02.23;97420.62;98391.78;98341.15;98341.15
2017.02.24;97414.00;98341.15;98191.55;98191.55
2017.02.27;97407.38;98191.55;98177.13;98177.13
2017.02.28;97387.61;98177.13;98025.19;98025.19
2017.03.01;97381.02;98025.19;98025.19;98405.43
2017.03.02;98054.74;98405.43;97974.32;97974.32
2017.03.03;98048.20;97974.32;97974.32;98082.97
2017.03.06;98041.76;98082.97;97905.91;97905.91
2017.03.07;98022.36;97905.91;97658.18;97658.18
2017.03.08;98015.93;97658.18;97552.47;97552.47
2017.03.09;98009.55;97552.47;97445.26;97445.26
2017.03.10;98003.19;97445.26;97445.26;97552.89
2017.03.13;97996.85;97552.89;97508.17;97508.17
2017.03.14;97977.77;97508.17;97383.55;97383.55
2017.03.15;97971.41;97383.55;97383.55;97835.39
2017.03.16;97965.09;97835.39;97768.64;97768.64
2017.03.17;97958.66;97768.64;97764.59;97764.59
2017.03.20;97952.24;97764.59;97764.59;97786.54
2017.03.21;97932.99;97786.54;97715.88;97715.88
2017.03.22;97926.56;97715.88;97715.88;97785.10
2017.03.23;97920.15;97785.10;97748.12;97748.12
2017.03.24;97913.72;97748.12;97748.12;97832.44
2017.03.27;97907.30;97832.44;97832.44;98030.41
2017.03.28;97887.97;98030.41;98030.41;98057.91
2017.03.29;97881.49;98057.91;98057.91;98136.64
2017.03.30;97874.99;98136.64;98048.32;98048.32
2017.03.31;97868.47;98048.32;98048.32;98073.85
2017.04.03;97861.98;98073.85;98068.33;98068.33
2017.04.04;97651.40;98068.33;98068.33;98106.26
2017.04.05;97644.87;98106.26;98057.06;98057.06
2017.04.06;97638.33;98057.06;98024.36;98024.36
2017.04.07;97631.79;98024.36;97965.04;97965.04
2017.04.10;97625.26;97965.04;97917.79;97917.79
2017.04.11;97605.72;97917.79;97830.74;97830.74
2017.04.12;97599.21;97830.74;97830.74;97858.18
2017.04.13;97592.71;97858.18;97736.31;97736.31
2017.04.17;97586.21;97736.31;97736.31;97949.00
2017.04.18;97560.32;97949.00;97853.74;97853.74
2017.04.19;97553.79;97853.74;97757.79;97757.79
2017.04.20;97547.28;97757.79;97757.79;97942.39
2017.04.21;97540.80;97942.39;97942.39;97956.20
2017.04.24;97534.27;97956.20;97956.20;98259.90
2017.04.25;97514.66;98259.90;98259.90;98403.66
2017.04.26;97508.06;98403.66;98326.82;98326.82
2017.04.27;97501.42;98326.82;98326.82;98414.48
2017.04.28;97494.80;98414.48;98414.48;98416.50
2017.05.01;97488.16;98416.50;98416.50;98507.35
2017.05.02;97677.61;98507.35;98507.35;98630.83
2017.05.03;97670.97;98630.83;98518.46;98518.46
2017.05.04;97664.31;98518.46;98518.46;98627.68
2017.05.05;97657.66;98627.68;98627.68;98908.38
2017.05.08;97651.00;98908.38;98738.50;98738.50
2017.05.09;97630.80;98738.50;98738.50;98816.35
2017.05.10;97624.10;98816.35;98816.35;98868.57
2017.05.11;97617.39;98868.57;98836.35;98836.35
2017.05.12;97610.66;98836.35;98836.35;98990.12
2017.05.15;97603.93;98990.12;98990.12;99161.12
2017.05.16;97583.65;99161.12;99161.12;99313.37
2017.05.17;97576.85;99313.37;98771.73;98771.73
2017.05.18;97570.02;98771.73;98733.36;98733.36
2017.05.19;97563.30;98733.36;98733.36;99089.58
2017.05.22;97556.58;99089.58;99089.58;99168.53
2017.05.23;97536.21;99168.53;99168.53;99168.59
2017.05.24;97529.40;99168.59;99168.59;99240.96
2017.05.25;97522.58;99240.96;99240.96;99328.48
2017.05.26;97515.75;99328.48;99300.13;99300.13
2017.05.30;97508.90;99300.13;99238.24;99238.24
2017.05.31;97481.50;99238.24;99227.75;99227.75
2017.06.01;97474.66;99227.75;99227.75;99392.25
2017.06.02;97820.55;99392.25;99392.25;99687.25
2017.06.05;97813.73;99687.25;99567.27;99567.27
2017.06.06;97793.07;99567.27;99424.05;99424.05
2017.06.07;97786.20;99424.05;99424.05;99461.49
2017.06.08;97779.37;99461.49;99399.50;99399.50
2017.06.09;97772.52;99399.50;99098.84;99098.84
2017.06.12;97765.69;99098.84;98932.03;98932.03
2017.06.13;97745.38;98932.03;98932.03;99144.93
2017.06.14;97738.64;99144.93;99107.14;99107.14
2017.06.15;97731.86;99107.14;98795.98;98795.98
2017.06.16;97725.08;98795.98;98795.98;98971.93
2017.06.19;97718.37;98971.93;98971.93;99185.52
2017.06.20;97698.11;99185.52;98857.70;98857.70
2017.06.21;97691.31;98857.70;98857.70;98915.94
2017.06.22;97684.57;98915.94;98891.56;98891.56
2017.06.23;97677.83;98891.56;98891.56;98959.61
2017.06.26;97671.08;98959.61;98947.67;98947.67
2017.06.27;97650.80;98947.67;98802.15;98802.15
2017.06.28;97644.04;98802.15;98802.15;99112.59
2017.06.29;97637.31;99112.59;98726.07;98726.07
2017.06.30;97630.51;98726.07;98703.61;98703.61
2017.07.03;97623.79;98703.61;98564.05;98564.05
2017.07.05;98564.05;98564.05;98564.05;98594.26
2017.07.06;98551.09;98594.26;98285.68;98285.68
2017.07.07;98544.60;98285.68;98285.68;98336.98
2017.07.10;98538.17;98336.98;98336.98;98374.80
2017.07.11;98518.85;98374.80;98367.84;98367.84
2017.07.12;98512.40;98367.84;98367.84;98629.70
2017.07.13;98505.95;98629.70;98629.70;98664.99
2017.07.14;98499.44;98664.99;98664.99;98781.10
2017.07.17;98492.92;98781.10;98695.50;98695.50
2017.07.18;98473.28;98695.50;98695.50;98769.99
2017.07.19;98466.75;98769.99;98769.99;98893.86
2017.07.20;98460.20;98893.86;98893.86;98946.22
2017.07.21;98453.62;98946.22;98946.22;98957.40
2017.07.24;98447.03;98957.40;98957.40;98961.29
2017.07.25;98427.25;98961.29;98875.86;98875.86
2017.07.26;98420.65;98875.86;98869.73;98869.73
2017.07.27;98414.07;98869.73;98691.69;98691.69
2017.07.28;98407.48;98691.69;98691.69;98762.22
2017.07.31;98400.94;98762.22;98762.22;98806.98
2017.08.01;98381.25;98806.98;98806.98;98904.23
2017.08.02;98394.04;98904.23;98904.23;98936.55
2017.08.03;98387.44;98936.55;98795.26;98795.26
2017.08.04;98380.84;98795.26;98795.26;98931.43
2017.08.07;98374.26;98931.43;98931.43;98946.85
2017.08.08;98354.43;98946.85;98857.45;98857.45
2017.08.09;98347.81;98857.45;98854.36;98854.36
2017.08.10;98341.21;98854.36;98261.41;98261.41
2017.08.11;98334.61;98261.41;98261.41;98322.47
2017.08.14;98328.14;98322.47;98322.47;98332.47
2017.08.15;98308.68;98332.47;98332.47;98362.82
2017.08.16;98302.18;98362.82;98309.63;98309.63
2017.08.17;98295.68;98309.63;98021.18;98021.18
2017.08.18;98289.19;98021.18;98021.18;98307.22
2017.08.21;98282.76;98307.22;98136.93;98136.93
2017.08.22;98263.28;98136.93;98136.93;98429.87
2017.08.23;98256.82;98429.87;98429.87;98461.99
2017.08.24;98250.29;98461.99;98376.77;98376.77
2017.08.25;98243.76;98376.77;98376.77;98468.38
2017.08.28;98237.24;98468.38;98250.46;98250.46
2017.08.29;98217.62;98250.46;98168.62;98168.62
2017.08.30;98211.13;98168.62;98168.62;98183.50
2017.08.31;98204.65;98183.50;98183.50;98508.80
2017.09.01;98198.17;98508.80;98508.80;98583.27
2017.09.05;97956.25;98583.27;98548.27;98548.27
2017.09.06;97929.77;98548.27;98543.64;98543.64
2017.09.07;97923.15;98543.64;98543.64;98799.91
2017.09.08;97916.53;98799.91;98634.80;98634.80
2017.09.11;97909.86;98634.80;98609.68;98609.68
2017.09.12;97889.93;98609.68;98609.68;98686.52
2017.09.13;97883.29;98686.52;98513.97;98513.97
2017.09.14;97876.63;98513.97;98513.97;98540.19
2017.09.15;97870.00;98540.19;98508.43;98508.43
2017.09.18;97863.37;98508.43;98299.93;98299.93
2017.09.19;97843.50;98299.93;98299.93;98398.98
2017.09.20;97836.92;98398.98;98190.95;98190.95
2017.09.21;97830.31;98190.95;98018.11;98018.11
2017.09.22;97823.75;98018.11;98010.88;98010.88
2017.09.25;97817.22;98010.88;97913.82;97913.82
2017.09.26;97797.64;97913.82;97698.35;97698.35
2017.09.27;97791.13;97698.35;97634.55;97634.55
2017.09.28;97784.67;97634.55;97634.55;97684.88
2017.09.29;97778.22;97684.88;97684.88;97702.99
2017.10.02;97771.76;97702.99;97588.90;97588.90
2017.10.03;97588.90;97588.90;97588.90;97648.86
2017.10.04;97582.48;97648.86;97618.46;97618.46
2017.10.05;97576.04;97618.46;97618.46;97707.56
2017.10.06;97569.62;97707.56;97614.52;97614.52
2017.10.09;97563.17;97614.52;97574.14;97574.14
2017.10.10;97543.88;97574.14;97574.14;97652.27
2017.10.11;97537.45;97652.27;97652.27;97704.40
2017.10.12;97531.01;97704.40;97670.81;97670.81
2017.10.13;97524.55;97670.81;97670.81;97682.60
2017.10.16;97518.10;97682.60;97651.99;97651.99
2017.10.17;97498.74;97651.99;97598.39;97598.39
2017.10.18;97492.28;97598.39;97598.16;97598.16
2017.10.19;97485.84;97598.16;97567.97;97567.97
2017.10.20;97479.40;97567.97;97567.97;97629.87
2017.10.23;97472.96;97629.87;97481.76;97481.76
2017.10.24;97453.60;97481.76;97481.76;97573.60
2017.10.25;97447.18;97573.60;97439.95;97439.95
2017.10.26;97440.73;97439.95;97439.95;97574.41
2017.10.27;97434.31;97574.41;97574.41;97602.86
2017.10.30;97427.86;97602.86;97542.05;97542.05
2017.10.31;97408.49;97542.05;97542.05;97671.51
2017.11.01;97402.04;97671.51;97671.51;97777.23
2017.11.02;97753.70;97777.23;97777.23;97887.51
2017.11.03;97747.27;97887.51;97887.51;98017.42
2017.11.06;97740.81;98017.42;98017.42;98378.42
2017.11.07;97721.35;98378.42;98305.34;98305.34
2017.11.08;97714.77;98305.34;98218.81;98218.81
2017.11.09;97708.22;98218.81;98181.41;98181.41
2017.11.10;97701.68;98181.41;98031.65;98031.65
2017.11.13;97695.14;98031.65;97921.13;97921.13
2017.11.14;97675.64;97921.13;97585.33;97585.33
2017.11.15;97669.16;97585.33;97435.46;97435.46
2017.11.16;97662.75;97435.46;97435.46;97501.43
2017.11.17;97656.37;97501.43;97501.43;97674.42
2017.11.20;97649.98;97674.42;97660.01;97660.01
2017.11.21;97630.68;97660.01;97660.01;97839.55
2017.11.22;97624.25;97839.55;97839.55;97965.72
2017.11.24;97617.77;97965.72;97965.72;98159.08
2017.11.27;97604.76;98159.08;97893.20;97893.20
2017.11.28;97585.11;97893.20;97893.20;98145.21
2017.11.29;97578.62;98145.21;98145.21;98215.93
2017.11.30;97572.07;98215.93;98215.93;98375.47
2017.12.01;97565.50;98375.47;98375.47;98533.50
2017.12.04;97933.27;98533.50;98215.68;98215.68
2017.12.05;97913.51;98215.68;98215.68;98230.26
2017.12.06;97906.98;98230.26;98002.24;98002.24
2017.12.07;97900.46;98002.24;98002.24;98198.44
2017.12.08;97893.98;98198.44;98198.44;98407.74
2017.12.11;97887.46;98407.74;98407.74;98567.70
2017.12.12;97867.75;98567.70;98503.49;98503.49
2017.12.13;97861.14;98503.49;98481.26;98481.26
2017.12.14;97854.55;98481.26;98475.58;98475.58
2017.12.15;97847.95;98475.58;98475.58;98615.86
2017.12.18;97841.36;98615.86;98615.86;98785.71
2017.12.19;97821.49;98785.71;98691.01;98691.01
2017.12.20;97814.82;98691.01;98691.01;98749.26
2017.12.21;97808.17;98749.26;98749.26;98770.63
2017.12.22;97801.51;98770.63;98770.63;98799.86
2017.12.26;97794.84;98799.86;98799.86;98917.25
2017.12.27;97768.14;98917.25;98895.54;98895.54
2017.12.28;97761.43;98895.54;98895.54;98937.67
2017.12.29;97754.73;98937.67;98909.01;98909.01
2018.01.02;97748.01;98909.01;98909.01;99056.96
2018.01.03;98269.63;99056.96;99056.96;99303.50
2018.01.04;98262.97;99303.50;99303.50;99417.14
2018.01.05;98256.25;99417.14;99417.14;99513.95
2018.01.08;98249.50;99513.95;99513.95;99599.28
2018.01.09;98229.18;99599.28;99599.28;99773.47
2018.01.10;98222.39;99773.47;99773.47;99797.69
2018.01.11;98215.56;99797.69;99797.69;100014.53
2018.01.12;98208.72;100014.53;100014.53;100296.30
2018.01.16;98201.83;100296.30;100102.72;100102.72
2018.01.17;98174.02;100102.72;100102.72;100274.73
2018.01.18;98167.10;100274.73;100183.32;100183.32
2018.01.19;98160.14;100183.32;100183.32;100323.53
2018.01.22;98153.21;100323.53;100323.53;100487.60
2018.01.23;98132.30;100487.60;100487.60;100654.13
2018.01.24;98125.29;100654.13;100654.13;100858.38
2018.01.25;98118.24;100858.38;100741.27;100741.27
2018.01.26;98111.15;100741.27;100741.27;101060.56
2018.01.29;98104.07;101060.56;100846.46;100846.46
2018.01.30;98082.65;100846.46;100545.23;100545.23
2018.01.31;98075.55;100545.23;100545.23;100554.02
2018.02.01;98068.51;100554.02;100554.02;100571.20
2018.02.02;98520.38;100571.20;100010.19;100010.19
2018.02.05;98513.39;100010.19;98994.58;98994.58
2018.02.06;98492.77;98994.58;98994.58;99553.38
2018.02.07;98486.12;99553.38;98975.69;98975.69
2018.02.08;98479.34;98975.69;97922.68;97922.68
2018.02.09;98472.69;97922.68;97922.68;98039.60
2018.02.12;98466.27;98039.60;98039.60;98375.86
2018.02.13;98446.92;98375.86;98375.86;98485.97
2018.02.14;98440.39;98485.97;98485.97;99122.29
2018.02.15;98433.84;99122.29;99122.29;99571.02
2018.02.16;98427.14;99571.02;99502.83;99502.83
2018.02.20;98420.35;99502.83;99371.62;99371.62
2018.02.21;98393.23;99371.62;99259.34;99259.34
2018.02.22;98386.47;99259.34;99259.34;99467.72
2018.02.23;98379.74;99467.72;99467.72;99972.10
2018.02.26;98372.95;99972.10;99972.10;100247.09
2018.02.27;98352.27;100247.09;99617.62;99617.62
2018.02.28;98345.31;99617.62;99234.11;99234.11
2018.03.01;98338.49;99234.11;98979.57;98979.57
2018.03.02;98931.17;98979.57;98979.57;99137.46
2018.03.05;98924.62;99137.46;99137.46;99472.68
2018.03.06;98904.87;99472.68;99472.68;99599.33
2018.03.07;98898.21;99599.33;99586.49;99586.49
2018.03.08;98891.52;99586.49;99586.49;99702.83
2018.03.09;98884.83;99702.83;99702.83;100292.76
2018.03.12;98878.11;100292.76;100292.76;100337.69
2018.03.13;98857.57;100337.69;99992.69;99992.69
2018.03.14;98850.71;99992.69;99881.90;99881.90
2018.03.15;98843.92;99881.90;99867.29;99867.29
2018.03.16;98837.16;99867.29;99828.01;99828.01
2018.03.19;98830.40;99828.01;99337.93;99337.93
2018.03.20;98810.13;99337.93;99337.93;99417.20
2018.03.21;98803.48;99417.20;99323.55;99323.55
2018.03.22;98796.81;99323.55;98493.58;98493.58
2018.03.23;98790.16;98493.58;97728.42;97728.42
2018.03.26;98783.68;97728.42;97728.42;98694.26
2018.03.27;98764.77;98694.26;97918.57;97918.57
2018.03.28;98758.25;97918.57;97703.75;97703.75
2018.03.29;98751.89;97703.75;97703.75;98169.43
2018.04.02;98745.59;98169.43;97360.80;97360.80
2018.04.03;97360.80;97360.80;97320.09;97320.09
2018.04.04;97354.40;97320.09;97320.09;97326.82
2018.04.05;97348.00;97326.82;97312.36;97312.36
2018.04.06;97341.60;97312.36;97312.36;97341.73
2018.04.09;97335.21;97341.73;97341.73;97378.00
2018.04.10;97315.99;97378.00;97315.49;97315.49
2018.04.11;97309.57;97315.49;97315.49;97334.32
2018.04.12;97303.17;97334.32;97178.87;97178.87
2018.04.13;97296.76;97178.87;97178.87;97256.75
2018.04.16;97290.38;97256.75;97256.75;97346.66
2018.04.17;97271.19;97346.66;97346.66;97442.00
2018.04.18;97264.77;97442.00;97313.67;97313.67
2018.04.19;97258.33;97313.67;97201.11;97201.11
2018.04.20;97251.91;97201.11;97034.03;97034.03
2018.04.23;97245.52;97034.03;96994.28;96994.28
2018.04.24;97226.45;96994.28;96981.97;96981.97
2018.04.25;97220.09;96981.97;96915.01;96915.01
2018.04.26;97213.74;96915.01;96915.01;97078.45
2018.04.27;97207.40;97078.45;97078.45;97210.96
2018.04.30;97201.03;97210.96;97185.10;97185.10
2018.05.01;97181.81;97185.10;97102.08;97102.08
2018.05.02;96918.52;97102.08;97102.08;97111.89
2018.05.03;96912.09;97111.89;97111.89;97178.86
2018.05.04;96905.66;97178.86;97178.86;97404.34
2018.05.07;96899.21;97404.34;97366.85;97366.85
2018.05.08;96879.70;97366.85;97206.03;97206.03
2018.05.09;96873.21;97206.03;97206.03;97580.53
2018.05.10;96866.74;97580.53;97580.53;97768.10
2018.05.11;96860.19;97768.10;97707.09;97707.09
2018.05.14;96853.61;97707.09;97707.09;97796.02
2018.05.15;96833.87;97796.02;97720.73;97720.73
2018.05.16;96827.27;97720.73;97720.73;97744.53
2018.05.17;96820.68;97744.53;97744.53;97852.29
2018.05.18;96814.09;97852.29;97726.17;97726.17
2018.05.21;96807.47;97726.17;97726.17;98009.27
2018.05.22;96787.70;98009.27;97871.75;97871.75
2018.05.23;96781.04;97871.75;97801.95;97801.95
2018.05.24;96774.41;97801.95;97565.79;97565.79
2018.05.25;96767.79;97565.79;97000.55;97000.55
2018.05.29;96761.23;97000.55;96737.76;96737.76
2018.05.30;96735.46;96737.76;96737.76;97298.87
2018.05.31;96729.06;97298.87;97070.31;97070.31
2018.06.01;96722.55;97070.31;96852.09;96852.09
2018.06.04;96552.23;96852.09;96852.09;96929.70
2018.06.05;96532.91;96929.70;96929.70;96998.86
2018.06.06;96526.45;96998.86;96998.86;97172.28
2018.06.07;96519.97;97172.28;97120.18;97120.18
2018.06.08;96513.45;97120.18;97109.10;97109.10
2018.06.11;96506.95;97109.10;97109.10;97168.34
2018.06.12;96487.43;97168.34;97168.34;97211.40
2018.06.13;96480.91;97211.40;97108.56;97108.56
2018.06.14;96474.37;97108.56;97108.56;97257.59
2018.06.15;96467.86;97257.59;97036.23;97036.23
2018.06.18;96461.31;97036.23;97036.23;97129.64
2018.06.19;96441.81;97129.64;97047.54;97047.54
2018.06.20;96435.29;97047.54;97047.54;97202.41
2018.06.21;96428.78;97202.41;96865.08;96865.08
2018.06.22;96422.24;96865.08;96865.08;96940.69
2018.06.25;96415.76;96940.69;96331.51;96331.51
2018.06.26;96396.30;96331.51;96331.51;96518.91
2018.06.27;96389.94;96518.91;96298.45;96298.45
2018.06.28;96383.54;96298.45;96298.45;96451.96
2018.06.29;96377.18;96451.96;96451.96;96503.99
2018.07.02;96370.79;96503.99;96503.99;96513.16
2018.07.03;96466.15;96513.16;96513.16;96522.50
2018.07.05;96459.79;96522.50;96522.50;96657.14
2018.07.06;96447.05;96657.14;96657.14;96888.66
2018.07.09;96440.65;96888.66;96888.66;96968.67
2018.07.10;96421.30;96968.67;96968.67;96998.78
2018.07.11;96414.83;96998.78;96521.38;96521.38
2018.07.12;96408.34;96521.38;96521.38;96656.53
2018.07.13;96401.97;96656.53;96656.53;96658.63
2018.07.16;96395.56;96658.63;96332.42;96332.42
2018.07.17;96376.33;96332.42;96322.15;96322.15
2018.07.18;96369.98;96322.15;96322.15;96377.97
2018.07.19;96363.64;96377.97;96377.97;96490.91
2018.07.20;96357.28;96490.91;96365.86;96365.86
2018.07.23;96350.90;96365.86;96299.12;96299.12
2018.07.24;96331.83;96299.12;96238.55;96238.55
2018.07.25;96325.49;96238.55;96238.55;96476.81
2018.07.26;96319.15;96476.81;96476.81;96520.14
2018.07.27;96312.76;96520.14;96215.42;96215.42
2018.07.30;96306.37;96215.42;96190.17;96190.17
2018.07.31;96287.37;96190.17;96190.17;96306.99
2018.08.01;96281.03;96306.99;96194.50;96194.50
2018.08.02;96615.55;96194.50;96194.50;96454.83
2018.08.03;96609.31;96454.83;96454.83;96614.73
2018.08.06;96603.01;96614.73;96614.73;96640.36
2018.08.07;96584.01;96640.36;96603.19;96603.19
2018.08.08;96577.66;96603.19;96291.37;96291.37
2018.08.09;96571.33;96291.37;96278.58;96278.58
2018.08.10;96565.06;96278.58;96278.58;96278.66
2018.08.13;96558.79;96278.66;96238.04;96238.04
2018.08.14;96539.98;96238.04;96238.04;96321.56
2018.08.15;96533.71;96321.56;96168.10;96168.10
2018.08.16;96527.42;96168.10;96168.10;96475.72
2018.08.17;96521.17;96475.72;96475.72;96616.73
2018.08.20;96514.85;96616.73;96616.73;96625.67
2018.08.21;96495.79;96625.67;96546.55;96546.55
2018.08.22;96489.43;96546.55;96546.55;96659.23
2018.08.23;96483.08;96659.23;96627.26;96627.26
2018.08.24;96476.71;96627.26;96627.26;96756.16
2018.08.27;96470.35;96756.16;96756.16;96756.30
2018.08.28;96451.16;96756.30;96680.49;96680.49
2018.08.29;96444.77;96680.49;96680.49;96895.90
2018.08.30;96438.38;96895.90;96895.90;96907.01
2018.08.31;96431.95;96907.01;96845.23;96845.23
2018.09.04;96425.51;96845.23;96698.35;96698.35
2018.09.05;96447.67;96698.35;96688.51;96688.51
2018.09.06;96441.26;96688.51;96663.02;96663.02
2018.09.07;96434.85;96663.02;96600.36;96600.36
2018.09.10;96428.45;96600.36;96600.36;96604.77
2018.09.11;96409.28;96604.77;96604.77;96681.13
2018.09.12;96402.89;96681.13;96681.13;96710.92
2018.09.13;96396.48;96710.92;96710.92;96968.58
2018.09.14;96390.06;96968.58;96968.58;96970.96
2018.09.17;96383.58;96970.96;96810.81;96810.81
2018.09.18;96364.14;96810.81;96810.81;97015.14
2018.09.19;96357.69;97015.14;97015.14;97015.38
2018.09.20;96351.19;97015.38;97015.38;97251.95
2018.09.21;96344.70;97251.95;97251.95;97293.28
2018.09.24;96338.15;97293.28;97147.64;97147.64
2018.09.25;96318.47;97147.64;97066.76;97066.76
2018.09.26;96311.93;97066.76;97018.97;97018.97
2018.09.27;96305.42;97018.97;97018.97;97117.65
2018.09.28;96298.91;97117.65;97117.65;97161.26
2018.10.01;96292.38;97161.26;97161.26;97330.50
2018.10.02;96548.38;97330.50;97203.18;97203.18
2018.10.03;96541.83;97203.18;97203.18;97264.39
2018.10.04;96535.32;97264.39;96866.46;96866.46
2018.10.05;96528.79;96866.46;96721.05;96721.05
2018.10.08;96522.34;96721.05;96721.05;96726.35
2018.10.09;96503.09;96726.35;96726.35;96759.64
2018.10.10;96496.67;96759.64;95905.39;95905.39
2018.10.11;96490.24;95905.39;95218.16;95218.16
2018.10.12;96484.00;95218.16;95218.16;95610.14
2018.10.15;96477.90;95610.14;95502.38;95502.38
2018.10.16;96459.36;95502.38;95502.38;96017.39
2018.10.17;96453.20;96017.39;95798.22;95798.22
2018.10.18;96446.92;95798.22;95363.38;95363.38
2018.10.19;96440.69;95363.38;95318.73;95318.73
2018.10.22;96434.55;95318.73;95239.44;95239.44
2018.10.23;96416.17;95239.44;94835.89;94835.89
2018.10.24;96410.06;94835.89;94223.58;94223.58
2018.10.25;96404.03;94223.58;94223.58;94694.16
2018.10.26;96398.14;94694.16;94363.50;94363.50
2018.10.29;96392.14;94363.50;94148.39;94148.39
2018.10.30;96374.36;94148.39;94148.39;94397.11
2018.10.31;96368.47;94397.11;94397.11;94444.53
2018.11.01;96362.53;94444.53;94444.53;94570.54
2018.11.02;94570.54;94570.54;94570.54;94570.54
2018.11.05;94570.54;94570.54;94570.54;94570.54
2018.11.06;94570.54;94570.54;94570.54;94570.54
2018.11.07;94570.54;94570.54;94570.54;94570.54
2018.11.08;94570.54;94570.54;94570.54;94570.54
2018.11.09;94570.54;94570.54;94570.54;94570.54
2018.11.12;94570.54;94570.54;94570.54;94570.54
2018.11.13;94570.54;94570.54;94570.54;94570.54
2018.11.14;94570.54;94570.54;94570.54;94570.54
2018.11.15;94570.54;94570.54;94570.54;94570.54
2018.11.16;94570.54;94570.54;94570.54;94570.54
2018.11.19;94570.54;94570.54;94570.54;94570.54
2018.11.20;94570.54;94570.54;94570.54;94570.54
2018.11.21;94570.54;94570.54;94570.54;94570.54
2018.11.23;94570.54;94570.54;94570.54;94570.54
2018.11.26;94570.54;94570.54;94570.54;94570.54
2018.11.27;94570.54;94570.54;94570.54;94570.54
2018.11.28;94570.54;94570.54;94570.54;94570.54
2018.11.29;94570.54;94570.54;94570.54;94570.54
2018.11.30;94570.54;94570.54;94570.54;94570.54
2018.12.03;94570.54;94570.54;94556.36;94556.36
2018.12.04;94556.36;94556.36;94374.43;94374.43
2018.12.06;94550.14;94374.43;94374.43;94587.19
2018.12.07;94537.78;94587.19;94431.77;94431.77
2018.12.10;94531.55;94431.77;94404.15;94404.15
2018.12.11;94512.96;94404.15;94404.15;94478.09
2018.12.12;94506.76;94478.09;94264.60;94264.60
2018.12.13;94500.55;94264.60;94264.60;94415.31
2018.12.14;94494.39;94415.31;94275.44;94275.44
2018.12.17;94488.18;94275.44;93627.27;93627.27
2018.12.18;94469.67;93627.27;93579.55;93579.55
2018.12.19;94463.64;93579.55;93460.48;93460.48
2018.12.20;94457.61;93460.48;93243.14;93243.14
2018.12.21;94451.61;93243.14;93045.70;93045.70
2018.12.24;94445.66;93045.70;92334.63;92334.63
2018.12.26;94427.92;92334.63;92334.63;92751.39
2018.12.27;94416.40;92751.39;92751.39;92895.53
2018.12.28;94410.55;92895.53;92895.53;92968.52
2018.12.31;94404.66;92968.52;92968.52;93028.86
2019.01.02;94386.95;93028.86;92715.15;92715.15
2019.01.03;92715.15;92715.15;92715.15;92715.15
2019.01.04;92715.15;92715.15;92715.15;92715.15
2019.01.07;92715.15;92715.15;92715.15;92715.15
2019.01.08;92715.15;92715.15;92715.15;92715.15
2019.01.09;92715.15;92715.15;92715.15;92715.15
2019.01.10;92715.15;92715.15;92715.15;92715.15
2019.01.11;92715.15;92715.15;92715.15;92715.15
2019.01.14;92715.15;92715.15;92715.15;92715.15
2019.01.15;92715.15;92715.15;92715.15;92715.15
2019.01.16;92715.15;92715.15;92715.15;92715.15
2019.01.17;92715.15;92715.15;92715.15;92715.15
2019.01.18;92715.15;92715.15;92715.15;92715.15
2019.01.22;92715.15;92715.15;92715.15;92715.15
2019.01.23;92715.15;92715.15;92715.15;92715.15
2019.01.24;92715.15;92715.15;92715.15;92715.15
2019.01.25;92715.15;92715.15;92715.15;92715.15
2019.01.28;92715.15;92715.15;92715.15;92715.15
2019.01.29;92715.15;92715.15;92715.15;92715.15
2019.01.30;92715.15;92715.15;92715.15;92715.15
2019.01.31;92715.15;92715.15;92715.15;92715.15
2019.02.01;92715.15;92715.15;92715.15;92715.15
2019.02.04;92715.15;92715.15;92715.15;92715.15
2019.02.05;92715.15;92715.15;92715.15;92715.15
2019.02.06;92715.15;92715.15;92715.15;92715.15
2019.02.07;92715.15;92715.15;92715.15;92715.15
2019.02.08;92715.15;92715.15;92715.15;92715.15
2019.02.11;92715.15;92715.15;92715.15;92715.15
2019.02.12;92715.15;92715.15;92715.15;92715.15
2019.02.13;92715.15;92715.15;92715.15;92715.15
2019.02.14;92715.15;92715.15;92715.15;92715.15
2019.02.15;92715.15;92715.15;92715.15;92715.15
2019.02.19;92715.15;92715.15;92715.15;92715.15
2019.02.20;92715.15;92715.15;92715.15;92715.15
2019.02.21;92715.15;92715.15;92715.15;92715.15
2019.02.22;92715.15;92715.15;92715.15;92715.15
2019.02.25;92715.15;92715.15;92715.15;92715.15
2019.02.26;92715.15;92715.15;92715.15;92715.15
2019.02.27;92715.15;92715.15;92715.15;92715.15
2019.02.28;92715.15;92715.15;92715.15;92715.15
2019.03.01;92715.15;92715.15;92701.24;92701.24
2019.03.04;92701.24;92701.24;92646.34;92646.34
2019.03.05;92682.95;92646.34;92555.04;92555.04
2019.03.06;92676.86;92555.04;92272.08;92272.08
2019.03.07;92670.79;92272.08;92136.71;92136.71
2019.03.08;92664.78;92136.71;92066.64;92066.64
2019.03.11;92658.80;92066.64;92066.64;92446.25
2019.03.12;92640.90;92446.25;92446.13;92446.13
2019.03.13;92634.85;92446.13;92446.13;92750.75
2019.03.14;92628.79;92750.75;92726.70;92726.70
2019.03.15;92622.67;92726.70;92726.70;92788.06
2019.03.18;92616.55;92788.06;92788.06;92974.98
2019.03.19;92598.15;92974.98;92906.15;92906.15
2019.03.20;92591.97;92906.15;92906.15;92908.19
2019.03.21;92585.81;92908.19;92908.19;93199.72
2019.03.22;92579.64;93199.72;92491.54;92491.54
2019.03.25;92573.41;92491.54;92491.54;92498.58
2019.03.26;92555.17;92498.58;92498.58;92777.28
2019.03.27;92549.09;92777.28;92633.87;92633.87
2019.03.28;92542.94;92633.87;92633.87;92771.95
2019.03.29;92536.82;92771.95;92771.95;93019.60
2019.04.01;92530.68;93019.60;93019.60;93492.11
2019.04.02;92418.99;93492.11;93492.11;93660.79
2019.04.03;92412.63;93660.79;93660.79;93731.64
2019.04.04;92406.23;93731.64;93625.21;93625.21
2019.04.05;92399.82;93625.21;93625.21;93893.34
2019.04.08;92393.43;93893.34;93893.34;94019.77
2019.04.09;92374.08;94019.77;93928.29;93928.29
2019.04.10;92367.59;93928.29;93928.29;94037.65
2019.04.11;92361.13;94037.65;93956.15;93956.15
2019.04.12;92354.64;93956.15;93956.15;94082.99
2019.04.15;92348.17;94082.99;94024.71;94024.71
2019.04.16;92328.66;94024.71;94024.71;94071.13
2019.04.17;92322.16;94071.13;94051.33;94051.33
2019.04.18;92315.66;94051.33;94051.33;94103.09
2019.04.22;92309.16;94103.09;94103.09;94317.70
2019.04.23;92283.09;94317.70;94317.70;94577.31
2019.04.24;92276.52;94577.31;94529.82;94529.82
2019.04.25;92269.90;94529.82;94490.59;94490.59
2019.04.26;92263.28;94490.59;94209.72;94209.72
2019.04.29;92256.67;94209.72;94209.72;94248.49
2019.04.30;92237.02;94248.49;94248.49;94348.73
2019.05.01;92230.46;94348.73;94177.45;94177.45
2019.05.02;92258.08;94177.45;93866.02;93866.02
2019.05.03;92251.53;93866.02;93866.02;94160.66
2019.05.06;92245.04;94160.66;94112.08;94112.08
2019.05.07;92225.38;94112.08;93488.15;93488.15
2019.05.08;92218.84;93488.15;93488.15;93552.63
2019.05.09;92212.42;93552.63;93380.54;93380.54
2019.05.10;92206.00;93380.54;93380.54;93434.49
2019.05.13;92199.61;93434.49;92584.04;92584.04
2019.05.14;92180.39;92584.04;92584.04;92950.51
2019.05.15;92174.17;92950.51;92950.51;93227.74
2019.05.16;92167.87;93227.74;93227.74;93524.84
2019.05.17;92161.50;93524.84;93297.16;93297.16
2019.05.20;92155.07;93297.16;93023.78;93023.78
2019.05.21;92135.92;93023.78;93023.78;93214.58
2019.05.22;92129.59;93214.58;92835.41;92835.41
2019.05.23;92123.22;92835.41;92122.10;92122.10
2019.05.24;92116.93;92122.10;92122.10;92206.88
2019.05.28;92110.80;92206.88;92091.25;92091.25
2019.05.29;92086.18;92091.25;91933.23;91933.23
2019.05.30;92080.04;91933.23;91756.86;91756.86
2019.05.31;92073.94;91756.86;91041.71;91041.71
2019.06.03;92067.88;91041.71;90605.36;90605.36
2019.06.04;90605.36;90605.36;90504.96;90504.96
2019.06.05;90599.40;90504.96;90504.96;90624.01
2019.06.06;90593.46;90624.01;90624.01;90703.38
2019.06.07;90587.50;90703.38;90703.38;90768.73
2019.06.10;90581.51;90768.73;90537.66;90537.66
2019.06.11;90563.51;90537.66;90486.06;90486.06
2019.06.12;90557.56;90486.06;90486.06;90626.96
2019.06.13;90551.61;90626.96;90626.96;90716.59
2019.06.14;90545.64;90716.59;90716.59;90803.13
2019.06.17;90539.64;90803.13;90771.64;90771.64
2019.06.18;90521.59;90771.64;90771.64;90818.46
2019.06.19;90515.57;90818.46;90818.46;90935.84
2019.06.20;90509.55;90935.84;90935.84;91178.96
2019.06.21;90503.50;91178.96;91144.55;91144.55
2019.06.24;90497.39;91144.55;91144.55;91309.02
2019.06.25;90479.09;91309.02;91305.53;91305.53
2019.06.26;90472.94;91305.53;91007.20;91007.20
2019.06.27;90466.80;91007.20;91007.20;91071.64
2019.06.28;90460.72;91071.64;91071.64;91110.39
2019.07.01;90454.63;91110.39;90903.02;90903.02
2019.07.02;90559.42;90903.02;90903.02;91118.39
2019.07.03;90553.38;91118.39;91118.39;91220.90
2019.07.05;90547.29;91220.90;90961.32;90961.32
2019.07.08;90535.07;90961.32;90820.71;90820.71
2019.07.09;90516.89;90820.71;90766.81;90766.81
2019.07.10;90510.86;90766.81;90766.81;90826.12
2019.07.11;90504.84;90826.12;90663.43;90663.43
2019.07.12;90498.81;90663.43;90663.43;90783.65
2019.07.15;90492.81;90783.65;90783.65;90823.10
2019.07.16;90474.73;90823.10;90736.84;90736.84
2019.07.17;90468.69;90736.84;90736.84;90893.43
2019.07.18;90462.66;90893.43;90893.43;91036.86
2019.07.19;90456.60;91036.86;90908.19;90908.19
2019.07.22;90450.51;90908.19;90887.53;90887.53
2019.07.23;90432.32;90887.53;90887.53;90930.72
2019.07.24;90426.26;90930.72;90930.72;90996.26
2019.07.25;90420.18;90996.26;90844.57;90844.57
2019.07.26;90414.09;90844.57;90844.57;90873.26
2019.07.29;90408.03;90873.26;90873.26;90888.57
2019.07.30;90389.84;90888.57;90888.57;90971.63
2019.07.31;90383.76;90971.63;90836.09;90836.09
2019.08.01;90377.67;90836.09;90836.09;91158.22
2019.08.02;91266.94;91158.22;90794.56;90794.56
2019.08.05;91260.97;90794.56;90195.49;90195.49
2019.08.06;91243.31;90195.49;90195.49;90418.33
2019.08.07;91237.54;90418.33;90418.33;90842.20
2019.08.08;91231.73;90842.20;90842.20;91232.60
2019.08.09;91225.83;91232.60;91033.16;91033.16
2019.08.12;91219.84;91033.16;90786.72;90786.72
2019.08.13;91201.99;90786.72;90786.72;91112.72
2019.08.14;91196.09;91112.72;90579.75;90579.75
2019.08.15;91190.11;90579.75;90579.02;90579.02
2019.08.16;91184.26;90579.02;90579.02;90867.09
2019.08.19;91178.40;90867.09;90867.09;91006.20
2019.08.20;91160.63;91006.20;90952.11;90952.11
2019.08.21;91154.67;90952.11;90952.11;91118.54
2019.08.22;91148.73;91118.54;90994.84;90994.84
2019.08.23;91142.74;90994.84;90562.35;90562.35
2019.08.26;91136.78;90562.35;90562.35;90831.31
2019.08.27;91119.19;90831.31;90831.31;91033.12
2019.08.28;91113.26;91033.12;91033.12;91168.98
2019.08.29;91107.29;91168.98;91168.98;91418.03
2019.08.30;91101.28;91418.03;91418.03;91473.70
2019.09.03;91095.22;91473.70;91473.70;91559.01
2019.09.04;90422.24;91559.01;91559.01;91817.33
2019.09.05;90415.98;91817.33;91050.58;91050.58
2019.09.06;90409.65;91050.58;90798.48;90798.48
2019.09.09;90403.50;90798.48;90574.37;90574.37
2019.09.10;90385.19;90574.37;90353.73;90353.73
2019.09.11;90379.14;90353.73;90353.73;90414.06
2019.09.12;90373.13;90414.06;90350.35;90350.35
2019.09.13;90367.10;90350.35;89816.82;89816.82
2019.09.16;90361.09;89816.82;89816.82;90156.04
2019.09.17;90343.40;90156.04;90156.04;90269.21
2019.09.18;90337.43;90269.21;90113.01;90113.01
2019.09.19;90331.43;90113.01;90113.01;90187.72
2019.09.20;90325.46;90187.72;90187.72;90465.53
2019.09.23;90319.48;90465.53;90465.53;90809.83
2019.09.24;90301.34;90809.83;90809.83;90921.82
2019.09.25;90295.21;90921.82;90321.41;90321.41
2019.09.26;90289.06;90321.41;90321.41;90352.58
2019.09.27;90283.04;90352.58;90199.92;90199.92
2019.09.30;90277.00;90199.92;89904.32;89904.32
2019.10.01;90259.01;89904.32;89904.32;90062.14
2019.10.02;89873.64;90062.14;90023.65;90023.65
2019.10.03;89867.64;90023.65;90023.65;90128.05
2019.10.04;89861.64;90128.05;90128.05;90333.94
2019.10.07;89855.61;90333.94;90140.94;90140.94
2019.10.08;89837.40;90140.94;90140.94;90189.11
2019.10.09;89831.37;90189.11;90189.11;90231.31
2019.10.10;89825.32;90231.31;90006.54;90006.54
2019.10.11;89819.27;90006.54;89976.88;89976.88
2019.10.14;89813.26;89976.88;89976.88;89987.27
2019.10.15;89795.26;89987.27;89883.99;89883.99
2019.10.16;89789.25;89883.99;89881.79;89881.79
2019.10.17;89783.26;89881.79;89881.79;89921.11
2019.10.18;89777.28;89921.11;89921.11;89928.39
2019.10.21;89771.28;89928.39;89928.39;89936.49
2019.10.22;89753.28;89936.49;89936.49;89987.12
2019.10.23;89747.27;89987.12;89987.12;90052.46
2019.10.24;89741.26;90052.46;90052.46;90175.84
2019.10.25;89735.22;90175.84;90172.37;90172.37
2019.10.28;89729.16;90172.37;89929.96;89929.96
2019.10.29;89710.97;89929.96;89929.96;89950.95
2019.10.30;89704.96;89950.95;89950.95;90152.25
2019.10.31;89698.94;90152.25;90152.25;90356.56
2019.11.01;89692.87;90356.56;90356.56;90362.17
2019.11.04;90030.91;90362.17;90362.17;90547.52
2019.11.05;90012.87;90547.52;90547.52;90560.82
2019.11.06;90006.82;90560.82;90560.82;90572.61
2019.11.07;90000.76;90572.61;90572.61;90680.15
2019.11.08;89994.70;90680.15;90607.54;90607.54
2019.11.11;89988.61;90607.54;90531.56;90531.56
2019.11.12;89970.39;90531.56;90531.56;90565.16
2019.11.13;89964.33;90565.16;90467.31;90467.31
2019.11.14;89958.26;90467.31;90417.56;90417.56
2019.11.15;89952.21;90417.56;90417.56;90540.41
2019.11.18;89946.17;90540.41;90540.41;90555.83
2019.11.19;89927.96;90555.83;90554.29;90554.29
2019.11.20;89921.89;90554.29;90380.89;90380.89
2019.11.21;89915.81;90380.89;90375.89;90375.89
2019.11.22;89909.77;90375.89;90375.89;90462.90
2019.11.25;89903.73;90462.90;90462.90;90661.94
2019.11.26;89885.55;90661.94;90634.43;90634.43
2019.11.27;89879.44;90634.43;90634.43;90720.96
2019.11.29;89873.34;90720.96;90542.00;90542.00
2019.12.02;89861.09;90542.00;90340.14;90340.14
2019.12.03;90170.51;90340.14;90187.20;90187.20
2019.12.04;90164.53;90187.20;90187.20;90388.49
2019.12.05;90158.58;90388.49;90388.49;90411.77
2019.12.06;90152.59;90411.77;90411.77;90635.39
2019.12.09;90146.59;90635.39;90472.44;90472.44
2019.12.10;90128.44;90472.44;90472.44;90505.74
2019.12.11;90122.43;90505.74;90505.74;90594.47
2019.12.12;90116.40;90594.47;90594.47;90921.58
2019.12.13;90110.35;90921.58;90921.58;90949.92
2019.12.16;90104.23;90949.92;90949.92;91162.41
2019.12.17;90085.85;91162.41;91103.73;91103.73
2019.12.18;90079.67;91103.73;91028.99;91028.99
2019.12.19;90073.51;91028.99;91028.99;91100.92
2019.12.20;90067.36;91100.92;91100.92;91200.91
2019.12.23;90061.19;91200.91;91200.91;91221.54
2019.12.24;90042.61;91221.54;91220.42;91220.42
2019.12.26;90036.41;91220.42;91220.42;91319.74
2019.12.27;90024.01;91319.74;91319.74;91331.40
2019.12.30;90017.78;91331.40;91125.30;91125.30
2019.12.31;89999.09;91125.30;91125.30;91223.78
2020.01.02;89992.90;91223.78;91223.78;91533.81
2020.01.03;90718.64;91533.81;91519.39;91519.39
2020.01.06;90712.48;91519.39;91519.39;91594.81
2020.01.07;90694.01;91594.81;91554.63;91554.63
2020.01.08;90687.83;91554.63;91471.09;91471.09
2020.01.09;90681.66;91471.09;91471.09;91545.62
2020.01.10;90675.50;91545.62;91463.65;91463.65
2020.01.13;90669.33;91463.65;91463.65;91480.10
2020.01.14;90650.87;91480.10;91480.10;91496.84
2020.01.15;90644.71;91496.84;91496.84;91510.08
2020.01.16;90638.54;91510.08;91510.08;91767.37
2020.01.17;90632.37;91767.37;91767.37;91868.38
2020.01.21;90626.14;91868.38;91796.42;91796.42
2020.01.22;90601.13;91796.42;91663.05;91663.05
2020.01.23;90594.89;91663.05;91550.41;91550.41
2020.01.24;90588.67;91550.41;91204.61;91204.61
2020.01.27;90582.48;91204.61;90627.83;90627.83
2020.01.28;90564.13;90627.83;90627.83;90985.60
2020.01.29;90558.14;90985.60;90942.92;90942.92
2020.01.30;90552.06;90942.92;90933.62;90933.62
2020.01.31;90546.00;90933.62;90336.66;90336.66
2020.02.03;90539.93;90336.66;90336.66;90384.15
2020.02.04;89406.37;90384.15;90384.15;90581.79
2020.02.05;89400.20;90581.79;90581.79;90680.43
2020.02.06;89393.98;90680.43;90680.43;90846.01
2020.02.07;89387.73;90846.01;90732.57;90732.57
2020.02.10;89381.45;90732.57;90732.57;90950.24
2020.02.11;89362.68;90950.24;90919.79;90919.79
2020.02.12;89356.37;90919.79;90919.79;91069.96
2020.02.13;89350.06;91069.96;91069.96;91146.80
2020.02.14;89343.72;91146.80;91146.80;91270.53
2020.02.18;89337.36;91270.53;91270.53;91363.20
2020.02.19;89311.82;91363.20;91363.20;91487.70
2020.02.20;89305.41;91487.70;91380.49;91380.49
2020.02.21;89298.97;91380.49;91144.35;91144.35
2020.02.24;89292.55;91144.35;90504.82;90504.82
2020.02.25;89273.45;90504.82;89798.21;89798.21
2020.02.26;89267.21;89798.21;89798.21;89823.27
2020.02.27;89261.14;89823.27;88786.19;88786.19
2020.02.28;89255.05;88786.19;88370.37;88370.37
2020.03.02;89249.19;88370.37;88370.37;89472.50
2020.03.03;89472.50;89472.50;89472.50;89472.50
2020.03.04;89472.50;89472.50;89472.50;89472.50
2020.03.05;89472.50;89472.50;89472.50;89472.50
2020.03.06;89472.50;89472.50;89472.50;89472.50
2020.03.09;89472.50;89472.50;89472.50;89472.50
2020.03.10;89472.50;89472.50;89472.50;89472.50
2020.03.11;89472.50;89472.50;89472.50;89472.50
2020.03.12;89472.50;89472.50;89472.50;89472.50
2020.03.13;89472.50;89472.50;89472.50;89472.50
2020.03.16;89472.50;89472.50;89472.50;89472.50
2020.03.17;89472.50;89472.50;89472.50;89472.50
2020.03.18;89472.50;89472.50;89472.50;89472.50
2020.03.19;89472.50;89472.50;89472.50;89472.50
2020.03.20;89472.50;89472.50;89472.50;89472.50
2020.03.23;89472.50;89472.50;89472.50;89472.50
2020.03.24;89472.50;89472.50;89472.50;89472.50
2020.03.25;89472.50;89472.50;89472.50;89472.50
2020.03.26;89472.50;89472.50;89472.50;89472.50
2020.03.27;89472.50;89472.50;89472.50;89472.50
2020.03.30;89472.50;89472.50;89472.50;89472.50
2020.03.31;89472.50;89472.50;89472.50;89472.50
2020.04.01;89472.50;89472.50;89472.50;89472.50
2020.04.02;89472.50;89472.50;89472.50;89472.50
2020.04.03;89472.50;89472.50;89472.50;89472.50
2020.04.06;89472.50;89472.50;89472.50;89472.50
2020.04.07;89472.50;89472.50;89472.50;89472.50
2020.04.08;89472.50;89472.50;89472.50;89472.50
2020.04.09;89472.50;89472.50;89472.50;89472.50
2020.04.13;89472.50;89472.50;89472.50;89472.50
2020.04.14;89472.50;89472.50;89472.50;89472.50
2020.04.15;89472.50;89472.50;89472.50;89472.50
2020.04.16;89472.50;89472.50;89472.50;89472.50
2020.04.17;89472.50;89472.50;89472.50;89472.50
2020.04.20;89472.50;89472.50;89472.50;89472.50
2020.04.21;89472.50;89472.50;89472.50;89472.50
2020.04.22;89472.50;89472.50;89472.50;89472.50
2020.04.23;89472.50;89472.50;89472.50;89472.50
2020.04.24;89472.50;89472.50;89472.50;89472.50
2020.04.27;89472.50;89472.50;89472.50;89472.50
2020.04.28;89472.50;89472.50;89472.50;89472.50
2020.04.29;89472.50;89472.50;89472.50;89472.50
2020.04.30;89472.50;89472.50;89472.50;89472.50
2020.05.01;89472.50;89472.50;89472.50;89472.50
2020.05.04;89472.50;89472.50;89472.50;89472.50
2020.05.05;89472.50;89472.50;89472.50;89472.50
2020.05.06;89472.50;89472.50;89472.50;89472.50
2020.05.07;89472.50;89472.50;89472.50;89472.50
2020.05.08;89472.50;89472.50;89472.50;89472.50
2020.05.11;89472.50;89472.50;89472.50;89472.50
2020.05.12;89472.50;89472.50;89472.50;89472.50
2020.05.13;89472.50;89472.50;89472.50;89472.50
2020.05.14;89472.50;89472.50;89472.50;89472.50
2020.05.15;89472.50;89472.50;89472.50;89472.50
2020.05.18;89472.50;89472.50;89472.50;89472.50
2020.05.19;89472.50;89472.50;89472.50;89472.50
2020.05.20;89472.50;89472.50;89472.50;89472.50
2020.05.21;89472.50;89472.50;89472.50;89472.50
2020.05.22;89472.50;89472.50;89472.50;89472.50
2020.05.26;89472.50;89472.50;89472.50;89472.50
2020.05.27;89472.50;89472.50;89472.50;89472.50
2020.05.28;89472.50;89472.50;89472.50;89472.50
2020.05.29;89472.50;89472.50;89472.50;89472.50
2020.06.01;89472.50;89472.50;89459.08;89459.08
2020.06.02;89459.08;89459.08;89459.08;89874.54
2020.06.03;89453.20;89874.54;89874.54;90517.18
2020.06.04;89447.22;90517.18;90493.17;90493.17
2020.06.05;89441.11;90493.17;90493.17;91625.41
2020.06.08;89434.99;91625.41;91625.41;92205.93
2020.06.09;89415.90;92205.93;91621.15;91621.15
2020.06.10;89409.41;91621.15;90894.92;90894.92
2020.06.11;89403.04;90894.92;88757.31;88757.31
2020.06.12;89396.83;88757.31;88757.31;89265.39
2020.06.15;89391.09;89265.39;89265.39;89554.63
2020.06.16;89373.52;89554.63;89554.63;90188.94
2020.06.17;89367.60;90188.94;89744.67;89744.67
2020.06.18;89361.54;89744.67;89744.67;89799.32
2020.06.19;89355.57;89799.32;89580.55;89580.55
2020.06.22;89349.59;89580.55;89580.55;89756.72
2020.06.23;89331.79;89756.72;89756.72;89856.34
2020.06.24;89325.81;89856.34;88900.78;88900.78
2020.06.25;89319.81;88900.78;88900.78;89208.99
2020.06.26;89314.02;89208.99;88544.70;88544.70
2020.06.29;89308.16;88544.70;88544.70;89080.80
2020.06.30;89291.01;89080.80;89080.80;89502.45
2020.07.01;89285.17;89502.45;89329.53;89329.53
2020.07.02;89329.53;89329.53;89329.53;89532.19
2020.07.06;89323.66;89532.19;89532.19;89964.82
2020.07.07;89299.97;89964.82;89677.58;89677.58
2020.07.08;89293.95;89677.58;89677.58;90162.32
2020.07.09;89287.99;90162.32;89908.37;89908.37
2020.07.10;89281.92;89908.37;89908.37;90138.67
2020.07.13;89275.91;90138.67;89914.38;89914.38
2020.07.14;89257.72;89914.38;89914.38;90305.53
2020.07.15;89251.70;90305.53;90305.53;90589.86
2020.07.16;89245.59;90589.86;90292.61;90292.61
2020.07.17;89239.42;90292.61;90292.61;90456.63
2020.07.20;89233.32;90456.63;90456.63;90909.04
2020.07.21;89214.88;90909.04;90909.04;91477.89
2020.07.22;89208.64;91477.89;91477.89;92308.82
2020.07.23;89202.26;92308.82;91799.99;91799.99
2020.07.24;89195.71;91799.99;91715.53;91715.53
2020.07.27;89189.26;91715.53;91715.53;92625.52
2020.07.28;89169.97;92625.52;92348.31;92348.31
2020.07.29;89163.34;92348.31;92348.31;92513.46
2020.07.30;89156.77;92513.46;91880.75;91880.75
2020.07.31;89150.16;91880.75;91880.75;92293.22
2020.08.03;89143.68;92293.22;92293.22;92713.97
2020.08.04;89811.57;92713.97;92713.97;93501.35
2020.08.05;89804.95;93501.35;93501.35;93923.43
2020.08.06;89798.15;93923.43;93923.43;94935.97
2020.08.07;89791.26;94935.97;94346.58;94346.58
2020.08.10;89784.15;94346.58;94346.58;94573.19
2020.08.11;89763.19;94573.19;92458.57;92458.57
2020.08.12;89756.15;92458.57;92458.57;92790.59
2020.08.13;89749.57;92790.59;92790.59;93770.44
2020.08.14;89742.92;93770.44;93373.95;93373.95
2020.08.17;89736.05;93373.95;93373.95;94046.58
2020.08.18;89715.70;94046.58;94046.58;94302.12
2020.08.19;89708.76;94302.12;93616.92;93616.92
2020.08.20;89701.77;93616.92;93616.92;94144.98
2020.08.21;89694.92;94144.98;93944.92;93944.92
2020.08.24;89687.96;93944.92;93876.79;93876.79
2020.08.25;89667.20;93876.79;93876.79;94037.87
2020.08.26;89660.29;94037.87;94037.87;94746.91
2020.08.27;89653.35;94746.91;94479.94;94479.94
2020.08.28;89646.24;94479.94;94479.94;94876.92
2020.08.31;89639.20;94876.92;94876.92;95204.68
2020.09.01;89617.80;95204.68;95204.68;95444.04
2020.09.02;89581.44;95444.04;95444.04;95445.81
2020.09.03;89574.12;95445.81;94025.51;94025.51
2020.09.04;89566.80;94025.51;93859.00;93859.00
2020.09.08;89559.79;93859.00;92922.66;92922.66
2020.09.09;89531.90;92922.66;92922.66;93656.93
2020.09.10;89525.13;93656.93;93110.98;93110.98
2020.09.11;89518.19;93110.98;93025.98;93025.98
2020.09.14;89511.37;93025.98;93025.98;93507.50
2020.09.15;89490.97;93507.50;93507.50;93707.48
2020.09.16;89484.06;93707.48;93431.19;93431.19
2020.09.17;89477.10;93431.19;93154.53;93154.53
2020.09.18;89470.20;93154.53;92717.76;92717.76
2020.09.21;89463.36;92717.76;91918.40;91918.40
2020.09.22;89443.13;91918.40;91918.40;92200.19
2020.09.23;89436.56;92200.19;90992.70;90992.70
2020.09.24;89429.92;90992.70;90992.70;91210.43
2020.09.25;89423.55;91210.43;91210.43;91517.92
2020.09.28;89417.12;91517.92;91517.92;92213.22
2020.09.29;89397.65;92213.22;92213.22;92286.59
2020.09.30;89391.00;92286.59;92104.60;92104.60
2020.10.01;89384.33;92104.60;92104.60;92538.64
2020.10.02;92653.95;92538.64;92538.64;92608.41
2020.10.05;92647.84;92608.41;92608.41;92986.10
2020.10.06;92629.46;92986.10;92656.65;92656.65
2020.10.07;92623.25;92656.65;92656.65;93183.39
2020.10.08;92617.11;93183.39;93183.39;93370.79
2020.10.09;92610.85;93370.79;93370.79;93521.62
2020.10.12;92604.55;93521.62;93521.62;93647.35
2020.10.13;92585.55;93647.35;93470.55;93470.55
2020.10.14;92579.18;93470.55;93455.16;93455.16
2020.10.15;92572.85;93455.16;93422.26;93422.26
2020.10.16;92566.53;93422.26;93422.26;93439.87
2020.10.19;92560.21;93439.87;93163.63;93163.63
2020.10.20;92541.23;93163.63;93163.63;93270.36
2020.10.21;92534.96;93270.36;93177.03;93177.03
2020.10.22;92528.66;93177.03;93177.03;93264.97
2020.10.23;92522.38;93264.97;93264.97;93380.61
2020.10.26;92516.09;93380.61;92789.41;92789.41
2020.10.27;92497.12;92789.41;92580.60;92580.60
2020.10.28;92490.92;92580.60;91827.31;91827.31
2020.10.29;92484.77;91827.31;91827.31;92156.77
2020.10.30;92478.78;92156.77;91947.28;91947.28
2020.11.02;92472.71;91947.28;91947.28;92446.00
2020.11.03;92473.02;92446.00;92446.00;92913.06
2020.11.04;92466.95;92913.06;92913.06;93016.64
2020.11.05;92460.77;93016.64;93016.64;93568.71
2020.11.06;92454.57;93568.71;93529.31;93529.31
2020.11.09;92448.24;93529.31;93529.31;94166.96
2020.11.10;92429.28;94166.96;94166.96;94290.51
2020.11.11;92422.82;94290.51;94290.51;94400.23
2020.11.12;92416.33;94400.23;93989.08;93989.08
2020.11.13;92409.82;93989.08;93989.08;94417.22
2020.11.16;92403.39;94417.22;94417.22;94852.00
2020.11.17;92383.82;94852.00;94702.77;94702.77
2020.11.18;92377.20;94702.77;94369.11;94369.11
2020.11.19;92370.60;94369.11;94369.11;94414.65
2020.11.20;92364.09;94414.65;94414.65;94543.62
2020.11.23;92357.55;94543.62;94543.62;94697.40
2020.11.24;92337.87;94697.40;94697.40;95132.33
2020.11.25;92331.27;95132.33;95017.98;95017.98
2020.11.27;92324.58;95017.98;95017.98;95152.17
2020.11.30;92311.23;95152.17;94466.04;94466.04
2020.12.01;92291.12;94466.04;94466.04;94862.46
2020.12.02;93666.12;94862.46;94862.46;95254.96
2020.12.03;93659.66;95254.96;95254.96;95438.92
2020.12.04;93653.11;95438.92;95438.92;96187.51
2020.12.07;93646.52;96187.51;95904.73;95904.73
2020.12.08;93626.26;95904.73;95904.73;96119.24
2020.12.09;93619.56;96119.24;96034.10;96034.10
2020.12.10;93612.81;96034.10;96034.10;96539.29
2020.12.11;93606.08;96539.29;96285.71;96285.71
2020.12.14;93599.24;96285.71;95968.27;95968.27
2020.12.15;93578.87;95968.27;95968.27;96530.57
2020.12.16;93572.15;96530.57;96512.98;96512.98
2020.12.17;93565.30;96512.98;96512.98;96690.37
2020.12.18;93558.46;96690.37;96523.50;96523.50
2020.12.21;93551.57;96523.50;96253.34;96253.34
2020.12.22;93531.02;96253.34;96022.10;96022.10
2020.12.23;93524.22;96022.10;96022.10;96524.60
2020.12.24;93517.48;96524.60;96522.50;96522.50
2020.12.28;93510.62;96522.50;96373.85;96373.85
2020.12.29;93483.18;96373.85;96165.64;96165.64
2020.12.30;93476.35;96165.64;96165.64;96425.54
2020.12.31;93469.56;96425.54;96425.54;96454.79
2021.01.04;93462.71;96454.79;96077.29;96077.29
2021.01.05;93435.29;96077.29;96077.29;96931.37
2021.01.06;93428.51;96931.37;96931.37;97885.16
2021.01.07;93421.55;97885.16;97885.16;98366.46
2021.01.08;93414.37;98366.46;98366.46;98533.44
2021.01.11;93407.09;98533.44;98533.44;98616.12
2021.01.12;93385.12;98616.12;98616.12;99291.53
2021.01.13;93377.77;99291.53;99121.93;99121.93
2021.01.14;93370.28;99121.93;99121.93;99689.12
2021.01.15;93362.82;99689.12;98860.71;98860.71
2021.01.19;93355.23;98860.71;98860.71;99235.07
2021.01.20;93325.61;99235.07;99235.07;99277.23
2021.01.21;93318.11;99277.23;98807.31;98807.31
2021.01.22;93310.61;98807.31;98688.44;98688.44
2021.01.25;93303.20;98688.44;98601.03;98601.03
2021.01.26;93281.06;98601.03;98260.16;98260.16
2021.01.27;93273.70;98260.16;97760.13;97760.13
2021.01.28;93266.41;97760.13;97760.13;97893.18
2021.01.29;93259.22;97893.18;97315.89;97315.89
2021.02.01;93252.01;97315.89;97315.89;97874.34
2021.02.02;94128.33;97874.34;97649.99;97649.99
2021.02.03;94121.21;97649.99;97649.99;97960.12
2021.02.04;94114.14;97960.12;97960.12;98113.30
2021.02.05;94106.99;98113.30;98113.30;98523.02
2021.02.08;94099.82;98523.02;98523.02;99062.34
2021.02.09;94078.02;99062.34;99062.34;99206.45
2021.02.10;94070.63;99206.45;99126.83;99126.83
2021.02.11;94063.20;99126.83;99123.06;99123.06
2021.02.12;94055.79;99123.06;99123.06;99436.72
2021.02.16;94048.39;99436.72;99436.72;99466.54
2021.02.17;94018.47;99466.54;99466.54;99523.38
2021.02.18;94010.98;99523.38;99016.30;99016.30
2021.02.19;94003.47;99016.30;99016.30;99181.64
2021.02.22;93996.07;99181.64;99181.64;99516.48
2021.02.23;93973.77;99516.48;99379.92;99379.92
2021.02.24;93966.26;99379.92;99379.92;99825.73
2021.02.25;93958.77;99825.73;99115.82;99115.82
2021.02.26;93951.19;99115.82;98526.82;98526.82
2021.03.01;93943.76;98526.82;98526.82;98848.50
2021.03.02;93371.08;98848.50;98456.35;98456.35
2021.03.03;93363.55;98456.35;98456.35;98756.36
2021.03.04;93356.10;98756.36;98756.36;99017.77
2021.03.05;93348.59;99017.77;99017.77;99957.27
2021.03.08;93341.02;99957.27;99872.15;99872.15
2021.03.09;93317.68;99872.15;99770.53;99770.53
2021.03.10;93309.91;99770.53;99770.53;100434.10
2021.03.11;93302.16;100434.10;100434.10;100830.06
2021.03.12;93294.27;100830.06;100830.06;100919.54
2021.03.15;93286.29;100919.54;100775.60;100775.60
2021.03.16;93262.28;100775.60;100185.92;100185.92
2021.03.17;93254.30;100185.92;100185.92;100367.78
2021.03.18;93246.45;100367.78;98956.01;98956.01
2021.03.19;93238.56;98956.01;98956.01;99238.95
2021.03.22;93230.98;99238.95;98956.30;98956.30
2021.03.23;93208.04;98956.30;97827.37;97827.37
2021.03.24;93200.45;97827.37;97827.37;98288.16
2021.03.25;93193.10;98288.16;98288.16;98295.08
2021.03.26;93185.66;98295.08;98295.08;99148.99
2021.03.29;93178.21;99148.99;98780.87;98780.87
2021.03.30;93155.29;98780.87;98748.90;98748.90
2021.03.31;93147.73;98748.90;98613.97;98613.97
2021.04.01;93140.17;98613.97;98613.97;99310.89
2021.04.05;96196.66;99310.89;98890.16;98890.16
2021.04.06;96168.16;98890.16;98890.16;98927.27
2021.04.07;96161.12;98927.27;98927.27;98986.50
2021.04.08;96154.08;98986.50;98893.39;98893.39
2021.04.09;96147.01;98893.39;98893.39;98936.18
2021.04.12;96139.97;98936.18;98936.18;98979.22
2021.04.13;96118.80;98979.22;98979.22;98985.23
2021.04.14;96111.73;98985.23;98985.23;99617.79
2021.04.15;96104.66;99617.79;99617.79;99626.82
2021.04.16;96097.45;99626.82;99612.00;99612.00
2021.04.19;96090.23;99612.00;99561.28;99561.28
2021.04.20;96068.59;99561.28;98993.89;98993.89
2021.04.21;96061.38;98993.89;98993.89;99062.22
2021.04.22;96054.29;99062.22;98918.92;98918.92
2021.04.23;96047.19;98918.92;98918.92;99291.30
2021.04.26;96040.12;99291.30;99291.30;99296.84
2021.04.27;96018.65;99296.84;99296.84;99684.86
2021.04.28;96011.49;99684.86;99684.86;100043.99
2021.04.29;96004.24;100043.99;100043.99;100488.61
2021.04.30;95996.92;100488.61;99934.14;99934.14
2021.05.03;95989.49;99934.14;99934.14;100370.96
2021.05.04;100370.96;100370.96;100293.66;100293.66
2021.05.05;100364.36;100293.66;100124.14;100124.14
2021.05.06;100357.77;100124.14;100124.14;100290.72
2021.05.07;100351.22;100290.72;100290.72;100540.64
2021.05.10;100344.64;100540.64;100461.50;100461.50
2021.05.11;100324.70;100461.50;100216.40;100216.40
2021.05.12;100318.07;100216.40;99411.01;99411.01
2021.05.13;100311.49;99411.01;99411.01;99803.57
2021.05.14;100305.09;99803.57;99803.57;100118.21
2021.05.17;100298.59;100118.21;100096.80;100096.80
2021.05.18;100278.91;100096.80;99959.47;99959.47
2021.05.19;100272.34;99959.47;99732.42;99732.42
2021.05.20;100265.81;99732.42;99732.42;99959.53
2021.05.21;100259.33;99959.53;99959.53;99960.01
2021.05.24;100252.79;99960.01;99960.01;100147.70
2021.05.25;100233.18;100147.70;100028.77;100028.77
2021.05.26;100226.59;100028.77;100028.77;100112.65
2021.05.27;100220.04;100112.65;100112.65;100138.38
2021.05.28;100213.46;100138.38;100138.38;100204.45
2021.06.01;100206.87;100204.45;100204.45;100336.45
2021.06.02;99961.19;100336.45;100336.45;100402.57
2021.06.03;99954.50;100402.57;100062.73;100062.73
2021.06.04;99947.81;100062.73;100062.73;100265.96
2021.06.07;99941.18;100265.96;100166.11;100166.11
2021.06.08;99921.17;100166.11;100046.31;100046.31
2021.06.09;99914.52;100046.31;99943.16;99943.16
2021.06.10;99907.89;99943.16;99890.94;99890.94
2021.06.11;99901.28;99890.94;99846.45;99846.45
2021.06.14;99894.68;99846.45;99602.85;99602.85
2021.06.15;99874.91;99602.85;99510.75;99510.75
2021.06.16;99868.37;99510.75;99174.37;99174.37
2021.06.17;99861.85;99174.37;98209.20;98209.20
2021.06.18;99855.40;98209.20;97824.35;97824.35
2021.06.21;99849.17;97824.35;97824.35;98261.30
2021.06.22;99830.70;98261.30;98199.91;98199.91
2021.06.23;99824.44;98199.91;98178.60;98178.60
2021.06.24;99818.20;98178.60;98178.60;98312.47
2021.06.25;99811.96;98312.47;98312.47;98458.14
2021.06.28;99805.69;98458.14;98394.16;98394.16
2021.06.29;99786.77;98394.16;98191.32;98191.32
2021.06.30;99780.48;98191.32;98191.32;98366.42
2021.07.01;99774.23;98366.42;98366.42;98420.76
2021.07.02;98420.76;98420.76;98420.76;98625.44
2021.07.06;98414.28;98625.44;98270.06;98270.06
2021.07.07;98388.21;98270.06;98023.64;98023.64
2021.07.08;98381.76;98023.64;97985.49;97985.49
2021.07.09;98375.36;97985.49;97985.49;98372.65
2021.07.12;98368.98;98372.65;98363.22;98363.22
2021.07.13;98349.55;98363.22;98363.22;98456.33
2021.07.14;98343.08;98456.33;98097.62;98097.62
2021.07.15;98336.58;98097.62;97783.28;97783.28
2021.07.16;98330.16;97783.28;97464.52;97464.52
2021.07.19;98323.80;97464.52;96568.25;96568.25
2021.07.20;98304.95;96568.25;96568.25;96940.38
2021.07.21;98298.86;96940.38;96940.38;97544.62
2021.07.22;98292.68;97544.62;97544.62;97701.18
2021.07.23;98286.37;97701.18;97701.18;97878.73
2021.07.26;98280.03;97878.73;97878.73;98052.45
2021.07.27;98260.87;98052.45;97797.45;97797.45
2021.07.28;98254.44;97797.45;97797.45;97907.84
2021.07.29;98248.07;97907.84;97907.84;98149.27
2021.07.30;98241.67;98149.27;97993.20;97993.20
2021.08.02;98235.22;97993.20;97667.17;97667.17
2021.08.03;97211.69;97667.17;97667.17;97861.32
2021.08.04;97205.14;97861.32;97861.32;97864.76
2021.08.05;97198.55;97864.76;97864.76;97881.23
2021.08.06;97191.96;97881.23;97706.27;97706.27
2021.08.09;97185.36;97706.27;97678.25;97678.25
2021.08.10;97165.67;97678.25;97526.69;97526.69
2021.08.11;97159.11;97526.69;97430.59;97430.59
2021.08.12;97152.58;97430.59;97430.59;97541.40
2021.08.13;97146.07;97541.40;97541.40;97761.94
2021.08.16;97139.54;97761.94;97761.94;97882.11
2021.08.17;97119.78;97882.11;97829.08;97829.08
2021.08.18;97113.17;97829.08;97552.00;97552.00
2021.08.19;97106.56;97552.00;97552.00;97743.54
2021.08.20;97100.02;97743.54;97743.54;97961.79
2021.08.23;97093.43;97961.79;97961.79;98154.66
2021.08.24;97073.51;98154.66;98079.27;98079.27
2021.08.25;97066.83;98079.27;97996.28;97996.28
2021.08.26;97060.16;97996.28;97881.24;97881.24
2021.08.27;97053.51;97881.24;97881.24;98066.18
2021.08.30;97046.88;98066.18;98066.18;98279.94
2021.08.31;97026.86;98279.94;98165.27;98165.27
2021.09.01;97020.14;98165.27;98165.27;98173.29
2021.09.02;97083.02;98173.29;98173.29;98256.09
2021.09.03;97076.32;98256.09;98243.67;98243.67
2021.09.07;97069.60;98243.67;98050.47;98050.47
2021.09.08;97042.71;98050.47;98050.47;98160.10
2021.09.09;97036.02;98160.10;97899.47;97899.47
2021.09.10;97029.31;97899.47;97560.99;97560.99
2021.09.13;97022.66;97560.99;97560.99;97565.08
2021.09.14;97002.91;97565.08;97486.65;97486.65
2021.09.15;96996.32;97486.65;97486.65;97624.35
2021.09.16;96989.75;97624.35;97580.88;97580.88
2021.09.17;96983.14;97580.88;97182.60;97182.60
2021.09.20;96976.55;97182.60;96799.20;96799.20
2021.09.21;96957.02;96799.20;96787.44;96787.44
2021.09.22;96950.59;96787.44;96787.44;97012.11
2021.09.23;96944.16;97012.11;97012.11;97107.72
2021.09.24;96937.68;97107.72;97025.61;97025.61
2021.09.27;96931.18;97025.61;96669.69;96669.69
2021.09.28;96911.72;96669.69;96086.98;96086.98
2021.09.29;96905.31;96086.98;96086.98;96191.86
2021.09.30;96899.02;96191.86;95939.60;95939.60
2021.10.01;96892.71;95939.60;95939.60;96136.62
2021.10.04;96136.62;96136.62;96136.62;96139.62
2021.10.05;96117.65;96139.62;96139.62;96509.63
2021.10.06;96111.32;96509.63;96173.17;96173.17
2021.10.07;96104.91;96173.17;96173.17;96469.30
2021.10.08;96098.57;96469.30;96469.30;96708.14
2021.10.11;96092.17;96708.14;96708.14;96713.99
2021.10.12;96072.79;96713.99;96636.67;96636.67
2021.10.13;96066.33;96636.67;96584.58;96584.58
2021.10.14;96059.88;96584.58;96584.58;96945.60
2021.10.15;96053.44;96945.60;96945.60;97206.54
2021.10.18;96046.92;97206.54;97133.26;97133.26
2021.10.19;96027.19;97133.26;97133.26;97394.14
2021.10.20;96020.63;97394.14;97394.14;97598.55
2021.10.21;96014.00;97598.55;97195.16;97195.16
2021.10.22;96007.33;97195.16;97195.16;97508.50
2021.10.25;96000.75;97508.50;97508.50;97568.96
2021.10.26;95980.79;97568.96;97568.96;97698.50
2021.10.27;95974.11;97698.50;97075.93;97075.93
2021.10.28;95967.41;97075.93;97075.93;97340.32
2021.10.29;95960.85;97340.32;97208.38;97208.38
2021.11.01;95954.22;97208.38;97208.38;97475.44
2021.11.02;95875.62;97475.44;97364.72;97364.72
2021.11.03;95868.93;97364.72;97156.17;97156.17
2021.11.04;95862.26;97156.17;97102.76;97102.76
2021.11.05;95855.63;97102.76;97102.76;97469.31
2021.11.08;95849.01;97469.31;97469.31;97528.21
2021.11.09;95828.91;97528.21;97493.81;97493.81
2021.11.10;95822.19;97493.81;97014.32;97014.32
2021.11.11;95815.48;97014.32;97014.32;97024.80
2021.11.12;95808.87;97024.80;97008.22;97008.22
2021.11.15;95802.26;97008.22;97008.22;97058.82
2021.11.16;95782.43;97058.82;97058.82;97188.86
2021.11.17;95775.81;97188.86;96860.63;96860.63
2021.11.18;95769.15;96860.63;96860.63;96929.40
2021.11.19;95762.57;96929.40;96336.91;96336.91
2021.11.22;95755.97;96336.91;96336.91;96623.23
2021.11.23;95736.55;96623.23;96623.23;97145.34
2021.11.24;95730.01;97145.34;97145.34;97168.71
2021.11.26;95723.36;97168.71;95541.29;95541.29
2021.11.29;95710.04;95541.29;95541.29;95774.19
2021.11.30;95691.11;95774.19;95010.53;95010.53
2021.12.01;95684.75;95010.53;94576.72;94576.72
2021.12.02;94722.70;94576.72;94576.72;94983.10
2021.12.03;94716.47;94983.10;94554.96;94554.96
2021.12.06;94710.14;94554.96;94554.96;94845.51
2021.12.07;94691.44;94845.51;94845.51;95599.06
2021.12.08;94685.14;95599.06;95599.06;95709.31
2021.12.09;94678.67;95709.31;95291.62;95291.62
2021.12.10;94672.18;95291.62;95291.62;95598.93
2021.12.13;94665.78;95598.93;95274.95;95274.95
2021.12.14;94646.36;95274.95;94948.64;94948.64
2021.12.15;94639.95;94948.64;94948.64;95496.62
2021.12.16;94633.62;95496.62;94963.20;94963.20
2021.12.17;94627.16;94963.20;94799.69;94799.69
2021.12.20;94620.82;94799.69;94464.96;94464.96
2021.12.21;94601.90;94464.96;94464.96;95014.54
2021.12.22;94595.66;95014.54;95014.54;95393.29
2021.12.23;94589.30;95393.29;95393.29;95558.77
2021.12.27;94582.86;95558.77;95558.77;96038.53
2021.12.28;94556.93;96038.53;95995.20;95995.20
2021.12.29;94550.34;95995.20;95995.20;96056.01
2021.12.30;94543.76;96056.01;95986.58;95986.58
2021.12.31;94537.16;95986.58;95897.12;95897.12
2022.01.03;94530.57;95897.12;95897.12;96132.56
2022.01.04;95374.14;96132.56;96026.59;96026.59
2022.01.05;95367.68;96026.59;95704.88;95704.88
2022.01.06;95361.24;95704.88;95532.04;95532.04
2022.01.07;95354.87;95532.04;95511.66;95511.66
2022.01.10;95348.53;95511.66;95415.79;95415.79
2022.01.11;95329.53;95415.79;95380.57;95380.57
2022.01.12;95323.22;95380.57;95380.57;95399.18
2022.01.13;95316.91;95399.18;95304.90;95304.90
2022.01.14;95310.59;95304.90;95163.75;95163.75
2022.01.18;95304.30;95163.75;94802.69;94802.69
2022.01.19;95279.23;94802.69;94750.15;94750.15
2022.01.20;95273.04;94750.15;94597.62;94597.62
2022.01.21;95266.86;94597.62;94511.00;94511.00
2022.01.24;95260.71;94511.00;94395.12;94395.12
2022.01.25;95242.31;94395.12;94138.74;94138.74
2022.01.26;95236.20;94138.74;93869.42;93869.42
2022.01.27;95230.14;93869.42;93860.30;93860.30
2022.01.28;95224.14;93860.30;93860.30;94394.23
2022.01.31;95218.15;94394.23;94394.23;94652.62
2022.02.01;95199.80;94652.62;94494.31;94494.31
2022.02.02;94606.55;94494.31;94494.31;94659.02
2022.02.03;94600.33;94659.02;94627.00;94627.00
2022.02.04;94594.08;94627.00;94627.00;94782.99
2022.02.07;94587.83;94782.99;94782.99;94881.82
2022.02.08;94568.98;94881.82;94657.73;94657.73
2022.02.09;94562.66;94657.73;94657.73;94830.71
2022.02.10;94556.40;94830.71;94650.31;94650.31
2022.02.11;94550.10;94650.31;94650.31;94994.12
2022.02.14;94543.84;94994.12;94778.94;94778.94
2022.02.15;94524.82;94778.94;94552.82;94552.82
2022.02.16;94518.52;94552.82;94552.82;94570.11
2022.02.17;94512.27;94570.11;94570.11;94603.66
2022.02.18;94506.02;94603.66;94603.66;94625.29
2022.02.22;94499.75;94625.29;94484.28;94484.28
2022.02.23;94474.68;94484.28;94484.28;94574.05
2022.02.24;94468.43;94574.05;94163.56;94163.56
2022.02.25;94462.17;94163.56;94163.56;94766.32
2022.02.28;94455.99;94766.32;94766.32;94868.93
2022.03.01;94437.06;94868.93;94868.93;95273.23
2022.03.02;95273.23;95273.23;95273.23;95273.23
2022.03.03;95273.23;95273.23;95273.23;95273.23
2022.03.04;95273.23;95273.23;95273.23;95273.23
2022.03.07;95273.23;95273.23;95273.23;95273.23
2022.03.08;95273.23;95273.23;95273.23;95273.23
2022.03.09;95273.23;95273.23;95273.23;95273.23
2022.03.10;95273.23;95273.23;95273.23;95273.23
2022.03.11;95273.23;95273.23;95273.23;95273.23
2022.03.14;95273.23;95273.23;95273.23;95273.23
2022.03.15;95273.23;95273.23;95273.23;95273.23
2022.03.16;95273.23;95273.23;95273.23;95273.23
2022.03.17;95273.23;95273.23;95273.23;95273.23
2022.03.18;95273.23;95273.23;95273.23;95273.23
2022.03.21;95273.23;95273.23;95273.23;95273.23
2022.03.22;95273.23;95273.23;95273.23;95273.23
2022.03.23;95273.23;95273.23;95273.23;95273.23
2022.03.24;95273.23;95273.23;95273.23;95273.23
2022.03.25;95273.23;95273.23;95273.23;95273.23
2022.03.28;95273.23;95273.23;95273.23;95273.23
2022.03.29;95273.23;95273.23;95273.23;95273.23
2022.03.30;95273.23;95273.23;95273.23;95273.23
2022.03.31;95273.23;95273.23;95273.23;95273.23
2022.04.01;95273.23;95273.23;95258.94;95258.94
2022.04.04;95258.94;95258.94;95258.94;95419.12
2022.04.05;95240.15;95419.12;95061.80;95061.80
2022.04.06;95233.84;95061.80;95061.80;95136.65
2022.04.07;95227.62;95136.65;95136.65;95251.78
2022.04.08;95221.37;95251.78;95251.78;95601.67
2022.04.11;95215.10;95601.67;95190.95;95190.95
2022.04.12;95196.05;95190.95;95190.95;95785.91
2022.04.13;95189.79;95785.91;95785.91;96196.86
2022.04.14;95183.40;96196.86;96196.86;96294.49
2022.04.18;95176.91;96294.49;96294.49;96491.34
2022.04.19;95150.87;96491.34;95929.99;95929.99
2022.04.20;95144.31;95929.99;95929.99;96060.15
2022.04.21;95137.88;96060.15;95626.92;95626.92
2022.04.22;95131.41;95626.92;94998.04;94998.04
2022.04.25;95125.04;94998.04;94386.64;94386.64
2022.04.26;95106.33;94386.64;94386.64;94437.58
2022.04.27;95100.22;94437.58;94437.58;94439.54
2022.04.28;95094.10;94439.54;94439.54;94863.31
2022.04.29;95087.98;94863.31;94257.25;94257.25
2022.05.02;95081.76;94257.25;94257.25;94331.36
2022.05.03;94331.36;94331.36;94331.36;94331.36
2022.05.04;94331.36;94331.36;94331.36;94331.36
2022.05.05;94331.36;94331.36;94331.36;94331.36
2022.05.06;94331.36;94331.36;94331.36;94331.36
2022.05.09;94331.36;94331.36;94331.36;94331.36
2022.05.10;94331.36;94331.36;94331.36;94331.36
2022.05.11;94331.36;94331.36;94331.36;94331.36
2022.05.12;94331.36;94331.36;94331.36;94331.36
2022.05.13;94331.36;94331.36;94331.36;94331.36
2022.05.16;94331.36;94331.36;94331.36;94331.36
2022.05.17;94331.36;94331.36;94331.36;94331.36
2022.05.18;94331.36;94331.36;94331.36;94331.36
2022.05.19;94331.36;94331.36;94331.36;94331.36
2022.05.20;94331.36;94331.36;94331.36;94331.36
2022.05.23;94331.36;94331.36;94331.36;94331.36
2022.05.24;94331.36;94331.36;94331.36;94331.36
2022.05.25;94331.36;94331.36;94331.36;94331.36
2022.05.26;94331.36;94331.36;94331.36;94331.36
2022.05.27;94331.36;94331.36;94331.36;94331.36
2022.05.31;94331.36;94331.36;94331.36;94331.36
2022.06.01;94331.36;94331.36;94331.36;94331.36
2022.06.02;94331.36;94331.36;94331.36;94331.36
2022.06.03;94331.36;94331.36;94331.36;94331.36
2022.06.06;94331.36;94331.36;94331.36;94331.36
2022.06.07;94331.36;94331.36;94331.36;94331.36
2022.06.08;94331.36;94331.36;94331.36;94331.36
2022.06.09;94331.36;94331.36;94331.36;94331.36
2022.06.10;94331.36;94331.36;94331.36;94331.36
2022.06.13;94331.36;94331.36;94331.36;94331.36
2022.06.14;94331.36;94331.36;94331.36;94331.36
2022.06.15;94331.36;94331.36;94331.36;94331.36
2022.06.16;94331.36;94331.36;94331.36;94331.36
2022.06.17;94331.36;94331.36;94331.36;94331.36
2022.06.21;94331.36;94331.36;94331.36;94331.36
2022.06.22;94331.36;94331.36;94331.36;94331.36
2022.06.23;94331.36;94331.36;94331.36;94331.36
2022.06.24;94331.36;94331.36;94331.36;94331.36
2022.06.27;94331.36;94331.36;94331.36;94331.36
2022.06.28;94331.36;94331.36;94331.36;94331.36
2022.06.29;94331.36;94331.36;94331.36;94331.36
2022.06.30;94331.36;94331.36;94331.36;94331.36
2022.07.01;94331.36;94331.36;94331.36;94331.36
2022.07.05;94331.36;94331.36;94331.36;94331.36
2022.07.06;94331.36;94331.36;94331.36;94331.36
2022.07.07;94331.36;94331.36;94331.36;94331.36
2022.07.08;94331.36;94331.36;94331.36;94331.36
2022.07.11;94331.36;94331.36;94331.36;94331.36
2022.07.12;94331.36;94331.36;94331.36;94331.36
2022.07.13;94331.36;94331.36;94331.36;94331.36
2022.07.14;94331.36;94331.36;94331.36;94331.36
2022.07.15;94331.36;94331.36;94331.36;94331.36
2022.07.18;94331.36;94331.36;94331.36;94331.36
2022.07.19;94331.36;94331.36;94331.36;94331.36
2022.07.20;94331.36;94331.36;94331.36;94331.36
2022.07.21;94331.36;94331.36;94331.36;94331.36
2022.07.22;94331.36;94331.36;94331.36;94331.36
2022.07.25;94331.36;94331.36;94331.36;94331.36
2022.07.26;94331.36;94331.36;94331.36;94331.36
2022.07.27;94331.36;94331.36;94331.36;94331.36
2022.07.28;94331.36;94331.36;94331.36;94331.36
2022.07.29;94331.36;94331.36;94331.36;94331.36
2022.08.01;94331.36;94331.36;94331.36;94331.36
2022.08.02;94331.36;94331.36;94331.36;94331.36
2022.08.03;94331.36;94331.36;94331.36;94331.36
2022.08.04;94331.36;94331.36;94331.36;94331.36
2022.08.05;94331.36;94331.36;94331.36;94331.36
2022.08.08;94331.36;94331.36;94331.36;94331.36
2022.08.09;94331.36;94331.36;94331.36;94331.36
2022.08.10;94331.36;94331.36;94331.36;94331.36
2022.08.11;94331.36;94331.36;94331.36;94331.36
2022.08.12;94331.36;94331.36;94331.36;94331.36
2022.08.15;94331.36;94331.36;94331.36;94331.36
2022.08.16;94331.36;94331.36;94331.36;94331.36
2022.08.17;94331.36;94331.36;94331.36;94331.36
2022.08.18;94331.36;94331.36;94331.36;94331.36
2022.08.19;94331.36;94331.36;94331.36;94331.36
2022.08.22;94331.36;94331.36;94331.36;94331.36
2022.08.23;94331.36;94331.36;94331.36;94331.36
2022.08.24;94331.36;94331.36;94331.36;94331.36
2022.08.25;94331.36;94331.36;94331.36;94331.36
2022.08.26;94331.36;94331.36;94331.36;94331.36
2022.08.29;94331.36;94331.36;94331.36;94331.36
2022.08.30;94331.36;94331.36;94331.36;94331.36
2022.08.31;94331.36;94331.36;94331.36;94331.36
2022.09.01;94331.36;94331.36;94331.36;94331.36
2022.09.02;94331.36;94331.36;94331.36;94331.36
2022.09.06;94331.36;94331.36;94331.36;94331.36
2022.09.07;94331.36;94331.36;94331.36;94331.36
2022.09.08;94331.36;94331.36;94331.36;94331.36
2022.09.09;94331.36;94331.36;94331.36;94331.36
2022.09.12;94331.36;94331.36;94331.36;94331.36
2022.09.13;94331.36;94331.36;94331.36;94331.36
2022.09.14;94331.36;94331.36;94331.36;94331.36
2022.09.15;94331.36;94331.36;94331.36;94331.36
2022.09.16;94331.36;94331.36;94331.36;94331.36
2022.09.19;94331.36;94331.36;94331.36;94331.36
2022.09.20;94331.36;94331.36;94331.36;94331.36
2022.09.21;94331.36;94331.36;94331.36;94331.36
2022.09.22;94331.36;94331.36;94331.36;94331.36
2022.09.23;94331.36;94331.36;94331.36;94331.36
2022.09.26;94331.36;94331.36;94331.36;94331.36
2022.09.27;94331.36;94331.36;94331.36;94331.36
2022.09.28;94331.36;94331.36;94331.36;94331.36
2022.09.29;94331.36;94331.36;94331.36;94331.36
2022.09.30;94331.36;94331.36;94331.36;94331.36
2022.10.03;94331.36;94331.36;94331.36;94331.36
2022.10.04;94331.36;94331.36;94331.36;94331.36
2022.10.05;94331.36;94331.36;94331.36;94331.36
2022.10.06;94331.36;94331.36;94331.36;94331.36
2022.10.07;94331.36;94331.36;94331.36;94331.36
2022.10.10;94331.36;94331.36;94331.36;94331.36
2022.10.11;94331.36;94331.36;94331.36;94331.36
2022.10.12;94331.36;94331.36;94331.36;94331.36
2022.10.13;94331.36;94331.36;94331.36;94331.36
2022.10.14;94331.36;94331.36;94331.36;94331.36
2022.10.17;94331.36;94331.36;94331.36;94331.36
2022.10.18;94331.36;94331.36;94331.36;94331.36
2022.10.19;94331.36;94331.36;94331.36;94331.36
2022.10.20;94331.36;94331.36;94331.36;94331.36
2022.10.21;94331.36;94331.36;94331.36;94331.36
2022.10.24;94331.36;94331.36;94331.36;94331.36
2022.10.25;94331.36;94331.36;94331.36;94331.36
2022.10.26;94331.36;94331.36;94331.36;94331.36
2022.10.27;94331.36;94331.36;94331.36;94331.36
2022.10.28;94331.36;94331.36;94331.36;94331.36
2022.10.31;94331.36;94331.36;94331.36;94331.36
2022.11.01;94331.36;94331.36;94331.36;94331.36
2022.11.02;94331.36;94331.36;94331.36;94331.36
2022.11.03;94331.36;94331.36;94331.36;94331.36
2022.11.04;94331.36;94331.36;94331.36;94331.36
2022.11.07;94331.36;94331.36;94331.36;94331.36
2022.11.08;94331.36;94331.36;94331.36;94331.36
2022.11.09;94331.36;94331.36;94331.36;94331.36
2022.11.10;94331.36;94331.36;94331.36;94331.36
2022.11.11;94331.36;94331.36;94331.36;94331.36
2022.11.14;94331.36;94331.36;94331.36;94331.36
2022.11.15;94331.36;94331.36;94331.36;94331.36
2022.11.16;94331.36;94331.36;94331.36;94331.36
2022.11.17;94331.36;94331.36;94331.36;94331.36
2022.11.18;94331.36;94331.36;94331.36;94331.36
2022.11.21;94331.36;94331.36;94331.36;94331.36
2022.11.22;94331.36;94331.36;94331.36;94331.36
2022.11.23;94331.36;94331.36;94331.36;94331.36
2022.11.25;94331.36;94331.36;94331.36;94331.36
2022.11.28;94331.36;94331.36;94331.36;94331.36
2022.11.29;94331.36;94331.36;94331.36;94331.36
2022.11.30;94331.36;94331.36;94331.36;94331.36
2022.12.01;94331.36;94331.36;94317.21;94317.21
2022.12.02;94317.21;94317.21;94317.21;94431.24
2022.12.05;94311.01;94431.24;93846.40;93846.40
2022.12.06;94292.32;93846.40;93429.59;93429.59
2022.12.07;94286.22;93429.59;93408.48;93408.48
2022.12.08;94280.20;93408.48;93408.48;93487.27
2022.12.09;94274.19;93487.27;93197.40;93197.40
2022.12.12;94268.16;93197.40;93197.40;93534.75
2022.12.13;94250.26;93534.75;93534.75;93892.93
2022.12.14;94244.21;93892.93;93750.79;93750.79
2022.12.15;94238.08;93750.79;93094.18;93094.18
2022.12.16;94231.99;93094.18;92876.29;92876.29
2022.12.19;94226.04;92876.29;92734.12;92734.12
2022.12.20;94208.31;92734.12;92734.12;92893.42
2022.12.21;94202.44;92893.42;92893.42;93275.17
2022.12.22;94196.52;93275.17;92887.32;92887.32
2022.12.23;94190.52;92887.32;92887.32;93199.34
2022.12.27;94184.60;93199.34;93199.34;93297.67
2022.12.28;94160.66;93297.67;92882.54;92882.54
2022.12.29;94154.64;92882.54;92882.54;93230.72
2022.12.30;94148.72;93230.72;93104.94;93104.94
2023.01.03;94142.72;93104.94;92949.93;92949.93
2023.01.04;92949.93;92949.93;92949.93;92949.93
2023.01.05;92949.93;92949.93;92949.93;92949.93
2023.01.06;92949.93;92949.93;92949.93;92949.93
2023.01.09;92949.93;92949.93;92949.93;92949.93
2023.01.10;92949.93;92949.93;92949.93;92949.93
2023.01.11;92949.93;92949.93;92949.93;92949.93
2023.01.12;92949.93;92949.93;92949.93;92949.93
2023.01.13;92949.93;92949.93;92949.93;92949.93
2023.01.17;92949.93;92949.93;92949.93;92949.93
2023.01.18;92949.93;92949.93;92949.93;92949.93
2023.01.19;92949.93;92949.93;92949.93;92949.93
2023.01.20;92949.93;92949.93;92949.93;92949.93
2023.01.23;92949.93;92949.93;92949.93;92949.93
2023.01.24;92949.93;92949.93;92949.93;92949.93
2023.01.25;92949.93;92949.93;92949.93;92949.93
2023.01.26;92949.93;92949.93;92949.93;92949.93
2023.01.27;92949.93;92949.93;92949.93;92949.93
2023.01.30;92949.93;92949.93;92949.93;92949.93
2023.01.31;92949.93;92949.93;92949.93;92949.93
2023.02.01;92949.93;92949.93;92935.99;92935.99
2023.02.02;92935.99;92935.99;92935.99;93286.97
2023.02.03;92929.88;93286.97;92728.34;92728.34
2023.02.06;92923.69;92728.34;92453.38;92453.38
2023.02.07;92905.48;92453.38;92453.38;92626.21
2023.02.08;92899.47;92626.21;92395.73;92395.73
2023.02.09;92893.42;92395.73;92215.74;92215.74
2023.02.10;92887.41;92215.74;92003.21;92003.21
2023.02.13;92881.45;92003.21;92003.21;92167.75
2023.02.14;92863.69;92167.75;92167.75;92182.07
2023.02.15;92857.73;92182.07;92127.07;92127.07
2023.02.16;92851.77;92127.07;91980.50;91980.50
2023.02.17;92845.82;91980.50;91937.83;91937.83
2023.02.21;92839.89;91937.83;91538.87;91538.87
2023.02.22;92816.24;91538.87;91446.55;91446.55
2023.02.23;92810.41;91446.55;91446.55;91496.31
2023.02.24;92804.59;91496.31;91020.01;91020.01
2023.02.27;92798.77;91020.01;91020.01;91190.28
2023.02.28;92781.60;91190.28;91133.93;91133.93
2023.03.01;92775.84;91133.93;91133.93;91286.54
2023.03.02;91868.54;91286.54;91286.54;91352.50
2023.03.03;91862.61;91352.50;91352.50;91916.85
2023.03.06;91856.66;91916.85;91892.31;91892.31
2023.03.07;91838.45;91892.31;91505.76;91505.76
2023.03.08;91832.38;91505.76;91505.76;91569.94
2023.03.09;91826.40;91569.94;91076.18;91076.18
2023.03.10;91820.39;91076.18;90757.37;90757.37
2023.03.13;91814.50;90757.37;90718.48;90718.48
2023.03.14;91797.02;90718.48;90718.48;91286.62
2023.03.15;91791.20;91286.62;91140.36;91140.36
2023.03.16;91785.26;91140.36;91140.36;91676.48
2023.03.17;91779.34;91676.48;91394.86;91394.86
2023.03.20;91773.30;91394.86;91394.86;91590.55
2023.03.21;91755.38;91590.55;91590.55;92168.99
2023.03.22;91749.36;92168.99;91772.21;91772.21
2023.03.23;91743.21;91772.21;91772.21;91957.35
2023.03.24;91737.15;91957.35;91914.26;91914.26
2023.03.27;91731.04;91914.26;91907.53;91907.53
2023.03.28;91712.75;91907.53;91804.31;91804.31
2023.03.29;91706.65;91804.31;91804.31;92244.39
2023.03.30;91700.57;92244.39;92244.39;92524.22
2023.03.31;91694.39;92524.22;92524.22;92983.82
2023.04.03;91688.15;92983.82;92907.03;92907.03
2023.04.04;92214.62;92907.03;92907.03;93254.41
2023.04.05;92208.39;93254.41;93079.73;93079.73
2023.04.06;92202.07;93079.73;93079.73;93096.04
2023.04.10;92195.80;93096.04;93007.70;93007.70
2023.04.11;92170.67;93007.70;92983.41;92983.41
2023.04.12;92164.41;92983.41;92983.41;93030.19
2023.04.13;92158.14;93030.19;93030.19;93487.98
2023.04.14;92151.87;93487.98;93166.35;93166.35
2023.04.17;92145.49;93166.35;93055.78;93055.78
2023.04.18;92126.57;93055.78;93055.78;93139.49
2023.04.19;92120.28;93139.49;93101.44;93101.44
2023.04.20;92113.98;93101.44;93001.22;93001.22
2023.04.21;92107.68;93001.22;92851.00;92851.00
2023.04.24;92101.40;92851.00;92839.41;92839.41
2023.04.25;92082.65;92839.41;92554.71;92554.71
2023.04.26;92076.40;92554.71;92554.71;92603.03
2023.04.27;92070.22;92603.03;92603.03;92959.18
2023.04.28;92064.02;92959.18;92959.18;93116.48
2023.05.01;92057.74;93116.48;93019.92;93019.92
2023.05.02;92010.30;93019.92;92898.27;92898.27
2023.05.03;92003.99;92898.27;92783.00;92783.00
2023.05.04;91997.71;92783.00;92769.17;92769.17
2023.05.05;91991.45;92769.17;92769.17;93059.20
2023.05.08;91985.20;93059.20;93059.20;93098.84
2023.05.09;91966.24;93098.84;92944.33;92944.33
2023.05.10;91959.90;92944.33;92944.33;93111.93
2023.05.11;91953.60;93111.93;92817.16;92817.16
2023.05.12;91947.26;92817.16;92723.04;92723.04
2023.05.15;91940.99;92723.04;92723.04;92861.40
2023.05.16;91922.22;92861.40;92771.44;92771.44
2023.05.17;91915.93;92771.44;92771.44;93040.47
2023.05.18;91909.65;93040.47;93040.47;93369.89
2023.05.19;91903.32;93369.89;93369.89;93398.69
2023.05.22;91896.91;93398.69;93398.69;93425.14
2023.05.23;91877.67;93425.14;93069.95;93069.95
2023.05.24;91871.25;93069.95;92827.44;92827.44
2023.05.25;91864.90;92827.44;92827.44;93190.08
2023.05.26;91858.60;93190.08;93190.08;93907.20
2023.05.30;91852.23;93907.20;93907.20;93945.32
2023.05.31;91826.08;93945.32;93923.73;93923.73
2023.06.01;91819.53;93923.73;93923.73;94287.33
2023.06.02;91771.23;94287.33;94287.33;94498.35
2023.06.05;91764.57;94498.35;94444.63;94444.63
2023.06.06;91744.45;94444.63;94444.63;94480.55
2023.06.07;91737.75;94480.55;94109.89;94109.89
2023.06.08;91731.04;94109.89;94109.89;94367.60
2023.06.09;91724.41;94367.60;94367.60;94445.85
2023.06.12;91717.73;94445.85;94445.85;94886.44
2023.06.13;91697.61;94886.44;94886.44;95064.90
2023.06.14;91690.80;95064.90;95064.90;95223.12
2023.06.15;91683.96;95223.12;95223.12;95631.24
2023.06.16;91677.07;95631.24;95414.64;95414.64
2023.06.20;91670.10;95414.64;95245.29;95245.29
2023.06.21;91642.38;95245.29;94890.44;94890.44
2023.06.22;91635.49;94890.44;94890.44;95133.01
2023.06.23;91628.67;95133.01;94882.96;94882.96
2023.06.26;91621.79;94882.96;94587.36;94587.36
2023.06.27;91601.32;94587.36;94587.36;95082.96
2023.06.28;91594.56;95082.96;95082.96;95135.00
2023.06.29;91587.69;95135.00;95112.90;95112.90
2023.06.30;91580.80;95112.90;95112.90;95527.17
2023.07.03;91573.92;95527.17;95527.17;95536.56
2023.07.05;91941.66;95536.56;95534.19;95534.19
2023.07.06;91927.83;95534.19;95263.28;95263.28
2023.07.07;91920.91;95263.28;95174.83;95174.83
2023.07.10;91914.05;95174.83;95174.83;95179.82
2023.07.11;91893.52;95179.82;95179.82;95423.86
2023.07.12;91886.67;95423.86;95423.86;95774.51
2023.07.13;91879.77;95774.51;95774.51;96203.87
2023.07.14;91872.79;96203.87;96126.94;96126.94
2023.07.17;91865.71;96126.94;96126.94;96295.07
2023.07.18;91844.52;96295.07;96295.07;96539.05
2023.07.19;91837.42;96539.05;96539.05;96556.94
2023.07.20;91830.26;96556.94;95766.04;95766.04
2023.07.21;91823.10;95766.04;95652.88;95652.88
2023.07.24;91816.10;95652.88;95652.88;95721.19
2023.07.25;91795.20;95721.19;95721.19;95875.74
2023.07.26;91788.21;95875.74;95846.34;95846.34
2023.07.27;91781.18;95846.34;95785.60;95785.60
2023.07.28;91774.17;95785.60;95785.60;96326.36
2023.07.31;91767.16;96326.36;96326.36;96367.21
2023.08.01;91745.78;96367.21;96236.85;96236.85
2023.08.02;96240.60;96236.85;95785.52;95785.52
2023.08.03;96234.29;95785.52;95785.52;95987.40
2023.08.04;96228.07;95987.40;95987.40;96114.95
2023.08.07;96221.80;96114.95;96114.95;96267.41
2023.08.08;96202.92;96267.41;96230.34;96230.34
2023.08.09;96196.59;96230.34;96230.34;96329.17
2023.08.10;96190.26;96329.17;96230.47;96230.47
2023.08.11;96183.91;96230.47;96230.47;96329.41
2023.08.14;96177.59;96329.41;96259.60;96259.60
2023.08.15;96158.53;96259.60;95793.94;95793.94
2023.08.16;96152.19;95793.94;95475.15;95475.15
2023.08.17;96145.95;95475.15;95439.74;95439.74
2023.08.18;96139.78;95439.74;95439.74;95583.48
2023.08.21;96133.62;95583.48;95567.17;95567.17
2023.08.22;96115.03;95567.17;95468.61;95468.61
2023.08.23;96108.83;95468.61;95468.61;95479.25
2023.08.24;96102.65;95479.25;95208.01;95208.01
2023.08.25;96096.47;95208.01;95208.01;95508.35
2023.08.28;96090.35;95508.35;95508.35;95618.98
2023.08.29;96071.78;95618.98;95618.98;95948.36
2023.08.30;96065.56;95948.36;95948.36;96074.58
2023.08.31;96059.27;96074.58;96074.58;96201.92
2023.09.01;96052.95;96201.92;96201.92;96510.00
2023.09.05;95813.84;96510.00;96416.48;96416.48
2023.09.06;95787.88;96416.48;96351.58;96351.58
2023.09.07;95781.41;96351.58;96206.26;96206.26
2023.09.08;95774.94;96206.26;96206.26;96315.95
2023.09.11;95768.51;96315.95;96315.95;96361.12
2023.09.12;95749.14;96361.12;96361.12;96577.30
2023.09.13;95742.66;96577.30;96469.18;96469.18
2023.09.14;95736.14;96469.18;96469.18;96730.83
2023.09.15;95729.64;96730.83;96655.07;96655.07
2023.09.18;95723.09;96655.07;96655.07;96783.16
2023.09.19;95703.46;96783.16;96705.31;96705.31
2023.09.20;95696.88;96705.31;96416.52;96416.52
2023.09.21;95690.33;96416.52;96277.13;96277.13
2023.09.22;95683.83;96277.13;96277.13;96342.03
2023.09.25;95677.36;96342.03;96285.60;96285.60
2023.09.26;95657.91;96285.60;96126.85;96126.85
2023.09.27;95651.43;96126.85;96126.85;96440.88
2023.09.28;95644.99;96440.88;96402.05;96402.05
2023.09.29;95638.48;96402.05;95999.30;95999.30
2023.10.02;95631.97;95999.30;95422.91;95422.91
2023.10.03;94606.41;95422.91;95267.64;95267.64
2023.10.04;94599.93;95267.64;94559.22;94559.22
2023.10.05;94593.48;94559.22;94493.73;94493.73
2023.10.06;94587.19;94493.73;94493.73;94574.65
2023.10.09;94580.91;94574.65;94574.65;95161.91
2023.10.10;94562.00;95161.91;95161.91;95214.55
2023.10.11;94555.57;95214.55;94991.03;94991.03
2023.10.12;94549.12;94991.03;94947.91;94947.91
2023.10.13;94542.72;94947.91;94947.91;95360.28
2023.10.16;94536.33;95360.28;95352.36;95352.36
2023.10.17;94516.88;95352.36;95352.36;95445.95
2023.10.18;94510.40;95445.95;95445.95;95464.74
2023.10.19;94503.89;95464.74;95464.74;95549.91
2023.10.20;94497.38;95549.91;95285.79;95285.79
2023.10.23;94490.85;95285.79;94977.02;94977.02
2023.10.24;94471.42;94977.02;94752.90;94752.90
2023.10.25;94465.00;94752.90;94752.90;94818.72
2023.10.26;94458.64;94818.72;94530.12;94530.12
2023.10.27;94452.26;94530.12;94530.12;94544.17
2023.10.30;94445.94;94544.17;94373.47;94373.47
2023.10.31;94426.96;94373.47;94373.47;94392.33
2023.11.01;94420.67;94392.33;94392.33;94517.05
2023.11.02;94517.05;94517.05;94517.05;94517.05
2023.11.03;94517.05;94517.05;94517.05;94517.05
2023.11.06;94517.05;94517.05;94517.05;94517.05
2023.11.07;94517.05;94517.05;94517.05;94517.05
2023.11.08;94517.05;94517.05;94517.05;94517.05
2023.11.09;94517.05;94517.05;94517.05;94517.05
2023.11.10;94517.05;94517.05;94517.05;94517.05
2023.11.13;94517.05;94517.05;94517.05;94517.05
2023.11.14;94517.05;94517.05;94517.05;94517.05
2023.11.15;94517.05;94517.05;94517.05;94517.05
2023.11.16;94517.05;94517.05;94517.05;94517.05
2023.11.17;94517.05;94517.05;94517.05;94517.05
2023.11.20;94517.05;94517.05;94517.05;94517.05
2023.11.21;94517.05;94517.05;94517.05;94517.05
2023.11.22;94517.05;94517.05;94517.05;94517.05
2023.11.24;94517.05;94517.05;94517.05;94517.05
2023.11.27;94517.05;94517.05;94517.05;94517.05
2023.11.28;94517.05;94517.05;94517.05;94517.05
2023.11.29;94517.05;94517.05;94517.05;94517.05
2023.11.30;94517.05;94517.05;94517.05;94517.05
2023.12.01;94517.05;94517.05;94502.88;94502.88
2023.12.04;94502.88;94502.88;94144.83;94144.83
2023.12.05;94484.23;94144.83;93997.34;93997.34
2023.12.06;94478.09;93997.34;93943.40;93943.40
2023.12.07;94471.98;93943.40;93943.40;93973.26
2023.12.08;94465.88;93973.26;93789.54;93789.54
2023.12.11;94459.78;93789.54;93789.54;93845.87
2023.12.12;94441.57;93845.87;93835.38;93835.38
2023.12.13;94435.49;93835.38;93835.38;94700.83
2023.12.14;94429.40;94700.83;94700.83;94899.39
2023.12.15;94423.13;94899.39;94615.04;94615.04
2023.12.18;94416.81;94615.04;94572.39;94572.39
2023.12.19;94398.04;94572.39;94572.39;94755.41
2023.12.20;94391.78;94755.41;94401.22;94401.22
2023.12.21;94385.49;94401.22;94401.22;94633.16
2023.12.22;94379.27;94633.16;94632.54;94632.54
2023.12.26;94373.00;94632.54;94632.54;94759.85
2023.12.27;94347.91;94759.85;94759.85;94801.12
2023.12.28;94341.61;94801.12;94801.12;94828.50
2023.12.29;94335.29;94828.50;94643.83;94643.83
2024.01.02;94328.97;94643.83;94538.48;94538.48
2024.01.03;94006.95;94538.48;94090.16;94090.16
2024.01.04;94000.62;94090.16;93969.95;93969.95
2024.01.05;93994.38;93969.95;93861.31;93861.31
2024.01.08;93988.17;93861.31;93861.31;94228.61
2024.01.09;93969.61;94228.61;94001.84;94001.84
2024.01.10;93963.33;94001.84;94001.84;94012.22
2024.01.11;93957.11;94012.22;93894.23;93894.23
2024.01.12;93950.88;93894.23;93894.23;93926.74
2024.01.16;93944.67;93926.74;93516.12;93516.12
2024.01.17;93919.82;93516.12;93271.61;93271.61
2024.01.18;93913.69;93271.61;93252.76;93252.76
2024.01.19;93907.62;93252.76;93252.76;93441.78
2024.01.22;93901.54;93441.78;93441.78;93651.10
2024.01.23;93883.19;93651.10;93514.07;93514.07
2024.01.24;93877.03;93514.07;93434.41;93434.41
2024.01.25;93870.89;93434.41;93434.41;93615.44
2024.01.26;93864.77;93615.44;93583.95;93583.95
2024.01.29;93858.61;93583.95;93583.95;93835.00
2024.01.30;93840.14;93835.00;93752.88;93752.88
2024.01.31;93833.92;93752.88;93505.43;93505.43
2024.02.01;93827.72;93505.43;93505.43;93928.94
2024.02.02;93928.94;93928.94;93928.94;94343.61
2024.02.05;93922.76;94343.61;94192.55;94192.55
2024.02.06;93903.95;94192.55;94192.55;94241.22
2024.02.07;93897.71;94241.22;94241.22;94417.19
2024.02.08;93891.45;94417.19;94412.22;94412.22
2024.02.09;93885.16;94412.22;94412.22;94499.87
2024.02.12;93878.87;94499.87;94499.87;94517.44
2024.02.13;93859.92;94517.44;94132.14;94132.14
2024.02.14;93853.60;94132.14;94132.14;94447.42
2024.02.15;93847.36;94447.42;94447.42;94696.06
2024.02.16;93841.05;94696.06;94506.86;94506.86
2024.02.20;93834.69;94506.86;94371.99;94371.99
2024.02.21;93809.39;94371.99;94366.49;94366.49
2024.02.22;93803.09;94366.49;94366.49;94845.03
2024.02.23;93796.78;94845.03;94845.03;94869.68
2024.02.26;93790.38;94869.68;94666.00;94666.00
2024.02.27;93771.13;94666.00;94666.00;94738.12
2024.02.28;93764.76;94738.12;94634.23;94634.23
2024.02.29;93758.37;94634.23;94634.23;94691.90
2024.03.01;93752.00;94691.90;94691.90;94901.16
2024.03.04;94592.30;94901.16;94654.04;94654.04
2024.03.05;94573.42;94654.04;94399.27;94399.27
2024.03.06;94567.18;94399.27;94399.27;94651.09
2024.03.07;94560.99;94651.09;94651.09;94858.56
2024.03.08;94554.75;94858.56;94636.69;94636.69
2024.03.11;94548.45;94636.69;94449.67;94449.67
2024.03.12;94529.72;94449.67;94449.67;94663.85
2024.03.13;94523.51;94663.85;94663.85;94696.95
2024.03.14;94517.25;94696.95;94696.95;94758.11
2024.03.15;94510.99;94758.11;94626.36;94626.36
2024.03.18;94504.71;94626.36;94626.36;95057.46
2024.03.19;94485.95;95057.46;95057.46;95154.62
2024.03.20;94479.60;95154.62;95154.62;95257.91
2024.03.21;94473.23;95257.91;95254.95;95254.95
2024.03.22;94466.83;95254.95;95252.29;95252.29
2024.03.25;94460.43;95252.29;95178.80;95178.80
2024.03.26;94441.23;95178.80;95114.39;95114.39
2024.03.27;94434.85;95114.39;95114.39;95234.87
2024.03.28;94428.47;95234.87;95234.87;95290.81
2024.04.01;94422.07;95290.81;95290.81;95302.19
2024.04.02;94854.87;95302.19;95302.19;95442.77
2024.04.03;94848.51;95442.77;95442.77;95608.72
2024.04.04;94842.12;95608.72;95559.21;95559.21
2024.04.05;94835.69;95559.21;95559.21;95805.73
2024.04.08;94829.27;95805.73;95713.52;95713.52
2024.04.09;94809.84;95713.52;95609.98;95609.98
2024.04.10;94803.38;95609.98;95542.30;95542.30
2024.04.11;94796.94;95542.30;95481.94;95481.94
2024.04.12;94790.52;95481.94;95153.05;95153.05
2024.04.15;94784.11;95153.05;94994.26;94994.26
2024.04.16;94765.08;94994.26;94825.92;94825.92
2024.04.17;94758.77;94825.92;94548.91;94548.91
2024.04.18;94752.49;94548.91;94486.84;94486.84
2024.04.19;94746.27;94486.84;94486.84;94554.24
2024.04.22;94740.07;94554.24;94554.24;94634.53
2024.04.23;94721.41;94634.53;94634.53;94819.35
2024.04.24;94715.17;94819.35;94734.61;94734.61
2024.04.25;94708.88;94734.61;94734.61;94907.17
2024.04.26;94702.62;94907.17;94883.08;94883.08
2024.04.29;94696.31;94883.08;94883.08;94933.27
2024.04.30;94677.40;94933.27;94366.22;94366.22
2024.05.01;94671.09;94366.22;94012.58;94012.58
2024.05.02;94244.10;94012.58;94012.58;94088.26
2024.05.03;94237.95;94088.26;94088.26;94092.96
2024.05.06;94231.77;94092.96;94092.96;94486.76
2024.05.07;94213.25;94486.76;94478.97;94478.97
2024.05.08;94206.99;94478.97;94478.97;94528.63
2024.05.09;94200.72;94528.63;94528.63;95103.70
2024.05.10;94194.45;95103.70;95082.80;95082.80
2024.05.13;94188.05;95082.80;94972.71;94972.71
2024.05.14;94168.84;94972.71;94972.71;95151.46
2024.05.15;94162.46;95151.46;95151.46;95652.65
2024.05.16;94156.04;95652.65;95554.65;95554.65
2024.05.17;94149.51;95554.65;95554.65;96275.34
2024.05.20;94143.00;96275.34;96275.34;96281.08
2024.05.21;94122.98;96281.08;96281.08;96381.11
2024.05.22;94116.31;96381.11;95708.24;95708.24
2024.05.23;94109.61;95708.24;95171.59;95171.59
2024.05.24;94103.05;95171.59;95171.59;95310.90
2024.05.28;94096.61;95310.90;95310.90;95859.13
2024.05.29;94070.73;95859.13;95546.59;95546.59
2024.05.30;94064.13;95546.59;95454.44;95454.44
2024.05.31;94057.61;95454.44;95454.44;95515.75
2024.06.03;94051.09;95515.75;95313.03;95313.03
2024.06.04;93803.54;95313.03;95094.72;95094.72
2024.06.05;93796.99;95094.72;95094.72;95159.82
2024.06.06;93790.48;95159.82;95159.82;95460.10
2024.06.07;93783.95;95460.10;94703.74;94703.74
2024.06.10;93777.36;94703.74;94703.74;94921.46
2024.06.11;93758.07;94921.46;94655.26;94655.26
2024.06.12;93751.59;94655.26;94655.26;94715.77
2024.06.13;93745.17;94715.77;94502.59;94502.59
2024.06.14;93738.73;94502.59;94502.59;94623.71
2024.06.17;93732.34;94623.71;94579.45;94579.45
2024.06.18;93713.07;94579.45;94579.45;94613.13
2024.06.20;93706.66;94613.13;94613.13;95007.80
2024.06.21;93693.81;95007.80;94619.32;94619.32
2024.06.24;93687.30;94619.32;94619.32;94848.16
2024.06.25;93668.01;94848.16;94510.99;94510.99
2024.06.26;93661.52;94510.99;94388.71;94388.71
2024.06.27;93655.11;94388.71;94380.75;94380.75
2024.06.28;93648.72;94380.75;94288.42;94288.42
2024.07.01;93642.34;94288.42;94217.59;94217.59
2024.07.02;93467.88;94217.59;94217.59;94418.64
2024.07.03;93461.52;94418.64;94418.64;94822.89
2024.07.05;93455.12;94822.89;94822.89;95231.36
2024.07.08;93442.13;95231.36;95111.05;95111.05
2024.07.09;93422.38;95111.05;95111.05;95124.36
2024.07.10;93415.81;95124.36;95124.36;95356.54
2024.07.11;93409.25;95356.54;95055.33;95055.33
2024.07.12;93402.63;95055.33;94969.41;94969.41
2024.07.15;93396.07;94969.41;94969.41;94981.86
2024.07.16;93376.46;94981.86;94981.86;95141.52
2024.07.17;93369.91;95141.52;94258.00;94258.00
2024.07.18;93363.33;94258.00;94078.08;94078.08
2024.07.19;93356.94;94078.08;93720.87;93720.87
2024.07.22;93350.59;93720.87;93720.87;93980.45
2024.07.23;93331.77;93980.45;93925.86;93925.86
2024.07.24;93325.43;93925.86;93120.27;93120.27
2024.07.25;93319.11;93120.27;92591.61;92591.61
2024.07.26;93312.96;92591.61;92591.61;92886.48
2024.07.29;93306.92;92886.48;92886.48;92901.74
2024.07.30;93288.62;92901.74;92775.96;92775.96
2024.07.31;93282.51;92775.96;92775.96;93490.53
2024.08.01;93276.43;93490.53;92960.38;92960.38
2024.08.02;92960.38;92960.38;92350.47;92350.47
2024.08.05;92954.27;92350.47;91546.00;91546.00
2024.08.06;92936.32;91546.00;91546.00;91887.64
2024.08.07;92930.51;91887.64;91600.77;91600.77
2024.08.08;92924.63;91600.77;91600.77;92069.63
2024.08.09;92918.80;92069.63;92069.63;92117.88
2024.08.12;92912.88;92117.88;91948.31;91948.31
2024.08.13;92895.06;91948.31;91948.31;92334.67
2024.08.14;92889.15;92334.67;92315.71;92315.71
2024.08.15;92883.16;92315.71;92315.71;92777.90
2024.08.16;92877.17;92777.90;92777.90;92823.45
2024.08.19;92871.07;92823.45;92823.45;93057.36
2024.08.20;92852.76;93057.36;92961.05;92961.05
2024.08.21;92846.60;92961.05;92961.05;93164.12
2024.08.22;92840.46;93164.12;92990.41;92990.41
2024.08.23;92834.28;92990.41;92990.41;93551.64
2024.08.26;92828.13;93551.64;93489.80;93489.80
2024.08.27;92809.31;93489.80;93431.07;93431.07
2024.08.28;92803.05;93431.07;93256.69;93256.69
2024.08.29;92796.80;93256.69;93256.69;93324.92
2024.08.30;92790.58;93324.92;93324.92;93575.42
2024.09.03;92784.35;93575.42;93135.01;93135.01
2024.09.04;92935.58;93135.01;93135.01;93201.23
2024.09.05;92929.42;93201.23;93046.55;93046.55
2024.09.06;92923.24;93046.55;92742.12;92742.12
2024.09.09;92917.09;92742.12;92742.12;93001.43
2024.09.10;92898.85;93001.43;93001.43;93082.09
2024.09.11;92892.71;93082.09;93065.26;93065.26
2024.09.12;92886.55;93065.26;93065.26;93190.03
2024.09.13;92880.39;93190.03;93190.03;93525.25
2024.09.16;92874.20;93525.25;93525.25;93700.87
2024.09.17;92855.41;93700.87;93700.87;93723.93
2024.09.18;92849.11;93723.93;93620.67;93620.67
2024.09.19;92842.80;93620.67;93620.67;93776.34
2024.09.20;92836.51;93776.34;93776.34;93863.69
2024.09.23;92830.18;93863.69;93863.69;93965.36
2024.09.24;92811.14;93965.36;93859.59;93859.59
2024.09.25;92804.77;93859.59;93731.57;93731.57
2024.09.26;92798.42;93731.57;93673.59;93673.59
2024.09.27;92792.09;93673.59;93673.59;93818.19
2024.09.30;92785.78;93818.19;93818.19;93940.54
2024.10.01;92766.74;93940.54;93786.28;93786.28
2024.10.02;93786.28;93786.28;93633.54;93633.54
2024.10.03;93780.11;93633.54;93415.87;93415.87
2024.10.04;93773.98;93415.87;93415.87;93681.30
2024.10.07;93767.89;93681.30;93385.04;93385.04
2024.10.08;93749.44;93385.04;93385.04;93516.87
2024.10.09;93743.35;93516.87;93516.87;93624.90
2024.10.10;93737.23;93624.90;93523.54;93523.54
2024.10.11;93731.09;93523.54;93523.54;93675.09
2024.10.14;93724.96;93675.09;93675.09;93779.78
2024.10.15;93706.49;93779.78;93545.52;93545.52
2024.10.16;93700.31;93545.52;93545.52;93656.00
2024.10.17;93694.17;93656.00;93590.60;93590.60
2024.10.18;93688.01;93590.60;93590.60;93724.92
2024.10.21;93681.86;93724.92;93428.02;93428.02
2024.10.22;93663.33;93428.02;93179.14;93179.14
2024.10.23;93657.21;93179.14;92857.99;92857.99
2024.10.24;93651.15;92857.99;92857.99;93140.46
2024.10.25;93645.15;93140.46;93108.26;93108.26
2024.10.28;93639.10;93108.26;93108.26;93237.98
2024.10.29;93620.94;93237.98;93218.73;93218.73
2024.10.30;93614.85;93218.73;93122.93;93122.93
2024.10.31;93608.77;93122.93;92849.32;92849.32
2024.11.01;93602.71;92849.32;92849.32;92954.24
2024.11.04;92954.24;92954.24;92860.68;92860.68
2024.11.05;92935.90;92860.68;92860.68;93079.18
2024.11.06;92929.80;93079.18;92649.26;92649.26
2024.11.07;92923.65;92649.26;92649.26;93019.68
2024.11.08;92917.60;93019.68;92915.66;92915.66
2024.11.11;92911.46;92915.66;92676.55;92676.55
2024.11.12;92893.12;92676.55;92588.34;92588.34
2024.11.13;92887.05;92588.34;92397.38;92397.38
2024.11.14;92881.00;92397.38;92389.06;92389.06
2024.11.15;92875.00;92389.06;92272.81;92272.81
2024.11.18;92868.99;92272.81;92272.81;92702.91
2024.11.19;92851.04;92702.91;92702.91;92877.88
2024.11.20;92844.96;92877.88;92865.54;92865.54
2024.11.21;92838.84;92865.54;92865.54;93007.70
2024.11.22;92832.72;93007.70;93007.70;93135.77
2024.11.25;92826.56;93135.77;92766.75;92766.75
2024.11.26;92808.02;92766.75;92766.75;92956.96
2024.11.27;92801.91;92956.96;92892.92;92892.92
2024.11.29;92795.77;92892.92;92892.92;93092.29
2024.12.02;92783.50;93092.29;92865.21;92865.21
2024.12.03;92351.24;92865.21;92812.44;92812.44
2024.12.04;92345.02;92812.44;92812.44;92886.94
2024.12.05;92338.81;92886.94;92860.41;92860.41
2024.12.06;92332.58;92860.41;92860.41;93095.87
2024.12.09;92326.35;93095.87;92762.63;92762.63
2024.12.10;92307.52;92762.63;92762.63;92854.16
2024.12.11;92301.31;92854.16;92854.16;93143.00
2024.12.12;92295.08;93143.00;92970.95;92970.95
2024.12.13;92288.79;92970.95;92849.63;92849.63
2024.12.16;92282.53;92849.63;92849.63;92986.61
2024.12.17;92263.83;92986.61;92820.98;92820.98
2024.12.18;92257.56;92820.98;91765.79;91765.79
2024.12.19;92251.33;91765.79;91724.75;91724.75
2024.12.20;92245.32;91724.75;91724.75;91933.62
2024.12.23;92239.33;91933.62;91933.62;91978.70
2024.12.24;92221.20;91978.70;91978.70;92343.66
2024.12.26;92215.15;92343.66;92343.66;92377.17
2024.12.27;92202.87;92377.17;92039.66;92039.66
2024.12.30;92196.72;92039.66;91714.52;91714.52
2024.12.31;92178.50;91714.52;91646.37;91646.37
2025.01.02;92172.49;91646.37;91553.42;91553.42
2025.01.03;91241.23;91553.42;91553.42;91932.90
2025.01.06;91235.09;91932.90;91932.90;92047.03
2025.01.07;91216.44;92047.03;91772.58;91772.58
2025.01.08;91210.19;91772.58;91665.66;91665.66
2025.01.10;91204.00;91665.66;91664.85;91664.85
2025.01.13;91191.67;91664.85;91664.85;91808.27
2025.01.14;91173.16;91808.27;91708.02;91708.02
2025.01.15;91166.95;91708.02;91708.02;92390.93
2025.01.16;91160.77;92390.93;92131.00;92131.00
2025.01.17;91154.43;92131.00;92131.00;92366.01
2025.01.21;91148.15;92366.01;92366.01;92374.88
2025.01.22;91122.82;92374.88;92374.88;92445.23
2025.01.23;91116.48;92445.23;92408.11;92408.11
2025.01.24;91110.13;92408.11;92408.11;92420.27
2025.01.27;91103.78;92420.27;92124.71;92124.71
2025.01.28;91084.71;92124.71;92124.71;92349.52
2025.01.29;91078.42;92349.52;92247.08;92247.08
2025.01.30;91072.07;92247.08;92247.08;92345.87
2025.01.31;91065.75;92345.87;92345.87;92352.36
2025.02.03;91059.40;92352.36;92166.33;92166.33
2025.02.04;91296.93;92166.33;92166.33;92361.76
2025.02.05;91290.67;92361.76;92261.57;92261.57
2025.02.06;91284.37;92261.57;92261.57;92294.31
2025.02.07;91278.09;92294.31;92224.74;92224.74
2025.02.10;91271.81;92224.74;92224.74;92550.06
2025.02.11;91252.99;92550.06;92550.06;92710.02
2025.02.12;91246.64;92710.02;92616.62;92616.62
2025.02.13;91240.25;92616.62;92616.62;92911.21
2025.02.14;91233.89;92911.21;92797.44;92797.44
2025.02.18;91227.46;92797.44;92797.44;93051.56
2025.02.19;91201.82;93051.56;92930.80;92930.80
2025.02.20;91195.35;92930.80;92930.80;92945.15
2025.02.21;91188.91;92945.15;92551.67;92551.67
2025.02.24;91182.46;92551.67;92551.67;92674.75
2025.02.25;91163.37;92674.75;92396.73;92396.73
2025.02.26;91156.97;92396.73;92389.16;92389.16
2025.02.27;91150.64;92389.16;92182.65;92182.65
2025.02.28;91144.30;92182.65;92182.65;92252.35
2025.03.03;91138.01;92252.35;92252.35;92279.93
2025.03.04;91624.02;92279.93;92026.10;92026.10
2025.03.05;91617.81;92026.10;92026.10;92598.08
2025.03.06;91611.65;92598.08;92296.00;92296.00
2025.03.07;91605.37;92296.00;92296.00;92480.13
2025.03.10;91599.15;92480.13;91795.08;91795.08
2025.03.11;91580.37;91795.08;91683.78;91683.78
2025.03.12;91574.25;91683.78;91683.78;91817.09
2025.03.13;91568.16;91817.09;91650.39;91650.39
2025.03.14;91562.04;91650.39;91650.39;92235.32
2025.03.17;91555.95;92235.32;92235.32;92503.45
2025.03.18;91537.31;92503.45;92503.45;92541.64
2025.03.19;91531.03;92541.64;92541.64;92580.98
2025.03.20;91524.74;92580.98;92365.60;92365.60
2025.03.21;91518.44;92365.60;92171.87;92171.87
2025.03.24;91512.19;92171.87;92171.87;92256.86
2025.03.25;91493.55;92256.86;92256.86;92418.48
2025.03.26;91487.32;92418.48;92109.50;92109.50
2025.03.27;91481.05;92109.50;92109.50;92138.84
2025.03.28;91474.84;92138.84;91886.57;91886.57
2025.03.31;91468.63;91886.57;91802.05;91802.05
2025.04.01;91450.15;91802.05;91802.05;91821.11
2025.04.02;91821.11;91821.11;91821.11;91821.11
2025.04.03;91821.11;91821.11;91821.11;91821.11
2025.04.04;91821.11;91821.11;91821.11;91821.11
2025.04.07;91821.11;91821.11;91821.11;91821.11
2025.04.08;91821.11;91821.11;91821.11;91821.11
2025.04.09;91821.11;91821.11;91821.11;91821.11
2025.04.10;91821.11;91821.11;91821.11;91821.11
2025.04.11;91821.11;91821.11;91821.11;91821.11
2025.04.14;91821.11;91821.11;91821.11;91821.11
2025.04.15;91821.11;91821.11;91821.11;91821.11
2025.04.16;91821.11;91821.11;91821.11;91821.11
2025.04.17;91821.11;91821.11;91821.11;91821.11
2025.04.21;91821.11;91821.11;91821.11;91821.11
2025.04.22;91821.11;91821.11;91821.11;91821.11
2025.04.23;91821.11;91821.11;91821.11;91821.11
2025.04.24;91821.11;91821.11;91821.11;91821.11
2025.04.25;91821.11;91821.11;91821.11;91821.11
2025.04.28;91821.11;91821.11;91821.11;91821.11
2025.04.29;91821.11;91821.11;91821.11;91821.11
2025.04.30;91821.11;91821.11;91821.11;91821.11
2025.05.01;91821.11;91821.11;91821.11;91821.11
2025.05.02;91821.11;91821.11;91821.11;91821.11
2025.05.05;91821.11;91821.11;91821.11;91821.11
2025.05.06;91821.11;91821.11;91821.11;91821.11
2025.05.07;91821.11;91821.11;91821.11;91821.11
2025.05.08;91821.11;91821.11;91821.11;91821.11
2025.05.09;91821.11;91821.11;91821.11;91821.11
2025.05.12;91821.11;91821.11;91821.11;91821.11
2025.05.13;91821.11;91821.11;91821.11;91821.11
2025.05.14;91821.11;91821.11;91821.11;91821.11
2025.05.15;91821.11;91821.11;91821.11;91821.11
2025.05.16;91821.11;91821.11;91821.11;91821.11
2025.05.19;91821.11;91821.11;91821.11;91821.11
2025.05.20;91821.11;91821.11;91821.11;91821.11
2025.05.21;91821.11;91821.11;91821.11;91821.11
2025.05.22;91821.11;91821.11;91821.11;91821.11
2025.05.23;91821.11;91821.11;91821.11;91821.11
2025.05.27;91821.11;91821.11;91821.11;91821.11
2025.05.28;91821.11;91821.11;91821.11;91821.11
2025.05.29;91821.11;91821.11;91821.11;91821.11
2025.05.30;91821.11;91821.11;91821.11;91821.11
2025.06.02;91821.11;91821.11;91807.34;91807.34
2025.06.03;91807.34;91807.34;91807.34;91975.92
2025.06.04;91801.30;91975.92;91975.92;92058.71
2025.06.05;91795.22;92058.71;91993.48;91993.48
2025.06.06;91789.13;91993.48;91993.48;92171.13
2025.06.09;91783.05;92171.13;92157.19;92157.19
2025.06.10;91764.68;92157.19;92157.19;92175.56
2025.06.11;91758.55;92175.56;92131.82;92131.82
2025.06.12;91752.43;92131.82;92131.82;92207.62
2025.06.13;91746.30;92207.62;91838.89;91838.89
2025.06.16;91740.17;91838.89;91838.89;92128.35
2025.06.17;91721.99;92128.35;91829.95;91829.95
2025.06.18;91715.86;91829.95;91795.02;91795.02
2025.06.20;91709.80;91795.02;91740.49;91740.49
2025.06.23;91697.69;91740.49;91740.49;92035.60
2025.06.24;91679.55;92035.60;92035.60;92429.65
2025.06.25;91673.43;92429.65;92402.44;92402.44
2025.06.26;91667.23;92402.44;92402.44;92670.42
2025.06.27;91661.03;92670.42;92670.42;92859.27
2025.06.30;91654.77;92859.27;92859.27;92996.99
2025.07.01;91635.86;92996.99;92822.57;92822.57
2025.07.02;91956.47;92822.57;92822.57;93209.81
2025.07.03;91950.21;93209.81;93209.81;93393.55
2025.07.07;91943.86;93393.55;93356.85;93356.85
2025.07.08;91918.31;93356.85;93356.85;93410.54
2025.07.09;91911.92;93410.54;93410.54;93436.75
2025.07.10;91905.52;93436.75;93409.14;93409.14
2025.07.11;91899.12;93409.14;93409.14;93804.05
2025.07.14;91892.71;93804.05;93562.47;93562.47
2025.07.15;91873.25;93562.47;93517.35;93517.35
2025.07.16;91866.80;93517.35;93517.35;93567.44
2025.07.17;91860.37;93567.44;93567.44;93832.42
2025.07.18;91853.93;93832.42;93783.60;93783.60
2025.07.21;91847.42;93783.60;93783.60;93937.92
2025.07.22;91827.94;93937.92;93877.36;93877.36
2025.07.23;91821.40;93877.36;93877.36;93935.42
2025.07.24;91814.88;93935.42;93935.42;94011.01
2025.07.25;91808.34;94011.01;93746.80;93746.80
2025.07.28;91801.79;93746.80;93746.80;94026.75
2025.07.29;91782.30;94026.75;94026.75;94260.84
2025.07.30;91775.74;94260.84;94153.85;94153.85
2025.07.31;91769.12;94153.85;93873.17;93873.17
2025.08.01;91762.53;93873.17;93401.84;93401.84
2025.08.04;91931.87;93401.84;93401.84;93651.21
2025.08.05;91912.66;93651.21;93391.31;93391.31
2025.08.06;91906.20;93391.31;93391.31;93502.92
2025.08.07;91899.79;93502.92;93488.08;93488.08
2025.08.08;91893.36;93488.08;93488.08;93673.75
2025.08.11;91886.93;93673.75;93611.52;93611.52
2025.08.12;91867.52;93611.52;93611.52;93817.28
2025.08.13;91861.05;93817.28;93796.19;93796.19
2025.08.14;91854.54;93796.19;93796.19;93887.81
2025.08.15;91848.04;93887.81;93682.03;93682.03
2025.08.18;91841.51;93682.03;93682.03;93709.69
2025.08.19;91822.06;93709.69;93341.07;93341.07
2025.08.20;91815.57;93341.07;93333.45;93333.45
2025.08.21;91809.15;93333.45;93293.28;93293.28
2025.08.22;91802.74;93293.28;93293.28;93663.32
2025.08.25;91796.33;93663.32;93663.32;93677.18
2025.08.26;91776.86;93677.18;93606.60;93606.60
2025.08.27;91770.36;93606.60;93606.60;93729.66
2025.08.28;91763.88;93729.66;93729.66;93910.88
2025.08.29;91757.37;93910.88;93613.92;93613.92
2025.09.02;91750.82;93613.92;93544.64;93544.64
2025.09.03;93544.64;93544.64;93544.64;93576.10
2025.09.04;93538.49;93576.10;93576.10;93780.70
2025.09.05;93532.33;93780.70;93780.70;93901.67
2025.09.08;93526.12;93901.67;93901.67;94141.66
2025.09.09;93507.41;94141.66;93940.13;93940.13
2025.09.10;93501.12;93940.13;93905.62;93905.62
2025.09.11;93494.87;93905.62;93905.62;94326.71
2025.09.12;93488.63;94326.71;94326.71;94337.71
2025.09.15;93482.29;94337.71;94337.71;94544.47
2025.09.16;93463.27;94544.47;94541.19;94541.19
2025.09.17;93456.88;94541.19;94365.36;94365.36
2025.09.18;93450.49;94365.36;94365.36;94571.30
2025.09.19;93444.14;94571.30;94571.30;94672.20
2025.09.22;93437.74;94672.20;94672.20;94901.58
2025.09.23;93418.47;94901.58;94779.99;94779.99
2025.09.24;93411.99;94779.99;94709.49;94709.49
2025.09.25;93405.54;94709.49;94709.49;94723.79
2025.09.26;93399.10;94723.79;94723.79;95040.70
2025.09.29;93392.66;95040.70;95040.70;95188.87
2025.09.30;93373.11;95188.87;95106.82;95106.82
2025.10.01;93366.56;95106.82;95106.82;95249.66
2025.10.02;93883.16;95249.66;95176.60;95176.60
2025.10.03;93876.65;95176.60;95176.60;95465.11
2025.10.06;93870.16;95465.11;95465.11;95719.54
2025.10.07;93850.49;95719.54;95516.79;95516.79
2025.10.08;93843.87;95516.79;95516.79;95900.10
2025.10.09;93837.29;95900.10;95695.66;95695.66
2025.10.10;93830.63;95695.66;95548.47;95548.47
2025.10.13;93824.02;95548.47;95548.47;96317.29
2025.10.14;93804.26;96317.29;96317.29;96428.74
2025.10.15;93797.50;96428.74;96428.74;96966.14
2025.10.16;93790.71;96966.14;96966.14;97065.86
2025.10.17;93783.81;97065.86;96494.90;96494.90
2025.10.20;93776.88;96494.90;96494.90;97119.06
2025.10.21;93756.47;97119.06;95839.63;95839.63
2025.10.22;93749.52;95839.63;95679.11;95679.11
2025.10.23;93742.86;95679.11;95679.11;95828.26
2025.10.24;93736.22;95828.26;95828.26;95869.14
2025.10.27;93729.56;95869.14;95462.57;95462.57
2025.10.28;93709.53;95462.57;95384.05;95384.05
2025.10.29;93702.93;95384.05;95368.35;95368.35
2025.10.30;93696.36;95368.35;95368.35;95534.08
2025.10.31;93689.78;95534.08;95496.31;95496.31
2025.11.03;93683.17;95496.31;95329.73;95329.73
2025.11.04;93825.17;95329.73;94681.00;94681.00
2025.11.05;93818.60;94681.00;94681.00;95020.76
2025.11.06;93812.17;95020.76;94793.40;94793.40
2025.11.07;93805.67;94793.40;94793.40;94857.55
2025.11.10;93799.21;94857.55;94857.55;95691.40
2025.11.11;93779.80;95691.40;95691.40;95787.35
2025.11.12;93773.14;95787.35;95787.35;96279.58
2025.11.13;93766.46;96279.58;95783.03;95783.03
2025.11.14;93759.67;95783.03;95402.67;95402.67
2025.11.17;93752.99;95402.67;95013.47;95013.47
2025.11.18;93733.19;95013.47;95013.47;95036.26
2025.11.19;93726.67;95036.26;95036.26;95129.63
2025.11.20;93720.14;95129.63;94690.32;94690.32
2025.11.21;93713.60;94690.32;94605.13;94605.13
2025.11.24;93707.14;94605.13;94605.13;95182.23
2025.11.25;93687.84;95182.23;95182.23;95222.99
2025.11.26;93681.27;95222.99;95222.99;95732.98
2025.11.28;93674.69;95732.98;95732.98;96414.03
2025.12.01;93661.31;96414.03;96414.03;96662.32
2025.12.02;93082.08;96662.32;96662.32;96671.42
2025.12.03;93075.01;96671.42;96671.42;96691.71
2025.12.04;93067.94;96691.71;96475.81;96475.81
2025.12.05;93060.86;96475.81;96475.81;96656.88
2025.12.08;93053.83;96656.88;96439.61;96439.61
2025.12.09;93032.61;96439.61;96439.61;96878.94
2025.12.10;93025.58;96878.94;96878.94;97229.44
2025.12.11;93018.46;97229.44;97229.44;97693.61
2025.12.12;93011.25;97693.61;97446.38;97446.38
2025.12.15;93003.94;97446.38;97446.38;97983.24
2025.12.16;92982.17;97983.24;97723.69;97723.69
2025.12.17;92974.80;97723.69;97723.69;98148.29
2025.12.18;92967.47;98148.29;97975.42;97975.42
2025.12.19;92960.05;97975.42;97975.42;98384.90
2025.12.22;92952.67;98384.90;98384.90;98874.98
2025.12.23;92930.25;98874.98;98874.98;99471.12
2025.12.24;92922.67;99471.12;99471.12;99526.09
2025.12.26;92914.95;99526.09;99526.09;100730.72
2025.12.29;92899.49;100730.72;99377.04;99377.04
2025.12.30;92875.49;99377.04;99377.04;99920.09
2025.12.31;92867.78;99920.09;98935.92;98935.92
2026.01.02;92859.95;98935.92;98935.92;99291.11
2026.01.05;92999.22;99291.11;99291.11;100159.62
2026.01.06;92976.11;100159.62;100159.62;101406.65
2026.01.07;92968.21;101406.65;100740.91;100740.91
2026.01.08;92960.03;100740.91;100602.30;100602.30
2026.01.09;92952.00;100602.30;100602.30;101243.23
2026.01.12;92944.00;101243.23;101243.23;102336.01
2026.01.13;92919.56;102336.01;102336.01;102578.28
2026.01.14;92911.17;102578.28;102578.28;103837.98
2026.01.15;92902.73;103837.98;103534.34;103534.34
2026.01.16;92894.01;103534.34;102947.83;102947.83
2026.01.20;92885.35;102947.83;102947.83;103964.06
2026.01.21;92851.22;103964.06;103964.06;104116.65
2026.01.22;92842.46;104116.65;104116.65;104917.68
2026.01.23;92833.67;104917.68;104917.68;106159.91
2026.01.26;92824.69;106159.91;106159.91;107331.16
2026.01.27;92796.95;107331.16;107331.16;108032.05
2026.01.28;92787.43;108032.05;108032.05;109092.07
2026.01.29;92777.77;109092.07;109088.49;109088.49
2026.01.30;92767.87;109088.49;102289.52;102289.52
2026.02.02;92757.96;102289.52;101438.39;101438.39
2026.02.03;92774.90;101438.39;101438.39;103244.82
2026.02.04;92766.59;103244.82;103244.82;104017.58
2026.02.05;92757.89;104017.58;101087.90;101087.90
2026.02.06;92749.02;101087.90;101087.90;102334.56
2026.02.09;92740.79;102334.56;102334.56;103813.83
2026.02.10;92715.27;103813.83;103324.00;103324.00
2026.02.11;92706.43;103324.00;103324.00;104342.77
2026.02.12;92697.70;104342.77;102060.25;102060.25
2026.02.13;92688.75;102060.25;102060.25;102786.84
2026.02.17;92680.29;102786.84;101640.42;101640.42
2026.02.18;92645.81;101640.42;101640.42;102745.33
2026.02.19;92637.43;102745.33;102745.33;102966.32
2026.02.20;92628.82;102966.32;102966.32;104174.64
2026.02.23;92620.15;104174.64;104174.64;105189.13
2026.02.24;92593.34;105189.13;104821.62;104821.62
2026.02.25;92584.17;104821.62;104821.62;104886.60
2026.02.26;92575.08;104886.60;104886.60;105054.10
2026.02.27;92565.98;105054.10;105054.10;106226.90
2026.03.02;92556.84;106226.90;105814.21;105814.21
2026.03.03;93671.71;105814.21;104259.70;104259.70
2026.03.04;93662.54;104259.70;104259.70;104522.63
2026.03.05;93653.71;104522.63;104522.63;104674.28
2026.03.06;93644.81;104674.28;104674.28;106276.82
2026.03.09;93635.89;106276.82;106225.41;106225.41
2026.03.10;93608.04;106225.41;106225.41;106698.62
2026.03.11;93598.76;106698.62;106654.04;106654.04
2026.03.12;93589.38;106654.04;106654.04;107208.48
2026.03.13;93580.01;107208.48;106527.22;106527.22
2026.03.16;93570.51;106527.22;106179.08;106179.08
2026.03.17;93542.45;106179.08;106179.08;106291.36
2026.03.18;93533.17;106291.36;105676.74;105676.74
2026.03.19;93523.87;105676.74;104478.26;104478.26
2026.03.20;93514.69;104478.26;103784.87;103784.87
2026.03.23;93505.78;103784.87;102869.01;102869.01
2026.03.24;93479.48;102869.01;102869.01;103500.36
2026.03.25;93470.91;103500.36;103500.36;104016.61
2026.03.26;93462.20;104016.61;103352.60;103352.60
2026.03.27;93453.38;103352.60;103352.60;104921.33
2026.03.30;93444.70;104921.33;104921.33;105327.63
2026.03.31;93417.62;105327.63;105327.63;106164.58
2026.04.01;93408.50;106164.58;105647.36;105647.36
2026.04.02;105647.36;105647.36;105647.36;105647.36
2026.04.06;105647.36;105647.36;105647.36;105647.36
2026.04.07;105647.36;105647.36;105647.36;105647.36
2026.04.08;105647.36;105647.36;105647.36;105647.36
2026.04.09;105647.36;105647.36;105647.36;105647.36
2026.04.10;105647.36;105647.36;105647.36;105647.36
2026.04.13;105647.36;105647.36;105647.36;105647.36
2026.04.14;105647.36;105647.36;105647.36;105647.36
2026.04.15;105647.36;105647.36;105647.36;105647.36
2026.04.16;105647.36;105647.36;105647.36;105647.36
2026.04.17;105647.36;105647.36;105647.36;105647.36
2026.04.20;105647.36;105647.36;105647.36;105647.36
2026.04.21;105647.36;105647.36;105647.36;105647.36
2026.04.22;105647.36;105647.36;105647.36;105647.36
2026.04.23;105647.36;105647.36;105647.36;105647.36
2026.04.24;105647.36;105647.36;105647.36;105647.36
2026.04.27;105647.36;105647.36;105647.36;105647.36
2026.04.28;105647.36;105647.36;105647.36;105647.36
2026.04.29;105647.36;105647.36;105647.36;105647.36
2026.04.30;105647.36;105647.36;105647.36;105647.36
2026.05.01;105647.36;105647.36;105631.51;105631.51
2026.05.04;105631.51;105631.51;105631.51;105831.73
2026.05.05;105610.67;105831.73;105831.73;106044.48
2026.05.06;105603.68;106044.48;105972.47;105972.47
2026.05.07;105596.63;105972.47;105866.83;105866.83
2026.05.08;105589.60;105866.83;105866.83;106314.28
2026.05.11;105582.60;106314.28;106314.28;106746.92
2026.05.12;105561.28;106746.92;106746.92;106772.07
2026.05.13;105554.07;106772.07;106772.07;106810.86
2026.05.14;105546.86;106810.86;106810.86;107096.83
2026.05.15;105539.63;107096.83;106899.15;106899.15
2026.05.18;105532.34;106899.15;106761.13;106761.13
2026.05.19;105510.61;106761.13;106761.13;106767.33
2026.05.20;105503.38;106767.33;106767.33;106800.32
2026.05.21;105496.16;106800.32;106800.32;106858.88
2026.05.22;105488.93;106858.88;106858.88;106959.59
2026.05.26;105481.68;106959.59;106959.59;107248.17
2026.05.27;105452.60;107248.17;106861.09;106861.09
2026.05.28;105445.26;106861.09;106861.09;107077.80
2026.05.29;105438.00;107077.80;107077.80;107167.30
2026.06.01;105430.70;107167.30;107167.30;107736.15
2026.06.02;104995.86;107736.15;107736.15;108047.75
2026.06.03;104988.28;108047.75;107705.58;107705.58
2026.06.04;104980.62;107705.58;107534.48;107534.48
2026.06.05;104973.05;107534.48;105665.15;105665.15
2026.06.08;104965.50;105665.15;105665.15;106166.63
2026.06.09;104944.10;106166.63;105929.50;105929.50
2026.06.10;104936.85;105929.50;105335.44;105335.44
2026.06.11;104929.65;105335.44;105335.44;106490.50
2026.06.12;104922.58;106490.50;106490.50;106726.48
2026.06.15;104915.26;106726.48;106726.48;107638.10
2026.06.16;104893.12;107638.10;107000.98;107000.98
2026.06.17;104885.54;107000.98;106803.98;106803.98
2026.06.18;104878.10;106803.98;106803.98;107706.37
2026.06.22;104870.69;107706.37;107706.37;107822.42
2026.06.23;104840.28;107822.42;106589.16;106589.16
2026.06.24;104832.65;106589.16;106538.50;106538.50
2026.06.25;104825.28;106538.50;106538.50;106818.84
2026.06.26;104817.92;106818.84;106462.75;106462.75
2026.06.29;104810.50;106462.75;106462.75;106861.43
2026.06.30;104788.47;106861.43;106861.43;107405.07
2026.07.01;104781.04;107405.07;106761.54;106761.54
2026.07.02;104390.36;106761.54;106520.97;106520.97
2026.07.06;104382.88;106520.97;106520.97;106705.73
2026.07.07;104353.14;106705.73;106372.96;106372.96
2026.07.08;104345.66;106372.96;106313.52;106313.52
2026.07.09;104338.25;106313.52;106313.52;106739.42
2026.07.10;104330.85;106739.42;106676.93;106676.93
2026.07.13;104323.36;106676.93;106229.16;106229.16
2026.07.14;104300.92;106229.16;106229.16;106302.68
2026.07.15;104293.53;106302.68;106208.19;106208.19
2026.07.16;104286.12;106208.19;106034.04;106034.04
2026.07.17;104278.74;106034.04;105727.55;105727.55
2026.07.20;104271.39;105727.55;105578.61;105578.61
2026.07.21;104249.54;105578.61;105578.61;106142.22
2026.07.22;104242.28;106142.22;105947.89;105947.89
2026.07.23;104234.90;105947.89;105746.34;105746.34
2026.07.24;104227.56;105746.34;105552.69;105552.69
2026.07.27;104220.26;105552.69;105519.80;105519.80
2026.07.28;104198.49;105519.80;105484.05;105484.05
2026.07.29;104191.23;105484.05;104905.67;104905.67
2026.07.30;104183.98;104905.67;104905.67;105582.01
2026.07.31;104176.86;105582.01;105520.14;105520.14
2026.08.03;104169.59;105520.14;105520.14;105874.92
2026.08.04;105739.40;105874.92;105874.92;105995.94
2026.08.05;105732.39;105995.94;105995.94;106110.11
2026.08.06;105725.36;106110.11;106059.19;106059.19
2026.08.07;105718.29;106059.19;106059.19;106141.73
2026.08.10;105711.24;106141.73;106141.73;106247.50
2026.08.11;105690.03;106247.50;106161.81;106161.81
2026.08.12;105682.93;106161.81;106161.81;106240.95
2026.08.13;105675.84;106240.95;106240.95;106345.89
2026.08.14;105668.74;106345.89;106282.65;106282.65
2026.08.17;105661.62;106282.65;106016.53;106016.53
2026.08.18;105640.28;106016.53;106016.53;106264.21
2026.08.19;105633.22;106264.21;106264.21;106663.28
2026.08.20;105626.10;106663.28;106298.45;106298.45
2026.08.21;105618.90;106298.45;106298.45;106605.20
2026.08.24;105611.77;106605.20;106605.20;106853.05
2026.08.25;105590.18;106853.05;106848.58;106848.58
2026.08.26;105582.93;106848.58;106635.89;106635.89
2026.08.27;105575.67;106635.89;106328.45;106328.45
2026.08.28;105568.46;106328.45;106328.45;106352.14
2026.08.31;105561.32;106352.14;106171.95;106171.95
2026.09.01;105539.87;106171.95;106114.44;106114.44
2026.09.02;106114.44;106114.44;106114.44;106435.55
2026.09.03;106107.46;106435.55;106435.55;106775.29
2026.09.04;106100.41;106775.29;106522.42;106522.42
2026.09.08;106093.28;106522.42;106522.42;106607.88
2026.09.09;106064.99;106607.88;106607.88;107148.00
2026.09.10;106057.89;107148.00;106986.07;106986.07
2026.09.11;106050.67;106986.07;106941.79;106941.79
2026.09.14;106043.49;106941.79;106649.74;106649.74
2026.09.15;106021.96;106649.74;106649.74;107229.42
2026.09.16;106014.84;107229.42;106553.04;106553.04
2026.09.17;106007.59;106553.04;106553.04;106949.43
2026.09.18;106000.49;106949.43;106949.43;107025.56
2026.09.21;105993.31;107025.56;106405.40;106405.40
