date;excess;total
1927-12-30;0.00000000;0.00000000
1928-01-03;0.00000000;0.00014575
1928-01-04;0.00000000;0.00003644
1928-01-05;0.00000000;0.00003644
1928-01-06;0.00000000;0.00003644
1928-01-09;0.00000000;0.00010932
1928-01-10;0.00000000;0.00003644
1928-01-11;0.00000000;0.00003644
1928-01-12;0.00000000;0.00003644
1928-01-13;0.00000000;0.00003644
1928-01-16;0.00000000;0.00010932
1928-01-17;0.00000000;0.00003644
1928-01-18;0.00000000;0.00003644
1928-01-19;0.00000000;0.00003644
1928-01-20;0.00000000;0.00003644
1928-01-23;0.00000000;0.00010932
1928-01-24;0.00000000;0.00003644
1928-01-25;0.00000000;0.00003644
1928-01-26;0.00000000;0.00003644
1928-01-27;0.00000000;0.00003644
1928-01-30;0.00000000;0.00010932
1928-01-31;0.00000000;0.00003644
1928-02-01;0.00000000;0.00003644
1928-02-02;0.00000000;0.00003644
1928-02-03;0.00000000;0.00003644
1928-02-06;0.00000000;0.00010932
1928-02-07;0.00000000;0.00003644
1928-02-08;0.00000000;0.00003644
1928-02-09;0.00000000;0.00003644
1928-02-10;0.00000000;0.00003644
1928-02-14;0.00000000;0.00014575
1928-02-15;0.00000000;0.00003644
1928-02-16;0.00000000;0.00003644
1928-02-17;0.00000000;0.00003644
1928-02-20;0.00000000;0.00010932
1928-02-21;0.00000000;0.00003644
1928-02-23;0.00000000;0.00007288
1928-02-24;0.00000000;0.00003644
1928-02-27;0.00000000;0.00010932
1928-02-28;0.00000000;0.00003644
1928-02-29;0.00000000;0.00003644
1928-03-01;0.00000000;0.00003644
1928-03-02;0.00000000;0.00003644
1928-03-05;0.00000000;0.00010932
1928-03-06;0.00000000;0.00003644
1928-03-07;0.00000000;0.00003644
1928-03-08;0.00000000;0.00003644
1928-03-09;0.00000000;0.00003644
1928-03-12;0.00000000;0.00010932
1928-03-13;0.00000000;0.00003644
1928-03-14;0.00000000;0.00003644
1928-03-15;0.00000000;0.00003644
1928-03-16;0.00000000;0.00003644
1928-03-19;0.00000000;0.00010932
1928-03-20;0.00000000;0.00003644
1928-03-21;0.00000000;0.00003644
1928-03-22;0.00000000;0.00003644
1928-03-23;0.00000000;0.00003644
1928-03-26;0.00000000;0.00010932
1928-03-27;0.00000000;0.00003644
1928-03-28;0.00000000;0.00003644
1928-03-29;0.00000000;0.00003644
1928-03-30;0.00000000;0.00003644
1928-04-02;0.00000000;0.00010932
1928-04-03;0.00000000;0.00003644
1928-04-04;0.00000000;0.00003644
1928-04-05;0.00000000;0.00003644
1928-04-09;0.00000000;0.00014575
1928-04-10;0.00000000;0.00003644
1928-04-11;0.00000000;0.00003644
1928-04-12;0.00000000;0.00003644
1928-04-13;0.00000000;0.00003644
1928-04-16;0.00000000;0.00010932
1928-04-17;0.00000000;0.00003644
1928-04-18;0.00000000;0.00003644
1928-04-19;0.00000000;0.00003644
1928-04-20;0.00000000;0.00003644
1928-04-23;0.00000000;0.00010932
1928-04-24;0.00000000;0.00003644
1928-04-25;0.00000000;0.00003644
1928-04-26;0.00000000;0.00003644
1928-04-27;0.00000000;0.00003644
1928-04-30;0.00000000;0.00010932
1928-05-01;0.00000000;0.00003644
1928-05-02;0.00000000;0.00003644
1928-05-03;0.00000000;0.00003644
1928-05-04;0.00000000;0.00003644
1928-05-07;0.00000000;0.00010932
1928-05-08;0.00000000;0.00003644
1928-05-09;0.00000000;0.00003644
1928-05-10;0.00000000;0.00003644
1928-05-11;0.00000000;0.00003644
1928-05-14;0.00000000;0.00010932
1928-05-15;0.00000000;0.00003644
1928-05-16;0.00000000;0.00003644
1928-05-17;0.00000000;0.00003644
1928-05-18;0.00000000;0.00003644
1928-05-21;0.00000000;0.00010932
1928-05-22;0.00000000;0.00003644
1928-05-23;0.00000000;0.00003644
1928-05-24;0.00000000;0.00003644
1928-05-25;0.00000000;0.00003644
1928-05-28;0.00000000;0.00010932
1928-05-29;0.00000000;0.00003644
1928-05-31;0.00000000;0.00007288
1928-06-01;0.00000000;0.00003644
1928-06-04;0.00000000;0.00010932
1928-06-05;0.00000000;0.00003644
1928-06-06;0.00000000;0.00003644
1928-06-07;0.00000000;0.00003644
1928-06-08;0.00000000;0.00003644
1928-06-11;0.00000000;0.00010932
1928-06-12;0.00000000;0.00003644
1928-06-13;0.00000000;0.00003644
1928-06-14;0.00000000;0.00003644
1928-06-15;0.00000000;0.00003644
1928-06-18;0.00000000;0.00010932
1928-06-19;0.00000000;0.00003644
1928-06-20;0.00000000;0.00003644
1928-06-21;0.00000000;0.00003644
1928-06-22;0.00000000;0.00003644
1928-06-25;0.00000000;0.00010932
1928-06-26;0.00000000;0.00003644
1928-06-27;0.00000000;0.00003644
1928-06-28;0.00000000;0.00003644
1928-06-29;0.00000000;0.00003644
1928-07-02;0.00000000;0.00010932
1928-07-03;0.00000000;0.00003644
1928-07-05;0.00000000;0.00007288
1928-07-06;0.00000000;0.00003644
1928-07-09;0.00000000;0.00010932
1928-07-10;0.00000000;0.00003644
1928-07-11;0.00000000;0.00003644
1928-07-12;0.00000000;0.00003644
1928-07-13;0.00000000;0.00003644
1928-07-16;0.00000000;0.00010932
1928-07-17;0.00000000;0.00003644
1928-07-18;0.00000000;0.00003644
1928-07-19;0.00000000;0.00003644
1928-07-20;0.00000000;0.00003644
1928-07-23;0.00000000;0.00010932
1928-07-24;0.00000000;0.00003644
1928-07-25;0.00000000;0.00003644
1928-07-26;0.00000000;0.00003644
1928-07-27;0.00000000;0.00003644
1928-07-30;0.00000000;0.00010932
1928-07-31;0.00000000;0.00003644
1928-08-01;0.00000000;0.00003644
1928-08-02;0.00000000;0.00003644
1928-08-03;0.00000000;0.00003644
1928-08-06;0.00000000;0.00010932
1928-08-07;0.00000000;0.00003644
1928-08-08;0.00000000;0.00003644
1928-08-09;0.00000000;0.00003644
1928-08-10;0.00000000;0.00003644
1928-08-13;0.00000000;0.00010932
1928-08-14;0.00000000;0.00003644
1928-08-15;0.00000000;0.00003644
1928-08-16;0.00000000;0.00003644
1928-08-17;0.00000000;0.00003644
1928-08-20;0.00000000;0.00010932
1928-08-21;0.00000000;0.00003644
1928-08-22;0.00000000;0.00003644
1928-08-23;0.00000000;0.00003644
1928-08-24;0.00000000;0.00003644
1928-08-27;0.00000000;0.00010932
1928-08-28;0.00000000;0.00003644
1928-08-29;0.00000000;0.00003644
1928-08-30;0.00000000;0.00003644
1928-08-31;0.00000000;0.00003644
1928-09-04;0.00000000;0.00014575
1928-09-05;0.00000000;0.00003644
1928-09-06;0.00000000;0.00003644
1928-09-07;0.00000000;0.00003644
1928-09-10;0.00000000;0.00010932
1928-09-11;0.00000000;0.00003644
1928-09-12;0.00000000;0.00003644
1928-09-13;0.00000000;0.00003644
1928-09-14;0.00000000;0.00003644
1928-09-17;0.00000000;0.00010932
1928-09-18;0.00000000;0.00003644
1928-09-19;0.00000000;0.00003644
1928-09-20;0.00000000;0.00003644
1928-09-21;0.00000000;0.00003644
1928-09-24;0.00000000;0.00010932
1928-09-25;0.00000000;0.00003644
1928-09-26;0.00000000;0.00003644
1928-09-27;0.00000000;0.00003644
1928-09-28;0.00000000;0.00003644
1928-10-01;0.00000000;0.00010932
1928-10-02;0.00000000;0.00003644
1928-10-03;0.00000000;0.00003644
1928-10-04;0.00000000;0.00003644
1928-10-05;0.00000000;0.00003644
1928-10-08;0.00000000;0.00010932
1928-10-09;0.00000000;0.00003644
1928-10-10;0.00000000;0.00003644
1928-10-11;0.00000000;0.00003644
1928-10-15;0.00000000;0.00014575
1928-10-16;0.00000000;0.00003644
1928-10-17;0.00000000;0.00003644
1928-10-18;0.00000000;0.00003644
1928-10-19;0.00000000;0.00003644
1928-10-22;0.00000000;0.00010932
1928-10-23;0.00000000;0.00003644
1928-10-24;0.00000000;0.00003644
1928-10-25;0.00000000;0.00003644
1928-10-26;0.00000000;0.00003644
1928-10-29;0.00000000;0.00010932
1928-10-30;0.00000000;0.00003644
1928-10-31;0.00000000;0.00003644
1928-11-01;0.00000000;0.00003644
1928-11-02;0.00000000;0.00003644
1928-11-05;0.00000000;0.00010932
1928-11-07;0.00000000;0.00007288
1928-11-08;0.00000000;0.00003644
1928-11-09;0.00000000;0.00003644
1928-11-12;0.00000000;0.00010932
1928-11-13;0.00000000;0.00003644
1928-11-14;0.00000000;0.00003644
1928-11-15;0.00000000;0.00003644
1928-11-16;0.00000000;0.00003644
1928-11-19;0.00000000;0.00010932
1928-11-20;0.00000000;0.00003644
1928-11-21;0.00000000;0.00003644
1928-11-22;0.00000000;0.00003644
1928-11-23;0.00000000;0.00003644
1928-11-26;0.00000000;0.00010932
1928-11-27;0.00000000;0.00003644
1928-11-28;0.00000000;0.00003644
1928-11-30;0.00000000;0.00007288
1928-12-03;0.00000000;0.00010932
1928-12-04;0.00000000;0.00003644
1928-12-05;0.00000000;0.00003644
1928-12-06;0.00000000;0.00003644
1928-12-07;0.00000000;0.00003644
1928-12-10;0.00000000;0.00010932
1928-12-11;0.00000000;0.00003644
1928-12-12;0.00000000;0.00003644
1928-12-13;0.00000000;0.00003644
1928-12-14;0.00000000;0.00003644
1928-12-17;0.00000000;0.00010932
1928-12-18;0.00000000;0.00003644
1928-12-19;0.00000000;0.00003644
1928-12-20;0.00000000;0.00003644
1928-12-21;0.00000000;0.00003644
1928-12-24;0.00000000;0.00010932
1928-12-26;0.00000000;0.00007288
1928-12-27;0.00000000;0.00003644
1928-12-28;0.00000000;0.00003644
1928-12-31;0.00000000;0.00010932
1929-01-02;0.00000000;0.00007288
1929-01-03;0.00000000;0.00003644
1929-01-04;0.00000000;0.00003644
1929-01-07;0.00000000;0.00010932
1929-01-08;0.00000000;0.00003644
1929-01-09;0.00000000;0.00003644
1929-01-10;0.00000000;0.00003644
1929-01-11;0.00000000;0.00003644
1929-01-14;0.00000000;0.00010932
1929-01-15;0.00000000;0.00003644
1929-01-16;0.00000000;0.00003644
1929-01-17;0.00000000;0.00003644
1929-01-18;0.00000000;0.00003644
1929-01-21;0.00000000;0.00010932
1929-01-22;0.00000000;0.00003644
1929-01-23;0.00000000;0.00003644
1929-01-24;0.00000000;0.00003644
1929-01-25;0.00000000;0.00003644
1929-01-28;0.00000000;0.00010932
1929-01-29;0.00000000;0.00003644
1929-01-30;0.00000000;0.00003644
1929-01-31;-0.00004463;-0.00000819
1929-02-01;0.00216272;0.00219915
1929-02-04;-0.00460840;-0.00449909
1929-02-05;0.00127882;0.00131526
1929-02-06;-0.00473508;-0.00469864
1929-02-07;-0.01756753;-0.01753109
1929-02-08;-0.00631162;-0.00627518
1929-02-11;0.01246120;0.01257051
1929-02-13;-0.00080718;-0.00073431
1929-02-14;-0.00235317;-0.00231673
1929-02-15;-0.01157183;-0.01153539
1929-02-18;0.00075975;0.00086906
1929-02-19;-0.00029461;-0.00025817
1929-02-20;0.00486813;0.00490456
1929-02-21;0.00622206;0.00625850
1929-02-25;0.00091058;0.00105633
1929-02-26;0.00085869;0.00089513
1929-02-27;0.00681936;0.00685579
1929-02-28;0.00763957;0.00767601
1929-03-01;0.00478185;0.00481829
1929-03-04;-0.00694961;-0.00684029
1929-03-05;-0.00349302;-0.00345658
1929-03-06;-0.00819999;-0.00816355
1929-03-07;0.00470496;0.00474140
1929-03-08;0.00322627;0.00326271
1929-03-11;-0.00749651;-0.00738719
1929-03-12;0.00035923;0.00039567
1929-03-13;0.00552143;0.00555787
1929-03-14;0.00995623;0.00999266
1929-03-15;0.00695996;0.00699640
1929-03-18;-0.00095317;-0.00084385
1929-03-19;-0.00025212;-0.00021568
1929-03-20;-0.00025220;-0.00021576
1929-03-21;-0.00243213;-0.00239569
1929-03-22;-0.00702214;-0.00698570
1929-03-25;-0.02115096;-0.02104164
1929-03-26;-0.00342014;-0.00338370
1929-03-27;0.01561609;0.01565253
1929-03-28;0.00898678;0.00902322
1929-04-01;-0.01277266;-0.01262690
1929-04-02;0.00570082;0.00573726
1929-04-03;-0.00613028;-0.00609384
1929-04-04;0.00868334;0.00871977
1929-04-05;-0.00492861;-0.00489217
1929-04-08;-0.00448980;-0.00438048
1929-04-09;-0.00402709;-0.00399066
1929-04-10;0.00295390;0.00299034
1929-04-11;0.00552487;0.00556131
1929-04-12;0.00172068;0.00175712
1929-04-15;-0.00309891;-0.00298959
1929-04-16;0.00113270;0.00116913
1929-04-17;0.00506868;0.00510512
1929-04-18;0.00209232;0.00212876
1929-04-19;-0.00043994;-0.00040350
1929-04-22;0.00547726;0.00558658
1929-04-23;0.00282876;0.00286520
1929-04-24;-0.00196101;-0.00192457
1929-04-25;-0.00235175;-0.00231532
1929-04-26;-0.00101459;-0.00097816
1929-04-29;-0.00112005;-0.00101073
1929-04-30;0.00787395;0.00791039
1929-05-01;0.00089496;0.00093140
1929-05-02;0.00221567;0.00225211
1929-05-03;0.00483816;0.00487460
1929-05-06;-0.00108563;-0.00097631
1929-05-07;-0.00471563;-0.00467920
1929-05-08;0.00202036;0.00205680
1929-05-09;-0.00305252;-0.00301608
1929-05-10;0.00598737;0.00602380
1929-05-13;-0.01320416;-0.01309485
1929-05-14;0.00588535;0.00592179
1929-05-15;-0.00213299;-0.00209656
1929-05-16;0.00241886;0.00245530
1929-05-17;0.00221742;0.00225386
1929-05-20;-0.01332921;-0.01321989
1929-05-21;0.00594381;0.00598025
1929-05-22;-0.01801165;-0.01797521
1929-05-23;0.01085601;0.01089245
1929-05-24;-0.00373770;-0.00370126
1929-05-27;-0.01813843;-0.01802911
1929-05-28;0.00786189;0.00789832
1929-05-29;0.00054754;0.00058398
1929-05-31;0.00403572;0.00410859
1929-06-03;-0.00258312;-0.00247380
1929-06-04;-0.00212747;-0.00209104
1929-06-05;0.00027808;0.00031452
1929-06-06;-0.00028793;-0.00025149
1929-06-07;0.00061736;0.00065379
1929-06-10;0.00146258;0.00157190
1929-06-11;-0.00092263;-0.00088619
1929-06-12;-0.00011867;-0.00008223
1929-06-13;-0.00222640;-0.00218996
1929-06-14;-0.00050962;-0.00047318
1929-06-17;-0.00269778;-0.00258847
1929-06-18;-0.00005954;-0.00002311
1929-06-19;0.00054412;0.00058055
1929-06-20;-0.00083092;-0.00079448
1929-06-21;-0.00082624;-0.00078980
1929-06-24;-0.00001394;0.00009537
1929-06-25;-0.00152964;-0.00149320
1929-06-26;-0.00086700;-0.00083056
1929-06-27;-0.00027254;-0.00023610
1929-06-28;-0.00166140;-0.00162496
1929-07-01;0.00674716;0.00685647
1929-07-02;0.00544126;0.00547770
1929-07-03;0.00219567;0.00223211
1929-07-05;0.00250441;0.00257729
1929-07-08;0.00076358;0.00087289
1929-07-09;-0.00172496;-0.00168852
1929-07-10;-0.00154416;-0.00150772
1929-07-11;0.00106464;0.00110107
1929-07-12;0.00571845;0.00575489
1929-07-15;-0.00237641;-0.00226710
1929-07-16;0.00364485;0.00368129
1929-07-17;0.00123076;0.00126720
1929-07-18;-0.00115482;-0.00111838
1929-07-19;0.00178125;0.00181769
1929-07-22;-0.00620501;-0.00609570
1929-07-23;0.00735014;0.00738657
1929-07-24;-0.00352397;-0.00348753
1929-07-25;0.00233387;0.00237031
1929-07-26;-0.00206764;-0.00203120
1929-07-29;-0.00898081;-0.00887150
1929-07-30;0.00592162;0.00595806
1929-07-31;0.00696178;0.00699822
1929-08-01;0.00351948;0.00355592
1929-08-02;0.00846358;0.00850001
1929-08-05;-0.00051159;-0.00040227
1929-08-06;-0.00197573;-0.00193929
1929-08-07;-0.00531441;-0.00527798
1929-08-08;0.00596888;0.00600532
1929-08-09;-0.01914051;-0.01910407
1929-08-12;0.01602038;0.01612970
1929-08-13;0.00452967;0.00456611
1929-08-14;0.00151859;0.00155503
1929-08-15;0.00081694;0.00085338
1929-08-16;0.00951166;0.00954810
1929-08-19;0.00461879;0.00472811
1929-08-20;0.00299129;0.00302773
1929-08-21;-0.00224072;-0.00220429
1929-08-22;0.00399979;0.00403623
1929-08-23;0.00497377;0.00501021
1929-08-26;-0.00049440;-0.00038509
1929-08-27;-0.00038632;-0.00034988
1929-08-28;-0.00105131;-0.00101487
1929-08-29;0.00494132;0.00497776
1929-08-30;0.00686327;0.00689971
1929-09-03;0.00193251;0.00207827
1929-09-04;-0.00205825;-0.00202181
1929-09-05;-0.01405270;-0.01401626
1929-09-06;0.01648273;0.01651917
1929-09-09;-0.00338531;-0.00327599
1929-09-10;-0.01147324;-0.01143680
1929-09-11;0.00869629;0.00873273
1929-09-12;-0.00730275;-0.00726631
1929-09-13;0.00420339;0.00423983
1929-09-16;0.00949494;0.00960425
1929-09-17;-0.00523855;-0.00520211
1929-09-18;0.00153799;0.00157443
1929-09-19;0.00093377;0.00097021
1929-09-20;-0.00685766;-0.00682122
1929-09-23;-0.00040141;-0.00029210
1929-09-24;-0.01178062;-0.01174419
1929-09-25;0.00096235;0.00099879
1929-09-26;0.00568574;0.00572218
1929-09-27;-0.01757521;-0.01753877
1929-09-30;-0.00253854;-0.00242922
1929-10-01;-0.00105252;-0.00101608
1929-10-02;0.00125359;0.00129003
1929-10-03;-0.00719157;-0.00715513
1929-10-04;-0.00181413;-0.00177770
1929-10-07;0.01077347;0.01088279
1929-10-08;-0.00058753;-0.00055109
1929-10-09;-0.00041804;-0.00038160
1929-10-10;0.00307355;0.00310999
1929-10-11;-0.00029944;-0.00026300
1929-10-14;-0.00123775;-0.00112843
1929-10-15;-0.00143643;-0.00139999
1929-10-16;-0.00608114;-0.00604470
1929-10-17;0.00264902;0.00268546
1929-10-18;-0.00497988;-0.00494344
1929-10-21;-0.00672491;-0.00661559
1929-10-22;0.00335675;0.00339318
1929-10-23;-0.01025611;-0.01021967
1929-10-24;-0.00555626;-0.00551982
1929-10-25;0.00247208;0.00250852
1929-10-28;-0.02248122;-0.02237190
1929-10-29;-0.01762345;-0.01758701
1929-10-30;0.02169846;0.02173490
1929-10-31;0.00870811;0.00874454
1929-11-04;0.00322482;0.00337057
1929-11-06;0.00609492;0.00616780
1929-11-07;-0.00226878;-0.00223234
1929-11-08;0.00054458;0.00058102
1929-11-11;0.00382522;0.00393453
1929-11-12;0.00349569;0.00353213
1929-11-13;0.00350979;0.00354623
1929-11-14;-0.00550175;-0.00546531
1929-11-15;-0.00338869;-0.00335225
1929-11-18;0.00063001;0.00073932
1929-11-19;-0.00186847;-0.00183204
1929-11-20;-0.00169468;-0.00165824
1929-11-21;-0.00098460;-0.00094816
1929-11-22;0.00022560;0.00026204
1929-11-25;0.00070789;0.00081720
1929-11-26;0.00178904;0.00182548
1929-11-27;-0.00078256;-0.00074612
1929-12-02;-0.00024073;-0.00005854
1929-12-03;-0.00504997;-0.00501353
1929-12-04;-0.00279456;-0.00275812
1929-12-05;0.00122776;0.00126420
1929-12-06;-0.00400924;-0.00397280
1929-12-09;0.00032177;0.00043108
1929-12-10;-0.00115077;-0.00111434
1929-12-11;0.00126626;0.00130270
1929-12-12;0.00815880;0.00819524
1929-12-13;-0.00378503;-0.00374859
1929-12-16;0.00256002;0.00266934
1929-12-17;-0.00163299;-0.00159656
1929-12-18;0.00097564;0.00101208
1929-12-19;0.00401320;0.00404963
1929-12-20;0.00499207;0.00502851
1929-12-23;-0.00076350;-0.00065418
1929-12-24;-0.00097370;-0.00093726
1929-12-26;-0.00334205;-0.00326918
1929-12-27;0.00014007;0.00017651
1929-12-30;-0.00052218;-0.00041287
1929-12-31;-0.00406052;-0.00402408
1930-01-02;0.00060989;0.00068277
1930-01-03;-0.00011653;-0.00008009
1930-01-06;-0.00062405;-0.00051473
1930-01-07;0.00042882;0.00046525
1930-01-08;0.00004415;0.00008058
1930-01-09;-0.00075643;-0.00071999
1930-01-10;0.00015612;0.00019256
1930-01-13;0.00006311;0.00017243
1930-01-14;-0.00009208;-0.00005564
1930-01-15;-0.00020486;-0.00016842
1930-01-16;0.00033586;0.00037229
1930-01-17;0.00042882;0.00046525
1930-01-20;-0.00043890;-0.00032958
1930-01-21;-0.00025073;-0.00021429
1930-01-22;-0.00004663;-0.00001019
1930-01-23;-0.00047438;-0.00043794
1930-01-24;-0.00044754;-0.00041110
1930-01-27;-0.00038032;-0.00027101
1930-01-28;0.00023964;0.00027608
1930-01-29;-0.00055247;-0.00051603
1930-01-30;-0.00026304;-0.00022660
1930-01-31;-0.00070450;-0.00066806
1930-02-03;-0.00017972;-0.00007041
1930-02-04;0.00084306;0.00087950
1930-02-05;0.00092648;0.00096292
1930-02-06;-0.00077583;-0.00073939
1930-02-07;-0.00028711;-0.00025067
1930-02-10;0.00044526;0.00055458
1930-02-11;0.00061219;0.00064863
1930-02-13;0.00010784;0.00018072
1930-02-14;-0.00003818;-0.00000175
1930-02-17;-0.00029867;-0.00018936
1930-02-18;0.00005408;0.00009052
1930-02-19;-0.00065373;-0.00061730
1930-02-20;-0.00134277;-0.00130633
1930-02-21;0.00087846;0.00091490
1930-02-24;-0.00077268;-0.00066337
1930-02-25;0.00065580;0.00069223
1930-02-26;0.00068101;0.00071744
1930-02-27;-0.00010051;-0.00006407
1930-02-28;0.00060709;0.00064353
1930-03-03;0.00047044;0.00057976
1930-03-04;0.00114543;0.00118187
1930-03-05;-0.00116818;-0.00113174
1930-03-06;0.00146800;0.00150444
1930-03-07;-0.00001581;0.00002062
1930-03-10;0.00046364;0.00057295
1930-03-11;0.00030253;0.00033897
1930-03-12;-0.00166771;-0.00163127
1930-03-13;0.00088353;0.00091997
1930-03-14;-0.00097368;-0.00093724
1930-03-17;0.00136641;0.00147573
1930-03-18;0.00144857;0.00148501
1930-03-19;0.00080392;0.00084035
1930-03-20;0.00067405;0.00071049
1930-03-21;0.00092062;0.00095706
1930-03-24;-0.00010948;-0.00000017
1930-03-25;-0.00020202;-0.00016558
1930-03-26;0.00228359;0.00232003
1930-03-27;-0.00032187;-0.00028544
1930-03-28;0.00170161;0.00173805
1930-03-31;-0.00429963;-0.00419031
1930-04-01;0.01212319;0.01215963
1930-04-02;-0.00248974;-0.00245330
1930-04-03;0.00045362;0.00049006
1930-04-04;0.00360680;0.00364324
1930-04-07;0.00048925;0.00059856
1930-04-08;-0.00134035;-0.00130392
1930-04-09;0.00384737;0.00388380
1930-04-10;0.00043955;0.00047599
1930-04-11;-0.00076745;-0.00073101
1930-04-14;-0.00109941;-0.00099010
1930-04-15;0.00006823;0.00010467
1930-04-16;-0.00170691;-0.00167047
1930-04-17;0.00176236;0.00179880
1930-04-21;-0.00439687;-0.00425112
1930-04-22;0.00197163;0.00200806
1930-04-23;0.00044629;0.00048273
1930-04-24;-0.00190765;-0.00187121
1930-04-25;-0.00030982;-0.00027339
1930-04-28;-0.00539435;-0.00528504
1930-04-29;-0.00031661;-0.00028017
1930-04-30;0.00162367;0.00166011
1930-05-01;-0.00451487;-0.00447843
1930-05-02;-0.00562389;-0.00558745
1930-05-05;-0.00472853;-0.00461921
1930-05-06;0.00631257;0.00634900
1930-05-07;-0.00355281;-0.00351637
1930-05-08;0.00070071;0.00073715
1930-05-09;0.00229243;0.00232886
1930-05-12;0.00309120;0.00320052
1930-05-13;0.00253597;0.00257241
1930-05-14;0.00112634;0.00116278
1930-05-15;-0.00305669;-0.00302025
1930-05-16;0.00082945;0.00086589
1930-05-19;-0.00413097;-0.00402165
1930-05-20;0.00084447;0.00088091
1930-05-21;-0.00095782;-0.00092138
1930-05-22;0.00037334;0.00040977
1930-05-23;0.00186244;0.00189888
1930-05-26;0.00149395;0.00160327
1930-05-27;0.00005742;0.00009386
1930-05-28;0.00105789;0.00109432
1930-05-29;0.00081943;0.00085587
1930-06-02;-0.00062157;-0.00047582
1930-06-03;-0.00138462;-0.00134818
1930-06-04;0.00067464;0.00071108
1930-06-05;-0.00239073;-0.00235429
1930-06-06;-0.00249196;-0.00245553
1930-06-09;-0.00740544;-0.00729612
1930-06-10;0.00425726;0.00429370
1930-06-11;-0.00535961;-0.00532317
1930-06-12;-0.00049458;-0.00045814
1930-06-13;0.00087580;0.00091224
1930-06-16;-0.01164078;-0.01153146
1930-06-17;0.00013174;0.00016818
1930-06-18;-0.00532672;-0.00529028
1930-06-19;0.00709253;0.00712897
1930-06-20;-0.00395879;-0.00392235
1930-06-23;-0.00124719;-0.00113788
1930-06-24;-0.00530513;-0.00526869
1930-06-25;0.00115839;0.00119483
1930-06-26;0.00355766;0.00359410
1930-06-27;-0.00145803;-0.00142159
1930-06-30;0.00489729;0.00500661
1930-07-01;0.00328462;0.00332106
1930-07-02;-0.00334007;-0.00330363
1930-07-03;0.00313487;0.00317131
1930-07-07;0.00631533;0.00646108
1930-07-08;-0.00217289;-0.00213645
1930-07-09;-0.00445905;-0.00442261
1930-07-10;-0.00772232;-0.00768589
1930-07-11;0.00323545;0.00327189
1930-07-14;-0.01210587;-0.01199656
1930-07-15;0.00056393;0.00060037
1930-07-16;-0.00230913;-0.00227269
1930-07-17;-0.00143619;-0.00139975
1930-07-18;-0.00270735;-0.00267092
1930-07-21;0.01165165;0.01176097
1930-07-22;-0.00556978;-0.00553334
1930-07-23;-0.00489585;-0.00485942
1930-07-24;0.00395081;0.00398725
1930-07-25;-0.00172946;-0.00169303
1930-07-28;-0.00458958;-0.00448027
1930-07-29;0.00237721;0.00241365
1930-07-30;0.00805661;0.00809305
1930-07-31;-0.00191555;-0.00187912
1930-08-01;0.00045768;0.00049412
1930-08-04;-0.00190767;-0.00179836
1930-08-05;-0.00000313;0.00003331
1930-08-06;0.00154105;0.00157749
1930-08-07;0.00055062;0.00058706
1930-08-08;0.00366320;0.00369964
1930-08-11;-0.00063623;-0.00052692
1930-08-12;0.00248823;0.00252466
1930-08-13;-0.00133056;-0.00129412
1930-08-14;-0.00005164;-0.00001520
1930-08-15;-0.00262111;-0.00258467
1930-08-18;0.00074606;0.00085538
1930-08-19;-0.00095482;-0.00091838
1930-08-20;-0.00052151;-0.00048507
1930-08-21;0.00098128;0.00101772
1930-08-22;-0.00071344;-0.00067700
1930-08-25;0.00050773;0.00061705
1930-08-26;-0.00142099;-0.00138456
1930-08-27;-0.00074851;-0.00071207
1930-08-28;0.00004310;0.00007954
1930-08-29;-0.00111354;-0.00107710
1930-09-02;-0.00005620;0.00008955
1930-09-03;0.00092293;0.00095937
1930-09-04;0.00066493;0.00070137
1930-09-05;-0.00143816;-0.00140172
1930-09-08;-0.00129016;-0.00118084
1930-09-09;-0.00056961;-0.00053317
1930-09-10;-0.00043625;-0.00039981
1930-09-11;0.00060073;0.00063716
1930-09-12;0.00095184;0.00098828
1930-09-15;0.00135019;0.00145950
1930-09-16;-0.00013649;-0.00010005
1930-09-17;-0.00031400;-0.00027756
1930-09-18;0.00101540;0.00105184
1930-09-19;0.00169797;0.00173441
1930-09-22;0.00231580;0.00242511
1930-09-23;-0.00126495;-0.00122851
1930-09-24;0.00151896;0.00155540
1930-09-25;0.00177833;0.00181477
1930-09-26;0.00143039;0.00146683
1930-09-29;0.00265944;0.00276875
1930-09-30;0.00142104;0.00145748
1930-10-01;-0.01793209;-0.01789565
1930-10-02;0.00494715;0.00498358
1930-10-03;-0.00503494;-0.00499850
1930-10-06;0.01670144;0.01681075
1930-10-07;-0.00022853;-0.00019209
1930-10-08;0.00472916;0.00476560
1930-10-09;0.01591016;0.01594660
1930-10-10;-0.01000680;-0.00997037
1930-10-14;0.00438087;0.00452662
1930-10-15;-0.00651151;-0.00647507
1930-10-16;0.00704379;0.00708023
1930-10-17;0.01614878;0.01618522
1930-10-20;-0.00962790;-0.00951859
1930-10-21;0.01186538;0.01190181
1930-10-22;0.00351805;0.00355449
1930-10-23;-0.00571247;-0.00567604
1930-10-24;-0.01406237;-0.01402593
1930-10-27;-0.00094355;-0.00083424
1930-10-28;-0.00181870;-0.00178226
1930-10-29;0.00695341;0.00698985
1930-10-30;0.00478958;0.00482602
1930-10-31;0.00924088;0.00927732
1930-11-03;-0.00387855;-0.00376923
1930-11-05;0.01018587;0.01025874
1930-11-06;-0.00062988;-0.00059344
1930-11-07;0.01152076;0.01155719
1930-11-10;0.01168704;0.01179635
1930-11-11;-0.00552681;-0.00549037
1930-11-12;-0.00761088;-0.00757444
1930-11-13;-0.00893309;-0.00889665
1930-11-14;-0.00684342;-0.00680698
1930-11-17;0.00828994;0.00839926
1930-11-18;-0.00375586;-0.00371942
1930-11-19;-0.00721401;-0.00717757
1930-11-20;0.00139997;0.00143641
1930-11-21;-0.00527336;-0.00523692
1930-11-24;0.00295712;0.00306643
1930-11-25;0.00401087;0.00404731
1930-11-26;0.00487253;0.00490896
1930-11-28;0.00472385;0.00479672
1930-12-01;-0.00822052;-0.00811120
1930-12-02;-0.00305217;-0.00301573
1930-12-03;0.00545124;0.00548768
1930-12-04;0.00477984;0.00481628
1930-12-05;-0.00020476;-0.00016832
1930-12-08;0.00891177;0.00902109
1930-12-09;-0.00021024;-0.00017380
1930-12-10;0.00498667;0.00502311
1930-12-11;0.00364472;0.00368115
1930-12-12;0.00245460;0.00249104
1930-12-15;0.01011233;0.01022164
1930-12-16;0.01067926;0.01071570
1930-12-17;-0.01483015;-0.01479371
1930-12-18;-0.00233547;-0.00229903
1930-12-19;-0.00357781;-0.00354137
1930-12-22;0.01055377;0.01066308
1930-12-23;-0.00172746;-0.00169102
1930-12-24;-0.00428032;-0.00424388
1930-12-26;0.00651084;0.00658371
1930-12-29;0.00276540;0.00287471
1930-12-30;-0.00738774;-0.00735130
1930-12-31;-0.00595049;-0.00591405
1931-01-02;-0.00986026;-0.00978738
1931-01-05;-0.00152252;-0.00141321
1931-01-06;-0.00372588;-0.00368944
1931-01-07;0.01907611;0.01911255
1931-01-08;-0.02237209;-0.02233565
1931-01-09;0.00290867;0.00294510
1931-01-12;0.00420815;0.00431746
1931-01-13;0.00354114;0.00357758
1931-01-14;-0.00341408;-0.00337764
1931-01-15;0.00690926;0.00694570
1931-01-16;-0.00364739;-0.00361095
1931-01-19;0.00356527;0.00367458
1931-01-20;-0.00613648;-0.00610004
1931-01-21;-0.00000949;0.00002695
1931-01-22;-0.00544947;-0.00541304
1931-01-23;-0.00645651;-0.00642007
1931-01-26;0.00033208;0.00044140
1931-01-27;0.00143446;0.00147090
1931-01-28;0.00543188;0.00546831
1931-01-29;-0.00278112;-0.00274468
1931-01-30;-0.00039153;-0.00035509
1931-02-02;0.00016145;0.00027077
1931-02-03;-0.00045789;-0.00042146
1931-02-04;-0.00051224;-0.00047580
1931-02-05;0.00061610;0.00065253
1931-02-06;-0.00028624;-0.00024980
1931-02-09;-0.00390624;-0.00379692
1931-02-10;-0.00146597;-0.00142953
1931-02-11;-0.00026963;-0.00023319
1931-02-13;0.00052593;0.00059881
1931-02-16;-0.00086471;-0.00075540
1931-02-17;0.00153401;0.00157045
1931-02-18;-0.00081145;-0.00077501
1931-02-19;-0.00123183;-0.00119540
1931-02-20;-0.00147924;-0.00144280
1931-02-24;-0.00239878;-0.00225303
1931-02-25;0.00100861;0.00104504
1931-02-26;-0.00102576;-0.00098932
1931-02-27;0.00069032;0.00072675
1931-03-02;-0.00280738;-0.00269806
1931-03-03;-0.00012235;-0.00008591
1931-03-04;-0.00090773;-0.00087129
1931-03-05;0.00197095;0.00200739
1931-03-06;-0.00206332;-0.00202688
1931-03-09;0.00246269;0.00257200
1931-03-10;-0.00023137;-0.00019494
1931-03-11;-0.00111816;-0.00108173
1931-03-12;-0.00068261;-0.00064617
1931-03-13;-0.00046160;-0.00042516
1931-03-16;0.00251936;0.00262868
1931-03-17;-0.00105981;-0.00102337
1931-03-18;0.00127389;0.00131033
1931-03-19;0.00109197;0.00112840
1931-03-20;0.00026221;0.00029864
1931-03-23;-0.00166141;-0.00155209
1931-03-24;0.00065292;0.00068936
1931-03-25;-0.00055927;-0.00052284
1931-03-26;-0.00133525;-0.00129881
1931-03-27;-0.00185703;-0.00182060
1931-03-30;-0.00316781;-0.00305849
1931-03-31;0.00015043;0.00018686
1931-04-01;0.00108963;0.00112606
1931-04-02;0.00045128;0.00048772
1931-04-06;-0.00033994;-0.00019419
1931-04-07;0.00142740;0.00146384
1931-04-08;-0.00145362;-0.00141718
1931-04-09;0.00058191;0.00061834
1931-04-10;-0.00033042;-0.00029398
1931-04-13;-0.00170543;-0.00159611
1931-04-14;0.00134439;0.00138083
1931-04-15;0.00214153;0.00217796
1931-04-16;0.00132305;0.00135949
1931-04-17;0.00167543;0.00171187
1931-04-20;-0.00157943;-0.00147011
1931-04-21;0.00282059;0.00285703
1931-04-22;0.00220636;0.00224280
1931-04-23;-0.00049700;-0.00046056
1931-04-24;-0.00000344;0.00003300
1931-04-27;0.00370950;0.00381881
1931-04-28;0.00065091;0.00068735
1931-04-29;0.00219111;0.00222754
1931-04-30;-0.00540111;-0.00536467
1931-05-01;0.01089458;0.01093102
1931-05-04;-0.01050414;-0.01039483
1931-05-05;0.00296845;0.00300489
1931-05-06;-0.00176455;-0.00172811
1931-05-07;0.00148320;0.00151963
1931-05-08;-0.01227168;-0.01223525
1931-05-11;0.00602047;0.00612979
1931-05-12;0.00368168;0.00371812
1931-05-13;0.00123151;0.00126795
1931-05-14;0.00822251;0.00825894
1931-05-15;0.00560125;0.00563769
1931-05-18;0.01550610;0.01561541
1931-05-19;0.00025827;0.00029471
1931-05-20;0.00215169;0.00218813
1931-05-21;-0.00382046;-0.00378402
1931-05-22;-0.00135845;-0.00132201
1931-05-25;0.01445361;0.01456292
1931-05-26;-0.00029113;-0.00025469
1931-05-27;0.00417197;0.00420841
1931-05-28;-0.00142242;-0.00138598
1931-05-29;0.00813673;0.00817317
1931-06-01;0.01714433;0.01725364
1931-06-02;0.00580714;0.00584357
1931-06-03;-0.02721637;-0.02717993
1931-06-04;-0.01183523;-0.01179880
1931-06-05;0.00398208;0.00401852
1931-06-08;-0.00434227;-0.00423295
1931-06-09;0.00584146;0.00587790
1931-06-10;-0.00974720;-0.00971076
1931-06-11;-0.00080155;-0.00076511
1931-06-12;-0.00053707;-0.00050063
1931-06-15;0.00311375;0.00322307
1931-06-16;-0.00080561;-0.00076917
1931-06-17;0.00394992;0.00398636
1931-06-18;0.00639719;0.00643363
1931-06-19;0.00134774;0.00138418
1931-06-22;-0.03796628;-0.03785697
1931-06-23;0.00492696;0.00496340
1931-06-24;-0.01703560;-0.01699916
1931-06-25;0.00237915;0.00241559
1931-06-26;-0.00867557;-0.00863913
1931-06-29;0.00607589;0.00618521
1931-06-30;0.00618253;0.00621897
1931-07-01;-0.00132343;-0.00128699
1931-07-02;0.00070143;0.00073787
1931-07-03;-0.00175074;-0.00171430
1931-07-06;0.00084788;0.00095720
1931-07-07;0.00318633;0.00322277
1931-07-08;0.00078485;0.00082129
1931-07-09;-0.00068416;-0.00064773
1931-07-10;-0.00079117;-0.00075473
1931-07-13;0.00222360;0.00233292
1931-07-14;0.00080035;0.00083678
1931-07-15;0.00167719;0.00171363
1931-07-16;-0.00201343;-0.00197699
1931-07-17;-0.00075297;-0.00071653
1931-07-20;-0.00109453;-0.00098521
1931-07-21;-0.00090569;-0.00086925
1931-07-22;0.00189541;0.00193185
1931-07-23;-0.00000262;0.00003382
1931-07-24;0.00176915;0.00180558
1931-07-27;-0.00035838;-0.00024906
1931-07-28;-0.00087520;-0.00083876
1931-07-29;0.00252988;0.00256632
1931-07-30;-0.00035902;-0.00032258
1931-07-31;0.00039798;0.00043442
1931-08-03;-0.00371399;-0.00360467
1931-08-04;0.00162838;0.00166481
1931-08-05;0.00365218;0.00368862
1931-08-06;0.00166317;0.00169961
1931-08-07;-0.00112971;-0.00109327
1931-08-10;0.00109229;0.00120161
1931-08-11;-0.00823313;-0.00819669
1931-08-12;0.00343189;0.00346832
1931-08-13;-0.00404612;-0.00400969
1931-08-14;-0.00488609;-0.00484965
1931-08-17;0.00422969;0.00433900
1931-08-18;-0.00090952;-0.00087308
1931-08-19;-0.00072668;-0.00069024
1931-08-20;-0.00054552;-0.00050908
1931-08-21;0.00553322;0.00556966
1931-08-24;0.00198590;0.00209522
1931-08-25;0.00091295;0.00094938
1931-08-26;-0.00426048;-0.00422404
1931-08-27;0.00144654;0.00148298
1931-08-28;-0.00256848;-0.00253204
1931-08-31;0.00230177;0.00241108
1931-09-01;0.00042264;0.00045908
1931-09-02;-0.00187934;-0.00184290
1931-09-03;-0.00228115;-0.00224471
1931-09-04;-0.00046018;-0.00042375
1931-09-08;-0.00320401;-0.00305825
1931-09-09;-0.00086567;-0.00082923
1931-09-10;-0.00110828;-0.00107184
1931-09-11;0.00054448;0.00058092
1931-09-14;-0.00468339;-0.00457407
1931-09-15;-0.00092009;-0.00088365
1931-09-16;-0.00142913;-0.00139269
1931-09-17;0.00185178;0.00188822
1931-09-18;-0.00483043;-0.00479399
1931-09-21;-0.00465882;-0.00454951
1931-09-22;-0.00120054;-0.00116410
1931-09-23;0.00665984;0.00669628
1931-09-24;-0.00730618;-0.00726974
1931-09-25;0.00223793;0.00227437
1931-09-28;-0.00387977;-0.00377045
1931-09-29;-0.00420328;-0.00416684
1931-09-30;-0.00352088;-0.00348445
1931-10-01;0.00511051;0.00514694
1931-10-02;-0.00493512;-0.00489869
1931-10-05;0.02502722;0.02513654
1931-10-06;-0.03413759;-0.03410115
1931-10-07;0.00361384;0.00365028
1931-10-08;-0.02372820;-0.02369176
1931-10-09;0.00181142;0.00184786
1931-10-13;0.01174397;0.01188972
1931-10-14;0.00627996;0.00631640
1931-10-15;-0.00504522;-0.00500878
1931-10-16;-0.00852725;-0.00849081
1931-10-19;-0.00349190;-0.00338258
1931-10-20;-0.01238213;-0.01234569
1931-10-21;0.00251086;0.00254730
1931-10-22;0.00914565;0.00918209
1931-10-23;-0.00895121;-0.00891477
1931-10-26;0.00506866;0.00517798
1931-10-27;0.00596079;0.00599723
1931-10-28;0.00901081;0.00904725
1931-10-29;-0.00110582;-0.00106938
1931-10-30;-0.00876658;-0.00873014
1931-11-02;-0.00042046;-0.00031115
1931-11-04;-0.00188629;-0.00181341
1931-11-05;0.00022635;0.00026279
1931-11-06;-0.00189271;-0.00185627
1931-11-09;-0.00228526;-0.00217594
1931-11-10;0.00128477;0.00132121
1931-11-11;0.00092886;0.00096530
1931-11-12;0.00022039;0.00025683
1931-11-13;0.00195081;0.00198725
1931-11-16;0.00166491;0.00177423
1931-11-17;-0.00100868;-0.00097224
1931-11-18;0.00227047;0.00230690
1931-11-19;0.00030049;0.00033693
1931-11-20;0.00188255;0.00191899
1931-11-23;0.00093463;0.00104394
1931-11-24;-0.00108444;-0.00104800
1931-11-25;0.00212565;0.00216209
1931-11-27;0.00142186;0.00149474
1931-11-30;-0.00127542;-0.00116611
1931-12-01;0.00223083;0.00226727
1931-12-02;0.00622339;0.00625983
1931-12-03;-0.00333160;-0.00329516
1931-12-04;0.00383503;0.00387147
1931-12-07;-0.00531694;-0.00520763
1931-12-08;0.00514021;0.00517665
1931-12-09;0.00470536;0.00474180
1931-12-10;0.00402750;0.00406394
1931-12-11;0.00556603;0.00560247
1931-12-14;0.00637491;0.00648422
1931-12-15;-0.00243716;-0.00240072
1931-12-16;0.00413727;0.00417371
1931-12-17;0.00468308;0.00471952
1931-12-18;-0.01468394;-0.01464750
1931-12-21;0.00443057;0.00453988
1931-12-22;-0.00304714;-0.00301070
1931-12-23;0.00725599;0.00729243
1931-12-24;-0.00022839;-0.00019195
1931-12-28;0.00442595;0.00457171
1931-12-29;-0.00456899;-0.00453255
1931-12-30;-0.00311973;-0.00308330
1931-12-31;-0.00044323;-0.00040679
1932-01-04;0.01251919;0.01266495
1932-01-05;0.00023473;0.00027117
1932-01-06;-0.01277261;-0.01273618
1932-01-07;-0.00315698;-0.00312054
1932-01-08;-0.00774953;-0.00771310
1932-01-11;0.00189243;0.00200174
1932-01-12;0.00192436;0.00196080
1932-01-13;-0.00889322;-0.00885679
1932-01-14;-0.00207249;-0.00203606
1932-01-15;-0.00041452;-0.00037808
1932-01-18;0.00834184;0.00845116
1932-01-19;0.00063530;0.00067174
1932-01-20;-0.00322281;-0.00318637
1932-01-21;0.00104786;0.00108430
1932-01-22;0.00783690;0.00787333
1932-01-25;0.00020403;0.00031334
1932-01-26;-0.00244550;-0.00240906
1932-01-27;0.00349581;0.00353225
1932-01-28;0.00267196;0.00270840
1932-01-29;0.00202970;0.00206614
1932-02-01;-0.00798653;-0.00787721
1932-02-02;0.00476293;0.00479937
1932-02-03;-0.00109067;-0.00105424
1932-02-04;0.00134092;0.00137735
1932-02-05;0.00704571;0.00708215
1932-02-08;0.00446420;0.00457351
1932-02-09;0.00256889;0.00260533
1932-02-10;0.00086190;0.00089834
1932-02-11;-0.01803588;-0.01799944
1932-02-15;-0.01023421;-0.01008846
1932-02-16;-0.00873064;-0.00869421
1932-02-17;0.00887456;0.00891100
1932-02-18;-0.00592220;-0.00588577
1932-02-19;-0.00025738;-0.00022094
1932-02-23;0.01247727;0.01262303
1932-02-24;-0.00557867;-0.00554223
1932-02-25;0.00206268;0.00209912
1932-02-26;0.00025420;0.00029063
1932-02-29;0.00127469;0.00138400
1932-03-01;-0.00048160;-0.00044516
1932-03-02;-0.00285830;-0.00282186
1932-03-03;-0.00000212;0.00003431
1932-03-04;-0.00007818;-0.00004174
1932-03-07;-0.00076609;-0.00065677
1932-03-08;-0.00120389;-0.00116745
1932-03-09;0.00125200;0.00128844
1932-03-10;0.00059944;0.00063588
1932-03-11;0.00159146;0.00162789
1932-03-14;0.00162649;0.00173580
1932-03-15;-0.00000212;0.00003431
1932-03-16;0.00159228;0.00162872
1932-03-17;-0.00139079;-0.00135435
1932-03-18;0.00207811;0.00211455
1932-03-21;-0.00033678;-0.00022747
1932-03-22;0.00008007;0.00011651
1932-03-23;0.00090312;0.00093956
1932-03-24;0.00066536;0.00070179
1932-03-28;0.00226718;0.00241293
1932-03-29;0.00008516;0.00012160
1932-03-30;-0.00140049;-0.00136405
1932-03-31;0.00366587;0.00370231
1932-04-01;0.00400257;0.00403900
1932-04-04;0.00374668;0.00385600
1932-04-05;0.01053191;0.01056835
1932-04-06;0.00669333;0.00672977
1932-04-07;0.00240980;0.00244623
1932-04-08;0.00697338;0.00700982
1932-04-11;0.00682177;0.00693108
1932-04-12;0.00036423;0.00040067
1932-04-13;0.00296932;0.00300576
1932-04-14;-0.01018748;-0.01015104
1932-04-15;-0.00614011;-0.00610367
1932-04-18;0.01051447;0.01062379
1932-04-19;0.00330856;0.00334500
1932-04-20;-0.00000723;0.00002921
1932-04-21;-0.00785955;-0.00782311
1932-04-22;0.01011018;0.01014662
1932-04-25;-0.00266986;-0.00256055
1932-04-26;-0.00337251;-0.00333607
1932-04-27;-0.00553354;-0.00549711
1932-04-28;0.00862335;0.00865978
1932-04-29;0.00747116;0.00750760
1932-05-02;0.00346186;0.00357117
1932-05-03;0.00313781;0.00317425
1932-05-04;-0.00319673;-0.00316030
1932-05-05;0.00235155;0.00238799
1932-05-06;-0.01629587;-0.01625943
1932-05-09;0.00479528;0.00490460
1932-05-10;-0.00190033;-0.00186389
1932-05-11;0.00036824;0.00040467
1932-05-12;0.00751467;0.00755111
1932-05-13;0.00777405;0.00781049
1932-05-16;-0.00042466;-0.00031534
1932-05-17;0.00079725;0.00083369
1932-05-18;0.00564429;0.00568073
1932-05-19;-0.00124938;-0.00121294
1932-05-20;-0.00000723;0.00002920
1932-05-23;0.00203722;0.00214653
1932-05-24;0.00913541;0.00917185
1932-05-25;0.00778898;0.00782542
1932-05-26;-0.00359621;-0.00355978
1932-05-27;0.01235754;0.01239398
1932-05-31;0.01678936;0.01693511
1932-06-01;0.00370150;0.00373794
1932-06-02;-0.01292678;-0.01289035
1932-06-03;-0.01276901;-0.01273257
1932-06-06;-0.00874125;-0.00863193
1932-06-07;0.01027000;0.01030644
1932-06-08;0.01366633;0.01370277
1932-06-09;-0.00000759;0.00002885
1932-06-10;-0.01814723;-0.01811079
1932-06-13;0.00479129;0.00490060
1932-06-14;-0.00590432;-0.00586788
1932-06-15;-0.00863782;-0.00860138
1932-06-16;-0.00000759;0.00002885
1932-06-17;0.01340784;0.01344428
1932-06-20;-0.00296504;-0.00285572
1932-06-21;0.00580472;0.00584116
1932-06-22;-0.00000759;0.00002885
1932-06-23;-0.00149723;-0.00146079
1932-06-24;0.00986123;0.00989767
1932-06-27;0.00821555;0.00832486
1932-06-28;-0.00000759;0.00002885
1932-06-29;-0.00374174;-0.00370530
1932-06-30;0.00418036;0.00421680
1932-07-01;-0.00249421;-0.00245777
1932-07-05;0.00140346;0.00154921
1932-07-06;-0.00144524;-0.00140880
1932-07-07;0.00211559;0.00215203
1932-07-08;0.00058167;0.00061811
1932-07-11;-0.00280420;-0.00269489
1932-07-12;-0.00000208;0.00003436
1932-07-13;-0.00310800;-0.00307157
1932-07-14;0.00040212;0.00043856
1932-07-15;-0.00190018;-0.00186374
1932-07-18;0.00170622;0.00181554
1932-07-19;0.00026851;0.00030495
1932-07-20;-0.00204001;-0.00200357
1932-07-21;-0.00158282;-0.00154638
1932-07-22;-0.00193105;-0.00189461
1932-07-25;-0.00350312;-0.00339381
1932-07-26;0.00094598;0.00098242
1932-07-27;-0.00324918;-0.00321274
1932-07-28;-0.00206373;-0.00202729
1932-07-29;-0.00201019;-0.00197375
1932-08-01;0.00080125;0.00091057
1932-08-02;-0.00243643;-0.00239999
1932-08-03;0.00547363;0.00551007
1932-08-04;0.00125205;0.00128849
1932-08-05;0.00265016;0.00268660
1932-08-08;0.00571187;0.00582118
1932-08-09;-0.00033953;-0.00030309
1932-08-10;0.00216998;0.00220642
1932-08-11;-0.00032995;-0.00029352
1932-08-12;-0.00496522;-0.00492878
1932-08-15;0.00386900;0.00397832
1932-08-16;0.00198906;0.00202550
1932-08-17;-0.00137584;-0.00133940
1932-08-18;0.00073487;0.00077130
1932-08-19;-0.00057627;-0.00053984
1932-08-22;0.00195223;0.00206154
1932-08-23;0.00301894;0.00305538
1932-08-24;0.00135979;0.00139623
1932-08-25;-0.00052634;-0.00048990
1932-08-26;0.00096713;0.00100356
1932-08-29;0.00138146;0.00149077
1932-08-30;-0.00079960;-0.00076316
1932-08-31;-0.00059087;-0.00055443
1932-09-01;0.00057329;0.00060972
1932-09-02;0.00264925;0.00268569
1932-09-06;0.00045587;0.00060163
1932-09-07;0.00272280;0.00275924
1932-09-08;-0.00222651;-0.00219007
1932-09-09;-0.00149739;-0.00146095
1932-09-12;-0.00418776;-0.00407845
1932-09-13;-0.00261710;-0.00258066
1932-09-14;-0.00351363;-0.00347720
1932-09-15;0.00255766;0.00259409
1932-09-16;-0.00072065;-0.00068421
1932-09-19;-0.00186620;-0.00175688
1932-09-20;0.00231268;0.00234912
1932-09-21;0.00717383;0.00721027
1932-09-22;-0.00186155;-0.00182511
1932-09-23;0.00102400;0.00106044
1932-09-26;-0.00262453;-0.00251521
1932-09-27;0.00067413;0.00071057
1932-09-28;0.00171346;0.00174989
1932-09-29;-0.00189705;-0.00186061
1932-09-30;-0.00016554;-0.00012910
1932-10-03;0.00013161;0.00024093
1932-10-04;0.00006686;0.00010330
1932-10-05;0.00453391;0.00457035
1932-10-06;-0.00030121;-0.00026478
1932-10-07;0.00305096;0.00308740
1932-10-10;0.00472302;0.00483233
1932-10-11;-0.00396562;-0.00392919
1932-10-13;0.00168505;0.00175792
1932-10-14;-0.00381705;-0.00378062
1932-10-17;0.00100335;0.00111266
1932-10-18;-0.00102917;-0.00099274
1932-10-19;-0.00209670;-0.00206026
1932-10-20;0.00126913;0.00130557
1932-10-21;0.00313541;0.00317185
1932-10-24;-0.00008644;0.00002288
1932-10-25;0.00056521;0.00060165
1932-10-26;-0.00106565;-0.00102921
1932-10-27;-0.00048353;-0.00044709
1932-10-28;-0.00111616;-0.00107973
1932-10-31;0.00100866;0.00111797
1932-11-01;0.00144785;0.00148429
1932-11-02;0.00178920;0.00182564
1932-11-03;0.00030784;0.00034428
1932-11-04;-0.00311528;-0.00307884
1932-11-07;-0.00264422;-0.00253491
1932-11-09;0.00222622;0.00229910
1932-11-10;-0.00379201;-0.00375557
1932-11-11;-0.00162876;-0.00159232
1932-11-14;0.00163712;0.00174644
1932-11-15;-0.00000162;0.00003482
1932-11-16;0.00155983;0.00159626
1932-11-17;0.00034867;0.00038511
1932-11-18;0.00013948;0.00017592
1932-11-21;-0.00050007;-0.00039075
1932-11-22;0.00020856;0.00024499
1932-11-23;0.00224960;0.00228604
1932-11-25;0.00051223;0.00058510
1932-11-28;-0.00015365;-0.00004433
1932-11-29;0.00014674;0.00018318
1932-11-30;0.00170123;0.00173767
1932-12-01;-0.00431146;-0.00427502
1932-12-02;0.00604902;0.00608546
1932-12-05;-0.00171050;-0.00160119
1932-12-06;-0.00791223;-0.00787579
1932-12-07;-0.00046123;-0.00042479
1932-12-08;-0.00000502;0.00003142
1932-12-09;-0.00432639;-0.00428995
1932-12-12;0.00020627;0.00031558
1932-12-13;0.00176818;0.00180461
1932-12-14;-0.00291945;-0.00288301
1932-12-15;0.00153563;0.00157207
1932-12-16;0.00110637;0.00114281
1932-12-19;0.00065653;0.00076584
1932-12-20;0.00336743;0.00340387
1932-12-21;0.00045453;0.00049097
1932-12-22;0.00529534;0.00533178
1932-12-23;-0.00000502;0.00003142
1932-12-27;-0.00097417;-0.00082841
1932-12-28;0.00023205;0.00026849
1932-12-29;-0.00356653;-0.00353010
1932-12-30;-0.00395907;-0.00392263
1933-01-03;0.00080221;0.00094797
1933-01-04;-0.00292067;-0.00288423
1933-01-05;0.00025938;0.00029582
1933-01-06;-0.00096442;-0.00092799
1933-01-09;0.00085563;0.00096495
1933-01-10;-0.00183678;-0.00180034
1933-01-11;0.00016775;0.00020418
1933-01-12;0.00076393;0.00080037
1933-01-13;-0.00017432;-0.00013788
1933-01-16;0.00162658;0.00173589
1933-01-17;-0.00017847;-0.00014203
1933-01-18;0.00114184;0.00117828
1933-01-19;-0.00027090;-0.00023446
1933-01-20;-0.00071598;-0.00067955
1933-01-23;0.00025872;0.00036804
1933-01-24;0.00044107;0.00047751
1933-01-25;-0.00107298;-0.00103654
1933-01-26;0.00043670;0.00047314
1933-01-27;0.00008637;0.00012280
1933-01-30;0.00052494;0.00063425
1933-01-31;0.00035309;0.00038953
1933-02-01;0.00337042;0.00340686
1933-02-02;0.00155711;0.00159355
1933-02-03;0.00026196;0.00029840
1933-02-06;0.00065555;0.00076486
1933-02-07;-0.00080559;-0.00076915
1933-02-08;-0.00106337;-0.00102694
1933-02-09;-0.00183639;-0.00179995
1933-02-10;0.00127982;0.00131626
1933-02-14;0.00441520;0.00456095
1933-02-15;0.00054598;0.00058242
1933-02-16;0.00206817;0.00210461
1933-02-17;-0.00141719;-0.00138076
1933-02-20;0.00319260;0.00330192
1933-02-21;0.00057525;0.00061168
1933-02-23;0.00406777;0.00414064
1933-02-24;-0.00336102;-0.00332458
1933-02-27;0.00542901;0.00553833
1933-02-28;-0.00205584;-0.00201940
1933-03-01;-0.00538590;-0.00534946
1933-03-02;0.00574515;0.00578159
1933-03-03;-0.00931290;-0.00927646
1933-03-15;-0.04606060;-0.04562334
1933-03-16;-0.00488416;-0.00484772
1933-03-17;0.01196830;0.01200474
1933-03-20;0.00539835;0.00550766
1933-03-21;0.01276063;0.01279707
1933-03-22;0.00356110;0.00359754
1933-03-23;-0.00588590;-0.00584946
1933-03-24;-0.00000887;0.00002757
1933-03-27;0.00705621;0.00716553
1933-03-28;-0.00546054;-0.00542411
1933-03-29;0.00622852;0.00626495
1933-03-30;0.00090274;0.00093918
1933-03-31;0.00913162;0.00916806
1933-04-03;-0.00071508;-0.00060577
1933-04-04;-0.00104624;-0.00100981
1933-04-05;-0.00173058;-0.00169414
1933-04-06;-0.00342567;-0.00338923
1933-04-07;-0.00236036;-0.00232392
1933-04-10;-0.01398108;-0.01387176
1933-04-11;0.00092669;0.00096312
1933-04-12;0.00311851;0.00315494
1933-04-13;-0.00825835;-0.00822191
1933-04-17;0.00424400;0.00438976
1933-04-18;-0.00405661;-0.00402017
1933-04-19;-0.01466881;-0.01463237
1933-04-20;-0.01938168;-0.01934525
1933-04-21;0.00987927;0.00991571
1933-04-24;-0.01287123;-0.01276192
1933-04-25;0.00488013;0.00491657
1933-04-26;-0.00132413;-0.00128769
1933-04-27;0.00182626;0.00186270
1933-04-28;-0.00347055;-0.00343411
1933-05-01;0.01318141;0.01329073
1933-05-02;0.00059656;0.00063300
1933-05-03;-0.00103897;-0.00100253
1933-05-04;0.00491106;0.00494750
1933-05-05;0.00177904;0.00181547
1933-05-08;-0.00795950;-0.00785018
1933-05-09;0.00122452;0.00126095
1933-05-10;0.00861823;0.00865466
1933-05-11;0.00487777;0.00491420
1933-05-12;-0.00077988;-0.00074344
1933-05-15;-0.00674922;-0.00663990
1933-05-16;0.00336478;0.00340122
1933-05-17;0.00173842;0.00177486
1933-05-18;-0.00098416;-0.00094772
1933-05-19;-0.00137818;-0.00134174
1933-05-22;-0.00357941;-0.00347010
1933-05-23;0.00637917;0.00641561
1933-05-24;0.00364461;0.00368105
1933-05-25;-0.00133953;-0.00130309
1933-05-26;0.00492780;0.00496424
1933-05-29;0.00808266;0.00819197
1933-05-31;-0.00250916;-0.00243628
1933-06-01;0.00172952;0.00176596
1933-06-02;0.00672642;0.00676286
1933-06-05;-0.00105063;-0.00094131
1933-06-06;-0.00051945;-0.00048301
1933-06-07;0.00300198;0.00303842
1933-06-08;0.00146556;0.00150200
1933-06-09;0.00161598;0.00165242
1933-06-12;0.00771318;0.00782249
1933-06-13;-0.00496693;-0.00493049
1933-06-14;-0.00161114;-0.00157470
1933-06-15;-0.01176108;-0.01172464
1933-06-16;0.00119281;0.00122924
1933-06-19;0.01488415;0.01499346
1933-06-20;-0.00254096;-0.00250452
1933-06-21;0.00094295;0.00097939
1933-06-22;-0.00574873;-0.00571229
1933-06-23;0.00558565;0.00562209
1933-06-26;0.00489140;0.00500072
1933-06-27;0.00168676;0.00172320
1933-06-28;-0.00216523;-0.00212879
1933-06-29;-0.00157145;-0.00153501
1933-06-30;0.00264641;0.00268285
1933-07-03;0.01251477;0.01262409
1933-07-05;-0.00120465;-0.00113177
1933-07-06;0.00499892;0.00503536
1933-07-07;0.00177350;0.00180994
1933-07-10;-0.00167654;-0.00156723
1933-07-11;-0.00246428;-0.00242784
1933-07-12;0.00262005;0.00265649
1933-07-13;0.00209608;0.00213251
1933-07-14;-0.00243577;-0.00239933
1933-07-17;0.00254831;0.00265762
1933-07-18;0.00303680;0.00307323
1933-07-19;-0.00952384;-0.00948741
1933-07-20;-0.01717859;-0.01714215
1933-07-21;-0.01683958;-0.01680315
1933-07-24;0.01696024;0.01706956
1933-07-25;-0.00333295;-0.00329651
1933-07-26;0.00503540;0.00507184
1933-07-27;0.00162198;0.00165842
1933-07-28;-0.00454367;-0.00450723
1933-07-31;-0.00896425;-0.00885494
1933-08-01;0.00182300;0.00185944
1933-08-02;0.00141430;0.00145073
1933-08-03;-0.00075829;-0.00072185
1933-08-04;-0.00135338;-0.00131694
1933-08-07;-0.00049826;-0.00038895
1933-08-08;0.00204629;0.00208273
1933-08-09;0.00244629;0.00248273
1933-08-10;-0.00101667;-0.00098023
1933-08-11;-0.00023468;-0.00019824
1933-08-14;-0.00076392;-0.00065460
1933-08-15;0.00010965;0.00014608
1933-08-16;-0.00162743;-0.00159099
1933-08-17;0.00332476;0.00336120
1933-08-18;-0.00102136;-0.00098492
1933-08-21;0.00095582;0.00106513
1933-08-22;0.00095313;0.00098957
1933-08-23;-0.00078424;-0.00074780
1933-08-24;0.00055647;0.00059291
1933-08-25;0.00222430;0.00226074
1933-08-28;-0.00012668;-0.00001736
1933-08-29;-0.00032967;-0.00029324
1933-08-30;-0.00054810;-0.00051166
1933-08-31;-0.00007086;-0.00003442
1933-09-01;0.00233771;0.00237415
1933-09-05;-0.00656329;-0.00641753
1933-09-06;0.00015267;0.00018911
1933-09-07;-0.00260114;-0.00256471
1933-09-08;-0.00071766;-0.00068122
1933-09-11;0.00817425;0.00828356
1933-09-12;-0.00119401;-0.00115757
1933-09-13;0.00082458;0.00086102
1933-09-14;0.00031656;0.00035300
1933-09-15;-0.00522058;-0.00518414
1933-09-18;0.00304767;0.00315698
1933-09-19;0.00065943;0.00069587
1933-09-20;-0.00593954;-0.00590311
1933-09-21;-0.01154843;-0.01151199
1933-09-22;0.00426240;0.00429884
1933-09-25;-0.00187878;-0.00176947
1933-09-26;-0.00167372;-0.00163728
1933-09-27;-0.00780783;-0.00777139
1933-09-28;0.00268947;0.00272591
1933-09-29;-0.00137470;-0.00133826
1933-10-02;0.00070236;0.00081168
1933-10-03;-0.00036039;-0.00032395
1933-10-04;-0.00442068;-0.00438424
1933-10-05;0.00086842;0.00090486
1933-10-06;0.00074391;0.00078034
1933-10-09;-0.00185805;-0.00174873
1933-10-10;0.00059878;0.00063522
1933-10-11;-0.00006957;-0.00003314
1933-10-13;0.00262023;0.00269311
1933-10-16;0.00447103;0.00458034
1933-10-17;-0.00224696;-0.00221052
1933-10-18;0.00318624;0.00322268
1933-10-19;0.00349287;0.00352931
1933-10-20;-0.00200319;-0.00196676
1933-10-23;-0.00125112;-0.00114181
1933-10-24;-0.00275265;-0.00271622
1933-10-25;-0.00183893;-0.00180250
1933-10-26;0.00135746;0.00139390
1933-10-27;-0.00073223;-0.00069579
1933-10-30;0.00360521;0.00371453
1933-10-31;0.00060712;0.00064356
1933-11-01;-0.00135450;-0.00131806
1933-11-02;-0.00083264;-0.00079621
1933-11-03;-0.00263031;-0.00259387
1933-11-06;0.00070702;0.00081633
1933-11-08;-0.00280914;-0.00273627
1933-11-09;-0.00054325;-0.00050682
1933-11-10;0.00114827;0.00118471
1933-11-13;-0.00070835;-0.00059904
1933-11-14;0.00092376;0.00096020
1933-11-15;0.00085709;0.00089353
1933-11-16;-0.00355902;-0.00352258
1933-11-17;0.00082796;0.00086439
1933-11-20;-0.00237340;-0.00226409
1933-11-21;0.00095975;0.00099619
1933-11-22;0.00037240;0.00040884
1933-11-23;0.00135368;0.00139012
1933-11-24;-0.00107641;-0.00103997
1933-11-27;0.00241320;0.00252252
1933-11-28;-0.00008057;-0.00004413
1933-11-29;-0.00141931;-0.00138287
1933-12-01;0.00021514;0.00028801
1933-12-04;-0.00010076;0.00000855
1933-12-05;0.00229844;0.00233488
1933-12-06;-0.00053032;-0.00049389
1933-12-07;0.00051796;0.00055440
1933-12-08;-0.00075418;-0.00071775
1933-12-11;0.00155857;0.00166788
1933-12-12;-0.00015563;-0.00011920
1933-12-13;-0.00074766;-0.00071122
1933-12-14;0.00029079;0.00032722
1933-12-15;-0.00119840;-0.00116196
1933-12-18;-0.00229145;-0.00218214
1933-12-19;-0.00016379;-0.00012736
1933-12-20;-0.00141313;-0.00137669
1933-12-21;-0.00016705;-0.00013061
1933-12-22;0.00246267;0.00249911
1933-12-26;-0.00219334;-0.00204759
1933-12-27;0.00102485;0.00106129
1933-12-28;0.00218680;0.00222324
1933-12-29;-0.00017361;-0.00013717
1934-01-02;0.00334988;0.00349563
1934-01-03;-0.00343108;-0.00339464
1934-01-04;-0.00076575;-0.00072931
1934-01-05;-0.00324192;-0.00320548
1934-01-08;-0.00133077;-0.00122146
1934-01-09;0.00274572;0.00278216
1934-01-10;0.00670120;0.00673764
1934-01-11;0.00118677;0.00122321
1934-01-12;-0.00292170;-0.00288526
1934-01-15;0.01384199;0.01395131
1934-01-16;0.00112979;0.00116622
1934-01-17;-0.00071591;-0.00067948
1934-01-18;-0.00071786;-0.00068142
1934-01-19;0.00691426;0.00695069
1934-01-22;-0.00052738;-0.00041807
1934-01-23;0.00312977;0.00316621
1934-01-24;0.00153199;0.00156843
1934-01-25;-0.00002580;0.00001063
1934-01-26;-0.00223722;-0.00220078
1934-01-29;0.00371611;0.00382543
1934-01-30;0.00305081;0.00308725
1934-01-31;-0.00350584;-0.00346940
1934-02-01;0.00879622;0.00883266
1934-02-02;-0.00033254;-0.00029610
1934-02-05;0.01058857;0.01069788
1934-02-06;0.00025235;0.00028879
1934-02-07;-0.01068435;-0.01064791
1934-02-08;0.00144981;0.00148625
1934-02-09;-0.00950161;-0.00946517
1934-02-13;0.00107432;0.00122008
1934-02-14;0.00208665;0.00212309
1934-02-15;0.00659317;0.00662961
1934-02-16;0.00085096;0.00088740
1934-02-19;-0.00541321;-0.00530389
1934-02-20;0.00116213;0.00119856
1934-02-21;0.00085952;0.00089596
1934-02-23;-0.00900003;-0.00892716
1934-02-26;-0.01355540;-0.01344609
1934-02-27;0.00378299;0.00381943
1934-02-28;-0.00162652;-0.00159008
1934-03-01;-0.00044924;-0.00041281
1934-03-02;0.00382491;0.00386135
1934-03-05;-0.00067401;-0.00056470
1934-03-06;-0.00140005;-0.00136361
1934-03-07;-0.00303698;-0.00300054
1934-03-08;0.00220520;0.00224164
1934-03-09;-0.00077410;-0.00073766
1934-03-12;0.00248227;0.00259158
1934-03-13;-0.00001233;0.00002411
1934-03-14;0.00009490;0.00013134
1934-03-15;-0.00194080;-0.00190436
1934-03-16;0.00031444;0.00035088
1934-03-19;-0.00405602;-0.00394670
1934-03-20;0.00234950;0.00238594
1934-03-21;-0.00232764;-0.00229120
1934-03-22;0.00212456;0.00216100
1934-03-23;-0.00122739;-0.00119095
1934-03-26;0.00197205;0.00208136
1934-03-27;-0.00319473;-0.00315829
1934-03-28;0.00032604;0.00036248
1934-03-29;0.00189947;0.00193591
1934-04-02;0.00147453;0.00162029
1934-04-03;0.00084685;0.00088329
1934-04-04;0.00030762;0.00034405
1934-04-05;0.00030673;0.00034317
1934-04-06;0.00051784;0.00055428
1934-04-09;-0.00088044;-0.00077113
1934-04-10;0.00168845;0.00172488
1934-04-11;-0.00011687;-0.00008043
1934-04-12;-0.00032664;-0.00029020
1934-04-13;-0.00043262;-0.00039618
1934-04-16;-0.00183002;-0.00172071
1934-04-17;0.00116678;0.00120322
1934-04-18;0.00147314;0.00150958
1934-04-19;0.00019736;0.00023380
1934-04-20;0.00113797;0.00117441
1934-04-23;-0.00076103;-0.00065172
1934-04-24;-0.00094972;-0.00091328
1934-04-25;-0.00064230;-0.00060586
1934-04-26;-0.00159620;-0.00155977
1934-04-27;0.00009495;0.00013139
1934-04-30;-0.00369251;-0.00358319
1934-05-01;-0.00000411;0.00003233
1934-05-02;0.00256968;0.00260612
1934-05-03;-0.00050440;-0.00046796
1934-05-04;-0.00037787;-0.00034143
1934-05-07;0.00632310;0.00643242
1934-05-08;-0.00314048;-0.00310404
1934-05-09;0.00216444;0.00220087
1934-05-10;0.00298029;0.00301672
1934-05-11;0.00132438;0.00136082
1934-05-14;0.00133007;0.00143939
1934-05-15;-0.00244600;-0.00240956
1934-05-16;0.00092776;0.00096420
1934-05-17;-0.00040641;-0.00036997
1934-05-18;-0.00347979;-0.00344335
1934-05-21;-0.00027263;-0.00016332
1934-05-22;0.00285342;0.00288986
1934-05-23;0.00119153;0.00122797
1934-05-24;-0.00040641;-0.00036997
1934-05-25;-0.00147459;-0.00143815
1934-05-28;-0.00173046;-0.00162115
1934-05-29;0.00051756;0.00055399
1934-05-31;0.00234855;0.00242143
1934-06-01;0.00316118;0.00319762
1934-06-04;-0.00156374;-0.00145442
1934-06-05;-0.00320968;-0.00317325
1934-06-06;-0.00027638;-0.00023994
1934-06-07;0.00040313;0.00043957
1934-06-08;-0.00626988;-0.00623344
1934-06-11;0.00102767;0.00113699
1934-06-12;-0.00144612;-0.00140968
1934-06-13;-0.00000424;0.00003220
1934-06-14;0.00194075;0.00197719
1934-06-15;-0.00237307;-0.00233663
1934-06-18;-0.00182272;-0.00171341
1934-06-19;0.00229149;0.00232793
1934-06-20;0.00142349;0.00145993
1934-06-21;0.00130786;0.00134430
1934-06-22;0.00291130;0.00294774
1934-06-25;0.00039382;0.00050313
1934-06-26;-0.00313062;-0.00309418
1934-06-27;0.00039413;0.00043057
1934-06-28;-0.00067020;-0.00063376
1934-06-29;0.00224849;0.00228493
1934-07-02;0.00157680;0.00168612
1934-07-03;0.00039808;0.00043452
1934-07-05;-0.00216029;-0.00208742
1934-07-06;-0.00119492;-0.00115848
1934-07-09;0.00038082;0.00049014
1934-07-10;-0.00079318;-0.00075674
1934-07-11;-0.00065771;-0.00062127
1934-07-12;0.00103628;0.00107271
1934-07-13;-0.00026637;-0.00022994
1934-07-16;0.00273516;0.00284448
1934-07-17;0.00053051;0.00056694
1934-07-18;-0.00215168;-0.00211525
1934-07-19;0.00131621;0.00135265
1934-07-20;0.00359745;0.00363389
1934-07-23;0.00520097;0.00531028
1934-07-24;0.00142515;0.00146159
1934-07-25;-0.00116034;-0.00112390
1934-07-26;0.01016636;0.01020280
1934-07-27;-0.00373407;-0.00369763
1934-07-30;-0.00107002;-0.00096071
1934-07-31;-0.00016821;-0.00013177
1934-08-01;-0.00971118;-0.00967474
1934-08-02;-0.00210078;-0.00206434
1934-08-03;0.00379758;0.00383402
1934-08-06;0.00662802;0.00673733
1934-08-07;0.00070613;0.00074257
1934-08-08;-0.00503445;-0.00499801
1934-08-09;-0.01060598;-0.01056954
1934-08-10;0.00682188;0.00685832
1934-08-13;-0.00841185;-0.00830254
1934-08-14;0.00237073;0.00240717
1934-08-15;0.00204632;0.00208276
1934-08-16;-0.00242496;-0.00238852
1934-08-17;0.00170172;0.00173816
1934-08-20;0.00306811;0.00317742
1934-08-21;-0.00765911;-0.00762267
1934-08-22;-0.00713663;-0.00710019
1934-08-23;0.00164891;0.00168535
1934-08-24;-0.00568045;-0.00564402
1934-08-27;0.00422881;0.00433812
1934-08-28;0.00165068;0.00168712
1934-08-29;0.00266131;0.00269775
1934-08-30;0.00335799;0.00339442
1934-08-31;0.00031447;0.00035090
1934-09-04;0.00103482;0.00118058
1934-09-05;-0.00176826;-0.00173182
1934-09-06;0.00219564;0.00223208
1934-09-07;0.00117836;0.00121480
1934-09-10;0.00261881;0.00272813
1934-09-11;-0.00024847;-0.00021203
1934-09-12;-0.00037015;-0.00033371
1934-09-13;0.00036206;0.00039850
1934-09-14;0.00305267;0.00308911
1934-09-17;0.00024145;0.00035077
1934-09-18;-0.00088646;-0.00085003
1934-09-19;-0.00275591;-0.00271947
1934-09-20;-0.00036931;-0.00033287
1934-09-21;-0.00219126;-0.00215482
1934-09-24;0.00058526;0.00069458
1934-09-25;-0.00299770;-0.00296126
1934-09-26;0.00069558;0.00073201
1934-09-27;-0.00105883;-0.00102239
1934-09-28;0.00114069;0.00117713
1934-10-01;0.00892935;0.00903867
1934-10-02;-0.00111615;-0.00107972
1934-10-03;0.00109155;0.00112798
1934-10-04;0.00035814;0.00039458
1934-10-05;-0.00665229;-0.00661585
1934-10-08;0.00286160;0.00297091
1934-10-09;0.00327326;0.00330970
1934-10-10;-0.00885621;-0.00881977
1934-10-11;-0.00431629;-0.00427985
1934-10-15;0.00668685;0.00683261
1934-10-16;-0.00326494;-0.00322850
1934-10-17;-0.00072650;-0.00069006
1934-10-18;0.00141855;0.00145499
1934-10-19;0.00142485;0.00146129
1934-10-22;0.00032911;0.00043843
1934-10-23;0.00107200;0.00110844
1934-10-24;-0.00544065;-0.00540421
1934-10-25;0.00746710;0.00750354
1934-10-26;0.00472737;0.00476381
1934-10-29;0.00144803;0.00155734
1934-10-30;-0.00112499;-0.00108855
1934-10-31;-0.00075828;-0.00072184
1934-11-01;0.00189159;0.00192803
1934-11-02;-0.00479777;-0.00476133
1934-11-05;-0.00713592;-0.00702661
1934-11-07;-0.00793482;-0.00786194
1934-11-08;0.00318252;0.00321896
1934-11-09;-0.00829473;-0.00825829
1934-11-13;0.00310437;0.00325012
1934-11-14;0.00135031;0.00138675
1934-11-15;0.00910796;0.00914440
1934-11-16;-0.00840514;-0.00836871
1934-11-19;0.00361616;0.00372548
1934-11-20;-0.00185778;-0.00182134
1934-11-21;0.00182281;0.00185925
1934-11-22;-0.00185778;-0.00182134
1934-11-23;-0.00598129;-0.00594485
1934-11-26;-0.01135601;-0.01124670
1934-11-27;0.00395321;0.00398965
1934-11-28;-0.00490786;-0.00487143
1934-11-30;-0.00007112;0.00000175
1934-12-03;-0.00205469;-0.00194538
1934-12-04;0.00108087;0.00111730
1934-12-05;0.00122823;0.00126467
1934-12-06;-0.00032379;-0.00028735
1934-12-07;-0.00125134;-0.00121490
1934-12-10;-0.00160430;-0.00149499
1934-12-11;-0.00300712;-0.00297068
1934-12-12;0.00014525;0.00018169
1934-12-13;-0.00081818;-0.00078174
1934-12-14;-0.00033831;-0.00030187
1934-12-17;0.00092426;0.00103358
1934-12-18;-0.00017618;-0.00013974
1934-12-19;-0.00210708;-0.00207064
1934-12-20;-0.00017867;-0.00014224
1934-12-21;0.00031132;0.00034775
1934-12-24;0.00109481;0.00120412
1934-12-26;-0.00083981;-0.00076693
1934-12-27;0.00014720;0.00018364
1934-12-28;0.00550919;0.00554562
1934-12-31;0.00133860;0.00144792
1935-01-02;-0.00018723;-0.00011436
1935-01-03;-0.00035798;-0.00032154
1935-01-04;0.00034649;0.00038292
1935-01-07;-0.00125023;-0.00114091
1935-01-08;0.00191976;0.00195620
1935-01-09;0.00017167;0.00020811
1935-01-10;0.00034909;0.00038553
1935-01-11;0.00336917;0.00340561
1935-01-14;0.00143392;0.00154324
1935-01-15;0.00383420;0.00387064
1935-01-16;-0.00075386;-0.00071743
1935-01-17;-0.00261344;-0.00257701
1935-01-18;-0.00073912;-0.00070268
1935-01-21;-0.00184250;-0.00173319
1935-01-22;0.00143998;0.00147642
1935-01-23;-0.00000537;0.00003106
1935-01-24;0.00035911;0.00039555
1935-01-25;-0.00091856;-0.00088213
1935-01-28;0.00289025;0.00299957
1935-01-29;0.00165830;0.00169474
1935-01-30;-0.00093890;-0.00090246
1935-01-31;-0.00130576;-0.00126932
1935-02-01;0.00096344;0.00099988
1935-02-04;0.00115238;0.00126169
1935-02-05;0.00195625;0.00199269
1935-02-06;0.00158152;0.00161796
1935-02-07;-0.00140704;-0.00137061
1935-02-08;-0.00298496;-0.00294852
1935-02-11;0.00017836;0.00028768
1935-02-13;0.00018423;0.00025711
1935-02-14;-0.00000565;0.00003078
1935-02-15;-0.00098443;-0.00094799
1935-02-18;-0.00546785;-0.00535853
1935-02-19;0.00282692;0.00286336
1935-02-20;0.00287316;0.00290959
1935-02-21;0.00018945;0.00022589
1935-02-25;0.00349317;0.00363892
1935-02-26;0.00178799;0.00182443
1935-02-27;-0.00060968;-0.00057324
1935-02-28;0.00096786;0.00100429
1935-03-01;-0.00320968;-0.00317324
1935-03-04;0.00438944;0.00449876
1935-03-05;0.01597769;0.01601412
1935-03-06;0.00129953;0.00133597
1935-03-07;-0.00728082;-0.00724438
1935-03-08;0.00128568;0.00132212
1935-03-11;0.01431914;0.01442845
1935-03-12;0.01071145;0.01074789
1935-03-13;-0.00206908;-0.00203264
1935-03-14;0.00883808;0.00887451
1935-03-15;-0.01178554;-0.01174911
1935-03-18;0.00604760;0.00615691
1935-03-19;-0.00824283;-0.00820639
1935-03-20;0.00065757;0.00069401
1935-03-21;-0.01151453;-0.01147809
1935-03-22;-0.00863194;-0.00859550
1935-03-25;0.00842943;0.00853874
1935-03-26;0.00462045;0.00465689
1935-03-27;-0.00603145;-0.00599501
1935-03-28;-0.00067893;-0.00064250
1935-03-29;-0.00002153;0.00001491
1935-04-01;-0.00549405;-0.00538473
1935-04-02;0.00237806;0.00241450
1935-04-03;0.00118647;0.00122291
1935-04-04;-0.00544201;-0.00540557
1935-04-05;-0.01254323;-0.01250679
1935-04-08;-0.00004916;0.00006015
1935-04-09;-0.00933237;-0.00929593
1935-04-10;0.00227093;0.00230736
1935-04-11;0.00285560;0.00289204
1935-04-12;-0.00579282;-0.00575638
1935-04-15;-0.01033057;-0.01022125
1935-04-16;0.05093707;0.05097351
1935-04-17;-0.04914769;-0.04911126
1935-04-18;-0.00739240;-0.00735596
1935-04-22;-0.01516707;-0.01502131
1935-04-23;-0.00164619;-0.00160975
1935-04-24;0.00648210;0.00651854
1935-04-25;-0.00659855;-0.00656211
1935-04-26;0.00214978;0.00218621
1935-04-29;0.00049468;0.00060400
1935-04-30;0.00592510;0.00596154
1935-05-01;-0.00051416;-0.00047772
1935-05-02;0.00039584;0.00043227
1935-05-03;0.00150483;0.00154127
1935-05-06;-0.00002947;0.00007985
1935-05-07;-0.00040730;-0.00037086
1935-05-08;0.00268458;0.00272102
1935-05-09;0.00037818;0.00041462
1935-05-10;0.00056978;0.00060622
1935-05-13;0.00045056;0.00055988
1935-05-14;0.00008569;0.00012213
1935-05-15;0.00008560;0.00012203
1935-05-16;-0.00639636;-0.00635992
1935-05-17;0.00878808;0.00882452
1935-05-20;-0.00115161;-0.00104230
1935-05-21;0.00084200;0.00087844
1935-05-22;0.00074052;0.00077696
1935-05-23;0.00008323;0.00011966
1935-05-24;-0.00047460;-0.00043816
1935-05-27;0.00006395;0.00017327
1935-05-28;-0.00168968;-0.00165325
1935-05-29;-0.00153032;-0.00149388
1935-05-31;-0.00108335;-0.00101047
1935-06-03;0.00072208;0.00083139
1935-06-04;0.00204765;0.00208409
1935-06-05;-0.00008851;-0.00005207
1935-06-06;-0.00057008;-0.00053364
1935-06-07;0.00047657;0.00051301
1935-06-10;0.00101924;0.00112856
1935-06-11;0.00078454;0.00082097
1935-06-12;-0.00055788;-0.00052144
1935-06-13;0.00046596;0.00050240
1935-06-14;0.00077748;0.00081392
1935-06-17;-0.00002503;0.00008428
1935-06-18;0.00045854;0.00049498
1935-06-19;-0.00039514;-0.00035871
1935-06-20;-0.00063025;-0.00059381
1935-06-21;0.00179372;0.00183016
1935-06-24;0.00066450;0.00077381
1935-06-25;-0.00114768;-0.00111125
1935-06-26;-0.00093306;-0.00089663
1935-06-27;-0.00039818;-0.00036174
1935-06-28;0.00068408;0.00072052
1935-07-01;0.00087175;0.00098107
1935-07-02;0.00021065;0.00024709
1935-07-03;0.00138986;0.00142630
1935-07-05;0.00276331;0.00283619
1935-07-08;0.00293742;0.00304673
1935-07-09;-0.00117042;-0.00113398
1935-07-10;0.00181513;0.00185157
1935-07-11;-0.00253725;-0.00250081
1935-07-12;0.00228184;0.00231828
1935-07-15;-0.00053353;-0.00042421
1935-07-16;0.00020352;0.00023996
1935-07-17;0.00134717;0.00138361
1935-07-18;-0.00025296;-0.00021652
1935-07-19;-0.00184708;-0.00181064
1935-07-22;0.00428262;0.00439193
1935-07-23;-0.00025084;-0.00021441
1935-07-24;0.00177921;0.00181564
1935-07-25;-0.00248859;-0.00245215
1935-07-26;0.00133182;0.00136826
1935-07-29;0.00554752;0.00565684
1935-07-30;-0.00222410;-0.00218766
1935-07-31;0.00307229;0.00310873
1935-08-01;-0.00130486;-0.00126842
1935-08-02;-0.00290020;-0.00286377
1935-08-05;0.00790855;0.00801787
1935-08-06;-0.00035046;-0.00031402
1935-08-07;-0.00035074;-0.00031430
1935-08-08;0.00121981;0.00125625
1935-08-09;0.00841538;0.00845182
1935-08-12;0.00325202;0.00336133
1935-08-13;0.00208268;0.00211912
1935-08-14;-0.00003686;-0.00000042
1935-08-15;-0.00394953;-0.00391309
1935-08-16;-0.02803846;-0.02800202
1935-08-19;0.02634800;0.02645731
1935-08-20;0.00088583;0.00092227
1935-08-21;0.00303072;0.00306716
1935-08-22;0.00117955;0.00121599
1935-08-23;-0.00094601;-0.00090957
1935-08-26;-0.00314895;-0.00303964
1935-08-27;-0.01045751;-0.01042108
1935-08-28;-0.00066858;-0.00063214
1935-08-29;0.00217816;0.00221459
1935-08-30;0.00216360;0.00220004
1935-09-03;-0.00111146;-0.00096570
1935-09-04;0.00477721;0.00481365
1935-09-05;0.00344659;0.00348303
1935-09-06;0.00560923;0.00564567
1935-09-09;0.00328434;0.00339366
1935-09-10;0.00302209;0.00305853
1935-09-11;0.00178267;0.00181911
1935-09-12;-0.00426405;-0.00422761
1935-09-13;0.00057317;0.00060961
1935-09-16;-0.00499244;-0.00488313
1935-09-17;0.00243536;0.00247180
1935-09-18;0.00303254;0.00306897
1935-09-19;-0.00734412;-0.00730769
1935-09-20;-0.00998148;-0.00994504
1935-09-23;0.00436074;0.00447005
1935-09-24;0.00438131;0.00441775
1935-09-25;0.00152133;0.00155777
1935-09-26;-0.00003776;-0.00000132
1935-09-27;-0.00096918;-0.00093274
1935-09-30;0.00081981;0.00092913
1935-10-01;-0.00336098;-0.00332454
1935-10-02;-0.01163047;-0.01159403
1935-10-03;0.00501193;0.00504837
1935-10-04;0.00307384;0.00311027
1935-10-07;0.00513119;0.00524051
1935-10-08;-0.00246695;-0.00243051
1935-10-09;0.00179863;0.00183507
1935-10-10;0.00696221;0.00699865
1935-10-11;0.00026159;0.00029803
1935-10-14;0.00376487;0.00387419
1935-10-15;0.00232185;0.00235829
1935-10-16;-0.00706523;-0.00702879
1935-10-17;0.00384830;0.00388474
1935-10-18;-0.00121904;-0.00118260
1935-10-21;0.01115950;0.01126882
1935-10-22;0.00168721;0.00172365
1935-10-23;0.00225061;0.00228705
1935-10-24;-0.00060488;-0.00056844
1935-10-25;0.00337757;0.00341401
1935-10-28;0.00073508;0.00084440
1935-10-29;-0.00031785;-0.00028142
1935-10-30;-0.00256870;-0.00253226
1935-10-31;0.00279581;0.00283225
1935-11-01;0.00399742;0.00403385
1935-11-04;0.00016019;0.00026951
1935-11-06;0.00630000;0.00637288
1935-11-07;-0.00133753;-0.00130109
1935-11-08;0.00284127;0.00287770
1935-11-12;-0.00299252;-0.00284677
1935-11-13;0.00388724;0.00392367
1935-11-14;0.00616803;0.00620447
1935-11-15;0.00123368;0.00127012
1935-11-18;0.00065298;0.00076229
1935-11-19;0.00450513;0.00454157
1935-11-20;-0.00426585;-0.00422941
1935-11-21;0.00324147;0.00327791
1935-11-22;-0.00702413;-0.00698769
1935-11-25;0.00091425;0.00102357
1935-11-26;-0.00486403;-0.00482759
1935-11-27;0.00254354;0.00257998
1935-11-29;-0.00392247;-0.00384960
1935-12-02;-0.00765652;-0.00754720
1935-12-03;0.01396028;0.01399672
1935-12-04;0.00423311;0.00426955
1935-12-05;-0.00121293;-0.00117649
1935-12-06;-0.00121557;-0.00117913
1935-12-09;0.00643897;0.00654829
1935-12-10;-0.00886858;-0.00883215
1935-12-11;0.00189641;0.00193285
1935-12-12;-0.00704678;-0.00701034
1935-12-13;-0.00478046;-0.00474402
1935-12-16;0.01932116;0.01943048
1935-12-17;-0.01652145;-0.01648501
1935-12-18;-0.00163653;-0.00160009
1935-12-19;-0.00243539;-0.00239895
1935-12-20;0.00313708;0.00317352
1935-12-23;0.00301013;0.00311945
1935-12-24;0.00506723;0.00510367
1935-12-26;0.00106285;0.00113573
1935-12-27;-0.00044267;-0.00040623
1935-12-30;0.00723791;0.00734723
1935-12-31;0.00493503;0.00497147
1936-01-02;-0.00120690;-0.00113403
1936-01-03;0.00547680;0.00551324
1936-01-06;-0.00525840;-0.00514909
1936-01-07;0.00768248;0.00771891
1936-01-08;0.00284915;0.00288558
1936-01-09;-0.00113334;-0.00109690
1936-01-10;0.00392242;0.00395886
1936-01-13;-0.00230594;-0.00219662
1936-01-14;0.00282800;0.00286444
1936-01-15;-0.00327285;-0.00323641
1936-01-16;0.00210962;0.00214606
1936-01-17;-0.00076917;-0.00073273
1936-01-20;-0.00841691;-0.00830760
1936-01-21;-0.00187834;-0.00184190
1936-01-22;0.01058130;0.01061774
1936-01-23;0.00533215;0.00536859
1936-01-24;-0.00218219;-0.00214575
1936-01-27;0.00483692;0.00494623
1936-01-28;0.00065424;0.00069068
1936-01-29;0.00488355;0.00491999
1936-01-30;-0.00249510;-0.00245866
1936-01-31;0.00801450;0.00805094
1936-02-03;0.00449863;0.00460794
1936-02-04;-0.00076431;-0.00072787
1936-02-05;-0.00183250;-0.00179607
1936-02-06;0.00066012;0.00069656
1936-02-07;-0.00254917;-0.00251273
1936-02-10;0.00377894;0.00388825
1936-02-11;0.00705595;0.00709239
1936-02-13;0.00304801;0.00312089
1936-02-14;-0.00214474;-0.00210830
1936-02-17;-0.00296077;-0.00285146
1936-02-18;0.00557548;0.00561192
1936-02-19;-0.00353395;-0.00349751
1936-02-20;0.00800514;0.00804158
1936-02-21;-0.00143371;-0.00139727
1936-02-24;-0.00500409;-0.00489477
1936-02-25;-0.00948215;-0.00944571
1936-02-26;-0.00254398;-0.00250754
1936-02-27;0.01210018;0.01213662
1936-02-28;-0.00319981;-0.00316337
1936-03-02;0.00627689;0.00638620
1936-03-03;0.00781939;0.00785583
1936-03-04;0.00142131;0.00145775
1936-03-05;0.00067962;0.00071605
1936-03-06;0.00215218;0.00218862
1936-03-09;-0.02182284;-0.02171352
1936-03-10;0.00834239;0.00837883
1936-03-11;0.00558395;0.00562039
1936-03-12;-0.01569673;-0.01566029
1936-03-13;-0.00848771;-0.00845127
1936-03-16;0.01266530;0.01277461
1936-03-17;0.01325130;0.01328774
1936-03-18;-0.00228623;-0.00224979
1936-03-19;0.00739883;0.00743527
1936-03-20;-0.00079393;-0.00075749
1936-03-23;0.00019397;0.00030329
1936-03-24;-0.00300327;-0.00296683
1936-03-25;0.00475328;0.00478972
1936-03-26;-0.00189275;-0.00185631
1936-03-27;-0.00852539;-0.00848895
1936-03-30;-0.00054827;-0.00043895
1936-03-31;0.00405456;0.00409100
1936-04-01;0.00939544;0.00943187
1936-04-02;0.00510201;0.00513845
1936-04-03;-0.00243778;-0.00240134
1936-04-06;0.00804328;0.00815259
1936-04-07;-0.00274835;-0.00271191
1936-04-08;0.00028364;0.00032008
1936-04-09;-0.00174590;-0.00170946
1936-04-13;0.00079877;0.00094453
1936-04-14;-0.01055324;-0.01051680
1936-04-15;0.00512931;0.00516575
1936-04-16;-0.00245027;-0.00241383
1936-04-17;-0.00314888;-0.00311244
1936-04-20;-0.01676453;-0.01665522
1936-04-21;-0.00076918;-0.00073274
1936-04-22;0.00888720;0.00892364
1936-04-23;-0.01587943;-0.01584299
1936-04-24;0.00139579;0.00143223
1936-04-27;-0.01752326;-0.01741395
1936-04-28;-0.00080295;-0.00076651
1936-04-29;-0.01541400;-0.01537756
1936-04-30;0.00915652;0.00919296
1936-05-01;-0.00104229;-0.00100585
1936-05-04;0.00050137;0.00061069
1936-05-05;-0.00207248;-0.00203605
1936-05-06;-0.00163530;-0.00159887
1936-05-07;0.00261544;0.00265188
1936-05-08;0.00020072;0.00023716
1936-05-11;0.00039746;0.00050677
1936-05-12;-0.00000458;0.00003186
1936-05-13;-0.00113865;-0.00110221
1936-05-14;-0.00327770;-0.00324126
1936-05-15;-0.00000458;0.00003186
1936-05-18;0.00098620;0.00109552
1936-05-19;0.00341919;0.00345563
1936-05-20;-0.00144898;-0.00141254
1936-05-21;0.00050611;0.00054255
1936-05-22;-0.00154216;-0.00150572
1936-05-25;-0.00163636;-0.00152705
1936-05-26;-0.00201008;-0.00197365
1936-05-27;0.00029208;0.00032852
1936-05-28;0.00118454;0.00122097
1936-05-29;-0.00102592;-0.00098948
1936-06-01;-0.00014162;-0.00003230
1936-06-02;-0.00001472;0.00002171
1936-06-03;-0.00050228;-0.00046585
1936-06-04;-0.00206962;-0.00203318
1936-06-05;-0.00011403;-0.00007759
1936-06-08;0.00214211;0.00225143
1936-06-09;0.00135520;0.00139164
1936-06-10;0.00066362;0.00070006
1936-06-11;0.00201051;0.00204695
1936-06-12;-0.00163087;-0.00159443
1936-06-15;0.00139846;0.00150777
1936-06-16;0.00169881;0.00173525
1936-06-17;-0.00067306;-0.00063662
1936-06-18;0.00064672;0.00068315
1936-06-19;-0.00086116;-0.00082472
1936-06-22;0.00222668;0.00233600
1936-06-23;-0.00066651;-0.00063007
1936-06-24;0.00148202;0.00151846
1936-06-25;-0.00149567;-0.00145923
1936-06-26;-0.00048246;-0.00044602
1936-06-29;-0.00060733;-0.00049801
1936-06-30;-0.00048777;-0.00045133
1936-07-01;0.00064656;0.00068300
1936-07-02;-0.00023760;-0.00020116
1936-07-03;0.00152745;0.00156389
1936-07-06;-0.00092613;-0.00081681
1936-07-07;-0.00144581;-0.00140937
1936-07-08;0.00086962;0.00090605
1936-07-09;0.00196745;0.00200389
1936-07-10;0.00303317;0.00306961
1936-07-13;0.00101787;0.00112719
1936-07-14;0.00189551;0.00193195
1936-07-15;0.00008781;0.00012425
1936-07-16;-0.00012220;-0.00008576
1936-07-17;0.00029789;0.00033433
1936-07-20;0.00173057;0.00183988
1936-07-21;0.00101990;0.00105634
1936-07-22;-0.00104784;-0.00101140
1936-07-23;0.00060505;0.00064149
1936-07-24;-0.00063715;-0.00060071
1936-07-27;0.00326712;0.00337643
1936-07-28;-0.00032220;-0.00028576
1936-07-29;-0.00164677;-0.00161034
1936-07-30;0.00059998;0.00063642
1936-07-31;-0.00179911;-0.00176268
1936-08-03;0.00233568;0.00244499
1936-08-04;-0.00176256;-0.00172612
1936-08-05;-0.00431114;-0.00427470
1936-08-06;0.00419680;0.00423323
1936-08-07;0.00883448;0.00887092
1936-08-10;0.00481032;0.00491964
1936-08-11;-0.00505559;-0.00501915
1936-08-12;0.00327750;0.00331394
1936-08-13;-0.00340215;-0.00336572
1936-08-14;-0.00885941;-0.00882298
1936-08-17;-0.00318021;-0.00307090
1936-08-18;0.00035532;0.00039175
1936-08-19;0.00376034;0.00379678
1936-08-20;-0.00387988;-0.00384345
1936-08-21;-0.02092803;-0.02089159
1936-08-24;0.01428426;0.01439358
1936-08-25;0.00078941;0.00082585
1936-08-26;-0.00522419;-0.00518775
1936-08-27;0.01464386;0.01468030
1936-08-28;0.00119994;0.00123638
1936-08-31;0.00274522;0.00285453
1936-09-01;-0.00168801;-0.00165157
1936-09-02;0.00236822;0.00240466
1936-09-03;-0.00249500;-0.00245857
1936-09-04;0.00277425;0.00281069
1936-09-08;0.01064308;0.01078883
1936-09-09;-0.00483862;-0.00480218
1936-09-10;-0.00046846;-0.00043202
1936-09-11;-0.00207172;-0.00203528
1936-09-14;-0.00623382;-0.00612451
1936-09-15;-0.00128528;-0.00124884
1936-09-16;-0.03787613;-0.03783969
1936-09-17;0.03749386;0.03753030
1936-09-18;0.00646127;0.00649771
1936-09-21;0.00504818;0.00515749
1936-09-22;0.00233656;0.00237300
1936-09-23;-0.00326212;-0.00322568
1936-09-24;0.00113579;0.00117223
1936-09-25;-0.01168262;-0.01164618
1936-09-28;0.00999162;0.01010094
1936-09-29;-0.00287845;-0.00284201
1936-09-30;-0.00210058;-0.00206415
1936-10-01;0.00077400;0.00081044
1936-10-02;0.00841068;0.00844712
1936-10-05;0.00467944;0.00478875
1936-10-06;0.00392469;0.00396113
1936-10-07;0.00100339;0.00103983
1936-10-08;0.00230938;0.00234581
1936-10-09;0.00151587;0.00155231
1936-10-13;0.00215069;0.00229645
1936-10-14;-0.00210988;-0.00207344
1936-10-15;-0.00082357;-0.00078713
1936-10-16;0.00488800;0.00492444
1936-10-19;0.00217332;0.00228263
1936-10-20;-0.00055678;-0.00052035
1936-10-21;0.00174422;0.00178066
1936-10-22;-0.00361160;-0.00357516
1936-10-23;0.00123801;0.00127445
1936-10-26;-0.01140320;-0.01129388
1936-10-27;0.00731246;0.00734890
1936-10-28;0.00021254;0.00024898
1936-10-29;0.00666989;0.00670633
1936-10-30;0.00071663;0.00075307
1936-11-02;-0.00163015;-0.00152083
1936-11-04;0.00641088;0.00648375
1936-11-05;0.00315695;0.00319339
1936-11-06;-0.00322334;-0.00318690
1936-11-09;0.00626885;0.00637817
1936-11-10;-0.00150117;-0.00146474
1936-11-12;-0.00496037;-0.00488749
1936-11-13;-0.00472489;-0.00468846
1936-11-16;0.00384921;0.00395852
1936-11-17;0.00587653;0.00591297
1936-11-18;-0.00320893;-0.00317249
1936-11-19;-0.00519388;-0.00515744
1936-11-20;-0.00426374;-0.00422730
1936-11-23;-0.00615006;-0.00604074
1936-11-24;0.00732624;0.00736268
1936-11-25;-0.00229408;-0.00225764
1936-11-27;0.00619010;0.00626298
1936-11-30;-0.00162128;-0.00151197
1936-12-01;-0.00358835;-0.00355191
1936-12-02;-0.00489278;-0.00485634
1936-12-03;0.00227576;0.00231219
1936-12-04;-0.00081567;-0.00077923
1936-12-07;-0.00270814;-0.00259882
1936-12-08;0.00150554;0.00154198
1936-12-09;0.00201536;0.00205180
1936-12-10;0.00431371;0.00435015
1936-12-11;-0.00207720;-0.00204076
1936-12-14;0.00445416;0.00456347
1936-12-15;-0.00004588;-0.00000944
1936-12-16;-0.00080323;-0.00076679
1936-12-17;-0.00333341;-0.00329697
1936-12-18;-0.00412272;-0.00408628
1936-12-21;-0.00913967;-0.00903035
1936-12-22;0.00546888;0.00550531
1936-12-23;0.00436284;0.00439928
1936-12-24;0.00072436;0.00076080
1936-12-28;-0.00325908;-0.00311332
1936-12-29;0.00176090;0.00179734
1936-12-30;0.00663741;0.00667385
1936-12-31;-0.00233971;-0.00230327
1937-01-04;-0.00946578;-0.00932002
1937-01-05;0.00553542;0.00557185
1937-01-06;0.00030383;0.00034027
1937-01-07;0.01436187;0.01439831
1937-01-08;-0.00006634;-0.00002990
1937-01-11;0.00305627;0.00316559
1937-01-12;0.00029350;0.00032994
1937-01-13;0.00101258;0.00104902
1937-01-14;0.00172881;0.00176525
1937-01-15;0.00279776;0.00283420
1937-01-18;-0.00019903;-0.00008971
1937-01-19;-0.00434313;-0.00430669
1937-01-20;0.00782783;0.00786427
1937-01-21;0.00418647;0.00422291
1937-01-22;-0.00323464;-0.00319820
1937-01-25;-0.00373709;-0.00362778
1937-01-26;-0.00931707;-0.00928063
1937-01-27;0.00498878;0.00502522
1937-01-28;-0.00078278;-0.00074634
1937-01-29;0.00495193;0.00498837
1937-02-01;0.00389909;0.00400840
1937-02-02;0.00438424;0.00442068
1937-02-03;0.00472323;0.00475967
1937-02-04;0.00066244;0.00069888
1937-02-05;-0.01067305;-0.01063661
1937-02-08;0.00759410;0.00770342
1937-02-09;-0.00300767;-0.00297123
1937-02-10;0.00657033;0.00660677
1937-02-11;0.00540885;0.00544529
1937-02-15;-0.00824787;-0.00810211
1937-02-16;0.00176359;0.00180003
1937-02-17;-0.00116654;-0.00113010
1937-02-18;0.00359277;0.00362921
1937-02-19;0.00539382;0.00543026
1937-02-23;-0.01472879;-0.01458303
1937-02-24;0.00362334;0.00365978
1937-02-25;-0.00264041;-0.00260397
1937-02-26;0.00213901;0.00217545
1937-03-01;0.00095292;0.00106223
1937-03-02;0.00970719;0.00974363
1937-03-03;0.00803015;0.00806659
1937-03-04;-0.00656072;-0.00652428
1937-03-05;0.00916777;0.00920421
1937-03-08;-0.00250354;-0.00239422
1937-03-09;-0.00083697;-0.00080053
1937-03-10;0.00488863;0.00492507
1937-03-11;-0.01106827;-0.01103183
1937-03-12;-0.00084444;-0.00080800
1937-03-15;-0.00870390;-0.00859459
1937-03-16;0.00343735;0.00347379
1937-03-17;-0.00473331;-0.00469687
1937-03-18;-0.01492566;-0.01488922
1937-03-19;-0.00047347;-0.00043703
1937-03-22;-0.02019420;-0.02008488
1937-03-23;0.01102342;0.01105986
1937-03-24;0.00842402;0.00846046
1937-03-25;-0.00087403;-0.00083759
1937-03-29;-0.00229873;-0.00215298
1937-03-30;0.01277267;0.01280911
1937-03-31;-0.00129626;-0.00125983
1937-04-01;-0.00244694;-0.00241050
1937-04-02;-0.00259255;-0.00255612
1937-04-05;0.00147309;0.00158241
1937-04-06;-0.00190097;-0.00186453
1937-04-07;-0.00654084;-0.00650440
1937-04-08;0.00095736;0.00099380
1937-04-09;0.00046552;0.00050196
1937-04-12;0.00078551;0.00089482
1937-04-13;0.00215673;0.00219317
1937-04-14;0.00021781;0.00025425
1937-04-15;-0.00085910;-0.00082266
1937-04-16;-0.00086250;-0.00082606
1937-04-19;-0.00042695;-0.00031764
1937-04-20;0.00058235;0.00061879
1937-04-21;0.00274889;0.00278533
1937-04-22;-0.00263685;-0.00260041
1937-04-23;-0.00411502;-0.00407858
1937-04-26;-0.00853976;-0.00843044
1937-04-27;0.00343603;0.00347247
1937-04-28;-0.00556396;-0.00552752
1937-04-29;-0.00002172;0.00001472
1937-04-30;0.00564448;0.00568092
1937-05-03;-0.00040283;-0.00029351
1937-05-04;-0.00251786;-0.00248142
1937-05-05;0.00132689;0.00136333
1937-05-06;-0.00115645;-0.00112001
1937-05-07;0.00056644;0.00060288
1937-05-10;0.00352189;0.00363120
1937-05-11;-0.00010287;-0.00006644
1937-05-12;0.00097202;0.00100846
1937-05-13;0.00530396;0.00534040
1937-05-14;-0.00163244;-0.00159600
1937-05-17;0.00189760;0.00200691
1937-05-18;-0.00265460;-0.00261816
1937-05-19;0.00039584;0.00043228
1937-05-20;-0.00422562;-0.00418918
1937-05-21;-0.00010300;-0.00006656
1937-05-24;-0.00187413;-0.00176481
1937-05-25;0.00202567;0.00206211
1937-05-26;0.00019080;0.00022724
1937-05-27;-0.00029932;-0.00026289
1937-05-28;-0.00002904;0.00000740
1937-06-01;-0.00278778;-0.00264203
1937-06-02;0.00100273;0.00103917
1937-06-03;0.00026030;0.00029674
1937-06-04;0.00163621;0.00167265
1937-06-07;-0.00140772;-0.00129840
1937-06-08;0.00044245;0.00047889
1937-06-09;-0.00129382;-0.00125738
1937-06-10;-0.00093655;-0.00090012
1937-06-11;-0.00196185;-0.00192541
1937-06-14;-0.00502429;-0.00491497
1937-06-15;0.00134523;0.00138167
1937-06-16;-0.00155643;-0.00151999
1937-06-17;0.00202829;0.00206472
1937-06-18;0.00113644;0.00117288
1937-06-21;-0.00157055;-0.00146123
1937-06-22;0.00027323;0.00030967
1937-06-23;0.00123325;0.00126969
1937-06-24;0.00103228;0.00106871
1937-06-25;-0.00096132;-0.00092488
1937-06-28;-0.00385415;-0.00374484
1937-06-29;0.00017992;0.00021636
1937-06-30;0.00249884;0.00253528
1937-07-01;-0.00065860;-0.00062216
1937-07-02;-0.00214370;-0.00210726
1937-07-06;-0.00505873;-0.00491297
1937-07-07;-0.00106709;-0.00103065
1937-07-08;-0.00026828;-0.00023185
1937-07-09;0.00069723;0.00073367
1937-07-12;-0.00195335;-0.00184404
1937-07-13;0.00121321;0.00124965
1937-07-14;0.00017085;0.00020729
1937-07-15;-0.00070731;-0.00067087
1937-07-16;0.00034503;0.00038147
1937-07-19;-0.00281777;-0.00270846
1937-07-20;-0.00172357;-0.00168713
1937-07-21;0.00101459;0.00105103
1937-07-22;-0.00043231;-0.00039587
1937-07-23;-0.00060161;-0.00056517
1937-07-26;-0.00103304;-0.00092372
1937-07-27;0.00016406;0.00020050
1937-07-28;0.00219070;0.00222713
1937-07-29;0.00050985;0.00054629
1937-07-30;-0.00048434;-0.00044790
1937-08-02;0.00861886;0.00872817
1937-08-03;-0.00407368;-0.00403725
1937-08-04;0.00255564;0.00259208
1937-08-05;-0.00322106;-0.00318463
1937-08-06;-0.00179158;-0.00175514
1937-08-09;0.00624878;0.00635809
1937-08-10;-0.00091337;-0.00087693
1937-08-11;-0.00091488;-0.00087845
1937-08-12;0.00254338;0.00257981
1937-08-13;0.00482410;0.00486054
1937-08-16;-0.00299413;-0.00288481
1937-08-17;-0.00290775;-0.00287131
1937-08-18;-0.00464829;-0.00461185
1937-08-19;-0.00730196;-0.00726553
1937-08-20;-0.00505579;-0.00501935
1937-08-23;-0.00104660;-0.00093729
1937-08-24;0.00382188;0.00385831
1937-08-25;-0.00359883;-0.00356239
1937-08-26;-0.00958004;-0.00954360
1937-08-27;-0.00825050;-0.00821406
1937-08-30;0.00725757;0.00736688
1937-08-31;-0.00253753;-0.00250109
1937-09-01;0.00478749;0.00482393
1937-09-02;0.00285779;0.00289423
1937-09-03;-0.00116978;-0.00113334
1937-09-07;0.00888229;0.00902805
1937-09-08;0.00096798;0.00100442
1937-09-09;-0.00453382;-0.00449738
1937-09-10;0.00942355;0.00945999
1937-09-13;-0.00052121;-0.00041189
1937-09-14;-0.00565993;-0.00562349
1937-09-15;0.00084685;0.00088329
1937-09-16;-0.00343239;-0.00339595
1937-09-17;0.00383681;0.00387325
1937-09-20;0.00771396;0.00782328
1937-09-21;-0.00180141;-0.00176497
1937-09-22;-0.00076766;-0.00073122
1937-09-23;0.00441997;0.00445641
1937-09-24;0.00764409;0.00768053
1937-09-27;-0.00584168;-0.00573237
1937-09-28;-0.00118635;-0.00114991
1937-09-29;-0.00091797;-0.00088153
1937-09-30;0.00036888;0.00040532
1937-10-01;0.00104324;0.00107968
1937-10-04;0.00340343;0.00351274
1937-10-05;0.01974759;0.01978403
1937-10-06;-0.00876583;-0.00872939
1937-10-07;0.00274578;0.00278222
1937-10-08;0.00860180;0.00863824
1937-10-11;0.01504934;0.01515866
1937-10-13;0.00027369;0.00034657
1937-10-14;0.00712106;0.00715749
1937-10-15;0.00392937;0.00396581
1937-10-18;0.03306524;0.03317455
1937-10-19;-0.01147796;-0.01144152
1937-10-20;-0.02714557;-0.02710913
1937-10-21;-0.00731173;-0.00727529
1937-10-22;0.00982805;0.00986449
1937-10-25;-0.00493862;-0.00482930
1937-10-26;0.00785067;0.00788711
1937-10-27;-0.00062982;-0.00059338
1937-10-28;-0.00896009;-0.00892365
1937-10-29;-0.00905532;-0.00901888
1937-11-01;0.00526381;0.00537312
1937-11-03;0.01119535;0.01126823
1937-11-04;0.00125180;0.00128824
1937-11-05;-0.00000775;0.00002869
1937-11-08;0.00715158;0.00726090
1937-11-09;-0.00500972;-0.00497328
1937-11-10;-0.01300501;-0.01296857
1937-11-12;0.00099551;0.00106839
1937-11-15;0.00769270;0.00780201
1937-11-16;0.00104097;0.00107740
1937-11-17;0.00188816;0.00192460
1937-11-18;0.00487564;0.00491208
1937-11-19;0.01407757;0.01411401
1937-11-22;0.00595932;0.00606864
1937-11-23;-0.00425460;-0.00421816
1937-11-24;0.00602071;0.00605715
1937-11-26;-0.01190509;-0.01183221
1937-11-29;-0.00659607;-0.00648675
1937-11-30;-0.00332021;-0.00328377
1937-12-01;0.00260751;0.00264395
1937-12-02;-0.00416704;-0.00413060
1937-12-03;-0.00278751;-0.00275107
1937-12-06;0.00382176;0.00393107
1937-12-07;-0.00354806;-0.00351162
1937-12-08;-0.00183927;-0.00180283
1937-12-09;0.00380815;0.00384458
1937-12-10;0.00202901;0.00206545
1937-12-13;0.00670823;0.00681755
1937-12-14;-0.00174508;-0.00170864
1937-12-15;-0.00153908;-0.00150264
1937-12-16;-0.00323918;-0.00320274
1937-12-17;0.00149120;0.00152764
1937-12-20;-0.00586633;-0.00575701
1937-12-21;-0.00129062;-0.00125418
1937-12-22;0.00363926;0.00367570
1937-12-23;0.00110669;0.00114313
1937-12-24;0.00111270;0.00114913
1937-12-27;0.00692013;0.00702945
1937-12-28;0.00736770;0.00740414
1937-12-29;-0.00222001;-0.00218357
1937-12-30;-0.00279392;-0.00275748
1937-12-31;0.00018876;0.00022520
1938-01-03;0.00060661;0.00071593
1938-01-04;-0.00987140;-0.00983496
1938-01-05;0.00139925;0.00143568
1938-01-06;-0.01658676;-0.01655032
1938-01-07;0.00789182;0.00792825
1938-01-10;-0.01074880;-0.01063949
1938-01-11;-0.00149515;-0.00145871
1938-01-12;0.00202533;0.00206176
1938-01-13;0.00316309;0.00319953
1938-01-14;-0.00057467;-0.00053823
1938-01-17;0.00054490;0.00065422
1938-01-18;0.00226329;0.00229972
1938-01-19;0.00190455;0.00194099
1938-01-20;-0.00405655;-0.00402012
1938-01-21;0.00415883;0.00419526
1938-01-24;0.00075077;0.00086009
1938-01-25;0.00347913;0.00351556
1938-01-26;0.00845468;0.00849112
1938-01-27;0.00306233;0.00309877
1938-01-28;0.00186053;0.00189697
1938-01-31;-0.00296173;-0.00285242
1938-02-01;-0.00160422;-0.00156778
1938-02-02;0.00117630;0.00121274
1938-02-03;0.00318530;0.00322173
1938-02-04;-0.00165843;-0.00162199
1938-02-07;-0.00017066;-0.00006134
1938-02-08;-0.00340724;-0.00337080
1938-02-09;0.00062093;0.00065737
1938-02-10;-0.00055246;-0.00051602
1938-02-11;0.00030938;0.00034581
1938-02-14;-0.00071307;-0.00060376
1938-02-15;0.00100704;0.00104348
1938-02-16;0.00015446;0.00019090
1938-02-17;-0.00220768;-0.00217124
1938-02-18;0.00099527;0.00103171
1938-02-21;-0.00280456;-0.00269525
1938-02-23;-0.00226205;-0.00218917
1938-02-24;0.00124313;0.00127957
1938-02-25;-0.00044896;-0.00041252
1938-02-28;0.00167922;0.00178853
1938-03-01;0.00100681;0.00104325
1938-03-02;-0.00093247;-0.00089603
1938-03-03;-0.00094141;-0.00090497
1938-03-04;-0.00095053;-0.00091409
1938-03-07;-0.00218875;-0.00207943
1938-03-08;-0.00001008;0.00002635
1938-03-09;0.00007824;0.00011468
1938-03-10;-0.00106900;-0.00103256
1938-03-11;-0.00170537;-0.00166894
1938-03-14;0.00178631;0.00189563
1938-03-15;0.00293164;0.00296808
1938-03-16;-0.00424835;-0.00421191
1938-03-17;-0.00082446;-0.00078802
1938-03-18;-0.00311291;-0.00307647
1938-03-21;0.00176153;0.00187085
1938-03-22;-0.00297259;-0.00293615
1938-03-23;-0.00192055;-0.00188411
1938-03-24;0.00028230;0.00031874
1938-03-25;-0.00525700;-0.00522056
1938-03-28;-0.00085246;-0.00074315
1938-03-29;-0.00560792;-0.00557148
1938-03-30;-0.00122092;-0.00118448
1938-03-31;-0.00137603;-0.00133960
1938-04-01;-0.01280198;-0.01276554
1938-04-04;-0.00984886;-0.00973954
1938-04-05;-0.00689761;-0.00686117
1938-04-06;0.00586686;0.00590330
1938-04-07;0.00199432;0.00203076
1938-04-08;-0.01211685;-0.01208042
1938-04-11;-0.00912385;-0.00901454
1938-04-12;-0.00267414;-0.00263770
1938-04-13;-0.00132806;-0.00129162
1938-04-14;-0.00263455;-0.00259811
1938-04-18;-0.00549464;-0.00534888
1938-04-19;0.00763503;0.00767147
1938-04-20;0.00130322;0.00133966
1938-04-21;-0.00264499;-0.00260855
1938-04-22;-0.00757906;-0.00754262
1938-04-25;0.00606591;0.00617523
1938-04-26;0.00674566;0.00678209
1938-04-27;-0.00347383;-0.00343739
1938-04-28;0.00814839;0.00818483
1938-04-29;-0.00029384;-0.00025740
1938-05-02;0.00169073;0.00180005
1938-05-03;-0.00237401;-0.00233757
1938-05-04;-0.00142349;-0.00138705
1938-05-05;0.00034669;0.00038313
1938-05-06;-0.00403812;-0.00400168
1938-05-09;-0.00168552;-0.00157620
1938-05-10;0.00164275;0.00167919
1938-05-11;-0.00050594;-0.00046950
1938-05-12;0.00049745;0.00053389
1938-05-13;0.00142274;0.00145918
1938-05-16;0.00152600;0.00163531
1938-05-17;-0.00052341;-0.00048697
1938-05-18;0.00120475;0.00124118
1938-05-19;-0.00096488;-0.00092844
1938-05-20;0.00129484;0.00133128
1938-05-23;0.00060628;0.00071559
1938-05-24;0.00158901;0.00162544
1938-05-25;0.00152844;0.00156488
1938-05-26;0.00228915;0.00232559
1938-05-27;0.00009134;0.00012778
1938-05-31;0.00006913;0.00021489
1938-06-01;-0.00860656;-0.00857012
1938-06-02;0.00082433;0.00086077
1938-06-03;0.00333336;0.00336980
1938-06-06;-0.00905075;-0.00894144
1938-06-07;0.00108257;0.00111901
1938-06-08;-0.00083021;-0.00079377
1938-06-09;-0.00574260;-0.00570617
1938-06-10;0.00373345;0.00376989
1938-06-13;0.00756529;0.00767461
1938-06-14;-0.00307834;-0.00304190
1938-06-15;-0.00111207;-0.00107563
1938-06-16;-0.00248123;-0.00244479
1938-06-17;0.00244140;0.00247783
1938-06-20;-0.01431234;-0.01420303
1938-06-21;-0.00704811;-0.00701167
1938-06-22;-0.00686640;-0.00682996
1938-06-23;-0.00743665;-0.00740021
1938-06-24;-0.00289895;-0.00286252
1938-06-27;-0.00264660;-0.00253729
1938-06-28;0.00022743;0.00026387
1938-06-29;-0.01110801;-0.01107157
1938-06-30;0.00358992;0.00362636
1938-07-01;0.00304082;0.00307726
1938-07-05;0.00055004;0.00069580
1938-07-06;0.00133545;0.00137188
1938-07-07;-0.00042566;-0.00038922
1938-07-08;-0.00167779;-0.00164135
1938-07-11;-0.00138793;-0.00127862
1938-07-12;0.00265292;0.00268936
1938-07-13;-0.00076394;-0.00072750
1938-07-14;-0.00093829;-0.00090185
1938-07-15;0.00135136;0.00138780
1938-07-18;0.00290779;0.00301710
1938-07-19;0.00260081;0.00263725
1938-07-20;-0.00112420;-0.00108776
1938-07-21;0.00006986;0.00010630
1938-07-22;0.00006979;0.00010623
1938-07-25;0.00197591;0.00208522
1938-07-26;-0.00142784;-0.00139140
1938-07-27;-0.00296539;-0.00292896
1938-07-28;0.00188168;0.00191812
1938-07-29;-0.00122255;-0.00118612
1938-08-01;-0.00074162;-0.00063230
1938-08-02;0.00141240;0.00144884
1938-08-03;-0.00097771;-0.00094127
1938-08-04;0.00069759;0.00073403
1938-08-05;0.00245412;0.00249056
1938-08-08;0.00056844;0.00067776
1938-08-09;-0.00069652;-0.00066008
1938-08-10;-0.00139026;-0.00135382
1938-08-11;-0.00280440;-0.00276797
1938-08-12;-0.00225082;-0.00221438
1938-08-15;-0.00003432;0.00007500
1938-08-16;0.00145182;0.00148826
1938-08-17;0.00016905;0.00020548
1938-08-18;-0.00010153;-0.00006509
1938-08-19;0.00197225;0.00200869
1938-08-22;-0.00038854;-0.00027923
1938-08-23;0.00247622;0.00251266
1938-08-24;-0.00027203;-0.00023559
1938-08-25;0.00085927;0.00089571
1938-08-26;-0.00104801;-0.00101157
1938-08-29;-0.00570299;-0.00559367
1938-08-30;0.00173645;0.00177289
1938-08-31;0.00015237;0.00018881
1938-09-01;0.00130187;0.00133831
1938-09-02;-0.00321127;-0.00317484
1938-09-06;0.00035249;0.00049824
1938-09-07;-0.00175212;-0.00171568
1938-09-08;0.00108381;0.00112025
1938-09-09;0.00246697;0.00250341
1938-09-12;-0.00038505;-0.00027573
1938-09-13;0.00643051;0.00646695
1938-09-14;0.00068874;0.00072518
1938-09-15;-0.00368583;-0.00364939
1938-09-16;0.00230914;0.00234558
1938-09-19;-0.00069953;-0.00059021
1938-09-20;-0.00381737;-0.00378093
1938-09-21;-0.00066567;-0.00062924
1938-09-22;0.00197098;0.00200742
1938-09-23;0.00372901;0.00376545
1938-09-26;0.00335498;0.00346429
1938-09-27;0.00030254;0.00033898
1938-09-28;-0.00501762;-0.00498118
1938-09-29;-0.00411789;-0.00408145
1938-09-30;-0.00323327;-0.00319683
1938-10-03;0.00226514;0.00237446
1938-10-04;-0.00033130;-0.00029487
1938-10-05;0.00304654;0.00308298
1938-10-06;-0.00032282;-0.00028639
1938-10-07;0.00022441;0.00026085
1938-10-10;0.00825048;0.00835980
1938-10-11;-0.00773367;-0.00769724
1938-10-13;0.00310668;0.00317956
1938-10-14;-0.00069302;-0.00065658
1938-10-17;-0.00064241;-0.00053309
1938-10-18;0.00137218;0.00140862
1938-10-19;-0.00182912;-0.00179268
1938-10-20;0.00153291;0.00156934
1938-10-21;0.00029348;0.00032992
1938-10-24;0.00110501;0.00121432
1938-10-25;0.00021424;0.00025068
1938-10-26;-0.00128143;-0.00124499
1938-10-27;0.00051948;0.00055592
1938-10-28;-0.00144160;-0.00140517
1938-10-31;0.00018578;0.00029510
1938-11-01;-0.00136667;-0.00133024
1938-11-02;0.00093595;0.00097239
1938-11-03;0.00074054;0.00077698
1938-11-04;-0.00040880;-0.00037236
1938-11-07;0.00489857;0.00500788
1938-11-09;0.00670619;0.00677906
1938-11-10;-0.00167212;-0.00163568
1938-11-14;-0.00507526;-0.00492950
1938-11-15;-0.00152848;-0.00149204
1938-11-16;-0.00720382;-0.00716738
1938-11-17;0.00288972;0.00292616
1938-11-18;-0.00540775;-0.00537131
1938-11-21;0.00070614;0.00081546
1938-11-22;-0.00217993;-0.00214349
1938-11-23;0.00056591;0.00060235
1938-11-25;0.00034107;0.00041395
1938-11-28;-0.00893027;-0.00882095
1938-11-29;0.00119659;0.00123303
1938-11-30;0.00604626;0.00608270
1938-12-01;-0.00081351;-0.00077708
1938-12-02;-0.00088886;-0.00085242
1938-12-05;-0.00057398;-0.00046467
1938-12-06;0.00067935;0.00071579
1938-12-07;0.00026416;0.00030060
1938-12-08;-0.00102989;-0.00099345
1938-12-09;-0.00049116;-0.00045472
1938-12-12;0.00094302;0.00105234
1938-12-13;0.00088154;0.00091797
1938-12-14;0.00182143;0.00185787
1938-12-15;0.00019015;0.00022659
1938-12-16;0.00005726;0.00009370
1938-12-19;-0.00148245;-0.00137314
1938-12-20;-0.00014358;-0.00010714
1938-12-21;-0.00054829;-0.00051186
1938-12-22;0.00060166;0.00063810
1938-12-23;0.00093414;0.00097058
1938-12-27;-0.00056885;-0.00042309
1938-12-28;0.00079560;0.00083204
1938-12-29;0.00185082;0.00188725
1938-12-30;0.00003816;0.00007460
1939-01-03;-0.00156874;-0.00142299
1939-01-04;0.00357517;0.00361160
1939-01-05;-0.00407592;-0.00403949
1939-01-06;0.00020790;0.00024434
1939-01-09;-0.00683947;-0.00673015
1939-01-10;0.00045898;0.00049542
1939-01-11;-0.00592779;-0.00589135
1939-01-12;-0.00253607;-0.00249963
1939-01-13;-0.00356539;-0.00352895
1939-01-16;0.00755627;0.00766558
1939-01-17;0.00245814;0.00249458
1939-01-18;-0.00052733;-0.00049089
1939-01-19;0.00219492;0.00223135
1939-01-20;-0.00126205;-0.00122561
1939-01-23;-0.02033429;-0.02022498
1939-01-24;0.00128565;0.00132209
1939-01-25;-0.00187144;-0.00183500
1939-01-26;-0.01007170;-0.01003526
1939-01-27;0.00897210;0.00900854
1939-01-30;0.00785964;0.00796896
1939-01-31;0.00355502;0.00359146
1939-02-01;0.00184396;0.00188040
1939-02-02;-0.00271303;-0.00267660
1939-02-03;0.00081198;0.00084842
1939-02-06;-0.00175748;-0.00164817
1939-02-07;0.00151496;0.00155140
1939-02-08;-0.00164405;-0.00160762
1939-02-09;0.00181730;0.00185374
1939-02-10;-0.00031205;-0.00027561
1939-02-14;-0.00032344;-0.00017769
1939-02-15;-0.00020839;-0.00017195
1939-02-16;-0.00102408;-0.00098765
1939-02-17;0.00080544;0.00084188
1939-02-20;0.00243199;0.00254131
1939-02-21;-0.00073099;-0.00069455
1939-02-23;-0.00011135;-0.00003847
1939-02-24;-0.00309916;-0.00306272
1939-02-27;-0.00091846;-0.00080915
1939-02-28;-0.00072441;-0.00068797
1939-03-01;-0.00001429;0.00002215
1939-03-02;-0.00022872;-0.00019228
1939-03-03;0.00191861;0.00195505
1939-03-06;-0.00078402;-0.00067471
1939-03-07;0.00062447;0.00066091
1939-03-08;0.00231689;0.00235333
1939-03-09;-0.00063936;-0.00060292
1939-03-10;0.00092765;0.00096409
1939-03-13;-0.00191379;-0.00180448
1939-03-14;0.00051265;0.00054909
1939-03-15;-0.00379365;-0.00375721
1939-03-16;-0.00033823;-0.00030179
1939-03-17;-0.00401905;-0.00398261
1939-03-20;-0.00294230;-0.00283298
1939-03-21;0.00237852;0.00241495
1939-03-22;-0.00460527;-0.00456884
1939-03-23;0.00195572;0.00199215
1939-03-24;0.00169916;0.00173560
1939-03-27;-0.00094534;-0.00083603
1939-03-28;-0.00183129;-0.00179486
1939-03-29;0.00102160;0.00105804
1939-03-30;-0.00469771;-0.00466127
1939-03-31;-0.00630374;-0.00626730
1939-04-03;-0.00295215;-0.00284283
1939-04-04;0.00245452;0.00249096
1939-04-05;-0.00042232;-0.00038588
1939-04-06;0.00416742;0.00420386
1939-04-10;0.00236541;0.00251116
1939-04-11;0.00021724;0.00025368
1939-04-12;-0.00310281;-0.00306637
1939-04-13;-0.00097377;-0.00093734
1939-04-14;0.00170650;0.00174294
1939-04-17;-0.00218101;-0.00207170
1939-04-18;0.00180668;0.00184311
1939-04-19;-0.00141018;-0.00137374
1939-04-20;-0.00139323;-0.00135679
1939-04-21;-0.00042616;-0.00038972
1939-04-24;0.00188304;0.00199235
1939-04-25;-0.00021767;-0.00018123
1939-04-26;-0.00117837;-0.00114193
1939-04-27;-0.00127224;-0.00123580
1939-04-28;0.00104107;0.00107751
1939-05-01;0.00079637;0.00090569
1939-05-02;-0.00163150;-0.00159506
1939-05-03;-0.00333229;-0.00329585
1939-05-04;0.00044323;0.00047967
1939-05-05;0.00044482;0.00048126
1939-05-08;-0.00023737;-0.00012806
1939-05-09;-0.00225238;-0.00221594
1939-05-10;0.00154225;0.00157868
1939-05-11;-0.00000405;0.00003239
1939-05-12;0.00089051;0.00092694
1939-05-15;-0.00046261;-0.00035329
1939-05-16;0.00347467;0.00351111
1939-05-17;0.00080373;0.00084017
1939-05-18;-0.00023633;-0.00019989
1939-05-19;-0.00116331;-0.00112687
1939-05-22;-0.00207983;-0.00197051
1939-05-23;0.00067408;0.00071051
1939-05-24;-0.00364023;-0.00360379
1939-05-25;-0.00022495;-0.00018851
1939-05-26;-0.00044507;-0.00040863
1939-05-29;-0.00177010;-0.00166079
1939-05-31;0.00051429;0.00058717
1939-06-01;-0.00192071;-0.00188427
1939-06-02;0.00063306;0.00066950
1939-06-05;0.00028259;0.00039190
1939-06-06;0.00158937;0.00162581
1939-06-07;0.00009254;0.00012898
1939-06-08;-0.00032896;-0.00029252
1939-06-09;0.00167710;0.00171354
1939-06-12;-0.00149741;-0.00138809
1939-06-13;-0.00085645;-0.00082002
1939-06-14;-0.00054376;-0.00050733
1939-06-15;-0.00299862;-0.00296219
1939-06-16;0.00031496;0.00035140
1939-06-19;0.00148724;0.00159656
1939-06-20;0.00106370;0.00110014
1939-06-21;-0.00001290;0.00002354
1939-06-22;-0.00075998;-0.00072354
1939-06-23;0.00052399;0.00056043
1939-06-26;-0.00281839;-0.00270908
1939-06-27;0.00053402;0.00057046
1939-06-28;-0.00251760;-0.00248116
1939-06-29;-0.00301434;-0.00297790
1939-06-30;0.00073964;0.00077607
1939-07-03;-0.00591032;-0.00580101
1939-07-05;-0.00830331;-0.00823043
1939-07-06;0.00039173;0.00042817
1939-07-07;0.00242551;0.00246194
1939-07-10;-0.00167926;-0.00156995
1939-07-11;-0.00571833;-0.00568190
1939-07-12;-0.00967140;-0.00963496
1939-07-13;-0.00356065;-0.00352421
1939-07-14;0.00350405;0.00354049
1939-07-17;-0.02053210;-0.02042278
1939-07-18;-0.00340787;-0.00337144
1939-07-19;0.00597327;0.00600971
1939-07-20;0.00567388;0.00571032
1939-07-21;-0.00923135;-0.00919491
1939-07-24;-0.00154939;-0.00144008
1939-07-25;0.00298675;0.00302319
1939-07-26;-0.00454648;-0.00451004
1939-07-27;-0.00038852;-0.00035208
1939-07-28;0.00147992;0.00151636
1939-07-31;0.00365691;0.00376622
1939-08-01;-0.00001670;0.00001974
1939-08-02;0.00156930;0.00160574
1939-08-03;-0.00054015;-0.00050371
1939-08-04;-0.00290517;-0.00286873
1939-08-07;-0.00085242;-0.00074311
1939-08-08;0.00038650;0.00042294
1939-08-09;-0.00122323;-0.00118679
1939-08-10;-0.00325870;-0.00322226
1939-08-11;0.00025909;0.00029553
1939-08-14;0.00297830;0.00308762
1939-08-15;0.00146922;0.00150566
1939-08-16;-0.00416554;-0.00412911
1939-08-17;-0.00015411;-0.00011768
1939-08-18;-0.00331755;-0.00328111
1939-08-21;-0.00426355;-0.00415424
1939-08-22;0.00301294;0.00304938
1939-08-23;-0.00497176;-0.00493532
1939-08-24;-0.00045507;-0.00041863
1939-08-25;0.00335342;0.00338986
1939-08-28;0.00109781;0.00120713
1939-08-29;0.00439958;0.00443602
1939-08-30;-0.00168006;-0.00164362
1939-08-31;-0.00258320;-0.00254676
1939-09-01;-0.00451215;-0.00447571
1939-09-05;-0.04975593;-0.04961018
1939-09-06;0.00363406;0.00367050
1939-09-07;0.00099007;0.00102651
1939-09-08;-0.00638422;-0.00634778
1939-09-11;-0.01093968;-0.01083036
1939-09-12;-0.00484213;-0.00480569
1939-09-13;0.00444201;0.00447845
1939-09-14;-0.00162176;-0.00158533
1939-09-15;0.00030700;0.00034344
1939-09-18;0.01920057;0.01930989
1939-09-19;-0.01614676;-0.01611032
1939-09-20;0.00031022;0.00034666
1939-09-21;-0.00260466;-0.00256822
1939-09-22;0.00320569;0.00324213
1939-09-25;-0.00101352;-0.00090420
1939-09-26;-0.00519188;-0.00515544
1939-09-27;-0.00001344;0.00002300
1939-09-28;0.00797914;0.00801557
1939-09-29;0.00221268;0.00224912
1939-10-02;0.00194912;0.00205843
1939-10-03;-0.00250682;-0.00247038
1939-10-04;0.00042371;0.00046014
1939-10-05;0.00064971;0.00068614
1939-10-06;-0.00048279;-0.00044635
1939-10-09;-0.00167701;-0.00156770
1939-10-10;0.00065291;0.00068935
1939-10-11;0.00178752;0.00182396
1939-10-13;-0.00231913;-0.00224626
1939-10-16;-0.00009128;0.00001804
1939-10-17;0.00793560;0.00797203
1939-10-18;-0.00202406;-0.00198762
1939-10-19;-0.00047652;-0.00044009
1939-10-20;-0.00092400;-0.00088756
1939-10-23;0.00102914;0.00113845
1939-10-24;0.00063923;0.00067567
1939-10-25;0.00420099;0.00423743
1939-10-26;-0.00288396;-0.00284752
1939-10-27;-0.00136053;-0.00132409
1939-10-30;-0.00142751;-0.00131820
1939-10-31;-0.00295373;-0.00291730
1939-11-01;-0.00008947;-0.00005303
1939-11-02;0.00014721;0.00018365
1939-11-03;0.00085606;0.00089250
1939-11-06;-0.00104740;-0.00093809
1939-11-08;-0.00057361;-0.00050074
1939-11-09;-0.00135948;-0.00132305
1939-11-10;0.00047189;0.00050833
1939-11-13;0.00004819;0.00015750
1939-11-14;0.00070914;0.00074558
1939-11-15;-0.00088410;-0.00084766
1939-11-16;0.00127097;0.00130741
1939-11-17;-0.00032700;-0.00029057
1939-11-20;0.00028553;0.00039485
1939-11-21;-0.00072249;-0.00068605
1939-11-22;-0.00016993;-0.00013349
1939-11-24;-0.00153711;-0.00146424
1939-11-27;0.00021114;0.00032046
1939-11-28;-0.00041463;-0.00037819
1939-11-29;-0.00114639;-0.00110995
1939-11-30;-0.00109386;-0.00105742
1939-12-01;-0.00082917;-0.00079273
1939-12-04;0.00008030;0.00018961
1939-12-05;0.00017868;0.00021512
1939-12-06;-0.00173795;-0.00170151
1939-12-07;-0.00009348;-0.00005704
1939-12-08;0.00089458;0.00093102
1939-12-11;0.00116631;0.00127562
1939-12-12;0.00036244;0.00039888
1939-12-13;-0.00174791;-0.00171147
1939-12-14;0.00017721;0.00021365
1939-12-15;-0.00036576;-0.00032932
1939-12-18;0.00025999;0.00036931
1939-12-19;0.00026782;0.00030426
1939-12-20;-0.00045704;-0.00042060
1939-12-21;0.00008674;0.00012318
1939-12-22;-0.00054597;-0.00050953
1939-12-26;0.00052542;0.00067117
1939-12-27;0.00062919;0.00066563
1939-12-28;-0.00100361;-0.00096717
1939-12-29;-0.00037609;-0.00033965
1940-01-02;-0.00367399;-0.00352824
1940-01-03;-0.00296568;-0.00292924
1940-01-04;0.00082708;0.00086352
1940-01-05;0.00145840;0.00149484
1940-01-08;-0.00023638;-0.00012706
1940-01-09;0.00251813;0.00255456
1940-01-10;-0.00043369;-0.00039725
1940-01-11;0.00423608;0.00427252
1940-01-12;0.00516736;0.00520380
1940-01-15;0.00129393;0.00140324
1940-01-16;-0.00155571;-0.00151928
1940-01-17;-0.00022830;-0.00019186
1940-01-18;0.00043058;0.00046702
1940-01-19;-0.00044841;-0.00041197
1940-01-22;0.00195046;0.00205977
1940-01-23;-0.00111458;-0.00107815
1940-01-24;-0.00353324;-0.00349680
1940-01-25;0.00238308;0.00241951
1940-01-26;0.00021084;0.00024727
1940-01-29;-0.00024522;-0.00013591
1940-01-30;0.00152716;0.00156360
1940-01-31;0.00087402;0.00091045
1940-02-01;-0.00000858;0.00002786
1940-02-02;-0.00023063;-0.00019419
1940-02-05;0.00041801;0.00052733
1940-02-06;-0.00223097;-0.00219454
1940-02-07;-0.00177185;-0.00173541
1940-02-08;-0.00329307;-0.00325663
1940-02-09;-0.00000858;0.00002786
1940-02-13;0.00083094;0.00097669
1940-02-14;0.00107649;0.00111292
1940-02-15;-0.00000858;0.00002786
1940-02-16;-0.00022647;-0.00019004
1940-02-19;-0.00002573;0.00008358
1940-02-20;-0.00131489;-0.00127845
1940-02-21;0.00064141;0.00067784
1940-02-23;0.00193754;0.00201042
1940-02-26;0.00150578;0.00161509
1940-02-27;0.00043152;0.00046795
1940-02-28;-0.00022899;-0.00019255
1940-02-29;0.00038148;0.00041792
1940-03-01;0.00524367;0.00528011
1940-03-04;-0.00236083;-0.00225151
1940-03-05;-0.00456392;-0.00452749
1940-03-06;-0.00679765;-0.00676121
1940-03-07;-0.00077580;-0.00073936
1940-03-08;0.00370022;0.00373666
1940-03-11;-0.00308370;-0.00297439
1940-03-12;-0.00226882;-0.00223238
1940-03-13;0.00146008;0.00149652
1940-03-14;0.00220841;0.00224485
1940-03-15;0.01118670;0.01122314
1940-03-18;0.00521131;0.00532062
1940-03-19;-0.00688226;-0.00684582
1940-03-20;-0.00380815;-0.00377171
1940-03-21;-0.00002929;0.00000715
1940-03-25;0.00515146;0.00529721
1940-03-26;0.00451286;0.00454930
1940-03-27;-0.01220220;-0.01216576
1940-03-28;0.00222312;0.00225956
1940-03-29;-0.00313691;-0.00310047
1940-04-01;0.00070798;0.00081730
1940-04-02;0.00104506;0.00108150
1940-04-03;0.00507697;0.00511341
1940-04-04;0.00208478;0.00212122
1940-04-05;-0.00108749;-0.00105105
1940-04-08;0.00280104;0.00291035
1940-04-09;-0.00343751;-0.00340107
1940-04-10;-0.00294403;-0.00290759
1940-04-11;0.00103282;0.00106926
1940-04-12;-0.00189651;-0.00186007
1940-04-15;-0.00010374;0.00000557
1940-04-16;-0.00458209;-0.00454565
1940-04-17;0.00023666;0.00027310
1940-04-18;-0.00328683;-0.00325039
1940-04-19;-0.00003458;0.00000186
1940-04-22;0.00263347;0.00274279
1940-04-23;0.00240862;0.00244506
1940-04-24;-0.00138193;-0.00134549
1940-04-25;0.00023599;0.00027243
1940-04-26;-0.00300847;-0.00297203
1940-04-29;0.00098752;0.00109683
1940-04-30;0.00186802;0.00190446
1940-05-01;-0.00449631;-0.00445987
1940-05-02;0.00194183;0.00197827
1940-05-03;0.00052607;0.00056251
1940-05-06;-0.00178939;-0.00168007
1940-05-07;0.00080973;0.00084616
1940-05-08;0.00052653;0.00056297
1940-05-09;0.00024497;0.00028141
1940-05-10;-0.01013008;-0.01009365
1940-05-13;-0.01889096;-0.01878165
1940-05-14;-0.02542467;-0.02538823
1940-05-15;0.00327023;0.00330667
1940-05-16;0.00323838;0.00327482
1940-05-17;-0.01722251;-0.01718607
1940-05-20;-0.00557184;-0.00546252
1940-05-21;-0.02259946;-0.02256303
1940-05-22;0.00145163;0.00148807
1940-05-23;0.00070474;0.00074118
1940-05-24;-0.00151325;-0.00147681
1940-05-27;0.00805525;0.00816456
1940-05-28;-0.00691953;-0.00688309
1940-05-29;0.00218314;0.00221957
1940-05-31;0.00061014;0.00068302
1940-06-03;0.00590448;0.00601380
1940-06-04;-0.00454241;-0.00450597
1940-06-05;0.00520686;0.00524330
1940-06-06;-0.00493083;-0.00489439
1940-06-07;-0.00448835;-0.00445191
1940-06-10;0.01285800;0.01296732
1940-06-11;-0.01646523;-0.01642880
1940-06-12;-0.01717490;-0.01713846
1940-06-13;0.00659782;0.00663426
1940-06-14;-0.00852256;-0.00848612
1940-06-17;-0.00141742;-0.00130810
1940-06-18;-0.00104512;-0.00100868
1940-06-19;-0.00069836;-0.00066192
1940-06-20;0.00410472;0.00414116
1940-06-21;-0.00001103;0.00002541
1940-06-24;-0.00662859;-0.00651927
1940-06-25;0.00986642;0.00990286
1940-06-26;0.00209300;0.00212943
1940-06-27;-0.00353931;-0.00350287
1940-06-28;-0.00457069;-0.00453425
1940-07-01;0.00103255;0.00114186
1940-07-02;0.00018847;0.00022491
1940-07-03;-0.00029086;-0.00025442
1940-07-05;-0.00057997;-0.00050710
1940-07-08;-0.00000909;0.00010023
1940-07-09;-0.00000303;0.00003341
1940-07-10;-0.00028826;-0.00025182
1940-07-11;-0.00000303;0.00003341
1940-07-12;0.00018655;0.00022299
1940-07-15;-0.00029403;-0.00018471
1940-07-16;-0.00104467;-0.00100823
1940-07-17;0.00027796;0.00031439
1940-07-18;-0.00009697;-0.00006053
1940-07-19;0.00093545;0.00097189
1940-07-22;-0.00000909;0.00010023
1940-07-23;-0.00009782;-0.00006138
1940-07-24;0.00084922;0.00088566
1940-07-25;-0.00028970;-0.00025326
1940-07-26;-0.00047936;-0.00044293
1940-07-29;-0.00105177;-0.00094245
1940-07-30;-0.00234690;-0.00231046
1940-07-31;0.00036284;0.00039928
1940-08-01;0.00026971;0.00030615
1940-08-02;0.00008817;0.00012461
1940-08-05;-0.00028277;-0.00017345
1940-08-06;0.00099791;0.00103435
1940-08-07;-0.00000300;0.00003344
1940-08-08;-0.00000300;0.00003344
1940-08-09;-0.00092276;-0.00088632
1940-08-12;-0.00101088;-0.00090156
1940-08-13;0.00342138;0.00345781
1940-08-14;0.00083886;0.00087530
1940-08-15;-0.00085250;-0.00081606
1940-08-16;0.00149363;0.00153007
1940-08-19;-0.00067442;-0.00056510
1940-08-20;-0.00113567;-0.00109923
1940-08-21;-0.00168167;-0.00164523
1940-08-22;-0.00101077;-0.00097433
1940-08-23;0.00117531;0.00121175
1940-08-26;-0.00037618;-0.00026686
1940-08-27;-0.00000300;0.00003344
1940-08-28;-0.00128311;-0.00124667
1940-08-29;0.00044801;0.00048445
1940-08-30;-0.00165270;-0.00161626
1940-09-03;0.00074010;0.00088585
1940-09-04;0.00289750;0.00293394
1940-09-05;0.00193038;0.00196682
1940-09-06;-0.00103779;-0.00100135
1940-09-09;-0.00429550;-0.00418619
1940-09-10;0.00011821;0.00015465
1940-09-11;-0.00107666;-0.00104022
1940-09-12;-0.00202114;-0.00198470
1940-09-13;0.00012104;0.00015748
1940-09-16;0.00198971;0.00209903
1940-09-17;0.00105443;0.00109087
1940-09-18;0.00104631;0.00108275
1940-09-19;-0.00040954;-0.00037310
1940-09-20;-0.00001467;0.00002177
1940-09-23;0.00404788;0.00415720
1940-09-24;-0.00052764;-0.00049120
1940-09-25;-0.00027210;-0.00023566
1940-09-26;-0.00091733;-0.00088089
1940-09-27;-0.00248068;-0.00244424
1940-09-30;0.00100981;0.00111913
1940-10-01;0.00251647;0.00255291
1940-10-02;0.00081449;0.00085093
1940-10-03;0.00014701;0.00018344
1940-10-04;-0.00151075;-0.00147431
1940-10-07;-0.00105958;-0.00095027
1940-10-08;-0.00304433;-0.00300790
1940-10-09;-0.00104460;-0.00100817
1940-10-10;-0.00019084;-0.00015440
1940-10-11;0.00187411;0.00191055
1940-10-14;-0.00090824;-0.00079892
1940-10-15;0.00186333;0.00189976
1940-10-16;0.00065847;0.00069490
1940-10-17;0.00082464;0.00086108
1940-10-18;-0.00018683;-0.00015039
1940-10-21;-0.00123328;-0.00112396
1940-10-22;0.00082701;0.00086345
1940-10-23;0.00166503;0.00170147
1940-10-24;-0.00118675;-0.00115031
1940-10-25;-0.00001891;0.00001753
1940-10-28;0.00128666;0.00139598
1940-10-29;0.00031445;0.00035089
1940-10-30;0.00147844;0.00151488
1940-10-31;0.00262096;0.00265740
1940-11-01;-0.00001871;0.00001773
1940-11-04;0.00123145;0.00134077
1940-11-06;-0.00594985;-0.00587697
1940-11-07;0.00989777;0.00993421
1940-11-08;-0.00252381;-0.00248737
1940-11-12;0.00198954;0.00213529
1940-11-13;-0.00158853;-0.00155209
1940-11-14;0.00045642;0.00049285
1940-11-15;-0.00191418;-0.00187774
1940-11-18;-0.00213162;-0.00202230
1940-11-19;0.00014282;0.00017926
1940-11-20;-0.00421475;-0.00417831
1940-11-22;-0.00003743;0.00003545
1940-11-25;-0.00005614;0.00005318
1940-11-26;-0.00051454;-0.00047810
1940-11-27;-0.00333342;-0.00329699
1940-11-28;-0.00001871;0.00001773
1940-11-29;0.00012406;0.00016050
1940-12-02;-0.00075429;-0.00064498
1940-12-03;0.00058362;0.00062006
1940-12-04;-0.00000501;0.00003143
1940-12-05;0.00102898;0.00106542
1940-12-06;-0.00030240;-0.00026597
1940-12-09;-0.00120235;-0.00109303
1940-12-10;-0.00000501;0.00003143
1940-12-11;-0.00029960;-0.00026316
1940-12-12;-0.00059308;-0.00055665
1940-12-13;-0.00029794;-0.00026151
1940-12-16;0.00159310;0.00170241
1940-12-17;0.00058584;0.00062228
1940-12-18;0.00147773;0.00151417
1940-12-19;0.00059377;0.00063021
1940-12-20;-0.00015528;-0.00011884
1940-12-23;0.00043535;0.00054466
1940-12-24;-0.00030613;-0.00026969
1940-12-26;0.00014025;0.00021313
1940-12-27;-0.00075708;-0.00072064
1940-12-30;-0.00196105;-0.00185174
1940-12-31;-0.00016505;-0.00012861
1941-01-02;0.00000000;0.00007288
1941-01-03;0.00000000;0.00003644
1941-01-06;0.00000000;0.00010932
1941-01-07;0.00000000;0.00003644
1941-01-08;0.00000000;0.00003644
1941-01-09;0.00000000;0.00003644
1941-01-10;0.00000000;0.00003644
1941-01-13;0.00000000;0.00010932
1941-01-14;0.00000000;0.00003644
1941-01-15;0.00000000;0.00003644
1941-01-16;0.00000000;0.00003644
1941-01-17;0.00000000;0.00003644
1941-01-20;0.00000000;0.00010932
1941-01-21;0.00000000;0.00003644
1941-01-22;0.00000000;0.00003644
1941-01-23;0.00000000;0.00003644
1941-01-24;0.00000000;0.00003644
1941-01-27;0.00000000;0.00010932
1941-01-28;0.00000000;0.00003644
1941-01-29;0.00000000;0.00003644
1941-01-30;0.00000000;0.00003644
1941-01-31;-0.00004219;-0.00000575
1941-02-03;0.00585585;0.00596517
1941-02-04;-0.00056035;-0.00052391
1941-02-05;-0.00978172;-0.00974528
1941-02-06;-0.00214872;-0.00211228
1941-02-07;0.00157492;0.00161136
1941-02-10;0.00048031;0.00058963
1941-02-11;0.00904104;0.00907747
1941-02-13;0.00755223;0.00762511
1941-02-14;0.01702126;0.01705770
1941-02-17;-0.00686214;-0.00675283
1941-02-18;0.00110357;0.00114001
1941-02-19;0.00447561;0.00451205
1941-02-20;-0.00964482;-0.00960838
1941-02-21;-0.00224301;-0.00220657
1941-02-24;-0.00448511;-0.00437579
1941-02-25;-0.00496403;-0.00492759
1941-02-26;-0.00110664;-0.00107020
1941-02-27;0.00378755;0.00382399
1941-02-28;-0.00221767;-0.00218124
1941-03-03;0.01018892;0.01029823
1941-03-04;-0.00349226;-0.00345582
1941-03-05;0.00412168;0.00415812
1941-03-06;-0.01322323;-0.01318679
1941-03-07;0.00338600;0.00342244
1941-03-10;-0.01376501;-0.01365570
1941-03-11;0.00534967;0.00538611
1941-03-12;-0.00002174;0.00001470
1941-03-13;0.00336219;0.00339863
1941-03-14;-0.00070192;-0.00066548
1941-03-17;-0.00346271;-0.00335339
1941-03-18;-0.00272618;-0.00268975
1941-03-19;0.00401882;0.00405526
1941-03-20;-0.00069920;-0.00066276
1941-03-21;0.00606934;0.00610578
1941-03-24;0.00061771;0.00072702
1941-03-25;-0.00275617;-0.00271973
1941-03-26;0.00202085;0.00205729
1941-03-27;-0.00548510;-0.00544866
1941-03-28;0.00472050;0.00475694
1941-03-31;-0.00146547;-0.00135615
1941-04-01;-0.00022723;-0.00019079
1941-04-02;-0.00088694;-0.00085050
1941-04-03;-0.00329351;-0.00325707
1941-04-04;0.00042470;0.00046114
1941-04-07;0.00192552;0.00203483
1941-04-08;0.00457573;0.00461216
1941-04-09;0.00311334;0.00314978
1941-04-10;0.00021907;0.00025551
1941-04-14;0.00155622;0.00170197
1941-04-15;0.00067691;0.00071335
1941-04-16;-0.00000703;0.00002941
1941-04-17;0.00113644;0.00117288
1941-04-18;0.00321147;0.00324791
1941-04-21;0.00067886;0.00078817
1941-04-22;0.00116329;0.00119973
1941-04-23;-0.00259554;-0.00255910
1941-04-24;-0.00093733;-0.00090089
1941-04-25;0.00161411;0.00165055
1941-04-28;-0.00048772;-0.00037841
1941-04-29;-0.00047267;-0.00043623
1941-04-30;0.00298068;0.00301712
1941-05-01;0.00066342;0.00069986
1941-05-02;-0.00207409;-0.00203765
1941-05-05;-0.00074358;-0.00063427
1941-05-06;-0.01092649;-0.01089005
1941-05-07;0.00199004;0.00202648
1941-05-08;0.00132414;0.00136058
1941-05-09;-0.00002041;0.00001603
1941-05-12;-0.00747187;-0.00736256
1941-05-13;-0.00002041;0.00001603
1941-05-14;0.00464120;0.00467764
1941-05-15;0.01071329;0.01074973
1941-05-16;-0.00138513;-0.00134869
1941-05-19;-0.00346573;-0.00335641
1941-05-20;-0.01085687;-0.01082043
1941-05-21;0.00064554;0.00068197
1941-05-22;0.00731265;0.00734908
1941-05-23;-0.00002041;0.00001603
1941-05-26;0.00735728;0.00746659
1941-05-27;-0.00411457;-0.00407813
1941-05-28;-0.00002041;0.00001603
1941-05-29;0.00058880;0.00062524
1941-06-02;-0.00062611;-0.00048036
1941-06-03;0.00285764;0.00289408
1941-06-04;-0.00028483;-0.00024839
1941-06-05;0.00101167;0.00104811
1941-06-06;-0.00028401;-0.00024757
1941-06-09;0.00431786;0.00442717
1941-06-10;0.00403802;0.00407446
1941-06-11;-0.00002574;0.00001069
1941-06-12;0.00122349;0.00125993
1941-06-13;-0.00052291;-0.00048647
1941-06-16;-0.00107358;-0.00096426
1941-06-17;0.00197507;0.00201151
1941-06-18;0.00022233;0.00025877
1941-06-19;-0.00052140;-0.00048496
1941-06-20;-0.00300570;-0.00296926
1941-06-23;0.00469904;0.00480835
1941-06-24;-0.00175182;-0.00171538
1941-06-25;0.00047091;0.00050735
1941-06-26;0.00096557;0.00100201
1941-06-27;-0.00125990;-0.00122346
1941-06-30;-0.00108869;-0.00097937
1941-07-01;0.00000000;0.00003644
1941-07-02;0.00000000;0.00003644
1941-07-03;0.00000000;0.00003644
1941-07-07;0.00000000;0.00014575
1941-07-08;0.00000000;0.00003644
1941-07-09;0.00000000;0.00003644
1941-07-10;0.00000000;0.00003644
1941-07-11;0.00000000;0.00003644
1941-07-14;0.00000000;0.00010932
1941-07-15;0.00000000;0.00003644
1941-07-16;0.00000000;0.00003644
1941-07-17;0.00000000;0.00003644
1941-07-18;0.00000000;0.00003644
1941-07-21;0.00000000;0.00010932
1941-07-22;0.00000000;0.00003644
1941-07-23;0.00000000;0.00003644
1941-07-24;0.00000000;0.00003644
1941-07-25;0.00000000;0.00003644
1941-07-28;0.00000000;0.00010932
1941-07-29;0.00000000;0.00003644
1941-07-30;0.00000000;0.00003644
1941-07-31;-0.00005983;-0.00002339
1941-08-01;-0.00377171;-0.00373527
1941-08-04;0.00124217;0.00135149
1941-08-05;-0.00008049;-0.00004405
1941-08-06;-0.00008049;-0.00004405
1941-08-07;-0.00156125;-0.00152481
1941-08-08;-0.00824045;-0.00820401
1941-08-11;-0.00698958;-0.00688027
1941-08-12;-0.00008049;-0.00004405
1941-08-13;-0.00386272;-0.00382628
1941-08-14;0.00296029;0.00299673
1941-08-15;-0.00765242;-0.00761598
1941-08-18;0.00740597;0.00751528
1941-08-19;0.00067671;0.00071315
1941-08-20;0.00294530;0.00298174
1941-08-21;-0.00083396;-0.00079752
1941-08-22;-0.00158892;-0.00155248
1941-08-25;0.00126994;0.00137926
1941-08-26;0.00595323;0.00598967
1941-08-27;0.00066784;0.00070428
1941-08-28;0.00216231;0.00219875
1941-08-29;-0.00090769;-0.00087126
1941-09-02;-0.00167928;-0.00153353
1941-09-03;0.00189690;0.00193334
1941-09-04;0.00081337;0.00084981
1941-09-05;0.00081578;0.00085222
1941-09-08;-0.00057856;-0.00046924
1941-09-09;0.00081658;0.00085302
1941-09-10;0.00219907;0.00223551
1941-09-11;-0.00306916;-0.00303272
1941-09-12;-0.00000902;0.00002741
1941-09-15;-0.00030228;-0.00019296
1941-09-16;-0.00138369;-0.00134726
1941-09-17;-0.00493379;-0.00489735
1941-09-18;0.00214213;0.00217857
1941-09-19;0.00270062;0.00273706
1941-09-22;0.00024652;0.00035584
1941-09-23;-0.00110448;-0.00106804
1941-09-24;0.00190059;0.00193703
1941-09-25;0.00356163;0.00359807
1941-09-26;0.00082556;0.00086200
1941-09-29;-0.00114316;-0.00103384
1941-09-30;-0.00195661;-0.00192017
1941-10-01;0.00089923;0.00093567
1941-10-02;0.00090191;0.00093835
1941-10-03;0.00029493;0.00033137
1941-10-06;0.00027541;0.00038473
1941-10-07;0.00365539;0.00369183
1941-10-08;0.00060831;0.00064474
1941-10-09;0.00432626;0.00436270
1941-10-10;-0.00000991;0.00002653
1941-10-14;0.00184516;0.00199092
1941-10-15;0.00188645;0.00192289
1941-10-16;0.00444225;0.00447869
1941-10-17;-0.00130054;-0.00126410
1941-10-20;-0.00292158;-0.00281226
1941-10-21;-0.00287496;-0.00283852
1941-10-22;0.00125175;0.00128819
1941-10-23;-0.00032662;-0.00029018
1941-10-24;-0.00159183;-0.00155539
1941-10-27;0.00500664;0.00511595
1941-10-28;0.00031008;0.00034652
1941-10-29;0.00095105;0.00098748
1941-10-30;-0.00000991;0.00002653
1941-10-31;0.00379856;0.00383500
1941-11-03;-0.00876555;-0.00865623
1941-11-05;-0.00674452;-0.00667165
1941-11-06;0.00755619;0.00759262
1941-11-07;0.00283897;0.00287541
1941-11-10;0.00662572;0.00673504
1941-11-12;0.02119761;0.02127049
1941-11-13;0.00491640;0.00495284
1941-11-14;-0.00898006;-0.00894362
1941-11-17;0.00188171;0.00199103
1941-11-18;0.00194468;0.00198112
1941-11-19;-0.00794258;-0.00790614
1941-11-21;-0.00398144;-0.00390856
1941-11-24;-0.00204108;-0.00193176
1941-11-25;0.00484274;0.00487918
1941-11-26;0.00780769;0.00784412
1941-11-27;0.00589915;0.00593559
1941-11-28;0.00891421;0.00895064
1941-12-01;0.00444114;0.00455046
1941-12-02;-0.01729877;-0.01726234
1941-12-03;-0.00893061;-0.00889417
1941-12-04;-0.00178824;-0.00175180
1941-12-05;0.00524773;0.00528417
1941-12-08;0.03088471;0.03099403
1941-12-09;0.02663052;0.02666696
1941-12-10;-0.00002643;0.00001001
1941-12-11;-0.01332526;-0.01328882
1941-12-12;0.00838711;0.00842355
1941-12-15;-0.00007929;0.00003002
1941-12-16;0.00186252;0.00189896
1941-12-17;0.01322659;0.01326303
1941-12-18;0.00767044;0.00770688
1941-12-19;-0.00002643;0.00001001
1941-12-22;0.00866128;0.00877060
1941-12-23;0.00193673;0.00197317
1941-12-24;-0.00101035;-0.00097391
1941-12-26;-0.00300111;-0.00292823
1941-12-29;0.00481695;0.00492627
1941-12-30;-0.03647506;-0.03643862
1941-12-31;0.00466803;0.00470446
1942-01-02;-0.01236635;-0.01229347
1942-01-05;-0.01210609;-0.01199678
1942-01-06;0.00234069;0.00237713
1942-01-07;0.00294319;0.00297962
1942-01-08;0.00712716;0.00716360
1942-01-09;0.00179304;0.00182948
1942-01-12;0.00055393;0.00066324
1942-01-13;-0.01092765;-0.01089121
1942-01-14;-0.00001718;0.00001926
1942-01-15;-0.00120526;-0.00116882
1942-01-16;0.00472464;0.00476108
1942-01-19;-0.00005153;0.00005779
1942-01-20;0.00117886;0.00121530
1942-01-21;0.00777447;0.00781091
1942-01-22;-0.00001718;0.00001926
1942-01-23;-0.00184178;-0.00180534
1942-01-26;-0.00793131;-0.00782200
1942-01-27;-0.00121188;-0.00117544
1942-01-28;0.00355897;0.00359541
1942-01-29;0.00118288;0.00121932
1942-01-30;0.00356222;0.00359865
1942-02-02;0.00017143;0.00028074
1942-02-03;-0.00113083;-0.00109439
1942-02-04;-0.00130956;-0.00127312
1942-02-05;0.00036442;0.00040086
1942-02-06;0.00184748;0.00188392
1942-02-09;0.00204516;0.00215448
1942-02-10;0.00227146;0.00230790
1942-02-11;0.00037943;0.00041587
1942-02-13;-0.00039627;-0.00032339
1942-02-16;-0.00059306;-0.00048375
1942-02-17;0.00306197;0.00309841
1942-02-18;0.00019000;0.00022644
1942-02-19;-0.00039641;-0.00035997
1942-02-20;0.00057995;0.00061639
1942-02-24;-0.00100016;-0.00085441
1942-02-25;0.00116247;0.00119891
1942-02-26;-0.00118138;-0.00114494
1942-02-27;-0.00139383;-0.00135740
1942-03-02;0.00694347;0.00705279
1942-03-03;-0.00769758;-0.00766115
1942-03-04;0.00522156;0.00525800
1942-03-05;0.00762939;0.00766583
1942-03-06;0.01312310;0.01315954
1942-03-09;-0.00250147;-0.00239216
1942-03-10;0.00364602;0.00368246
1942-03-11;0.00982144;0.00985788
1942-03-12;-0.00001604;0.00002040
1942-03-13;-0.00315189;-0.00311546
1942-03-16;-0.00565752;-0.00554820
1942-03-17;-0.01049411;-0.01045767
1942-03-18;0.00481370;0.00485014
1942-03-19;0.00059356;0.00063000
1942-03-20;0.00547705;0.00551349
1942-03-23;-0.00251660;-0.00240728
1942-03-24;-0.00431466;-0.00427822
1942-03-25;0.00363711;0.00367355
1942-03-26;0.00182396;0.00186040
1942-03-27;0.00490875;0.00494519
1942-03-30;-0.00066985;-0.00056053
1942-03-31;0.00307834;0.00311478
1942-04-01;-0.00318185;-0.00314541
1942-04-02;-0.00473906;-0.00470262
1942-04-06;-0.00710695;-0.00696120
1942-04-07;0.00306800;0.00310444
1942-04-08;0.00308314;0.00311958
1942-04-09;0.01011555;0.01015199
1942-04-10;0.00077207;0.00080851
1942-04-13;0.00152584;0.00163515
1942-04-14;0.01031929;0.01035573
1942-04-15;0.00159682;0.00163326
1942-04-16;-0.00083092;-0.00079448
1942-04-17;0.00969480;0.00973124
1942-04-20;-0.00746076;-0.00735144
1942-04-21;-0.00164571;-0.00160927
1942-04-22;0.00160096;0.00163740
1942-04-23;0.01623389;0.01627033
1942-04-24;0.00331620;0.00335264
1942-04-27;0.00077766;0.00088698
1942-04-28;0.00585730;0.00589374
1942-04-29;-0.01188563;-0.01184919
1942-04-30;-0.00418168;-0.00414524
1942-05-01;-0.00400780;-0.00397136
1942-05-04;-0.00481358;-0.00470426
1942-05-05;-0.00237864;-0.00234220
1942-05-06;0.00076374;0.00080018
1942-05-07;-0.00786290;-0.00782647
1942-05-08;-0.00001959;0.00001685
1942-05-11;-0.00857706;-0.00846774
1942-05-12;0.00456287;0.00459931
1942-05-13;0.00998410;0.01002054
1942-05-14;0.00154506;0.00158150
1942-05-15;-0.00707857;-0.00704213
1942-05-18;-0.00471100;-0.00460168
1942-05-19;0.00228896;0.00232540
1942-05-20;0.00152528;0.00156172
1942-05-21;-0.01008667;-0.01005023
1942-05-22;0.00074225;0.00077869
1942-05-25;0.00222961;0.00233893
1942-05-26;-0.00155090;-0.00151446
1942-05-27;-0.01223948;-0.01220304
1942-05-28;-0.00151712;-0.00148068
1942-05-29;0.00218934;0.00222578
1942-06-01;-0.00101167;-0.00090236
1942-06-02;0.00024037;0.00027680
1942-06-03;-0.00148937;-0.00145293
1942-06-04;-0.00270531;-0.00266887
1942-06-05;-0.00049071;-0.00045427
1942-06-08;-0.00243482;-0.00232550
1942-06-09;0.00190301;0.00193945
1942-06-10;0.00119833;0.00123477
1942-06-11;-0.00073370;-0.00069726
1942-06-12;0.00120121;0.00123765
1942-06-15;-0.00147738;-0.00136806
1942-06-16;-0.00024773;-0.00021129
1942-06-17;-0.00337995;-0.00334351
1942-06-18;0.00094155;0.00097799
1942-06-19;0.00213663;0.00217307
1942-06-22;0.00359068;0.00370000
1942-06-23;-0.00000648;0.00002996
1942-06-24;0.00097372;0.00101016
1942-06-25;-0.00025273;-0.00021629
1942-06-26;-0.00025243;-0.00021599
1942-06-29;-0.00124767;-0.00113836
1942-06-30;-0.00052788;-0.00049144
1942-07-01;-0.00189395;-0.00185751
1942-07-02;0.00348039;0.00351683
1942-07-03;0.00209930;0.00213574
1942-07-06;0.00229544;0.00240475
1942-07-07;-0.00054334;-0.00050690
1942-07-08;0.00545027;0.00548671
1942-07-09;0.00226604;0.00230248
1942-07-10;-0.00027504;-0.00023861
1942-07-13;-0.00183421;-0.00172490
1942-07-14;0.00226342;0.00229985
1942-07-15;0.00022821;0.00026465
1942-07-16;-0.00027447;-0.00023804
1942-07-17;-0.00253812;-0.00250168
1942-07-20;0.00069328;0.00080260
1942-07-21;0.00048372;0.00052016
1942-07-22;-0.00078203;-0.00074559
1942-07-23;-0.00306871;-0.00303227
1942-07-24;0.00023404;0.00027048
1942-07-27;-0.00006982;0.00003949
1942-07-28;-0.00028030;-0.00024386
1942-07-29;-0.00362574;-0.00358930
1942-07-30;0.00049986;0.00053630
1942-07-31;0.00154164;0.00157808
1942-08-03;0.00019797;0.00030729
1942-08-04;-0.00056570;-0.00052926
1942-08-05;-0.00219483;-0.00215839
1942-08-06;-0.00029821;-0.00026178
1942-08-07;0.00079825;0.00083469
1942-08-10;-0.00034625;-0.00023694
1942-08-11;0.00079631;0.00083275
1942-08-12;-0.00002434;0.00001210
1942-08-13;0.00079342;0.00082986
1942-08-14;0.00106217;0.00109861
1942-08-17;0.00181952;0.00192883
1942-08-18;0.00212106;0.00215750
1942-08-19;-0.00029006;-0.00025362
1942-08-20;-0.00082241;-0.00078597
1942-08-21;0.00050954;0.00054598
1942-08-24;0.00045963;0.00056895
1942-08-25;-0.00215008;-0.00211364
1942-08-26;-0.00297426;-0.00293782
1942-08-27;0.00133380;0.00137024
1942-08-28;0.00051575;0.00055219
1942-08-31;0.00019387;0.00030318
1942-09-01;-0.00002774;0.00000869
1942-09-02;0.00027898;0.00031542
1942-09-03;-0.00033412;-0.00029768
1942-09-04;-0.00033447;-0.00029803
1942-09-08;0.00203861;0.00218437
1942-09-09;-0.00124617;-0.00120974
1942-09-10;-0.00186385;-0.00182741
1942-09-11;-0.00126038;-0.00122394
1942-09-14;0.00022637;0.00033568
1942-09-15;0.00120921;0.00124565
1942-09-16;0.00028006;0.00031649
1942-09-17;-0.00033519;-0.00029875
1942-09-18;0.00212685;0.00216329
1942-09-21;-0.00038854;-0.00027923
1942-09-22;0.00088925;0.00092569
1942-09-23;0.00210451;0.00214095
1942-09-24;0.00329614;0.00333257
1942-09-25;0.00116593;0.00120237
1942-09-28;-0.00038031;-0.00027099
1942-09-29;-0.00121739;-0.00118095
1942-09-30;-0.00003146;0.00000498
1942-10-01;0.00243494;0.00247137
1942-10-02;0.00451412;0.00455056
1942-10-05;0.00265966;0.00276898
1942-10-06;-0.00003274;0.00000370
1942-10-07;0.00133412;0.00137055
1942-10-08;0.00439016;0.00442660
1942-10-09;0.00130913;0.00134557
1942-10-13;0.00354339;0.00368914
1942-10-14;-0.00069302;-0.00065658
1942-10-15;-0.00400285;-0.00396641
1942-10-16;0.00130769;0.00134413
1942-10-19;-0.00009821;0.00001110
1942-10-20;0.00397134;0.00400778
1942-10-21;-0.00036218;-0.00032574
1942-10-22;-0.00003274;0.00000370
1942-10-23;-0.00102212;-0.00098568
1942-10-26;0.00155600;0.00166532
1942-10-27;-0.00299461;-0.00295818
1942-10-28;-0.00269075;-0.00265431
1942-10-29;-0.00036784;-0.00033141
1942-10-30;0.00197761;0.00201405
1942-11-02;0.00429502;0.00440433
1942-11-04;-0.00152121;-0.00144833
1942-11-05;0.00069160;0.00072804
1942-11-06;0.00432055;0.00435699
1942-11-09;0.00383540;0.00394472
1942-11-10;-0.00287149;-0.00283505
1942-11-12;0.00064269;0.00071557
1942-11-13;-0.00217588;-0.00213944
1942-11-16;-0.00333800;-0.00322868
1942-11-17;-0.00438344;-0.00434700
1942-11-18;0.00143167;0.00146811
1942-11-19;-0.00040140;-0.00036497
1942-11-20;0.00325576;0.00329220
1942-11-23;-0.00409323;-0.00398391
1942-11-24;-0.00076911;-0.00073267
1942-11-25;-0.00150532;-0.00146888
1942-11-27;0.00103462;0.00110750
1942-11-30;-0.00195010;-0.00184079
1942-12-01;-0.00035390;-0.00031746
1942-12-02;0.00093701;0.00097345
1942-12-03;0.00093389;0.00097033
1942-12-04;-0.00003143;0.00000500
1942-12-07;-0.00137726;-0.00126795
1942-12-08;0.00190128;0.00193772
1942-12-09;-0.00003143;0.00000500
1942-12-10;0.00028862;0.00032506
1942-12-11;-0.00003143;0.00000500
1942-12-14;0.00150426;0.00161358
1942-12-15;0.00060460;0.00064104
1942-12-16;0.00250731;0.00254374
1942-12-17;0.00531805;0.00535449
1942-12-18;-0.00034059;-0.00030415
1942-12-21;-0.00009430;0.00001501
1942-12-22;-0.00034091;-0.00030447
1942-12-23;0.00089795;0.00093439
1942-12-24;0.00120391;0.00124035
1942-12-28;-0.00289385;-0.00274810
1942-12-29;-0.00003143;0.00000500
1942-12-30;0.00338337;0.00341981
1942-12-31;0.00023005;0.00026649
1943-01-04;0.01317568;0.01332144
1943-01-05;-0.00187140;-0.00183497
1943-01-06;-0.00098379;-0.00094735
1943-01-07;0.00169164;0.00172808
1943-01-08;0.00079773;0.00083417
1943-01-11;0.00327991;0.00338922
1943-01-12;-0.00275010;-0.00271366
1943-01-13;0.00168445;0.00172089
1943-01-14;0.00522780;0.00526424
1943-01-15;0.00695874;0.00699518
1943-01-18;0.00234554;0.00245485
1943-01-19;-0.00881093;-0.00877449
1943-01-20;0.00078795;0.00082439
1943-01-21;0.01310228;0.01313872
1943-01-22;-0.00095928;-0.00092284
1943-01-25;0.01100039;0.01110970
1943-01-26;0.00419041;0.00422685
1943-01-27;-0.00094504;-0.00090860
1943-01-28;0.00076070;0.00079714
1943-01-29;0.00757513;0.00761157
1943-02-01;0.00690087;0.00701019
1943-02-02;-0.00009855;-0.00006211
1943-02-03;-0.00724033;-0.00720389
1943-02-04;-0.00099811;-0.00096167
1943-02-05;0.00710487;0.00714130
1943-02-08;-0.00118921;-0.00107990
1943-02-09;0.00705684;0.00709328
1943-02-10;0.00611508;0.00615152
1943-02-11;0.00166511;0.00170154
1943-02-15;0.01192824;0.01207400
1943-02-16;-0.00183609;-0.00179966
1943-02-17;0.00164222;0.00167866
1943-02-18;-0.01313016;-0.01309372
1943-02-19;-0.00186054;-0.00182411
1943-02-23;0.01725892;0.01740467
1943-02-24;0.00509967;0.00513611
1943-02-25;0.00593266;0.00596910
1943-02-26;-0.00010362;-0.00006718
1943-03-01;-0.00489314;-0.00478382
1943-03-02;-0.00746214;-0.00742570
1943-03-03;0.01286398;0.01290042
1943-03-04;0.00172377;0.00176021
1943-03-05;0.00445917;0.00449560
1943-03-08;-0.00395122;-0.00384191
1943-03-09;-0.00557784;-0.00554140
1943-03-10;-0.00469075;-0.00465431
1943-03-11;0.01002874;0.01006518
1943-03-12;0.00354294;0.00357938
1943-03-15;-0.00122489;-0.00111558
1943-03-16;-0.00283417;-0.00279773
1943-03-17;-0.00740200;-0.00736556
1943-03-18;-0.00194288;-0.00190644
1943-03-19;-0.00286669;-0.00283025
1943-03-22;0.00337579;0.00348510
1943-03-23;0.00265341;0.00268985
1943-03-24;0.00264586;0.00268229
1943-03-25;0.02092975;0.02096619
1943-03-26;0.00795688;0.00799332
1943-03-29;0.01656863;0.01667795
1943-03-30;0.00863439;0.00867083
1943-03-31;-0.00097876;-0.00094233
1943-04-01;0.00069415;0.00073059
1943-04-02;-0.00246446;-0.00242802
1943-04-05;0.00208655;0.00219587
1943-04-06;0.01332518;0.01336162
1943-04-07;-0.00476443;-0.00472799
1943-04-08;-0.00791661;-0.00788017
1943-04-09;-0.03638089;-0.03634445
1943-04-12;0.00053333;0.00064265
1943-04-13;-0.00091665;-0.00088021
1943-04-14;0.01140321;0.01143965
1943-04-15;0.00639342;0.00642986
1943-04-16;-0.00251241;-0.00247597
1943-04-19;0.00374996;0.00385927
1943-04-20;-0.00331222;-0.00327578
1943-04-21;0.00877974;0.00881618
1943-04-22;0.00230139;0.00233783
1943-04-26;-0.00038405;-0.00023830
1943-04-27;-0.00009601;-0.00005958
1943-04-28;-0.00009601;-0.00005958
1943-04-29;0.00867150;0.00870794
1943-04-30;-0.00011204;-0.00007560
1943-05-03;0.01385656;0.01396588
1943-05-04;0.00232658;0.00236302
1943-05-05;0.00411319;0.00414962
1943-05-06;0.00230444;0.00234088
1943-05-07;-0.00955823;-0.00952179
1943-05-10;0.00938891;0.00949823
1943-05-11;-0.00244539;-0.00240896
1943-05-12;-0.00304807;-0.00301163
1943-05-13;0.00231446;0.00235089
1943-05-14;-0.01316934;-0.01313290
1943-05-17;0.00098948;0.00109880
1943-05-18;0.00537397;0.00541041
1943-05-19;0.00713475;0.00717119
1943-05-20;-0.00185862;-0.00182218
1943-05-21;-0.00007445;-0.00003801
1943-05-24;-0.00201202;-0.00190270
1943-05-25;0.00171874;0.00175518
1943-05-26;0.00529156;0.00532799
1943-05-27;0.00170079;0.00173723
1943-05-28;0.00169519;0.00173163
1943-06-01;0.00720135;0.00734710
1943-06-02;0.00049734;0.00053378
1943-06-03;0.00277589;0.00281233
1943-06-04;-0.00347744;-0.00344100
1943-06-07;-0.00192930;-0.00181999
1943-06-08;-0.00407429;-0.00403785
1943-06-09;0.00222689;0.00226333
1943-06-10;0.00107321;0.00110965
1943-06-11;-0.00350549;-0.00346905
1943-06-14;-0.01171749;-0.01160817
1943-06-15;0.00285023;0.00288667
1943-06-16;0.00109147;0.00112790
1943-06-17;0.00108952;0.00112595
1943-06-18;-0.00065310;-0.00061667
1943-06-21;-0.00370290;-0.00359359
1943-06-22;0.00109440;0.00113084
1943-06-23;-0.00182086;-0.00178442
1943-06-24;0.00343190;0.00346834
1943-06-25;0.01503825;0.01507469
1943-06-28;0.00603840;0.00614772
1943-06-29;-0.00232785;-0.00229141
1943-06-30;0.00388566;0.00392210
1943-07-01;0.00048484;0.00052128
1943-07-02;-0.00062876;-0.00059232
1943-07-06;0.00082531;0.00097106
1943-07-07;-0.00118443;-0.00114799
1943-07-08;0.00048484;0.00052128
1943-07-09;0.00271068;0.00274712
1943-07-12;0.00421809;0.00432741
1943-07-13;0.00433406;0.00437050
1943-07-14;0.00375874;0.00379518
1943-07-15;-0.00388190;-0.00384546
1943-07-16;-0.00171401;-0.00167757
1943-07-19;0.00033203;0.00044134
1943-07-20;-0.00445736;-0.00442093
1943-07-21;0.00158281;0.00161925
1943-07-22;-0.00007219;-0.00003575
1943-07-23;0.00047816;0.00051459
1943-07-26;-0.01121456;-0.01110524
1943-07-27;-0.02186672;-0.02183028
1943-07-28;-0.00238066;-0.00234422
1943-07-29;0.01150904;0.01154548
1943-07-30;-0.01320473;-0.01316829
1943-08-02;-0.00789913;-0.00778982
1943-08-03;0.00529118;0.00532762
1943-08-04;0.00143135;0.00146778
1943-08-05;-0.00085319;-0.00081675
1943-08-06;-0.00251683;-0.00248040
1943-08-09;-0.00070602;-0.00059671
1943-08-10;0.00228757;0.00232401
1943-08-11;0.00184921;0.00188565
1943-08-12;-0.00147266;-0.00143622
1943-08-13;0.00226193;0.00229837
1943-08-16;-0.00069486;-0.00058555
1943-08-17;0.00142024;0.00145668
1943-08-18;0.00079573;0.00083217
1943-08-19;-0.00023024;-0.00019380
1943-08-20;-0.00207374;-0.00203730
1943-08-23;-0.00441431;-0.00430499
1943-08-24;0.00186699;0.00190343
1943-08-25;0.00039174;0.00042818
1943-08-26;0.00080765;0.00084409
1943-08-27;-0.00168642;-0.00164998
1943-08-30;-0.00007679;0.00003253
1943-08-31;0.00268920;0.00272563
1943-09-01;0.00069392;0.00073036
1943-09-02;-0.00002217;0.00001427
1943-09-03;-0.00037900;-0.00034256
1943-09-07;0.00044749;0.00059324
1943-09-08;-0.00127002;-0.00123359
1943-09-09;0.00230906;0.00234549
1943-09-10;0.00033257;0.00036901
1943-09-13;-0.00042064;-0.00031132
1943-09-14;-0.00037690;-0.00034046
1943-09-15;0.00033317;0.00036960
1943-09-16;0.00121941;0.00125584
1943-09-17;0.00209381;0.00213024
1943-09-20;0.00220307;0.00231239
1943-09-21;0.00015056;0.00018700
1943-09-22;-0.00053992;-0.00050348
1943-09-23;-0.00192527;-0.00188883
1943-09-24;-0.00002217;0.00001427
1943-09-27;-0.00181232;-0.00170301
1943-09-28;-0.00037424;-0.00033780
1943-09-29;0.00050683;0.00054327
1943-09-30;0.00120849;0.00124493
1943-10-01;0.00015802;0.00019446
1943-10-04;-0.00133445;-0.00122513
1943-10-05;-0.00093223;-0.00089579
1943-10-06;-0.00257958;-0.00254315
1943-10-07;-0.00297940;-0.00294296
1943-10-08;0.00091362;0.00095006
1943-10-11;-0.00044184;-0.00033252
1943-10-13;-0.00004587;0.00002700
1943-10-14;0.00091122;0.00094766
1943-10-15;0.00146536;0.00150180
1943-10-18;0.00030075;0.00041006
1943-10-19;0.00108386;0.00112030
1943-10-20;0.00071121;0.00074765
1943-10-21;-0.00203509;-0.00199865
1943-10-22;0.00090018;0.00093661
1943-10-25;-0.00025266;-0.00014334
1943-10-26;0.00071307;0.00074951
1943-10-27;0.00126075;0.00129719
1943-10-28;-0.00056988;-0.00053344
1943-10-29;-0.00094546;-0.00090902
1943-11-01;0.00017308;0.00028240
1943-11-03;-0.00394253;-0.00386966
1943-11-04;-0.00283414;-0.00279771
1943-11-05;-0.00257576;-0.00253932
1943-11-08;-0.00949375;-0.00938443
1943-11-09;0.00113693;0.00117336
1943-11-10;0.00317570;0.00321214
1943-11-12;-0.00353760;-0.00346472
1943-11-15;-0.00127223;-0.00116292
1943-11-16;-0.00150032;-0.00146388
1943-11-17;-0.00209577;-0.00205933
1943-11-18;0.00085431;0.00089074
1943-11-19;0.00410249;0.00413893
1943-11-22;0.00106357;0.00117288
1943-11-23;-0.00119787;-0.00116143
1943-11-24;-0.00178568;-0.00174924
1943-11-26;-0.00270984;-0.00263697
1943-11-29;-0.00483617;-0.00472685
1943-11-30;0.00081740;0.00085384
1943-12-01;-0.00288881;-0.00285237
1943-12-02;-0.00234197;-0.00230553
1943-12-03;-0.00026636;-0.00022992
1943-12-06;-0.00131216;-0.00120284
1943-12-07;-0.00256669;-0.00253025
1943-12-08;-0.00305121;-0.00301477
1943-12-09;0.00174672;0.00178315
1943-12-10;-0.00152358;-0.00148714
1943-12-13;0.00022333;0.00033264
1943-12-14;0.00074462;0.00078106
1943-12-15;0.00024270;0.00027914
1943-12-16;-0.00152225;-0.00148581
1943-12-17;-0.00151436;-0.00147792
1943-12-20;-0.00202414;-0.00191482
1943-12-21;0.00073426;0.00077070
1943-12-22;0.00023923;0.00027567
1943-12-23;0.00023944;0.00027588
1943-12-24;-0.00050705;-0.00047062
1943-12-27;0.00046921;0.00057852
1943-12-28;0.00272869;0.00276513
1943-12-29;-0.00000925;0.00002719
1943-12-30;-0.00528631;-0.00524987
1943-12-31;0.00044054;0.00047698
1944-01-03;-0.00031931;-0.00020999
1944-01-04;0.00347722;0.00351366
1944-01-05;0.00297119;0.00300763
1944-01-06;-0.00116980;-0.00113336
1944-01-07;-0.00048700;-0.00045056
1944-01-10;-0.00054496;-0.00043565
1944-01-11;0.00158122;0.00161766
1944-01-12;-0.00185758;-0.00182114
1944-01-13;-0.00071910;-0.00068266
1944-01-14;0.00112517;0.00116161
1944-01-17;0.00083333;0.00094265
1944-01-18;-0.00071562;-0.00067918
1944-01-19;0.00020099;0.00023743
1944-01-20;-0.00002860;0.00000784
1944-01-21;0.00043019;0.00046663
1944-01-24;-0.00031480;-0.00020548
1944-01-25;-0.00025780;-0.00022136
1944-01-26;-0.00278131;-0.00274487
1944-01-27;-0.00049206;-0.00045563
1944-01-28;0.00159630;0.00163274
1944-01-31;0.00083641;0.00094572
1944-02-01;-0.00050732;-0.00047089
1944-02-02;-0.00074735;-0.00071091
1944-02-03;-0.00242796;-0.00239152
1944-02-04;-0.00244846;-0.00241202
1944-02-07;-0.00106493;-0.00095562
1944-02-08;0.00266317;0.00269961
1944-02-09;-0.00002970;0.00000674
1944-02-10;0.00191029;0.00194673
1944-02-11;-0.00027054;-0.00023410
1944-02-14;-0.00008909;0.00002023
1944-02-15;0.00189872;0.00193516
1944-02-16;-0.00074796;-0.00071152
1944-02-17;0.00189054;0.00192698
1944-02-18;-0.00217541;-0.00213897
1944-02-21;-0.00056955;-0.00046024
1944-02-23;0.00234703;0.00241991
1944-02-24;0.00044753;0.00048397
1944-02-25;-0.00193539;-0.00189895
1944-02-28;0.00206935;0.00217867
1944-02-29;-0.00175754;-0.00172110
1944-03-01;0.00443405;0.00447049
1944-03-02;0.00079275;0.00082919
1944-03-03;0.00169676;0.00173320
1944-03-06;0.00237140;0.00248072
1944-03-07;0.00709508;0.00713152
1944-03-08;0.00883703;0.00887347
1944-03-09;-0.00277556;-0.00273912
1944-03-10;0.00166680;0.00170324
1944-03-13;0.01209819;0.01220750
1944-03-14;-0.00186912;-0.00183268
1944-03-15;0.00516482;0.00520126
1944-03-16;0.00076252;0.00079895
1944-03-17;0.00163640;0.00167283
1944-03-20;-0.00994325;-0.00983393
1944-03-21;0.00429243;0.00432887
1944-03-22;-0.00186768;-0.00183125
1944-03-23;-0.01153826;-0.01150182
1944-03-24;0.00255219;0.00258863
1944-03-27;-0.00299675;-0.00288743
1944-03-28;-0.01077269;-0.01073625
1944-03-29;-0.00280446;-0.00276802
1944-03-30;0.00708302;0.00711946
1944-03-31;-0.00101537;-0.00097894
1944-04-03;-0.00632228;-0.00621296
1944-04-04;0.00087116;0.00090760
1944-04-05;0.00087033;0.00090676
1944-04-06;0.00584206;0.00587850
1944-04-10;0.00147904;0.00162479
1944-04-11;-0.00012502;-0.00008858
1944-04-12;-0.00802835;-0.00799191
1944-04-13;-0.00310856;-0.00307212
1944-04-14;-0.00012502;-0.00008858
1944-04-17;-0.00137206;-0.00126275
1944-04-18;-0.02107976;-0.02104332
1944-04-19;-0.00418785;-0.00415142
1944-04-20;0.00904764;0.00908408
1944-04-21;0.00189778;0.00193422
1944-04-24;-0.01350094;-0.01339163
1944-04-25;0.00191684;0.00195328
1944-04-26;0.00700927;0.00704571
1944-04-27;0.00494057;0.00497701
1944-04-28;0.00586278;0.00589921
1944-05-01;0.00258587;0.00269518
1944-05-02;-0.00033485;-0.00029841
1944-05-03;0.00234472;0.00238116
1944-05-04;-0.00062889;-0.00059245
1944-05-05;0.00203655;0.00207299
1944-05-08;0.00018254;0.00029186
1944-05-09;-0.00033165;-0.00029521
1944-05-10;-0.00003734;-0.00000090
1944-05-11;0.00025722;0.00029365
1944-05-12;-0.00268612;-0.00264968
1944-05-15;-0.00040853;-0.00029921
1944-05-16;0.00025943;0.00029587
1944-05-17;0.00233480;0.00237124
1944-05-18;0.00055177;0.00058821
1944-05-19;0.00055080;0.00058723
1944-05-22;0.00018157;0.00029089
1944-05-23;0.00113602;0.00117246
1944-05-24;0.00142454;0.00146098
1944-05-25;-0.00061969;-0.00058326
1944-05-26;0.00054598;0.00058241
1944-05-29;0.00134388;0.00145320
1944-05-31;0.00218096;0.00225384
1944-06-01;-0.00394635;-0.00390991
1944-06-02;-0.00108257;-0.00104614
1944-06-05;-0.00708811;-0.00697880
1944-06-06;0.00759620;0.00763264
1944-06-07;-0.00108257;-0.00104614
1944-06-08;-0.00492140;-0.00488497
1944-06-09;0.00180302;0.00183946
1944-06-12;0.02656053;0.02666984
1944-06-13;0.00833975;0.00837619
1944-06-14;0.00174357;0.00178000
1944-06-15;0.00640176;0.00643820
1944-06-16;0.00822008;0.00825652
1944-06-19;0.01159619;0.01170551
1944-06-20;0.00169886;0.00173530
1944-06-21;-0.00285368;-0.00281724
1944-06-22;-0.00194795;-0.00191151
1944-06-23;-0.00195078;-0.00191434
1944-06-26;0.00694755;0.00705687
1944-06-27;0.00351314;0.00354958
1944-06-28;-0.00646901;-0.00643257
1944-06-29;-0.00103519;-0.00099875
1944-06-30;0.00351995;0.00355639
1944-07-03;0.01089673;0.01100604
1944-07-05;0.00576206;0.00583494
1944-07-06;-0.00437926;-0.00434282
1944-07-07;0.00244870;0.00248514
1944-07-10;0.00903570;0.00914501
1944-07-11;-0.00181087;-0.00177443
1944-07-12;0.00157768;0.00161412
1944-07-13;-0.00435036;-0.00431392
1944-07-14;0.00073183;0.00076827
1944-07-17;-0.01139135;-0.01128204
1944-07-18;-0.01040767;-0.01037123
1944-07-19;0.00767082;0.00770726
1944-07-20;-0.00957183;-0.00953540
1944-07-21;-0.01571930;-0.01568286
1944-07-24;-0.00738524;-0.00727592
1944-07-25;0.00872703;0.00876347
1944-07-26;-0.00275061;-0.00271417
1944-07-27;-0.00011787;-0.00008143
1944-07-28;-0.00627536;-0.00623893
1944-07-31;0.00047138;0.00058069
1944-08-01;0.00194740;0.00198384
1944-08-02;0.00080833;0.00084477
1944-08-03;-0.00228894;-0.00225251
1944-08-04;-0.00343572;-0.00339929
1944-08-07;0.00160165;0.00171096
1944-08-08;-0.00146032;-0.00142388
1944-08-09;0.00167593;0.00171237
1944-08-10;0.00280493;0.00284136
1944-08-11;0.00137243;0.00140887
1944-08-14;0.00044843;0.00055775
1944-08-15;-0.00031834;-0.00028190
1944-08-16;0.00164657;0.00168301
1944-08-17;0.00219759;0.00223403
1944-08-18;0.00162840;0.00166484
1944-08-21;-0.00177203;-0.00166272
1944-08-22;-0.00253716;-0.00250073
1944-08-23;0.00052146;0.00055790
1944-08-24;-0.00227151;-0.00223507
1944-08-25;-0.00088068;-0.00084424
1944-08-28;-0.00011347;-0.00000416
1944-08-29;0.00108862;0.00112505
1944-08-30;0.00080437;0.00084081
1944-08-31;-0.00148988;-0.00145344
1944-09-01;0.00308406;0.00312050
1944-09-05;-0.00679223;-0.00664648
1944-09-06;-0.02491797;-0.02488153
1944-09-07;-0.00338829;-0.00335185
1944-09-08;-0.00175309;-0.00171665
1944-09-11;0.00544745;0.00555677
1944-09-12;0.00481017;0.00484660
1944-09-13;-0.00989526;-0.00985882
1944-09-14;-0.00587212;-0.00583568
1944-09-15;0.00817477;0.00821121
1944-09-18;0.00625047;0.00635979
1944-09-19;0.00887210;0.00890854
1944-09-20;0.00151109;0.00154753
1944-09-21;-0.00333905;-0.00330261
1944-09-22;0.00232414;0.00236058
1944-09-25;0.00857227;0.00868158
1944-09-26;-0.00251212;-0.00247568
1944-09-27;-0.00010733;-0.00007089
1944-09-28;-0.00332128;-0.00328484
1944-09-29;0.00381729;0.00385373
1944-10-02;-0.00158348;-0.00147417
1944-10-03;-0.00001056;0.00002588
1944-10-04;-0.00181250;-0.00177606
1944-10-05;-0.00205872;-0.00202228
1944-10-06;-0.00051944;-0.00048300
1944-10-09;0.00200068;0.00211000
1944-10-10;-0.00103305;-0.00099661
1944-10-11;-0.00204922;-0.00201278
1944-10-13;-0.00027439;-0.00020151
1944-10-16;0.00173981;0.00184912
1944-10-17;-0.00128275;-0.00124632
1944-10-18;-0.00178478;-0.00174834
1944-10-19;0.00074575;0.00078218
1944-10-20;0.00049480;0.00053124
1944-10-23;0.00553587;0.00564518
1944-10-24;-0.00078282;-0.00074638
1944-10-25;-0.00001056;0.00002588
1944-10-26;0.00255762;0.00259406
1944-10-27;-0.00052823;-0.00049179
1944-10-30;-0.00029012;-0.00018080
1944-10-31;-0.00060714;-0.00057070
1944-11-01;0.00265643;0.00269286
1944-11-02;0.00373339;0.00376983
1944-11-03;-0.00061406;-0.00057762
1944-11-06;0.00356925;0.00367856
1944-11-08;-0.00122311;-0.00115023
1944-11-09;0.00154432;0.00158076
1944-11-10;0.00046472;0.00050116
1944-11-13;-0.00613230;-0.00602299
1944-11-14;-0.00874697;-0.00871053
1944-11-15;-0.00172001;-0.00168357
1944-11-16;0.00047702;0.00051346
1944-11-17;-0.00117281;-0.00113637
1944-11-20;0.00253370;0.00264302
1944-11-21;0.00486331;0.00489975
1944-11-22;0.00047144;0.00050788
1944-11-24;-0.00395599;-0.00388311
1944-11-27;0.00196922;0.00207853
1944-11-28;-0.00061871;-0.00058227
1944-11-29;0.00374828;0.00378472
1944-11-30;-0.00118685;-0.00115041
1944-12-01;-0.00083603;-0.00079959
1944-12-04;0.00283295;0.00294227
1944-12-05;0.00128937;0.00132581
1944-12-06;-0.00003591;0.00000053
1944-12-07;0.00075619;0.00079263
1944-12-08;0.00259833;0.00263477
1944-12-11;0.00198357;0.00209289
1944-12-12;-0.00081538;-0.00077894
1944-12-13;-0.00107757;-0.00104113
1944-12-14;0.00100894;0.00104538
1944-12-15;0.00334951;0.00338595
1944-12-18;-0.00217064;-0.00206133
1944-12-19;0.00100181;0.00103825
1944-12-20;-0.00236371;-0.00232727
1944-12-21;-0.00081716;-0.00078072
1944-12-22;0.00022511;0.00026154
1944-12-26;-0.00249095;-0.00234519
1944-12-27;-0.00161160;-0.00157516
1944-12-28;0.00339388;0.00343032
1944-12-29;0.00460376;0.00464020
1945-01-02;0.00381012;0.00395588
1945-01-03;0.01184232;0.01187875
1945-01-04;0.00157156;0.00160800
1945-01-05;-0.00265236;-0.00261592
1945-01-08;0.00979544;0.00990475
1945-01-09;0.00071918;0.00075561
1945-01-10;0.00826119;0.00829762
1945-01-11;-0.00095146;-0.00091502
1945-01-12;-0.00344973;-0.00341330
1945-01-15;-0.00787351;-0.00776419
1945-01-16;-0.00096005;-0.00092362
1945-01-17;0.00745097;0.00748741
1945-01-18;-0.00513317;-0.00509673
1945-01-19;-0.01103047;-0.01099404
1945-01-22;-0.01222245;-0.01211314
1945-01-23;-0.00782660;-0.00779016
1945-01-24;0.00332920;0.00336564
1945-01-25;0.00675709;0.00679353
1945-01-26;0.01098790;0.01102434
1945-01-29;0.00641078;0.00652010
1945-01-30;-0.00684883;-0.00681239
1945-01-31;0.00072241;0.00075885
1945-02-01;0.00230165;0.00233809
1945-02-02;0.00791981;0.00795624
1945-02-05;0.00763313;0.00774245
1945-02-06;0.00226110;0.00229754
1945-02-07;0.00225591;0.00229235
1945-02-08;-0.00011380;-0.00007736
1945-02-09;-0.00641925;-0.00638281
1945-02-13;0.01698618;0.01713193
1945-02-14;0.00534790;0.00538433
1945-02-15;0.00764953;0.00768597
1945-02-16;-0.00165543;-0.00161899
1945-02-19;0.00814963;0.00825895
1945-02-20;0.00371578;0.00375222
1945-02-21;-0.00164024;-0.00160381
1945-02-23;-0.00252049;-0.00244762
1945-02-26;-0.00570282;-0.00559350
1945-02-27;0.00835313;0.00838957
1945-02-28;0.00752127;0.00755771
1945-03-01;0.00136129;0.00139773
1945-03-02;-0.00672386;-0.00668742
1945-03-05;0.00484507;0.00495439
1945-03-06;0.00504056;0.00507700
1945-03-07;0.00062185;0.00065829
1945-03-08;-0.01913619;-0.01909975
1945-03-09;-0.02246747;-0.02243103
1945-03-12;0.01261276;0.01272207
1945-03-13;-0.00011042;-0.00007398
1945-03-14;0.00139390;0.00143034
1945-03-15;0.00439610;0.00443254
1945-03-16;0.00138535;0.00142179
1945-03-19;-0.00630582;-0.00619651
1945-03-20;-0.01438105;-0.01434462
1945-03-21;-0.01000878;-0.00997234
1945-03-22;-0.00087906;-0.00084262
1945-03-23;0.00450481;0.00454125
1945-03-26;-0.02713584;-0.02702653
1945-03-27;0.00617650;0.00621293
1945-03-28;0.00848275;0.00851918
1945-03-29;0.00215286;0.00218930
1945-04-02;0.00301519;0.00316094
1945-04-03;0.00035840;0.00039484
1945-04-04;-0.00041366;-0.00037722
1945-04-05;-0.00195947;-0.00192303
1945-04-06;0.00191778;0.00195422
1945-04-09;0.00068890;0.00079821
1945-04-10;0.00093507;0.00097151
1945-04-11;0.00381012;0.00384656
1945-04-12;-0.00021708;-0.00018064
1945-04-13;0.00281169;0.00284812
1945-04-16;0.00534817;0.00545748
1945-04-17;0.00033921;0.00037565
1945-04-18;0.00253836;0.00257480
1945-04-19;-0.00256965;-0.00253322
1945-04-20;-0.00039452;-0.00035808
1945-04-23;0.00248608;0.00259540
1945-04-24;0.00124470;0.00128114
1945-04-25;-0.00057072;-0.00053428
1945-04-26;-0.00057183;-0.00053539
1945-04-27;0.00106215;0.00109859
1945-04-30;0.00241130;0.00252061
1945-05-01;-0.00261984;-0.00258340
1945-05-02;-0.00109885;-0.00106241
1945-05-03;0.00502638;0.00506282
1945-05-04;0.00245646;0.00249290
1945-05-07;0.00026804;0.00037735
1945-05-08;0.00143611;0.00147255
1945-05-09;-0.00764012;-0.00760368
1945-05-10;-0.00975339;-0.00971695
1945-05-11;-0.00007913;-0.00004269
1945-05-14;0.00027841;0.00038772
1945-05-15;0.00249805;0.00253449
1945-05-16;0.00043455;0.00047099
1945-05-17;0.00402752;0.00406396
1945-05-18;0.00502638;0.00506282
1945-05-21;-0.00277297;-0.00266365
1945-05-22;-0.00058796;-0.00055152
1945-05-23;-0.00568001;-0.00564358
1945-05-24;-0.00007913;-0.00004269
1945-05-25;0.00453771;0.00457415
1945-05-28;0.01199926;0.01210857
1945-05-29;0.00393462;0.00397106
1945-05-31;-0.00515024;-0.00507737
1945-06-01;0.00090414;0.00094058
1945-06-04;0.00074826;0.00085757
1945-06-05;-0.00105611;-0.00101967
1945-06-06;-0.00350772;-0.00347128
1945-06-07;0.00041507;0.00045150
1945-06-08;-0.00204539;-0.00200895
1945-06-11;-0.00220524;-0.00209593
1945-06-12;0.00140672;0.00144316
1945-06-13;0.00337843;0.00341487
1945-06-14;0.00287093;0.00290737
1945-06-15;0.00236976;0.00240620
1945-06-18;-0.00071966;-0.00061034
1945-06-19;0.00089894;0.00093538
1945-06-20;0.00333498;0.00337142
1945-06-21;0.00380446;0.00384090
1945-06-22;0.00088806;0.00092450
1945-06-25;0.00314244;0.00325175
1945-06-26;0.00088240;0.00091884
1945-06-27;-0.00103573;-0.00099929
1945-06-28;-0.01495249;-0.01491605
1945-06-29;-0.00843597;-0.00839953
1945-07-02;0.00325054;0.00335985
1945-07-03;-0.00003265;0.00000378
1945-07-05;-0.00358522;-0.00351234
1945-07-06;0.00101446;0.00105089
1945-07-09;0.00261539;0.00272471
1945-07-10;0.00120884;0.00124528
1945-07-11;-0.00106312;-0.00102668
1945-07-12;0.00079446;0.00083090
1945-07-13;-0.00085758;-0.00082114
1945-07-16;-0.00237253;-0.00226321
1945-07-17;-0.00690658;-0.00687014
1945-07-18;-0.00109768;-0.00106125
1945-07-19;0.00210472;0.00214116
1945-07-20;-0.00003265;0.00000378
1945-07-23;-0.00328215;-0.00317284
1945-07-24;0.00061077;0.00064720
1945-07-25;0.00296378;0.00300022
1945-07-26;-0.00639236;-0.00635592
1945-07-27;0.00148223;0.00151867
1945-07-30;0.00313250;0.00324182
1945-07-31;0.00119997;0.00123641
1945-08-01;-0.00039403;-0.00035759
1945-08-02;0.00114433;0.00118077
1945-08-03;-0.00116715;-0.00113071
1945-08-06;-0.00079605;-0.00068674
1945-08-07;0.00382509;0.00386152
1945-08-08;-0.00059209;-0.00055565
1945-08-09;-0.00466376;-0.00462732
1945-08-10;0.00018175;0.00021819
1945-08-13;0.00321865;0.00332796
1945-08-14;-0.00174740;-0.00171096
1945-08-17;0.00150860;0.00161792
1945-08-20;0.00421926;0.00432857
1945-08-21;-0.00118485;-0.00114841
1945-08-22;-0.00196058;-0.00192414
1945-08-23;-0.00562963;-0.00559319
1945-08-24;-0.00380961;-0.00377317
1945-08-27;-0.00415220;-0.00404289
1945-08-28;-0.00093305;-0.00089662
1945-08-29;0.00035935;0.00039579
1945-08-30;-0.00093124;-0.00089480
1945-08-31;-0.00302962;-0.00299318
1945-09-04;-0.00030753;-0.00016178
1945-09-05;0.00086792;0.00090436
1945-09-06;0.00983076;0.00986720
1945-09-07;-0.00054238;-0.00050594
1945-09-10;0.00209832;0.00220764
1945-09-11;0.00456630;0.00460274
1945-09-12;0.00315288;0.00318931
1945-09-13;-0.00007688;-0.00004044
1945-09-14;-0.00421121;-0.00417477
1945-09-17;-0.01639981;-0.01629049
1945-09-18;0.01456755;0.01460398
1945-09-19;0.00687028;0.00690672
1945-09-20;0.00267588;0.00271232
1945-09-21;-0.00373350;-0.00369706
1945-09-24;-0.00206812;-0.00195881
1945-09-25;0.00084417;0.00088060
1945-09-26;-0.00053683;-0.00050039
1945-09-27;-0.00283829;-0.00280185
1945-09-28;0.00869718;0.00873362
1945-10-01;0.01178733;0.01189665
1945-10-02;-0.00007220;-0.00003576
1945-10-03;-0.00133628;-0.00129985
1945-10-04;-0.00007220;-0.00003576
1945-10-05;0.00330489;0.00334133
1945-10-08;0.00482429;0.00493361
1945-10-09;0.00159588;0.00163232
1945-10-10;0.00242387;0.00246030
1945-10-11;-0.00090122;-0.00086478
1945-10-15;0.00012620;0.00027195
1945-10-16;-0.00007220;-0.00003576
1945-10-17;0.00283110;0.00286754
1945-10-18;0.00240589;0.00244233
1945-10-19;-0.00542213;-0.00538569
1945-10-22;0.00476049;0.00486980
1945-10-23;-0.00542533;-0.00538889
1945-10-24;-0.01044739;-0.01041095
1945-10-25;0.00329869;0.00333513
1945-10-26;0.00328225;0.00331869
1945-10-29;-0.00814479;-0.00803547
1945-10-30;0.00330489;0.00334133
1945-10-31;0.01126648;0.01130292
1945-11-01;0.00958156;0.00961800
1945-11-02;-0.00050999;-0.00047355
1945-11-05;0.00323825;0.00334756
1945-11-07;0.00847653;0.00854940
1945-11-08;-0.00263547;-0.00259903
1945-11-09;0.00077922;0.00081566
1945-11-13;-0.00287155;-0.00272580
1945-11-14;-0.00393738;-0.00390094
1945-11-15;0.00552944;0.00556588
1945-11-16;-0.00350038;-0.00346394
1945-11-19;0.00793939;0.00804871
1945-11-20;0.00332507;0.00336151
1945-11-21;-0.01065798;-0.01062154
1945-11-23;-0.00745436;-0.00738148
1945-11-26;0.00367411;0.00378342
1945-11-27;0.00898472;0.00902116
1945-11-28;-0.00391261;-0.00387618
1945-11-29;-0.00136208;-0.00132565
1945-11-30;0.00678673;0.00682317
1945-12-03;0.01113505;0.01124436
1945-12-04;-0.00097958;-0.00094314
1945-12-05;-0.00053136;-0.00049492
1945-12-06;0.00396341;0.00399985
1945-12-07;0.00170665;0.00174309
1945-12-10;0.00600005;0.00610936
1945-12-11;-0.00185267;-0.00181623
1945-12-12;-0.01206046;-0.01202402
1945-12-13;-0.00368642;-0.00364999
1945-12-14;0.00082313;0.00085957
1945-12-17;-0.01697405;-0.01686474
1945-12-18;0.00730948;0.00734591
1945-12-19;-0.00008212;-0.00004568
1945-12-20;-0.00511629;-0.00507985
1945-12-21;-0.00054273;-0.00050629
1945-12-26;0.01940752;0.01958971
1945-12-27;-0.00592566;-0.00588922
1945-12-28;0.00127654;0.00131297
1945-12-31;0.00201072;0.00212003
1946-01-02;-0.00483517;-0.00476229
1946-01-03;0.00077886;0.00081530
1946-01-04;-0.00178825;-0.00175181
1946-01-07;0.00319692;0.00330624
1946-01-08;0.01613702;0.01617346
1946-01-09;0.01077833;0.01081477
1946-01-10;0.00486031;0.00489675
1946-01-11;0.00237501;0.00241144
1946-01-14;0.00791547;0.00802478
1946-01-15;0.00113136;0.00116780
1946-01-16;0.00072709;0.00076353
1946-01-17;-0.00168493;-0.00164850
1946-01-18;-0.00168844;-0.00165200
1946-01-21;-0.02283491;-0.02272560
1946-01-22;0.00491876;0.00495520
1946-01-23;0.00860721;0.00864365
1946-01-24;0.00196625;0.00200269
1946-01-25;-0.00130038;-0.00126394
1946-01-28;0.02140737;0.02151669
1946-01-29;0.00190589;0.00194232
1946-01-30;-0.00442927;-0.00439284
1946-01-31;0.00031213;0.00034857
1946-02-01;0.00231566;0.00235210
1946-02-04;-0.00087692;-0.00076761
1946-02-05;0.00264863;0.00268507
1946-02-06;-0.00445920;-0.00442276
1946-02-07;-0.00006631;-0.00002987
1946-02-08;-0.00074687;-0.00071043
1946-02-11;-0.01075899;-0.01064967
1946-02-13;-0.00913997;-0.00906710
1946-02-14;0.00379961;0.00383604
1946-02-15;0.01215953;0.01219596
1946-02-18;-0.00225500;-0.00214568
1946-02-19;-0.02344458;-0.02340814
1946-02-20;-0.01184751;-0.01181107
1946-02-21;0.01266630;0.01270274
1946-02-25;-0.02915009;-0.02900433
1946-02-26;-0.00380315;-0.00376672
1946-02-27;0.01271456;0.01275099
1946-02-28;0.00468645;0.00472289
1946-03-01;-0.00064601;-0.00060957
1946-03-04;-0.00113280;-0.00102349
1946-03-05;0.00162091;0.00165734
1946-03-06;-0.00073638;-0.00069994
1946-03-07;0.00134010;0.00137654
1946-03-08;0.00132837;0.00136480
1946-03-11;-0.00102657;-0.00091726
1946-03-12;0.00034144;0.00037788
1946-03-13;-0.00242561;-0.00238917
1946-03-14;-0.00056014;-0.00052370
1946-03-15;0.00171186;0.00174830
1946-03-18;0.00255980;0.00266912
1946-03-19;-0.00107797;-0.00104153
1946-03-20;0.00114173;0.00117817
1946-03-21;0.00104474;0.00108118
1946-03-22;-0.00001631;0.00002013
1946-03-25;0.00320047;0.00330979
1946-03-26;-0.00010233;-0.00006590
1946-03-27;-0.00096309;-0.00092666
1946-03-28;-0.00018951;-0.00015307
1946-03-29;0.00091254;0.00094897
1946-04-01;0.00037581;0.00048513
1946-04-02;0.00021245;0.00024889
1946-04-03;0.00807174;0.00810818
1946-04-04;0.00510158;0.00513802
1946-04-05;-0.00106884;-0.00103240
1946-04-08;0.00189370;0.00200301
1946-04-09;0.00656064;0.00659708
1946-04-10;-0.00180487;-0.00176843
1946-04-11;-0.00105637;-0.00101994
1946-04-12;-0.00004967;-0.00001324
1946-04-15;-0.00393219;-0.00382287
1946-04-16;0.00630640;0.00634283
1946-04-17;-0.00080230;-0.00076586
1946-04-18;0.00145797;0.00149441
1946-04-22;-0.00069965;-0.00055390
1946-04-23;-0.00105264;-0.00101620
1946-04-24;-0.00482388;-0.00478744
1946-04-25;-0.00284185;-0.00280541
1946-04-26;0.00097168;0.00100812
1946-04-29;0.00341804;0.00352735
1946-04-30;0.00095820;0.00099464
1946-05-01;-0.00144137;-0.00140493
1946-05-02;-0.00255746;-0.00252102
1946-05-03;-0.00452564;-0.00448920
1946-05-06;-0.00580103;-0.00569172
1946-05-07;0.00706913;0.00710557
1946-05-08;-0.00117900;-0.00114256
1946-05-09;-0.00089973;-0.00086329
1946-05-10;0.00841044;0.00844687
1946-05-13;0.00122446;0.00133378
1946-05-14;-0.00337754;-0.00334110
1946-05-15;-0.00395628;-0.00391984
1946-05-16;0.00303417;0.00307061
1946-05-17;-0.00117116;-0.00113472
1946-05-20;0.00095517;0.00106448
1946-05-21;0.00106196;0.00109840
1946-05-22;0.00328791;0.00332435
1946-05-23;-0.00060813;-0.00057169
1946-05-24;-0.00005460;-0.00001816
1946-05-27;0.00371504;0.00382435
1946-05-28;0.00764566;0.00768210
1946-05-29;0.00130040;0.00133683
1946-05-31;-0.00202383;-0.00195095
1946-06-03;-0.00574260;-0.00563328
1946-06-04;-0.00518512;-0.00514868
1946-06-05;-0.00478974;-0.00475330
1946-06-06;-0.00051517;-0.00047873
1946-06-07;0.00034548;0.00038192
1946-06-10;0.00103575;0.00114506
1946-06-11;-0.00867542;-0.00863898
1946-06-12;0.00165156;0.00168800
1946-06-13;0.00468024;0.00471668
1946-06-14;-0.00051562;-0.00047918
1946-06-17;0.00060692;0.00071623
1946-06-18;-0.01127630;-0.01123986
1946-06-19;-0.00488612;-0.00484968
1946-06-20;-0.01808695;-0.01805051
1946-06-21;0.00889619;0.00893263
1946-06-24;0.00152165;0.00163097
1946-06-25;-0.00584602;-0.00580958
1946-06-26;-0.00142396;-0.00138752
1946-06-27;0.01243311;0.01246955
1946-06-28;0.00163450;0.00167094
1946-07-01;0.00156155;0.00167086
1946-07-02;-0.00017796;-0.00014152
1946-07-03;-0.00062520;-0.00058876
1946-07-05;-0.00095422;-0.00088135
1946-07-08;-0.00113599;-0.00102667
1946-07-09;0.00147536;0.00151180
1946-07-10;0.00041988;0.00045631
1946-07-11;-0.00152275;-0.00148631
1946-07-12;-0.00183125;-0.00179481
1946-07-15;-0.00492455;-0.00481524
1946-07-16;0.00027876;0.00031520
1946-07-17;0.00150801;0.00154445
1946-07-18;-0.00048753;-0.00045109
1946-07-19;-0.00094760;-0.00091116
1946-07-22;-0.00085501;-0.00074570
1946-07-23;-0.00834725;-0.00831081
1946-07-24;0.00028867;0.00032511
1946-07-25;0.00139880;0.00143524
1946-07-26;0.00154929;0.00158573
1946-07-29;0.00085464;0.00096395
1946-07-30;0.00153499;0.00157143
1946-07-31;0.00304008;0.00307652
1946-08-01;-0.00071216;-0.00067572
1946-08-02;-0.00014853;-0.00011209
1946-08-05;0.00151943;0.00162875
1946-08-06;0.00069791;0.00073435
1946-08-07;-0.00241528;-0.00237884
1946-08-08;-0.00113021;-0.00109377
1946-08-09;0.00082976;0.00086619
1946-08-12;-0.00044464;-0.00033533
1946-08-13;-0.00210624;-0.00206980
1946-08-14;0.00040807;0.00044451
1946-08-15;0.00290991;0.00294635
1946-08-16;0.00210052;0.00213696
1946-08-19;0.00040095;0.00051027
1946-08-20;-0.00142807;-0.00139163
1946-08-21;0.00239235;0.00242878
1946-08-22;0.00255791;0.00259434
1946-08-23;-0.00029614;-0.00025970
1946-08-26;0.00155807;0.00166739
1946-08-27;0.00795366;0.00799010
1946-08-28;0.00283173;0.00286817
1946-08-29;-0.00046159;-0.00042516
1946-08-30;0.00165036;0.00168680
1946-09-03;0.02332488;0.02347064
1946-09-04;-0.00723490;-0.00719846
1946-09-05;-0.00808694;-0.00805050
1946-09-06;0.00220327;0.00223971
1946-09-09;0.01232643;0.01243574
1946-09-10;0.00658693;0.00662337
1946-09-11;-0.00743800;-0.00740156
1946-09-12;0.00046223;0.00049867
1946-09-13;-0.00455786;-0.00452142
1946-09-16;-0.00140808;-0.00129876
1946-09-17;0.00182887;0.00186531
1946-09-18;0.00739582;0.00743226
1946-09-19;0.00747669;0.00751313
1946-09-20;-0.00592819;-0.00589175
1946-09-23;0.00446942;0.00457874
1946-09-24;-0.00507758;-0.00504114
1946-09-25;-0.00609154;-0.00605510
1946-09-26;-0.00266084;-0.00262440
1946-09-27;0.00246185;0.00249829
1946-09-30;0.00231166;0.00242098
1946-10-01;0.00080067;0.00083711
1946-10-02;-0.00163483;-0.00159839
1946-10-03;0.00039440;0.00043083
1946-10-04;0.00342981;0.00346625
1946-10-07;0.00222198;0.00233129
1946-10-08;0.00349533;0.00353177
1946-10-09;0.00854253;0.00857897
1946-10-10;-0.00451733;-0.00448089
1946-10-11;-0.00635479;-0.00631835
1946-10-14;-0.00168647;-0.00157716
1946-10-15;-0.01216601;-0.01212957
1946-10-16;0.00117885;0.00121528
1946-10-17;0.00456438;0.00460081
1946-10-18;0.00079797;0.00083441
1946-10-21;-0.00063653;-0.00052721
1946-10-22;0.00241495;0.00245139
1946-10-23;0.00223082;0.00226726
1946-10-24;-0.00021492;-0.00017848
1946-10-25;0.00163079;0.00166723
1946-10-28;0.00636240;0.00647172
1946-10-29;0.00272835;0.00276479
1946-10-30;-0.00128496;-0.00124852
1946-10-31;-0.01101717;-0.01098073
1946-11-01;-0.00438093;-0.00434450
1946-11-04;-0.00489384;-0.00478452
1946-11-06;0.01212635;0.01219922
1946-11-07;-0.00231646;-0.00228002
1946-11-08;-0.00115339;-0.00111695
1946-11-12;-0.00174576;-0.00160000
1946-11-13;0.00244549;0.00248193
1946-11-14;-0.00153278;-0.00149634
1946-11-15;0.00302206;0.00305850
1946-11-18;0.00284540;0.00295471
1946-11-19;0.00018443;0.00022087
1946-11-20;0.00212061;0.00215705
1946-11-21;0.00486789;0.00490433
1946-11-22;0.00157903;0.00161547
1946-11-25;-0.00362053;-0.00351121
1946-11-26;-0.00276875;-0.00273232
1946-11-27;-0.00196117;-0.00192473
1946-11-29;-0.00255174;-0.00247886
1946-12-02;0.00180598;0.00191530
1946-12-03;-0.00038832;-0.00035189
1946-12-04;-0.00176736;-0.00173093
1946-12-05;0.00060035;0.00063679
1946-12-06;-0.00045897;-0.00042253
1946-12-09;-0.00469736;-0.00458804
1946-12-10;-0.00000356;0.00003288
1946-12-11;-0.00029369;-0.00025725
1946-12-12;0.00151565;0.00155209
1946-12-13;-0.00015025;-0.00011382
1946-12-16;-0.00052343;-0.00041412
1946-12-17;0.00043392;0.00047035
1946-12-18;-0.00022317;-0.00018673
1946-12-19;-0.00175693;-0.00172049
1946-12-20;-0.00036317;-0.00032673
1946-12-23;0.00063452;0.00074384
1946-12-24;0.00028487;0.00032131
1946-12-26;0.00114962;0.00122249
1946-12-27;0.00014255;0.00017899
1946-12-30;0.00013562;0.00024494
1946-12-31;-0.00097582;-0.00093938
1947-01-02;-0.00098160;-0.00090872
1947-01-03;0.00055912;0.00059556
1947-01-06;0.00167059;0.00177990
1947-01-07;-0.00114619;-0.00110975
1947-01-08;0.00083957;0.00087601
1947-01-09;0.00026801;0.00030445
1947-01-10;-0.00190014;-0.00186370
1947-01-13;-0.00424694;-0.00413763
1947-01-14;0.00067296;0.00070940
1947-01-15;-0.00099383;-0.00095739
1947-01-16;0.00008325;0.00011969
1947-01-17;0.00283984;0.00287628
1947-01-20;-0.00052859;-0.00041928
1947-01-21;-0.00049966;-0.00046322
1947-01-22;0.00066515;0.00070159
1947-01-23;0.00143598;0.00147242
1947-01-24;0.00017632;0.00021276
1947-01-27;0.00119789;0.00130720
1947-01-28;0.00121788;0.00125432
1947-01-29;0.00167783;0.00171426
1947-01-30;-0.00048016;-0.00044373
1947-01-31;0.00054221;0.00057865
1947-02-03;0.00149598;0.00160529
1947-02-04;0.00031112;0.00034756
1947-02-05;0.00096790;0.00100433
1947-02-06;-0.00067188;-0.00063544
1947-02-07;0.00282513;0.00286157
1947-02-10;-0.00080776;-0.00069845
1947-02-11;0.00095438;0.00099082
1947-02-13;-0.00229309;-0.00222022
1947-02-14;-0.00078035;-0.00074391
1947-02-17;0.00016412;0.00027343
1947-02-18;-0.00001820;0.00001824
1947-02-19;-0.00209340;-0.00205696
1947-02-20;0.00031343;0.00034987
1947-02-21;0.00086446;0.00090090
1947-02-24;-0.00148166;-0.00137235
1947-02-25;-0.00223190;-0.00219546
1947-02-26;-0.00192417;-0.00188773
1947-02-27;0.00202231;0.00205875
1947-02-28;-0.00060794;-0.00057150
1947-03-03;0.00024611;0.00035542
1947-03-04;-0.00000657;0.00002986
1947-03-05;-0.00240214;-0.00236570
1947-03-06;-0.00079588;-0.00075944
1947-03-07;0.00641469;0.00645113
1947-03-10;0.00200951;0.00211882
1947-03-11;0.00176967;0.00180610
1947-03-12;-0.00124702;-0.00121058
1947-03-13;0.00054142;0.00057786
1947-03-14;0.00205392;0.00209035
1947-03-17;-0.00057476;-0.00046545
1947-03-18;-0.00263590;-0.00259946
1947-03-19;-0.00096301;-0.00092657
1947-03-20;0.00012943;0.00016586
1947-03-21;-0.00245619;-0.00241975
1947-03-24;0.00186305;0.00197236
1947-03-25;0.00121499;0.00125143
1947-03-26;-0.00287397;-0.00283754
1947-03-27;-0.00229580;-0.00225936
1947-03-28;0.00092564;0.00096208
1947-03-31;0.00210389;0.00221321
1947-04-01;-0.00168114;-0.00164471
1947-04-02;0.00026333;0.00029977
1947-04-03;0.00109459;0.00113102
1947-04-07;0.00355676;0.00370251
1947-04-08;0.00614988;0.00618632
1947-04-09;0.00027080;0.00030723
1947-04-10;-0.00029802;-0.00026158
1947-04-11;0.00311390;0.00315034
1947-04-14;0.01657268;0.01668200
1947-04-15;-0.00031170;-0.00027526
1947-04-16;-0.00418514;-0.00414870
1947-04-17;0.00057659;0.00061303
1947-04-18;0.00530490;0.00534134
1947-04-21;-0.01081327;-0.01070395
1947-04-22;-0.00322317;-0.00318673
1947-04-23;-0.00059268;-0.00055624
1947-04-24;0.00258915;0.00262559
1947-04-25;0.00289630;0.00293274
1947-04-28;0.00054546;0.00065478
1947-04-29;-0.00089375;-0.00085731
1947-04-30;-0.00529714;-0.00526070
1947-05-01;-0.00447906;-0.00444262
1947-05-02;-0.00404323;-0.00400679
1947-05-05;-0.00245509;-0.00234578
1947-05-06;0.00635053;0.00638697
1947-05-07;0.00038348;0.00041992
1947-05-08;0.00320267;0.00323911
1947-05-09;-0.00123368;-0.00119724
1947-05-12;0.00681249;0.00692180
1947-05-13;0.01265476;0.01269120
1947-05-14;0.00165219;0.00168863
1947-05-15;-0.00546556;-0.00542913
1947-05-16;0.01160512;0.01164156
1947-05-19;0.00798912;0.00809844
1947-05-20;-0.00259484;-0.00255840
1947-05-21;-0.01113272;-0.01109628
1947-05-22;-0.00421460;-0.00417816
1947-05-23;0.00789661;0.00793305
1947-05-26;-0.00596852;-0.00585921
1947-05-27;0.00081721;0.00085365
1947-05-28;-0.00922977;-0.00919333
1947-05-29;-0.00455732;-0.00452088
1947-06-02;0.00558572;0.00573148
1947-06-03;-0.00763733;-0.00760090
1947-06-04;0.00373992;0.00377636
1947-06-05;0.00036088;0.00039732
1947-06-06;-0.00418218;-0.00414574
1947-06-09;0.00295352;0.00306283
1947-06-10;-0.00530699;-0.00527055
1947-06-11;-0.01273993;-0.01270349
1947-06-12;0.00290775;0.00294419
1947-06-13;-0.00589947;-0.00586303
1947-06-16;-0.00150719;-0.00139787
1947-06-17;0.00215892;0.00219536
1947-06-18;-0.00001746;0.00001897
1947-06-19;-0.00657279;-0.00653636
1947-06-20;-0.00073717;-0.00070074
1947-06-23;-0.00292744;-0.00281812
1947-06-24;0.01070735;0.01074379
1947-06-25;-0.00439353;-0.00435710
1947-06-26;-0.00218806;-0.00215163
1947-06-27;-0.00001746;0.00001897
1947-06-30;-0.00335227;-0.00324296
1947-07-01;0.00301580;0.00305223
1947-07-02;-0.00025826;-0.00022183
1947-07-03;0.00189420;0.00193064
1947-07-07;0.00004087;0.00018662
1947-07-08;0.00069040;0.00072684
1947-07-09;-0.00178702;-0.00175058
1947-07-10;0.00188433;0.00192077
1947-07-11;0.00221821;0.00225465
1947-07-14;0.00098909;0.00109841
1947-07-15;-0.00036648;-0.00033004
1947-07-16;-0.00013530;-0.00009886
1947-07-17;-0.00199125;-0.00195481
1947-07-18;0.00115307;0.00118951
1947-07-21;-0.00064065;-0.00053134
1947-07-22;0.00079874;0.00083518
1947-07-23;0.00091149;0.00094792
1947-07-24;0.00194879;0.00198522
1947-07-25;-0.00047759;-0.00044115
1947-07-28;-0.00166587;-0.00155655
1947-07-29;-0.00407402;-0.00403758
1947-07-30;-0.00084851;-0.00081207
1947-07-31;0.00283444;0.00287088
1947-08-01;0.00050390;0.00054034
1947-08-04;-0.00242456;-0.00231525
1947-08-05;0.00064120;0.00067764
1947-08-06;-0.00068255;-0.00064611
1947-08-07;0.00024344;0.00027988
1947-08-08;-0.00280249;-0.00276605
1947-08-11;-0.00140738;-0.00129807
1947-08-12;0.00132921;0.00136565
1947-08-13;0.00118624;0.00122268
1947-08-14;-0.00068894;-0.00065250
1947-08-15;0.00145086;0.00148730
1947-08-18;-0.00112861;-0.00101929
1947-08-19;-0.00055618;-0.00051974
1947-08-20;-0.00095944;-0.00092300
1947-08-21;0.00051654;0.00055298
1947-08-22;0.00024671;0.00028315
1947-08-25;-0.00301419;-0.00290488
1947-08-26;-0.00002173;0.00001471
1947-08-27;0.00025023;0.00028667
1947-08-28;-0.00042914;-0.00039270
1947-08-29;0.00130355;0.00133999
1947-09-02;-0.00083831;-0.00069255
1947-09-03;0.00063527;0.00067171
1947-09-04;0.00305522;0.00309166
1947-09-05;0.00064504;0.00068148
1947-09-08;0.00390440;0.00401371
1947-09-09;-0.00050687;-0.00047044
1947-09-10;-0.00233167;-0.00229523
1947-09-11;-0.00017236;-0.00013592
1947-09-12;0.00081371;0.00085015
1947-09-15;0.00096548;0.00107480
1947-09-16;-0.00232544;-0.00228901
1947-09-17;-0.00328791;-0.00325147
1947-09-18;0.00096319;0.00099962
1947-09-19;0.00015457;0.00019101
1947-09-22;0.00030143;0.00041074
1947-09-23;0.00406235;0.00409879
1947-09-24;-0.00100115;-0.00096471
1947-09-25;0.00147595;0.00151239
1947-09-26;0.00082143;0.00085787
1947-09-29;-0.00152163;-0.00141231
1947-09-30;-0.00284223;-0.00280579
1947-10-01;-0.00177044;-0.00173400
1947-10-02;-0.00036652;-0.00033008
1947-10-03;-0.00246211;-0.00242567
1947-10-06;-0.00144175;-0.00133244
1947-10-07;-0.00001699;0.00001945
1947-10-08;0.00414448;0.00418092
1947-10-09;-0.00351232;-0.00347588
1947-10-10;-0.00105871;-0.00102228
1947-10-14;-0.00907855;-0.00893280
1947-10-15;-0.00138005;-0.00134362
1947-10-16;0.00066280;0.00069924
1947-10-17;-0.00035732;-0.00032088
1947-10-20;-0.00719329;-0.00708397
1947-10-21;0.00098978;0.00102622
1947-10-22;0.00233660;0.00237304
1947-10-23;-0.00035471;-0.00031827
1947-10-24;0.00673324;0.00676968
1947-10-27;-0.00107656;-0.00096724
1947-10-28;-0.00035819;-0.00032175
1947-10-29;0.00168795;0.00172439
1947-10-30;0.00545641;0.00549285
1947-10-31;-0.00353790;-0.00350146
1947-11-03;0.00048068;0.00059000
1947-11-05;-0.00235164;-0.00227876
1947-11-06;-0.00003095;0.00000548
1947-11-07;-0.00060786;-0.00057143
1947-11-10;0.00106322;0.00117253
1947-11-12;-0.00121348;-0.00114060
1947-11-13;-0.00292116;-0.00288472
1947-11-14;0.00055281;0.00058924
1947-11-17;-0.00009286;0.00001645
1947-11-18;0.00210527;0.00214171
1947-11-19;0.00074027;0.00077671
1947-11-20;0.00131517;0.00135161
1947-11-21;-0.00156239;-0.00152595
1947-11-24;-0.00182472;-0.00171541
1947-11-25;-0.00080521;-0.00076878
1947-11-26;-0.00138948;-0.00135304
1947-11-28;-0.00303340;-0.00296052
1947-12-01;-0.00186984;-0.00176052
1947-12-02;-0.00041635;-0.00037991
1947-12-03;0.00283212;0.00286856
1947-12-04;0.00183425;0.00187069
1947-12-05;0.00473135;0.00476779
1947-12-08;-0.00296076;-0.00285144
1947-12-09;-0.00104679;-0.00101035
1947-12-10;-0.00042321;-0.00038677
1947-12-11;0.00019660;0.00023303
1947-12-12;-0.00228192;-0.00224548
1947-12-15;-0.00351503;-0.00340572
1947-12-16;0.00039564;0.00043207
1947-12-17;-0.00061881;-0.00058237
1947-12-18;0.00100315;0.00103958
1947-12-19;-0.00102615;-0.00098971
1947-12-22;-0.00165020;-0.00154089
1947-12-23;-0.00121898;-0.00118254
1947-12-24;0.00019092;0.00022735
1947-12-26;0.00259162;0.00266450
1947-12-29;0.00159129;0.00170060
1947-12-30;-0.00367589;-0.00363945
1947-12-31;-0.00171985;-0.00168341
1948-01-02;0.00234422;0.00241709
1948-01-05;-0.00920450;-0.00909519
1948-01-06;-0.00330928;-0.00327285
1948-01-07;0.00504581;0.00508225
1948-01-08;0.00501877;0.00505520
1948-01-09;-0.00519661;-0.00516017
1948-01-12;-0.00414770;-0.00403838
1948-01-13;-0.01424093;-0.01420449
1948-01-14;-0.00010230;-0.00006586
1948-01-15;-0.00466716;-0.00463072
1948-01-16;-0.00075749;-0.00072105
1948-01-19;-0.01145262;-0.01134331
1948-01-20;0.00056091;0.00059735
1948-01-21;-0.01136925;-0.01133282
1948-01-22;-0.00814843;-0.00811199
1948-01-23;-0.00483494;-0.00479850
1948-01-26;-0.00234507;-0.00223575
1948-01-27;0.00125932;0.00129576
1948-01-28;0.01009564;0.01013208
1948-01-29;0.01066289;0.01069933
1948-01-30;0.00174254;0.00177898
1948-02-02;-0.00207244;-0.00196312
1948-02-03;0.00589474;0.00593117
1948-02-04;0.04104231;0.04107875
1948-02-05;-0.01386728;-0.01383084
1948-02-06;0.00065102;0.00068746
1948-02-09;-0.00828372;-0.00817440
1948-02-10;0.02839559;0.02843203
1948-02-11;0.00066624;0.00070268
1948-02-13;0.00203129;0.00210416
1948-02-16;-0.01337992;-0.01327060
1948-02-17;-0.00003105;0.00000539
1948-02-18;-0.00072089;-0.00068445
1948-02-19;0.00203700;0.00207344
1948-02-20;0.00411390;0.00415034
1948-02-24;-0.00289936;-0.00275361
1948-02-25;-0.00487373;-0.00483729
1948-02-26;0.00616428;0.00620072
1948-02-27;0.00340920;0.00344564
1948-03-01;-0.00673699;-0.00662768
1948-03-02;-0.00426847;-0.00423204
1948-03-03;-0.00049019;-0.00045376
1948-03-04;0.00419593;0.00423237
1948-03-05;-0.00143601;-0.00139957
1948-03-08;0.00323015;0.00333947
1948-03-09;0.00423498;0.00427142
1948-03-10;-0.00287710;-0.00284066
1948-03-11;0.00092658;0.00096302
1948-03-12;-0.00002128;0.00001515
1948-03-15;-0.00338611;-0.00327680
1948-03-16;0.01036812;0.01040456
1948-03-17;-0.00529856;-0.00526212
1948-03-18;-0.00382904;-0.00379260
1948-03-19;-0.01374569;-0.01370926
1948-03-22;-0.01768337;-0.01757405
1948-03-23;-0.00002128;0.00001515
1948-03-24;0.00043040;0.00046684
1948-03-25;-0.00273324;-0.00269680
1948-03-29;0.00216564;0.00231139
1948-03-30;-0.00769993;-0.00766350
1948-03-31;-0.00946562;-0.00942918
1948-04-01;0.00050932;0.00054576
1948-04-02;0.00037569;0.00041213
1948-04-05;0.00033295;0.00044227
1948-04-06;0.00129604;0.00133248
1948-04-07;-0.00067518;-0.00063874
1948-04-08;0.00050410;0.00054054
1948-04-09;0.00024087;0.00027731
1948-04-12;-0.00019369;-0.00008437
1948-04-13;0.00024070;0.00027714
1948-04-14;-0.00028232;-0.00024588
1948-04-15;0.00128742;0.00132386
1948-04-16;0.00062897;0.00066540
1948-04-19;0.00045534;0.00056465
1948-04-20;-0.00015021;-0.00011377
1948-04-21;0.00101355;0.00104999
1948-04-22;0.00178013;0.00181657
1948-04-23;0.00125404;0.00129048
1948-04-26;-0.00310359;-0.00299427
1948-04-27;0.00010767;0.00014411
1948-04-28;0.00023616;0.00027260
1948-04-29;-0.00066299;-0.00062655
1948-04-30;-0.00056966;-0.00053322
1948-05-03;0.00467255;0.00478187
1948-05-04;-0.00046866;-0.00043223
1948-05-05;-0.00369290;-0.00365646
1948-05-06;0.00520346;0.00523989
1948-05-07;0.00355177;0.00358820
1948-05-10;0.00339920;0.00350852
1948-05-11;0.00192102;0.00195746
1948-05-12;0.00072635;0.00076279
1948-05-13;0.00468172;0.00471816
1948-05-14;0.01524821;0.01528465
1948-05-17;0.00823541;0.00834472
1948-05-18;-0.00838741;-0.00835097
1948-05-19;-0.00083258;-0.00079614
1948-05-20;0.00338823;0.00342467
1948-05-21;0.00146086;0.00149730
1948-05-24;0.00132531;0.00143462
1948-05-25;-0.00044578;-0.00040934
1948-05-26;0.00563528;0.00567171
1948-05-27;-0.00006593;-0.00002949
1948-05-28;0.00029445;0.00033089
1948-06-01;0.00215642;0.00230217
1948-06-02;0.00091227;0.00094871
1948-06-03;-0.00208567;-0.00204924
1948-06-04;-0.00659634;-0.00655990
1948-06-07;-0.00278640;-0.00267708
1948-06-08;0.01408304;0.01411947
1948-06-09;0.00339591;0.00343234
1948-06-10;0.00040778;0.00044422
1948-06-11;0.00238877;0.00242521
1948-06-14;0.00072421;0.00083352
1948-06-15;0.00435167;0.00438811
1948-06-16;-0.00254122;-0.00250478
1948-06-17;-0.00107207;-0.00103564
1948-06-18;-0.00156593;-0.00152949
1948-06-21;-0.00865419;-0.00854488
1948-06-22;-0.00158354;-0.00154710
1948-06-23;0.00840297;0.00843941
1948-06-24;-0.00206561;-0.00202918
1948-06-25;-0.00306153;-0.00302509
1948-06-28;-0.01120591;-0.01109660
1948-06-29;0.00394392;0.00398036
1948-06-30;0.00240426;0.00244070
1948-07-01;-0.00158690;-0.00155046
1948-07-02;0.00564744;0.00568388
1948-07-06;-0.00026702;-0.00012127
1948-07-07;-0.00233209;-0.00229565
1948-07-08;0.00069105;0.00072749
1948-07-09;0.00409623;0.00413267
1948-07-12;-0.00170424;-0.00159492
1948-07-13;-0.00383560;-0.00379916
1948-07-14;0.00069150;0.00072794
1948-07-15;-0.01218447;-0.01214804
1948-07-16;-0.00894548;-0.00890905
1948-07-19;-0.02094953;-0.02084021
1948-07-20;0.00964592;0.00968236
1948-07-21;0.00511516;0.00515160
1948-07-22;0.00467791;0.00471435
1948-07-23;0.00228801;0.00232445
1948-07-26;-0.00606548;-0.00595617
1948-07-27;0.00664234;0.00667878
1948-07-28;-0.00436263;-0.00432619
1948-07-29;-0.00517822;-0.00514178
1948-07-30;-0.00806201;-0.00802557
1948-08-02;-0.00002238;0.00008694
1948-08-03;-0.00074161;-0.00070518
1948-08-04;-0.00366669;-0.00363025
1948-08-05;0.00085716;0.00089360
1948-08-06;-0.00044138;-0.00040494
1948-08-09;0.00228757;0.00239688
1948-08-10;0.00320056;0.00323700
1948-08-11;0.00102754;0.00106398
1948-08-12;-0.00060153;-0.00056509
1948-08-13;0.00014068;0.00017712
1948-08-16;-0.00061532;-0.00050600
1948-08-17;-0.00281674;-0.00278031
1948-08-18;-0.00000746;0.00002898
1948-08-19;-0.00073793;-0.00070149
1948-08-20;-0.00248328;-0.00244684
1948-08-23;0.00300379;0.00311311
1948-08-24;-0.00117548;-0.00113904
1948-08-25;0.00042836;0.00046480
1948-08-26;-0.00073519;-0.00069875
1948-08-27;-0.00102310;-0.00098666
1948-08-30;0.00185562;0.00196493
1948-08-31;0.00010147;0.00013791
1948-09-01;0.00280540;0.00284184
1948-09-02;0.00115276;0.00118920
1948-09-03;0.00041451;0.00045094
1948-09-07;0.00106990;0.00121566
1948-09-08;-0.00409908;-0.00406264
1948-09-09;-0.00387399;-0.00383755
1948-09-10;0.00027598;0.00031242
1948-09-13;-0.00202858;-0.00191926
1948-09-14;0.00179338;0.00182981
1948-09-15;-0.00032572;-0.00028928
1948-09-16;-0.00002496;0.00001148
1948-09-17;-0.00107895;-0.00104251
1948-09-20;-0.00446083;-0.00435151
1948-09-21;0.00166992;0.00170635
1948-09-22;0.00058700;0.00062344
1948-09-23;-0.00048276;-0.00044632
1948-09-24;0.00058660;0.00062304
1948-09-27;-0.00632737;-0.00621806
1948-09-28;0.00263751;0.00267394
1948-09-29;0.00291780;0.00295424
1948-09-30;-0.00097777;-0.00094133
1948-10-01;-0.00243697;-0.00240053
1948-10-04;-0.00242246;-0.00231314
1948-10-05;0.00038914;0.00042558
1948-10-06;-0.00027110;-0.00023466
1948-10-07;-0.00119499;-0.00115855
1948-10-08;0.00038715;0.00042359
1948-10-11;-0.00002011;0.00008920
1948-10-13;-0.00251254;-0.00243966
1948-10-14;-0.00065660;-0.00062016
1948-10-15;0.00025245;0.00028889
1948-10-18;-0.00092828;-0.00081896
1948-10-19;-0.00116930;-0.00113286
1948-10-20;-0.00077748;-0.00074104
1948-10-21;-0.00026269;-0.00022625
1948-10-22;-0.00320257;-0.00316613
1948-10-25;0.00035762;0.00046694
1948-10-26;-0.00013284;-0.00009640
1948-10-27;0.00024542;0.00028186
1948-10-28;0.00138166;0.00141810
1948-10-29;-0.00059077;-0.00055433
1948-11-01;0.00900976;0.00911908
1948-11-03;-0.03534611;-0.03527323
1948-11-04;0.00997994;0.01001638
1948-11-05;-0.03364997;-0.03361353
1948-11-08;0.00322177;0.00333109
1948-11-09;-0.02420464;-0.02416820
1948-11-10;-0.00058849;-0.00055205
1948-11-12;0.00187485;0.00194772
1948-11-15;0.01142989;0.01153920
1948-11-16;-0.00057983;-0.00054339
1948-11-17;-0.00208040;-0.00204396
1948-11-18;0.00192551;0.00196194
1948-11-19;0.00242033;0.00245677
1948-11-22;-0.00522471;-0.00511539
1948-11-23;-0.00108353;-0.00104709
1948-11-24;-0.01414688;-0.01411044
1948-11-26;-0.00016015;-0.00008727
1948-11-29;-0.00638207;-0.00627276
1948-11-30;-0.00224249;-0.00220605
1948-12-01;-0.00882867;-0.00879224
1948-12-02;0.00031705;0.00035349
1948-12-03;-0.00434891;-0.00431247
1948-12-06;-0.00335243;-0.00324311
1948-12-07;-0.00034429;-0.00030785
1948-12-08;0.00129617;0.00133261
1948-12-09;0.00097071;0.00100715
1948-12-10;-0.00166384;-0.00162741
1948-12-13;-0.00366137;-0.00355205
1948-12-14;0.00259297;0.00262941
1948-12-15;0.00260665;0.00264309
1948-12-16;0.00031354;0.00034998
1948-12-17;-0.00133515;-0.00129871
1948-12-20;0.00028084;0.00039015
1948-12-21;0.00162962;0.00166606
1948-12-22;-0.00034624;-0.00030980
1948-12-23;-0.00001603;0.00002041
1948-12-24;-0.00331601;-0.00327958
1948-12-27;0.00191893;0.00202825
1948-12-28;0.00360440;0.00364084
1948-12-29;-0.00664664;-0.00661020
1948-12-30;-0.00001603;0.00002041
1948-12-31;0.00257680;0.00261324
1949-01-03;0.00299657;0.00310588
1949-01-04;-0.00098654;-0.00095011
1949-01-05;-0.00159098;-0.00155454
1949-01-06;-0.00411599;-0.00407955
1949-01-07;-0.00130645;-0.00127001
1949-01-10;0.00115639;0.00126570
1949-01-11;0.00011228;0.00014872
1949-01-12;0.00034883;0.00038527
1949-01-13;0.00094183;0.00097827
1949-01-14;0.00178031;0.00181675
1949-01-17;-0.00170114;-0.00159182
1949-01-18;-0.00000587;0.00003056
1949-01-19;-0.00072081;-0.00068438
1949-01-20;-0.00071804;-0.00068160
1949-01-21;0.00034883;0.00038527
1949-01-24;0.00555015;0.00565947
1949-01-25;-0.00403765;-0.00400122
1949-01-26;0.00047231;0.00050874
1949-01-27;0.00047356;0.00051000
1949-01-28;0.00059499;0.00063143
1949-01-31;-0.00028779;-0.00017848
1949-02-01;0.00146990;0.00150633
1949-02-02;0.00010335;0.00013978
1949-02-03;-0.00038910;-0.00035266
1949-02-04;-0.00285649;-0.00282005
1949-02-07;-0.00419151;-0.00408220
1949-02-08;-0.00078790;-0.00075146
1949-02-09;0.00100845;0.00104489
1949-02-10;-0.00257661;-0.00254017
1949-02-11;-0.00027901;-0.00024257
1949-02-14;0.00058938;0.00069869
1949-02-15;0.00049748;0.00053392
1949-02-16;0.00101196;0.00104840
1949-02-17;0.00126291;0.00129934
1949-02-18;-0.00052946;-0.00049302
1949-02-21;-0.00069824;-0.00058893
1949-02-23;-0.00183426;-0.00176138
1949-02-24;-0.00234930;-0.00231287
1949-02-25;-0.00054395;-0.00050751
1949-02-28;0.00306111;0.00317043
1949-03-01;-0.00144070;-0.00140427
1949-03-02;0.00062564;0.00066207
1949-03-03;0.00030995;0.00034639
1949-03-04;-0.00032531;-0.00028887
1949-03-07;-0.00303781;-0.00292849
1949-03-08;-0.00047749;-0.00044106
1949-03-09;0.00046162;0.00049806
1949-03-10;-0.00016414;-0.00012770
1949-03-11;-0.00235604;-0.00231960
1949-03-14;-0.00079743;-0.00068811
1949-03-15;0.00138298;0.00141942
1949-03-16;0.00092507;0.00096151
1949-03-17;-0.00078770;-0.00075126
1949-03-18;0.00045911;0.00049555
1949-03-21;0.00106848;0.00117779
1949-03-22;0.00155825;0.00159469
1949-03-23;-0.00284483;-0.00280839
1949-03-24;-0.00031893;-0.00028249
1949-03-25;0.00123674;0.00127318
1949-03-28;-0.00064783;-0.00053852
1949-03-29;-0.00452979;-0.00449335
1949-03-30;0.00014551;0.00018195
1949-03-31;0.00228814;0.00232458
1949-04-01;0.00179965;0.00183609
1949-04-04;-0.00062895;-0.00051964
1949-04-05;0.00029549;0.00033193
1949-04-06;0.00059906;0.00063550
1949-04-07;-0.00015926;-0.00012282
1949-04-08;-0.00061482;-0.00057838
1949-04-11;-0.00032477;-0.00021546
1949-04-12;-0.00061239;-0.00057595
1949-04-13;0.00014361;0.00018005
1949-04-14;0.00044566;0.00048210
1949-04-18;-0.00123931;-0.00109356
1949-04-19;0.00089559;0.00093203
1949-04-20;0.00059704;0.00063348
1949-04-21;0.00377978;0.00381622
1949-04-22;0.00030084;0.00033728
1949-04-25;0.00028672;0.00039604
1949-04-26;-0.00124306;-0.00120663
1949-04-27;-0.00000727;0.00002917
1949-04-28;0.00106819;0.00110463
1949-04-29;-0.00036523;-0.00032879
1949-05-02;-0.00416475;-0.00405544
1949-05-03;-0.00409042;-0.00405398
1949-05-04;-0.00984809;-0.00981165
1949-05-05;0.00054364;0.00058008
1949-05-06;0.00511622;0.00515266
1949-05-09;0.00221739;0.00232671
1949-05-10;0.00343160;0.00346804
1949-05-11;-0.00176405;-0.00172761
1949-05-12;-0.00118286;-0.00114642
1949-05-13;-0.00060440;-0.00056796
1949-05-16;-0.00469463;-0.00458532
1949-05-17;0.00169280;0.00172924
1949-05-18;0.00227085;0.00230729
1949-05-19;0.00515767;0.00519411
1949-05-20;0.00402994;0.00406637
1949-05-23;0.00865332;0.00876264
1949-05-24;0.00467954;0.00471598
1949-05-25;-0.00416888;-0.00413244
1949-05-26;0.00056128;0.00059772
1949-05-27;0.00291844;0.00295488
1949-05-31;0.01880126;0.01894702
1949-06-01;0.00334089;0.00337733
1949-06-02;-0.00003067;0.00000577
1949-06-03;0.00605961;0.00609604
1949-06-06;0.01557173;0.01568104
1949-06-07;-0.00141540;-0.00137897
1949-06-08;-0.00625296;-0.00621653
1949-06-09;-0.00003067;0.00000577
1949-06-10;0.00821212;0.00824855
1949-06-13;0.01792254;0.01803186
1949-06-14;-0.00638613;-0.00634970
1949-06-15;-0.01826975;-0.01823331
1949-06-16;0.00341124;0.00344767
1949-06-17;-0.00141240;-0.00137597
1949-06-20;-0.01388942;-0.01378011
1949-06-21;-0.00071074;-0.00067430
1949-06-22;0.00268765;0.00272409
1949-06-23;-0.00480129;-0.00476485
1949-06-24;-0.00138694;-0.00135051
1949-06-27;0.00058516;0.00069448
1949-06-28;0.00810120;0.00813764
1949-06-29;-0.00618185;-0.00614541
1949-06-30;-0.00483595;-0.00479951
1949-07-01;-0.00209639;-0.00205995
1949-07-05;-0.00169572;-0.00154997
1949-07-06;-0.00371878;-0.00368234
1949-07-07;-0.00000947;0.00002697
1949-07-08;0.00019405;0.00023048
1949-07-11;-0.00002842;0.00008090
1949-07-12;-0.00204605;-0.00200962
1949-07-13;-0.00344796;-0.00341153
1949-07-14;-0.00020941;-0.00017297
1949-07-15;0.00058994;0.00062637
1949-07-18;-0.00082925;-0.00071994
1949-07-19;-0.00280482;-0.00276838
1949-07-20;-0.00060286;-0.00056642
1949-07-21;0.00137233;0.00140877
1949-07-22;0.00018886;0.00022529
1949-07-25;-0.00102072;-0.00091141
1949-07-26;-0.00238303;-0.00234659
1949-07-27;-0.00000947;0.00002697
1949-07-28;0.00038297;0.00041941
1949-07-29;-0.00005528;-0.00001884
1949-08-01;0.00146008;0.00156939
1949-08-02;0.00074124;0.00077768
1949-08-03;-0.00022307;-0.00018663
1949-08-04;-0.00041578;-0.00037934
1949-08-05;0.00421178;0.00424822
1949-08-08;0.00294931;0.00305863
1949-08-09;-0.00266418;-0.00262774
1949-08-10;0.00129816;0.00133460
1949-08-11;-0.00097544;-0.00093900
1949-08-12;-0.00135766;-0.00132123
1949-08-15;-0.00142496;-0.00131564
1949-08-16;0.00073466;0.00077110
1949-08-17;0.00321330;0.00324973
1949-08-18;0.00072427;0.00076070
1949-08-19;-0.00172471;-0.00168827
1949-08-22;-0.00084917;-0.00073986
1949-08-23;-0.00382712;-0.00379068
1949-08-24;0.00016171;0.00019815
1949-08-25;0.00073819;0.00077463
1949-08-26;0.00111956;0.00115600
1949-08-29;-0.00314694;-0.00303762
1949-08-30;0.00170606;0.00174250
1949-08-31;0.00016006;0.00019650
1949-09-01;0.00178004;0.00181648
1949-09-02;-0.00043250;-0.00039606
1949-09-06;-0.00032906;-0.00018331
1949-09-07;0.00197349;0.00200993
1949-09-08;0.00056562;0.00060206
1949-09-09;-0.00023103;-0.00019459
1949-09-12;0.00229155;0.00240086
1949-09-13;0.00431203;0.00434847
1949-09-14;-0.00022686;-0.00019042
1949-09-15;-0.00237008;-0.00233364
1949-09-16;0.00094947;0.00098590
1949-09-19;-0.00224915;-0.00213983
1949-09-20;-0.00712711;-0.00709068
1949-09-21;0.00440641;0.00444285
1949-09-22;0.00175770;0.00179413
1949-09-23;0.00135187;0.00138831
1949-09-26;-0.00088379;-0.00077447
1949-09-27;-0.00240019;-0.00236375
1949-09-28;0.00235431;0.00239075
1949-09-29;0.00174387;0.00178030
1949-09-30;-0.00086481;-0.00082837
1949-10-03;0.00089142;0.00100073
1949-10-04;0.00874989;0.00878633
1949-10-05;0.00165590;0.00169233
1949-10-06;0.00340167;0.00343811
1949-10-07;0.00048429;0.00052072
1949-10-10;-0.00145054;-0.00134122
1949-10-11;0.00804017;0.00807660
1949-10-13;-0.00019308;-0.00012020
1949-10-14;-0.00355313;-0.00351669
1949-10-17;-0.01069849;-0.01058918
1949-10-18;0.00633723;0.00637367
1949-10-19;0.00513090;0.00516734
1949-10-20;-0.00182917;-0.00179274
1949-10-21;-0.00298971;-0.00295327
1949-10-24;0.00087130;0.00098061
1949-10-25;0.00454129;0.00457773
1949-10-26;0.00624849;0.00628493
1949-10-27;0.00505929;0.00509573
1949-10-28;-0.00408428;-0.00404784
1949-10-31;-0.00262676;-0.00251745
1949-11-01;0.00294198;0.00297842
1949-11-02;0.00236063;0.00239707
1949-11-03;-0.00076139;-0.00072495
1949-11-04;-0.00149509;-0.00145865
1949-11-07;-0.00101323;-0.00090391
1949-11-09;0.00030634;0.00037922
1949-11-10;-0.00076816;-0.00073172
1949-11-14;-0.00215655;-0.00201080
1949-11-15;-0.00523772;-0.00520128
1949-11-16;0.00167197;0.00170841
1949-11-17;0.00222682;0.00226326
1949-11-18;0.00333040;0.00336684
1949-11-21;-0.00138657;-0.00127725
1949-11-22;0.00145258;0.00148901
1949-11-23;0.00070697;0.00074341
1949-11-25;-0.00171951;-0.00164664
1949-11-28;-0.00101951;-0.00091019
1949-11-29;-0.00058841;-0.00055198
1949-11-30;0.00071257;0.00074901
1949-12-01;0.00166698;0.00170342
1949-12-02;0.00240832;0.00244476
1949-12-05;0.00232522;0.00243454
1949-12-06;-0.00040127;-0.00036483
1949-12-07;0.00070801;0.00074445
1949-12-08;-0.00003181;0.00000463
1949-12-09;-0.00021631;-0.00017987
1949-12-12;0.00267381;0.00278313
1949-12-13;0.00124880;0.00128524
1949-12-14;0.00051472;0.00055115
1949-12-15;0.00015004;0.00018648
1949-12-16;-0.00039529;-0.00035885
1949-12-19;-0.00136912;-0.00125981
1949-12-20;-0.00112815;-0.00109172
1949-12-21;-0.00076536;-0.00072892
1949-12-22;0.00272568;0.00276211
1949-12-23;-0.00003181;0.00000463
1949-12-27;-0.00122029;-0.00107453
1949-12-28;0.00143087;0.00146730
1949-12-29;0.00033210;0.00036854
1949-12-30;0.00190249;0.00193892
1950-01-03;-0.00925820;-0.00911245
1950-01-04;0.01281656;0.01285300
1950-01-05;0.00526613;0.00530256
1950-01-06;0.00323079;0.00326723
1950-01-09;0.00632284;0.00643215
1950-01-10;-0.00343941;-0.00340297
1950-01-11;0.00387715;0.00391359
1950-01-12;-0.02202079;-0.02198435
1950-01-13;-0.00620984;-0.00617340
1950-01-16;0.00304500;0.00315432
1950-01-17;0.00937826;0.00941470
1950-01-18;-0.00079176;-0.00075532
1950-01-19;0.00122727;0.00126371
1950-01-20;0.00189802;0.00193446
1950-01-23;0.00098525;0.00109456
1950-01-24;-0.00414117;-0.00410473
1950-01-25;-0.00819194;-0.00815551
1950-01-26;-0.00079658;-0.00076015
1950-01-27;0.00598272;0.00601916
1950-01-30;0.01312982;0.01323913
1950-01-31;0.00187192;0.00190836
1950-02-01;-0.00010783;-0.00007139
1950-02-02;0.01074064;0.01077707
1950-02-03;0.00347055;0.00350699
1950-02-06;0.00145950;0.00156881
1950-02-07;-0.00544750;-0.00541106
1950-02-08;-0.00130062;-0.00126418
1950-02-09;0.00407180;0.00410824
1950-02-10;-0.00248651;-0.00245007
1950-02-14;-0.01116021;-0.01101446
1950-02-15;-0.00010783;-0.00007139
1950-02-16;-0.00432420;-0.00428776
1950-02-17;0.00956931;0.00960574
1950-02-20;0.00267241;0.00278173
1950-02-21;-0.00190014;-0.00186370
1950-02-23;0.00217827;0.00225114
1950-02-24;0.00407180;0.00410824
1950-02-27;-0.00032348;-0.00021416
1950-02-28;-0.00368388;-0.00364744
1950-03-01;0.00119438;0.00123082
1950-03-02;-0.00077437;-0.00073793
1950-03-03;0.00381811;0.00385454
1950-03-06;0.00160566;0.00171498
1950-03-07;-0.00795117;-0.00791473
1950-03-08;-0.00077589;-0.00073945
1950-03-09;-0.00801041;-0.00797397
1950-03-10;0.00120592;0.00124236
1950-03-13;0.00162862;0.00173793
1950-03-14;0.00846576;0.00850220
1950-03-15;0.01298860;0.01302503
1950-03-16;0.00247277;0.00250921
1950-03-17;-0.00270410;-0.00266766
1950-03-20;-0.00100372;-0.00089441
1950-03-21;0.00052960;0.00056603
1950-03-22;0.00635987;0.00639631
1950-03-23;0.00052553;0.00056197
1950-03-24;-0.00011862;-0.00008219
1950-03-27;-0.00679379;-0.00668447
1950-03-28;0.00441373;0.00445016
1950-03-29;-0.00592266;-0.00588623
1950-03-30;-0.00919372;-0.00915728
1950-03-31;-0.00077453;-0.00073809
1950-04-03;0.01575964;0.01586895
1950-04-04;0.00120348;0.00123992
1950-04-05;0.00517358;0.00521002
1950-04-06;0.00976207;0.00979851
1950-04-10;0.00408601;0.00423177
1950-04-11;-0.00663000;-0.00659356
1950-04-12;0.01231316;0.01234959
1950-04-13;0.00246828;0.00250472
1950-04-14;-0.00141411;-0.00137767
1950-04-17;-0.00554029;-0.00543097
1950-04-18;0.00962387;0.00966031
1950-04-19;0.00116673;0.00120317
1950-04-20;-0.00784508;-0.00780865
1950-04-21;0.00182182;0.00185826
1950-04-24;-0.00877441;-0.00866509
1950-04-25;-0.00012190;-0.00008546
1950-04-26;-0.00468268;-0.00464624
1950-04-27;0.00641918;0.00645562
1950-04-28;0.00637894;0.00641538
1950-05-01;0.01710829;0.01721760
1950-05-02;-0.00742019;-0.00738375
1950-05-03;0.01054630;0.01058274
1950-05-04;-0.01004513;-0.01000869
1950-05-05;0.00654022;0.00657666
1950-05-08;0.00293491;0.00304422
1950-05-09;-0.00012676;-0.00009032
1950-05-10;0.00119569;0.00123212
1950-05-11;-0.00012676;-0.00009032
1950-05-12;-0.00739228;-0.00735584
1950-05-15;0.00493569;0.00504501
1950-05-16;0.01178179;0.01181823
1950-05-17;0.00511427;0.00515070
1950-05-18;0.00248243;0.00251887
1950-05-19;0.00768395;0.00772039
1950-05-22;-0.00555398;-0.00544467
1950-05-23;0.00701766;0.00705410
1950-05-24;-0.00141811;-0.00138167
1950-05-25;-0.00012676;-0.00009032
1950-05-26;-0.00141949;-0.00138306
1950-05-29;0.00285500;0.00296431
1950-05-31;0.00361307;0.00368595
1950-06-01;-0.00072605;-0.00068961
1950-06-02;0.00109418;0.00113062
1950-06-05;-0.01187645;-0.01176713
1950-06-06;0.01702758;0.01706402
1950-06-07;0.00289705;0.00293349
1950-06-08;0.01251661;0.01255305
1950-06-09;0.00702190;0.00705834
1950-06-12;0.00792118;0.00803050
1950-06-13;-0.00892667;-0.00889023
1950-06-14;-0.01609591;-0.01605947
1950-06-15;-0.00312020;-0.00308376
1950-06-16;0.00228736;0.00232380
1950-06-19;-0.00336083;-0.00325151
1950-06-20;-0.00553787;-0.00550143
1950-06-21;0.01016405;0.01020049
1950-06-22;0.00947254;0.00950898
1950-06-23;-0.00130852;-0.00127208
1950-06-26;-0.06165581;-0.06154649
1950-06-27;-0.01269884;-0.01266240
1950-06-28;0.01260027;0.01263671
1950-06-29;-0.04226024;-0.04222381
1950-06-30;0.01613473;0.01617117
1950-07-03;-0.00059892;-0.00048960
1950-07-05;0.00179744;0.00187032
1950-07-06;0.00105053;0.00108697
1950-07-07;-0.00257495;-0.00253851
1950-07-10;-0.00092324;-0.00081392
1950-07-11;-0.00294661;-0.00291017
1950-07-12;-0.00497372;-0.00493728
1950-07-13;-0.00205435;-0.00201791
1950-07-14;0.00203627;0.00207271
1950-07-17;-0.00220738;-0.00209806
1950-07-18;0.00432363;0.00436007
1950-07-19;0.00333280;0.00336924
1950-07-20;0.00272571;0.00276215
1950-07-21;-0.00023655;-0.00020011
1950-07-24;-0.00125234;-0.00114302
1950-07-25;-0.00274688;-0.00271044
1950-07-26;0.00042262;0.00045906
1950-07-27;0.00251922;0.00255566
1950-07-28;0.00205005;0.00208648
1950-07-31;0.00155471;0.00166402
1950-08-01;0.00165114;0.00168757
1950-08-02;-0.00065973;-0.00062329
1950-08-03;0.00035115;0.00038759
1950-08-04;0.00136146;0.00139790
1950-08-07;0.00240928;0.00251860
1950-08-08;0.00043177;0.00046821
1950-08-09;0.00132636;0.00136279
1950-08-10;-0.00117251;-0.00113607
1950-08-11;-0.00180702;-0.00177058
1950-08-14;0.00003841;0.00014772
1950-08-15;0.00025389;0.00029033
1950-08-16;0.00016318;0.00019962
1950-08-17;0.00178598;0.00182242
1950-08-18;0.00123136;0.00126780
1950-08-21;0.00012499;0.00023431
1950-08-22;-0.00019421;-0.00015778
1950-08-23;0.00122200;0.00125844
1950-08-24;-0.00028095;-0.00024451
1950-08-25;-0.00221753;-0.00218109
1950-08-28;-0.00014125;-0.00003194
1950-08-29;0.00007189;0.00010833
1950-08-30;-0.00099849;-0.00096205
1950-08-31;-0.00010736;-0.00007092
1950-09-01;0.00112452;0.00116096
1950-09-05;0.00106561;0.00121136
1950-09-06;-0.00122916;-0.00119272
1950-09-07;0.00041922;0.00045566
1950-09-08;0.00137510;0.00141153
1950-09-11;-0.00125858;-0.00114926
1950-09-12;0.00224271;0.00227915
1950-09-13;0.00186872;0.00190516
1950-09-14;0.00074556;0.00078200
1950-09-15;0.00091063;0.00094707
1950-09-18;0.00061986;0.00072918
1950-09-19;-0.00051798;-0.00048154
1950-09-20;-0.00085457;-0.00081813
1950-09-21;0.00133017;0.00136661
1950-09-22;0.00056753;0.00060397
1950-09-25;-0.00021732;-0.00010800
1950-09-26;-0.00234897;-0.00231253
1950-09-27;0.00226464;0.00230108
1950-09-28;0.00006636;0.00010280
1950-09-29;0.00019383;0.00023027
1950-10-02;0.00796569;0.00807501
1950-10-03;-0.00107884;-0.00104240
1950-10-04;0.01138695;0.01142339
1950-10-05;-0.00371300;-0.00367657
1950-10-06;0.00759083;0.00762727
1950-10-09;-0.00415955;-0.00405023
1950-10-10;-0.00735650;-0.00732006
1950-10-11;0.00260977;0.00264621
1950-10-13;-0.00047259;-0.00039971
1950-10-16;-0.00488075;-0.00477143
1950-10-17;0.00598029;0.00601673
1950-10-18;0.00392719;0.00396363
1950-10-19;0.00026155;0.00029799
1950-10-20;-0.00205489;-0.00201845
1950-10-23;-0.00020854;-0.00009922
1950-10-24;0.00391317;0.00394961
1950-10-25;-0.00105923;-0.00102279
1950-10-26;-0.01460714;-0.01457070
1950-10-27;0.00533551;0.00537195
1950-10-30;-0.00556982;-0.00546050
1950-10-31;-0.00278254;-0.00274610
1950-11-01;0.00114096;0.00117740
1950-11-02;0.00684518;0.00688162
1950-11-03;0.00476515;0.00480159
1950-11-06;-0.01993054;-0.01982122
1950-11-08;0.00806847;0.00814135
1950-11-09;0.00929065;0.00932709
1950-11-10;0.00595897;0.00599541
1950-11-13;0.00254772;0.00265703
1950-11-14;-0.00605984;-0.00602341
1950-11-15;-0.00168934;-0.00165290
1950-11-16;-0.00410597;-0.00406953
1950-11-17;0.00557615;0.00561259
1950-11-20;0.00255899;0.00266831
1950-11-21;-0.00208371;-0.00204727
1950-11-22;0.01114485;0.01118129
1950-11-24;0.00615986;0.00623274
1950-11-27;-0.00574364;-0.00563433
1950-11-28;-0.02457715;-0.02454071
1950-11-29;-0.00782765;-0.00779121
1950-11-30;0.00563335;0.00566979
1950-12-01;0.00166423;0.00170067
1950-12-04;-0.00743636;-0.00732705
1950-12-05;0.00355756;0.00359400
1950-12-06;0.00156805;0.00160449
1950-12-07;-0.00058718;-0.00055074
1950-12-08;-0.00002303;0.00001341
1950-12-11;0.00355080;0.00366012
1950-12-12;-0.00046817;-0.00043173
1950-12-13;-0.00013454;-0.00009810
1950-12-14;-0.00270068;-0.00266424
1950-12-15;-0.00115250;-0.00111606
1950-12-18;0.00583453;0.00594385
1950-12-19;0.00119310;0.00122954
1950-12-20;0.00008692;0.00012336
1950-12-21;0.00008686;0.00012330
1950-12-22;0.00096551;0.00100195
1950-12-26;-0.00173229;-0.00158653
1950-12-27;0.00416337;0.00419981
1950-12-28;0.00084182;0.00087826
1950-12-29;0.00048828;0.00052472
1951-01-02;0.00919590;0.00934166
1951-01-03;-0.00224287;-0.00220643
1951-01-04;0.00487214;0.00490858
1951-01-05;-0.00005948;-0.00002304
1951-01-08;0.00335256;0.00346188
1951-01-09;0.00317973;0.00321617
1951-01-10;-0.00730630;-0.00726986
1951-01-11;0.00918431;0.00922075
1951-01-12;-0.00219959;-0.00216316
1951-01-15;0.00492358;0.00503290
1951-01-16;0.00419864;0.00423508
1951-01-17;0.00231785;0.00235429
1951-01-18;-0.00400516;-0.00396872
1951-01-19;-0.00111904;-0.00108260
1951-01-22;-0.00495537;-0.00484606
1951-01-23;0.00208164;0.00211808
1951-01-24;-0.00272581;-0.00268938
1951-01-25;-0.00354209;-0.00350566
1951-01-26;0.00614015;0.00617659
1951-01-29;0.01075352;0.01086283
1951-01-30;0.00177164;0.00180808
1951-01-31;-0.00214558;-0.00210914
1951-02-01;0.00281097;0.00284740
1951-02-02;0.00487339;0.00490982
1951-02-05;0.00599894;0.00610826
1951-02-06;-0.00209600;-0.00205956
1951-02-07;-0.00338090;-0.00334446
1951-02-08;0.00251087;0.00254731
1951-02-09;0.00198753;0.00202397
1951-02-13;0.00001771;0.00016346
1951-02-14;-0.00158820;-0.00155176
1951-02-15;-0.00312540;-0.00308896
1951-02-16;0.00328041;0.00331685
1951-02-19;-0.00783968;-0.00773036
1951-02-20;-0.00109491;-0.00105847
1951-02-21;0.00175633;0.00179277
1951-02-23;0.00143267;0.00150554
1951-02-26;0.00007992;0.00018924
1951-02-27;-0.00444057;-0.00440413
1951-02-28;0.00097216;0.00100860
1951-03-01;0.00144668;0.00148312
1951-03-02;0.00235076;0.00238720
1951-03-05;-0.00442784;-0.00431852
1951-03-06;-0.00006936;-0.00003292
1951-03-07;0.00205408;0.00209051
1951-03-08;0.00265203;0.00268847
1951-03-09;-0.00006936;-0.00003292
1951-03-12;-0.00773650;-0.00762718
1951-03-13;-0.00890294;-0.00886650
1951-03-14;-0.00500907;-0.00497263
1951-03-15;0.00117487;0.00121131
1951-03-16;0.01079717;0.01083360
1951-03-19;-0.00265168;-0.00254237
1951-03-20;-0.00129570;-0.00125926
1951-03-21;0.00361649;0.00365293
1951-03-22;0.00267970;0.00271613
1951-03-26;-0.00636115;-0.00621539
1951-03-27;-0.00068338;-0.00064694
1951-03-28;-0.00775178;-0.00771534
1951-03-29;0.00210701;0.00214345
1951-03-30;0.00454981;0.00458625
1951-04-02;-0.00222750;-0.00211818
1951-04-03;-0.00083756;-0.00080112
1951-04-04;0.00185927;0.00189571
1951-04-05;0.00385801;0.00389444
1951-04-06;0.00036673;0.00040317
1951-04-09;-0.00061871;-0.00050939
1951-04-10;-0.00042713;-0.00039069
1951-04-11;-0.00016263;-0.00012619
1951-04-12;0.00248903;0.00252546
1951-04-13;0.00338712;0.00342356
1951-04-16;-0.00073974;-0.00063043
1951-04-17;0.00062079;0.00065723
1951-04-18;0.00048943;0.00052587
1951-04-19;-0.00119696;-0.00116052
1951-04-20;-0.00003011;0.00000633
1951-04-23;0.00003986;0.00014918
1951-04-24;-0.00120119;-0.00116475
1951-04-25;0.00010055;0.00013699
1951-04-26;0.00245119;0.00248763
1951-04-27;0.00294781;0.00298425
1951-04-30;0.00036824;0.00047755
1951-05-01;0.00426421;0.00430065
1951-05-02;0.00381007;0.00384651
1951-05-03;0.00812481;0.00816125
1951-05-04;-0.00182048;-0.00178404
1951-05-07;-0.00633085;-0.00622153
1951-05-08;-0.00096846;-0.00093202
1951-05-09;0.00119689;0.00123332
1951-05-10;-0.00572722;-0.00569078
1951-05-11;-0.00793544;-0.00789900
1951-05-14;-0.00688817;-0.00677886
1951-05-15;-0.01865089;-0.01861445
1951-05-16;-0.00325380;-0.00321736
1951-05-17;0.00983238;0.00986882
1951-05-18;-0.01798534;-0.01794890
1951-05-21;-0.00258523;-0.00247592
1951-05-22;-0.00466717;-0.00463073
1951-05-23;-0.00927429;-0.00923785
1951-05-24;-0.00519479;-0.00515835
1951-05-25;-0.00103344;-0.00099700
1951-05-28;0.00807554;0.00818485
1951-05-29;0.00636268;0.00639911
1951-05-31;0.00749518;0.00756805
1951-06-01;0.00052194;0.00055838
1951-06-04;0.00316507;0.00327438
1951-06-05;-0.00121989;-0.00118345
1951-06-06;-0.00201853;-0.00198209
1951-06-07;-0.00107334;-0.00103690
1951-06-08;0.00091855;0.00095498
1951-06-11;-0.00162301;-0.00151369
1951-06-12;0.00118084;0.00121728
1951-06-13;-0.00040749;-0.00037105
1951-06-14;-0.00385429;-0.00381785
1951-06-15;-0.00262576;-0.00258932
1951-06-18;-0.00015712;-0.00004781
1951-06-19;0.00037959;0.00041603
1951-06-20;0.00141821;0.00145465
1951-06-21;0.00168620;0.00172264
1951-06-22;0.00300822;0.00304466
1951-06-25;0.00341988;0.00352920
1951-06-26;-0.00014337;-0.00010693
1951-06-27;-0.00094819;-0.00091175
1951-06-28;0.00360094;0.00363738
1951-06-29;0.00188579;0.00192223
1951-07-02;-0.00201521;-0.00190590
1951-07-03;-0.00184201;-0.00180557
1951-07-05;-0.00576301;-0.00569014
1951-07-06;-0.00000953;0.00002690
1951-07-09;-0.00126558;-0.00115626
1951-07-10;0.00135919;0.00139563
1951-07-11;-0.00069706;-0.00066062
1951-07-12;-0.00165579;-0.00161936
1951-07-13;-0.00246533;-0.00242889
1951-07-16;0.00335429;0.00346361
1951-07-17;-0.00261011;-0.00257368
1951-07-18;0.00053321;0.00056965
1951-07-19;0.00053420;0.00057064
1951-07-20;-0.00055427;-0.00051783
1951-07-23;-0.00301916;-0.00290984
1951-07-24;-0.00458529;-0.00454885
1951-07-25;0.00158097;0.00161741
1951-07-26;-0.00200835;-0.00197191
1951-07-27;-0.00080372;-0.00076729
1951-07-30;-0.00134873;-0.00123941
1951-07-31;0.00296956;0.00300599
1951-08-01;0.00126810;0.00130454
1951-08-02;0.00360624;0.00364267
1951-08-03;0.00031920;0.00035564
1951-08-06;0.00176460;0.00187392
1951-08-07;0.00020166;0.00023810
1951-08-08;-0.00117345;-0.00113702
1951-08-09;-0.00106337;-0.00102694
1951-08-10;-0.00060534;-0.00056890
1951-08-13;0.00003272;0.00014203
1951-08-14;-0.00118501;-0.00114857
1951-08-15;0.00101849;0.00105493
1951-08-16;0.00089858;0.00093502
1951-08-17;0.00077996;0.00081640
1951-08-20;-0.00019809;-0.00008878
1951-08-21;-0.00117845;-0.00114201
1951-08-22;-0.00095233;-0.00091589
1951-08-23;0.00171211;0.00174855
1951-08-24;-0.00025814;-0.00022170
1951-08-27;-0.00042905;-0.00031973
1951-08-28;0.00054971;0.00058615
1951-08-29;0.00204640;0.00208284
1951-08-30;0.00180157;0.00183800
1951-08-31;0.00037389;0.00041033
1951-09-04;-0.00039372;-0.00024796
1951-09-05;0.00554267;0.00557911
1951-09-06;0.00190420;0.00194064
1951-09-07;0.00229961;0.00233605
1951-09-10;0.00329260;0.00340192
1951-09-11;-0.00486405;-0.00482762
1951-09-12;0.00389320;0.00392964
1951-09-13;0.00427376;0.00431020
1951-09-14;-0.00088969;-0.00085325
1951-09-17;-0.00306702;-0.00295771
1951-09-18;-0.00128984;-0.00125340
1951-09-19;-0.00009843;-0.00006199
1951-09-20;-0.00089371;-0.00085727
1951-09-21;-0.00686405;-0.00682761
1951-09-24;-0.00430398;-0.00419466
1951-09-25;0.00312229;0.00315873
1951-09-26;0.00070399;0.00074043
1951-09-27;-0.00530973;-0.00527329
1951-09-28;-0.00052228;-0.00048584
1951-10-01;0.01049036;0.01059967
1951-10-02;0.00859393;0.00863037
1951-10-03;0.00751269;0.00754913
1951-10-04;-0.00366872;-0.00363229
1951-10-05;0.00291897;0.00295541
1951-10-08;-0.00189779;-0.00178848
1951-10-09;-0.00519542;-0.00515898
1951-10-10;-0.00216254;-0.00212610
1951-10-11;0.00446291;0.00449934
1951-10-15;0.00711436;0.00726012
1951-10-16;-0.00416460;-0.00412816
1951-10-17;-0.00417819;-0.00414175
1951-10-18;-0.00114271;-0.00110628
1951-10-19;-0.01792811;-0.01789167
1951-10-22;-0.02980557;-0.02969626
1951-10-23;0.00463639;0.00467283
1951-10-24;0.00988868;0.00992511
1951-10-25;-0.00378563;-0.00374919
1951-10-26;-0.00799159;-0.00795515
1951-10-29;-0.00671257;-0.00660325
1951-10-30;-0.00171810;-0.00168166
1951-10-31;0.01468421;0.01472065
1951-11-01;0.00248816;0.00252460
1951-11-02;-0.00270347;-0.00266703
1951-11-05;-0.00185151;-0.00174220
1951-11-07;-0.00531363;-0.00524075
1951-11-08;-0.00036009;-0.00032366
1951-11-09;0.00447525;0.00451169
1951-11-13;0.00048480;0.00063055
1951-11-14;0.00091554;0.00095198
1951-11-15;-0.00019651;-0.00016007
1951-11-16;-0.00035516;-0.00031872
1951-11-19;-0.00154246;-0.00143314
1951-11-20;-0.00083473;-0.00079829
1951-11-21;-0.00067679;-0.00064035
1951-11-23;-0.00391547;-0.00384259
1951-11-26;0.00037106;0.00048037
1951-11-27;0.00367593;0.00371236
1951-11-28;-0.00083719;-0.00080075
1951-11-29;0.00092313;0.00095957
1951-11-30;0.00331383;0.00335027
1951-12-03;0.00172076;0.00183008
1951-12-04;0.00177775;0.00181419
1951-12-05;-0.00100353;-0.00096709
1951-12-06;0.00371871;0.00375514
1951-12-07;0.00051583;0.00055227
1951-12-10;0.00044760;0.00055692
1951-12-11;-0.00167643;-0.00163999
1951-12-12;0.00092959;0.00096602
1951-12-13;0.00024074;0.00027718
1951-12-14;-0.00030779;-0.00027135
1951-12-17;0.00044784;0.00055715
1951-12-18;0.00106202;0.00109846
1951-12-19;0.00105829;0.00109472
1951-12-20;-0.00003364;0.00000280
1951-12-21;-0.00084981;-0.00081337
1951-12-24;0.00030820;0.00041751
1951-12-26;-0.00142930;-0.00135642
1951-12-27;0.00283878;0.00287522
1951-12-28;0.00050863;0.00054507
1951-12-31;0.00093272;0.00104203
1952-01-02;0.00099927;0.00107215
1952-01-03;0.00309251;0.00312895
1952-01-04;0.00149108;0.00152752
1952-01-07;-0.00069597;-0.00058665
1952-01-08;-0.00367431;-0.00363787
1952-01-09;-0.00328913;-0.00325269
1952-01-10;0.00470069;0.00473713
1952-01-11;0.00467655;0.00471299
1952-01-14;0.00682950;0.00693881
1952-01-15;-0.00403039;-0.00399396
1952-01-16;0.00108447;0.00112091
1952-01-17;0.00423673;0.00427317
1952-01-18;0.00186247;0.00189891
1952-01-21;0.00792498;0.00803429
1952-01-22;0.00766542;0.00770185
1952-01-23;-0.00472090;-0.00468447
1952-01-24;0.00067433;0.00071076
1952-01-25;-0.00048632;-0.00044988
1952-01-28;0.00202203;0.00213134
1952-01-29;-0.00164320;-0.00160676
1952-01-30;-0.01324116;-0.01320473
1952-01-31;-0.00364367;-0.00360724
1952-02-01;0.00758096;0.00761740
1952-02-04;-0.00897456;-0.00886524
1952-02-05;-0.00060378;-0.00056734
1952-02-06;0.00325227;0.00328870
1952-02-07;-0.00348640;-0.00344996
1952-02-08;0.00614445;0.00618089
1952-02-11;-0.00659864;-0.00648932
1952-02-13;-0.00940248;-0.00932961
1952-02-14;-0.00255125;-0.00251481
1952-02-15;-0.00060883;-0.00057239
1952-02-18;-0.00621082;-0.00610151
1952-02-19;-0.01872460;-0.01868816
1952-02-20;-0.01355464;-0.01351820
1952-02-21;0.00340132;0.00343776
1952-02-25;0.00302483;0.00317058
1952-02-26;-0.00412428;-0.00408784
1952-02-27;0.00138411;0.00142055
1952-02-28;0.00539312;0.00542956
1952-02-29;-0.00167868;-0.00164224
1952-03-03;0.00038660;0.00049591
1952-03-04;0.00659830;0.00663473
1952-03-05;0.00046074;0.00049718
1952-03-06;-0.00037608;-0.00033965
1952-03-07;0.00046053;0.00049697
1952-03-10;-0.00213083;-0.00202152
1952-03-11;0.00029443;0.00033087
1952-03-12;0.00180502;0.00184146
1952-03-13;0.00029259;0.00032902
1952-03-14;-0.00004161;-0.00000517
1952-03-17;0.00271344;0.00282275
1952-03-18;-0.00087046;-0.00083402
1952-03-19;-0.00087219;-0.00083575
1952-03-20;0.00112365;0.00116009
1952-03-21;0.00062230;0.00065874
1952-03-24;-0.00012482;-0.00001551
1952-03-25;-0.00236142;-0.00232498
1952-03-26;-0.00020828;-0.00017184
1952-03-27;0.00346005;0.00349649
1952-03-28;0.00309883;0.00313527
1952-03-31;0.00293547;0.00304478
1952-04-01;-0.00875231;-0.00871587
1952-04-02;-0.00286484;-0.00282840
1952-04-03;-0.00011623;-0.00007979
1952-04-04;-0.00470864;-0.00467221
1952-04-07;-0.01049407;-0.01038475
1952-04-08;0.00500334;0.00503978
1952-04-09;0.00127359;0.00131003
1952-04-10;0.00774957;0.00778601
1952-04-14;-0.00781584;-0.00767008
1952-04-15;-0.01399126;-0.01395483
1952-04-16;-0.00339481;-0.00335837
1952-04-17;-0.00810212;-0.00806568
1952-04-18;0.00414230;0.00417873
1952-04-21;0.00860710;0.00871641
1952-04-22;-0.00525958;-0.00522314
1952-04-23;-0.00481381;-0.00477738
1952-04-24;-0.00247503;-0.00243859
1952-04-25;0.00508419;0.00512063
1952-04-28;0.00012186;0.00023118
1952-04-29;-0.00293837;-0.00290193
1952-04-30;-0.00824729;-0.00821085
1952-05-01;0.00231155;0.00234799
1952-05-02;-0.00609082;-0.00605438
1952-05-05;-0.00156771;-0.00145839
1952-05-06;-0.00016423;-0.00012779
1952-05-07;-0.00214777;-0.00211133
1952-05-08;-0.00077002;-0.00073358
1952-05-09;0.00029116;0.00032760
1952-05-12;0.00132874;0.00143806
1952-05-13;-0.00046779;-0.00043135
1952-05-14;0.00150722;0.00154366
1952-05-15;0.00120859;0.00124503
1952-05-16;0.00060057;0.00063701
1952-05-19;-0.00080122;-0.00069190
1952-05-20;-0.00200023;-0.00196379
1952-05-21;-0.00062012;-0.00058368
1952-05-22;-0.00198601;-0.00194957
1952-05-23;0.00029053;0.00032697
1952-05-26;-0.00079063;-0.00068132
1952-05-27;0.00089361;0.00093005
1952-05-28;0.00059340;0.00062983
1952-05-29;-0.00043778;-0.00040134
1952-06-02;-0.00357539;-0.00342964
1952-06-03;-0.00115175;-0.00111532
1952-06-04;0.00858263;0.00861907
1952-06-05;0.00750331;0.00753975
1952-06-06;0.00796140;0.00799783
1952-06-09;0.00514112;0.00525044
1952-06-10;-0.00712753;-0.00709109
1952-06-11;0.00389507;0.00393151
1952-06-12;-0.00012785;-0.00009141
1952-06-13;0.00287941;0.00291585
1952-06-16;-0.00388340;-0.00377408
1952-06-17;0.00137640;0.00141284
1952-06-18;0.00488013;0.00491657
1952-06-19;0.00386214;0.00389858
1952-06-20;0.00384911;0.00388555
1952-06-23;-0.00187007;-0.00176075
1952-06-24;0.00185658;0.00189302
1952-06-25;0.00284396;0.00288040
1952-06-26;0.00431902;0.00435546
1952-06-27;0.00381055;0.00384699
1952-06-30;0.00599176;0.00610108
1952-07-01;0.00800296;0.00803940
1952-07-02;-0.00316481;-0.00312837
1952-07-03;-0.00063966;-0.00060322
1952-07-07;-0.00458619;-0.00444044
1952-07-08;-0.00064149;-0.00060505
1952-07-09;-0.00521828;-0.00518184
1952-07-10;-0.00268596;-0.00264952
1952-07-11;0.00856374;0.00860018
1952-07-14;0.00214096;0.00225028
1952-07-15;0.00645895;0.00649539
1952-07-16;-0.00013318;-0.00009674
1952-07-17;-0.00568232;-0.00564588
1952-07-18;-0.01026683;-0.01023039
1952-07-21;0.00470805;0.00481737
1952-07-22;0.00241038;0.00244682
1952-07-23;0.00545147;0.00548791
1952-07-24;0.00643795;0.00647439
1952-07-25;-0.00415613;-0.00411969
1952-07-28;0.00161832;0.00172763
1952-07-29;0.00288881;0.00292525
1952-07-30;0.00539399;0.00543042
1952-07-31;0.00132887;0.00136531
1952-08-01;0.00329276;0.00332920
1952-08-04;-0.00194474;-0.00183543
1952-08-05;0.00189903;0.00193547
1952-08-06;-0.00157339;-0.00153695
1952-08-07;0.00537090;0.00540734
1952-08-08;0.00189168;0.00192812
1952-08-11;-0.00263086;-0.00252154
1952-08-12;-0.01472499;-0.01468855
1952-08-13;-0.00227972;-0.00224328
1952-08-14;-0.00018540;-0.00014897
1952-08-15;-0.00577688;-0.00574044
1952-08-18;-0.01878619;-0.01867688
1952-08-19;-0.00372772;-0.00369128
1952-08-20;0.00407391;0.00411035
1952-08-21;0.00193913;0.00197557
1952-08-22;0.00052192;0.00055836
1952-08-25;-0.00904075;-0.00893144
1952-08-26;-0.00302723;-0.00299079
1952-08-27;0.00764221;0.00767865
1952-08-28;0.00193998;0.00197642
1952-08-29;0.00396658;0.00400302
1952-09-02;0.00247515;0.00262090
1952-09-03;0.00219037;0.00222681
1952-09-04;-0.00028345;-0.00024702
1952-09-05;-0.00073189;-0.00069545
1952-09-08;-0.00242250;-0.00231319
1952-09-09;-0.00569268;-0.00565625
1952-09-10;-0.00392855;-0.00389211
1952-09-11;0.00062813;0.00066456
1952-09-12;-0.00028826;-0.00025182
1952-09-15;-0.00613160;-0.00602228
1952-09-16;0.00179195;0.00182839
1952-09-17;0.00109393;0.00113037
1952-09-18;-0.00167071;-0.00163427
1952-09-19;0.00132572;0.00136216
1952-09-22;0.00028246;0.00039177
1952-09-23;0.00247170;0.00250814
1952-09-24;0.00200228;0.00203872
1952-09-25;0.00039711;0.00043355
1952-09-26;-0.00188383;-0.00184739
1952-09-29;-0.00132209;-0.00121277
1952-09-30;-0.00335335;-0.00331691
1952-10-01;0.00124435;0.00128079
1952-10-02;-0.00085918;-0.00082274
1952-10-03;0.00040411;0.00044054
1952-10-06;0.00121335;0.00132266
1952-10-07;0.00082750;0.00086393
1952-10-08;-0.00382087;-0.00378443
1952-10-09;0.00019327;0.00022971
1952-10-10;0.00040325;0.00043969
1952-10-14;0.00140430;0.00155006
1952-10-15;0.00883126;0.00886770
1952-10-16;0.00319855;0.00323499
1952-10-17;-0.00627136;-0.00623492
1952-10-20;0.00144210;0.00155142
1952-10-21;0.00126577;0.00130221
1952-10-22;0.00576822;0.00580466
1952-10-23;-0.00153329;-0.00149686
1952-10-24;-0.00347325;-0.00343681
1952-10-27;-0.00133723;-0.00122792
1952-10-28;-0.00087282;-0.00083638
1952-10-29;-0.00044397;-0.00040753
1952-10-30;-0.00001653;0.00001991
1952-10-31;-0.00798854;-0.00795210
1952-11-03;0.00116376;0.00127307
1952-11-05;0.00104052;0.00111339
1952-11-06;0.00155883;0.00159527
1952-11-07;0.00011795;0.00015439
1952-11-10;-0.00028359;-0.00017428
1952-11-12;-0.00199540;-0.00192253
1952-11-13;0.00091951;0.00095594
1952-11-14;0.00059764;0.00063408
1952-11-17;0.00067327;0.00078258
1952-11-18;0.00568929;0.00572573
1952-11-19;0.00262603;0.00266246
1952-11-20;-0.00082070;-0.00078427
1952-11-21;-0.00019759;-0.00016115
1952-11-24;0.00221911;0.00232843
1952-11-25;-0.00097325;-0.00093681
1952-11-26;0.00244932;0.00248576
1952-11-28;0.00202608;0.00209896
1952-12-01;0.00052179;0.00063111
1952-12-02;0.00250607;0.00254251
1952-12-03;-0.00142674;-0.00139030
1952-12-04;-0.00448592;-0.00444948
1952-12-05;0.00032067;0.00035711
1952-12-08;0.00578327;0.00589258
1952-12-09;0.00729348;0.00732992
1952-12-10;0.00204767;0.00208411
1952-12-11;-0.00098238;-0.00094594
1952-12-12;0.00334297;0.00337941
1952-12-15;-0.00035352;-0.00024421
1952-12-16;0.00117598;0.00121241
1952-12-17;-0.00141017;-0.00137373
1952-12-18;-0.00054911;-0.00051268
1952-12-19;0.00505942;0.00509585
1952-12-22;0.00608835;0.00619766
1952-12-23;-0.00481494;-0.00477850
1952-12-24;0.00073976;0.00077620
1952-12-26;0.00147822;0.00155109
1952-12-29;0.00606381;0.00617312
1952-12-30;0.00796459;0.00800103
1952-12-31;-0.00096951;-0.00093307
1953-01-02;-0.00162329;-0.00155042
1953-01-05;0.00510000;0.00520932
1953-01-06;-0.00831267;-0.00827623
1953-01-07;-0.00516344;-0.00512700
1953-01-08;-0.00196621;-0.00192977
1953-01-09;-0.01163839;-0.01160195
1953-01-12;-0.01060858;-0.01049927
1953-01-13;0.00737384;0.00741027
1953-01-14;0.00266838;0.00270482
1953-01-15;0.00219709;0.00223353
1953-01-16;-0.00523090;-0.00519446
1953-01-19;-0.00084758;-0.00073826
1953-01-20;0.00593224;0.00596868
1953-01-21;-0.00244618;-0.00240975
1953-01-22;0.00126683;0.00130327
1953-01-23;-0.00244796;-0.00241152
1953-01-26;-0.00270684;-0.00259752
1953-01-27;0.00127058;0.00130702
1953-01-28;0.00359596;0.00363239
1953-01-29;0.00312059;0.00315702
1953-01-30;0.00814645;0.00818289
1953-02-02;0.00230986;0.00241918
1953-02-03;0.00051409;0.00055052
1953-02-04;-0.00231648;-0.00228005
1953-02-05;-0.00516955;-0.00513311
1953-02-06;0.00684059;0.00687703
1953-02-09;-0.01564542;-0.01553610
1953-02-10;-0.00141687;-0.00138043
1953-02-11;0.00033833;0.00037477
1953-02-13;0.00184776;0.00192064
1953-02-16;-0.00190835;-0.00179904
1953-02-17;-0.00298066;-0.00294423
1953-02-18;-0.00044525;-0.00040881
1953-02-19;0.00171606;0.00175249
1953-02-20;0.00112237;0.00115881
1953-02-24;0.00213417;0.00227992
1953-02-25;0.00305866;0.00309510
1953-02-26;0.00072046;0.00075690
1953-02-27;-0.00102932;-0.00099289
1953-03-02;0.00029229;0.00040160
1953-03-03;0.00089909;0.00093552
1953-03-04;-0.00296842;-0.00293198
1953-03-05;0.00009805;0.00013449
1953-03-06;0.00063544;0.00067188
1953-03-09;-0.00024318;-0.00013387
1953-03-10;0.00103686;0.00107330
1953-03-11;0.00277215;0.00280858
1953-03-12;0.00009630;0.00013274
1953-03-13;0.00062670;0.00066314
1953-03-16;0.00042036;0.00052967
1953-03-17;0.00141737;0.00145381
1953-03-18;-0.00122081;-0.00118437
1953-03-19;-0.00030047;-0.00026404
1953-03-20;-0.00056499;-0.00052855
1953-03-23;-0.00222683;-0.00211751
1953-03-24;0.00196124;0.00199767
1953-03-25;-0.00096323;-0.00092679
1953-03-26;-0.00202783;-0.00199139
1953-03-27;0.00049777;0.00053421
1953-03-30;-0.00517550;-0.00506618
1953-03-31;-0.00441810;-0.00438166
1953-04-01;0.00049557;0.00053201
1953-04-02;0.00024306;0.00027950
1953-04-06;0.00781793;0.00796368
1953-04-07;-0.00130976;-0.00127332
1953-04-08;-0.00285759;-0.00282115
1953-04-09;0.00063116;0.00066760
1953-04-10;0.00076099;0.00079743
1953-04-13;0.00061350;0.00072282
1953-04-14;-0.00117225;-0.00113581
1953-04-15;-0.00129669;-0.00126025
1953-04-16;0.00063039;0.00066683
1953-04-17;0.00371292;0.00374936
1953-04-20;-0.00145963;-0.00135031
1953-04-21;0.00076567;0.00080211
1953-04-22;0.00271207;0.00274851
1953-04-23;0.00351993;0.00355636
1953-04-24;-0.00014246;-0.00010602
1953-04-27;-0.00188088;-0.00177157
1953-04-28;-0.00237531;-0.00233887
1953-04-29;-0.00209709;-0.00206065
1953-04-30;0.00076416;0.00080060
1953-05-01;-0.00126136;-0.00122492
1953-05-04;-0.00308729;-0.00297798
1953-05-05;-0.00034535;-0.00030891
1953-05-06;0.00032698;0.00036341
1953-05-07;0.00111223;0.00114867
1953-05-08;-0.00000899;0.00002745
1953-05-11;-0.00013953;-0.00003021
1953-05-12;0.00190397;0.00194041
1953-05-13;0.00033091;0.00036735
1953-05-14;-0.00159711;-0.00156067
1953-05-15;0.00010381;0.00014025
1953-05-18;0.00098864;0.00109795
1953-05-19;0.00055729;0.00059372
1953-05-20;-0.00261910;-0.00258267
1953-05-21;-0.00147066;-0.00143422
1953-05-22;0.00032657;0.00036301
1953-05-25;0.00042099;0.00053031
1953-05-26;0.00133701;0.00137345
1953-05-27;0.00258329;0.00261973
1953-05-28;0.00203869;0.00207513
1953-05-29;-0.00092974;-0.00089330
1953-06-01;0.00523423;0.00534354
1953-06-02;-0.00097108;-0.00093464
1953-06-03;0.00053663;0.00057306
1953-06-04;0.00204495;0.00208139
1953-06-05;-0.00083798;-0.00080155
1953-06-08;0.00106854;0.00117785
1953-06-09;0.00564773;0.00568417
1953-06-10;0.00083182;0.00086825
1953-06-11;-0.00296667;-0.00293023
1953-06-12;-0.00098726;-0.00095082
1953-06-15;0.00275032;0.00285964
1953-06-16;0.00097139;0.00100783
1953-06-17;-0.00423175;-0.00419531
1953-06-18;0.00012831;0.00016475
1953-06-19;-0.00001062;0.00002582
1953-06-22;-0.00169978;-0.00159046
1953-06-23;-0.00222337;-0.00218693
1953-06-24;0.00040152;0.00043795
1953-06-25;-0.00138612;-0.00134969
1953-06-26;-0.00028459;-0.00024815
1953-06-29;0.00092621;0.00103553
1953-06-30;-0.00006507;-0.00002863
1953-07-01;-0.00429737;-0.00426093
1953-07-02;-0.00300574;-0.00296931
1953-07-03;-0.00215027;-0.00211384
1953-07-06;-0.00094417;-0.00083485
1953-07-07;-0.00552211;-0.00548567
1953-07-08;0.00038700;0.00042344
1953-07-09;0.00290820;0.00294464
1953-07-10;0.00080975;0.00084619
1953-07-13;0.01002229;0.01013161
1953-07-14;0.00380017;0.00383661
1953-07-15;-0.00302550;-0.00298906
1953-07-16;-0.00131178;-0.00127534
1953-07-17;-0.00727044;-0.00723400
1953-07-20;0.00539688;0.00550620
1953-07-21;0.00251717;0.00255361
1953-07-22;-0.00131125;-0.00127481
1953-07-23;-0.00173522;-0.00169878
1953-07-24;-0.00003300;0.00000344
1953-07-27;0.00669866;0.00680797
1953-07-28;-0.00174371;-0.00170727
1953-07-29;-0.00643751;-0.00640108
1953-07-30;-0.00979254;-0.00975610
1953-07-31;-0.01101409;-0.01097766
1953-08-03;-0.00134510;-0.00123578
1953-08-04;0.00085891;0.00089535
1953-08-05;0.00144273;0.00147917
1953-08-06;-0.00176376;-0.00172732
1953-08-07;0.00027907;0.00031551
1953-08-10;0.00040163;0.00051094
1953-08-11;0.00042526;0.00046170
1953-08-12;-0.00088624;-0.00084980
1953-08-13;0.00071559;0.00075203
1953-08-14;0.00159139;0.00162783
1953-08-17;0.00084359;0.00095290
1953-08-18;0.00145576;0.00149220
1953-08-19;0.00219841;0.00223485
1953-08-20;0.00028493;0.00032137
1953-08-21;-0.00090172;-0.00086528
1953-08-24;0.00381325;0.00392257
1953-08-25;0.00238195;0.00241839
1953-08-26;0.00104261;0.00107904
1953-08-27;0.00104570;0.00108214
1953-08-28;0.00074585;0.00078229
1953-08-31;0.00628325;0.00639257
1953-09-01;-0.00475031;-0.00471388
1953-09-02;-0.00660816;-0.00657172
1953-09-03;0.00229827;0.00233471
1953-09-04;-0.00284142;-0.00280499
1953-09-08;-0.00200701;-0.00186125
1953-09-09;-0.00189811;-0.00186167
1953-09-10;0.01112302;0.01115946
1953-09-11;0.01264649;0.01268293
1953-09-14;0.02032677;0.02043608
1953-09-15;-0.00923451;-0.00919807
1953-09-16;-0.00531695;-0.00528051
1953-09-17;-0.00290240;-0.00286596
1953-09-18;0.00568415;0.00572059
1953-09-21;0.00324802;0.00335734
1953-09-22;-0.01541362;-0.01537718
1953-09-23;-0.00145708;-0.00142064
1953-09-24;-0.00050858;-0.00047214
1953-09-25;-0.00287403;-0.00283759
1953-09-28;-0.00718441;-0.00707510
1953-09-29;-0.00191082;-0.00187438
1953-09-30;0.00645912;0.00649556
1953-10-01;-0.00207155;-0.00203511
1953-10-02;-0.00147405;-0.00143761
1953-10-05;0.00156947;0.00167878
1953-10-06;0.00130628;0.00134271
1953-10-07;-0.00280267;-0.00276623
1953-10-08;-0.00059400;-0.00055756
1953-10-09;-0.00059301;-0.00055657
1953-10-13;0.00126321;0.00140896
1953-10-14;-0.00161489;-0.00157845
1953-10-15;-0.00392952;-0.00389308
1953-10-16;-0.00273739;-0.00270095
1953-10-19;-0.00031778;-0.00020846
1953-10-20;-0.00015326;-0.00011682
1953-10-21;-0.00029539;-0.00025895
1953-10-22;-0.00157378;-0.00153735
1953-10-23;-0.00071815;-0.00068171
1953-10-26;0.00053150;0.00064081
1953-10-27;0.00069583;0.00073226
1953-10-28;-0.00043600;-0.00039956
1953-10-29;-0.00411408;-0.00407764
1953-10-30;0.00049503;0.00053147
1953-11-02;0.00154931;0.00165863
1953-11-04;-0.00213088;-0.00205801
1953-11-05;0.00176057;0.00179700
1953-11-06;-0.00044783;-0.00041139
1953-11-09;0.00058140;0.00069072
1953-11-10;-0.00401785;-0.00398141
1953-11-12;0.00117953;0.00125241
1953-11-13;0.00107202;0.00110846
1953-11-16;-0.00231448;-0.00220517
1953-11-17;-0.00184121;-0.00180477
1953-11-18;0.00052304;0.00055948
1953-11-19;0.00149801;0.00153445
1953-11-20;0.00051960;0.00055604
1953-11-23;-0.00121506;-0.00110574
1953-11-24;0.00191064;0.00194708
1953-11-25;0.00024090;0.00027734
1953-11-27;0.00186241;0.00193528
1953-11-30;0.00126513;0.00137445
1953-12-01;0.00025133;0.00028777
1953-12-02;0.00241579;0.00245222
1953-12-03;0.00024913;0.00028557
1953-12-04;0.00010569;0.00014213
1953-12-07;-0.00054204;-0.00043273
1953-12-08;-0.00118416;-0.00114772
1953-12-09;-0.00046889;-0.00043246
1953-12-10;-0.00090131;-0.00086487
1953-12-11;-0.00032615;-0.00028971
1953-12-14;-0.00112357;-0.00101426
1953-12-15;0.00025215;0.00028859
1953-12-16;0.00358050;0.00361694
1953-12-17;-0.00032407;-0.00028763
1953-12-18;0.00067941;0.00071585
1953-12-21;-0.00068497;-0.00057566
1953-12-22;-0.00276078;-0.00272434
1953-12-23;-0.00104853;-0.00101209
1953-12-24;0.00155570;0.00159214
1953-12-28;-0.00144786;-0.00130211
1953-12-29;-0.00235306;-0.00231662
1953-12-30;0.00302143;0.00305787
1953-12-31;0.00067807;0.00071451
1954-01-04;0.00230657;0.00245233
1954-01-05;0.00260921;0.00264428
1954-01-06;0.00065802;0.00069309
1954-01-07;-0.00145136;-0.00141547
1954-01-08;-0.00233695;-0.00230106
1954-01-11;-0.00244181;-0.00233249
1954-01-12;0.00226889;0.00230451
1954-01-13;0.00243396;0.00246957
1954-01-14;0.00206805;0.00210312
1954-01-15;0.00416267;0.00419555
1954-01-18;-0.00013430;-0.00003567
1954-01-19;0.00429662;0.00432949
1954-01-20;0.00115947;0.00119125
1954-01-21;0.00064268;0.00067226
1954-01-22;0.00098504;0.00101244
1954-01-25;0.00123963;0.00132182
1954-01-26;0.00268256;0.00270996
1954-01-27;-0.00139741;-0.00136782
1954-01-28;0.00012792;0.00015422
1954-01-29;0.00097486;0.00100281
1954-02-01;-0.00169355;-0.00160807
1954-02-02;-0.00126239;-0.00123499
1954-02-03;0.00152786;0.00155580
1954-02-04;0.00326262;0.00329029
1954-02-05;0.00168530;0.00170995
1954-02-08;-0.00133073;-0.00125758
1954-02-09;-0.00107720;-0.00105309
1954-02-10;-0.00056136;-0.00053588
1954-02-11;-0.00142779;-0.00140204
1954-02-12;0.00099939;0.00102514
1954-02-15;-0.00151565;-0.00143510
1954-02-16;-0.00404071;-0.00401386
1954-02-17;0.00083313;0.00086108
1954-02-18;-0.00004303;-0.00001645
1954-02-19;0.00100720;0.00103350
1954-02-23;-0.00174262;-0.00163851
1954-02-24;-0.00004303;-0.00001645
1954-02-25;0.00135836;0.00138576
1954-02-26;0.00407361;0.00410101
1954-03-01;0.00501040;0.00509506
1954-03-02;0.00364365;0.00367187
1954-03-03;-0.00013789;-0.00010913
1954-03-04;0.00471094;0.00473916
1954-03-05;0.00576849;0.00579643
1954-03-08;-0.00415363;-0.00406897
1954-03-09;0.00307904;0.00310726
1954-03-10;0.00307059;0.00309964
1954-03-11;0.00626537;0.00629413
1954-03-12;-0.00013751;-0.00010901
1954-03-15;-0.00678699;-0.00670151
1954-03-16;-0.00067033;-0.00064239
1954-03-17;0.00306650;0.00309417
1954-03-18;0.00572229;0.00574996
1954-03-19;0.00410734;0.00413473
1954-03-22;-0.00146551;-0.00138332
1954-03-23;-0.01019119;-0.01016380
1954-03-24;-0.00706694;-0.00703817
1954-03-25;-0.00281678;-0.00278746
1954-03-26;0.00737499;0.00740376
1954-03-29;0.00492438;0.00501068
1954-03-30;0.00145791;0.00148640
1954-03-31;0.01313474;0.01316296
1954-04-01;0.01286516;0.01289311
1954-04-02;0.00209768;0.00212507
1954-04-05;0.00236472;0.00244527
1954-04-06;-0.01412250;-0.01409593
1954-04-07;0.00549664;0.00552404
1954-04-08;0.01503319;0.01506059
1954-04-09;-0.00014740;-0.00011918
1954-04-12;0.01013297;0.01021845
1954-04-13;0.00372107;0.00375011
1954-04-14;0.01143195;0.01146044
1954-04-15;0.00477794;0.00480615
1954-04-19;-0.01040688;-0.01029510
1954-04-20;-0.00069518;-0.00066778
1954-04-21;-0.00618770;-0.00616030
1954-04-22;0.00206036;0.00208721
1954-04-23;0.00536256;0.00538832
1954-04-26;0.00506673;0.00513659
1954-04-27;-0.00943245;-0.00940971
1954-04-28;0.00261149;0.00263396
1954-04-29;0.02292121;0.02294340
1954-04-30;0.00417479;0.00419698
1954-05-03;-0.00274562;-0.00268233
1954-05-04;0.00322403;0.00324375
1954-05-05;0.00035752;0.00037725
1954-05-06;0.01035652;0.01037706
1954-05-07;0.00649397;0.00651561
1954-05-10;-0.00177606;-0.00171030
1954-05-11;-0.00624032;-0.00621895
1954-05-12;0.01075325;0.01077571
1954-05-13;-0.00762771;-0.00760525
1954-05-14;0.01119903;0.01122095
1954-05-17;0.00150568;0.00157144
1954-05-18;0.00034495;0.00036714
1954-05-19;-0.00619191;-0.00617026
1954-05-20;0.00456967;0.00459104
1954-05-21;0.00782625;0.00784708
1954-05-24;0.00010706;0.00016706
1954-05-25;-0.00336992;-0.00335074
1954-05-26;0.01105793;0.01107711
1954-05-27;-0.00566015;-0.00564098
1954-05-28;0.00637049;0.00639022
1954-06-01;-0.00045999;-0.00038218
1954-06-02;-0.00145888;-0.00143943
1954-06-03;-0.00056234;-0.00054371
1954-06-04;-0.00235608;-0.00233800
1954-06-07;-0.00527705;-0.00522692
1954-06-08;-0.02942975;-0.02941304
1954-06-09;-0.00887831;-0.00886132
1954-06-10;0.00871429;0.00873100
1954-06-11;0.01096174;0.01097873
1954-06-14;0.00149262;0.00154522
1954-06-15;0.00948240;0.00949966
1954-06-16;0.00941251;0.00942977
1954-06-17;-0.00371361;-0.00369690
1954-06-18;0.00350002;0.00351728
1954-06-21;0.00056416;0.00061594
1954-06-22;0.00078852;0.00080523
1954-06-23;0.00213650;0.00215349
1954-06-24;0.00572371;0.00574070
1954-06-25;-0.00279382;-0.00277629
1954-06-28;0.00324499;0.00329759
1954-06-29;0.00658627;0.00660380
1954-06-30;-0.00990484;-0.00988730
1954-07-01;-0.00009340;-0.00007559
1954-07-02;0.01398521;0.01400329
1954-07-06;0.01169463;0.01176696
1954-07-07;0.00063001;0.00064782
1954-07-08;-0.00009340;-0.00007559
1954-07-09;0.00713529;0.00715364
1954-07-12;-0.00100188;-0.00094517
1954-07-13;-0.00368792;-0.00366874
1954-07-14;0.00242774;0.00244774
1954-07-15;0.00350026;0.00352081
1954-07-16;-0.00475589;-0.00473589
1954-07-19;-0.00316748;-0.00310748
1954-07-20;-0.00514922;-0.00512949
1954-07-21;0.00679476;0.00681504
1954-07-22;0.00855277;0.00857332
1954-07-23;0.00133314;0.00135423
1954-07-26;0.00077940;0.00084351
1954-07-27;0.00632362;0.00634471
1954-07-28;0.00203002;0.00205166
1954-07-29;0.00379534;0.00381698
1954-07-30;0.00659955;0.00662120
1954-08-02;0.00368486;0.00374897
1954-08-03;-0.00226704;-0.00224594
1954-08-04;-0.00118636;-0.00116472
1954-08-05;-0.00480953;-0.00478762
1954-08-06;-0.01428683;-0.01426409
1954-08-09;-0.00989063;-0.00981666
1954-08-10;0.00918537;0.00920948
1954-08-11;0.01279238;0.01281786
1954-08-12;-0.00484111;-0.00481563
1954-08-13;0.00465090;0.00467638
1954-08-16;0.01170834;0.01178313
1954-08-17;0.00241846;0.00244340
1954-08-18;-0.00118372;-0.00115852
1954-08-19;0.00241460;0.00244008
1954-08-20;0.00169032;0.00171607
1954-08-23;-0.00785220;-0.00777001
1954-08-24;-0.00480048;-0.00477308
1954-08-25;-0.00808242;-0.00805558
1954-08-26;-0.00302809;-0.00300097
1954-08-27;0.00318750;0.00321490
1954-08-30;-0.01164112;-0.01155564
1954-08-31;-0.01934653;-0.01931776
1954-09-01;0.00216445;0.00219267
1954-09-02;0.00235674;0.00238469
1954-09-03;0.00233861;0.00236655
1954-09-07;0.00151475;0.00162763
1954-09-08;0.00017329;0.00020123
1954-09-09;0.00047798;0.00050593
1954-09-10;0.00108582;0.00111377
1954-09-13;0.00273985;0.00282451
1954-09-14;0.00157253;0.00160102
1954-09-15;0.00006960;0.00009754
1954-09-16;0.00166379;0.00169119
1954-09-17;0.00244736;0.00247476
1954-09-20;-0.00146549;-0.00138494
1954-09-21;0.00214266;0.00216951
1954-09-22;0.00202948;0.00205661
1954-09-23;0.00172372;0.00175084
1954-09-24;0.00210140;0.00212852
1954-09-27;0.00116112;0.00124331
1954-09-28;0.00150348;0.00153061
1954-09-29;-0.00184177;-0.00181437
1954-09-30;-0.00191048;-0.00188335
1954-10-01;-0.00075546;-0.00072888
1954-10-04;0.00559670;0.00567560
1954-10-05;0.00511351;0.00513926
1954-10-06;0.00411526;0.00414101
1954-10-07;-0.00236030;-0.00233455
1954-10-08;-0.00074698;-0.00072122
1954-10-11;-0.00872048;-0.00864158
1954-10-12;-0.00434387;-0.00431757
1954-10-13;-0.00042861;-0.00040176
1954-10-14;-0.01288713;-0.01286001
1954-10-15;-0.00574300;-0.00571561
1954-10-18;0.00369928;0.00378147
1954-10-19;0.00255786;0.00258498
1954-10-20;0.00851841;0.00854608
1954-10-21;-0.00141691;-0.00138951
1954-10-22;-0.00010145;-0.00007405
1954-10-25;-0.00590200;-0.00581981
1954-10-26;-0.00076350;-0.00073610
1954-10-27;0.00254812;0.00257580
1954-10-28;-0.00472741;-0.00469974
1954-10-29;-0.00679507;-0.00676767
1954-11-01;0.00106239;0.00114458
1954-11-03;0.00675699;0.00681233
1954-11-04;0.00387577;0.00390344
1954-11-05;-0.00114984;-0.00112326
1954-11-08;0.00306734;0.00314460
1954-11-09;0.00128261;0.00130645
1954-11-10;0.00027101;0.00029512
1954-11-11;0.00288490;0.00290901
1954-11-12;0.00066664;0.00069130
1954-11-15;-0.00078948;-0.00071551
1954-11-16;0.00096575;0.00099013
1954-11-17;0.00056518;0.00058984
1954-11-18;-0.00191568;-0.00189157
1954-11-19;0.00006896;0.00009280
1954-11-22;0.00120412;0.00127563
1954-11-23;0.00443963;0.00446401
1954-11-24;0.00183128;0.00185676
1954-11-26;0.00315370;0.00320685
1954-11-29;-0.00019253;-0.00011034
1954-11-30;-0.00298692;-0.00295925
1954-12-01;-0.00789970;-0.00787148
1954-12-02;0.00586560;0.00589382
1954-12-03;0.00958127;0.00960949
1954-12-06;0.00804754;0.00813385
1954-12-07;0.00481092;0.00483996
1954-12-08;-0.00194002;-0.00190989
1954-12-09;-0.00531289;-0.00528248
1954-12-10;-0.00410804;-0.00407681
1954-12-13;0.00059691;0.00070048
1954-12-14;-0.00751942;-0.00748435
1954-12-15;0.00641891;0.00645260
1954-12-16;0.01132246;0.01135643
1954-12-17;0.03015427;0.03018852
1954-12-20;-0.01787163;-0.01776561
1954-12-21;0.00140118;0.00143570
1954-12-22;-0.00131606;-0.00128264
1954-12-23;0.00079821;0.00083108
1954-12-27;-0.00948394;-0.00935791
1954-12-28;0.01085525;0.01088593
1954-12-29;0.00923813;0.00926772
1954-12-30;-0.00010327;-0.00007505
1954-12-31;0.00704949;0.00707743
1955-01-03;0.01767302;0.01776097
1955-01-04;-0.00760044;-0.00757112
1955-01-05;-0.02077303;-0.02074345
1955-01-06;-0.01139734;-0.01136720
1955-01-07;0.00684683;0.00687724
1955-01-10;0.01064700;0.01074563
1955-01-11;-0.00265897;-0.00262527
1955-01-12;-0.00243338;-0.00239831
1955-01-13;-0.00361822;-0.00358123
1955-01-14;-0.00363339;-0.00359613
1955-01-17;-0.01687858;-0.01676680
1955-01-18;0.00523904;0.00527548
1955-01-19;0.00376176;0.00379820
1955-01-20;0.00398479;0.00401986
1955-01-21;0.00730163;0.00733697
1955-01-24;0.00162785;0.00173552
1955-01-25;-0.00032289;-0.00028728
1955-01-26;0.01028853;0.01032305
1955-01-27;0.00084674;0.00087962
1955-01-28;0.00456942;0.00460065
1955-01-31;0.00991983;0.01001189
1955-02-01;0.00164547;0.00167561
1955-02-02;-0.00215930;-0.00212862
1955-02-03;-0.00330925;-0.00327829
1955-02-04;0.00988797;0.00991756
1955-02-07;-0.00020301;-0.00011753
1955-02-08;-0.00950625;-0.00947803
1955-02-09;0.00548132;0.00551064
1955-02-10;0.00619695;0.00622626
1955-02-11;0.00124910;0.00127814
1955-02-14;-0.00508951;-0.00499910
1955-02-15;-0.00006882;-0.00003868
1955-02-16;-0.00233976;-0.00230770
1955-02-17;0.00125753;0.00129041
1955-02-18;0.00087565;0.00090935
1955-02-21;-0.00097445;-0.00086760
1955-02-23;-0.00071521;-0.00064123
1955-02-24;-0.00386384;-0.00382631
1955-02-25;-0.00102662;-0.00098908
1955-02-28;0.00340257;0.00351518
1955-03-01;0.00124375;0.00128101
1955-03-02;0.00593605;0.00597249
1955-03-03;0.00253527;0.00256924
1955-03-04;0.00419589;0.00422794
1955-03-07;-0.00463390;-0.00453527
1955-03-08;-0.01305511;-0.01302250
1955-03-09;-0.00687694;-0.00684270
1955-03-10;0.00432000;0.00435479
1955-03-11;-0.01202365;-0.01198968
1955-03-14;-0.01681663;-0.01671389
1955-03-15;0.01476531;0.01479900
1955-03-16;0.00515754;0.00519206
1955-03-17;0.00261925;0.00265432
1955-03-18;0.00107676;0.00111238
1955-03-21;-0.00461341;-0.00450492
1955-03-22;0.00416061;0.00419541
1955-03-23;0.00891400;0.00894989
1955-03-24;0.00540136;0.00543725
1955-03-25;0.00048997;0.00052532
1955-03-28;-0.00264954;-0.00254105
1955-03-29;0.00030297;0.00033941
1955-03-30;-0.00626692;-0.00622856
1955-03-31;0.00102682;0.00106545
1955-04-01;0.00239443;0.00243278
1955-04-04;-0.00085428;-0.00073675
1955-04-05;0.00094846;0.00098846
1955-04-06;0.00120291;0.00124455
1955-04-07;0.00106769;0.00111016
1955-04-11;0.00053245;0.00071108
1955-04-12;0.00137886;0.00142324
1955-04-13;0.00029045;0.00033565
1955-04-14;0.00048056;0.00052494
1955-04-15;0.00104928;0.00109366
1955-04-18;0.00187244;0.00200723
1955-04-19;-0.00033972;-0.00029479
1955-04-20;0.00034839;0.00039360
1955-04-21;0.00022280;0.00026801
1955-04-22;-0.00196270;-0.00191749
1955-04-25;0.00054764;0.00068408
1955-04-26;0.00122858;0.00127297
1955-04-27;-0.00127604;-0.00123166
1955-04-28;-0.00272659;-0.00268193
1955-04-29;0.00170832;0.00175188
1955-05-02;0.00139346;0.00152579
1955-05-03;-0.00712608;-0.00708252
1955-05-04;-0.00134033;-0.00129814
1955-05-05;0.00367944;0.00372026
1955-05-06;0.00137089;0.00141226
1955-05-09;0.00057627;0.00069462
1955-05-10;-0.00174468;-0.00170660
1955-05-11;-0.00903005;-0.00899115
1955-05-12;-0.00471435;-0.00467490
1955-05-13;0.00499529;0.00503446
1955-05-16;-0.00908618;-0.00897029
1955-05-17;-0.00114741;-0.00110933
1955-05-18;0.00651823;0.00655686
1955-05-19;0.00435052;0.00438998
1955-05-20;0.00516624;0.00520514
1955-05-23;-0.00567901;-0.00556147
1955-05-24;-0.00050517;-0.00046572
1955-05-25;0.00285716;0.00289743
1955-05-26;0.00515066;0.00518984
1955-05-27;0.00157993;0.00161856
1955-05-31;-0.00079159;-0.00063926
1955-06-01;0.00032151;0.00035987
1955-06-02;0.00032134;0.00035860
1955-06-03;0.00248455;0.00252072
1955-06-06;0.00904145;0.00915240
1955-06-07;0.00177643;0.00181369
1955-06-08;-0.00494075;-0.00490157
1955-06-09;-0.00144894;-0.00140948
1955-06-10;0.00160309;0.00164336
1955-06-13;0.00241397;0.00253479
1955-06-14;0.00030612;0.00034557
1955-06-15;0.00144206;0.00148288
1955-06-16;0.00043641;0.00047751
1955-06-17;0.00090063;0.00094035
1955-06-20;0.00017935;0.00029524
1955-06-21;0.00241703;0.00245429
1955-06-22;0.00056119;0.00059873
1955-06-23;0.00095189;0.00098943
1955-06-24;0.00133914;0.00137558
1955-06-27;0.00010991;0.00022251
1955-06-28;-0.00145203;-0.00141367
1955-06-29;0.00010142;0.00014114
1955-06-30;0.00148430;0.00152457
1955-07-01;0.00331787;0.00335787
1955-07-05;0.01024193;0.01040412
1955-07-06;0.03118215;0.03122407
1955-07-07;-0.01225724;-0.01221560
1955-07-08;0.00113707;0.00117844
1955-07-11;0.00196640;0.00209380
1955-07-12;-0.00009711;-0.00005464
1955-07-13;-0.01053900;-0.01049517
1955-07-14;0.00010960;0.00015262
1955-07-15;0.00300955;0.00305256
1955-07-18;-0.00111696;-0.00098957
1955-07-19;-0.00546882;-0.00542636
1955-07-20;0.00260318;0.00264811
1955-07-21;0.00839711;0.00844259
1955-07-22;0.00728917;0.00733465
1955-07-25;0.00946873;0.00960681
1955-07-26;0.00191260;0.00195863
1955-07-27;0.00351359;0.00356071
1955-07-28;-0.00530128;-0.00525389
1955-07-29;0.00028880;0.00033674
1955-08-01;-0.01009289;-0.00994248
1955-08-02;0.00160316;0.00165411
1955-08-03;0.00092408;0.00097613
1955-08-04;-0.01237746;-0.01232513
1955-08-05;0.00333785;0.00338963
1955-08-08;-0.00452241;-0.00436789
1955-08-09;-0.00968865;-0.00963715
1955-08-10;-0.00026101;-0.00020923
1955-08-11;0.00669129;0.00674252
1955-08-12;0.00129126;0.00134167
1955-08-15;-0.00094742;-0.00079454
1955-08-16;-0.00541947;-0.00536851
1955-08-17;0.00060615;0.00065766
1955-08-18;-0.00112467;-0.00107481
1955-08-19;0.00303544;0.00308475
1955-08-22;-0.00094933;-0.00079810
1955-08-23;0.00976323;0.00981419
1955-08-24;0.00093509;0.00098770
1955-08-25;0.00314670;0.00319958
1955-08-26;0.00313195;0.00318537
1955-08-29;-0.00077693;-0.00060926
1955-08-30;-0.00076628;-0.00070957
1955-08-31;0.00429978;0.00435704
1955-09-01;0.00329354;0.00335108
1955-09-02;0.00398960;0.00404686
1955-09-06;0.00420754;0.00443658
1955-09-07;-0.00027301;-0.00021520
1955-09-08;0.00043007;0.00048761
1955-09-09;0.00007828;0.00013609
1955-09-12;0.00497636;0.00514814
1955-09-13;0.01054030;0.01059728
1955-09-14;0.00317178;0.00322822
1955-09-15;-0.00420647;-0.00415058
1955-09-16;0.00575920;0.00581454
1955-09-19;0.00091253;0.00107527
1955-09-20;-0.00060605;-0.00055235
1955-09-21;0.00434478;0.00439903
1955-09-22;-0.00009521;-0.00004014
1955-09-23;0.00397856;0.00403445
1955-09-26;-0.05128997;-0.05111901
1955-09-27;0.01744506;0.01750205
1955-09-28;0.01281015;0.01286823
1955-09-29;-0.00496686;-0.00490878
1955-09-30;-0.00641581;-0.00635691
1955-10-03;-0.01505200;-0.01487282
1955-10-04;0.00419491;0.00425519
1955-10-05;0.00210934;0.00217043
1955-10-06;-0.00377601;-0.00371519
1955-10-07;-0.00418705;-0.00412623
1955-10-10;-0.01615397;-0.01597069
1955-10-11;-0.00474281;-0.00468144
1955-10-12;0.00962102;0.00968239
1955-10-13;-0.00179144;-0.00172924
1955-10-14;-0.00232808;-0.00226506
1955-10-17;0.00151594;0.00170416
1955-10-18;0.00391298;0.00397518
1955-10-19;0.00546670;0.00552890
1955-10-20;0.00671754;0.00677863
1955-10-21;-0.00007087;-0.00001033
1955-10-24;0.00391404;0.00409568
1955-10-25;-0.00365462;-0.00359435
1955-10-26;-0.00445164;-0.00439054
1955-10-27;0.00057834;0.00063916
1955-10-28;0.00031859;0.00037859
1955-10-31;-0.00065462;-0.00047791
1955-11-01;0.00023410;0.00029163
1955-11-02;-0.00027764;-0.00022120
1955-11-03;-0.00350096;-0.00344589
1955-11-04;-0.00277463;-0.00272093
1955-11-07;-0.00072641;-0.00056202
1955-11-09;-0.00173843;-0.00162446
1955-11-10;-0.00041225;-0.00035417
1955-11-11;-0.00193760;-0.00187951
1955-11-14;-0.00430973;-0.00412891
1955-11-15;0.00071654;0.00077955
1955-11-16;0.00108010;0.00114421
1955-11-17;0.00115937;0.00122156
1955-11-18;0.00018190;0.00024629
1955-11-21;0.00116848;0.00136574
1955-11-22;-0.00162047;-0.00155527
1955-11-23;-0.00021904;-0.00015219
1955-11-25;0.00014493;0.00027753
1955-11-28;0.00109228;0.00129118
1955-11-29;-0.00066073;-0.00059442
1955-11-30;0.00013281;0.00019966
1955-12-01;-0.00171465;-0.00164835
1955-12-02;0.00086961;0.00093427
1955-12-05;0.00249839;0.00269565
1955-12-06;-0.00006370;0.00000342
1955-12-07;-0.00160616;-0.00153740
1955-12-08;0.00271984;0.00278834
1955-12-09;0.00065297;0.00072201
1955-12-12;-0.00500444;-0.00479731
1955-12-13;0.00024564;0.00031468
1955-12-14;-0.00399235;-0.00392194
1955-12-15;-0.00016933;-0.00009919
1955-12-16;0.00066469;0.00073455
1955-12-19;-0.00134097;-0.00112892
1955-12-20;-0.00079595;-0.00072472
1955-12-21;0.00923373;0.00930633
1955-12-22;-0.00447242;-0.00439955
1955-12-23;0.00086439;0.00093754
1955-12-27;-0.00315557;-0.00286516
1955-12-28;-0.00183181;-0.00175976
1955-12-29;0.00097777;0.00104736
1955-12-30;0.00335056;0.00341905
1956-01-03;-0.00179822;-0.00152425
1956-01-04;-0.00087254;-0.00080405
1956-01-05;-0.00029606;-0.00022702
1956-01-06;0.00096962;0.00103866
1956-01-09;-0.00340821;-0.00319615
1956-01-10;-0.00189702;-0.00182825
1956-01-11;0.00114844;0.00121830
1956-01-12;0.00194411;0.00201342
1956-01-13;-0.00045636;-0.00038787
1956-01-16;-0.00290989;-0.00270770
1956-01-17;0.00174070;0.00180701
1956-01-18;-0.00163145;-0.00156542
1956-01-19;-0.00244713;-0.00238275
1956-01-20;-0.00274284;-0.00267982
1956-01-23;-0.00069623;-0.00051048
1956-01-24;0.00293911;0.00300103
1956-01-25;0.00034919;0.00041166
1956-01-26;-0.00144111;-0.00137865
1956-01-27;-0.00063131;-0.00056830
1956-01-30;0.00072612;0.00091845
1956-01-31;0.00171149;0.00177505
1956-02-01;0.00119100;0.00125402
1956-02-02;0.00106944;0.00113108
1956-02-03;0.00320276;0.00326468
1956-02-06;0.00007206;0.00025453
1956-02-07;-0.00123046;-0.00117018
1956-02-08;-0.00255423;-0.00249259
1956-02-09;-0.00292675;-0.00286429
1956-02-10;-0.00015087;-0.00008704
1956-02-13;-0.00045278;-0.00026127
1956-02-14;-0.00097192;-0.00090836
1956-02-15;0.00361473;0.00367966
1956-02-16;-0.00131068;-0.00124547
1956-02-17;0.00404794;0.00411287
1956-02-20;-0.00050386;-0.00030989
1956-02-21;0.00059800;0.00066402
1956-02-23;0.00216762;0.00230022
1956-02-24;0.00206903;0.00213506
1956-02-27;-0.00038400;-0.00019002
1956-02-28;0.00086969;0.00093215
1956-02-29;-0.00054229;-0.00047928
1956-03-01;0.00122906;0.00128879
1956-03-02;0.00166555;0.00172199
1956-03-05;0.00145641;0.00163312
1956-03-06;-0.00016140;-0.00010168
1956-03-07;-0.00022465;-0.00016191
1956-03-08;0.00064842;0.00071116
1956-03-09;0.00357132;0.00363378
1956-03-12;0.00252864;0.00271933
1956-03-13;-0.00046420;-0.00040036
1956-03-14;0.00282751;0.00289327
1956-03-15;0.00273903;0.00280396
1956-03-16;0.00085860;0.00092380
1956-03-19;0.00256765;0.00276244
1956-03-20;0.00161616;0.00167835
1956-03-21;-0.00379549;-0.00373385
1956-03-22;0.00287840;0.00293922
1956-03-23;0.00061120;0.00067066
1956-03-26;-0.00134336;-0.00116829
1956-03-27;-0.00222017;-0.00216209
1956-03-28;0.00150941;0.00156969
1956-03-29;-0.00025966;-0.00019664
1956-04-02;0.00343285;0.00369038
1956-04-03;-0.00310508;-0.00304042
1956-04-04;0.00465131;0.00471788
1956-04-05;-0.00415290;-0.00408769
1956-04-06;0.00482497;0.00489017
1956-04-09;-0.00455892;-0.00435672
1956-04-10;-0.01210302;-0.01203508
1956-04-11;0.00667413;0.00674455
1956-04-12;-0.00526225;-0.00519211
1956-04-13;-0.00137062;-0.00129720
1956-04-16;-0.00019104;0.00003499
1956-04-17;-0.00065804;-0.00058406
1956-04-18;-0.00351982;-0.00344448
1956-04-19;-0.00317438;-0.00309904
1956-04-20;0.00329904;0.00337438
1956-04-23;-0.00234176;-0.00211737
1956-04-24;-0.00713496;-0.00706098
1956-04-25;-0.00320490;-0.00313010
1956-04-26;0.00715617;0.00723015
1956-04-27;0.00889957;0.00897300
1956-04-30;0.00655466;0.00677575
1956-05-01;-0.00142988;-0.00135727
1956-05-02;0.00002055;0.00009233
1956-05-03;0.00103405;0.00110418
1956-05-04;0.00103043;0.00110002
1956-05-07;-0.00194830;-0.00174364
1956-05-08;-0.00130681;-0.00123805
1956-05-09;-0.00055037;-0.00048023
1956-05-10;-0.00500474;-0.00493350
1956-05-11;-0.00030137;-0.00022987
1956-05-14;-0.00181192;-0.00159411
1956-05-15;-0.00323211;-0.00315950
1956-05-16;-0.00214820;-0.00207396
1956-05-17;0.00366557;0.00373872
1956-05-18;-0.00148254;-0.00140994
1956-05-21;-0.00275880;-0.00254099
1956-05-22;-0.00488398;-0.00481138
1956-05-23;-0.00166050;-0.00158707
1956-05-24;-0.00288824;-0.00281564
1956-05-25;0.00009407;0.00016557
1956-05-28;-0.00368056;-0.00347179
1956-05-29;0.00694277;0.00701208
1956-05-31;0.00047899;0.00061982
1956-06-01;-0.00225923;-0.00218936
1956-06-04;-0.00159167;-0.00138455
1956-06-05;-0.00005862;0.00000987
1956-06-06;0.00134826;0.00141785
1956-06-07;-0.00212020;-0.00205061
1956-06-08;0.00496783;0.00503742
1956-06-11;-0.00339279;-0.00318320
1956-06-12;-0.00382190;-0.00375313
1956-06-13;-0.00034770;-0.00027866
1956-06-14;0.00063690;0.00070540
1956-06-15;-0.00034830;-0.00028008
1956-06-18;0.00115771;0.00135743
1956-06-19;-0.00029195;-0.00022675
1956-06-20;-0.00110545;-0.00103915
1956-06-21;-0.00185387;-0.00178784
1956-06-22;0.00080471;0.00087129
1956-06-25;0.00103818;0.00124284
1956-06-26;-0.00179515;-0.00172610
1956-06-27;-0.00201320;-0.00194361
1956-06-28;-0.00034305;-0.00027620
1956-06-29;0.00087013;0.00093644
1956-07-02;-0.00033340;-0.00013778
1956-07-03;0.00217643;0.00224054
1956-07-05;0.00262983;0.00275531
1956-07-06;0.00130107;0.00136491
1956-07-09;0.00105754;0.00124987
1956-07-10;0.00156462;0.00162764
1956-07-11;0.00078694;0.00085187
1956-07-12;-0.00063671;-0.00057205
1956-07-13;0.00073199;0.00079500
1956-07-16;0.00219066;0.00237477
1956-07-17;0.00088616;0.00094753
1956-07-18;-0.00008890;-0.00002616
1956-07-19;0.00007304;0.00013578
1956-07-20;0.00012718;0.00018910
1956-07-23;-0.00021242;-0.00002502
1956-07-24;-0.00003493;0.00002781
1956-07-25;0.00055796;0.00062289
1956-07-26;0.00018004;0.00024415
1956-07-27;-0.00218660;-0.00212331
1956-07-30;-0.00053947;-0.00034796
1956-07-31;0.00203936;0.00210237
1956-08-01;0.00375288;0.00381616
1956-08-02;0.00022590;0.00028809
1956-08-03;-0.00010770;-0.00004633
1956-08-06;-0.01169033;-0.01149882
1956-08-07;0.00327748;0.00334213
1956-08-08;0.00326210;0.00332868
1956-08-09;-0.00078366;-0.00071763
1956-08-10;-0.00398081;-0.00391286
1956-08-13;-0.00896120;-0.00875079
1956-08-14;-0.01001743;-0.00994647
1956-08-15;0.01698851;0.01706112
1956-08-16;-0.00198013;-0.00190644
1956-08-17;-0.00113619;-0.00106222
1956-08-20;-0.01004314;-0.00981464
1956-08-21;-0.00630839;-0.00623168
1956-08-22;-0.00826125;-0.00818290
1956-08-23;0.01002266;0.01010047
1956-08-24;-0.00098434;-0.00090763
1956-08-27;-0.00537517;-0.00514750
1956-08-28;-0.00168430;-0.00161032
1956-08-29;-0.00378008;-0.00370529
1956-08-30;-0.00747402;-0.00739895
1956-08-31;0.00991176;0.00998464
1956-09-04;0.00215935;0.00244866
1956-09-05;0.00074701;0.00082098
1956-09-06;0.00044247;0.00051644
1956-09-07;-0.00179240;-0.00171843
1956-09-10;-0.00164351;-0.00141912
1956-09-11;-0.00114096;-0.00106562
1956-09-12;-0.00206516;-0.00198790
1956-09-13;-0.00596820;-0.00589094
1956-09-14;0.00701518;0.00709244
1956-09-17;-0.00080489;-0.00056900
1956-09-18;-0.00195418;-0.00187582
1956-09-19;-0.00345726;-0.00337644
1956-09-20;-0.00023163;-0.00015136
1956-09-21;0.00228232;0.00236232
1956-09-24;-0.00125193;-0.00101111
1956-09-25;-0.00411172;-0.00403144
1956-09-26;0.00040085;0.00048222
1956-09-27;-0.00143791;-0.00135681
1956-09-28;-0.00167872;-0.00159899
1956-10-01;0.00382130;0.00405555
1956-10-02;-0.00487854;-0.00480074
1956-10-03;-0.00443961;-0.00436071
1956-10-04;-0.00005472;0.00002418
1956-10-05;-0.00091662;-0.00083662
1956-10-08;0.00012462;0.00036791
1956-10-09;0.00132134;0.00140216
1956-10-10;-0.00368217;-0.00359971
1956-10-11;0.00017355;0.00025382
1956-10-12;-0.00107685;-0.00099658
1956-10-15;0.00080197;0.00104279
1956-10-16;0.00136558;0.00144476
1956-10-17;0.00205806;0.00213943
1956-10-18;-0.00045671;-0.00037534
1956-10-19;0.00057732;0.00065759
1956-10-22;0.00006585;0.00030256
1956-10-23;0.00063573;0.00071408
1956-10-24;0.00109870;0.00117678
1956-10-25;0.00046607;0.00054443
1956-10-26;-0.00243471;-0.00235635
1956-10-29;-0.00073969;-0.00050462
1956-10-30;0.00017436;0.00025162
1956-10-31;0.00449650;0.00457485
1956-11-01;0.00484743;0.00492551
1956-11-02;0.00230609;0.00238444
1956-11-05;0.00301968;0.00325557
1956-11-07;-0.00250699;-0.00234808
1956-11-08;-0.00194481;-0.00186426
1956-11-09;-0.00201100;-0.00193045
1956-11-12;0.00066044;0.00090208
1956-11-13;-0.00115554;-0.00107499
1956-11-14;-0.00136591;-0.00128372
1956-11-15;-0.00152785;-0.00144538
1956-11-16;0.00006789;0.00015008
1956-11-19;-0.00243603;-0.00218945
1956-11-20;-0.00212654;-0.00204407
1956-11-21;-0.00119631;-0.00111221
1956-11-23;0.00241815;0.00258801
1956-11-26;-0.00152611;-0.00126639
1956-11-27;0.00017459;0.00026007
1956-11-28;-0.00256606;-0.00248305
1956-11-29;-0.00030228;-0.00021926
1956-11-30;0.00362562;0.00370891
1956-12-03;-0.01376726;-0.01351576
1956-12-04;0.00211530;0.00219941
1956-12-05;-0.00828084;-0.00819481
1956-12-06;-0.00624560;-0.00615958
1956-12-07;-0.00338304;-0.00329564
1956-12-10;0.00356733;0.00383199
1956-12-11;0.00473965;0.00482787
1956-12-12;0.00521887;0.00530792
1956-12-13;-0.00552981;-0.00544105
1956-12-14;-0.00058036;-0.00049132
1956-12-17;0.00004488;0.00031529
1956-12-18;0.00001439;0.00010371
1956-12-19;0.00164917;0.00174013
1956-12-20;0.00537372;0.00546331
1956-12-21;-0.00448778;-0.00440039
1956-12-26;-0.00022994;0.00021115
1956-12-27;0.00060980;0.00069829
1956-12-28;-0.00311793;-0.00302971
1956-12-31;-0.00170765;-0.00144300
1957-01-02;-0.00821192;-0.00803823
1957-01-03;0.00672732;0.00681225
1957-01-04;0.00089777;0.00098188
1957-01-07;-0.00443279;-0.00417799
1957-01-08;-0.00301718;-0.00293361
1957-01-09;-0.00166108;-0.00157560
1957-01-10;0.00176453;0.00184836
1957-01-11;-0.00165912;-0.00157528
1957-01-14;-0.00584801;-0.00558993
1957-01-15;-0.01185045;-0.01176551
1957-01-16;0.00075362;0.00083910
1957-01-17;-0.00029538;-0.00021155
1957-01-18;-0.01026544;-0.01018270
1957-01-21;-0.00461170;-0.00436348
1957-01-22;0.00219643;0.00227917
1957-01-23;0.00591812;0.00600333
1957-01-24;0.00269801;0.00278459
1957-01-25;-0.00381186;-0.00372501
1957-01-28;-0.00619667;-0.00593119
1957-01-29;0.00378846;0.00387558
1957-01-30;0.00341558;0.00350243
1957-01-31;-0.00355232;-0.00346684
1957-02-01;0.00064262;0.00072700
1957-02-04;0.00058940;0.00084337
1957-02-05;0.00410546;0.00418902
1957-02-06;0.00045964;0.00054402
1957-02-07;0.00130652;0.00138954
1957-02-08;0.00196643;0.00204863
1957-02-11;0.00495201;0.00519859
1957-02-12;0.00121047;0.00129266
1957-02-13;-0.00437176;-0.00429012
1957-02-14;0.00033540;0.00041760
1957-02-15;-0.00344734;-0.00336405
1957-02-18;0.00034199;0.00059678
1957-02-19;-0.00019228;-0.00010735
1957-02-20;-0.00091319;-0.00082579
1957-02-21;0.00098651;0.00107418
1957-02-25;0.00067880;0.00103167
1957-02-26;-0.00045467;-0.00036590
1957-02-27;0.00026887;0.00035901
1957-02-28;0.00094431;0.00103417
1957-03-01;-0.00994740;-0.00985863
1957-03-04;-0.00652063;-0.00625926
1957-03-05;-0.00324556;-0.00315926
1957-03-06;-0.00018613;-0.00009873
1957-03-07;0.00042311;0.00051050
1957-03-08;0.00286140;0.00294907
1957-03-11;0.00596116;0.00622335
1957-03-12;0.00063169;0.00071827
1957-03-13;-0.00593697;-0.00585012
1957-03-14;-0.00059607;-0.00051004
1957-03-15;0.00042237;0.00050730
1957-03-18;0.00411626;0.00436447
1957-03-19;-0.00387885;-0.00379611
1957-03-20;-0.00121134;-0.00112914
1957-03-21;-0.00019210;-0.00011073
1957-03-22;0.00102965;0.00111102
1957-03-25;0.00370468;0.00394961
1957-03-26;-0.00060322;-0.00052268
1957-03-27;-0.00366973;-0.00358781
1957-03-28;-0.00182206;-0.00174096
1957-03-29;0.00139180;0.00147289
1957-04-01;-0.00022629;0.00001700
1957-04-02;-0.00223032;-0.00214895
1957-04-03;-0.00094635;-0.00086252
1957-04-04;0.00079659;0.00088098
1957-04-05;-0.00039079;-0.00030641
1957-04-08;0.00080926;0.00106405
1957-04-09;-0.00316898;-0.00308432
1957-04-10;-0.00148833;-0.00140230
1957-04-11;0.00000637;0.00009295
1957-04-12;0.00000637;0.00009295
1957-04-15;0.00025351;0.00051159
1957-04-16;-0.00054276;-0.00045755
1957-04-17;-0.00046355;-0.00037807
1957-04-18;-0.00257342;-0.00248904
1957-04-22;-0.00052224;-0.00018909
1957-04-23;-0.00131188;-0.00122914
1957-04-24;-0.00053521;-0.00045247
1957-04-25;0.00123795;0.00132069
1957-04-26;0.00046899;0.00055173
1957-04-29;-0.00176643;-0.00151985
1957-04-30;-0.00013045;-0.00004798
1957-05-01;0.00236114;0.00244416
1957-05-02;0.00312020;0.00320239
1957-05-03;-0.00048533;-0.00040451
1957-05-06;-0.00077362;-0.00053362
1957-05-07;-0.00125539;-0.00117539
1957-05-08;0.00148397;0.00156534
1957-05-09;0.00036807;0.00044861
1957-05-10;0.00190341;0.00198341
1957-05-13;0.00228625;0.00252460
1957-05-14;-0.00183037;-0.00175037
1957-05-15;0.00129641;0.00137833
1957-05-16;0.00154481;0.00162755
1957-05-17;0.00103311;0.00111722
1957-05-20;0.00149623;0.00174938
1957-05-21;-0.00022762;-0.00014297
1957-05-22;-0.00164879;-0.00156276
1957-05-23;0.00002257;0.00010914
1957-05-24;0.00044141;0.00052936
1957-05-27;-0.00378823;-0.00352357
1957-05-28;-0.00082299;-0.00073449
1957-05-29;0.00349497;0.00358510
1957-05-31;0.00246364;0.00264501
1957-06-03;-0.00285563;-0.00258275
1957-06-04;-0.00337325;-0.00328229
1957-06-05;-0.00060852;-0.00051701
1957-06-06;0.01810557;0.01819571
1957-06-07;0.00145578;0.00154455
1957-06-10;0.00093881;0.00120512
1957-06-11;0.00111025;0.00119902
1957-06-12;0.00349948;0.00358907
1957-06-13;0.00280775;0.00289816
1957-06-14;0.00007907;0.00017003
1957-06-17;0.00227273;0.00254890
1957-06-18;-0.00705396;-0.00696191
1957-06-19;-0.01117424;-0.01108191
1957-06-20;-0.01021811;-0.01012550
1957-06-21;-0.00993093;-0.00983997
1957-06-24;-0.01362384;-0.01335919
1957-06-25;0.01269963;0.01278731
1957-06-26;-0.00234154;-0.00225304
1957-06-27;0.00565437;0.00574396
1957-06-28;0.00354266;0.00363088
1957-07-01;0.00117530;0.00143667
1957-07-02;0.01433510;0.01442113
1957-07-03;0.01694973;0.01703823
1957-07-05;0.00651492;0.00669081
1957-07-08;0.00565932;0.00591576
1957-07-09;-0.00022546;-0.00014053
1957-07-10;0.00277651;0.00286363
1957-07-11;-0.00442616;-0.00433986
1957-07-12;0.00639098;0.00647618
1957-07-15;0.00082553;0.00107703
1957-07-16;-0.00770167;-0.00761783
1957-07-17;-0.00924313;-0.00915929
1957-07-18;-0.00173474;-0.00165200
1957-07-19;0.00129262;0.00137481
1957-07-22;-0.00400146;-0.00374831
1957-07-23;0.00250240;0.00258788
1957-07-24;0.00128282;0.00137104
1957-07-25;-0.00023110;-0.00014233
1957-07-26;-0.00506890;-0.00497959
1957-07-29;-0.01677602;-0.01650478
1957-07-30;-0.00023472;-0.00014349
1957-07-31;-0.00062330;-0.00053070
1957-08-01;-0.00118662;-0.00109429
1957-08-02;-0.00109542;-0.00100500
1957-08-05;-0.00413218;-0.00386423
1957-08-06;-0.00562763;-0.00553886
1957-08-07;0.00336322;0.00345363
1957-08-08;-0.00130141;-0.00121073
1957-08-09;0.00011837;0.00021042
1957-08-12;-0.00581377;-0.00553432
1957-08-13;-0.00036022;-0.00026707
1957-08-14;-0.00555337;-0.00545830
1957-08-15;0.00012274;0.00021589
1957-08-16;0.00070722;0.00079873
1957-08-19;-0.00914801;-0.00887842
1957-08-20;0.00369653;0.00378585
1957-08-21;0.00189466;0.00198616
1957-08-22;-0.00330056;-0.00320932
1957-08-23;-0.00647911;-0.00638678
1957-08-26;-0.00641765;-0.00613656
1957-08-27;0.00723073;0.00732443
1957-08-28;0.00022608;0.00032224
1957-08-29;-0.00186836;-0.00177220
1957-08-30;0.00743208;0.00752797
1957-09-03;-0.00425794;-0.00387438
1957-09-04;0.00771073;0.00780826
1957-09-05;0.00459701;0.00469427
1957-09-06;0.00282229;0.00291928
1957-09-09;0.00809090;0.00838021
1957-09-10;0.00831523;0.00841139
1957-09-11;-0.00793374;-0.00783620
1957-09-12;-0.01130241;-0.01120461
1957-09-13;0.00042579;0.00052360
1957-09-16;0.00447638;0.00477063
1957-09-17;-0.00117882;-0.00108102
1957-09-18;-0.00097614;-0.00087778
1957-09-19;0.00583716;0.00593579
1957-09-20;0.01434335;0.01444033
1957-09-23;0.02056727;0.02085494
1957-09-24;-0.00605908;-0.00596456
1957-09-25;0.00002453;0.00012042
1957-09-26;0.00856550;0.00866111
1957-09-27;0.00044396;0.00053848
1957-09-30;0.00279879;0.00308317
1957-10-01;-0.00639338;-0.00629913
1957-10-02;-0.00634019;-0.00624320
1957-10-03;-0.00072010;-0.00062339
1957-10-04;0.00651436;0.00661025
1957-10-07;0.01072500;0.01101185
1957-10-08;0.00513995;0.00523639
1957-10-09;-0.00073980;-0.00064227
1957-10-10;0.01965283;0.01975036
1957-10-11;0.00041420;0.00051201
1957-10-14;-0.00579033;-0.00549279
1957-10-15;-0.00831870;-0.00821870
1957-10-16;0.00655508;0.00665563
1957-10-17;0.01319194;0.01329249
1957-10-18;0.00632366;0.00642229
1957-10-21;0.02348493;0.02377918
1957-10-22;0.00349854;0.00359662
1957-10-23;-0.03590226;-0.03580336
1957-10-24;0.00041663;0.00051471
1957-10-25;0.00238297;0.00248160
1957-10-28;0.00342393;0.00371982
1957-10-29;-0.00532181;-0.00522373
1957-10-30;-0.00646590;-0.00636727
1957-10-31;-0.00077553;-0.00067690
1957-11-01;0.00836236;0.00846072
1957-11-04;0.00100397;0.00129492
1957-11-06;-0.00079058;-0.00059770
1957-11-07;-0.00326585;-0.00316996
1957-11-08;0.00653781;0.00663260
1957-11-11;0.00018114;0.00046552
1957-11-12;0.00799279;0.00808732
1957-11-13;0.00071225;0.00080677
1957-11-14;0.00155148;0.00164573
1957-11-15;-0.01302300;-0.01293643
1957-11-18;0.00454624;0.00480268
1957-11-19;0.00318400;0.00326893
1957-11-20;-0.00151782;-0.00143234
1957-11-21;-0.00774392;-0.00765817
1957-11-22;-0.00531549;-0.00522974
1957-11-25;-0.00416325;-0.00390517
1957-11-26;0.01463949;0.01472552
1957-11-27;-0.01598280;-0.01589650
1957-11-29;-0.00630818;-0.00613612
1957-12-02;0.00145844;0.00171241
1957-12-03;-0.00003810;0.00004546
1957-12-04;-0.00068803;-0.00060392
1957-12-05;0.00008355;0.00016766
1957-12-06;0.00085266;0.00093649
1957-12-09;0.00159351;0.00183926
1957-12-10;0.00148081;0.00156218
1957-12-11;0.00020949;0.00029168
1957-12-12;-0.00016342;-0.00007986
1957-12-13;-0.00074349;-0.00065965
1957-12-16;0.00252545;0.00278025
1957-12-17;0.00293514;0.00301952
1957-12-18;0.00017335;0.00025856
1957-12-19;-0.00178955;-0.00170325
1957-12-20;0.00135433;0.00144063
1957-12-23;0.00000912;0.00026884
1957-12-24;-0.00016748;-0.00008227
1957-12-26;-0.00169561;-0.00152575
1957-12-27;0.00059192;0.00067521
1957-12-30;0.00084846;0.00107449
1957-12-31;-0.00176676;-0.00169142
1958-01-02;-0.00435236;-0.00420003
1958-01-03;-0.00686247;-0.00678576
1958-01-06;0.00239762;0.00262940
1958-01-07;-0.00403006;-0.00395362
1958-01-08;0.00012902;0.00020518
1958-01-09;0.00300595;0.00308075
1958-01-10;0.00478441;0.00485702
1958-01-13;-0.00152062;-0.00130775
1958-01-14;-0.00227901;-0.00220887
1958-01-15;-0.00403386;-0.00396290
1958-01-16;-0.00087495;-0.00080481
1958-01-17;-0.00049876;-0.00042862
1958-01-20;-0.00311904;-0.00291274
1958-01-21;0.00061900;0.00068530
1958-01-22;0.00124020;0.00130568
1958-01-23;-0.00199470;-0.00193223
1958-01-24;-0.00434316;-0.00428125
1958-01-27;0.00146238;0.00164238
1958-01-28;-0.00049871;-0.00044090
1958-01-29;-0.00308649;-0.00303115
1958-01-30;0.00243855;0.00248650
1958-01-31;-0.00031713;-0.00027466
1958-02-03;0.00177328;0.00190479
1958-02-04;0.00224087;0.00228526
1958-02-05;-0.00146853;-0.00142278
1958-02-06;-0.00050993;-0.00046390
1958-02-07;-0.00201974;-0.00197398
1958-02-10;-0.00143669;-0.00130025
1958-02-11;-0.00204947;-0.00200400
1958-02-12;-0.00101918;-0.00097370
1958-02-13;0.00002920;0.00007632
1958-02-14;0.00213491;0.00218203
1958-02-17;-0.00128573;-0.00114682
1958-02-18;0.00030507;0.00035137
1958-02-19;-0.00013631;-0.00008974
1958-02-20;-0.00134875;-0.00130437
1958-02-21;-0.00019073;-0.00015182
1958-02-24;-0.00134538;-0.00124675
1958-02-25;-0.00024623;-0.00021336
1958-02-26;0.00170873;0.00174188
1958-02-27;-0.00135370;-0.00132028
1958-02-28;0.00077770;0.00081250
1958-03-03;-0.00678008;-0.00667323
1958-03-04;-0.00506566;-0.00502730
1958-03-05;-0.00276111;-0.00272248
1958-03-06;-0.01206363;-0.01202473
1958-03-07;-0.00159718;-0.00155800
1958-03-10;-0.00321287;-0.00309122
1958-03-11;-0.00672113;-0.00668222
1958-03-12;0.00218593;0.00222319
1958-03-13;-0.00114021;-0.00110350
1958-03-14;0.00285341;0.00289012
1958-03-17;0.00636048;0.00646897
1958-03-18;0.00333049;0.00336748
1958-03-19;-0.00452619;-0.00448948
1958-03-20;-0.00047716;-0.00044017
1958-03-21;-0.00696350;-0.00692761
1958-03-24;-0.00365579;-0.00356045
1958-03-25;0.00306077;0.00309146
1958-03-26;0.00307125;0.00310221
1958-03-27;0.00285709;0.00288613
1958-03-28;-0.00070711;-0.00067807
1958-03-31;0.00201922;0.00210963
1958-04-01;-0.00162162;-0.00159148
1958-04-02;-0.00312413;-0.00309344
1958-04-03;-0.00116861;-0.00114067
1958-04-07;-0.00156968;-0.00145571
1958-04-08;0.00090994;0.00093980
1958-04-09;0.00204278;0.00207346
1958-04-10;0.00043173;0.00046241
1958-04-11;0.00033683;0.00036834
1958-04-14;0.00232330;0.00242028
1958-04-15;0.00397438;0.00400561
1958-04-16;-0.00308798;-0.00305675
1958-04-17;0.00135763;0.00138886
1958-04-18;0.00423006;0.00425855
1958-04-21;0.00190521;0.00199069
1958-04-22;-0.00122522;-0.00119645
1958-04-23;-0.00003856;-0.00000869
1958-04-24;0.00307439;0.00310726
1958-04-25;0.00195887;0.00199311
1958-04-28;-0.00138913;-0.00127981
1958-04-29;-0.00203518;-0.00200230
1958-04-30;0.00397066;0.00400354
1958-05-01;0.00083708;0.00087050
1958-05-02;0.00127220;0.00130507
1958-05-05;0.00075639;0.00085173
1958-05-06;0.00187395;0.00190409
1958-05-07;-0.00072945;-0.00069849
1958-05-08;0.00048213;0.00051226
1958-05-09;0.00082780;0.00085684
1958-05-12;-0.00304533;-0.00295821
1958-05-13;-0.00116755;-0.00113878
1958-05-14;-0.00439811;-0.00436961
1958-05-15;0.00190480;0.00193193
1958-05-16;0.00013972;0.00016547
1958-05-19;-0.00115773;-0.00108786
1958-05-20;0.00322125;0.00324317
1958-05-21;-0.00055713;-0.00053713
1958-05-22;0.00197602;0.00199520
1958-05-23;0.00074942;0.00076695
1958-05-26;-0.00027040;-0.00022108
1958-05-27;-0.00055239;-0.00053732
1958-05-28;0.00048900;0.00050544
1958-05-29;0.00204786;0.00206375
1958-06-02;0.00191130;0.00198473
1958-06-03;0.00135786;0.00137649
1958-06-04;0.00033386;0.00035413
1958-06-05;0.00042605;0.00044632
1958-06-06;0.00079518;0.00081546
1958-06-09;-0.00075659;-0.00069248
1958-06-10;-0.00086858;-0.00084666
1958-06-11;0.00005477;0.00007806
1958-06-12;0.00236823;0.00239152
1958-06-13;0.00244614;0.00246970
1958-06-16;0.00134848;0.00142163
1958-06-17;-0.00222492;-0.00220136
1958-06-18;0.00362592;0.00365113
1958-06-19;-0.00666774;-0.00664144
1958-06-20;0.00217605;0.00220208
1958-06-23;-0.00158650;-0.00150595
1958-06-24;-0.00160515;-0.00157885
1958-06-25;0.00097867;0.00100387
1958-06-26;0.00189944;0.00192273
1958-06-27;0.00051402;0.00053511
1958-06-30;0.00300696;0.00306861
1958-07-01;0.00032031;0.00034168
1958-07-02;0.00031956;0.00034202
1958-07-03;0.00129824;0.00132016
1958-07-07;0.00117916;0.00127998
1958-07-08;-0.00198281;-0.00195678
1958-07-09;-0.00137036;-0.00134460
1958-07-10;0.00147689;0.00150291
1958-07-11;0.00262508;0.00265193
1958-07-14;-0.00523369;-0.00514657
1958-07-15;-0.00030645;-0.00027960
1958-07-16;0.00121396;0.00123862
1958-07-17;0.00263652;0.00265981
1958-07-18;0.00191000;0.00193494
1958-07-21;0.00482021;0.00489665
1958-07-22;0.00065898;0.00068309
1958-07-23;-0.00012423;-0.00010012
1958-07-24;0.00213538;0.00215949
1958-07-25;0.00272951;0.00275197
1958-07-28;0.00143203;0.00150764
1958-07-29;-0.00166279;-0.00163759
1958-07-30;0.00107812;0.00110442
1958-07-31;0.00081843;0.00084336
1958-08-01;0.00254551;0.00257208
1958-08-04;0.00373146;0.00382187
1958-08-05;-0.00165112;-0.00162098
1958-08-06;-0.00250937;-0.00247786
1958-08-07;0.00261256;0.00264872
1958-08-08;0.00234005;0.00237621
1958-08-11;0.00079759;0.00091924
1958-08-12;-0.00367356;-0.00363329
1958-08-13;0.00063576;0.00067932
1958-08-14;0.00080444;0.00084855
1958-08-15;-0.00352593;-0.00347798
1958-08-18;-0.00254113;-0.00238990
1958-08-19;0.00064056;0.00069042
1958-08-20;0.00012287;0.00017493
1958-08-21;0.00261295;0.00266747
1958-08-22;0.00080342;0.00085794
1958-08-25;-0.00006919;0.00010506
1958-08-26;0.00131066;0.00136929
1958-08-27;0.00003185;0.00009377
1958-08-28;-0.00217455;-0.00211154
1958-08-29;0.00065407;0.00071791
1958-09-02;0.00552122;0.00577327
1958-09-03;0.00423921;0.00430469
1958-09-04;-0.00210173;-0.00203790
1958-09-05;-0.00332137;-0.00325945
1958-09-08;0.00344966;0.00363705
1958-09-09;0.00788453;0.00794700
1958-09-10;-0.00378713;-0.00372055
1958-09-11;0.00785041;0.00791643
1958-09-12;-0.00280993;-0.00274308
1958-09-15;0.00990187;0.01011064
1958-09-16;0.00917660;0.00924619
1958-09-17;-0.00016124;-0.00009220
1958-09-18;0.00055753;0.00062137
1958-09-19;0.00031969;0.00038352
1958-09-22;-0.00521653;-0.00502091
1958-09-23;0.00842199;0.00848665
1958-09-24;0.00504349;0.00511199
1958-09-25;-0.00510682;-0.00503778
1958-09-26;0.00196407;0.00203585
1958-09-29;0.00444492;0.00467670
1958-09-30;0.00429229;0.00436626
1958-10-01;-0.00220655;-0.00212819
1958-10-02;0.00462982;0.00470161
1958-10-03;0.00486852;0.00493647
1958-10-06;0.01704980;0.01725857
1958-10-07;-0.00017461;-0.00010502
1958-10-08;-0.00042673;-0.00035358
1958-10-09;-0.00042920;-0.00035413
1958-10-10;0.00824191;0.00831589
1958-10-13;0.00511912;0.00534104
1958-10-14;-0.00899778;-0.00892491
1958-10-15;-0.01695494;-0.01688124
1958-10-16;0.00882054;0.00889424
1958-10-17;0.01273020;0.01280280
1958-10-20;-0.00520318;-0.00498619
1958-10-21;-0.00017669;-0.00010546
1958-10-22;-0.00511652;-0.00503981
1958-10-23;-0.00265800;-0.00258265
1958-10-24;-0.00414832;-0.00407544
1958-10-27;-0.01022384;-0.01002000
1958-10-28;0.00384101;0.00390841
1958-10-29;0.01207378;0.01214501
1958-10-30;0.00477657;0.00484698
1958-10-31;0.00130105;0.00137091
1958-11-03;0.00493987;0.00514946
1958-11-05;0.01074189;0.01087942
1958-11-06;0.00964302;0.00971014
1958-11-07;-0.00456644;-0.00449904
1958-11-10;0.00669593;0.00691127
1958-11-11;0.00930549;0.00937727
1958-11-12;0.00143256;0.00150626
1958-11-13;-0.00521306;-0.00513799
1958-11-14;0.00580379;0.00587995
1958-11-17;0.00290657;0.00313424
1958-11-18;-0.00268409;-0.00260957
1958-11-19;0.00142470;0.00150114
1958-11-20;0.00005562;0.00012932
1958-11-21;-0.01181712;-0.01174424
1958-11-24;-0.01596014;-0.01574316
1958-11-25;-0.02375850;-0.02368452
1958-11-26;0.02078070;0.02085687
1958-11-28;0.01320617;0.01335850
1958-12-01;0.00340732;0.00363335
1958-12-02;-0.00430429;-0.00422813
1958-12-03;0.00113443;0.00121169
1958-12-04;0.00022427;0.00030153
1958-12-05;-0.00177267;-0.00169651
1958-12-08;-0.00041341;-0.00018574
1958-12-09;0.00641053;0.00648779
1958-12-10;0.01142481;0.01150261
1958-12-11;-0.00210348;-0.00202567
1958-12-12;-0.00246532;-0.00238752
1958-12-15;0.00227193;0.00250453
1958-12-16;0.00343727;0.00351481
1958-12-17;0.00609534;0.00617397
1958-12-18;0.00393181;0.00400935
1958-12-19;-0.00154759;-0.00147198
1958-12-22;-0.00676253;-0.00654062
1958-12-23;-0.00528928;-0.00521531
1958-12-24;0.01219164;0.01226589
1958-12-29;0.01043641;0.01080216
1958-12-30;0.00317759;0.00325074
1958-12-31;0.00472594;0.00479937
1959-01-02;0.00352124;0.00366754
1959-01-05;0.00321426;0.00343289
1959-01-06;-0.00126929;-0.00119586
1959-01-07;-0.01155109;-0.01147520
1959-01-08;0.00829580;0.00837142
1959-01-09;0.00592761;0.00600186
1959-01-12;-0.00022947;-0.00000262
1959-01-13;-0.00517171;-0.00509527
1959-01-14;0.00231780;0.00239780
1959-01-15;0.00328903;0.00336957
1959-01-16;-0.00045931;-0.00037958
1959-01-19;-0.00252325;-0.00227585
1959-01-20;0.00051462;0.00059708
1959-01-21;0.00507354;0.00515381
1959-01-22;-0.00126752;-0.00118752
1959-01-23;0.00035045;0.00043154
1959-01-26;-0.00413037;-0.00388872
1959-01-27;0.00002993;0.00010774
1959-01-28;-0.01021123;-0.01013561
1959-01-29;0.00052871;0.00060241
1959-01-30;0.00397656;0.00404889
1959-02-02;-0.00450963;-0.00428360
1959-02-03;0.00106369;0.00114040
1959-02-04;-0.00390690;-0.00383156
1959-02-05;-0.00443404;-0.00436308
1959-02-06;-0.00773829;-0.00766706
1959-02-09;-0.01417775;-0.01394926
1959-02-10;0.01295043;0.01302440
1959-02-11;0.00038828;0.00046226
1959-02-12;-0.00623634;-0.00616237
1959-02-13;0.00723411;0.00730808
1959-02-16;0.00099098;0.00120961
1959-02-17;-0.00378261;-0.00371192
1959-02-18;0.00004006;0.00011348
1959-02-19;0.02080480;0.02087713
1959-02-20;0.00020956;0.00028025
1959-02-24;-0.00121629;-0.00092698
1959-02-25;-0.00423667;-0.00415941
1959-02-26;0.00157707;0.00165433
1959-02-27;0.00105886;0.00113448
1959-03-02;0.00526994;0.00549762
1959-03-03;0.00906217;0.00913834
1959-03-04;0.00160921;0.00168729
1959-03-05;0.00125677;0.00133403
1959-03-06;-0.00399418;-0.00391253
1959-03-09;-0.00149656;-0.00125245
1959-03-10;0.00266676;0.00274456
1959-03-11;0.00055618;0.00063426
1959-03-12;0.00423321;0.00431020
1959-03-13;0.00107682;0.00115354
1959-03-16;-0.01104218;-0.01081861
1959-03-17;0.00795268;0.00802829
1959-03-18;-0.00241230;-0.00233559
1959-03-19;-0.00101770;-0.00094126
1959-03-20;0.00073306;0.00080896
1959-03-23;-0.00952202;-0.00929681
1959-03-24;0.00144753;0.00152260
1959-03-25;-0.00155275;-0.00147686
1959-03-26;-0.00226094;-0.00218505
1959-03-30;-0.00605540;-0.00575074
1959-03-31;-0.00032419;-0.00024802
1959-04-01;0.00450300;0.00458163
1959-04-02;0.00559397;0.00567287
1959-04-03;0.00795849;0.00803739
1959-04-06;0.00246648;0.00270648
1959-04-07;-0.00234154;-0.00226182
1959-04-08;-0.00508910;-0.00500800
1959-04-09;-0.00088956;-0.00080791
1959-04-10;0.00076276;0.00084550
1959-04-13;0.00338920;0.00363577
1959-04-14;0.00496587;0.00504861
1959-04-15;0.00439112;0.00447714
1959-04-16;0.00835783;0.00844413
1959-04-17;0.00864846;0.00873394
1959-04-20;0.00398722;0.00423544
1959-04-21;-0.00122000;-0.00113808
1959-04-22;-0.00690585;-0.00682366
1959-04-23;-0.00247949;-0.00239785
1959-04-24;0.00629893;0.00637838
1959-04-27;0.00275781;0.00298631
1959-04-28;-0.00405453;-0.00397919
1959-04-29;-0.00424900;-0.00417229
1959-04-30;-0.00194285;-0.00186477
1959-05-01;0.00094904;0.00102767
1959-05-04;-0.00047078;-0.00023242
1959-05-05;0.00168415;0.00176250
1959-05-06;-0.00272689;-0.00264881
1959-05-07;-0.01359411;-0.01351795
1959-05-08;0.00805205;0.00812794
1959-05-11;0.01138901;0.01161175
1959-05-12;-0.00015199;-0.00007719
1959-05-13;0.00002841;0.00010567
1959-05-14;0.00716645;0.00724179
1959-05-15;-0.00397017;-0.00389346
1959-05-18;-0.00064706;-0.00041445
1959-05-19;0.00294577;0.00302358
1959-05-20;-0.00433952;-0.00426062
1959-05-21;0.00075751;0.00083560
1959-05-22;0.00331089;0.00338898
1959-05-25;-0.00319411;-0.00295987
1959-05-26;-0.00179660;-0.00171824
1959-05-27;0.00166934;0.00174852
1959-05-28;0.00348846;0.00356818
1959-05-29;0.00508532;0.00516971
1959-06-01;-0.00173816;-0.00148419
1959-06-02;-0.00924578;-0.00916031
1959-06-03;0.00024895;0.00033608
1959-06-04;-0.01431307;-0.01422539
1959-06-05;-0.00296582;-0.00287870
1959-06-08;-0.01790756;-0.01764208
1959-06-09;-0.00954839;-0.00945935
1959-06-10;0.01930664;0.01939706
1959-06-11;0.00118054;0.00127040
1959-06-12;0.00071610;0.00080596
1959-06-15;-0.00756407;-0.00729859
1959-06-16;-0.01020725;-0.01011903
1959-06-17;0.01220960;0.01229892
1959-06-18;-0.00113625;-0.00104803
1959-06-19;0.00164965;0.00173869
1959-06-22;-0.00062307;-0.00035841
1959-06-23;-0.00043930;-0.00035136
1959-06-24;0.00651904;0.00660863
1959-06-25;0.00717759;0.00726718
1959-06-26;0.00553512;0.00562060
1959-06-29;0.00830452;0.00855931
1959-06-30;0.00199240;0.00207842
1959-07-01;0.00323473;0.00332240
1959-07-02;0.00196545;0.00205285
1959-07-06;0.00216423;0.00251491
1959-07-07;0.00226502;0.00235324
1959-07-08;0.00006687;0.00015810
1959-07-09;-0.00044655;-0.00035559
1959-07-10;-0.00044683;-0.00035615
1959-07-13;-0.00340065;-0.00312613
1959-07-14;0.00084590;0.00093851
1959-07-15;0.00019663;0.00028951
1959-07-16;-0.00122594;-0.00113334
1959-07-17;-0.00148847;-0.00139696
1959-07-20;-0.00200701;-0.00173414
1959-07-21;0.00320970;0.00329847
1959-07-22;0.00123757;0.00132360
1959-07-23;0.00032934;0.00041263
1959-07-24;-0.00018721;-0.00010501
1959-07-27;0.00221518;0.00246340
1959-07-28;0.00186804;0.00194968
1959-07-29;0.00185793;0.00194095
1959-07-30;-0.00082090;-0.00073843
1959-07-31;-0.00005755;0.00002465
1959-08-03;0.00341116;0.00365691
1959-08-04;-0.00214785;-0.00206648
1959-08-05;-0.00629358;-0.00621111
1959-08-06;-0.00137036;-0.00128734
1959-08-07;-0.00752158;-0.00743911
1959-08-10;-0.02549869;-0.02524883
1959-08-11;0.01551701;0.01560140
1959-08-12;-0.00300545;-0.00291668
1959-08-13;-0.00220521;-0.00211644
1959-08-14;0.00264030;0.00272962
1959-08-17;-0.00299473;-0.00271857
1959-08-18;-0.01130437;-0.01121012
1959-08-19;-0.00733337;-0.00723693
1959-08-20;0.01764742;0.01774441
1959-08-21;-0.00141431;-0.00131404
1959-08-24;-0.00486534;-0.00455465
1959-08-25;0.00223166;0.00233440
1959-08-26;0.00141559;0.00151888
1959-08-27;0.01011792;0.01021792
1959-08-28;0.00019819;0.00029956
1959-08-31;-0.00069396;-0.00037505
1959-09-01;-0.00414522;-0.00403783
1959-09-02;0.00022386;0.00033373
1959-09-03;-0.00379664;-0.00368733
1959-09-04;0.00154472;0.00165239
1959-09-08;-0.00502513;-0.00458677
1959-09-09;-0.00243036;-0.00232022
1959-09-10;-0.00180671;-0.00169658
1959-09-11;0.00239924;0.00250938
1959-09-14;-0.00262321;-0.00228211
1959-09-15;-0.00187592;-0.00176140
1959-09-16;0.00017449;0.00028873
1959-09-17;-0.00188456;-0.00177003
1959-09-18;-0.00136044;-0.00125140
1959-09-21;-0.00563794;-0.00531821
1959-09-22;-0.00084362;-0.00073567
1959-09-23;0.00405485;0.00416526
1959-09-24;0.00567858;0.00578817
1959-09-25;-0.00035349;-0.00024308
1959-09-28;0.00228637;0.00263158
1959-09-29;0.00204080;0.00215477
1959-09-30;-0.00376382;-0.00365149
1959-10-01;-0.00029263;-0.00018085
1959-10-02;-0.00130953;-0.00120158
1959-10-05;0.00033673;0.00065728
1959-10-06;0.00026423;0.00037108
1959-10-07;0.00077244;0.00088368
1959-10-08;0.00067284;0.00078407
1959-10-09;-0.00095428;-0.00084003
1959-10-12;-0.00158436;-0.00124162
1959-10-13;0.00082129;0.00093745
1959-10-14;0.00229171;0.00240952
1959-10-15;-0.00080231;-0.00068588
1959-10-16;-0.00232661;-0.00221209
1959-10-19;0.00165181;0.00198551
1959-10-20;0.00178790;0.00189749
1959-10-21;0.00057327;0.00068204
1959-10-22;0.00282538;0.00293470
1959-10-23;-0.00288161;-0.00277421
1959-10-26;-0.00190815;-0.00158021
1959-10-27;-0.00242685;-0.00231754
1959-10-28;-0.00018948;-0.00007934
1959-10-29;0.00026370;0.00037356
1959-10-30;-0.00058657;-0.00047698
1959-11-02;-0.00068095;-0.00034068
1959-11-04;-0.00082337;-0.00060091
1959-11-05;0.00024094;0.00035053
1959-11-06;0.00130441;0.00141208
1959-11-09;-0.00062985;-0.00029779
1959-11-10;-0.00014569;-0.00003610
1959-11-11;-0.00000114;0.00010845
1959-11-12;-0.00159166;-0.00148070
1959-11-13;-0.00160029;-0.00148933
1959-11-16;-0.00322381;-0.00287367
1959-11-17;0.00073769;0.00085221
1959-11-18;0.00294606;0.00306222
1959-11-19;-0.00029374;-0.00017922
1959-11-20;0.00009563;0.00020879
1959-11-23;0.00038279;0.00072635
1959-11-24;0.00125951;0.00137458
1959-11-25;0.00038327;0.00050053
1959-11-27;0.00115040;0.00138711
1959-11-30;0.00262382;0.00298875
1959-12-01;0.00219338;0.00231502
1959-12-02;-0.00059301;-0.00046808
1959-12-03;0.00063311;0.00075777
1959-12-04;0.00057852;0.00070263
1959-12-07;0.00040394;0.00077545
1959-12-08;0.00195497;0.00207771
1959-12-09;-0.00200878;-0.00188659
1959-12-10;0.00020536;0.00032783
1959-12-11;-0.00080130;-0.00067856
1959-12-14;0.00067090;0.00103665
1959-12-15;-0.00080071;-0.00067907
1959-12-16;0.00031174;0.00043448
1959-12-17;-0.00064350;-0.00051884
1959-12-18;0.00142670;0.00155136
1959-12-21;0.00018733;0.00056623
1959-12-22;-0.00043038;-0.00030435
1959-12-23;-0.00101252;-0.00088567
1959-12-24;0.00015247;0.00027466
1959-12-28;-0.00034372;0.00014286
1959-12-29;0.00163722;0.00175695
1959-12-30;0.00241881;0.00253853
1959-12-31;0.00049023;0.00061078
1960-01-04;-0.00057310;-0.00007776
1960-01-05;0.01029243;0.01041709
1960-01-06;-0.00592633;-0.00579811
1960-01-07;-0.00988957;-0.00976272
1960-01-08;-0.00444582;-0.00432006
1960-01-11;-0.01691197;-0.01653882
1960-01-12;-0.00831735;-0.00819296
1960-01-13;-0.00769167;-0.00756674
1960-01-14;0.00699985;0.00712341
1960-01-15;-0.00070290;-0.00057989
1960-01-18;-0.01179187;-0.01143269
1960-01-19;-0.01434376;-0.01422568
1960-01-20;-0.00484227;-0.00472446
1960-01-21;0.00298504;0.00310202
1960-01-22;0.00367282;0.00378570
1960-01-25;-0.01448089;-0.01414226
1960-01-26;0.00161882;0.00172950
1960-01-27;-0.00347518;-0.00336587
1960-01-28;-0.01392426;-0.01381687
1960-01-29;-0.01256219;-0.01245288
1960-02-01;-0.00240765;-0.00207888
1960-02-02;-0.00598078;-0.00587229
1960-02-03;0.00344954;0.00355913
1960-02-04;0.00036190;0.00047012
1960-02-05;0.00202480;0.00212891
1960-02-08;0.00463391;0.00492569
1960-02-09;-0.00365613;-0.00355804
1960-02-10;0.00245846;0.00255983
1960-02-11;0.00219423;0.00229971
1960-02-12;-0.00196548;-0.00186000
1960-02-15;0.00208709;0.00241257
1960-02-16;0.00312831;0.00323900
1960-02-17;-0.00212199;-0.00201048
1960-02-18;-0.00544313;-0.00533245
1960-02-19;-0.00305983;-0.00294805
1960-02-23;0.00214806;0.00259299
1960-02-24;0.00141243;0.00152558
1960-02-25;-0.00131216;-0.00119791
1960-02-26;-0.00158648;-0.00147169
1960-02-29;0.00032794;0.00067233
1960-03-01;0.00067482;0.00078687
1960-03-02;0.00235876;0.00246780
1960-03-03;0.00509749;0.00519886
1960-03-04;0.00130162;0.00140135
1960-03-07;0.00342326;0.00371422
1960-03-08;0.00343881;0.00353635
1960-03-09;-0.00357976;-0.00348003
1960-03-10;0.00131949;0.00141976
1960-03-11;-0.00255515;-0.00245680
1960-03-14;-0.00047072;-0.00018798
1960-03-15;-0.00259521;-0.00250042
1960-03-16;-0.00183720;-0.00174323
1960-03-17;0.00049820;0.00059245
1960-03-18;-0.00029902;-0.00020861
1960-03-21;-0.00035212;-0.00010143
1960-03-22;-0.00134177;-0.00126232
1960-03-23;-0.00273864;-0.00266275
1960-03-24;-0.00144718;-0.00136992
1960-03-25;0.00000166;0.00007509
1960-03-28;0.00072971;0.00095820
1960-03-29;0.00048538;0.00056292
1960-03-30;0.00072842;0.00080842
1960-03-31;0.00189617;0.00197891
1960-04-01;-0.00147574;-0.00139794
1960-04-04;-0.00179463;-0.00157107
1960-04-05;0.00280098;0.00287769
1960-04-06;-0.01877976;-0.01869976
1960-04-07;-0.00014775;-0.00006419
1960-04-08;0.00211915;0.00220956
1960-04-11;0.00363936;0.00393114
1960-04-12;-0.00208473;-0.00198610
1960-04-13;0.00002675;0.00012456
1960-04-14;-0.00208185;-0.00198541
1960-04-18;-0.00250968;-0.00215023
1960-04-19;0.00743958;0.00753109
1960-04-20;0.01124006;0.01133157
1960-04-21;-0.00244803;-0.00235625
1960-04-22;0.00281272;0.00290505
1960-04-25;0.00927898;0.00954693
1960-04-26;-0.00297571;-0.00288667
1960-04-27;0.00001875;0.00010779
1960-04-28;0.00797563;0.00806220
1960-04-29;0.00318915;0.00327244
1960-05-02;0.00421444;0.00446348
1960-05-03;-0.01220938;-0.01212336
1960-05-04;-0.00360490;-0.00351942
1960-05-05;0.00310712;0.00319178
1960-05-06;0.00190964;0.00199293
1960-05-09;-0.00080745;-0.00054279
1960-05-10;0.00657523;0.00666427
1960-05-11;-0.00258491;-0.00249422
1960-05-12;-0.00482868;-0.00473662
1960-05-13;-0.00773203;-0.00763778
1960-05-16;0.00094184;0.00123937
1960-05-17;-0.00356650;-0.00346951
1960-05-18;0.00037124;0.00047179
1960-05-19;-0.00406888;-0.00397518
1960-05-20;-0.00082955;-0.00074051
1960-05-23;-0.00043744;-0.00015634
1960-05-24;0.00103958;0.00113164
1960-05-25;0.00053044;0.00062140
1960-05-26;-0.00065961;-0.00057030
1960-05-27;-0.00049383;-0.00040917
1960-05-31;-0.00150743;-0.00116551
1960-06-01;-0.00038818;-0.00030435
1960-06-02;-0.00156932;-0.00148932
1960-06-03;-0.00065133;-0.00057873
1960-06-06;-0.00429744;-0.00408210
1960-06-07;-0.00347641;-0.00340299
1960-06-08;-0.00293256;-0.00285722
1960-06-09;-0.00069498;-0.00062293
1960-06-10;0.00018833;0.00025354
1960-06-13;-0.00013275;0.00005547
1960-06-14;0.00050341;0.00056615
1960-06-15;0.00214911;0.00221130
1960-06-16;0.00044375;0.00050731
1960-06-17;0.00038106;0.00044600
1960-06-20;0.00178776;0.00199735
1960-06-21;0.00031873;0.00038229
1960-06-22;-0.00109218;-0.00102752
1960-06-23;-0.00198426;-0.00191878
1960-06-24;-0.00057416;-0.00050978
1960-06-27;0.00221780;0.00240766
1960-06-28;0.00248976;0.00255003
1960-06-29;-0.00000361;0.00005502
1960-06-30;0.00006727;0.00012727
1960-07-01;0.00089051;0.00094668
1960-07-05;-0.00045962;-0.00022948
1960-07-06;-0.00058472;-0.00052308
1960-07-07;0.00195884;0.00202295
1960-07-08;0.00088172;0.00094720
1960-07-11;-0.00354623;-0.00334157
1960-07-12;-0.00420931;-0.00414300
1960-07-13;-0.00106886;-0.00100146
1960-07-14;0.00008508;0.00015001
1960-07-15;-0.00052597;-0.00046269
1960-07-18;-0.00253075;-0.00234500
1960-07-19;-0.00004995;0.00001252
1960-07-20;-0.00066682;-0.00060271
1960-07-21;-0.00354827;-0.00348416
1960-07-22;-0.00268093;-0.00261654
1960-07-25;-0.00391446;-0.00372460
1960-07-26;0.00227353;0.00233462
1960-07-27;-0.00242828;-0.00236718
1960-07-28;0.00276680;0.00282789
1960-07-29;0.00645990;0.00651990
1960-08-01;-0.00015599;0.00001661
1960-08-02;0.00349687;0.00355495
1960-08-03;0.00230313;0.00236259
1960-08-04;-0.00123642;-0.00117751
1960-08-05;-0.00397953;-0.00392118
1960-08-08;-0.00058295;-0.00040378
1960-08-09;-0.00229047;-0.00223130
1960-08-10;-0.00163757;-0.00157757
1960-08-11;-0.00148880;-0.00142743
1960-08-12;-0.00268268;-0.00262378
1960-08-15;0.00034034;0.00052116
1960-08-16;-0.00077399;-0.00071317
1960-08-17;-0.00084125;-0.00077741
1960-08-18;0.00020810;0.00027331
1960-08-19;-0.00139787;-0.00133212
1960-08-22;-0.00125693;-0.00106214
1960-08-23;-0.00388663;-0.00382225
1960-08-24;-0.00219891;-0.00213151
1960-08-25;0.00191296;0.00198118
1960-08-26;0.00130401;0.00137140
1960-08-29;0.00110145;0.00130528
1960-08-30;0.00414471;0.00421403
1960-08-31;-0.00089709;-0.00082668
1960-09-01;0.00080435;0.00087504
1960-09-02;-0.00064298;-0.00057476
1960-09-06;-0.00356541;-0.00328705
1960-09-07;-0.00470261;-0.00463302
1960-09-08;-0.00038829;-0.00031843
1960-09-09;0.00243901;0.00250997
1960-09-12;-0.00276633;-0.00255181
1960-09-13;0.00068819;0.00076024
1960-09-14;-0.00267453;-0.00260248
1960-09-15;-0.00154108;-0.00147176
1960-09-16;-0.00079885;-0.00073091
1960-09-19;-0.00866409;-0.00846683
1960-09-20;0.00099498;0.00106046
1960-09-21;0.00384047;0.00390786
1960-09-22;-0.00149574;-0.00142725
1960-09-23;-0.00322637;-0.00316061
1960-09-26;-0.00599842;-0.00580609
1960-09-27;-0.00089920;-0.00083345
1960-09-28;-0.00331125;-0.00324632
1960-09-29;0.00095156;0.00101540
1960-09-30;0.00627443;0.00633744
1960-10-03;0.00252756;0.00271742
1960-10-04;0.00588794;0.00595013
1960-10-05;-0.00641678;-0.00634965
1960-10-06;-0.00525392;-0.00518625
1960-10-07;-0.00490383;-0.00483452
1960-10-10;-0.00172265;-0.00150813
1960-10-11;-0.00125517;-0.00118585
1960-10-12;0.00109796;0.00116728
1960-10-13;-0.00658976;-0.00651852
1960-10-14;-0.00451804;-0.00445119
1960-10-17;0.00355136;0.00374286
1960-10-18;0.00435029;0.00441193
1960-10-19;0.00155911;0.00162213
1960-10-20;0.00610109;0.00615917
1960-10-21;0.00220104;0.00225995
1960-10-24;0.01611025;0.01628368
1960-10-25;0.00805480;0.00811288
1960-10-26;-0.01384718;-0.01378773
1960-10-27;-0.00914122;-0.00908369
1960-10-28;0.00331861;0.00337532
1960-10-31;0.00029017;0.00046441
1960-11-01;-0.00855706;-0.00849541
1960-11-02;-0.00431586;-0.00425558
1960-11-03;-0.00322168;-0.00316113
1960-11-04;-0.00717428;-0.00711346
1960-11-07;-0.00318618;-0.00299385
1960-11-09;-0.00361914;-0.00348708
1960-11-10;-0.01619831;-0.01613118
1960-11-11;0.00823666;0.00830378
1960-11-14;0.00416155;0.00436867
1960-11-15;-0.00328472;-0.00321568
1960-11-16;0.00163589;0.00170411
1960-11-17;0.00223320;0.00229895
1960-11-18;-0.00403767;-0.00397274
1960-11-21;-0.00164606;-0.00145290
1960-11-22;0.00311406;0.00317927
1960-11-23;-0.00119387;-0.00112784
1960-11-25;-0.00491423;-0.00478327
1960-11-28;0.00146662;0.00165730
1960-11-29;0.00296080;0.00302655
1960-11-30;0.00426503;0.00433078
1960-12-01;0.00111799;0.00118182
1960-12-02;-0.00042294;-0.00035993
1960-12-05;0.00036939;0.00055679
1960-12-06;-0.00075065;-0.00068764
1960-12-07;-0.00256934;-0.00250578
1960-12-08;-0.00060274;-0.00054082
1960-12-09;-0.00230803;-0.00224611
1960-12-12;-0.00091907;-0.00073167
1960-12-13;-0.00013838;-0.00007646
1960-12-14;0.00018022;0.00024132
1960-12-15;0.00072729;0.00078894
1960-12-16;-0.00237800;-0.00231663
1960-12-19;0.00031121;0.00049450
1960-12-20;0.00017992;0.00024294
1960-12-21;-0.00208859;-0.00202667
1960-12-22;0.00071808;0.00077891
1960-12-23;-0.00022792;-0.00016819
1960-12-27;-0.00036896;-0.00012676
1960-12-28;-0.00117314;-0.00111396
1960-12-29;-0.00121262;-0.00115317
1960-12-30;-0.00031585;-0.00025557
1961-01-03;-0.00324952;-0.00299746
1961-01-04;0.00449828;0.00456020
1961-01-05;0.00114763;0.00120982
1961-01-06;-0.00100393;-0.00094146
1961-01-09;0.00219261;0.00238248
1961-01-10;0.00085714;0.00091933
1961-01-11;0.00091091;0.00097283
1961-01-12;0.00096404;0.00102623
1961-01-13;0.00151889;0.00158108
1961-01-16;-0.00024026;-0.00005533
1961-01-17;0.00029067;0.00035094
1961-01-18;0.00017853;0.00024127
1961-01-19;0.00045584;0.00051803
1961-01-20;0.00100924;0.00107007
1961-01-23;0.00169468;0.00187222
1961-01-24;0.00083613;0.00089503
1961-01-25;0.00039537;0.00045564
1961-01-26;0.00044974;0.00050919
1961-01-27;0.00334241;0.00340213
1961-01-30;0.00381610;0.00400021
1961-01-31;-0.00112596;-0.00106349
1961-02-01;0.00217461;0.00223899
1961-02-02;0.00760752;0.00767081
1961-02-03;-0.00170059;-0.00163812
1961-02-06;-0.00936095;-0.00917026
1961-02-07;-0.00229949;-0.00223566
1961-02-08;0.01075632;0.01082098
1961-02-09;-0.00383043;-0.00376578
1961-02-10;-0.01023713;-0.01017165
1961-02-13;-0.00751778;-0.00732134
1961-02-14;0.00514581;0.00521156
1961-02-15;0.00981787;0.00988472
1961-02-16;0.00721454;0.00727975
1961-02-17;-0.00401935;-0.00395360
1961-02-20;0.00376855;0.00396992
1961-02-21;0.00060607;0.00067511
1961-02-23;0.00410056;0.00423974
1961-02-24;0.00463489;0.00470393
1961-02-27;0.00829738;0.00850779
1961-02-28;0.00248136;0.00255205
1961-03-01;-0.00039291;-0.00032167
1961-03-02;0.00856672;0.00863631
1961-03-03;0.00188807;0.00195683
1961-03-06;0.00152861;0.00172998
1961-03-07;-0.01214479;-0.01207739
1961-03-08;-0.00080338;-0.00073653
1961-03-09;0.00107121;0.00113779
1961-03-10;-0.00059428;-0.00052798
1961-03-13;0.00321671;0.00341233
1961-03-14;-0.00598801;-0.00592307
1961-03-15;0.00378514;0.00384980
1961-03-16;0.01312786;0.01319170
1961-03-17;-0.00449521;-0.00443220
1961-03-20;0.01723521;0.01742343
1961-03-21;-0.00261733;-0.00255514
1961-03-22;-0.00098799;-0.00092662
1961-03-23;-0.00364522;-0.00358248
1961-03-24;-0.00242688;-0.00236332
1961-03-27;-0.00195925;-0.00176857
1961-03-28;0.00044043;0.00050482
1961-03-29;0.01111044;0.01117646
1961-03-30;0.00246644;0.00253274
1961-04-03;0.01035413;0.01061714
1961-04-04;0.00104122;0.00110670
1961-04-05;-0.00424135;-0.00417587
1961-04-06;0.00288017;0.00294374
1961-04-07;0.00693968;0.00700269
1961-04-10;0.01099972;0.01118876
1961-04-11;0.00162889;0.00169190
1961-04-12;-0.00638324;-0.00631914
1961-04-13;-0.00118221;-0.00111837
1961-04-14;0.00203883;0.00210184
1961-04-17;0.04589776;0.04608516
1961-04-18;-0.04833576;-0.04827384
1961-04-19;-0.00803151;-0.00796959
1961-04-20;0.00003019;0.00009102
1961-04-21;-0.00118604;-0.00112494
1961-04-24;-0.02829573;-0.02811655
1961-04-25;0.01846792;0.01852820
1961-04-26;0.00493312;0.00499449
1961-04-27;-0.00200557;-0.00194338
1961-04-28;-0.00327816;-0.00321597
1961-05-01;-0.00183625;-0.00164968
1961-05-02;0.00512838;0.00519003
1961-05-03;0.00586405;0.00592460
1961-05-04;0.00275197;0.00281197
1961-05-05;0.00077911;0.00083884
1961-05-08;-0.00147785;-0.00129621
1961-05-09;0.00056023;0.00062160
1961-05-10;-0.00074752;-0.00068643
1961-05-11;-0.00031193;-0.00025084
1961-05-12;0.00110621;0.00116703
1961-05-15;0.00331148;0.00349559
1961-05-16;0.00261475;0.00267639
1961-05-17;0.00325080;0.00331463
1961-05-18;-0.00439399;-0.00433043
1961-05-19;0.00293179;0.00299453
1961-05-22;-0.00480822;-0.00461754
1961-05-23;-0.00193798;-0.00187333
1961-05-24;-0.00465935;-0.00459250
1961-05-25;-0.00282991;-0.00276361
1961-05-26;0.00451062;0.00457610
1961-05-31;0.00093602;0.00125657
1961-06-01;-0.00009834;-0.00003341
1961-06-02;0.00178214;0.00184981
1961-06-05;0.00356357;0.00376823
1961-06-06;-0.00218701;-0.00212071
1961-06-07;-0.01387236;-0.01380689
1961-06-08;0.01146745;0.01153211
1961-06-09;-0.00020849;-0.00014411
1961-06-12;-0.00593042;-0.00574055
1961-06-13;-0.00399729;-0.00393345
1961-06-14;0.00191893;0.00198249
1961-06-15;-0.00333688;-0.00327332
1961-06-16;-0.00581983;-0.00575599
1961-06-19;-0.00707739;-0.00688588
1961-06-20;0.00640830;0.00647159
1961-06-21;-0.00021046;-0.00014690
1961-06-22;-0.00281271;-0.00274942
1961-06-23;0.00285623;0.00291870
1961-06-26;-0.00809205;-0.00790794
1961-06-27;-0.00009652;-0.00003406
1961-06-28;0.00127518;0.00133792
1961-06-29;-0.00089511;-0.00083292
1961-06-30;0.00119902;0.00126121
1961-07-03;-0.00203962;-0.00185058
1961-07-05;-0.00148925;-0.00136213
1961-07-06;-0.00063440;-0.00057111
1961-07-07;0.00013906;0.00020207
1961-07-10;0.00020644;0.00039384
1961-07-11;0.00006869;0.00013033
1961-07-12;0.00129886;0.00136078
1961-07-13;0.00162420;0.00168557
1961-07-14;-0.00149689;-0.00143662
1961-07-17;0.00172687;0.00190605
1961-07-18;0.00135218;0.00141245
1961-07-19;-0.00104137;-0.00098109
1961-07-20;-0.00003764;0.00002236
1961-07-21;-0.00053732;-0.00047814
1961-07-24;-0.00004148;0.00013852
1961-07-25;-0.00128306;-0.00122251
1961-07-26;-0.00216057;-0.00209893
1961-07-27;-0.00270193;-0.00264165
1961-07-28;-0.00034824;-0.00028687
1961-07-31;-0.00027935;-0.00009360
1961-08-01;0.00967094;0.00973259
1961-08-02;-0.00699430;-0.00693129
1961-08-03;0.00547303;0.00553577
1961-08-04;0.00608209;0.00614483
1961-08-07;-0.00058313;-0.00039326
1961-08-08;0.00223764;0.00230175
1961-08-09;-0.00141038;-0.00134490
1961-08-10;0.00318385;0.00325015
1961-08-11;0.00159284;0.00165969
1961-08-14;-0.00580328;-0.00559944
1961-08-15;-0.00284215;-0.00277393
1961-08-16;0.00271284;0.00278243
1961-08-17;0.00587696;0.00594545
1961-08-18;0.00269137;0.00275904
1961-08-21;0.00176346;0.00196566
1961-08-22;0.00001100;0.00007840
1961-08-23;-0.00736340;-0.00729518
1961-08-24;-0.00630368;-0.00623820
1961-08-25;0.00112847;0.00119258
1961-08-28;0.00005240;0.00024145
1961-08-29;-0.00252193;-0.00245727
1961-08-30;0.00398973;0.00405439
1961-08-31;0.00396719;0.00403157
1961-09-01;0.00189619;0.00196057
1961-09-05;-0.00454202;-0.00428448
1961-09-06;0.00840475;0.00846858
1961-09-07;-0.00202214;-0.00195913
1961-09-08;-0.00815256;-0.00808927
1961-09-11;-0.01074051;-0.01055229
1961-09-12;0.01160479;0.01166753
1961-09-13;0.00070257;0.00076586
1961-09-14;-0.00836296;-0.00830022
1961-09-15;0.00191514;0.00197733
1961-09-18;-0.00802032;-0.00783539
1961-09-19;-0.01971018;-0.01964826
1961-09-20;0.01533918;0.01540192
1961-09-21;0.00036948;0.00043140
1961-09-22;-0.00484000;-0.00477835
1961-09-25;-0.01701789;-0.01683295
1961-09-26;0.00002549;0.00008713
1961-09-27;0.01205070;0.01211262
1961-09-28;0.00177373;0.00183537
1961-09-29;0.00240687;0.00246796
1961-10-02;0.00007406;0.00025817
1961-10-03;-0.00025727;-0.00019590
1961-10-04;0.00233338;0.00239721
1961-10-05;0.00305333;0.00311607
1961-10-06;-0.00421283;-0.00414955
1961-10-09;0.00497190;0.00516341
1961-10-10;0.00083662;0.00089991
1961-10-11;0.00026382;0.00032876
1961-10-12;-0.00009886;-0.00003393
1961-10-13;-0.00066846;-0.00060353
1961-10-16;-0.00112540;-0.00093471
1961-10-17;0.00005801;0.00011993
1961-10-18;0.00172176;0.00178450
1961-10-19;0.00119552;0.00125826
1961-10-20;-0.00236669;-0.00230368
1961-10-23;0.00017218;0.00036122
1961-10-24;-0.00046108;-0.00039861
1961-10-25;0.00182264;0.00188565
1961-10-26;0.00057332;0.00063634
1961-10-27;-0.00066497;-0.00060223
1961-10-30;0.00027479;0.00046136
1961-10-31;0.00092906;0.00099153
1961-11-01;0.00158400;0.00164647
1961-11-02;0.00580865;0.00587084
1961-11-03;0.00546424;0.00552671
1961-11-06;0.00793789;0.00812857
1961-11-08;0.01292965;0.01306061
1961-11-09;-0.00166307;-0.00159704
1961-11-10;0.00441489;0.00448256
1961-11-13;0.00258678;0.00279144
1961-11-14;0.00574023;0.00580927
1961-11-15;0.00000040;0.00007108
1961-11-16;-0.00089927;-0.00082968
1961-11-17;-0.00014829;-0.00007897
1961-11-20;0.00105845;0.00126557
1961-11-21;0.00075221;0.00082125
1961-11-22;-0.00134843;-0.00127829
1961-11-24;0.00180329;0.00194302
1961-11-27;-0.00029950;-0.00008744
1961-11-28;-0.00164708;-0.00157667
1961-11-29;-0.00089991;-0.00082895
1961-11-30;-0.00585374;-0.00578388
1961-12-01;0.00662782;0.00669713
1961-12-04;0.00292786;0.00313827
1961-12-05;-0.00131269;-0.00124200
1961-12-06;0.00072888;0.00080038
1961-12-07;-0.00437604;-0.00430535
1961-12-08;0.00483339;0.00490380
1961-12-11;0.00466480;0.00487521
1961-12-12;0.00348046;0.00355087
1961-12-13;-0.00173680;-0.00166557
1961-12-14;-0.00810949;-0.00803799
1961-12-15;0.00029006;0.00036211
1961-12-18;-0.00408819;-0.00387203
1961-12-19;-0.00746302;-0.00739178
1961-12-20;-0.00220965;-0.00213842
1961-12-21;-0.00398543;-0.00391420
1961-12-22;0.00059421;0.00066544
1961-12-26;0.00103741;0.00132672
1961-12-27;0.00916615;0.00923902
1961-12-28;0.00043776;0.00051064
1961-12-29;-0.00224561;-0.00217246
1962-01-02;-0.00402170;-0.00372581
1962-01-03;0.00102754;0.00110233
1962-01-04;-0.00320784;-0.00313332
1962-01-05;-0.00639429;-0.00631923
1962-01-08;-0.00373433;-0.00350584
1962-01-09;0.00013201;0.00020817
1962-01-10;-0.00131982;-0.00124283
1962-01-11;0.00264628;0.00272244
1962-01-12;0.00151254;0.00158816
1962-01-15;-0.00111397;-0.00088876
1962-01-16;-0.00269206;-0.00261726
1962-01-17;-0.00501906;-0.00494399
1962-01-18;0.00040229;0.00047654
1962-01-19;0.00233624;0.00241048
1962-01-22;0.00020391;0.00042418
1962-01-23;-0.00351194;-0.00343907
1962-01-24;0.00067033;0.00074321
1962-01-25;-0.00039796;-0.00032509
1962-01-26;-0.00153297;-0.00145982
1962-01-29;-0.00173390;-0.00151445
1962-01-30;0.00174940;0.00182255
1962-01-31;0.00441519;0.00448998
1962-02-01;0.00248491;0.00255861
1962-02-02;0.00325243;0.00332558
1962-02-05;0.00024094;0.00046039
1962-02-06;0.00041822;0.00049164
1962-02-07;0.00268215;0.00275694
1962-02-08;0.00088784;0.00096236
1962-02-09;-0.00065047;-0.00057595
1962-02-12;-0.00029725;-0.00007368
1962-02-13;-0.00011928;-0.00004366
1962-02-14;-0.00023836;-0.00016110
1962-02-15;0.00183394;0.00191175
1962-02-16;-0.00094513;-0.00086760
1962-02-19;-0.00124500;-0.00101486
1962-02-20;0.00142066;0.00149600
1962-02-21;-0.00206630;-0.00199150
1962-02-23;-0.00106741;-0.00092001
1962-02-26;-0.00255432;-0.00233569
1962-02-27;0.00071747;0.00079199
1962-02-28;0.00035672;0.00043097
1962-03-01;0.00143123;0.00150466
1962-03-02;-0.00030986;-0.00023617
1962-03-05;-0.00111647;-0.00089455
1962-03-06;-0.00149201;-0.00141748
1962-03-07;-0.00062392;-0.00054857
1962-03-08;0.00305986;0.00313520
1962-03-09;0.00136338;0.00143900
1962-03-12;-0.00031140;-0.00008537
1962-03-13;0.00117379;0.00124913
1962-03-14;0.00184837;0.00192371
1962-03-15;0.00085826;0.00093305
1962-03-16;-0.00079718;-0.00072266
1962-03-19;-0.00073815;-0.00051623
1962-03-20;-0.00122911;-0.00115514
1962-03-21;-0.00098600;-0.00091175
1962-03-22;-0.00074083;-0.00066714
1962-03-23;0.00024709;0.00032107
1962-03-26;-0.00364579;-0.00342305
1962-03-27;-0.00124538;-0.00117086
1962-03-28;0.00206061;0.00213540
1962-03-29;-0.00024901;-0.00017367
1962-03-30;-0.00299196;-0.00291662
1962-04-02;0.00119992;0.00142512
1962-04-03;0.00371736;0.00379215
1962-04-04;0.00214234;0.00221631
1962-04-05;-0.00281886;-0.00274434
1962-04-06;0.00046993;0.00054390
1962-04-09;0.00355048;0.00377322
1962-04-10;-0.00168095;-0.00160588
1962-04-11;0.00101023;0.00108639
1962-04-12;0.00343318;0.00350797
1962-04-13;0.00000303;0.00007809
1962-04-16;0.00204091;0.00226365
1962-04-17;-0.00203922;-0.00196470
1962-04-18;-0.00250443;-0.00242963
1962-04-19;-0.00215385;-0.00207905
1962-04-23;0.00041410;0.00071328
1962-04-24;0.00047290;0.00054769
1962-04-25;0.00504387;0.00511894
1962-04-26;0.00448798;0.00456277
1962-04-27;0.00514988;0.00522494
1962-04-30;0.00730089;0.00752610
1962-05-01;-0.00908319;-0.00900812
1962-05-02;-0.00568309;-0.00560803
1962-05-03;-0.01054340;-0.01046861
1962-05-04;0.00562869;0.00570349
1962-05-07;0.00430374;0.00452566
1962-05-08;0.01660769;0.01668112
1962-05-09;0.01801101;0.01808416
1962-05-10;0.01385113;0.01392401
1962-05-11;0.01866561;0.01873766
1962-05-14;-0.00924687;-0.00902988
1962-05-15;-0.02431175;-0.02423888
1962-05-16;0.00040714;0.00048029
1962-05-17;0.00682771;0.00690113
1962-05-18;0.00222500;0.00229843
1962-05-21;0.00466606;0.00488633
1962-05-22;0.02535302;0.02542645
1962-05-23;0.02544829;0.02552226
1962-05-24;0.01034618;0.01042015
1962-05-25;0.02446812;0.02454182
1962-05-28;0.08609390;0.08631171
1962-05-29;-0.05993567;-0.05986280
1962-05-31;-0.03446182;-0.03431388
1962-06-01;0.00194883;0.00202253
1962-06-04;0.01650301;0.01672164
1962-06-05;-0.00243004;-0.00235744
1962-06-06;-0.00661065;-0.00653777
1962-06-07;-0.00007773;-0.00000540
1962-06-08;-0.00039557;-0.00032297
1962-06-11;0.00500971;0.00522752
1962-06-12;0.01188565;0.01195880
1962-06-13;0.00692453;0.00699878
1962-06-14;0.00979001;0.00986480
1962-06-15;-0.01332779;-0.01325354
1962-06-18;0.00125439;0.00147795
1962-06-19;0.00166898;0.00174432
1962-06-20;0.00635577;0.00643056
1962-06-21;0.01008801;0.01016254
1962-06-22;0.00788653;0.00796160
1962-06-25;0.00203801;0.00226733
1962-06-26;0.00115489;0.00123242
1962-06-27;-0.00248037;-0.00240283
1962-06-28;-0.01597087;-0.01589252
1962-06-29;-0.00290250;-0.00282305
1962-07-02;-0.00770850;-0.00746850
1962-07-03;-0.00429130;-0.00421185
1962-07-05;-0.00214873;-0.00198873
1962-07-06;0.00429517;0.00437544
1962-07-09;-0.00256222;-0.00231893
1962-07-10;-0.00437296;-0.00429186
1962-07-11;-0.00352409;-0.00344272
1962-07-12;-0.00197420;-0.00189255
1962-07-13;0.00131745;0.00139854
1962-07-16;0.00001471;0.00025882
1962-07-17;0.00692014;0.00700151
1962-07-18;0.00389539;0.00397676
1962-07-19;-0.00148644;-0.00140617
1962-07-20;-0.00262843;-0.00254870
1962-07-23;0.00007862;0.00031451
1962-07-24;0.00295412;0.00303248
1962-07-25;-0.00067170;-0.00059252
1962-07-26;-0.00208711;-0.00200794
1962-07-27;-0.00288087;-0.00280196
1962-07-30;-0.00418357;-0.00394850
1962-07-31;-0.00265081;-0.00257246
1962-08-01;0.00100664;0.00108527
1962-08-02;-0.00048466;-0.00040712
1962-08-03;-0.00029344;-0.00021618
1962-08-06;0.00077947;0.00100961
1962-08-07;0.00082478;0.00090231
1962-08-08;-0.00031782;-0.00024001
1962-08-09;-0.00012615;-0.00004861
1962-08-10;0.00004347;0.00012101
1962-08-13;-0.00016634;0.00006544
1962-08-14;-0.00131106;-0.00123353
1962-08-15;-0.00085728;-0.00077893
1962-08-16;0.00004269;0.00012022
1962-08-17;-0.00076844;-0.00069063
1962-08-20;-0.00074088;-0.00050909
1962-08-21;0.00051466;0.00059192
1962-08-22;-0.00136055;-0.00128328
1962-08-23;0.00016429;0.00024155
1962-08-24;0.00024623;0.00032349
1962-08-27;0.00006442;0.00029456
1962-08-28;0.00155753;0.00163370
1962-08-29;0.00027074;0.00034772
1962-08-30;-0.00004058;0.00003613
1962-08-31;-0.00093795;-0.00086097
1962-09-04;-0.00192456;-0.00161442
1962-09-05;-0.00146599;-0.00138791
1962-09-06;0.00076253;0.00083897
1962-09-07;0.00003785;0.00011429
1962-09-10;0.00014657;0.00037424
1962-09-11;0.00043076;0.00050665
1962-09-12;0.00078891;0.00086507
1962-09-13;-0.00048303;-0.00040687
1962-09-14;0.00059176;0.00066793
1962-09-17;0.00053440;0.00076289
1962-09-18;-0.00018960;-0.00011371
1962-09-19;-0.00028699;-0.00021110
1962-09-20;-0.00135856;-0.00128322
1962-09-21;-0.00280637;-0.00273075
1962-09-24;-0.00359895;-0.00337292
1962-09-25;0.00108763;0.00116325
1962-09-26;-0.00274906;-0.00267344
1962-09-27;-0.00132274;-0.00124712
1962-09-28;0.00165126;0.00172633
1962-10-01;0.00393378;0.00415816
1962-10-02;-0.00311355;-0.00303848
1962-10-03;-0.00030101;-0.00022512
1962-10-04;-0.00272298;-0.00264737
1962-10-05;-0.00184733;-0.00177171
1962-10-08;0.00000606;0.00023291
1962-10-09;-0.00064362;-0.00056828
1962-10-10;-0.00019616;-0.00012055
1962-10-11;0.00094280;0.00101869
1962-10-12;0.00049885;0.00057474
1962-10-15;-0.00158659;-0.00136057
1962-10-16;0.00094208;0.00101715
1962-10-17;0.00094528;0.00102063
1962-10-18;0.00274172;0.00281678
1962-10-19;0.00377434;0.00384886
1962-10-22;0.00321713;0.00344151
1962-10-23;0.00758189;0.00765696
1962-10-24;-0.00911103;-0.00903596
1962-10-25;0.00267109;0.00274616
1962-10-26;0.00077908;0.00085387
1962-10-29;-0.00612708;-0.00590599
1962-10-30;-0.00416894;-0.00409442
1962-10-31;0.00009723;0.00017175
1962-11-01;-0.00236353;-0.00228901
1962-11-02;-0.00245502;-0.00237749
1962-11-05;-0.00230828;-0.00207485
1962-11-07;-0.00137027;-0.00121466
1962-11-08;0.00148166;0.00155837
1962-11-09;-0.00175528;-0.00167857
1962-11-12;-0.00306434;-0.00283420
1962-11-13;0.00048788;0.00056487
1962-11-14;-0.00262065;-0.00254339
1962-11-15;0.00070564;0.00078345
1962-11-16;-0.00070378;-0.00062625
1962-11-19;0.00126505;0.00149766
1962-11-20;-0.00234412;-0.00226659
1962-11-21;-0.00132460;-0.00124679
1962-11-23;-0.00267013;-0.00251451
1962-11-26;0.00065800;0.00089224
1962-11-27;-0.00134105;-0.00126242
1962-11-28;-0.00140517;-0.00132654
1962-11-29;-0.00103778;-0.00095943
1962-11-30;0.00050352;0.00058188
1962-12-03;-0.00119644;-0.00096137
1962-12-04;0.00239156;0.00246991
1962-12-05;-0.00088713;-0.00080905
1962-12-06;0.00182435;0.00190216
1962-12-07;0.00041161;0.00048914
1962-12-10;-0.00277976;-0.00254798
1962-12-11;0.00014079;0.00021860
1962-12-12;0.00103509;0.00111317
1962-12-13;-0.00075033;-0.00067225
1962-12-14;0.00048380;0.00056189
1962-12-17;-0.00077978;-0.00054471
1962-12-18;-0.00106283;-0.00098420
1962-12-19;0.00173006;0.00180896
1962-12-20;0.00079060;0.00086978
1962-12-21;-0.00064594;-0.00056704
1962-12-24;-0.00012904;0.00010768
1962-12-26;0.00127214;0.00142885
1962-12-27;-0.00033792;-0.00025846
1962-12-28;0.00007031;0.00015059
1962-12-31;0.00037975;0.00061975
1963-01-02;-0.00158605;-0.00142824
1963-01-03;0.00380217;0.00388052
1963-01-04;0.00146790;0.00154735
1963-01-07;-0.00014024;0.00009894
1963-01-08;0.00222328;0.00230273
1963-01-09;-0.00057550;-0.00049632
1963-01-10;0.00039934;0.00047851
1963-01-11;0.00047070;0.00054988
1963-01-14;0.00115698;0.00139369
1963-01-15;-0.00035674;-0.00027783
1963-01-16;-0.00161244;-0.00153327
1963-01-17;0.00162630;0.00170603
1963-01-18;0.00014459;0.00022459
1963-01-21;0.00025422;0.00049422
1963-01-22;0.00053757;0.00061785
1963-01-23;0.00060741;0.00068823
1963-01-24;0.00042779;0.00050834
1963-01-25;0.00056900;0.00064927
1963-01-28;0.00102949;0.00126949
1963-01-29;-0.00006999;0.00001029
1963-01-30;-0.00137448;-0.00129420
1963-01-31;0.00119666;0.00127693
1963-02-01;0.00054116;0.00062171
1963-02-04;-0.00091532;-0.00067368
1963-02-05;-0.00037793;-0.00029683
1963-02-06;0.00151588;0.00159698
1963-02-07;-0.00129268;-0.00121186
1963-02-08;-0.00005342;0.00002740
1963-02-11;-0.00237676;-0.00213511
1963-02-12;0.00032751;0.00040806
1963-02-13;0.00168589;0.00176617
1963-02-14;0.00102856;0.00110856
1963-02-15;0.00027040;0.00035040
1963-02-18;0.00043352;0.00067269
1963-02-19;-0.00177401;-0.00169455
1963-02-20;-0.00205254;-0.00197309
1963-02-21;0.00043649;0.00051512
1963-02-25;-0.00270750;-0.00239189
1963-02-26;0.00000172;0.00008118
1963-02-27;-0.00256675;-0.00248703
1963-02-28;-0.00407411;-0.00399466
1963-03-01;0.00117542;0.00125487
1963-03-04;-0.00382003;-0.00358250
1963-03-05;-0.00011811;-0.00003866
1963-03-06;-0.00066894;-0.00058948
1963-03-07;-0.00250111;-0.00242221
1963-03-08;-0.00042113;-0.00034277
1963-03-11;-0.00107973;-0.00084384
1963-03-12;-0.00096379;-0.00088516
1963-03-13;-0.00144404;-0.00136514
1963-03-14;0.00186787;0.00194677
1963-03-15;-0.00198923;-0.00191033
1963-03-18;0.00193598;0.00217351
1963-03-19;0.00084977;0.00092895
1963-03-20;-0.00290074;-0.00282101
1963-03-21;0.00060518;0.00068464
1963-03-22;-0.00204162;-0.00196217
1963-03-25;-0.00010671;0.00013165
1963-03-26;-0.00113277;-0.00105332
1963-03-27;-0.00166640;-0.00158640
1963-03-28;0.00059882;0.00067882
1963-03-29;-0.00000475;0.00007497
1963-04-01;0.00182387;0.00206222
1963-04-02;-0.00014424;-0.00006479
1963-04-03;0.00369962;0.00377934
1963-04-04;0.00345460;0.00353432
1963-04-05;0.00300044;0.00308017
1963-04-08;0.00148881;0.00172716
1963-04-09;-0.00056684;-0.00048766
1963-04-10;-0.00120488;-0.00112543
1963-04-11;0.00333545;0.00341545
1963-04-15;0.00196836;0.00228726
1963-04-16;0.00027911;0.00035856
1963-04-17;-0.00161426;-0.00153481
1963-04-18;-0.00028261;-0.00020343
1963-04-19;0.00232113;0.00240003
1963-04-22;0.00027581;0.00051252
1963-04-23;0.00153735;0.00161653
1963-04-24;0.00125314;0.00133231
1963-04-25;0.00020654;0.00028572
1963-04-26;-0.00048854;-0.00040936
1963-04-29;-0.00056253;-0.00032499
1963-04-30;0.00089233;0.00097178
1963-05-01;0.00345482;0.00353428
1963-05-02;0.00409342;0.00417287
1963-05-03;-0.00323662;-0.00315716
1963-05-06;-0.01145318;-0.01121482
1963-05-07;-0.00217831;-0.00209886
1963-05-08;0.01217308;0.01225280
1963-05-09;0.00711060;0.00719033
1963-05-10;0.00342565;0.00350538
1963-05-13;-0.00152694;-0.00128858
1963-05-14;-0.00600860;-0.00592942
1963-05-15;0.00450887;0.00458832
1963-05-16;-0.00408322;-0.00400377
1963-05-17;0.00063608;0.00071581
1963-05-20;-0.00776316;-0.00752316
1963-05-21;0.00366146;0.00374146
1963-05-22;-0.00022509;-0.00014454
1963-05-23;-0.00108678;-0.00100596
1963-05-24;-0.00194945;-0.00186836
1963-05-27;-0.00391432;-0.00367021
1963-05-28;0.00279979;0.00288116
1963-05-29;0.00667585;0.00675777
1963-05-31;0.00961740;0.00978178
1963-06-03;-0.00355099;-0.00330195
1963-06-04;-0.00001728;0.00006546
1963-06-05;-0.00451826;-0.00443607
1963-06-06;0.00098758;0.00106950
1963-06-07;-0.00452452;-0.00444288
1963-06-10;-0.01259841;-0.01235430
1963-06-11;0.00200994;0.00209158
1963-06-12;0.00932901;0.00941093
1963-06-13;-0.00478594;-0.00470430
1963-06-14;0.00023760;0.00031951
1963-06-17;-0.00834770;-0.00810277
1963-06-18;0.00150404;0.00158568
1963-06-19;0.00150227;0.00158391
1963-06-20;-0.00228375;-0.00220210
1963-06-21;0.00579624;0.00587788
1963-06-24;-0.00205498;-0.00181005
1963-06-25;-0.00429617;-0.00421425
1963-06-26;-0.01617116;-0.01608924
1963-06-27;-0.00892763;-0.00884571
1963-06-28;0.00732109;0.00740300
1963-07-01;-0.00447293;-0.00422635
1963-07-02;0.00490748;0.00499022
1963-07-03;0.00387382;0.00395711
1963-07-05;0.00211969;0.00228790
1963-07-08;-0.00418694;-0.00392310
1963-07-09;0.00237575;0.00246397
1963-07-10;-0.00131748;-0.00122899
1963-07-11;-0.00115626;-0.00106749
1963-07-12;-0.00107514;-0.00098802
1963-07-15;-0.00388847;-0.00362792
1963-07-16;-0.00058600;-0.00049915
1963-07-17;-0.00183101;-0.00174225
1963-07-18;-0.00374817;-0.00366050
1963-07-19;-0.00126079;-0.00117367
1963-07-22;-0.00404068;-0.00378013
1963-07-23;-0.00000431;0.00008199
1963-07-24;0.00303299;0.00312121
1963-07-25;-0.00025755;-0.00016961
1963-07-26;0.00226159;0.00234926
1963-07-29;0.00081671;0.00108301
1963-07-30;0.00466728;0.00475633
1963-07-31;-0.00100655;-0.00091696
1963-08-01;-0.00051708;-0.00042804
1963-08-02;0.00160023;0.00168817
1963-08-05;0.00274661;0.00301045
1963-08-06;0.00324837;0.00333659
1963-08-07;-0.00158892;-0.00149905
1963-08-08;0.00035247;0.00044261
1963-08-09;0.00323253;0.00332294
1963-08-12;0.00054661;0.00081784
1963-08-13;0.00134839;0.00143908
1963-08-14;0.00191406;0.00200502
1963-08-15;0.00211892;0.00221015
1963-08-16;0.00069639;0.00078789
1963-08-19;-0.00059429;-0.00032059
1963-08-20;-0.00050404;-0.00041281
1963-08-21;-0.00071687;-0.00062454
1963-08-22;0.00168719;0.00177952
1963-08-23;0.00146942;0.00156202
1963-08-26;0.00081033;0.00108814
1963-08-27;-0.00281611;-0.00272323
1963-08-28;0.00358470;0.00367785
1963-08-29;0.00075857;0.00085145
1963-08-30;0.00221977;0.00231265
1963-09-03;0.00228496;0.00265537
1963-09-04;-0.00063770;-0.00054537
1963-09-05;0.00701302;0.00710480
1963-09-06;-0.00343916;-0.00334765
1963-09-09;-0.00592180;-0.00564727
1963-09-10;0.00802603;0.00811808
1963-09-11;0.00397260;0.00406465
1963-09-12;-0.00123406;-0.00114173
1963-09-13;0.00016425;0.00025685
1963-09-16;-0.00270893;-0.00242866
1963-09-17;0.00076428;0.00085743
1963-09-18;-0.00663663;-0.00654320
1963-09-19;0.00819993;0.00829336
1963-09-20;0.00136139;0.00145454
1963-09-23;-0.00749108;-0.00721245
1963-09-24;0.00657876;0.00667164
1963-09-25;-0.00841484;-0.00832251
1963-09-26;-0.01267400;-0.01258167
1963-09-27;-0.00306764;-0.00297559
1963-09-30;-0.00949735;-0.00922036
1963-10-01;0.00364412;0.00373644
1963-10-02;0.00048573;0.00057971
1963-10-03;0.00368328;0.00377752
1963-10-04;0.00005735;0.00015187
1963-10-07;-0.00130978;-0.00102539
1963-10-08;-0.00079059;-0.00069607
1963-10-09;-0.00525056;-0.00515631
1963-10-10;0.00227584;0.00237008
1963-10-11;0.00041458;0.00050883
1963-10-14;-0.00003799;0.00024557
1963-10-15;0.00062683;0.00072162
1963-10-16;0.00396169;0.00405649
1963-10-17;0.00195788;0.00205350
1963-10-18;0.00033666;0.00043201
1963-10-21;0.00016879;0.00045317
1963-10-22;-0.00302464;-0.00293067
1963-10-23;0.00019810;0.00029234
1963-10-24;0.00188721;0.00198173
1963-10-25;0.00503536;0.00512961
1963-10-28;0.00301240;0.00329514
1963-10-29;-0.00022189;-0.00012710
1963-10-30;-0.00463897;-0.00454363
1963-10-31;0.00130409;0.00139943
1963-11-01;-0.00379486;-0.00369924
1963-11-04;-0.00824529;-0.00795679
1963-11-06;-0.01322005;-0.01302608
1963-11-07;0.00477657;0.00487383
1963-11-08;0.00575973;0.00585699
1963-11-11;0.00246114;0.00275292
1963-11-12;-0.00600792;-0.00591066
1963-11-13;0.00095413;0.00105222
1963-11-14;-0.00702281;-0.00692582
1963-11-15;-0.01226359;-0.01216688
1963-11-18;-0.01122881;-0.01093949
1963-11-19;0.00118337;0.00127981
1963-11-20;0.01317677;0.01327293
1963-11-21;-0.01917616;-0.01908027
1963-11-22;-0.04126186;-0.04116624
1963-11-26;0.05721047;0.05758965
1963-11-27;-0.00286518;-0.00276957
1963-11-29;0.01925172;0.01944350
1963-12-02;0.00137298;0.00166311
1963-12-03;-0.00018094;-0.00008395
1963-12-04;0.00058220;0.00067891
1963-12-05;0.00161886;0.00171530
1963-12-06;-0.00100462;-0.00090873
1963-12-09;-0.00026377;0.00002308
1963-12-10;0.00006168;0.00015729
1963-12-11;-0.00035268;-0.00025652
1963-12-12;-0.00000749;0.00008867
1963-12-13;0.00047616;0.00057260
1963-12-16;0.00070101;0.00099114
1963-12-17;0.00147013;0.00156684
1963-12-18;-0.00041804;-0.00032133
1963-12-19;-0.00082923;-0.00073251
1963-12-20;-0.00045402;-0.00035758
1963-12-23;-0.00174223;-0.00145291
1963-12-24;0.00051147;0.00060790
1963-12-26;0.00112397;0.00131739
1963-12-27;0.00037022;0.00046666
1963-12-30;0.00028532;0.00057463
1963-12-31;0.00149268;0.00158884
1964-01-02;0.00399860;0.00419203
1964-01-03;0.00059402;0.00069073
1964-01-06;0.00136747;0.00165761
1964-01-07;0.00007717;0.00017388
1964-01-08;0.00306053;0.00315752
1964-01-09;0.00274034;0.00283705
1964-01-10;-0.00053700;-0.00044029
1964-01-13;-0.00059087;-0.00029991
1964-01-14;0.00130149;0.00139848
1964-01-15;0.00272639;0.00282365
1964-01-16;-0.00104334;-0.00094635
1964-01-17;-0.00002714;0.00006985
1964-01-20;-0.00191103;-0.00162171
1964-01-21;0.00201176;0.00210820
1964-01-22;0.00403859;0.00413503
1964-01-23;0.00047834;0.00057450
1964-01-24;0.00007381;0.00016997
1964-01-27;-0.00068700;-0.00039933
1964-01-28;0.00007405;0.00016994
1964-01-29;-0.00487511;-0.00477922
1964-01-30;0.00058334;0.00067923
1964-01-31;0.00332085;0.00341674
1964-02-03;-0.00114772;-0.00086004
1964-02-04;-0.00109218;-0.00099602
1964-02-05;-0.00151930;-0.00142313
1964-02-06;0.00178563;0.00188152
1964-02-07;0.00252570;0.00262214
1964-02-10;-0.00178489;-0.00149476
1964-02-11;0.00284035;0.00293678
1964-02-12;0.00240606;0.00250249
1964-02-13;-0.00066280;-0.00056636
1964-02-14;-0.00055752;-0.00046108
1964-02-17;-0.00061647;-0.00032715
1964-02-18;-0.00002934;0.00006710
1964-02-19;0.00071001;0.00080700
1964-02-20;0.00060356;0.00070055
1964-02-24;0.00009184;0.00047869
1964-02-25;-0.00013526;-0.00003855
1964-02-26;0.00186692;0.00196418
1964-02-27;-0.00276523;-0.00266687
1964-02-28;0.00164621;0.00174484
1964-03-02;0.00387900;0.00417325
1964-03-03;0.00699758;0.00709511
1964-03-04;-0.00479643;-0.00469862
1964-03-05;-0.00067631;-0.00057905
1964-03-06;0.00699033;0.00708732
1964-03-09;-0.00055289;-0.00026275
1964-03-10;0.00725876;0.00735574
1964-03-11;0.01016082;0.01025835
1964-03-12;0.00340832;0.00350558
1964-03-13;0.00136540;0.00146239
1964-03-16;-0.00114070;-0.00085057
1964-03-17;0.00485460;0.00495131
1964-03-18;0.00135949;0.00145675
1964-03-19;-0.00270105;-0.00260379
1964-03-20;-0.01141052;-0.01131326
1964-03-23;-0.00085096;-0.00056000
1964-03-24;-0.00446261;-0.00436589
1964-03-25;0.00516871;0.00526597
1964-03-26;0.00573882;0.00583580
1964-03-30;-0.00297162;-0.00258586
1964-03-31;-0.00506887;-0.00497271
1964-04-01;0.00866816;0.00876487
1964-04-02;0.01563530;0.01573201
1964-04-03;0.00789081;0.00798725
1964-04-06;0.00140719;0.00169486
1964-04-07;-0.01015538;-0.01005976
1964-04-08;-0.00010653;-0.00001119
1964-04-09;-0.00219076;-0.00209596
1964-04-10;0.00476485;0.00485964
1964-04-13;-0.00413775;-0.00385254
1964-04-14;0.00719146;0.00728680
1964-04-15;0.00301079;0.00310640
1964-04-16;0.00335412;0.00344919
1964-04-17;0.01164565;0.01174044
1964-04-20;-0.00307656;-0.00279300
1964-04-21;0.00092636;0.00102060
1964-04-22;-0.00217371;-0.00207891
1964-04-23;-0.00424054;-0.00414602
1964-04-24;-0.02218013;-0.02208561
1964-04-27;-0.01525814;-0.01497540
1964-04-28;0.01876415;0.01885839
1964-04-29;-0.00739120;-0.00729668
1964-04-30;-0.00883213;-0.00873761
1964-05-01;0.02069915;0.02079395
1964-05-04;0.00767217;0.00795737
1964-05-05;0.01163611;0.01173146
1964-05-06;0.00486362;0.00495951
1964-05-07;0.00223268;0.00232829
1964-05-08;-0.00474894;-0.00465333
1964-05-11;-0.00407104;-0.00378583
1964-05-12;0.00719768;0.00729275
1964-05-13;-0.00591073;-0.00581539
1964-05-14;-0.00359229;-0.00349694
1964-05-15;0.00661779;0.00671286
1964-05-18;-0.01221236;-0.01192798
1964-05-19;-0.01266376;-0.01256869
1964-05-20;0.01019163;0.01028725
1964-05-21;0.00780469;0.00790004
1964-05-22;-0.00650817;-0.00641310
1964-05-25;-0.00612489;-0.00584051
1964-05-26;-0.00536476;-0.00526997
1964-05-27;-0.00420247;-0.00410713
1964-05-28;0.00281884;0.00291391
1964-06-01;-0.00771897;-0.00733869
1964-06-02;-0.01048211;-0.01038705
1964-06-03;-0.00555454;-0.00545920
1964-06-04;-0.02079806;-0.02070299
1964-06-05;0.00850513;0.00860020
1964-06-08;-0.01051634;-0.01023196
1964-06-09;0.01229467;0.01238946
1964-06-10;0.00719879;0.00729386
1964-06-11;0.00692001;0.00701535
1964-06-12;-0.00356118;-0.00346584
1964-06-15;0.00824814;0.00853499
1964-06-16;0.01034593;0.01044155
1964-06-17;0.00979461;0.00989050
1964-06-18;-0.00081690;-0.00072128
1964-06-19;0.00213143;0.00222677
1964-06-22;0.00442233;0.00470835
1964-06-23;-0.00864406;-0.00854899
1964-06-24;0.00680125;0.00689631
1964-06-25;0.00334799;0.00344306
1964-06-26;0.00578509;0.00588015
1964-06-29;0.00341163;0.00369684
1964-06-30;0.00086557;0.00096064
1964-07-01;0.01151448;0.01160982
1964-07-02;0.00638683;0.00648217
1964-07-06;0.00654918;0.00693055
1964-07-07;0.00252835;0.00262396
1964-07-08;-0.00027289;-0.00017700
1964-07-09;0.00172521;0.00182055
1964-07-10;0.00252300;0.00261697
1964-07-13;-0.00180483;-0.00152291
1964-07-14;-0.00525174;-0.00515749
1964-07-15;0.00532600;0.00542025
1964-07-16;0.00570649;0.00580019
1964-07-17;0.00707349;0.00716773
1964-07-20;-0.00614848;-0.00586409
1964-07-21;-0.00423587;-0.00414107
1964-07-22;-0.00066941;-0.00057406
1964-07-23;-0.00106566;-0.00097114
1964-07-24;-0.00066833;-0.00057381
1964-07-27;-0.00837023;-0.00808667
1964-07-28;-0.00486681;-0.00477201
1964-07-29;0.00113106;0.00122613
1964-07-30;0.00313188;0.00322695
1964-07-31;0.00151540;0.00161046
1964-08-03;-0.00478803;-0.00450283
1964-08-04;-0.02289469;-0.02279962
1964-08-05;0.00256432;0.00266021
1964-08-06;-0.01677451;-0.01667889
1964-08-07;0.01123446;0.01133008
1964-08-10;-0.00265211;-0.00236444
1964-08-11;-0.00073758;-0.00064169
1964-08-12;0.00874763;0.00884380
1964-08-13;0.00497101;0.00506718
1964-08-14;-0.00161014;-0.00151398
1964-08-17;-0.00067044;-0.00038277
1964-08-18;0.00057998;0.00067560
1964-08-19;-0.00204758;-0.00195169
1964-08-20;-0.00862228;-0.00852639
1964-08-21;0.00256502;0.00266091
1964-08-24;-0.00440573;-0.00411806
1964-08-25;-0.01064572;-0.01054983
1964-08-26;-0.00295459;-0.00285842
1964-08-27;0.00813218;0.00822780
1964-08-28;0.00610612;0.00620173
1964-08-31;-0.00450628;-0.00421861
1964-09-01;0.00229718;0.00239307
1964-09-02;0.00079159;0.00088776
1964-09-03;0.00160466;0.00170055
1964-09-04;0.00126110;0.00135727
1964-09-08;0.00037451;0.00075917
1964-09-09;0.00112093;0.00121765
1964-09-10;0.00024415;0.00034059
1964-09-11;0.00226037;0.00235681
1964-09-14;-0.00181626;-0.00152613
1964-09-15;-0.00156900;-0.00147202
1964-09-16;0.00152250;0.00161976
1964-09-17;0.00359812;0.00369511
1964-09-18;-0.00215890;-0.00206192
1964-09-21;0.00226522;0.00255618
1964-09-22;0.00010739;0.00020437
1964-09-23;0.00004058;0.00013784
1964-09-24;0.00050651;0.00060377
1964-09-25;0.00130394;0.00140093
1964-09-28;0.00018655;0.00047833
1964-09-29;-0.00035767;-0.00026041
1964-09-30;-0.00058907;-0.00049181
1964-10-01;-0.00246843;-0.00237117
1964-10-02;0.00576977;0.00586730
1964-10-05;0.00730567;0.00759827
1964-10-06;0.00077318;0.00087072
1964-10-07;-0.00008869;0.00000939
1964-10-08;0.00485707;0.00495515
1964-10-09;0.00355594;0.00365402
1964-10-12;-0.00048330;-0.00018905
1964-10-13;-0.00629312;-0.00619532
1964-10-14;-0.00395294;-0.00385459
1964-10-15;-0.01191746;-0.01181910
1964-10-16;0.01224915;0.01234751
1964-10-19;0.00123684;0.00153191
1964-10-20;0.00506338;0.00516173
1964-10-21;-0.00201685;-0.00191849
1964-10-22;-0.00373217;-0.00363408
1964-10-23;0.00399035;0.00408815
1964-10-26;-0.00390670;-0.00361410
1964-10-27;-0.00030275;-0.00020521
1964-10-28;-0.00695312;-0.00685559
1964-10-29;0.00055900;0.00065626
1964-10-30;0.00246978;0.00256704
1964-11-02;0.00704930;0.00734108
1964-11-04;-0.00172740;-0.00153179
1964-11-05;0.00014773;0.00024554
1964-11-06;0.00141191;0.00150971
1964-11-09;-0.00208491;-0.00179149
1964-11-10;-0.00920444;-0.00910691
1964-11-11;0.00573398;0.00583151
1964-11-12;0.00242536;0.00252345
1964-11-13;0.00014626;0.00024461
1964-11-16;0.01003962;0.01033551
1964-11-17;0.00919378;0.00929241
1964-11-18;0.00439526;0.00449417
1964-11-19;-0.00135946;-0.00126056
1964-11-20;0.00213760;0.00223678
1964-11-23;-0.00809076;-0.00778418
1964-11-24;-0.00713099;-0.00702743
1964-11-25;-0.00765699;-0.00755234
1964-11-27;-0.00780136;-0.00759259
1964-11-30;-0.01994739;-0.01963177
1964-12-01;-0.00728130;-0.00717582
1964-12-02;0.00187517;0.00198037
1964-12-03;0.00311424;0.00321808
1964-12-04;0.00128361;0.00138717
1964-12-07;-0.00052224;-0.00021320
1964-12-08;-0.00283885;-0.00273474
1964-12-09;-0.00458731;-0.00448210
1964-12-10;-0.00020375;-0.00009882
1964-12-11;0.00162816;0.00173282
1964-12-14;-0.00210614;-0.00179052
1964-12-15;-0.00203587;-0.00193039
1964-12-16;0.00263393;0.00273995
1964-12-17;0.00278937;0.00289539
1964-12-18;0.00310867;0.00321442
1964-12-21;0.00037867;0.00069593
1964-12-22;-0.00053278;-0.00042703
1964-12-23;-0.00160411;-0.00149836
1964-12-24;-0.00012107;-0.00001531
1964-12-28;-0.00114405;-0.00072213
1964-12-29;-0.00226911;-0.00216445
1964-12-30;0.00394154;0.00404675
1964-12-31;0.00350213;0.00360679
1965-01-04;-0.01231446;-0.01189692
1965-01-05;0.00407516;0.00417927
1965-01-06;0.00261455;0.00271921
1965-01-07;0.00377520;0.00387931
1965-01-08;0.00100839;0.00111195
1965-01-11;-0.00029569;0.00001418
1965-01-12;0.00221755;0.00232056
1965-01-13;0.00226803;0.00237132
1965-01-14;-0.00015492;-0.00005164
1965-01-15;0.00746487;0.00756816
1965-01-18;0.00251603;0.00282590
1965-01-19;0.00130491;0.00140820
1965-01-20;-0.00046872;-0.00036379
1965-01-21;-0.00098954;-0.00088461
1965-01-22;0.00213683;0.00224176
1965-01-25;0.00077772;0.00109334
1965-01-26;0.00067399;0.00077919
1965-01-27;0.00285140;0.00295688
1965-01-28;0.00242759;0.00253335
1965-01-29;0.00066659;0.00077262
1965-02-01;-0.00026984;0.00004907
1965-02-02;-0.00047166;-0.00036536
1965-02-03;0.00067347;0.00078005
1965-02-04;-0.00078410;-0.00067725
1965-02-05;-0.00307523;-0.00296811
1965-02-08;-0.00402998;-0.00371025
1965-02-09;0.00288115;0.00298773
1965-02-10;-0.00831153;-0.00820441
1965-02-11;-0.01972319;-0.01961579
1965-02-12;0.00660802;0.00671542
1965-02-15;-0.00153836;-0.00121699
1965-02-16;-0.00439740;-0.00429000
1965-02-17;0.00090285;0.00101134
1965-02-18;0.00281494;0.00292344
1965-02-19;0.00153385;0.00164234
1965-02-22;0.00000000;0.00032548
1965-02-23;0.00406355;0.00417259
1965-02-24;0.00541479;0.00552437
1965-02-25;0.00015141;0.00026100
1965-02-26;0.00223949;0.00234881
1965-03-01;-0.00225803;-0.00193173
1965-03-02;0.00134425;0.00145274
1965-03-03;-0.00155072;-0.00144195
1965-03-04;-0.00295117;-0.00284268
1965-03-05;-0.00195783;-0.00184961
1965-03-08;-0.00016011;0.00016372
1965-03-09;-0.00155917;-0.00145122
1965-03-10;-0.00166222;-0.00155400
1965-03-11;0.00347215;0.00358010
1965-03-12;0.00295585;0.00306352
1965-03-15;-0.00016010;0.00016209
1965-03-16;-0.00125211;-0.00114499
1965-03-17;-0.00125374;-0.00114634
1965-03-18;-0.00225678;-0.00214938
1965-03-19;0.00014791;0.00025531
1965-03-22;-0.00112062;-0.00079843
1965-03-23;0.00101145;0.00111858
1965-03-24;0.00145123;0.00155835
1965-03-25;-0.00265471;-0.00254813
1965-03-26;-0.00657668;-0.00646983
1965-03-29;-0.00217751;-0.00185696
1965-03-30;0.00156909;0.00167649
1965-03-31;-0.00060113;-0.00049346
1965-04-01;0.00053606;0.00064373
1965-04-02;0.00071961;0.00082756
1965-04-05;-0.00016855;0.00015446
1965-04-06;-0.00016667;-0.00005927
1965-04-07;0.00012808;0.00023602
1965-04-08;0.00174949;0.00185688
1965-04-09;0.00184916;0.00195683
1965-04-12;0.00121555;0.00153856
1965-04-13;0.00030657;0.00041396
1965-04-14;0.00066823;0.00077617
1965-04-15;-0.00038156;-0.00027361
1965-04-16;0.00000000;0.00010795
1965-04-19;0.00113136;0.00145520
1965-04-20;-0.00023635;-0.00012868
1965-04-21;-0.00063312;-0.00052517
1965-04-22;0.00167741;0.00178536
1965-04-23;0.00030313;0.00041053
1965-04-26;-0.00013188;0.00018867
1965-04-27;0.00048226;0.00058911
1965-04-28;-0.00019937;-0.00009197
1965-04-29;-0.00061387;-0.00050647
1965-04-30;0.00059642;0.00070354
1965-05-03;0.00150529;0.00182584
1965-05-04;0.00543542;0.00554172
1965-05-05;0.00377697;0.00388382
1965-05-06;0.00225284;0.00235942
1965-05-07;-0.00087455;-0.00076798
1965-05-10;-0.00242042;-0.00210151
1965-05-11;-0.00128555;-0.00117924
1965-05-12;0.00383353;0.00394038
1965-05-13;0.00320436;0.00331121
1965-05-14;-0.00188806;-0.00178121
1965-05-17;-0.00618217;-0.00586244
1965-05-18;-0.00098001;-0.00087344
1965-05-19;0.00199215;0.00209900
1965-05-20;-0.00517265;-0.00506580
1965-05-21;-0.00458312;-0.00447627
1965-05-24;-0.00730155;-0.00698265
1965-05-25;0.00514964;0.00525594
1965-05-26;-0.00326609;-0.00315952
1965-05-27;-0.00493830;-0.00483200
1965-05-28;0.00584969;0.00595572
1965-05-31;0.00000000;0.00031808
1965-06-01;0.00103426;0.00114056
1965-06-02;-0.00602324;-0.00591721
1965-06-03;-0.00076492;-0.00065971
1965-06-04;0.00072865;0.00083304
1965-06-07;-0.00102510;-0.00071441
1965-06-08;-0.00360724;-0.00350285
1965-06-09;-0.00341982;-0.00331517
1965-06-10;-0.00123999;-0.00113561
1965-06-11;0.00143867;0.00154305
1965-06-14;-0.00440312;-0.00409080
1965-06-15;0.00179948;0.00190359
1965-06-16;0.00267308;0.00277692
1965-06-17;0.00200226;0.00210637
1965-06-18;-0.00157113;-0.00146702
1965-06-21;-0.00127121;-0.00096052
1965-06-22;0.00055507;0.00065863
1965-06-23;-0.00211395;-0.00201039
1965-06-24;-0.00431326;-0.00420997
1965-06-25;-0.00199904;-0.00189575
1965-06-28;-0.00587609;-0.00556541
1965-06-29;0.00316755;0.00327193
1965-06-30;0.00664473;0.00674912
1965-07-01;-0.00067816;-0.00057351
1965-07-02;-0.00128057;-0.00117563
1965-07-05;0.00000000;0.00031479
1965-07-06;0.00050206;0.00060809
1965-07-07;0.00060768;0.00071344
1965-07-08;-0.00135300;-0.00124698
1965-07-09;-0.00059291;-0.00048688
1965-07-12;0.00005529;0.00037337
1965-07-13;0.00019255;0.00029885
1965-07-14;-0.00051682;-0.00041079
1965-07-15;0.00028508;0.00039056
1965-07-16;0.00006180;0.00016700
1965-07-19;0.00012924;0.00044321
1965-07-20;0.00404286;0.00414752
1965-07-21;0.00096540;0.00107005
1965-07-22;0.00042395;0.00052833
1965-07-23;-0.00041358;-0.00030919
1965-07-26;0.00005510;0.00036742
1965-07-27;0.00034799;0.00045238
1965-07-28;-0.00029915;-0.00019476
1965-07-29;-0.00123053;-0.00112642
1965-07-30;-0.00109422;-0.00098984
1965-08-02;0.00022202;0.00053600
1965-08-03;0.00004431;0.00014979
1965-08-04;0.00055518;0.00066066
1965-08-05;-0.00002619;0.00007929
1965-08-06;0.00046523;0.00057044
1965-08-09;-0.00044567;-0.00013088
1965-08-10;-0.00000866;0.00009682
1965-08-11;0.00042971;0.00053492
1965-08-12;0.00041090;0.00051583
1965-08-13;0.00065377;0.00075788
1965-08-16;0.00009555;0.00040788
1965-08-17;0.00026852;0.00037345
1965-08-18;-0.00011260;-0.00000767
1965-08-19;-0.00037226;-0.00026733
1965-08-20;-0.00019958;-0.00009465
1965-08-23;-0.00030423;0.00001139
1965-08-24;0.00023463;0.00034065
1965-08-25;0.00014736;0.00025339
1965-08-26;0.00054609;0.00065185
1965-08-27;0.00007743;0.00018319
1965-08-30;-0.00006144;0.00025582
1965-08-31;-0.00012281;-0.00001596
1965-09-01;-0.00008776;0.00001881
1965-09-02;0.00267314;0.00277889
1965-09-03;0.00225752;0.00236354
1965-09-06;0.00000000;0.00031808
1965-09-07;0.00151640;0.00162352
1965-09-08;0.00161403;0.00172115
1965-09-09;0.00121260;0.00131945
1965-09-10;0.00120951;0.00131581
1965-09-13;0.00119967;0.00151857
1965-09-14;-0.00205071;-0.00194441
1965-09-15;0.00534300;0.00544930
1965-09-16;0.00276555;0.00287185
1965-09-17;0.00007944;0.00018574
1965-09-20;-0.00009628;0.00022344
1965-09-21;-0.00159093;-0.00148326
1965-09-22;0.00220015;0.00230810
1965-09-23;-0.00417820;-0.00406971
1965-09-24;0.00085814;0.00096718
1965-09-27;0.00324102;0.00356897
1965-09-28;-0.00130620;-0.00119607
1965-09-29;-0.00236288;-0.00225192
1965-09-30;-0.00045279;-0.00034265
1965-10-01;-0.00073889;-0.00062930
1965-10-04;0.00128501;0.00161214
1965-10-05;0.00518180;0.00529276
1965-10-06;-0.00102498;-0.00091429
1965-10-07;-0.00083173;-0.00072214
1965-10-08;0.00351695;0.00362654
1965-10-11;0.00907805;0.00940518
1965-10-12;-0.00018307;-0.00007402
1965-10-13;-0.00025167;-0.00014181
1965-10-14;-0.00159188;-0.00148201
1965-10-15;0.00166564;0.00177578
1965-10-18;0.00240202;0.00273243
1965-10-19;0.00098781;0.00109850
1965-10-20;-0.00034717;-0.00023648
1965-10-21;0.00136764;0.00147833
1965-10-22;0.00022374;0.00033443
1965-10-25;-0.00341622;-0.00308499
1965-10-26;0.00489843;0.00500939
1965-10-27;0.00278299;0.00289395
1965-10-28;-0.00299268;-0.00288145
1965-10-29;0.00181640;0.00192763
1965-11-01;-0.00286145;-0.00252693
1965-11-02;0.00000000;0.00011151
1965-11-03;0.00122827;0.00134032
1965-11-04;0.00164857;0.00176007
1965-11-05;-0.00127051;-0.00115982
1965-11-08;-0.00226327;-0.00193121
1965-11-09;-0.00378399;-0.00367248
1965-11-10;-0.00139781;-0.00128603
1965-11-11;0.00316239;0.00327417
1965-11-12;0.00506727;0.00517877
1965-11-15;0.00035669;0.00069203
1965-11-16;-0.00281708;-0.00270503
1965-11-17;0.00206741;0.00217947
1965-11-18;-0.00472290;-0.00461057
1965-11-19;0.00003974;0.00015207
1965-11-22;-0.00776833;-0.00743135
1965-11-23;0.00296822;0.00308110
1965-11-24;0.00177819;0.00189107
1965-11-25;0.00000000;0.00011288
1965-11-26;0.00073611;0.00084872
1965-11-29;-0.00335288;-0.00301590
1965-11-30;-0.00254124;-0.00242809
1965-12-01;-0.00046908;-0.00035592
1965-12-02;-0.00113699;-0.00102412
1965-12-03;0.00016167;0.00027455
1965-12-06;-0.00271775;-0.00236433
1965-12-07;0.00293279;0.00305224
1965-12-08;-0.00047219;-0.00035274
1965-12-09;0.00097728;0.00109618
1965-12-10;0.00082595;0.00094458
1965-12-13;-0.00008043;0.00027792
1965-12-14;0.00012052;0.00024134
1965-12-15;0.00045289;0.00057344
1965-12-16;0.00030442;0.00042551
1965-12-17;-0.00021204;-0.00008985
1965-12-20;-0.00177982;-0.00140995
1965-12-21;0.00126797;0.00139071
1965-12-22;0.00096781;0.00109028
1965-12-23;-0.00086493;-0.00074247
1965-12-24;0.00012247;0.00024493
1965-12-27;-0.00266402;-0.00229662
1965-12-28;-0.00002772;0.00009475
1965-12-29;0.00097314;0.00109588
1965-12-30;0.00137652;0.00149926
1965-12-31;0.00145957;0.00158258
1966-01-03;-0.00657611;-0.00620542
1966-01-04;0.00092577;0.00105070
1966-01-05;0.00621504;0.00633997
1966-01-06;0.00207334;0.00219772
1966-01-07;0.00066823;0.00079262
1966-01-10;0.00292733;0.00330130
1966-01-11;0.00085314;0.00097916
1966-01-12;-0.00255555;-0.00242925
1966-01-13;0.00163326;0.00175928
1966-01-14;0.00130707;0.00143392
1966-01-17;0.00230668;0.00268723
1966-01-18;0.00172718;0.00185485
1966-01-19;-0.00296894;-0.00284237
1966-01-20;-0.00372459;-0.00359883
1966-01-21;0.00098613;0.00111188
1966-01-24;0.00199090;0.00236651
1966-01-25;0.00130228;0.00142830
1966-01-26;-0.00179672;-0.00167069
1966-01-27;-0.00051471;-0.00038978
1966-01-28;-0.00404576;-0.00392056
1966-01-31;-0.00525302;-0.00487248
1966-02-01;-0.00531398;-0.00518631
1966-02-02;0.00504253;0.00516965
1966-02-03;-0.00067610;-0.00054926
1966-02-04;0.00711306;0.00723964
1966-02-07;0.00489668;0.00527558
1966-02-08;0.00021278;0.00033991
1966-02-09;0.00551270;0.00563982
1966-02-10;-0.00560708;-0.00547968
1966-02-11;-0.00081705;-0.00068965
1966-02-14;-0.00812856;-0.00774637
1966-02-15;-0.00611257;-0.00598435
1966-02-16;0.00175185;0.00188062
1966-02-17;-0.00970284;-0.00957517
1966-02-18;0.00029109;0.00041876
1966-02-21;-0.00546222;-0.00507921
1966-02-22;-0.00023756;-0.00010989
1966-02-23;-0.00190176;-0.00177327
1966-02-24;-0.00484555;-0.00471761
1966-02-25;0.00267433;0.00280118
1966-02-28;0.00280952;0.00319089
1966-03-01;0.00613191;0.00625931
1966-03-02;0.00176386;0.00189098
1966-03-03;-0.00048021;-0.00035391
1966-03-04;0.00203311;0.00215832
1966-03-07;0.00540083;0.00577645
1966-03-08;0.00170877;0.00183562
1966-03-09;-0.00315954;-0.00303270
1966-03-10;-0.00237172;-0.00224432
1966-03-11;-0.00294349;-0.00281500
1966-03-14;0.00740191;0.00778574
1966-03-15;0.00262958;0.00275698
1966-03-16;0.00183225;0.00195965
1966-03-17;-0.00265589;-0.00252876
1966-03-18;0.00014283;0.00026859
1966-03-21;-0.00429158;-0.00392008
1966-03-22;0.00085814;0.00098279
1966-03-23;0.00002075;0.00014376
1966-03-24;0.00109511;0.00121730
1966-03-25;-0.00472147;-0.00459736
1966-03-28;0.00260276;0.00297262
1966-03-29;0.00342448;0.00354913
1966-03-30;0.00111830;0.00124241
1966-03-31;-0.00029239;-0.00016856
1966-04-01;0.00275656;0.00287984
1966-04-04;-0.00210309;-0.00173487
1966-04-05;0.00100854;0.00113292
1966-04-06;-0.00166229;-0.00153736
1966-04-07;-0.00584302;-0.00571754
1966-04-08;0.00377034;0.00389582
1966-04-11;-0.00315063;-0.00277337
1966-04-12;0.00288158;0.00300925
1966-04-13;0.00118002;0.00130796
1966-04-14;-0.00392051;-0.00379284
1966-04-15;-0.00053874;-0.00041107
1966-04-18;-0.00230336;-0.00192117
1966-04-19;-0.00629683;-0.00616916
1966-04-20;-0.00451155;-0.00438360
1966-04-21;0.00497023;0.00509791
1966-04-22;-0.00040068;-0.00027383
1966-04-25;0.00640609;0.00678664
1966-04-26;-0.00221289;-0.00208577
1966-04-27;0.00830037;0.00842749
1966-04-28;-0.00255422;-0.00242737
1966-04-29;-0.00042606;-0.00029866
1966-05-02;0.00038529;0.00076748
1966-05-03;-0.00483111;-0.00470289
1966-05-04;-0.00218615;-0.00205820
1966-05-05;-0.00679742;-0.00666948
1966-05-06;0.00104898;0.00117665
1966-05-09;-0.00438705;-0.00400815
1966-05-10;0.00140688;0.00153318
1966-05-11;0.00080850;0.00093480
1966-05-12;-0.00186644;-0.00174014
1966-05-13;-0.00273646;-0.00261016
1966-05-16;-0.00370466;-0.00332658
1966-05-17;-0.00184882;-0.00172170
1966-05-18;0.00399622;0.00412362
1966-05-19;-0.00091153;-0.00078413
1966-05-20;0.00062046;0.00074758
1966-05-23;0.00229772;0.00267745
1966-05-24;0.00226652;0.00239392
1966-05-25;0.00026563;0.00039303
1966-05-26;0.00023869;0.00036581
1966-05-27;-0.00115628;-0.00102970
1966-05-30;-0.00579835;-0.00541863
1966-05-31;-0.00275175;-0.00262463
1966-06-01;-0.00165491;-0.00152806
1966-06-02;0.00166412;0.00178906
1966-06-03;0.00066955;0.00079393
1966-06-06;0.00385215;0.00422530
1966-06-07;0.00250420;0.00263023
1966-06-08;-0.00092077;-0.00079501
1966-06-09;-0.00337076;-0.00324529
1966-06-10;-0.00429018;-0.00416497
1966-06-13;-0.00111654;-0.00074175
1966-06-14;0.00004824;0.00017372
1966-06-15;0.00195257;0.00207695
1966-06-16;0.00016680;0.00029008
1966-06-17;-0.00104716;-0.00092497
1966-06-20;-0.00018863;0.00017548
1966-06-21;-0.00058326;-0.00046080
1966-06-22;-0.00139915;-0.00127861
1966-06-23;0.00103899;0.00115790
1966-06-24;0.00031126;0.00043126
1966-06-27;0.00317729;0.00353318
1966-06-28;0.00128937;0.00140937
1966-06-29;0.00457157;0.00469294
1966-06-30;-0.00091451;-0.00078903
1966-07-01;-0.00052349;-0.00039637
1966-07-04;0.00357688;0.00395825
1966-07-05;-0.00073446;-0.00060378
1966-07-06;-0.00333314;-0.00320547
1966-07-07;0.00035621;0.00048388
1966-07-08;-0.00183268;-0.00170446
1966-07-11;-0.00185560;-0.00146601
1966-07-12;-0.00127134;-0.00113737
1966-07-13;0.00039296;0.00052666
1966-07-14;-0.00081388;-0.00067909
1966-07-15;0.00110378;0.00123885
1966-07-18;-0.00236179;-0.00195658
1966-07-19;0.00335646;0.00349235
1966-07-20;0.00307057;0.00320482
1966-07-21;0.00097290;0.00110660
1966-07-22;0.00044082;0.00057342
1966-07-25;0.00257147;0.00296434
1966-07-26;0.00001202;0.00014270
1966-07-27;0.00066426;0.00079193
1966-07-28;0.00061681;0.00074530
1966-07-29;0.00129238;0.00142306
1966-08-01;0.00690702;0.00729743
1966-08-02;0.00007033;0.00020294
1966-08-03;-0.00396051;-0.00382709
1966-08-04;-0.00307125;-0.00293865
1966-08-05;-0.00038032;-0.00024908
1966-08-08;0.00173576;0.00212863
1966-08-09;0.00039225;0.00052540
1966-08-10;0.00205056;0.00218453
1966-08-11;0.00072754;0.00086206
1966-08-12;-0.00094712;-0.00081178
1966-08-15;0.00150835;0.00191930
1966-08-16;0.00572073;0.00586018
1966-08-17;0.00262934;0.00276852
1966-08-18;0.00598948;0.00612893
1966-08-19;0.00441355;0.00455218
1966-08-22;0.00770258;0.00811107
1966-08-23;0.00029204;0.00043040
1966-08-24;-0.00373796;-0.00360043
1966-08-25;0.00503803;0.00517584
1966-08-26;0.00882500;0.00896281
1966-08-29;0.01077500;0.01118924
1966-08-30;-0.00846799;-0.00832854
1966-08-31;-0.00652618;-0.00638755
1966-09-01;-0.00363590;-0.00349673
1966-09-02;0.00150531;0.00164476
1966-09-05;0.00249191;0.00291027
1966-09-06;0.00278165;0.00292329
1966-09-07;0.00386686;0.00400905
1966-09-08;0.00079752;0.00094026
1966-09-09;0.00008969;0.00023270
1966-09-12;-0.00813500;-0.00770021
1966-09-13;-0.00171543;-0.00156666
1966-09-14;-0.00288706;-0.00273774
1966-09-15;-0.00864733;-0.00849774
1966-09-16;0.00133358;0.00148317
1966-09-19;0.00071260;0.00116219
1966-09-20;0.00092015;0.00107275
1966-09-21;0.00639305;0.00654620
1966-09-22;-0.00190003;-0.00174797
1966-09-23;0.00257196;0.00272292
1966-09-26;-0.00122433;-0.00077638
1966-09-27;-0.00137638;-0.00122734
1966-09-28;0.00501252;0.00516074
1966-09-29;0.00398691;0.00413321
1966-09-30;-0.00115294;-0.00100664
1966-10-03;0.00697494;0.00741302
1966-10-04;0.00003279;0.00018183
1966-10-05;0.00166622;0.00181472
1966-10-06;0.00393558;0.00408298
1966-10-07;0.00439111;0.00453796
1966-10-10;-0.01205095;-0.01160711
1966-10-11;-0.00117365;-0.00102378
1966-10-12;-0.00901133;-0.00886147
1966-10-13;-0.00007363;0.00007650
1966-10-14;0.00101764;0.00116668
1966-10-17;-0.00231217;-0.00186916
1966-10-18;-0.00521119;-0.00506297
1966-10-19;0.00267803;0.00282598
1966-10-20;0.00153822;0.00168562
1966-10-21;-0.00085146;-0.00070708
1966-10-24;-0.00028130;0.00014527
1966-10-25;-0.00246911;-0.00232583
1966-10-26;-0.00226782;-0.00212426
1966-10-27;-0.00232438;-0.00218054
1966-10-28;-0.00206920;-0.00192591
1966-10-31;-0.00076946;-0.00034042
1966-11-01;0.00037247;0.00051686
1966-11-02;-0.00006344;0.00008259
1966-11-03;0.00078626;0.00093229
1966-11-04;-0.00099938;-0.00085253
1966-11-07;-0.00062186;-0.00018049
1966-11-08;0.00038181;0.00052893
1966-11-09;0.00109736;0.00124586
1966-11-10;-0.00017935;-0.00003003
1966-11-11;0.00079913;0.00094844
1966-11-14;0.00116732;0.00161197
1966-11-15;-0.00073329;-0.00058397
1966-11-16;-0.00036705;-0.00021801
1966-11-17;-0.00077044;-0.00062359
1966-11-18;0.00066402;0.00080895
1966-11-21;0.00089432;0.00132254
1966-11-22;0.00129242;0.00143708
1966-11-23;-0.00130623;-0.00116157
1966-11-24;0.00232574;0.00247040
1966-11-25;0.00062309;0.00076747
1966-11-28;0.00192960;0.00235700
1966-11-29;0.00031164;0.00045384
1966-11-30;0.00021761;0.00035898
1966-12-01;-0.00078944;-0.00064807
1966-12-02;0.00185075;0.00199212
1966-12-05;0.00196887;0.00239380
1966-12-06;0.00085944;0.00100054
1966-12-07;-0.00021825;-0.00007606
1966-12-08;-0.00019122;-0.00004930
1966-12-09;-0.00162888;-0.00148888
1966-12-12;0.00146462;0.00187805
1966-12-13;0.00018213;0.00032021
1966-12-14;-0.00002699;0.00011027
1966-12-15;-0.00051766;-0.00038286
1966-12-16;0.00027880;0.00041168
1966-12-19;-0.00281576;-0.00241713
1966-12-20;-0.00176623;-0.00163418
1966-12-21;0.00059223;0.00072429
1966-12-22;-0.00133551;-0.00120373
1966-12-23;-0.00067361;-0.00054265
1966-12-26;-0.00786908;-0.00747620
1966-12-27;0.00003008;0.00016104
1966-12-28;-0.00147520;-0.00134369
1966-12-29;-0.00035849;-0.00022644
1966-12-30;-0.00015090;-0.00001912
1967-01-03;-0.00010178;0.00042863
1967-01-04;-0.00138584;-0.00125406
1967-01-05;-0.00424377;-0.00411281
1967-01-06;-0.00170239;-0.00157143
1967-01-09;0.00002127;0.00041497
1967-01-10;0.00001790;0.00015078
1967-01-11;-0.00190680;-0.00177556
1967-01-12;-0.00086205;-0.00072972
1967-01-13;-0.00079659;-0.00066536
1967-01-16;0.00077449;0.00116244
1967-01-17;0.00184808;0.00197658
1967-01-18;-0.00166778;-0.00153901
1967-01-19;0.00032548;0.00045480
1967-01-20;-0.00065799;-0.00052895
1967-01-23;-0.00044149;-0.00005683
1967-01-24;0.00014423;0.00027272
1967-01-25;0.00076896;0.00089773
1967-01-26;0.00004119;0.00016831
1967-01-27;-0.00227102;-0.00214527
1967-01-30;0.00234348;0.00271416
1967-01-31;0.00060878;0.00073234
1967-02-01;-0.00033659;-0.00021330
1967-02-02;0.00303986;0.00316233
1967-02-03;0.00361375;0.00373594
1967-02-06;-0.00034719;0.00002513
1967-02-07;-0.00010930;0.00001536
1967-02-08;0.00301978;0.00314389
1967-02-09;-0.01303912;-0.01291529
1967-02-10;0.00043997;0.00056490
1967-02-13;0.00362544;0.00400024
1967-02-14;-0.00052956;-0.00040353
1967-02-15;0.00382908;0.00395566
1967-02-16;0.00159446;0.00172076
1967-02-17;-0.00240821;-0.00228164
1967-02-20;0.00094141;0.00131950
1967-02-21;-0.00135160;-0.00122502
1967-02-22;0.00335884;0.00348541
1967-02-23;0.00129821;0.00142533
1967-02-24;0.00058874;0.00071449
1967-02-27;-0.00231644;-0.00194329
1967-02-28;0.00340443;0.00352882
1967-03-01;0.00497608;0.00509800
1967-03-02;0.00002392;0.00014474
1967-03-03;-0.00443898;-0.00431925
1967-03-06;-0.00014024;0.00021811
1967-03-07;-0.00182822;-0.00170822
1967-03-08;-0.00305097;-0.00293070
1967-03-09;0.00173327;0.00185299
1967-03-10;-0.00058513;-0.00046568
1967-03-13;-0.00345619;-0.00310030
1967-03-14;-0.00029073;-0.00017265
1967-03-15;0.00349017;0.00360743
1967-03-16;-0.00014484;-0.00002868
1967-03-17;0.00234467;0.00246084
1967-03-20;-0.00026542;0.00007157
1967-03-21;-0.00095444;-0.00084047
1967-03-22;-0.00085006;-0.00073581
1967-03-23;-0.00062438;-0.00051068
1967-03-24;0.00048589;0.00059959
1967-03-27;-0.00216702;-0.00182428
1967-03-28;-0.00337500;-0.00326075
1967-03-29;0.00457313;0.00468738
1967-03-30;-0.00017333;-0.00006072
1967-03-31;-0.00157348;-0.00146362
1967-04-03;-0.00555097;-0.00522467
1967-04-04;0.00098388;0.00109347
1967-04-05;0.00319566;0.00330470
1967-04-06;0.00158082;0.00168904
1967-04-07;-0.00399589;-0.00388986
1967-04-10;-0.00902739;-0.00871424
1967-04-11;0.00491762;0.00502228
1967-04-12;0.00023195;0.00033715
1967-04-13;0.00453180;0.00463783
1967-04-14;0.00683826;0.00694484
1967-04-17;0.00311149;0.00343121
1967-04-18;0.00502058;0.00512688
1967-04-19;0.00025624;0.00036089
1967-04-20;0.00104276;0.00114660
1967-04-21;0.00054502;0.00064776
1967-04-24;0.00276080;0.00306737
1967-04-25;0.00305996;0.00316215
1967-04-26;-0.00115930;-0.00105738
1967-04-27;0.00584193;0.00594357
1967-04-28;0.00129213;0.00139432
1967-05-01;-0.00134047;-0.00103225
1967-05-02;-0.00509985;-0.00499739
1967-05-03;0.00286475;0.00296722
1967-05-04;0.00502727;0.00512836
1967-05-05;0.00132103;0.00142213
1967-05-08;-0.00213767;-0.00183767
1967-05-09;-0.00432134;-0.00422107
1967-05-10;-0.00506128;-0.00496073
1967-05-11;-0.00252438;-0.00242438
1967-05-12;-0.00183057;-0.00173057
1967-05-15;-0.00659670;-0.00630081
1967-05-16;0.00381037;0.00390982
1967-05-17;-0.00342764;-0.00332819
1967-05-18;-0.00169923;-0.00160197
1967-05-19;-0.00313269;-0.00303570
1967-05-22;-0.00087774;-0.00059007
1967-05-23;-0.00657282;-0.00647610
1967-05-24;-0.00498625;-0.00489009
1967-05-25;0.00596343;0.00605905
1967-05-26;0.00079921;0.00089456
1967-05-29;-0.00883150;-0.00854712
1967-05-30;-0.00310319;-0.00300839
1967-05-31;-0.01302869;-0.01293389
1967-06-01;0.00181208;0.00190523
1967-06-02;-0.00092101;-0.00082813
1967-06-05;-0.00467574;-0.00439875
1967-06-06;0.00279713;0.00289028
1967-06-07;0.00046628;0.00055970
1967-06-08;0.00269155;0.00278552
1967-06-09;-0.00011506;-0.00002054
1967-06-12;0.00074418;0.00103185
1967-06-13;-0.00009282;0.00000444
1967-06-14;-0.00030813;-0.00020922
1967-06-15;-0.00056067;-0.00046231
1967-06-16;0.00045884;0.00055775
1967-06-19;-0.00024261;0.00005164
1967-06-20;-0.00114001;-0.00104275
1967-06-21;0.00029501;0.00039063
1967-06-22;-0.00091591;-0.00082331
1967-06-23;-0.00003591;0.00005532
1967-06-26;0.00116075;0.00144349
1967-06-27;-0.00056395;-0.00046340
1967-06-28;-0.00062700;-0.00052399
1967-06-29;0.00012557;0.00023187
1967-06-30;-0.00060278;-0.00049319
1967-07-03;0.00113788;0.00147487
1967-07-04;0.00001959;0.00013191
1967-07-05;0.00299696;0.00311450
1967-07-06;0.00009870;0.00021404
1967-07-07;0.00327145;0.00338679
1967-07-10;0.00089088;0.00123444
1967-07-11;0.00307793;0.00319355
1967-07-12;-0.00079969;-0.00068517
1967-07-13;-0.00071457;-0.00060060
1967-07-14;0.00183043;0.00194495
1967-07-17;-0.00028686;0.00005588
1967-07-18;0.00377884;0.00389391
1967-07-19;0.00067954;0.00079434
1967-07-20;0.00183834;0.00195368
1967-07-21;-0.00098937;-0.00087375
1967-07-24;-0.00180455;-0.00144702
1967-07-25;-0.00181074;-0.00169238
1967-07-26;0.00424960;0.00436686
1967-07-27;0.00162083;0.00173507
1967-07-28;0.00105140;0.00116510
1967-07-31;0.00208386;0.00242249
1967-08-01;0.00089003;0.00100401
1967-08-02;-0.00045920;-0.00034468
1967-08-03;-0.00077645;-0.00066275
1967-08-04;0.00088869;0.00100348
1967-08-07;-0.00456227;-0.00422118
1967-08-08;0.00144425;0.00155932
1967-08-09;-0.00039418;-0.00027965
1967-08-10;-0.00169864;-0.00158440
1967-08-11;-0.00463115;-0.00451691
1967-08-14;-0.01061525;-0.01027333
1967-08-15;0.00301107;0.00312614
1967-08-16;-0.00632757;-0.00621223
1967-08-17;0.00145415;0.00156949
1967-08-18;0.00067251;0.00078895
1967-08-21;-0.01005859;-0.00970599
1967-08-22;0.00042442;0.00054387
1967-08-23;-0.00142380;-0.00130352
1967-08-24;-0.00054746;-0.00042774
1967-08-25;-0.00379866;-0.00367812
1967-08-28;-0.00198368;-0.00161793
1967-08-29;0.00147942;0.00160134
1967-08-30;0.00090409;0.00102573
1967-08-31;0.00388656;0.00400656
1967-09-01;-0.00278689;-0.00266799
1967-09-04;0.00011846;0.00047518
1967-09-05;-0.00383257;-0.00371504
1967-09-06;0.00255844;0.00267653
1967-09-07;0.00274378;0.00286159
1967-09-08;0.00480751;0.00492559
1967-09-11;0.00215358;0.00251030
1967-09-12;0.00191906;0.00203879
1967-09-13;0.00180715;0.00192661
1967-09-14;0.00035613;0.00047640
1967-09-15;0.00031232;0.00043287
1967-09-18;-0.00201333;-0.00164593
1967-09-19;-0.00064921;-0.00052592
1967-09-20;-0.00015454;-0.00002933
1967-09-21;0.00280751;0.00293299
1967-09-22;-0.00252513;-0.00239910
1967-09-25;0.00453053;0.00490779
1967-09-26;-0.00127267;-0.00114829
1967-09-27;0.00544016;0.00556181
1967-09-28;-0.00068530;-0.00056475
1967-09-29;-0.00147930;-0.00135902
1967-10-02;-0.00045532;-0.00009367
1967-10-03;-0.00244028;-0.00231644
1967-10-04;-0.00704945;-0.00692507
1967-10-05;0.00189804;0.00202160
1967-10-06;0.00089749;0.00102078
1967-10-09;-0.00303351;-0.00266200
1967-10-10;-0.01154988;-0.01142550
1967-10-11;-0.00052116;-0.00039513
1967-10-12;-0.00480794;-0.00468191
1967-10-13;0.00267902;0.00280532
1967-10-16;-0.00960399;-0.00922262
1967-10-17;-0.00040233;-0.00027438
1967-10-18;0.00033822;0.00046480
1967-10-19;0.00061280;0.00073801
1967-10-20;-0.00152285;-0.00139737
1967-10-23;-0.00401244;-0.00363600
1967-10-24;-0.00659081;-0.00646561
1967-10-25;0.00154748;0.00167296
1967-10-26;0.00301161;0.00313599
1967-10-27;0.00219324;0.00231735
1967-10-30;-0.00443166;-0.00405934
1967-10-31;-0.01056519;-0.01044026
1967-11-01;0.00133890;0.00146438
1967-11-02;0.00205401;0.00217921
1967-11-03;0.00287370;0.00300000
1967-11-06;0.00054337;0.00092474
1967-11-07;0.00135629;0.00148342
1967-11-08;0.00097052;0.00109819
1967-11-09;-0.00118064;-0.00105379
1967-11-10;-0.00020142;-0.00007512
1967-11-13;0.00089279;0.00127252
1967-11-14;0.00066968;0.00079680
1967-11-15;-0.00030312;-0.00017628
1967-11-16;-0.00253639;-0.00241036
1967-11-17;-0.00007801;0.00004994
1967-11-20;0.00891949;0.00932223
1967-11-21;-0.00297647;-0.00284304
1967-11-22;-0.00288911;-0.00275842
1967-11-24;-0.00058067;-0.00031163
1967-11-27;0.00056358;0.00096632
1967-11-28;-0.00136998;-0.00123628
1967-11-29;-0.00080049;-0.00066625
1967-11-30;0.00185557;0.00199119
1967-12-01;-0.00091182;-0.00077456
1967-12-04;-0.00134890;-0.00094452
1967-12-05;0.00411400;0.00424989
1967-12-06;0.00199641;0.00213066
1967-12-07;-0.00084856;-0.00071404
1967-12-08;0.00388871;0.00402268
1967-12-11;-0.00065641;-0.00025367
1967-12-12;-0.00090738;-0.00077177
1967-12-13;0.00040706;0.00054295
1967-12-14;0.00175928;0.00189572
1967-12-15;-0.00093449;-0.00079558
1967-12-18;-0.00088302;-0.00046795
1967-12-19;-0.00408218;-0.00394465
1967-12-20;-0.00027476;-0.00013860
1967-12-21;0.00037817;0.00051269
1967-12-22;-0.00319708;-0.00306118
1967-12-25;0.00052328;0.00093095
1967-12-26;0.00019015;0.00032659
1967-12-27;0.00403146;0.00416817
1967-12-28;-0.00110750;-0.00097024
1967-12-29;0.00110511;0.00124320
1968-01-02;-0.00179156;-0.00123923
1968-01-03;-0.00188064;-0.00174256
1968-01-04;0.00118666;0.00132337
1968-01-05;-0.00023952;-0.00010363
1968-01-08;0.00119547;0.00160807
1968-01-09;-0.00220134;-0.00206161
1968-01-10;-0.00000016;0.00013901
1968-01-11;-0.00067624;-0.00053733
1968-01-12;0.00037290;0.00051208
1968-01-15;-0.00146210;-0.00104949
1968-01-16;-0.00106994;-0.00093268
1968-01-17;-0.00040199;-0.00026528
1968-01-18;-0.00086856;-0.00073130
1968-01-19;0.00016273;0.00030164
1968-01-22;-0.00207085;-0.00165743
1968-01-23;-0.00089564;-0.00075783
1968-01-24;-0.00079975;-0.00066249
1968-01-25;0.00017570;0.00031022
1968-01-26;-0.00038785;-0.00025415
1968-01-29;0.00024385;0.00064002
1968-01-30;-0.00100602;-0.00087259
1968-01-31;-0.00190577;-0.00177207
1968-02-01;-0.00069441;-0.00056181
1968-02-02;0.00017450;0.00030765
1968-02-05;0.00075099;0.00115456
1968-02-06;-0.00077069;-0.00063315
1968-02-07;-0.00053453;-0.00039672
1968-02-08;0.00284260;0.00298041
1968-02-09;0.00223805;0.00237531
1968-02-13;0.00133532;0.00188436
1968-02-14;-0.00265599;-0.00251901
1968-02-15;0.00013256;0.00026845
1968-02-16;0.00079648;0.00093127
1968-02-19;-0.00162135;-0.00121861
1968-02-20;-0.00182662;-0.00169046
1968-02-21;-0.00006224;0.00007447
1968-02-22;-0.00150584;-0.00136913
1968-02-23;0.00116650;0.00130376
1968-02-26;0.00229194;0.00270619
1968-02-27;-0.00159884;-0.00146021
1968-02-28;0.00156796;0.00170549
1968-02-29;0.00120265;0.00134018
1968-03-01;0.00130110;0.00143836
1968-03-04;0.00266737;0.00307750
1968-03-05;-0.00264428;-0.00250729
1968-03-06;-0.00492711;-0.00478930
1968-03-07;0.00101329;0.00115275
1968-03-08;-0.00060755;-0.00046810
1968-03-11;-0.00189048;-0.00147212
1968-03-12;-0.00006121;0.00007961
1968-03-13;0.00136258;0.00150642
1968-03-14;0.00160391;0.00175323
1968-03-15;0.00119721;0.00134433
1968-03-18;0.00309620;0.00352853
1968-03-19;0.00134922;0.00149470
1968-03-20;0.00000084;0.00014495
1968-03-21;0.00302248;0.00316632
1968-03-22;-0.00308158;-0.00293939
1968-03-25;0.00093898;0.00136226
1968-03-26;-0.00037272;-0.00023299
1968-03-27;-0.00300101;-0.00286046
1968-03-28;0.00214840;0.00228950
1968-03-29;-0.00258089;-0.00243925
1968-04-01;-0.00335989;-0.00293824
1968-04-02;0.00109462;0.00123682
1968-04-03;-0.00163022;-0.00148803
1968-04-04;-0.00063653;-0.00049215
1968-04-05;0.00239391;0.00253747
1968-04-08;-0.00151835;-0.00108602
1968-04-09;-0.00051123;-0.00036712
1968-04-10;-0.00130622;-0.00115992
1968-04-11;-0.00128555;-0.00113651
1968-04-12;0.00223962;0.00238866
1968-04-15;0.00279058;0.00323523
1968-04-16;-0.00101520;-0.00086807
1968-04-17;-0.00021321;-0.00006718
1968-04-18;-0.00023565;-0.00008935
1968-04-19;0.00196116;0.00211266
1968-04-22;0.00112160;0.00157447
1968-04-23;-0.00172463;-0.00157422
1968-04-24;0.00003473;0.00018541
1968-04-25;0.00040226;0.00055294
1968-04-26;-0.00208391;-0.00193295
1968-04-29;-0.00236607;-0.00191565
1968-04-30;0.00258503;0.00273599
1968-05-01;0.00434898;0.00449911
1968-05-02;0.00227458;0.00242471
1968-05-03;0.00037663;0.00052841
1968-05-06;-0.00292085;-0.00247043
1968-05-07;0.00631518;0.00646641
1968-05-08;-0.00013835;0.00001316
1968-05-09;-0.00276532;-0.00261327
1968-05-10;-0.00107802;-0.00092596
1968-05-13;-0.00288487;-0.00243035
1968-05-14;-0.00134974;-0.00119632
1968-05-15;0.00064022;0.00079556
1968-05-16;-0.00018084;-0.00002248
1968-05-17;-0.00022879;-0.00006988
1968-05-20;0.00178651;0.00226487
1968-05-21;-0.00493428;-0.00477209
1968-05-22;-0.00220953;-0.00204898
1968-05-23;-0.00101412;-0.00085522
1968-05-24;-0.00118796;-0.00103125
1968-05-27;-0.00119731;-0.00073128
1968-05-28;0.00392549;0.00408220
1968-05-29;-0.00281519;-0.00265821
1968-05-30;0.00132350;0.00148049
1968-05-31;0.00488459;0.00504020
1968-06-03;0.00845763;0.00892201
1968-06-04;0.00270161;0.00285668
1968-06-05;-0.00144693;-0.00129214
1968-06-06;0.00247094;0.00262601
1968-06-07;0.00254730;0.00270237
1968-06-10;0.00127055;0.00173740
1968-06-11;0.00170804;0.00186475
1968-06-12;-0.00218657;-0.00203013
1968-06-13;-0.00153880;-0.00138291
1968-06-14;-0.00056878;-0.00041453
1968-06-17;-0.00398043;-0.00352180
1968-06-18;-0.00217389;-0.00202046
1968-06-19;-0.00594471;-0.00579485
1968-06-20;0.00676270;0.00691064
1968-06-21;-0.00394493;-0.00380246
1968-06-24;-0.00152209;-0.00109469
1968-06-25;0.00023699;0.00038329
1968-06-26;0.00282522;0.00297180
1968-06-27;0.00025578;0.00040154
1968-06-28;-0.00161740;-0.00147220
1968-07-01;0.00340288;0.00383850
1968-07-02;-0.00020290;-0.00005660
1968-07-03;0.00674777;0.00689544
1968-07-04;-0.00460454;-0.00445687
1968-07-05;0.00340992;0.00355677
1968-07-08;0.00560140;0.00603948
1968-07-09;0.00112029;0.00126769
1968-07-10;-0.00172134;-0.00157395
1968-07-11;0.00186636;0.00201403
1968-07-12;0.00212336;0.00227076
1968-07-15;0.00359476;0.00404024
1968-07-16;-0.00724874;-0.00709888
1968-07-17;-0.00154601;-0.00139834
1968-07-18;-0.00131568;-0.00116938
1968-07-19;-0.00358970;-0.00344477
1968-07-22;-0.00363615;-0.00320300
1968-07-23;0.00031130;0.00045541
1968-07-24;-0.00017574;-0.00003217
1968-07-25;-0.00813108;-0.00798861
1968-07-26;0.00506245;0.00520491
1968-07-29;-0.00135214;-0.00092556
1968-07-30;-0.00215337;-0.00201091
1968-07-31;0.01027669;0.01041833
1968-08-01;-0.00129708;-0.00116092
1968-08-02;-0.00124128;-0.00110704
1968-08-05;0.00076304;0.00116496
1968-08-06;-0.00101299;-0.00087655
1968-08-07;0.01017549;0.01031138
1968-08-08;-0.00047556;-0.00033967
1968-08-09;0.00112437;0.00126109
1968-08-12;0.00275785;0.00317292
1968-08-13;0.00171068;0.00185068
1968-08-14;-0.00080850;-0.00066768
1968-08-15;-0.00407068;-0.00392903
1968-08-16;-0.00051712;-0.00037712
1968-08-19;0.00308101;0.00350101
1968-08-20;0.00334750;0.00348832
1968-08-21;0.00205470;0.00219634
1968-08-22;0.00128895;0.00143059
1968-08-23;-0.00014437;-0.00000327
1968-08-26;0.00200760;0.00243171
1968-08-27;0.00237854;0.00252073
1968-08-28;0.00307031;0.00321277
1968-08-29;0.00458558;0.00472832
1968-08-30;0.00011925;0.00026117
1968-09-02;0.01430842;0.01473417
1968-09-03;0.00385969;0.00400161
1968-09-04;-0.00161552;-0.00147333
1968-09-05;0.01025577;0.01039878
1968-09-06;0.00482725;0.00497054
1968-09-09;-0.00049726;-0.00006658
1968-09-10;0.00184250;0.00198771
1968-09-11;0.00674749;0.00689269
1968-09-12;-0.00136911;-0.00122391
1968-09-13;0.00111395;0.00125751
1968-09-16;0.00340348;0.00383252
1968-09-17;0.00879423;0.00893670
1968-09-18;0.00220244;0.00234353
1968-09-19;-0.00050675;-0.00036538
1968-09-20;0.00229169;0.00243333
1968-09-23;0.00551287;0.00593780
1968-09-24;0.00191670;0.00205725
1968-09-25;0.00122921;0.00136921
1968-09-26;0.00250441;0.00264386
1968-09-27;0.00126066;0.00140094
1968-09-30;0.00124440;0.00166851
1968-10-01;0.00342993;0.00357130
1968-10-02;0.00981954;0.00996255
1968-10-03;-0.01103035;-0.01088761
1968-10-04;0.00050393;0.00064722
1968-10-07;0.00778458;0.00821691
1968-10-08;-0.00093776;-0.00079119
1968-10-09;-0.00024311;-0.00009599
1968-10-10;-0.00533615;-0.00518985
1968-10-11;-0.03551160;-0.03536749
1968-10-14;0.01042987;0.01086713
1968-10-15;-0.01177192;-0.01162452
1968-10-16;-0.00502336;-0.00487624
1968-10-17;0.01041094;0.01055697
1968-10-18;0.00985583;0.01000186
1968-10-21;0.00178273;0.00222328
1968-10-22;-0.00906981;-0.00892132
1968-10-23;0.00826491;0.00841285
1968-10-24;-0.00117402;-0.00102608
1968-10-25;0.00174635;0.00189485
1968-10-28;-0.00040884;0.00003992
1968-10-29;0.00074251;0.00089347
1968-10-30;-0.00433289;-0.00418221
1968-10-31;-0.00529347;-0.00514334
1968-11-01;-0.00260997;-0.00246038
1968-11-04;-0.00036355;0.00009015
1968-11-05;-0.00303186;-0.00288063
1968-11-06;0.00065073;0.00080169
1968-11-07;-0.00005401;0.00009531
1968-11-08;0.00213196;0.00228155
1968-11-11;-0.00011808;0.00033069
1968-11-12;0.00346013;0.00360972
1968-11-13;0.00415777;0.00430599
1968-11-14;0.00116891;0.00131685
1968-11-15;0.00364034;0.00378883
1968-11-18;0.00081270;0.00125982
1968-11-19;0.00161250;0.00176181
1968-11-20;-0.00026473;-0.00011623
1968-11-21;-0.00204659;-0.00189810
1968-11-22;0.00175517;0.00190366
1968-11-25;-0.00066505;-0.00021957
1968-11-26;0.00474661;0.00489620
1968-11-27;0.00404831;0.00419872
1968-11-28;0.00073321;0.00088363
1968-11-29;0.00464212;0.00479336
1968-12-02;-0.00149188;-0.00103078
1968-12-03;-0.00143088;-0.00127553
1968-12-04;-0.00106944;-0.00091328
1968-12-05;-0.00373265;-0.00357758
1968-12-06;0.00199922;0.00215429
1968-12-09;-0.00436459;-0.00389363
1968-12-10;-0.00154555;-0.00138555
1968-12-11;-0.00003944;0.00012166
1968-12-12;-0.00024550;-0.00008413
1968-12-13;0.00134844;0.00150954
1968-12-16;-0.00432909;-0.00384087
1968-12-17;-0.00458692;-0.00442364
1968-12-18;-0.00191061;-0.00174623
1968-12-19;0.00248844;0.00265501
1968-12-20;-0.00539141;-0.00522182
1968-12-23;-0.02107682;-0.02056066
1968-12-24;-0.00158777;-0.00141545
1968-12-25;-0.00007064;0.00010169
1968-12-26;0.00059467;0.00076425
1968-12-27;-0.00397673;-0.00380906
1968-12-30;-0.00906486;-0.00855034
1968-12-31;0.00052494;0.00069617
1969-01-02;0.00010661;0.00044305
1969-01-03;0.00018120;0.00034914
1969-01-06;-0.00104455;-0.00053660
1969-01-07;-0.00299474;-0.00282351
1969-01-08;-0.00131672;-0.00114713
1969-01-09;0.00073361;0.00090210
1969-01-10;-0.00164836;-0.00148096
1969-01-13;-0.00078836;-0.00028452
1969-01-14;0.00193129;0.00210060
1969-01-15;0.00244989;0.00261784
1969-01-16;0.00196922;0.00213498
1969-01-17;-0.00058938;-0.00042307
1969-01-20;-0.00113166;-0.00063769
1969-01-21;0.00093173;0.00109858
1969-01-22;0.00161064;0.00177858
1969-01-23;0.00159047;0.00175924
1969-01-24;-0.00045111;-0.00028207
1969-01-27;0.00015481;0.00065865
1969-01-28;-0.00065106;-0.00048229
1969-01-29;0.00070209;0.00087086
1969-01-30;-0.00024474;-0.00007570
1969-01-31;0.00121409;0.00138368
1969-02-03;-0.00037618;0.00013259
1969-02-04;-0.00013166;0.00003820
1969-02-05;0.00046675;0.00063661
1969-02-06;0.00058167;0.00075153
1969-02-07;0.00101172;0.00118022
1969-02-10;0.00151754;0.00202220
1969-02-11;0.00014857;0.00031514
1969-02-12;0.00024174;0.00040832
1969-02-13;-0.00209906;-0.00193249
1969-02-14;-0.00323905;-0.00307329
1969-02-17;0.00201425;0.00251233
1969-02-18;0.00318813;0.00335662
1969-02-19;-0.00027695;-0.00010874
1969-02-20;0.00189221;0.00205851
1969-02-21;-0.01804746;-0.01788252
1969-02-24;0.00065832;0.00115147
1969-02-25;0.00262093;0.00278778
1969-02-26;0.00011382;0.00028095
1969-02-27;-0.00246240;-0.00229281
1969-02-28;-0.00101441;-0.00084482
1969-03-03;0.00024836;0.00075549
1969-03-04;-0.00354681;-0.00337804
1969-03-05;0.00030565;0.00047250
1969-03-06;0.00232250;0.00248907
1969-03-07;0.00009695;0.00026298
1969-03-10;0.00089523;0.00138920
1969-03-11;-0.00146517;-0.00130051
1969-03-12;0.00102170;0.00118580
1969-03-13;0.00269859;0.00286379
1969-03-14;0.00028275;0.00044768
1969-03-17;0.00023386;0.00073359
1969-03-18;-0.00113308;-0.00096897
1969-03-19;-0.00201544;-0.00185133
1969-03-20;-0.00197649;-0.00181238
1969-03-21;0.00092775;0.00109104
1969-03-24;0.00267121;0.00315696
1969-03-25;-0.00034960;-0.00018741
1969-03-26;-0.00032845;-0.00016571
1969-03-27;-0.00242753;-0.00226479
1969-03-28;-0.00059486;-0.00043075
1969-03-31;0.00214180;0.00263413
1969-04-01;-0.00314984;-0.00298573
1969-04-02;0.00557618;0.00574276
1969-04-03;-0.00337903;-0.00321218
1969-04-04;0.00985164;0.01001849
1969-04-07;-0.00105091;-0.00054543
1969-04-08;0.00010231;0.00027107
1969-04-09;0.00156136;0.00172930
1969-04-10;0.00559011;0.00575888
1969-04-11;0.00015111;0.00032015
1969-04-14;0.00085330;0.00135960
1969-04-15;-0.00254469;-0.00237401
1969-04-16;-0.00553683;-0.00536642
1969-04-17;0.00612097;0.00629083
1969-04-18;-0.00325021;-0.00308063
1969-04-21;-0.00223003;-0.00172291
1969-04-22;0.00277024;0.00293928
1969-04-23;-0.00282851;-0.00266002
1969-04-24;0.00076304;0.00093016
1969-04-25;0.00473605;0.00490263
1969-04-28;0.00121771;0.00171086
1969-04-29;0.00279557;0.00295776
1969-04-30;0.00233855;0.00249937
1969-05-01;0.00017646;0.00033865
1969-05-02;0.00144430;0.00160759
1969-05-05;0.00335172;0.00383994
1969-05-06;0.00650036;0.00666529
1969-05-07;-0.00147357;-0.00130891
1969-05-08;0.00071220;0.00087549
1969-05-09;-0.00016025;0.00000304
1969-05-12;0.00266781;0.00316425
1969-05-13;0.00227611;0.00244296
1969-05-14;0.00424292;0.00440922
1969-05-15;-0.00223514;-0.00206829
1969-05-16;0.00022483;0.00039195
1969-05-19;-0.00547158;-0.00497104
1969-05-20;-0.00786080;-0.00769313
1969-05-21;0.00262072;0.00278729
1969-05-22;0.00033418;0.00049911
1969-05-23;0.00026919;0.00043385
1969-05-26;-0.00046511;0.00003379
1969-05-27;-0.00466520;-0.00449699
1969-05-28;0.00228808;0.00245576
1969-05-29;0.00087054;0.00103711
1969-05-30;0.01275775;0.01292432
1969-06-02;0.00241099;0.00291401
1969-06-03;-0.00244521;-0.00227590
1969-06-04;0.00005227;0.00022378
1969-06-05;0.00000752;0.00018259
1969-06-06;0.00037851;0.00055221
1969-06-09;0.00211234;0.00264247
1969-06-10;-0.00172277;-0.00154140
1969-06-11;-0.00650150;-0.00631821
1969-06-12;-0.02210820;-0.02192162
1969-06-13;0.00068601;0.00087122
1969-06-16;0.00585083;0.00639576
1969-06-17;-0.00496669;-0.00478806
1969-06-18;-0.01325007;-0.01307062
1969-06-19;0.00407947;0.00426029
1969-06-20;-0.00719264;-0.00701401
1969-06-23;-0.00542504;-0.00490148
1969-06-24;0.01669167;0.01686975
1969-06-25;-0.00337449;-0.00319915
1969-06-26;0.00583327;0.00599957
1969-06-27;0.00368276;0.00385125
1969-06-30;0.00025924;0.00077622
1969-07-01;0.00008116;0.00026390
1969-07-02;-0.00067412;-0.00048946
1969-07-03;-0.00094821;-0.00076164
1969-07-04;-0.00057148;-0.00038490
1969-07-07;0.00076965;0.00133513
1969-07-08;0.00300175;0.00319299
1969-07-09;0.00108118;0.00127406
1969-07-10;0.00058289;0.00077467
1969-07-11;0.00013234;0.00032111
1969-07-14;0.00056895;0.00113936
1969-07-15;0.00064276;0.00083701
1969-07-16;-0.00152505;-0.00133355
1969-07-17;-0.00227329;-0.00208041
1969-07-18;0.00203625;0.00222940
1969-07-22;0.00376949;0.00454538
1969-07-23;-0.00090667;-0.00071133
1969-07-24;0.00131843;0.00151350
1969-07-25;0.00094523;0.00114057
1969-07-28;0.00323301;0.00381821
1969-07-29;0.00000762;0.00020324
1969-07-30;-0.00098991;-0.00079512
1969-07-31;-0.00311001;-0.00291658
1969-08-01;-0.00822648;-0.00803470
1969-08-04;0.00243962;0.00300921
1969-08-05;-0.00188938;-0.00169815
1969-08-06;-0.00173433;-0.00154282
1969-08-07;0.00010612;0.00029708
1969-08-08;0.00109423;0.00128655
1969-08-11;0.00118309;0.00175926
1969-08-12;0.00224760;0.00244212
1969-08-13;-0.00073627;-0.00054230
1969-08-14;-0.00288020;-0.00268924
1969-08-15;-0.00224737;-0.00205970
1969-08-18;-0.00243890;-0.00188164
1969-08-19;-0.00223691;-0.00204952
1969-08-20;0.00041616;0.00060411
1969-08-21;-0.00123682;-0.00104695
1969-08-22;-0.00154481;-0.00135413
1969-08-25;0.00417080;0.00474614
1969-08-26;0.00239876;0.00259493
1969-08-27;-0.00077236;-0.00057647
1969-08-28;-0.00265787;-0.00246362
1969-08-29;-0.00277796;-0.00258755
1969-09-01;0.00380660;0.00437783
1969-09-02;0.00089488;0.00108748
1969-09-03;0.00110682;0.00129860
1969-09-04;0.00099917;0.00119205
1969-09-05;0.00135817;0.00155159
1969-09-08;0.00124229;0.00182503
1969-09-09;-0.00182985;-0.00163369
1969-09-10;-0.00108934;-0.00089427
1969-09-11;0.00095974;0.00115398
1969-09-12;0.00010327;0.00029779
1969-09-15;-0.00193370;-0.00135014
1969-09-16;0.00010645;0.00030179
1969-09-17;0.00155505;0.00175039
1969-09-18;-0.00114537;-0.00094975
1969-09-19;-0.00017109;0.00002507
1969-09-22;0.00011262;0.00069947
1969-09-23;0.00003257;0.00022709
1969-09-24;0.00004005;0.00023457
1969-09-25;0.00101099;0.00120523
1969-09-26;-0.00023934;-0.00004591
1969-09-29;0.00132232;0.00189026
1969-09-30;0.00122794;0.00142356
1969-10-01;0.00606028;0.00625672
1969-10-02;-0.00304088;-0.00284691
1969-10-03;-0.00137724;-0.00118546
1969-10-06;0.00096177;0.00153218
1969-10-07;0.00029899;0.00049050
1969-10-08;-0.00024024;-0.00004846
1969-10-09;0.00035233;0.00054494
1969-10-10;-0.00429257;-0.00410134
1969-10-13;0.00185059;0.00242429
1969-10-14;-0.00566337;-0.00547049
1969-10-15;0.00180625;0.00199912
1969-10-16;0.00152702;0.00171935
1969-10-17;0.00019927;0.00039023
1969-10-20;-0.00093407;-0.00036612
1969-10-21;-0.00267798;-0.00248894
1969-10-22;-0.00070661;-0.00051730
1969-10-23;-0.00150076;-0.00130953
1969-10-24;0.00208829;0.00228007
1969-10-27;-0.00018253;0.00039199
1969-10-28;0.00446266;0.00465444
1969-10-29;0.00550880;0.00570086
1969-10-30;-0.00133478;-0.00114245
1969-10-31;-0.00330556;-0.00311405
1969-11-03;-0.00016300;0.00040988
1969-11-04;0.00063584;0.00082680
1969-11-05;0.00061246;0.00080616
1969-11-06;-0.00245706;-0.00226199
1969-11-07;-0.00294342;-0.00274808
1969-11-10;0.00278204;0.00336724
1969-11-11;-0.00333531;-0.00314024
1969-11-12;0.00224011;0.00243655
1969-11-13;0.00482333;0.00502060
1969-11-14;-0.00055690;-0.00036265
1969-11-17;0.00216863;0.00274972
1969-11-18;-0.00019359;0.00000367
1969-11-19;0.00715770;0.00735578
1969-11-20;-0.00367459;-0.00347322
1969-11-21;-0.00228731;-0.00208512
1969-11-24;-0.00425879;-0.00364892
1969-11-25;0.00584165;0.00604768
1969-11-26;-0.00503062;-0.00482377
1969-11-27;0.00376545;0.00397230
1969-11-28;0.00083945;0.00104521
1969-12-01;0.01040147;0.01101791
1969-12-02;0.00344236;0.00364921
1969-12-03;0.00571462;0.00592339
1969-12-04;-0.01617896;-0.01596964
1969-12-05;0.00093550;0.00114563
1969-12-08;0.01039225;0.01102348
1969-12-09;0.00058129;0.00079609
1969-12-10;0.00516169;0.00537840
1969-12-11;0.00078844;0.00100351
1969-12-12;0.00340455;0.00361853
1969-12-15;0.00295775;0.00360871
1969-12-16;0.00470697;0.00492369
1969-12-17;0.00431632;0.00453331
1969-12-18;-0.00845833;-0.00824244
1969-12-19;-0.00274544;-0.00253202
1969-12-22;0.00093500;0.00157774
1969-12-23;0.00427313;0.00448737
1969-12-24;-0.00053233;-0.00031726
1969-12-25;0.01275360;0.01296866
1969-12-26;0.00014016;0.00035551
1969-12-29;0.00360658;0.00427069
1969-12-30;-0.00208835;-0.00186780
1969-12-31;-0.00519473;-0.00497528
1970-01-02;-0.01006875;-0.00963478
1970-01-05;0.00555590;0.00620604
1970-01-06;0.00394099;0.00415825
1970-01-07;-0.00061015;-0.00039371
1970-01-08;-0.01644061;-0.01622390
1970-01-09;0.00151029;0.00172645
1970-01-12;0.00994469;0.01058578
1970-01-13;-0.00521116;-0.00499691
1970-01-14;0.00002363;0.00023925
1970-01-15;-0.00018386;0.00003093
1970-01-16;0.00393756;0.00415126
1970-01-19;0.01050449;0.01114477
1970-01-20;-0.00095957;-0.00074532
1970-01-21;0.00161667;0.00183119
1970-01-22;-0.00094744;-0.00073182
1970-01-23;0.00217210;0.00238744
1970-01-26;0.00745455;0.00810222
1970-01-27;0.00314392;0.00336064
1970-01-28;0.00599530;0.00621202
1970-01-29;0.00698477;0.00720148
1970-01-30;-0.00090031;-0.00068497
1970-02-02;-0.00349756;-0.00286304
1970-02-03;-0.00630175;-0.00609079
1970-02-04;0.00368383;0.00389369
1970-02-05;0.00170747;0.00191460
1970-02-06;-0.00255293;-0.00234964
1970-02-09;-0.00358517;-0.00298517
1970-02-10;0.00513429;0.00533374
1970-02-11;-0.00938951;-0.00919088
1970-02-12;0.00129206;0.00149069
1970-02-13;0.00080331;0.00099372
1970-02-16;0.00031052;0.00087189
1970-02-17;0.00062895;0.00081443
1970-02-18;-0.00527120;-0.00508572
1970-02-19;-0.00130981;-0.00112379
1970-02-20;-0.00152210;-0.00133580
1970-02-23;0.00288675;0.00344565
1970-02-24;0.00125602;0.00144452
1970-02-25;-0.00720635;-0.00701759
1970-02-26;0.00256381;0.00275231
1970-02-27;-0.00331943;-0.00313175
1970-03-02;0.00128511;0.00184977
1970-03-03;-0.00126227;-0.00107268
1970-03-04;0.00341026;0.00360012
1970-03-05;0.00008250;0.00027099
1970-03-06;0.00429854;0.00448621
1970-03-09;0.00165436;0.00221820
1970-03-10;0.00134050;0.00152434
1970-03-11;-0.00138503;-0.00120092
1970-03-12;-0.00243964;-0.00225471
1970-03-13;0.00228466;0.00247014
1970-03-16;0.00136860;0.00192915
1970-03-17;0.00199371;0.00218029
1970-03-18;0.00139479;0.00157972
1970-03-19;0.00082380;0.00100600
1970-03-20;0.00061361;0.00079224
1970-03-23;0.00041772;0.00092319
1970-03-24;-0.00296276;-0.00279618
1970-03-25;-0.00332204;-0.00315354
1970-03-26;0.00250194;0.00267344
1970-03-27;-0.00466617;-0.00449467
1970-03-30;0.00330816;0.00382761
1970-03-31;-0.00006486;0.00010994
1970-04-01;0.00072879;0.00090249
1970-04-02;0.00058186;0.00075583
1970-04-03;-0.00248494;-0.00231069
1970-04-06;0.00551737;0.00604257
1970-04-07;-0.00105753;-0.00088110
1970-04-08;0.00072748;0.00090364
1970-04-09;-0.00210039;-0.00192560
1970-04-10;0.00026407;0.00043832
1970-04-13;0.00001512;0.00053622
1970-04-14;0.00035848;0.00053163
1970-04-15;0.00020347;0.00037826
1970-04-16;0.00145802;0.00163337
1970-04-17;-0.00398860;-0.00381326
1970-04-20;-0.00055246;-0.00001986
1970-04-21;0.00056069;0.00073986
1970-04-22;-0.00274402;-0.00255936
1970-04-23;-0.00082157;-0.00064129
1970-04-24;0.00142383;0.00160465
1970-04-27;-0.00305463;-0.00250806
1970-04-28;-0.00800909;-0.00781841
1970-04-29;-0.00560605;-0.00541674
1970-04-30;-0.02923372;-0.02904386
1970-05-01;0.00046873;0.00065613
1970-05-04;0.02154532;0.02211326
1970-05-05;0.00821294;0.00840718
1970-05-06;-0.00689860;-0.00670928
1970-05-07;-0.00246380;-0.00228189
1970-05-08;0.00274695;0.00292668
1970-05-11;0.00636180;0.00691577
1970-05-12;0.00368192;0.00387151
1970-05-13;0.00899130;0.00917815
1970-05-14;0.00773609;0.00792129
1970-05-15;-0.00692523;-0.00674002
1970-05-18;-0.00124665;-0.00069761
1970-05-19;0.00820158;0.00838569
1970-05-20;0.01315975;0.01334249
1970-05-21;0.00784190;0.00802574
1970-05-22;-0.00072885;-0.00054090
1970-05-25;0.01387271;0.01444887
1970-05-26;0.00525952;0.00545349
1970-05-27;-0.02027339;-0.02008051
1970-05-28;-0.01361011;-0.01341970
1970-05-29;-0.01145997;-0.01127010
1970-06-01;-0.00561305;-0.00505003
1970-06-02;0.00003554;0.00022239
1970-06-03;-0.00283945;-0.00265287
1970-06-04;0.00287405;0.00306063
1970-06-05;0.00400938;0.00419568
1970-06-08;0.00013209;0.00068689
1970-06-09;0.00066927;0.00085475
1970-06-10;0.00194795;0.00213315
1970-06-11;0.00560138;0.00578604
1970-06-12;0.00129041;0.00147644
1970-06-15;-0.00287251;-0.00232100
1970-06-16;-0.00447794;-0.00429411
1970-06-17;0.00050724;0.00069135
1970-06-18;-0.00238812;-0.00220374
1970-06-19;-0.00256391;-0.00238035
1970-06-22;0.00034518;0.00088271
1970-06-23;0.00640694;0.00658776
1970-06-24;0.00232559;0.00250696
1970-06-25;-0.00021410;-0.00003848
1970-06-26;0.00202772;0.00220252
1970-06-29;0.00210436;0.00262793
1970-06-30;0.00039184;0.00056965
1970-07-01;-0.00038916;-0.00021163
1970-07-02;0.00007228;0.00024981
1970-07-03;-0.00073210;-0.00055457
1970-07-06;0.00319756;0.00373838
1970-07-07;0.00171105;0.00189489
1970-07-08;-0.00544400;-0.00526126
1970-07-09;-0.00352276;-0.00334166
1970-07-10;-0.00140644;-0.00122781
1970-07-13;-0.00006191;0.00047234
1970-07-14;0.00042512;0.00060347
1970-07-15;-0.00303864;-0.00286083
1970-07-16;-0.00384374;-0.00366895
1970-07-17;-0.00395956;-0.00378422
1970-07-20;-0.00043510;0.00008846
1970-07-21;0.00476418;0.00493898
1970-07-22;-0.00057147;-0.00039750
1970-07-23;-0.00298938;-0.00281733
1970-07-24;0.00059985;0.00077300
1970-07-27;0.00056530;0.00108639
1970-07-28;-0.00011330;0.00006150
1970-07-29;-0.00092938;-0.00075459
1970-07-30;0.00013559;0.00031066
1970-07-31;0.00051377;0.00068856
1970-08-03;0.00083533;0.00136136
1970-08-04;0.00031075;0.00048773
1970-08-05;0.00053536;0.00071344
1970-08-06;-0.00221182;-0.00203401
1970-08-07;-0.00071884;-0.00054158
1970-08-10;0.00071432;0.00124693
1970-08-11;-0.00153417;-0.00135499
1970-08-12;0.00027028;0.00044974
1970-08-13;0.00269729;0.00287619
1970-08-14;-0.00115732;-0.00097814
1970-08-17;0.00017963;0.00071634
1970-08-18;-0.00089939;-0.00072213
1970-08-19;0.00081242;0.00098804
1970-08-20;-0.00032923;-0.00015444
1970-08-21;-0.00108057;-0.00090824
1970-08-24;-0.00136986;-0.00085780
1970-08-25;-0.00170020;-0.00152951
1970-08-26;-0.00010907;0.00006217
1970-08-27;0.00111994;0.00129172
1970-08-28;-0.00133818;-0.00116613
1970-08-31;-0.00250813;-0.00198785
1970-09-01;-0.00088551;-0.00071044
1970-09-02;-0.00003952;0.00013582
1970-09-03;0.00187567;0.00205074
1970-09-04;0.00121321;0.00138636
1970-09-07;0.00041041;0.00092987
1970-09-08;0.00114697;0.00132177
1970-09-09;0.00022204;0.00039738
1970-09-10;-0.00126394;-0.00108832
1970-09-11;-0.00018160;-0.00000654
1970-09-14;-0.00017496;0.00034531
1970-09-15;-0.00097673;-0.00080358
1970-09-16;-0.00092405;-0.00075418
1970-09-17;0.00044362;0.00061211
1970-09-18;0.00037772;0.00054429
1970-09-21;-0.00412959;-0.00363972
1970-09-22;0.00053725;0.00069451
1970-09-23;0.00008247;0.00023891
1970-09-24;-0.00007808;0.00007973
1970-09-25;-0.00003162;0.00012783
1970-09-28;-0.00109181;-0.00061427
1970-09-29;0.00229830;0.00245776
1970-09-30;0.00046980;0.00062980
1970-10-01;0.00022427;0.00038482
1970-10-02;0.00100423;0.00116478
1970-10-05;0.00186642;0.00235135
1970-10-06;-0.00108299;-0.00091724
1970-10-07;0.00065905;0.00082508
1970-10-08;-0.00118879;-0.00102249
1970-10-09;-0.00135894;-0.00119318
1970-10-12;-0.00200915;-0.00151189
1970-10-13;-0.00029294;-0.00012828
1970-10-14;0.00008439;0.00024767
1970-10-15;-0.00056729;-0.00040537
1970-10-16;-0.00033442;-0.00017196
1970-10-19;-0.00275878;-0.00227056
1970-10-20;0.00071769;0.00087824
1970-10-21;0.00143438;0.00159384
1970-10-22;-0.00045329;-0.00029494
1970-10-23;0.00086726;0.00102507
1970-10-26;-0.00036547;0.00011124
1970-10-27;-0.00031865;-0.00015838
1970-10-28;-0.00006550;0.00009560
1970-10-29;-0.00082675;-0.00066647
1970-10-30;-0.00003911;0.00012089
1970-11-02;-0.00197259;-0.00150492
1970-11-03;-0.00225167;-0.00209578
1970-11-04;-0.00044116;-0.00028883
1970-11-05;0.00048195;0.00063236
1970-11-06;0.00028641;0.00043709
1970-11-09;-0.00137779;-0.00092655
1970-11-10;0.00016689;0.00031703
1970-11-11;0.00093198;0.00108212
1970-11-12;0.00221651;0.00236692
1970-11-13;0.00119064;0.00133969
1970-11-16;0.00109014;0.00152575
1970-11-17;0.00113644;0.00127946
1970-11-18;0.00030478;0.00044834
1970-11-19;0.00065944;0.00080108
1970-11-20;-0.00128845;-0.00115092
1970-11-23;-0.00161148;-0.00121696
1970-11-24;0.00038787;0.00052294
1970-11-25;-0.00026435;-0.00012572
1970-11-26;0.00211852;0.00225715
1970-11-27;0.00072463;0.00086600
1970-11-30;-0.00051504;-0.00010079
1970-12-01;-0.00668939;-0.00655295
1970-12-02;0.00374039;0.00387656
1970-12-03;0.00540577;0.00554112
1970-12-04;0.00155930;0.00169383
1970-12-07;0.00472294;0.00512733
1970-12-08;0.00039394;0.00052983
1970-12-09;-0.00035271;-0.00021682
1970-12-10;-0.00079826;-0.00066401
1970-12-11;-0.00823514;-0.00810199
1970-12-14;-0.00037827;0.00001625
1970-12-15;0.00335531;0.00348627
1970-12-16;0.00468315;0.00481356
1970-12-17;0.00066987;0.00079973
1970-12-18;-0.00063313;-0.00050299
1970-12-21;-0.00272959;-0.00233507
1970-12-22;0.00196326;0.00209504
1970-12-23;0.00014426;0.00027741
1970-12-24;-0.00064765;-0.00051532
1970-12-25;0.00212945;0.00226177
1970-12-28;-0.00004505;0.00035276
1970-12-29;0.00168095;0.00181602
1970-12-30;0.00030560;0.00043958
1970-12-31;-0.00046960;-0.00033673
1971-01-04;-0.00143396;-0.00089807
1971-01-05;0.00049166;0.00062564
1971-01-06;0.00109358;0.00122619
1971-01-07;-0.00166535;-0.00153357
1971-01-08;-0.00361979;-0.00348965
1971-01-11;-0.00025367;0.00012934
1971-01-12;-0.00370352;-0.00357667
1971-01-13;0.00013221;0.00025714
1971-01-14;-0.00021004;-0.00009004
1971-01-15;0.00020280;0.00032116
1971-01-18;0.00001627;0.00036641
1971-01-19;-0.00121823;-0.00110180
1971-01-20;0.00106816;0.00118268
1971-01-21;-0.00053282;-0.00041994
1971-01-22;0.00041251;0.00052703
1971-01-25;0.00100041;0.00134397
1971-01-26;-0.00012027;-0.00000383
1971-01-27;0.00031038;0.00042600
1971-01-28;-0.00003771;0.00007681
1971-01-29;0.00057897;0.00069267
1971-02-01;0.00113097;0.00146960
1971-02-02;-0.00023126;-0.00011893
1971-02-03;0.00005777;0.00016983
1971-02-04;-0.00015417;-0.00004376
1971-02-05;0.00093087;0.00103936
1971-02-08;0.00109434;0.00140832
1971-02-09;0.00024629;0.00034602
1971-02-10;-0.00074387;-0.00064250
1971-02-11;0.00155364;0.00165336
1971-02-12;0.00250224;0.00260196
1971-02-15;-0.00201026;-0.00171108
1971-02-16;0.00054016;0.00063962
1971-02-17;-0.00100096;-0.00090233
1971-02-18;-0.00247679;-0.00238035
1971-02-19;-0.00230704;-0.00221143
1971-02-22;-0.00304202;-0.00275599
1971-02-23;0.00149407;0.00158942
1971-02-24;0.00203284;0.00212627
1971-02-25;-0.00023431;-0.00014116
1971-02-26;-0.00094951;-0.00085636
1971-03-01;0.00105948;0.00133565
1971-03-02;-0.00031405;-0.00022199
1971-03-03;0.00035793;0.00044944
1971-03-04;0.00273343;0.00282494
1971-03-05;0.00233359;0.00242482
1971-03-08;0.00134413;0.00161700
1971-03-09;0.00011323;0.00020419
1971-03-10;0.00028497;0.00037538
1971-03-11;0.00026584;0.00035406
1971-03-12;0.00058193;0.00067070
1971-03-15;0.00254706;0.00281829
1971-03-16;0.00166254;0.00175405
1971-03-17;-0.00034315;-0.00024671
1971-03-18;0.00017835;0.00027287
1971-03-19;-0.00003651;0.00005527
1971-03-22;-0.00142855;-0.00115732
1971-03-23;-0.00083746;-0.00074540
1971-03-24;-0.00138368;-0.00129080
1971-03-25;0.00009612;0.00018899
1971-03-26;0.00122342;0.00131740
1971-03-29;0.00036311;0.00064914
1971-03-30;0.00048430;0.00058293
1971-03-31;0.00011635;0.00021607
1971-04-01;0.00043994;0.00053994
1971-04-02;0.00046099;0.00056154
1971-04-05;-0.00060281;-0.00029952
1971-04-06;0.00275500;0.00285719
1971-04-07;0.00155421;0.00165887
1971-04-08;0.00019507;0.00030192
1971-04-09;-0.00040913;-0.00030228
1971-04-12;0.00279880;0.00313003
1971-04-13;0.00004006;0.00015074
1971-04-14;0.00123164;0.00134123
1971-04-15;0.00084564;0.00095249
1971-04-16;0.00002708;0.00013174
1971-04-19;0.00063556;0.00094789
1971-04-20;-0.00277729;-0.00267264
1971-04-21;0.00073225;0.00083800
1971-04-22;0.00011408;0.00021791
1971-04-23;0.00168462;0.00178873
1971-04-26;-0.00038446;-0.00007049
1971-04-27;0.00192330;0.00203179
1971-04-28;0.00054277;0.00065346
1971-04-29;-0.00053230;-0.00042217
1971-04-30;-0.00144340;-0.00133573
1971-05-03;-0.00246473;-0.00214911
1971-05-04;0.00167391;0.00178021
1971-05-05;-0.00009767;0.00000973
1971-05-06;-0.00124165;-0.00113699
1971-05-07;-0.00181191;-0.00170835
1971-05-10;-0.00273047;-0.00241568
1971-05-11;0.00092784;0.00103359
1971-05-12;0.00133353;0.00144148
1971-05-13;-0.00071459;-0.00060336
1971-05-14;-0.00167021;-0.00155734
1971-05-17;-0.00440603;-0.00405261
1971-05-18;-0.00021862;-0.00009725
1971-05-19;0.00008313;0.00020313
1971-05-20;0.00110197;0.00122169
1971-05-21;-0.00104022;-0.00092022
1971-05-24;-0.00235378;-0.00199131
1971-05-25;-0.00182311;-0.00170119
1971-05-26;0.00036735;0.00048790
1971-05-27;-0.00037143;-0.00025226
1971-05-28;0.00084823;0.00096713
1971-05-31;0.00223564;0.00259235
1971-06-01;0.00069327;0.00081273
1971-06-02;0.00181159;0.00192830
1971-06-03;-0.00011417;0.00000199
1971-06-04;0.00116907;0.00128743
1971-06-07;0.00057346;0.00093839
1971-06-08;-0.00084295;-0.00071802
1971-06-09;0.00019061;0.00031664
1971-06-10;0.00112082;0.00124740
1971-06-11;0.00062493;0.00075398
1971-06-14;-0.00076158;-0.00035638
1971-06-15;0.00064241;0.00077994
1971-06-16;0.00085935;0.00099552
1971-06-17;0.00138391;0.00151816
1971-06-18;-0.00125182;-0.00111675
1971-06-21;-0.00099044;-0.00058852
1971-06-22;-0.00036517;-0.00022928
1971-06-23;0.00148980;0.00162185
1971-06-24;-0.00118368;-0.00105217
1971-06-25;0.00069400;0.00082770
1971-06-28;0.00116539;0.00157306
1971-06-29;0.00078328;0.00092547
1971-06-30;0.00048812;0.00063114
1971-07-01;-0.00011730;0.00002543
1971-07-02;-0.00024037;-0.00009352
1971-07-05;-0.00514566;-0.00470511
1971-07-06;-0.00294283;-0.00279269
1971-07-07;0.00352726;0.00367575
1971-07-08;-0.00017212;-0.00002390
1971-07-09;0.00086498;0.00101183
1971-07-12;0.00131115;0.00174841
1971-07-13;0.00042159;0.00056761
1971-07-14;0.00071891;0.00086548
1971-07-15;-0.00123483;-0.00108716
1971-07-16;0.00047833;0.00062901
1971-07-19;0.00126586;0.00172038
1971-07-20;-0.00037866;-0.00022797
1971-07-21;-0.00270743;-0.00255838
1971-07-22;0.00155358;0.00169988
1971-07-23;0.00023811;0.00038797
1971-07-26;0.00069353;0.00114229
1971-07-27;0.00049155;0.00064114
1971-07-28;0.00072310;0.00087187
1971-07-29;0.00093279;0.00107909
1971-07-30;-0.00085723;-0.00071175
1971-08-02;-0.00158029;-0.00114961
1971-08-03;0.00109513;0.00124088
1971-08-04;-0.00013396;0.00001207
1971-08-05;0.00005080;0.00019601
1971-08-06;0.00067829;0.00082295
1971-08-09;0.00336464;0.00380190
1971-08-10;-0.00049578;-0.00034866
1971-08-11;-0.00039898;-0.00025597
1971-08-12;-0.00078000;-0.00063726
1971-08-13;0.00151051;0.00165161
1971-08-16;-0.02258107;-0.02218408
1971-08-17;-0.01063189;-0.01050120
1971-08-18;-0.01005174;-0.00992078
1971-08-19;-0.01460063;-0.01447625
1971-08-20;0.01064518;0.01077258
1971-08-23;-0.00845554;-0.00806513
1971-08-24;-0.00096460;-0.00083857
1971-08-25;0.00499177;0.00512136
1971-08-26;0.00341710;0.00354532
1971-08-27;-0.00122032;-0.00109347
1971-08-30;0.00311906;0.00348399
1971-08-31;-0.00015073;-0.00002908
1971-09-01;-0.00046662;-0.00034333
1971-09-02;0.00006833;0.00019244
1971-09-03;0.00078068;0.00090507
1971-09-06;-0.00084723;-0.00047407
1971-09-07;0.00071887;0.00084435
1971-09-08;0.00023897;0.00036500
1971-09-09;-0.00043380;-0.00030641
1971-09-10;-0.00002771;0.00010051
1971-09-13;-0.00048300;-0.00009177
1971-09-14;-0.00051554;-0.00038212
1971-09-15;0.00027042;0.00040330
1971-09-16;0.00011882;0.00025087
1971-09-17;0.00010311;0.00023243
1971-09-20;-0.00040109;-0.00001314
1971-09-21;-0.00015102;-0.00002006
1971-09-22;-0.00035779;-0.00022711
1971-09-23;-0.00007290;0.00005724
1971-09-24;-0.00013282;-0.00000323
1971-09-27;-0.00020052;0.00018742
1971-09-28;-0.00025131;-0.00012336
1971-09-29;-0.00024006;-0.00011212
1971-09-30;0.00014028;0.00026631
1971-10-01;-0.00032162;-0.00019696
1971-10-04;-0.00030305;0.00006353
1971-10-05;0.00001251;0.00013772
1971-10-06;-0.00044610;-0.00032171
1971-10-07;-0.00011365;0.00001128
1971-10-08;0.00010598;0.00023009
1971-10-11;0.00046083;0.00083316
1971-10-12;-0.00009560;0.00002659
1971-10-13;-0.00005983;0.00006182
1971-10-14;0.00043640;0.00055777
1971-10-15;-0.00027518;-0.00015354
1971-10-18;0.00024639;0.00061214
1971-10-19;-0.00005385;0.00006944
1971-10-20;0.00075386;0.00087605
1971-10-21;0.00015238;0.00027512
1971-10-22;0.00019526;0.00031745
1971-10-25;0.00053224;0.00089882
1971-10-26;0.00026615;0.00038615
1971-10-27;0.00047920;0.00059892
1971-10-28;0.00012503;0.00024448
1971-10-29;0.00006830;0.00018638
1971-11-01;0.00085614;0.00120628
1971-11-02;0.00000017;0.00011688
1971-11-03;-0.00121180;-0.00109783
1971-11-04;0.00034549;0.00045891
1971-11-05;0.00014754;0.00026124
1971-11-08;0.00003186;0.00037542
1971-11-09;-0.00019015;-0.00007591
1971-11-10;0.00034197;0.00045677
1971-11-11;0.00062722;0.00074174
1971-11-12;-0.00008524;0.00002900
1971-11-15;0.00000195;0.00034387
1971-11-16;-0.00052209;-0.00040976
1971-11-17;-0.00049580;-0.00038238
1971-11-18;0.00025658;0.00037001
1971-11-19;0.00043680;0.00055105
1971-11-22;0.00024957;0.00059806
1971-11-23;0.00048954;0.00060790
1971-11-24;-0.00004601;0.00007454
1971-11-25;-0.00061575;-0.00049521
1971-11-26;-0.00085187;-0.00073132
1971-11-29;-0.00121132;-0.00085461
1971-11-30;-0.00030320;-0.00018429
1971-12-01;-0.00022050;-0.00010242
1971-12-02;0.00113012;0.00124738
1971-12-03;-0.00300025;-0.00288656
1971-12-06;0.00223401;0.00257099
1971-12-07;0.00008628;0.00019943
1971-12-08;-0.00163161;-0.00151928
1971-12-09;0.00133321;0.00144581
1971-12-10;-0.00022813;-0.00011608
1971-12-13;0.00055987;0.00088535
1971-12-14;-0.00016677;-0.00005554
1971-12-15;-0.00055710;-0.00044423
1971-12-16;-0.00205398;-0.00194275
1971-12-17;0.00034556;0.00045515
1971-12-20;-0.00073868;-0.00040005
1971-12-21;0.00453371;0.00464549
1971-12-22;0.00220820;0.00231888
1971-12-23;0.00033615;0.00044108
1971-12-24;0.00485626;0.00496119
1971-12-27;0.00165817;0.00196886
1971-12-28;0.00042175;0.00052449
1971-12-29;-0.00017826;-0.00007524
1971-12-30;0.00023404;0.00033541
1971-12-31;-0.00025278;-0.00015196
1972-01-03;-0.00093650;-0.00063322
1972-01-04;0.00054784;0.00064976
1972-01-05;0.00222123;0.00232232
1972-01-06;0.00192085;0.00201811
1972-01-07;0.00024240;0.00033363
1972-01-10;-0.00038560;-0.00013738
1972-01-11;0.00079398;0.00088220
1972-01-12;0.00123347;0.00132197
1972-01-13;-0.00037536;-0.00028768
1972-01-14;0.00106731;0.00115471
1972-01-17;-0.00072338;-0.00045708
1972-01-18;0.00076009;0.00084941
1972-01-19;0.00039496;0.00048537
1972-01-20;0.00085090;0.00094268
1972-01-21;-0.00122693;-0.00113296
1972-01-24;-0.00284595;-0.00255664
1972-01-25;0.00080884;0.00090528
1972-01-26;0.00047454;0.00056933
1972-01-27;0.00181046;0.00190471
1972-01-28;0.00203465;0.00212671
1972-01-31;-0.00088077;-0.00060543
1972-02-01;0.00134001;0.00143398
1972-02-02;0.00315418;0.00324733
1972-02-03;0.00015150;0.00024383
1972-02-04;-0.00192792;-0.00183915
1972-02-07;0.00117802;0.00143282
1972-02-08;0.00085303;0.00094043
1972-02-09;0.00048602;0.00057259
1972-02-10;0.00019750;0.00028133
1972-02-11;-0.00133921;-0.00125729
1972-02-14;-0.00259002;-0.00234344
1972-02-15;-0.00055939;-0.00047555
1972-02-16;0.00399751;0.00408134
1972-02-17;0.00214354;0.00222682
1972-02-18;-0.00061720;-0.00053227
1972-02-21;0.00655523;0.00681002
1972-02-22;-0.00002069;0.00006616
1972-02-23;0.00029091;0.00037804
1972-02-24;0.00047385;0.00056152
1972-02-25;0.00181672;0.00190878
1972-02-28;0.00139445;0.00167144
1972-02-29;-0.00009834;-0.00000354
1972-03-01;0.00132439;0.00141946
1972-03-02;0.00070638;0.00080172
1972-03-03;0.00149609;0.00159171
1972-03-06;0.00499655;0.00528422
1972-03-07;0.00313269;0.00323023
1972-03-08;0.00130544;0.00140298
1972-03-09;0.00388735;0.00398571
1972-03-10;-0.00285997;-0.00276024
1972-03-13;-0.00724731;-0.00693910
1972-03-14;-0.00139039;-0.00128382
1972-03-15;-0.00291280;-0.00280485
1972-03-16;0.00103795;0.00114480
1972-03-17;-0.00095709;-0.00085079
1972-03-20;-0.00035281;-0.00003473
1972-03-21;0.00086540;0.00097143
1972-03-22;0.00126772;0.00137101
1972-03-23;0.00061080;0.00071436
1972-03-24;-0.00090770;-0.00080359
1972-03-27;0.00285023;0.00316009
1972-03-28;0.00110044;0.00120565
1972-03-29;0.00005199;0.00015801
1972-03-30;0.00116482;0.00126975
1972-03-31;0.00245986;0.00256479
1972-04-03;-0.00050569;-0.00019418
1972-04-04;-0.00004052;0.00006469
1972-04-05;0.00107711;0.00118176
1972-04-06;0.00003089;0.00013500
1972-04-07;-0.00050783;-0.00040372
1972-04-10;-0.00061080;-0.00030258
1972-04-11;0.00097755;0.00108221
1972-04-12;0.00042171;0.00052637
1972-04-13;-0.00074905;-0.00064329
1972-04-14;-0.00077824;-0.00067303
1972-04-17;-0.00040377;-0.00008733
1972-04-18;-0.00038655;-0.00028573
1972-04-19;-0.00053823;-0.00043850
1972-04-20;0.00081121;0.00090902
1972-04-21;0.00052040;0.00061546
1972-04-24;0.00014261;0.00042699
1972-04-25;0.00001971;0.00011697
1972-04-26;-0.00015173;-0.00005365
1972-04-27;-0.00019076;-0.00009377
1972-04-28;0.00019345;0.00029290
1972-05-01;0.00855184;0.00884937
1972-05-02;-0.00110566;-0.00100566
1972-05-03;0.00048206;0.00058069
1972-05-04;0.00072672;0.00082371
1972-05-05;0.00101229;0.00110599
1972-05-08;-0.00155638;-0.00127364
1972-05-09;-0.00471172;-0.00461172
1972-05-10;0.00332025;0.00341943
1972-05-11;0.00427332;0.00437250
1972-05-12;0.00199910;0.00209773
1972-05-15;0.00186121;0.00216121
1972-05-16;-0.00192173;-0.00181872
1972-05-17;0.00313773;0.00324129
1972-05-18;0.00310765;0.00321149
1972-05-19;0.00143440;0.00153851
1972-05-22;0.00348605;0.00379756
1972-05-23;0.00188346;0.00198867
1972-05-24;0.00419092;0.00429613
1972-05-25;0.00204105;0.00214407
1972-05-26;0.00230087;0.00240361
1972-05-29;0.01157921;0.01188743
1972-05-30;0.00110849;0.00121260
1972-05-31;0.00163986;0.00174424
1972-06-01;-0.00055186;-0.00044692
1972-06-02;0.00168324;0.00178899
1972-06-05;-0.00033973;-0.00002494
1972-06-06;-0.00308244;-0.00297586
1972-06-07;-0.00097035;-0.00086405
1972-06-08;0.00075046;0.00085622
1972-06-09;-0.00271457;-0.00260882
1972-06-12;-0.00058728;-0.00027331
1972-06-13;0.00103196;0.00113716
1972-06-14;0.00291154;0.00301729
1972-06-15;0.00031148;0.00041833
1972-06-16;-0.00295270;-0.00284448
1972-06-19;-0.00073429;-0.00041210
1972-06-20;-0.00202295;-0.00191473
1972-06-21;-0.00343811;-0.00332935
1972-06-22;-0.00136700;-0.00125686
1972-06-23;-0.02319465;-0.02308506
1972-06-26;-0.01217324;-0.01184611
1972-06-27;0.00144263;0.00155194
1972-06-28;-0.00037910;-0.00027307
1972-06-29;-0.00435614;-0.00424765
1972-06-30;-0.00459064;-0.00447941
1972-07-03;0.00148503;0.00182530
1972-07-04;-0.00316621;-0.00305279
1972-07-05;-0.00293802;-0.00282624
1972-07-06;0.00031171;0.00042184
1972-07-07;0.00015704;0.00026718
1972-07-10;0.00058937;0.00092143
1972-07-11;0.00100566;0.00111881
1972-07-12;0.00008051;0.00019201
1972-07-13;0.00022404;0.00033472
1972-07-14;0.00029543;0.00040365
1972-07-17;-0.00042669;-0.00010450
1972-07-18;0.00086859;0.00097736
1972-07-19;0.00053474;0.00064186
1972-07-20;0.00028574;0.00039286
1972-07-21;-0.00006309;0.00004485
1972-07-24;-0.00087735;-0.00055105
1972-07-25;0.00061734;0.00072775
1972-07-26;0.00053080;0.00063929
1972-07-27;0.00055149;0.00065861
1972-07-28;0.00096775;0.00107323
1972-07-31;-0.00035132;-0.00003899
1972-08-01;0.00307972;0.00318356
1972-08-02;0.00010516;0.00020844
1972-08-03;0.00411362;0.00421746
1972-08-04;0.00067586;0.00078052
1972-08-07;-0.00020307;0.00011337
1972-08-08;0.00048222;0.00058852
1972-08-09;-0.00063692;-0.00053117
1972-08-10;0.00028208;0.00038783
1972-08-11;0.00213757;0.00224278
1972-08-14;0.00153033;0.00184841
1972-08-15;-0.00072525;-0.00061758
1972-08-16;-0.00049189;-0.00038476
1972-08-17;-0.00083332;-0.00072701
1972-08-18;0.00088569;0.00099309
1972-08-21;-0.00078789;-0.00046159
1972-08-22;0.00106360;0.00117648
1972-08-23;0.00031776;0.00043228
1972-08-24;-0.00240553;-0.00229211
1972-08-25;-0.00162261;-0.00150672
1972-08-28;-0.00137334;-0.00102320
1972-08-29;0.00043964;0.00056155
1972-08-30;-0.00009777;0.00002688
1972-08-31;0.00195541;0.00208006
1972-09-01;0.00127812;0.00140251
1972-09-04;0.00456474;0.00493789
1972-09-05;-0.00071832;-0.00059010
1972-09-06;-0.00170020;-0.00157116
1972-09-07;-0.00009225;0.00003652
1972-09-08;0.00001233;0.00014192
1972-09-11;-0.00139360;-0.00100401
1972-09-12;-0.00338155;-0.00325224
1972-09-13;0.00140004;0.00152909
1972-09-14;-0.00040820;-0.00027943
1972-09-15;-0.00039969;-0.00027147
1972-09-18;-0.00067859;-0.00029640
1972-09-19;-0.00029642;-0.00016929
1972-09-20;0.00029996;0.00042681
1972-09-21;0.00008117;0.00020884
1972-09-22;0.00161725;0.00174602
1972-09-25;-0.00088805;-0.00050421
1972-09-26;0.00065102;0.00077787
1972-09-27;0.00338171;0.00350801
1972-09-28;0.00295744;0.00308237
1972-09-29;0.00113961;0.00126427
1972-10-02;0.00121155;0.00158224
1972-10-03;-0.00108192;-0.00095398
1972-10-04;0.00231594;0.00244444
1972-10-05;-0.00082534;-0.00069575
1972-10-06;-0.00238158;-0.00225254
1972-10-09;0.00756509;0.00795221
1972-10-10;0.00093910;0.00106896
1972-10-11;0.00006192;0.00019233
1972-10-12;0.00125198;0.00138376
1972-10-13;-0.00072209;-0.00058949
1972-10-16;-0.00018727;0.00020725
1972-10-17;-0.00147937;-0.00134731
1972-10-18;0.00192224;0.00205347
1972-10-19;0.00404048;0.00417061
1972-10-20;-0.00483944;-0.00470958
1972-10-23;0.01181253;0.01220212
1972-10-24;0.00496434;0.00509421
1972-10-25;0.00431088;0.00444074
1972-10-26;0.00421955;0.00434887
1972-10-27;-0.00027198;-0.00014266
1972-10-30;0.00628740;0.00667699
1972-10-31;-0.00147662;-0.00134621
1972-11-01;-0.00236813;-0.00223799
1972-11-02;0.00099117;0.00112049
1972-11-03;0.00429245;0.00442149
1972-11-06;-0.00413897;-0.00375595
1972-11-07;-0.00103172;-0.00090405
1972-11-08;0.00040169;0.00053183
1972-11-09;0.00198398;0.00211329
1972-11-10;-0.00120180;-0.00107248
1972-11-13;0.00024646;0.00063605
1972-11-14;0.00146826;0.00159922
1972-11-15;-0.00069212;-0.00056226
1972-11-16;-0.00032068;-0.00019027
1972-11-17;0.00248698;0.00261739
1972-11-20;-0.00081746;-0.00042623
1972-11-21;0.00170991;0.00184196
1972-11-22;0.00308628;0.00321888
1972-11-24;0.00214039;0.00240615
1972-11-27;-0.00201984;-0.00161874
1972-11-28;0.00005201;0.00018571
1972-11-29;0.00019985;0.00033328
1972-11-30;-0.00088062;-0.00074692
1972-12-01;-0.00105468;-0.00092043
1972-12-04;0.00337740;0.00378178
1972-12-05;0.00004176;0.00017875
1972-12-06;0.00187330;0.00201029
1972-12-07;-0.00008502;0.00005279
1972-12-08;0.00082367;0.00096230
1972-12-11;0.00041206;0.00083124
1972-12-12;-0.00137070;-0.00123235
1972-12-13;-0.00077121;-0.00063422
1972-12-14;-0.00005018;0.00008735
1972-12-15;-0.00002247;0.00011643
1972-12-18;-0.00268078;-0.00225584
1972-12-19;-0.00125750;-0.00111531
1972-12-20;-0.00045311;-0.00031201
1972-12-21;-0.00173450;-0.00159423
1972-12-22;0.00339033;0.00353060
1972-12-25;0.00038608;0.00080690
1972-12-26;0.03079463;0.03093572
1972-12-27;0.00346892;0.00360892
1972-12-28;0.00061410;0.00075382
1972-12-29;0.00214598;0.00228681
1973-01-02;0.00225444;0.00282649
1973-01-03;0.00110623;0.00124760
1973-01-04;-0.00024565;-0.00010538
1973-01-05;0.00090734;0.00104789
1973-01-08;0.00145464;0.00187629
1973-01-09;-0.00102082;-0.00087918
1973-01-10;-0.00144689;-0.00130469
1973-01-11;0.00024546;0.00038875
1973-01-12;-0.00172998;-0.00158642
1973-01-15;-0.00222833;-0.00179518
1973-01-16;-0.00265318;-0.00250633
1973-01-17;0.00135971;0.00150656
1973-01-18;-0.00052708;-0.00037749
1973-01-19;0.00096029;0.00111262
1973-01-22;-0.00085027;-0.00039081
1973-01-23;-0.00057293;-0.00041923
1973-01-24;-0.00146925;-0.00131391
1973-01-25;-0.00144230;-0.00128531
1973-01-26;-0.00278160;-0.00262434
1973-01-29;-0.00084199;-0.00037679
1973-01-30;-0.00510642;-0.00495053
1973-01-31;-0.00205931;-0.00190369
1973-02-01;-0.00345967;-0.00330187
1973-02-02;-0.00939592;-0.00923893
1973-02-05;0.00523757;0.00570524
1973-02-06;-0.00172701;-0.00157221
1973-02-07;-0.00198977;-0.00183717
1973-02-08;0.00138126;0.00153030
1973-02-09;-0.00083024;-0.00068120
1973-02-12;0.00474716;0.00519428
1973-02-13;0.01103906;0.01118975
1973-02-14;0.00550580;0.00565457
1973-02-15;0.00208983;0.00223695
1973-02-16;0.00142582;0.00157377
1973-02-19;0.01232085;0.01276469
1973-02-20;0.00244260;0.00259521
1973-02-21;-0.00143405;-0.00128008
1973-02-22;0.00049492;0.00064724
1973-02-23;-0.00161732;-0.00146526
1973-02-26;-0.00333045;-0.00285703
1973-02-27;0.00102279;0.00118443
1973-02-28;0.00004985;0.00021012
1973-03-01;0.00087762;0.00103625
1973-03-02;-0.00185235;-0.00169482
1973-03-05;-0.00358170;-0.00310581
1973-03-06;0.00027133;0.00043406
1973-03-07;0.00022853;0.00038935
1973-03-08;-0.00000358;0.00015615
1973-03-09;0.00032865;0.00048865
1973-03-12;-0.00015980;0.00032348
1973-03-13;-0.00014523;0.00001915
1973-03-14;-0.00015693;0.00000910
1973-03-15;0.00070054;0.00086794
1973-03-16;-0.00021808;-0.00004795
1973-03-19;0.00083173;0.00134297
1973-03-20;0.00027400;0.00044770
1973-03-21;0.00159050;0.00176447
1973-03-22;0.00098237;0.00115525
1973-03-23;-0.00005725;0.00011562
1973-03-26;-0.00053533;-0.00002327
1973-03-27;-0.00077456;-0.00060306
1973-03-28;-0.00007606;0.00009600
1973-03-29;-0.00026273;-0.00009040
1973-03-30;0.00033779;0.00051313
1973-04-02;-0.00200257;-0.00147162
1973-04-03;-0.00075003;-0.00057058
1973-04-04;-0.00150301;-0.00132466
1973-04-05;-0.00135135;-0.00117381
1973-04-06;0.00156781;0.00173905
1973-04-09;-0.00102383;-0.00051752
1973-04-10;-0.00041128;-0.00024114
1973-04-11;-0.00007451;0.00009590
1973-04-12;-0.00138156;-0.00121170
1973-04-13;-0.00199914;-0.00182900
1973-04-16;-0.00360177;-0.00309300
1973-04-17;0.00111960;0.00128919
1973-04-18;0.00290930;0.00307670
1973-04-19;0.00013796;0.00030591
1973-04-20;-0.00107808;-0.00091013
1973-04-23;-0.00255657;-0.00204780
1973-04-24;-0.00150938;-0.00133733
1973-04-25;-0.00248594;-0.00231389
1973-04-26;0.00249277;0.00266263
1973-04-27;0.00062188;0.00079202
1973-04-30;-0.00045623;0.00005583
1973-05-01;0.00000881;0.00018114
1973-05-02;-0.00057140;-0.00039989
1973-05-03;-0.00166539;-0.00149526
1973-05-04;-0.00007813;0.00009145
1973-05-07;-0.00053766;-0.00003383
1973-05-08;-0.00011310;0.00005183
1973-05-09;0.00081875;0.00098231
1973-05-10;0.00017483;0.00033921
1973-05-11;0.00014768;0.00031836
1973-05-14;0.00030331;0.00081043
1973-05-15;0.00069800;0.00086704
1973-05-16;-0.00014436;0.00002523
1973-05-17;0.00066308;0.00083513
1973-05-18;0.00084645;0.00101906
1973-05-21;0.00136741;0.00189179
1973-05-22;-0.00073724;-0.00055642
1973-05-23;-0.00073576;-0.00055412
1973-05-24;-0.00157126;-0.00139181
1973-05-25;-0.00141765;-0.00123573
1973-05-28;0.00003563;0.00058139
1973-05-29;0.00121840;0.00140580
1973-05-30;0.00033357;0.00052288
1973-05-31;-0.00081378;-0.00062419
1973-06-01;0.00184574;0.00203669
1973-06-04;0.00204908;0.00263017
1973-06-05;-0.00229488;-0.00209954
1973-06-06;-0.00048884;-0.00029542
1973-06-07;-0.00178845;-0.00159448
1973-06-08;-0.00153048;-0.00133870
1973-06-11;0.00026819;0.00085010
1973-06-12;-0.00155522;-0.00135961
1973-06-13;0.00065183;0.00084800
1973-06-14;0.00190149;0.00209793
1973-06-15;0.00191598;0.00211269
1973-06-18;0.00188231;0.00247409
1973-06-19;-0.00124207;-0.00104289
1973-06-20;-0.00061762;-0.00041789
1973-06-21;0.00127205;0.00147041
1973-06-22;0.00053307;0.00073142
1973-06-25;0.00081315;0.00140493
1973-06-26;-0.00089974;-0.00070084
1973-06-27;-0.00067254;-0.00047308
1973-06-28;-0.00202659;-0.00182522
1973-06-29;0.00060544;0.00081147
1973-07-02;0.00329782;0.00394714
1973-07-03;-0.00201006;-0.00179143
1973-07-04;0.00170949;0.00192812
1973-07-05;-0.00015436;0.00006344
1973-07-06;-0.00010660;0.00011038
1973-07-09;-0.00111432;-0.00046336
1973-07-10;-0.00322247;-0.00300631
1973-07-11;-0.00330756;-0.00309715
1973-07-12;-0.00000904;0.00020001
1973-07-13;0.00140381;0.00161696
1973-07-16;-0.00106434;-0.00041913
1973-07-17;0.00073192;0.00095000
1973-07-18;-0.00085842;-0.00063842
1973-07-19;-0.00195566;-0.00173292
1973-07-20;0.00134180;0.00156563
1973-07-23;-0.00601885;-0.00535885
1973-07-24;-0.00291070;-0.00268659
1973-07-25;-0.00452255;-0.00429871
1973-07-26;0.00038978;0.00061526
1973-07-27;0.00376464;0.00399067
1973-07-30;0.00001848;0.00069491
1973-07-31;-0.00011949;0.00010846
1973-08-01;-0.00717827;-0.00694868
1973-08-02;0.00318118;0.00340803
1973-08-03;-0.00068046;-0.00045388
1973-08-06;-0.00331439;-0.00263055
1973-08-07;0.00013846;0.00037819
1973-08-08;-0.00005680;0.00018347
1973-08-09;-0.00106136;-0.00081999
1973-08-10;-0.00272189;-0.00247970
1973-08-13;-0.00291319;-0.00218825
1973-08-14;-0.00138850;-0.00114055
1973-08-15;0.00000808;0.00025329
1973-08-16;-0.00284658;-0.00260384
1973-08-17;-0.00068445;-0.00044555
1973-08-20;-0.00091407;-0.00019160
1973-08-21;0.00020552;0.00044990
1973-08-22;0.00022669;0.00046724
1973-08-23;-0.00073943;-0.00050326
1973-08-24;-0.00173020;-0.00149842
1973-08-27;0.00057494;0.00127603
1973-08-28;0.00045160;0.00069050
1973-08-29;0.00262264;0.00285881
1973-08-30;0.00070265;0.00093744
1973-08-31;0.00009299;0.00033025
1973-09-03;-0.00308567;-0.00237389
1973-09-04;-0.00037434;-0.00013379
1973-09-05;-0.00022559;0.00001441
1973-09-06;0.00011989;0.00036209
1973-09-07;0.00072229;0.00096339
1973-09-10;0.03063754;0.03137973
1973-09-11;0.00082338;0.00107105
1973-09-12;0.00049435;0.00074147
1973-09-13;-0.00350134;-0.00325860
1973-09-14;0.00037732;0.00061704
1973-09-17;-0.00011498;0.00060009
1973-09-18;-0.00057278;-0.00033497
1973-09-19;-0.00213544;-0.00190119
1973-09-20;-0.00318319;-0.00295634
1973-09-21;-0.00134949;-0.00113881
1973-09-24;0.00000214;0.00060872
1973-09-25;0.00026867;0.00046594
1973-09-26;0.00019604;0.00039110
1973-09-27;-0.00081870;-0.00062802
1973-09-28;0.00042492;0.00061615
1973-10-01;-0.00085782;-0.00027754
1973-10-02;0.00239784;0.00260716
1973-10-03;-0.00086897;-0.00066404
1973-10-04;-0.00056676;-0.00035909
1973-10-05;0.00305225;0.00325389
1973-10-08;0.00244675;0.00305168
1973-10-09;-0.00080646;-0.00061112
1973-10-10;-0.00446716;-0.00427154
1973-10-11;0.00167143;0.00186732
1973-10-12;0.00001912;0.00021473
1973-10-15;-0.00441266;-0.00382170
1973-10-16;-0.00159447;-0.00139501
1973-10-17;-0.00230832;-0.00211134
1973-10-18;0.00052433;0.00071968
1973-10-19;0.00023098;0.00042358
1973-10-22;-0.00412037;-0.00354256
1973-10-23;-0.00259838;-0.00240550
1973-10-24;-0.00067257;-0.00048024
1973-10-25;-0.00095800;-0.00076485
1973-10-26;0.00348929;0.00368600
1973-10-29;0.00310722;0.00369900
1973-10-30;-0.00468839;-0.00449058
1973-10-31;-0.00216576;-0.00196412
1973-11-01;-0.00072054;-0.00051561
1973-11-02;0.00167642;0.00188628
1973-11-05;0.00060367;0.00126121
1973-11-06;-0.00073563;-0.00051646
1973-11-07;-0.00120181;-0.00097715
1973-11-08;-0.00059484;-0.00037237
1973-11-09;-0.00026582;-0.00004281
1973-11-12;-0.00208083;-0.00138138
1973-11-13;-0.00100146;-0.00076530
1973-11-14;0.00150717;0.00173456
1973-11-15;0.00031076;0.00051706
1973-11-16;-0.00203778;-0.00182929
1973-11-19;0.00296099;0.00357743
1973-11-20;0.00099558;0.00120846
1973-11-21;-0.00111834;-0.00090519
1973-11-22;-0.00416818;-0.00395503
1973-11-23;-0.00335223;-0.00313799
1973-11-26;0.00184497;0.00248278
1973-11-27;0.00032456;0.00053223
1973-11-28;-0.00164132;-0.00143529
1973-11-29;0.00116803;0.00137214
1973-11-30;0.00315022;0.00335022
1973-12-03;0.00568837;0.00627358
1973-12-04;0.00235369;0.00255232
1973-12-05;0.00154331;0.00175372
1973-12-06;-0.00076204;-0.00055273
1973-12-07;0.00033571;0.00054530
1973-12-10;0.00239905;0.00301056
1973-12-11;0.00359291;0.00379894
1973-12-12;0.00311882;0.00332375
1973-12-13;0.00222021;0.00242788
1973-12-14;-0.00034211;-0.00013581
1973-12-17;0.00076528;0.00137925
1973-12-18;-0.00080121;-0.00060011
1973-12-19;-0.00111012;-0.00091012
1973-12-20;-0.00359330;-0.00339303
1973-12-21;0.00143107;0.00163189
1973-12-24;-0.00008729;0.00051518
1973-12-25;0.01422254;0.01442336
1973-12-26;-0.00698390;-0.00677651
1973-12-27;-0.00531146;-0.00510680
1973-12-28;-0.00116785;-0.00096319
1973-12-31;-0.00109942;-0.00048627
1974-01-02;0.00299617;0.00340822
1974-01-03;0.00291639;0.00312104
1974-01-04;0.00270533;0.00291054
1974-01-07;0.00868686;0.00931152
1974-01-08;0.00011269;0.00032200
1974-01-09;-0.00044950;-0.00023937
1974-01-10;0.00059482;0.00080934
1974-01-11;-0.00320022;-0.00298460
1974-01-14;0.00124323;0.00189748
1974-01-15;0.00689557;0.00711174
1974-01-16;0.00053045;0.00074689
1974-01-17;-0.00104974;-0.00083440
1974-01-18;-0.00127313;-0.00105778
1974-01-21;0.00200160;0.00265667
1974-01-22;-0.00066163;-0.00044354
1974-01-23;-0.00230991;-0.00209045
1974-01-24;-0.00283860;-0.00261915
1974-01-25;0.00032741;0.00054604
1974-01-28;-0.00197879;-0.00133441
1974-01-29;-0.00102035;-0.00081159
1974-01-30;-0.00588251;-0.00567675
1974-01-31;-0.00316500;-0.00296007
1974-02-01;0.00162330;0.00182358
1974-02-04;0.00346106;0.00404709
1974-02-05;0.00280532;0.00299518
1974-02-06;0.00237696;0.00256682
1974-02-07;-0.00047690;-0.00028210
1974-02-08;0.00076452;0.00095739
1974-02-11;0.00315324;0.00373844
1974-02-12;-0.00064276;-0.00044770
1974-02-13;-0.00058135;-0.00038847
1974-02-14;0.00208027;0.00227288
1974-02-15;-0.00211909;-0.00192566
1974-02-18;0.00019193;0.00077220
1974-02-19;-0.00088233;-0.00068973
1974-02-20;-0.00195734;-0.00176446
1974-02-21;0.00003447;0.00022872
1974-02-22;-0.00229417;-0.00209965
1974-02-25;0.00212655;0.00271423
1974-02-26;-0.00339503;-0.00319503
1974-02-27;0.00277753;0.00297890
1974-02-28;0.00102102;0.00122540
1974-03-01;-0.00049346;-0.00028688
1974-03-04;-0.00121930;-0.00059793
1974-03-05;-0.00359952;-0.00338774
1974-03-06;-0.00121011;-0.00099888
1974-03-07;0.00235869;0.00256965
1974-03-08;0.00080907;0.00102386
1974-03-11;-0.00125258;-0.00060573
1974-03-12;-0.00105015;-0.00083563
1974-03-13;-0.00037193;-0.00015741
1974-03-14;-0.00037568;-0.00016418
1974-03-15;-0.00004406;0.00017073
1974-03-18;0.00041698;0.00107041
1974-03-19;0.00075872;0.00097954
1974-03-20;0.00032570;0.00054762
1974-03-21;-0.00027462;-0.00005243
1974-03-22;0.00025662;0.00047772
1974-03-25;-0.00092242;-0.00025502
1974-03-26;-0.00110069;-0.00087247
1974-03-27;-0.00123693;-0.00100543
1974-03-28;0.00058350;0.00081775
1974-03-29;0.00052732;0.00075417
1974-04-01;0.00113772;0.00182074
1974-04-02;0.00003767;0.00026891
1974-04-03;-0.00109497;-0.00086237
1974-04-04;0.00057708;0.00081406
1974-04-05;0.00157253;0.00180952
1974-04-08;0.00069112;0.00139468
1974-04-09;-0.00086541;-0.00062925
1974-04-10;-0.00033254;-0.00009912
1974-04-11;0.00036020;0.00058595
1974-04-12;-0.00089238;-0.00066663
1974-04-15;0.00007693;0.00073035
1974-04-16;-0.00201557;-0.00179146
1974-04-17;-0.00091013;-0.00068657
1974-04-18;-0.00015348;0.00006980
1974-04-19;0.00170332;0.00191729
1974-04-22;0.00080263;0.00144044
1974-04-23;0.00306595;0.00328649
1974-04-24;0.00267468;0.00289440
1974-04-25;0.00157672;0.00180166
1974-04-26;-0.00127873;-0.00104640
1974-04-29;0.00094956;0.00167943
1974-04-30;-0.00070618;-0.00046234
1974-05-01;-0.00213582;-0.00189555
1974-05-02;0.00015828;0.00039664
1974-05-03;0.00089378;0.00113543
1974-05-06;-0.00102759;-0.00030265
1974-05-07;-0.00048595;-0.00024321
1974-05-08;-0.00018582;0.00005253
1974-05-09;-0.00235364;-0.00212104
1974-05-10;0.00362534;0.00384863
1974-05-13;0.00095595;0.00161595
1974-05-14;-0.00044728;-0.00022454
1974-05-15;0.00028756;0.00050564
1974-05-16;0.00072860;0.00094613
1974-05-17;0.00092339;0.00114065
1974-05-20;0.00115106;0.00180366
1974-05-21;0.00029843;0.00052336
1974-05-22;0.00245554;0.00267856
1974-05-23;0.00085169;0.00105826
1974-05-24;-0.00278611;-0.00257570
1974-05-27;0.00191381;0.00254504
1974-05-28;-0.00014452;0.00007520
1974-05-29;0.00141888;0.00164162
1974-05-30;-0.00038808;-0.00017082
1974-05-31;-0.00006895;0.00015242
1974-06-03;-0.00245770;-0.00179277
1974-06-04;-0.00312624;-0.00290405
1974-06-05;0.00092959;0.00114740
1974-06-06;-0.00297275;-0.00275549
1974-06-07;-0.00300246;-0.00277918
1974-06-10;-0.00536364;-0.00469460
1974-06-11;0.00354560;0.00376834
1974-06-12;0.00112204;0.00134670
1974-06-13;-0.00172189;-0.00149285
1974-06-14;0.00122038;0.00144806
1974-06-17;0.00151783;0.00218933
1974-06-18;0.00067934;0.00090208
1974-06-19;0.00154375;0.00176266
1974-06-20;0.00078339;0.00099763
1974-06-21;-0.00019169;0.00000831
1974-06-24;-0.00098195;-0.00036880
1974-06-25;-0.00249858;-0.00228953
1974-06-26;0.00198915;0.00218915
1974-06-27;-0.00022427;-0.00001796
1974-06-28;-0.00206851;-0.00186741
1974-07-01;0.00093212;0.00153048
1974-07-02;0.00054499;0.00074609
1974-07-03;-0.00012638;0.00008594
1974-07-04;-0.00010138;0.00011095
1974-07-05;0.00313095;0.00334300
1974-07-08;0.00305849;0.00368479
1974-07-09;-0.00130653;-0.00109940
1974-07-10;0.00197691;0.00217937
1974-07-11;0.00089550;0.00109605
1974-07-12;-0.00701833;-0.00681668
1974-07-15;-0.00179663;-0.00117033
1974-07-16;0.00235088;0.00255718
1974-07-17;-0.00262696;-0.00241545
1974-07-18;-0.00019365;0.00002334
1974-07-19;0.00000856;0.00022281
1974-07-22;0.00000807;0.00062944
1974-07-23;-0.00119726;-0.00099315
1974-07-24;-0.00079237;-0.00058908
1974-07-25;0.00224576;0.00244576
1974-07-26;0.00340342;0.00360616
1974-07-29;0.00221675;0.00282661
1974-07-30;0.00171123;0.00192602
1974-07-31;0.00150729;0.00171743
1974-08-01;0.00097399;0.00119153
1974-08-02;0.00396124;0.00418946
1974-08-05;0.00484601;0.00553067
1974-08-06;0.00137422;0.00161121
1974-08-07;-0.00688652;-0.00664432
1974-08-08;0.00133321;0.00158033
1974-08-09;0.00097016;0.00121482
1974-08-12;0.00158483;0.00230401
1974-08-13;0.00514872;0.00538790
1974-08-14;0.00418663;0.00442663
1974-08-15;0.00096836;0.00120836
1974-08-16;-0.00116771;-0.00092826
1974-08-19;0.00308948;0.00381606
1974-08-20;0.00070474;0.00095268
1974-08-21;0.00582456;0.00607963
1974-08-22;0.00506408;0.00532408
1974-08-23;-0.00090965;-0.00064280
1974-08-26;0.00336925;0.00415911
1974-08-27;0.00219615;0.00246245
1974-08-28;0.00259029;0.00285303
1974-08-29;0.00034971;0.00059683
1974-08-30;-0.00615549;-0.00591083
1974-09-02;-0.00890055;-0.00816657
1974-09-03;0.00496352;0.00522132
1974-09-04;0.00269246;0.00294890
1974-09-05;-0.00512854;-0.00487293
1974-09-06;0.00045784;0.00071154
1974-09-09;0.00160516;0.00235721
1974-09-10;0.00011916;0.00036765
1974-09-11;0.00101131;0.00125953
1974-09-12;0.00268998;0.00294340
1974-09-13;0.00400654;0.00425202
1974-09-16;-0.00267914;-0.00201256
1974-09-17;0.00003151;0.00025315
1974-09-18;-0.00180605;-0.00159153
1974-09-19;-0.00311888;-0.00292381
1974-09-20;-0.00117611;-0.00098241
1974-09-23;-0.00037057;0.00019902
1974-09-24;0.00276121;0.00295272
1974-09-25;0.02404855;0.02424224
1974-09-26;0.00113666;0.00132543
1974-09-27;0.00240404;0.00257309
1974-09-30;0.00153195;0.00203497
1974-10-01;0.00257246;0.00275575
1974-10-02;0.00172436;0.00191039
1974-10-03;0.00379536;0.00398878
1974-10-04;0.00107409;0.00125272
1974-10-07;-0.00112523;-0.00058933
1974-10-08;0.00244548;0.00263480
1974-10-09;0.00226755;0.00246865
1974-10-10;-0.00147653;-0.00126283
1974-10-11;-0.00786868;-0.00765964
1974-10-14;-0.01095795;-0.01033082
1974-10-15;0.00004160;0.00025365
1974-10-16;-0.00019220;0.00001931
1974-10-17;-0.00028906;-0.00007482
1974-10-18;-0.00278802;-0.00257898
1974-10-21;0.00002911;0.00065294
1974-10-22;0.00159438;0.00179794
1974-10-23;0.00138749;0.00159434
1974-10-24;0.00237534;0.00258438
1974-10-25;0.00147137;0.00168561
1974-10-28;0.00530008;0.00596912
1974-10-29;-0.00681151;-0.00659151
1974-10-30;-0.00054667;-0.00032804
1974-10-31;-0.00329657;-0.00308287
1974-11-01;0.00029231;0.00050546
1974-11-04;-0.00111483;-0.00047209
1974-11-05;-0.00163577;-0.00142153
1974-11-06;-0.00163651;-0.00142774
1974-11-07;-0.00103010;-0.00082134
1974-11-08;0.00149669;0.00170436
1974-11-11;-0.00407967;-0.00345666
1974-11-12;0.00734023;0.00754160
1974-11-13;-0.00079755;-0.00060084
1974-11-14;-0.00255079;-0.00235435
1974-11-15;0.00055812;0.00075867
1974-11-18;-0.00291105;-0.00229297
1974-11-19;0.00293380;0.00313819
1974-11-20;0.00138931;0.00159233
1974-11-21;0.00014949;0.00035524
1974-11-22;-0.00219332;-0.00199058
1974-11-25;-0.00189859;-0.00129777
1974-11-26;-0.00155226;-0.00134898
1974-11-27;-0.00128891;-0.00108069
1974-11-28;0.00101217;0.00122039
1974-11-29;-0.00052684;-0.00032218
1974-12-02;0.00177348;0.00237430
1974-12-03;0.00133655;0.00154285
1974-12-04;-0.00083219;-0.00062754
1974-12-05;0.00139306;0.00159799
1974-12-06;0.00152531;0.00172860
1974-12-09;-0.00198957;-0.00139450
1974-12-10;-0.00108282;-0.00088693
1974-12-11;-0.00007362;0.00012145
1974-12-12;0.00083256;0.00103475
1974-12-13;0.00034098;0.00054125
1974-12-16;-0.00031152;0.00027533
1974-12-17;-0.00111276;-0.00092728
1974-12-18;-0.00103358;-0.00084700
1974-12-19;0.00104555;0.00123432
1974-12-20;0.00106158;0.00125254
1974-12-23;0.00092952;0.00151554
1974-12-24;-0.00077458;-0.00058334
1974-12-25;-0.00190655;-0.00171532
1974-12-26;-0.00060075;-0.00041033
1974-12-27;0.00002247;0.00021315
1974-12-30;0.00001488;0.00059926
1974-12-31;-0.00189352;-0.00170009
1975-01-02;-0.00359809;-0.00322001
1975-01-03;0.00106581;0.00125102
1975-01-06;0.00457597;0.00512665
1975-01-07;0.00043053;0.00060888
1975-01-08;0.00044888;0.00062806
1975-01-09;0.00079749;0.00097694
1975-01-10;0.00060464;0.00078656
1975-01-13;-0.00009018;0.00046380
1975-01-14;-0.00213799;-0.00195854
1975-01-15;0.00026881;0.00045101
1975-01-16;-0.00045912;-0.00028131
1975-01-17;-0.00169122;-0.00151889
1975-01-20;0.00094118;0.00146885
1975-01-21;0.00206485;0.00223580
1975-01-22;0.00238998;0.00255902
1975-01-23;0.00152291;0.00167606
1975-01-24;0.00058722;0.00073763
1975-01-27;0.00104783;0.00150564
1975-01-28;-0.00174809;-0.00159302
1975-01-29;-0.00454077;-0.00438269
1975-01-30;0.00025788;0.00041486
1975-01-31;0.00050516;0.00066077
1975-02-03;0.00026879;0.00073399
1975-02-04;-0.00176625;-0.00161283
1975-02-05;0.00009712;0.00024643
1975-02-06;0.00033048;0.00048390
1975-02-07;0.00174134;0.00189860
1975-02-10;0.00398339;0.00446257
1975-02-11;0.00144045;0.00159662
1975-02-12;0.00140899;0.00156515
1975-02-13;-0.00002831;0.00012566
1975-02-14;0.00031800;0.00046731
1975-02-17;0.00120558;0.00165352
1975-02-18;0.00087526;0.00102102
1975-02-19;-0.00036512;-0.00021992
1975-02-20;0.00086177;0.00100506
1975-02-21;-0.00014018;0.00000119
1975-02-24;0.00287015;0.00330741
1975-02-25;-0.00244914;-0.00230010
1975-02-26;0.00154098;0.00169495
1975-02-27;0.00229907;0.00245140
1975-02-28;0.00058043;0.00072837
1975-03-03;0.00130624;0.00176569
1975-03-04;-0.00116432;-0.00101035
1975-03-05;0.00073927;0.00089078
1975-03-06;-0.00050697;-0.00035547
1975-03-07;-0.00208317;-0.00193029
1975-03-10;-0.00073394;-0.00027038
1975-03-11;0.00385133;0.00400147
1975-03-12;-0.00276275;-0.00261453
1975-03-13;-0.00014531;0.00000264
1975-03-14;0.00015035;0.00029775
1975-03-17;0.00108358;0.00152824
1975-03-18;0.00134363;0.00149213
1975-03-19;-0.00054641;-0.00039600
1975-03-20;-0.00112755;-0.00098098
1975-03-21;-0.00083135;-0.00068340
1975-03-24;-0.00153969;-0.00108353
1975-03-25;0.00034163;0.00049341
1975-03-26;0.00017909;0.00033032
1975-03-27;-0.00044728;-0.00029686
1975-03-28;0.00175490;0.00190531
1975-03-31;0.00022680;0.00068132
1975-04-01;-0.00051509;-0.00036057
1975-04-02;-0.00037904;-0.00022452
1975-04-03;-0.00025855;-0.00010512
1975-04-04;-0.00192401;-0.00176839
1975-04-07;-0.00105217;-0.00055819
1975-04-08;0.00205267;0.00220884
1975-04-09;0.00035254;0.00050871
1975-04-10;0.00099541;0.00115185
1975-04-11;0.00121611;0.00136844
1975-04-14;0.00063430;0.00108882
1975-04-15;0.00248063;0.00263077
1975-04-16;-0.00202054;-0.00187424
1975-04-17;0.00284701;0.00299496
1975-04-18;0.00069847;0.00084751
1975-04-21;-0.00269057;-0.00223440
1975-04-22;-0.00187940;-0.00172186
1975-04-23;0.00217339;0.00232928
1975-04-24;-0.00208637;-0.00193103
1975-04-25;0.00229414;0.00244838
1975-04-28;0.00237223;0.00283415
1975-04-29;0.00040293;0.00055636
1975-04-30;0.00087224;0.00102292
1975-05-01;0.00161462;0.00176530
1975-05-02;0.00097243;0.00111791
1975-05-05;0.00365768;0.00409658
1975-05-06;-0.00148208;-0.00133304
1975-05-07;0.00014085;0.00029072
1975-05-08;-0.00059007;-0.00044130
1975-05-09;0.00535693;0.00550433
1975-05-12;0.00772165;0.00814576
1975-05-13;-0.00016633;-0.00002934
1975-05-14;-0.00313390;-0.00299856
1975-05-15;0.00110777;0.00124613
1975-05-16;0.00028513;0.00042376
1975-05-19;-0.00101196;-0.00059196
1975-05-20;-0.00198914;-0.00184914
1975-05-21;-0.00467029;-0.00452892
1975-05-22;-0.00125911;-0.00111664
1975-05-23;-0.00143197;-0.00128923
1975-05-26;0.00103206;0.00146028
1975-05-27;-0.00092917;-0.00078478
1975-05-28;0.00085280;0.00099554
1975-05-29;0.00060460;0.00074762
1975-05-30;-0.00084811;-0.00070565
1975-06-02;0.00237912;0.00281063
1975-06-03;0.00123653;0.00138009
1975-06-04;-0.00074278;-0.00059922
1975-06-05;-0.00221942;-0.00207641
1975-06-06;-0.00093536;-0.00079262
1975-06-09;-0.00032534;0.00009548
1975-06-10;-0.00138354;-0.00124436
1975-06-11;0.00422415;0.00435977
1975-06-12;0.00145866;0.00159264
1975-06-13;-0.00090942;-0.00077408
1975-06-16;0.00224356;0.00264466
1975-06-17;-0.00095266;-0.00081486
1975-06-18;-0.00095620;-0.00080935
1975-06-19;0.00288654;0.00302956
1975-06-20;0.00088127;0.00103744
1975-06-23;0.00130883;0.00177321
1975-06-24;0.00198853;0.00214606
1975-06-25;0.00177773;0.00193718
1975-06-26;0.00345392;0.00361830
1975-06-27;0.00433147;0.00448982
1975-06-30;0.00529219;0.00577383
1975-07-01;-0.00144872;-0.00128379
1975-07-02;-0.00077736;-0.00061243
1975-07-03;-0.00008475;0.00007963
1975-07-04;-0.00342785;-0.00326347
1975-07-07;0.00124802;0.00174610
1975-07-08;-0.00072394;-0.00055791
1975-07-09;-0.00087119;-0.00070406
1975-07-10;-0.00003912;0.00012636
1975-07-11;0.00074859;0.00091352
1975-07-14;0.00150029;0.00199591
1975-07-15;0.00162004;0.00178579
1975-07-16;0.00141497;0.00158127
1975-07-17;-0.00282318;-0.00265797
1975-07-18;0.00157139;0.00173715
1975-07-21;-0.00158709;-0.00107750
1975-07-22;-0.00246230;-0.00228860
1975-07-23;-0.00122923;-0.00105553
1975-07-24;0.00051904;0.00068863
1975-07-25;-0.00095611;-0.00078433
1975-07-28;-0.00256456;-0.00204675
1975-07-29;0.00105174;0.00122434
1975-07-30;0.00114682;0.00131669
1975-07-31;0.00131144;0.00148267
1975-08-01;0.00442700;0.00460097
1975-08-04;-0.00008870;0.00043733
1975-08-05;0.00218899;0.00236570
1975-08-06;0.00285994;0.00303555
1975-08-07;0.00748400;0.00766044
1975-08-08;0.00000221;0.00017782
1975-08-11;0.00404860;0.00457216
1975-08-12;0.00371824;0.00389358
1975-08-13;-0.00014975;0.00002696
1975-08-14;-0.00184207;-0.00166536
1975-08-15;-0.00017715;-0.00000126
1975-08-18;-0.00038404;0.00014363
1975-08-19;-0.00280727;-0.00263001
1975-08-20;-0.00133076;-0.00115377
1975-08-21;0.00261914;0.00279668
1975-08-22;0.00169071;0.00186769
1975-08-25;0.00106553;0.00160224
1975-08-26;0.00312260;0.00330288
1975-08-27;-0.00022201;-0.00004256
1975-08-28;0.00187482;0.00205071
1975-08-29;-0.00332980;-0.00315556
1975-09-01;0.00393897;0.00446171
1975-09-02;0.00074535;0.00092124
1975-09-03;-0.00032794;-0.00015287
1975-09-04;0.00309066;0.00326408
1975-09-05;0.00277109;0.00294616
1975-09-08;-0.00607658;-0.00554973
1975-09-09;0.00109468;0.00127030
1975-09-10;-0.00231084;-0.00213495
1975-09-11;0.00206412;0.00224111
1975-09-12;-0.00243047;-0.00225376
1975-09-15;0.00048866;0.00102291
1975-09-16;0.00197578;0.00215495
1975-09-17;0.00330313;0.00347984
1975-09-18;0.00057296;0.00074775
1975-09-19;0.00102487;0.00119912
1975-09-22;0.00515118;0.00567228
1975-09-23;0.00644303;0.00661728
1975-09-24;0.00162968;0.00180365
1975-09-25;0.00031005;0.00048539
1975-09-26;0.00165204;0.00182820
1975-09-29;0.00579489;0.00632338
1975-09-30;-0.00341342;-0.00323315
1975-10-01;0.00063061;0.00080951
1975-10-02;-0.00265634;-0.00247881
1975-10-03;-0.00370161;-0.00352928
1975-10-06;-0.00645936;-0.00594649
1975-10-07;-0.00058196;-0.00040854
1975-10-08;-0.00307557;-0.00290379
1975-10-09;-0.00327011;-0.00309970
1975-10-10;-0.00302017;-0.00285332
1975-10-13;0.00066953;0.00117008
1975-10-14;-0.00151954;-0.00135269
1975-10-15;-0.00161308;-0.00144596
1975-10-16;-0.00058880;-0.00042524
1975-10-17;-0.00140419;-0.00124283
1975-10-20;-0.00252032;-0.00203539
1975-10-21;-0.00010470;0.00005037
1975-10-22;-0.00482845;-0.00467146
1975-10-23;0.00101444;0.00117115
1975-10-24;0.00092488;0.00107995
1975-10-27;-0.00143445;-0.00096432
1975-10-28;0.00116666;0.00132090
1975-10-29;-0.00151796;-0.00136563
1975-10-30;0.00028883;0.00043842
1975-10-31;-0.00241811;-0.00226715
1975-11-03;-0.00158902;-0.00113121
1975-11-04;0.00036204;0.00051464
1975-11-05;0.00066128;0.00081279
1975-11-06;-0.00026427;-0.00011331
1975-11-07;0.00088871;0.00103610
1975-11-10;0.00106216;0.00149778
1975-11-11;0.00017976;0.00032496
1975-11-12;0.00340587;0.00355272
1975-11-13;-0.00131867;-0.00117154
1975-11-14;0.00017318;0.00032250
1975-11-17;0.00141049;0.00185844
1975-11-18;-0.00016625;-0.00001639
1975-11-19;-0.00243701;-0.00228714
1975-11-20;-0.00050455;-0.00035497
1975-11-21;-0.00067089;-0.00051746
1975-11-24;0.00098764;0.00144134
1975-11-25;-0.00012860;0.00002373
1975-11-26;0.00242737;0.00257942
1975-11-27;0.00312235;0.00327441
1975-11-28;0.00174110;0.00189288
1975-12-01;-0.00196714;-0.00151098
1975-12-02;-0.00192660;-0.00177400
1975-12-03;-0.00262118;-0.00246885
1975-12-04;-0.00163670;-0.00148300
1975-12-05;-0.00088871;-0.00073583
1975-12-08;-0.00024496;0.00021367
1975-12-09;-0.00086885;-0.00071324
1975-12-10;0.00131923;0.00147375
1975-12-11;-0.00065885;-0.00050652
1975-12-12;-0.00054078;-0.00038845
1975-12-15;0.00056907;0.00102195
1975-12-16;0.00077113;0.00092209
1975-12-17;-0.00192018;-0.00177087
1975-12-18;-0.00018619;-0.00003715
1975-12-19;-0.00032082;-0.00017616
1975-12-22;-0.00097468;-0.00053577
1975-12-23;0.00107565;0.00122167
1975-12-24;0.00104895;0.00119334
1975-12-25;0.00795240;0.00809678
1975-12-26;0.00188670;0.00202834
1975-12-29;-0.00079450;-0.00036875
1975-12-30;-0.00123700;-0.00109508
1975-12-31;0.00034948;0.00049195
1976-01-02;0.00003528;0.00032022
1976-01-05;0.00155418;0.00198404
1976-01-06;0.00079480;0.00093590
1976-01-07;0.00026154;0.00040072
1976-01-08;0.00088735;0.00102434
1976-01-09;0.00124050;0.00137392
1976-01-12;0.00360408;0.00400106
1976-01-13;-0.00090424;-0.00077191
1976-01-14;0.00121133;0.00134420
1976-01-15;-0.00232606;-0.00219346
1976-01-16;0.00153779;0.00167122
1976-01-19;-0.00099453;-0.00060083
1976-01-20;-0.00016128;-0.00002895
1976-01-21;-0.00027538;-0.00014415
1976-01-22;-0.00083928;-0.00070805
1976-01-23;0.00091383;0.00104205
1976-01-26;-0.00029826;0.00009133
1976-01-27;0.00135726;0.00148740
1976-01-28;-0.00328767;-0.00315863
1976-01-29;0.00173597;0.00186419
1976-01-30;0.00150388;0.00163347
1976-02-02;0.00064732;0.00104184
1976-02-03;-0.00112888;-0.00099436
1976-02-04;0.00156336;0.00169925
1976-02-05;-0.00314480;-0.00301000
1976-02-06;-0.00296336;-0.00282912
1976-02-09;-0.00294278;-0.00254497
1976-02-10;0.00124005;0.00137347
1976-02-11;0.00003773;0.00017006
1976-02-12;-0.00048868;-0.00035635
1976-02-13;0.00054624;0.00067912
1976-02-16;-0.00635173;-0.00595310
1976-02-17;-0.00037263;-0.00023893
1976-02-18;0.00022078;0.00035557
1976-02-19;0.00059283;0.00072653
1976-02-20;0.00223252;0.00236430
1976-02-23;-0.00030452;0.00009329
1976-02-24;0.00079969;0.00093394
1976-02-25;0.00161226;0.00174568
1976-02-26;-0.00040987;-0.00027617
1976-02-27;0.00062967;0.00076665
1976-03-01;-0.00243394;-0.00200655
1976-03-02;-0.00015696;-0.00001312
1976-03-03;0.00018218;0.00032465
1976-03-04;0.00071207;0.00085508
1976-03-05;0.00955493;0.00969548
1976-03-08;0.01767547;0.01809218
1976-03-09;0.00051205;0.00064903
1976-03-10;0.01004214;0.01017830
1976-03-11;-0.00501396;-0.00487724
1976-03-12;-0.00055412;-0.00041987
1976-03-15;-0.00092137;-0.00051535
1976-03-16;0.00575626;0.00589352
1976-03-17;-0.00312241;-0.00298542
1976-03-18;-0.00219036;-0.00205392
1976-03-19;0.00104668;0.00118257
1976-03-22;-0.00067234;-0.00027289
1976-03-23;0.00104935;0.00118332
1976-03-24;0.00139753;0.00153068
1976-03-25;0.00048736;0.00062024
1976-03-26;0.00198653;0.00212023
1976-03-29;-0.00234167;-0.00193893
1976-03-30;-0.00034325;-0.00020653
1976-03-31;0.00143137;0.00156753
1976-04-01;0.00339649;0.00353375
1976-04-02;0.00407526;0.00421115
1976-04-05;0.00358278;0.00398635
1976-04-06;0.00142864;0.00156289
1976-04-07;-0.00200250;-0.00186743
1976-04-08;0.00401653;0.00415078
1976-04-09;-0.00219288;-0.00205890
1976-04-12;-0.00367836;-0.00328056
1976-04-13;-0.00277869;-0.00264773
1976-04-14;-0.00328989;-0.00315866
1976-04-15;0.00252616;0.00265712
1976-04-16;0.00126247;0.00139342
1976-04-19;0.00133115;0.00172320
1976-04-20;0.00285306;0.00298265
1976-04-21;0.00430958;0.00443808
1976-04-22;0.00009824;0.00022920
1976-04-23;0.00065129;0.00078609
1976-04-26;0.00088938;0.00129211
1976-04-27;0.00054355;0.00067752
1976-04-28;-0.00073377;-0.00060089
1976-04-29;-0.00362637;-0.00349322
1976-04-30;0.00113856;0.00127308
1976-05-03;-0.00055325;-0.00015216
1976-05-04;-0.00010868;0.00002475
1976-05-05;-0.00097159;-0.00083844
1976-05-06;-0.00133594;-0.00120115
1976-05-07;0.00026690;0.00040388
1976-05-10;0.00115034;0.00156623
1976-05-11;-0.00147099;-0.00133181
1976-05-12;-0.00181379;-0.00167296
1976-05-13;0.00306515;0.00320487
1976-05-14;0.00102356;0.00116493
1976-05-17;0.00066262;0.00109166
1976-05-18;-0.00058548;-0.00044083
1976-05-19;0.00001951;0.00016499
1976-05-20;0.00113051;0.00127818
1976-05-21;0.00165033;0.00179937
1976-05-24;-0.00090585;-0.00045790
1976-05-25;-0.00126300;-0.00111341
1976-05-26;0.00220111;0.00235070
1976-05-27;0.00122005;0.00137047
1976-05-28;0.00299304;0.00314345
1976-05-31;0.00961021;0.01006144
1976-06-01;0.00322585;0.00337790
1976-06-02;0.00709027;0.00724287
1976-06-03;0.00214885;0.00230008
1976-06-04;-0.00117281;-0.00102322
1976-06-07;-0.00600916;-0.00556122
1976-06-08;-0.00742365;-0.00727434
1976-06-09;0.00063598;0.00078502
1976-06-10;-0.00067698;-0.00052821
1976-06-11;0.00142186;0.00157035
1976-06-14;0.00124059;0.00168443
1976-06-15;0.00084442;0.00099154
1976-06-16;0.00131295;0.00146089
1976-06-17;0.00182130;0.00196870
1976-06-18;-0.00235979;-0.00221321
1976-06-21;0.00253097;0.00297152
1976-06-22;-0.00143905;-0.00129165
1976-06-23;0.00073244;0.00087847
1976-06-24;0.00282346;0.00296894
1976-06-25;-0.00229547;-0.00214999
1976-06-28;0.00061822;0.00105794
1976-06-29;-0.00240268;-0.00225556
1976-06-30;0.00222712;0.00237424
1976-07-01;-0.00087262;-0.00072577
1976-07-02;-0.00112177;-0.00097519
1976-07-05;-0.00207512;-0.00163540
1976-07-06;-0.00194112;-0.00179344
1976-07-07;0.00175051;0.00189846
1976-07-08;-0.00035038;-0.00020436
1976-07-09;0.00404812;0.00419196
1976-07-12;-0.00097179;-0.00054768
1976-07-13;-0.00188098;-0.00173988
1976-07-14;-0.00341093;-0.00326984
1976-07-15;-0.00446630;-0.00432630
1976-07-16;-0.00037821;-0.00023574
1976-07-19;-0.00219739;-0.00176753
1976-07-20;-0.00168053;-0.00153697
1976-07-21;0.00129207;0.00143536
1976-07-22;-0.00062894;-0.00048565
1976-07-23;0.00165570;0.00179844
1976-07-26;-0.00298273;-0.00255616
1976-07-27;-0.00131873;-0.00117764
1976-07-28;-0.00087218;-0.00073053
1976-07-29;-0.00189119;-0.00174982
1976-07-30;-0.00014663;-0.00000499
1976-08-02;-0.00122784;-0.00080784
1976-08-03;0.00048357;0.00062439
1976-08-04;-0.00059844;-0.00045625
1976-08-05;-0.00014217;0.00000002
1976-08-06;-0.00045694;-0.00031503
1976-08-09;-0.00107795;-0.00065220
1976-08-10;0.00165404;0.00179596
1976-08-11;-0.00031698;-0.00017533
1976-08-12;0.00053678;0.00067815
1976-08-13;0.00011637;0.00025774
1976-08-16;0.00003989;0.00046235
1976-08-17;-0.00023221;-0.00009111
1976-08-18;0.00123992;0.00138102
1976-08-19;-0.00062730;-0.00048621
1976-08-20;-0.00143624;-0.00129460
1976-08-23;-0.00089072;-0.00046826
1976-08-24;0.00018281;0.00032281
1976-08-25;0.00118216;0.00132189
1976-08-26;-0.00078409;-0.00064491
1976-08-27;0.00062955;0.00077009
1976-08-30;0.00030033;0.00071704
1976-08-31;0.00094333;0.00108278
1976-09-01;0.00239446;0.00253391
1976-09-02;0.00040615;0.00054588
1976-09-03;-0.00008250;0.00005695
1976-09-06;-0.00740307;-0.00698471
1976-09-07;-0.00283480;-0.00269535
1976-09-08;0.00022497;0.00036470
1976-09-09;0.00013221;0.00027248
1976-09-10;0.00133386;0.00147386
1976-09-13;0.00043466;0.00085549
1976-09-14;-0.00121865;-0.00107837
1976-09-15;0.00074963;0.00088963
1976-09-16;0.00124205;0.00138178
1976-09-17;0.00131053;0.00144916
1976-09-20;0.00015507;0.00057096
1976-09-21;0.00154712;0.00168492
1976-09-22;0.00026423;0.00040204
1976-09-23;0.00000371;0.00014179
1976-09-24;-0.00087114;-0.00073114
1976-09-27;0.00150532;0.00192285
1976-09-28;0.00503944;0.00517807
1976-09-29;-0.00095174;-0.00081284
1976-09-30;0.00058969;0.00072832
1976-10-01;-0.00325166;-0.00311358
1976-10-04;-0.00121888;-0.00080134
1976-10-05;-0.00220546;-0.00206573
1976-10-06;0.00084270;0.00098161
1976-10-07;-0.00080255;-0.00066475
1976-10-08;-0.00239956;-0.00226476
1976-10-11;-0.01035129;-0.00994691
1976-10-12;-0.00168690;-0.00155293
1976-10-13;0.00327670;0.00341095
1976-10-14;-0.00119634;-0.00106346
1976-10-15;-0.00110081;-0.00096958
1976-10-18;-0.00073864;-0.00034494
1976-10-19;0.00140063;0.00153323
1976-10-20;0.00021045;0.00034306
1976-10-21;-0.00218919;-0.00205631
1976-10-22;-0.00229658;-0.00216261
1976-10-25;0.00744077;0.00784680
1976-10-26;0.00145006;0.00158431
1976-10-27;0.00509079;0.00522449
1976-10-28;0.00222026;0.00235396
1976-10-29;-0.00164488;-0.00151091
1976-11-01;0.00204504;0.00244285
1976-11-02;0.00244395;0.00257656
1976-11-03;-0.00303482;-0.00290195
1976-11-04;-0.00442104;-0.00428981
1976-11-05;0.00114072;0.00127333
1976-11-08;0.00305325;0.00345517
1976-11-09;-0.00263853;-0.00250346
1976-11-10;-0.00178892;-0.00165412
1976-11-11;-0.00070923;-0.00057443
1976-11-12;-0.00045853;-0.00032374
1976-11-15;-0.00165339;-0.00125065
1976-11-16;-0.00320921;-0.00307688
1976-11-17;-0.00184607;-0.00171429
1976-11-18;-0.00165521;-0.00152343
1976-11-19;-0.00563982;-0.00551188
1976-11-22;0.00203624;0.00241514
1976-11-23;-0.00228989;-0.00216277
1976-11-24;-0.00180041;-0.00167356
1976-11-25;-0.00254487;-0.00241802
1976-11-26;-0.00757295;-0.00744938
1976-11-29;0.09386802;0.09423706
1976-11-30;-0.00342668;-0.00330558
1976-12-01;-0.00002059;0.00010023
1976-12-02;-0.00257293;-0.00245238
1976-12-03;-0.00039241;-0.00027241
1976-12-06;-0.00036971;-0.00000971
1976-12-07;-0.00257041;-0.00244986
1976-12-08;-0.00049804;-0.00037640
1976-12-09;0.00021990;0.00034154
1976-12-10;0.00003928;0.00015900
1976-12-13;-0.00219409;-0.00183409
1976-12-14;-0.00037378;-0.00025488
1976-12-15;-0.00058519;-0.00046656
1976-12-16;-0.00075722;-0.00063859
1976-12-17;-0.00201947;-0.00190304
1976-12-20;-0.00381652;-0.00346803
1976-12-21;0.00073940;0.00085639
1976-12-22;0.00025022;0.00036748
1976-12-23;-0.00142518;-0.00130792
1976-12-24;0.00024208;0.00035934
1976-12-27;0.00038144;0.00073486
1976-12-28;0.00023449;0.00035367
1976-12-29;-0.00060108;-0.00048135
1976-12-30;0.00027011;0.00038901
1976-12-31;-0.00023032;-0.00011142
1977-01-03;-0.00071540;-0.00035458
1977-01-04;-0.00153898;-0.00141597
1977-01-05;-0.00189351;-0.00177105
1977-01-06;-0.00106806;-0.00094477
1977-01-07;0.00007015;0.00019672
1977-01-10;-0.00015324;0.00022567
1977-01-11;-0.00291629;-0.00279027
1977-01-12;-0.00119743;-0.00107223
1977-01-13;0.00239347;0.00251731
1977-01-14;0.00157085;0.00169715
1977-01-17;-0.00205205;-0.00166986
1977-01-18;-0.00248497;-0.00235648
1977-01-19;0.00299002;0.00311687
1977-01-20;-0.00134524;-0.00121839
1977-01-21;0.00106606;0.00119346
1977-01-24;0.00133364;0.00172077
1977-01-25;-0.00089912;-0.00077035
1977-01-26;-0.00079262;-0.00066358
1977-01-27;-0.00251373;-0.00238305
1977-01-28;-0.00036699;-0.00023740
1977-01-31;-0.00259149;-0.00220355
1977-02-01;0.00119977;0.00132963
1977-02-02;0.00071900;0.00084941
1977-02-03;-0.00030267;-0.00017308
1977-02-04;0.00010457;0.00023114
1977-02-07;0.00010152;0.00048125
1977-02-08;0.00065460;0.00078145
1977-02-09;-0.00006213;0.00006444
1977-02-10;-0.00060570;-0.00047885
1977-02-11;0.00115895;0.00128525
1977-02-14;-0.00212125;-0.00174070
1977-02-15;0.00011995;0.00024680
1977-02-16;0.00067638;0.00080296
1977-02-17;0.00035359;0.00047989
1977-02-18;0.00093864;0.00106631
1977-02-21;-0.00017683;0.00020619
1977-02-22;0.00065796;0.00078646
1977-02-23;0.00074471;0.00087347
1977-02-24;0.00252682;0.00265640
1977-02-25;0.00159197;0.00172101
1977-02-28;0.00009300;0.00047930
1977-03-01;-0.00145954;-0.00133078
1977-03-02;-0.00118543;-0.00105831
1977-03-03;-0.00116571;-0.00103941
1977-03-04;0.00196120;0.00208804
1977-03-07;-0.00171572;-0.00133353
1977-03-08;0.00004167;0.00016934
1977-03-09;0.00197094;0.00209779
1977-03-10;0.00408876;0.00421533
1977-03-11;-0.00116912;-0.00104336
1977-03-14;-0.00386273;-0.00348711
1977-03-15;-0.00175750;-0.00163230
1977-03-16;-0.00170333;-0.00157676
1977-03-17;0.00005669;0.00018326
1977-03-18;0.00183403;0.00195978
1977-03-21;-0.00097194;-0.00059714
1977-03-22;0.00052010;0.00064504
1977-03-23;0.00349982;0.00362420
1977-03-24;0.00039751;0.00052326
1977-03-25;0.00085419;0.00098077
1977-03-28;-0.00030239;0.00007487
1977-03-29;0.00043262;0.00055837
1977-03-30;0.00244180;0.00256701
1977-03-31;0.00162434;0.00174872
1977-04-01;-0.00356650;-0.00344211
1977-04-04;0.00446686;0.00484083
1977-04-05;-0.00019401;-0.00006798
1977-04-06;-0.00135347;-0.00122799
1977-04-07;-0.00015749;-0.00003201
1977-04-08;-0.00089775;-0.00077227
1977-04-11;-0.00155680;-0.00118200
1977-04-12;-0.00280194;-0.00267619
1977-04-13;-0.00028186;-0.00015666
1977-04-14;-0.00303291;-0.00290907
1977-04-15;0.00040031;0.00052415
1977-04-18;0.00154354;0.00191422
1977-04-19;0.00033151;0.00045534
1977-04-20;-0.00157341;-0.00145012
1977-04-21;0.00309344;0.00321618
1977-04-22;0.00347242;0.00359653
1977-04-25;0.00258428;0.00295661
1977-04-26;0.00004656;0.00016984
1977-04-27;-0.00241795;-0.00229604
1977-04-28;-0.00032913;-0.00020885
1977-04-29;-0.00156013;-0.00143164
1977-05-02;-0.00133429;-0.00094388
1977-05-03;-0.00121600;-0.00108586
1977-05-04;-0.00128080;-0.00115230
1977-05-05;-0.00000048;0.00012938
1977-05-06;0.00275532;0.00288683
1977-05-09;0.00032739;0.00072273
1977-05-10;-0.00138891;-0.00125356
1977-05-11;0.00010441;0.00024249
1977-05-12;0.00000636;0.00014335
1977-05-13;-0.00159462;-0.00145790
1977-05-16;-0.00139751;-0.00098737
1977-05-17;-0.00101087;-0.00087388
1977-05-18;-0.00146543;-0.00132899
1977-05-19;0.00096715;0.00110660
1977-05-20;0.00103606;0.00117771
1977-05-23;0.00244659;0.00286823
1977-05-24;0.00128613;0.00142585
1977-05-25;0.00161718;0.00175581
1977-05-26;-0.00056462;-0.00042681
1977-05-27;0.00053094;0.00066765
1977-05-30;-0.00053784;-0.00012771
1977-05-31;0.00037135;0.00050916
1977-06-01;-0.00147205;-0.00133397
1977-06-02;0.00201677;0.00215485
1977-06-03;-0.00266214;-0.00252461
1977-06-06;0.00054875;0.00096300
1977-06-07;-0.00038290;-0.00024455
1977-06-08;-0.00143322;-0.00129459
1977-06-09;-0.00014432;-0.00000514
1977-06-10;0.00042245;0.00056108
1977-06-13;-0.00091998;-0.00050656
1977-06-14;-0.00134575;-0.00120849
1977-06-15;-0.00019451;-0.00005698
1977-06-16;-0.00035963;-0.00022209
1977-06-17;-0.00031384;-0.00017713
1977-06-20;-0.00053246;-0.00012068
1977-06-21;0.00000956;0.00014737
1977-06-22;0.00003310;0.00017064
1977-06-23;0.00008152;0.00021906
1977-06-24;-0.00152284;-0.00138640
1977-06-27;0.00148205;0.00188725
1977-06-28;0.00081405;0.00094994
1977-06-29;-0.00020840;-0.00007223
1977-06-30;-0.00157845;-0.00144201
1977-07-01;-0.00085154;-0.00071401
1977-07-04;-0.00022753;0.00018508
1977-07-05;0.00009991;0.00024019
1977-07-06;-0.00041706;-0.00027679
1977-07-07;0.00152010;0.00166010
1977-07-08;-0.00018143;-0.00004088
1977-07-11;-0.00055981;-0.00013734
1977-07-12;0.00063748;0.00077885
1977-07-13;0.00092155;0.00106292
1977-07-14;-0.00032543;-0.00018406
1977-07-15;-0.00069579;-0.00055388
1977-07-18;0.00034760;0.00077335
1977-07-19;0.00059078;0.00073379
1977-07-20;0.00084334;0.00098663
1977-07-21;0.00031599;0.00045928
1977-07-22;-0.00122830;-0.00108665
1977-07-25;-0.00008580;0.00033831
1977-07-26;0.00131758;0.00145895
1977-07-27;0.00095279;0.00109663
1977-07-28;-0.00027955;-0.00013187
1977-07-29;0.00011338;0.00026132
1977-08-01;-0.00155447;-0.00111474
1977-08-02;0.00237779;0.00252573
1977-08-03;-0.00307537;-0.00292935
1977-08-04;-0.00138091;-0.00123434
1977-08-05;-0.00119433;-0.00104803
1977-08-08;0.00109509;0.00153235
1977-08-09;0.00118487;0.00133637
1977-08-10;0.00062652;0.00077611
1977-08-11;-0.00177768;-0.00162645
1977-08-12;0.00128002;0.00143098
1977-08-15;-0.00193025;-0.00147491
1977-08-16;-0.00001263;0.00014271
1977-08-17;-0.00115238;-0.00099896
1977-08-18;0.00051871;0.00067022
1977-08-19;0.00009867;0.00024880
1977-08-22;-0.00062947;-0.00017988
1977-08-23;-0.00037842;-0.00022637
1977-08-24;-0.00055343;-0.00040138
1977-08-25;0.00229938;0.00245089
1977-08-26;0.00166962;0.00182140
1977-08-29;-0.00083310;-0.00037529
1977-08-30;-0.00063503;-0.00048188
1977-08-31;-0.00136240;-0.00121007
1977-09-01;-0.00431355;-0.00416122
1977-09-02;0.00146240;0.00161391
1977-09-05;-0.00062648;-0.00017196
1977-09-06;0.00218941;0.00234228
1977-09-07;-0.00187795;-0.00172452
1977-09-08;0.00113586;0.00128956
1977-09-09;0.00169519;0.00185409
1977-09-12;0.00101749;0.00149584
1977-09-13;-0.00323256;-0.00307091
1977-09-14;-0.00089282;-0.00073200
1977-09-15;-0.00111693;-0.00095611
1977-09-16;0.00129234;0.00145289
1977-09-19;0.00112450;0.00160614
1977-09-20;-0.00183270;-0.00167188
1977-09-21;0.00191006;0.00207088
1977-09-22;-0.00061791;-0.00045462
1977-09-23;0.00116664;0.00132966
1977-09-26;-0.00250982;-0.00201913
1977-09-27;-0.00029960;-0.00013740
1977-09-28;0.00130146;0.00146201
1977-09-29;0.00031849;0.00047822
1977-09-30;-0.00078491;-0.00062354
1977-10-03;0.00193772;0.00242676
1977-10-04;0.00268815;0.00285528
1977-10-05;0.00001955;0.00018749
1977-10-06;0.00238680;0.00255474
1977-10-07;-0.00221358;-0.00204591
1977-10-10;0.00314252;0.00364553
1977-10-11;0.00266652;0.00283830
1977-10-12;-0.00010467;0.00006958
1977-10-13;0.00454268;0.00471693
1977-10-14;-0.00025332;-0.00008099
1977-10-17;0.00237834;0.00289450
1977-10-18;-0.00025495;-0.00008289
1977-10-19;0.00170151;0.00186973
1977-10-20;-0.00003039;0.00013646
1977-10-21;0.00022085;0.00038742
1977-10-24;0.00365014;0.00415397
1977-10-25;0.00260438;0.00277287
1977-10-26;-0.00295550;-0.00278837
1977-10-27;-0.00207927;-0.00191352
1977-10-28;-0.00157810;-0.00141344
1977-10-31;0.02130895;0.02181690
1977-11-01;0.00218218;0.00235259
1977-11-02;-0.00087901;-0.00070860
1977-11-03;-0.00538522;-0.00521535
1977-11-04;-0.00175656;-0.00158752
1977-11-07;-0.00254712;-0.00204082
1977-11-08;-0.00109693;-0.00092817
1977-11-09;0.00144404;0.00161253
1977-11-10;-0.00496306;-0.00479512
1977-11-11;-0.00908061;-0.00891266
1977-11-14;0.00226276;0.00276331
1977-11-15;-0.00149750;-0.00133037
1977-11-16;-0.00024624;-0.00007939
1977-11-17;0.00042574;0.00059150
1977-11-18;-0.00025850;-0.00009302
1977-11-21;-0.00093528;-0.00043637
1977-11-22;-0.00127909;-0.00111252
1977-11-23;-0.00055548;-0.00038972
1977-11-24;-0.00703933;-0.00687357
1977-11-25;-0.00258076;-0.00241528
1977-11-28;0.00052639;0.00102283
1977-11-29;0.00542340;0.00558916
1977-11-30;-0.00049790;-0.00033242
1977-12-01;0.00064972;0.00081492
1977-12-02;0.00122374;0.00138867
1977-12-05;0.00164458;0.00213855
1977-12-06;-0.00030796;-0.00014166
1977-12-07;-0.00083543;-0.00066831
1977-12-08;-0.00018743;-0.00002085
1977-12-09;-0.00026537;-0.00009907
1977-12-12;0.00097850;0.00147740
1977-12-13;0.00288406;0.00304981
1977-12-14;0.00222860;0.00239435
1977-12-15;-0.00137274;-0.00120808
1977-12-16;0.00080328;0.00096739
1977-12-19;0.00318964;0.00367868
1977-12-20;0.00118575;0.00135040
1977-12-21;0.00073411;0.00089849
1977-12-22;-0.00640732;-0.00623992
1977-12-23;0.00108994;0.00125706
1977-12-26;0.00096003;0.00146140
1977-12-27;0.00275803;0.00292679
1977-12-28;0.00440730;0.00457689
1977-12-29;0.00237709;0.00254613
1977-12-30;-0.00052464;-0.00035669
1978-01-03;0.01057076;0.01124802
1978-01-04;0.00200914;0.00217791
1978-01-05;-0.01153890;-0.01136903
1978-01-06;0.00591435;0.00608558
1978-01-09;-0.00095142;-0.00040567
1978-01-10;0.00123959;0.00142178
1978-01-11;0.00402393;0.00420694
1978-01-12;-0.00356161;-0.00338188
1978-01-13;0.00129925;0.00147678
1978-01-16;-0.00059951;-0.00006855
1978-01-17;-0.00066430;-0.00048622
1978-01-18;-0.00063434;-0.00045625
1978-01-19;0.00290578;0.00308332
1978-01-20;-0.00175399;-0.00157645
1978-01-23;0.00394460;0.00447310
1978-01-24;-0.00015074;0.00002570
1978-01-25;0.00123493;0.00141191
1978-01-26;0.00051063;0.00068679
1978-01-27;-0.00074953;-0.00057364
1978-01-30;-0.00074919;-0.00022070
1978-01-31;0.00068493;0.00086082
1978-02-01;-0.00142447;-0.00124885
1978-02-02;-0.00028263;-0.00010674
1978-02-03;0.00011460;0.00029049
1978-02-06;0.00007505;0.00060518
1978-02-07;-0.00248336;-0.00230638
1978-02-08;-0.00071412;-0.00053768
1978-02-09;0.00097903;0.00115520
1978-02-10;0.00087770;0.00105414
1978-02-13;0.00146791;0.00199723
1978-02-14;0.00210624;0.00228350
1978-02-15;0.00046216;0.00064024
1978-02-16;0.00259565;0.00277400
1978-02-17;0.00020270;0.00037941
1978-02-20;-0.00014636;0.00038377
1978-02-21;0.00130952;0.00148761
1978-02-22;0.00035504;0.00053230
1978-02-23;0.00086765;0.00104381
1978-02-24;-0.00638293;-0.00620759
1978-02-27;0.00445357;0.00497959
1978-02-28;0.00218774;0.00236363
1978-03-01;0.00035236;0.00052825
1978-03-02;0.00052223;0.00069729
1978-03-03;0.00163306;0.00180676
1978-03-06;-0.00064366;-0.00012421
1978-03-07;0.00105598;0.00122913
1978-03-08;-0.00079450;-0.00062217
1978-03-09;-0.00164341;-0.00147217
1978-03-10;-0.00359688;-0.00342483
1978-03-13;0.00311123;0.00362657
1978-03-14;-0.00048994;-0.00031734
1978-03-15;-0.00008677;0.00008501
1978-03-16;0.00035849;0.00052972
1978-03-17;-0.00118425;-0.00101329
1978-03-20;-0.00303737;-0.00253106
1978-03-21;0.00336342;0.00353383
1978-03-22;0.00096674;0.00113715
1978-03-23;-0.00098743;-0.00081647
1978-03-24;0.00148015;0.00165111
1978-03-27;0.00510394;0.00562011
1978-03-28;0.00192473;0.00209679
1978-03-29;0.00205008;0.00222214
1978-03-30;-0.00091980;-0.00074528
1978-03-31;0.00095410;0.00113136
1978-04-03;0.00471903;0.00523766
1978-04-04;0.00006512;0.00024019
1978-04-05;0.00318032;0.00335621
1978-04-06;-0.00223319;-0.00205757
1978-04-07;0.00050208;0.00067578
1978-04-10;-0.00082790;-0.00030680
1978-04-11;0.00019456;0.00036853
1978-04-12;0.00344141;0.00361483
1978-04-13;0.00037913;0.00055145
1978-04-14;0.00160164;0.00176986
1978-04-17;-0.00689639;-0.00639503
1978-04-18;0.00115239;0.00132089
1978-04-19;0.00239465;0.00256780
1978-04-20;-0.00468388;-0.00451128
1978-04-21;-0.00307914;-0.00290791
1978-04-24;-0.00437028;-0.00386973
1978-04-25;-0.00405570;-0.00388529
1978-04-26;0.00247474;0.00264597
1978-04-27;0.00046104;0.00063556
1978-04-28;-0.00273051;-0.00255654
1978-05-01;-0.00037978;0.00013885
1978-05-02;-0.00011149;0.00006550
1978-05-03;-0.00063462;-0.00045955
1978-05-04;-0.00075138;-0.00057796
1978-05-05;0.00038103;0.00055720
1978-05-08;-0.00102026;-0.00049752
1978-05-09;-0.00123714;-0.00106042
1978-05-10;-0.00188237;-0.00170730
1978-05-11;0.00062137;0.00079452
1978-05-12;0.00086319;0.00103661
1978-05-15;-0.00054302;-0.00002933
1978-05-16;-0.00271919;-0.00254549
1978-05-17;0.00117815;0.00135020
1978-05-18;-0.00240717;-0.00223319
1978-05-19;0.00010411;0.00027918
1978-05-22;0.00024609;0.00077376
1978-05-23;-0.00013763;0.00003990
1978-05-24;0.00105017;0.00122853
1978-05-25;-0.00028286;-0.00010478
1978-05-26;-0.00102101;-0.00083937
1978-05-29;-0.00049051;0.00005442
1978-05-30;0.00024465;0.00042629
1978-05-31;0.00064992;0.00083211
1978-06-01;-0.00099053;-0.00080943
1978-06-02;-0.00010632;0.00007423
1978-06-05;0.00091701;0.00145866
1978-06-06;0.00033105;0.00051215
1978-06-07;0.00023470;0.00041661
1978-06-08;-0.00040312;-0.00022147
1978-06-09;0.00020053;0.00038272
1978-06-12;0.00022252;0.00076663
1978-06-13;-0.00082077;-0.00063913
1978-06-14;-0.00037241;-0.00019077
1978-06-15;-0.00102647;-0.00084401
1978-06-16;-0.00032083;-0.00013672
1978-06-19;-0.00088616;-0.00033629
1978-06-20;-0.00042837;-0.00024371
1978-06-21;0.00037521;0.00056261
1978-06-22;-0.00042824;-0.00024166
1978-06-23;-0.00052640;-0.00033845
1978-06-26;-0.00055065;0.00001483
1978-06-27;-0.00036378;-0.00017364
1978-06-28;0.00072972;0.00091822
1978-06-29;0.00096658;0.00115617
1978-06-30;-0.00045483;-0.00026278
1978-07-03;0.00206633;0.00263756
1978-07-04;-0.00069116;-0.00050075
1978-07-05;0.00123719;0.00143089
1978-07-06;0.00036474;0.00055816
1978-07-07;0.00137566;0.00157100
1978-07-10;0.00225988;0.00284838
1978-07-11;-0.00234276;-0.00214550
1978-07-12;-0.00148694;-0.00128995
1978-07-13;0.00088550;0.00108221
1978-07-14;-0.00077365;-0.00057995
1978-07-17;-0.00135473;-0.00078021
1978-07-18;0.00144046;0.00163470
1978-07-19;-0.00004534;0.00014809
1978-07-20;0.00059721;0.00079091
1978-07-21;0.00058013;0.00077246
1978-07-24;0.00012655;0.00068792
1978-07-25;-0.00079343;-0.00060384
1978-07-26;0.00050555;0.00069459
1978-07-27;-0.00023663;-0.00005143
1978-07-28;0.00287425;0.00305891
1978-07-31;0.00109681;0.00165243
1978-08-01;0.00323963;0.00342812
1978-08-02;0.00134865;0.00153386
1978-08-03;-0.00001565;0.00017065
1978-08-04;0.00005930;0.00024505
1978-08-07;-0.00159770;-0.00104208
1978-08-08;-0.00064121;-0.00045710
1978-08-09;0.00127711;0.00146177
1978-08-10;-0.00096426;-0.00077659
1978-08-11;0.00463157;0.00481951
1978-08-14;0.00474725;0.00531273
1978-08-15;-0.00255683;-0.00236533
1978-08-16;0.00203466;0.00223302
1978-08-17;-0.01147755;-0.01128056
1978-08-18;-0.00005535;0.00014465
1978-08-21;-0.00777734;-0.00718063
1978-08-22;0.00490304;0.00510249
1978-08-23;-0.00262317;-0.00242537
1978-08-24;-0.00051479;-0.00031643
1978-08-25;0.00167537;0.00187373
1978-08-28;-0.00162269;-0.00102023
1978-08-29;0.00747400;0.00767811
1978-08-30;0.00216797;0.00237290
1978-08-31;0.00232064;0.00252722
1978-09-01;0.00241280;0.00262375
1978-09-04;0.01193130;0.01256418
1978-09-05;0.00141281;0.00162020
1978-09-06;0.00252475;0.00273242
1978-09-07;0.00130899;0.00151694
1978-09-08;-0.00164696;-0.00143683
1978-09-11;0.00519352;0.00582722
1978-09-12;0.00287385;0.00308618
1978-09-13;0.00036744;0.00058004
1978-09-14;-0.00371709;-0.00350422
1978-09-15;0.00013001;0.00034590
1978-09-18;-0.00034110;0.00030822
1978-09-19;-0.00095330;-0.00073549
1978-09-20;-0.00094078;-0.00071941
1978-09-21;0.00022707;0.00044734
1978-09-22;0.00138169;0.00160498
1978-09-25;0.00357441;0.00423935
1978-09-26;0.00308752;0.00330697
1978-09-27;0.00121581;0.00143198
1978-09-28;0.00415843;0.00437295
1978-09-29;0.00272562;0.00294425
1978-10-02;0.00302767;0.00368356
1978-10-03;0.00121094;0.00143450
1978-10-04;0.00078468;0.00100879
1978-10-05;-0.00095460;-0.00073022
1978-10-06;-0.00194022;-0.00171584
1978-10-09;-0.00427368;-0.00360053
1978-10-10;0.00212806;0.00235299
1978-10-11;0.00323101;0.00345265
1978-10-12;-0.00125626;-0.00104311
1978-10-13;-0.00207969;-0.00186544
1978-10-16;0.00358141;0.00422908
1978-10-17;0.00243612;0.00265940
1978-10-18;0.00221932;0.00243686
1978-10-19;-0.00092182;-0.00070949
1978-10-20;0.00296790;0.00318023
1978-10-23;-0.00105463;-0.00043655
1978-10-24;-0.00562411;-0.00541124
1978-10-25;0.00785181;0.00805838
1978-10-26;0.00661364;0.00682624
1978-10-27;-0.00486321;-0.00464595
1978-10-30;0.00719101;0.00788717
1978-10-31;-0.00974236;-0.00950264
1978-11-01;-0.01752955;-0.01728708
1978-11-02;-0.00210603;-0.00186603
1978-11-03;-0.00498288;-0.00474178
1978-11-06;-0.00080529;-0.00007872
1978-11-07;0.00273600;0.00297819
1978-11-08;0.00256881;0.00281511
1978-11-09;-0.00074472;-0.00050307
1978-11-10;-0.00046293;-0.00022978
1978-11-13;0.00072737;0.00140381
1978-11-14;-0.00094433;-0.00071693
1978-11-15;-0.00306795;-0.00284822
1978-11-16;-0.00426222;-0.00403838
1978-11-17;-0.00349538;-0.00327674
1978-11-20;-0.00085237;-0.00017758
1978-11-21;0.00191638;0.00215830
1978-11-22;0.00089635;0.00113279
1978-11-24;0.00011162;0.00059710
1978-11-27;-0.00203833;-0.00130189
1978-11-28;-0.00126855;-0.00101868
1978-11-29;0.00118743;0.00143346
1978-11-30;-0.00129927;-0.00105242
1978-12-01;0.00179086;0.00203333
1978-12-04;0.00343213;0.00416774
1978-12-05;-0.00018559;0.00005961
1978-12-06;-0.00003264;0.00021092
1978-12-07;0.00135775;0.00160159
1978-12-08;0.00066450;0.00090970
1978-12-11;0.00207740;0.00281137
1978-12-12;-0.00208426;-0.00184152
1978-12-13;0.00105179;0.00129508
1978-12-14;0.00088230;0.00112613
1978-12-15;-0.00303394;-0.00278518
1978-12-18;-0.00289158;-0.00213049
1978-12-19;0.00119873;0.00145106
1978-12-20;-0.00165582;-0.00140240
1978-12-21;-0.00539923;-0.00514471
1978-12-22;0.00103874;0.00129545
1978-12-25;-0.00042978;0.00034036
1978-12-26;0.00350854;0.00376497
1978-12-27;0.00459478;0.00484656
1978-12-28;-0.00063934;-0.00038728
1978-12-29;0.00060173;0.00085543
1979-01-02;-0.00021106;0.00082017
1979-01-03;0.00119453;0.00144960
1979-01-04;-0.00105883;-0.00080376
1979-01-05;0.00014776;0.00040365
1979-01-08;0.00165826;0.00242758
1979-01-09;-0.00003226;0.00022172
1979-01-10;-0.00084258;-0.00058915
1979-01-11;-0.00063794;-0.00038370
1979-01-12;-0.00021350;0.00004266
1979-01-15;0.00001425;0.00079015
1979-01-16;0.00162689;0.00188552
1979-01-17;-0.00051849;-0.00025986
1979-01-18;-0.00034870;-0.00008952
1979-01-19;-0.00145633;-0.00119880
1979-01-22;-0.00072017;0.00004751
1979-01-23;0.00119397;0.00145041
1979-01-24;0.00143029;0.00168645
1979-01-25;0.00033690;0.00059251
1979-01-26;0.00134091;0.00159680
1979-01-29;0.00064625;0.00141475
1979-01-30;-0.00091580;-0.00066182
1979-01-31;0.00288224;0.00313676
1979-02-01;0.00198497;0.00223839
1979-02-02;-0.00207189;-0.00181847
1979-02-05;-0.00711849;-0.00636397
1979-02-06;-0.00448572;-0.00423339
1979-02-07;-0.00555672;-0.00530329
1979-02-08;0.00184979;0.00210294
1979-02-09;-0.00190078;-0.00164571
1979-02-12;0.00182583;0.00259104
1979-02-13;0.00115501;0.00140953
1979-02-14;0.00128299;0.00153696
1979-02-15;0.00237236;0.00262606
1979-02-16;0.00086325;0.00111777
1979-02-19;-0.00230935;-0.00154579
1979-02-20;0.00200494;0.00226193
1979-02-21;-0.00155623;-0.00129815
1979-02-22;-0.00132112;-0.00106331
1979-02-23;-0.00059012;-0.00033149
1979-02-26;-0.00097428;-0.00019675
1979-02-27;-0.00437524;-0.00411579
1979-02-28;-0.00075323;-0.00049432
1979-03-01;-0.00162333;-0.00136580
1979-03-02;0.00106170;0.00131951
1979-03-05;0.00045468;0.00122728
1979-03-06;0.00000976;0.00026784
1979-03-07;0.00197598;0.00223406
1979-03-08;0.00075891;0.00101699
1979-03-09;-0.00025408;0.00000674
1979-03-12;0.00063909;0.00142074
1979-03-13;0.00062600;0.00088655
1979-03-14;-0.00107885;-0.00081803
1979-03-15;-0.00086327;-0.00060327
1979-03-16;0.00014777;0.00040859
1979-03-19;-0.00165175;-0.00087093
1979-03-20;0.00099574;0.00125656
1979-03-21;0.00045238;0.00071430
1979-03-22;0.00070514;0.00096705
1979-03-23;0.00040712;0.00066877
1979-03-26;0.00165119;0.00243530
1979-03-27;0.00132382;0.00158382
1979-03-28;-0.00096540;-0.00070704
1979-03-29;0.00175066;0.00200792
1979-03-30;-0.00024599;0.00001264
1979-04-02;-0.00092663;-0.00014252
1979-04-03;0.00138364;0.00164447
1979-04-04;0.00143821;0.00169821
1979-04-05;0.00456092;0.00482092
1979-04-06;0.00235943;0.00262244
1979-04-09;-0.00246370;-0.00167301
1979-04-10;-0.00238022;-0.00211310
1979-04-11;0.00225363;0.00251993
1979-04-12;-0.00134459;-0.00107911
1979-04-13;0.00566989;0.00593537
1979-04-16;-0.00139598;-0.00060201
1979-04-17;-0.00080120;-0.00054093
1979-04-18;-0.00238366;-0.00212914
1979-04-19;-0.00366403;-0.00340924
1979-04-20;0.00413121;0.00438628
1979-04-23;0.00138889;0.00214505
1979-04-24;0.00054539;0.00079470
1979-04-25;-0.00335901;-0.00311051
1979-04-26;0.00104127;0.00129168
1979-04-27;0.00371140;0.00397605
1979-04-30;0.00384426;0.00463001
1979-05-01;-0.00008279;0.00017748
1979-05-02;0.00391901;0.00418066
1979-05-03;0.00019817;0.00046146
1979-05-04;-0.00310427;-0.00283907
1979-05-07;-0.00460633;-0.00381236
1979-05-08;-0.00516524;-0.00490059
1979-05-09;-0.00105317;-0.00078906
1979-05-10;-0.00239618;-0.00213208
1979-05-11;-0.00139589;-0.00113398
1979-05-14;-0.00046895;0.00031598
1979-05-15;0.00413613;0.00439915
1979-05-16;0.00169670;0.00195889
1979-05-17;-0.00070763;-0.00044543
1979-05-18;0.00337664;0.00364294
1979-05-21;-0.00332381;-0.00252079
1979-05-22;-0.00154204;-0.00127629
1979-05-23;0.00147827;0.00174320
1979-05-24;0.00056564;0.00082673
1979-05-25;-0.00011982;0.00014155
1979-05-28;0.00044220;0.00122631
1979-05-29;0.00048115;0.00074279
1979-05-30;-0.00054713;-0.00028548
1979-05-31;-0.00218025;-0.00191806
1979-06-01;-0.00138549;-0.00112466
1979-06-04;0.00200361;0.00278772
1979-06-05;-0.00165331;-0.00139468
1979-06-06;0.00159267;0.00184883
1979-06-07;-0.00018052;0.00007400
1979-06-08;-0.00143777;-0.00118626
1979-06-11;-0.00376956;-0.00302490
1979-06-12;0.00483289;0.00507618
1979-06-13;0.00187858;0.00212160
1979-06-14;-0.00235852;-0.00211468
1979-06-15;0.00256462;0.00281530
1979-06-18;0.00087799;0.00161361
1979-06-19;0.00199924;0.00224499
1979-06-20;0.00164371;0.00188864
1979-06-21;0.00323849;0.00348397
1979-06-22;0.00028039;0.00052669
1979-06-25;-0.00070689;0.00001228
1979-06-26;-0.00145175;-0.00121175
1979-06-27;0.00100445;0.00124582
1979-06-28;0.00163569;0.00187953
1979-06-29;0.00185974;0.00210494
1979-07-02;-0.00068337;0.00005060
1979-07-03;0.00024789;0.00049611
1979-07-04;0.00026144;0.00050966
1979-07-05;0.00393036;0.00418214
1979-07-06;-0.00114505;-0.00089299
1979-07-09;-0.00230885;-0.00154775
1979-07-10;0.00217960;0.00243494
1979-07-11;0.00104772;0.00130169
1979-07-12;-0.00406523;-0.00381154
1979-07-13;0.00020364;0.00045844
1979-07-16;0.00241831;0.00318762
1979-07-17;0.00091204;0.00116629
1979-07-18;0.00302531;0.00327874
1979-07-19;0.00196985;0.00222355
1979-07-20;-0.00262743;-0.00236934
1979-07-23;0.00176348;0.00253937
1979-07-24;0.00553633;0.00579332
1979-07-25;0.00236611;0.00261871
1979-07-26;0.00217626;0.00242640
1979-07-27;-0.00149697;-0.00124409
1979-07-30;-0.00148662;-0.00073949
1979-07-31;-0.00552772;-0.00527621
1979-08-01;0.00401465;0.00426561
1979-08-02;0.00102346;0.00127908
1979-08-03;0.00053762;0.00079461
1979-08-06;-0.00113252;-0.00036485
1979-08-07;-0.00150309;-0.00124555
1979-08-08;0.00055247;0.00081001
1979-08-09;0.00135607;0.00161360
1979-08-10;0.00280801;0.00306719
1979-08-13;0.00001640;0.00079476
1979-08-14;-0.00024272;0.00001728
1979-08-15;0.00258587;0.00284752
1979-08-16;-0.00236313;-0.00210231
1979-08-17;0.00001388;0.00027635
1979-08-20;0.00037863;0.00115945
1979-08-21;-0.00430081;-0.00403944
1979-08-22;0.00171057;0.00197249
1979-08-23;-0.00210620;-0.00184510
1979-08-24;0.00115702;0.00142113
1979-08-27;0.00279135;0.00358450
1979-08-28;0.00094879;0.00121564
1979-08-29;0.00160943;0.00187710
1979-08-30;-0.00134545;-0.00107833
1979-08-31;-0.00099703;-0.00072827
1979-09-03;-0.00727096;-0.00646466
1979-09-04;-0.00504669;-0.00477217
1979-09-05;-0.00238000;-0.00210411
1979-09-06;0.00172877;0.00201013
1979-09-07;0.00121968;0.00150515
1979-09-10;0.00083462;0.00170174
1979-09-11;-0.00057060;-0.00028430
1979-09-12;0.00116747;0.00145377
1979-09-13;-0.00059904;-0.00031137
1979-09-14;0.00155062;0.00183254
1979-09-17;-0.00134785;-0.00049552
1979-09-18;-0.00173903;-0.00145410
1979-09-19;0.00132556;0.00160501
1979-09-20;0.00375313;0.00403286
1979-09-21;0.00043972;0.00071643
1979-09-24;-0.00295819;-0.00213380
1979-09-25;0.00006150;0.00033711
1979-09-26;0.00069533;0.00097533
1979-09-27;0.00375973;0.00404137
1979-09-28;-0.00089298;-0.00061572
1979-10-01;-0.00247196;-0.00163771
1979-10-02;-0.00002482;0.00025929
1979-10-03;-0.00175495;-0.00147029
1979-10-04;-0.00018455;0.00010476
1979-10-05;0.00204211;0.00233526
1979-10-08;-0.01596092;-0.01508147
1979-10-09;-0.00955151;-0.00922767
1979-10-10;-0.00410464;-0.00378300
1979-10-11;-0.00657329;-0.00625631
1979-10-12;0.00073917;0.00105013
1979-10-15;0.00032587;0.00127930
1979-10-16;-0.00186389;-0.00153951
1979-10-17;-0.00282449;-0.00250421
1979-10-18;-0.00378424;-0.00345410
1979-10-19;-0.00544353;-0.00510463
1979-10-22;-0.00715877;-0.00610343
1979-10-23;-0.00312851;-0.00277207
1979-10-24;-0.00590866;-0.00556017
1979-10-25;0.00207921;0.00242250
1979-10-26;-0.00222226;-0.00189596
1979-10-29;0.00316380;0.00415174
1979-10-30;0.00661924;0.00695020
1979-10-31;-0.00138897;-0.00105691
1979-11-01;-0.00006342;0.00026699
1979-11-02;0.00008391;0.00041404
1979-11-05;0.00140434;0.00239557
1979-11-06;0.00144485;0.00177526
1979-11-07;-0.00389092;-0.00354900
1979-11-08;0.00314406;0.00348488
1979-11-09;0.00190929;0.00223805
1979-11-12;-0.00227656;-0.00129026
1979-11-13;-0.00315164;-0.00282123
1979-11-14;-0.00182621;-0.00149909
1979-11-15;-0.00342636;-0.00310582
1979-11-16;-0.00238872;-0.00206241
1979-11-19;-0.00678401;-0.00579853
1979-11-20;0.00145951;0.00178608
1979-11-21;-0.00249831;-0.00217475
1979-11-22;0.00114194;0.00146551
1979-11-23;0.00442066;0.00473134
1979-11-26;-0.00254247;-0.00163425
1979-11-27;-0.00112987;-0.00082603
1979-11-28;-0.00026064;0.00005169
1979-11-29;-0.00308449;-0.00277572
1979-11-30;-0.00153344;-0.00121865
1979-12-03;-0.00029602;0.00067631
1979-12-04;0.00070534;0.00102534
1979-12-05;-0.00012223;0.00019668
1979-12-06;-0.00044308;-0.00012390
1979-12-07;-0.00257240;-0.00224555
1979-12-10;-0.00326038;-0.00226668
1979-12-11;-0.00112997;-0.00079325
1979-12-12;0.00358711;0.00393232
1979-12-13;0.00075120;0.00109147
1979-12-14;0.00061228;0.00094926
1979-12-17;-0.00163098;-0.00062495
1979-12-18;-0.00214457;-0.00181114
1979-12-19;-0.00079852;-0.00047222
1979-12-20;0.00135181;0.00167784
1979-12-21;0.00026843;0.00059939
1979-12-24;0.00060865;0.00159906
1979-12-25;0.00100132;0.00133146
1979-12-26;-0.00101536;-0.00068659
1979-12-27;0.00077012;0.00109806
1979-12-28;0.00056070;0.00088728
1979-12-31;0.00119435;0.00218394
1980-01-02;0.00128723;0.00195408
1980-01-03;-0.00181578;-0.00148427
1980-01-04;0.00028235;0.00061386
1980-01-07;0.00084825;0.00182305
1980-01-08;0.00127468;0.00159742
1980-01-09;0.00116972;0.00149191
1980-01-10;0.00042037;0.00073406
1980-01-11;0.00060733;0.00092952
1980-01-14;0.00250705;0.00348020
1980-01-15;0.00110943;0.00143464
1980-01-16;-0.00090349;-0.00057966
1980-01-17;0.00091310;0.00124023
1980-01-18;0.00048359;0.00081428
1980-01-21;0.00068310;0.00168830
1980-01-22;-0.00009630;0.00023685
1980-01-23;0.00051799;0.00084730
1980-01-24;0.00237783;0.00271125
1980-01-25;-0.00140043;-0.00106371
1980-01-28;-0.00130235;-0.00030126
1980-01-29;0.00024778;0.00058367
1980-01-30;0.00166337;0.00199570
1980-01-31;0.00016803;0.00049680
1980-02-01;0.00371001;0.00404343
1980-02-04;-0.00129775;-0.00031309
1980-02-05;-0.00246495;-0.00213015
1980-02-06;0.00572469;0.00605510
1980-02-07;-0.00026139;0.00006518
1980-02-08;0.00292575;0.00325644
1980-02-11;-0.00082156;0.00018283
1980-02-12;0.00314736;0.00348215
1980-02-13;0.00016771;0.00050141
1980-02-14;-0.00110758;-0.00077251
1980-02-15;-0.00630790;-0.00595722
1980-02-18;-0.01847790;-0.01742584
1980-02-19;0.00020778;0.00057490
1980-02-20;0.00734647;0.00771085
1980-02-21;-0.00062122;-0.00025355
1980-02-22;-0.00188416;-0.00151758
1980-02-25;-0.00344712;-0.00232520
1980-02-26;0.00085942;0.00123887
1980-02-27;0.00230485;0.00268403
1980-02-28;-0.00227435;-0.00190257
1980-02-29;0.00256499;0.00294883
1980-03-03;-0.00247850;-0.00124562
1980-03-04;-0.00616124;-0.00574617
1980-03-05;0.00282479;0.00324589
1980-03-06;-0.00555677;-0.00512663
1980-03-07;-0.00568907;-0.00526085
1980-03-10;-0.00653882;-0.00528458
1980-03-11;0.00106464;0.00148601
1980-03-12;0.00036221;0.00078961
1980-03-13;-0.00267902;-0.00226478
1980-03-14;-0.00567802;-0.00526021
1980-03-17;-0.00742038;-0.00621462
1980-03-18;0.00354461;0.00394516
1980-03-19;0.00219726;0.00258987
1980-03-20;-0.00136676;-0.00095525
1980-03-21;-0.00359884;-0.00318377
1980-03-24;-0.00328756;-0.00197825
1980-03-25;-0.00394293;-0.00350457
1980-03-26;0.00182888;0.00226532
1980-03-27;-0.00159321;-0.00117896
1980-03-28;0.00082718;0.00123129
1980-03-31;-0.00135020;-0.00017979
1980-04-01;0.00409877;0.00451055
1980-04-02;0.00160543;0.00201310
1980-04-03;0.00209999;0.00251013
1980-04-04;0.00232168;0.00273182
1980-04-07;0.00141869;0.00260307
1980-04-08;-0.00732253;-0.00692582
1980-04-09;-0.00571681;-0.00532476
1980-04-10;-0.00301810;-0.00262632
1980-04-11;-0.00367794;-0.00329465
1980-04-14;0.00068406;0.00182160
1980-04-15;0.00297982;0.00335845
1980-04-16;-0.00263651;-0.00226665
1980-04-17;-0.00001461;0.00035526
1980-04-18;-0.00128874;-0.00092709
1980-04-21;-0.00068484;0.00037790
1980-04-22;-0.00103524;-0.00069962
1980-04-23;-0.00397307;-0.00364403
1980-04-24;-0.00302263;-0.00269633
1980-04-25;0.00152679;0.00185035
1980-04-28;-0.00260435;-0.00170024
1980-04-29;-0.00151014;-0.00121590
1980-04-30;-0.00034774;-0.00006308
1980-05-01;-0.00061050;-0.00032667
1980-05-02;0.00037147;0.00064133
1980-05-05;0.00072371;0.00151769
1980-05-06;0.00169839;0.00195866
1980-05-07;0.00046583;0.00071186
1980-05-08;-0.00335220;-0.00311247
1980-05-09;0.00093862;0.00117999
1980-05-12;-0.00043832;0.00026853
1980-05-13;0.00094130;0.00116815
1980-05-14;0.00034121;0.00056422
1980-05-15;-0.00039769;-0.00016180
1980-05-16;-0.00211076;-0.00186309
1980-05-19;-0.00243052;-0.00169984
1980-05-20;0.00319511;0.00342224
1980-05-21;0.00400115;0.00422197
1980-05-22;0.00212388;0.00234169
1980-05-23;0.00219413;0.00240070
1980-05-26;-0.00202855;-0.00140882
1980-05-27;0.00411330;0.00431933
1980-05-28;-0.00018588;0.00002398
1980-05-29;-0.00168505;-0.00146915
1980-05-30;-0.00098292;-0.00077059
1980-06-02;0.00093298;0.00158229
1980-06-03;-0.00499353;-0.00478504
1980-06-04;0.00278252;0.00298553
1980-06-05;0.00156193;0.00176358
1980-06-06;0.00192021;0.00211994
1980-06-09;0.00443777;0.00500243
1980-06-10;-0.00157739;-0.00139547
1980-06-11;0.00154050;0.00171311
1980-06-12;0.00014920;0.00031906
1980-06-13;0.00156071;0.00173002
1980-06-16;0.00001113;0.00053469
1980-06-17;-0.00214595;-0.00196129
1980-06-18;0.00108844;0.00127940
1980-06-19;-0.00076491;-0.00057368
1980-06-20;-0.00017932;0.00000534
1980-06-23;0.00196395;0.00255080
1980-06-24;-0.00128152;-0.00108152
1980-06-25;-0.00079561;-0.00059232
1980-06-26;0.00149163;0.00169876
1980-06-27;0.00085630;0.00106726
1980-06-30;-0.00000617;0.00064150
1980-07-01;0.00057848;0.00079876
1980-07-02;0.00233982;0.00255735
1980-07-03;0.00386645;0.00408043
1980-07-04;-0.00308461;-0.00287064
1980-07-07;0.00193613;0.00261339
1980-07-08;-0.00108019;-0.00085937
1980-07-09;0.00117027;0.00138863
1980-07-10;-0.00069982;-0.00048174
1980-07-11;-0.00033985;-0.00011601
1980-07-14;0.00126110;0.00193343
1980-07-15;-0.00254519;-0.00232465
1980-07-16;0.00240513;0.00261773
1980-07-17;0.00367497;0.00389305
1980-07-18;-0.00068624;-0.00046815
1980-07-21;-0.00328205;-0.00263602
1980-07-22;0.00454897;0.00476486
1980-07-23;-0.00252621;-0.00231169
1980-07-24;0.00097814;0.00119759
1980-07-25;-0.00331945;-0.00309890
1980-07-28;-0.00273781;-0.00206302
1980-07-29;-0.00127069;-0.00104329
1980-07-30;-0.00344107;-0.00321148
1980-07-31;-0.00095951;-0.00072335
1980-08-01;-0.00098335;-0.00074500
1980-08-04;-0.00029770;0.00041244
1980-08-05;0.00062479;0.00086369
1980-08-06;0.00182790;0.00206214
1980-08-07;0.00166467;0.00189426
1980-08-08;0.00092987;0.00116604
1980-08-11;0.00107575;0.00180150
1980-08-12;-0.00080134;-0.00056463
1980-08-13;0.00013545;0.00036970
1980-08-14;0.00235144;0.00258295
1980-08-15;0.00069350;0.00092747
1980-08-18;-0.00451791;-0.00376914
1980-08-19;-0.00094414;-0.00068716
1980-08-20;0.00253775;0.00279282
1980-08-21;0.00182419;0.00208994
1980-08-22;0.00102249;0.00128386
1980-08-25;-0.00052890;0.00027493
1980-08-26;0.00019303;0.00046535
1980-08-27;-0.00111779;-0.00084190
1980-08-28;-0.00158235;-0.00129961
1980-08-29;0.00052079;0.00079367
1980-09-01;-0.00587403;-0.00505540
1980-09-02;0.00906510;0.00933551
1980-09-03;0.00204467;0.00231152
1980-09-04;-0.00247603;-0.00220891
1980-09-05;-0.00204978;-0.00178211
1980-09-08;-0.00211697;-0.00128683
1980-09-09;-0.00057491;-0.00029984
1980-09-10;0.00207010;0.00234243
1980-09-11;0.00344276;0.00372056
1980-09-12;0.00204089;0.00232089
1980-09-15;-0.00510091;-0.00424036
1980-09-16;-0.00067007;-0.00038815
1980-09-17;0.00200590;0.00228919
1980-09-18;-0.00101374;-0.00073566
1980-09-19;0.00222036;0.00249515
1980-09-22;0.00308676;0.00395471
1980-09-23;-0.00115130;-0.00086829
1980-09-24;-0.00406955;-0.00379119
1980-09-25;-0.00041180;-0.00012796
1980-09-26;-0.00449357;-0.00419713
1980-09-29;-0.00452787;-0.00360896
1980-09-30;0.00406102;0.00437444
1980-10-01;0.00588330;0.00619700
1980-10-02;0.00085262;0.00116851
1980-10-03;0.00035555;0.00066596
1980-10-06;0.00250705;0.00342267
1980-10-07;-0.00170567;-0.00139608
1980-10-08;-0.00005499;0.00025679
1980-10-09;-0.00121122;-0.00090602
1980-10-10;-0.00120727;-0.00089905
1980-10-13;0.00614928;0.00707394
1980-10-14;0.00078220;0.00108850
1980-10-15;0.00169343;0.00199234
1980-10-16;-0.00187249;-0.00157167
1980-10-17;-0.00013205;0.00017480
1980-10-20;0.00157068;0.00250027
1980-10-21;-0.00138983;-0.00107093
1980-10-22;-0.00092602;-0.00060246
1980-10-23;-0.00279797;-0.00247495
1980-10-24;-0.00172756;-0.00140592
1980-10-27;-0.00289721;-0.00188543
1980-10-28;0.00117976;0.00152195
1980-10-29;0.00145640;0.00179941
1980-10-30;0.00135930;0.00170286
1980-10-31;-0.00023596;0.00011226
1980-11-03;0.00235369;0.00343616
1980-11-04;-0.00246550;-0.00210468
1980-11-05;0.00361846;0.00398558
1980-11-06;-0.00121312;-0.00084325
1980-11-07;-0.00641391;-0.00605665
1980-11-10;-0.00417950;-0.00307155
1980-11-11;-0.00323223;-0.00286292
1980-11-12;0.00512402;0.00548511
1980-11-13;0.00217610;0.00253473
1980-11-14;-0.00235113;-0.00198428
1980-11-17;-0.00351449;-0.00234819
1980-11-18;-0.00190350;-0.00152843
1980-11-19;-0.00095018;-0.00057429
1980-11-20;0.00121011;0.00159258
1980-11-21;-0.00614522;-0.00575289
1980-11-24;-0.00338379;-0.00219941
1980-11-25;0.00354966;0.00393761
1980-11-26;0.00433875;0.00472779
1980-11-27;-0.00450176;-0.00411272
1980-11-28;-0.00439177;-0.00399506
1980-12-01;-0.00015354;0.00105550
1980-12-02;-0.00061224;-0.00020622
1980-12-03;-0.00023259;0.00016905
1980-12-04;-0.00098356;-0.00057643
1980-12-05;-0.00074252;-0.00030854
1980-12-08;-0.00433306;-0.00297443
1980-12-09;0.00058065;0.00103874
1980-12-10;-0.00250862;-0.00204615
1980-12-11;-0.00333038;-0.00286079
1980-12-12;0.00206921;0.00252264
1980-12-15;0.00052022;0.00189858
1980-12-16;0.00408606;0.00454360
1980-12-17;-0.00011869;0.00033254
1980-12-18;-0.00146621;-0.00102238
1980-12-19;-0.00512278;-0.00471374
1980-12-22;0.00108937;0.00230909
1980-12-23;-0.00299323;-0.00259624
1980-12-24;0.00184591;0.00224892
1980-12-25;-0.00351415;-0.00311113
1980-12-26;0.00136773;0.00176362
1980-12-29;-0.00373355;-0.00256807
1980-12-30;0.00011294;0.00049979
1980-12-31;0.00426803;0.00465982
1981-01-02;-0.00118411;-0.00038137
1981-01-05;0.00227097;0.00338220
1981-01-06;0.00178581;0.00215786
1981-01-07;-0.00034512;0.00005214
1981-01-08;-0.00200291;-0.00159853
1981-01-09;-0.00042674;-0.00001030
1981-01-12;-0.00277248;-0.00152152
1981-01-13;-0.00070538;-0.00028785
1981-01-14;0.00129832;0.00171147
1981-01-15;-0.00021157;0.00020623
1981-01-16;-0.00058298;-0.00016791
1981-01-19;0.00062144;0.00191925
1981-01-20;-0.00017741;0.00024232
1981-01-21;0.00243945;0.00286986
1981-01-22;-0.00307235;-0.00264167
1981-01-23;-0.00204761;-0.00161748
1981-01-26;0.00279338;0.00405502
1981-01-27;-0.00456147;-0.00414503
1981-01-28;0.00004040;0.00045300
1981-01-29;-0.00107597;-0.00066858
1981-01-30;-0.00029980;0.00009992
1981-02-02;0.00078676;0.00201142
1981-02-03;-0.00140546;-0.00099861
1981-02-04;-0.00037450;0.00002742
1981-02-05;0.00022887;0.00063270
1981-02-06;-0.00069923;-0.00027950
1981-02-09;-0.00200936;-0.00073375
1981-02-10;0.00105578;0.00147934
1981-02-11;-0.00088117;-0.00045541
1981-02-12;-0.00122617;-0.00080042
1981-02-13;-0.00170597;-0.00128104
1981-02-16;-0.01188752;-0.01061272
1981-02-17;0.00087689;0.00129168
1981-02-18;0.00104782;0.00145932
1981-02-19;-0.00357640;-0.00317968
1981-02-20;-0.00142386;-0.00103783
1981-02-23;0.00149540;0.00266499
1981-02-24;0.00058521;0.00097288
1981-02-25;0.00045167;0.00084071
1981-02-26;0.00017148;0.00055887
1981-02-27;0.00170919;0.00209877
1981-03-02;0.00325970;0.00445313
1981-03-03;-0.00283634;-0.00244209
1981-03-04;-0.00027528;0.00012171
1981-03-05;-0.00224236;-0.00184483
1981-03-06;-0.00002967;0.00036184
1981-03-09;-0.00291341;-0.00174957
1981-03-10;-0.00228816;-0.00190487
1981-03-11;0.00109752;0.00147889
1981-03-12;-0.00037450;-0.00000025
1981-03-13;-0.00291218;-0.00255026
1981-03-16;0.00003870;0.00110884
1981-03-17;-0.00335555;-0.00300076
1981-03-18;-0.00371536;-0.00337427
1981-03-19;-0.00060249;-0.00026386
1981-03-20;0.00118611;0.00152474
1981-03-23;0.00341282;0.00446734
1981-03-24;-0.00125477;-0.00090299
1981-03-25;0.00135357;0.00170508
1981-03-26;0.00133753;0.00169287
1981-03-27;0.00327066;0.00362901
1981-03-30;-0.00217885;-0.00114324
1981-03-31;0.00082066;0.00116203
1981-04-01;0.00410182;0.00444072
1981-04-02;0.00034929;0.00069395
1981-04-03;-0.00273006;-0.00237471
1981-04-06;-0.00442414;-0.00327346
1981-04-07;0.00275281;0.00312624
1981-04-08;0.00213400;0.00250825
1981-04-09;-0.00136200;-0.00099241
1981-04-10;-0.00050295;-0.00013062
1981-04-13;-0.00488912;-0.00375652
1981-04-14;-0.00074667;-0.00038037
1981-04-15;-0.00395316;-0.00357837
1981-04-16;0.00002748;0.00040529
1981-04-17;-0.00015765;0.00022016
1981-04-20;0.00184529;0.00297542
1981-04-21;0.00017257;0.00054681
1981-04-22;0.00220713;0.00257919
1981-04-23;-0.00155912;-0.00118542
1981-04-24;0.00186539;0.00225032
1981-04-27;0.00148005;0.00265375
1981-04-28;-0.00128987;-0.00089562
1981-04-29;-0.00392551;-0.00353044
1981-04-30;0.00120862;0.00161575
1981-05-01;-0.00357787;-0.00317596
1981-05-04;0.00263635;0.00395225
1981-05-05;0.00109980;0.00155487
1981-05-06;-0.00474985;-0.00429725
1981-05-07;0.00063452;0.00108876
1981-05-08;0.00041458;0.00086608
1981-05-11;0.00197207;0.00333563
1981-05-12;-0.00075559;-0.00029148
1981-05-13;-0.00238667;-0.00192064
1981-05-14;0.00420990;0.00466661
1981-05-15;0.00019001;0.00064344
1981-05-18;-0.00354099;-0.00220948
1981-05-19;-0.00562085;-0.00516715
1981-05-20;0.00277668;0.00323148
1981-05-21;0.00475698;0.00522274
1981-05-22;0.00108303;0.00154002
1981-05-25;0.00129585;0.00266681
1981-05-26;0.00258056;0.00301700
1981-05-27;-0.00025901;0.00017962
1981-05-28;-0.00238853;-0.00196716
1981-05-29;0.00078427;0.00119797
1981-06-01;0.00113016;0.00240414
1981-06-02;0.00349494;0.00392480
1981-06-03;0.00140683;0.00183532
1981-06-04;0.01371797;0.01415112
1981-06-05;0.00085837;0.00129207
1981-06-08;-0.00313969;-0.00189202
1981-06-09;0.00030085;0.00071208
1981-06-10;-0.00694194;-0.00653948
1981-06-11;0.00481362;0.00521252
1981-06-12;-0.00230969;-0.00191160
1981-06-15;-0.01014090;-0.00901323
1981-06-16;-0.00056625;-0.00019009
1981-06-17;-0.00057582;-0.00018568
1981-06-18;0.00252826;0.00293922
1981-06-19;0.00152365;0.00193105
1981-06-22;-0.00540358;-0.00422331
1981-06-23;-0.00301887;-0.00262161
1981-06-24;0.00167665;0.00207939
1981-06-25;0.00482748;0.00521762
1981-06-26;0.00115267;0.00153980
1981-06-29;-0.00066645;0.00047931
1981-06-30;0.00169222;0.00208346
1981-07-01;0.00392313;0.00432450
1981-07-02;0.00172869;0.00212541
1981-07-03;-0.00004474;0.00035197
1981-07-06;0.00010260;0.00128205
1981-07-07;-0.00274535;-0.00233741
1981-07-08;0.00428614;0.00469655
1981-07-09;-0.00063052;-0.00021600
1981-07-10;-0.00162232;-0.00121821
1981-07-13;0.00066901;0.00186901
1981-07-14;0.00119974;0.00160467
1981-07-15;-0.00384366;-0.00344777
1981-07-16;0.00129245;0.00169026
1981-07-17;-0.00020359;0.00019175
1981-07-20;0.00157917;0.00285314
1981-07-21;0.00182166;0.00225235
1981-07-22;-0.00092188;-0.00049229
1981-07-23;0.00074688;0.00117154
1981-07-24;-0.00262882;-0.00221567
1981-07-27;0.00325063;0.00449255
1981-07-28;0.00015777;0.00057694
1981-07-29;0.00107916;0.00149505
1981-07-30;-0.00015997;0.00024743
1981-07-31;0.00239917;0.00280657
1981-08-03;0.00977703;0.01105100
1981-08-04;0.00267631;0.00310042
1981-08-05;-0.00245263;-0.00203208
1981-08-06;-0.00197702;-0.00155620
1981-08-07;-0.00018828;0.00023474
1981-08-10;0.00190501;0.00315597
1981-08-11;-0.00146789;-0.00106104
1981-08-12;-0.00853455;-0.00811592
1981-08-13;0.00151850;0.00194097
1981-08-14;-0.00185986;-0.00143520
1981-08-17;-0.00531410;-0.00402040
1981-08-18;-0.00557946;-0.00514877
1981-08-19;-0.00222666;-0.00179735
1981-08-20;-0.00350251;-0.00307456
1981-08-21;-0.00568122;-0.00525930
1981-08-24;0.00054137;0.00184411
1981-08-25;0.00576722;0.00619955
1981-08-26;-0.00215455;-0.00172085
1981-08-27;-0.00205493;-0.00162425
1981-08-28;-0.00534097;-0.00491960
1981-08-31;-0.00021555;0.00106007
1981-09-01;-0.00116604;-0.00073891
1981-09-02;0.00019150;0.00062054
1981-09-03;0.00110058;0.00152880
1981-09-04;0.00008487;0.00051117
1981-09-07;-0.00300638;-0.00172747
1981-09-08;0.00207958;0.00250835
1981-09-09;-0.00076937;-0.00034855
1981-09-10;-0.00070455;-0.00029332
1981-09-11;-0.00085537;-0.00045756
1981-09-14;0.00074252;0.00193019
1981-09-15;0.00069044;0.00108195
1981-09-16;-0.00021515;0.00017772
1981-09-17;0.00154083;0.00193316
1981-09-18;0.00066553;0.00105841
1981-09-21;-0.00074427;0.00042860
1981-09-22;0.00033622;0.00073294
1981-09-23;0.00009264;0.00048168
1981-09-24;-0.00063643;-0.00024712
1981-09-25;0.00076170;0.00115348
1981-09-28;-0.00527363;-0.00411308
1981-09-29;0.00284702;0.00323496
1981-09-30;-0.00019461;0.00019826
1981-10-01;-0.00305039;-0.00265121
1981-10-02;-0.00278923;-0.00238786
1981-10-05;-0.00688416;-0.00571129
1981-10-06;0.00154872;0.00192954
1981-10-07;-0.00616424;-0.00578478
1981-10-08;-0.00306788;-0.00269254
1981-10-09;-0.00033201;0.00003319
1981-10-12;0.00008712;0.00118274
1981-10-13;0.00540302;0.00577289
1981-10-14;0.00474119;0.00510393
1981-10-15;0.00121462;0.00158065
1981-10-16;0.00463852;0.00500894
1981-10-19;-0.00008278;0.00102845
1981-10-20;0.00042104;0.00078981
1981-10-21;0.00178336;0.00214747
1981-10-22;0.00177063;0.00213557
1981-10-23;-0.00101273;-0.00064999
1981-10-26;0.00473298;0.00582777
1981-10-27;-0.00201260;-0.00164657
1981-10-28;-0.00214721;-0.00178502
1981-10-29;-0.00139621;-0.00103895
1981-10-30;-0.00689598;-0.00654666
1981-11-02;-0.00042835;0.00061466
1981-11-03;-0.00091845;-0.00057077
1981-11-04;0.00070938;0.00104636
1981-11-05;0.00004000;0.00037370
1981-11-06;0.00088536;0.00120536
1981-11-09;0.00004289;0.00096261
1981-11-10;-0.00012618;0.00017930
1981-11-11;-0.00049440;-0.00018892
1981-11-12;0.00076149;0.00105190
1981-11-13;0.00113534;0.00143068
1981-11-16;0.00131569;0.00218939
1981-11-17;-0.00098617;-0.00069493
1981-11-18;0.00150532;0.00178121
1981-11-19;-0.00090803;-0.00063077
1981-11-20;-0.00054405;-0.00026706
1981-11-23;0.00026956;0.00113175
1981-11-24;-0.00028541;-0.00000678
1981-11-25;0.00008544;0.00036215
1981-11-26;0.00026282;0.00053954
1981-11-27;0.00018866;0.00046729
1981-11-30;-0.00068202;0.00017031
1981-12-01;-0.00173657;-0.00144917
1981-12-02;0.00009085;0.00038181
1981-12-03;-0.00213842;-0.00185020
1981-12-04;0.00239369;0.00266602
1981-12-07;-0.00254678;-0.00170678
1981-12-08;-0.00116830;-0.00088720
1981-12-09;0.00024147;0.00052586
1981-12-10;-0.00235041;-0.00205781
1981-12-11;-0.00220096;-0.00190453
1981-12-14;-0.00447838;-0.00357838
1981-12-15;0.00206678;0.00236513
1981-12-16;0.00000811;0.00030592
1981-12-17;0.00135096;0.00165616
1981-12-18;0.00021637;0.00051418
1981-12-21;0.00036987;0.00128220
1981-12-22;0.00180261;0.00210481
1981-12-23;-0.00008103;0.00022911
1981-12-24;-0.00092700;-0.00062289
1981-12-25;-0.00000737;0.00029674
1981-12-28;0.00104543;0.00197173
1981-12-29;-0.00201781;-0.00169726
1981-12-30;0.00183229;0.00214352
1981-12-31;-0.00130473;-0.00100117
1982-01-04;-0.00071316;0.00053506
1982-01-05;0.00159914;0.00192024
1982-01-06;-0.00000671;0.00031219
1982-01-07;0.00177859;0.00209804
1982-01-08;-0.00099818;-0.00068256
1982-01-11;0.00376669;0.00475053
1982-01-12;-0.00046024;-0.00013257
1982-01-13;0.00181961;0.00215221
1982-01-14;0.00147362;0.00180403
1982-01-15;-0.00084427;-0.00050975
1982-01-18;-0.00150146;-0.00049461
1982-01-19;0.00066082;0.00100492
1982-01-20;0.00194302;0.00229151
1982-01-21;0.00085716;0.00120702
1982-01-22;0.00346090;0.00381761
1982-01-25;0.00356481;0.00465961
1982-01-26;-0.00124093;-0.00088422
1982-01-27;0.00211291;0.00246360
1982-01-28;-0.00040902;-0.00007258
1982-01-29;0.00281991;0.00316293
1982-02-01;-0.00000165;0.00112273
1982-02-02;-0.00149132;-0.00111844
1982-02-03;0.00311538;0.00349264
1982-02-04;-0.00269025;-0.00231519
1982-02-05;0.00018650;0.00055993
1982-02-08;0.00070078;0.00184818
1982-02-09;0.00483006;0.00521856
1982-02-10;-0.00268171;-0.00229404
1982-02-11;-0.00074376;-0.00035499
1982-02-12;-0.00558680;-0.00519804
1982-02-15;-0.00101294;0.00015336
1982-02-16;0.00252165;0.00292083
1982-02-17;0.00420128;0.00459772
1982-02-18;-0.00214874;-0.00177340
1982-02-19;0.00051388;0.00088347
1982-02-22;0.00108129;0.00211280
1982-02-23;0.00227748;0.00261583
1982-02-24;-0.00268416;-0.00235539
1982-02-25;-0.00121698;-0.00088191
1982-02-26;0.00123419;0.00157501
1982-03-01;0.00311773;0.00412622
1982-03-02;0.00089082;0.00122972
1982-03-03;-0.00132084;-0.00098440
1982-03-04;0.00050791;0.00084161
1982-03-05;-0.00272027;-0.00238630
1982-03-08;0.00489450;0.00589067
1982-03-09;0.00315924;0.00349787
1982-03-10;-0.00217438;-0.00183438
1982-03-11;0.00202490;0.00237120
1982-03-12;0.00558043;0.00593139
1982-03-15;-0.00054403;0.00051542
1982-03-16;0.00144250;0.00179126
1982-03-17;-0.00104864;-0.00069905
1982-03-18;-0.00276583;-0.00241433
1982-03-19;0.00378923;0.00414649
1982-03-22;-0.00245989;-0.00142016
1982-03-23;-0.00140162;-0.00105833
1982-03-24;-0.00055009;-0.00020269
1982-03-25;0.00353106;0.00388037
1982-03-26;0.00280583;0.00316200
1982-03-29;0.00392036;0.00502255
1982-03-30;-0.00295978;-0.00259183
1982-03-31;0.00205070;0.00241398
1982-04-01;-0.00686195;-0.00649921
1982-04-02;-0.00183634;-0.00147306
1982-04-05;0.00353316;0.00460576
1982-04-06;0.00424234;0.00460206
1982-04-07;-0.00024513;0.00011597
1982-04-08;0.00432028;0.00467726
1982-04-09;-0.00204984;-0.00169285
1982-04-12;-0.00473413;-0.00368125
1982-04-13;-0.00261486;-0.00226610
1982-04-14;0.00296504;0.00331599
1982-04-15;-0.00042634;-0.00007401
1982-04-16;-0.00145004;-0.00110374
1982-04-19;-0.00429842;-0.00327266
1982-04-20;-0.00018095;0.00016042
1982-04-21;-0.00148641;-0.00115243
1982-04-22;-0.00196840;-0.00162813
1982-04-23;-0.00234463;-0.00200518
1982-04-26;-0.00433195;-0.00330949
1982-04-27;0.00185397;0.00219452
1982-04-28;-0.00165537;-0.00131455
1982-04-29;-0.00303565;-0.00269482
1982-04-30;-0.00145352;-0.00111544
1982-05-03;-0.00067584;0.00037129
1982-05-04;0.00099814;0.00134691
1982-05-05;-0.00177621;-0.00143045
1982-05-06;-0.00249084;-0.00215276
1982-05-07;-0.00071624;-0.00038063
1982-05-10;0.00025628;0.00126971
1982-05-11;0.00065478;0.00099177
1982-05-12;0.00103319;0.00137292
1982-05-13;0.00100001;0.00134247
1982-05-14;0.00009770;0.00043634
1982-05-17;0.00122541;0.00223801
1982-05-18;0.00098934;0.00132441
1982-05-19;0.00131587;0.00164299
1982-05-20;0.00045783;0.00077290
1982-05-21;-0.00095234;-0.00063700
1982-05-24;-0.00014322;0.00080199
1982-05-25;0.00101042;0.00132740
1982-05-26;0.00066136;0.00097780
1982-05-27;0.00213071;0.00244770
1982-05-28;0.00094160;0.00125667
1982-05-31;0.00005948;0.00100469
1982-06-01;0.00483286;0.00516191
1982-06-02;-0.00203244;-0.00170203
1982-06-03;-0.00167727;-0.00134659
1982-06-04;0.00544817;0.00578296
1982-06-07;0.00440590;0.00539960
1982-06-08;0.00527367;0.00560709
1982-06-09;0.00583400;0.00616496
1982-06-10;0.00179758;0.00212580
1982-06-11;-0.00545315;-0.00512466
1982-06-14;0.01067704;0.01169129
1982-06-15;0.00254487;0.00288350
1982-06-16;0.00880524;0.00914250
1982-06-17;0.00762282;0.00796693
1982-06-18;0.00469687;0.00504563
1982-06-21;0.00626435;0.00729667
1982-06-22;-0.00584736;-0.00549722
1982-06-23;-0.00134297;-0.00099037
1982-06-24;-0.00584971;-0.00549382
1982-06-25;0.00345832;0.00381969
1982-06-28;0.00489648;0.00597402
1982-06-29;-0.00349136;-0.00313465
1982-06-30;-0.00369062;-0.00334103
1982-07-01;0.00079724;0.00114108
1982-07-02;0.00363035;0.00397529
1982-07-05;0.00048227;0.00151706
1982-07-06;0.00597649;0.00632224
1982-07-07;0.00466592;0.00501058
1982-07-08;-0.01281385;-0.01248645
1982-07-09;0.00180434;0.00212680
1982-07-12;-0.00630284;-0.00533873
1982-07-13;0.00402817;0.00435556
1982-07-14;-0.00237833;-0.00204956
1982-07-15;-0.00192701;-0.00160811
1982-07-16;-0.00216976;-0.00186264
1982-07-19;-0.00323487;-0.00232583
1982-07-20;-0.00184703;-0.00155497
1982-07-21;-0.00288897;-0.00259445
1982-07-22;0.00378300;0.00406820
1982-07-23;-0.00047811;-0.00019509
1982-07-26;0.00138586;0.00224476
1982-07-27;0.00406017;0.00435222
1982-07-28;0.00556157;0.00585527
1982-07-29;0.00384641;0.00413490
1982-07-30;0.00367769;0.00395632
1982-08-02;-0.00904462;-0.00827530
1982-08-03;0.00251991;0.00278841
1982-08-04;0.00695689;0.00722346
1982-08-05;0.00452327;0.00479177
1982-08-06;0.00383608;0.00411854
1982-08-09;0.00639258;0.00720299
1982-08-10;0.00201398;0.00228850
1982-08-11;0.00224429;0.00251744
1982-08-12;0.00205075;0.00230774
1982-08-13;-0.00478311;-0.00452969
1982-08-16;0.00002611;0.00073871
1982-08-17;-0.00682057;-0.00660002
1982-08-18;-0.00490395;-0.00468313
1982-08-19;0.00087835;0.00108437
1982-08-20;-0.00908901;-0.00889503
1982-08-23;-0.00769136;-0.00707492
1982-08-24;-0.00254368;-0.00233518
1982-08-25;-0.00457894;-0.00437565
1982-08-26;-0.00119497;-0.00099935
1982-08-27;0.00494828;0.00516308
1982-08-30;0.00460888;0.00527957
1982-08-31;-0.00338650;-0.00315581
1982-09-01;-0.00166698;-0.00143630
1982-09-02;-0.00135993;-0.00113089
1982-09-03;0.00045003;0.00067387
1982-09-06;-0.00498206;-0.00431056
1982-09-07;0.00024200;0.00047187
1982-09-08;0.00273246;0.00295986
1982-09-09;0.00063973;0.00086658
1982-09-10;0.00273495;0.00296427
1982-09-13;0.00341630;0.00408370
1982-09-14;-0.00088405;-0.00066788
1982-09-15;0.00051651;0.00073952
1982-09-16;0.00051352;0.00073352
1982-09-17;-0.00124574;-0.00102766
1982-09-20;0.00117987;0.00181932
1982-09-21;0.00136917;0.00157821
1982-09-22;-0.00283935;-0.00263798
1982-09-23;0.00168698;0.00188644
1982-09-24;0.00051222;0.00072044
1982-09-27;0.00433344;0.00495645
1982-09-28;0.00173613;0.00194106
1982-09-29;-0.00197306;-0.00176539
1982-09-30;0.00121869;0.00142746
1982-10-01;0.00277219;0.00297356
1982-10-04;-0.00069339;-0.00004078
1982-10-05;0.00070178;0.00092480
1982-10-06;0.00161063;0.00183117
1982-10-07;-0.00347236;-0.00325975
1982-10-08;-0.00574658;-0.00553426
1982-10-11;0.01294574;0.01358273
1982-10-12;-0.00297674;-0.00277455
1982-10-13;0.00399733;0.00420062
1982-10-14;-0.00102971;-0.00082314
1982-10-15;0.00128058;0.00148770
1982-10-18;0.00198536;0.00259604
1982-10-19;0.00017877;0.00038371
1982-10-20;0.00362453;0.00383165
1982-10-21;0.00192247;0.00212987
1982-10-22;-0.00039063;-0.00018132
1982-10-25;-0.00096756;-0.00032071
1982-10-26;0.00319999;0.00341807
1982-10-27;-0.00122664;-0.00100747
1982-10-28;-0.00041167;-0.00019496
1982-10-29;0.00059399;0.00081043
1982-11-01;0.00065757;0.00129949
1982-11-02;0.00413512;0.00434909
1982-11-03;0.00530602;0.00551945
1982-11-04;0.00262249;0.00283427
1982-11-05;0.00019089;0.00040404
1982-11-08;0.00040878;0.00105974
1982-11-09;-0.00064700;-0.00042782
1982-11-10;-0.00347358;-0.00325221
1982-11-11;0.00112370;0.00134507
1982-11-12;0.00059020;0.00081705
1982-11-15;0.00111843;0.00181131
1982-11-16;-0.00148478;-0.00125464
1982-11-17;0.00448984;0.00471888
1982-11-18;0.00033386;0.00056044
1982-11-19;-0.00436573;-0.00414381
1982-11-22;-0.00041885;0.00023540
1982-11-23;-0.00073004;-0.00051223
1982-11-24;-0.00192729;-0.00171003
1982-11-25;-0.00037274;-0.00015548
1982-11-26;-0.00144957;-0.00123231
1982-11-29;-0.00352775;-0.00284885
1982-11-30;-0.00218794;-0.00196109
1982-12-01;0.00246663;0.00269348
1982-12-02;-0.00034941;-0.00012913
1982-12-03;-0.00333436;-0.00311956
1982-12-06;0.00652395;0.00717162
1982-12-07;0.00062927;0.00084653
1982-12-08;-0.00228237;-0.00206401
1982-12-09;-0.00101095;-0.00079287
1982-12-10;-0.00348655;-0.00326628
1982-12-13;0.00200022;0.00265776
1982-12-14;-0.00301651;-0.00280610
1982-12-15;-0.00137235;-0.00116331
1982-12-16;-0.00177433;-0.00155981
1982-12-17;0.00340414;0.00361976
1982-12-20;-0.00370886;-0.00306119
1982-12-21;0.00127909;0.00149552
1982-12-22;-0.00138631;-0.00116932
1982-12-23;0.00364935;0.00386634
1982-12-24;0.00140837;0.00162536
1982-12-27;0.00330676;0.00395690
1982-12-28;-0.00429671;-0.00407616
1982-12-29;-0.00286390;-0.00264089
1982-12-30;-0.00112514;-0.00090541
1982-12-31;-0.00341199;-0.00319500
1983-01-03;-0.00189882;-0.00124786
1983-01-04;0.00242816;0.00264734
1983-01-05;0.00157080;0.00178943
1983-01-06;0.00430286;0.00452039
1983-01-07;0.00121584;0.00142844
1983-01-10;0.00376401;0.00439853
1983-01-11;-0.00144518;-0.00123450
1983-01-12;0.00071469;0.00092510
1983-01-13;0.00091540;0.00112526
1983-01-14;-0.00089019;-0.00068334
1983-01-17;-0.00116515;-0.00054049
1983-01-18;-0.00119415;-0.00098483
1983-01-19;-0.00211660;-0.00190619
1983-01-20;-0.00030381;-0.00009066
1983-01-21;-0.00040359;-0.00018359
1983-01-24;-0.00378855;-0.00312279
1983-01-25;0.00110475;0.00132530
1983-01-26;0.00086992;0.00109129
1983-01-27;0.00286741;0.00308713
1983-01-28;0.00111428;0.00133346
1983-01-31;0.00272268;0.00338843
1983-02-01;-0.00280353;-0.00257997
1983-02-02;0.00335446;0.00357802
1983-02-03;-0.00578524;-0.00556195
1983-02-04;-0.00037075;-0.00014472
1983-02-07;-0.00326685;-0.00259041
1983-02-08;-0.00144054;-0.00121342
1983-02-09;-0.00147401;-0.00124716
1983-02-10;0.00159792;0.00182176
1983-02-11;0.00000740;0.00023042
1983-02-14;0.00279227;0.00346953
1983-02-15;-0.00105186;-0.00082583
1983-02-16;-0.00220864;-0.00198399
1983-02-17;0.00073805;0.00095997
1983-02-18;-0.00086463;-0.00064573
1983-02-21;-0.00713045;-0.00647374
1983-02-22;0.00061666;0.00083337
1983-02-23;0.00183357;0.00205165
1983-02-24;0.00276698;0.00298424
1983-02-25;0.00157278;0.00178703
1983-02-28;0.00213416;0.00278594
1983-03-01;0.00342276;0.00364084
1983-03-02;0.00135049;0.00156967
1983-03-03;0.00047497;0.00069278
1983-03-04;0.00151101;0.00173046
1983-03-07;-0.00180865;-0.00113632
1983-03-08;0.04707728;0.04730468
1983-03-09;0.00005121;0.00027752
1983-03-10;-0.00450684;-0.00428108
1983-03-11;0.00172681;0.00195339
1983-03-14;-0.01127966;-0.01060323
1983-03-15;0.00084509;0.00107112
1983-03-16;0.00106850;0.00129589
1983-03-17;0.00159324;0.00182173
1983-03-18;0.00511456;0.00534579
1983-03-21;0.00449407;0.00519270
1983-03-22;-0.00007747;0.00015842
1983-03-23;0.00356559;0.00379765
1983-03-24;-0.00074706;-0.00051391
1983-03-25;-0.00039858;-0.00016159
1983-03-28;0.00175588;0.00246684
1983-03-29;0.00054892;0.00078536
1983-03-30;-0.00048760;-0.00025116
1983-03-31;-0.00189968;-0.00166297
1983-04-01;0.00185201;0.00208872
1983-04-04;-0.00107736;-0.00036722
1983-04-05;-0.00582951;-0.00559636
1983-04-06;-0.00191638;-0.00168624
1983-04-07;0.00215068;0.00237972
1983-04-08;0.00004579;0.00027401
1983-04-11;-0.00194255;-0.00127104
1983-04-12;-0.00250699;-0.00228233
1983-04-13;0.00291605;0.00314016
1983-04-14;0.00138428;0.00160674
1983-04-15;-0.00110243;-0.00087941
1983-04-18;0.00112271;0.00178600
1983-04-19;-0.00002318;0.00020038
1983-04-20;0.00141701;0.00163893
1983-04-21;-0.00446016;-0.00423714
1983-04-22;0.00004399;0.00026728
1983-04-25;-0.00509909;-0.00442923
1983-04-26;0.00343787;0.00366089
1983-04-27;0.00005901;0.00028093
1983-04-28;0.00206642;0.00228834
1983-04-29;0.00096801;0.00118938
1983-05-02;0.00029869;0.00096033
1983-05-03;0.00011446;0.00033474
1983-05-04;-0.00043474;-0.00021529
1983-05-05;0.00123257;0.00145340
1983-05-06;0.00130172;0.00152035
1983-05-09;0.00031133;0.00097955
1983-05-10;-0.00164434;-0.00142516
1983-05-11;-0.00021264;0.00000544
1983-05-12;-0.00208059;-0.00186004
1983-05-13;-0.00048443;-0.00026470
1983-05-16;-0.00336268;-0.00269281
1983-05-17;-0.00094743;-0.00072469
1983-05-18;0.00039427;0.00061646
1983-05-19;-0.00217405;-0.00195104
1983-05-20;-0.00060576;-0.00038165
1983-05-23;-0.00028546;0.00040660
1983-05-24;0.00311743;0.00334949
1983-05-25;0.00211786;0.00235047
1983-05-26;0.00102000;0.00125370
1983-05-27;-0.00090917;-0.00067684
1983-05-30;-0.00047242;0.00022456
1983-05-31;-0.00170583;-0.00146939
1983-06-01;-0.00110096;-0.00086589
1983-06-02;-0.00062806;-0.00039519
1983-06-03;-0.00021571;0.00001854
1983-06-06;0.00067139;0.00138153
1983-06-07;-0.00111151;-0.00086987
1983-06-08;-0.00094154;-0.00069962
1983-06-09;0.00059035;0.00082980
1983-06-10;0.00019431;0.00043486
1983-06-13;0.00112799;0.00184306
1983-06-14;-0.00052247;-0.00028329
1983-06-15;0.00046629;0.00070519
1983-06-16;0.00081133;0.00104832
1983-06-17;-0.00000042;0.00023766
1983-06-20;0.00007341;0.00080985
1983-06-21;0.00092031;0.00116552
1983-06-22;0.00029382;0.00053958
1983-06-23;0.00075784;0.00100249
1983-06-24;0.00051977;0.00076744
1983-06-27;-0.00074958;-0.00000739
1983-06-28;-0.00209807;-0.00185204
1983-06-29;0.00000442;0.00024688
1983-06-30;0.00047942;0.00072024
1983-07-01;0.00302502;0.00326419
1983-07-04;0.00448439;0.00520192
1983-07-05;-0.00457757;-0.00433045
1983-07-06;0.00295849;0.00320561
1983-07-07;-0.00020825;0.00004106
1983-07-08;-0.00093991;-0.00069005
1983-07-11;-0.00084775;-0.00010473
1983-07-12;-0.00364953;-0.00339911
1983-07-13;-0.00219006;-0.00194075
1983-07-14;0.00027017;0.00051894
1983-07-15;-0.00113887;-0.00088846
1983-07-18;-0.00112773;-0.00037896
1983-07-19;-0.00052002;-0.00026961
1983-07-20;0.00562304;0.00587153
1983-07-21;0.00106823;0.00131673
1983-07-22;-0.00136477;-0.00111573
1983-07-25;-0.00019606;0.00054942
1983-07-26;0.00183890;0.00208849
1983-07-27;-0.00173399;-0.00148550
1983-07-28;-0.00066828;-0.00041704
1983-07-29;-0.00435332;-0.00410072
1983-08-01;-0.00054181;0.00022011
1983-08-02;0.00086820;0.00112820
1983-08-03;-0.00173732;-0.00148006
1983-08-04;0.00411087;0.00436923
1983-08-05;-0.00255571;-0.00229681
1983-08-08;-0.00013440;0.00064642
1983-08-09;-0.00333765;-0.00307656
1983-08-10;0.00142869;0.00169061
1983-08-11;0.00073139;0.00099221
1983-08-12;-0.00035700;-0.00009700
1983-08-15;0.00093656;0.00170917
1983-08-16;-0.00144189;-0.00118435
1983-08-17;-0.00191633;-0.00166099
1983-08-18;0.00224326;0.00249805
1983-08-19;0.00213347;0.00238854
1983-08-22;0.00009182;0.00084470
1983-08-23;-0.00089509;-0.00064331
1983-08-24;0.00078301;0.00103287
1983-08-25;0.00252309;0.00277241
1983-08-26;-0.00131907;-0.00106811
1983-08-29;0.00067237;0.00143265
1983-08-30;0.00078491;0.00103970
1983-08-31;-0.00009639;0.00015731
1983-09-01;0.00062527;0.00087787
1983-09-02;-0.00020829;0.00004568
1983-09-05;0.00849080;0.00925271
1983-09-06;0.00216113;0.00241264
1983-09-07;0.00398557;0.00423489
1983-09-08;-0.00104697;-0.00079739
1983-09-09;-0.00279470;-0.00254457
1983-09-12;-0.00268836;-0.00194452
1983-09-13;-0.00161734;-0.00136857
1983-09-14;0.00021099;0.00046058
1983-09-15;-0.00300404;-0.00275473
1983-09-16;-0.00127834;-0.00102984
1983-09-19;-0.00232155;-0.00158265
1983-09-20;0.00418348;0.00442923
1983-09-21;-0.00041202;-0.00016681
1983-09-22;0.00205403;0.00229869
1983-09-23;-0.00148945;-0.00124616
1983-09-26;0.00081295;0.00153048
1983-09-27;0.00148300;0.00172218
1983-09-28;-0.00012951;0.00011104
1983-09-29;-0.00102045;-0.00077908
1983-09-30;-0.00180327;-0.00156464
1983-10-03;0.00196632;0.00268468
1983-10-04;0.00023236;0.00046935
1983-10-05;0.00240170;0.00263567
1983-10-06;0.00311284;0.00334736
1983-10-07;-0.00003870;0.00019691
1983-10-10;0.00241460;0.00312145
1983-10-11;-0.00225645;-0.00201508
1983-10-12;0.00089375;0.00113430
1983-10-13;-0.00213777;-0.00189640
1983-10-14;-0.00394300;-0.00370273
1983-10-17;0.00353612;0.00423886
1983-10-18;-0.00261249;-0.00237907
1983-10-19;-0.00227396;-0.00204109
1983-10-20;0.00108370;0.00131767
1983-10-21;0.00164461;0.00187858
1983-10-24;-0.00360359;-0.00289016
1983-10-25;-0.00076022;-0.00052296
1983-10-26;-0.00031119;-0.00007393
1983-10-27;0.00205288;0.00228987
1983-10-28;-0.00049487;-0.00025843
1983-10-31;-0.00039018;0.00030927
1983-11-01;0.00161625;0.00184831
1983-11-02;0.00006147;0.00029407
1983-11-03;-0.00040443;-0.00016772
1983-11-04;-0.00139567;-0.00115430
1983-11-07;-0.00031710;0.00040372
1983-11-08;-0.00017098;0.00006929
1983-11-09;0.00110211;0.00134266
1983-11-10;-0.00073626;-0.00049626
1983-11-11;0.00264180;0.00288180
1983-11-14;0.00173483;0.00245565
1983-11-15;-0.00015617;0.00008437
1983-11-16;0.00062378;0.00086488
1983-11-17;0.00021497;0.00045716
1983-11-18;0.00106768;0.00131014
1983-11-21;0.00129923;0.00202088
1983-11-22;-0.00094413;-0.00070385
1983-11-23;0.00126865;0.00151002
1983-11-24;-0.00151725;-0.00127588
1983-11-25;0.00025232;0.00049287
1983-11-28;-0.00088890;-0.00015986
1983-11-29;-0.00052814;-0.00028513
1983-11-30;-0.00003827;0.00020502
1983-12-01;-0.00105241;-0.00080939
1983-12-02;0.00191708;0.00216174
1983-12-05;0.00470716;0.00544113
1983-12-06;-0.00196546;-0.00172053
1983-12-07;0.00297057;0.00321577
1983-12-08;0.00047304;0.00072017
1983-12-09;0.00010836;0.00035493
1983-12-12;0.00082663;0.00156307
1983-12-13;0.00372385;0.00397289
1983-12-14;0.00008359;0.00033346
1983-12-15;-0.00432004;-0.00406881
1983-12-16;0.00384318;0.00409277
1983-12-19;0.00057742;0.00132454
1983-12-20;0.00044031;0.00068798
1983-12-21;0.00015380;0.00040038
1983-12-22;-0.00405523;-0.00381167
1983-12-23;-0.00173723;-0.00149175
1983-12-26;0.00564873;0.00638517
1983-12-27;0.00191972;0.00216410
1983-12-28;0.00001305;0.00025907
1983-12-29;-0.00386481;-0.00361878
1983-12-30;-0.00134988;-0.00110413
1984-01-03;0.00663315;0.00761945
1984-01-04;0.00312789;0.00337392
1984-01-05;0.00030611;0.00055077
1984-01-06;-0.00114341;-0.00090039
1984-01-09;0.00353274;0.00426424
1984-01-10;-0.00019127;0.00005257
1984-01-11;0.00433153;0.00457619
1984-01-12;-0.00149453;-0.00125014
1984-01-13;-0.00356685;-0.00332740
1984-01-16;-0.00369898;-0.00297733
1984-01-17;0.00371153;0.00395345
1984-01-18;-0.00109355;-0.00084944
1984-01-19;-0.00177386;-0.00153002
1984-01-20;0.00392834;0.00417409
1984-01-23;-0.00219690;-0.00146211
1984-01-24;-0.00014982;0.00009456
1984-01-25;0.00135232;0.00159698
1984-01-26;-0.00088257;-0.00063791
1984-01-27;0.00021488;0.00045899
1984-01-30;0.00022965;0.00096033
1984-01-31;0.00047166;0.00071522
1984-02-01;-0.00263192;-0.00238836
1984-02-02;-0.00464019;-0.00439608
1984-02-03;-0.00087069;-0.00062521
1984-02-06;0.00157354;0.00232066
1984-02-07;0.00139624;0.00164446
1984-02-08;0.00062101;0.00086923
1984-02-09;-0.00428947;-0.00404207
1984-02-10;-0.00015526;0.00009296
1984-02-13;0.00125114;0.00199580
1984-02-14;-0.00627441;-0.00602592
1984-02-15;-0.00301411;-0.00276589
1984-02-16;0.00011276;0.00036125
1984-02-17;0.00028115;0.00053239
1984-02-20;0.00041098;0.00116468
1984-02-21;0.00491346;0.00516359
1984-02-22;-0.00351069;-0.00326056
1984-02-23;-0.00091022;-0.00065652
1984-02-24;-0.00331860;-0.00306710
1984-02-27;0.00307056;0.00382590
1984-02-28;-0.00304973;-0.00279740
1984-02-29;-0.00126970;-0.00101929
1984-03-01;-0.00678330;-0.00653152
1984-03-02;0.00448629;0.00473725
1984-03-05;0.00295245;0.00370861
1984-03-06;0.00196836;0.00222124
1984-03-07;0.00185813;0.00211320
1984-03-08;0.00065304;0.00090893
1984-03-09;0.00364373;0.00389990
1984-03-12;0.00287762;0.00364529
1984-03-13;-0.00323820;-0.00298121
1984-03-14;0.00444741;0.00470659
1984-03-15;-0.00106220;-0.00080248
1984-03-16;-0.00251004;-0.00224976
1984-03-19;0.00285029;0.00364262
1984-03-20;-0.00037893;-0.00011044
1984-03-21;-0.00123998;-0.00097121
1984-03-22;-0.00103699;-0.00076878
1984-03-23;0.00204886;0.00231653
1984-03-26;0.00108550;0.00188523
1984-03-27;0.00053901;0.00080696
1984-03-28;-0.00049271;-0.00022668
1984-03-29;0.00101901;0.00128421
1984-03-30;-0.00117434;-0.00090804
1984-04-02;0.00153959;0.00233521
1984-04-03;-0.00068754;-0.00041960
1984-04-04;0.00169494;0.00196316
1984-04-05;-0.00180668;-0.00153846
1984-04-06;-0.00261322;-0.00234802
1984-04-09;-0.00066024;0.00012798
1984-04-10;-0.00116481;-0.00090097
1984-04-11;0.00073537;0.00099920
1984-04-12;0.00183121;0.00209532
1984-04-13;0.00058069;0.00084754
1984-04-16;0.00175391;0.00255857
1984-04-17;-0.00176894;-0.00150154
1984-04-18;0.00064796;0.00091509
1984-04-19;-0.00234977;-0.00208319
1984-04-20;0.00054206;0.00080863
1984-04-23;-0.00066898;0.00012417
1984-04-24;0.00036791;0.00063229
1984-04-25;0.00085818;0.00112202
1984-04-26;0.00212288;0.00238425
1984-04-27;0.00228130;0.00254733
1984-04-30;0.00208983;0.00288873
1984-05-01;0.00265046;0.00291621
1984-05-02;0.00299101;0.00325622
1984-05-03;-0.00462292;-0.00435799
1984-05-04;0.00319134;0.00346175
1984-05-07;0.00267532;0.00349148
1984-05-08;-0.00130180;-0.00102673
1984-05-09;-0.00146672;-0.00119275
1984-05-10;-0.00184248;-0.00157235
1984-05-11;-0.00195355;-0.00167930
1984-05-14;-0.00574369;-0.00492424
1984-05-15;0.00077766;0.00105465
1984-05-16;-0.00036400;-0.00009688
1984-05-17;-0.00502674;-0.00475879
1984-05-18;-0.00231645;-0.00204769
1984-05-21;-0.00017879;0.00061847
1984-05-22;-0.00096926;-0.00069419
1984-05-23;0.00206367;0.00233517
1984-05-24;0.00434811;0.00461414
1984-05-25;-0.00355142;-0.00328896
1984-05-28;-0.00328090;-0.00249350
1984-05-29;0.00164527;0.00191157
1984-05-30;-0.00065436;-0.00038696
1984-05-31;-0.00401050;-0.00374337
1984-06-01;-0.00700120;-0.00673271
1984-06-04;-0.00076587;0.00004372
1984-06-05;0.00413733;0.00440445
1984-06-06;-0.00377058;-0.00350319
1984-06-07;0.00124935;0.00151893
1984-06-08;0.00019642;0.00046683
1984-06-11;0.00365279;0.00447718
1984-06-12;0.00198784;0.00226373
1984-06-13;0.00002001;0.00029097
1984-06-14;0.00253594;0.00280663
1984-06-15;0.00347452;0.00374521
1984-06-18;-0.00199485;-0.00117622
1984-06-19;-0.00236637;-0.00209487
1984-06-20;0.00039653;0.00066804
1984-06-21;0.00298933;0.00326139
1984-06-22;0.00164827;0.00191785
1984-06-25;0.00514975;0.00595112
1984-06-26;0.00066667;0.00093516
1984-06-27;0.00329593;0.00356305
1984-06-28;-0.00267206;-0.00240247
1984-06-29;0.00065633;0.00092811
1984-07-02;0.00058673;0.00138728
1984-07-03;0.00252048;0.00279391
1984-07-04;0.00049237;0.00076579
1984-07-05;0.01213504;0.01240792
1984-07-06;0.00185593;0.00212990
1984-07-09;0.00548492;0.00630684
1984-07-10;-0.00273091;-0.00245447
1984-07-11;0.00400899;0.00428571
1984-07-12;0.00221017;0.00248497
1984-07-13;-0.00968749;-0.00941461
1984-07-16;-0.00168151;-0.00085959
1984-07-17;0.00518176;0.00546067
1984-07-18;0.00288584;0.00316283
1984-07-19;-0.00577836;-0.00550110
1984-07-20;0.00103925;0.00131733
1984-07-23;0.00127396;0.00211314
1984-07-24;-0.00538598;-0.00510461
1984-07-25;-0.00674661;-0.00646552
1984-07-26;-0.00028931;-0.00000876
1984-07-27;0.00666249;0.00694414
1984-07-30;0.00081395;0.00166382
1984-07-31;-0.00138557;-0.00110064
1984-08-01;-0.00432866;-0.00404290
1984-08-02;-0.00804060;-0.00775402
1984-08-03;-0.00976703;-0.00948045
1984-08-06;0.00117092;0.00203722
1984-08-07;0.00179379;0.00208228
1984-08-08;-0.00081186;-0.00052501
1984-08-09;-0.00240436;-0.00211915
1984-08-10;-0.00114714;-0.00086139
1984-08-13;0.00135683;0.00221573
1984-08-14;-0.00138048;-0.00109829
1984-08-15;0.00022224;0.00050169
1984-08-16;-0.00482185;-0.00454076
1984-08-17;0.00111985;0.00140287
1984-08-20;-0.00188773;-0.00102964
1984-08-21;-0.00117196;-0.00088648
1984-08-22;0.00055692;0.00084212
1984-08-23;-0.00140508;-0.00111878
1984-08-24;0.00094061;0.00122773
1984-08-27;0.00098478;0.00186176
1984-08-28;-0.00032263;-0.00003085
1984-08-29;-0.00133763;-0.00104558
1984-08-30;0.00227266;0.00256444
1984-08-31;0.00021461;0.00050585
1984-09-03;0.00263704;0.00351074
1984-09-04;0.00217768;0.00247001
1984-09-05;0.00201659;0.00230782
1984-09-06;-0.00140028;-0.00110987
1984-09-07;0.00345695;0.00374599
1984-09-10;-0.00208407;-0.00122763
1984-09-11;0.00080510;0.00108976
1984-09-12;-0.00038584;-0.00010090
1984-09-13;0.00580441;0.00608743
1984-09-14;0.00108463;0.00136874
1984-09-17;0.00510609;0.00595924
1984-09-18;-0.00076202;-0.00047929
1984-09-19;-0.00196234;-0.00168097
1984-09-20;0.00325417;0.00353472
1984-09-21;-0.00714587;-0.00686504
1984-09-24;-0.00088983;-0.00004325
1984-09-25;0.00466495;0.00494686
1984-09-26;-0.00112205;-0.00084205
1984-09-27;-0.00039981;-0.00012146
1984-09-28;0.00179876;0.00207876
1984-10-01;-0.00211019;-0.00126937
1984-10-02;-0.00293381;-0.00265299
1984-10-03;-0.00183357;-0.00155467
1984-10-04;0.00195961;0.00223769
1984-10-05;0.00310569;0.00338350
1984-10-08;-0.00335810;-0.00252468
1984-10-09;0.00146842;0.00174486
1984-10-10;-0.00059279;-0.00031690
1984-10-11;0.00173236;0.00200524
1984-10-12;0.00054835;0.00081958
1984-10-15;0.00473332;0.00555359
1984-10-16;0.00052677;0.00079937
1984-10-17;-0.00041404;-0.00014363
1984-10-18;0.00327120;0.00353722
1984-10-19;-0.00081781;-0.00055589
1984-10-22;0.00157353;0.00235846
1984-10-23;-0.00350368;-0.00324477
1984-10-24;-0.00303211;-0.00278115
1984-10-25;-0.00177075;-0.00151952
1984-10-26;0.00124427;0.00150016
1984-10-29;0.00356462;0.00432819
1984-10-30;-0.00166119;-0.00140941
1984-10-31;-0.00127374;-0.00102689
1984-11-01;-0.00266945;-0.00242260
1984-11-02;-0.00065992;-0.00041335
1984-11-05;0.00062119;0.00133379
1984-11-06;0.00045063;0.00068817
1984-11-07;-0.00365572;-0.00342147
1984-11-08;-0.00002299;0.00021673
1984-11-09;0.00141088;0.00164760
1984-11-12;-0.00169611;-0.00098598
1984-11-13;-0.00194448;-0.00170585
1984-11-14;0.00241093;0.00265093
1984-11-15;-0.00095095;-0.00071369
1984-11-16;-0.00160922;-0.00137388
1984-11-19;-0.00046516;0.00024087
1984-11-20;0.00211853;0.00235469
1984-11-21;0.00103519;0.00126917
1984-11-22;-0.00451628;-0.00428231
1984-11-23;0.00483525;0.00506648
1984-11-26;0.00011258;0.00080957
1984-11-27;0.00024359;0.00047318
1984-11-28;0.00160634;0.00183593
1984-11-29;0.00100079;0.00122956
1984-11-30;0.00126949;0.00150072
1984-12-03;0.00247614;0.00316737
1984-12-04;-0.00273603;-0.00250343
1984-12-05;0.00049967;0.00073172
1984-12-06;-0.00102569;-0.00079336
1984-12-07;-0.00103644;-0.00080767
1984-12-10;-0.00404282;-0.00335734
1984-12-11;-0.00224204;-0.00201327
1984-12-12;0.00388830;0.00411488
1984-12-13;0.00108081;0.00130794
1984-12-14;-0.00102227;-0.00080007
1984-12-17;-0.00033710;0.00031715
1984-12-18;-0.00568823;-0.00547425
1984-12-19;0.00460324;0.00481448
1984-12-20;0.00070059;0.00091428
1984-12-21;-0.00203716;-0.00182428
1984-12-24;-0.00174017;-0.00111222
1984-12-25;0.00456378;0.00477310
1984-12-26;0.00055465;0.00076369
1984-12-27;0.00326800;0.00347813
1984-12-28;-0.00022156;-0.00000951
1984-12-31;-0.00069813;-0.00005292
1985-01-02;0.00276739;0.00319643
1985-01-03;-0.00129120;-0.00107750
1985-01-04;-0.00030464;-0.00009040
1985-01-07;0.00552394;0.00616339
1985-01-08;-0.00276202;-0.00254860
1985-01-09;0.00233078;0.00254147
1985-01-10;0.00373044;0.00394250
1985-01-11;-0.00063808;-0.00042548
1985-01-14;0.00684888;0.00748176
1985-01-15;-0.00059164;-0.00037986
1985-01-16;0.00112987;0.00134193
1985-01-17;-0.00123459;-0.00102253
1985-01-18;0.00200479;0.00221685
1985-01-21;0.01117379;0.01180996
1985-01-22;-0.00201131;-0.00180035
1985-01-23;0.00465156;0.00486088
1985-01-24;-0.00419324;-0.00398448
1985-01-25;0.00073739;0.00094671
1985-01-28;-0.00058350;0.00005102
1985-01-29;0.00199758;0.00221183
1985-01-30;-0.00001603;0.00019849
1985-01-31;0.00076156;0.00098210
1985-02-01;0.00143559;0.00165997
1985-02-04;0.00936820;0.01004053
1985-02-05;0.00559421;0.00581723
1985-02-06;-0.00078357;-0.00056111
1985-02-07;0.01145034;0.01167417
1985-02-08;-0.00248047;-0.00225499
1985-02-11;0.00720334;0.00787814
1985-02-12;0.00056099;0.00078592
1985-02-13;0.01325809;0.01348384
1985-02-14;-0.00452725;-0.00430287
1985-02-15;0.00146134;0.00168572
1985-02-18;-0.00092576;-0.00025261
1985-02-19;0.02958464;0.02980847
1985-02-20;0.00058627;0.00081203
1985-02-21;-0.00963464;-0.00940368
1985-02-22;0.01450189;0.01473176
1985-02-25;0.01464207;0.01533083
1985-02-26;-0.00390355;-0.00367478
1985-02-27;-0.01826668;-0.01803518
1985-02-28;0.00580367;0.00603655
1985-03-01;0.00608813;0.00632539
1985-03-04;0.00317454;0.00388960
1985-03-05;0.00347947;0.00371728
1985-03-06;-0.00212578;-0.00188769
1985-03-07;-0.00406375;-0.00382265
1985-03-08;-0.00075894;-0.00052387
1985-03-11;-0.01102136;-0.01032520
1985-03-12;0.00155468;0.00178865
1985-03-13;0.00200923;0.00224484
1985-03-14;0.00073426;0.00097317
1985-03-15;-0.00105423;-0.00082382
1985-03-18;-0.00464970;-0.00395025
1985-03-19;-0.00503362;-0.00479937
1985-03-20;-0.00107270;-0.00083900
1985-03-21;-0.01010924;-0.00987801
1985-03-22;0.00441493;0.00464809
1985-03-25;-0.00059409;0.00009797
1985-03-26;-0.00332430;-0.00309581
1985-03-27;-0.00985783;-0.00962961
1985-03-28;0.00444497;0.00466935
1985-03-29;-0.00133336;-0.00110925
1985-04-01;0.00409171;0.00476157
1985-04-02;-0.00116677;-0.00094156
1985-04-03;0.00237722;0.00260078
1985-04-04;-0.00052009;-0.00029735
1985-04-05;-0.00284785;-0.00262511
1985-04-08;0.00124348;0.00191088
1985-04-09;-0.00170279;-0.00148115
1985-04-10;-0.00038863;-0.00016672
1985-04-11;-0.00027862;-0.00005835
1985-04-12;0.00059348;0.00081402
1985-04-15;-0.00064841;0.00001488
1985-04-16;-0.00755011;-0.00733285
1985-04-17;0.00471840;0.00493182
1985-04-18;-0.00663140;-0.00642016
1985-04-19;0.00163892;0.00185234
1985-04-22;0.00195746;0.00258787
1985-04-23;-0.00233039;-0.00211724
1985-04-24;0.00048613;0.00069846
1985-04-25;0.00037800;0.00059253
1985-04-26;0.00228915;0.00250312
1985-04-29;0.00136974;0.00201412
1985-04-30;0.00129622;0.00151129
1985-05-01;-0.00094957;-0.00073724
1985-05-02;-0.00029673;-0.00008412
1985-05-03;-0.00013427;0.00007723
1985-05-06;-0.00130780;-0.00067246
1985-05-07;0.00071567;0.00092827
1985-05-08;-0.00120833;-0.00099408
1985-05-09;-0.00032778;-0.00011572
1985-05-10;0.00084429;0.00105608
1985-05-13;-0.00020579;0.00042791
1985-05-14;0.00048476;0.00069297
1985-05-15;-0.00033798;-0.00013442
1985-05-16;0.00095664;0.00115856
1985-05-17;0.00054021;0.00074295
1985-05-20;0.00049046;0.00108717
1985-05-21;0.00081355;0.00101355
1985-05-22;-0.00083828;-0.00063856
1985-05-23;0.00081120;0.00100956
1985-05-24;-0.00014538;0.00005133
1985-05-27;0.00099518;0.00158532
1985-05-28;0.00212551;0.00232277
1985-05-29;0.00072957;0.00092793
1985-05-30;0.00004626;0.00024297
1985-05-31;0.00053301;0.00072863
1985-06-03;-0.00548174;-0.00490475
1985-06-04;0.00225693;0.00244762
1985-06-05;0.00158801;0.00177760
1985-06-06;0.00144282;0.00163405
1985-06-07;-0.00181296;-0.00161707
1985-06-10;-0.00107290;-0.00047865
1985-06-11;0.00020535;0.00040124
1985-06-12;-0.00238392;-0.00218967
1985-06-13;-0.00287754;-0.00268659
1985-06-14;0.00146729;0.00165085
1985-06-17;0.00053769;0.00109413
1985-06-18;0.00045070;0.00063317
1985-06-19;-0.00063072;-0.00044606
1985-06-20;-0.00197996;-0.00179283
1985-06-21;0.00309388;0.00328676
1985-06-24;0.00098323;0.00156350
1985-06-25;0.00144427;0.00163851
1985-06-26;0.00126719;0.00145870
1985-06-27;0.00041910;0.00060814
1985-06-28;0.00103871;0.00122584
1985-07-01;0.00095121;0.00151586
1985-07-02;-0.00060935;-0.00041894
1985-07-03;-0.00045414;-0.00026181
1985-07-04;0.00276661;0.00295894
1985-07-05;0.00109603;0.00128151
1985-07-08;0.00009056;0.00065933
1985-07-09;-0.00052424;-0.00033356
1985-07-10;0.00158429;0.00177443
1985-07-11;-0.00224201;-0.00204886
1985-07-12;0.00032641;0.00052065
1985-07-15;-0.00409303;-0.00351440
1985-07-16;0.00307431;0.00326609
1985-07-17;0.00391777;0.00410928
1985-07-18;-0.00175060;-0.00155471
1985-07-19;-0.00039041;-0.00019425
1985-07-22;-0.00190458;-0.00130951
1985-07-23;-0.00152123;-0.00132233
1985-07-24;-0.00151417;-0.00131582
1985-07-25;-0.00079953;-0.00060309
1985-07-26;0.00016329;0.00036028
1985-07-29;-0.00417505;-0.00357916
1985-07-30;-0.00405504;-0.00385559
1985-07-31;-0.00077096;-0.00057151
1985-08-01;-0.00413174;-0.00393257
1985-08-02;-0.00072870;-0.00052843
1985-08-05;-0.00027427;0.00032327
1985-08-06;-0.00421171;-0.00401280
1985-08-07;-0.00171546;-0.00151875
1985-08-08;0.00231824;0.00251468
1985-08-09;0.00012192;0.00031808
1985-08-12;0.00309413;0.00367769
1985-08-13;0.00044845;0.00064406
1985-08-14;-0.00116647;-0.00097222
1985-08-15;0.00053958;0.00073657
1985-08-16;-0.00006287;0.00013192
1985-08-19;-0.00032841;0.00025762
1985-08-20;0.00009724;0.00029231
1985-08-21;0.00022518;0.00041805
1985-08-22;0.00057032;0.00076293
1985-08-23;-0.00060027;-0.00040739
1985-08-26;0.00021923;0.00080032
1985-08-27;-0.00192467;-0.00173152
1985-08-28;0.00151879;0.00171222
1985-08-29;-0.00063783;-0.00044496
1985-08-30;-0.00156868;-0.00137306
1985-09-02;0.00023548;0.00082233
1985-09-03;-0.00098395;-0.00078916
1985-09-04;-0.00094297;-0.00074982
1985-09-05;-0.00182518;-0.00162983
1985-09-06;-0.00431205;-0.00411314
1985-09-09;-0.00065389;-0.00005800
1985-09-10;0.00164711;0.00184519
1985-09-11;0.00208352;0.00228187
1985-09-12;0.00120193;0.00140029
1985-09-13;0.00162014;0.00181768
1985-09-16;0.00018752;0.00077766
1985-09-17;0.00037940;0.00057666
1985-09-18;-0.00111351;-0.00091871
1985-09-19;0.00052007;0.00071432
1985-09-20;0.00250939;0.00270144
1985-09-23;0.00403100;0.00459730
1985-09-24;0.00112333;0.00131073
1985-09-25;-0.00008673;0.00010149
1985-09-26;-0.00134821;-0.00115807
1985-09-27;-0.00320652;-0.00301638
1985-09-30;0.00268282;0.00326145
1985-10-01;-0.00158547;-0.00139287
1985-10-02;-0.00165955;-0.00146722
1985-10-03;0.00095798;0.00114921
1985-10-04;0.00053151;0.00072302
1985-10-07;0.00074196;0.00132388
1985-10-08;-0.00021544;-0.00001928
1985-10-09;-0.00041762;-0.00022063
1985-10-10;0.00066103;0.00085884
1985-10-11;-0.00055726;-0.00036027
1985-10-14;-0.00082989;-0.00023893
1985-10-15;0.00161011;0.00180765
1985-10-16;-0.00075233;-0.00055480
1985-10-17;-0.00151986;-0.00132287
1985-10-18;0.00026057;0.00045783
1985-10-21;-0.00016745;0.00042515
1985-10-22;0.00008497;0.00028113
1985-10-23;-0.00051460;-0.00031679
1985-10-24;-0.00003786;0.00016077
1985-10-25;0.00027177;0.00047013
1985-10-28;0.00008964;0.00068225
1985-10-29;-0.00062300;-0.00042547
1985-10-30;0.00038471;0.00058170
1985-10-31;0.00029615;0.00049313
1985-11-01;-0.00175900;-0.00156174
1985-11-04;0.00323532;0.00382956
1985-11-05;0.00319909;0.00339745
1985-11-06;0.00313498;0.00333361
1985-11-07;-0.00311597;-0.00291597
1985-11-08;-0.00119611;-0.00099802
1985-11-11;0.00048650;0.00108074
1985-11-12;0.00072346;0.00092127
1985-11-13;-0.00021838;-0.00001893
1985-11-14;-0.00327585;-0.00307530
1985-11-15;-0.00064530;-0.00044393
1985-11-18;0.00113811;0.00173318
1985-11-19;-0.00210796;-0.00191043
1985-11-20;0.00056963;0.00076826
1985-11-21;0.00140327;0.00160135
1985-11-22;0.00079191;0.00098999
1985-11-25;-0.00012334;0.00046762
1985-11-26;0.00057615;0.00077341
1985-11-27;0.00127119;0.00146790
1985-11-28;-0.00470984;-0.00451313
1985-11-29;0.00232268;0.00251884
1985-12-02;0.00200953;0.00260624
1985-12-03;-0.00015975;0.00003834
1985-12-04;0.00178863;0.00198644
1985-12-05;0.00119893;0.00139783
1985-12-06;-0.00074786;-0.00054922
1985-12-09;0.00042868;0.00102046
1985-12-10;-0.00157945;-0.00138301
1985-12-11;-0.00250973;-0.00231658
1985-12-12;0.00137057;0.00156454
1985-12-13;0.00275161;0.00294284
1985-12-16;0.00284335;0.00342116
1985-12-17;0.00002456;0.00021634
1985-12-18;-0.00216628;-0.00197094
1985-12-19;0.00046033;0.00065485
1985-12-20;-0.00037873;-0.00018558
1985-12-23;-0.00051047;0.00007063
1985-12-24;-0.00132387;-0.00113072
1985-12-25;0.00295601;0.00314916
1985-12-26;0.00070606;0.00089811
1985-12-27;0.00145639;0.00164708
1985-12-30;0.00082093;0.00139134
1985-12-31;0.00032791;0.00052106
1986-01-02;-0.00068934;-0.00030030
1986-01-03;0.00179765;0.00199135
1986-01-06;-0.00038068;0.00019960
1986-01-07;-0.00327833;-0.00308573
1986-01-08;-0.00260518;-0.00240874
1986-01-09;-0.00489255;-0.00469583
1986-01-10;-0.00216965;-0.00197212
1986-01-13;0.00262974;0.00322481
1986-01-14;-0.00048390;-0.00028554
1986-01-15;0.00239853;0.00259552
1986-01-16;-0.00061245;-0.00041848
1986-01-17;-0.00175102;-0.00155623
1986-01-20;-0.00420793;-0.00362355
1986-01-21;-0.00259033;-0.00239800
1986-01-22;-0.00483764;-0.00464586
1986-01-23;-0.00061664;-0.00042568
1986-01-24;0.00534879;0.00553975
1986-01-27;0.00197794;0.00254917
1986-01-28;0.00404396;0.00423355
1986-01-29;-0.00267528;-0.00248268
1986-01-30;0.00099367;0.00118655
1986-01-31;0.00431211;0.00450307
1986-02-03;0.00450196;0.00507730
1986-02-04;0.00090425;0.00109549
1986-02-05;-0.00329670;-0.00310465
1986-02-06;-0.00572881;-0.00553429
1986-02-07;-0.00051354;-0.00031601
1986-02-10;-0.00313775;-0.00254597
1986-02-11;0.00009908;0.00029388
1986-02-12;0.00032275;0.00051755
1986-02-13;0.00202887;0.00222339
1986-02-14;0.00051687;0.00070920
1986-02-17;0.00345276;0.00402975
1986-02-18;0.00123917;0.00143150
1986-02-19;-0.00332684;-0.00313287
1986-02-20;-0.00054675;-0.00035196
1986-02-21;0.00109750;0.00128873
1986-02-24;-0.00044906;0.00012793
1986-02-25;0.00088324;0.00107639
1986-02-26;0.00128321;0.00147690
1986-02-27;0.00596794;0.00616055
1986-02-28;0.00550089;0.00569321
1986-03-03;0.00129951;0.00187239
1986-03-04;-0.00029854;-0.00011115
1986-03-05;-0.00255428;-0.00236660
1986-03-06;0.00298950;0.00317279
1986-03-07;0.00036124;0.00054233
1986-03-10;-0.00104065;-0.00049736
1986-03-11;0.00350912;0.00368912
1986-03-12;0.00363633;0.00381770
1986-03-13;0.00299344;0.00317399
1986-03-14;0.00224634;0.00242552
1986-03-17;0.00068877;0.00122795
1986-03-18;-0.00003656;0.00014262
1986-03-19;-0.00281340;-0.00263560
1986-03-20;0.00697941;0.00715584
1986-03-21;0.00325084;0.00342646
1986-03-24;-0.00021717;0.00030968
1986-03-25;-0.00368328;-0.00350849
1986-03-26;0.00641978;0.00659540
1986-03-27;0.00478491;0.00495861
1986-03-28;0.00002431;0.00019801
1986-03-31;0.00799898;0.00852008
1986-04-01;-0.00068817;-0.00051474
1986-04-02;-0.00247066;-0.00229696
1986-04-03;-0.00584862;-0.00567519
1986-04-04;-0.00464928;-0.00447859
1986-04-07;0.00104433;0.00155721
1986-04-08;0.00332057;0.00348851
1986-04-09;0.00071490;0.00087956
1986-04-10;0.00117688;0.00134182
1986-04-11;0.00234852;0.00251180
1986-04-14;0.00144617;0.00193192
1986-04-15;-0.00051376;-0.00035458
1986-04-16;0.00553888;0.00569696
1986-04-17;0.00301854;0.00317854
1986-04-18;0.00189180;0.00205262
1986-04-21;0.00197507;0.00245753
1986-04-22;0.00031691;0.00047992
1986-04-23;-0.00017123;-0.00000439
1986-04-24;0.00095619;0.00112359
1986-04-25;0.00121219;0.00138041
1986-04-28;0.00373955;0.00424092
1986-04-29;-0.00142088;-0.00125403
1986-04-30;-0.00167956;-0.00151244
1986-05-01;-0.00369762;-0.00353022
1986-05-02;-0.00086084;-0.00069234
1986-05-05;0.00531124;0.00580932
1986-05-06;-0.00166732;-0.00150156
1986-05-07;0.00057403;0.00073951
1986-05-08;0.00258952;0.00275500
1986-05-09;0.00077159;0.00093734
1986-05-12;0.00034306;0.00084689
1986-05-13;-0.00557563;-0.00540878
1986-05-14;-0.00389494;-0.00372809
1986-05-15;-0.00087129;-0.00070225
1986-05-16;-0.00066632;-0.00049618
1986-05-19;0.00072053;0.00123012
1986-05-20;0.00110432;0.00127500
1986-05-21;-0.00057759;-0.00040773
1986-05-22;-0.00091035;-0.00074049
1986-05-23;0.00207793;0.00224725
1986-05-26;0.00291038;0.00341833
1986-05-27;0.00364502;0.00381378
1986-05-28;0.00096297;0.00113256
1986-05-29;-0.00054579;-0.00037319
1986-05-30;-0.00335282;-0.00318022
1986-06-02;-0.00208996;-0.00156722
1986-06-03;-0.00044444;-0.00026883
1986-06-04;-0.00021899;-0.00004036
1986-06-05;0.00061241;0.00079076
1986-06-06;0.00048102;0.00065417
1986-06-09;-0.00154761;-0.00102488
1986-06-10;0.00022743;0.00039949
1986-06-11;0.00150413;0.00167783
1986-06-12;0.00050114;0.00067320
1986-06-13;0.00293520;0.00310424
1986-06-16;-0.00010252;0.00040049
1986-06-17;-0.00285589;-0.00268904
1986-06-18;0.00072112;0.00088797
1986-06-19;0.00007479;0.00024218
1986-06-20;0.00277346;0.00294058
1986-06-23;-0.00148062;-0.00097843
1986-06-24;0.00047305;0.00063962
1986-06-25;0.00116976;0.00133634
1986-06-26;-0.00028553;-0.00011896
1986-06-27;0.00075438;0.00091931
1986-06-30;0.00185674;0.00234661
1986-07-01;0.00264085;0.00280496
1986-07-02;-0.00011380;0.00005058
1986-07-03;0.00138650;0.00154842
1986-07-04;-0.00544091;-0.00527899
1986-07-07;-0.00389418;-0.00341171
1986-07-08;-0.00029047;-0.00012773
1986-07-09;-0.00289286;-0.00273177
1986-07-10;-0.00150099;-0.00134071
1986-07-11;-0.00017312;-0.00001559
1986-07-14;-0.00365351;-0.00317927
1986-07-15;-0.00052328;-0.00036520
1986-07-16;0.00136848;0.00152656
1986-07-17;0.00071184;0.00086938
1986-07-18;-0.00001871;0.00013773
1986-07-21;-0.00393289;-0.00346275
1986-07-22;0.00205526;0.00221225
1986-07-23;0.00373013;0.00388930
1986-07-24;0.00215651;0.00231569
1986-07-25;0.00092101;0.00108019
1986-07-28;-0.00332176;-0.00283765
1986-07-29;-0.00282607;-0.00266552
1986-07-30;0.00135048;0.00151076
1986-07-31;-0.00207354;-0.00191491
1986-08-01;-0.00203148;-0.00187340
1986-08-04;0.00108888;0.00155819
1986-08-05;-0.00274781;-0.00259137
1986-08-06;-0.00048212;-0.00032541
1986-08-07;0.00167658;0.00183329
1986-08-08;0.00089706;0.00105322
1986-08-11;0.00028820;0.00075423
1986-08-12;0.00136990;0.00152360
1986-08-13;-0.00028852;-0.00013592
1986-08-14;-0.00114153;-0.00098838
1986-08-15;0.00033118;0.00048351
1986-08-18;0.00057295;0.00103404
1986-08-19;-0.00077877;-0.00062644
1986-08-20;0.00332723;0.00347791
1986-08-21;-0.00056998;-0.00042286
1986-08-22;0.00068493;0.00083178
1986-08-25;0.00064029;0.00107344
1986-08-26;0.00054138;0.00068631
1986-08-27;-0.00064506;-0.00049931
1986-08-28;-0.00066610;-0.00052117
1986-08-29;-0.00046384;-0.00032219
1986-09-01;0.01113567;0.01156060
1986-09-02;-0.00286468;-0.00272249
1986-09-03;-0.00036005;-0.00021649
1986-09-04;0.00207373;0.00221593
1986-09-05;-0.00063766;-0.00049438
1986-09-08;-0.00319285;-0.00276217
1986-09-09;-0.00116452;-0.00102206
1986-09-10;0.00142464;0.00156601
1986-09-11;-0.00673142;-0.00658868
1986-09-12;-0.00541798;-0.00527634
1986-09-15;0.00330459;0.00372952
1986-09-16;-0.00751462;-0.00737407
1986-09-17;-0.00059894;-0.00045867
1986-09-18;0.00057999;0.00072328
1986-09-19;0.00033235;0.00047618
1986-09-22;0.00141168;0.00184319
1986-09-23;-0.00131668;-0.00117284
1986-09-24;0.00333622;0.00347978
1986-09-25;-0.00228053;-0.00213725
1986-09-26;-0.00001147;0.00013209
1986-09-29;-0.00045321;-0.00002089
1986-09-30;-0.00063994;-0.00049748
1986-10-01;-0.00133503;-0.00119284
1986-10-02;-0.00053455;-0.00039236
1986-10-03;-0.00088669;-0.00074724
1986-10-06;-0.00049522;-0.00008015
1986-10-07;0.00124059;0.00137922
1986-10-08;-0.00061334;-0.00047526
1986-10-09;0.00032479;0.00046342
1986-10-10;-0.00084966;-0.00071103
1986-10-13;-0.00135307;-0.00093718
1986-10-14;0.00042389;0.00056471
1986-10-15;-0.00150911;-0.00136719
1986-10-16;-0.00017218;-0.00002972
1986-10-17;0.00061161;0.00075600
1986-10-20;0.00066077;0.00109721
1986-10-21;-0.00107229;-0.00092681
1986-10-22;-0.00089497;-0.00074976
1986-10-23;-0.00088896;-0.00074485
1986-10-24;0.00060221;0.00074660
1986-10-27;-0.00035390;0.00007268
1986-10-28;-0.00020545;-0.00006298
1986-10-29;-0.00000214;0.00014032
1986-10-30;0.00058674;0.00072866
1986-10-31;0.00017420;0.00031667
1986-11-03;-0.00011007;0.00031815
1986-11-04;0.00033947;0.00048331
1986-11-05;-0.00155356;-0.00140945
1986-11-06;-0.00257705;-0.00243294
1986-11-07;0.00040555;0.00055130
1986-11-10;-0.00226523;-0.00181975
1986-11-11;0.00149808;0.00164657
1986-11-12;0.00007689;0.00022484
1986-11-13;-0.00330880;-0.00316085
1986-11-14;-0.00027515;-0.00012720
1986-11-17;-0.00059866;-0.00015482
1986-11-18;-0.00445524;-0.00430867
1986-11-19;0.00033416;0.00048019
1986-11-20;0.00455203;0.00469942
1986-11-21;0.00118898;0.00133583
1986-11-24;0.00234914;0.00279133
1986-11-25;0.00008506;0.00023273
1986-11-26;-0.00042870;-0.00028103
1986-11-27;-0.00117316;-0.00102549
1986-11-28;-0.00036730;-0.00021962
1986-12-01;-0.00008936;0.00035612
1986-12-02;0.00098763;0.00113585
1986-12-03;0.00085549;0.00100371
1986-12-04;0.00078919;0.00093714
1986-12-05;-0.00024171;-0.00009267
1986-12-08;0.00033063;0.00078350
1986-12-09;-0.00104468;-0.00089454
1986-12-10;0.00034270;0.00049311
1986-12-11;-0.00005920;0.00009121
1986-12-12;-0.00012271;0.00002770
1986-12-15;-0.00024546;0.00020660
1986-12-16;0.00097075;0.00112362
1986-12-17;-0.00067092;-0.00051640
1986-12-18;-0.00044541;-0.00029198
1986-12-19;0.00139497;0.00154593
1986-12-22;0.00020887;0.00066339
1986-12-23;-0.00239183;-0.00223977
1986-12-24;-0.00064329;-0.00049069
1986-12-25;-0.00096939;-0.00081679
1986-12-26;-0.00021343;-0.00006083
1986-12-29;-0.00105766;-0.00059163
1986-12-30;-0.00030759;-0.00015170
1986-12-31;-0.00054788;-0.00039254
1987-01-02;0.00406881;0.00437292
1987-01-05;0.00140687;0.00186303
1987-01-06;0.00160911;0.00176007
1987-01-07;0.00126951;0.00141828
1987-01-08;0.00220330;0.00235207
1987-01-09;0.00164304;0.00179044
1987-01-12;0.00383285;0.00427422
1987-01-13;-0.00221712;-0.00207027
1987-01-14;0.00436428;0.00451086
1987-01-15;0.00199599;0.00214284
1987-01-16;0.00324594;0.00339196
1987-01-19;0.00351572;0.00395380
1987-01-20;0.00406881;0.00421402
1987-01-21;0.00021197;0.00035744
1987-01-22;0.00365221;0.00379961
1987-01-23;-0.00263243;-0.00248449
1987-01-26;0.00319083;0.00364206
1987-01-27;0.00633497;0.00648538
1987-01-28;0.00288865;0.00303851
1987-01-29;-0.00131510;-0.00116497
1987-01-30;-0.00136524;-0.00121182
1987-02-02;0.00627693;0.00673803
1987-02-03;0.00005753;0.00021068
1987-02-04;0.00424140;0.00439564
1987-02-05;-0.00307150;-0.00291835
1987-02-06;-0.00362622;-0.00347116
1987-02-09;-0.00011332;0.00035681
1987-02-10;0.00079024;0.00094969
1987-02-11;-0.00189422;-0.00173367
1987-02-12;-0.00133434;-0.00117762
1987-02-13;0.00290427;0.00305907
1987-02-16;-0.00455470;-0.00409032
1987-02-17;0.01195906;0.01211577
1987-02-18;-0.00038472;-0.00023129
1987-02-19;0.00039395;0.00054327
1987-02-20;-0.00057203;-0.00042326
1987-02-23;-0.00218799;-0.00174087
1987-02-24;0.00173510;0.00188414
1987-02-25;0.00160147;0.00175078
1987-02-26;0.00154861;0.00169793
1987-02-27;0.00077766;0.00092698
1987-03-02;0.00522561;0.00567602
1987-03-03;-0.00066694;-0.00051516
1987-03-04;0.00427755;0.00442851
1987-03-05;0.00354885;0.00370008
1987-03-06;0.00100114;0.00115566
1987-03-09;-0.00220899;-0.00174543
1987-03-10;0.00208375;0.00223937
1987-03-11;0.00469197;0.00484786
1987-03-12;0.00288622;0.00304156
1987-03-13;-0.00402583;-0.00387185
1987-03-16;0.00108651;0.00155090
1987-03-17;0.00770755;0.00786015
1987-03-18;0.00224525;0.00239649
1987-03-19;-0.00013665;0.00001404
1987-03-20;0.00469707;0.00484830
1987-03-23;0.00249743;0.00295935
1987-03-24;-0.00074110;-0.00058741
1987-03-25;-0.00184297;-0.00169036
1987-03-26;0.00199885;0.00215145
1987-03-27;0.00085435;0.00100859
1987-03-30;-0.00795827;-0.00749307
1987-03-31;0.00291127;0.00306497
1987-04-01;0.00131935;0.00147113
1987-04-02;0.00433628;0.00448724
1987-04-03;0.00523876;0.00538945
1987-04-06;0.00226640;0.00271599
1987-04-07;-0.00209778;-0.00194682
1987-04-08;0.00062340;0.00077409
1987-04-09;0.00042977;0.00058731
1987-04-10;0.00253462;0.00269489
1987-04-13;-0.00673492;-0.00624012
1987-04-14;-0.00535222;-0.00519002
1987-04-15;0.00220329;0.00235891
1987-04-16;0.00437265;0.00452498
1987-04-17;-0.00069950;-0.00054717
1987-04-20;-0.00087561;-0.00042027
1987-04-21;0.00275690;0.00290758
1987-04-22;-0.00497490;-0.00482641
1987-04-23;0.00048085;0.00063126
1987-04-24;-0.00331912;-0.00316131
1987-04-27;-0.00467386;-0.00419879
1987-04-28;-0.00140870;-0.00124924
1987-04-29;0.00221223;0.00236867
1987-04-30;0.00446465;0.00461616
1987-05-01;0.00277942;0.00293284
1987-05-04;0.00099840;0.00146443
1987-05-05;0.00234325;0.00250242
1987-05-06;0.00082117;0.00097185
1987-05-07;0.00041066;0.00056216
1987-05-08;0.00074422;0.00089573
1987-05-11;-0.00254173;-0.00207734
1987-05-12;0.00091817;0.00107160
1987-05-13;-0.00008638;0.00006513
1987-05-14;0.00184323;0.00200021
1987-05-15;-0.00126095;-0.00109794
1987-05-18;-0.00207834;-0.00159588
1987-05-19;-0.00246968;-0.00231132
1987-05-20;-0.00346338;-0.00330749
1987-05-21;0.00126422;0.00141572
1987-05-22;0.00096770;0.00111975
1987-05-25;0.01004366;0.01049982
1987-05-26;-0.00246206;-0.00230836
1987-05-27;-0.00326006;-0.00310225
1987-05-28;0.00222355;0.00237780
1987-05-29;0.00224905;0.00240467
1987-06-01;-0.00100715;-0.00053866
1987-06-02;-0.00037733;-0.00021952
1987-06-03;0.00288236;0.00303825
1987-06-04;0.00065491;0.00080997
1987-06-05;-0.00070344;-0.00054782
1987-06-08;0.00289778;0.00336298
1987-06-09;0.00143626;0.00158722
1987-06-10;0.00151019;0.00166032
1987-06-11;0.00080622;0.00095800
1987-06-12;0.00076554;0.00091759
1987-06-15;-0.00137206;-0.00090768
1987-06-16;0.00139768;0.00155192
1987-06-17;0.00102672;0.00118152
1987-06-18;-0.00009966;0.00005513
1987-06-19;-0.00226614;-0.00211107
1987-06-22;-0.00244415;-0.00197894
1987-06-23;-0.00074665;-0.00058994
1987-06-24;0.00079989;0.00095961
1987-06-25;0.00034106;0.00050106
1987-06-26;-0.00060447;-0.00044611
1987-06-29;-0.00225299;-0.00178697
1987-06-30;-0.00291710;-0.00276011
1987-07-01;0.00004303;0.00019755
1987-07-02;0.00152594;0.00168100
1987-07-03;-0.00087651;-0.00072144
1987-07-06;-0.00348970;-0.00302367
1987-07-07;-0.00326848;-0.00311505
1987-07-08;0.00128535;0.00143795
1987-07-09;0.00168823;0.00184193
1987-07-10;0.00056829;0.00072144
1987-07-13;0.00084734;0.00130844
1987-07-14;0.00311861;0.00327066
1987-07-15;0.00091156;0.00106444
1987-07-16;0.00200594;0.00215882
1987-07-17;-0.00057307;-0.00042074
1987-07-20;-0.00408948;-0.00363331
1987-07-21;-0.00144229;-0.00128640
1987-07-22;0.00028450;0.00043957
1987-07-23;-0.00162563;-0.00147028
1987-07-24;0.00074087;0.00089840
1987-07-27;-0.00045442;0.00002311
1987-07-28;0.00003871;0.00019926
1987-07-29;0.00122952;0.00139062
1987-07-30;0.00176754;0.00193384
1987-07-31;0.00017604;0.00034234
1987-08-03;-0.00010256;0.00039470
1987-08-04;-0.00058283;-0.00042255
1987-08-05;0.00221985;0.00238012
1987-08-06;0.00532815;0.00548541
1987-08-07;0.00082574;0.00098601
1987-08-10;0.00288967;0.00337543
1987-08-11;0.00274457;0.00290731
1987-08-12;-0.00202911;-0.00186610
1987-08-13;0.00089128;0.00105457
1987-08-14;-0.00181320;-0.00164991
1987-08-17;-0.00044098;0.00005053
1987-08-18;-0.00558749;-0.00542256
1987-08-19;0.00213606;0.00230154
1987-08-20;0.00553331;0.00570070
1987-08-21;0.00168154;0.00184866
1987-08-24;-0.00083030;-0.00032318
1987-08-25;0.00314941;0.00331872
1987-08-26;-0.00121941;-0.00104818
1987-08-27;-0.00002387;0.00014845
1987-08-28;-0.00349008;-0.00331720
1987-08-31;0.00044825;0.00096195
1987-09-01;-0.00297401;-0.00280634
1987-09-02;-0.00092972;-0.00076287
1987-09-03;-0.00141355;-0.00124396
1987-09-04;-0.00199279;-0.00181799
1987-09-07;-0.01613312;-0.01560874
1987-09-08;-0.00235773;-0.00218129
1987-09-09;-0.00260817;-0.00243201
1987-09-10;0.00261466;0.00278808
1987-09-11;0.00486118;0.00503516
1987-09-14;-0.00093964;-0.00041855
1987-09-15;-0.00358060;-0.00340690
1987-09-16;-0.00247692;-0.00230322
1987-09-17;0.00101432;0.00118912
1987-09-18;0.00073756;0.00091345
1987-09-21;-0.00577189;-0.00523682
1987-09-22;0.00531323;0.00549104
1987-09-23;0.00330237;0.00347963
1987-09-24;-0.00012723;0.00004839
1987-09-25;0.00210264;0.00228072
1987-09-28;0.00419595;0.00473267
1987-09-29;-0.00169594;-0.00151265
1987-09-30;0.00010358;0.00028468
1987-10-01;0.00069276;0.00087441
1987-10-02;0.00023862;0.00042109
1987-10-05;0.00057588;0.00112492
1987-10-06;-0.00038901;-0.00020956
1987-10-07;-0.00126348;-0.00108376
1987-10-08;0.00061842;0.00080171
1987-10-09;-0.00129705;-0.00111211
1987-10-12;-0.00212308;-0.00156829
1987-10-13;0.00196562;0.00215027
1987-10-14;-0.00085328;-0.00065629
1987-10-15;-0.00076484;-0.00057114
1987-10-16;-0.00257687;-0.00238700
1987-10-19;-0.01475751;-0.01423230
1987-10-20;-0.02382653;-0.02366598
1987-10-21;0.01807364;0.01822706
1987-10-22;-0.00285015;-0.00270330
1987-10-23;-0.00404255;-0.00389761
1987-10-26;-0.01085579;-0.01042675
1987-10-27;0.00430158;0.00444487
1987-10-28;0.00095334;0.00109307
1987-10-29;0.00551986;0.00565767
1987-10-30;0.00655698;0.00670136
1987-11-02;0.00099613;0.00145804
1987-11-03;0.00045857;0.00061282
1987-11-04;0.00072612;0.00087791
1987-11-05;0.00268064;0.00283352
1987-11-06;0.00046627;0.00062326
1987-11-09;0.00192027;0.00238877
1987-11-10;0.00035467;0.00051001
1987-11-11;0.00026592;0.00042127
1987-11-12;-0.00397231;-0.00381259
1987-11-13;0.00045930;0.00062121
1987-11-16;-0.00205449;-0.00157202
1987-11-17;0.00132631;0.00148741
1987-11-18;0.00061993;0.00077801
1987-11-19;0.00201686;0.00217193
1987-11-20;-0.00013854;0.00001817
1987-11-23;0.00220620;0.00268127
1987-11-24;-0.00306848;-0.00291040
1987-11-25;0.00222918;0.00238534
1987-11-26;-0.00019673;-0.00004057
1987-11-27;0.00223828;0.00239253
1987-11-30;0.00192382;0.00235204
1987-12-01;-0.00219479;-0.00204273
1987-12-02;-0.00087355;-0.00072314
1987-12-03;0.00174443;0.00189128
1987-12-04;-0.00030044;-0.00015168
1987-12-07;-0.00157109;-0.00109274
1987-12-08;-0.00063969;-0.00047914
1987-12-09;0.00020972;0.00036944
1987-12-10;0.00418646;0.00434865
1987-12-11;0.00062698;0.00078752
1987-12-14;-0.00241452;-0.00193370
1987-12-15;-0.00100989;-0.00084743
1987-12-16;-0.00149817;-0.00133543
1987-12-17;0.00186893;0.00203139
1987-12-18;-0.00285243;-0.00269161
1987-12-21;-0.00033475;0.00014771
1987-12-22;0.00068097;0.00084344
1987-12-23;-0.00173508;-0.00157672
1987-12-24;0.00078962;0.00094688
1987-12-25;-0.00134588;-0.00118862
1987-12-28;0.00493499;0.00540349
1987-12-29;-0.00031058;-0.00015058
1987-12-30;-0.00083040;-0.00067396
1987-12-31;0.00429333;0.00444894
1988-01-04;0.00026849;0.00091288
1988-01-05;-0.00463610;-0.00447363
1988-01-06;-0.00145231;-0.00129231
1988-01-07;0.00155104;0.00170940
1988-01-08;-0.00140521;-0.00124439
1988-01-11;0.00107932;0.00154699
1988-01-12;0.00057913;0.00073830
1988-01-13;-0.00011831;0.00004032
1988-01-14;-0.00161723;-0.00145614
1988-01-15;-0.00296719;-0.00280609
1988-01-18;-0.00028784;0.00019545
1988-01-19;0.00173485;0.00189814
1988-01-20;0.00203557;0.00219474
1988-01-21;0.00047651;0.00063596
1988-01-22;-0.00051759;-0.00035841
1988-01-25;-0.00055828;-0.00007911
1988-01-26;-0.00040079;-0.00024134
1988-01-27;0.00077850;0.00093576
1988-01-28;0.00075534;0.00091096
1988-01-29;-0.00162980;-0.00147528
1988-02-01;0.00043825;0.00090346
1988-02-02;0.00017646;0.00033290
1988-02-03;-0.00082771;-0.00067127
1988-02-04;0.00132116;0.00147595
1988-02-05;0.00074192;0.00089644
1988-02-08;0.00061853;0.00108210
1988-02-09;-0.00042279;-0.00026936
1988-02-10;0.00032424;0.00047794
1988-02-11;0.00115042;0.00130467
1988-02-12;0.00100783;0.00116537
1988-02-15;0.00167687;0.00214947
1988-02-16;-0.00018168;-0.00002415
1988-02-17;0.00097424;0.00113150
1988-02-18;-0.00043373;-0.00027784
1988-02-19;0.00013868;0.00029429
1988-02-22;0.00009630;0.00056151
1988-02-23;0.00121209;0.00136634
1988-02-24;0.00164139;0.00179536
1988-02-25;0.00002420;0.00017845
1988-02-26;0.00082613;0.00097928
1988-02-29;0.00137218;0.00183410
1988-03-01;0.00210565;0.00225963
1988-03-02;0.00216735;0.00232105
1988-03-03;0.00109802;0.00125144
1988-03-04;-0.00046984;-0.00031340
1988-03-07;-0.00041761;0.00005253
1988-03-08;0.00057112;0.00072839
1988-03-09;-0.00018367;-0.00002668
1988-03-10;-0.00154240;-0.00138487
1988-03-11;0.00036136;0.00051834
1988-03-14;-0.00114781;-0.00067931
1988-03-15;0.00094670;0.00110040
1988-03-16;0.00354156;0.00369526
1988-03-17;0.00160921;0.00176264
1988-03-18;0.00166247;0.00181754
1988-03-21;-0.00054078;-0.00006900
1988-03-22;0.00048961;0.00064796
1988-03-23;0.00156600;0.00172573
1988-03-24;-0.00070329;-0.00054466
1988-03-25;-0.00202925;-0.00187308
1988-03-28;0.00016345;0.00063523
1988-03-29;0.00207432;0.00223158
1988-03-30;0.00125793;0.00141546
1988-03-31;0.00105966;0.00121610
1988-04-01;-0.00080298;-0.00064654
1988-04-04;0.00063476;0.00111559
1988-04-05;-0.00190264;-0.00173826
1988-04-06;-0.00146879;-0.00130303
1988-04-07;-0.00177552;-0.00160977
1988-04-08;-0.00035191;-0.00018697
1988-04-11;0.00303911;0.00353555
1988-04-12;-0.00012118;0.00004129
1988-04-13;-0.00091847;-0.00075793
1988-04-14;0.00664709;0.00680435
1988-04-15;0.00106813;0.00122923
1988-04-18;0.00129895;0.00177978
1988-04-19;-0.00196693;-0.00180775
1988-04-20;0.00392632;0.00408632
1988-04-21;-0.00154109;-0.00138137
1988-04-22;0.00063947;0.00079920
1988-04-25;-0.00007008;0.00041074
1988-04-26;0.00075148;0.00091313
1988-04-27;-0.00002576;0.00013506
1988-04-28;0.00062587;0.00078916
1988-04-29;0.00142106;0.00158490
1988-05-02;0.00158840;0.00208813
1988-05-03;0.00156623;0.00173417
1988-05-04;0.00046150;0.00062972
1988-05-05;-0.00017295;-0.00000363
1988-05-06;-0.00256430;-0.00239197
1988-05-09;-0.00129583;-0.00077720
1988-05-10;0.00266449;0.00283819
1988-05-11;-0.00121718;-0.00104567
1988-05-12;0.00006041;0.00023054
1988-05-13;0.00235890;0.00252822
1988-05-16;0.00185690;0.00236649
1988-05-17;-0.00383817;-0.00366557
1988-05-18;-0.00149927;-0.00132913
1988-05-19;-0.00136780;-0.00119930
1988-05-20;0.00299911;0.00317007
1988-05-23;-0.00084466;-0.00033096
1988-05-24;0.00069906;0.00087193
1988-05-25;0.00180676;0.00198018
1988-05-26;0.00465816;0.00483405
1988-05-27;0.00052851;0.00070494
1988-05-30;-0.00183269;-0.00130338
1988-05-31;0.00358607;0.00376224
1988-06-01;0.00261386;0.00279112
1988-06-02;-0.00238365;-0.00220721
1988-06-03;0.00056678;0.00074377
1988-06-06;-0.00255658;-0.00202563
1988-06-07;0.00121281;0.00138897
1988-06-08;0.00168250;0.00185756
1988-06-09;0.00123227;0.00140870
1988-06-10;-0.00039359;-0.00021687
1988-06-13;-0.00123619;-0.00070688
1988-06-14;-0.00178366;-0.00160969
1988-06-15;0.00214423;0.00231793
1988-06-16;0.00144216;0.00161448
1988-06-17;0.00332283;0.00349735
1988-06-20;0.00138489;0.00190845
1988-06-21;-0.00049735;-0.00031763
1988-06-22;-0.00384698;-0.00366835
1988-06-23;0.00076578;0.00094441
1988-06-24;0.00018538;0.00036373
1988-06-27;-0.00408399;-0.00354481
1988-06-28;-0.00365371;-0.00347289
1988-06-29;-0.00505912;-0.00487885
1988-06-30;0.00316021;0.00333994
1988-07-01;-0.00367802;-0.00349857
1988-07-04;-0.00303050;-0.00249215
1988-07-05;0.00358673;0.00376646
1988-07-06;0.00272989;0.00290880
1988-07-07;0.00033169;0.00051115
1988-07-08;-0.00065562;-0.00047315
1988-07-11;0.00051144;0.00105473
1988-07-12;-0.00028262;-0.00009824
1988-07-13;0.00047153;0.00065564
1988-07-14;0.00065801;0.00084239
1988-07-15;-0.00163979;-0.00145569
1988-07-18;-0.00065866;-0.00011126
1988-07-19;-0.00145675;-0.00127347
1988-07-20;0.00371757;0.00390141
1988-07-21;-0.00101689;-0.00083114
1988-07-22;-0.00316158;-0.00297692
1988-07-25;-0.00280722;-0.00224832
1988-07-26;0.00008895;0.00027772
1988-07-27;0.00188038;0.00207216
1988-07-28;0.00009791;0.00028942
1988-07-29;0.00136359;0.00155400
1988-08-01;0.00261024;0.00317818
1988-08-02;0.00050508;0.00069412
1988-08-03;0.00088800;0.00107704
1988-08-04;-0.00037333;-0.00018593
1988-08-05;-0.00051862;-0.00032903
1988-08-08;-0.00269395;-0.00213176
1988-08-09;-0.00203239;-0.00183896
1988-08-10;-0.00451253;-0.00432102
1988-08-11;0.00205311;0.00224517
1988-08-12;0.00136511;0.00155717
1988-08-15;-0.00045771;0.00011681
1988-08-16;-0.00090945;-0.00071602
1988-08-17;-0.00051715;-0.00032455
1988-08-18;0.00083825;0.00103058
1988-08-19;0.00232408;0.00251751
1988-08-22;-0.00174623;-0.00116596
1988-08-23;-0.00074599;-0.00054983
1988-08-24;-0.00078577;-0.00058905
1988-08-25;0.00042380;0.00062243
1988-08-26;-0.00312047;-0.00291965
1988-08-29;-0.00230187;-0.00170022
1988-08-30;0.00072924;0.00092924
1988-08-31;-0.00125450;-0.00105450
1988-09-01;0.00188752;0.00208698
1988-09-02;-0.00441304;-0.00421523
1988-09-05;-0.00111402;-0.00052059
1988-09-06;0.00040484;0.00060374
1988-09-07;-0.00045273;-0.00025191
1988-09-08;-0.00022373;-0.00002319
1988-09-09;-0.00145980;-0.00126035
1988-09-12;-0.00086243;-0.00026818
1988-09-13;-0.00156010;-0.00136366
1988-09-14;-0.00192794;-0.00173177
1988-09-15;0.00277285;0.00296928
1988-09-16;-0.00232530;-0.00212941
1988-09-19;-0.00086852;-0.00028249
1988-09-20;-0.00030422;-0.00010696
1988-09-21;-0.00205747;-0.00186048
1988-09-22;0.00157164;0.00176890
1988-09-23;0.00048206;0.00068014
1988-09-26;0.00072949;0.00132949
1988-09-27;0.00013610;0.00033692
1988-09-28;-0.00131644;-0.00111535
1988-09-29;-0.00217191;-0.00197219
1988-09-30;-0.00086867;-0.00067004
1988-10-03;0.00048065;0.00107572
1988-10-04;-0.00050952;-0.00031144
1988-10-05;0.00028992;0.00048772
1988-10-06;-0.00242824;-0.00222824
1988-10-07;0.00200492;0.00220410
1988-10-10;0.00046850;0.00106603
1988-10-11;0.00077653;0.00097626
1988-10-12;-0.00057696;-0.00037750
1988-10-13;-0.00023558;-0.00003448
1988-10-14;0.00095729;0.00115783
1988-10-17;-0.00003588;0.00056659
1988-10-18;0.00083898;0.00104062
1988-10-19;-0.00050922;-0.00030566
1988-10-20;0.00101419;0.00121830
1988-10-21;-0.00056284;-0.00035900
1988-10-24;0.00053211;0.00114937
1988-10-25;-0.00001472;0.00018911
1988-10-26;0.00096164;0.00116466
1988-10-27;-0.00050950;-0.00030730
1988-10-28;-0.00006321;0.00013871
1988-10-31;-0.00292737;-0.00232244
1988-11-01;0.00079914;0.00100023
1988-11-02;0.00159583;0.00179774
1988-11-03;0.00117794;0.00138067
1988-11-04;-0.00276454;-0.00256043
1988-11-07;0.00149573;0.00211052
1988-11-08;-0.00011541;0.00009253
1988-11-09;0.00429741;0.00450480
1988-11-10;0.00004829;0.00025760
1988-11-11;-0.00008157;0.00012774
1988-11-14;0.00261396;0.00325341
1988-11-15;0.00291091;0.00312872
1988-11-16;0.00084268;0.00106022
1988-11-17;0.00126946;0.00148645
1988-11-18;0.00013826;0.00035580
1988-11-21;0.00045117;0.00110789
1988-11-22;0.00167940;0.00189858
1988-11-23;0.00188603;0.00210548
1988-11-24;-0.00158530;-0.00136585
1988-11-25;0.00053122;0.00075122
1988-11-28;-0.00200983;-0.00135394
1988-11-29;0.00422472;0.00444362
1988-11-30;0.00080484;0.00101936
1988-12-01;-0.00114202;-0.00092696
1988-12-02;-0.00006079;0.00016030
1988-12-05;0.00368528;0.00434363
1988-12-06;-0.00011716;0.00010065
1988-12-07;-0.00547768;-0.00525877
1988-12-08;-0.00677258;-0.00655395
1988-12-09;0.00800660;0.00822249
1988-12-12;-0.00354693;-0.00289762
1988-12-13;-0.00383840;-0.00361648
1988-12-14;0.00205544;0.00227790
1988-12-15;-0.00178426;-0.00155988
1988-12-16;-0.00405594;-0.00383238
1988-12-19;0.00316589;0.00383904
1988-12-20;-0.00226554;-0.00204143
1988-12-21;0.00113497;0.00135689
1988-12-22;0.00025539;0.00047594
1988-12-23;-0.00067049;-0.00044994
1988-12-26;0.00516788;0.00582953
1988-12-27;0.00351454;0.00373783
1988-12-28;-0.00160334;-0.00137703
1988-12-29;0.00057177;0.00079451
1988-12-30;0.00168023;0.00190215
1989-01-02;0.00022192;0.00088767
1989-01-03;-0.00130324;-0.00108022
1989-01-04;0.00308693;0.00331296
1989-01-05;0.00019693;0.00042350
1989-01-06;0.00033773;0.00056486
1989-01-09;0.00278041;0.00346096
1989-01-10;0.00110753;0.00133493
1989-01-11;0.00074077;0.00096652
1989-01-12;0.00094452;0.00117082
1989-01-13;0.00104426;0.00126919
1989-01-16;-0.00000886;0.00066593
1989-01-17;-0.00082848;-0.00060273
1989-01-18;0.00286457;0.00309088
1989-01-19;0.00076707;0.00099255
1989-01-20;-0.00128206;-0.00105631
1989-01-23;-0.00074017;-0.00006045
1989-01-24;0.00345550;0.00368043
1989-01-25;0.00031889;0.00054601
1989-01-26;0.00132045;0.00154895
1989-01-27;0.00139589;0.00162411
1989-01-30;0.00052391;0.00120445
1989-01-31;0.00170743;0.00193730
1989-02-01;-0.00207574;-0.00184643
1989-02-02;0.00221176;0.00244135
1989-02-03;0.00120379;0.00143612
1989-02-06;0.00146928;0.00217038
1989-02-07;0.00334254;0.00357624
1989-02-08;-0.00058208;-0.00034838
1989-02-09;-0.00320621;-0.00297388
1989-02-10;-0.00386001;-0.00362576
1989-02-13;-0.00087147;-0.00016873
1989-02-14;-0.00186206;-0.00162754
1989-02-15;0.00168671;0.00191931
1989-02-16;-0.00423739;-0.00400451
1989-02-17;-0.00100530;-0.00077297
1989-02-20;-0.00048472;0.00021226
1989-02-21;-0.00097073;-0.00073867
1989-02-22;-0.00232595;-0.00209225
1989-02-23;0.00089467;0.00113056
1989-02-24;-0.00391436;-0.00367738
1989-02-27;-0.00476666;-0.00405323
1989-02-28;0.00033053;0.00056916
1989-03-01;0.00137831;0.00161557
1989-03-02;0.00150868;0.00174594
1989-03-03;0.00042878;0.00066522
1989-03-06;0.00055568;0.00126006
1989-03-07;0.00010010;0.00033626
1989-03-08;-0.00106599;-0.00083010
1989-03-09;-0.00167641;-0.00143915
1989-03-10;-0.00029879;-0.00005934
1989-03-13;-0.00028683;0.00043317
1989-03-14;-0.00052260;-0.00028425
1989-03-15;0.00313164;0.00336917
1989-03-16;0.00103462;0.00127297
1989-03-17;-0.00442227;-0.00417981
1989-03-20;-0.00495654;-0.00421764
1989-03-21;0.00073186;0.00098090
1989-03-22;-0.00267260;-0.00242575
1989-03-23;0.00045581;0.00070348
1989-03-24;0.00046730;0.00071497
1989-03-27;0.00071355;0.00146150
1989-03-28;0.00738787;0.00763637
1989-03-29;0.00313769;0.00338317
1989-03-30;0.00117000;0.00141521
1989-03-31;0.00139576;0.00163959
1989-04-03;0.00133523;0.00206016
1989-04-04;-0.00191535;-0.00167398
1989-04-05;0.00093847;0.00118012
1989-04-06;-0.00167334;-0.00143115
1989-04-07;0.00319385;0.00343494
1989-04-10;-0.00067933;0.00003821
1989-04-11;0.00350107;0.00373888
1989-04-12;0.00100855;0.00124581
1989-04-13;-0.00287538;-0.00263511
1989-04-14;0.00341629;0.00365218
1989-04-17;-0.00105626;-0.00034859
1989-04-18;0.00210453;0.00233549
1989-04-19;0.00221345;0.00244440
1989-04-20;-0.00252707;-0.00229036
1989-04-21;0.00117411;0.00141082
1989-04-24;-0.00118994;-0.00047734
1989-04-25;0.00074027;0.00097671
1989-04-26;0.00233808;0.00257178
1989-04-27;0.00267989;0.00291030
1989-04-28;0.00069313;0.00092354
1989-05-01;0.00035459;0.00106309
1989-05-02;-0.00096990;-0.00073484
1989-05-03;0.00110958;0.00134328
1989-05-04;-0.00014337;0.00009033
1989-05-05;0.00259381;0.00282477
1989-05-08;-0.00072857;-0.00003076
1989-05-09;-0.00156675;-0.00133387
1989-05-10;-0.00000988;0.00022354
1989-05-11;0.00087994;0.00111062
1989-05-12;0.00273155;0.00295648
1989-05-15;0.00154445;0.00222171
1989-05-16;-0.00021705;0.00000842
1989-05-17;0.00336683;0.00359368
1989-05-18;0.00024167;0.00047126
1989-05-19;0.00295420;0.00318297
1989-05-22;0.00139684;0.00208068
1989-05-23;-0.00364191;-0.00341506
1989-05-24;0.00243876;0.00266807
1989-05-25;-0.00066686;-0.00043289
1989-05-26;0.00287185;0.00310527
1989-05-29;0.00018155;0.00088182
1989-05-30;0.00108570;0.00132077
1989-05-31;0.00170084;0.00193673
1989-06-01;-0.00038725;-0.00015136
1989-06-02;-0.00050933;-0.00028029
1989-06-05;-0.00450145;-0.00382254
1989-06-06;0.00170478;0.00192834
1989-06-07;0.00440120;0.00462422
1989-06-08;0.00223910;0.00246157
1989-06-09;0.00185633;0.00208154
1989-06-12;0.00150473;0.00217789
1989-06-13;-0.00350905;-0.00328549
1989-06-14;0.00113935;0.00136182
1989-06-15;-0.00779894;-0.00757729
1989-06-16;-0.00118043;-0.00095742
1989-06-19;-0.00034665;0.00032321
1989-06-20;0.00103683;0.00126012
1989-06-21;-0.00245538;-0.00223264
1989-06-22;0.00066966;0.00089295
1989-06-23;0.00294251;0.00316305
1989-06-26;0.00128669;0.00195244
1989-06-27;-0.00176821;-0.00154766
1989-06-28;-0.00018123;0.00003905
1989-06-29;-0.00638977;-0.00617197
1989-06-30;-0.00250538;-0.00228648
1989-07-03;-0.00115885;-0.00050378
1989-07-04;0.00704244;0.00726080
1989-07-05;-0.00362588;-0.00341273
1989-07-06;-0.00034990;-0.00013702
1989-07-07;0.00267551;0.00288729
1989-07-10;0.00003034;0.00066732
1989-07-11;0.00010244;0.00031504
1989-07-12;0.00072693;0.00093871
1989-07-13;0.00018908;0.00040195
1989-07-14;0.00228411;0.00249890
1989-07-17;-0.00015786;0.00049310
1989-07-18;-0.00272165;-0.00250494
1989-07-19;0.00383690;0.00405416
1989-07-20;-0.00028664;-0.00006829
1989-07-21;0.00176139;0.00198385
1989-07-24;-0.00061535;0.00005040
1989-07-25;-0.00040034;-0.00018034
1989-07-26;0.00034011;0.00055984
1989-07-27;0.00041521;0.00063165
1989-07-28;0.00043777;0.00065311
1989-07-31;-0.00133373;-0.00069264
1989-08-01;0.00223087;0.00243991
1989-08-02;0.00011884;0.00032788
1989-08-03;0.00117294;0.00138226
1989-08-04;-0.00078675;-0.00057113
1989-08-07;0.00383650;0.00448992
1989-08-08;0.00240216;0.00261970
1989-08-09;-0.00095735;-0.00074064
1989-08-10;-0.00003862;0.00017672
1989-08-11;-0.00242271;-0.00220463
1989-08-14;-0.00430570;-0.00364324
1989-08-15;-0.00078430;-0.00056430
1989-08-16;0.00365359;0.00387112
1989-08-17;-0.00181376;-0.00159787
1989-08-18;-0.00131793;-0.00110258
1989-08-21;0.00216918;0.00282013
1989-08-22;0.00114205;0.00136260
1989-08-23;-0.00020067;0.00001851
1989-08-24;0.00309279;0.00331087
1989-08-25;0.00151571;0.00173380
1989-08-28;-0.00002882;0.00062707
1989-08-29;-0.00233901;-0.00212257
1989-08-30;-0.00204096;-0.00182535
1989-08-31;0.00091757;0.00113373
1989-09-01;0.00284349;0.00305884
1989-09-04;0.00357652;0.00422254
1989-09-05;0.00192444;0.00214033
1989-09-06;-0.00341182;-0.00319758
1989-09-07;-0.00096105;-0.00074735
1989-09-08;0.00096948;0.00118263
1989-09-11;-0.00115095;-0.00051889
1989-09-12;0.00033749;0.00054626
1989-09-13;-0.00317218;-0.00296424
1989-09-14;-0.00209975;-0.00189208
1989-09-15;0.00144861;0.00165492
1989-09-18;-0.00209477;-0.00146929
1989-09-19;0.00076989;0.00097975
1989-09-20;-0.00005034;0.00016364
1989-09-21;0.00010504;0.00031956
1989-09-22;0.00186499;0.00207759
1989-09-25;-0.00242685;-0.00178411
1989-09-26;-0.00085692;-0.00064431
1989-09-27;-0.00166234;-0.00144782
1989-09-28;0.00332846;0.00354407
1989-09-29;-0.00124909;-0.00103237
1989-10-02;0.00138490;0.00203340
1989-10-03;-0.00036455;-0.00015140
1989-10-04;0.00208690;0.00230005
1989-10-05;0.00129330;0.00150590
1989-10-06;0.00022400;0.00043167
1989-10-09;0.00396078;0.00458379
1989-10-10;-0.00119932;-0.00099028
1989-10-11;-0.00304137;-0.00283041
1989-10-12;-0.00338489;-0.00317393
1989-10-13;-0.00661677;-0.00640828
1989-10-16;-0.00763929;-0.00702778
1989-10-17;0.00522913;0.00543270
1989-10-18;0.00309519;0.00330067
1989-10-19;0.00598284;0.00619024
1989-10-20;-0.00001082;0.00019603
1989-10-23;-0.00133035;-0.00070816
1989-10-24;-0.00235277;-0.00214729
1989-10-25;-0.00115589;-0.00094877
1989-10-26;-0.00123685;-0.00102863
1989-10-27;-0.00477519;-0.00456258
1989-10-30;-0.00056073;0.00007625
1989-10-31;0.00368283;0.00389571
1989-11-01;-0.00045761;-0.00024446
1989-11-02;0.00117612;0.00138790
1989-11-03;-0.00018425;0.00003054
1989-11-06;-0.00035565;0.00029120
1989-11-07;0.00017404;0.00038637
1989-11-08;0.00066617;0.00087685
1989-11-09;0.00087069;0.00108165
1989-11-10;-0.00039048;-0.00017924
1989-11-13;0.00031396;0.00094683
1989-11-14;-0.00098436;-0.00077450
1989-11-15;-0.00099102;-0.00078170
1989-11-16;0.00100737;0.00121723
1989-11-17;0.00077767;0.00098808
1989-11-20;-0.00007034;0.00056089
1989-11-21;-0.00003490;0.00017414
1989-11-22;0.00028660;0.00049455
1989-11-23;-0.00096392;-0.00075598
1989-11-24;0.00188009;0.00208585
1989-11-27;0.00031593;0.00094552
1989-11-28;0.00007048;0.00028172
1989-11-29;0.00004678;0.00025664
1989-11-30;0.00115422;0.00136216
1989-12-01;-0.00021357;-0.00000726
1989-12-04;0.00206781;0.00268835
1989-12-05;0.00063885;0.00084598
1989-12-06;-0.00022137;-0.00001206
1989-12-07;0.00050319;0.00071388
1989-12-08;-0.00069132;-0.00048283
1989-12-11;-0.00360258;-0.00297463
1989-12-12;-0.00173603;-0.00152617
1989-12-13;0.00291117;0.00312186
1989-12-14;-0.00194643;-0.00173766
1989-12-15;-0.00027684;-0.00006808
1989-12-18;-0.00095345;-0.00032879
1989-12-19;-0.00062785;-0.00041771
1989-12-20;0.00074752;0.00095492
1989-12-21;0.00002073;0.00022785
1989-12-22;-0.00025083;-0.00004288
1989-12-25;0.01011583;0.01073966
1989-12-26;0.00059336;0.00080596
1989-12-27;0.00262521;0.00283699
1989-12-28;0.00254451;0.00275492
1989-12-29;0.00119633;0.00140318
1990-01-02;0.00093441;0.00176509
1990-01-03;0.00073098;0.00094002
1990-01-04;-0.00158381;-0.00137586
1990-01-05;-0.00252378;-0.00231721
1990-01-08;0.00128518;0.00190491
1990-01-09;-0.00253276;-0.00232591
1990-01-10;-0.00136435;-0.00115887
1990-01-11;0.00260503;0.00281188
1990-01-12;-0.00442705;-0.00422157
1990-01-15;-0.00324418;-0.00262774
1990-01-16;-0.00542600;-0.00521696
1990-01-17;-0.00068557;-0.00047433
1990-01-18;-0.00371237;-0.00349922
1990-01-19;-0.00164336;-0.00143131
1990-01-22;-0.00241664;-0.00178130
1990-01-23;0.00103909;0.00124923
1990-01-24;-0.00886040;-0.00865026
1990-01-25;-0.00009606;0.00011462
1990-01-26;-0.00175728;-0.00154687
1990-01-29;0.00400737;0.00464354
1990-01-30;-0.00144923;-0.00123717
1990-01-31;0.00383544;0.00404750
1990-02-01;0.00080348;0.00101608
1990-02-02;0.00180576;0.00201973
1990-02-05;0.00302850;0.00367124
1990-02-06;-0.00035275;-0.00013851
1990-02-07;0.00089927;0.00111324
1990-02-08;0.00191909;0.00213306
1990-02-09;-0.00023235;-0.00001974
1990-02-12;-0.00008107;0.00055427
1990-02-13;-0.00092606;-0.00071839
1990-02-14;0.00267143;0.00287992
1990-02-15;-0.00125949;-0.00104826
1990-02-16;-0.00166460;-0.00145392
1990-02-19;-0.00161743;-0.00098538
1990-02-20;-0.00081579;-0.00060210
1990-02-21;-0.00193496;-0.00172263
1990-02-22;-0.00250024;-0.00228846
1990-02-23;-0.00170124;-0.00149083
1990-02-26;-0.00457000;-0.00393630
1990-02-27;0.00155912;0.00177090
1990-02-28;-0.00010638;0.00010650
1990-03-01;-0.00110678;-0.00089281
1990-03-02;0.00100205;0.00121465
1990-03-05;-0.00054727;0.00009547
1990-03-06;-0.00015127;0.00006517
1990-03-07;0.00005573;0.00027244
1990-03-08;0.00001449;0.00023121
1990-03-09;-0.00143739;-0.00121848
1990-03-12;0.00036979;0.00102650
1990-03-13;-0.00084104;-0.00062241
1990-03-14;0.00000177;0.00021958
1990-03-15;0.00207830;0.00229584
1990-03-16;0.00187098;0.00208796
1990-03-19;0.00125516;0.00190776
1990-03-20;-0.00112906;-0.00091070
1990-03-21;-0.00006026;0.00015755
1990-03-22;0.00058495;0.00080139
1990-03-23;0.00032303;0.00053892
1990-03-26;-0.00037443;0.00027160
1990-03-27;0.00104887;0.00126530
1990-03-28;-0.00034361;-0.00012855
1990-03-29;-0.00072009;-0.00050557
1990-03-30;0.00055265;0.00076635
1990-04-02;0.00260704;0.00324649
1990-04-03;-0.00024776;-0.00003351
1990-04-04;-0.00155654;-0.00134421
1990-04-05;0.00008802;0.00030062
1990-04-06;-0.00186586;-0.00165326
1990-04-09;-0.00298484;-0.00234210
1990-04-10;0.00124659;0.00145975
1990-04-11;-0.00129692;-0.00108432
1990-04-12;0.00086991;0.00108251
1990-04-13;0.00167514;0.00188774
1990-04-16;0.00173189;0.00236805
1990-04-17;-0.00003106;0.00018155
1990-04-18;-0.00371530;-0.00350133
1990-04-19;-0.00357304;-0.00335961
1990-04-20;0.00085055;0.00106124
1990-04-23;-0.00102327;-0.00038793
1990-04-24;-0.00025622;-0.00004362
1990-04-25;0.00010987;0.00032330
1990-04-26;0.00188234;0.00209659
1990-04-27;-0.00074911;-0.00053569
1990-04-30;-0.00022358;0.00041669
1990-05-01;0.00155585;0.00177283
1990-05-02;-0.00307733;-0.00286089
1990-05-03;-0.00091602;-0.00070013
1990-05-04;-0.00027228;-0.00005968
1990-05-07;-0.00187883;-0.00123609
1990-05-08;-0.00048378;-0.00027035
1990-05-09;-0.00164799;-0.00143566
1990-05-10;0.00082700;0.00103824
1990-05-11;-0.00391293;-0.00370417
1990-05-14;-0.00133591;-0.00070878
1990-05-15;0.00029908;0.00050866
1990-05-16;0.00168100;0.00189114
1990-05-17;-0.00009955;0.00011059
1990-05-18;-0.00097641;-0.00076408
1990-05-21;0.00031392;0.00095090
1990-05-22;-0.00370821;-0.00349643
1990-05-23;0.00169174;0.00190133
1990-05-24;0.00044499;0.00065567
1990-05-25;-0.00236647;-0.00215414
1990-05-28;-0.00160284;-0.00096586
1990-05-29;0.00183005;0.00204238
1990-05-30;-0.00018365;0.00002895
1990-05-31;0.00328488;0.00349720
1990-06-01;0.00344115;0.00365156
1990-06-04;0.00067586;0.00130874
1990-06-05;0.00208096;0.00229191
1990-06-06;-0.00048477;-0.00027381
1990-06-07;0.00033653;0.00054749
1990-06-08;-0.00564728;-0.00543632
1990-06-11;0.00246049;0.00309584
1990-06-12;0.00461888;0.00483066
1990-06-13;-0.00013513;0.00007501
1990-06-14;-0.00152874;-0.00131887
1990-06-15;-0.00000664;0.00020405
1990-06-18;-0.00119151;-0.00056109
1990-06-19;0.00346626;0.00367832
1990-06-20;0.00204316;0.00225576
1990-06-21;0.00302557;0.00323844
1990-06-22;-0.00307676;-0.00286361
1990-06-25;-0.00170114;-0.00106086
1990-06-26;0.00085510;0.00106880
1990-06-27;0.00326837;0.00348152
1990-06-28;0.00209295;0.00230501
1990-06-29;0.00199046;0.00220251
1990-07-02;0.00551470;0.00615086
1990-07-03;0.00230472;0.00251568
1990-07-04;0.00073130;0.00094226
1990-07-05;-0.00018276;0.00002710
1990-07-06;0.00118075;0.00139308
1990-07-09;0.00570085;0.00634195
1990-07-10;0.00206186;0.00227556
1990-07-11;-0.00423233;-0.00401918
1990-07-12;0.00062921;0.00083962
1990-07-13;-0.00064674;-0.00043853
1990-07-16;0.00038741;0.00101289
1990-07-17;0.00165946;0.00186795
1990-07-18;0.00138495;0.00159180
1990-07-19;-0.00411649;-0.00390992
1990-07-20;-0.00214494;-0.00193837
1990-07-23;-0.00156714;-0.00095234
1990-07-24;0.00092065;0.00112695
1990-07-25;0.00037168;0.00057880
1990-07-26;-0.00190571;-0.00169804
1990-07-27;0.00477597;0.00498200
1990-07-30;0.00165606;0.00227250
1990-07-31;0.00227424;0.00247945
1990-08-01;-0.00146474;-0.00126146
1990-08-02;-0.00413329;-0.00392973
1990-08-03;-0.00117582;-0.00097609
1990-08-06;-0.00286540;-0.00226540
1990-08-07;0.00343069;0.00363261
1990-08-08;-0.00332007;-0.00311788
1990-08-09;0.00473315;0.00493617
1990-08-10;-0.00098091;-0.00077817
1990-08-13;0.00277897;0.00338883
1990-08-14;0.00129859;0.00150215
1990-08-15;0.00119435;0.00139846
1990-08-16;-0.00287296;-0.00266803
1990-08-17;-0.00020931;-0.00000465
1990-08-20;-0.00150910;-0.00089102
1990-08-21;-0.00198727;-0.00177988
1990-08-22;0.00144752;0.00165547
1990-08-23;0.00293371;0.00314029
1990-08-24;0.00158834;0.00179355
1990-08-27;0.00575784;0.00637674
1990-08-28;-0.00213190;-0.00192697
1990-08-29;0.00256183;0.00276649
1990-08-30;-0.00787131;-0.00766720
1990-08-31;-0.00691052;-0.00670806
1990-09-03;0.00349087;0.00409826
1990-09-04;-0.00101963;-0.00081716
1990-09-05;0.00696790;0.00716982
1990-09-06;0.00227760;0.00247979
1990-09-07;-0.00353479;-0.00333233
1990-09-10;-0.00777204;-0.00716135
1990-09-11;0.00272092;0.00292421
1990-09-12;-0.00032842;-0.00012650
1990-09-13;0.00359636;0.00379773
1990-09-14;0.00401473;0.00421610
1990-09-17;0.00301983;0.00362558
1990-09-18;0.00282289;0.00302481
1990-09-19;-0.00221654;-0.00201407
1990-09-20;0.00148604;0.00168851
1990-09-21;-0.00097666;-0.00077501
1990-09-24;0.00897303;0.00957960
1990-09-25;-0.00092216;-0.00072079
1990-09-26;0.00184510;0.00204592
1990-09-27;0.00301770;0.00321578
1990-09-28;0.00030496;0.00050058
1990-10-01;-0.00485399;-0.00426797
1990-10-02;-0.00685142;-0.00665471
1990-10-03;0.00307242;0.00326832
1990-10-04;0.00280433;0.00299967
1990-10-05;0.00040321;0.00059609
1990-10-08;-0.00713499;-0.00655636
1990-10-09;0.00535238;0.00554882
1990-10-10;0.00400699;0.00420425
1990-10-11;0.00254677;0.00274184
1990-10-12;-0.00173195;-0.00153634
1990-10-15;-0.00559461;-0.00500611
1990-10-16;0.00147095;0.00166711
1990-10-17;-0.00134209;-0.00114483
1990-10-18;-0.00661619;-0.00641756
1990-10-19;-0.00144696;-0.00124833
1990-10-22;-0.00295740;-0.00236316
1990-10-23;-0.00025243;-0.00005490
1990-10-24;-0.00002165;0.00017616
1990-10-25;0.00118474;0.00138146
1990-10-26;0.00407694;0.00427228
1990-10-29;0.00154613;0.00213380
1990-10-30;-0.00072062;-0.00052500
1990-10-31;0.00042545;0.00062025
1990-11-01;-0.00006036;0.00013279
1990-11-02;-0.00165467;-0.00146070
1990-11-05;-0.00143746;-0.00085554
1990-11-06;0.00114405;0.00133803
1990-11-07;0.00327433;0.00346858
1990-11-08;-0.00027332;-0.00007907
1990-11-09;-0.00284342;-0.00265027
1990-11-12;-0.00729582;-0.00671637
1990-11-13;-0.00029205;-0.00009918
1990-11-14;-0.00121108;-0.00101739
1990-11-15;0.00114837;0.00134262
1990-11-16;0.00176146;0.00195543
1990-11-19;-0.00096078;-0.00037721
1990-11-20;0.00160663;0.00180087
1990-11-21;-0.00022435;-0.00003148
1990-11-22;-0.00197992;-0.00178705
1990-11-23;0.00027098;0.00046358
1990-11-26;-0.00051626;0.00006154
1990-11-27;-0.00039939;-0.00020651
1990-11-28;0.00008129;0.00027471
1990-11-29;-0.00122368;-0.00103107
1990-11-30;-0.00236373;-0.00217140
1990-12-03;-0.00109820;-0.00051875
1990-12-04;0.00115084;0.00134289
1990-12-05;0.00008115;0.00027293
1990-12-06;-0.00129591;-0.00110413
1990-12-07;-0.00206652;-0.00187776
1990-12-10;0.00078520;0.00134904
1990-12-11;0.00021943;0.00040682
1990-12-12;-0.00075626;-0.00057023
1990-12-13;0.00029204;0.00047916
1990-12-14;-0.00047026;-0.00028259
1990-12-17;0.00133141;0.00189114
1990-12-18;-0.00175582;-0.00157144
1990-12-19;-0.00081573;-0.00063436
1990-12-20;0.00100635;0.00118580
1990-12-21;0.00070555;0.00088609
1990-12-24;0.00055206;0.00108877
1990-12-25;0.00406768;0.00424658
1990-12-26;-0.00053722;-0.00035969
1990-12-27;0.00129413;0.00147139
1990-12-28;-0.00081499;-0.00063827
1990-12-31;-0.00100328;-0.00047396
1991-01-02;-0.00024830;0.00010568
1991-01-03;-0.00231578;-0.00213934
1991-01-04;-0.00073574;-0.00055683
1991-01-07;-0.00108090;-0.00054583
1991-01-08;-0.00078032;-0.00060388
1991-01-09;0.00121759;0.00138882
1991-01-10;-0.00027851;-0.00010837
1991-01-11;0.00028275;0.00045152
1991-01-14;-0.00131394;-0.00081668
1991-01-15;-0.00013101;0.00003474
1991-01-16;-0.00067084;-0.00050536
1991-01-17;0.00334917;0.00351684
1991-01-18;0.00214419;0.00231049
1991-01-21;0.00003514;0.00053404
1991-01-22;-0.00047141;-0.00030565
1991-01-23;0.00010557;0.00027378
1991-01-24;0.00161769;0.00178564
1991-01-25;0.00118083;0.00134987
1991-01-28;-0.00085235;-0.00033866
1991-01-29;-0.00048359;-0.00031318
1991-01-30;0.00036236;0.00053222
1991-01-31;0.00073153;0.00090111
1991-02-01;0.00172985;0.00189423
1991-02-04;0.00182451;0.00231601
1991-02-05;0.00095030;0.00111386
1991-02-06;0.00475339;0.00491531
1991-02-07;-0.00206754;-0.00190480
1991-02-08;-0.00016063;0.00000156
1991-02-11;0.00466903;0.00515232
1991-02-12;-0.00186046;-0.00170019
1991-02-13;0.00140409;0.00156464
1991-02-14;-0.00404851;-0.00388823
1991-02-15;0.00131030;0.00147221
1991-02-18;-0.00851576;-0.00803001
1991-02-19;-0.00058084;-0.00041756
1991-02-20;-0.00198133;-0.00181859
1991-02-21;0.00104119;0.00120338
1991-02-22;-0.00052267;-0.00035966
1991-02-25;-0.00225506;-0.00176273
1991-02-26;-0.00094187;-0.00077639
1991-02-27;0.00180153;0.00196673
1991-02-28;-0.00091520;-0.00074972
1991-03-01;-0.00041816;-0.00025131
1991-03-04;-0.00284815;-0.00235007
1991-03-05;0.00375035;0.00391610
1991-03-06;-0.00163194;-0.00146537
1991-03-07;0.00017994;0.00034624
1991-03-08;-0.00072141;-0.00055785
1991-03-11;-0.00034608;0.00013803
1991-03-12;-0.00192081;-0.00176026
1991-03-13;0.00245203;0.00261176
1991-03-14;0.00057527;0.00073308
1991-03-15;0.00065306;0.00081197
1991-03-18;0.00081764;0.00129764
1991-03-19;-0.00195253;-0.00179116
1991-03-20;-0.00116224;-0.00100115
1991-03-21;-0.00009285;0.00006797
1991-03-22;-0.00016411;-0.00000329
1991-03-25;0.00065473;0.00113802
1991-03-26;0.00435614;0.00451669
1991-03-27;0.00100589;0.00116506
1991-03-28;0.00057989;0.00073715
1991-03-29;-0.00180672;-0.00164946
1991-04-01;-0.00144719;-0.00097376
1991-04-02;0.00401125;0.00416933
1991-04-03;0.00040285;0.00056093
1991-04-04;0.00089824;0.00105550
1991-04-05;-0.00066111;-0.00050467
1991-04-08;0.00048301;0.00094739
1991-04-09;-0.00252413;-0.00237043
1991-04-10;0.00021991;0.00037361
1991-04-11;0.00228946;0.00244206
1991-04-12;0.00118284;0.00133380
1991-04-15;-0.00081851;-0.00035906
1991-04-16;0.00238505;0.00253875
1991-04-17;0.00065286;0.00080519
1991-04-18;-0.00185087;-0.00169581
1991-04-19;-0.00131839;-0.00116085
1991-04-22;-0.00144967;-0.00098200
1991-04-23;0.00059122;0.00074765
1991-04-24;0.00107092;0.00122598
1991-04-25;-0.00146748;-0.00131378
1991-04-26;0.00047950;0.00063348
1991-04-29;-0.00303953;-0.00258007
1991-04-30;-0.00072124;-0.00057029
1991-05-01;0.00056407;0.00071585
1991-05-02;0.00156378;0.00171337
1991-05-03;-0.00031696;-0.00016710
1991-05-06;-0.00014000;0.00030876
1991-05-07;-0.00037740;-0.00022672
1991-05-08;0.00005692;0.00020760
1991-05-09;0.00138158;0.00153171
1991-05-10;-0.00125988;-0.00110974
1991-05-13;-0.00007111;0.00037848
1991-05-14;-0.00201761;-0.00186720
1991-05-15;-0.00064892;-0.00049960
1991-05-16;0.00195977;0.00210772
1991-05-17;-0.00010245;0.00004550
1991-05-20;0.00034370;0.00079164
1991-05-21;0.00054338;0.00069407
1991-05-22;0.00056015;0.00070974
1991-05-23;-0.00283866;-0.00269072
1991-05-24;0.00209929;0.00224724
1991-05-27;0.00109818;0.00154201
1991-05-28;0.00271722;0.00286516
1991-05-29;0.00024671;0.00039603
1991-05-30;0.00131606;0.00146538
1991-05-31;0.00213870;0.00229021
1991-06-03;-0.00014854;0.00031173
1991-06-04;0.00059166;0.00074427
1991-06-05;-0.00056289;-0.00040974
1991-06-06;0.00252324;0.00267557
1991-06-07;-0.00265510;-0.00250277
1991-06-10;0.00070755;0.00116618
1991-06-11;0.00093687;0.00108947
1991-06-12;-0.00108754;-0.00093521
1991-06-13;-0.00122751;-0.00107464
1991-06-14;0.00131266;0.00146581
1991-06-17;-0.00118432;-0.00072487
1991-06-18;-0.00066181;-0.00050784
1991-06-19;0.00020031;0.00035291
1991-06-20;-0.00029038;-0.00013805
1991-06-21;-0.00068949;-0.00053689
1991-06-24;-0.00266894;-0.00221195
1991-06-25;-0.00023323;-0.00008036
1991-06-26;0.00028583;0.00043816
1991-06-27;0.00206874;0.00222080
1991-06-28;-0.00038563;-0.00023385
1991-07-01;-0.00460668;-0.00414805
1991-07-02;0.00181622;0.00196910
1991-07-03;0.00339390;0.00354623
1991-07-04;0.00261312;0.00276544
1991-07-05;0.00008764;0.00024052
1991-07-08;0.00097466;0.00143247
1991-07-09;-0.00298281;-0.00282966
1991-07-10;-0.00293436;-0.00278148
1991-07-11;0.00107133;0.00122366
1991-07-12;-0.00437994;-0.00422788
1991-07-15;-0.00153614;-0.00107833
1991-07-16;0.00140540;0.00155855
1991-07-17;0.00065942;0.00081312
1991-07-18;-0.00307039;-0.00291724
1991-07-19;-0.00386831;-0.00371543
1991-07-22;0.00304580;0.00350361
1991-07-23;0.00044702;0.00060017
1991-07-24;-0.00107929;-0.00092641
1991-07-25;0.00107152;0.00122440
1991-07-26;-0.00129491;-0.00114203
1991-07-29;0.00101981;0.00147762
1991-07-30;-0.00426776;-0.00411543
1991-07-31;-0.00193773;-0.00178623
1991-08-01;0.00090887;0.00106093
1991-08-02;-0.00040841;-0.00025882
1991-08-05;-0.00180649;-0.00135443
1991-08-06;0.00283656;0.00298478
1991-08-07;-0.00018243;-0.00003503
1991-08-08;0.00090996;0.00105709
1991-08-09;-0.00083349;-0.00068774
1991-08-12;0.00119149;0.00162793
1991-08-13;0.00090102;0.00104596
1991-08-14;0.00045843;0.00060336
1991-08-15;-0.00025060;-0.00010540
1991-08-16;-0.00095735;-0.00081324
1991-08-19;0.00074216;0.00116216
1991-08-20;0.00049703;0.00063703
1991-08-21;0.00275180;0.00289646
1991-08-22;-0.00187637;-0.00173089
1991-08-23;0.00213895;0.00228662
1991-08-26;-0.00023994;0.00020472
1991-08-27;0.00022486;0.00037226
1991-08-28;0.00156343;0.00170864
1991-08-29;-0.00061491;-0.00047053
1991-08-30;-0.00126056;-0.00111453
1991-09-02;-0.00100453;-0.00056645
1991-09-03;-0.00247949;-0.00233318
1991-09-04;-0.00036566;-0.00021963
1991-09-05;-0.00054002;-0.00039427
1991-09-06;-0.00050825;-0.00036332
1991-09-09;0.00027172;0.00070570
1991-09-10;-0.00265744;-0.00251388
1991-09-11;0.00144445;0.00158856
1991-09-12;0.00286712;0.00301013
1991-09-13;-0.00380582;-0.00366445
1991-09-16;0.00067829;0.00110404
1991-09-17;-0.00092891;-0.00078672
1991-09-18;0.00148075;0.00162266
1991-09-19;0.00026308;0.00040555
1991-09-20;0.00143849;0.00158068
1991-09-23;-0.00085632;-0.00042810
1991-09-24;0.00101507;0.00115671
1991-09-25;-0.00100792;-0.00086628
1991-09-26;-0.00189080;-0.00175025
1991-09-27;-0.00025317;-0.00011262
1991-09-30;0.00128205;0.00170205
1991-10-01;0.00033738;0.00047710
1991-10-02;0.00022777;0.00036723
1991-10-03;-0.00143628;-0.00129820
1991-10-04;-0.00095521;-0.00081767
1991-10-07;0.00068440;0.00109700
1991-10-08;-0.00017352;-0.00003599
1991-10-09;-0.00019381;-0.00005655
1991-10-10;-0.00010963;0.00002818
1991-10-11;0.00085097;0.00098768
1991-10-14;0.00127819;0.00168833
1991-10-15;0.00127087;0.00140676
1991-10-16;0.00012460;0.00026076
1991-10-17;0.00047979;0.00061759
1991-10-18;0.00122166;0.00135947
1991-10-21;-0.00031486;0.00009939
1991-10-22;-0.00053996;-0.00040133
1991-10-23;-0.00208517;-0.00194708
1991-10-24;0.00075516;0.00089132
1991-10-25;-0.00042565;-0.00028976
1991-10-28;0.00130979;0.00171582
1991-10-29;0.00143934;0.00157332
1991-10-30;0.00073506;0.00086766
1991-10-31;-0.00069142;-0.00055936
1991-11-01;-0.00073852;-0.00060839
1991-11-04;-0.00286370;-0.00247411
1991-11-05;0.00014702;0.00027743
1991-11-06;-0.00129773;-0.00117088
1991-11-07;0.00192304;0.00204989
1991-11-08;-0.00148894;-0.00136236
1991-11-11;-0.00017886;0.00020087
1991-11-12;0.00074892;0.00087550
1991-11-13;-0.00014706;-0.00002021
1991-11-14;-0.00159101;-0.00146416
1991-11-15;-0.00794846;-0.00782270
1991-11-18;0.00049026;0.00086670
1991-11-19;-0.00348503;-0.00336092
1991-11-20;-0.00383455;-0.00371153
1991-11-21;0.00090413;0.00102550
1991-11-22;-0.00276867;-0.00264757
1991-11-25;-0.00258925;-0.00222514
1991-11-26;0.00324907;0.00336961
1991-11-27;0.00010136;0.00022163
1991-11-28;-0.00184852;-0.00172825
1991-11-29;0.00034655;0.00046573
1991-12-02;0.00068273;0.00104273
1991-12-03;-0.00055090;-0.00043144
1991-12-04;-0.00092553;-0.00080745
1991-12-05;0.00117049;0.00128858
1991-12-06;0.00064152;0.00075768
1991-12-09;0.00057190;0.00091300
1991-12-10;0.00094899;0.00106406
1991-12-11;0.00043759;0.00055129
1991-12-12;-0.00123506;-0.00112136
1991-12-13;-0.00187442;-0.00176072
1991-12-16;-0.00043252;-0.00009225
1991-12-17;-0.00000241;0.00011019
1991-12-18;-0.00023719;-0.00012431
1991-12-19;0.00071674;0.00082742
1991-12-20;0.00161955;0.00172202
1991-12-23;-0.00115468;-0.00084564
1991-12-24;-0.00068101;-0.00057663
1991-12-25;-0.00762107;-0.00751668
1991-12-26;-0.00100907;-0.00090441
1991-12-27;-0.00109545;-0.00098969
1991-12-30;-0.00243570;-0.00211762
1991-12-31;-0.00026763;-0.00016133
1992-01-02;0.00038004;0.00059155
1992-01-03;-0.00093503;-0.00082955
1992-01-06;-0.00291038;-0.00259723
1992-01-07;0.00365331;0.00375605
1992-01-08;0.00170789;0.00180981
1992-01-09;0.00327766;0.00338095
1992-01-10;0.00216391;0.00226857
1992-01-13;-0.00209547;-0.00178232
1992-01-14;0.00013747;0.00024213
1992-01-15;0.00127041;0.00137562
1992-01-16;-0.00147986;-0.00137602
1992-01-17;-0.00013407;-0.00003023
1992-01-20;-0.00375982;-0.00344831
1992-01-21;-0.00538371;-0.00528152
1992-01-22;0.00413971;0.00424245
1992-01-23;0.00165598;0.00175926
1992-01-24;0.00366512;0.00376950
1992-01-27;-0.00126658;-0.00095015
1992-01-28;-0.00188596;-0.00178103
1992-01-29;-0.00094219;-0.00083644
1992-01-30;-0.00204065;-0.00193572
1992-01-31;-0.00269879;-0.00259359
1992-02-03;-0.00087237;-0.00055675
1992-02-04;0.00379304;0.00389825
1992-02-05;0.00154114;0.00164634
1992-02-06;-0.00187094;-0.00176656
1992-02-07;-0.00161047;-0.00150800
1992-02-10;0.00048779;0.00079437
1992-02-11;0.00073121;0.00083395
1992-02-12;0.00322871;0.00333145
1992-02-13;-0.00078821;-0.00068437
1992-02-14;0.00060454;0.00070837
1992-02-17;-0.00096606;-0.00065456
1992-02-18;0.00068608;0.00079046
1992-02-19;-0.00114090;-0.00103542
1992-02-20;0.00230124;0.00240755
1992-02-21;-0.00164319;-0.00153552
1992-02-24;0.00258328;0.00290629
1992-02-25;-0.00229234;-0.00218385
1992-02-26;0.00271870;0.00282664
1992-02-27;-0.00175325;-0.00164557
1992-02-28;0.00009030;0.00019797
1992-03-02;0.00026523;0.00059646
1992-03-03;0.00453953;0.00465021
1992-03-04;-0.00070023;-0.00058982
1992-03-05;-0.00128494;-0.00117425
1992-03-06;-0.00369616;-0.00358548
1992-03-09;0.00158440;0.00191399
1992-03-10;0.00258771;0.00269757
1992-03-11;-0.00302664;-0.00291678
1992-03-12;-0.00007168;0.00003846
1992-03-13;0.00250116;0.00261240
1992-03-16;0.00080564;0.00113933
1992-03-17;0.00023724;0.00034847
1992-03-18;-0.00143158;-0.00132063
1992-03-19;0.00084975;0.00096071
1992-03-20;0.00136985;0.00148108
1992-03-23;-0.00453781;-0.00420247
1992-03-24;-0.00039797;-0.00028701
1992-03-25;-0.00259105;-0.00248119
1992-03-26;0.00069066;0.00080053
1992-03-27;-0.00528919;-0.00517932
1992-03-30;0.00107733;0.00140692
1992-03-31;0.00071182;0.00082277
1992-04-01;0.00233828;0.00244815
1992-04-02;0.00229265;0.00240279
1992-04-03;-0.00289675;-0.00278826
1992-04-06;-0.00135845;-0.00103297
1992-04-07;0.00352379;0.00362982
1992-04-08;0.00196442;0.00207045
1992-04-09;-0.00014884;-0.00004857
1992-04-10;-0.00451630;-0.00441630
1992-04-13;0.00119206;0.00148959
1992-04-14;-0.00310417;-0.00300499
1992-04-15;-0.00197791;-0.00187874
1992-04-16;0.00165417;0.00175417
1992-04-17;0.00212169;0.00222169
1992-04-20;0.00299483;0.00329812
1992-04-21;0.00047410;0.00057492
1992-04-22;0.00027705;0.00037787
1992-04-23;-0.00290307;-0.00280252
1992-04-24;-0.00072658;-0.00062603
1992-04-27;0.00224140;0.00254633
1992-04-28;0.00019974;0.00030139
1992-04-29;-0.00087056;-0.00076892
1992-04-30;-0.00044728;-0.00034591
1992-05-01;-0.00280439;-0.00270494
1992-05-04;0.00212685;0.00242602
1992-05-05;-0.00056020;-0.00046048
1992-05-06;0.00184586;0.00194503
1992-05-07;0.00030222;0.00040139
1992-05-08;-0.00050444;-0.00040498
1992-05-11;0.00271714;0.00301632
1992-05-12;-0.00090837;-0.00080920
1992-05-13;-0.00061315;-0.00051479
1992-05-14;-0.00309788;-0.00300007
1992-05-15;-0.00041772;-0.00031964
1992-05-18;0.00207577;0.00237166
1992-05-19;-0.00002077;0.00007622
1992-05-20;0.00107509;0.00117289
1992-05-21;-0.00166434;-0.00156380
1992-05-22;0.00312367;0.00322449
1992-05-25;-0.00093939;-0.00063693
1992-05-26;0.00130089;0.00140336
1992-05-27;-0.00025052;-0.00014915
1992-05-28;0.00182801;0.00192883
1992-05-29;0.00035236;0.00045373
1992-06-01;-0.00033377;-0.00002555
1992-06-02;-0.00154602;-0.00144356
1992-06-03;-0.00313839;-0.00303675
1992-06-04;-0.00025598;-0.00015488
1992-06-05;-0.00080804;-0.00070722
1992-06-08;-0.00027341;0.00002906
1992-06-09;-0.00213401;-0.00203319
1992-06-10;-0.00004030;0.00006052
1992-06-11;0.00037561;0.00047589
1992-06-12;0.00140257;0.00150285
1992-06-15;0.00051425;0.00081425
1992-06-16;0.00098920;0.00108892
1992-06-17;-0.00301855;-0.00291938
1992-06-18;0.00101650;0.00111541
1992-06-19;0.00092695;0.00102695
1992-06-22;-0.00087555;-0.00057637
1992-06-23;0.00075106;0.00085188
1992-06-24;0.00025192;0.00035165
1992-06-25;-0.00007351;0.00002567
1992-06-26;-0.00055009;-0.00045091
1992-06-29;0.00399773;0.00429116
1992-06-30;0.00009699;0.00019480
1992-07-01;0.00068390;0.00078116
1992-07-02;0.00174520;0.00183397
1992-07-03;-0.00175849;-0.00166973
1992-07-06;-0.00028070;-0.00001604
1992-07-07;0.00173581;0.00182376
1992-07-08;-0.00296633;-0.00287811
1992-07-09;-0.00129158;-0.00120364
1992-07-10;0.00110489;0.00119311
1992-07-13;-0.00076486;-0.00050102
1992-07-14;-0.00149615;-0.00140821
1992-07-15;0.00187680;0.00196392
1992-07-16;0.00113903;0.00122588
1992-07-17;0.00108481;0.00117139
1992-07-20;-0.00305023;-0.00278886
1992-07-21;-0.00143973;-0.00135233
1992-07-22;-0.00076313;-0.00067628
1992-07-23;-0.00114016;-0.00105358
1992-07-24;0.00074860;0.00083517
1992-07-27;0.00267434;0.00293653
1992-07-28;0.00115273;0.00124013
1992-07-29;0.00059196;0.00067908
1992-07-30;-0.00209583;-0.00200871
1992-07-31;-0.00132370;-0.00123658
1992-08-03;0.00178752;0.00204807
1992-08-04;-0.00065770;-0.00057085
1992-08-05;-0.00278554;-0.00269869
1992-08-06;-0.00175040;-0.00166382
1992-08-07;0.00252969;0.00261572
1992-08-10;0.00174483;0.00200209
1992-08-11;0.00173247;0.00181823
1992-08-12;0.00110243;0.00118791
1992-08-13;0.00010527;0.00018993
1992-08-14;-0.00108509;-0.00100126
1992-08-17;-0.00024116;0.00001117
1992-08-18;0.00316838;0.00325249
1992-08-19;-0.00314279;-0.00305841
1992-08-20;0.00019334;0.00027772
1992-08-21;-0.00485042;-0.00476631
1992-08-24;0.00179899;0.00205789
1992-08-25;0.00192755;0.00201440
1992-08-26;0.00026037;0.00034695
1992-08-27;-0.00459068;-0.00450410
1992-08-28;-0.00066151;-0.00057493
1992-08-31;-0.00000810;0.00025163
1992-09-01;0.00085731;0.00094361
1992-09-02;0.00060175;0.00068777
1992-09-03;-0.00446112;-0.00437509
1992-09-04;0.00134530;0.00142530
1992-09-07;-0.00056521;-0.00032521
1992-09-08;0.00355629;0.00363574
1992-09-09;-0.00217396;-0.00209423
1992-09-10;-0.00105329;-0.00097357
1992-09-11;-0.00427560;-0.00419560
1992-09-14;-0.01093339;-0.01069586
1992-09-15;0.00108223;0.00116223
1992-09-16;-0.00438274;-0.00430329
1992-09-17;-0.00260497;-0.00252606
1992-09-18;-0.00498239;-0.00490349
1992-09-21;0.00386600;0.00410518
1992-09-22;0.00052639;0.00060639
1992-09-23;0.00298573;0.00306573
1992-09-24;-0.00033329;-0.00025412
1992-09-25;0.00227196;0.00234867
1992-09-28;0.00660244;0.00683093
1992-09-29;0.00498956;0.00506435
1992-09-30;0.00080053;0.00087423
1992-10-01;-0.00276431;-0.00269280
1992-10-02;-0.00100487;-0.00093281
1992-10-05;-0.00048662;-0.00026963
1992-10-06;-0.00040948;-0.00033469
1992-10-07;-0.00188024;-0.00180271
1992-10-08;0.00106979;0.00114622
1992-10-09;-0.00072305;-0.00064552
1992-10-12;0.00374524;0.00397784
1992-10-13;-0.00308553;-0.00300717
1992-10-14;0.00141174;0.00149201
1992-10-15;0.00086542;0.00094542
1992-10-16;0.00298856;0.00306801
1992-10-19;0.00257463;0.00281874
1992-10-20;-0.00171835;-0.00163561
1992-10-21;0.00024385;0.00032412
1992-10-22;-0.00062798;-0.00054825
1992-10-23;0.00008341;0.00016368
1992-10-26;0.00360832;0.00384832
1992-10-27;-0.00077633;-0.00069578
1992-10-28;0.00552082;0.00560137
1992-10-29;0.00360319;0.00368401
1992-10-30;-0.00191569;-0.00183460
1992-11-02;0.00322178;0.00346917
1992-11-03;-0.00388754;-0.00380453
1992-11-04;0.00105693;0.00113967
1992-11-05;0.00180054;0.00188301
1992-11-06;-0.00012547;-0.00004163
1992-11-09;0.00223730;0.00249045
1992-11-10;0.00388671;0.00397109
1992-11-11;0.00259434;0.00267872
1992-11-12;-0.00245572;-0.00237189
1992-11-13;-0.00101110;-0.00092672
1992-11-16;0.00202378;0.00228022
1992-11-17;-0.00065949;-0.00057264
1992-11-18;0.00028830;0.00037460
1992-11-19;0.00095690;0.00104320
1992-11-20;0.00141265;0.00150032
1992-11-23;-0.00076149;-0.00049519
1992-11-24;0.00162807;0.00171629
1992-11-25;-0.00176098;-0.00167221
1992-11-26;-0.00096533;-0.00087657
1992-11-27;0.00087730;0.00096634
1992-11-30;0.00148950;0.00175827
1992-12-01;-0.00191551;-0.00182427
1992-12-02;-0.00188120;-0.00178969
1992-12-03;-0.00244820;-0.00235779
1992-12-04;0.00136303;0.00145208
1992-12-07;-0.00067667;-0.00040955
1992-12-08;-0.00093235;-0.00084304
1992-12-09;-0.00005657;0.00003192
1992-12-10;0.00003662;0.00012484
1992-12-11;-0.00083171;-0.00074267
1992-12-14;-0.00112429;-0.00085634
1992-12-15;-0.00035892;-0.00027070
1992-12-16;-0.00070447;-0.00061653
1992-12-17;0.00253107;0.00261874
1992-12-18;0.00272371;0.00281028
1992-12-21;-0.00148881;-0.00122827
1992-12-22;-0.00026755;-0.00017988
1992-12-23;0.00047956;0.00056669
1992-12-24;0.00059900;0.00068558
1992-12-25;-0.00069937;-0.00061279
1992-12-28;0.00101517;0.00127654
1992-12-29;0.00020633;0.00029400
1992-12-30;0.00019546;0.00028094
1992-12-31;-0.00083813;-0.00075375
1993-01-04;0.00018518;0.00052271
1993-01-05;-0.00076346;-0.00067825
1993-01-06;0.00263062;0.00271556
1993-01-07;-0.00205258;-0.00196710
1993-01-08;-0.00021191;-0.00012808
1993-01-11;0.00047412;0.00072481
1993-01-12;0.00006276;0.00014550
1993-01-13;0.00373742;0.00381961
1993-01-14;0.00255906;0.00264070
1993-01-15;0.00100583;0.00108638
1993-01-18;-0.00062173;-0.00038009
1993-01-19;-0.00379782;-0.00371590
1993-01-20;0.00132140;0.00140387
1993-01-21;0.00404885;0.00413076
1993-01-22;-0.00102795;-0.00094658
1993-01-25;0.00007184;0.00031430
1993-01-26;-0.00091331;-0.00083249
1993-01-27;-0.00126290;-0.00118317
1993-01-28;-0.00332259;-0.00324314
1993-01-29;0.00217613;0.00225558
1993-02-01;0.00305189;0.00329025
1993-02-02;-0.00032063;-0.00023953
1993-02-03;0.00196967;0.00204995
1993-02-04;-0.00114268;-0.00106323
1993-02-05;-0.00107007;-0.00099061
1993-02-08;0.00172352;0.00196352
1993-02-09;0.00037280;0.00045307
1993-02-10;0.00076349;0.00084404
1993-02-11;-0.00356099;-0.00348099
1993-02-12;-0.00211197;-0.00203169
1993-02-15;0.00046818;0.00070900
1993-02-16;-0.00972208;-0.00964180
1993-02-17;0.00114393;0.00122366
1993-02-18;-0.00023601;-0.00015683
1993-02-19;-0.00126760;-0.00118733
1993-02-22;-0.00110592;-0.00086345
1993-02-23;-0.00357837;-0.00349782
1993-02-24;0.00606045;0.00614155
1993-02-25;-0.00047250;-0.00039168
1993-02-26;-0.00055823;-0.00047740
1993-03-01;-0.00047680;-0.00023434
1993-03-02;0.00243786;0.00251923
1993-03-03;0.00038888;0.00046942
1993-03-04;-0.00032090;-0.00024117
1993-03-05;-0.00087833;-0.00079613
1993-03-08;0.00221546;0.00246203
1993-03-09;-0.00015371;-0.00007179
1993-03-10;0.00127262;0.00135427
1993-03-11;-0.00098893;-0.00090784
1993-03-12;-0.00138427;-0.00130290
1993-03-15;-0.00013442;0.00011134
1993-03-16;-0.00079146;-0.00070982
1993-03-17;-0.00236198;-0.00228034
1993-03-18;-0.00043689;-0.00035607
1993-03-19;-0.00137033;-0.00128923
1993-03-22;-0.00172966;-0.00148801
1993-03-23;-0.00067997;-0.00059997
1993-03-24;0.00058610;0.00066610
1993-03-25;0.00170398;0.00178370
1993-03-26;-0.00225637;-0.00217610
1993-03-29;0.00035283;0.00059448
1993-03-30;0.00087260;0.00095233
1993-03-31;-0.00149447;-0.00141529
1993-04-01;0.00023254;0.00031199
1993-04-02;-0.00254268;-0.00246296
1993-04-05;0.00040442;0.00064277
1993-04-06;-0.00141998;-0.00134025
1993-04-07;0.00150120;0.00158120
1993-04-08;-0.00125160;-0.00117215
1993-04-09;-0.00001077;0.00006868
1993-04-12;0.00221858;0.00245612
1993-04-13;0.00023114;0.00030922
1993-04-14;-0.00046802;-0.00039076
1993-04-15;-0.00010214;-0.00002433
1993-04-16;-0.00014508;-0.00006727
1993-04-19;-0.00191570;-0.00168474
1993-04-20;-0.00068081;-0.00060437
1993-04-21;0.00006205;0.00013876
1993-04-22;-0.00165724;-0.00157998
1993-04-23;-0.00131970;-0.00124189
1993-04-26;-0.00262437;-0.00238683
1993-04-27;0.00438015;0.00445988
1993-04-28;0.00130469;0.00138469
1993-04-29;0.00043272;0.00051217
1993-04-30;0.00124410;0.00132382
1993-05-03;-0.00131730;-0.00108141
1993-05-04;0.00093795;0.00101658
1993-05-05;0.00053096;0.00061014
1993-05-06;-0.00143939;-0.00136104
1993-05-07;0.00105087;0.00112950
1993-05-10;-0.00164683;-0.00141094
1993-05-11;0.00142846;0.00150764
1993-05-12;-0.00153149;-0.00145203
1993-05-13;-0.00105414;-0.00097386
1993-05-14;0.00027478;0.00035588
1993-05-17;0.00022865;0.00047522
1993-05-18;-0.00243954;-0.00235707
1993-05-19;-0.00008108;0.00000029
1993-05-20;0.00044668;0.00052778
1993-05-21;-0.00045117;-0.00036898
1993-05-24;-0.00133521;-0.00108534
1993-05-25;0.00043870;0.00052281
1993-05-26;0.00174751;0.00183108
1993-05-27;-0.00088986;-0.00080603
1993-05-28;0.00142194;0.00150578
1993-05-31;-0.00642286;-0.00617136
1993-06-01;0.00449083;0.00457412
1993-06-02;0.00004411;0.00012822
1993-06-03;0.00004180;0.00012481
1993-06-04;-0.00057241;-0.00048721
1993-06-07;-0.00349633;-0.00324153
1993-06-08;-0.00103538;-0.00094963
1993-06-09;-0.00315420;-0.00306899
1993-06-10;-0.00140928;-0.00132408
1993-06-11;0.00000664;0.00009021
1993-06-14;0.00138728;0.00163797
1993-06-15;-0.00180921;-0.00172565
1993-06-16;-0.00043066;-0.00034737
1993-06-17;0.00069620;0.00077921
1993-06-18;-0.00398543;-0.00390159
1993-06-21;-0.00362591;-0.00337440
1993-06-22;0.00142343;0.00150808
1993-06-23;0.00171704;0.00180252
1993-06-24;0.00328126;0.00336619
1993-06-25;0.00028753;0.00037191
1993-06-28;0.00201723;0.00226955
1993-06-29;-0.00209286;-0.00200984
1993-06-30;0.00119353;0.00127654
1993-07-01;0.00085442;0.00093634
1993-07-02;-0.00075363;-0.00067280
1993-07-05;-0.00037670;-0.00013423
1993-07-06;-0.00190731;-0.00182485
1993-07-07;0.00088715;0.00097044
1993-07-08;-0.00132157;-0.00123883
1993-07-09;0.00109469;0.00117743
1993-07-12;0.00136057;0.00160796
1993-07-13;-0.00089223;-0.00080895
1993-07-14;0.00076350;0.00084597
1993-07-15;-0.00035356;-0.00027110
1993-07-16;0.00081892;0.00090139
1993-07-19;-0.00209805;-0.00184901
1993-07-20;-0.00028052;-0.00019669
1993-07-21;-0.00202307;-0.00193896
1993-07-22;0.00143041;0.00151506
1993-07-23;0.00049844;0.00058310
1993-07-26;0.00043480;0.00068795
1993-07-27;0.00145619;0.00154113
1993-07-28;-0.00028985;-0.00020547
1993-07-29;0.00155292;0.00163566
1993-07-30;-0.00336924;-0.00328623
1993-08-02;0.00003408;0.00028641
1993-08-03;0.00247050;0.00255488
1993-08-04;0.00048050;0.00056488
1993-08-05;0.00175259;0.00183616
1993-08-06;0.00054822;0.00063151
1993-08-09;0.00046766;0.00071588
1993-08-10;-0.00014888;-0.00006586
1993-08-11;0.00664137;0.00672411
1993-08-12;0.00473473;0.00481720
1993-08-13;0.00246113;0.00254387
1993-08-16;-0.00163617;-0.00138795
1993-08-17;0.00081462;0.00089708
1993-08-18;0.00053978;0.00062170
1993-08-19;-0.00030992;-0.00022828
1993-08-20;-0.00250214;-0.00242022
1993-08-23;-0.00064291;-0.00039715
1993-08-24;0.00150354;0.00158546
1993-08-25;0.00015071;0.00023235
1993-08-26;-0.00249815;-0.00241596
1993-08-27;0.00396549;0.00404823
1993-08-30;0.00190231;0.00215053
1993-08-31;0.00133852;0.00142098
1993-09-01;-0.00145320;-0.00137073
1993-09-02;0.00414205;0.00422397
1993-09-03;0.00010480;0.00018534
1993-09-06;-0.00303568;-0.00279404
1993-09-07;-0.00721601;-0.00713573
1993-09-08;-0.00500793;-0.00492683
1993-09-09;-0.00086162;-0.00077997
1993-09-10;0.00263418;0.00271528
1993-09-13;0.00210504;0.00234915
1993-09-14;-0.00002679;0.00005512
1993-09-15;-0.00459328;-0.00451219
1993-09-16;-0.00086624;-0.00078542
1993-09-17;0.00002064;0.00010146
1993-09-20;0.00273820;0.00298067
1993-09-21;0.00136336;0.00144336
1993-09-22;-0.00352951;-0.00344951
1993-09-23;0.00475395;0.00483423
1993-09-24;-0.00137780;-0.00129752
1993-09-27;0.00361450;0.00385368
1993-09-28;0.00066172;0.00074117
1993-09-29;0.00090225;0.00098253
1993-09-30;0.00257861;0.00265861
1993-10-01;0.00072176;0.00080176
1993-10-04;0.00047002;0.00071084
1993-10-05;-0.00025503;-0.00017284
1993-10-06;-0.00247794;-0.00239629
1993-10-07;-0.00198456;-0.00190291
1993-10-08;0.00020330;0.00028494
1993-10-11;-0.00065884;-0.00041390
1993-10-12;-0.00045367;-0.00037120
1993-10-13;-0.00015104;-0.00006803
1993-10-14;0.00126761;0.00135008
1993-10-15;0.00254044;0.00262291
1993-10-18;-0.00148472;-0.00123650
1993-10-19;-0.00311440;-0.00303056
1993-10-20;-0.00134380;-0.00126051
1993-10-21;-0.00061966;-0.00053609
1993-10-22;-0.00173853;-0.00165525
1993-10-25;0.00003475;0.00028462
1993-10-26;0.00199730;0.00208196
1993-10-27;0.00044487;0.00052953
1993-10-28;0.00049034;0.00057363
1993-10-29;0.00085051;0.00093352
1993-11-01;0.00129958;0.00155109
1993-11-02;0.00011548;0.00020096
1993-11-03;-0.00520843;-0.00512378
1993-11-04;-0.00601950;-0.00593511
1993-11-05;0.00011460;0.00019844
1993-11-08;0.00064353;0.00089504
1993-11-09;0.00441635;0.00450155
1993-11-10;0.00261339;0.00269887
1993-11-11;-0.00021670;-0.00013122
1993-11-12;0.00119371;0.00127891
1993-11-15;0.00076955;0.00102517
1993-11-16;0.00263534;0.00272000
1993-11-17;-0.00366014;-0.00357549
1993-11-18;-0.00103921;-0.00095400
1993-11-19;-0.00002562;0.00006013
1993-11-22;-0.00518891;-0.00493165
1993-11-23;0.00315073;0.00323621
1993-11-24;0.00284844;0.00293392
1993-11-25;0.00264114;0.00272662
1993-11-26;0.00144121;0.00152642
1993-11-29;0.00064335;0.00089979
1993-11-30;0.00035655;0.00044258
1993-12-01;-0.00267303;-0.00258755
1993-12-02;-0.00368126;-0.00359605
1993-12-03;-0.00075016;-0.00066496
1993-12-06;0.00069824;0.00095221
1993-12-07;0.00019516;0.00027982
1993-12-08;0.00077607;0.00086045
1993-12-09;-0.00219475;-0.00211092
1993-12-10;-0.00013613;-0.00005257
1993-12-13;-0.00062024;-0.00036955
1993-12-14;0.00009103;0.00017432
1993-12-15;-0.00044658;-0.00036356
1993-12-16;-0.00192194;-0.00183893
1993-12-17;-0.00118235;-0.00109934
1993-12-20;0.00435581;0.00460650
1993-12-21;-0.00004415;0.00003996
1993-12-22;-0.00258451;-0.00250067
1993-12-23;-0.00081571;-0.00073188
1993-12-24;0.00174571;0.00182955
1993-12-27;0.00164991;0.00190142
1993-12-28;-0.00167730;-0.00159347
1993-12-29;0.00176344;0.00184590
1993-12-30;-0.00074241;-0.00066076
1993-12-31;-0.00134804;-0.00126558
1994-01-03;0.00101676;0.00126580
1994-01-04;-0.00076882;-0.00068444
1994-01-05;-0.00094930;-0.00086519
1994-01-06;-0.00002894;0.00005462
1994-01-07;0.00076352;0.00084599
1994-01-10;0.00274027;0.00298602
1994-01-11;-0.00034641;-0.00026477
1994-01-12;-0.00354154;-0.00346044
1994-01-13;-0.00162210;-0.00154128
1994-01-14;0.00229654;0.00237791
1994-01-17;-0.00420734;-0.00396323
1994-01-18;0.00145898;0.00154008
1994-01-19;-0.00002675;0.00005462
1994-01-20;-0.00116713;-0.00108631
1994-01-21;-0.00092097;-0.00084015
1994-01-24;0.00107980;0.00132062
1994-01-25;-0.00203137;-0.00195110
1994-01-26;0.00213847;0.00221847
1994-01-27;0.00245249;0.00253249
1994-01-28;0.00120198;0.00128226
1994-01-31;0.00113330;0.00137659
1994-02-01;0.00130549;0.00138850
1994-02-02;-0.00057746;-0.00049362
1994-02-03;-0.00213221;-0.00204646
1994-02-04;-0.00961681;-0.00952832
1994-02-07;0.00125540;0.00152006
1994-02-08;-0.00000616;0.00008288
1994-02-09;-0.00064991;-0.00056087
1994-02-10;-0.00216099;-0.00207168
1994-02-11;0.00009255;0.00018187
1994-02-14;0.00010076;0.00036870
1994-02-15;0.00101585;0.00110544
1994-02-16;0.00111477;0.00120436
1994-02-17;-0.00092296;-0.00083309
1994-02-18;-0.00171654;-0.00162641
1994-02-21;0.00206473;0.00233514
1994-02-22;0.00427028;0.00436042
1994-02-23;0.00040227;0.00049487
1994-02-24;-0.00271897;-0.00262692
1994-02-25;0.00144693;0.00153925
1994-02-28;-0.00009828;0.00017788
1994-03-01;-0.00072292;-0.00062703
1994-03-02;-0.00426849;-0.00417342
1994-03-03;0.00021370;0.00030904
1994-03-04;0.00537556;0.00547228
1994-03-07;0.00249197;0.00278129
1994-03-08;-0.00126007;-0.00116281
1994-03-09;-0.00182672;-0.00173000
1994-03-10;-0.00159265;-0.00149704
1994-03-11;0.00103534;0.00113096
1994-03-14;0.00495355;0.00524451
1994-03-15;0.00071344;0.00081153
1994-03-16;-0.00065998;-0.00056327
1994-03-17;0.00106382;0.00115889
1994-03-18;0.00011122;0.00020656
1994-03-21;-0.00414601;-0.00385669
1994-03-22;-0.00047070;-0.00037427
1994-03-23;-0.00114671;-0.00105192
1994-03-24;-0.00103251;-0.00093799
1994-03-25;-0.00124425;-0.00114890
1994-03-28;-0.00138534;-0.00109767
1994-03-29;-0.00548058;-0.00538441
1994-03-30;-0.00337270;-0.00327708
1994-03-31;0.00087168;0.00096702
1994-04-01;0.00421792;0.00431326
1994-04-04;0.00319904;0.00349904
1994-04-05;-0.00371663;-0.00361636
1994-04-06;-0.00005279;0.00004556
1994-04-07;0.00102623;0.00112294
1994-04-08;0.00038228;0.00047981
1994-04-11;0.00139231;0.00168327
1994-04-12;-0.00134273;-0.00124519
1994-04-13;0.00024103;0.00033856
1994-04-14;0.00072480;0.00082288
1994-04-15;0.00158254;0.00168089
1994-04-18;0.00133032;0.00163443
1994-04-19;-0.00104466;-0.00094220
1994-04-20;-0.00055807;-0.00045561
1994-04-21;-0.00363190;-0.00352943
1994-04-22;0.00048426;0.00058700
1994-04-25;-0.00118474;-0.00087570
1994-04-26;-0.00187889;-0.00177259
1994-04-27;0.00028391;0.00039021
1994-04-28;0.00103973;0.00114630
1994-04-29;-0.00002394;0.00008209
1994-05-02;-0.00045736;-0.00013516
1994-05-03;-0.00170955;-0.00159941
1994-05-04;0.00012323;0.00023419
1994-05-05;0.00084404;0.00095445
1994-05-06;0.00021766;0.00033218
1994-05-09;0.00089679;0.00124610
1994-05-10;0.00115298;0.00126914
1994-05-11;0.00077831;0.00089393
1994-05-12;-0.00074917;-0.00063602
1994-05-13;0.00131129;0.00142417
1994-05-16;0.00138305;0.00172414
1994-05-17;0.00002011;0.00013518
1994-05-18;-0.00131589;-0.00120109
1994-05-19;-0.00081888;-0.00070573
1994-05-20;0.00036912;0.00048282
1994-05-23;0.00168430;0.00202621
1994-05-24;-0.00214218;-0.00202656
1994-05-25;-0.00174347;-0.00162895
1994-05-26;0.00002122;0.00013520
1994-05-27;-0.00099588;-0.00088136
1994-05-30;0.00227302;0.00261659
1994-05-31;0.00173804;0.00185201
1994-06-01;0.00103795;0.00115247
1994-06-02;-0.00152643;-0.00141328
1994-06-03;0.00004565;0.00015853
1994-06-06;-0.00382320;-0.00348704
1994-06-07;-0.00044833;-0.00033546
1994-06-08;0.00136481;0.00147742
1994-06-09;0.00019739;0.00031027
1994-06-10;0.00050935;0.00062195
1994-06-13;0.00193488;0.00227351
1994-06-14;-0.00071522;-0.00060262
1994-06-15;0.00033510;0.00044825
1994-06-16;0.00092158;0.00103418
1994-06-17;0.00040895;0.00052183
1994-06-20;-0.00078214;-0.00044351
1994-06-21;-0.00437738;-0.00426231
1994-06-22;-0.00058298;-0.00046846
1994-06-23;0.00050292;0.00061662
1994-06-24;-0.00201200;-0.00189775
1994-06-27;-0.00348438;-0.00314411
1994-06-28;0.00176633;0.00188085
1994-06-29;-0.00042942;-0.00031573
1994-06-30;0.00099383;0.00110752
1994-07-01;-0.00270835;-0.00259328
1994-07-04;-0.00058307;-0.00023787
1994-07-05;0.00110124;0.00121658
1994-07-06;0.00232310;0.00244036
1994-07-07;-0.00372386;-0.00360742
1994-07-08;-0.00017578;-0.00005605
1994-07-11;0.00359639;0.00396049
1994-07-12;0.00176474;0.00188665
1994-07-13;-0.00218619;-0.00206537
1994-07-14;-0.00244605;-0.00232824
1994-07-15;-0.00107653;-0.00095982
1994-07-18;-0.00016022;0.00018828
1994-07-19;-0.00074765;-0.00063094
1994-07-20;0.00165886;0.00177667
1994-07-21;-0.00257717;-0.00245854
1994-07-22;-0.00229393;-0.00217393
1994-07-25;-0.00044077;-0.00008077
1994-07-26;-0.00088425;-0.00076343
1994-07-27;0.00149898;0.00162117
1994-07-28;-0.00053903;-0.00041793
1994-07-29;-0.00136008;-0.00124309
1994-08-01;0.00067296;0.00102474
1994-08-02;0.00014068;0.00025931
1994-08-03;-0.00057905;-0.00046042
1994-08-04;-0.00074176;-0.00062341
1994-08-05;0.00126981;0.00139200
1994-08-08;-0.00069247;-0.00032508
1994-08-09;-0.00063099;-0.00050907
1994-08-10;0.00202245;0.00214245
1994-08-11;0.00034936;0.00046827
1994-08-12;0.00016042;0.00028042
1994-08-15;-0.00101574;-0.00064999
1994-08-16;0.00190662;0.00203319
1994-08-17;0.00067227;0.00079747
1994-08-18;-0.00099590;-0.00087015
1994-08-19;-0.00121092;-0.00108599
1994-08-22;-0.00209365;-0.00172050
1994-08-23;0.00141936;0.00154456
1994-08-24;0.00311459;0.00323897
1994-08-25;0.00085388;0.00097881
1994-08-26;0.00195274;0.00207767
1994-08-29;-0.00026953;0.00010608
1994-08-30;0.00068020;0.00080596
1994-08-31;0.00027670;0.00040163
1994-09-01;-0.00285814;-0.00273348
1994-09-02;-0.00041897;-0.00029431
1994-09-05;-0.00205943;-0.00168546
1994-09-06;-0.00032326;-0.00019861
1994-09-07;0.00204975;0.00217413
1994-09-08;0.00220520;0.00232986
1994-09-09;-0.00331978;-0.00319431
1994-09-12;-0.00106027;-0.00068301
1994-09-13;0.00221320;0.00233923
1994-09-14;-0.00109317;-0.00096769
1994-09-15;0.00553440;0.00565988
1994-09-16;-0.00164429;-0.00151799
1994-09-19;-0.00113730;-0.00076086
1994-09-20;-0.00552673;-0.00540016
1994-09-21;0.00022407;0.00035530
1994-09-22;-0.00305582;-0.00292459
1994-09-23;0.00079860;0.00092955
1994-09-26;-0.00192446;-0.00153159
1994-09-27;0.00095789;0.00108693
1994-09-28;0.00289506;0.00301945
1994-09-29;-0.00370880;-0.00358332
1994-09-30;0.00008481;0.00021275
1994-10-03;-0.00119963;-0.00081086
1994-10-04;-0.00115985;-0.00102396
1994-10-05;0.00055512;0.00069101
1994-10-06;-0.00005523;0.00008093
1994-10-07;-0.00044505;-0.00031135
1994-10-10;-0.00050818;-0.00010709
1994-10-11;-0.00028471;-0.00015074
1994-10-12;-0.00153225;-0.00139554
1994-10-13;-0.00054530;-0.00041078
1994-10-14;0.00144528;0.00157844
1994-10-17;0.00223370;0.00263233
1994-10-18;0.00090247;0.00103699
1994-10-19;0.00207680;0.00221159
1994-10-20;-0.00060312;-0.00046614
1994-10-21;0.00058680;0.00072379
1994-10-24;0.00041226;0.00082487
1994-10-25;0.00256842;0.00270705
1994-10-26;0.00052781;0.00066480
1994-10-27;0.00050296;0.00063939
1994-10-28;-0.00101443;-0.00087717
1994-10-31;-0.00020024;0.00021319
1994-11-01;-0.00231686;-0.00217768
1994-11-02;0.00062926;0.00076871
1994-11-03;-0.00298861;-0.00284888
1994-11-04;-0.00149305;-0.00135113
1994-11-07;0.00282113;0.00325017
1994-11-08;0.00243929;0.00258257
1994-11-09;-0.00099158;-0.00084911
1994-11-10;-0.00133029;-0.00118701
1994-11-11;-0.00123621;-0.00109292
1994-11-14;-0.00011642;0.00031756
1994-11-15;-0.00054084;-0.00039345
1994-11-16;-0.00178772;-0.00164060
1994-11-17;0.00067562;0.00082220
1994-11-18;0.00011297;0.00025927
1994-11-21;-0.00050115;-0.00006307
1994-11-22;-0.00284926;-0.00270296
1994-11-23;-0.00081283;-0.00066790
1994-11-24;0.00138459;0.00152953
1994-11-25;0.00070001;0.00084494
1994-11-28;0.00172512;0.00216813
1994-11-29;0.00193088;0.00208238
1994-11-30;-0.00029719;-0.00014486
1994-12-01;0.00080652;0.00095858
1994-12-02;-0.00161493;-0.00146069
1994-12-05;-0.00057068;-0.00009725
1994-12-06;-0.00021408;-0.00005600
1994-12-07;0.00273827;0.00289333
1994-12-08;0.00185815;0.00201349
1994-12-09;0.00196035;0.00211542
1994-12-12;-0.00014838;0.00032176
1994-12-13;0.00019079;0.00034914
1994-12-14;-0.00128550;-0.00112989
1994-12-15;0.00016189;0.00031367
1994-12-16;-0.00201110;-0.00185877
1994-12-19;0.00176091;0.00221789
1994-12-20;-0.00056297;-0.00041283
1994-12-21;-0.00039987;-0.00025165
1994-12-22;0.00007437;0.00022396
1994-12-23;0.00055978;0.00071129
1994-12-26;-0.00117923;-0.00072471
1994-12-27;-0.00012229;0.00002921
1994-12-28;0.00145828;0.00160951
1994-12-29;0.00173700;0.00188796
1994-12-30;-0.00119486;-0.00104335
1995-01-02;-0.00192169;-0.00146717
1995-01-03;-0.00222304;-0.00207154
1995-01-04;-0.00099173;-0.00083584
1995-01-05;-0.00230221;-0.00214549
1995-01-06;-0.00037776;-0.00022050
1995-01-09;-0.00079919;-0.00032658
1995-01-10;0.00432045;0.00447771
1995-01-11;0.00187823;0.00203248
1995-01-12;-0.00218230;-0.00202833
1995-01-13;-0.00561229;-0.00545969
1995-01-16;0.00047137;0.00092918
1995-01-17;0.00302201;0.00317598
1995-01-18;0.00064791;0.00080434
1995-01-19;0.00074814;0.00090458
1995-01-20;-0.00141529;-0.00125775
1995-01-23;-0.01045398;-0.00998055
1995-01-24;0.00188087;0.00204005
1995-01-25;-0.00159856;-0.00144048
1995-01-26;-0.00045486;-0.00029678
1995-01-27;-0.00117280;-0.00101499
1995-01-30;0.00430455;0.00477551
1995-01-31;-0.00398431;-0.00382458
1995-02-01;-0.00126160;-0.00109996
1995-02-02;-0.00058443;-0.00042416
1995-02-03;-0.00530633;-0.00514743
1995-02-06;-0.00313745;-0.00266073
1995-02-07;-0.00103535;-0.00087617
1995-02-08;0.00021528;0.00037336
1995-02-09;0.00042705;0.00058541
1995-02-10;-0.00064431;-0.00048514
1995-02-13;0.00053872;0.00101543
1995-02-14;-0.00105491;-0.00089628
1995-02-15;0.00162852;0.00178660
1995-02-16;0.00418387;0.00433976
1995-02-17;-0.00279736;-0.00264119
1995-02-20;0.00442165;0.00489014
1995-02-21;-0.00137227;-0.00121501
1995-02-22;-0.00071352;-0.00055763
1995-02-23;-0.00171386;-0.00155715
1995-02-24;0.00194336;0.00210007
1995-02-27;0.00505723;0.00552736
1995-02-28;-0.00267213;-0.00251432
1995-03-01;0.00267315;0.00283096
1995-03-02;-0.00124019;-0.00108266
1995-03-03;0.00071452;0.00087123
1995-03-06;0.00028553;0.00075731
1995-03-07;-0.00313578;-0.00297742
1995-03-08;-0.00008022;0.00007786
1995-03-09;-0.00299521;-0.00283822
1995-03-10;0.00417083;0.00432892
1995-03-13;-0.00208486;-0.00161144
1995-03-14;0.00630775;0.00646529
1995-03-15;-0.00399900;-0.00384174
1995-03-16;0.00317107;0.00332833
1995-03-17;-0.00061931;-0.00046205
1995-03-20;0.00162187;0.00209283
1995-03-21;-0.00122309;-0.00106583
1995-03-22;0.00099824;0.00115522
1995-03-23;-0.00123347;-0.00107703
1995-03-24;0.00274973;0.00290508
1995-03-27;-0.00029952;0.00016568
1995-03-28;-0.00212247;-0.00196603
1995-03-29;-0.00063138;-0.00047631
1995-03-30;-0.00080415;-0.00064798
1995-03-31;-0.00105024;-0.00089407
1995-04-03;0.00214110;0.00260959
1995-04-04;-0.00351650;-0.00335951
1995-04-05;-0.00044781;-0.00029165
1995-04-06;-0.00156470;-0.00140936
1995-04-07;0.00142002;0.00157564
1995-04-10;-0.00053410;-0.00006971
1995-04-11;0.00034068;0.00049575
1995-04-12;0.00025106;0.00040558
1995-04-13;0.00320184;0.00335472
1995-04-14;0.00214812;0.00230100
1995-04-17;-0.00161104;-0.00114913
1995-04-18;-0.00018748;-0.00003378
1995-04-19;-0.00126604;-0.00111206
1995-04-20;-0.00112309;-0.00096966
1995-04-21;-0.00069900;-0.00054502
1995-04-24;0.00382602;0.00428794
1995-04-25;-0.00044410;-0.00028875
1995-04-26;0.00040118;0.00055652
1995-04-27;0.00115111;0.00130700
1995-04-28;0.00158767;0.00174356
1995-05-01;0.00026297;0.00073228
1995-05-02;-0.00138873;-0.00123229
1995-05-03;0.00363285;0.00378792
1995-05-04;-0.00081774;-0.00066431
1995-05-05;-0.00064712;-0.00049452
1995-05-08;0.00300880;0.00346743
1995-05-09;-0.00117080;-0.00101656
1995-05-10;-0.00083017;-0.00067565
1995-05-11;0.00016423;0.00031930
1995-05-12;0.00116827;0.00132416
1995-05-15;0.00035778;0.00082628
1995-05-16;0.00263535;0.00279124
1995-05-17;-0.00007181;0.00008381
1995-05-18;-0.00358156;-0.00342567
1995-05-19;0.00188804;0.00204393
1995-05-22;0.00095341;0.00142273
1995-05-23;0.00290573;0.00306272
1995-05-24;-0.00009957;0.00005632
1995-05-25;0.00233459;0.00248966
1995-05-26;-0.00344783;-0.00329276
1995-05-29;0.00037388;0.00083908
1995-05-30;-0.00341306;-0.00325827
1995-05-31;0.00443539;0.00458964
1995-06-01;0.00001350;0.00016419
1995-06-02;-0.00139847;-0.00124998
1995-06-05;0.00265412;0.00310700
1995-06-06;-0.00107835;-0.00092712
1995-06-07;-0.00127737;-0.00112477
1995-06-08;0.00131392;0.00146707
1995-06-09;0.00062135;0.00077477
1995-06-12;0.00194265;0.00239963
1995-06-13;0.00253553;0.00268457
1995-06-14;-0.00066029;-0.00051125
1995-06-15;-0.00032326;-0.00017313
1995-06-16;0.00167298;0.00182339
1995-06-19;0.00406122;0.00450999
1995-06-20;0.00229077;0.00244091
1995-06-21;-0.00233534;-0.00218658
1995-06-22;0.00505891;0.00520603
1995-06-23;-0.00175739;-0.00160999
1995-06-26;-0.00179707;-0.00135406
1995-06-27;0.00021347;0.00036196
1995-06-28;0.00260016;0.00274811
1995-06-29;0.00021193;0.00036262
1995-06-30;0.00183513;0.00198417
1995-07-03;0.00134939;0.00179816
1995-07-04;-0.00273808;-0.00258849
1995-07-05;0.00096180;0.00111276
1995-07-06;0.00094824;0.00109536
1995-07-07;0.00051452;0.00066191
1995-07-10;0.00312149;0.00356204
1995-07-11;-0.00471339;-0.00456572
1995-07-12;0.00375520;0.00390260
1995-07-13;-0.00277581;-0.00262814
1995-07-14;0.00115878;0.00130755
1995-07-17;0.00046467;0.00091261
1995-07-18;-0.00417667;-0.00402763
1995-07-19;-0.00566717;-0.00551895
1995-07-20;-0.00050722;-0.00035845
1995-07-21;-0.00008629;0.00006275
1995-07-24;0.00393939;0.00438651
1995-07-25;0.00491251;0.00506182
1995-07-26;-0.00039000;-0.00024042
1995-07-27;0.00130556;0.00145378
1995-07-28;-0.00369599;-0.00354750
1995-07-31;-0.00223334;-0.00178786
1995-08-01;-0.00128393;-0.00113489
1995-08-02;0.00117532;0.00132382
1995-08-03;-0.00077751;-0.00062901
1995-08-04;0.00182984;0.00197806
1995-08-07;0.00040264;0.00084648
1995-08-08;0.00017838;0.00032578
1995-08-09;-0.00054161;-0.00039394
1995-08-10;-0.00113183;-0.00098389
1995-08-11;-0.00044015;-0.00029165
1995-08-14;0.00040417;0.00085047
1995-08-15;-0.00138897;-0.00123965
1995-08-16;0.00056986;0.00071862
1995-08-17;-0.00088468;-0.00073563
1995-08-18;0.00179235;0.00194139
1995-08-21;-0.00163220;-0.00118426
1995-08-22;0.00155656;0.00170615
1995-08-23;0.00013016;0.00027893
1995-08-24;-0.00116352;-0.00101667
1995-08-25;0.00202999;0.00217629
1995-08-28;-0.00208174;-0.00164530
1995-08-29;0.00106475;0.00121105
1995-08-30;0.00298388;0.00312908
1995-08-31;-0.00128757;-0.00114264
1995-09-01;-0.00049745;-0.00035252
1995-09-04;-0.00023776;0.00019703
1995-09-05;0.00448059;0.00462606
1995-09-06;0.00095983;0.00110559
1995-09-07;0.00071950;0.00086581
1995-09-08;0.00067194;0.00081879
1995-09-11;0.00148537;0.00192509
1995-09-12;0.00169725;0.00184273
1995-09-13;0.00050183;0.00064730
1995-09-14;-0.00271186;-0.00256720
1995-09-15;-0.00180555;-0.00166034
1995-09-18;-0.00129954;-0.00086474
1995-09-19;0.00437644;0.00451891
1995-09-20;-0.00143914;-0.00129722
1995-09-21;-0.00314705;-0.00300349
1995-09-22;-0.00389548;-0.00375329
1995-09-25;0.00221247;0.00264316
1995-09-26;-0.00062075;-0.00047582
1995-09-27;-0.00151508;-0.00137097
1995-09-28;0.00340154;0.00354620
1995-09-29;0.00109307;0.00123663
1995-10-02;-0.00014864;0.00028369
1995-10-03;-0.00060175;-0.00045518
1995-10-04;-0.00183004;-0.00168456
1995-10-05;0.00072962;0.00087428
1995-10-06;-0.00116943;-0.00102395
1995-10-09;-0.00625137;-0.00581493
1995-10-10;-0.00106212;-0.00091719
1995-10-11;0.00372148;0.00386696
1995-10-12;0.00151443;0.00165964
1995-10-13;0.00053647;0.00068140
1995-10-16;-0.00193802;-0.00150076
1995-10-17;0.00349950;0.00364388
1995-10-18;0.00034410;0.00048794
1995-10-19;0.00022580;0.00036964
1995-10-20;-0.00230622;-0.00216184
1995-10-23;-0.00051716;-0.00008401
1995-10-24;0.00057123;0.00071424
1995-10-25;-0.00182547;-0.00168218
1995-10-26;-0.00038534;-0.00024232
1995-10-27;0.00209380;0.00223763
1995-10-30;0.00402057;0.00445454
1995-10-31;-0.00253387;-0.00238812
1995-11-01;-0.00087659;-0.00073084
1995-11-02;0.00139245;0.00153793
1995-11-03;0.00003359;0.00017907
1995-11-06;-0.00273627;-0.00229737
1995-11-07;-0.00328209;-0.00313497
1995-11-08;0.00035615;0.00050300
1995-11-09;-0.00161594;-0.00146827
1995-11-10;0.00096682;0.00111531
1995-11-13;0.00025960;0.00070508
1995-11-14;-0.00204403;-0.00189663
1995-11-15;-0.00071169;-0.00056402
1995-11-16;0.00133866;0.00148551
1995-11-17;0.00067131;0.00081788
1995-11-20;-0.00163074;-0.00119102
1995-11-21;0.00060956;0.00075641
1995-11-22;-0.00200098;-0.00185413
1995-11-23;-0.00027067;-0.00012382
1995-11-24;0.00072387;0.00086962
1995-11-27;-0.00049486;-0.00005595
1995-11-28;0.00489092;0.00503804
1995-11-29;0.00011408;0.00026038
1995-11-30;-0.00258773;-0.00244197
1995-12-01;0.00167899;0.00182393
1995-12-04;0.00158397;0.00202041
1995-12-05;0.00080999;0.00095547
1995-12-06;0.00113045;0.00127620
1995-12-07;0.00049094;0.00063724
1995-12-08;0.00197801;0.00212431
1995-12-11;0.00038002;0.00081810
1995-12-12;-0.00106078;-0.00091694
1995-12-13;-0.00006272;0.00008139
1995-12-14;-0.00129265;-0.00114854
1995-12-15;-0.00153459;-0.00139212
1995-12-18;-0.00566510;-0.00523770
1995-12-19;0.00133260;0.00147206
1995-12-20;0.00022281;0.00035980
1995-12-21;0.00198631;0.00212083
1995-12-22;0.00132979;0.00146403
1995-12-25;0.00048024;0.00088298
1995-12-26;-0.00130144;-0.00116829
1995-12-27;-0.00222696;-0.00209271
1995-12-28;0.00255536;0.00268796
1995-12-29;-0.00163000;-0.00149411
1996-01-02;0.00291891;0.00346356
1996-01-03;0.00019333;0.00033169
1996-01-04;0.00410451;0.00424259
1996-01-05;-0.00168229;-0.00154448
1996-01-08;0.00121599;0.00162941
1996-01-09;0.00023566;0.00037292
1996-01-10;-0.00405840;-0.00392032
1996-01-11;-0.00095087;-0.00081279
1996-01-12;0.00062372;0.00076208
1996-01-15;0.00046442;0.00087948
1996-01-16;0.00524913;0.00538612
1996-01-17;0.00066909;0.00080581
1996-01-18;0.00006382;0.00019971
1996-01-19;0.00263550;0.00277139
1996-01-22;-0.00042361;-0.00001430
1996-01-23;-0.00128078;-0.00114461
1996-01-24;0.00459477;0.00473094
1996-01-25;0.00004451;0.00018067
1996-01-26;0.00296261;0.00309878
1996-01-29;-0.00113337;-0.00072241
1996-01-30;0.00223822;0.00237494
1996-01-31;0.00084189;0.00097641
1996-02-01;0.00100027;0.00113424
1996-02-02;-0.00293518;-0.00280230
1996-02-05;-0.00427773;-0.00387828
1996-02-06;0.00166898;0.00180158
1996-02-07;0.00171844;0.00184994
1996-02-08;0.00020917;0.00034013
1996-02-09;0.00176095;0.00189219
1996-02-12;0.00074475;0.00113927
1996-02-13;-0.00106620;-0.00093497
1996-02-14;-0.00099531;-0.00086380
1996-02-15;-0.00137437;-0.00124341
1996-02-16;-0.00248468;-0.00235427
1996-02-19;-0.00915877;-0.00876754
1996-02-20;-0.00229271;-0.00216038
1996-02-21;0.00259604;0.00272809
1996-02-22;0.00294773;0.00307951
1996-02-23;0.00169487;0.00182720
1996-02-26;-0.00211272;-0.00171409
1996-02-27;-0.00267741;-0.00254371
1996-02-28;0.00164449;0.00177818
1996-02-29;-0.00044315;-0.00030918
1996-03-01;-0.00097709;-0.00084394
1996-03-04;-0.00016392;0.00023800
1996-03-05;0.00145957;0.00159354
1996-03-06;-0.00064430;-0.00051005
1996-03-07;0.00042189;0.00055614
1996-03-08;-0.00410084;-0.00396714
1996-03-11;0.00028475;0.00069242
1996-03-12;-0.00047511;-0.00033922
1996-03-13;0.00240067;0.00253656
1996-03-14;0.00114042;0.00127686
1996-03-15;0.00266278;0.00280004
1996-03-18;0.00378651;0.00419993
1996-03-19;0.00041504;0.00055340
1996-03-20;-0.00147736;-0.00133983
1996-03-21;0.00143965;0.00157500
1996-03-22;-0.00121554;-0.00107937
1996-03-25;-0.00022131;0.00018389
1996-03-26;0.00012625;0.00026324
1996-03-27;0.00298932;0.00312712
1996-03-28;-0.00008121;0.00005714
1996-03-29;-0.00137226;-0.00123527
1996-04-01;0.00440668;0.00482010
1996-04-02;-0.00002784;0.00010970
1996-04-03;-0.00211169;-0.00197443
1996-04-04;-0.00035896;-0.00022252
1996-04-05;0.00368076;0.00381829
1996-04-08;-0.00495406;-0.00454145
1996-04-09;0.00366345;0.00379961
1996-04-10;0.00245889;0.00259451
1996-04-11;-0.00149709;-0.00136147
1996-04-12;0.00173186;0.00186720
1996-04-15;0.00319429;0.00359456
1996-04-16;0.00021040;0.00034245
1996-04-17;-0.00294252;-0.00281019
1996-04-18;-0.00151702;-0.00138415
1996-04-19;-0.00027560;-0.00014190
1996-04-22;0.00473877;0.00513986
1996-04-23;0.00087630;0.00101247
1996-04-24;-0.00171972;-0.00158273
1996-04-25;0.00212057;0.00225646
1996-04-26;0.00059441;0.00073085
1996-04-29;-0.00229746;-0.00188650
1996-04-30;-0.00119773;-0.00106047
1996-05-01;0.00408011;0.00421655
1996-05-02;-0.00472162;-0.00458491
1996-05-03;0.00013677;0.00027375
1996-05-06;-0.00054019;-0.00013005
1996-05-07;-0.00173097;-0.00159371
1996-05-08;0.00105202;0.00118901
1996-05-09;-0.00229524;-0.00215852
1996-05-10;0.00386496;0.00400168
1996-05-13;0.00309170;0.00350430
1996-05-14;0.00257540;0.00271266
1996-05-15;0.00321530;0.00335229
1996-05-16;0.00107577;0.00121303
1996-05-17;-0.00134078;-0.00120352
1996-05-20;-0.00033486;0.00007775
1996-05-21;-0.00020614;-0.00006806
1996-05-22;0.00082251;0.00096059
1996-05-23;-0.00199574;-0.00185766
1996-05-24;0.00011582;0.00025391
1996-05-27;-0.00381424;-0.00340000
1996-05-28;0.00085957;0.00099765
1996-05-29;-0.00239280;-0.00225472
1996-05-30;-0.00386716;-0.00372908
1996-05-31;-0.00191679;-0.00177871
1996-06-03;0.00093471;0.00135224
1996-06-04;0.00101714;0.00115632
1996-06-05;-0.00004032;0.00009886
1996-06-06;-0.00606746;-0.00592855
1996-06-07;0.00138507;0.00152534
1996-06-10;0.00061058;0.00103387
1996-06-11;0.00051357;0.00065412
1996-06-12;-0.00000177;0.00013850
1996-06-13;-0.00093666;-0.00079693
1996-06-14;-0.00189348;-0.00175457
1996-06-17;0.00001609;0.00043116
1996-06-18;-0.00284940;-0.00271049
1996-06-19;-0.00086608;-0.00072663
1996-06-20;-0.00077396;-0.00063369
1996-06-21;0.00330211;0.00344238
1996-06-24;0.00186432;0.00228596
1996-06-25;0.00000274;0.00014246
1996-06-26;-0.00183182;-0.00169209
1996-06-27;0.00002434;0.00016297
1996-06-28;0.00084270;0.00098078
1996-07-01;0.00083937;0.00125690
1996-07-02;-0.00178365;-0.00164173
1996-07-03;-0.00007387;0.00006586
1996-07-04;0.00090556;0.00104529
1996-07-05;-0.00218920;-0.00204783
1996-07-08;-0.00308826;-0.00266415
1996-07-09;0.00014256;0.00028502
1996-07-10;0.00047248;0.00061357
1996-07-11;-0.00163793;-0.00149766
1996-07-12;-0.00215414;-0.00201331
1996-07-15;-0.00379582;-0.00337254
1996-07-16;-0.00482127;-0.00468072
1996-07-17;0.00112174;0.00126201
1996-07-18;0.00366747;0.00380747
1996-07-19;-0.00196863;-0.00182780
1996-07-22;-0.00479821;-0.00437492
1996-07-23;-0.00018933;-0.00004796
1996-07-24;-0.00422201;-0.00408036
1996-07-25;0.00247217;0.00261327
1996-07-26;0.00195703;0.00209812
1996-07-29;-0.00148480;-0.00105658
1996-07-30;-0.00076826;-0.00062580
1996-07-31;-0.00011944;0.00002248
1996-08-01;-0.00257042;-0.00243042
1996-08-02;-0.00124656;-0.00110766
1996-08-05;0.00026087;0.00067594
1996-08-06;-0.00113287;-0.00099452
1996-08-07;-0.00087819;-0.00074011
1996-08-08;0.00035808;0.00049534
1996-08-09;0.00020832;0.00034558
1996-08-12;-0.00050941;-0.00009763
1996-08-13;0.00083711;0.00097492
1996-08-14;-0.00070420;-0.00056666
1996-08-15;0.00075835;0.00089671
1996-08-16;-0.00167843;-0.00154035
1996-08-19;-0.00115823;-0.00074316
1996-08-20;0.00059785;0.00073593
1996-08-21;0.00014915;0.00028641
1996-08-22;-0.00208724;-0.00195025
1996-08-23;0.00007691;0.00021417
1996-08-26;0.00129742;0.00171331
1996-08-27;-0.00141424;-0.00127561
1996-08-28;0.00018140;0.00032003
1996-08-29;0.00084064;0.00098037
1996-08-30;0.00216125;0.00230234
1996-09-02;0.00052019;0.00094348
1996-09-03;0.00118635;0.00132799
1996-09-04;-0.00006417;0.00007775
1996-09-05;-0.00096353;-0.00082106
1996-09-06;0.00002217;0.00016437
1996-09-09;0.00050782;0.00092946
1996-09-10;-0.00049975;-0.00035866
1996-09-11;-0.00010118;0.00004047
1996-09-12;0.00051069;0.00065151
1996-09-13;0.00084305;0.00098195
1996-09-16;0.00030422;0.00071929
1996-09-17;-0.00069497;-0.00055333
1996-09-18;0.00105954;0.00120037
1996-09-19;-0.00146051;-0.00132051
1996-09-20;0.00215322;0.00229432
1996-09-23;-0.00026795;0.00015534
1996-09-24;0.00001171;0.00014952
1996-09-25;0.00166931;0.00180465
1996-09-26;-0.00045359;-0.00032017
1996-09-27;0.00038030;0.00051482
1996-09-30;0.00014087;0.00054443
1996-10-01;-0.00025678;-0.00012062
1996-10-02;0.00493517;0.00506942
1996-10-03;-0.00281425;-0.00267973
1996-10-04;0.00350391;0.00363760
1996-10-07;-0.00013381;0.00027140
1996-10-08;-0.00109237;-0.00095565
1996-10-09;-0.00164652;-0.00150981
1996-10-10;-0.00015767;-0.00002041
1996-10-11;0.00334853;0.00348551
1996-10-14;0.00219424;0.00260519
1996-10-15;0.00195626;0.00209407
1996-10-16;-0.00098128;-0.00084402
1996-10-17;0.00090646;0.00104290
1996-10-18;0.00328242;0.00341886
1996-10-21;-0.00089080;-0.00048066
1996-10-22;-0.00202842;-0.00189089
1996-10-23;-0.00155570;-0.00141871
1996-10-24;-0.00202380;-0.00188682
1996-10-25;0.00021356;0.00035054
1996-10-28;-0.00024319;0.00017187
1996-10-29;-0.00163812;-0.00150086
1996-10-30;0.00137067;0.00150793
1996-10-31;0.00197836;0.00211617
1996-11-01;0.00151283;0.00165064
1996-11-04;0.00114564;0.00155824
1996-11-05;0.00670969;0.00684750
1996-11-06;0.00621596;0.00635377
1996-11-07;-0.00135158;-0.00121404
1996-11-08;0.00276820;0.00290628
1996-11-11;0.00116015;0.00157440
1996-11-12;-0.00056489;-0.00042681
1996-11-13;0.00265095;0.00278876
1996-11-14;0.00547039;0.00560820
1996-11-15;-0.00070695;-0.00056942
1996-11-18;-0.00295571;-0.00254228
1996-11-19;0.00445301;0.00459082
1996-11-20;0.00181743;0.00195524
1996-11-21;0.00582286;0.00596095
1996-11-22;0.00188271;0.00202079
1996-11-25;0.00078586;0.00119928
1996-11-26;0.00052207;0.00065988
1996-11-27;-0.00139668;-0.00125915
1996-11-28;0.00900163;0.00913917
1996-11-29;0.00277657;0.00291356
1996-12-02;0.00035001;0.00075686
1996-12-03;-0.01247635;-0.01234155
1996-12-04;-0.00270809;-0.00257384
1996-12-05;-0.00064482;-0.00051030
1996-12-06;-0.00675605;-0.00662181
1996-12-09;0.01184364;0.01224309
1996-12-10;0.00069094;0.00082327
1996-12-11;-0.00732692;-0.00719459
1996-12-12;-0.00323173;-0.00309913
1996-12-13;-0.00448389;-0.00435238
1996-12-16;-0.00245930;-0.00205985
1996-12-17;0.00275237;0.00288580
1996-12-18;0.00041746;0.00055170
1996-12-19;-0.00012880;0.00000489
1996-12-20;0.00334897;0.00348294
1996-12-23;0.00026404;0.00067253
1996-12-24;-0.00097343;-0.00083754
1996-12-25;0.01373332;0.01386921
1996-12-26;0.00064654;0.00078271
1996-12-27;0.00295761;0.00309405
1996-12-30;-0.00072899;-0.00031474
1996-12-31;-0.00139046;-0.00125155
1997-01-02;-0.00502655;-0.00474984
1997-01-03;0.00452393;0.00466201
1997-01-06;-0.00160762;-0.00119255
1997-01-07;-0.00031799;-0.00018045
1997-01-08;-0.00116710;-0.00102956
1997-01-09;0.00456067;0.00469766
1997-01-10;0.00078084;0.00091892
1997-01-13;-0.00318510;-0.00277086
1997-01-14;0.00243022;0.00256857
1997-01-15;-0.00326739;-0.00312986
1997-01-16;-0.00005362;0.00008418
1997-01-17;0.00002685;0.00016411
1997-01-20;0.00484265;0.00525443
1997-01-21;0.00106988;0.00120769
1997-01-22;-0.00351407;-0.00337599
1997-01-23;-0.00071881;-0.00058073
1997-01-24;0.00030528;0.00044309
1997-01-27;-0.00044375;-0.00002786
1997-01-28;-0.00296693;-0.00282885
1997-01-29;-0.00102834;-0.00089026
1997-01-30;0.00429242;0.00443050
1997-01-31;-0.00326912;-0.00313159
1997-02-03;0.00086478;0.00127410
1997-02-04;-0.00027443;-0.00013826
1997-02-05;-0.00218778;-0.00205080
1997-02-06;0.00022868;0.00036594
1997-02-07;0.00457619;0.00471345
1997-02-10;-0.00335997;-0.00294819
1997-02-11;-0.00021726;-0.00008000
1997-02-12;0.00463990;0.00477744
1997-02-13;0.00234892;0.00248590
1997-02-14;-0.00098711;-0.00085095
1997-02-17;0.00074941;0.00115790
1997-02-18;0.00080829;0.00094473
1997-02-19;-0.00215371;-0.00201727
1997-02-20;-0.00457674;-0.00444057
1997-02-21;-0.00196702;-0.00183113
1997-02-24;0.00137256;0.00178270
1997-02-25;0.00164319;0.00178017
1997-02-26;-0.00074125;-0.00060207
1997-02-27;-0.00334639;-0.00320721
1997-02-28;0.00032436;0.00046382
1997-03-03;0.00105067;0.00146984
1997-03-04;0.00234248;0.00248248
1997-03-05;0.00221592;0.00235482
1997-03-06;-0.00010917;0.00003028
1997-03-07;0.00111327;0.00125245
1997-03-10;0.00169958;0.00211547
1997-03-11;-0.00034442;-0.00020633
1997-03-12;-0.00289231;-0.00275341
1997-03-13;-0.00216348;-0.00202321
1997-03-14;0.00197851;0.00211824
1997-03-17;-0.00216211;-0.00174047
1997-03-18;-0.00283348;-0.00269348
1997-03-19;0.00006106;0.00020216
1997-03-20;-0.00222290;-0.00208043
1997-03-21;0.00110557;0.00124967
1997-03-24;0.00189707;0.00232858
1997-03-25;0.00123266;0.00137759
1997-03-26;0.00272129;0.00286403
1997-03-27;-0.00307332;-0.00293003
1997-03-28;0.00081123;0.00095451
1997-03-31;-0.00248866;-0.00206044
1997-04-01;-0.00181384;-0.00167192
1997-04-02;-0.00274341;-0.00260204
1997-04-03;-0.00081156;-0.00067101
1997-04-04;0.00165623;0.00179732
1997-04-07;0.00235774;0.00278103
1997-04-08;-0.00139602;-0.00125602
1997-04-09;0.00213976;0.00227948
1997-04-10;0.00116470;0.00130580
1997-04-11;-0.00051914;-0.00037750
1997-04-14;-0.00077774;-0.00035281
1997-04-15;0.00135380;0.00149544
1997-04-16;-0.00067577;-0.00053467
1997-04-17;0.00024241;0.00038350
1997-04-18;-0.00025884;-0.00011774
1997-04-21;-0.00157788;-0.00115459
1997-04-22;0.00051042;0.00065343
1997-04-23;-0.00150200;-0.00135872
1997-04-24;0.00048533;0.00062724
1997-04-25;0.00028959;0.00043123
1997-04-28;0.00117961;0.00160618
1997-04-29;0.00192032;0.00206278
1997-04-30;-0.00174504;-0.00160422
1997-05-01;-0.00306891;-0.00292919
1997-05-02;0.00152824;0.00166797
1997-05-05;0.00392928;0.00434435
1997-05-06;-0.00023229;-0.00009339
1997-05-07;-0.00064909;-0.00050991
1997-05-08;0.00037440;0.00051330
1997-05-09;0.00253370;0.00267205
1997-05-12;0.00272267;0.00313692
1997-05-13;-0.00217583;-0.00203610
1997-05-14;0.00095388;0.00109223
1997-05-15;-0.00162187;-0.00148516
1997-05-16;-0.00387605;-0.00373742
1997-05-19;0.00127535;0.00169946
1997-05-20;0.00124510;0.00138893
1997-05-21;-0.00225425;-0.00211753
1997-05-22;0.00013188;0.00026996
1997-05-23;0.00506858;0.00520666
1997-05-26;0.00333113;0.00374538
1997-05-27;0.00281977;0.00295731
1997-05-28;0.00045593;0.00059401
1997-05-29;-0.00123460;-0.00110063
1997-05-30;-0.00228476;-0.00215271
1997-06-02;0.00157998;0.00197368
1997-06-03;-0.00143608;-0.00130128
1997-06-04;-0.00130458;-0.00116869
1997-06-05;0.00135731;0.00149347
1997-06-06;0.00261783;0.00275289
1997-06-09;0.00087540;0.00127978
1997-06-10;0.00005159;0.00018638
1997-06-11;0.00138790;0.00152078
1997-06-12;0.00366736;0.00379997
1997-06-13;0.00221816;0.00235131
1997-06-16;0.00151343;0.00191206
1997-06-17;0.00015826;0.00029305
1997-06-18;-0.00149644;-0.00136219
1997-06-19;0.00359927;0.00373489
1997-06-20;0.00032808;0.00046343
1997-06-23;-0.00179477;-0.00138052
1997-06-24;0.00265652;0.00279186
1997-06-25;0.00021868;0.00035402
1997-06-26;-0.00145804;-0.00132023
1997-06-27;0.00028002;0.00041755
1997-06-30;-0.00351236;-0.00309647
1997-07-01;0.00094773;0.00108582
1997-07-02;0.00350281;0.00364144
1997-07-03;0.00504968;0.00518694
1997-07-04;-0.00024813;-0.00011087
1997-07-07;0.00296902;0.00337669
1997-07-08;0.00078970;0.00092641
1997-07-09;-0.00148105;-0.00134461
1997-07-10;0.00113274;0.00127000
1997-07-11;0.00316458;0.00330157
1997-07-14;0.00269696;0.00310956
1997-07-15;-0.00019916;-0.00005999
1997-07-16;0.00350619;0.00364400
1997-07-17;-0.00051668;-0.00037860
1997-07-18;-0.00582488;-0.00568515
1997-07-21;0.00027920;0.00070084
1997-07-22;0.00618557;0.00632365
1997-07-23;0.00305801;0.00319664
1997-07-24;-0.00154257;-0.00140311
1997-07-25;-0.00026276;-0.00012303
1997-07-28;-0.00319949;-0.00278031
1997-07-29;-0.00296887;-0.00282915
1997-07-30;0.00135017;0.00148990
1997-07-31;0.00163817;0.00177817
1997-08-01;-0.00092019;-0.00077937
1997-08-04;-0.00057888;-0.00015641
1997-08-05;0.00087313;0.00101423
1997-08-06;0.00236461;0.00250570
1997-08-07;-0.00038054;-0.00023917
1997-08-08;-0.00413491;-0.00399382
1997-08-11;-0.00246433;-0.00203940
1997-08-12;-0.00132120;-0.00117956
1997-08-13;-0.00403540;-0.00389348
1997-08-14;0.00049001;0.00063248
1997-08-15;-0.00541643;-0.00527533
1997-08-18;0.00229670;0.00271834
1997-08-19;0.00482325;0.00496325
1997-08-20;0.00365681;0.00379654
1997-08-21;-0.00541239;-0.00527184
1997-08-22;-0.00295512;-0.00281512
1997-08-25;-0.00089197;-0.00046786
1997-08-26;-0.00252224;-0.00238142
1997-08-27;0.00051061;0.00065143
1997-08-28;-0.00346289;-0.00332317
1997-08-29;0.00042350;0.00056323
1997-09-01;0.00534183;0.00576101
1997-09-02;0.00313643;0.00327534
1997-09-03;-0.00237100;-0.00223374
1997-09-04;-0.00032439;-0.00018713
1997-09-05;-0.00094215;-0.00080434
1997-09-08;0.00113108;0.00154368
1997-09-09;0.00000779;0.00014532
1997-09-10;-0.00043678;-0.00030034
1997-09-11;0.00407583;0.00421281
1997-09-12;0.00077570;0.00091186
1997-09-15;-0.00009213;0.00031883
1997-09-16;0.00324218;0.00337807
1997-09-17;0.00013781;0.00027397
1997-09-18;-0.00077573;-0.00063957
1997-09-19;-0.00155301;-0.00141795
1997-09-22;0.00034021;0.00074377
1997-09-23;0.00008409;0.00021807
1997-09-24;-0.00215120;-0.00201942
1997-09-25;-0.00297586;-0.00284435
1997-09-26;0.00306283;0.00319598
1997-09-29;0.00137777;0.00177804
1997-09-30;-0.00210845;-0.00197338
1997-10-01;0.00135299;0.00148916
1997-10-02;0.00210651;0.00224185
1997-10-03;0.00012401;0.00025826
1997-10-06;0.00171986;0.00212014
1997-10-07;0.00227339;0.00240846
1997-10-08;-0.00253272;-0.00239683
1997-10-09;-0.00201886;-0.00188188
1997-10-10;-0.00075381;-0.00061682
1997-10-13;0.00286538;0.00327634
1997-10-14;-0.00053362;-0.00039800
1997-10-15;-0.00055106;-0.00041600
1997-10-16;-0.00519183;-0.00505649
1997-10-17;-0.00118721;-0.00105241
1997-10-20;0.00286415;0.00326771
1997-10-21;0.00630397;0.00643931
1997-10-22;0.00101589;0.00115343
1997-10-23;-0.00165179;-0.00151508
1997-10-24;-0.00210084;-0.00196358
1997-10-27;-0.00829099;-0.00788332
1997-10-28;0.00586487;0.00600487
1997-10-29;-0.00230904;-0.00217069
1997-10-30;-0.00031853;-0.00018072
1997-10-31;0.00100682;0.00114572
1997-11-03;-0.00507665;-0.00465665
1997-11-04;0.00160253;0.00174253
1997-11-05;-0.00122901;-0.00108846
1997-11-06;0.00300177;0.00314341
1997-11-07;0.00560310;0.00574475
1997-11-10;-0.00057760;-0.00014938
1997-11-11;-0.00118141;-0.00103867
1997-11-12;0.00506737;0.00520874
1997-11-13;-0.00161667;-0.00147612
1997-11-14;0.00131685;0.00145739
1997-11-17;-0.00578781;-0.00536206
1997-11-18;-0.00121017;-0.00106853
1997-11-19;0.00453502;0.00467584
1997-11-20;-0.00070463;-0.00056381
1997-11-21;-0.00507797;-0.00493797
1997-11-24;0.00385239;0.00427649
1997-11-25;0.00250437;0.00264574
1997-11-26;0.00067874;0.00081901
1997-11-27;-0.00731246;-0.00717219
1997-11-28;0.00130700;0.00144618
1997-12-01;0.00219106;0.00261024
1997-12-02;-0.00141241;-0.00127213
1997-12-03;0.00005989;0.00020017
1997-12-04;0.00044925;0.00058980
1997-12-05;0.00002783;0.00016920
1997-12-08;-0.00100018;-0.00057278
1997-12-09;-0.00019518;-0.00005463
1997-12-10;-0.00045062;-0.00031172
1997-12-11;-0.00070724;-0.00056861
1997-12-12;-0.00101411;-0.00087575
1997-12-15;-0.00005567;0.00036351
1997-12-16;0.00289775;0.00303720
1997-12-17;-0.00127349;-0.00113349
1997-12-18;0.00202870;0.00216843
1997-12-19;0.00312844;0.00327063
1997-12-22;0.00097467;0.00141028
1997-12-23;-0.00110694;-0.00096146
1997-12-24;-0.00097824;-0.00083468
1997-12-25;-0.00234593;-0.00220237
1997-12-26;0.00137270;0.00151544
1997-12-29;0.00325176;0.00368409
1997-12-30;-0.00106898;-0.00092378
1997-12-31;-0.00489007;-0.00474706
1998-01-02;0.00099443;0.00127826
1998-01-05;0.00322144;0.00363980
1998-01-06;0.00191731;0.00205648
1998-01-07;-0.00174103;-0.00160158
1998-01-08;0.00145705;0.00159404
1998-01-09;-0.00459678;-0.00446199
1998-01-12;0.00231815;0.00272172
1998-01-13;-0.00085665;-0.00071884
1998-01-14;-0.00114079;-0.00100271
1998-01-15;-0.00039453;-0.00025754
1998-01-16;-0.00352686;-0.00338933
1998-01-19;0.00115788;0.00157049
1998-01-20;0.00025659;0.00039413
1998-01-21;0.00078805;0.00092504
1998-01-22;0.00121179;0.00134878
1998-01-23;-0.00134834;-0.00121026
1998-01-26;-0.00212637;-0.00171459
1998-01-27;0.00101320;0.00115292
1998-01-28;0.00012769;0.00026714
1998-01-29;0.00345392;0.00359255
1998-01-30;-0.00279870;-0.00266007
1998-02-02;0.00309208;0.00351126
1998-02-03;0.00035023;0.00049050
1998-02-04;-0.00091655;-0.00078011
1998-02-05;-0.00261356;-0.00247630
1998-02-06;0.00033084;0.00046893
1998-02-09;0.00074911;0.00116089
1998-02-10;0.00042389;0.00056279
1998-02-11;0.00161045;0.00174963
1998-02-12;0.00040203;0.00054121
1998-02-13;0.00114352;0.00128297
1998-02-16;0.00050453;0.00092288
1998-02-17;0.00080415;0.00094223
1998-02-18;-0.00032165;-0.00018302
1998-02-19;-0.00301407;-0.00287517
1998-02-20;-0.00000382;0.00013535
1998-02-23;0.00262711;0.00304793
1998-02-24;-0.00160863;-0.00146808
1998-02-25;0.00361784;0.00375948
1998-02-26;-0.00034502;-0.00020256
1998-02-27;-0.00055199;-0.00041007
1998-03-02;-0.00080566;-0.00037990
1998-03-03;0.00029488;0.00043433
1998-03-04;-0.00025499;-0.00011663
1998-03-05;-0.00282113;-0.00268305
1998-03-06;0.00428366;0.00442120
1998-03-09;-0.00119514;-0.00078171
1998-03-10;0.00224408;0.00237997
1998-03-11;0.00097923;0.00111512
1998-03-12;0.00052702;0.00066264
1998-03-13;-0.00077345;-0.00063756
1998-03-16;0.00330867;0.00371716
1998-03-17;-0.00000687;0.00013039
1998-03-18;0.00209629;0.00223409
1998-03-19;0.00127814;0.00141622
1998-03-20;0.00065228;0.00079064
1998-03-23;0.00011918;0.00053178
1998-03-24;0.00126677;0.00140458
1998-03-25;0.00063587;0.00077395
1998-03-26;-0.00161711;-0.00147793
1998-03-27;0.00001651;0.00015569
1998-03-30;0.00215558;0.00257394
1998-03-31;0.00136960;0.00150713
1998-04-01;0.00180879;0.00194550
1998-04-02;0.00179399;0.00193015
1998-04-03;0.00069953;0.00083514
1998-04-06;0.00027988;0.00068837
1998-04-07;-0.00321266;-0.00307732
1998-04-08;-0.00123807;-0.00110300
1998-04-09;0.00219748;0.00233282
1998-04-10;-0.00035680;-0.00022146
1998-04-13;-0.00062394;-0.00020887
1998-04-14;0.00419366;0.00433119
1998-04-15;0.00047146;0.00060708
1998-04-16;-0.00092969;-0.00079517
1998-04-17;0.00202825;0.00216304
1998-04-20;0.00171881;0.00212237
1998-04-21;-0.00001721;0.00011813
1998-04-22;-0.00037474;-0.00023885
1998-04-23;-0.00420621;-0.00407032
1998-04-24;-0.00362093;-0.00348531
1998-04-27;-0.00500455;-0.00459852
1998-04-28;0.00165402;0.00178909
1998-04-29;0.00160845;0.00174379
1998-04-30;0.00492054;0.00505396
1998-05-01;0.00155626;0.00169023
1998-05-04;0.00369020;0.00409377
1998-05-05;-0.00231551;-0.00217907
1998-05-06;0.00163981;0.00177625
1998-05-07;-0.00380657;-0.00367013
1998-05-08;0.00432792;0.00446491
1998-05-11;-0.00186530;-0.00145434
1998-05-12;0.00263689;0.00277361
1998-05-13;0.00341346;0.00355017
1998-05-14;0.00045123;0.00058931
1998-05-15;-0.00093226;-0.00079418
1998-05-18;-0.00159372;-0.00117865
1998-05-19;0.00144002;0.00157947
1998-05-20;0.00076444;0.00090334
1998-05-21;-0.00402064;-0.00388091
1998-05-22;-0.00067576;-0.00053658
1998-05-25;0.00324400;0.00366153
1998-05-26;0.00044473;0.00058171
1998-05-27;-0.00114735;-0.00101146
1998-05-28;0.00051646;0.00065153
1998-05-29;-0.00158380;-0.00144982
1998-06-01;0.00267238;0.00307101
1998-06-02;-0.00078606;-0.00065045
1998-06-03;0.00147225;0.00160924
1998-06-04;-0.00009024;0.00004620
1998-06-05;0.00602635;0.00616279
1998-06-08;0.00142341;0.00183437
1998-06-09;0.00020260;0.00034040
1998-06-10;0.00557810;0.00571536
1998-06-11;0.00080015;0.00093631
1998-06-12;-0.00423408;-0.00409736
1998-06-15;0.00107334;0.00148265
1998-06-16;-0.00432239;-0.00418376
1998-06-17;-0.00538148;-0.00524203
1998-06-18;-0.00127324;-0.00113488
1998-06-19;-0.00650431;-0.00636650
1998-06-22;0.00412741;0.00453755
1998-06-23;0.00301854;0.00315471
1998-06-24;-0.00018754;-0.00005302
1998-06-25;0.00053214;0.00066611
1998-06-26;0.00243237;0.00256580
1998-06-29;-0.00086268;-0.00046076
1998-06-30;-0.00623906;-0.00610290
1998-07-01;0.00033771;0.00047360
1998-07-02;-0.00067093;-0.00053559
1998-07-03;-0.00080168;-0.00066634
1998-07-06;0.00265873;0.00306393
1998-07-07;-0.00028109;-0.00014547
1998-07-08;0.00321734;0.00335323
1998-07-09;-0.00005376;0.00008158
1998-07-10;0.00208260;0.00221766
1998-07-13;0.00097455;0.00138222
1998-07-14;0.00099807;0.00113560
1998-07-15;0.00244441;0.00258167
1998-07-16;0.00170388;0.00184169
1998-07-17;0.00163293;0.00177019
1998-07-20;-0.00018760;0.00022336
1998-07-21;-0.00204093;-0.00190504
1998-07-22;0.00016268;0.00029803
1998-07-23;-0.00315725;-0.00302136
1998-07-24;0.00096255;0.00109816
1998-07-27;0.00170110;0.00210878
1998-07-28;-0.00406516;-0.00392982
1998-07-29;-0.00133703;-0.00120169
1998-07-30;0.00507761;0.00521295
1998-07-31;-0.00405723;-0.00392106
1998-08-03;0.00214451;0.00255383
1998-08-04;-0.00337506;-0.00323890
1998-08-05;-0.00094800;-0.00081239
1998-08-06;0.00515184;0.00528609
1998-08-07;-0.00018861;-0.00005546
1998-08-10;-0.00256854;-0.00216909
1998-08-11;0.00022708;0.00036133
1998-08-12;-0.00093115;-0.00079718
1998-08-13;-0.00024562;-0.00011110
1998-08-14;0.00223161;0.00236585
1998-08-17;0.00211399;0.00251919
1998-08-18;0.00289665;0.00303172
1998-08-19;0.00071573;0.00085107
1998-08-20;-0.00126121;-0.00112669
1998-08-21;0.00048631;0.00062001
1998-08-24;0.00100479;0.00141082
1998-08-25;0.00244417;0.00258006
1998-08-26;0.00304382;0.00317889
1998-08-27;0.00207387;0.00220702
1998-08-28;-0.01107046;-0.01093950
1998-08-31;-0.00436806;-0.00397600
1998-09-01;-0.00841972;-0.00828849
1998-09-02;-0.00426881;-0.00413785
1998-09-03;0.00270502;0.00283406
1998-09-04;-0.00289743;-0.00276757
1998-09-07;-0.01217090;-0.01178131
1998-09-08;-0.00500050;-0.00487064
1998-09-09;0.00144130;0.00157171
1998-09-10;0.00169523;0.00182291
1998-09-11;0.00127654;0.00140667
1998-09-14;-0.00156006;-0.00117211
1998-09-15;-0.00424980;-0.00412185
1998-09-16;0.00052091;0.00064748
1998-09-17;0.00844974;0.00857522
1998-09-18;0.00095303;0.00107660
1998-09-21;0.00209871;0.00247351
1998-09-22;-0.00134204;-0.00121354
1998-09-23;-0.00195334;-0.00182869
1998-09-24;-0.00275132;-0.00262968
1998-09-25;0.00175022;0.00187104
1998-09-28;-0.00078568;-0.00042733
1998-09-29;-0.00251203;-0.00239066
1998-09-30;0.00812194;0.00823866
1998-10-01;0.00149130;0.00160445
1998-10-02;0.00089096;0.00100384
1998-10-05;-0.00089582;-0.00056212
1998-10-06;-0.00201407;-0.00190229
1998-10-07;-0.00413689;-0.00402593
1998-10-08;0.00674563;0.00684974
1998-10-09;-0.00079577;-0.00069193
1998-10-12;-0.00529869;-0.00498719
1998-10-13;0.00025857;0.00036268
1998-10-14;0.00099792;0.00110560
1998-10-15;0.00104624;0.00115719
1998-10-16;-0.00146044;-0.00136291
1998-10-19;-0.00107989;-0.00077496
1998-10-20;-0.00106945;-0.00096370
1998-10-21;-0.00062464;-0.00051752
1998-10-22;-0.00068623;-0.00057993
1998-10-23;0.00000088;0.00010691
1998-10-26;0.00028163;0.00061039
1998-10-27;-0.00191376;-0.00180526
1998-10-28;0.00174759;0.00186211
1998-10-29;0.00017037;0.00028598
1998-10-30;-0.00042318;-0.00030729
1998-11-02;-0.00100952;-0.00065528
1998-11-03;-0.00182185;-0.00170158
1998-11-04;0.00085781;0.00097972
1998-11-05;-0.00003529;0.00008718
1998-11-06;0.00188178;0.00200562
1998-11-09;0.00019514;0.00056664
1998-11-10;0.00053085;0.00065222
1998-11-11;-0.00050343;-0.00038206
1998-11-12;0.00057918;0.00069891
1998-11-13;0.00073007;0.00084953
1998-11-16;0.00106994;0.00143241
1998-11-17;-0.00034040;-0.00022232
1998-11-18;0.00112162;0.00124025
1998-11-19;0.00020497;0.00032415
1998-11-20;-0.00084477;-0.00072559
1998-11-23;0.00164711;0.00201532
1998-11-24;-0.00035673;-0.00023317
1998-11-25;0.00005032;0.00017252
1998-11-26;0.00038253;0.00050472
1998-11-27;-0.00031146;-0.00018982
1998-11-30;-0.00347078;-0.00310749
1998-12-01;0.00019893;0.00031893
1998-12-02;-0.00125731;-0.00113758
1998-12-03;-0.00190702;-0.00178811
1998-12-04;0.00219315;0.00231288
1998-12-07;0.00135647;0.00171811
1998-12-08;-0.00101614;-0.00089779
1998-12-09;0.00022660;0.00034495
1998-12-10;-0.00204464;-0.00192492
1998-12-11;-0.00116480;-0.00104453
1998-12-14;-0.00292542;-0.00256378
1998-12-15;0.00231905;0.00243905
1998-12-16;0.00087008;0.00098925
1998-12-17;0.00207314;0.00219232
1998-12-18;0.00054706;0.00066706
1998-12-21;0.00241713;0.00278041
1998-12-22;-0.00051833;-0.00039806
1998-12-23;0.00322858;0.00335104
1998-12-24;-0.00034187;-0.00021968
1998-12-25;0.00057746;0.00069965
1998-12-28;0.00029134;0.00065710
1998-12-29;0.00083069;0.00095343
1998-12-30;-0.00024878;-0.00012714
1998-12-31;0.00111465;0.00123437
1999-01-04;-0.00045777;0.00002223
1999-01-05;0.00113298;0.00125271
1999-01-06;0.00126146;0.00138091
1999-01-07;-0.00073656;-0.00061793
1999-01-08;0.00064980;0.00076953
1999-01-11;-0.00164628;-0.00128546
1999-01-12;-0.00259883;-0.00247910
1999-01-13;0.00276189;0.00288079
1999-01-14;-0.00262224;-0.00250361
1999-01-15;0.00360831;0.00372694
1999-01-18;0.00073549;0.00109138
1999-01-19;0.00162596;0.00174350
1999-01-20;-0.00087178;-0.00075506
1999-01-21;-0.00339422;-0.00327860
1999-01-22;-0.00002893;0.00008778
1999-01-25;0.00066001;0.00101426
1999-01-26;0.00266599;0.00278517
1999-01-27;-0.00109412;-0.00097467
1999-01-28;0.00327648;0.00339648
1999-01-29;-0.00097108;-0.00085135
1999-02-01;0.00045116;0.00081445
1999-02-02;-0.00215298;-0.00203188
1999-02-03;0.00073902;0.00085874
1999-02-04;-0.00214645;-0.00202645
1999-02-05;-0.00079540;-0.00067512
1999-02-08;0.00079519;0.00115683
1999-02-09;-0.00558369;-0.00546259
1999-02-10;0.00046895;0.00058867
1999-02-11;0.00546476;0.00558503
1999-02-12;-0.00332808;-0.00320671
1999-02-15;0.00003246;0.00039657
1999-02-16;0.00015965;0.00028047
1999-02-17;-0.00328969;-0.00316886
1999-02-18;0.00197334;0.00209443
1999-02-19;0.00048894;0.00061086
1999-02-22;0.00364057;0.00401044
1999-02-23;0.00219601;0.00232039
1999-02-24;-0.00142727;-0.00130261
1999-02-25;-0.00254474;-0.00242118
1999-02-26;-0.00210542;-0.00198076
1999-03-01;0.00049201;0.00086845
1999-03-02;-0.00035811;-0.00023400
1999-03-03;-0.00153546;-0.00141245
1999-03-04;0.00091551;0.00103852
1999-03-05;-0.00370471;-0.00358142
1999-03-08;0.00061028;0.00098096
1999-03-09;-0.00343139;-0.00330893
1999-03-10;-0.00304873;-0.00292626
1999-03-11;-0.00032140;-0.00019839
1999-03-12;-0.00165429;-0.00153183
1999-03-15;0.00104417;0.00141074
1999-03-16;-0.00054647;-0.00042510
1999-03-17;-0.00171047;-0.00158964
1999-03-18;0.00264518;0.00276545
1999-03-19;-0.00376152;-0.00364125
1999-03-22;-0.00009049;0.00027115
1999-03-23;-0.00083638;-0.00071638
1999-03-24;0.00214815;0.00226815
1999-03-25;-0.00012882;-0.00000855
1999-03-26;0.00121821;0.00133848
1999-03-29;0.00196345;0.00232427
1999-03-30;0.00175009;0.00186954
1999-03-31;-0.00186978;-0.00175005
1999-04-01;0.00203289;0.00215125
1999-04-02;0.00044480;0.00056288
1999-04-05;0.00252294;0.00287554
1999-04-06;-0.00042146;-0.00030365
1999-04-07;-0.00011297;0.00000484
1999-04-08;0.00084989;0.00096715
1999-04-09;0.00034651;0.00046432
1999-04-12;0.00009610;0.00044295
1999-04-13;-0.00074672;-0.00063165
1999-04-14;-0.00192149;-0.00180697
1999-04-15;0.00022865;0.00034372
1999-04-16;0.00010017;0.00021579
1999-04-19;-0.00322503;-0.00287819
1999-04-20;0.00138911;0.00150582
1999-04-21;0.00250417;0.00262034
1999-04-22;0.00264811;0.00276537
1999-04-23;0.00064917;0.00076725
1999-04-26;0.00053989;0.00089743
1999-04-27;-0.00108044;-0.00096044
1999-04-28;-0.00098254;-0.00086227
1999-04-29;0.00009247;0.00021274
1999-04-30;0.00023082;0.00035219
1999-05-03;0.00199096;0.00235836
1999-05-04;-0.00315089;-0.00302760
1999-05-05;-0.00004269;0.00008005
1999-05-06;0.00108358;0.00120659
1999-05-07;0.00046921;0.00059222
1999-05-10;-0.00046277;-0.00009537
1999-05-11;0.00210370;0.00222671
1999-05-12;0.00005423;0.00017669
1999-05-13;-0.00055295;-0.00043075
1999-05-14;-0.00367190;-0.00354834
1999-05-17;-0.00092303;-0.00054906
1999-05-18;0.00063121;0.00075532
1999-05-19;-0.00095922;-0.00083593
1999-05-20;-0.00068086;-0.00055812
1999-05-21;0.00001980;0.00014254
1999-05-24;-0.00160868;-0.00123799
1999-05-25;-0.00413822;-0.00401466
1999-05-26;-0.00004692;0.00007719
1999-05-27;-0.00279911;-0.00267528
1999-05-28;0.00168674;0.00181085
1999-05-31;0.00138833;0.00176066
1999-06-01;-0.00178261;-0.00165768
1999-06-02;0.00123664;0.00136294
1999-06-03;-0.00011167;0.00001217
1999-06-04;0.00056929;0.00069094
1999-06-07;0.00137313;0.00173478
1999-06-08;-0.00124224;-0.00111923
1999-06-09;0.00090953;0.00103200
1999-06-10;-0.00018488;-0.00006049
1999-06-11;-0.00172544;-0.00159942
1999-06-14;-0.00018770;0.00018791
1999-06-15;0.00174059;0.00186689
1999-06-16;0.00158403;0.00170842
1999-06-17;-0.00027094;-0.00014738
1999-06-18;0.00023820;0.00036286
1999-06-21;0.00090854;0.00128415
1999-06-22;-0.00051439;-0.00038836
1999-06-23;0.00199690;0.00212293
1999-06-24;-0.00099030;-0.00086427
1999-06-25;-0.00106445;-0.00093678
1999-06-28;0.00143974;0.00182440
1999-06-29;0.00154623;0.00167499
1999-06-30;0.00035833;0.00048573
1999-07-01;0.00371865;0.00384331
1999-07-02;0.00186618;0.00199083
1999-07-05;0.00462253;0.00499650
1999-07-06;-0.00038330;-0.00025919
1999-07-07;0.00079546;0.00091984
1999-07-08;0.00110565;0.00123030
1999-07-09;0.00111330;0.00123823
1999-07-12;-0.00067520;-0.00029959
1999-07-13;-0.00187082;-0.00174534
1999-07-14;0.00069790;0.00082366
1999-07-15;0.00115950;0.00128471
1999-07-16;0.00026351;0.00038817
1999-07-19;-0.00245757;-0.00208606
1999-07-20;-0.00569553;-0.00557197
1999-07-21;-0.00234116;-0.00221896
1999-07-22;-0.00560517;-0.00548243
1999-07-23;-0.00008751;0.00003632
1999-07-26;-0.00424565;-0.00386921
1999-07-27;0.00115585;0.00128106
1999-07-28;0.00047266;0.00059813
1999-07-29;-0.00336477;-0.00323901
1999-07-30;-0.00088532;-0.00075874
1999-08-02;-0.00071923;-0.00033704
1999-08-03;-0.00119788;-0.00106911
1999-08-04;-0.00169447;-0.00156707
1999-08-05;0.00153850;0.00166480
1999-08-06;-0.00025076;-0.00012309
1999-08-09;-0.00147298;-0.00108175
1999-08-10;0.00158739;0.00171917
1999-08-11;-0.00196649;-0.00183580
1999-08-12;-0.00162432;-0.00149665
1999-08-13;-0.00267782;-0.00255180
1999-08-16;0.00124525;0.00162498
1999-08-17;-0.00031300;-0.00018451
1999-08-18;0.00099777;0.00112462
1999-08-19;0.00378287;0.00390944
1999-08-20;-0.00030989;-0.00018113
1999-08-23;-0.00047916;-0.00008629
1999-08-24;-0.00151735;-0.00138447
1999-08-25;-0.00193569;-0.00180445
1999-08-26;0.00070023;0.00083146
1999-08-27;-0.00196487;-0.00183227
1999-08-30;0.00146823;0.00186686
1999-08-31;0.00132274;0.00145535
1999-09-01;0.00178632;0.00191865
1999-09-02;-0.00346614;-0.00333518
1999-09-03;0.00445867;0.00458963
1999-09-06;0.00348442;0.00387729
1999-09-07;-0.00038244;-0.00025395
1999-09-08;-0.00089304;-0.00076455
1999-09-09;0.00097691;0.00110513
1999-09-10;0.00229701;0.00242358
1999-09-13;-0.00104313;-0.00066176
1999-09-14;-0.00023925;-0.00011076
1999-09-15;-0.00103479;-0.00090821
1999-09-16;-0.00189144;-0.00176624
1999-09-17;0.00157244;0.00169682
1999-09-20;0.00103741;0.00141220
1999-09-21;-0.00246202;-0.00233435
1999-09-22;-0.00097545;-0.00084696
1999-09-23;-0.00145201;-0.00132351
1999-09-24;-0.00246647;-0.00233908
1999-09-27;0.00109906;0.00148371
1999-09-28;-0.00100886;-0.00087982
1999-09-29;-0.00062284;-0.00049435
1999-09-30;0.00041164;0.00054150
1999-10-01;0.00067834;0.00080820
1999-10-04;0.00073165;0.00111713
1999-10-05;-0.00009589;0.00003342
1999-10-06;0.00034175;0.00046997
1999-10-07;-0.00012708;0.00000169
1999-10-08;-0.00086165;-0.00073343
1999-10-11;0.00103264;0.00141730
1999-10-12;0.00050310;0.00063269
1999-10-13;-0.00133856;-0.00120596
1999-10-14;0.00081540;0.00094910
1999-10-15;-0.00009999;0.00003425
1999-10-18;-0.00166762;-0.00126159
1999-10-19;-0.00034837;-0.00021138
1999-10-20;0.00079265;0.00092963
1999-10-21;0.00101802;0.00115474
1999-10-22;-0.00101414;-0.00087934
1999-10-25;0.00053485;0.00093676
1999-10-26;-0.00081004;-0.00067305
1999-10-27;-0.00131113;-0.00117441
1999-10-28;-0.00017159;-0.00003570
1999-10-29;0.00086108;0.00099724
1999-11-01;-0.00015979;0.00024952
1999-11-02;-0.00002315;0.00011356
1999-11-03;0.00122853;0.00136469
1999-11-04;0.00356351;0.00369913
1999-11-05;0.00178664;0.00192335
1999-11-08;0.00014556;0.00055981
1999-11-09;-0.00094926;-0.00081117
1999-11-10;0.00146201;0.00160037
1999-11-11;0.00193153;0.00206989
1999-11-12;0.00220253;0.00234170
1999-11-15;-0.00033892;0.00008190
1999-11-16;0.00207378;0.00221460
1999-11-17;-0.00139033;-0.00125087
1999-11-18;0.00430525;0.00444443
1999-11-19;0.00023135;0.00037053
1999-11-22;-0.00059959;-0.00018206
1999-11-23;-0.00085590;-0.00071535
1999-11-24;0.00288548;0.00302631
1999-11-25;0.00391240;0.00405322
1999-11-26;0.00095942;0.00110024
1999-11-29;-0.00180459;-0.00137966
1999-11-30;-0.00241714;-0.00227604
1999-12-01;0.00043653;0.00057680
1999-12-02;0.00118818;0.00132790
1999-12-03;0.00295974;0.00309947
1999-12-06;-0.00165800;-0.00123964
1999-12-07;0.00013556;0.00027446
1999-12-08;-0.00274083;-0.00260192
1999-12-09;0.00171185;0.00185158
1999-12-10;-0.00027400;-0.00013318
1999-12-13;0.00049231;0.00092135
1999-12-14;-0.00044469;-0.00030140
1999-12-15;0.00153562;0.00167781
1999-12-16;0.00243861;0.00258190
1999-12-17;0.00159075;0.00173541
1999-12-20;0.00025995;0.00070296
1999-12-21;0.00183087;0.00197937
1999-12-22;0.00297837;0.00312604
1999-12-23;0.00411460;0.00426008
1999-12-24;0.00235451;0.00249999
1999-12-27;0.00117885;0.00161446
1999-12-28;0.00269829;0.00284212
1999-12-29;0.00261207;0.00275125
1999-12-30;0.00135276;0.00149166
1999-12-31;0.00179806;0.00193970
2000-01-03;-0.00249874;-0.00206559
2000-01-04;-0.00892899;-0.00878461
2000-01-05;-0.00347254;-0.00332788
2000-01-06;-0.00493800;-0.00479416
2000-01-07;0.00880425;0.00894726
2000-01-10;0.00385630;0.00428699
2000-01-11;-0.00079491;-0.00065053
2000-01-12;-0.00101342;-0.00086849
2000-01-13;0.00669583;0.00683967
2000-01-14;0.00454090;0.00468474
2000-01-17;0.01126994;0.01170145
2000-01-18;-0.00303671;-0.00289315
2000-01-19;-0.00136408;-0.00121751
2000-01-20;0.00158871;0.00173447
2000-01-21;-0.00138572;-0.00124024
2000-01-24;-0.00505613;-0.00461887
2000-01-25;-0.00006258;0.00008537
2000-01-26;0.00010753;0.00025575
2000-01-27;0.00324276;0.00339126
2000-01-28;-0.01121915;-0.01106902
2000-01-31;0.00367389;0.00412841
2000-02-01;0.00174832;0.00190010
2000-02-02;0.00114841;0.00129882
2000-02-03;-0.00087326;-0.00072367
2000-02-04;0.00218060;0.00233128
2000-02-07;0.00001911;0.00046870
2000-02-08;-0.00172562;-0.00157438
2000-02-09;-0.00070018;-0.00054977
2000-02-10;-0.00047898;-0.00032829
2000-02-11;-0.00061178;-0.00046137
2000-02-14;0.00067503;0.00112461
2000-02-15;-0.00292294;-0.00277006
2000-02-16;0.00117862;0.00133095
2000-02-17;0.00068383;0.00083644
2000-02-18;-0.00061394;-0.00046106
2000-02-21;-0.00372797;-0.00326934
2000-02-22;-0.00653891;-0.00638548
2000-02-23;0.00151858;0.00167310
2000-02-24;0.00278817;0.00294241
2000-02-25;0.00588009;0.00603406
2000-02-28;0.00052180;0.00098454
2000-02-29;0.00316534;0.00331932
2000-03-01;0.00090853;0.00106196
2000-03-02;0.00245252;0.00260595
2000-03-03;0.00091602;0.00107027
2000-03-06;0.00107217;0.00153738
2000-03-07;0.00029670;0.00045204
2000-03-08;-0.00282476;-0.00266942
2000-03-09;-0.00168379;-0.00152872
2000-03-10;0.00133765;0.00149381
2000-03-13;-0.00469966;-0.00423034
2000-03-14;-0.00108735;-0.00093091
2000-03-15;-0.00279557;-0.00263968
2000-03-16;0.00338147;0.00353763
2000-03-17;0.00351085;0.00366756
2000-03-20;-0.00036835;0.00010343
2000-03-21;0.00086079;0.00101805
2000-03-22;0.00344183;0.00359909
2000-03-23;-0.00301904;-0.00286205
2000-03-24;0.00019476;0.00035202
2000-03-27;0.00226905;0.00273672
2000-03-28;0.00015317;0.00030988
2000-03-29;0.00174869;0.00190567
2000-03-30;-0.00509209;-0.00493565
2000-03-31;0.00168132;0.00183803
2000-04-03;-0.00106968;-0.00060201
2000-04-04;-0.00065405;-0.00049870
2000-04-05;-0.00215032;-0.00199415
2000-04-06;0.00203636;0.00219307
2000-04-07;0.00146807;0.00162506
2000-04-10;-0.00093925;-0.00047076
2000-04-11;-0.00095988;-0.00080454
2000-04-12;-0.00138479;-0.00122945
2000-04-13;-0.00203036;-0.00187557
2000-04-14;-0.00697206;-0.00681727
2000-04-17;0.00008387;0.00054826
2000-04-18;0.00345413;0.00360893
2000-04-19;0.00072571;0.00088050
2000-04-20;-0.00042038;-0.00026613
2000-04-21;-0.00347588;-0.00332163
2000-04-24;-0.00133420;-0.00087310
2000-04-25;0.00515808;0.00531232
2000-04-26;-0.00028019;-0.00012704
2000-04-27;0.00274338;0.00289653
2000-04-28;0.00101230;0.00116737
2000-05-01;-0.00110409;-0.00063806
2000-05-02;0.00020945;0.00036698
2000-05-03;0.00256246;0.00271973
2000-05-04;0.00219434;0.00235133
2000-05-05;0.00113047;0.00128910
2000-05-08;-0.00015603;0.00032643
2000-05-09;-0.00043596;-0.00027267
2000-05-10;-0.00000324;0.00016005
2000-05-11;0.00424801;0.00441130
2000-05-12;-0.00458353;-0.00442024
2000-05-15;0.00218601;0.00267423
2000-05-16;0.00153569;0.00170062
2000-05-17;0.00734989;0.00751098
2000-05-18;0.00021502;0.00037256
2000-05-19;-0.00251938;-0.00236294
2000-05-22;-0.00231945;-0.00185013
2000-05-23;0.00256838;0.00272838
2000-05-24;0.00056493;0.00072246
2000-05-25;0.00041015;0.00056577
2000-05-26;-0.00716085;-0.00700605
2000-05-29;-0.00038826;0.00007613
2000-05-30;-0.00025575;-0.00010232
2000-05-31;-0.00031510;-0.00016496
2000-06-01;-0.00203134;-0.00187874
2000-06-02;-0.00635510;-0.00619893
2000-06-05;-0.00231699;-0.00184686
2000-06-06;-0.00294672;-0.00278727
2000-06-07;-0.00015747;0.00000006
2000-06-08;0.00281526;0.00297252
2000-06-09;-0.00011429;0.00004324
2000-06-12;-0.00179922;-0.00133155
2000-06-13;-0.00268055;-0.00252384
2000-06-14;0.00111711;0.00127218
2000-06-15;0.00116645;0.00132180
2000-06-16;-0.00321955;-0.00306449
2000-06-19;-0.00027070;0.00019286
2000-06-20;0.00040172;0.00055596
2000-06-21;0.00177018;0.00192497
2000-06-22;-0.00011217;0.00004317
2000-06-23;0.00342980;0.00358569
2000-06-26;0.00047850;0.00094370
2000-06-27;-0.00241355;-0.00225820
2000-06-28;-0.00125091;-0.00109612
2000-06-29;-0.00139352;-0.00123790
2000-06-30;0.00116286;0.00131930
2000-07-03;-0.00026974;0.00020287
2000-07-04;0.00065404;0.00081157
2000-07-05;0.00090244;0.00106189
2000-07-06;0.00015929;0.00031956
2000-07-07;-0.00016973;-0.00000891
2000-07-10;-0.00056868;-0.00008375
2000-07-11;0.00020661;0.00036908
2000-07-12;0.00060425;0.00076836
2000-07-13;0.00043143;0.00059581
2000-07-14;0.00015062;0.00031473
2000-07-17;-0.00039009;0.00010141
2000-07-18;-0.00011238;0.00005145
2000-07-19;0.00015549;0.00031988
2000-07-20;-0.00085268;-0.00068830
2000-07-21;-0.00063890;-0.00047589
2000-07-24;-0.00035158;0.00013993
2000-07-25;0.00026914;0.00043407
2000-07-26;-0.00036342;-0.00019904
2000-07-27;0.00072563;0.00089111
2000-07-28;0.00043023;0.00059516
2000-07-31;0.00139413;0.00188974
2000-08-01;-0.00126351;-0.00109721
2000-08-02;-0.00004965;0.00011665
2000-08-03;0.00105427;0.00122003
2000-08-04;-0.00011836;0.00004739
2000-08-07;-0.00240032;-0.00190224
2000-08-08;0.00153833;0.00170491
2000-08-09;0.00129421;0.00146051
2000-08-10;-0.00047381;-0.00030751
2000-08-11;-0.00027583;-0.00010844
2000-08-14;-0.00079671;-0.00029616
2000-08-15;-0.00123374;-0.00106662
2000-08-16;-0.00117234;-0.00100549
2000-08-17;-0.00071073;-0.00054388
2000-08-18;0.00144658;0.00161343
2000-08-21;0.00100346;0.00150401
2000-08-22;0.00161756;0.00178469
2000-08-23;0.00158163;0.00174903
2000-08-24;-0.00166568;-0.00149828
2000-08-25;-0.00042080;-0.00025285
2000-08-28;-0.00002424;0.00048041
2000-08-29;0.00138284;0.00155078
2000-08-30;0.00071491;0.00088313
2000-08-31;-0.00061677;-0.00044883
2000-09-01;-0.00307840;-0.00291155
2000-09-04;0.00107083;0.00157138
2000-09-05;0.00296061;0.00312692
2000-09-06;0.00191078;0.00207598
2000-09-07;0.00298158;0.00314651
2000-09-08;0.00234656;0.00251012
2000-09-11;-0.00200574;-0.00151670
2000-09-12;0.00008297;0.00024516
2000-09-13;-0.00119961;-0.00103742
2000-09-14;0.00183156;0.00199512
2000-09-15;0.00119973;0.00136330
2000-09-18;-0.00157752;-0.00108683
2000-09-19;0.00112210;0.00128621
2000-09-20;0.00171453;0.00187836
2000-09-21;-0.00583329;-0.00566945
2000-09-22;-0.00890106;-0.00873695
2000-09-25;0.00010212;0.00059445
2000-09-26;-0.00316127;-0.00299688
2000-09-27;-0.00105057;-0.00088564
2000-09-28;0.00121653;0.00138283
2000-09-29;-0.00308418;-0.00291842
2000-10-02;0.00019107;0.00068669
2000-10-03;0.00153068;0.00169671
2000-10-04;-0.00107760;-0.00091157
2000-10-05;0.00038425;0.00055055
2000-10-06;0.00242666;0.00259269
2000-10-09;0.00083027;0.00132835
2000-10-10;0.00117162;0.00133737
2000-10-11;0.00092543;0.00109118
2000-10-12;0.00259106;0.00275572
2000-10-13;0.00082763;0.00099256
2000-10-16;0.00271758;0.00321567
2000-10-17;0.00175365;0.00192132
2000-10-18;0.00303002;0.00319769
2000-10-19;-0.00315823;-0.00299001
2000-10-20;-0.00242870;-0.00226075
2000-10-23;0.00019933;0.00070563
2000-10-24;0.00036992;0.00053896
2000-10-25;0.00522164;0.00539150
2000-10-26;0.00028736;0.00045668
2000-10-27;-0.00155370;-0.00138466
2000-10-30;0.00041515;0.00092391
2000-10-31;-0.00187941;-0.00170982
2000-11-01;-0.00318190;-0.00301259
2000-11-02;0.00119885;0.00136844
2000-11-03;-0.00158302;-0.00141316
2000-11-06;-0.00102473;-0.00051185
2000-11-07;0.00017323;0.00034392
2000-11-08;0.00292866;0.00309907
2000-11-09;0.00108372;0.00125386
2000-11-10;0.00002452;0.00019411
2000-11-13;0.00085593;0.00136470
2000-11-14;0.00080259;0.00097191
2000-11-15;0.00074142;0.00091101
2000-11-16;0.00216331;0.00233235
2000-11-17;0.00102957;0.00119861
2000-11-20;0.00173851;0.00224646
2000-11-21;0.00098057;0.00114989
2000-11-22;-0.00065402;-0.00048470
2000-11-23;0.00242752;0.00259683
2000-11-24;-0.00078037;-0.00061106
2000-11-27;-0.00574777;-0.00524311
2000-11-28;-0.00000552;0.00016160
2000-11-29;0.00007011;0.00023613
2000-11-30;-0.00366328;-0.00349808
2000-12-01;-0.00229058;-0.00212483
2000-12-04;-0.00133769;-0.00084454
2000-12-05;-0.00294757;-0.00278565
2000-12-06;-0.00039057;-0.00022837
2000-12-07;-0.00100749;-0.00084475
2000-12-08;-0.00228592;-0.00212372
2000-12-11;-0.00113546;-0.00064970
2000-12-12;0.00148579;0.00164716
2000-12-13;0.00077295;0.00093432
2000-12-14;-0.00031417;-0.00015280
2000-12-15;0.00072090;0.00088117
2000-12-18;0.00149477;0.00196984
2000-12-19;0.00170441;0.00186222
2000-12-20;0.00158398;0.00173905
2000-12-21;-0.00048631;-0.00034275
2000-12-22;-0.00422132;-0.00408077
2000-12-25;-0.00575533;-0.00533369
2000-12-26;-0.00150889;-0.00135519
2000-12-27;-0.00135606;-0.00120290
2000-12-28;-0.00020554;-0.00004910
2000-12-29;-0.00095191;-0.00079492
2001-01-02;0.00416102;0.00478458
2001-01-03;-0.00534998;-0.00519848
2001-01-04;0.00101474;0.00115802
2001-01-05;0.00223295;0.00236966
2001-01-08;-0.00042250;-0.00000661
2001-01-09;-0.00053946;-0.00039973
2001-01-10;-0.00043196;-0.00029086
2001-01-11;-0.00029442;-0.00015278
2001-01-12;-0.00104540;-0.00090321
2001-01-15;-0.00335175;-0.00292518
2001-01-16;-0.00096516;-0.00082215
2001-01-17;-0.00241788;-0.00227487
2001-01-18;-0.00050428;-0.00036346
2001-01-19;-0.00074397;-0.00060424
2001-01-22;-0.00012102;0.00029898
2001-01-23;-0.00088799;-0.00074826
2001-01-24;-0.00129723;-0.00115641
2001-01-25;0.00099437;0.00113519
2001-01-26;0.00020615;0.00034424
2001-01-29;-0.00119343;-0.00078329
2001-01-30;0.00069168;0.00082565
2001-01-31;0.00046670;0.00059985
2001-02-01;-0.00047716;-0.00034373
2001-02-02;0.00097638;0.00111145
2001-02-05;0.00083072;0.00123839
2001-02-06;0.00065400;0.00078934
2001-02-07;0.00017357;0.00030891
2001-02-08;0.00171224;0.00184786
2001-02-09;-0.00042357;-0.00028850
2001-02-12;-0.00057454;-0.00016933
2001-02-13;0.00098760;0.00112239
2001-02-14;0.00008013;0.00021548
2001-02-15;-0.00012975;0.00000587
2001-02-16;0.00084018;0.00097415
2001-02-19;0.00063769;0.00103961
2001-02-20;0.00096518;0.00109998
2001-02-21;0.00103284;0.00116681
2001-02-22;0.00009066;0.00022436
2001-02-23;-0.00006339;0.00006730
2001-02-26;-0.00033042;0.00005670
2001-02-27;0.00067360;0.00080236
2001-02-28;0.00062965;0.00075923
2001-03-01;0.00078346;0.00091277
2001-03-02;0.00121493;0.00134424
2001-03-05;-0.00001770;0.00036860
2001-03-06;-0.00203743;-0.00190948
2001-03-07;0.00096923;0.00109443
2001-03-08;0.00069501;0.00081994
2001-03-09;0.00222063;0.00234693
2001-03-12;0.00507483;0.00544799
2001-03-13;0.00166658;0.00179096
2001-03-14;0.00327277;0.00339414
2001-03-15;-0.00073702;-0.00061620
2001-03-16;0.00255942;0.00268079
2001-03-19;-0.00112177;-0.00075848
2001-03-20;0.00029388;0.00041388
2001-03-21;-0.00012274;-0.00000740
2001-03-22;0.00247650;0.00259047
2001-03-23;-0.00437134;-0.00425654
2001-03-26;-0.00460049;-0.00425611
2001-03-27;-0.00118353;-0.00106736
2001-03-28;0.00245202;0.00256791
2001-03-29;0.00270826;0.00282387
2001-03-30;0.00113383;0.00124890
2001-04-02;0.00146391;0.00180254
2001-04-03;0.00095267;0.00106363
2001-04-04;-0.00321784;-0.00310825
2001-04-05;-0.00268673;-0.00257687
2001-04-06;-0.00179708;-0.00169160
2001-04-09;-0.00148061;-0.00116500
2001-04-10;-0.00081081;-0.00070533
2001-04-11;-0.00131403;-0.00120499
2001-04-12;-0.00427133;-0.00416393
2001-04-13;0.00199379;0.00210118
2001-04-16;0.00088926;0.00122213
2001-04-17;0.00178801;0.00189815
2001-04-18;-0.00227970;-0.00217504
2001-04-19;-0.00801049;-0.00790692
2001-04-20;-0.00366996;-0.00356914
2001-04-23;0.00586014;0.00616096
2001-04-24;0.00149349;0.00159513
2001-04-25;-0.00211357;-0.00201083
2001-04-26;-0.00065146;-0.00054899
2001-04-27;-0.00065217;-0.00054915
2001-04-30;0.00003837;0.00035563
2001-05-01;-0.00085826;-0.00075333
2001-05-02;-0.00014482;-0.00004071
2001-05-03;0.00103755;0.00114029
2001-05-04;-0.00067953;-0.00057953
2001-05-07;0.00027285;0.00057285
2001-05-08;0.00052113;0.00062031
2001-05-09;0.00013387;0.00023359
2001-05-10;0.00004432;0.00014459
2001-05-11;0.00078046;0.00088156
2001-05-14;0.00025274;0.00055110
2001-05-15;-0.00049515;-0.00039789
2001-05-16;-0.00180391;-0.00170830
2001-05-17;-0.00018337;-0.00008776
2001-05-18;0.00015685;0.00025357
2001-05-21;-0.00066059;-0.00036717
2001-05-22;0.00127567;0.00137321
2001-05-23;0.00109054;0.00118807
2001-05-24;0.00025281;0.00035199
2001-05-25;-0.00019774;-0.00009966
2001-05-28;-0.00005887;0.00023538
2001-05-29;0.00079040;0.00088986
2001-05-30;0.00035926;0.00045789
2001-05-31;0.00065211;0.00074937
2001-06-01;-0.00070692;-0.00060856
2001-06-04;0.00012430;0.00042019
2001-06-05;-0.00282125;-0.00272399
2001-06-06;0.00287898;0.00297596
2001-06-07;-0.00211976;-0.00202250
2001-06-08;0.00050326;0.00060080
2001-06-11;0.00289629;0.00318561
2001-06-12;-0.00064903;-0.00055369
2001-06-13;-0.00240660;-0.00231153
2001-06-14;-0.00079297;-0.00069763
2001-06-15;-0.00002444;0.00006981
2001-06-18;0.00172133;0.00200407
2001-06-19;0.00121590;0.00130988
2001-06-20;0.00130655;0.00139998
2001-06-21;-0.00384437;-0.00375040
2001-06-22;-0.00005613;0.00003620
2001-06-25;-0.00068416;-0.00040636
2001-06-26;-0.00083342;-0.00074082
2001-06-27;0.00020261;0.00029686
2001-06-28;0.00406381;0.00416134
2001-06-29;-0.00109599;-0.00099818
2001-07-02;-0.00022335;0.00007171
2001-07-03;0.00098799;0.00108607
2001-07-04;0.00354839;0.00364647
2001-07-05;0.00136527;0.00146308
2001-07-06;-0.00089876;-0.00080150
2001-07-09;0.00035866;0.00065208
2001-07-10;-0.00078435;-0.00068709
2001-07-11;-0.00003754;0.00005835
2001-07-12;-0.00070769;-0.00061126
2001-07-13;0.00030489;0.00040187
2001-07-16;-0.00013257;0.00016003
2001-07-17;0.00038337;0.00048008
2001-07-18;-0.00082992;-0.00073513
2001-07-19;-0.00078220;-0.00068713
2001-07-20;-0.00139445;-0.00129993
2001-07-23;0.00212696;0.00241299
2001-07-24;-0.00098896;-0.00089362
2001-07-25;-0.00073907;-0.00064373
2001-07-26;0.00034100;0.00043634
2001-07-27;0.00000742;0.00010249
2001-07-30;0.00059500;0.00088185
2001-07-31;-0.00098914;-0.00089435
2001-08-01;-0.00284211;-0.00274759
2001-08-02;-0.00175225;-0.00165773
2001-08-03;0.00133865;0.00143290
2001-08-06;0.00116610;0.00144884
2001-08-07;0.00014863;0.00024287
2001-08-08;0.00299546;0.00308888
2001-08-09;0.00299960;0.00309220
2001-08-10;-0.00020210;-0.00011004
2001-08-13;-0.00073677;-0.00045979
2001-08-14;-0.00246463;-0.00237285
2001-08-15;-0.00015068;-0.00005890
2001-08-16;0.00104083;0.00113179
2001-08-17;0.00217549;0.00226562
2001-08-20;0.00093761;0.00121213
2001-08-21;0.00177790;0.00186859
2001-08-22;-0.00323450;-0.00314381
2001-08-23;0.00166960;0.00176083
2001-08-24;-0.00288611;-0.00279433
2001-08-27;0.00027431;0.00055130
2001-08-28;0.00228349;0.00237473
2001-08-29;0.00186728;0.00195879
2001-08-30;0.00202573;0.00211586
2001-08-31;0.00157589;0.00166630
2001-09-03;0.01007525;0.01034648
2001-09-04;-0.00604729;-0.00595523
2001-09-05;0.00380508;0.00389631
2001-09-06;0.00473576;0.00482535
2001-09-07;0.00579595;0.00588363
2001-09-10;-0.00136203;-0.00109984
2001-09-11;0.01172673;0.01181413
2001-09-12;0.00611661;0.00620401
2001-09-13;0.00121892;0.00129234
2001-09-14;0.00794870;0.00801966
2001-09-17;0.00392313;0.00413190
2001-09-18;0.00003246;0.00009904
2001-09-19;0.00060871;0.00066761
2001-09-20;0.00671027;0.00676999
2001-09-21;0.00041019;0.00047073
2001-09-24;-0.00780833;-0.00761682
2001-09-25;0.00246291;0.00252729
2001-09-26;-0.00028336;-0.00021953
2001-09-27;-0.00289657;-0.00283273
2001-09-28;-0.00493922;-0.00487483
2001-10-01;0.00135575;0.00154643
2001-10-02;-0.00527748;-0.00521666
2001-10-03;-0.00112313;-0.00106313
2001-10-04;-0.00192224;-0.00186278
2001-10-05;-0.00100657;-0.00094766
2001-10-08;0.00064280;0.00081952
2001-10-09;-0.00062137;-0.00056164
2001-10-10;-0.00471464;-0.00465491
2001-10-11;-0.00590345;-0.00584236
2001-10-12;0.00182664;0.00188719
2001-10-15;-0.00252163;-0.00233999
2001-10-16;-0.00117361;-0.00111389
2001-10-17;0.00257622;0.00263594
2001-10-18;0.00065145;0.00071035
2001-10-19;-0.00106414;-0.00100524
2001-10-22;-0.00461644;-0.00443726
2001-10-23;-0.00250268;-0.00244350
2001-10-24;0.00003625;0.00009460
2001-10-25;0.00103447;0.00109200
2001-10-26;-0.00000767;0.00004987
2001-10-29;0.00610435;0.00627284
2001-10-30;0.00334674;0.00340181
2001-10-31;0.00052811;0.00058318
2001-11-01;-0.00031596;-0.00026061
2001-11-02;0.00039430;0.00044828
2001-11-05;-0.00099266;-0.00083074
2001-11-06;-0.00080314;-0.00075328
2001-11-07;0.00032455;0.00037305
2001-11-08;-0.00064158;-0.00059200
2001-11-09;0.00103308;0.00108240
2001-11-12;0.00026449;0.00041243
2001-11-13;-0.00263244;-0.00258285
2001-11-14;-0.00065932;-0.00060891
2001-11-15;-0.00147573;-0.00142422
2001-11-16;-0.00010125;-0.00004892
2001-11-19;-0.00164977;-0.00149360
2001-11-20;0.00226016;0.00231249
2001-11-21;0.00074386;0.00079647
2001-11-22;-0.00046019;-0.00040758
2001-11-23;-0.00154628;-0.00149395
2001-11-26;-0.00008817;0.00007128
2001-11-27;-0.00038403;-0.00033253
2001-11-28;0.00022583;0.00027624
2001-11-29;-0.00046730;-0.00041881
2001-11-30;-0.00120343;-0.00115549
2001-12-03;0.00003070;0.00017453
2001-12-04;0.00054231;0.00058916
2001-12-05;-0.00113715;-0.00108948
2001-12-06;-0.00059284;-0.00054572
2001-12-07;-0.00049357;-0.00044809
2001-12-10;0.00058139;0.00071947
2001-12-11;-0.00016257;-0.00011791
2001-12-12;-0.00083763;-0.00079270
2001-12-13;0.00035575;0.00040123
2001-12-14;-0.00104379;-0.00099722
2001-12-17;-0.00021533;-0.00007478
2001-12-18;0.00008188;0.00012791
2001-12-19;0.00080878;0.00085426
2001-12-20;-0.00011032;-0.00006484
2001-12-21;-0.00018190;-0.00013587
2001-12-24;-0.00008503;0.00005387
2001-12-25;0.00090071;0.00094701
2001-12-26;-0.00056588;-0.00051876
2001-12-27;-0.00013063;-0.00008378
2001-12-28;-0.00039938;-0.00035308
2001-12-31;-0.00124438;-0.00110383
2002-01-02;-0.00072086;-0.00062716
2002-01-03;0.00037872;0.00042529
2002-01-04;-0.00036229;-0.00031599
2002-01-07;-0.00008943;0.00004701
2002-01-08;-0.00032961;-0.00028440
2002-01-09;0.00105705;0.00110226
2002-01-10;0.00065951;0.00070472
2002-01-11;-0.00038390;-0.00034143
2002-01-14;-0.00016534;-0.00003794
2002-01-15;-0.00049284;-0.00044983
2002-01-16;0.00140662;0.00144990
2002-01-17;0.00279899;0.00284310
2002-01-18;-0.00028669;-0.00024313
2002-01-21;-0.00052056;-0.00038987
2002-01-22;-0.00022124;-0.00017576
2002-01-23;-0.00040893;-0.00036290
2002-01-24;0.00047416;0.00052046
2002-01-25;0.00289456;0.00294087
2002-01-28;0.00098057;0.00112030
2002-01-29;-0.00299144;-0.00294514
2002-01-30;0.00066622;0.00071335
2002-01-31;0.00147104;0.00151844
2002-02-01;0.00112007;0.00116746
2002-02-04;0.00034028;0.00048329
2002-02-05;0.00353137;0.00357877
2002-02-06;0.00064654;0.00069339
2002-02-07;0.00053960;0.00058618
2002-02-08;-0.00181335;-0.00176677
2002-02-11;-0.00386386;-0.00372413
2002-02-12;-0.00071868;-0.00067156
2002-02-13;-0.00002835;0.00001905
2002-02-14;-0.00044751;-0.00040039
2002-02-15;-0.00027195;-0.00022510
2002-02-18;-0.00098194;-0.00084139
2002-02-19;-0.00045901;-0.00041216
2002-02-20;0.00113307;0.00118047
2002-02-21;-0.00091458;-0.00086718
2002-02-22;-0.00125444;-0.00120704
2002-02-25;0.00038736;0.00053037
2002-02-26;0.00275992;0.00280759
2002-02-27;-0.00052273;-0.00047506
2002-02-28;-0.00062207;-0.00057385
2002-03-01;-0.00336735;-0.00331968
2002-03-04;-0.00476132;-0.00461666
2002-03-05;-0.00057355;-0.00052505
2002-03-06;-0.00306150;-0.00301356
2002-03-07;-0.00199795;-0.00195001
2002-03-08;-0.00047198;-0.00042349
2002-03-11;-0.00009632;0.00005163
2002-03-12;0.00298250;0.00303209
2002-03-13;0.00197796;0.00202700
2002-03-14;-0.00213570;-0.00208583
2002-03-15;-0.00324420;-0.00319433
2002-03-18;0.00027093;0.00042134
2002-03-19;0.00000988;0.00005974
2002-03-20;0.00027484;0.00032443
2002-03-21;-0.00104097;-0.00099165
2002-03-22;0.00186672;0.00191604
2002-03-25;0.00296397;0.00311109
2002-03-26;-0.00025016;-0.00020139
2002-03-27;0.00306455;0.00311331
2002-03-28;-0.00115142;-0.00110320
2002-03-29;0.00046026;0.00050848
2002-04-01;0.00023779;0.00038162
2002-04-02;0.00124095;0.00128944
2002-04-03;-0.00226812;-0.00221990
2002-04-04;-0.00091907;-0.00087112
2002-04-05;-0.00084012;-0.00079273
2002-04-08;-0.00077138;-0.00063001
2002-04-09;-0.00064520;-0.00059862
2002-04-10;0.00208799;0.00213402
2002-04-11;-0.00022613;-0.00017983
2002-04-12;-0.00018150;-0.00013547
2002-04-15;-0.00232650;-0.00218842
2002-04-16;-0.00062487;-0.00057802
2002-04-17;0.00193154;0.00197811
2002-04-18;0.00119057;0.00123687
2002-04-19;-0.00041701;-0.00037044
2002-04-22;0.00034935;0.00048825
2002-04-23;0.00067794;0.00072452
2002-04-24;0.00027350;0.00031980
2002-04-25;0.00105277;0.00109962
2002-04-26;0.00060802;0.00065514
2002-04-29;-0.00160921;-0.00146620
2002-04-30;-0.00147347;-0.00142580
2002-05-01;0.00365256;0.00370023
2002-05-02;0.00004623;0.00009390
2002-05-03;0.00577708;0.00582448
2002-05-06;0.00207326;0.00221545
2002-05-07;-0.00005963;-0.00001224
2002-05-08;-0.01059968;-0.01055228
2002-05-09;0.00493864;0.00498631
2002-05-10;0.00469933;0.00474700
2002-05-13;-0.00359711;-0.00345409
2002-05-14;-0.00694609;-0.00689815
2002-05-15;0.00337813;0.00342553
2002-05-16;0.00109743;0.00114456
2002-05-17;0.00377050;0.00381789
2002-05-20;0.00307109;0.00321246
2002-05-21;0.00204691;0.00209404
2002-05-22;0.00276632;0.00281317
2002-05-23;-0.00080229;-0.00075544
2002-05-24;-0.00029270;-0.00024585
2002-05-27;-0.00302084;-0.00288029
2002-05-28;0.00450123;0.00454863
2002-05-29;0.00131601;0.00136313
2002-05-30;0.00373267;0.00377979
2002-05-31;-0.00072481;-0.00067796
2002-06-03;0.00524376;0.00538513
2002-06-04;0.00219476;0.00224216
2002-06-05;-0.00666861;-0.00662149
2002-06-06;0.00492843;0.00497527
2002-06-07;-0.00004759;-0.00000074
2002-06-10;-0.00345339;-0.00331202
2002-06-11;0.00147236;0.00151948
2002-06-12;0.00209224;0.00213909
2002-06-13;-0.00198510;-0.00193879
2002-06-14;-0.00036812;-0.00032209
2002-06-17;-0.00464978;-0.00451006
2002-06-18;0.00435158;0.00439815
2002-06-19;0.00485919;0.00490522
2002-06-20;0.00970453;0.00975111
2002-06-21;0.00497222;0.00501852
2002-06-24;0.00375509;0.00389481
2002-06-25;-0.00514895;-0.00510237
2002-06-26;0.00533050;0.00537625
2002-06-27;0.00092254;0.00096830
2002-06-28;-0.00499498;-0.00494923
2002-07-01;0.00339509;0.00353317
2002-07-02;0.00156050;0.00160681
2002-07-03;-0.00181240;-0.00176610
2002-07-04;-0.00208616;-0.00203986
2002-07-05;-0.00961252;-0.00956621
2002-07-08;0.00756743;0.00770715
2002-07-09;0.00530040;0.00534671
2002-07-10;0.00275035;0.00279665
2002-07-11;0.00267071;0.00271701
2002-07-12;-0.00178052;-0.00173449
2002-07-15;0.00773352;0.00787160
2002-07-16;0.00134775;0.00139405
2002-07-17;-0.00290142;-0.00285512
2002-07-18;0.00013390;0.00018020
2002-07-19;0.00973405;0.00978007
2002-07-22;0.00159088;0.00172896
2002-07-23;-0.00443963;-0.00439388
2002-07-24;-0.00181777;-0.00177229
2002-07-25;0.00313067;0.00317642
2002-07-26;-0.00726546;-0.00721998
2002-07-29;-0.00961981;-0.00948091
2002-07-30;0.00194920;0.00199551
2002-07-31;-0.00105351;-0.00100748
2002-08-01;0.00298123;0.00302643
2002-08-02;0.00277034;0.00281417
2002-08-05;0.00185502;0.00198735
2002-08-06;-0.00819419;-0.00814981
2002-08-07;-0.00094225;-0.00089951
2002-08-08;-0.00457385;-0.00453028
2002-08-09;-0.00078714;-0.00074358
2002-08-12;0.00339104;0.00352584
2002-08-13;0.00025790;0.00030174
2002-08-14;0.00166688;0.00171098
2002-08-15;-0.00344930;-0.00340574
2002-08-16;-0.00011558;-0.00007201
2002-08-19;-0.00261046;-0.00247649
2002-08-20;0.00079036;0.00083392
2002-08-21;-0.00189677;-0.00185294
2002-08-22;-0.00433641;-0.00429202
2002-08-23;0.00215019;0.00219458
2002-08-26;-0.00060329;-0.00046850
2002-08-27;0.00352469;0.00356989
2002-08-28;0.00332452;0.00336946
2002-08-29;0.00122165;0.00126685
2002-08-30;-0.00116346;-0.00111798
2002-09-02;0.00268625;0.00282269
2002-09-03;0.00370558;0.00374969
2002-09-04;-0.00026763;-0.00022380
2002-09-05;-0.00025885;-0.00021557
2002-09-06;-0.00060789;-0.00056323
2002-09-09;-0.00110658;-0.00097015
2002-09-10;-0.00115687;-0.00111167
2002-09-11;-0.00117688;-0.00113140
2002-09-12;0.00111519;0.00116066
2002-09-13;0.00008020;0.00012568
2002-09-16;-0.00091888;-0.00078080
2002-09-17;-0.00164109;-0.00159534
2002-09-18;0.00233210;0.00237731
2002-09-19;0.00009689;0.00014127
2002-09-20;-0.00062609;-0.00058171
2002-09-23;0.00031492;0.00044807
2002-09-24;0.00105471;0.00109909
2002-09-25;0.00022712;0.00027177
2002-09-26;-0.00098562;-0.00094124
2002-09-27;-0.00021841;-0.00017457
2002-09-30;0.00272654;0.00285311
2002-10-01;-0.00181500;-0.00177226
2002-10-02;0.00064726;0.00068973
2002-10-03;0.00214636;0.00218855
2002-10-04;0.00094215;0.00098543
2002-10-07;0.00200300;0.00213451
2002-10-08;-0.00185871;-0.00181542
2002-10-09;0.00194468;0.00198687
2002-10-10;-0.00280109;-0.00275863
2002-10-11;-0.00337621;-0.00333374
2002-10-14;0.00062102;0.00074841
2002-10-15;-0.00573412;-0.00568891
2002-10-16;0.00145580;0.00150046
2002-10-17;-0.00458221;-0.00453728
2002-10-18;-0.00059859;-0.00055366
2002-10-21;-0.00241666;-0.00227858
2002-10-22;0.00361931;0.00366479
2002-10-23;-0.00043341;-0.00038821
2002-10-24;-0.00042258;-0.00037819
2002-10-25;-0.00008223;-0.00003812
2002-10-28;0.00028170;0.00040992
2002-10-29;0.00193649;0.00197704
2002-10-30;-0.00118295;-0.00114240
2002-10-31;0.00069397;0.00073288
2002-11-01;0.00154894;0.00158757
2002-11-04;0.00013993;0.00025582
2002-11-05;-0.00064338;-0.00060502
2002-11-06;-0.00012086;-0.00008771
2002-11-07;0.00253700;0.00256988
2002-11-08;-0.00077204;-0.00073917
2002-11-11;0.00122990;0.00132853
2002-11-12;-0.00174852;-0.00171564
2002-11-13;-0.00062607;-0.00059346
2002-11-14;0.00112801;0.00116088
2002-11-15;-0.00071693;-0.00068405
2002-11-18;-0.00010011;-0.00000065
2002-11-19;0.00006748;0.00010008
2002-11-20;-0.00010049;-0.00006761
2002-11-21;0.00026365;0.00029653
2002-11-22;0.00009634;0.00012949
2002-11-25;-0.00199883;-0.00189856
2002-11-26;-0.00063970;-0.00060683
2002-11-27;-0.00110163;-0.00106848
2002-11-28;-0.00641527;-0.00638212
2002-11-29;0.00274787;0.00278075
2002-12-02;0.00004114;0.00014141
2002-12-03;0.00062070;0.00065385
2002-12-04;0.00105091;0.00108378
2002-12-05;0.00024904;0.00028191
2002-12-06;0.00179605;0.00182865
2002-12-09;0.00040284;0.00050230
2002-12-10;-0.00139849;-0.00136589
2002-12-11;0.00034337;0.00037597
2002-12-12;0.00305955;0.00309215
2002-12-13;0.00085290;0.00088551
2002-12-16;0.00072970;0.00082915
2002-12-17;0.00142238;0.00145526
2002-12-18;0.00029572;0.00032832
2002-12-19;-0.00085273;-0.00082012
2002-12-20;0.00043775;0.00047035
2002-12-23;-0.00069663;-0.00060046
2002-12-24;0.00240274;0.00243480
2002-12-25;0.00015249;0.00018455
2002-12-26;0.00079862;0.00083040
2002-12-27;0.00126196;0.00129319
2002-12-30;0.00111786;0.00121649
2002-12-31;0.00059268;0.00062556
2003-01-02;-0.00728586;-0.00722011
2003-01-03;0.00389872;0.00393160
2003-01-06;0.00266810;0.00276591
2003-01-07;-0.00358829;-0.00355624
2003-01-08;0.00441770;0.00444975
2003-01-09;-0.00076332;-0.00073099
2003-01-10;0.00323618;0.00326851
2003-01-13;-0.00059925;-0.00050144
2003-01-14;-0.00036559;-0.00033354
2003-01-15;0.00028296;0.00031529
2003-01-16;0.00263921;0.00267099
2003-01-17;0.00413315;0.00416493
2003-01-20;0.00389570;0.00399105
2003-01-21;-0.00178992;-0.00175786
2003-01-22;0.00308070;0.00311220
2003-01-23;0.00143032;0.00146183
2003-01-24;0.00493184;0.00496308
2003-01-27;-0.00017776;-0.00008324
2003-01-28;0.00080626;0.00083804
2003-01-29;0.00054561;0.00057739
2003-01-30;-0.00135440;-0.00132262
2003-01-31;-0.00272898;-0.00269720
2003-02-03;-0.00034357;-0.00024822
2003-02-04;0.00869561;0.00872685
2003-02-05;-0.00408106;-0.00404928
2003-02-06;-0.00181158;-0.00178008
2003-02-07;-0.00026566;-0.00023415
2003-02-10;-0.00510230;-0.00500778
2003-02-11;-0.00103882;-0.00100704
2003-02-12;-0.00267925;-0.00264747
2003-02-13;0.00652295;0.00655445
2003-02-14;-0.00604728;-0.00601549
2003-02-17;-0.00341276;-0.00331742
2003-02-18;-0.00524513;-0.00521307
2003-02-19;0.00487231;0.00490409
2003-02-20;0.00513360;0.00516565
2003-02-21;-0.00259108;-0.00255903
2003-02-24;0.00565154;0.00574935
2003-02-25;-0.00057400;-0.00054167
2003-02-26;0.00267951;0.00271211
2003-02-27;-0.00522280;-0.00519020
2003-02-28;0.00105195;0.00108428
2003-03-03;0.00254294;0.00263993
2003-03-04;0.00264834;0.00268040
2003-03-05;0.00139850;0.00143028
2003-03-06;0.00147272;0.00150451
2003-03-07;0.00030764;0.00033778
2003-03-10;0.00350489;0.00359201
2003-03-11;-0.00215127;-0.00212168
2003-03-12;-0.00136576;-0.00133617
2003-03-13;-0.00799151;-0.00796137
2003-03-14;-0.00167845;-0.00164804
2003-03-17;-0.00539264;-0.00529976
2003-03-18;-0.00086438;-0.00083369
2003-03-19;-0.00174545;-0.00171422
2003-03-20;0.00024384;0.00027535
2003-03-21;-0.00568561;-0.00565383
2003-03-24;0.00633946;0.00643398
2003-03-25;-0.00033323;-0.00030144
2003-03-26;0.00120947;0.00124125
2003-03-27;0.00092941;0.00096064
2003-03-28;0.00164022;0.00167091
2003-03-31;0.00545932;0.00555137
2003-04-01;-0.00054600;-0.00051586
2003-04-02;-0.00535773;-0.00532732
2003-04-03;0.00001774;0.00004760
2003-04-04;-0.00198448;-0.00195462
2003-04-07;-0.00544664;-0.00535212
2003-04-08;0.00345775;0.00348871
2003-04-09;0.00072469;0.00075510
2003-04-10;0.00360576;0.00363644
2003-04-11;-0.00090203;-0.00087052
2003-04-14;-0.00008939;0.00000760
2003-04-15;-0.00027440;-0.00024262
2003-04-16;0.00179941;0.00183091
2003-04-17;0.00174215;0.00177393
2003-04-18;-0.00211099;-0.00207920
2003-04-21;-0.00410755;-0.00401221
2003-04-22;0.00399385;0.00402563
2003-04-23;-0.00177356;-0.00174206
2003-04-24;0.00204193;0.00207288
2003-04-25;0.00083862;0.00086930
2003-04-28;-0.00046932;-0.00037727
2003-04-29;0.00154037;0.00157133
2003-04-30;0.00233302;0.00236343
2003-05-01;0.00294982;0.00297941
2003-05-02;-0.00113410;-0.00110396
2003-05-05;0.00240826;0.00249949
2003-05-06;0.00177882;0.00180841
2003-05-07;0.00010375;0.00013361
2003-05-08;0.00250829;0.00253761
2003-05-09;0.00083267;0.00086253
2003-05-12;0.00128048;0.00136925
2003-05-13;-0.00080965;-0.00078033
2003-05-14;0.00113135;0.00115984
2003-05-15;0.00078155;0.00081005
2003-05-16;0.00249143;0.00251965
2003-05-19;0.00252652;0.00261118
2003-05-20;0.00181926;0.00184720
2003-05-21;0.00012213;0.00015062
2003-05-22;-0.00147148;-0.00144244
2003-05-23;-0.00093829;-0.00090925
2003-05-26;-0.00110234;-0.00101521
2003-05-27;0.00226590;0.00229521
2003-05-28;-0.00464134;-0.00461121
2003-05-29;0.00186678;0.00189637
2003-05-30;-0.00002117;0.00000870
2003-06-02;0.00124193;0.00133399
2003-06-03;-0.00169079;-0.00166175
2003-06-04;0.00261420;0.00264242
2003-06-05;0.00578222;0.00581017
2003-06-06;-0.00526638;-0.00523816
2003-06-09;-0.00104076;-0.00095775
2003-06-10;-0.00156793;-0.00154190
2003-06-11;0.00466945;0.00469465
2003-06-12;-0.00009716;-0.00007250
2003-06-13;0.00114294;0.00116595
2003-06-16;0.00142610;0.00149596
2003-06-17;0.00121254;0.00123665
2003-06-18;-0.00135463;-0.00133079
2003-06-19;-0.00239153;-0.00236961
2003-06-20;-0.00241903;-0.00239684
2003-06-23;-0.00183912;-0.00177090
2003-06-24;-0.00229116;-0.00226897
2003-06-25;0.00420643;0.00423108
2003-06-26;-0.00436509;-0.00434070
2003-06-27;-0.00020309;-0.00017980
2003-06-30;0.00026135;0.00033450
2003-07-01;0.00257380;0.00259764
2003-07-02;0.00256900;0.00259229
2003-07-03;-0.00011546;-0.00009218
2003-07-04;-0.00075779;-0.00073450
2003-07-07;-0.00051227;-0.00043829
2003-07-08;-0.00458092;-0.00455626
2003-07-09;-0.00081854;-0.00079443
2003-07-10;-0.00080029;-0.00077645
2003-07-11;0.00041050;0.00043434
2003-07-14;0.00031205;0.00038520
2003-07-15;-0.00506388;-0.00503922
2003-07-16;0.00142207;0.00144645
2003-07-17;-0.00275250;-0.00272839
2003-07-18;-0.00097238;-0.00094800
2003-07-21;0.00179115;0.00186595
2003-07-22;0.00074504;0.00076997
2003-07-23;0.00461678;0.00464171
2003-07-24;0.00112215;0.00114708
2003-07-25;0.00207898;0.00210391
2003-07-28;0.00165968;0.00173776
2003-07-29;-0.00063840;-0.00061182
2003-07-30;-0.00393351;-0.00390720
2003-07-31;-0.00156337;-0.00153761
2003-08-01;-0.00228037;-0.00225489
2003-08-04;-0.00093988;-0.00086180
2003-08-05;-0.00298533;-0.00295958
2003-08-06;0.00001391;0.00003939
2003-08-07;-0.00006716;-0.00004168
2003-08-08;0.00076747;0.00079322
2003-08-11;0.00136535;0.00144261
2003-08-12;0.00002061;0.00004609
2003-08-13;0.00225987;0.00228562
2003-08-14;0.00184736;0.00187312
2003-08-15;-0.00099318;-0.00096770
2003-08-18;0.00181614;0.00189340
2003-08-19;0.00146348;0.00148924
2003-08-20;-0.00009371;-0.00006796
2003-08-21;-0.00056341;-0.00053738
2003-08-22;0.00025534;0.00028164
2003-08-25;-0.00041029;-0.00032809
2003-08-26;0.00067336;0.00070048
2003-08-27;0.00224393;0.00227078
2003-08-28;-0.00001262;0.00001396
2003-08-29;0.00059120;0.00061750
2003-09-01;0.00575993;0.00583883
2003-09-02;0.00155313;0.00157943
2003-09-03;0.00059517;0.00062120
2003-09-04;-0.00097022;-0.00094419
2003-09-05;-0.00068876;-0.00066301
2003-09-08;0.00127765;0.00135573
2003-09-09;0.00150444;0.00153020
2003-09-10;-0.00266732;-0.00264157
2003-09-11;-0.00036773;-0.00034197
2003-09-12;-0.00036556;-0.00033981
2003-09-15;-0.00073003;-0.00065276
2003-09-16;0.00396276;0.00398769
2003-09-17;0.00014770;0.00017318
2003-09-18;0.00191417;0.00193992
2003-09-19;0.00096868;0.00099416
2003-09-22;-0.00096772;-0.00089046
2003-09-23;0.00073896;0.00076417
2003-09-24;-0.00157378;-0.00154831
2003-09-25;-0.00233570;-0.00231050
2003-09-26;-0.00180805;-0.00178285
2003-09-29;0.00104569;0.00112377
2003-09-30;-0.00127728;-0.00125180
2003-10-01;0.00276713;0.00279261
2003-10-02;0.00055640;0.00058160
2003-10-03;-0.00543134;-0.00540613
2003-10-06;0.00259375;0.00266936
2003-10-07;0.00364250;0.00366716
2003-10-08;-0.00043926;-0.00041488
2003-10-09;-0.00212599;-0.00210160
2003-10-10;0.00451877;0.00454343
2003-10-13;0.00276048;0.00283445
2003-10-14;-0.00188758;-0.00186265
2003-10-15;-0.00168220;-0.00165726
2003-10-16;0.00088332;0.00090825
2003-10-17;-0.00157301;-0.00154808
2003-10-20;0.00122033;0.00129677
2003-10-21;0.00274684;0.00277177
2003-10-22;0.00376744;0.00379319
2003-10-23;-0.00189908;-0.00187332
2003-10-24;0.00130176;0.00132724
2003-10-27;0.00032263;0.00040153
2003-10-28;-0.00131090;-0.00128514
2003-10-29;0.00116649;0.00119224
2003-10-30;0.00025488;0.00028063
2003-10-31;-0.00405391;-0.00402816
2003-11-03;-0.00476529;-0.00468803
2003-11-04;0.00281029;0.00283577
2003-11-05;0.00041177;0.00043752
2003-11-06;-0.00224728;-0.00222152
2003-11-07;0.00333768;0.00336344
2003-11-10;0.00199271;0.00207079
2003-11-11;-0.00235890;-0.00233287
2003-11-12;0.00475963;0.00478511
2003-11-13;0.00167142;0.00169663
2003-11-14;-0.00151012;-0.00148464
2003-11-17;-0.00631861;-0.00624135
2003-11-18;0.00451699;0.00454275
2003-11-19;-0.00154804;-0.00152256
2003-11-20;0.00010745;0.00013293
2003-11-21;0.00070540;0.00073061
2003-11-24;-0.00131399;-0.00123673
2003-11-25;0.00104280;0.00106828
2003-11-26;0.00507020;0.00509540
2003-11-27;0.00216118;0.00218639
2003-11-28;0.00149156;0.00151649
2003-12-01;0.00206213;0.00213857
2003-12-02;0.00289969;0.00292490
2003-12-03;0.00041553;0.00044074
2003-12-04;-0.00141167;-0.00138674
2003-12-05;0.00188853;0.00191319
2003-12-08;0.00364647;0.00372126
2003-12-09;-0.00067246;-0.00064753
2003-12-10;-0.00055006;-0.00052513
2003-12-11;-0.00152070;-0.00149659
2003-12-12;0.00441198;0.00443636
2003-12-15;-0.00089397;-0.00082082
2003-12-16;0.00094900;0.00097338
2003-12-17;0.00136057;0.00138468
2003-12-18;0.00108836;0.00111220
2003-12-19;-0.00112847;-0.00110491
2003-12-22;0.00067377;0.00074692
2003-12-23;0.00172486;0.00174896
2003-12-24;0.00399728;0.00402139
2003-12-25;0.00006385;0.00008796
2003-12-26;-0.00053692;-0.00051363
2003-12-29;0.00298654;0.00305969
2003-12-30;0.00270407;0.00272927
2003-12-31;0.00268993;0.00271541
2004-01-02;0.00202508;0.00207495
2004-01-05;0.01021961;0.01029358
2004-01-06;0.00258028;0.00260494
2004-01-07;-0.00280087;-0.00277649
2004-01-08;0.00586412;0.00588768
2004-01-09;0.00305096;0.00307425
2004-01-12;0.00090474;0.00097707
2004-01-13;-0.00280551;-0.00278167
2004-01-14;-0.00047236;-0.00044880
2004-01-15;-0.00836563;-0.00834206
2004-01-16;-0.00285573;-0.00283189
2004-01-19;0.00458231;0.00465382
2004-01-20;0.00509809;0.00512220
2004-01-21;0.00072679;0.00075062
2004-01-22;0.00394869;0.00397225
2004-01-23;-0.00512870;-0.00510459
2004-01-26;-0.00004916;0.00002399
2004-01-27;0.00369170;0.00371609
2004-01-28;-0.00190140;-0.00187620
2004-01-29;-0.01274085;-0.01271565
2004-01-30;0.00243281;0.00245747
2004-02-02;-0.00125252;-0.00117608
2004-02-03;0.00256110;0.00258630
2004-02-04;-0.00315456;-0.00312936
2004-02-05;0.00055057;0.00057578
2004-02-06;0.00418940;0.00421433
2004-02-09;0.00203723;0.00211367
2004-02-10;0.00189807;0.00192355
2004-02-11;0.00405523;0.00408017
2004-02-12;0.00043086;0.00045579
2004-02-13;-0.00277442;-0.00274976
2004-02-16;0.00075650;0.00083047
2004-02-17;0.00543892;0.00546439
2004-02-18;-0.00205033;-0.00202512
2004-02-19;-0.00211977;-0.00209457
2004-02-20;-0.00723427;-0.00720907
2004-02-23;0.00008402;0.00016210
2004-02-24;0.00105753;0.00108356
2004-02-25;-0.00309420;-0.00306845
2004-02-26;0.00000861;0.00003437
2004-02-27;0.00079052;0.00081628
2004-03-01;0.00364571;0.00372379
2004-03-02;-0.00428611;-0.00426008
2004-03-03;-0.00178514;-0.00175911
2004-03-04;0.00167311;0.00169887
2004-03-05;0.00294691;0.00297239
2004-03-08;-0.00145264;-0.00137456
2004-03-09;0.00060991;0.00063566
2004-03-10;-0.00499871;-0.00497295
2004-03-11;-0.00270174;-0.00267572
2004-03-12;-0.00020713;-0.00018138
2004-03-15;-0.00057167;-0.00049359
2004-03-16;0.00187848;0.00190423
2004-03-17;0.00320031;0.00322552
2004-03-18;0.00324142;0.00326662
2004-03-19;-0.00222406;-0.00219885
2004-03-22;-0.00008649;-0.00000923
2004-03-23;-0.00004624;-0.00002076
2004-03-24;-0.00098383;-0.00095863
2004-03-25;0.00103047;0.00105568
2004-03-26;0.00085609;0.00088157
2004-03-29;0.00147514;0.00155322
2004-03-30;0.00188158;0.00190733
2004-03-31;0.00244485;0.00247033
2004-04-01;0.00184976;0.00187497
2004-04-02;-0.00392252;-0.00389704
2004-04-05;-0.00245031;-0.00237387
2004-04-06;0.00282067;0.00284587
2004-04-07;0.00160487;0.00163035
2004-04-08;-0.00254384;-0.00251863
2004-04-09;-0.00189423;-0.00186902
2004-04-12;0.00165387;0.00173031
2004-04-13;-0.00677779;-0.00675231
2004-04-14;-0.00631093;-0.00628518
2004-04-15;-0.00140074;-0.00137526
2004-04-16;0.00344806;0.00347327
2004-04-19;-0.00093198;-0.00085390
2004-04-20;-0.00228087;-0.00225457
2004-04-21;-0.00608562;-0.00605877
2004-04-22;-0.00087439;-0.00084836
2004-04-23;0.00112271;0.00114901
2004-04-26;0.00233810;0.00241865
2004-04-27;-0.00007670;-0.00005013
2004-04-28;-0.00554556;-0.00551926
2004-04-29;0.00033867;0.00036470
2004-04-30;0.00005510;0.00008140
2004-05-03;-0.00001616;0.00006521
2004-05-04;-0.00162424;-0.00159712
2004-05-05;-0.00098013;-0.00095356
2004-05-06;0.00039146;0.00041831
2004-05-07;0.00242185;0.00245062
2004-05-10;-0.00165461;-0.00156667
2004-05-11;0.00016342;0.00019191
2004-05-12;0.00004814;0.00007608
2004-05-13;0.00004098;0.00006783
2004-05-14;-0.00037670;-0.00035012
2004-05-17;-0.00238154;-0.00229524
2004-05-18;0.00121587;0.00124436
2004-05-19;-0.00020479;-0.00017685
2004-05-20;0.00020049;0.00022816
2004-05-21;-0.00048540;-0.00045773
2004-05-24;0.00011929;0.00020642
2004-05-25;-0.00251084;-0.00248180
2004-05-26;0.00073050;0.00075954
2004-05-27;-0.00217751;-0.00214901
2004-05-28;0.00107338;0.00110243
2004-05-31;-0.00170073;-0.00161360
2004-06-01;0.00041312;0.00044463
2004-06-02;0.00042069;0.00045220
2004-06-03;-0.00126111;-0.00122960
2004-06-04;0.00100890;0.00104123
2004-06-07;0.00182898;0.00193008
2004-06-08;-0.00039604;-0.00036179
2004-06-09;-0.00255919;-0.00252494
2004-06-10;0.00082659;0.00086139
2004-06-11;-0.00259804;-0.00256324
2004-06-14;-0.00024802;-0.00013295
2004-06-15;0.00121028;0.00124644
2004-06-16;-0.00152061;-0.00148554
2004-06-17;0.00121953;0.00125378
2004-06-18;0.00136931;0.00140383
2004-06-21;-0.00035278;-0.00024429
2004-06-22;0.00024029;0.00027590
2004-06-23;0.00010553;0.00014033
2004-06-24;0.00189922;0.00193374
2004-06-25;-0.00086121;-0.00082614
2004-06-28;0.00004624;0.00015802
2004-06-29;-0.00137274;-0.00133548
2004-06-30;0.00065927;0.00069516
2004-07-01;-0.00175366;-0.00172078
2004-07-02;-0.00195347;-0.00191867
2004-07-05;-0.00362944;-0.00352505
2004-07-06;-0.00266224;-0.00262608
2004-07-07;-0.00076025;-0.00072518
2004-07-08;-0.00192181;-0.00188757
2004-07-09;0.00065334;0.00068758
2004-07-12;-0.00044986;-0.00034137
2004-07-13;0.00032343;0.00035959
2004-07-14;-0.00176559;-0.00172943
2004-07-15;-0.00101261;-0.00097645
2004-07-16;-0.00111255;-0.00107639
2004-07-19;-0.00025085;-0.00014154
2004-07-20;0.00135277;0.00138948
2004-07-21;-0.00072815;-0.00069171
2004-07-22;-0.00026711;-0.00023040
2004-07-23;-0.00187919;-0.00184220
2004-07-26;-0.00142040;-0.00130287
2004-07-27;0.00211615;0.00215560
2004-07-28;0.00007305;0.00011223
2004-07-29;0.00177615;0.00181505
2004-07-30;0.00033239;0.00037129
2004-08-02;0.00054216;0.00066380
2004-08-03;0.00156849;0.00160849
2004-08-04;0.00095169;0.00099169
2004-08-05;0.00041413;0.00045385
2004-08-06;0.00433029;0.00436892
2004-08-09;-0.00065216;-0.00052969
2004-08-10;-0.00068709;-0.00064655
2004-08-11;-0.00212954;-0.00209064
2004-08-12;-0.00016313;-0.00012450
2004-08-13;0.00406353;0.00410216
2004-08-16;-0.00037635;-0.00025553
2004-08-17;-0.00096621;-0.00092621
2004-08-18;-0.00089759;-0.00085759
2004-08-19;0.00184709;0.00188682
2004-08-20;-0.00069069;-0.00065069
2004-08-23;-0.00252704;-0.00240211
2004-08-24;-0.00237416;-0.00233252
2004-08-25;-0.00007721;-0.00003557
2004-08-26;-0.00093791;-0.00089627
2004-08-27;-0.00095361;-0.00091169
2004-08-30;0.00065281;0.00078350
2004-08-31;0.00161144;0.00165445
2004-09-01;-0.00038452;-0.00034205
2004-09-02;-0.00123172;-0.00118871
2004-09-03;-0.00268841;-0.00264403
2004-09-06;-0.00262565;-0.00249250
2004-09-07;-0.00004800;-0.00000307
2004-09-08;0.00063786;0.00068224
2004-09-09;-0.00103588;-0.00099177
2004-09-10;0.00116991;0.00121457
2004-09-13;-0.00201235;-0.00187756
2004-09-14;0.00186904;0.00191370
2004-09-15;-0.00130447;-0.00125954
2004-09-16;0.00098933;0.00103426
2004-09-17;-0.00117723;-0.00113120
2004-09-20;0.00094593;0.00108565
2004-09-21;0.00123696;0.00128326
2004-09-22;0.00142448;0.00147051
2004-09-23;0.00230074;0.00234704
2004-09-24;-0.00072704;-0.00068046
2004-09-27;0.00104464;0.00118601
2004-09-28;0.00027561;0.00032191
2004-09-29;0.00067054;0.00071685
2004-09-30;0.00405954;0.00410556
2004-10-01;0.00018487;0.00023063
2004-10-04;-0.00590013;-0.00576123
2004-10-05;0.00382482;0.00387085
2004-10-06;0.00042437;0.00047040
2004-10-07;-0.00025132;-0.00020557
2004-10-08;0.00352779;0.00357354
2004-10-11;-0.00061552;-0.00047826
2004-10-12;-0.00362295;-0.00357665
2004-10-13;-0.00283870;-0.00279240
2004-10-14;0.00527065;0.00531750
2004-10-15;0.00214974;0.00219686
2004-10-18;-0.00077912;-0.00063282
2004-10-19;0.00083760;0.00088664
2004-10-20;0.00526836;0.00531740
2004-10-21;0.00107124;0.00112083
2004-10-22;-0.00030976;-0.00026017
2004-10-25;0.00539423;0.00554793
2004-10-26;-0.00078995;-0.00073844
2004-10-27;-0.00056955;-0.00051804
2004-10-28;0.00075266;0.00080389
2004-10-29;0.00092503;0.00097626
2004-11-01;-0.00021998;-0.00005888
2004-11-02;-0.00319925;-0.00314610
2004-11-03;0.00667439;0.00672699
2004-11-04;0.00556685;0.00562000
2004-11-05;0.00387920;0.00393372
2004-11-08;0.00031420;0.00048187
2004-11-09;0.00080554;0.00086143
2004-11-10;-0.00323677;-0.00318088
2004-11-11;0.00610499;0.00616088
2004-11-12;0.00530968;0.00536557
2004-11-15;-0.00320013;-0.00302835
2004-11-16;0.00168570;0.00174323
2004-11-17;0.00643838;0.00649564
2004-11-18;-0.00294412;-0.00288686
2004-11-19;0.00343866;0.00349619
2004-11-22;0.00162595;0.00180348
2004-11-23;0.00052496;0.00058386
2004-11-24;0.00386340;0.00392203
2004-11-25;0.00213094;0.00218957
2004-11-26;0.00429807;0.00435725
2004-11-29;-0.00121006;-0.00102923
2004-11-30;-0.00281768;-0.00275768
2004-12-01;0.00707746;0.00713719
2004-12-02;-0.00200500;-0.00194527
2004-12-03;0.00408487;0.00414432
2004-12-06;-0.00104047;-0.00085801
2004-12-07;-0.00278747;-0.00272692
2004-12-08;-0.01360829;-0.01354801
2004-12-09;-0.00247126;-0.00241098
2004-12-10;-0.00273693;-0.00267638
2004-12-13;0.00641304;0.00659469
2004-12-14;-0.00225582;-0.00219609
2004-12-15;0.00831625;0.00837571
2004-12-16;-0.00681124;-0.00675207
2004-12-17;0.00093774;0.00099692
2004-12-20;0.00290403;0.00308403
2004-12-21;-0.00026459;-0.00020513
2004-12-22;-0.00114587;-0.00108696
2004-12-23;0.00339547;0.00345437
2004-12-24;0.00326534;0.00332424
2004-12-27;0.00448673;0.00467084
2004-12-28;0.00108850;0.00114932
2004-12-29;-0.00577350;-0.00571350
2004-12-30;0.00401986;0.00407959
2004-12-31;-0.00150122;-0.00144149
2005-01-03;-0.00334852;-0.00316030
2005-01-04;-0.00786517;-0.00780216
2005-01-05;-0.00106660;-0.00100386
2005-01-06;-0.00247311;-0.00241092
2005-01-07;-0.00220551;-0.00214304
2005-01-10;0.00200452;0.00219603
2005-01-11;0.00107611;0.00113940
2005-01-12;0.00340213;0.00346514
2005-01-13;-0.00359725;-0.00353396
2005-01-14;-0.00139080;-0.00132723
2005-01-17;0.00235510;0.00254578
2005-01-18;0.00042653;0.00049119
2005-01-19;-0.00191781;-0.00185397
2005-01-20;-0.00473164;-0.00466836
2005-01-21;0.00184390;0.00190719
2005-01-24;-0.00137202;-0.00117969
2005-01-25;-0.00282562;-0.00276096
2005-01-26;0.00584681;0.00591174
2005-01-27;-0.00103148;-0.00096573
2005-01-28;-0.00151851;-0.00145248
2005-01-31;0.00228612;0.00248995
2005-02-01;-0.00004661;0.00002107
2005-02-02;0.00023864;0.00030631
2005-02-03;-0.00065870;-0.00059185
2005-02-04;0.00143675;0.00150333
2005-02-07;-0.00090743;-0.00070359
2005-02-08;-0.00043667;-0.00036873
2005-02-09;-0.00057381;-0.00050614
2005-02-10;0.00036686;0.00043453
2005-02-11;0.00021105;0.00027954
2005-02-14;0.00099386;0.00120344
2005-02-15;0.00034380;0.00041366
2005-02-16;-0.00058158;-0.00051226
2005-02-17;-0.00005132;0.00001800
2005-02-18;-0.00015085;-0.00008071
2005-02-21;-0.00044365;-0.00023323
2005-02-22;0.00031928;0.00039134
2005-02-23;-0.00038076;-0.00030870
2005-02-24;0.00048234;0.00055467
2005-02-25;0.00093804;0.00101174
2005-02-28;0.00034897;0.00057254
2005-03-01;-0.00033538;-0.00026141
2005-03-02;-0.00029894;-0.00022552
2005-03-03;-0.00071128;-0.00063730
2005-03-04;0.00432674;0.00440071
2005-03-07;0.00047866;0.00070140
2005-03-08;0.00069009;0.00076406
2005-03-09;-0.00121603;-0.00114206
2005-03-10;-0.00131395;-0.00124025
2005-03-11;0.00073281;0.00080678
2005-03-14;-0.00190403;-0.00167801
2005-03-15;-0.00051017;-0.00043483
2005-03-16;-0.00043885;-0.00036378
2005-03-17;-0.00088750;-0.00081271
2005-03-18;0.00027612;0.00035146
2005-03-21;-0.00455517;-0.00432504
2005-03-22;-0.00005700;0.00002054
2005-03-23;-0.00480060;-0.00472471
2005-03-24;-0.00008972;-0.00001356
2005-03-25;-0.00008342;-0.00000726
2005-03-28;-0.00028719;-0.00005787
2005-03-29;-0.00060194;-0.00052577
2005-03-30;0.00198096;0.00205685
2005-03-31;0.00139413;0.00146892
2005-04-01;0.00183890;0.00191397
2005-04-04;0.00039398;0.00062001
2005-04-05;0.00009159;0.00016666
2005-04-06;0.00001481;0.00008906
2005-04-07;-0.00069588;-0.00062164
2005-04-08;-0.00010807;-0.00003328
2005-04-11;-0.00157789;-0.00135515
2005-04-12;0.00038183;0.00045607
2005-04-13;-0.00062912;-0.00055460
2005-04-14;0.00238095;0.00245547
2005-04-15;-0.00132923;-0.00125443
2005-04-18;-0.00315152;-0.00291727
2005-04-19;-0.00103382;-0.00095574
2005-04-20;-0.00039304;-0.00031605
2005-04-21;-0.00085798;-0.00078071
2005-04-22;-0.00014290;-0.00006427
2005-04-25;-0.00002412;0.00021259
2005-04-26;0.00038907;0.00046743
2005-04-27;0.00001660;0.00009414
2005-04-28;0.00016270;0.00023996
2005-04-29;-0.00186935;-0.00179154
2005-05-02;-0.00291528;-0.00267857
2005-05-03;-0.00187321;-0.00179513
2005-05-04;0.00024786;0.00032485
2005-05-05;0.00067962;0.00075496
2005-05-06;-0.00344653;-0.00336982
2005-05-09;-0.00113690;-0.00090184
2005-05-10;0.00142806;0.00150587
2005-05-11;-0.00055570;-0.00047871
2005-05-12;-0.00200130;-0.00192404
2005-05-13;-0.00177358;-0.00169796
2005-05-16;-0.00124462;-0.00101119
2005-05-17;0.00066130;0.00073856
2005-05-18;-0.00069677;-0.00062005
2005-05-19;-0.00276346;-0.00268647
2005-05-20;-0.00206360;-0.00198606
2005-05-23;-0.00087754;-0.00063836
2005-05-24;0.00083027;0.00090917
2005-05-25;0.00166839;0.00174756
2005-05-26;-0.00189004;-0.00181114
2005-05-27;-0.00049191;-0.00041245
2005-05-30;-0.00371546;-0.00347711
2005-05-31;-0.00021175;-0.00013147
2005-06-01;0.00408520;0.00416493
2005-06-02;-0.00061536;-0.00053563
2005-06-03;-0.00141212;-0.00133157
2005-06-06;-0.00181633;-0.00157304
2005-06-07;-0.00098359;-0.00090249
2005-06-08;-0.00031040;-0.00022930
2005-06-09;0.00085519;0.00093546
2005-06-10;0.00150439;0.00158493
2005-06-13;0.00161933;0.00186344
2005-06-14;-0.00062755;-0.00054673
2005-06-15;-0.00114730;-0.00106675
2005-06-16;0.00056704;0.00064677
2005-06-17;-0.00088392;-0.00080392
2005-06-20;0.00033784;0.00058113
2005-06-21;-0.00029977;-0.00021867
2005-06-22;0.00017275;0.00025412
2005-06-23;0.00000975;0.00009194
2005-06-24;-0.00176874;-0.00168600
2005-06-27;-0.00179664;-0.00154267
2005-06-28;0.00224345;0.00232784
2005-06-29;0.00123338;0.00131722
2005-06-30;0.00040830;0.00049214
2005-07-01;0.00197243;0.00205736
2005-07-04;0.00016110;0.00041589
2005-07-05;0.00051203;0.00059833
2005-07-06;0.00075023;0.00083571
2005-07-07;-0.00034165;-0.00025727
2005-07-08;0.00271306;0.00279800
2005-07-11;-0.00167924;-0.00142198
2005-07-12;-0.00359780;-0.00351177
2005-07-13;0.00402384;0.00411014
2005-07-14;-0.00063962;-0.00055305
2005-07-15;0.00131313;0.00140025
2005-07-18;-0.00126016;-0.00099468
2005-07-19;0.00452095;0.00460971
2005-07-20;0.00104583;0.00113432
2005-07-21;-0.00339275;-0.00330316
2005-07-22;0.00195246;0.00204287
2005-07-25;0.00038872;0.00066571
2005-07-26;0.00059183;0.00068388
2005-07-27;-0.00042432;-0.00033309
2005-07-28;-0.00059843;-0.00050720
2005-07-29;-0.00013015;-0.00003865
2005-08-01;0.00035916;0.00063944
2005-08-02;0.00066369;0.00075712
2005-08-03;-0.00154321;-0.00145061
2005-08-04;-0.00336957;-0.00327669
2005-08-05;-0.00199252;-0.00189827
2005-08-08;-0.00213536;-0.00185016
2005-08-09;0.00359411;0.00368835
2005-08-10;0.00022071;0.00031468
2005-08-11;0.00018945;0.00028343
2005-08-12;-0.00190237;-0.00180812
2005-08-15;0.00010522;0.00039042
2005-08-16;-0.00242963;-0.00233483
2005-08-17;-0.00015028;-0.00005603
2005-08-18;0.00085942;0.00095312
2005-08-19;0.00207605;0.00217030
2005-08-22;0.00079450;0.00107889
2005-08-23;-0.00062466;-0.00052987
2005-08-24;-0.00054068;-0.00044616
2005-08-25;-0.00304001;-0.00294521
2005-08-26;-0.00311777;-0.00302270
2005-08-29;0.00208009;0.00236530
2005-08-30;0.00271761;0.00281240
2005-08-31;0.00003667;0.00013091
2005-09-01;0.00313810;0.00323126
2005-09-02;0.00131418;0.00140678
2005-09-05;0.00315395;0.00343176
2005-09-06;0.00028694;0.00038146
2005-09-07;-0.00006269;0.00003074
2005-09-08;-0.00029080;-0.00019765
2005-09-09;0.00247734;0.00257076
2005-09-12;-0.00124716;-0.00096442
2005-09-13;-0.00072432;-0.00063117
2005-09-14;-0.00046430;-0.00037252
2005-09-15;0.00068841;0.00078074
2005-09-16;0.00109578;0.00118948
2005-09-19;0.00074582;0.00103431
2005-09-20;0.00101043;0.00110742
2005-09-21;0.00017754;0.00026905
2005-09-22;-0.00103805;-0.00094518
2005-09-23;-0.00131481;-0.00122166
2005-09-26;0.00130246;0.00158685
2005-09-27;-0.00136893;-0.00127523
2005-09-28;0.00196989;0.00206276
2005-09-29;0.00201345;0.00210825
2005-09-30;0.00091636;0.00101143
2005-10-03;0.00061135;0.00090231
2005-10-04;-0.00040592;-0.00030866
2005-10-05;-0.00582025;-0.00572436
2005-10-06;-0.00350797;-0.00341153
2005-10-07;0.00276980;0.00286678
2005-10-10;-0.00124004;-0.00094908
2005-10-11;0.00280089;0.00290089
2005-10-12;-0.00301386;-0.00291468
2005-10-13;-0.00185752;-0.00175724
2005-10-14;0.00007293;0.00017403
2005-10-17;0.00269353;0.00300422
2005-10-18;-0.00159682;-0.00149353
2005-10-19;-0.00310345;-0.00300016
2005-10-20;-0.00159457;-0.00149156
2005-10-21;0.00052153;0.00062482
2005-10-24;0.00165369;0.00196930
2005-10-25;0.00219584;0.00230104
2005-10-26;0.00180655;0.00191093
2005-10-27;-0.00399925;-0.00389541
2005-10-28;0.00102506;0.00112999
2005-10-31;0.00258106;0.00290078
2005-11-01;0.00006566;0.00017169
2005-11-02;-0.00056699;-0.00046151
2005-11-03;0.00164383;0.00174931
2005-11-04;0.00265537;0.00276167
2005-11-07;-0.00008086;0.00023722
2005-11-08;-0.00005263;0.00005340
2005-11-09;0.00129385;0.00140070
2005-11-10;0.00017075;0.00027705
2005-11-11;0.00125968;0.00136598
2005-11-14;0.00177875;0.00210176
2005-11-15;-0.00017782;-0.00007043
2005-11-16;0.00254662;0.00265374
2005-11-17;0.00004643;0.00015383
2005-11-18;0.00004464;0.00015177
2005-11-21;0.00038114;0.00070251
2005-11-22;0.00059317;0.00069838
2005-11-23;-0.00152892;-0.00142316
2005-11-24;0.00009555;0.00020131
2005-11-25;0.00218482;0.00229057
2005-11-28;0.00076506;0.00108479
2005-11-29;0.00015762;0.00026420
2005-11-30;-0.00031276;-0.00020701
2005-12-01;0.00800133;0.00810763
2005-12-02;0.00173883;0.00184568
2005-12-05;-0.00179913;-0.00147447
2005-12-06;0.00018320;0.00029142
2005-12-07;0.00242886;0.00253680
2005-12-08;-0.00415766;-0.00405218
2005-12-09;0.00264190;0.00274738
2005-12-12;-0.00306395;-0.00274915
2005-12-13;-0.00007607;0.00002886
2005-12-14;-0.00990631;-0.00980192
2005-12-15;0.00232833;0.00243354
2005-12-16;-0.00142633;-0.00132112
2005-12-19;-0.00011851;0.00020121
2005-12-20;0.00282727;0.00293357
2005-12-21;0.00422471;0.00433156
2005-12-22;0.00139527;0.00150185
2005-12-23;0.00206248;0.00216933
2005-12-26;0.00672435;0.00704490
2005-12-27;0.00037503;0.00048188
2005-12-28;0.00340719;0.00351322
2005-12-29;-0.00016200;-0.00005460
2005-12-30;-0.00191297;-0.00180365
2006-01-02;0.00623014;0.00655809
2006-01-03;0.00131851;0.00143001
2006-01-04;-0.00037699;-0.00026494
2006-01-05;-0.00326307;-0.00315074
2006-01-06;0.00100676;0.00111963
2006-01-09;0.00234202;0.00268229
2006-01-10;-0.00200588;-0.00189109
2006-01-11;0.00102907;0.00114414
2006-01-12;0.00113411;0.00124973
2006-01-13;-0.00074666;-0.00063077
2006-01-16;-0.00106918;-0.00072151
2006-01-17;-0.00178436;-0.00166710
2006-01-18;-0.00506154;-0.00494510
2006-01-19;0.00503781;0.00515425
2006-01-20;-0.00233731;-0.00222088
2006-01-23;-0.00315847;-0.00280669
2006-01-24;0.00078589;0.00090370
2006-01-25;0.00374716;0.00386552
2006-01-26;0.00328382;0.00340273
2006-01-27;0.00531945;0.00543836
2006-01-30;0.00295446;0.00331446
2006-01-31;-0.00120594;-0.00108621
2006-02-01;0.00079087;0.00091059
2006-02-02;-0.00204232;-0.00192259
2006-02-03;-0.00182751;-0.00170778
2006-02-06;0.00091775;0.00127775
2006-02-07;-0.00448547;-0.00436520
2006-02-08;0.00034540;0.00046595
2006-02-09;0.00344482;0.00356564
2006-02-10;-0.00380767;-0.00368657
2006-02-13;-0.00340096;-0.00303520
2006-02-14;0.00389920;0.00402112
2006-02-15;-0.00081783;-0.00069619
2006-02-16;0.00277913;0.00290077
2006-02-17;-0.00015379;-0.00003242
2006-02-20;-0.00468588;-0.00432177
2006-02-21;0.00144201;0.00156420
2006-02-22;0.00201691;0.00213910
2006-02-23;-0.00172290;-0.00160016
2006-02-24;0.00232205;0.00244506
2006-02-27;0.00181203;0.00218272
2006-02-28;-0.00252702;-0.00240346
2006-03-01;0.00108231;0.00120533
2006-03-02;0.00025465;0.00037794
2006-03-03;-0.00153140;-0.00140811
2006-03-06;-0.00140717;-0.00103813
2006-03-07;0.00021624;0.00033926
2006-03-08;-0.00348470;-0.00336223
2006-03-09;0.00129768;0.00142042
2006-03-10;0.00090997;0.00103326
2006-03-13;0.00108981;0.00145967
2006-03-14;0.00073243;0.00085517
2006-03-15;0.00055158;0.00067514
2006-03-16;-0.00022675;-0.00010347
2006-03-17;-0.00018505;-0.00006121
2006-03-20;0.00025103;0.00062500
2006-03-21;0.00115063;0.00127584
2006-03-22;-0.00031354;-0.00018833
2006-03-23;0.00144274;0.00156740
2006-03-24;0.00069508;0.00081946
2006-03-27;0.00041990;0.00079059
2006-03-28;-0.00126863;-0.00114453
2006-03-29;0.00174263;0.00186619
2006-03-30;0.00300584;0.00312913
2006-03-31;-0.00137331;-0.00124947
2006-04-03;0.00235403;0.00272800
2006-04-04;0.00003938;0.00016431
2006-04-05;0.00029606;0.00042071
2006-04-06;0.00050902;0.00063395
2006-04-07;-0.00257075;-0.00244554
2006-04-10;0.00180308;0.00217952
2006-04-11;-0.00297548;-0.00285000
2006-04-12;-0.00017174;-0.00004626
2006-04-13;0.00139167;0.00151715
2006-04-14;0.00009010;0.00021557
2006-04-17;-0.00024558;0.00013333
2006-04-18;0.00385735;0.00398365
2006-04-19;0.00257006;0.00269636
2006-04-20;-0.00295505;-0.00282875
2006-04-21;0.00052484;0.00065169
2006-04-24;-0.00538565;-0.00500428
2006-04-25;0.00167636;0.00180431
2006-04-26;0.00060473;0.00073268
2006-04-27;-0.00125282;-0.00112515
2006-04-28;0.00171256;0.00183995
2006-05-01;0.00177965;0.00216595
2006-05-02;0.00303754;0.00316604
2006-05-03;-0.00153282;-0.00140405
2006-05-04;0.00202047;0.00214869
2006-05-05;0.00295082;0.00307959
2006-05-08;-0.00080573;-0.00041532
2006-05-09;0.00371485;0.00384526
2006-05-10;0.00045123;0.00058164
2006-05-11;0.00108971;0.00121847
2006-05-12;-0.00488639;-0.00475708
2006-05-15;-0.00466263;-0.00427304
2006-05-16;0.00062414;0.00075318
2006-05-17;-0.00478910;-0.00466006
2006-05-18;-0.00257297;-0.00244393
2006-05-19;-0.00258299;-0.00245422
2006-05-22;-0.00092863;-0.00054150
2006-05-23;0.00324335;0.00337267
2006-05-24;-0.00564806;-0.00551929
2006-05-25;0.00535551;0.00548428
2006-05-26;0.00110527;0.00123459
2006-05-29;-0.00289946;-0.00251151
2006-05-30;0.00050196;0.00063127
2006-05-31;-0.00154675;-0.00141688
2006-06-01;-0.00165004;-0.00152100
2006-06-02;0.00236506;0.00249355
2006-06-05;0.00167572;0.00206449
2006-06-06;-0.00435214;-0.00422228
2006-06-07;-0.00005198;0.00007788
2006-06-08;-0.00435184;-0.00422197
2006-06-09;0.00141973;0.00154987
2006-06-12;0.00101041;0.00140575
2006-06-13;-0.00161628;-0.00148560
2006-06-14;0.00079146;0.00092215
2006-06-15;-0.00259357;-0.00246426
2006-06-16;-0.00037736;-0.00024722
2006-06-19;-0.00171365;-0.00131831
2006-06-20;0.00109583;0.00122734
2006-06-21;0.00266130;0.00279253
2006-06-22;-0.00435778;-0.00422654
2006-06-23;-0.00198922;-0.00185661
2006-06-26;-0.00005113;0.00035243
2006-06-27;0.00164523;0.00178003
2006-06-28;-0.00164293;-0.00150923
2006-06-29;-0.00112988;-0.00099618
2006-06-30;0.00635609;0.00648951
2006-07-03;-0.00027442;0.00013325
2006-07-04;0.00006969;0.00020558
2006-07-05;0.00056737;0.00070106
2006-07-06;-0.00044030;-0.00030687
2006-07-07;0.00036677;0.00050074
2006-07-10;-0.00053299;-0.00012778
2006-07-11;-0.00032240;-0.00018761
2006-07-12;0.00030135;0.00043642
2006-07-13;0.00085946;0.00099425
2006-07-14;0.00060913;0.00074420
2006-07-17;-0.00074989;-0.00034058
2006-07-18;-0.00034725;-0.00021026
2006-07-19;-0.00077433;-0.00063790
2006-07-20;0.00103491;0.00117053
2006-07-21;0.00048571;0.00062160
2006-07-24;-0.00173128;-0.00132278
2006-07-25;-0.00020485;-0.00006787
2006-07-26;-0.00001949;0.00011695
2006-07-27;0.00063467;0.00077084
2006-07-28;-0.00059848;-0.00046314
2006-07-31;0.00012165;0.00053015
2006-08-01;0.00100720;0.00114391
2006-08-02;0.00024192;0.00037808
2006-08-03;-0.00069924;-0.00056280
2006-08-04;0.00349890;0.00363479
2006-08-07;-0.00059025;-0.00018011
2006-08-08;-0.00052599;-0.00038982
2006-08-09;0.00142803;0.00156337
2006-08-10;-0.00306661;-0.00293181
2006-08-11;0.00016926;0.00030460
2006-08-14;-0.00138922;-0.00097908
2006-08-15;0.00002051;0.00015667
2006-08-16;0.00126726;0.00140260
2006-08-17;-0.00150830;-0.00137241
2006-08-18;-0.00192186;-0.00178569
2006-08-21;0.00342599;0.00383530
2006-08-22;-0.00215516;-0.00201900
2006-08-23;0.00027693;0.00041282
2006-08-24;-0.00106612;-0.00093023
2006-08-25;-0.00057532;-0.00043888
2006-08-28;0.00012963;0.00053812
2006-08-29;-0.00020251;-0.00006717
2006-08-30;0.00187528;0.00201008
2006-08-31;-0.00039947;-0.00026468
2006-09-01;0.00049770;0.00063167
2006-09-04;0.00189316;0.00229508
2006-09-05;-0.00155691;-0.00142349
2006-09-06;-0.00089487;-0.00076227
2006-09-07;-0.00247947;-0.00234686
2006-09-08;-0.00014237;-0.00001086
2006-09-11;-0.00180725;-0.00141190
2006-09-12;0.00182784;0.00195880
2006-09-13;0.00035156;0.00048280
2006-09-14;0.00079184;0.00092390
2006-09-15;-0.00002328;0.00010905
2006-09-18;0.00064891;0.00104507
2006-09-19;-0.00119777;-0.00106572
2006-09-20;0.00051341;0.00064519
2006-09-21;0.00034759;0.00047882
2006-09-22;-0.00195523;-0.00182372
2006-09-25;0.00058947;0.00098071
2006-09-26;0.00162215;0.00175256
2006-09-27;0.00117959;0.00131000
2006-09-28;-0.00003082;0.00009931
2006-09-29;-0.00017860;-0.00004791
2006-10-02;-0.00123430;-0.00084307
2006-10-03;0.00111355;0.00124451
2006-10-04;0.00319218;0.00332368
2006-10-05;0.00112155;0.00125333
2006-10-06;0.00123777;0.00136983
2006-10-09;0.00034861;0.00074478
2006-10-10;0.00185502;0.00198844
2006-10-11;-0.00042810;-0.00029413
2006-10-12;0.00153279;0.00166786
2006-10-13;0.00139520;0.00153000
2006-10-16;-0.00003051;0.00037716
2006-10-17;-0.00238991;-0.00225402
2006-10-18;0.00123836;0.00137425
2006-10-19;-0.00163993;-0.00150376
2006-10-20;0.00070578;0.00084167
2006-10-23;0.00262940;0.00303954
2006-10-24;-0.00056335;-0.00042637
2006-10-25;0.00016449;0.00030120
2006-10-26;0.00052150;0.00065821
2006-10-27;-0.00392656;-0.00379012
2006-10-30;-0.00065389;-0.00024539
2006-10-31;-0.00079331;-0.00065769
2006-11-01;-0.00099995;-0.00086461
2006-11-02;-0.00084449;-0.00070915
2006-11-03;-0.00148919;-0.00135330
2006-11-06;0.00337447;0.00378214
2006-11-07;0.00282134;0.00295696
2006-11-08;-0.00184677;-0.00171060
2006-11-09;0.00057639;0.00071228
2006-11-10;0.00025258;0.00038874
2006-11-13;-0.00135121;-0.00094354
2006-11-14;0.00172342;0.00185931
2006-11-15;0.00037247;0.00050836
2006-11-16;0.00103054;0.00116643
2006-11-17;-0.00085714;-0.00072125
2006-11-20;-0.00078666;-0.00037981
2006-11-21;0.00148587;0.00162121
2006-11-22;0.00381753;0.00395232
2006-11-23;-0.00034315;-0.00020836
2006-11-24;0.00055582;0.00069034
2006-11-27;-0.00278712;-0.00238274
2006-11-28;0.00220609;0.00234061
2006-11-29;0.00303104;0.00316557
2006-11-30;0.00308791;0.00322215
2006-12-01;0.00018437;0.00031862
2006-12-04;0.00199779;0.00239889
2006-12-05;0.00070207;0.00083522
2006-12-06;-0.00186240;-0.00172925
2006-12-07;-0.00026623;-0.00013335
2006-12-08;-0.00394464;-0.00381204
2006-12-11;-0.00004280;0.00035255
2006-12-12;0.00042086;0.00055264
2006-12-13;0.00027274;0.00040479
2006-12-14;0.00043848;0.00057081
2006-12-15;-0.00424491;-0.00411367
2006-12-18;-0.00392571;-0.00352790
2006-12-19;0.00439081;0.00452342
2006-12-20;-0.00100306;-0.00087046
2006-12-21;-0.00143688;-0.00130428
2006-12-22;-0.00379663;-0.00366348
2006-12-25;-0.00028847;0.00011098
2006-12-26;0.00129520;0.00142863
2006-12-27;0.00285625;0.00298912
2006-12-28;0.00156809;0.00170152
2006-12-29;-0.00039999;-0.00026602
2007-01-02;0.00535437;0.00589574
2007-01-03;-0.00323639;-0.00310160
2007-01-04;-0.00088449;-0.00074997
2007-01-05;-0.00757226;-0.00743747
2007-01-08;0.00161992;0.00202677
2007-01-09;0.00127254;0.00140815
2007-01-10;-0.00317145;-0.00303556
2007-01-11;0.00416316;0.00429960
2007-01-12;0.00265547;0.00279136
2007-01-15;0.00486390;0.00527157
2007-01-16;0.00064568;0.00078212
2007-01-17;0.00166330;0.00180002
2007-01-18;0.00027144;0.00040815
2007-01-19;0.00136578;0.00150304
2007-01-22;-0.00062115;-0.00021020
2007-01-23;0.00320217;0.00333943
2007-01-24;-0.00187468;-0.00173770
2007-01-25;-0.00277499;-0.00263773
2007-01-26;-0.00276334;-0.00262635
2007-01-29;0.00103649;0.00144827
2007-01-30;0.00161194;0.00174893
2007-01-31;0.00071143;0.00084814
2007-02-01;0.00224730;0.00238428
2007-02-02;0.00030543;0.00044269
2007-02-05;-0.00197781;-0.00156521
2007-02-06;0.00153429;0.00167155
2007-02-07;0.00181056;0.00194809
2007-02-08;-0.00017106;-0.00003325
2007-02-09;-0.00157988;-0.00144234
2007-02-12;-0.00276434;-0.00235009
2007-02-13;0.00128277;0.00142058
2007-02-14;0.00464455;0.00478208
2007-02-15;-0.00109061;-0.00095280
2007-02-16;-0.00054206;-0.00040397
2007-02-19;0.00283046;0.00324470
2007-02-20;0.00145158;0.00158993
2007-02-21;0.00179960;0.00193768
2007-02-22;0.00181796;0.00195631
2007-02-23;0.00087658;0.00101493
2007-02-26;0.00007841;0.00049348
2007-02-27;-0.01034224;-0.01020553
2007-02-28;-0.00424687;-0.00410961
2007-03-01;-0.00418128;-0.00404430
2007-03-02;-0.00510629;-0.00496985
2007-03-05;-0.00787657;-0.00746807
2007-03-06;0.00254685;0.00268356
2007-03-07;0.00186344;0.00199960
2007-03-08;0.00163348;0.00176910
2007-03-09;0.00016579;0.00030168
2007-03-12;0.00147465;0.00188232
2007-03-13;-0.00058386;-0.00044852
2007-03-14;-0.00289277;-0.00275798
2007-03-15;0.00327554;0.00341006
2007-03-16;0.00216815;0.00230240
2007-03-19;0.00247468;0.00287988
2007-03-20;0.00176089;0.00189568
2007-03-21;0.00013085;0.00026537
2007-03-22;0.00439238;0.00452718
2007-03-23;-0.00186283;-0.00172749
2007-03-26;0.00208770;0.00249291
2007-03-27;-0.00123208;-0.00109701
2007-03-28;-0.00133237;-0.00119758
2007-03-29;0.00032272;0.00045724
2007-03-30;0.00139289;0.00152714
2007-04-02;0.00095166;0.00135522
2007-04-03;0.00065103;0.00078555
2007-04-04;0.00164714;0.00178194
2007-04-05;0.00273702;0.00287127
2007-04-06;-0.00315807;-0.00302355
2007-04-09;-0.00150325;-0.00110133
2007-04-10;0.00523528;0.00536926
2007-04-11;-0.00015317;-0.00001892
2007-04-12;0.00224246;0.00237644
2007-04-13;0.00272459;0.00285829
2007-04-16;0.00418851;0.00458960
2007-04-17;0.00202575;0.00215918
2007-04-18;-0.00047151;-0.00033836
2007-04-19;-0.00067239;-0.00053952
2007-04-20;0.00263447;0.00276735
2007-04-23;-0.00122652;-0.00082789
2007-04-24;-0.00052151;-0.00038891
2007-04-25;0.00322469;0.00335702
2007-04-26;-0.00418512;-0.00405307
2007-04-27;0.00275135;0.00288313
2007-04-30;0.00133235;0.00172604
2007-05-01;-0.00336090;-0.00323049
2007-05-02;0.00012647;0.00025715
2007-05-03;0.00087313;0.00100354
2007-05-04;0.00146899;0.00159940
2007-05-07;0.00221100;0.00260305
2007-05-08;-0.00340956;-0.00327914
2007-05-09;0.00092564;0.00105550
2007-05-10;-0.00504453;-0.00491494
2007-05-11;0.00144320;0.00157279
2007-05-14;0.00011250;0.00050127
2007-05-15;0.00317768;0.00330645
2007-05-16;-0.00505119;-0.00492461
2007-05-17;-0.00135735;-0.00122913
2007-05-18;0.00368764;0.00381641
2007-05-21;-0.00116995;-0.00077872
2007-05-22;0.00083331;0.00096454
2007-05-23;0.00276377;0.00289445
2007-05-24;-0.00487345;-0.00474276
2007-05-25;0.00187163;0.00200177
2007-05-28;0.00103016;0.00142057
2007-05-29;0.00304110;0.00317151
2007-05-30;-0.00155483;-0.00142579
2007-05-31;0.00443105;0.00455708
2007-06-01;0.00343863;0.00356630
2007-06-04;-0.00012520;0.00025946
2007-06-05;-0.00155291;-0.00142414
2007-06-06;-0.00332768;-0.00319973
2007-06-07;-0.00303503;-0.00290708
2007-06-08;0.00176895;0.00189608
2007-06-11;0.00152097;0.00189905
2007-06-12;-0.00141552;-0.00128977
2007-06-13;0.00220986;0.00233397
2007-06-14;0.00238047;0.00250430
2007-06-15;0.00373507;0.00385644
2007-06-18;-0.00028637;0.00008432
2007-06-19;0.00101774;0.00114157
2007-06-20;-0.00138804;-0.00126174
2007-06-21;-0.00042928;-0.00030407
2007-06-22;-0.00173553;-0.00160978
2007-06-25;-0.00194839;-0.00156291
2007-06-26;-0.00160933;-0.00148084
2007-06-27;-0.00109086;-0.00096374
2007-06-28;0.00318431;0.00331143
2007-06-29;0.00085335;0.00098157
2007-07-02;0.00356257;0.00395791
2007-07-03;-0.00009920;0.00003258
2007-07-04;0.00130023;0.00143202
2007-07-05;0.00061540;0.00074718
2007-07-06;0.00236352;0.00249530
2007-07-09;0.00107817;0.00147516
2007-07-10;-0.00166408;-0.00153230
2007-07-11;-0.00001260;0.00011918
2007-07-12;0.00412417;0.00425650
2007-07-13;0.00219932;0.00233165
2007-07-16;0.00090522;0.00130303
2007-07-17;0.00113728;0.00126933
2007-07-18;-0.00154378;-0.00141172
2007-07-19;0.00163860;0.00177120
2007-07-20;-0.00233634;-0.00220402
2007-07-23;0.00015585;0.00055694
2007-07-24;-0.00241764;-0.00228394
2007-07-25;-0.00425229;-0.00411941
2007-07-26;-0.00586422;-0.00573327
2007-07-27;-0.01063136;-0.01050205
2007-07-30;-0.00143384;-0.00103767
2007-07-31;0.00256727;0.00269932
2007-08-01;-0.00074534;-0.00061520
2007-08-02;0.00046557;0.00059571
2007-08-03;0.00350520;0.00363452
2007-08-06;-0.00042881;-0.00003922
2007-08-07;-0.00272922;-0.00259771
2007-08-08;0.00273575;0.00286753
2007-08-09;-0.00419939;-0.00407144
2007-08-10;-0.00059883;-0.00047719
2007-08-13;-0.00276849;-0.00238958
2007-08-14;-0.00309931;-0.00297574
2007-08-15;-0.00413611;-0.00402378
2007-08-16;-0.00650882;-0.00640772
2007-08-17;0.00543810;0.00553810
2007-08-20;-0.00013740;0.00011575
2007-08-21;-0.00002553;0.00007063
2007-08-22;0.00157117;0.00166925
2007-08-23;0.00150999;0.00161383
2007-08-24;0.00397561;0.00408876
2007-08-27;0.00014213;0.00051199
2007-08-28;-0.00141679;-0.00129953
2007-08-29;0.00192647;0.00203277
2007-08-30;-0.00116281;-0.00106035
2007-08-31;-0.00073633;-0.00062921
2007-09-03;-0.00008301;0.00023836
2007-09-04;0.00071687;0.00083605
2007-09-05;0.00084017;0.00095633
2007-09-06;0.00075458;0.00086910
2007-09-07;0.00059060;0.00069909
2007-09-10;0.00074397;0.00106123
2007-09-11;0.00122240;0.00133199
2007-09-12;0.00019176;0.00029943
2007-09-13;-0.00047856;-0.00036979
2007-09-14;-0.00106069;-0.00095384
2007-09-17;-0.00036527;-0.00003239
2007-09-18;0.00158170;0.00168882
2007-09-19;0.00002497;0.00012990
2007-09-20;0.00279386;0.00289496
2007-09-21;-0.00093015;-0.00083042
2007-09-24;0.00046920;0.00077824
2007-09-25;0.00080003;0.00090140
2007-09-26;-0.00108940;-0.00098968
2007-09-27;0.00011049;0.00020967
2007-09-28;0.00149028;0.00159220
2007-10-01;0.00160048;0.00191528
2007-10-02;-0.00480145;-0.00469569
2007-10-03;-0.00132899;-0.00122324
2007-10-04;0.00111374;0.00121922
2007-10-05;0.00412916;0.00423573
2007-10-08;-0.00124938;-0.00092965
2007-10-09;-0.00118802;-0.00107953
2007-10-10;0.00228776;0.00239598
2007-10-11;0.00175267;0.00186254
2007-10-12;-0.00054136;-0.00042931
2007-10-15;0.00067735;0.00102173
2007-10-16;-0.00313184;-0.00301841
2007-10-17;0.00253938;0.00264651
2007-10-18;0.00377213;0.00387241
2007-10-19;-0.00197112;-0.00186838
2007-10-22;-0.00586085;-0.00554030
2007-10-23;0.00663436;0.00674066
2007-10-24;-0.00023839;-0.00013565
2007-10-25;0.00242852;0.00253372
2007-10-26;0.00612984;0.00623560
2007-10-29;0.00205794;0.00237931
2007-10-30;-0.00001507;0.00009068
2007-10-31;0.00380621;0.00391142
2007-11-01;-0.00392699;-0.00382535
2007-11-02;0.00460021;0.00469665
2007-11-05;0.00030258;0.00060012
2007-11-06;0.00635493;0.00645520
2007-11-07;0.00373997;0.00383312
2007-11-08;0.00010993;0.00020034
2007-11-09;-0.00318909;-0.00310170
2007-11-12;-0.00806094;-0.00779875
2007-11-13;-0.00316422;-0.00307079
2007-11-14;0.00055307;0.00064430
2007-11-15;-0.00727656;-0.00718834
2007-11-16;0.00195778;0.00204874
2007-11-19;-0.00404721;-0.00377434
2007-11-20;0.00552175;0.00560860
2007-11-21;-0.00066628;-0.00058354
2007-11-22;0.00021162;0.00029436
2007-11-23;0.00496102;0.00504733
2007-11-26;-0.00112977;-0.00087826
2007-11-27;-0.00283264;-0.00274826
2007-11-28;0.00083510;0.00091674
2007-11-29;-0.00081980;-0.00073980
2007-11-30;-0.00473727;-0.00465289
2007-12-03;0.00004381;0.00028956
2007-12-04;0.00258159;0.00266378
2007-12-05;-0.00268955;-0.00260736
2007-12-06;-0.00077442;-0.00069168
2007-12-07;-0.00042387;-0.00034059
2007-12-10;0.00165409;0.00189903
2007-12-11;-0.00178552;-0.00170689
2007-12-12;0.00012548;0.00020247
2007-12-13;-0.00252670;-0.00244999
2007-12-14;-0.00424735;-0.00417036
2007-12-17;-0.00068099;-0.00043359
2007-12-18;0.00057014;0.00065178
2007-12-19;-0.00086720;-0.00078912
2007-12-20;0.00074670;0.00082479
2007-12-21;0.00020086;0.00028086
2007-12-24;0.00055838;0.00082633
2007-12-25;-0.00879931;-0.00870999
2007-12-26;0.00230034;0.00238911
2007-12-27;0.00215706;0.00224171
2007-12-28;0.00407943;0.00416436
2007-12-31;-0.00186078;-0.00159036
2008-01-02;0.00254401;0.00271826
2008-01-03;0.00102862;0.00111519
2008-01-04;0.00059790;0.00068338
2008-01-07;-0.00138127;-0.00111908
2008-01-08;0.00297111;0.00305795
2008-01-09;-0.00143291;-0.00134688
2008-01-10;0.00084273;0.00092930
2008-01-11;0.00091799;0.00100073
2008-01-14;0.00065384;0.00090946
2008-01-15;-0.00020068;-0.00011602
2008-01-16;-0.00288018;-0.00279634
2008-01-17;-0.00040868;-0.00032649
2008-01-18;-0.00008993;-0.00001349
2008-01-21;-0.02300949;-0.02278017
2008-01-22;0.00173455;0.00179756
2008-01-23;-0.00362118;-0.00356200
2008-01-24;0.00552172;0.00558528
2008-01-25;-0.00040023;-0.00033859
2008-01-28;0.00208724;0.00227546
2008-01-29;0.00000544;0.00006654
2008-01-30;0.00000441;0.00006359
2008-01-31;-0.00061237;-0.00055977
2008-02-01;-0.00116741;-0.00111097
2008-02-04;-0.00143408;-0.00125161
2008-02-05;-0.00220970;-0.00215107
2008-02-06;0.00292792;0.00298408
2008-02-07;-0.00172531;-0.00166723
2008-02-08;0.00111947;0.00117919
2008-02-11;0.00142692;0.00161185
2008-02-12;-0.00121507;-0.00115343
2008-02-13;-0.00219171;-0.00213088
2008-02-14;0.00101054;0.00107246
2008-02-15;0.00082629;0.00088547
2008-02-18;-0.00142340;-0.00124586
2008-02-19;0.00246908;0.00253018
2008-02-20;-0.00035902;-0.00029874
2008-02-21;0.00284775;0.00290665
2008-02-22;0.00149865;0.00155756
2008-02-25;-0.00281602;-0.00263931
2008-02-26;0.00172592;0.00178318
2008-02-27;0.00553917;0.00559232
2008-02-28;0.00320699;0.00325795
2008-02-29;0.00450411;0.00455370
2008-03-03;0.00187012;0.00200738
2008-03-04;-0.00196038;-0.00191572
2008-03-05;0.00246795;0.00250904
2008-03-06;0.00192347;0.00196100
2008-03-07;0.00035633;0.00039523
2008-03-10;0.00059240;0.00070171
2008-03-11;-0.00387956;-0.00383983
2008-03-12;0.00348238;0.00352211
2008-03-13;0.00495293;0.00498937
2008-03-14;0.00270965;0.00274143
2008-03-17;0.00457406;0.00466364
2008-03-18;-0.00490240;-0.00487747
2008-03-19;-0.00692356;-0.00690712
2008-03-20;-0.01231791;-0.01230093
2008-03-21;0.00052946;0.00054644
2008-03-24;-0.00374122;-0.00364012
2008-03-25;0.00490379;0.00493859
2008-03-26;0.00563342;0.00566821
2008-03-27;0.00134419;0.00137926
2008-03-28;-0.00224485;-0.00220896
2008-03-31;-0.00282386;-0.00271208
2008-04-01;-0.00680571;-0.00676790
2008-04-02;-0.00180664;-0.00176856
2008-04-03;0.00067305;0.00071086
2008-04-04;0.00114381;0.00118025
2008-04-07;-0.00123499;-0.00111745
2008-04-08;0.00082860;0.00086669
2008-04-09;0.00309641;0.00313176
2008-04-10;-0.00054310;-0.00050885
2008-04-11;0.00146163;0.00149369
2008-04-14;0.00130286;0.00139081
2008-04-15;-0.00085484;-0.00082498
2008-04-16;-0.00044782;-0.00041741
2008-04-17;-0.00163628;-0.00160313
2008-04-18;-0.00653797;-0.00650180
2008-04-21;0.00240593;0.00251525
2008-04-22;0.00279934;0.00283386
2008-04-23;-0.00237687;-0.00234290
2008-04-24;-0.00402624;-0.00399227
2008-04-25;-0.00131008;-0.00127419
2008-04-28;-0.00008516;0.00003155
2008-04-29;0.00020880;0.00024825
2008-04-30;-0.00178229;-0.00174366
2008-05-01;0.00073717;0.00077607
2008-05-02;-0.00007671;-0.00003643
2008-05-05;0.00048995;0.00061406
2008-05-06;0.00083640;0.00088024
2008-05-07;-0.00115752;-0.00111259
2008-05-08;0.00010663;0.00015129
2008-05-09;0.00000825;0.00005373
2008-05-12;0.00082687;0.00096988
2008-05-13;0.00032231;0.00037162
2008-05-14;-0.00056916;-0.00052012
2008-05-15;0.00112762;0.00117693
2008-05-16;0.00092479;0.00097438
2008-05-19;-0.00042487;-0.00027775
2008-05-20;-0.00027364;-0.00022350
2008-05-21;-0.00044800;-0.00039786
2008-05-22;-0.00072322;-0.00067309
2008-05-23;0.00005978;0.00010964
2008-05-26;-0.00112512;-0.00097553
2008-05-27;0.00091190;0.00096286
2008-05-28;-0.00012879;-0.00007783
2008-05-29;0.00048800;0.00053923
2008-05-30;0.00011810;0.00016878
2008-06-02;-0.00039400;-0.00024441
2008-06-03;-0.00074120;-0.00069133
2008-06-04;0.00104572;0.00109531
2008-06-05;0.00056285;0.00061271
2008-06-06;-0.00099245;-0.00094286
2008-06-09;-0.00130524;-0.00115237
2008-06-10;-0.00110940;-0.00105515
2008-06-11;-0.00065524;-0.00060264
2008-06-12;-0.00098301;-0.00092931
2008-06-13;0.00096814;0.00102157
2008-06-16;0.00087463;0.00104230
2008-06-17;0.00043439;0.00048808
2008-06-18;-0.00034800;-0.00029622
2008-06-19;0.00024379;0.00029502
2008-06-20;-0.00110577;-0.00105563
2008-06-23;-0.00082272;-0.00067067
2008-06-24;0.00007984;0.00012915
2008-06-25;0.00044627;0.00049504
2008-06-26;-0.00153015;-0.00148358
2008-06-27;-0.00000519;0.00003974
2008-06-30;-0.00094752;-0.00079382
2008-07-01;0.00170754;0.00175795
2008-07-02;0.00399454;0.00404359
2008-07-03;-0.00254360;-0.00249401
2008-07-04;0.00415136;0.00420095
2008-07-07;-0.00269480;-0.00254356
2008-07-08;-0.00092220;-0.00087206
2008-07-09;0.00333107;0.00338011
2008-07-10;0.00107193;0.00111686
2008-07-11;0.00510689;0.00515017
2008-07-14;0.00204957;0.00217286
2008-07-15;0.00247345;0.00251099
2008-07-16;-0.00456606;-0.00452908
2008-07-17;-0.00144481;-0.00140645
2008-07-18;-0.00169951;-0.00165978
2008-07-21;0.00070547;0.00082547
2008-07-22;-0.00330817;-0.00326653
2008-07-23;-0.00443681;-0.00439407
2008-07-24;0.00068356;0.00072794
2008-07-25;-0.00014183;-0.00009498
2008-07-28;0.00291953;0.00305925
2008-07-29;-0.00456841;-0.00452210
2008-07-30;-0.00285800;-0.00281225
2008-07-31;0.00130866;0.00135386
2008-08-01;0.00101716;0.00106182
2008-08-04;0.00176731;0.00190868
2008-08-05;-0.00358231;-0.00353519
2008-08-06;-0.00154518;-0.00150107
2008-08-07;0.00136477;0.00140943
2008-08-08;-0.00227409;-0.00222834
2008-08-11;-0.00262002;-0.00246879
2008-08-12;0.00032301;0.00037315
2008-08-13;0.00175554;0.00180541
2008-08-14;-0.00086680;-0.00081612
2008-08-15;-0.00154477;-0.00149518
2008-08-18;0.00108987;0.00123699
2008-08-19;0.00212913;0.00217762
2008-08-20;-0.00012454;-0.00007851
2008-08-21;0.00031966;0.00036596
2008-08-22;-0.00065806;-0.00061231
2008-08-25;0.00044587;0.00058641
2008-08-26;0.00034896;0.00039498
2008-08-27;-0.00034298;-0.00029804
2008-08-28;-0.00065834;-0.00061149
2008-08-29;0.00046066;0.00050696
2008-09-01;0.00422684;0.00436574
2008-09-02;0.00425878;0.00430508
2008-09-03;-0.00035628;-0.00031052
2008-09-04;0.00365470;0.00370017
2008-09-05;0.00295917;0.00300437
2008-09-08;-0.00029349;-0.00015458
2008-09-09;0.00085493;0.00089959
2008-09-10;0.00311746;0.00316184
2008-09-11;0.00197268;0.00201597
2008-09-12;-0.00617704;-0.00613704
2008-09-15;0.00186954;0.00195420
2008-09-16;0.00409548;0.00411849
2008-09-17;-0.00018208;-0.00018126
2008-09-18;-0.00512911;-0.00512281
2008-09-19;-0.00700262;-0.00697605
2008-09-22;-0.00394519;-0.00383916
2008-09-23;0.00019879;0.00022098
2008-09-24;0.00044891;0.00046261
2008-09-25;-0.00023348;-0.00021293
2008-09-26;0.00133225;0.00135581
2008-09-29;0.00771199;0.00779089
2008-09-30;0.00581162;0.00583628
2008-10-01;-0.00025812;-0.00023511
2008-10-02;0.00823094;0.00824792
2008-10-03;-0.00010837;-0.00009467
2008-10-06;0.01417053;0.01421492
2008-10-07;0.00136884;0.00139104
2008-10-08;0.00987375;0.00989211
2008-10-09;0.00185457;0.00187046
2008-10-10;0.01285739;0.01286397
2008-10-13;-0.02258278;-0.02256306
2008-10-14;-0.01230681;-0.01229749
2008-10-15;0.00958566;0.00959169
2008-10-16;0.00632412;0.00633645
2008-10-17;-0.00394688;-0.00392496
2008-10-20;-0.00216029;-0.00205837
2008-10-21;0.00462156;0.00465142
2008-10-22;0.01236955;0.01239777
2008-10-23;0.00083140;0.00085770
2008-10-24;0.01496527;0.01498883
2008-10-27;0.00598216;0.00605120
2008-10-28;-0.01240855;-0.01238773
2008-10-29;-0.01448227;-0.01446556
2008-10-30;-0.00466827;-0.00465731
2008-10-31;0.00251142;0.00252347
2008-11-03;-0.00182105;-0.00178078
2008-11-04;-0.00832841;-0.00831526
2008-11-05;0.00199710;0.00200778
2008-11-06;0.00817455;0.00818305
2008-11-07;-0.00045958;-0.00045136
2008-11-10;-0.00031162;-0.00028779
2008-11-11;0.00519638;0.00520432
2008-11-12;0.00822122;0.00822616
2008-11-13;0.00152167;0.00152743
2008-11-14;-0.00401637;-0.00401254
2008-11-17;0.00114881;0.00115867
2008-11-18;0.00010415;0.00010744
2008-11-19;0.00445128;0.00445320
2008-11-20;0.00761083;0.00761165
2008-11-21;-0.00355442;-0.00355387
2008-11-24;-0.01320578;-0.01319509
2008-11-25;-0.00164007;-0.00163733
2008-11-26;0.00193258;0.00193395
2008-11-27;-0.00361479;-0.00361342
2008-11-28;0.00004232;0.00004259
2008-12-01;0.00441052;0.00441627
2008-12-02;-0.00149577;-0.00149413
2008-12-03;0.00007370;0.00007424
2008-12-04;-0.00007797;-0.00007742
2008-12-05;0.00207286;0.00207340
2008-12-08;-0.00485078;-0.00484832
2008-12-09;0.00070417;0.00070499
2008-12-10;-0.00126365;-0.00126365
2008-12-11;-0.00011895;-0.00011867
2008-12-12;0.00062040;0.00062094
2008-12-15;-0.00200881;-0.00200553
2008-12-16;-0.00236553;-0.00236444
2008-12-17;-0.00261939;-0.00261802
2008-12-18;-0.00012480;-0.00012480
2008-12-19;0.00312595;0.00312650
2008-12-22;-0.00042142;-0.00042060
2008-12-23;-0.00027635;-0.00027580
2008-12-24;-0.00020103;-0.00020103
2008-12-25;-0.00042505;-0.00042505
2008-12-26;-0.00060632;-0.00060550
2008-12-29;-0.00146479;-0.00145986
2008-12-30;0.00036674;0.00036948
2008-12-31;-0.00042907;-0.00042606
2009-01-02;-0.00093056;-0.00092617
2009-01-05;-0.00293604;-0.00292454
2009-01-06;-0.00125742;-0.00125358
2009-01-07;-0.00002748;-0.00002446
2009-01-08;0.00141152;0.00141399
2009-01-09;0.00005799;0.00005990
2009-01-12;0.00133881;0.00134867
2009-01-13;0.00073225;0.00073526
2009-01-14;0.00041333;0.00041662
2009-01-15;0.00018996;0.00019298
2009-01-16;-0.00031365;-0.00031036
2009-01-19;0.00022191;0.00023177
2009-01-20;0.00207406;0.00207762
2009-01-21;0.00125963;0.00126264
2009-01-22;-0.00077233;-0.00076960
2009-01-23;0.00095934;0.00096235
2009-01-26;-0.00080176;-0.00078943
2009-01-27;-0.00063744;-0.00063388
2009-01-28;-0.00157050;-0.00156529
2009-01-29;0.00057983;0.00058613
2009-01-30;0.00046824;0.00047481
2009-02-02;-0.00017533;-0.00015314
2009-02-03;-0.00200459;-0.00199583
2009-02-04;-0.00010364;-0.00009542
2009-02-05;-0.00103229;-0.00102434
2009-02-06;-0.00202577;-0.00201809
2009-02-09;-0.00146557;-0.00143927
2009-02-10;0.00386615;0.00387464
2009-02-11;0.00133802;0.00134624
2009-02-12;0.00090176;0.00090971
2009-02-13;-0.00116069;-0.00115275
2009-02-16;0.00121538;0.00123921
2009-02-17;0.00381766;0.00382642
2009-02-18;-0.00028106;-0.00027257
2009-02-19;-0.00035485;-0.00034663
2009-02-20;0.00180533;0.00181272
2009-02-23;0.00046049;0.00048515
2009-02-24;-0.00258050;-0.00257173
2009-02-25;-0.00003634;-0.00002812
2009-02-26;-0.00156080;-0.00155340
2009-02-27;0.00188339;0.00189052
2009-03-02;0.00540450;0.00542752
2009-03-03;-0.00021028;-0.00020288
2009-03-04;-0.00382784;-0.00382072
2009-03-05;0.00335172;0.00335720
2009-03-06;0.00068493;0.00069041
2009-03-09;0.00250129;0.00252019
2009-03-10;-0.00652074;-0.00651417
2009-03-11;-0.00124268;-0.00123638
2009-03-12;-0.00052441;-0.00051866
2009-03-13;-0.00286891;-0.00286371
2009-03-16;-0.00163977;-0.00162004
2009-03-17;-0.00166099;-0.00165441
2009-03-18;-0.00210655;-0.00210080
2009-03-19;-0.00596237;-0.00595689
2009-03-20;0.00254001;0.00254577
2009-03-23;-0.00479364;-0.00477556
2009-03-24;-0.00110427;-0.00109852
2009-03-25;-0.00006900;-0.00006379
2009-03-26;-0.00120233;-0.00119822
2009-03-27;0.00274910;0.00275266
2009-03-30;0.00543940;0.00545419
2009-03-31;-0.00190705;-0.00190130
2009-04-01;-0.00026342;-0.00025739
2009-04-02;-0.00219983;-0.00219380
2009-04-03;0.00003451;0.00004026
2009-04-06;0.00052518;0.00054162
2009-04-07;0.00000304;0.00000852
2009-04-08;0.00018606;0.00019099
2009-04-09;-0.00032883;-0.00032390
2009-04-10;-0.00018801;-0.00018308
2009-04-13;-0.00114563;-0.00113083
2009-04-14;-0.00027374;-0.00026908
2009-04-15;0.00015314;0.00015725
2009-04-16;0.00022095;0.00022451
2009-04-17;0.00048632;0.00049016
2009-04-20;0.00114191;0.00115342
2009-04-21;-0.00022679;-0.00022268
2009-04-22;-0.00013436;-0.00013053
2009-04-23;-0.00046954;-0.00046680
2009-04-24;-0.00122790;-0.00122516
2009-04-27;0.00024284;0.00025352
2009-04-28;0.00095578;0.00095934
2009-04-29;-0.00175962;-0.00175661
2009-04-30;0.00008127;0.00008511
2009-05-01;0.00030771;0.00031182
2009-05-04;0.00087187;0.00088748
2009-05-05;-0.00000598;-0.00000077
2009-05-06;-0.00005536;-0.00005016
2009-05-07;0.00004536;0.00005029
2009-05-08;0.00096870;0.00097363
2009-05-11;0.00048401;0.00049963
2009-05-12;-0.00030386;-0.00029866
2009-05-13;-0.00058301;-0.00057835
2009-05-14;-0.00006948;-0.00006510
2009-05-15;-0.00013223;-0.00012757
2009-05-18;0.00055964;0.00057526
2009-05-19;0.00097640;0.00098133
2009-05-20;0.00084980;0.00085473
2009-05-21;-0.00055369;-0.00054848
2009-05-22;0.00093299;0.00093793
2009-05-25;0.00061416;0.00062895
2009-05-26;0.00061396;0.00061889
2009-05-27;-0.00003095;-0.00002629
2009-05-28;-0.00046367;-0.00045956
2009-05-29;0.00119279;0.00119662
2009-06-01;0.00109830;0.00110898
2009-06-02;0.00123372;0.00123756
2009-06-03;-0.00184348;-0.00183964
2009-06-04;0.00007912;0.00008296
2009-06-05;-0.00268617;-0.00268096
2009-06-08;-0.00154725;-0.00153163
2009-06-09;0.00189052;0.00189573
2009-06-10;-0.00003446;-0.00002953
2009-06-11;0.00163905;0.00164426
2009-06-12;-0.00172538;-0.00172045
2009-06-15;-0.00303490;-0.00302093
2009-06-16;0.00136376;0.00136842
2009-06-17;0.00000793;0.00001259
2009-06-18;0.00027391;0.00027884
2009-06-19;0.00071925;0.00072418
2009-06-22;-0.00271275;-0.00269632
2009-06-23;0.00078499;0.00079047
2009-06-24;0.00107391;0.00107912
2009-06-25;-0.00050919;-0.00050426
2009-06-26;0.00135719;0.00136240
2009-06-29;-0.00031092;-0.00029448
2009-06-30;-0.00132901;-0.00132381
2009-07-01;-0.00093712;-0.00093246
2009-07-02;0.00157663;0.00158129
2009-07-03;-0.00015214;-0.00014748
2009-07-06;0.00056815;0.00058376
2009-07-07;-0.00020865;-0.00020344
2009-07-08;0.00179929;0.00180422
2009-07-09;-0.00048588;-0.00048067
2009-07-10;0.00097534;0.00098027
2009-07-13;-0.00128037;-0.00126558
2009-07-14;-0.00040506;-0.00040013
2009-07-15;-0.00180088;-0.00179595
2009-07-16;0.00032483;0.00033004
2009-07-17;-0.00043933;-0.00043467
2009-07-20;-0.00094670;-0.00093108
2009-07-21;0.00098036;0.00098557
2009-07-22;-0.00049850;-0.00049330
2009-07-23;-0.00107313;-0.00106792
2009-07-24;-0.00001787;-0.00001294
2009-07-27;-0.00033784;-0.00032222
2009-07-28;0.00035094;0.00035615
2009-07-29;0.00035484;0.00036005
2009-07-30;-0.00077715;-0.00077221
2009-07-31;0.00040020;0.00040514
2009-08-03;0.00154529;0.00156091
2009-08-04;0.00057594;0.00058087
2009-08-05;-0.00043174;-0.00042681
2009-08-06;-0.00103898;-0.00103432
2009-08-07;-0.00197998;-0.00197505
2009-08-10;-0.00103544;-0.00101982
2009-08-11;0.00005995;0.00006489
2009-08-12;0.00110100;0.00110566
2009-08-13;0.00161290;0.00161756
2009-08-14;-0.00085055;-0.00084562
2009-08-17;-0.00319025;-0.00317546
2009-08-18;0.00031093;0.00031586
2009-08-19;0.00204449;0.00204915
2009-08-20;0.00027644;0.00028110
2009-08-21;0.00156558;0.00157024
2009-08-24;0.00011281;0.00012679
2009-08-25;0.00050010;0.00050475
2009-08-26;-0.00138810;-0.00138399
2009-08-27;0.00054646;0.00055057
2009-08-28;0.00191565;0.00191976
2009-08-31;-0.00037871;-0.00036638
2009-09-01;-0.00147721;-0.00147337
2009-09-02;-0.00026384;-0.00026000
2009-09-03;0.00018312;0.00018723
2009-09-04;0.00017607;0.00017991
2009-09-07;0.00192214;0.00193365
2009-09-08;0.00162131;0.00162514
2009-09-09;0.00097307;0.00097690
2009-09-10;0.00030044;0.00030428
2009-09-11;0.00089370;0.00089753
2009-09-14;0.00012279;0.00013429
2009-09-15;0.00046984;0.00047340
2009-09-16;0.00076027;0.00076301
2009-09-17;0.00025884;0.00026158
2009-09-18;0.00076858;0.00077078
2009-09-21;-0.00057164;-0.00056260
2009-09-22;0.00085358;0.00085659
2009-09-23;-0.00097019;-0.00096717
2009-09-24;0.00122756;0.00123030
2009-09-25;0.00082543;0.00082817
2009-09-28;0.00092369;0.00093273
2009-09-29;-0.00156646;-0.00156289
2009-09-30;0.00025081;0.00025464
2009-10-01;-0.00461420;-0.00461146
2009-10-02;0.00043834;0.00044108
2009-10-05;0.00332828;0.00333486
2009-10-06;0.00706811;0.00707030
2009-10-07;-0.00078511;-0.00078264
2009-10-08;0.00357906;0.00358070
2009-10-09;-0.00135573;-0.00135381
2009-10-12;0.00226225;0.00226800
2009-10-13;0.00198845;0.00199037
2009-10-14;0.00248219;0.00248411
2009-10-15;-0.00269447;-0.00269255
2009-10-16;-0.00264344;-0.00264152
2009-10-19;0.00298074;0.00298732
2009-10-20;-0.00155362;-0.00155143
2009-10-21;0.00121734;0.00121926
2009-10-22;-0.00114687;-0.00114523
2009-10-23;0.00053623;0.00053815
2009-10-26;-0.00418046;-0.00417389
2009-10-27;-0.00354111;-0.00353892
2009-10-28;-0.00358523;-0.00358331
2009-10-29;0.00384591;0.00384755
2009-10-30;-0.00398224;-0.00398087
2009-11-02;0.00275496;0.00275989
2009-11-03;-0.00026384;-0.00026220
2009-11-04;0.00317131;0.00317268
2009-11-05;0.00251980;0.00252089
2009-11-06;0.00090771;0.00090935
2009-11-09;0.00528708;0.00529283
2009-11-10;-0.00045291;-0.00045099
2009-11-11;0.00230182;0.00230374
2009-11-12;-0.00302267;-0.00302076
2009-11-13;0.00239490;0.00239655
2009-11-16;0.00438571;0.00439146
2009-11-17;-0.00270973;-0.00270809
2009-11-18;0.00231472;0.00231582
2009-11-19;-0.00315365;-0.00315310
2009-11-20;-0.00095405;-0.00095350
2009-11-23;0.00462153;0.00462564
2009-11-24;-0.00088411;-0.00088274
2009-11-25;0.00477045;0.00477182
2009-11-26;0.00291007;0.00291144
2009-11-27;-0.00493691;-0.00493609
2009-11-30;0.00117199;0.00117692
2009-12-01;0.00685408;0.00685572
2009-12-02;-0.00017465;-0.00017328
2009-12-03;-0.00278545;-0.00278380
2009-12-04;-0.00735207;-0.00735043
2009-12-07;-0.00236210;-0.00235881
2009-12-08;-0.00456147;-0.00456065
2009-12-09;-0.00130323;-0.00130240
2009-12-10;0.00171245;0.00171300
2009-12-11;-0.00378858;-0.00378776
2009-12-14;0.00316145;0.00316474
2009-12-15;-0.00421559;-0.00421422
2009-12-16;0.00346644;0.00346754
2009-12-17;-0.01020215;-0.01020105
2009-12-18;0.00139341;0.00139478
2009-12-21;0.00047240;0.00047897
2009-12-22;-0.00250126;-0.00249906
2009-12-23;0.00378590;0.00378782
2009-12-24;0.00167218;0.00167355
2009-12-25;0.00064419;0.00064556
2009-12-28;0.00199023;0.00199927
2009-12-29;-0.00195772;-0.00195498
2009-12-30;-0.00219603;-0.00219466
2009-12-31;0.00039969;0.00040133
2010-01-04;0.00313880;0.00314756
2010-01-05;-0.00068049;-0.00067857
2010-01-06;0.00155612;0.00155777
2010-01-07;0.00032708;0.00032845
2010-01-08;0.00104670;0.00104807
2010-01-11;-0.00004000;-0.00003671
2010-01-12;-0.00302186;-0.00302049
2010-01-13;0.00155194;0.00155358
2010-01-14;0.00111189;0.00111326
2010-01-15;-0.00245546;-0.00245381
2010-01-18;-0.00121014;-0.00120521
2010-01-19;0.00224374;0.00224538
2010-01-20;-0.00371970;-0.00371833
2010-01-21;-0.00303354;-0.00303190
2010-01-22;-0.00519080;-0.00518916
2010-01-25;0.00000660;0.00001153
2010-01-26;-0.00175137;-0.00174945
2010-01-27;-0.00016704;-0.00016484
2010-01-28;-0.00135630;-0.00135411
2010-01-29;-0.00231332;-0.00231113
2010-02-01;0.00027369;0.00028190
2010-02-02;0.00042421;0.00042695
2010-02-03;-0.00009129;-0.00008855
2010-02-04;-0.00005489;-0.00005242
2010-02-05;0.00080289;0.00080563
2010-02-08;-0.00063598;-0.00062611
2010-02-09;-0.00009079;-0.00008750
2010-02-10;0.00004545;0.00004846
2010-02-11;0.00019340;0.00019642
2010-02-12;-0.00004893;-0.00004619
2010-02-15;0.00074813;0.00075634
2010-02-16;-0.00039201;-0.00038927
2010-02-17;0.00034658;0.00034932
2010-02-18;0.00013397;0.00013671
2010-02-19;-0.00008351;-0.00008049
2010-02-22;-0.00058476;-0.00057571
2010-02-23;0.00027159;0.00027488
2010-02-24;0.00028635;0.00028963
2010-02-25;0.00082926;0.00083282
2010-02-26;-0.00127993;-0.00127637
2010-03-01;0.00237961;0.00239029
2010-03-02;0.00140918;0.00141302
2010-03-03;-0.00036911;-0.00036527
2010-03-04;0.00045454;0.00045838
2010-03-05;0.00048963;0.00049374
2010-03-08;0.00005033;0.00006348
2010-03-09;0.00060864;0.00061302
2010-03-10;-0.00044423;-0.00044012
2010-03-11;-0.00004595;-0.00004157
2010-03-12;-0.00004046;-0.00003635
2010-03-15;0.00028693;0.00030091
2010-03-16;0.00045602;0.00046040
2010-03-17;0.00046142;0.00046553
2010-03-18;0.00027784;0.00028222
2010-03-19;-0.00010277;-0.00009838
2010-03-22;-0.00036533;-0.00035300
2010-03-23;0.00029079;0.00029462
2010-03-24;-0.00036587;-0.00036204
2010-03-25;0.00072882;0.00073266
2010-03-26;-0.00040526;-0.00040143
2010-03-29;0.00052929;0.00054162
2010-03-30;-0.00001284;-0.00000846
2010-03-31;-0.00063929;-0.00063490
2010-04-01;0.00358329;0.00358768
2010-04-02;-0.00061265;-0.00060827
2010-04-05;0.00275569;0.00277048
2010-04-06;0.00015886;0.00016352
2010-04-07;-0.00008337;-0.00007871
2010-04-08;-0.00077048;-0.00076582
2010-04-09;0.00205327;0.00205766
2010-04-12;0.00040398;0.00041713
2010-04-13;-0.00090584;-0.00090145
2010-04-14;0.00355518;0.00355956
2010-04-15;-0.00004352;-0.00003914
2010-04-16;-0.00656861;-0.00656423
2010-04-19;-0.00179198;-0.00177883
2010-04-20;0.00492275;0.00492714
2010-04-21;0.00099469;0.00099880
2010-04-22;-0.00148319;-0.00147880
2010-04-23;0.00170408;0.00170846
2010-04-26;0.00195528;0.00196843
2010-04-27;-0.00661350;-0.00660912
2010-04-28;-0.00039621;-0.00039183
2010-04-29;0.00441252;0.00441717
2010-04-30;-0.00165579;-0.00165141
2010-05-03;0.00245123;0.00246520
2010-05-04;-0.00747128;-0.00746689
2010-05-05;-0.00104693;-0.00104282
2010-05-06;-0.00619931;-0.00619629
2010-05-07;-0.00220178;-0.00219822
2010-05-10;0.00878735;0.00880051
2010-05-11;0.00155034;0.00155472
2010-05-12;0.00337371;0.00337809
2010-05-13;-0.00136895;-0.00136457
2010-05-14;-0.00470209;-0.00469771
2010-05-17;-0.00185881;-0.00184566
2010-05-18;-0.00193898;-0.00193432
2010-05-19;-0.00684046;-0.00683580
2010-05-20;-0.00838411;-0.00837945
2010-05-21;0.00108075;0.00108541
2010-05-24;0.00085003;0.00086400
2010-05-25;-0.00289482;-0.00289016
2010-05-26;0.00265574;0.00266040
2010-05-27;0.00707818;0.00708284
2010-05-28;-0.00083782;-0.00083344
2010-05-31;0.00029278;0.00030593
2010-06-01;0.00061657;0.00062095
2010-06-02;0.00012039;0.00012477
2010-06-03;-0.00123499;-0.00123116
2010-06-04;0.00279729;0.00280113
2010-06-07;0.00223687;0.00224673
2010-06-08;-0.00042075;-0.00041746
2010-06-09;-0.00262552;-0.00262278
2010-06-10;-0.00172677;-0.00172403
2010-06-11;0.00144959;0.00145179
2010-06-14;-0.00418392;-0.00417817
2010-06-15;-0.00018813;-0.00018566
2010-06-16;-0.00098784;-0.00098510
2010-06-17;0.00031618;0.00031865
2010-06-18;0.00034559;0.00034860
2010-06-21;-0.00227937;-0.00226951
2010-06-22;0.00058713;0.00059070
2010-06-23;-0.00019545;-0.00019189
2010-06-24;0.00074746;0.00075102
2010-06-25;-0.00050879;-0.00050523
2010-06-28;-0.00206676;-0.00205278
2010-06-29;0.00132887;0.00133298
2010-06-30;0.00034745;0.00035238
2010-07-01;-0.00169359;-0.00168893
2010-07-02;-0.00026162;-0.00025696
2010-07-05;-0.00125254;-0.00123857
2010-07-06;-0.00096542;-0.00096077
2010-07-07;0.00043255;0.00043694
2010-07-08;-0.00247962;-0.00247552
2010-07-09;0.00028205;0.00028643
2010-07-12;-0.00057882;-0.00056567
2010-07-13;0.00063233;0.00063644
2010-07-14;-0.00178761;-0.00178350
2010-07-15;0.00160874;0.00161285
2010-07-16;0.00084208;0.00084619
2010-07-19;-0.00118716;-0.00117318
2010-07-20;0.00041543;0.00041981
2010-07-21;0.00078319;0.00078758
2010-07-22;0.00041293;0.00041731
2010-07-23;-0.00211009;-0.00210571
2010-07-26;-0.00076368;-0.00075053
2010-07-27;-0.00290629;-0.00290218
2010-07-28;-0.00087163;-0.00086752
2010-07-29;0.00211693;0.00212104
2010-07-30;0.00181781;0.00182192
2010-08-02;0.00156034;0.00157350
2010-08-03;0.00028709;0.00029148
2010-08-04;-0.00044239;-0.00043801
2010-08-05;0.00041630;0.00042041
2010-08-06;0.00062259;0.00062670
2010-08-09;-0.00044849;-0.00043616
2010-08-10;-0.00166644;-0.00166233
2010-08-11;-0.00065495;-0.00065084
2010-08-12;0.00013349;0.00013787
2010-08-13;-0.00071910;-0.00071499
2010-08-16;0.00179638;0.00180953
2010-08-17;0.00035862;0.00036328
2010-08-18;0.00035523;0.00035961
2010-08-19;-0.00059453;-0.00059014
2010-08-20;-0.00108775;-0.00108365
2010-08-23;0.00029790;0.00031105
2010-08-24;0.00036608;0.00037046
2010-08-25;-0.00046037;-0.00045599
2010-08-26;0.00021498;0.00021937
2010-08-27;-0.00014169;-0.00013758
2010-08-30;-0.00021193;-0.00020043
2010-08-31;0.00111295;0.00111679
2010-09-01;-0.00256154;-0.00255798
2010-09-02;0.00070262;0.00070646
2010-09-03;-0.00149889;-0.00149505
2010-09-06;-0.00453351;-0.00452200
2010-09-07;0.00267368;0.00267752
2010-09-08;-0.00008982;-0.00008599
2010-09-09;-0.00122927;-0.00122544
2010-09-10;-0.00122527;-0.00122143
2010-09-13;0.00057184;0.00058417
2010-09-14;0.00281917;0.00282328
2010-09-15;-0.00394533;-0.00394122
2010-09-16;-0.00137498;-0.00137059
2010-09-17;0.00038275;0.00038714
2010-09-20;-0.00007057;-0.00005660
2010-09-21;0.00002046;0.00002511
2010-09-22;0.00367808;0.00368246
2010-09-23;0.00078907;0.00079345
2010-09-24;-0.00045103;-0.00044692
2010-09-27;-0.00010820;-0.00009504
2010-09-28;0.00212550;0.00212988
2010-09-29;0.00054715;0.00055154
2010-09-30;0.00023355;0.00023794
2010-10-01;0.00311141;0.00311579
2010-10-04;-0.00202509;-0.00201441
2010-10-05;0.00711424;0.00711753
2010-10-06;0.00311141;0.00311497
2010-10-07;-0.00199621;-0.00199265
2010-10-08;0.00395587;0.00395916
2010-10-11;0.00254216;0.00255203
2010-10-12;-0.00026882;-0.00026526
2010-10-13;0.00602563;0.00602919
2010-10-14;0.00230166;0.00230550
2010-10-15;-0.00034574;-0.00034191
2010-10-18;0.00065991;0.00067224
2010-10-19;-0.00943409;-0.00943025
2010-10-20;0.00456169;0.00456552
2010-10-21;-0.00182051;-0.00181695
2010-10-22;-0.00205300;-0.00204944
2010-10-25;0.00541098;0.00542249
2010-10-26;-0.00173401;-0.00173018
2010-10-27;-0.00516737;-0.00516353
2010-10-28;0.00558514;0.00558871
2010-10-29;0.00272220;0.00272549
2010-11-01;0.00059450;0.00060518
2010-11-02;0.00359533;0.00359889
2010-11-03;-0.00239209;-0.00238853
2010-11-04;0.01042979;0.01043336
2010-11-05;-0.00014617;-0.00014261
2010-11-08;0.00024279;0.00025347
2010-11-09;0.00174742;0.00175098
2010-11-10;-0.00638982;-0.00638626
2010-11-11;0.00053579;0.00053935
2010-11-12;-0.00582195;-0.00581839
2010-11-15;-0.00079511;-0.00078361
2010-11-16;-0.00914333;-0.00913922
2010-11-17;0.00194936;0.00195319
2010-11-18;0.00505410;0.00505821
2010-11-19;0.00013519;0.00013902
2010-11-22;0.00064527;0.00065760
2010-11-23;-0.00326693;-0.00326282
2010-11-24;0.00392961;0.00393399
2010-11-25;0.00164630;0.00165068
2010-11-26;-0.00568556;-0.00568117
2010-11-29;-0.00248892;-0.00247413
2010-11-30;0.00254587;0.00255052
2010-12-01;0.00292703;0.00293141
2010-12-02;0.00291767;0.00292205
2010-12-03;0.00151110;0.00151493
2010-12-06;0.00068467;0.00069699
2010-12-07;-0.00038425;-0.00038042
2010-12-08;-0.00235835;-0.00235424
2010-12-09;0.00143802;0.00144185
2010-12-10;-0.00015884;-0.00015528
2010-12-13;0.00200750;0.00201983
2010-12-14;0.00091717;0.00092128
2010-12-15;-0.00123731;-0.00123347
2010-12-16;-0.00075357;-0.00075000
2010-12-17;0.00021464;0.00021765
2010-12-20;0.00071491;0.00072642
2010-12-21;0.00177009;0.00177392
2010-12-22;0.00046009;0.00046392
2010-12-23;-0.00041448;-0.00041065
2010-12-24;-0.00327125;-0.00326742
2010-12-27;-0.00054283;-0.00052885
2010-12-28;0.00237584;0.00237995
2010-12-29;0.00094798;0.00095154
2010-12-30;-0.00139212;-0.00138883
2010-12-31;0.00233075;0.00233404
2011-01-03;0.00398744;0.00399976
2011-01-04;-0.00578687;-0.00578303
2011-01-05;-0.00165446;-0.00165062
2011-01-06;0.00115114;0.00115525
2011-01-07;-0.00097629;-0.00097246
2011-01-10;-0.00065747;-0.00064514
2011-01-11;0.00007767;0.00008178
2011-01-12;0.00265729;0.00266140
2011-01-13;0.00035958;0.00036369
2011-01-14;-0.00258976;-0.00258565
2011-01-17;0.00008820;0.00010053
2011-01-18;0.00164843;0.00165281
2011-01-19;-0.00081157;-0.00080718
2011-01-20;-0.00594840;-0.00594402
2011-01-21;-0.00046556;-0.00046118
2011-01-24;0.00328301;0.00329616
2011-01-25;0.00012028;0.00012466
2011-01-26;0.00133724;0.00134163
2011-01-27;-0.00070442;-0.00070031
2011-01-28;-0.00095487;-0.00095076
2011-01-31;-0.00123511;-0.00122278
2011-02-01;0.00372759;0.00373170
2011-02-02;-0.00050271;-0.00049832
2011-02-03;0.00016157;0.00016541
2011-02-04;-0.00006319;-0.00005908
2011-02-07;0.00135994;0.00137310
2011-02-08;0.00049957;0.00050368
2011-02-09;-0.00072337;-0.00071953
2011-02-10;0.00021500;0.00021828
2011-02-11;0.00046379;0.00046707
2011-02-14;0.00085339;0.00086408
2011-02-15;0.00004052;0.00004409
2011-02-16;0.00112057;0.00112386
2011-02-17;0.00121724;0.00121970
2011-02-18;0.00055760;0.00056034
2011-02-21;-0.00515018;-0.00514196
2011-02-22;-0.00308117;-0.00307788
2011-02-23;-0.00174694;-0.00174366
2011-02-24;0.00035931;0.00036287
2011-02-25;0.00200573;0.00200929
2011-02-28;0.00151139;0.00152372
2011-03-01;-0.00021691;-0.00021307
2011-03-02;0.00033660;0.00034016
2011-03-03;0.00076784;0.00077140
2011-03-04;0.00119511;0.00119840
2011-03-07;-0.00263633;-0.00262729
2011-03-08;-0.00092548;-0.00092246
2011-03-09;0.00062485;0.00062759
2011-03-10;-0.00877502;-0.00877283
2011-03-11;0.00259188;0.00259407
2011-03-14;-0.00458110;-0.00457370
2011-03-15;-0.01479741;-0.01479467
2011-03-16;-0.00173615;-0.00173341
2011-03-17;0.00686252;0.00686471
2011-03-18;0.00251805;0.00251997
2011-03-21;0.00805877;0.00806699
2011-03-22;0.00368888;0.00369162
2011-03-23;-0.00120546;-0.00120300
2011-03-24;0.00509727;0.00509973
2011-03-25;-0.00114701;-0.00114454
2011-03-28;-0.00262122;-0.00261218
2011-03-29;-0.00072172;-0.00071898
2011-03-30;0.00503572;0.00503846
2011-03-31;0.00236913;0.00237159
2011-04-01;0.00154604;0.00154795
2011-04-04;-0.00022170;-0.00021676
2011-04-05;0.00240320;0.00240512
2011-04-06;0.00355472;0.00355637
2011-04-07;-0.00036120;-0.00036011
2011-04-08;0.00318044;0.00318153
2011-04-11;0.00008957;0.00009368
2011-04-12;-0.00290719;-0.00290582
2011-04-13;0.00114114;0.00114279
2011-04-14;0.00194648;0.00194840
2011-04-15;0.00170121;0.00170313
2011-04-18;-0.00459720;-0.00459145
2011-04-19;0.00423356;0.00423521
2011-04-20;0.00658696;0.00658860
2011-04-21;0.00390764;0.00390929
2011-04-22;-0.00182228;-0.00182064
2011-04-25;0.00153326;0.00153902
2011-04-26;0.00074323;0.00074515
2011-04-27;0.00175903;0.00176067
2011-04-28;0.00407510;0.00407620
2011-04-29;0.00370845;0.00370955
2011-05-02;-0.00096252;-0.00095841
2011-05-03;-0.00493166;-0.00493083
2011-05-04;-0.00741374;-0.00741292
2011-05-05;-0.01110065;-0.01110010
2011-05-06;0.00117811;0.00117866
2011-05-09;-0.00081550;-0.00081303
2011-05-10;0.00405522;0.00405604
2011-05-11;-0.00484807;-0.00484725
2011-05-12;-0.00265967;-0.00265913
2011-05-13;-0.00518125;-0.00518043
2011-05-16;-0.00012362;-0.00012033
2011-05-17;-0.00482012;-0.00481902
2011-05-18;0.00571549;0.00571686
2011-05-19;-0.00018343;-0.00018206
2011-05-20;-0.00035507;-0.00035370
2011-05-23;-0.00685138;-0.00684645
2011-05-24;0.00314130;0.00314294
2011-05-25;0.00339699;0.00339863
2011-05-26;0.00087278;0.00087415
2011-05-27;0.00777864;0.00778001
2011-05-30;-0.00011083;-0.00010672
2011-05-31;0.00282776;0.00282941
2011-06-01;0.00054359;0.00054496
2011-06-02;-0.00171269;-0.00171160
2011-06-03;0.00191444;0.00191553
2011-06-06;-0.00021888;-0.00021477
2011-06-07;-0.00004153;-0.00004016
2011-06-08;-0.00058510;-0.00058401
2011-06-09;0.00002737;0.00002874
2011-06-10;-0.00236013;-0.00235876
2011-06-13;0.00028812;0.00029223
2011-06-14;0.00086614;0.00086751
2011-06-15;-0.00311786;-0.00311649
2011-06-16;-0.00056346;-0.00056209
2011-06-17;0.00208026;0.00208135
2011-06-20;0.00053784;0.00054030
2011-06-21;0.00140038;0.00140120
2011-06-22;0.00039740;0.00039794
2011-06-23;-0.00283332;-0.00283304
2011-06-24;-0.00091816;-0.00091762
2011-06-27;-0.00025762;-0.00025597
2011-06-28;0.00203241;0.00203324
2011-06-29;0.00124086;0.00124141
2011-06-30;0.00052352;0.00052434
2011-07-01;0.00055933;0.00055987
2011-07-04;0.00186578;0.00186743
2011-07-05;-0.00086161;-0.00086106
2011-07-06;0.00024264;0.00024292
2011-07-07;0.00082788;0.00082870
2011-07-08;-0.00029627;-0.00029545
2011-07-11;-0.00272172;-0.00271926
2011-07-12;0.00022832;0.00022914
2011-07-13;0.00355935;0.00355962
2011-07-14;-0.00094387;-0.00094360
2011-07-15;-0.00005673;-0.00005618
2011-07-18;-0.00264081;-0.00263916
2011-07-19;0.00311836;0.00311918
2011-07-20;0.00084641;0.00084696
2011-07-21;0.00275434;0.00275571
2011-07-22;0.00059088;0.00059225
2011-07-25;0.00063387;0.00063798
2011-07-26;0.00162226;0.00162417
2011-07-27;-0.00160434;-0.00160215
2011-07-28;-0.00085529;-0.00085338
2011-07-29;0.00095917;0.00096191
2011-08-01;0.00111760;0.00112582
2011-08-02;0.00075763;0.00075928
2011-08-03;0.00037874;0.00037929
2011-08-04;-0.00523521;-0.00523466
2011-08-05;-0.00175193;-0.00175166
2011-08-08;0.00396257;0.00396668
2011-08-09;0.00133261;0.00133343
2011-08-10;0.00494720;0.00494775
2011-08-11;-0.00502850;-0.00502768
2011-08-12;-0.00193677;-0.00193622
2011-08-15;0.00117779;0.00117943
2011-08-16;0.00035519;0.00035601
2011-08-17;0.00159789;0.00159816
2011-08-18;-0.00019053;-0.00019026
2011-08-19;0.00133190;0.00133245
2011-08-22;-0.00030851;-0.00030769
2011-08-23;0.00023101;0.00023128
2011-08-24;-0.00677082;-0.00677028
2011-08-25;0.00041615;0.00041643
2011-08-26;0.00276217;0.00276244
2011-08-29;-0.00164705;-0.00164541
2011-08-30;0.00299725;0.00299752
2011-08-31;0.00142341;0.00142396
2011-09-01;-0.00027788;-0.00027733
2011-09-02;0.00332520;0.00332574
2011-09-05;0.01379584;0.01379748
2011-09-06;-0.00231147;-0.00231092
2011-09-07;-0.00331685;-0.00331630
2011-09-08;0.00072181;0.00072236
2011-09-09;0.00039370;0.00039397
2011-09-12;-0.00016720;-0.00016638
2011-09-13;0.00035838;0.00035866
2011-09-14;-0.00090752;-0.00090724
2011-09-15;-0.00278075;-0.00278048
2011-09-16;-0.00024150;-0.00024123
2011-09-19;-0.00116226;-0.00116144
2011-09-20;0.00109921;0.00109948
2011-09-21;0.00103047;0.00103075
2011-09-22;-0.00265000;-0.00265000
2011-09-23;-0.00644400;-0.00644373
2011-09-26;-0.00178973;-0.00178808
2011-09-27;0.00015231;0.00015258
2011-09-28;-0.00122288;-0.00122233
2011-09-29;-0.00130803;-0.00130748
2011-09-30;-0.00026635;-0.00026580
2011-10-03;0.00444459;0.00444623
2011-10-04;0.00246476;0.00246504
2011-10-05;-0.00305485;-0.00305485
2011-10-06;-0.00244491;-0.00244463
2011-10-07;-0.00317414;-0.00317387
2011-10-10;-0.00406032;-0.00405950
2011-10-11;-0.00217593;-0.00217538
2011-10-12;-0.00387302;-0.00387247
2011-10-13;0.00128753;0.00128808
2011-10-14;-0.00271902;-0.00271847
2011-10-17;0.00132771;0.00133099
2011-10-18;0.00087806;0.00087915
2011-10-19;-0.00116005;-0.00115923
2011-10-20;0.00231012;0.00231095
2011-10-21;-0.00452835;-0.00452781
2011-10-24;-0.00271731;-0.00271567
2011-10-25;0.00198261;0.00198288
2011-10-26;0.00064332;0.00064387
2011-10-27;-0.00759419;-0.00759364
2011-10-28;-0.00072500;-0.00072473
2011-10-31;0.00165656;0.00165738
2011-11-01;-0.00259516;-0.00259488
2011-11-02;0.00138687;0.00138714
2011-11-03;0.00094126;0.00094153
2011-11-04;-0.00035225;-0.00035197
2011-11-07;0.00060551;0.00060633
2011-11-08;0.00081496;0.00081523
2011-11-09;-0.00222362;-0.00222335
2011-11-10;-0.00035906;-0.00035879
2011-11-11;0.00173213;0.00173240
2011-11-14;-0.00068307;-0.00068225
2011-11-15;-0.00008920;-0.00008893
2011-11-16;-0.00065973;-0.00065946
2011-11-17;-0.00179946;-0.00179891
2011-11-18;0.00005159;0.00005187
2011-11-21;-0.00197087;-0.00196923
2011-11-22;0.00076227;0.00076282
2011-11-23;-0.00186150;-0.00186095
2011-11-24;0.00149006;0.00149061
2011-11-25;-0.00073669;-0.00073614
2011-11-28;0.00218811;0.00219058
2011-11-29;-0.00015004;-0.00014949
2011-11-30;0.00238655;0.00238683
2011-12-01;-0.00080795;-0.00080768
2011-12-02;0.00043858;0.00043913
2011-12-05;-0.00062016;-0.00061933
2011-12-06;0.00076643;0.00076671
2011-12-07;-0.00086549;-0.00086495
2011-12-08;0.00018856;0.00018884
2011-12-09;0.00074044;0.00074072
2011-12-12;-0.00019545;-0.00019463
2011-12-13;0.00046081;0.00046109
2011-12-14;0.00069364;0.00069392
2011-12-15;-0.00000080;-0.00000080
2011-12-16;-0.00015102;-0.00015102
2011-12-19;0.00039988;0.00040070
2011-12-20;-0.00024598;-0.00024571
2011-12-21;-0.00048032;-0.00048005
2011-12-22;0.00033116;0.00033144
2011-12-23;0.00027346;0.00027374
2011-12-26;-0.00452705;-0.00452623
2011-12-27;-0.00022251;-0.00022197
2011-12-28;0.00063259;0.00063287
2011-12-29;0.00008611;0.00008666
2011-12-30;-0.00113888;-0.00113833
2012-01-02;-0.00306746;-0.00306582
2012-01-03;-0.00115395;-0.00115340
2012-01-04;0.00081422;0.00081476
2012-01-05;0.00060888;0.00060943
2012-01-06;0.00098168;0.00098223
2012-01-09;-0.00032779;-0.00032697
2012-01-10;-0.00054634;-0.00054579
2012-01-11;0.00063773;0.00063828
2012-01-12;-0.00092466;-0.00092384
2012-01-13;0.00094973;0.00095055
2012-01-16;0.00054813;0.00055060
2012-01-17;-0.00053069;-0.00052987
2012-01-18;-0.00092632;-0.00092549
2012-01-19;-0.00100474;-0.00100337
2012-01-20;-0.00091390;-0.00091253
2012-01-23;-0.00075793;-0.00075464
2012-01-24;-0.00029067;-0.00028958
2012-01-25;-0.00077707;-0.00077598
2012-01-26;-0.00090125;-0.00089988
2012-01-27;-0.00006700;-0.00006536
2012-01-30;0.00063342;0.00063753
2012-01-31;0.00031846;0.00032010
2012-02-01;0.00099428;0.00099592
2012-02-02;0.00059205;0.00059424
2012-02-03;0.00072209;0.00072428
2012-02-06;-0.00016533;-0.00015875
2012-02-07;0.00001309;0.00001528
2012-02-08;0.00040599;0.00040845
2012-02-09;0.00004303;0.00004549
2012-02-10;-0.00085490;-0.00085243
2012-02-13;0.00078862;0.00079766
2012-02-14;-0.00042900;-0.00042571
2012-02-15;0.00008718;0.00009019
2012-02-16;0.00043327;0.00043601
2012-02-17;-0.00017774;-0.00017527
2012-02-20;0.00189236;0.00189975
2012-02-21;0.00013777;0.00013996
2012-02-22;-0.00024074;-0.00023827
2012-02-23;0.00083783;0.00084029
2012-02-24;-0.00048639;-0.00048365
2012-02-27;0.00042832;0.00043819
2012-02-28;0.00091963;0.00092237
2012-02-29;-0.00221225;-0.00221005
2012-03-01;0.00150988;0.00151207
2012-03-02;-0.00231227;-0.00231035
2012-03-05;-0.00224089;-0.00223431
2012-03-06;-0.00513780;-0.00513561
2012-03-07;0.00195350;0.00195569
2012-03-08;0.00386662;0.00386881
2012-03-09;-0.00017550;-0.00017303
2012-03-12;-0.00143630;-0.00142890
2012-03-13;0.00341119;0.00341338
2012-03-14;-0.00136298;-0.00136052
2012-03-15;0.00205587;0.00205806
2012-03-16;0.00175137;0.00175384
2012-03-19;0.00178327;0.00179149
2012-03-20;-0.00228089;-0.00227815
2012-03-21;-0.00059210;-0.00058963
2012-03-22;-0.00255710;-0.00255491
2012-03-23;0.00175680;0.00175899
2012-03-26;0.00378732;0.00379472
2012-03-27;0.00034553;0.00034799
2012-03-28;-0.00302494;-0.00302247
2012-03-29;-0.00126821;-0.00126630
2012-03-30;0.00151746;0.00151938
2012-04-02;0.00154037;0.00154695
2012-04-03;-0.00120036;-0.00119816
2012-04-04;-0.00586583;-0.00586364
2012-04-05;-0.00056060;-0.00055841
2012-04-06;-0.00036257;-0.00036065
2012-04-09;-0.00282747;-0.00282007
2012-04-10;-0.00364192;-0.00363946
2012-04-11;0.00134925;0.00135172
2012-04-12;0.00339725;0.00339971
2012-04-13;-0.00299556;-0.00299310
2012-04-16;-0.00227649;-0.00226992
2012-04-17;0.00373458;0.00373677
2012-04-18;0.00079754;0.00079946
2012-04-19;-0.00185568;-0.00185376
2012-04-20;0.00074341;0.00074560
2012-04-23;-0.00307540;-0.00306883
2012-04-24;0.00014502;0.00014749
2012-04-25;0.00443437;0.00443684
2012-04-26;0.00127019;0.00127265
2012-04-27;0.00077260;0.00077507
2012-04-30;-0.00140722;-0.00139900
2012-05-01;0.00081168;0.00081415
2012-05-02;0.00033870;0.00034089
2012-05-03;0.00006271;0.00006517
2012-05-04;-0.00065297;-0.00065105
2012-05-07;0.00092710;0.00093532
2012-05-08;0.00025410;0.00025657
2012-05-09;0.00041324;0.00041570
2012-05-10;-0.00014785;-0.00014511
2012-05-11;0.00024412;0.00024686
2012-05-14;0.00044797;0.00045619
2012-05-15;0.00028494;0.00028741
2012-05-16;0.00022330;0.00022604
2012-05-17;-0.00105987;-0.00105713
2012-05-18;-0.00019031;-0.00018812
2012-05-21;0.00048618;0.00049357
2012-05-22;-0.00055309;-0.00055062
2012-05-23;0.00207071;0.00207318
2012-05-24;-0.00087937;-0.00087663
2012-05-25;-0.00022731;-0.00022484
2012-05-28;0.00001291;0.00002030
2012-05-29;0.00060517;0.00060763
2012-05-30;0.00028534;0.00028726
2012-05-31;0.00013616;0.00013808
2012-06-01;0.00235168;0.00235359
2012-06-04;0.00019189;0.00019846
2012-06-05;-0.00051362;-0.00051143
2012-06-06;-0.01093375;-0.01093128
2012-06-07;-0.00230713;-0.00230467
2012-06-08;0.00452998;0.00453244
2012-06-11;-0.00240649;-0.00239909
2012-06-12;-0.00112063;-0.00111789
2012-06-13;-0.00205362;-0.00205088
2012-06-14;-0.00048854;-0.00048553
2012-06-15;-0.00312740;-0.00312494
2012-06-18;-0.00090968;-0.00090146
2012-06-19;-0.00517310;-0.00517063
2012-06-20;-0.00151754;-0.00151507
2012-06-21;0.00717068;0.00717315
2012-06-22;0.00111557;0.00111804
2012-06-25;0.00486552;0.00487374
2012-06-26;-0.00079258;-0.00078984
2012-06-27;-0.00153427;-0.00153181
2012-06-28;0.00343890;0.00344136
2012-06-29;-0.01574035;-0.01573788
2012-07-02;0.00055732;0.00056554
2012-07-03;-0.00135053;-0.00134806
2012-07-04;-0.00023029;-0.00022782
2012-07-05;0.00212596;0.00212815
2012-07-06;0.00171875;0.00172095
2012-07-09;-0.00040112;-0.00039372
2012-07-10;0.00033571;0.00033818
2012-07-11;-0.00052056;-0.00051783
2012-07-12;0.00088480;0.00088754
2012-07-13;-0.00064187;-0.00063913
2012-07-16;-0.00045094;-0.00044272
2012-07-17;0.00006810;0.00007084
2012-07-18;-0.00019542;-0.00019295
2012-07-19;-0.00051939;-0.00051692
2012-07-20;0.00094032;0.00094279
2012-07-23;0.00159495;0.00160317
2012-07-24;0.00058181;0.00058455
2012-07-25;-0.00072621;-0.00072347
2012-07-26;-0.00187677;-0.00187376
2012-07-27;-0.00081049;-0.00080748
2012-07-30;-0.00015853;-0.00014949
2012-07-31;-0.00063784;-0.00063482
2012-08-01;0.00085436;0.00085710
2012-08-02;0.00175322;0.00175568
2012-08-03;-0.00208325;-0.00208079
2012-08-06;-0.00078361;-0.00077539
2012-08-07;-0.00053847;-0.00053545
2012-08-08;0.00035074;0.00035376
2012-08-09;0.00060186;0.00060488
2012-08-10;-0.00000680;-0.00000406
2012-08-13;-0.00079917;-0.00079013
2012-08-14;-0.00000002;0.00000300
2012-08-15;0.00033957;0.00034204
2012-08-16;-0.00201140;-0.00200893
2012-08-17;0.00046990;0.00047236
2012-08-20;-0.00067620;-0.00066716
2012-08-21;-0.00239258;-0.00238957
2012-08-22;-0.00006178;-0.00005877
2012-08-23;-0.00291111;-0.00290810
2012-08-24;0.00149326;0.00149600
2012-08-27;0.00027444;0.00028348
2012-08-28;-0.00076253;-0.00075979
2012-08-29;0.00010703;0.00011032
2012-08-30;0.00058045;0.00058319
2012-08-31;-0.00079052;-0.00078805
2012-09-03;-0.00061889;-0.00061150
2012-09-04;0.00004801;0.00005075
2012-09-05;-0.00054268;-0.00053967
2012-09-06;0.00455881;0.00456183
2012-09-07;0.00206138;0.00206439
2012-09-10;-0.00098132;-0.00097310
2012-09-11;0.00012739;0.00013013
2012-09-12;0.00132887;0.00133161
2012-09-13;0.00209133;0.00209407
2012-09-14;0.00399647;0.00399948
2012-09-17;0.00019845;0.00020749
2012-09-18;-0.00079317;-0.00079043
2012-09-19;0.00068097;0.00068398
2012-09-20;-0.00142496;-0.00142195
2012-09-21;0.00048799;0.00049101
2012-09-24;-0.00203839;-0.00202935
2012-09-25;-0.00089259;-0.00088958
2012-09-26;-0.00351135;-0.00350833
2012-09-27;0.00206491;0.00206737
2012-09-28;-0.00162958;-0.00162684
2012-10-01;0.00172767;0.00173506
2012-10-02;-0.00067976;-0.00067729
2012-10-03;-0.00192660;-0.00192414
2012-10-04;0.00354991;0.00355264
2012-10-05;0.00011789;0.00012090
2012-10-08;-0.00526202;-0.00525298
2012-10-09;-0.00512857;-0.00512583
2012-10-10;0.00022676;0.00022950
2012-10-11;0.00097933;0.00098207
2012-10-12;-0.00123884;-0.00123583
2012-10-15;-0.00073291;-0.00072387
2012-10-16;0.00221447;0.00221694
2012-10-17;0.00348816;0.00349118
2012-10-18;-0.00230823;-0.00230549
2012-10-19;-0.00844623;-0.00844349
2012-10-22;0.00003990;0.00004811
2012-10-23;-0.00544273;-0.00543972
2012-10-24;0.00040232;0.00040534
2012-10-25;0.00193892;0.00194193
2012-10-26;-0.00021760;-0.00021431
2012-10-29;-0.00223252;-0.00222102
2012-10-30;0.00313195;0.00313578
2012-10-31;-0.00040803;-0.00040501
2012-11-01;0.00066437;0.00066684
2012-11-02;0.00192634;0.00192881
2012-11-05;-0.00122603;-0.00121699
2012-11-06;-0.00117931;-0.00117657
2012-11-07;-0.00192545;-0.00192271
2012-11-08;-0.00240621;-0.00240347
2012-11-09;-0.00064834;-0.00064588
2012-11-12;-0.00098468;-0.00097728
2012-11-13;-0.00071480;-0.00071179
2012-11-14;0.00079569;0.00079842
2012-11-15;0.00354499;0.00354719
2012-11-16;0.00100334;0.00100498
2012-11-19;0.00061902;0.00062641
2012-11-20;0.00134013;0.00134232
2012-11-21;0.00178402;0.00178676
2012-11-22;0.00592556;0.00592830
2012-11-23;-0.00077432;-0.00077158
2012-11-26;-0.00013020;-0.00012198
2012-11-27;-0.00001563;-0.00001289
2012-11-28;-0.00048345;-0.00048071
2012-11-29;0.00136051;0.00136297
2012-11-30;0.00171566;0.00171785
2012-12-03;0.00027376;0.00028198
2012-12-04;-0.00112780;-0.00112506
2012-12-05;0.00112490;0.00112764
2012-12-06;0.00092429;0.00092703
2012-12-07;-0.00021647;-0.00021400
2012-12-10;0.00048662;0.00049401
2012-12-11;0.00130328;0.00130547
2012-12-12;0.00275122;0.00275314
2012-12-13;-0.00033124;-0.00032960
2012-12-14;0.00005167;0.00005277
2012-12-17;0.00205059;0.00205470
2012-12-18;0.00215169;0.00215333
2012-12-19;0.00041476;0.00041613
2012-12-20;-0.00193997;-0.00193832
2012-12-21;-0.00293338;-0.00293173
2012-12-24;-0.00006530;-0.00006037
2012-12-25;0.00833749;0.00833913
2012-12-26;0.00154982;0.00155229
2012-12-27;0.00124893;0.00125112
2012-12-28;-0.00063934;-0.00063906
2012-12-31;0.00265697;0.00266108
2013-01-02;0.00040655;0.00041093
2013-01-03;-0.00300125;-0.00299906
2013-01-04;0.00222036;0.00222227
2013-01-07;-0.00045666;-0.00045091
2013-01-08;-0.00263210;-0.00263019
2013-01-09;0.00137739;0.00137904
2013-01-10;0.00311672;0.00311837
2013-01-11;0.00448750;0.00448942
2013-01-14;-0.00146500;-0.00145843
2013-01-15;-0.00284832;-0.00284586
2013-01-16;-0.00288745;-0.00288525
2013-01-17;0.00145089;0.00145281
2013-01-18;0.00096462;0.00096681
2013-01-21;-0.00266972;-0.00266315
2013-01-22;-0.00214430;-0.00214211
2013-01-23;-0.00141029;-0.00140810
2013-01-24;0.00467510;0.00467729
2013-01-25;0.00592840;0.00593059
2013-01-28;-0.00240392;-0.00239816
2013-01-29;0.00109003;0.00109194
2013-01-30;0.00331834;0.00332026
2013-01-31;0.00142007;0.00142198
2013-02-01;0.00454667;0.00454832
2013-02-04;-0.00451717;-0.00451142
2013-02-05;0.00212816;0.00213008
2013-02-06;0.00041526;0.00041718
2013-02-07;-0.00333936;-0.00333745
2013-02-08;-0.00064314;-0.00064122
2013-02-11;0.00197483;0.00198223
2013-02-12;0.00128919;0.00129166
2013-02-13;0.00085338;0.00085612
2013-02-14;-0.00131508;-0.00131207
2013-02-15;0.00055040;0.00055314
2013-02-18;0.00613279;0.00614101
2013-02-19;0.00171646;0.00171974
2013-02-20;-0.00084856;-0.00084527
2013-02-21;-0.00525049;-0.00524692
2013-02-22;0.00208415;0.00208771
2013-02-25;-0.00129956;-0.00128969
2013-02-26;-0.00588165;-0.00587782
2013-02-27;0.00331947;0.00332249
2013-02-28;0.00168871;0.00169172
2013-03-01;0.00475783;0.00476084
2013-03-04;0.00027480;0.00028384
2013-03-05;0.00012424;0.00012643
2013-03-06;0.00225246;0.00225520
2013-03-07;0.00026879;0.00027153
2013-03-08;0.00451485;0.00451759
2013-03-11;-0.00049794;-0.00048972
2013-03-12;-0.00253666;-0.00253392
2013-03-13;0.00111916;0.00112163
2013-03-14;-0.00129274;-0.00129000
2013-03-15;-0.00432943;-0.00432696
2013-03-18;-0.00110050;-0.00109475
2013-03-19;0.00160617;0.00160809
2013-03-20;0.00047019;0.00047211
2013-03-21;-0.00295044;-0.00294852
2013-03-22;-0.00165522;-0.00165330
2013-03-25;0.00130329;0.00130986
2013-03-26;0.00001253;0.00001445
2013-03-27;0.00144035;0.00144282
2013-03-28;-0.00148530;-0.00148339
2013-03-29;0.00176806;0.00176998
2013-04-01;-0.00302560;-0.00301902
2013-04-02;0.00499299;0.00499491
2013-04-03;-0.00002655;-0.00002490
2013-04-04;0.00206789;0.00206981
2013-04-05;-0.00579766;-0.00579575
2013-04-08;0.00426622;0.00427198
2013-04-09;-0.00119559;-0.00119395
2013-04-10;0.00685207;0.00685399
2013-04-11;-0.00016864;-0.00016673
2013-04-12;0.00269159;0.00269324
2013-04-15;0.00566407;0.00566900
2013-04-16;-0.00140435;-0.00140271
2013-04-17;-0.00201674;-0.00201510
2013-04-18;-0.00258261;-0.00258124
2013-04-19;0.00317844;0.00317981
2013-04-22;-0.00038470;-0.00038059
2013-04-23;0.00554753;0.00554890
2013-04-24;0.00144757;0.00144921
2013-04-25;-0.00338558;-0.00338421
2013-04-26;-0.00206771;-0.00206634
2013-04-29;0.00017103;0.00017514
2013-04-30;-0.00144952;-0.00144815
2013-05-01;0.00100167;0.00100332
2013-05-02;0.00196808;0.00196945
2013-05-03;0.00226339;0.00226476
2013-05-06;0.00153558;0.00153886
2013-05-07;0.00327731;0.00327841
2013-05-08;-0.00059705;-0.00059596
2013-05-09;0.00027329;0.00027438
2013-05-10;0.00882418;0.00882527
2013-05-13;0.00051699;0.00052110
2013-05-14;0.00320306;0.00320443
2013-05-15;0.00404055;0.00404165
2013-05-16;-0.00067895;-0.00067813
2013-05-17;0.00586396;0.00586506
2013-05-20;-0.00158855;-0.00158444
2013-05-21;0.00039720;0.00039830
2013-05-22;0.00332943;0.00333053
2013-05-23;-0.00766720;-0.00766583
2013-05-24;0.00058945;0.00059054
2013-05-27;-0.00405235;-0.00404906
2013-05-28;0.00425195;0.00425332
2013-05-29;-0.00365972;-0.00365835
2013-05-30;-0.00285821;-0.00285711
2013-05-31;0.00039106;0.00039216
2013-06-03;-0.00559139;-0.00558728
2013-06-04;0.00307289;0.00307398
2013-06-05;-0.00296800;-0.00296663
2013-06-06;-0.00475043;-0.00474906
2013-06-07;0.00491962;0.00492072
2013-06-10;0.00136194;0.00136605
2013-06-11;-0.00279745;-0.00279608
2013-06-12;-0.00484556;-0.00484419
2013-06-13;-0.00026887;-0.00026750
2013-06-14;-0.00095024;-0.00094887
2013-06-17;0.00295346;0.00295757
2013-06-18;0.00263231;0.00263368
2013-06-19;-0.00281848;-0.00281711
2013-06-20;0.00812747;0.00812884
2013-06-21;0.00017852;0.00017989
2013-06-24;-0.00104496;-0.00104003
2013-06-25;0.00165360;0.00165524
2013-06-26;0.00350499;0.00350664
2013-06-27;0.00299537;0.00299701
2013-06-28;0.00048662;0.00048772
2013-07-01;-0.00098151;-0.00097822
2013-07-02;0.00159248;0.00159330
2013-07-03;-0.00055232;-0.00055095
2013-07-04;0.00154313;0.00154450
2013-07-05;0.00216684;0.00216794
2013-07-08;-0.00105905;-0.00105494
2013-07-09;-0.00091770;-0.00091661
2013-07-10;0.00002710;0.00002819
2013-07-11;-0.00074850;-0.00074740
2013-07-12;0.00161486;0.00161595
2013-07-15;-0.00047249;-0.00046920
2013-07-16;-0.00071345;-0.00071263
2013-07-17;0.00110302;0.00110384
2013-07-18;0.00024852;0.00024934
2013-07-19;-0.00102812;-0.00102730
2013-07-22;-0.00238833;-0.00238504
2013-07-23;-0.00017058;-0.00017003
2013-07-24;0.00115062;0.00115144
2013-07-25;-0.00067422;-0.00067367
2013-07-26;-0.00029499;-0.00029416
2013-07-29;-0.00153131;-0.00152884
2013-07-30;0.00249047;0.00249157
2013-07-31;0.00094152;0.00094262
2013-08-01;0.00241368;0.00241478
2013-08-02;0.00006338;0.00006448
2013-08-05;-0.00063722;-0.00063311
2013-08-06;-0.00161397;-0.00161288
2013-08-07;-0.00112646;-0.00112509
2013-08-08;-0.00026088;-0.00025951
2013-08-09;-0.00133111;-0.00132974
2013-08-12;-0.00041139;-0.00040646
2013-08-13;0.00120996;0.00121160
2013-08-14;-0.00167907;-0.00167771
2013-08-15;-0.00293643;-0.00293506
2013-08-16;-0.00067371;-0.00067234
2013-08-19;-0.00030245;-0.00029752
2013-08-20;0.00118653;0.00118763
2013-08-21;-0.00033543;-0.00033433
2013-08-22;0.00264654;0.00264736
2013-08-23;0.00046742;0.00046824
2013-08-26;-0.00054579;-0.00054250
2013-08-27;-0.00336273;-0.00336136
2013-08-28;-0.00020099;-0.00020017
2013-08-29;0.00056261;0.00056315
2013-08-30;-0.00081320;-0.00081238
2013-09-02;-0.00103787;-0.00103540
2013-09-03;-0.00159689;-0.00159634
2013-09-04;-0.00126995;-0.00126940
2013-09-05;-0.00064007;-0.00063953
2013-09-06;-0.00104249;-0.00104194
2013-09-09;0.00059708;0.00059873
2013-09-10;-0.00124296;-0.00124241
2013-09-11;-0.00002457;-0.00002402
2013-09-12;0.00051897;0.00051924
2013-09-13;0.00004214;0.00004241
2013-09-16;-0.00045689;-0.00045525
2013-09-17;-0.00070252;-0.00070224
2013-09-18;0.00053467;0.00053494
2013-09-19;0.00052936;0.00052964
2013-09-20;0.00087917;0.00087945
2013-09-23;0.00002400;0.00002564
2013-09-24;-0.00005952;-0.00005897
2013-09-25;0.00055165;0.00055220
2013-09-26;0.00020134;0.00020134
2013-09-27;0.00091535;0.00091589
2013-09-30;-0.00026003;-0.00025838
2013-10-01;0.00275548;0.00275603
2013-10-02;-0.00068672;-0.00068617
2013-10-03;-0.00094488;-0.00094406
2013-10-04;-0.00037989;-0.00037906
2013-10-07;-0.00261489;-0.00261242
2013-10-08;-0.00268558;-0.00268421
2013-10-09;-0.00198985;-0.00198848
2013-10-10;0.00574534;0.00574671
2013-10-11;0.00247723;0.00247943
2013-10-14;0.00176199;0.00176856
2013-10-15;-0.00107993;-0.00107609
2013-10-16;0.00209141;0.00209415
2013-10-17;0.00497449;0.00497586
2013-10-18;0.00282782;0.00282892
2013-10-21;-0.00027048;-0.00026719
2013-10-22;0.00290366;0.00290476
2013-10-23;-0.00187719;-0.00187609
2013-10-24;0.00102337;0.00102420
2013-10-25;-0.00064743;-0.00064633
2013-10-28;0.00031891;0.00032220
2013-10-29;0.00000957;0.00001066
2013-10-30;-0.00033772;-0.00033663
2013-10-31;-0.00269282;-0.00269173
2013-11-01;-0.00118281;-0.00118172
2013-11-04;0.00071720;0.00072131
2013-11-05;-0.00089569;-0.00089432
2013-11-06;0.00094857;0.00094994
2013-11-07;-0.00401207;-0.00401070
2013-11-08;0.00167423;0.00167587
2013-11-11;0.00059450;0.00059943
2013-11-12;0.00123780;0.00123999
2013-11-13;0.00102288;0.00102507
2013-11-14;0.00222428;0.00222647
2013-11-15;0.00049420;0.00049639
2013-11-18;-0.00037171;-0.00036431
2013-11-19;0.00014060;0.00014279
2013-11-20;-0.00231119;-0.00230900
2013-11-21;0.00243251;0.00243443
2013-11-22;0.00250030;0.00250222
2013-11-25;0.00019333;0.00019990
2013-11-26;0.00074859;0.00075050
2013-11-27;0.00160497;0.00160688
2013-11-28;0.00295677;0.00295869
2013-11-29;0.00107682;0.00107847
2013-12-02;0.00219634;0.00220045
2013-12-03;-0.00132538;-0.00132374
2013-12-04;-0.00333762;-0.00333597
2013-12-05;-0.00232322;-0.00232158
2013-12-06;0.00451150;0.00451315
2013-12-09;0.00187307;0.00187882
2013-12-10;-0.00350547;-0.00350355
2013-12-11;-0.00298495;-0.00298304
2013-12-12;0.00158276;0.00158467
2013-12-13;-0.00154012;-0.00153820
2013-12-16;0.00034504;0.00035080
2013-12-17;-0.00013721;-0.00013529
2013-12-18;0.00576473;0.00576664
2013-12-19;0.00539255;0.00539419
2013-12-20;0.00054721;0.00054913
2013-12-23;0.00119237;0.00119812
2013-12-24;0.00052624;0.00052815
2013-12-25;0.00386107;0.00386299
2013-12-26;0.00175294;0.00175486
2013-12-27;0.00252184;0.00252376
2013-12-30;0.00007561;0.00008136
2013-12-31;0.00165121;0.00165313
2014-01-02;-0.00892952;-0.00892568
2014-01-03;-0.00380974;-0.00380782
2014-01-06;-0.00061235;-0.00060824
2014-01-07;0.00330008;0.00330118
2014-01-08;0.00268463;0.00268600
2014-01-09;-0.00095328;-0.00095218
2014-01-10;-0.00004779;-0.00004642
2014-01-13;-0.00591159;-0.00590913
2014-01-14;0.00474472;0.00474581
2014-01-15;0.00314436;0.00314545
2014-01-16;0.00057355;0.00057465
2014-01-17;-0.00077184;-0.00077047
2014-01-20;-0.00300609;-0.00300198
2014-01-21;0.00211910;0.00212020
2014-01-22;0.00197197;0.00197306
2014-01-23;0.00036773;0.00036883
2014-01-24;-0.00769274;-0.00769164
2014-01-27;-0.00203216;-0.00202805
2014-01-28;0.00204688;0.00204825
2014-01-29;-0.00184595;-0.00184485
2014-01-30;0.00097456;0.00097511
2014-01-31;-0.00358865;-0.00358810
2014-02-03;-0.00461008;-0.00460597
2014-02-04;-0.00159962;-0.00159798
2014-02-05;-0.00015065;-0.00014873
2014-02-06;-0.00109395;-0.00109203
2014-02-07;0.00063627;0.00063846
2014-02-10;-0.00001072;-0.00000497
2014-02-11;-0.00045684;-0.00045547
2014-02-12;0.00061616;0.00061753
2014-02-13;-0.00055058;-0.00054976
2014-02-14;-0.00227009;-0.00226954
2014-02-17;0.00031107;0.00031271
2014-02-18;-0.00175271;-0.00175134
2014-02-19;0.00098101;0.00098265
2014-02-20;0.00200796;0.00200933
2014-02-21;0.00028631;0.00028768
2014-02-24;-0.00230586;-0.00230175
2014-02-25;0.00057921;0.00058058
2014-02-26;0.00289811;0.00289948
2014-02-27;-0.00053981;-0.00053871
2014-02-28;-0.00107272;-0.00107135
2014-03-03;-0.00347034;-0.00346623
2014-03-04;0.00191434;0.00191571
2014-03-05;-0.00008229;-0.00008065
2014-03-06;0.00167246;0.00167383
2014-03-07;-0.00097907;-0.00097743
2014-03-10;-0.00097039;-0.00096628
2014-03-11;-0.00073431;-0.00073294
2014-03-12;0.00118970;0.00119107
2014-03-13;-0.00264875;-0.00264738
2014-03-14;-0.00018314;-0.00018177
2014-03-17;0.00156223;0.00156716
2014-03-18;0.00010193;0.00010330
2014-03-19;-0.00004200;-0.00004036
2014-03-20;-0.00200502;-0.00200337
2014-03-21;-0.00130226;-0.00130061
2014-03-24;-0.00286931;-0.00286438
2014-03-25;0.00103398;0.00103535
2014-03-26;-0.00058384;-0.00058247
2014-03-27;-0.00116624;-0.00116515
2014-03-28;0.00161977;0.00162087
2014-03-31;0.00111258;0.00111669
2014-04-01;0.00118998;0.00119107
2014-04-02;-0.00102530;-0.00102475
2014-04-03;-0.00034844;-0.00034789
2014-04-04;-0.00199684;-0.00199602
2014-04-07;-0.00081561;-0.00081314
2014-04-08;0.00062362;0.00062444
2014-04-09;0.00197091;0.00197200
2014-04-10;-0.00233766;-0.00233656
2014-04-11;-0.00051477;-0.00051368
2014-04-14;0.00020639;0.00020967
2014-04-15;0.00109965;0.00110074
2014-04-16;0.00131856;0.00131966
2014-04-17;0.00028814;0.00028896
2014-04-18;-0.00025075;-0.00024993
2014-04-21;0.00082046;0.00082375
2014-04-22;0.00122090;0.00122172
2014-04-23;-0.00117330;-0.00117275
2014-04-24;-0.00009015;-0.00008988
2014-04-25;-0.00120825;-0.00120743
2014-04-28;0.00069283;0.00069530
2014-04-29;0.00056909;0.00056964
2014-04-30;0.00137581;0.00137663
2014-05-01;-0.00002544;-0.00002462
2014-05-02;-0.00149300;-0.00149245
2014-05-05;0.00088396;0.00088643
2014-05-06;0.00160208;0.00160291
2014-05-07;0.00061930;0.00062012
2014-05-08;-0.00038533;-0.00038451
2014-05-09;-0.00374973;-0.00374891
2014-05-12;0.00062100;0.00062346
2014-05-13;-0.00130230;-0.00130148
2014-05-14;-0.00096914;-0.00096832
2014-05-15;-0.00094672;-0.00094590
2014-05-16;0.00088844;0.00088926
2014-05-19;0.00050130;0.00050377
2014-05-20;-0.00122596;-0.00122513
2014-05-21;-0.00020462;-0.00020353
2014-05-22;-0.00026494;-0.00026412
2014-05-23;-0.00007559;-0.00007449
2014-05-26;0.00283291;0.00283620
2014-05-27;0.00019131;0.00019241
2014-05-28;-0.00150556;-0.00150446
2014-05-29;0.00141575;0.00141685
2014-05-30;0.00170700;0.00170810
2014-06-02;-0.00008339;-0.00008010
2014-06-03;-0.00067731;-0.00067622
2014-06-04;0.00030806;0.00030916
2014-06-05;0.00013747;0.00013856
2014-06-06;0.00097741;0.00097851
2014-06-09;0.00050877;0.00051206
2014-06-10;-0.00013325;-0.00013215
2014-06-11;-0.00060029;-0.00059919
2014-06-12;-0.00235733;-0.00235623
2014-06-13;0.00044350;0.00044460
2014-06-16;-0.00063233;-0.00062904
2014-06-17;0.00064158;0.00064267
2014-06-18;0.00028073;0.00028156
2014-06-19;-0.00374389;-0.00374335
2014-06-20;-0.00014029;-0.00013974
2014-06-23;-0.00045952;-0.00045706
2014-06-24;-0.00110812;-0.00110730
2014-06-25;-0.00023646;-0.00023564
2014-06-26;0.00020664;0.00020774
2014-06-27;0.00036163;0.00036246
2014-06-30;-0.00045457;-0.00045128
2014-07-01;0.00362104;0.00362158
2014-07-02;-0.00002816;-0.00002761
2014-07-03;-0.00184735;-0.00184708
2014-07-04;0.00137766;0.00137793
2014-07-07;-0.00170999;-0.00170670
2014-07-08;-0.00125920;-0.00125838
2014-07-09;0.00153438;0.00153520
2014-07-10;0.00022980;0.00023034
2014-07-11;-0.00055806;-0.00055751
2014-07-14;-0.00153119;-0.00152872
2014-07-15;-0.00115822;-0.00115768
2014-07-16;0.00014254;0.00014309
2014-07-17;-0.00039979;-0.00039925
2014-07-18;-0.00001649;-0.00001594
2014-07-21;-0.00021719;-0.00021472
2014-07-22;0.00043717;0.00043799
2014-07-23;0.00100492;0.00100574
2014-07-24;-0.00332784;-0.00332702
2014-07-25;-0.00055371;-0.00055289
2014-07-28;0.00038922;0.00039250
2014-07-29;-0.00231022;-0.00230967
2014-07-30;-0.00250424;-0.00250314
2014-07-31;-0.00483571;-0.00483489
2014-08-01;-0.00151405;-0.00151323
2014-08-04;0.00079187;0.00079516
2014-08-05;-0.00034116;-0.00034034
2014-08-06;-0.00240520;-0.00240438
2014-08-07;-0.00098701;-0.00098618
2014-08-08;-0.00158756;-0.00158674
2014-08-11;0.00171816;0.00172145
2014-08-12;0.00060859;0.00060942
2014-08-13;0.00112534;0.00112644
2014-08-14;0.00030641;0.00030751
2014-08-15;-0.00024147;-0.00024064
2014-08-18;0.00141225;0.00141472
2014-08-19;0.00217695;0.00217777
2014-08-20;0.00165011;0.00165121
2014-08-21;0.00239158;0.00239213
2014-08-22;0.00056421;0.00056503
2014-08-25;0.00028541;0.00028870
2014-08-26;-0.00031543;-0.00031461
2014-08-27;-0.00053653;-0.00053543
2014-08-28;-0.00088397;-0.00088315
2014-08-29;0.00065279;0.00065362
2014-09-01;0.00049941;0.00050187
2014-09-02;0.00169512;0.00169594
2014-09-03;0.00074579;0.00074661
2014-09-04;0.00610550;0.00610633
2014-09-05;0.00001033;0.00001115
2014-09-08;0.00036550;0.00036715
2014-09-09;-0.00119756;-0.00119701
2014-09-10;0.00115244;0.00115299
2014-09-11;-0.00178070;-0.00178015
2014-09-12;-0.00263850;-0.00263795
2014-09-15;-0.00133696;-0.00133532
2014-09-16;0.00157623;0.00157678
2014-09-17;0.00074920;0.00074975
2014-09-18;0.00345318;0.00345373
2014-09-19;0.00213868;0.00213923
2014-09-22;-0.00337657;-0.00337575
2014-09-23;-0.00297703;-0.00297675
2014-09-24;0.00387895;0.00387949
2014-09-25;-0.00405169;-0.00405141
2014-09-26;0.00319324;0.00319351
2014-09-29;-0.00131853;-0.00131689
2014-09-30;0.00204378;0.00204433
2014-10-01;-0.00175303;-0.00175249
2014-10-02;-0.00483106;-0.00483079
2014-10-03;0.01405270;0.01405298
2014-10-06;-0.00684640;-0.00684475
2014-10-07;-0.00352392;-0.00352337
2014-10-08;-0.00027301;-0.00027274
2014-10-09;-0.00466722;-0.00466695
2014-10-10;0.00218690;0.00218717
2014-10-13;-0.00151761;-0.00151679
2014-10-14;-0.00308660;-0.00308605
2014-10-15;-0.00494402;-0.00494347
2014-10-16;-0.00269376;-0.00269294
2014-10-17;0.00118665;0.00118720
2014-10-20;0.00144968;0.00145132
2014-10-21;-0.00236032;-0.00235977
2014-10-22;0.00588696;0.00588751
2014-10-23;0.00269072;0.00269099
2014-10-24;-0.00149529;-0.00149502
2014-10-27;-0.00040388;-0.00040223
2014-10-28;-0.00312725;-0.00312670
2014-10-29;-0.00064848;-0.00064766
2014-10-30;0.01155419;0.01155446
2014-10-31;0.01416659;0.01416687
2014-11-03;0.00322683;0.00322848
2014-11-04;0.00028325;0.00028407
2014-11-05;0.00596374;0.00596456
2014-11-06;0.00373408;0.00373490
2014-11-07;-0.00375569;-0.00375487
2014-11-10;0.00039607;0.00039771
2014-11-11;0.00154781;0.00154836
2014-11-12;-0.00070208;-0.00070154
2014-11-13;0.00201357;0.00201412
2014-11-14;-0.00294778;-0.00294723
2014-11-17;0.00065917;0.00066163
2014-11-18;-0.00100759;-0.00100704
2014-11-19;0.00053636;0.00053664
2014-11-20;0.00127861;0.00127916
2014-11-21;0.00099451;0.00099478
2014-11-24;0.00112242;0.00112406
2014-11-25;-0.00151985;-0.00151930
2014-11-26;-0.00142024;-0.00141969
2014-11-27;-0.00129961;-0.00129907
2014-11-28;0.01017420;0.01017474
2014-12-01;-0.00847914;-0.00847667
2014-12-02;0.00648084;0.00648166
2014-12-03;0.00171582;0.00171609
2014-12-04;-0.00280234;-0.00280180
2014-12-05;0.00822388;0.00822443
2014-12-08;-0.00119393;-0.00119146
2014-12-09;-0.00991294;-0.00991184
2014-12-10;-0.00202423;-0.00202340
2014-12-11;0.00250988;0.00251070
2014-12-12;-0.00494705;-0.00494650
2014-12-15;0.00040682;0.00041010
2014-12-16;-0.00040518;-0.00040435
2014-12-17;0.00514078;0.00514161
2014-12-18;0.00769230;0.00769339
2014-12-19;0.00352335;0.00352445
2014-12-22;0.00193994;0.00194405
2014-12-23;0.00327284;0.00327366
2014-12-24;0.00001408;0.00001435
2014-12-25;-0.00116536;-0.00116508
2014-12-26;-0.00337923;-0.00337896
2014-12-29;0.00118115;0.00118362
2014-12-30;-0.00593155;-0.00593073
2014-12-31;0.00319183;0.00319292
2015-01-02;0.00512524;0.00512634
2015-01-05;-0.00017495;-0.00017248
2015-01-06;-0.00302329;-0.00302246
2015-01-07;0.00611733;0.00611815
2015-01-08;0.00076308;0.00076390
2015-01-09;-0.00261876;-0.00261822
2015-01-12;-0.00097345;-0.00097098
2015-01-13;-0.00001732;-0.00001649
2015-01-14;-0.00234694;-0.00234584
2015-01-15;-0.01165328;-0.01165246
2015-01-16;-0.00320059;-0.00319976
2015-01-19;0.00113488;0.00113735
2015-01-20;0.00342463;0.00342546
2015-01-21;0.00173391;0.00173473
2015-01-22;0.00381596;0.00381678
2015-01-23;0.00475592;0.00475646
2015-01-26;0.00323504;0.00323750
2015-01-27;-0.00349485;-0.00349430
2015-01-28;0.00016663;0.00016717
2015-01-29;0.01109996;0.01110079
2015-01-30;-0.00224863;-0.00224808
2015-02-02;-0.00144098;-0.00143934
2015-02-03;-0.00202236;-0.00202181
2015-02-04;0.00047766;0.00047794
2015-02-05;-0.00205907;-0.00205852
2015-02-06;0.00121661;0.00121716
2015-02-09;-0.00119297;-0.00119215
2015-02-10;0.00125531;0.00125559
2015-02-11;0.00173166;0.00173193
2015-02-12;-0.00296036;-0.00295982
2015-02-13;-0.00001133;-0.00001105
2015-02-16;-0.00052143;-0.00052061
2015-02-17;-0.00083384;-0.00083329
2015-02-18;0.00059825;0.00059879
2015-02-19;-0.00033859;-0.00033804
2015-02-20;0.00100511;0.00100566
2015-02-23;0.00045430;0.00045595
2015-02-24;0.00103386;0.00103441
2015-02-25;-0.00332464;-0.00332409
2015-02-26;0.00400414;0.00400496
2015-02-27;0.00043693;0.00043748
2015-03-02;0.00202157;0.00202321
2015-03-03;-0.00255953;-0.00255899
2015-03-04;0.00165803;0.00165830
2015-03-05;0.00253720;0.00253774
2015-03-06;0.00370527;0.00370554
2015-03-09;-0.00004205;-0.00004040
2015-03-10;-0.00002823;-0.00002768
2015-03-11;0.00438129;0.00438212
2015-03-12;-0.00068042;-0.00067960
2015-03-13;0.00287607;0.00287689
2015-03-16;0.00106054;0.00106465
2015-03-17;0.00011634;0.00011771
2015-03-18;0.00044105;0.00044187
2015-03-19;-0.00142147;-0.00142065
2015-03-20;-0.00468559;-0.00468532
2015-03-23;-0.00344705;-0.00344458
2015-03-24;-0.00035627;-0.00035572
2015-03-25;-0.00354413;-0.00354303
2015-03-26;-0.00095159;-0.00095077
2015-03-27;0.00187899;0.00188009
2015-03-30;0.00629999;0.00630327
2015-03-31;-0.00137765;-0.00137683
2015-04-01;-0.00079065;-0.00078982
2015-04-02;-0.00027658;-0.00027604
2015-04-03;-0.00392693;-0.00392638
2015-04-06;-0.00095927;-0.00095680
2015-04-07;0.00308123;0.00308178
2015-04-08;-0.00063552;-0.00063469
2015-04-09;0.00375238;0.00375320
2015-04-10;0.00222138;0.00222192
2015-04-13;0.00066051;0.00066298
2015-04-14;-0.00315650;-0.00315595
2015-04-15;0.00007521;0.00007576
2015-04-16;-0.00568890;-0.00568835
2015-04-17;-0.00217118;-0.00217091
2015-04-20;0.00125334;0.00125581
2015-04-21;0.00097991;0.00098073
2015-04-22;-0.00041612;-0.00041530
2015-04-23;-0.00198851;-0.00198769
2015-04-24;-0.00121925;-0.00121843
2015-04-27;-0.00048881;-0.00048716
2015-04-28;-0.00391167;-0.00391112
2015-04-29;-0.00537052;-0.00537025
2015-04-30;0.00212721;0.00212748
2015-05-01;0.00171461;0.00171489
2015-05-04;-0.00036125;-0.00035961
2015-05-05;-0.00331457;-0.00331429
2015-05-06;-0.00130555;-0.00130500
2015-05-07;0.00063389;0.00063416
2015-05-08;0.00282606;0.00282633
2015-05-11;0.00130179;0.00130344
2015-05-12;-0.00154489;-0.00154407
2015-05-13;-0.00278136;-0.00278081
2015-05-14;0.00068503;0.00068531
2015-05-15;0.00021694;0.00021748
2015-05-18;0.00080706;0.00080871
2015-05-19;0.00341188;0.00341243
2015-05-20;0.00109162;0.00109216
2015-05-21;0.00059002;0.00059056
2015-05-22;0.00007986;0.00008041
2015-05-25;0.00520932;0.00521096
2015-05-26;0.00075612;0.00075667
2015-05-27;0.00254220;0.00254248
2015-05-28;-0.00034235;-0.00034207
2015-05-29;-0.00178946;-0.00178919
2015-06-01;0.00260677;0.00260841
2015-06-02;-0.00472266;-0.00472239
2015-06-03;-0.00113152;-0.00113098
2015-06-04;0.00061774;0.00061829
2015-06-05;0.00282082;0.00282164
2015-06-08;-0.00347506;-0.00347342
2015-06-09;-0.00383586;-0.00383532
2015-06-10;-0.00160539;-0.00160484
2015-06-11;0.00352700;0.00352727
2015-06-12;-0.00263380;-0.00263325
2015-06-15;-0.00082048;-0.00081883
2015-06-16;0.00036121;0.00036149
2015-06-17;0.00118604;0.00118631
2015-06-18;-0.00489196;-0.00489169
2015-06-19;0.00072976;0.00073003
2015-06-22;0.00353798;0.00353880
2015-06-23;0.00376895;0.00376922
2015-06-24;0.00103439;0.00103467
2015-06-25;-0.00213522;-0.00213494
2015-06-26;0.00036040;0.00036068
2015-06-29;-0.00766056;-0.00765891
2015-06-30;0.00086689;0.00086716
2015-07-01;-0.00072764;-0.00072737
2015-07-02;0.00060091;0.00060119
2015-07-03;0.00034620;0.00034647
2015-07-06;-0.00178443;-0.00178279
2015-07-07;0.00188980;0.00189035
2015-07-08;-0.00192471;-0.00192416
2015-07-09;-0.00045273;-0.00045191
2015-07-10;0.00043195;0.00043223
2015-07-13;-0.00008452;-0.00008288
2015-07-14;0.00100818;0.00100846
2015-07-15;0.00032915;0.00032970
2015-07-16;0.00028512;0.00028567
2015-07-17;0.00085947;0.00086029
2015-07-20;0.00157323;0.00157652
2015-07-21;0.00075903;0.00075985
2015-07-22;0.00017133;0.00017243
2015-07-23;0.00010907;0.00010989
2015-07-24;0.00058581;0.00058691
2015-07-27;-0.00035217;-0.00034807
2015-07-28;-0.00025168;-0.00025031
2015-07-29;-0.00013057;-0.00012892
2015-07-30;-0.00011365;-0.00011173
2015-07-31;-0.00013367;-0.00013147
2015-08-03;0.00258930;0.00259588
2015-08-04;-0.00142879;-0.00142660
2015-08-05;0.00410822;0.00411041
2015-08-06;-0.00265914;-0.00265804
2015-08-07;-0.00193254;-0.00193089
2015-08-10;-0.00084436;-0.00083450
2015-08-11;0.00011079;0.00011353
2015-08-12;-0.00757628;-0.00757354
2015-08-13;0.00312014;0.00312288
2015-08-14;0.00084191;0.00084438
2015-08-17;0.00025960;0.00026782
2015-08-18;0.00151100;0.00151292
2015-08-19;-0.00359361;-0.00359224
2015-08-20;-0.00831151;-0.00831096
2015-08-21;-0.00774662;-0.00774580
2015-08-24;-0.00826223;-0.00825730
2015-08-25;0.00300054;0.00300246
2015-08-26;0.00778240;0.00778405
2015-08-27;0.00400421;0.00400585
2015-08-28;0.00225938;0.00226102
2015-08-31;-0.00171694;-0.00171036
2015-09-01;0.00244809;0.00244891
2015-09-02;0.00052875;0.00052957
2015-09-03;-0.00083219;-0.00083164
2015-09-04;0.00363904;0.00363958
2015-09-07;-0.00071462;-0.00071298
2015-09-08;-0.00385962;-0.00385798
2015-09-09;0.00042844;0.00042926
2015-09-10;-0.00114163;-0.00114108
2015-09-11;0.00100725;0.00100834
2015-09-14;-0.00034772;-0.00034197
2015-09-15;0.00021958;0.00022150
2015-09-16;-0.00462760;-0.00462596
2015-09-17;0.00019778;0.00019805
2015-09-18;-0.00095429;-0.00095457
2015-09-21;0.00176462;0.00176544
2015-09-22;0.00380187;0.00380160
2015-09-23;0.00157786;0.00157813
2015-09-24;-0.00034403;-0.00034375
2015-09-25;-0.00047754;-0.00047781
2015-09-28;0.00371968;0.00372050
2015-09-29;0.00083465;0.00083492
2015-09-30;-0.00122774;-0.00122802
2015-10-01;-0.00212913;-0.00212967
2015-10-02;-0.00486842;-0.00486842
2015-10-05;-0.00314409;-0.00314327
2015-10-06;-0.00291349;-0.00291349
2015-10-07;-0.00196028;-0.00196028
2015-10-08;-0.00015216;-0.00015243
2015-10-09;-0.00327897;-0.00327869
2015-10-12;-0.00162932;-0.00162850
2015-10-13;0.00140586;0.00140613
2015-10-14;-0.00270614;-0.00270614
2015-10-15;-0.00294507;-0.00294479
2015-10-16;0.00113170;0.00113197
2015-10-19;0.00158284;0.00158448
2015-10-20;-0.00086616;-0.00086561
2015-10-21;0.00266302;0.00266330
2015-10-22;0.00045067;0.00045067
2015-10-23;0.00070814;0.00070841
2015-10-26;-0.00099644;-0.00099480
2015-10-27;0.00217570;0.00217653
2015-10-28;-0.00227619;-0.00227510
2015-10-29;0.00457638;0.00457830
2015-10-30;-0.00255640;-0.00255421
2015-11-02;0.00023366;0.00024023
2015-11-03;0.00051220;0.00051384
2015-11-04;0.00032810;0.00032947
2015-11-05;0.00050043;0.00050180
2015-11-06;0.00202535;0.00202754
2015-11-09;-0.00125269;-0.00124118
2015-11-10;0.00061123;0.00061479
2015-11-11;-0.00025593;-0.00025237
2015-11-12;-0.00185337;-0.00184953
2015-11-13;-0.00016946;-0.00016590
2015-11-16;0.00072448;0.00073681
2015-11-17;0.00074863;0.00075247
2015-11-18;0.00115701;0.00116029
2015-11-19;-0.00128499;-0.00128197
2015-11-20;0.00110367;0.00110668
2015-11-23;0.00034679;0.00035829
2015-11-24;-0.00061772;-0.00061333
2015-11-25;0.00051431;0.00051952
2015-11-26;0.00101000;0.00101521
2015-11-27;0.00081478;0.00081944
2015-11-30;-0.00030471;-0.00028662
2015-12-01;0.00015846;0.00016421
2015-12-02;0.00161202;0.00161777
2015-12-03;-0.00908346;-0.00907771
2015-12-04;-0.00249868;-0.00249265
2015-12-07;0.00332924;0.00335307
2015-12-08;-0.00108636;-0.00107897
2015-12-09;-0.00505647;-0.00504935
2015-12-10;0.00050976;0.00051633
2015-12-11;-0.00232434;-0.00231832
2015-12-14;0.00032237;0.00034374
2015-12-15;0.00402154;0.00402839
2015-12-16;-0.00042673;-0.00041933
2015-12-17;0.00869182;0.00869813
2015-12-18;-0.00638462;-0.00637942
2015-12-21;-0.00189598;-0.00187625
2015-12-22;-0.00003677;-0.00003102
2015-12-23;0.00230299;0.00230847
2015-12-24;-0.00351321;-0.00350773
2015-12-25;-0.00041895;-0.00041347
2015-12-28;0.00175616;0.00177506
2015-12-29;0.00231705;0.00232335
2015-12-30;0.00034046;0.00034622
2015-12-31;0.00152204;0.00152643
2016-01-04;-0.00042770;-0.00040359
2016-01-05;-0.00014890;-0.00014342
2016-01-06;0.00009624;0.00010199
2016-01-07;-0.00280807;-0.00280259
2016-01-08;0.00235282;0.00235830
2016-01-11;0.00019316;0.00021042
2016-01-12;0.00278565;0.00279140
2016-01-13;-0.00129961;-0.00129358
2016-01-14;0.00220861;0.00221546
2016-01-15;-0.00030662;-0.00030031
2016-01-18;-0.00127003;-0.00125113
2016-01-19;0.00070978;0.00071690
2016-01-20;-0.00133663;-0.00132951
2016-01-21;-0.00217447;-0.00216680
2016-01-22;0.00029792;0.00030614
2016-01-25;0.00041909;0.00044457
2016-01-26;-0.00410583;-0.00409734
2016-01-27;0.00102008;0.00102885
2016-01-28;-0.00052967;-0.00052036
2016-01-29;0.00288022;0.00288898
2016-02-01;-0.00281687;-0.00278810
2016-02-02;0.00111199;0.00112131
2016-02-03;-0.00676832;-0.00675928
2016-02-04;-0.00481411;-0.00480617
2016-02-05;0.00541362;0.00542156
2016-02-08;-0.00068969;-0.00066339
2016-02-09;-0.00245167;-0.00244345
2016-02-10;0.00065183;0.00066032
2016-02-11;-0.00356326;-0.00355558
2016-02-12;0.00038637;0.00039431
2016-02-15;-0.00985188;-0.00982805
2016-02-16;0.00346781;0.00347603
2016-02-17;-0.00323848;-0.00323026
2016-02-18;-0.00020810;-0.00019988
2016-02-19;-0.00063168;-0.00062346
2016-02-22;0.00030632;0.00033344
2016-02-23;0.00150708;0.00151585
2016-02-24;-0.00002227;-0.00001322
2016-02-25;-0.00148875;-0.00147998
2016-02-26;0.00313934;0.00314811
2016-02-29;-0.00103015;-0.00100302
2016-03-01;-0.00279641;-0.00278737
2016-03-02;-0.00144155;-0.00143196
2016-03-03;-0.00050509;-0.00049769
2016-03-04;-0.00073588;-0.00072821
2016-03-07;-0.00027657;-0.00025027
2016-03-08;0.00151368;0.00152163
2016-03-09;-0.00116023;-0.00115201
2016-03-10;0.00097965;0.00098815
2016-03-11;-0.00364939;-0.00364062
2016-03-14;-0.00050175;-0.00047381
2016-03-15;0.00133675;0.00134606
2016-03-16;-0.00019517;-0.00018668
2016-03-17;-0.00028859;-0.00028065
2016-03-18;-0.00057463;-0.00056669
2016-03-21;0.00041647;0.00044194
2016-03-22;0.00040245;0.00041066
2016-03-23;-0.00036261;-0.00035439
2016-03-24;0.00040943;0.00041737
2016-03-25;-0.00070377;-0.00069583
2016-03-28;-0.00151701;-0.00149318
2016-03-29;-0.00017187;-0.00016556
2016-03-30;-0.00145541;-0.00144993
2016-03-31;0.00096005;0.00096580
2016-04-01;0.00005585;0.00006215
2016-04-04;-0.00043554;-0.00041663
2016-04-05;0.00089785;0.00090415
2016-04-06;0.00164173;0.00164803
2016-04-07;0.00029896;0.00030527
2016-04-08;0.00081561;0.00082191
2016-04-11;0.00125681;0.00127572
2016-04-12;0.00009001;0.00009604
2016-04-13;-0.00302894;-0.00302264
2016-04-14;-0.00098017;-0.00097414
2016-04-15;0.00080265;0.00080868
2016-04-18;0.00066900;0.00068708
2016-04-19;0.00141736;0.00142312
2016-04-20;-0.00099329;-0.00098699
2016-04-21;-0.00146126;-0.00145496
2016-04-22;-0.00353204;-0.00352573
2016-04-25;0.00110298;0.00112353
2016-04-26;0.00068612;0.00069269
2016-04-27;-0.00085948;-0.00085291
2016-04-28;0.00318039;0.00318641
2016-04-29;0.00377741;0.00378344
2016-05-02;0.00144373;0.00146182
2016-05-03;-0.00088889;-0.00088314
2016-05-04;-0.00212517;-0.00211997
2016-05-05;-0.00039604;-0.00039056
2016-05-06;0.00175000;0.00175520
2016-05-09;-0.00304928;-0.00302955
2016-05-10;-0.00091032;-0.00090375
2016-05-11;0.00144597;0.00145309
2016-05-12;-0.00121486;-0.00120746
2016-05-13;-0.00045957;-0.00045189
2016-05-16;0.00052038;0.00054340
2016-05-17;-0.00016095;-0.00015328
2016-05-18;-0.00060052;-0.00059230
2016-05-19;-0.00245271;-0.00244449
2016-05-20;-0.00065750;-0.00064873
2016-05-23;0.00006722;0.00009599
2016-05-24;-0.00085245;-0.00084286
2016-05-25;-0.00033619;-0.00032715
2016-05-26;0.00053716;0.00054538
2016-05-27;-0.00086650;-0.00085801
2016-05-30;-0.00181918;-0.00179370
2016-05-31;-0.00196805;-0.00195874
2016-06-01;0.00056602;0.00057424
2016-06-02;0.00070482;0.00071249
2016-06-03;-0.00215775;-0.00214980
2016-06-06;-0.00026498;-0.00024196
2016-06-07;-0.00120945;-0.00120178
2016-06-08;-0.00095718;-0.00095061
2016-06-09;-0.00001280;-0.00000595
2016-06-10;-0.00116020;-0.00115335
2016-06-13;-0.00028881;-0.00026661
2016-06-14;0.00009035;0.00009775
2016-06-15;-0.00043544;-0.00042832
2016-06-16;0.00172115;0.00172855
2016-06-17;-0.00186462;-0.00185750
2016-06-20;-0.00061586;-0.00059285
2016-06-21;0.00030099;0.00030839
2016-06-22;-0.00024622;-0.00023883
2016-06-23;0.00014919;0.00015741
2016-06-24;-0.00069839;-0.00069127
2016-06-27;-0.00062397;-0.00060178
2016-06-28;0.00196559;0.00197271
2016-06-29;-0.00002196;-0.00001484
2016-06-30;0.00144859;0.00145571
2016-07-01;0.00080258;0.00080998
2016-07-04;0.00031560;0.00033779
2016-07-05;0.00414614;0.00415381
2016-07-06;0.00196203;0.00196943
2016-07-07;-0.00061880;-0.00061086
2016-07-08;-0.00049157;-0.00048417
2016-07-11;-0.00322684;-0.00320136
2016-07-12;-0.00432385;-0.00431591
2016-07-13;0.00093295;0.00094144
2016-07-14;-0.00272986;-0.00272137
2016-07-15;0.00016108;0.00016957
2016-07-18;-0.00121307;-0.00118676
2016-07-19;0.00119144;0.00119994
2016-07-20;-0.00250505;-0.00249628
2016-07-21;0.00067212;0.00068061
2016-07-22;0.00024758;0.00025635
2016-07-25;-0.00080431;-0.00077801
2016-07-26;0.00094667;0.00095517
2016-07-27;-0.00048393;-0.00047543
2016-07-28;-0.00030221;-0.00029536
2016-07-29;0.00044484;0.00045224
2016-08-01;0.00087389;0.00089772
2016-08-02;0.00052831;0.00053626
2016-08-03;-0.00047426;-0.00046659
2016-08-04;0.00054463;0.00055175
2016-08-05;0.00006825;0.00007565
2016-08-08;-0.00074728;-0.00072180
2016-08-09;0.00083563;0.00084357
2016-08-10;0.00053567;0.00054334
2016-08-11;-0.00030384;-0.00029617
2016-08-12;-0.00116085;-0.00115318
2016-08-15;0.00088542;0.00091090
2016-08-16;-0.00066151;-0.00065412
2016-08-17;-0.00075702;-0.00074880
2016-08-18;0.00000705;0.00001499
2016-08-19;-0.00075613;-0.00074818
2016-08-22;-0.00085359;-0.00082975
2016-08-23;0.00023617;0.00024438
2016-08-24;-0.00225280;-0.00224431
2016-08-25;-0.00039190;-0.00038286
2016-08-26;0.00031302;0.00032206
2016-08-29;0.00049194;0.00051906
2016-08-30;-0.00114882;-0.00113978
2016-08-31;-0.00056371;-0.00055467
2016-09-01;-0.00074334;-0.00073430
2016-09-02;0.00123553;0.00124430
2016-09-05;-0.00067450;-0.00064820
2016-09-06;0.00041315;0.00042192
2016-09-07;0.00042285;0.00043216
2016-09-08;-0.00099995;-0.00099064
2016-09-09;-0.00333387;-0.00332456
2016-09-12;0.00108158;0.00111199
2016-09-13;-0.00147974;-0.00146988
2016-09-14;-0.00000098;0.00000806
2016-09-15;0.00196407;0.00197202
2016-09-16;0.00035509;0.00036304
2016-09-19;0.00064215;0.00066681
2016-09-20;0.00051874;0.00052696
2016-09-21;0.00194647;0.00195250
2016-09-22;0.00070917;0.00071410
2016-09-23;-0.00044280;-0.00043787
2016-09-26;-0.00218325;-0.00216270
2016-09-27;0.00117575;0.00118288
2016-09-28;0.00076433;0.00077173
2016-09-29;-0.00233235;-0.00232523
2016-09-30;0.00147648;0.00148415
2016-10-03;-0.00105906;-0.00103276
2016-10-04;-0.00271982;-0.00271078
2016-10-05;-0.00082342;-0.00081465
2016-10-06;-0.00179692;-0.00178816
2016-10-07;0.00071570;0.00072447
2016-10-10;0.00316892;0.00319522
2016-10-11;-0.00224394;-0.00223435
2016-10-12;-0.00152776;-0.00151789
2016-10-13;0.00090243;0.00091037
2016-10-14;-0.00035899;-0.00035050
2016-10-17;0.00025554;0.00028349
2016-10-18;0.00109948;0.00110879
2016-10-19;0.00055723;0.00056654
2016-10-20;-0.00239221;-0.00238290
2016-10-21;-0.00155094;-0.00154190
2016-10-24;0.00136636;0.00139349
2016-10-25;0.00048666;0.00049597
2016-10-26;-0.00103093;-0.00102189
2016-10-27;-0.00139788;-0.00138993
2016-10-28;-0.00036709;-0.00035914
2016-10-31;0.00056717;0.00059512
2016-11-01;-0.00264678;-0.00263719
2016-11-02;-0.00363880;-0.00362894
2016-11-03;-0.00043731;-0.00042718
2016-11-04;-0.00161828;-0.00160814
2016-11-07;0.00395077;0.00398446
2016-11-08;0.00019079;0.00020257
2016-11-09;-0.00002474;-0.00001268
2016-11-10;0.00218671;0.00219958
2016-11-11;0.00048891;0.00050179
2016-11-14;0.00600495;0.00604934
2016-11-15;-0.00017930;-0.00016560
2016-11-16;-0.00002076;-0.00000816
2016-11-17;0.00110174;0.00111353
2016-11-18;0.00251643;0.00252821
2016-11-21;-0.00111936;-0.00108155
2016-11-22;0.00017219;0.00018534
2016-11-23;0.00195520;0.00196890
2016-11-24;0.00132375;0.00133745
2016-11-25;0.00018195;0.00019510
2016-11-28;-0.00067312;-0.00063367
2016-11-29;-0.00111787;-0.00110472
2016-11-30;0.00129615;0.00130930
2016-12-01;-0.00279848;-0.00278561
2016-12-02;-0.00122499;-0.00121184
2016-12-05;0.00049672;0.00053700
2016-12-06;0.00084861;0.00086203
2016-12-07;0.00142561;0.00143958
2016-12-08;0.00190030;0.00191399
2016-12-09;0.00150484;0.00151937
2016-12-12;-0.00142049;-0.00137857
2016-12-13;0.00121096;0.00122576
2016-12-14;-0.00136086;-0.00134606
2016-12-15;0.00803032;0.00804402
2016-12-16;-0.00168925;-0.00167555
2016-12-19;0.00070435;0.00074709
2016-12-20;0.00148480;0.00149904
2016-12-21;-0.00020011;-0.00018614
2016-12-22;0.00023584;0.00024953
2016-12-23;0.00102921;0.00104319
2016-12-26;-0.00028077;-0.00023885
2016-12-27;0.00039263;0.00040661
2016-12-28;-0.00065055;-0.00063630
2016-12-29;-0.00240639;-0.00239378
2016-12-30;-0.00198752;-0.00197382
2017-01-02;0.00816600;0.00820710
2017-01-03;0.00289644;0.00291096
2017-01-04;-0.00029530;-0.00028105
2017-01-05;-0.00393578;-0.00392181
2017-01-06;0.00235528;0.00236952
2017-01-09;-0.00104081;-0.00099972
2017-01-10;-0.00039466;-0.00038068
2017-01-11;0.00144431;0.00145829
2017-01-12;-0.00599499;-0.00598101
2017-01-13;0.00236471;0.00237896
2017-01-16;-0.00519370;-0.00515096
2017-01-17;-0.00489359;-0.00487880
2017-01-18;0.00150763;0.00152188
2017-01-19;0.00172762;0.00174160
2017-01-20;0.00126083;0.00127426
2017-01-23;-0.00472966;-0.00468774
2017-01-24;0.00012510;0.00013879
2017-01-25;0.00258276;0.00259619
2017-01-26;0.00267886;0.00269256
2017-01-27;-0.00030180;-0.00028783
2017-01-30;-0.00197699;-0.00193507
2017-01-31;-0.00479614;-0.00478189
2017-02-01;0.00000131;0.00001501
2017-02-02;0.00097205;0.00098602
2017-02-03;0.00098771;0.00100141
2017-02-06;-0.00142766;-0.00138410
2017-02-07;-0.00013409;-0.00011957
2017-02-08;0.00084155;0.00085607
2017-02-09;0.00009025;0.00010477
2017-02-10;0.00156994;0.00158473
2017-02-13;0.00059013;0.00063287
2017-02-14;0.00002634;0.00004113
2017-02-15;0.00159507;0.00160960
2017-02-16;0.00066946;0.00068370
2017-02-17;-0.00041306;-0.00039881
2017-02-20;0.00091475;0.00095749
2017-02-21;0.00060307;0.00061759
2017-02-22;-0.00065554;-0.00064129
2017-02-23;0.00132486;0.00133884
2017-02-24;0.00005953;0.00007350
2017-02-27;-0.00000045;0.00004065
2017-02-28;-0.00157890;-0.00156438
2017-03-01;0.00413686;0.00415385
2017-03-02;-0.00453685;-0.00451877
2017-03-03;-0.00084796;-0.00082878
2017-03-06;-0.00074531;-0.00068531
2017-03-07;-0.00110996;-0.00108941
2017-03-08;-0.00177097;-0.00175124
2017-03-09;-0.00133995;-0.00132022
2017-03-10;0.00050547;0.00052547
2017-03-13;0.00073401;0.00079812
2017-03-14;-0.00044997;-0.00042887
2017-03-15;0.00157105;0.00159078
2017-03-16;0.00308007;0.00309980
2017-03-17;0.00040268;0.00042241
2017-03-20;0.00024886;0.00031050
2017-03-21;-0.00347929;-0.00345847
2017-03-22;0.00004273;0.00006355
2017-03-23;-0.00017456;-0.00015401
2017-03-24;0.00052873;0.00054982
2017-03-27;-0.00033784;-0.00027455
2017-03-28;0.00394015;0.00396125
2017-03-29;0.00180212;0.00182322
2017-03-30;-0.00016405;-0.00014296
2017-03-31;-0.00065260;-0.00063205
2017-04-03;-0.00147035;-0.00140624
2017-04-04;0.00062049;0.00064186
2017-04-05;-0.00225845;-0.00223680
2017-04-06;0.00065238;0.00067375
2017-04-07;-0.00093309;-0.00091090
2017-04-10;-0.00143592;-0.00136935
2017-04-11;0.00215263;0.00217482
2017-04-12;0.00010425;0.00012616
2017-04-13;0.00199176;0.00201367
2017-04-14;0.00034176;0.00036367
2017-04-17;0.00260065;0.00266805
2017-04-18;-0.00186855;-0.00184636
2017-04-19;-0.00213818;-0.00211626
2017-04-20;0.00168151;0.00170288
2017-04-21;-0.00074326;-0.00072189
2017-04-24;0.00388939;0.00395514
2017-04-25;-0.00107050;-0.00104831
2017-04-26;-0.00298541;-0.00296295
2017-04-27;0.00037271;0.00039463
2017-04-28;0.00035232;0.00037396
2017-05-01;-0.00120518;-0.00113779
2017-05-02;0.00239635;0.00241854
2017-05-03;-0.00060897;-0.00058595
2017-05-04;0.00070705;0.00073006
2017-05-05;0.00081911;0.00084322
2017-05-08;0.00032134;0.00039531
2017-05-09;-0.00016929;-0.00014464
2017-05-10;-0.00056608;-0.00054169
2017-05-11;0.00020772;0.00023156
2017-05-12;0.00087890;0.00090246
2017-05-15;0.00081165;0.00088480
2017-05-16;0.00090731;0.00093170
2017-05-17;-0.00447408;-0.00444969
2017-05-18;0.00040920;0.00043413
2017-05-19;0.00136804;0.00139270
2017-05-22;0.00173073;0.00180635
2017-05-23;-0.00036036;-0.00033543
2017-05-24;0.00036335;0.00038856
2017-05-25;0.00207841;0.00210361
2017-05-26;0.00030097;0.00032618
2017-05-29;0.00076959;0.00084521
2017-05-30;-0.00083234;-0.00080714
2017-05-31;0.00183422;0.00186053
2017-06-01;0.00135751;0.00138381
2017-06-02;0.00596059;0.00598689
2017-06-05;-0.00106526;-0.00098718
2017-06-06;-0.00057204;-0.00054574
2017-06-07;-0.00081871;-0.00079186
2017-06-08;-0.00159776;-0.00157063
2017-06-09;-0.00246706;-0.00243993
2017-06-12;-0.00167696;-0.00159724
2017-06-13;0.00008472;0.00011185
2017-06-14;0.00131982;0.00134695
2017-06-15;-0.00569015;-0.00566276
2017-06-16;0.00057592;0.00060359
2017-06-19;0.00225206;0.00233507
2017-06-20;-0.00167907;-0.00165167
2017-06-21;0.00090655;0.00093312
2017-06-22;0.00032708;0.00035283
2017-06-23;0.00157276;0.00159879
2017-06-26;-0.00145406;-0.00137351
2017-06-27;-0.00179752;-0.00177040
2017-06-28;0.00202839;0.00205579
2017-06-29;-0.00374064;-0.00371270
2017-06-30;-0.00207472;-0.00204705
2017-07-03;0.00210485;0.00219033
2017-07-04;-0.00105031;-0.00102182
2017-07-05;-0.00087579;-0.00084757
2017-07-06;0.00028416;0.00031210
2017-07-07;0.00378416;0.00381238
2017-07-10;-0.00058494;-0.00050028
2017-07-11;-0.00009214;-0.00006393
2017-07-12;0.00147838;0.00150659
2017-07-13;0.00137311;0.00140133
2017-07-14;0.00192409;0.00195204
2017-07-17;-0.00089014;-0.00080384
2017-07-18;0.00171622;0.00174499
2017-07-19;0.00036007;0.00038993
2017-07-20;0.00178744;0.00181840
2017-07-21;-0.00158104;-0.00154981
2017-07-24;-0.00005689;0.00003763
2017-07-25;0.00027355;0.00030533
2017-07-26;-0.00045728;-0.00042687
2017-07-27;-0.00220350;-0.00217364
2017-07-28;-0.00022796;-0.00019892
2017-07-31;-0.00039149;-0.00030519
2017-08-01;-0.00059582;-0.00056678
2017-08-02;0.00134873;0.00137777
2017-08-03;-0.00184741;-0.00181837
2017-08-04;-0.00364388;-0.00361484
2017-08-07;0.00004199;0.00012500
2017-08-08;-0.00175962;-0.00173113
2017-08-09;-0.00020758;-0.00017909
2017-08-10;-0.00243545;-0.00240723
2017-08-11;0.00173387;0.00176154
2017-08-14;-0.00014747;-0.00006446
2017-08-15;-0.00256245;-0.00253451
2017-08-16;0.00057973;0.00060712
2017-08-17;-0.00056789;-0.00054104
2017-08-18;0.00019936;0.00022676
2017-08-21;0.00143429;0.00151566
2017-08-22;0.00009196;0.00011909
2017-08-23;-0.00070093;-0.00067408
2017-08-24;0.00001529;0.00004269
2017-08-25;0.00262984;0.00265751
2017-08-28;0.00210057;0.00218029
2017-08-29;0.00161089;0.00163856
2017-08-30;-0.00245136;-0.00242369
2017-08-31;0.00190326;0.00193039
2017-09-01;0.00074653;0.00077393
2017-09-04;0.00235208;0.00243428
2017-09-05;0.00084804;0.00087571
2017-09-06;0.00210264;0.00213141
2017-09-07;0.00213844;0.00216666
2017-09-08;0.00022765;0.00025559
2017-09-11;-0.00227685;-0.00219137
2017-09-12;-0.00174005;-0.00171210
2017-09-13;-0.00203325;-0.00200530
2017-09-14;-0.00128299;-0.00125477
2017-09-15;0.00131161;0.00133982
2017-09-18;-0.00148057;-0.00139509
2017-09-19;-0.00044065;-0.00041244
2017-09-20;0.00022600;0.00025395
2017-09-21;-0.00372772;-0.00369978
2017-09-22;0.00092467;0.00095234
2017-09-25;-0.00214747;-0.00206200
2017-09-26;-0.00149831;-0.00146955
2017-09-27;-0.00068127;-0.00065250
2017-09-28;-0.00051542;-0.00048693
2017-09-29;0.00069783;0.00072632
2017-10-02;-0.00005572;0.00002647
2017-10-03;0.00162716;0.00165593
2017-10-04;0.00113026;0.00115930
2017-10-05;-0.00075295;-0.00072418
2017-10-06;-0.00075242;-0.00072365
2017-10-09;-0.00154532;-0.00145902
2017-10-10;0.00163557;0.00166461
2017-10-11;0.00096089;0.00099048
2017-10-12;0.00012584;0.00015515
2017-10-13;0.00149779;0.00152711
2017-10-16;-0.00013258;-0.00004299
2017-10-17;0.00037892;0.00040824
2017-10-18;0.00207886;0.00210817
2017-10-19;-0.00101435;-0.00098476
2017-10-20;0.00057200;0.00060186
2017-10-23;-0.00005577;0.00003300
2017-10-24;0.00039203;0.00042217
2017-10-25;-0.00243777;-0.00240763
2017-10-26;0.00047079;0.00050065
2017-10-27;0.00330126;0.00333085
2017-10-30;0.00015620;0.00024661
2017-10-31;0.00115918;0.00119014
2017-11-01;0.00330585;0.00333763
2017-11-02;-0.00160873;-0.00157722
2017-11-03;0.00345349;0.00348527
2017-11-06;-0.00153455;-0.00143839
2017-11-07;0.00197484;0.00200772
2017-11-08;-0.00120422;-0.00117106
2017-11-09;-0.00333574;-0.00330232
2017-11-10;-0.00056364;-0.00053049
2017-11-13;-0.00131079;-0.00121052
2017-11-14;-0.00227678;-0.00224280
2017-11-15;-0.00245985;-0.00242615
2017-11-16;0.00334725;0.00338150
2017-11-17;-0.00346929;-0.00343477
2017-11-20;0.00302928;0.00313448
2017-11-21;0.00193677;0.00197184
2017-11-22;-0.00345837;-0.00342358
2017-11-23;-0.00067621;-0.00064142
2017-11-24;0.00009981;0.00013433
2017-11-27;-0.00146000;-0.00135726
2017-11-28;0.00223637;0.00227144
2017-11-29;0.00192219;0.00195698
2017-11-30;0.00303154;0.00306578
2017-12-01;-0.00080567;-0.00077142
2017-12-04;-0.00237367;-0.00226846
2017-12-05;-0.00060655;-0.00057149
2017-12-06;-0.00102025;-0.00098518
2017-12-07;0.00254187;0.00257666
2017-12-08;0.00168267;0.00171719
2017-12-11;0.00142468;0.00153236
2017-12-12;-0.00046365;-0.00042749
2017-12-13;-0.00054329;-0.00050822
2017-12-14;-0.00075200;-0.00071638
2017-12-15;0.00081766;0.00085300
2017-12-18;0.00349340;0.00360518
2017-12-19;-0.00136990;-0.00133291
2017-12-20;-0.00066017;-0.00062291
2017-12-21;-0.00064603;-0.00060959
2017-12-22;-0.00060156;-0.00056567
2017-12-25;0.00115288;0.00126055
2017-12-26;-0.00143573;-0.00139600
2017-12-27;-0.00001089;0.00002801
2017-12-28;-0.00000280;0.00003473
2017-12-29;-0.00148194;-0.00144440
2018-01-02;0.00460009;0.00475570
2018-01-03;0.00088533;0.00092342
2018-01-04;0.00407823;0.00411631
2018-01-05;0.00299882;0.00303636
2018-01-08;-0.00118016;-0.00106263
2018-01-09;-0.00202262;-0.00198372
2018-01-10;0.00111354;0.00115189
2018-01-11;0.00274885;0.00278748
2018-01-12;0.00533676;0.00537539
2018-01-15;0.00036730;0.00048319
2018-01-16;0.00403046;0.00406964
2018-01-17;0.00215767;0.00219658
2018-01-18;-0.00073871;-0.00069953
2018-01-19;0.00141034;0.00144924
2018-01-22;0.00160133;0.00171887
2018-01-23;0.00351838;0.00355728
2018-01-24;0.00739661;0.00743524
2018-01-25;0.00289578;0.00293414
2018-01-26;0.00092829;0.00096637
2018-01-29;-0.00523880;-0.00512126
2018-01-30;-0.00428053;-0.00424162
2018-01-31;0.00158005;0.00161950
2018-02-01;0.00063375;0.00067375
2018-02-02;-0.01234722;-0.01230722
2018-02-05;-0.01220022;-0.01207776
2018-02-06;-0.00126790;-0.00122681
2018-02-07;-0.00647570;-0.00643379
2018-02-08;-0.00746597;-0.00742405
2018-02-09;0.00045358;0.00049550
2018-02-12;0.00604414;0.00617647
2018-02-13;0.00410342;0.00414643
2018-02-14;0.00791769;0.00796043
2018-02-15;0.00777571;0.00781845
2018-02-16;0.00000023;0.00004379
2018-02-19;0.00601097;0.00614165
2018-02-20;-0.00852834;-0.00848341
2018-02-21;-0.00362299;-0.00357860
2018-02-22;0.00061683;0.00066094
2018-02-23;0.00366722;0.00371133
2018-02-26;0.00215142;0.00228704
2018-02-27;-0.00632043;-0.00627550
2018-02-28;-0.00417005;-0.00412540
2018-03-01;-0.00034806;-0.00030422
2018-03-02;0.00281069;0.00285507
2018-03-05;0.00031683;0.00045409
2018-03-06;-0.00062523;-0.00058002
2018-03-07;0.00061501;0.00066022
2018-03-08;-0.00135055;-0.00130562
2018-03-09;-0.00033681;-0.00029188
2018-03-12;0.00013867;0.00027675
2018-03-13;0.00069084;0.00073741
2018-03-14;0.00040095;0.00044835
2018-03-15;-0.00024214;-0.00019447
2018-03-16;-0.00034046;-0.00029252
2018-03-19;0.00030328;0.00044876
2018-03-20;-0.00086004;-0.00081127
2018-03-21;-0.00072296;-0.00067611
2018-03-22;0.00080381;0.00085011
2018-03-23;0.00093527;0.00098212
2018-03-26;0.00113977;0.00128443
2018-03-27;-0.00259802;-0.00255035
2018-03-28;-0.00070760;-0.00066103
2018-03-29;-0.00039395;-0.00034737
2018-03-30;0.00010437;0.00015094
2018-04-02;-0.00020092;-0.00005791
2018-04-03;-0.00037067;-0.00032354
2018-04-04;0.00076593;0.00081196
2018-04-05;-0.00487373;-0.00482743
2018-04-06;0.00227476;0.00232134
2018-04-09;-0.00000860;0.00013359
2018-04-10;-0.00097583;-0.00092898
2018-04-11;0.00176090;0.00180748
2018-04-12;-0.00151406;-0.00146694
2018-04-13;-0.00055088;-0.00050348
2018-04-16;0.00129172;0.00143637
2018-04-17;-0.00170191;-0.00165341
2018-04-18;-0.00147440;-0.00142563
2018-04-19;-0.00100503;-0.00095599
2018-04-20;-0.00153719;-0.00148843
2018-04-23;-0.00116311;-0.00101188
2018-04-24;-0.00020161;-0.00015120
2018-04-25;-0.00023688;-0.00018702
2018-04-26;-0.00149322;-0.00144418
2018-04-27;-0.00099705;-0.00094828
2018-04-30;-0.00124550;-0.00109426
2018-05-01;0.00190340;0.00195326
2018-05-02;0.00013182;0.00018140
2018-05-03;-0.00076171;-0.00071239
2018-05-04;0.00078245;0.00083177
2018-05-07;0.00035292;0.00050333
2018-05-08;0.00041759;0.00046800
2018-05-09;0.00064291;0.00069359
2018-05-10;-0.00014818;-0.00009722
2018-05-11;-0.00064028;-0.00058878
2018-05-14;-0.00007222;0.00008394
2018-05-15;0.00163223;0.00168401
2018-05-16;0.00032310;0.00037461
2018-05-17;0.00019972;0.00025122
2018-05-18;-0.00039707;-0.00034584
2018-05-21;0.00033673;0.00049290
2018-05-22;-0.00045574;-0.00040368
2018-05-23;0.00039862;0.00045013
2018-05-24;-0.00175877;-0.00170754
2018-05-25;0.00047223;0.00052319
2018-05-28;-0.00050069;-0.00034782
2018-05-29;0.00029908;0.00035114
2018-05-30;-0.00034938;-0.00029732
2018-05-31;-0.00086447;-0.00081269
2018-06-01;0.00097321;0.00102472
2018-06-04;0.00076527;0.00092226
2018-06-05;-0.00002000;0.00003233
2018-06-06;0.00006267;0.00011499
2018-06-07;-0.00068793;-0.00063588
2018-06-08;0.00048991;0.00054169
2018-06-11;0.00010097;0.00025796
2018-06-12;0.00002391;0.00007569
2018-06-13;-0.00018585;-0.00013380
2018-06-14;0.00212012;0.00217217
2018-06-15;-0.00030934;-0.00025729
2018-06-18;-0.00027645;-0.00011946
2018-06-19;0.00004805;0.00010038
2018-06-20;0.00010676;0.00015882
2018-06-21;-0.00124249;-0.00119043
2018-06-22;0.00037059;0.00042237
2018-06-25;-0.00242363;-0.00226747
2018-06-26;0.00042644;0.00047849
2018-06-27;-0.00013943;-0.00008765
2018-06-28;0.00032666;0.00037844
2018-06-29;-0.00094006;-0.00088828
2018-07-02;0.00218258;0.00234285
2018-07-03;-0.00396829;-0.00391514
2018-07-04;-0.00122250;-0.00116935
2018-07-05;-0.00007723;-0.00002463
2018-07-06;0.00122934;0.00128222
2018-07-09;0.00180261;0.00196288
2018-07-10;0.00105436;0.00110779
2018-07-11;0.00073928;0.00079216
2018-07-12;0.00333063;0.00338379
2018-07-13;0.00248541;0.00253856
2018-07-16;-0.00153585;-0.00137311
2018-07-17;0.00304415;0.00309839
2018-07-18;0.00065824;0.00071194
2018-07-19;0.00182958;0.00188328
2018-07-20;-0.00453538;-0.00448196
2018-07-23;-0.00047488;-0.00031379
2018-07-24;0.00021379;0.00026803
2018-07-25;0.00084749;0.00090146
2018-07-26;-0.00081693;-0.00076351
2018-07-27;-0.00145050;-0.00139681
2018-07-30;-0.00295075;-0.00278555
2018-07-31;0.00061479;0.00066931
2018-08-01;0.00113523;0.00118975
2018-08-02;0.00062879;0.00068304
2018-08-03;-0.00005133;0.00000264
2018-08-06;0.00186613;0.00203216
2018-08-07;0.00047926;0.00053460
2018-08-08;-0.00044819;-0.00039285
2018-08-09;0.00013162;0.00018696
2018-08-10;-0.00170044;-0.00164537
2018-08-13;0.00066951;0.00083636
2018-08-14;0.00266184;0.00271773
2018-08-15;0.00027501;0.00033063
2018-08-16;0.00004472;0.00010034
2018-08-17;-0.00006254;-0.00000747
2018-08-20;-0.00105764;-0.00089079
2018-08-21;-0.00055740;-0.00050151
2018-08-22;0.00015471;0.00021088
2018-08-23;0.00274664;0.00280253
2018-08-24;-0.00102817;-0.00097200
2018-08-27;0.00143969;0.00161065
2018-08-28;0.00037716;0.00043442
2018-08-29;0.00303285;0.00309011
2018-08-30;0.00018750;0.00024421
2018-08-31;-0.00005555;0.00000116
2018-09-03;-0.00251772;-0.00234758
2018-09-04;0.00354715;0.00360441
2018-09-05;-0.00226414;-0.00220661
2018-09-06;-0.00134305;-0.00128579
2018-09-07;0.00040961;0.00046714
2018-09-10;-0.00057039;-0.00039696
2018-09-11;0.00183689;0.00189469
2018-09-12;-0.00409936;-0.00404128
2018-09-13;0.00135011;0.00140792
2018-09-14;0.00215410;0.00221218
2018-09-17;-0.00308076;-0.00290569
2018-09-18;0.00125131;0.00130967
2018-09-19;-0.00153748;-0.00147939
2018-09-20;0.00021041;0.00026877
2018-09-21;0.00116314;0.00122177
2018-09-24;-0.00072207;-0.00054289
2018-09-25;-0.00026815;-0.00020870
2018-09-26;0.00051977;0.00057895
2018-09-27;0.00355900;0.00361763
2018-09-28;-0.00177561;-0.00171671
2018-10-01;0.00340576;0.00358576
2018-10-02;-0.00151043;-0.00145043
2018-10-03;0.00239966;0.00245966
2018-10-04;-0.00023064;-0.00017092
2018-10-05;-0.00108239;-0.00102266
2018-10-08;0.00739426;0.00757344
2018-10-09;-0.00259465;-0.00253411
2018-10-10;-0.00245869;-0.00239759
2018-10-11;-0.00746650;-0.00740568
2018-10-12;0.00168881;0.00174991
2018-10-15;-0.00444644;-0.00425987
2018-10-16;0.00200472;0.00206664
2018-10-17;0.00255329;0.00261548
2018-10-18;-0.00034087;-0.00027868
2018-10-19;-0.00011570;-0.00005378
2018-10-22;0.00248570;0.00267474
2018-10-23;-0.00321667;-0.00315393
2018-10-24;0.00181256;0.00187530
2018-10-25;-0.00153239;-0.00146965
2018-10-26;-0.00311494;-0.00305247
2018-10-29;0.00116853;0.00135757
2018-10-30;0.00271546;0.00277820
2018-10-31;0.00342022;0.00348296
2018-11-01;-0.00610624;-0.00604405
2018-11-02;-0.00035764;-0.00029518
2018-11-05;-0.00001573;0.00017495
2018-11-06;-0.00098982;-0.00092654
2018-11-07;-0.00439950;-0.00433594
2018-11-08;0.00150991;0.00157292
2018-11-09;0.00594371;0.00600700
2018-11-12;0.00416916;0.00435902
2018-11-13;-0.00019230;-0.00012819
2018-11-14;0.00028272;0.00034655
2018-11-15;0.00034369;0.00040725
2018-11-16;-0.00306029;-0.00299700
2018-11-19;-0.00011236;0.00007997
2018-11-20;0.00426340;0.00432751
2018-11-21;-0.00151814;-0.00145349
2018-11-22;0.00279757;0.00286223
2018-11-23;0.00190497;0.00196963
2018-11-26;-0.00180941;-0.00161462
2018-11-27;0.00283905;0.00290371
2018-11-28;-0.00230197;-0.00223758
2018-11-29;-0.00311964;-0.00305608
2018-11-30;0.00152333;0.00158690
2018-12-03;-0.00312017;-0.00292785
2018-12-04;-0.00001540;0.00004980
2018-12-05;0.00463865;0.00470385
2018-12-06;0.00281153;0.00287619
2018-12-07;-0.00170758;-0.00164320
2018-12-10;0.00328762;0.00348241
2018-12-11;0.00092280;0.00098773
2018-12-12;-0.00370239;-0.00363691
2018-12-13;0.00072547;0.00079068
2018-12-14;0.00192023;0.00198516
2018-12-17;-0.00118918;-0.00099520
2018-12-18;0.00028537;0.00034948
2018-12-19;-0.00215119;-0.00208680
2018-12-20;0.00048051;0.00054462
2018-12-21;0.00078941;0.00085352
2018-12-24;-0.00091380;-0.00071572
2018-12-25;0.00857989;0.00864592
2018-12-26;-0.00207118;-0.00200570
2018-12-27;0.00154354;0.00160820
2018-12-28;-0.00303515;-0.00297077
2018-12-31;-0.00185317;-0.00165591
2019-01-02;0.00126261;0.00139247
2019-01-03;0.00305528;0.00311993
2019-01-04;-0.00587476;-0.00580983
2019-01-07;-0.00312990;-0.00293182
2019-01-08;-0.00077512;-0.00070909
2019-01-09;-0.00230581;-0.00224006
2019-01-10;-0.00039488;-0.00032968
2019-01-11;-0.00018994;-0.00012473
2019-01-14;0.00144466;0.00164192
2019-01-15;-0.00147685;-0.00141109
2019-01-16;-0.00070704;-0.00064183
2019-01-17;-0.00041355;-0.00034862
2019-01-18;-0.00393503;-0.00387038
2019-01-21;0.00122775;0.00142172
2019-01-22;0.00283423;0.00289943
2019-01-23;-0.00010251;-0.00003785
2019-01-24;-0.00037859;-0.00031503
2019-01-25;-0.00302173;-0.00295762
2019-01-28;0.00186481;0.00205961
2019-01-29;0.00019580;0.00026073
2019-01-30;-0.00242247;-0.00235753
2019-01-31;-0.00146005;-0.00139539
2019-02-01;-0.00084270;-0.00077832
2019-02-04;-0.00030226;-0.00010746
2019-02-05;-0.00031750;-0.00025256
2019-02-06;-0.00052398;-0.00045905
2019-02-07;0.00036234;0.00042727
2019-02-08;0.00026411;0.00032931
2019-02-11;-0.00105845;-0.00086119
2019-02-12;0.00017787;0.00024307
2019-02-13;-0.00047412;-0.00040864
2019-02-14;-0.00008858;-0.00002337
2019-02-15;0.00061646;0.00068167
2019-02-18;-0.00127656;-0.00108094
2019-02-19;0.00120689;0.00127292
2019-02-20;0.00025702;0.00032278
2019-02-21;-0.00143552;-0.00136976
2019-02-22;0.00057549;0.00064152
2019-02-25;-0.00032837;-0.00012946
2019-02-26;0.00062687;0.00069262
2019-02-27;-0.00061311;-0.00054736
2019-02-28;-0.00088948;-0.00082372
2019-03-01;0.00082318;0.00088866
2019-03-04;-0.00007488;0.00012320
2019-03-05;0.00139892;0.00146495
2019-03-06;-0.00050172;-0.00043569
2019-03-07;0.00179683;0.00186258
2019-03-08;-0.00168186;-0.00161584
2019-03-11;0.00217482;0.00237290
2019-03-12;-0.00147173;-0.00140570
2019-03-13;0.00032796;0.00039371
2019-03-14;0.00061494;0.00068069
2019-03-15;-0.00060164;-0.00053589
2019-03-18;-0.00088551;-0.00068908
2019-03-19;0.00032216;0.00038818
2019-03-20;-0.00096079;-0.00089449
2019-03-21;-0.00128112;-0.00121454
2019-03-22;-0.00022439;-0.00015836
2019-03-25;-0.00091771;-0.00071963
2019-03-26;0.00117974;0.00124577
2019-03-27;0.00083640;0.00090188
2019-03-28;0.00033002;0.00039522
2019-03-29;0.00044921;0.00051359
2019-04-01;0.00130043;0.00149605
2019-04-02;0.00062390;0.00068883
2019-04-03;-0.00063875;-0.00057327
2019-04-04;0.00106441;0.00112988
2019-04-05;0.00053029;0.00059577
2019-04-08;-0.00134220;-0.00114658
2019-04-09;-0.00088863;-0.00082370
2019-04-10;0.00075771;0.00082292
2019-04-11;0.00168237;0.00174758
2019-04-12;-0.00064310;-0.00057762
2019-04-15;-0.00007641;0.00011921
2019-04-16;0.00113723;0.00120244
2019-04-17;0.00004553;0.00011101
2019-04-18;0.00149327;0.00155820
2019-04-19;-0.00026038;-0.00019545
2019-04-22;-0.00028195;-0.00008551
2019-04-23;0.00300737;0.00307312
2019-04-24;-0.00083242;-0.00076694
2019-04-25;0.00115231;0.00121751
2019-04-26;-0.00059970;-0.00053477
2019-04-29;0.00067118;0.00086761
2019-04-30;-0.00145954;-0.00139434
2019-05-01;-0.00349540;-0.00343019
2019-05-02;0.00494299;0.00500902
2019-05-03;-0.00184618;-0.00178097
2019-05-06;-0.00124281;-0.00104637
2019-05-07;-0.00372871;-0.00366351
2019-05-08;-0.00193736;-0.00187215
2019-05-09;-0.00292396;-0.00285876
2019-05-10;-0.00181017;-0.00174497
2019-05-13;-0.00619648;-0.00600251
2019-05-14;0.00367626;0.00374092
2019-05-15;0.00195873;0.00202366
2019-05-16;0.00561111;0.00567549
2019-05-17;0.00219420;0.00225831
2019-05-20;-0.00427620;-0.00408387
2019-05-21;0.00405151;0.00411562
2019-05-22;-0.00121760;-0.00115376
2019-05-23;-0.00639140;-0.00632784
2019-05-24;-0.00152947;-0.00146646
2019-05-27;0.00148802;0.00167706
2019-05-28;0.00250056;0.00256413
2019-05-29;-0.00180992;-0.00174636
2019-05-30;0.00030982;0.00037365
2019-05-31;-0.00810938;-0.00804637
2019-06-03;-0.00101374;-0.00082470
2019-06-04;-0.00403064;-0.00396763
2019-06-05;-0.00141160;-0.00134859
2019-06-06;-0.00187161;-0.00180914
2019-06-07;-0.00392874;-0.00386765
2019-06-10;-0.00019564;-0.00001153
2019-06-11;-0.00027360;-0.00021278
2019-06-12;0.00167542;0.00173542
2019-06-13;0.00168092;0.00173955
2019-06-14;0.00385693;0.00391583
2019-06-17;-0.00029139;-0.00011221
2019-06-18;0.00029956;0.00035901
2019-06-19;-0.00277054;-0.00271218
2019-06-20;-0.00452317;-0.00446591
2019-06-21;0.00048621;0.00054292
2019-06-24;-0.00202349;-0.00185253
2019-06-25;0.00131038;0.00136710
2019-06-26;-0.00187422;-0.00181669
2019-06-27;-0.00047838;-0.00042112
2019-06-28;-0.00159769;-0.00154070
2019-07-01;-0.00223965;-0.00206212
2019-07-02;0.00220325;0.00226215
2019-07-03;0.00196424;0.00202342
2019-07-04;0.00074421;0.00080339
2019-07-05;-0.00381795;-0.00375822
2019-07-08;-0.00156173;-0.00138009
2019-07-09;-0.00001887;0.00004168
2019-07-10;0.00235856;0.00241746
2019-07-11;-0.00004809;0.00001000
2019-07-12;0.00216075;0.00221829
2019-07-15;0.00062857;0.00080200
2019-07-16;-0.00148908;-0.00143154
2019-07-17;0.00032968;0.00038694
2019-07-18;-0.00061127;-0.00055620
2019-07-19;0.00016301;0.00021835
2019-07-22;0.00021968;0.00038735
2019-07-23;0.00075036;0.00080570
2019-07-24;0.00092375;0.00097992
2019-07-25;-0.00366105;-0.00360461
2019-07-26;0.00060281;0.00065980
2019-07-29;0.00063335;0.00080348
2019-07-30;-0.00023287;-0.00017698
2019-07-31;-0.00194046;-0.00188457
2019-08-01;0.00005275;0.00010837
2019-08-02;0.00501038;0.00506572
2019-08-05;-0.00102873;-0.00086435
2019-08-06;0.00260002;0.00265509
2019-08-07;0.00392264;0.00397689
2019-08-08;-0.00052630;-0.00047206
2019-08-09;0.00075083;0.00080453
2019-08-12;0.00055339;0.00071449
2019-08-13;0.00095736;0.00101106
2019-08-14;0.00037684;0.00042944
2019-08-15;0.00025941;0.00031064
2019-08-16;0.00009483;0.00014496
2019-08-19;-0.00084930;-0.00069313
2019-08-20;-0.00031289;-0.00026083
2019-08-21;0.00016880;0.00022167
2019-08-22;-0.00130580;-0.00125210
2019-08-23;-0.00047898;-0.00042610
2019-08-26;0.00309272;0.00325382
2019-08-27;0.00102289;0.00107604
2019-08-28;0.00170940;0.00176283
2019-08-29;0.00077784;0.00083126
2019-08-30;-0.00003918;0.00001425
2019-09-02;0.00034156;0.00050184
2019-09-03;0.00373745;0.00379060
2019-09-04;-0.00152568;-0.00147280
2019-09-05;-0.00524307;-0.00519019
2019-09-06;-0.00285431;-0.00280171
2019-09-09;-0.00183948;-0.00168167
2019-09-10;-0.00046443;-0.00041210
2019-09-11;0.00067873;0.00073133
2019-09-12;-0.00148723;-0.00143490
2019-09-13;-0.00270724;-0.00265464
2019-09-16;0.00333674;0.00349702
2019-09-17;-0.00075668;-0.00070325
2019-09-18;-0.00011275;-0.00006042
2019-09-19;0.00068175;0.00073353
2019-09-20;0.00112564;0.00117688
2019-09-23;0.00416049;0.00431666
2019-09-24;-0.00070984;-0.00065833
2019-09-25;-0.00050132;-0.00045063
2019-09-26;-0.00032618;-0.00027714
2019-09-27;-0.00182387;-0.00177565
2019-09-30;-0.00223406;-0.00208283
2019-10-01;-0.00043781;-0.00038904
2019-10-02;0.00022945;0.00027740
2019-10-03;-0.00082738;-0.00078163
2019-10-04;0.00107397;0.00112000
2019-10-07;-0.00108029;-0.00093974
2019-10-08;0.00042510;0.00047113
2019-10-09;-0.00001416;0.00003132
2019-10-10;-0.00165447;-0.00160926
2019-10-11;-0.00168897;-0.00164376
2019-10-14;0.00035418;0.00048980
2019-10-15;0.00091361;0.00095855
2019-10-16;-0.00105979;-0.00101514
2019-10-17;-0.00234907;-0.00230441
2019-10-18;-0.00123492;-0.00119026
2019-10-21;-0.00004722;0.00008757
2019-10-22;0.00010076;0.00014514
2019-10-23;0.00115127;0.00119566
2019-10-24;0.00137918;0.00142411
2019-10-25;0.00069900;0.00074366
2019-10-28;-0.00003128;0.00010187
2019-10-29;-0.00096554;-0.00092171
2019-10-30;0.00030544;0.00034900
2019-10-31;-0.00101236;-0.00097099
2019-11-01;0.00144000;0.00148083
2019-11-04;0.00009704;0.00022033
2019-11-05;-0.00306162;-0.00301970
2019-11-06;0.00086591;0.00090782
2019-11-07;-0.00248130;-0.00243939
2019-11-08;-0.00130467;-0.00126302
2019-11-11;-0.00172566;-0.00160073
2019-11-12;0.00163326;0.00167600
2019-11-13;0.00036871;0.00041090
2019-11-14;0.00032650;0.00036869
2019-11-15;0.00106230;0.00110449
2019-11-18;0.00148148;0.00160806
2019-11-19;-0.00087168;-0.00082949
2019-11-20;-0.00209021;-0.00204802
2019-11-21;-0.00096286;-0.00092040
2019-11-22;-0.00146585;-0.00142339
2019-11-25;0.00112287;0.00125273
2019-11-26;0.00042658;0.00046959
2019-11-27;0.00010802;0.00015158
2019-11-28;-0.00161603;-0.00157247
2019-11-29;-0.00011962;-0.00007688
2019-12-02;-0.00527002;-0.00514098
2019-12-03;-0.00318384;-0.00314165
2019-12-04;0.00234572;0.00238736
2019-12-05;-0.00039964;-0.00035827
2019-12-06;0.00455544;0.00459654
2019-12-09;-0.00157944;-0.00145533
2019-12-10;-0.00109616;-0.00105424
2019-12-11;0.00024698;0.00028917
2019-12-12;0.00107813;0.00112004
2019-12-13;0.00337886;0.00342105
2019-12-16;0.00113026;0.00125683
2019-12-17;-0.00217024;-0.00212832
2019-12-18;-0.00047182;-0.00042991
2019-12-19;-0.00132381;-0.00128161
2019-12-20;0.00314917;0.00319163
2019-12-23;-0.00166719;-0.00153897
2019-12-24;-0.00046605;-0.00042359
2019-12-25;-0.00190648;-0.00186402
2019-12-26;0.00130176;0.00134422
2019-12-27;-0.00275472;-0.00271253
2019-12-30;-0.00439747;-0.00427090
2019-12-31;0.00028109;0.00032274
2020-01-02;0.00066801;0.00075075
2020-01-03;-0.00028439;-0.00024357
2020-01-06;0.00040277;0.00052852
2020-01-07;-0.00022266;-0.00018129
2020-01-08;-0.00180913;-0.00176776
2020-01-09;0.00131328;0.00135465
2020-01-10;0.00126094;0.00130231
2020-01-13;0.00034756;0.00047413
2020-01-14;-0.00064790;-0.00060571
2020-01-15;0.00226393;0.00230612
2020-01-16;0.00090942;0.00095107
2020-01-17;0.00076100;0.00080292
2020-01-20;0.00114531;0.00127107
2020-01-21;-0.00189899;-0.00185708
2020-01-22;-0.00040710;-0.00036545
2020-01-23;-0.00088312;-0.00084148
2020-01-24;-0.00017587;-0.00013450
2020-01-27;-0.00736544;-0.00724051
2020-01-28;-0.00095422;-0.00091203
2020-01-29;0.00010626;0.00014818
2020-01-30;0.00219803;0.00224022
2020-01-31;-0.00184739;-0.00180574
2020-02-03;0.00009647;0.00022305
2020-02-04;-0.00176840;-0.00172621
2020-02-05;0.00080878;0.00085097
2020-02-06;0.00212731;0.00216950
2020-02-07;0.00053522;0.00057714
2020-02-10;0.00223034;0.00235774
2020-02-11;-0.00143182;-0.00138963
2020-02-12;0.00017078;0.00021325
2020-02-13;0.00180654;0.00184928
2020-02-14;0.00064627;0.00068874
2020-02-17;-0.00053004;-0.00040264
2020-02-18;0.00217380;0.00221627
2020-02-19;-0.00040754;-0.00036507
2020-02-20;-0.00051687;-0.00047441
2020-02-21;-0.00044470;-0.00040278
2020-02-24;-0.00031500;-0.00019171
2020-02-25;-0.00593253;-0.00589144
2020-02-26;-0.00089983;-0.00085873
2020-02-27;-0.00788226;-0.00784336
2020-02-28;-0.00305806;-0.00302381
2020-03-02;-0.00293418;-0.00284376
2020-03-03;-0.00049245;-0.00046697
2020-03-04;0.00156206;0.00158151
2020-03-05;0.00033264;0.00034935
2020-03-06;0.00188229;0.00189462
2020-03-09;0.00561031;0.00563662
2020-03-10;0.00698001;0.00699179
2020-03-11;-0.00164294;-0.00163171
2020-03-12;0.01023700;0.01024604
2020-03-13;0.00415513;0.00416252
2020-03-16;0.00523712;0.00525685
2020-03-17;0.00558314;0.00558834
2020-03-18;0.01069223;0.01069278
2020-03-19;-0.00297488;-0.00297379
2020-03-20;-0.00394762;-0.00394625
2020-03-23;0.00595029;0.00595193
2020-03-24;-0.01003365;-0.01003338
2020-03-25;-0.00517430;-0.00517539
2020-03-26;-0.00682617;-0.00682754
2020-03-27;-0.00051017;-0.00050934
2020-03-30;0.00064556;0.00065542
2020-03-31;-0.00120377;-0.00120076
2020-04-01;0.00456065;0.00456311
2020-04-02;-0.00087326;-0.00087079
2020-04-03;0.00169105;0.00169379
2020-04-06;-0.00546290;-0.00545057
2020-04-07;-0.00354774;-0.00354391
2020-04-08;-0.00068426;-0.00067824
2020-04-09;-0.00250589;-0.00249904
2020-04-10;-0.00144398;-0.00143713
2020-04-13;0.00153339;0.00155476
2020-04-14;-0.00318487;-0.00317939
2020-04-15;0.00408107;0.00408491
2020-04-16;0.00092682;0.00093066
2020-04-17;-0.00308004;-0.00307675
2020-04-20;0.00023357;0.00024344
2020-04-21;0.00497152;0.00497454
2020-04-22;-0.00178402;-0.00178073
2020-04-23;-0.00173433;-0.00173131
2020-04-24;0.00108229;0.00108558
2020-04-27;-0.00297486;-0.00296499
2020-04-28;-0.00049034;-0.00048733
2020-04-29;-0.00190891;-0.00190617
2020-04-30;-0.00122605;-0.00122359
2020-05-01;0.00108587;0.00108915
2020-05-04;0.00074396;0.00075465
2020-05-05;-0.00001571;-0.00001215
2020-05-06;0.00065745;0.00066074
2020-05-07;-0.00004851;-0.00004549
2020-05-08;-0.00086977;-0.00086648
2020-05-11;-0.00042480;-0.00041494
2020-05-12;0.00020349;0.00020706
2020-05-13;0.00096761;0.00097117
2020-05-14;0.00086321;0.00086650
2020-05-15;0.00033897;0.00034225
2020-05-18;-0.00155202;-0.00154133
2020-05-19;-0.00075122;-0.00074766
2020-05-20;0.00025239;0.00025567
2020-05-21;-0.00056345;-0.00056016
2020-05-22;0.00097408;0.00097737
2020-05-25;-0.00161090;-0.00160104
2020-05-26;-0.00196242;-0.00195858
2020-05-27;-0.00001906;-0.00001495
2020-05-28;-0.00072419;-0.00072009
2020-05-29;0.00080921;0.00081304
2020-06-01;-0.00028014;-0.00026863
2020-06-02;-0.00119004;-0.00118593
2020-06-03;-0.00095805;-0.00095367
2020-06-04;0.00026425;0.00026836
2020-06-05;-0.00139457;-0.00139046
2020-06-08;0.00147251;0.00148648
2020-06-09;0.00035505;0.00036025
2020-06-10;0.00021871;0.00022337
2020-06-11;-0.00028413;-0.00027948
2020-06-12;-0.00000208;0.00000230
2020-06-15;-0.00024554;-0.00023075
2020-06-16;0.00086518;0.00086984
2020-06-17;0.00034114;0.00034580
2020-06-18;0.00018736;0.00019174
2020-06-19;0.00087721;0.00088132
2020-06-22;0.00011012;0.00012327
2020-06-23;0.00021456;0.00021894
2020-06-24;-0.00059419;-0.00059008
2020-06-25;0.00045253;0.00045691
2020-06-26;0.00004172;0.00004556
2020-06-29;0.00003306;0.00004457
2020-06-30;0.00095274;0.00095713
2020-07-01;-0.00106226;-0.00105843
2020-07-02;0.00082515;0.00082899
2020-07-03;0.00103473;0.00103857
2020-07-06;0.00258674;0.00259907
2020-07-07;-0.00076382;-0.00075971
2020-07-08;0.00082857;0.00083268
2020-07-09;-0.00072922;-0.00072566
2020-07-10;-0.00011983;-0.00011627
2020-07-13;0.00084136;0.00085286
2020-07-14;0.00105127;0.00105538
2020-07-15;-0.00015866;-0.00015428
2020-07-16;-0.00092823;-0.00092522
2020-07-17;0.00138830;0.00139131
2020-07-20;0.00070149;0.00071218
2020-07-21;0.00139319;0.00139675
2020-07-22;0.00225398;0.00225754
2020-07-23;-0.00048459;-0.00048131
2020-07-24;-0.00081080;-0.00080778
2020-07-27;0.00168573;0.00169477
2020-07-28;-0.00051969;-0.00051668
2020-07-29;0.00086643;0.00086944
2020-07-30;-0.00087284;-0.00087037
2020-07-31;0.00025531;0.00025777
2020-08-03;-0.00215743;-0.00214921
2020-08-04;0.00499748;0.00499994
2020-08-05;0.00680972;0.00681246
2020-08-06;0.00111002;0.00111276
2020-08-07;-0.00579234;-0.00578960
2020-08-10;0.00160525;0.00161429
2020-08-11;-0.00635831;-0.00635530
2020-08-12;0.00238943;0.00239244
2020-08-13;0.00283238;0.00283512
2020-08-14;-0.00110347;-0.00110073
2020-08-17;0.00497466;0.00498288
2020-08-18;0.00398737;0.00398983
2020-08-19;-0.00430445;-0.00430143
2020-08-20;-0.00109059;-0.00108757
2020-08-21;-0.00275251;-0.00274977
2020-08-24;0.00098058;0.00099045
2020-08-25;0.00023093;0.00023394
2020-08-26;0.00421066;0.00421368
2020-08-27;-0.00045130;-0.00044828
2020-08-28;0.00631319;0.00631593
2020-08-31;0.00200491;0.00201395
2020-09-01;0.00010099;0.00010428
2020-09-02;-0.00295388;-0.00295059
2020-09-03;-0.00592924;-0.00592623
2020-09-04;-0.00289107;-0.00288806
2020-09-07;0.00318127;0.00319031
2020-09-08;-0.00632378;-0.00632022
2020-09-09;0.00387635;0.00387964
2020-09-10;-0.00065516;-0.00065187
2020-09-11;-0.00216666;-0.00216365
2020-09-14;0.00397938;0.00398842
2020-09-15;-0.00011244;-0.00010943
2020-09-16;0.00135820;0.00136149
2020-09-17;-0.00359143;-0.00358897
2020-09-18;0.00013478;0.00013752
2020-09-21;-0.01208428;-0.01207607
2020-09-22;-0.00106454;-0.00106180
2020-09-23;-0.00634098;-0.00633797
2020-09-24;-0.00124670;-0.00124396
2020-09-25;-0.00112951;-0.00112677
2020-09-28;0.00714428;0.00715332
2020-09-29;0.00165064;0.00165311
2020-09-30;0.00161902;0.00162176
2020-10-01;0.00071114;0.00071361
2020-10-02;-0.00103411;-0.00103164
2020-10-05;0.00152029;0.00152851
2020-10-06;-0.00042365;-0.00042091
2020-10-07;-0.00035974;-0.00035700
2020-10-08;0.00062821;0.00063067
2020-10-09;0.00175050;0.00175324
2020-10-12;0.00112963;0.00113785
2020-10-13;-0.00129051;-0.00128749
2020-10-14;0.00099611;0.00099940
2020-10-15;-0.00175362;-0.00175061
2020-10-16;-0.00021174;-0.00020872
2020-10-19;0.00064614;0.00065518
2020-10-20;-0.00054957;-0.00054683
2020-10-21;0.00251916;0.00252190
2020-10-22;-0.00152251;-0.00152004
2020-10-23;0.00052518;0.00052792
2020-10-26;-0.00125150;-0.00124246
2020-10-27;0.00063181;0.00063455
2020-10-28;-0.00237884;-0.00237610
2020-10-29;-0.00145120;-0.00144873
2020-10-30;-0.00097099;-0.00096853
2020-11-02;-0.00187466;-0.00186727
2020-11-03;-0.00181409;-0.00181135
2020-11-04;-0.00094102;-0.00093828
2020-11-05;-0.00085939;-0.00085665
2020-11-06;0.00097636;0.00097910
2020-11-09;-0.00454140;-0.00453236
2020-11-10;0.00027401;0.00027675
2020-11-11;0.00012455;0.00012729
2020-11-12;0.00112053;0.00112327
2020-11-13;0.00043899;0.00044146
2020-11-16;-0.00050784;-0.00050044
2020-11-17;0.00107352;0.00107599
2020-11-18;0.00047744;0.00047990
2020-11-19;0.00023629;0.00023821
2020-11-20;-0.00032155;-0.00031963
2020-11-23;-0.00041438;-0.00040780
2020-11-24;-0.00082465;-0.00082219
2020-11-25;0.00031216;0.00031463
2020-11-26;0.00123446;0.00123693
2020-11-27;0.00038480;0.00038727
2020-11-30;-0.00023328;-0.00022670
2020-12-01;0.00346547;0.00346794
2020-12-02;0.00115325;0.00115572
2020-12-03;0.00413434;0.00413653
2020-12-04;0.00039516;0.00039762
2020-12-07;-0.00137739;-0.00137082
2020-12-08;-0.00091121;-0.00090874
2020-12-09;0.00049028;0.00049248
2020-12-10;0.00112012;0.00112231
2020-12-11;-0.00171228;-0.00171009
2020-12-14;0.00168305;0.00169045
2020-12-15;0.00297527;0.00297747
2020-12-16;0.00133133;0.00133380
2020-12-17;0.00363456;0.00363675
2020-12-18;-0.00240100;-0.00239881
2020-12-21;-0.00386048;-0.00385308
2020-12-22;-0.00249480;-0.00249234
2020-12-23;0.00318477;0.00318723
2020-12-24;0.00131960;0.00132207
2020-12-25;-0.00035501;-0.00035254
2020-12-28;-0.00018815;-0.00017911
2020-12-29;0.00483052;0.00483326
2020-12-30;0.00163200;0.00163419
2020-12-31;0.00069918;0.00070164
2021-01-04;-0.00172218;-0.00171232
2021-01-05;0.00435361;0.00435608
2021-01-06;-0.00146770;-0.00146524
2021-01-07;0.00059736;0.00059983
2021-01-08;0.00006779;0.00006998
2021-01-11;-0.00507882;-0.00507224
2021-01-12;0.00135374;0.00135620
2021-01-13;0.00193018;0.00193265
2021-01-14;0.00237237;0.00237483
2021-01-15;-0.00590920;-0.00590674
2021-01-18;-0.00258624;-0.00257884
2021-01-19;0.00212971;0.00213217
2021-01-20;0.00456264;0.00456483
2021-01-21;0.00361892;0.00362138
2021-01-22;-0.00188028;-0.00187809
2021-01-25;-0.00166102;-0.00165362
2021-01-26;0.00135313;0.00135505
2021-01-27;-0.00597334;-0.00597115
2021-01-28;0.00024301;0.00024492
2021-01-29;-0.00311593;-0.00311429
2021-02-01;0.00198432;0.00199008
2021-02-02;-0.00111456;-0.00111264
2021-02-03;0.00174255;0.00174365
2021-02-04;-0.00126559;-0.00126449
2021-02-05;0.00328300;0.00328382
2021-02-08;0.00277720;0.00278131
2021-02-09;0.00173310;0.00173420
2021-02-10;0.00070408;0.00070545
2021-02-11;0.00028888;0.00029025
2021-02-12;0.00057319;0.00057428
2021-02-15;0.00621385;0.00621714
2021-02-16;0.00031839;0.00031949
2021-02-17;-0.00191207;-0.00191098
2021-02-18;0.00056220;0.00056302
2021-02-19;0.00291185;0.00291295
2021-02-22;0.00016780;0.00017027
2021-02-23;-0.00109322;-0.00109212
2021-02-24;0.00059052;0.00059134
2021-02-25;-0.00050377;-0.00050268
2021-02-26;-0.00891081;-0.00890971
2021-03-01;0.00459217;0.00459628
2021-03-02;0.00012874;0.00012983
2021-03-03;-0.00122744;-0.00122607
2021-03-04;-0.00246233;-0.00246123
2021-03-05;-0.00335397;-0.00335288
2021-03-08;0.00049722;0.00050133
2021-03-09;0.00394729;0.00394866
2021-03-10;0.00095656;0.00095765
2021-03-11;0.00396372;0.00396482
2021-03-12;0.00068409;0.00068519
2021-03-15;-0.00056700;-0.00056371
2021-03-16;0.00110069;0.00110124
2021-03-17;-0.00021697;-0.00021642
2021-03-18;0.00148168;0.00148195
2021-03-19;-0.00332100;-0.00332072
2021-03-22;-0.00048596;-0.00048349
2021-03-23;-0.00326125;-0.00326098
2021-03-24;-0.00322566;-0.00322511
2021-03-25;-0.00067860;-0.00067805
2021-03-26;0.00419245;0.00419299
2021-03-29;0.00040516;0.00040763
2021-03-30;-0.00113242;-0.00113187
2021-03-31;0.00141334;0.00141416
2021-04-01;0.00136151;0.00136206
2021-04-02;0.00060111;0.00060166
2021-04-05;0.00180792;0.00181038
2021-04-06;-0.00106326;-0.00106271
2021-04-07;-0.00158028;-0.00157973
2021-04-08;0.00038216;0.00038244
2021-04-09;0.00147540;0.00147595
2021-04-12;-0.00056196;-0.00056032
2021-04-13;0.00029718;0.00029800
2021-04-14;-0.00023019;-0.00022964
2021-04-15;0.00062605;0.00062660
2021-04-16;0.00114357;0.00114412
2021-04-19;-0.00150810;-0.00150646
2021-04-20;-0.00252937;-0.00252855
2021-04-21;0.00149527;0.00149609
2021-04-22;-0.00013006;-0.00012924
2021-04-23;0.00028713;0.00028795
2021-04-26;0.00157631;0.00157878
2021-04-27;-0.00028159;-0.00028131
2021-04-28;0.00054621;0.00054648
2021-04-29;0.00067173;0.00067200
2021-04-30;-0.00061912;-0.00061884
2021-05-03;0.00253945;0.00254273
2021-05-04;-0.00530277;-0.00530222
2021-05-05;0.00325969;0.00326024
2021-05-06;0.00281063;0.00281117
2021-05-07;0.00490354;0.00490409
2021-05-10;0.00069285;0.00069449
2021-05-11;-0.00292377;-0.00292349
2021-05-12;-0.00464078;-0.00464023
2021-05-13;-0.00010229;-0.00010174
2021-05-14;0.00506944;0.00506972
2021-05-17;0.00052178;0.00052343
2021-05-18;0.00049643;0.00049698
2021-05-19;-0.00245186;-0.00245158
2021-05-20;0.00348916;0.00348944
2021-05-21;-0.00124864;-0.00124837
2021-05-24;0.00150008;0.00150173
2021-05-25;0.00037524;0.00037578
2021-05-26;-0.00033273;-0.00033218
2021-05-27;0.00064713;0.00064768
2021-05-28;0.00053882;0.00053909
2021-05-31;-0.00362356;-0.00362274
2021-06-01;0.00136873;0.00136928
2021-06-02;-0.00025385;-0.00025330
2021-06-03;-0.00485562;-0.00485508
2021-06-04;0.00276721;0.00276776
2021-06-07;0.00078901;0.00079066
2021-06-08;-0.00121177;-0.00121122
2021-06-09;0.00029973;0.00030055
2021-06-10;0.00029835;0.00029917
2021-06-11;-0.00231795;-0.00231712
2021-06-14;0.00021119;0.00021365
2021-06-15;-0.00182876;-0.00182794
2021-06-16;0.00035725;0.00035834
2021-06-17;-0.01405453;-0.01405343
2021-06-18;-0.00457627;-0.00457490
2021-06-21;0.00446372;0.00446783
2021-06-22;0.00015897;0.00016006
2021-06-23;0.00231186;0.00231323
2021-06-24;-0.00148648;-0.00148511
2021-06-25;0.00061159;0.00061324
2021-06-28;-0.00088946;-0.00088535
2021-06-29;-0.00209957;-0.00209847
2021-06-30;-0.00134048;-0.00133911
2021-07-01;0.00142796;0.00142933
2021-07-02;0.00098707;0.00098844
2021-07-05;0.00060488;0.00060899
2021-07-06;-0.00213559;-0.00213422
2021-07-07;0.00034332;0.00034469
2021-07-08;-0.00177117;-0.00176952
2021-07-09;0.00210423;0.00210587
2021-07-12;0.00035556;0.00035966
2021-07-13;-0.00070162;-0.00070025
2021-07-14;-0.00036940;-0.00036775
2021-07-15;-0.00092202;-0.00092065
2021-07-16;-0.00073123;-0.00072986
2021-07-19;-0.00344531;-0.00344120
2021-07-20;0.00278362;0.00278499
2021-07-21;0.00238964;0.00239101
2021-07-22;-0.00008028;-0.00007891
2021-07-23;0.00226759;0.00226896
2021-07-26;-0.00012731;-0.00012320
2021-07-27;-0.00257678;-0.00257541
2021-07-28;0.00124365;0.00124502
2021-07-29;0.00021815;0.00021979
2021-07-30;-0.00014227;-0.00014062
2021-08-02;-0.00064984;-0.00064574
2021-08-03;0.00104499;0.00104636
2021-08-04;-0.00002522;-0.00002385
2021-08-05;0.00062990;0.00063127
2021-08-06;-0.00135061;-0.00134897
2021-08-09;-0.00086892;-0.00086399
2021-08-10;-0.00093365;-0.00093228
2021-08-11;0.00043966;0.00044103
2021-08-12;0.00033834;0.00033998
2021-08-13;0.00116910;0.00117074
2021-08-16;0.00080420;0.00080913
2021-08-17;-0.00181874;-0.00181683
2021-08-18;-0.00144093;-0.00143902
2021-08-19;0.00031413;0.00031577
2021-08-20;0.00126855;0.00126992
2021-08-23;0.00176407;0.00176818
2021-08-24;-0.00016591;-0.00016454
2021-08-25;0.00013158;0.00013322
2021-08-26;-0.00110908;-0.00110771
2021-08-27;0.00213121;0.00213257
2021-08-30;0.00009425;0.00009836
2021-08-31;-0.00032152;-0.00032042
2021-09-01;-0.00128030;-0.00127893
2021-09-02;0.00047483;0.00047620
2021-09-03;-0.00320541;-0.00320404
2021-09-06;0.00567253;0.00567664
2021-09-07;0.00355300;0.00355437
2021-09-08;0.00082161;0.00082298
2021-09-09;-0.00319630;-0.00319520
2021-09-10;-0.00007502;-0.00007365
2021-09-13;0.00111566;0.00112059
2021-09-14;-0.00179738;-0.00179629
2021-09-15;0.00110103;0.00110213
2021-09-16;0.00460381;0.00460491
2021-09-17;0.00029251;0.00029361
2021-09-20;-0.00599394;-0.00599065
2021-09-21;-0.00124368;-0.00124286
2021-09-22;0.00149202;0.00149284
2021-09-23;0.00458592;0.00458675
2021-09-24;0.00188731;0.00188813
2021-09-27;-0.00086244;-0.00085915
2021-09-28;-0.00267962;-0.00267852
2021-09-29;0.00505938;0.00506047
2021-09-30;-0.00435358;-0.00435249
2021-10-01;-0.00377714;-0.00377605
2021-10-04;-0.00273594;-0.00273265
2021-10-05;-0.00044432;-0.00044323
2021-10-06;0.00162079;0.00162188
2021-10-07;-0.00112929;-0.00112792
2021-10-08;0.00050887;0.00051024
2021-10-11;0.00178798;0.00179209
2021-10-12;0.00098985;0.00099150
2021-10-13;-0.00366779;-0.00366642
2021-10-14;-0.00150037;-0.00149900
2021-10-15;0.00208165;0.00208302
2021-10-18;-0.00014313;-0.00013820
2021-10-19;-0.00181692;-0.00181555
2021-10-20;-0.00223227;-0.00223090
2021-10-21;-0.00085445;-0.00085281
2021-10-22;-0.00050596;-0.00050432
2021-10-25;-0.00031822;-0.00031329
2021-10-26;0.00247712;0.00247876
2021-10-27;-0.00095437;-0.00095273
2021-10-28;-0.00349296;-0.00349132
2021-10-29;0.00491052;0.00491189
2021-11-01;0.00100499;0.00100910
2021-11-02;-0.00162581;-0.00162444
2021-11-03;0.00177385;0.00177522
2021-11-04;0.00011153;0.00011263
2021-11-05;0.00010565;0.00010702
2021-11-08;-0.00069500;-0.00069007
2021-11-09;-0.00246317;-0.00246207
2021-11-10;0.00097228;0.00097365
2021-11-11;0.00082338;0.00082475
2021-11-12;0.00087498;0.00087635
2021-11-15;0.00156394;0.00156805
2021-11-16;0.00261119;0.00261256
2021-11-17;-0.00126979;-0.00126842
2021-11-18;-0.00058616;-0.00058479
2021-11-19;-0.00010349;-0.00010212
2021-11-22;0.00028322;0.00028733
2021-11-23;-0.00125948;-0.00125784
2021-11-24;0.00158279;0.00158444
2021-11-25;0.00159003;0.00159168
2021-11-26;-0.01317416;-0.01317252
2021-11-29;0.00254174;0.00254667
2021-11-30;-0.00551435;-0.00551298
2021-12-01;-0.00391371;-0.00391206
2021-12-02;0.00266549;0.00266686
2021-12-03;-0.00000861;-0.00000697
2021-12-06;0.00120491;0.00120984
2021-12-07;0.00072404;0.00072568
2021-12-08;-0.00196732;-0.00196540
2021-12-09;0.00156913;0.00157077
2021-12-10;-0.00210355;-0.00210191
2021-12-13;0.00052903;0.00053314
2021-12-14;0.00151655;0.00151791
2021-12-15;0.00240067;0.00240232
2021-12-16;-0.00694167;-0.00694030
2021-12-17;0.00108235;0.00108372
2021-12-20;0.00010984;0.00011559
2021-12-21;0.00218171;0.00218363
2021-12-22;-0.00348875;-0.00348656
2021-12-23;-0.00113718;-0.00113499
2021-12-24;-0.00010807;-0.00010587
2021-12-27;0.00046120;0.00046613
2021-12-28;-0.00015111;-0.00014946
2021-12-29;-0.00070654;-0.00070517
2021-12-30;-0.00117448;-0.00117311
2021-12-31;-0.00310467;-0.00310302
2022-01-03;0.00030420;0.00031159
2022-01-04;0.00202495;0.00202714
2022-01-05;-0.00229381;-0.00229134
2022-01-06;-0.00296223;-0.00295949
2022-01-07;-0.00077317;-0.00077043
2022-01-10;-0.00173893;-0.00172825
2022-01-11;0.00278325;0.00278653
2022-01-12;0.00158789;0.00159117
2022-01-13;-0.00269527;-0.00269198
2022-01-14;-0.00137385;-0.00137029
2022-01-17;0.00158021;0.00159090
2022-01-18;-0.00214905;-0.00214440
2022-01-19;-0.00059702;-0.00059236
2022-01-20;-0.00040032;-0.00039539
2022-01-21;-0.00494003;-0.00493537
2022-01-24;-0.00293909;-0.00292265
2022-01-25;-0.00115942;-0.00115394
2022-01-26;0.00145750;0.00146271
2022-01-27;-0.00219928;-0.00219380
2022-01-28;0.00173750;0.00174270
2022-01-31;0.00359103;0.00361076
2022-02-01;-0.00370455;-0.00369907
2022-02-02;-0.00373114;-0.00372567
2022-02-03;0.00093658;0.00094233
2022-02-04;0.00111772;0.00112402
2022-02-07;-0.00089714;-0.00087412
2022-02-08;-0.00031031;-0.00030291
2022-02-09;-0.00238716;-0.00237976
2022-02-10;-0.00160537;-0.00159414
2022-02-11;0.00347410;0.00348423
2022-02-14;0.00246990;0.00250688
2022-02-15;-0.00114448;-0.00113325
2022-02-16;-0.00304081;-0.00303013
2022-02-17;-0.00052499;-0.00051485
2022-02-18;0.00149551;0.00150510
2022-02-21;0.00364778;0.00367655
2022-02-22;-0.00065631;-0.00064562
2022-02-23;0.00076064;0.00077050
2022-02-24;0.00642007;0.00642911
2022-02-25;-0.00277455;-0.00276551
2022-02-28;-0.00253432;-0.00250390
2022-03-01;0.00098558;0.00099435
2022-03-02;-0.00023793;-0.00022888
2022-03-03;0.00009557;0.00010570
2022-03-04;0.00251806;0.00252710
2022-03-07;0.00009531;0.00012654
2022-03-08;0.00236598;0.00237584
2022-03-09;-0.00143506;-0.00142465
2022-03-10;-0.00137327;-0.00136286
2022-03-11;-0.00163463;-0.00162394
2022-03-14;-0.00258586;-0.00254887
2022-03-15;-0.00081415;-0.00080155
2022-03-16;-0.00126674;-0.00125496
2022-03-17;0.00151079;0.00152175
2022-03-18;-0.00103853;-0.00102730
2022-03-21;0.00026257;0.00030777
2022-03-22;-0.00139156;-0.00137758
2022-03-23;-0.00099852;-0.00098482
2022-03-24;0.00085642;0.00087012
2022-03-25;-0.00049127;-0.00047675
2022-03-28;-0.00129441;-0.00124510
2022-03-29;-0.00057763;-0.00056229
2022-03-30;0.00197204;0.00198710
2022-03-31;0.00055056;0.00056454
2022-04-01;0.00068182;0.00069607
2022-04-04;0.00113346;0.00118853
2022-04-05;0.00126617;0.00128398
2022-04-06;-0.00047199;-0.00045363
2022-04-07;0.00007002;0.00008865
2022-04-08;0.00090386;0.00092276
2022-04-11;0.00043661;0.00050072
2022-04-12;0.00133873;0.00135900
2022-04-13;-0.00007498;-0.00005444
2022-04-14;-0.00050405;-0.00048268
2022-04-15;0.00036245;0.00038382
2022-04-18;0.00137418;0.00144158
2022-04-19;0.00098159;0.00100406
2022-04-20;-0.00075139;-0.00072892
2022-04-21;-0.00080903;-0.00078657
2022-04-22;-0.00073088;-0.00070842
2022-04-25;-0.00056924;-0.00049280
2022-04-26;0.00001871;0.00004172
2022-04-27;0.00150844;0.00153091
2022-04-28;0.00359333;0.00361552
2022-04-29;-0.00288463;-0.00286190
2022-05-02;0.00167995;0.00175392
2022-05-03;-0.00086915;-0.00084449
2022-05-04;-0.00151068;-0.00148657
2022-05-05;0.00618312;0.00620614
2022-05-06;0.00019393;0.00021695
2022-05-09;0.00561502;0.00569063
2022-05-10;0.00090504;0.00092942
2022-05-11;-0.00096709;-0.00094243
2022-05-12;0.00464278;0.00466881
2022-05-13;-0.00460762;-0.00457995
2022-05-16;-0.00062143;-0.00053349
2022-05-17;-0.00657121;-0.00654217
2022-05-18;0.00250897;0.00253691
2022-05-19;-0.00362100;-0.00359251
2022-05-20;0.00052722;0.00055490
2022-05-23;-0.00542701;-0.00533906
2022-05-24;-0.00005600;-0.00002724
2022-05-25;0.00102647;0.00105523
2022-05-26;-0.00384509;-0.00381604
2022-05-27;-0.00358198;-0.00355294
2022-05-30;-0.00600904;-0.00592192
2022-05-31;0.00040149;0.00043245
2022-06-01;0.00103625;0.00106694
2022-06-02;-0.00260700;-0.00257604
2022-06-03;0.00258949;0.00262155
2022-06-06;0.00035017;0.00045126
2022-06-07;-0.00044224;-0.00040827
2022-06-08;0.00072926;0.00076350
2022-06-09;0.00152404;0.00155856
2022-06-10;0.00092402;0.00096073
2022-06-13;0.00395267;0.00409157
2022-06-14;0.00144462;0.00149338
2022-06-15;-0.00195578;-0.00190948
2022-06-16;-0.00368680;-0.00364461
2022-06-17;0.00155802;0.00160131
2022-06-20;0.00009195;0.00022181
2022-06-21;-0.00092650;-0.00088102
2022-06-22;0.00015446;0.00019748
2022-06-23;0.00016368;0.00020724
2022-06-24;-0.00115859;-0.00111311
2022-06-27;0.00030238;0.00044622
2022-06-28;0.00236171;0.00240966
2022-06-29;0.00038592;0.00043332
2022-06-30;0.00056625;0.00061173
2022-07-01;0.00394609;0.00399157
2022-07-04;-0.00143611;-0.00129967
2022-07-05;0.00556123;0.00561219
2022-07-06;0.00069547;0.00074615
2022-07-07;-0.00362130;-0.00356952
2022-07-08;-0.00155814;-0.00150581
2022-07-11;0.00460870;0.00478377
2022-07-12;0.00126361;0.00132279
2022-07-13;-0.00065258;-0.00058875
2022-07-14;0.00604506;0.00610889
2022-07-15;-0.00494341;-0.00488067
2022-07-18;-0.00381583;-0.00361529
2022-07-19;-0.00469333;-0.00462594
2022-07-20;-0.00082159;-0.00075474
2022-07-21;-0.00073782;-0.00067207
2022-07-22;-0.00188909;-0.00182306
2022-07-25;0.00130318;0.00151276
2022-07-26;0.00206507;0.00213302
2022-07-27;-0.00153219;-0.00146726
2022-07-28;-0.00739588;-0.00733149
2022-07-29;-0.00401043;-0.00394632
2022-08-01;-0.00216932;-0.00196548
2022-08-02;0.00099444;0.00106239
2022-08-03;0.00106633;0.00113318
2022-08-04;-0.00209130;-0.00202527
2022-08-05;0.00190060;0.00196855
2022-08-08;-0.00197697;-0.00176573
2022-08-09;-0.00000184;0.00006885
2022-08-10;-0.00251470;-0.00244457
2022-08-11;0.00099140;0.00106044
2022-08-12;-0.00000187;0.00006744
2022-08-15;0.00161430;0.00183046
2022-08-16;0.00076912;0.00084063
2022-08-17;0.00196262;0.00203357
2022-08-18;0.00071330;0.00078481
2022-08-19;0.00241886;0.00249119
2022-08-22;0.00213509;0.00236029
2022-08-23;-0.00144769;-0.00137344
2022-08-24;0.00020901;0.00028381
2022-08-25;-0.00092368;-0.00084752
2022-08-26;0.00205218;0.00212835
2022-08-29;0.00035951;0.00059704
2022-08-30;0.00108510;0.00116401
2022-08-31;0.00074466;0.00082329
2022-09-01;0.00507590;0.00515480
2022-09-02;-0.00383307;-0.00375499
2022-09-05;0.00462237;0.00485661
2022-09-06;0.00448997;0.00457107
2022-09-07;-0.00159384;-0.00151220
2022-09-08;-0.00083137;-0.00075000
2022-09-09;-0.00717310;-0.00709145
2022-09-12;-0.00623541;-0.00598144
2022-09-13;0.01131345;0.01140084
2022-09-14;-0.00138788;-0.00130186
2022-09-15;0.00442219;0.00450767
2022-09-16;0.00094129;0.00102622
2022-09-19;0.00020791;0.00047832
2022-09-20;0.00194487;0.00203418
2022-09-21;0.00232649;0.00241443
2022-09-22;0.00278635;0.00287375
2022-09-23;0.01015508;0.01024056
2022-09-26;0.00673180;0.00700303
2022-09-27;0.00041922;0.00050854
2022-09-28;-0.00806672;-0.00797658
2022-09-29;0.00164378;0.00173310
2022-09-30;-0.00021928;-0.00013107
2022-10-03;-0.00625067;-0.00597615
2022-10-04;-0.01056822;-0.01047726
2022-10-05;0.00449043;0.00458166
2022-10-06;0.00345716;0.00354812
2022-10-07;0.00415666;0.00424735
2022-10-10;0.00508359;0.00535565
2022-10-11;0.00308120;0.00317791
2022-10-12;0.00383012;0.00392765
2022-10-13;-0.00459920;-0.00449947
2022-10-14;0.00549132;0.00559132
2022-10-17;-0.00817057;-0.00785659
2022-10-18;0.00049131;0.00059788
2022-10-19;0.00311091;0.00321803
2022-10-20;-0.00169430;-0.00158718
2022-10-21;-0.00489658;-0.00478973
2022-10-24;0.00038713;0.00071589
2022-10-25;-0.00643179;-0.00632302
2022-10-26;-0.00504900;-0.00494106
2022-10-27;0.00208917;0.00219739
2022-10-28;0.00264404;0.00275335
2022-10-31;0.00156152;0.00189521
2022-11-01;-0.00073554;-0.00062430
2022-11-02;-0.00004741;0.00006328
2022-11-03;0.00541195;0.00552318
2022-11-04;-0.00665812;-0.00654798
2022-11-07;-0.00241480;-0.00207617
2022-11-08;-0.00453369;-0.00442136
2022-11-09;0.00248741;0.00260001
2022-11-10;-0.00891692;-0.00880487
2022-11-11;-0.00255991;-0.00244785
2022-11-14;-0.00447338;-0.00413146
2022-11-15;-0.00158441;-0.00147099
2022-11-16;0.00100202;0.00111544
2022-11-17;0.00279537;0.00290852
2022-11-18;-0.00046956;-0.00035586
2022-11-21;0.00370876;0.00405643
2022-11-22;-0.00213279;-0.00201745
2022-11-23;-0.00342993;-0.00331459
2022-11-24;-0.00132762;-0.00121227
2022-11-25;-0.00082775;-0.00071214
2022-11-28;0.00172797;0.00208140
2022-11-29;0.00063242;0.00074941
2022-11-30;-0.00089992;-0.00078294
2022-12-01;0.00101430;0.00112992
2022-12-02;0.00041966;0.00053528
2022-12-05;-0.00033215;0.00001881
2022-12-06;0.00016167;0.00027865
2022-12-07;0.00028587;0.00040094
2022-12-08;0.00015070;0.00026495
2022-12-09;0.00028343;0.00039823
2022-12-12;-0.00000222;0.00035038
2022-12-13;0.00019120;0.00030791
2022-12-14;0.00007057;0.00018646
2022-12-15;-0.00035331;-0.00023769
2022-12-16;-0.00004853;0.00006654
2022-12-19;0.00009351;0.00044530
2022-12-20;0.00021494;0.00033138
2022-12-21;0.00022844;0.00034406
2022-12-22;-0.00070280;-0.00058663
2022-12-23;0.00023570;0.00035159
2022-12-26;-0.00106247;-0.00071480
2022-12-27;0.00065000;0.00076918
2022-12-28;0.00000511;0.00012429
2022-12-29;0.00038027;0.00049917
2022-12-30;-0.00052151;-0.00040370
2023-01-02;-0.00212051;-0.00176709
2023-01-03;-0.00018199;-0.00006144
2023-01-04;0.00134592;0.00146674
2023-01-05;-0.00202930;-0.00190574
2023-01-06;0.00127467;0.00139823
2023-01-09;0.00108572;0.00145969
2023-01-10;-0.00152006;-0.00139485
2023-01-11;-0.00166357;-0.00153837
2023-01-12;0.00161400;0.00173728
2023-01-13;0.00145132;0.00157488
2023-01-16;0.00306974;0.00344042
2023-01-17;-0.00064600;-0.00052107
2023-01-18;-0.00093041;-0.00080602
2023-01-19;0.00149190;0.00161656
2023-01-20;-0.00114178;-0.00101657
2023-01-23;-0.00164312;-0.00126668
2023-01-24;-0.00016666;-0.00004146
2023-01-25;0.00055101;0.00067594
2023-01-26;-0.00092445;-0.00079979
2023-01-27;-0.00065028;-0.00052507
2023-01-30;0.00032641;0.00070367
2023-01-31;-0.00014288;-0.00001741
2023-02-01;0.00129778;0.00142216
2023-02-02;0.00095693;0.00108104
2023-02-03;-0.00544399;-0.00531878
2023-02-06;-0.00201727;-0.00164001
2023-02-07;0.00129531;0.00142106
2023-02-08;0.00074087;0.00086663
2023-02-09;-0.00010139;0.00002574
2023-02-10;-0.00158427;-0.00145660
2023-02-13;0.00084127;0.00122592
2023-02-14;-0.00022997;-0.00010202
2023-02-15;-0.00153476;-0.00140709
2023-02-16;-0.00044690;-0.00031814
2023-02-17;-0.00061016;-0.00048139
2023-02-20;-0.00014795;0.00023835
2023-02-21;-0.00056855;-0.00043923
2023-02-22;-0.00072722;-0.00059818
2023-02-23;-0.00130792;-0.00117888
2023-02-24;-0.00270173;-0.00257241
2023-02-27;0.00093862;0.00132821
2023-02-28;0.00037473;0.00050404
2023-03-01;-0.00027837;-0.00014878
2023-03-02;0.00157591;0.00170577
2023-03-03;-0.00207535;-0.00194549
2023-03-06;-0.00059399;-0.00020275
2023-03-07;0.00652606;0.00665948
2023-03-08;0.00066427;0.00079824
2023-03-09;-0.00020335;-0.00006993
2023-03-10;-0.00188622;-0.00175389
2023-03-13;-0.00729086;-0.00690456
2023-03-14;0.00067969;0.00080873
2023-03-15;0.00144211;0.00156786
2023-03-16;-0.00109660;-0.00097139
2023-03-17;-0.00269885;-0.00257940
2023-03-20;-0.00185743;-0.00147524
2023-03-21;0.00212197;0.00224855
2023-03-22;-0.00053068;-0.00040383
2023-03-23;-0.00357507;-0.00344986
2023-03-24;0.00139072;0.00151592
2023-03-27;0.00002465;0.00041506
2023-03-28;-0.00210392;-0.00197680
2023-03-29;-0.00013826;-0.00001114
2023-03-30;-0.00169225;-0.00156075
2023-03-31;-0.00097875;-0.00085053
2023-04-03;0.00054231;0.00093437
2023-04-04;0.00205359;0.00218345
2023-04-05;-0.00119026;-0.00106094
2023-04-06;-0.00013192;-0.00000124
2023-04-07;-0.00050970;-0.00037791
2023-04-10;-0.00138906;-0.00098303
2023-04-11;0.00187393;0.00200790
2023-04-12;0.00112199;0.00125542
2023-04-13;0.00206473;0.00220035
2023-04-14;-0.00088691;-0.00075047
2023-04-17;-0.00102985;-0.00061396
2023-04-18;0.00100597;0.00114405
2023-04-19;-0.00080357;-0.00066631
2023-04-20;0.00003324;0.00016940
2023-04-21;-0.00008035;0.00005609
2023-04-24;0.00061776;0.00103200
2023-04-25;-0.00050957;-0.00037341
2023-04-26;0.00000170;0.00013868
2023-04-27;-0.00004164;0.00009616
2023-04-28;0.00186570;0.00200132
2023-05-01;-0.00073962;-0.00032044
2023-05-02;0.00052351;0.00066269
2023-05-03;0.00066909;0.00080854
2023-05-04;-0.00100545;-0.00086572
2023-05-05;-0.00125195;-0.00111223
2023-05-08;-0.00155713;-0.00113384
2023-05-09;0.00076544;0.00090599
2023-05-10;-0.00099500;-0.00085582
2023-05-11;-0.00116814;-0.00103006
2023-05-12;0.00115852;0.00129770
2023-05-15;0.00043601;0.00085190
2023-05-16;-0.00081744;-0.00067854
2023-05-17;0.00142584;0.00156557
2023-05-18;0.00155075;0.00169157
2023-05-19;0.00188417;0.00202444
2023-05-22;0.00046780;0.00089848
2023-05-23;-0.00211000;-0.00196808
2023-05-24;-0.00114651;-0.00100377
2023-05-25;0.00104753;0.00119027
2023-05-26;0.00280440;0.00294577
2023-05-29;0.00284491;0.00326902
2023-05-30;0.00016427;0.00030893
2023-05-31;-0.00262205;-0.00247794
2023-06-01;-0.00064250;-0.00049893
2023-06-02;0.00211151;0.00225479
2023-06-05;0.00087659;0.00130399
2023-06-06;0.00016935;0.00031127
2023-06-07;-0.00237207;-0.00223070
2023-06-08;-0.00045326;-0.00031298
2023-06-09;0.00099246;0.00113246
2023-06-12;0.00169269;0.00211516
2023-06-13;0.00098004;0.00112004
2023-06-14;0.00022289;0.00036261
2023-06-15;0.00090509;0.00104399
2023-06-16;0.00049193;0.00063138
2023-06-19;-0.00482675;-0.00440839
2023-06-20;0.00053199;0.00067282
2023-06-21;-0.00092822;-0.00078712
2023-06-22;0.00044516;0.00058625
2023-06-23;-0.00026547;-0.00012437
2023-06-26;-0.00119467;-0.00076398
2023-06-27;0.00125970;0.00140189
2023-06-28;0.00277278;0.00291470
2023-06-29;0.00024441;0.00038687
2023-06-30;0.00085707;0.00099871
2023-07-03;0.00018733;0.00061555
2023-07-04;-0.00471519;-0.00457245
2023-07-05;-0.00167658;-0.00153384
2023-07-06;-0.00359596;-0.00345267
2023-07-07;0.00051779;0.00066080
2023-07-10;0.00005749;0.00048899
2023-07-11;0.00194540;0.00208923
2023-07-12;0.00290836;0.00305193
2023-07-13;0.00483648;0.00498004
2023-07-14;0.00006780;0.00021164
2023-07-17;0.00074556;0.00117789
2023-07-18;0.00079806;0.00094190
2023-07-19;-0.00037436;-0.00023025
2023-07-20;-0.00332324;-0.00317913
2023-07-21;0.00045342;0.00059781
2023-07-24;0.00010146;0.00053544
2023-07-25;0.00024261;0.00038727
2023-07-26;-0.00016591;-0.00002125
2023-07-27;0.00000758;0.00015224
2023-07-28;0.00175380;0.00189846
2023-07-31;0.00067358;0.00110756
2023-08-01;-0.00397155;-0.00382716
2023-08-02;-0.00497137;-0.00482698
2023-08-03;-0.00098643;-0.00084205
2023-08-04;0.00095724;0.00110190
2023-08-07;-0.00004039;0.00039440
2023-08-08;-0.00289673;-0.00275153
2023-08-09;-0.00114026;-0.00099560
2023-08-10;0.00193947;0.00208412
2023-08-11;-0.00258467;-0.00244002
2023-08-14;0.00061810;0.00105289
2023-08-15;-0.00170302;-0.00155809
2023-08-16;-0.00202910;-0.00188417
2023-08-17;-0.00205935;-0.00191442
2023-08-18;-0.00145511;-0.00131045
2023-08-21;0.00210684;0.00254246
2023-08-22;0.00017543;0.00032063
2023-08-23;0.00255833;0.00270354
2023-08-24;-0.00398698;-0.00384150
2023-08-25;-0.00082993;-0.00068363
2023-08-28;0.00255218;0.00299109
2023-08-29;0.00411170;0.00425773
2023-08-30;0.00244550;0.00259126
2023-08-31;-0.00184754;-0.00170178
2023-09-01;0.00040296;0.00054816
2023-09-04;0.00079631;0.00123193
2023-09-05;0.00124163;0.00138738
2023-09-06;-0.00076353;-0.00061805
2023-09-07;-0.00105206;-0.00090685
2023-09-08;-0.00059486;-0.00044938
2023-09-11;-0.00078769;-0.00035043
2023-09-12;-0.00019867;-0.00005292
2023-09-13;-0.00004226;0.00010322
2023-09-14;-0.00092603;-0.00078055
2023-09-15;-0.00051055;-0.00036480
2023-09-18;-0.00001988;0.00041656
2023-09-19;-0.00109396;-0.00094848
2023-09-20;-0.00134154;-0.00119551
2023-09-21;-0.00043673;-0.00029070
2023-09-22;-0.00033012;-0.00018436
2023-09-25;0.00026849;0.00070822
2023-09-26;-0.00075401;-0.00060771
2023-09-27;0.00024344;0.00038975
2023-09-28;-0.00024506;-0.00009930
2023-09-29;0.00015640;0.00030215
2023-10-02;0.00286479;0.00330452
2023-10-03;0.00209499;0.00224157
2023-10-04;-0.00099465;-0.00084835
2023-10-05;-0.00053102;-0.00038471
2023-10-06;-0.00234457;-0.00219772
2023-10-09;-0.00117175;-0.00073120
2023-10-10;-0.00224414;-0.00209784
2023-10-11;-0.00019387;-0.00004757
2023-10-12;0.00167626;0.00182283
2023-10-13;-0.00025222;-0.00010564
2023-10-16;-0.00080273;-0.00036383
2023-10-17;-0.00063593;-0.00048935
2023-10-18;0.00125125;0.00139755
2023-10-19;0.00054129;0.00068732
2023-10-20;0.00023893;0.00038441
2023-10-23;-0.00027723;0.00016003
2023-10-24;0.00031333;0.00045881
2023-10-25;0.00102770;0.00117345
2023-10-26;0.00244000;0.00258575
2023-10-27;-0.00095065;-0.00080489
2023-10-30;-0.00150321;-0.00106512
2023-10-31;0.00247937;0.00262539
2023-11-01;-0.00213950;-0.00199402
2023-11-02;-0.00362340;-0.00347874
2023-11-03;-0.00480739;-0.00466300
2023-11-06;-0.00059441;-0.00015962
2023-11-07;0.00248861;0.00263327
2023-11-08;0.00001095;0.00015561
2023-11-09;0.00025575;0.00040014
2023-11-10;-0.00397848;-0.00383437
2023-11-13;0.00147260;0.00190658
2023-11-14;-0.00410244;-0.00395834
2023-11-15;-0.00084047;-0.00069636
2023-11-16;0.00267810;0.00282194
2023-11-17;-0.00201040;-0.00186656
2023-11-20;-0.00334746;-0.00291431
2023-11-21;0.00023154;0.00037565
2023-11-22;0.00211557;0.00225995
2023-11-23;-0.00024414;-0.00009975
2023-11-24;-0.00220446;-0.00205981
2023-11-27;0.00025678;0.00069075
2023-11-28;-0.00241476;-0.00227038
2023-11-29;0.00147924;0.00162308
2023-11-30;0.00036221;0.00050605
2023-12-01;0.00367613;0.00381942
2023-12-04;-0.00568518;-0.00525286
2023-12-05;-0.00232300;-0.00217916
2023-12-06;0.00109851;0.00124235
2023-12-07;-0.00098777;-0.00084420
2023-12-08;-0.00352070;-0.00337714
2023-12-11;0.00099001;0.00142234
2023-12-12;0.00116671;0.00131082
2023-12-13;0.00136823;0.00151179
2023-12-14;0.00931170;0.00945499
2023-12-15;-0.00198016;-0.00183660
2023-12-18;-0.00047101;-0.00003868
2023-12-19;0.00540581;0.00554909
2023-12-20;-0.00181957;-0.00167601
2023-12-21;0.00105680;0.00119982
2023-12-22;0.00180751;0.00195108
2023-12-25;0.00105084;0.00148152
2023-12-26;0.00116266;0.00130650
2023-12-27;0.00532939;0.00547295
2023-12-28;-0.00185032;-0.00170648
2023-12-29;-0.00154520;-0.00140273
2024-01-02;-0.00696704;-0.00639499
2024-01-03;-0.00630558;-0.00616202
2024-01-04;0.00072516;0.00086872
2024-01-05;0.00104617;0.00118973
2024-01-08;0.00254338;0.00297489
2024-01-09;-0.00214271;-0.00199915
2024-01-10;0.00092401;0.00106730
2024-01-11;-0.00282525;-0.00268196
2024-01-12;0.00404094;0.00418395
2024-01-15;-0.00182857;-0.00139953
2024-01-16;-0.00599524;-0.00585223
2024-01-17;-0.00480072;-0.00465716
2024-01-18;0.00294265;0.00308567
2024-01-19;0.00271944;0.00286245
2024-01-22;0.00110349;0.00153254
2024-01-23;-0.00193452;-0.00179178
2024-01-24;0.00443959;0.00458233
2024-01-25;-0.00147458;-0.00133184
2024-01-26;0.00085921;0.00100195
2024-01-29;0.00055782;0.00098686
2024-01-30;0.00066611;0.00080885
2024-01-31;-0.00062526;-0.00048224
2024-02-01;0.00127627;0.00141928
2024-02-02;0.00325735;0.00340064
2024-02-05;0.00022244;0.00065148
2024-02-06;0.00013219;0.00027548
2024-02-07;0.00055197;0.00069526
2024-02-08;0.00114484;0.00128813
2024-02-09;0.00072150;0.00086507
2024-02-12;-0.00052861;-0.00009874
2024-02-13;-0.00026150;-0.00011767
2024-02-14;0.00076324;0.00090652
2024-02-15;0.00080126;0.00094455
2024-02-16;-0.00093864;-0.00079508
2024-02-19;-0.00145515;-0.00102446
2024-02-20;-0.00054495;-0.00040139
2024-02-21;0.00027291;0.00041647
2024-02-22;0.00599291;0.00613675
2024-02-23;-0.00013408;0.00001003
2024-02-26;0.00031237;0.00074470
2024-02-27;0.00093232;0.00107615
2024-02-28;0.00022224;0.00036581
2024-02-29;0.00067394;0.00081777
2024-03-01;0.00333800;0.00348129
2024-03-04;0.00032284;0.00075352
2024-03-05;-0.00136872;-0.00122543
2024-03-06;-0.00111755;-0.00097399
2024-03-07;0.00017383;0.00031739
2024-03-08;-0.00158634;-0.00144278
2024-03-11;-0.00153402;-0.00110334
2024-03-12;0.00284500;0.00298883
2024-03-13;-0.00124138;-0.00109755
2024-03-14;0.00074871;0.00089255
2024-03-15;-0.00089429;-0.00075046
2024-03-18;0.00255804;0.00298955
2024-03-19;0.00271897;0.00286253
2024-03-20;0.00209771;0.00224127
2024-03-21;0.00285125;0.00299509
2024-03-22;0.00057122;0.00071478
2024-03-25;-0.00095013;-0.00052026
2024-03-26;0.00057916;0.00072217
2024-03-27;0.00238876;0.00253178
2024-03-28;-0.00034155;-0.00019826
2024-03-29;0.00044285;0.00058614
2024-04-01;0.00190188;0.00233174
2024-04-02;-0.00076874;-0.00062573
2024-04-03;0.00205356;0.00219657
2024-04-04;-0.00175671;-0.00161397
2024-04-05;0.00046422;0.00060751
2024-04-08;0.00172741;0.00215728
2024-04-09;-0.00012636;0.00001692
2024-04-10;0.00100995;0.00115379
2024-04-11;0.00156791;0.00171175
2024-04-12;-0.00100798;-0.00086415
2024-04-15;-0.00005142;0.00038008
2024-04-16;-0.00205964;-0.00191580
2024-04-17;-0.00255858;-0.00241474
2024-04-18;0.00019246;0.00033630
2024-04-19;-0.00283717;-0.00269334
2024-04-22;-0.00191141;-0.00148237
2024-04-23;0.00314067;0.00328450
2024-04-24;0.00113322;0.00127733
2024-04-25;-0.00265050;-0.00250639
2024-04-26;0.00518654;0.00533037
2024-04-29;-0.00050396;-0.00007246
2024-04-30;-0.00462839;-0.00448456
2024-05-01;0.00112419;0.00126830
2024-05-02;-0.00601388;-0.00587005
2024-05-03;-0.00416320;-0.00401936
2024-05-06;0.00247168;0.00290318
2024-05-07;0.00251196;0.00265580
2024-05-08;0.00115750;0.00130134
2024-05-09;0.00108338;0.00122721
2024-05-10;0.00072813;0.00087224
2024-05-13;-0.00097190;-0.00054039
2024-05-14;0.00004404;0.00018760
2024-05-15;-0.00106406;-0.00092023
2024-05-16;-0.00030637;-0.00016254
2024-05-17;0.00321010;0.00335393
2024-05-20;0.00262861;0.00306011
2024-05-21;-0.00002467;0.00011917
2024-05-22;-0.00016713;-0.00002330
2024-05-23;-0.00120815;-0.00106404
2024-05-24;-0.00127801;-0.00113390
2024-05-27;0.00111263;0.00154496
2024-05-28;0.00058142;0.00072553
2024-05-29;0.00300423;0.00314834
2024-05-30;-0.00445297;-0.00430886
2024-05-31;-0.00140320;-0.00125937
2024-06-03;0.00370902;0.00414135
2024-06-04;-0.00274761;-0.00260377
2024-06-05;0.00349692;0.00364076
2024-06-06;0.00232979;0.00247363
2024-06-07;-0.00582968;-0.00568557
2024-06-10;0.00065120;0.00108270
2024-06-11;-0.00094572;-0.00080189
2024-06-12;0.00723954;0.00738338
2024-06-13;-0.00507708;-0.00493325
2024-06-14;-0.00126848;-0.00112464
2024-06-17;0.00048784;0.00091935
2024-06-18;0.00242228;0.00256584
2024-06-19;-0.00154449;-0.00140093
2024-06-20;0.00114628;0.00128984
2024-06-21;-0.00331119;-0.00316790
2024-06-24;0.00065587;0.00108655
2024-06-25;-0.00099926;-0.00085597
2024-06-26;-0.00048192;-0.00033835
2024-06-27;0.00116535;0.00130864
2024-06-28;0.00008551;0.00022852
2024-07-01;0.00045899;0.00088968
2024-07-02;0.00081505;0.00095861
2024-07-03;0.00027639;0.00041995
2024-07-04;0.00026726;0.00041082
2024-07-05;0.00067127;0.00081456
2024-07-08;-0.00050162;-0.00007175
2024-07-09;0.00151815;0.00166144
2024-07-10;0.00102689;0.00117018
2024-07-11;-0.00389916;-0.00375642
2024-07-12;-0.00112349;-0.00098075
2024-07-15;0.00042310;0.00085050
2024-07-16;0.00175713;0.00189960
2024-07-17;-0.00458233;-0.00443987
2024-07-18;-0.00062894;-0.00048620
2024-07-19;-0.00087266;-0.00073019
2024-07-22;0.00082756;0.00125414
2024-07-23;-0.00091647;-0.00077455
2024-07-24;-0.00505326;-0.00491134
2024-07-25;-0.00174694;-0.00160530
2024-07-26;0.00139975;0.00154112
2024-07-29;0.00094745;0.00137074
2024-07-30;-0.00082697;-0.00068615
2024-07-31;0.00089448;0.00103557
2024-08-01;-0.00210892;-0.00196864
2024-08-02;-0.00274096;-0.00260261
2024-08-05;-0.00631262;-0.00589426
2024-08-06;0.00104047;0.00117993
2024-08-07;-0.00182541;-0.00168595
2024-08-08;0.00328007;0.00341952
2024-08-09;0.00094729;0.00108674
2024-08-12;0.00038763;0.00080434
2024-08-13;0.00277640;0.00291503
2024-08-14;0.00008690;0.00022580
2024-08-15;0.00255988;0.00269933
2024-08-16;0.00266287;0.00280204
2024-08-19;0.00121449;0.00163038
2024-08-20;0.00014880;0.00028688
2024-08-21;0.00056098;0.00069851
2024-08-22;-0.00106938;-0.00093130
2024-08-23;0.00155992;0.00169718
2024-08-26;-0.00104167;-0.00063235
2024-08-27;0.00027089;0.00040733
2024-08-28;-0.00091033;-0.00077444
2024-08-29;0.00010595;0.00024239
2024-08-30;0.00027704;0.00041348
2024-09-02;0.00025791;0.00066722
2024-09-03;-0.00550578;-0.00536962
2024-09-04;0.00139975;0.00153564
2024-09-05;0.00142403;0.00155937
2024-09-06;-0.00469679;-0.00456172
2024-09-09;-0.00091725;-0.00051533
2024-09-10;-0.00073721;-0.00060433
2024-09-11;0.00073480;0.00086877
2024-09-12;0.00376719;0.00390007
2024-09-13;0.00477783;0.00490879
2024-09-16;0.00098778;0.00137819
2024-09-17;-0.00111042;-0.00098029
2024-09-18;-0.00002532;0.00010207
2024-09-19;0.00562900;0.00575530
2024-09-20;-0.00099683;-0.00087190
2024-09-23;0.00280215;0.00317448
2024-09-24;0.00307427;0.00319756
2024-09-25;-0.00214967;-0.00202611
2024-09-26;0.00464705;0.00477033
2024-09-27;0.00014481;0.00026810
2024-09-30;-0.00150456;-0.00113306
2024-10-01;-0.00428193;-0.00415864
2024-10-02;-0.00210416;-0.00198143
2024-10-03;-0.00464009;-0.00451735
2024-10-04;-0.00265495;-0.00253084
2024-10-07;-0.00197355;-0.00159957
2024-10-08;-0.00188591;-0.00176181
2024-10-09;-0.00058198;-0.00045760
2024-10-10;-0.00007406;0.00005032
2024-10-11;0.00243892;0.00256303
2024-10-14;0.00090946;0.00128179
2024-10-15;-0.00262891;-0.00250508
2024-10-16;-0.00198962;-0.00186606
2024-10-17;0.00037434;0.00049872
2024-10-18;0.00270153;0.00282564
2024-10-21;-0.00243876;-0.00206808
2024-10-22;0.00088491;0.00100847
2024-10-23;-0.00519212;-0.00506829
2024-10-24;0.00170944;0.00183272
2024-10-25;0.00024389;0.00036772
2024-10-28;-0.00093456;-0.00056551
2024-10-29;-0.00007828;0.00004473
2024-10-30;0.00087964;0.00100210
2024-10-31;-0.00676951;-0.00664786
2024-11-01;0.00025548;0.00037630
2024-11-04;-0.00109580;-0.00073087
2024-11-05;0.00128929;0.00141066
2024-11-06;-0.00079592;-0.00067427
2024-11-07;0.00194908;0.00207045
2024-11-08;-0.00149097;-0.00136960
2024-11-11;-0.00477148;-0.00440737
2024-11-12;-0.00103556;-0.00091419
2024-11-13;-0.00091052;-0.00078998
2024-11-14;0.00007529;0.00019611
2024-11-15;-0.00185808;-0.00173726
2024-11-18;0.00184524;0.00220852
2024-11-19;0.00000834;0.00012916
2024-11-20;0.00014318;0.00026427
2024-11-21;-0.00059957;-0.00047820
2024-11-22;0.00103091;0.00115228
2024-11-25;-0.00192939;-0.00156610
2024-11-26;0.00051473;0.00063528
2024-11-27;-0.00085113;-0.00073059
2024-11-28;0.00183724;0.00195779
2024-11-29;0.00111861;0.00123888
2024-12-02;0.00475667;0.00511667
2024-12-03;-0.00096195;-0.00084250
2024-12-04;0.00213513;0.00225431
2024-12-05;-0.00228609;-0.00216719
2024-12-06;0.00324791;0.00336599
2024-12-09;-0.00249087;-0.00213745
2024-12-10;0.00331109;0.00342863
2024-12-11;0.00157462;0.00169133
2024-12-12;0.00015664;0.00027253
2024-12-13;0.00328421;0.00340010
2024-12-16;-0.00038364;-0.00003432
2024-12-17;0.00058330;0.00070001
2024-12-18;-0.00224825;-0.00213181
2024-12-19;0.00360596;0.00372185
2024-12-20;-0.00161496;-0.00149907
2024-12-23;0.00324233;0.00359082
2024-12-24;0.00237564;0.00249290
2024-12-25;-0.00032593;-0.00020867
2024-12-26;-0.00008927;0.00002689
2024-12-27;-0.00106780;-0.00095300
2024-12-30;-0.00155904;-0.00121137
2024-12-31;0.00084182;0.00095771
