date;excess;total
1927-12-30;-0.00065000;-0.00065000
1928-01-03;0.00550909;0.00565484
1928-01-04;-0.00229061;-0.00225417
1928-01-05;-0.00963204;-0.00959560
1928-01-06;0.00622945;0.00626589
1928-01-09;-0.00917509;-0.00906578
1928-01-10;-0.00746693;-0.00743049
1928-01-11;-0.00118977;-0.00115333
1928-01-12;0.00687807;0.00691451
1928-01-13;0.00625815;0.00629459
1928-01-16;-0.01661109;-0.01650177
1928-01-17;0.00054001;0.00057645
1928-01-18;-0.00235049;-0.00231406
1928-01-19;0.00691414;0.00695057
1928-01-20;0.00571538;0.00575182
1928-01-23;0.00903825;0.00914756
1928-01-24;0.00392990;0.00396634
1928-01-25;-0.01076676;-0.01073032
1928-01-26;0.00624018;0.00627662
1928-01-27;0.00336493;0.00340137
1928-01-30;-0.01142089;-0.01131158
1928-01-31;0.00453569;0.00457212
1928-02-01;-0.00231496;-0.00227853
1928-02-02;0.00566615;0.00570259
1928-02-03;-0.01308430;-0.01304786
1928-02-06;0.00275849;0.00286781
1928-02-07;-0.00061142;-0.00057498
1928-02-08;0.00282862;0.00286505
1928-02-09;0.00339218;0.00342861
1928-02-10;-0.00060816;-0.00057172
1928-02-14;-0.00585468;-0.00570893
1928-02-15;-0.00233193;-0.00229550
1928-02-16;-0.00291192;-0.00287548
1928-02-17;-0.01790579;-0.01786935
1928-02-20;-0.00539676;-0.00528744
1928-02-21;0.00940117;0.00943761
1928-02-23;0.00109219;0.00116507
1928-02-24;0.00288050;0.00291694
1928-02-27;-0.00418957;-0.00408026
1928-02-28;0.00288391;0.00292035
1928-02-29;0.00578915;0.00582559
1928-03-01;0.00227914;0.00231558
1928-03-02;-0.00003836;-0.00000192
1928-03-05;0.01549187;0.01560118
1928-03-06;0.00565316;0.00568960
1928-03-07;-0.00513173;-0.00509530
1928-03-08;0.00337461;0.00341105
1928-03-09;0.01640155;0.01643799
1928-03-12;0.00378900;0.00389832
1928-03-13;-0.00448280;-0.00444636
1928-03-14;0.00051968;0.00055612
1928-03-15;0.00776979;0.00780622
1928-03-16;0.01047631;0.01051275
1928-03-19;0.00536138;0.00547070
1928-03-20;0.00540827;0.00544471
1928-03-21;0.01025417;0.01029061
1928-03-22;-0.00271932;-0.00268288
1928-03-23;0.00963906;0.00967550
1928-03-26;0.01426193;0.01437124
1928-03-27;-0.00581263;-0.00577620
1928-03-28;-0.00267827;-0.00264183
1928-03-29;0.00313793;0.00317437
1928-03-30;0.01737589;0.01741233
1928-04-02;-0.01930594;-0.01919662
1928-04-03;0.00577867;0.00581511
1928-04-04;-0.00161564;-0.00157920
1928-04-05;0.01259987;0.01263631
1928-04-09;0.00192666;0.00207241
1928-04-10;-0.00886036;-0.00882392
1928-04-11;0.01776269;0.01779913
1928-04-12;-0.00158157;-0.00154513
1928-04-13;0.01644799;0.01648443
1928-04-16;-0.00264928;-0.00253997
1928-04-17;-0.00816844;-0.00813200
1928-04-18;-0.00003836;-0.00000192
1928-04-19;0.00559689;0.00563333
1928-04-20;-0.01481166;-0.01477522
1928-04-23;-0.00993927;-0.00982995
1928-04-24;0.00518358;0.00522001
1928-04-25;0.00411749;0.00415393
1928-04-26;0.00720427;0.00724071
1928-04-27;0.01074747;0.01078391
1928-04-30;0.00279184;0.00290116
1928-05-01;0.00000000;0.00003644
1928-05-02;0.00000000;0.00003644
1928-05-03;0.00000000;0.00003644
1928-05-04;0.00000000;0.00003644
1928-05-07;0.00000000;0.00010932
1928-05-08;0.00000000;0.00003644
1928-05-09;0.00000000;0.00003644
1928-05-10;0.00000000;0.00003644
1928-05-11;0.00000000;0.00003644
1928-05-14;0.00000000;0.00010932
1928-05-15;0.00000000;0.00003644
1928-05-16;0.00000000;0.00003644
1928-05-17;0.00000000;0.00003644
1928-05-18;0.00000000;0.00003644
1928-05-21;0.00000000;0.00010932
1928-05-22;0.00000000;0.00003644
1928-05-23;0.00000000;0.00003644
1928-05-24;0.00000000;0.00003644
1928-05-25;0.00000000;0.00003644
1928-05-28;0.00000000;0.00010932
1928-05-29;0.00000000;0.00003644
1928-05-31;0.00000000;0.00007288
1928-06-01;0.00000000;0.00003644
1928-06-04;0.00000000;0.00010932
1928-06-05;0.00000000;0.00003644
1928-06-06;0.00000000;0.00003644
1928-06-07;0.00000000;0.00003644
1928-06-08;0.00000000;0.00003644
1928-06-11;0.00000000;0.00010932
1928-06-12;0.00000000;0.00003644
1928-06-13;0.00000000;0.00003644
1928-06-14;0.00000000;0.00003644
1928-06-15;0.00000000;0.00003644
1928-06-18;0.00000000;0.00010932
1928-06-19;0.00000000;0.00003644
1928-06-20;0.00000000;0.00003644
1928-06-21;0.00000000;0.00003644
1928-06-22;0.00000000;0.00003644
1928-06-25;0.00000000;0.00010932
1928-06-26;0.00000000;0.00003644
1928-06-27;0.00000000;0.00003644
1928-06-28;0.00000000;0.00003644
1928-06-29;0.00000000;0.00003644
1928-07-02;0.00000000;0.00010932
1928-07-03;0.00000000;0.00003644
1928-07-05;0.00000000;0.00007288
1928-07-06;0.00000000;0.00003644
1928-07-09;0.00000000;0.00010932
1928-07-10;0.00000000;0.00003644
1928-07-11;0.00000000;0.00003644
1928-07-12;0.00000000;0.00003644
1928-07-13;0.00000000;0.00003644
1928-07-16;0.00000000;0.00010932
1928-07-17;0.00000000;0.00003644
1928-07-18;0.00000000;0.00003644
1928-07-19;0.00000000;0.00003644
1928-07-20;0.00000000;0.00003644
1928-07-23;0.00000000;0.00010932
1928-07-24;0.00000000;0.00003644
1928-07-25;0.00000000;0.00003644
1928-07-26;0.00000000;0.00003644
1928-07-27;0.00000000;0.00003644
1928-07-30;0.00000000;0.00010932
1928-07-31;0.00000000;0.00003644
1928-08-01;0.00000000;0.00003644
1928-08-02;0.00000000;0.00003644
1928-08-03;0.00000000;0.00003644
1928-08-06;0.00000000;0.00010932
1928-08-07;0.00000000;0.00003644
1928-08-08;0.00000000;0.00003644
1928-08-09;0.00000000;0.00003644
1928-08-10;0.00000000;0.00003644
1928-08-13;0.00000000;0.00010932
1928-08-14;0.00000000;0.00003644
1928-08-15;0.00000000;0.00003644
1928-08-16;0.00000000;0.00003644
1928-08-17;0.00000000;0.00003644
1928-08-20;0.00000000;0.00010932
1928-08-21;0.00000000;0.00003644
1928-08-22;0.00000000;0.00003644
1928-08-23;0.00000000;0.00003644
1928-08-24;0.00000000;0.00003644
1928-08-27;0.00000000;0.00010932
1928-08-28;0.00000000;0.00003644
1928-08-29;0.00000000;0.00003644
1928-08-30;0.00000000;0.00003644
1928-08-31;0.00000000;0.00003644
1928-09-04;0.00000000;0.00014575
1928-09-05;0.00000000;0.00003644
1928-09-06;0.00000000;0.00003644
1928-09-07;0.00000000;0.00003644
1928-09-10;0.00000000;0.00010932
1928-09-11;0.00000000;0.00003644
1928-09-12;0.00000000;0.00003644
1928-09-13;0.00000000;0.00003644
1928-09-14;0.00000000;0.00003644
1928-09-17;0.00000000;0.00010932
1928-09-18;0.00000000;0.00003644
1928-09-19;0.00000000;0.00003644
1928-09-20;0.00000000;0.00003644
1928-09-21;0.00000000;0.00003644
1928-09-24;0.00000000;0.00010932
1928-09-25;0.00000000;0.00003644
1928-09-26;0.00000000;0.00003644
1928-09-27;0.00000000;0.00003644
1928-09-28;0.00000000;0.00003644
1928-10-01;0.00000000;0.00010932
1928-10-02;0.00000000;0.00003644
1928-10-03;0.00000000;0.00003644
1928-10-04;0.00000000;0.00003644
1928-10-05;0.00000000;0.00003644
1928-10-08;0.00000000;0.00010932
1928-10-09;0.00000000;0.00003644
1928-10-10;0.00000000;0.00003644
1928-10-11;0.00000000;0.00003644
1928-10-15;0.00000000;0.00014575
1928-10-16;0.00000000;0.00003644
1928-10-17;0.00000000;0.00003644
1928-10-18;0.00000000;0.00003644
1928-10-19;0.00000000;0.00003644
1928-10-22;0.00000000;0.00010932
1928-10-23;0.00000000;0.00003644
1928-10-24;0.00000000;0.00003644
1928-10-25;0.00000000;0.00003644
1928-10-26;0.00000000;0.00003644
1928-10-29;0.00000000;0.00010932
1928-10-30;0.00000000;0.00003644
1928-10-31;-0.00065000;-0.00061356
1928-11-01;0.01426054;0.01429698
1928-11-02;-0.00185736;-0.00182093
1928-11-05;0.01309678;0.01320609
1928-11-07;-0.00007671;-0.00000384
1928-11-08;0.00670625;0.00674269
1928-11-09;0.00710769;0.00714413
1928-11-12;0.01274524;0.01285456
1928-11-13;0.00302644;0.00306288
1928-11-14;-0.00003836;-0.00000192
1928-11-15;0.00519953;0.00523597
1928-11-16;0.01472500;0.01476143
1928-11-19;-0.00011507;-0.00000575
1928-11-20;0.00851962;0.00855606
1928-11-21;-0.01488774;-0.01485130
1928-11-22;0.01288154;0.01291798
1928-11-23;0.00761471;0.00765114
1928-11-26;0.00410434;0.00421366
1928-11-27;0.00458349;0.00461993
1928-11-28;0.01167223;0.01170866
1928-11-30;0.00364383;0.00371671
1928-12-03;-0.01782512;-0.01771580
1928-12-04;0.00247737;0.00251381
1928-12-05;-0.00422071;-0.00418427
1928-12-06;-0.03783760;-0.03780116
1928-12-07;-0.02404534;-0.02400890
1928-12-10;-0.00235120;-0.00224189
1928-12-11;0.01923551;0.01927195
1928-12-12;-0.00971294;-0.00967650
1928-12-13;-0.00181456;-0.00177812
1928-12-14;0.00218584;0.00222228
1928-12-17;-0.00410974;-0.00400043
1928-12-18;0.01154810;0.01158453
1928-12-19;0.01229645;0.01233288
1928-12-20;0.00387809;0.00391453
1928-12-21;0.01123169;0.01126813
1928-12-24;0.00888622;0.00899553
1928-12-26;-0.00432480;-0.00425192
1928-12-27;0.00849407;0.00853051
1928-12-28;0.01434405;0.01438048
1928-12-31;0.01531446;0.01542377
1929-01-02;0.01881446;0.01888733
1929-01-03;0.00197696;0.00201340
1929-01-04;-0.00044061;-0.00040417
1929-01-07;-0.02425994;-0.02415062
1929-01-08;-0.00333733;-0.00330089
1929-01-09;0.01526988;0.01530632
1929-01-10;0.00159164;0.00162807
1929-01-11;-0.00166570;-0.00162926
1929-01-14;0.00192242;0.00203174
1929-01-15;-0.01467845;-0.01464202
1929-01-16;0.01358112;0.01361756
1929-01-17;0.00525480;0.00529124
1929-01-18;0.00320182;0.00323826
1929-01-21;0.00351836;0.00362767
1929-01-22;0.00840895;0.00844539
1929-01-23;0.00594489;0.00598133
1929-01-24;-0.00638253;-0.00634609
1929-01-25;0.01672142;0.01675786
1929-01-28;-0.00521711;-0.00510779
1929-01-29;0.00035612;0.00039256
1929-01-30;0.00351054;0.00354698
1929-01-31;0.01135654;0.01139297
1929-02-01;0.00384665;0.00388309
1929-02-04;-0.00785501;-0.00774569
1929-02-05;0.00230174;0.00233818
1929-02-06;-0.00820956;-0.00817312
1929-02-07;-0.03063859;-0.03060215
1929-02-08;-0.01096511;-0.01092867
1929-02-11;0.02197986;0.02208917
1929-02-13;-0.00127767;-0.00120480
1929-02-14;-0.00404637;-0.00400993
1929-02-15;-0.02015908;-0.02012264
1929-02-18;0.00152764;0.00163696
1929-02-19;-0.00044836;-0.00041192
1929-02-20;0.00857526;0.00861170
1929-02-21;0.01094172;0.01097816
1929-02-25;0.00185784;0.00200359
1929-02-26;0.00156742;0.00160386
1929-02-27;0.01198569;0.01202213
1929-02-28;0.01342699;0.01346343
1929-03-01;0.00934031;0.00937675
1929-03-04;-0.01327806;-0.01316874
1929-03-05;-0.00670764;-0.00667120
1929-03-06;-0.01583614;-0.01579971
1929-03-07;0.00919118;0.00922762
1929-03-08;0.00632347;0.00635991
1929-03-11;-0.01433870;-0.01422938
1929-03-12;0.00076325;0.00079969
1929-03-13;0.01077462;0.01081106
1929-03-14;0.01937527;0.01941171
1929-03-15;0.01356444;0.01360088
1929-03-18;-0.00164881;-0.00153950
1929-03-19;-0.00042238;-0.00038594
1929-03-20;-0.00042253;-0.00038609
1929-03-21;-0.00465019;-0.00461375
1929-03-22;-0.01355187;-0.01351543
1929-03-25;-0.04081957;-0.04071025
1929-03-26;-0.00656630;-0.00652987
1929-03-27;0.03035179;0.03038823
1929-03-28;0.01749851;0.01753495
1929-04-01;-0.02561367;-0.02546791
1929-04-02;0.01161759;0.01165403
1929-04-03;-0.01235461;-0.01231817
1929-04-04;0.01766076;0.01769720
1929-04-05;-0.00991978;-0.00988334
1929-04-08;-0.00889750;-0.00878819
1929-04-09;-0.00809313;-0.00805669
1929-04-10;0.00605178;0.00608822
1929-04-11;0.01126108;0.01129752
1929-04-12;0.00355302;0.00358946
1929-04-15;-0.00607928;-0.00596997
1929-04-16;0.00236164;0.00239808
1929-04-17;0.01033674;0.01037318
1929-04-18;0.00430604;0.00434247
1929-04-19;-0.00082483;-0.00078839
1929-04-22;0.01129776;0.01140708
1929-04-23;0.00579822;0.00583466
1929-04-24;-0.00390683;-0.00387039
1929-04-25;-0.00469855;-0.00466211
1929-04-26;-0.00198920;-0.00195276
1929-04-29;-0.00206972;-0.00196041
1929-04-30;0.01537118;0.01540762
1929-05-01;0.00000000;0.00003644
1929-05-02;0.00000000;0.00003644
1929-05-03;0.00000000;0.00003644
1929-05-06;0.00000000;0.00010932
1929-05-07;0.00000000;0.00003644
1929-05-08;0.00000000;0.00003644
1929-05-09;0.00000000;0.00003644
1929-05-10;0.00000000;0.00003644
1929-05-13;0.00000000;0.00010932
1929-05-14;0.00000000;0.00003644
1929-05-15;0.00000000;0.00003644
1929-05-16;0.00000000;0.00003644
1929-05-17;0.00000000;0.00003644
1929-05-20;0.00000000;0.00010932
1929-05-21;0.00000000;0.00003644
1929-05-22;0.00000000;0.00003644
1929-05-23;0.00000000;0.00003644
1929-05-24;0.00000000;0.00003644
1929-05-27;0.00000000;0.00010932
1929-05-28;0.00000000;0.00003644
1929-05-29;0.00000000;0.00003644
1929-05-31;0.00000000;0.00007288
1929-06-03;0.00000000;0.00010932
1929-06-04;0.00000000;0.00003644
1929-06-05;0.00000000;0.00003644
1929-06-06;0.00000000;0.00003644
1929-06-07;0.00000000;0.00003644
1929-06-10;0.00000000;0.00010932
1929-06-11;0.00000000;0.00003644
1929-06-12;0.00000000;0.00003644
1929-06-13;0.00000000;0.00003644
1929-06-14;0.00000000;0.00003644
1929-06-17;0.00000000;0.00010932
1929-06-18;0.00000000;0.00003644
1929-06-19;0.00000000;0.00003644
1929-06-20;0.00000000;0.00003644
1929-06-21;0.00000000;0.00003644
1929-06-24;0.00000000;0.00010932
1929-06-25;0.00000000;0.00003644
1929-06-26;0.00000000;0.00003644
1929-06-27;0.00000000;0.00003644
1929-06-28;0.00000000;0.00003644
1929-07-01;0.00000000;0.00010932
1929-07-02;0.00000000;0.00003644
1929-07-03;0.00000000;0.00003644
1929-07-05;0.00000000;0.00007288
1929-07-08;0.00000000;0.00010932
1929-07-09;0.00000000;0.00003644
1929-07-10;0.00000000;0.00003644
1929-07-11;0.00000000;0.00003644
1929-07-12;0.00000000;0.00003644
1929-07-15;0.00000000;0.00010932
1929-07-16;0.00000000;0.00003644
1929-07-17;0.00000000;0.00003644
1929-07-18;0.00000000;0.00003644
1929-07-19;0.00000000;0.00003644
1929-07-22;0.00000000;0.00010932
1929-07-23;0.00000000;0.00003644
1929-07-24;0.00000000;0.00003644
1929-07-25;0.00000000;0.00003644
1929-07-26;0.00000000;0.00003644
1929-07-29;0.00000000;0.00010932
1929-07-30;0.00000000;0.00003644
1929-07-31;0.00000000;0.00003644
1929-08-01;0.00000000;0.00003644
1929-08-02;0.00000000;0.00003644
1929-08-05;0.00000000;0.00010932
1929-08-06;0.00000000;0.00003644
1929-08-07;0.00000000;0.00003644
1929-08-08;0.00000000;0.00003644
1929-08-09;0.00000000;0.00003644
1929-08-12;0.00000000;0.00010932
1929-08-13;0.00000000;0.00003644
1929-08-14;0.00000000;0.00003644
1929-08-15;0.00000000;0.00003644
1929-08-16;0.00000000;0.00003644
1929-08-19;0.00000000;0.00010932
1929-08-20;0.00000000;0.00003644
1929-08-21;0.00000000;0.00003644
1929-08-22;0.00000000;0.00003644
1929-08-23;0.00000000;0.00003644
1929-08-26;0.00000000;0.00010932
1929-08-27;0.00000000;0.00003644
1929-08-28;0.00000000;0.00003644
1929-08-29;0.00000000;0.00003644
1929-08-30;0.00000000;0.00003644
1929-09-03;0.00000000;0.00014575
1929-09-04;0.00000000;0.00003644
1929-09-05;0.00000000;0.00003644
1929-09-06;0.00000000;0.00003644
1929-09-09;0.00000000;0.00010932
1929-09-10;0.00000000;0.00003644
1929-09-11;0.00000000;0.00003644
1929-09-12;0.00000000;0.00003644
1929-09-13;0.00000000;0.00003644
1929-09-16;0.00000000;0.00010932
1929-09-17;0.00000000;0.00003644
1929-09-18;0.00000000;0.00003644
1929-09-19;0.00000000;0.00003644
1929-09-20;0.00000000;0.00003644
1929-09-23;0.00000000;0.00010932
1929-09-24;0.00000000;0.00003644
1929-09-25;0.00000000;0.00003644
1929-09-26;0.00000000;0.00003644
1929-09-27;0.00000000;0.00003644
1929-09-30;0.00000000;0.00010932
1929-10-01;0.00000000;0.00003644
1929-10-02;0.00000000;0.00003644
1929-10-03;0.00000000;0.00003644
1929-10-04;0.00000000;0.00003644
1929-10-07;0.00000000;0.00010932
1929-10-08;0.00000000;0.00003644
1929-10-09;0.00000000;0.00003644
1929-10-10;0.00000000;0.00003644
1929-10-11;0.00000000;0.00003644
1929-10-14;0.00000000;0.00010932
1929-10-15;0.00000000;0.00003644
1929-10-16;0.00000000;0.00003644
1929-10-17;0.00000000;0.00003644
1929-10-18;0.00000000;0.00003644
1929-10-21;0.00000000;0.00010932
1929-10-22;0.00000000;0.00003644
1929-10-23;0.00000000;0.00003644
1929-10-24;0.00000000;0.00003644
1929-10-25;0.00000000;0.00003644
1929-10-28;0.00000000;0.00010932
1929-10-29;0.00000000;0.00003644
1929-10-30;0.00000000;0.00003644
1929-10-31;-0.00065000;-0.00061356
1929-11-04;-0.05274142;-0.05259566
1929-11-06;-0.09929000;-0.09921712
1929-11-07;0.03683695;0.03687339
1929-11-08;-0.00892932;-0.00889289
1929-11-11;-0.06243801;-0.06232870
1929-11-12;-0.05693664;-0.05690021
1929-11-13;-0.05716596;-0.05712952
1929-11-14;0.08942937;0.08946581
1929-11-15;0.05505520;0.05509164
1929-11-18;-0.01045990;-0.01035058
1929-11-19;0.03032501;0.03036145
1929-11-20;0.02749788;0.02753431
1929-11-21;0.01594660;0.01598304
1929-11-22;-0.00374035;-0.00370391
1929-11-25;-0.01172677;-0.01161746
1929-11-26;-0.02917369;-0.02913726
1929-11-27;0.01254635;0.01258279
1929-12-02;0.00124225;0.00142445
1929-12-03;0.03337453;0.03341097
1929-12-04;0.01843739;0.01847383
1929-12-05;-0.00820162;-0.00816518
1929-12-06;0.02648199;0.02651843
1929-12-09;-0.00234224;-0.00223292
1929-12-10;0.00755093;0.00758737
1929-12-11;-0.00845661;-0.00842017
1929-12-12;-0.05410449;-0.05406805
1929-12-13;0.02499707;0.02503351
1929-12-16;-0.01716576;-0.01705644
1929-12-17;0.01074458;0.01078102
1929-12-18;-0.00653186;-0.00649542
1929-12-19;-0.02664900;-0.02661256
1929-12-20;-0.03313188;-0.03309544
1929-12-23;0.00484525;0.00495456
1929-12-24;0.00637823;0.00641467
1929-12-26;0.02199293;0.02206581
1929-12-27;-0.00099805;-0.00096161
1929-12-30;0.00324708;0.00335640
1929-12-31;0.02676873;0.02680517
1930-01-02;-0.01266412;-0.01259125
1930-01-03;0.00232236;0.00235880
1930-01-06;0.01260278;0.01271210
1930-01-07;-0.00887557;-0.00883913
1930-01-08;-0.00097688;-0.00094044
1930-01-09;0.01546188;0.01549832
1930-01-10;-0.00327610;-0.00323966
1930-01-13;-0.00150718;-0.00139786
1930-01-14;0.00182038;0.00185682
1930-01-15;0.00413604;0.00417248
1930-01-16;-0.00696676;-0.00693032
1930-01-17;-0.00887557;-0.00883913
1930-01-20;0.00880093;0.00891025
1930-01-21;0.00507792;0.00511436
1930-01-22;0.00088714;0.00092358
1930-01-23;0.00967038;0.00970682
1930-01-24;0.00911915;0.00915559
1930-01-27;0.00759818;0.00770750
1930-01-28;-0.00499108;-0.00495464
1930-01-29;0.01127386;0.01131030
1930-01-30;0.00533077;0.00536721
1930-01-31;0.01420285;0.01423929
1930-02-03;-0.00230901;-0.00219970
1930-02-04;0.01183499;0.01187143
1930-02-05;0.01299945;0.01303589
1930-02-06;-0.01076337;-0.01072693
1930-02-07;-0.00394122;-0.00390478
1930-02-10;0.00641519;0.00652450
1930-02-11;0.00861216;0.00864860
1930-02-13;0.00163855;0.00171143
1930-02-14;-0.00046644;-0.00043000
1930-02-17;-0.00396946;-0.00386014
1930-02-18;0.00082149;0.00085793
1930-02-19;-0.00905897;-0.00902254
1930-02-20;-0.01867728;-0.01864084
1930-02-21;0.01232914;0.01236557
1930-02-24;-0.01058627;-0.01047696
1930-02-25;0.00922090;0.00925734
1930-02-26;0.00957283;0.00960927
1930-02-27;-0.00133650;-0.00130006
1930-02-28;0.00862716;0.00866359
1930-03-03;0.00332136;0.00343067
1930-03-04;0.00766712;0.00770356
1930-03-05;-0.00768492;-0.00764848
1930-03-06;0.00980753;0.00984397
1930-03-07;-0.00003836;-0.00000192
1930-03-10;0.00327620;0.00338551
1930-03-11;0.00207402;0.00211046
1930-03-12;-0.01099957;-0.01096313
1930-03-13;0.00592925;0.00596569
1930-03-14;-0.00639429;-0.00635785
1930-03-17;0.00926659;0.00937591
1930-03-18;0.00967859;0.00971502
1930-03-19;0.00540097;0.00543741
1930-03-20;0.00453926;0.00457569
1930-03-21;0.00617540;0.00621184
1930-03-24;-0.00052676;-0.00041745
1930-03-25;-0.00127394;-0.00123750
1930-03-26;0.01521938;0.01525581
1930-03-27;-0.00206923;-0.00203279
1930-03-28;0.01135766;0.01139409
1930-03-31;-0.02828408;-0.02817477
1930-04-01;0.05047924;0.05051568
1930-04-02;-0.01028668;-0.01025024
1930-04-03;0.00195288;0.00198932
1930-04-04;0.01506498;0.01510142
1930-04-07;0.00223419;0.00234350
1930-04-08;-0.00550711;-0.00547067
1930-04-09;0.01606534;0.01610177
1930-04-10;0.00189438;0.00193082
1930-04-11;-0.00312478;-0.00308834
1930-04-14;-0.00437203;-0.00426272
1930-04-15;0.00035030;0.00038673
1930-04-16;-0.00703136;-0.00699492
1930-04-17;0.00739513;0.00743157
1930-04-21;-0.01801750;-0.01787175
1930-04-22;0.00826532;0.00830176
1930-04-23;0.00192243;0.00195887
1930-04-24;-0.00786614;-0.00782971
1930-04-25;-0.00122179;-0.00118535
1930-04-28;-0.02223197;-0.02212266
1930-04-29;-0.00124999;-0.00121355
1930-04-30;0.00618589;0.00622232
1930-05-01;0.00000000;0.00003644
1930-05-02;0.00000000;0.00003644
1930-05-05;0.00000000;0.00010932
1930-05-06;0.00000000;0.00003644
1930-05-07;0.00000000;0.00003644
1930-05-08;0.00000000;0.00003644
1930-05-09;0.00000000;0.00003644
1930-05-12;0.00000000;0.00010932
1930-05-13;0.00000000;0.00003644
1930-05-14;0.00000000;0.00003644
1930-05-15;0.00000000;0.00003644
1930-05-16;0.00000000;0.00003644
1930-05-19;0.00000000;0.00010932
1930-05-20;0.00000000;0.00003644
1930-05-21;0.00000000;0.00003644
1930-05-22;0.00000000;0.00003644
1930-05-23;0.00000000;0.00003644
1930-05-26;0.00000000;0.00010932
1930-05-27;0.00000000;0.00003644
1930-05-28;0.00000000;0.00003644
1930-05-29;0.00000000;0.00003644
1930-06-02;0.00000000;0.00014575
1930-06-03;0.00000000;0.00003644
1930-06-04;0.00000000;0.00003644
1930-06-05;0.00000000;0.00003644
1930-06-06;0.00000000;0.00003644
1930-06-09;0.00000000;0.00010932
1930-06-10;0.00000000;0.00003644
1930-06-11;0.00000000;0.00003644
1930-06-12;0.00000000;0.00003644
1930-06-13;0.00000000;0.00003644
1930-06-16;0.00000000;0.00010932
1930-06-17;0.00000000;0.00003644
1930-06-18;0.00000000;0.00003644
1930-06-19;0.00000000;0.00003644
1930-06-20;0.00000000;0.00003644
1930-06-23;0.00000000;0.00010932
1930-06-24;0.00000000;0.00003644
1930-06-25;0.00000000;0.00003644
1930-06-26;0.00000000;0.00003644
1930-06-27;0.00000000;0.00003644
1930-06-30;0.00000000;0.00010932
1930-07-01;0.00000000;0.00003644
1930-07-02;0.00000000;0.00003644
1930-07-03;0.00000000;0.00003644
1930-07-07;0.00000000;0.00014575
1930-07-08;0.00000000;0.00003644
1930-07-09;0.00000000;0.00003644
1930-07-10;0.00000000;0.00003644
1930-07-11;0.00000000;0.00003644
1930-07-14;0.00000000;0.00010932
1930-07-15;0.00000000;0.00003644
1930-07-16;0.00000000;0.00003644
1930-07-17;0.00000000;0.00003644
1930-07-18;0.00000000;0.00003644
1930-07-21;0.00000000;0.00010932
1930-07-22;0.00000000;0.00003644
1930-07-23;0.00000000;0.00003644
1930-07-24;0.00000000;0.00003644
1930-07-25;0.00000000;0.00003644
1930-07-28;0.00000000;0.00010932
1930-07-29;0.00000000;0.00003644
1930-07-30;0.00000000;0.00003644
1930-07-31;0.00000000;0.00003644
1930-08-01;0.00000000;0.00003644
1930-08-04;0.00000000;0.00010932
1930-08-05;0.00000000;0.00003644
1930-08-06;0.00000000;0.00003644
1930-08-07;0.00000000;0.00003644
1930-08-08;0.00000000;0.00003644
1930-08-11;0.00000000;0.00010932
1930-08-12;0.00000000;0.00003644
1930-08-13;0.00000000;0.00003644
1930-08-14;0.00000000;0.00003644
1930-08-15;0.00000000;0.00003644
1930-08-18;0.00000000;0.00010932
1930-08-19;0.00000000;0.00003644
1930-08-20;0.00000000;0.00003644
1930-08-21;0.00000000;0.00003644
1930-08-22;0.00000000;0.00003644
1930-08-25;0.00000000;0.00010932
1930-08-26;0.00000000;0.00003644
1930-08-27;0.00000000;0.00003644
1930-08-28;0.00000000;0.00003644
1930-08-29;0.00000000;0.00003644
1930-09-02;0.00000000;0.00014575
1930-09-03;0.00000000;0.00003644
1930-09-04;0.00000000;0.00003644
1930-09-05;0.00000000;0.00003644
1930-09-08;0.00000000;0.00010932
1930-09-09;0.00000000;0.00003644
1930-09-10;0.00000000;0.00003644
1930-09-11;0.00000000;0.00003644
1930-09-12;0.00000000;0.00003644
1930-09-15;0.00000000;0.00010932
1930-09-16;0.00000000;0.00003644
1930-09-17;0.00000000;0.00003644
1930-09-18;0.00000000;0.00003644
1930-09-19;0.00000000;0.00003644
1930-09-22;0.00000000;0.00010932
1930-09-23;0.00000000;0.00003644
1930-09-24;0.00000000;0.00003644
1930-09-25;0.00000000;0.00003644
1930-09-26;0.00000000;0.00003644
1930-09-29;0.00000000;0.00010932
1930-09-30;0.00000000;0.00003644
1930-10-01;0.00000000;0.00003644
1930-10-02;0.00000000;0.00003644
1930-10-03;0.00000000;0.00003644
1930-10-06;0.00000000;0.00010932
1930-10-07;0.00000000;0.00003644
1930-10-08;0.00000000;0.00003644
1930-10-09;0.00000000;0.00003644
1930-10-10;0.00000000;0.00003644
1930-10-14;0.00000000;0.00014575
1930-10-15;0.00000000;0.00003644
1930-10-16;0.00000000;0.00003644
1930-10-17;0.00000000;0.00003644
1930-10-20;0.00000000;0.00010932
1930-10-21;0.00000000;0.00003644
1930-10-22;0.00000000;0.00003644
1930-10-23;0.00000000;0.00003644
1930-10-24;0.00000000;0.00003644
1930-10-27;0.00000000;0.00010932
1930-10-28;0.00000000;0.00003644
1930-10-29;0.00000000;0.00003644
1930-10-30;0.00000000;0.00003644
1930-10-31;-0.00065000;-0.00061356
1930-11-03;0.01110099;0.01121030
1930-11-05;-0.02984904;-0.02977616
1930-11-06;0.00176670;0.00180314
1930-11-07;-0.03367199;-0.03363555
1930-11-10;-0.03429779;-0.03418848
1930-11-11;0.01604916;0.01608560
1930-11-12;0.02212757;0.02216401
1930-11-13;0.02598395;0.02602039
1930-11-14;0.01988918;0.01992562
1930-11-17;-0.02438979;-0.02428047
1930-11-18;0.01088397;0.01092041
1930-11-19;0.02097005;0.02100649
1930-11-20;-0.00415358;-0.00411714
1930-11-21;0.01530993;0.01534637
1930-11-24;-0.00883600;-0.00872668
1930-11-25;-0.01176856;-0.01173212
1930-11-26;-0.01428168;-0.01424524
1930-11-28;-0.01392379;-0.01385092
1930-12-01;0.02552596;0.02563527
1930-12-02;0.00948545;0.00952189
1930-12-03;-0.01713741;-0.01710097
1930-12-04;-0.01503536;-0.01499892
1930-12-05;0.00057066;0.00060710
1930-12-08;-0.02811263;-0.02800332
1930-12-09;0.00058782;0.00062426
1930-12-10;-0.01568291;-0.01564647
1930-12-11;-0.01148146;-0.01144502
1930-12-12;-0.00775540;-0.00771896
1930-12-15;-0.03187139;-0.03176207
1930-12-16;-0.03350556;-0.03346912
1930-12-17;0.04636054;0.04639697
1930-12-18;0.00724159;0.00727803
1930-12-19;0.01113116;0.01116760
1930-12-22;-0.03325347;-0.03314415
1930-12-23;0.00533799;0.00537443
1930-12-24;0.01333063;0.01336707
1930-12-26;-0.02052526;-0.02045238
1930-12-29;-0.00886928;-0.00875996
1930-12-30;0.02305947;0.02309591
1930-12-31;0.01855394;0.01859038
1931-01-02;0.03316970;0.03324258
1931-01-05;0.00493225;0.00504157
1931-01-06;0.01251657;0.01255301
1931-01-07;-0.06451449;-0.06447805
1931-01-08;0.07550836;0.07554480
1931-01-09;-0.00989664;-0.00986020
1931-01-12;-0.01442745;-0.01431814
1931-01-13;-0.01203331;-0.01199687
1931-01-14;0.01146324;0.01149968
1931-01-15;-0.02341170;-0.02337526
1931-01-16;0.01225142;0.01228786
1931-01-19;-0.01225564;-0.01214633
1931-01-20;0.02066022;0.02069666
1931-01-21;-0.00003836;-0.00000192
1931-01-22;0.01833934;0.01837578
1931-01-23;0.02174136;0.02177780
1931-01-26;-0.00133310;-0.00122378
1931-01-27;-0.00491640;-0.00487997
1931-01-28;-0.01842071;-0.01838427
1931-01-29;0.00932494;0.00936138
1931-01-30;0.00119850;0.00123494
1931-02-02;-0.00196806;-0.00185875
1931-02-03;0.00491214;0.00494858
1931-02-04;0.00550352;0.00553995
1931-02-05;-0.00677442;-0.00673799
1931-02-06;0.00304426;0.00308070
1931-02-09;0.04229427;0.04240359
1931-02-10;0.01588146;0.01591789
1931-02-11;0.00286356;0.00290000
1931-02-13;-0.00586375;-0.00579087
1931-02-16;0.00919809;0.00930740
1931-02-17;-0.01676269;-0.01672625
1931-02-18;0.00875930;0.00879574
1931-02-19;0.01333374;0.01337018
1931-02-20;0.01602590;0.01606234
1931-02-24;0.02582060;0.02596635
1931-02-25;-0.01104551;-0.01100907
1931-02-26;0.01109130;0.01112774
1931-02-27;-0.00774336;-0.00770693
1931-03-02;-0.02840126;-0.02829194
1931-03-03;-0.00117991;-0.00114347
1931-03-04;-0.00918121;-0.00914477
1931-03-05;0.02014619;0.02018263
1931-03-06;-0.02095413;-0.02091769
1931-03-09;0.02528909;0.02539840
1931-03-10;-0.00229061;-0.00225417
1931-03-11;-0.01132504;-0.01128860
1931-03-12;-0.00688767;-0.00685123
1931-03-13;-0.00463606;-0.00459962
1931-03-16;0.02586646;0.02597577
1931-03-17;-0.01073053;-0.01069410
1931-03-18;0.01304469;0.01308113
1931-03-19;0.01119129;0.01122773
1931-03-20;0.00273788;0.00277432
1931-03-23;-0.01672636;-0.01661705
1931-03-24;0.00671840;0.00675484
1931-03-25;-0.00563120;-0.00559476
1931-03-26;-0.01353667;-0.01350023
1931-03-27;-0.01885250;-0.01881606
1931-03-30;-0.03207323;-0.03196392
1931-03-31;0.00176236;0.00179880
1931-04-01;-0.01022410;-0.01018766
1931-04-02;-0.00427564;-0.00423921
1931-04-06;0.00288609;0.00303184
1931-04-07;-0.01337169;-0.01333525
1931-04-08;0.01347516;0.01351160
1931-04-09;-0.00549290;-0.00545646
1931-04-10;0.00300857;0.00304500
1931-04-13;0.01568080;0.01579012
1931-04-14;-0.01259816;-0.01256173
1931-04-15;-0.02002624;-0.01998980
1931-04-16;-0.01239930;-0.01236286
1931-04-17;-0.01568291;-0.01564647
1931-04-20;0.01450667;0.01461599
1931-04-21;-0.02635415;-0.02631771
1931-04-22;-0.02063038;-0.02059394
1931-04-23;0.00456086;0.00459729
1931-04-24;-0.00003836;-0.00000192
1931-04-27;-0.03477825;-0.03466893
1931-04-28;-0.00613592;-0.00609948
1931-04-29;-0.02048825;-0.02045182
1931-04-30;0.04941603;0.04945247
1931-05-01;0.00000000;0.00003644
1931-05-04;0.00000000;0.00010932
1931-05-05;0.00000000;0.00003644
1931-05-06;0.00000000;0.00003644
1931-05-07;0.00000000;0.00003644
1931-05-08;0.00000000;0.00003644
1931-05-11;0.00000000;0.00010932
1931-05-12;0.00000000;0.00003644
1931-05-13;0.00000000;0.00003644
1931-05-14;0.00000000;0.00003644
1931-05-15;0.00000000;0.00003644
1931-05-18;0.00000000;0.00010932
1931-05-19;0.00000000;0.00003644
1931-05-20;0.00000000;0.00003644
1931-05-21;0.00000000;0.00003644
1931-05-22;0.00000000;0.00003644
1931-05-25;0.00000000;0.00010932
1931-05-26;0.00000000;0.00003644
1931-05-27;0.00000000;0.00003644
1931-05-28;0.00000000;0.00003644
1931-05-29;0.00000000;0.00003644
1931-06-01;0.00000000;0.00010932
1931-06-02;0.00000000;0.00003644
1931-06-03;0.00000000;0.00003644
1931-06-04;0.00000000;0.00003644
1931-06-05;0.00000000;0.00003644
1931-06-08;0.00000000;0.00010932
1931-06-09;0.00000000;0.00003644
1931-06-10;0.00000000;0.00003644
1931-06-11;0.00000000;0.00003644
1931-06-12;0.00000000;0.00003644
1931-06-15;0.00000000;0.00010932
1931-06-16;0.00000000;0.00003644
1931-06-17;0.00000000;0.00003644
1931-06-18;0.00000000;0.00003644
1931-06-19;0.00000000;0.00003644
1931-06-22;0.00000000;0.00010932
1931-06-23;0.00000000;0.00003644
1931-06-24;0.00000000;0.00003644
1931-06-25;0.00000000;0.00003644
1931-06-26;0.00000000;0.00003644
1931-06-29;0.00000000;0.00010932
1931-06-30;0.00000000;0.00003644
1931-07-01;0.00000000;0.00003644
1931-07-02;0.00000000;0.00003644
1931-07-03;0.00000000;0.00003644
1931-07-06;0.00000000;0.00010932
1931-07-07;0.00000000;0.00003644
1931-07-08;0.00000000;0.00003644
1931-07-09;0.00000000;0.00003644
1931-07-10;0.00000000;0.00003644
1931-07-13;0.00000000;0.00010932
1931-07-14;0.00000000;0.00003644
1931-07-15;0.00000000;0.00003644
1931-07-16;0.00000000;0.00003644
1931-07-17;0.00000000;0.00003644
1931-07-20;0.00000000;0.00010932
1931-07-21;0.00000000;0.00003644
1931-07-22;0.00000000;0.00003644
1931-07-23;0.00000000;0.00003644
1931-07-24;0.00000000;0.00003644
1931-07-27;0.00000000;0.00010932
1931-07-28;0.00000000;0.00003644
1931-07-29;0.00000000;0.00003644
1931-07-30;0.00000000;0.00003644
1931-07-31;0.00000000;0.00003644
1931-08-03;0.00000000;0.00010932
1931-08-04;0.00000000;0.00003644
1931-08-05;0.00000000;0.00003644
1931-08-06;0.00000000;0.00003644
1931-08-07;0.00000000;0.00003644
1931-08-10;0.00000000;0.00010932
1931-08-11;0.00000000;0.00003644
1931-08-12;0.00000000;0.00003644
1931-08-13;0.00000000;0.00003644
1931-08-14;0.00000000;0.00003644
1931-08-17;0.00000000;0.00010932
1931-08-18;0.00000000;0.00003644
1931-08-19;0.00000000;0.00003644
1931-08-20;0.00000000;0.00003644
1931-08-21;0.00000000;0.00003644
1931-08-24;0.00000000;0.00010932
1931-08-25;0.00000000;0.00003644
1931-08-26;0.00000000;0.00003644
1931-08-27;0.00000000;0.00003644
1931-08-28;0.00000000;0.00003644
1931-08-31;0.00000000;0.00010932
1931-09-01;0.00000000;0.00003644
1931-09-02;0.00000000;0.00003644
1931-09-03;0.00000000;0.00003644
1931-09-04;0.00000000;0.00003644
1931-09-08;0.00000000;0.00014575
1931-09-09;0.00000000;0.00003644
1931-09-10;0.00000000;0.00003644
1931-09-11;0.00000000;0.00003644
1931-09-14;0.00000000;0.00010932
1931-09-15;0.00000000;0.00003644
1931-09-16;0.00000000;0.00003644
1931-09-17;0.00000000;0.00003644
1931-09-18;0.00000000;0.00003644
1931-09-21;0.00000000;0.00010932
1931-09-22;0.00000000;0.00003644
1931-09-23;0.00000000;0.00003644
1931-09-24;0.00000000;0.00003644
1931-09-25;0.00000000;0.00003644
1931-09-28;0.00000000;0.00010932
1931-09-29;0.00000000;0.00003644
1931-09-30;0.00000000;0.00003644
1931-10-01;0.00000000;0.00003644
1931-10-02;0.00000000;0.00003644
1931-10-05;0.00000000;0.00010932
1931-10-06;0.00000000;0.00003644
1931-10-07;0.00000000;0.00003644
1931-10-08;0.00000000;0.00003644
1931-10-09;0.00000000;0.00003644
1931-10-13;0.00000000;0.00014575
1931-10-14;0.00000000;0.00003644
1931-10-15;0.00000000;0.00003644
1931-10-16;0.00000000;0.00003644
1931-10-19;0.00000000;0.00010932
1931-10-20;0.00000000;0.00003644
1931-10-21;0.00000000;0.00003644
1931-10-22;0.00000000;0.00003644
1931-10-23;0.00000000;0.00003644
1931-10-26;0.00000000;0.00010932
1931-10-27;0.00000000;0.00003644
1931-10-28;0.00000000;0.00003644
1931-10-29;0.00000000;0.00003644
1931-10-30;-0.00065000;-0.00061356
1931-11-02;0.00659634;0.00670566
1931-11-04;0.03039948;0.03047235
1931-11-05;-0.00373521;-0.00369878
1931-11-06;0.03057389;0.03061033
1931-11-09;0.03678862;0.03689794
1931-11-10;-0.02087169;-0.02083525
1931-11-11;-0.01510928;-0.01507284
1931-11-12;-0.00363872;-0.00360228
1931-11-13;-0.03165534;-0.03161890
1931-11-16;-0.02716731;-0.02705799
1931-11-17;0.01626078;0.01629722
1931-11-18;-0.03683081;-0.03679437
1931-11-19;-0.00493552;-0.00489908
1931-11-20;-0.03055017;-0.03051373
1931-11-23;-0.01534349;-0.01523418
1931-11-24;0.01748742;0.01752386
1931-11-25;-0.03448618;-0.03444974
1931-11-27;-0.02316171;-0.02308883
1931-11-30;0.02029309;0.02040241
1931-12-01;-0.01266994;-0.01263350
1931-12-02;-0.03521959;-0.03518315
1931-12-03;0.01874617;0.01878261
1931-12-04;-0.02173033;-0.02169389
1931-12-07;0.02981841;0.02992773
1931-12-08;-0.02910187;-0.02906543
1931-12-09;-0.02664589;-0.02660946
1931-12-10;-0.02281740;-0.02278096
1931-12-11;-0.03150689;-0.03147045
1931-12-14;-0.03621615;-0.03610684
1931-12-15;0.01369448;0.01373092
1931-12-16;-0.02343737;-0.02340093
1931-12-17;-0.02652007;-0.02648363
1931-12-18;0.08286320;0.08289964
1931-12-21;-0.02523469;-0.02512537
1931-12-22;0.01713956;0.01717600
1931-12-23;-0.04105163;-0.04101519
1931-12-24;0.00121951;0.00125594
1931-12-28;-0.02527905;-0.02513330
1931-12-29;0.02573484;0.02577128
1931-12-30;0.01754958;0.01758602
1931-12-31;0.00243078;0.00246722
1932-01-04;-0.06911894;-0.06897319
1932-01-05;-0.00136111;-0.00132467
1932-01-06;0.07016032;0.07019676
1932-01-07;0.01728838;0.01732481
1932-01-08;0.04254072;0.04257716
1932-01-11;-0.01061682;-0.01050750
1932-01-12;-0.01065156;-0.01061513
1932-01-13;0.04882934;0.04886578
1932-01-14;0.01132528;0.01136172
1932-01-15;0.00220883;0.00224527
1932-01-18;-0.04607919;-0.04596988
1932-01-19;-0.00356362;-0.00352718
1932-01-20;0.01765032;0.01768676
1932-01-21;-0.00583210;-0.00579566
1932-01-22;-0.04316190;-0.04312546
1932-01-25;-0.00133310;-0.00122378
1932-01-26;0.01337628;0.01341272
1932-01-27;-0.01929227;-0.01925583
1932-01-28;-0.01476228;-0.01472584
1932-01-29;-0.01124633;-0.01120989
1932-02-01;0.03640886;0.03651818
1932-02-02;-0.02190956;-0.02187312
1932-02-03;0.00493059;0.00496703
1932-02-04;-0.00621883;-0.00618239
1932-02-05;-0.03237666;-0.03234023
1932-02-08;-0.02068062;-0.02057131
1932-02-09;-0.01184938;-0.01181294
1932-02-10;-0.00402242;-0.00398598
1932-02-11;0.08262831;0.08266475
1932-02-15;0.04664460;0.04679036
1932-02-16;0.03996164;0.03999808
1932-02-17;-0.04076234;-0.04072590
1932-02-18;0.02708429;0.02712072
1932-02-19;0.00110975;0.00114619
1932-02-23;-0.05749287;-0.05734712
1932-02-24;0.02550909;0.02554553
1932-02-25;-0.00952827;-0.00949183
1932-02-26;-0.00123596;-0.00119952
1932-02-29;-0.00611027;-0.00600096
1932-03-01;0.00719928;0.00723572
1932-03-02;0.04307542;0.04311185
1932-03-03;-0.00003836;-0.00000192
1932-03-04;0.00110975;0.00114619
1932-03-07;0.01135282;0.01146214
1932-03-08;0.01810223;0.01813867
1932-03-09;-0.01896931;-0.01893288
1932-03-10;-0.00911895;-0.00908251
1932-03-11;-0.02409334;-0.02405690
1932-03-14;-0.02476296;-0.02465364
1932-03-15;-0.00003836;-0.00000192
1932-03-16;-0.02410574;-0.02406931
1932-03-17;0.02092342;0.02095986
1932-03-18;-0.03143932;-0.03140288
1932-03-21;0.00487246;0.00498178
1932-03-22;-0.00127905;-0.00124261
1932-03-23;-0.01370295;-0.01366651
1932-03-24;-0.01011392;-0.01007748
1932-03-28;-0.03450457;-0.03435882
1932-03-29;-0.00135588;-0.00131944
1932-03-30;0.02106982;0.02110626
1932-03-31;-0.05559391;-0.05555747
1932-04-01;-0.01782221;-0.01778578
1932-04-04;-0.01682816;-0.01671885
1932-04-05;-0.04678057;-0.04674413
1932-04-06;-0.02975604;-0.02971960
1932-04-07;-0.01075811;-0.01072167
1932-04-08;-0.03099811;-0.03096167
1932-04-11;-0.03046651;-0.03035719
1932-04-12;-0.00168580;-0.00164936
1932-04-13;-0.01323968;-0.01320324
1932-04-14;0.04511215;0.04514858
1932-04-15;0.02716164;0.02719808
1932-04-18;-0.04684404;-0.04673473
1932-04-19;-0.01474424;-0.01470780
1932-04-20;-0.00003836;-0.00000192
1932-04-21;0.03478751;0.03482395
1932-04-22;-0.04491015;-0.04487371
1932-04-25;0.01162990;0.01173921
1932-04-26;0.01488702;0.01492346
1932-04-27;0.02447145;0.02450789
1932-04-28;-0.03831587;-0.03827943
1932-04-29;-0.03385585;-0.03381941
1932-05-02;0.00000000;0.00010932
1932-05-03;0.00000000;0.00003644
1932-05-04;0.00000000;0.00003644
1932-05-05;0.00000000;0.00003644
1932-05-06;0.00000000;0.00003644
1932-05-09;0.00000000;0.00010932
1932-05-10;0.00000000;0.00003644
1932-05-11;0.00000000;0.00003644
1932-05-12;0.00000000;0.00003644
1932-05-13;0.00000000;0.00003644
1932-05-16;0.00000000;0.00010932
1932-05-17;0.00000000;0.00003644
1932-05-18;0.00000000;0.00003644
1932-05-19;0.00000000;0.00003644
1932-05-20;0.00000000;0.00003644
1932-05-23;0.00000000;0.00010932
1932-05-24;0.00000000;0.00003644
1932-05-25;0.00000000;0.00003644
1932-05-26;0.00000000;0.00003644
1932-05-27;0.00000000;0.00003644
1932-05-31;0.00000000;0.00014575
1932-06-01;0.00000000;0.00003644
1932-06-02;0.00000000;0.00003644
1932-06-03;0.00000000;0.00003644
1932-06-06;0.00000000;0.00010932
1932-06-07;0.00000000;0.00003644
1932-06-08;0.00000000;0.00003644
1932-06-09;0.00000000;0.00003644
1932-06-10;0.00000000;0.00003644
1932-06-13;0.00000000;0.00010932
1932-06-14;0.00000000;0.00003644
1932-06-15;0.00000000;0.00003644
1932-06-16;0.00000000;0.00003644
1932-06-17;0.00000000;0.00003644
1932-06-20;0.00000000;0.00010932
1932-06-21;0.00000000;0.00003644
1932-06-22;0.00000000;0.00003644
1932-06-23;0.00000000;0.00003644
1932-06-24;0.00000000;0.00003644
1932-06-27;0.00000000;0.00010932
1932-06-28;0.00000000;0.00003644
1932-06-29;0.00000000;0.00003644
1932-06-30;0.00000000;0.00003644
1932-07-01;0.00000000;0.00003644
1932-07-05;0.00000000;0.00014575
1932-07-06;0.00000000;0.00003644
1932-07-07;0.00000000;0.00003644
1932-07-08;0.00000000;0.00003644
1932-07-11;0.00000000;0.00010932
1932-07-12;0.00000000;0.00003644
1932-07-13;0.00000000;0.00003644
1932-07-14;0.00000000;0.00003644
1932-07-15;0.00000000;0.00003644
1932-07-18;0.00000000;0.00010932
1932-07-19;0.00000000;0.00003644
1932-07-20;0.00000000;0.00003644
1932-07-21;0.00000000;0.00003644
1932-07-22;0.00000000;0.00003644
1932-07-25;0.00000000;0.00010932
1932-07-26;0.00000000;0.00003644
1932-07-27;0.00000000;0.00003644
1932-07-28;0.00000000;0.00003644
1932-07-29;0.00000000;0.00003644
1932-08-01;0.00000000;0.00010932
1932-08-02;0.00000000;0.00003644
1932-08-03;0.00000000;0.00003644
1932-08-04;0.00000000;0.00003644
1932-08-05;0.00000000;0.00003644
1932-08-08;0.00000000;0.00010932
1932-08-09;0.00000000;0.00003644
1932-08-10;0.00000000;0.00003644
1932-08-11;0.00000000;0.00003644
1932-08-12;0.00000000;0.00003644
1932-08-15;0.00000000;0.00010932
1932-08-16;0.00000000;0.00003644
1932-08-17;0.00000000;0.00003644
1932-08-18;0.00000000;0.00003644
1932-08-19;0.00000000;0.00003644
1932-08-22;0.00000000;0.00010932
1932-08-23;0.00000000;0.00003644
1932-08-24;0.00000000;0.00003644
1932-08-25;0.00000000;0.00003644
1932-08-26;0.00000000;0.00003644
1932-08-29;0.00000000;0.00010932
1932-08-30;0.00000000;0.00003644
1932-08-31;0.00000000;0.00003644
1932-09-01;0.00000000;0.00003644
1932-09-02;0.00000000;0.00003644
1932-09-06;0.00000000;0.00014575
1932-09-07;0.00000000;0.00003644
1932-09-08;0.00000000;0.00003644
1932-09-09;0.00000000;0.00003644
1932-09-12;0.00000000;0.00010932
1932-09-13;0.00000000;0.00003644
1932-09-14;0.00000000;0.00003644
1932-09-15;0.00000000;0.00003644
1932-09-16;0.00000000;0.00003644
1932-09-19;0.00000000;0.00010932
1932-09-20;0.00000000;0.00003644
1932-09-21;0.00000000;0.00003644
1932-09-22;0.00000000;0.00003644
1932-09-23;0.00000000;0.00003644
1932-09-26;0.00000000;0.00010932
1932-09-27;0.00000000;0.00003644
1932-09-28;0.00000000;0.00003644
1932-09-29;0.00000000;0.00003644
1932-09-30;0.00000000;0.00003644
1932-10-03;0.00000000;0.00010932
1932-10-04;0.00000000;0.00003644
1932-10-05;0.00000000;0.00003644
1932-10-06;0.00000000;0.00003644
1932-10-07;0.00000000;0.00003644
1932-10-10;0.00000000;0.00010932
1932-10-11;0.00000000;0.00003644
1932-10-13;0.00000000;0.00007288
1932-10-14;0.00000000;0.00003644
1932-10-17;0.00000000;0.00010932
1932-10-18;0.00000000;0.00003644
1932-10-19;0.00000000;0.00003644
1932-10-20;0.00000000;0.00003644
1932-10-21;0.00000000;0.00003644
1932-10-24;0.00000000;0.00010932
1932-10-25;0.00000000;0.00003644
1932-10-26;0.00000000;0.00003644
1932-10-27;0.00000000;0.00003644
1932-10-28;0.00000000;0.00003644
1932-10-31;-0.00065000;-0.00054068
1932-11-01;-0.02877399;-0.02873755
1932-11-02;-0.03554131;-0.03550488
1932-11-03;-0.00617333;-0.00613689
1932-11-04;0.06169004;0.06172648
1932-11-07;0.05221051;0.05231983
1932-11-09;-0.04427561;-0.04420273
1932-11-10;0.07510615;0.07514259
1932-11-11;0.03221971;0.03225615
1932-11-14;-0.03266715;-0.03255784
1932-11-15;-0.00003836;-0.00000192
1932-11-16;-0.03099394;-0.03095750
1932-11-17;-0.00698280;-0.00694636
1932-11-18;-0.00283556;-0.00279912
1932-11-21;0.00970260;0.00981192
1932-11-22;-0.00420502;-0.00416858
1932-11-23;-0.04466876;-0.04463232
1932-11-25;-0.01029569;-0.01022281
1932-11-28;0.00283478;0.00294410
1932-11-29;-0.00297953;-0.00294309
1932-11-30;-0.03396166;-0.03392522
1932-12-01;0.02744256;0.02747900
1932-12-02;-0.03867134;-0.03863490
1932-12-05;0.01070410;0.01081341
1932-12-06;0.05042036;0.05045680
1932-12-07;0.00287285;0.00290929
1932-12-08;-0.00003836;-0.00000192
1932-12-09;0.02753784;0.02757428
1932-12-12;-0.00152750;-0.00141818
1932-12-13;-0.01135377;-0.01131734
1932-12-14;0.01855964;0.01859608
1932-12-15;-0.00986982;-0.00983338
1932-12-16;-0.00713055;-0.00709412
1932-12-19;-0.00440078;-0.00429147
1932-12-20;-0.02155916;-0.02152272
1932-12-21;-0.00297091;-0.00293447
1932-12-22;-0.03386189;-0.03382545
1932-12-23;-0.00003836;-0.00000192
1932-12-27;0.00593486;0.00608061
1932-12-28;-0.00155122;-0.00151478
1932-12-29;0.02268892;0.02272535
1932-12-30;0.02514683;0.02518327
1933-01-03;-0.01315921;-0.01301345
1933-01-04;0.04681377;0.04685021
1933-01-05;-0.00423416;-0.00419772
1933-01-06;0.01541108;0.01544752
1933-01-09;-0.01394633;-0.01383701
1933-01-10;0.02941466;0.02945110
1933-01-11;-0.00276315;-0.00272671
1933-01-12;-0.01233344;-0.01229700
1933-01-13;0.00272790;0.00276433
1933-01-16;-0.02632197;-0.02621265
1933-01-17;0.00279451;0.00283094
1933-01-18;-0.01839994;-0.01836350
1933-01-19;0.00427819;0.00431463
1933-01-20;0.01142296;0.01145940
1933-01-23;-0.00436436;-0.00425505
1933-01-24;-0.00715073;-0.00711429
1933-01-25;0.01715362;0.01719006
1933-01-26;-0.00708061;-0.00704417
1933-01-27;-0.00145680;-0.00142036
1933-01-30;-0.00863780;-0.00852848
1933-01-31;-0.00576902;-0.00573258
1933-02-01;-0.03894326;-0.03890682
1933-02-02;-0.01802936;-0.01799292
1933-02-03;-0.00309179;-0.00305535
1933-02-06;-0.00777204;-0.00766272
1933-02-07;0.00922090;0.00925734
1933-02-08;0.01219406;0.01223050
1933-02-09;0.02110968;0.02114612
1933-02-10;-0.01483126;-0.01479482
1933-02-14;-0.05120448;-0.05105872
1933-02-15;-0.00636747;-0.00633103
1933-02-16;-0.02392371;-0.02388727
1933-02-17;0.01627486;0.01631130
1933-02-20;-0.03703321;-0.03692389
1933-02-21;-0.00670502;-0.00666858
1933-02-23;-0.04705658;-0.04698370
1933-02-24;0.03869404;0.03873048
1933-02-27;-0.06282693;-0.06271762
1933-02-28;0.02346978;0.02350622
1933-03-01;0.01939627;0.01943271
1933-03-02;-0.02083558;-0.02079914
1933-03-03;0.03358996;0.03362640
1933-03-15;0.16563562;0.16607288
1933-03-16;0.01758279;0.01761923
1933-03-17;-0.04332840;-0.04329196
1933-03-20;-0.01972291;-0.01961360
1933-03-21;-0.04619220;-0.04615576
1933-03-22;-0.01294158;-0.01290514
1933-03-23;0.02120347;0.02123991
1933-03-24;-0.00003836;-0.00000192
1933-03-27;-0.02571507;-0.02560575
1933-03-28;0.01966608;0.01970252
1933-03-29;-0.02258264;-0.02254620
1933-03-30;-0.00333325;-0.00329681
1933-03-31;-0.03309621;-0.03305977
1933-04-03;0.00330373;0.00341305
1933-04-04;0.00507238;0.00510881
1933-04-05;0.00843622;0.00847266
1933-04-06;0.01676837;0.01680480
1933-04-07;0.01153189;0.01156833
1933-04-10;0.06851238;0.06862170
1933-04-11;-0.00462551;-0.00458907
1933-04-12;-0.01539934;-0.01536290
1933-04-13;0.04052327;0.04055970
1933-04-17;-0.02114293;-0.02099718
1933-04-18;0.01986976;0.01990620
1933-04-19;0.07203372;0.07207015
1933-04-20;0.09519974;0.09523618
1933-04-21;-0.04863171;-0.04859527
1933-04-24;0.06305697;0.06316629
1933-04-25;-0.02405858;-0.02402215
1933-04-26;0.00643833;0.00647477
1933-04-27;-0.00904737;-0.00901093
1933-04-28;0.01619476;0.01623120
1933-05-01;0.00000000;0.00010932
1933-05-02;0.00000000;0.00003644
1933-05-03;0.00000000;0.00003644
1933-05-04;0.00000000;0.00003644
1933-05-05;0.00000000;0.00003644
1933-05-08;0.00000000;0.00010932
1933-05-09;0.00000000;0.00003644
1933-05-10;0.00000000;0.00003644
1933-05-11;0.00000000;0.00003644
1933-05-12;0.00000000;0.00003644
1933-05-15;0.00000000;0.00010932
1933-05-16;0.00000000;0.00003644
1933-05-17;0.00000000;0.00003644
1933-05-18;0.00000000;0.00003644
1933-05-19;0.00000000;0.00003644
1933-05-22;0.00000000;0.00010932
1933-05-23;0.00000000;0.00003644
1933-05-24;0.00000000;0.00003644
1933-05-25;0.00000000;0.00003644
1933-05-26;0.00000000;0.00003644
1933-05-29;0.00000000;0.00010932
1933-05-31;0.00000000;0.00007288
1933-06-01;0.00000000;0.00003644
1933-06-02;0.00000000;0.00003644
1933-06-05;0.00000000;0.00010932
1933-06-06;0.00000000;0.00003644
1933-06-07;0.00000000;0.00003644
1933-06-08;0.00000000;0.00003644
1933-06-09;0.00000000;0.00003644
1933-06-12;0.00000000;0.00010932
1933-06-13;0.00000000;0.00003644
1933-06-14;0.00000000;0.00003644
1933-06-15;0.00000000;0.00003644
1933-06-16;0.00000000;0.00003644
1933-06-19;0.00000000;0.00010932
1933-06-20;0.00000000;0.00003644
1933-06-21;0.00000000;0.00003644
1933-06-22;0.00000000;0.00003644
1933-06-23;0.00000000;0.00003644
1933-06-26;0.00000000;0.00010932
1933-06-27;0.00000000;0.00003644
1933-06-28;0.00000000;0.00003644
1933-06-29;0.00000000;0.00003644
1933-06-30;0.00000000;0.00003644
1933-07-03;0.00000000;0.00010932
1933-07-05;0.00000000;0.00007288
1933-07-06;0.00000000;0.00003644
1933-07-07;0.00000000;0.00003644
1933-07-10;0.00000000;0.00010932
1933-07-11;0.00000000;0.00003644
1933-07-12;0.00000000;0.00003644
1933-07-13;0.00000000;0.00003644
1933-07-14;0.00000000;0.00003644
1933-07-17;0.00000000;0.00010932
1933-07-18;0.00000000;0.00003644
1933-07-19;0.00000000;0.00003644
1933-07-20;0.00000000;0.00003644
1933-07-21;0.00000000;0.00003644
1933-07-24;0.00000000;0.00010932
1933-07-25;0.00000000;0.00003644
1933-07-26;0.00000000;0.00003644
1933-07-27;0.00000000;0.00003644
1933-07-28;0.00000000;0.00003644
1933-07-31;0.00000000;0.00010932
1933-08-01;0.00000000;0.00003644
1933-08-02;0.00000000;0.00003644
1933-08-03;0.00000000;0.00003644
1933-08-04;0.00000000;0.00003644
1933-08-07;0.00000000;0.00010932
1933-08-08;0.00000000;0.00003644
1933-08-09;0.00000000;0.00003644
1933-08-10;0.00000000;0.00003644
1933-08-11;0.00000000;0.00003644
1933-08-14;0.00000000;0.00010932
1933-08-15;0.00000000;0.00003644
1933-08-16;0.00000000;0.00003644
1933-08-17;0.00000000;0.00003644
1933-08-18;0.00000000;0.00003644
1933-08-21;0.00000000;0.00010932
1933-08-22;0.00000000;0.00003644
1933-08-23;0.00000000;0.00003644
1933-08-24;0.00000000;0.00003644
1933-08-25;0.00000000;0.00003644
1933-08-28;0.00000000;0.00010932
1933-08-29;0.00000000;0.00003644
1933-08-30;0.00000000;0.00003644
1933-08-31;0.00000000;0.00003644
1933-09-01;0.00000000;0.00003644
1933-09-05;0.00000000;0.00014575
1933-09-06;0.00000000;0.00003644
1933-09-07;0.00000000;0.00003644
1933-09-08;0.00000000;0.00003644
1933-09-11;0.00000000;0.00010932
1933-09-12;0.00000000;0.00003644
1933-09-13;0.00000000;0.00003644
1933-09-14;0.00000000;0.00003644
1933-09-15;0.00000000;0.00003644
1933-09-18;0.00000000;0.00010932
1933-09-19;0.00000000;0.00003644
1933-09-20;0.00000000;0.00003644
1933-09-21;0.00000000;0.00003644
1933-09-22;0.00000000;0.00003644
1933-09-25;0.00000000;0.00010932
1933-09-26;0.00000000;0.00003644
1933-09-27;0.00000000;0.00003644
1933-09-28;0.00000000;0.00003644
1933-09-29;0.00000000;0.00003644
1933-10-02;0.00000000;0.00010932
1933-10-03;0.00000000;0.00003644
1933-10-04;0.00000000;0.00003644
1933-10-05;0.00000000;0.00003644
1933-10-06;0.00000000;0.00003644
1933-10-09;0.00000000;0.00010932
1933-10-10;0.00000000;0.00003644
1933-10-11;0.00000000;0.00003644
1933-10-13;0.00000000;0.00007288
1933-10-16;0.00000000;0.00010932
1933-10-17;0.00000000;0.00003644
1933-10-18;0.00000000;0.00003644
1933-10-19;0.00000000;0.00003644
1933-10-20;0.00000000;0.00003644
1933-10-23;0.00000000;0.00010932
1933-10-24;0.00000000;0.00003644
1933-10-25;0.00000000;0.00003644
1933-10-26;0.00000000;0.00003644
1933-10-27;0.00000000;0.00003644
1933-10-30;0.00000000;0.00010932
1933-10-31;-0.00065000;-0.00061356
1933-11-01;0.01781879;0.01785523
1933-11-02;0.01092656;0.01096299
1933-11-03;0.03466880;0.03470524
1933-11-06;-0.00954903;-0.00943972
1933-11-08;0.03696032;0.03703320
1933-11-09;0.00710450;0.00714094
1933-11-10;-0.01523592;-0.01519949
1933-11-13;0.00914419;0.00925351
1933-11-14;-0.01227077;-0.01223433
1933-11-15;-0.01139027;-0.01135383
1933-11-16;0.04693450;0.04697094
1933-11-17;-0.01100545;-0.01096902
1933-11-20;0.03113493;0.03124425
1933-11-21;-0.01274608;-0.01270964
1933-11-22;-0.00498885;-0.00495241
1933-11-23;-0.01794880;-0.01791237
1933-11-24;0.01414604;0.01418248
1933-11-27;-0.03208310;-0.03197379
1933-11-28;0.00099364;0.00103007
1933-11-29;0.01851834;0.01855478
1933-12-01;0.00295972;0.00303260
1933-12-04;-0.00112415;-0.00101484
1933-12-05;0.03026467;0.03030111
1933-12-06;-0.00690110;-0.00686466
1933-12-07;0.00687181;0.00690825
1933-12-08;-0.00984228;-0.00980584
1933-12-11;0.02067701;0.02078633
1933-12-12;-0.00197822;-0.00194178
1933-12-13;-0.00975653;-0.00972009
1933-12-14;0.00388706;0.00392350
1933-12-15;-0.01567863;-0.01564219
1933-12-18;-0.02990653;-0.02979721
1933-12-19;-0.00208544;-0.00204900
1933-12-20;-0.01849989;-0.01846346
1933-12-21;-0.00212822;-0.00209178
1933-12-22;0.03242238;0.03245882
1933-12-26;-0.02855099;-0.02840524
1933-12-27;0.01353158;0.01356802
1933-12-28;0.02879790;0.02883433
1933-12-29;-0.00204036;-0.00200392
1934-01-02;0.01388870;0.01403446
1934-01-03;-0.01388603;-0.01384959
1934-01-04;-0.00304738;-0.00301094
1934-01-05;-0.01311683;-0.01308039
1934-01-08;-0.00521191;-0.00510259
1934-01-09;0.01123214;0.01126857
1934-01-10;0.02731727;0.02735371
1934-01-11;0.00489261;0.00492905
1934-01-12;-0.01181461;-0.01177817
1934-01-15;0.05648871;0.05659802
1934-01-16;0.00466089;0.00469733
1934-01-17;-0.00284472;-0.00280828
1934-01-18;-0.00285262;-0.00281618
1934-01-19;0.02818366;0.02822010
1934-01-22;-0.00194489;-0.00183558
1934-01-23;0.01279391;0.01283035
1934-01-24;0.00629649;0.00633292
1934-01-25;-0.00003836;-0.00000192
1934-01-26;-0.00903116;-0.00899472
1934-01-29;0.01531143;0.01542074
1934-01-30;0.01247281;0.01250925
1934-01-31;-0.01416016;-0.01412372
1934-02-01;0.02592404;0.02596048
1934-02-02;-0.00091096;-0.00087452
1934-02-05;0.03132598;0.03143529
1934-02-06;0.00080838;0.00084482
1934-02-07;-0.03134123;-0.03130479
1934-02-08;0.00432846;0.00436489
1934-02-09;-0.02786444;-0.02782800
1934-02-13;0.00342439;0.00357015
1934-02-14;0.00620050;0.00623694
1934-02-15;0.01944791;0.01948435
1934-02-16;0.00256807;0.00260451
1934-02-19;-0.01571299;-0.01560367
1934-02-20;0.00348277;0.00351921
1934-02-21;0.00259322;0.00262966
1934-02-23;-0.02632343;-0.02625055
1934-02-26;-0.03964786;-0.03953855
1934-02-27;0.01118709;0.01122353
1934-02-28;-0.00466370;-0.00462726
1934-03-01;-0.00375583;-0.00371939
1934-03-02;0.03261090;0.03264734
1934-03-05;-0.00553512;-0.00542581
1934-03-06;-0.01184580;-0.01180937
1934-03-07;-0.02577365;-0.02573721
1934-03-08;0.01882957;0.01886601
1934-03-09;-0.00651984;-0.00648340
1934-03-12;0.02132016;0.02142947
1934-03-13;-0.00003836;-0.00000192
1934-03-14;0.00087405;0.00091049
1934-03-15;-0.01644674;-0.01641030
1934-03-16;0.00274200;0.00277843
1934-03-19;-0.03431100;-0.03420169
1934-03-20;0.02005734;0.02009378
1934-03-21;-0.01973817;-0.01970173
1934-03-22;0.01814346;0.01817990
1934-03-23;-0.01037670;-0.01034026
1934-03-26;0.01697895;0.01708826
1934-03-27;-0.02711585;-0.02707942
1934-03-28;0.00284072;0.00287716
1934-03-29;0.01622959;0.01626602
1934-04-02;0.01302925;0.01317500
1934-04-03;0.00739659;0.00743303
1934-04-04;0.00272917;0.00276561
1934-04-05;0.00272153;0.00275797
1934-04-06;0.00454880;0.00458524
1934-04-09;-0.00742100;-0.00731169
1934-04-10;0.01468106;0.01471749
1934-04-11;-0.00094497;-0.00090854
1934-04-12;-0.00276068;-0.00272424
1934-04-13;-0.00367803;-0.00364159
1934-04-16;-0.01564018;-0.01553087
1934-04-17;0.01016573;0.01020216
1934-04-18;0.01281747;0.01285391
1934-04-19;0.00177488;0.00181132
1934-04-20;0.00991639;0.00995283
1934-04-23;-0.00638747;-0.00627815
1934-04-24;-0.00815378;-0.00811734
1934-04-25;-0.00549290;-0.00545646
1934-04-26;-0.01374951;-0.01371307
1934-04-27;0.00088843;0.00092487
1934-04-30;-0.03224655;-0.03213723
1934-05-01;0.00000000;0.00003644
1934-05-02;0.00000000;0.00003644
1934-05-03;0.00000000;0.00003644
1934-05-04;0.00000000;0.00003644
1934-05-07;0.00000000;0.00010932
1934-05-08;0.00000000;0.00003644
1934-05-09;0.00000000;0.00003644
1934-05-10;0.00000000;0.00003644
1934-05-11;0.00000000;0.00003644
1934-05-14;0.00000000;0.00010932
1934-05-15;0.00000000;0.00003644
1934-05-16;0.00000000;0.00003644
1934-05-17;0.00000000;0.00003644
1934-05-18;0.00000000;0.00003644
1934-05-21;0.00000000;0.00010932
1934-05-22;0.00000000;0.00003644
1934-05-23;0.00000000;0.00003644
1934-05-24;0.00000000;0.00003644
1934-05-25;0.00000000;0.00003644
1934-05-28;0.00000000;0.00010932
1934-05-29;0.00000000;0.00003644
1934-05-31;0.00000000;0.00007288
1934-06-01;0.00000000;0.00003644
1934-06-04;0.00000000;0.00010932
1934-06-05;0.00000000;0.00003644
1934-06-06;0.00000000;0.00003644
1934-06-07;0.00000000;0.00003644
1934-06-08;0.00000000;0.00003644
1934-06-11;0.00000000;0.00010932
1934-06-12;0.00000000;0.00003644
1934-06-13;0.00000000;0.00003644
1934-06-14;0.00000000;0.00003644
1934-06-15;0.00000000;0.00003644
1934-06-18;0.00000000;0.00010932
1934-06-19;0.00000000;0.00003644
1934-06-20;0.00000000;0.00003644
1934-06-21;0.00000000;0.00003644
1934-06-22;0.00000000;0.00003644
1934-06-25;0.00000000;0.00010932
1934-06-26;0.00000000;0.00003644
1934-06-27;0.00000000;0.00003644
1934-06-28;0.00000000;0.00003644
1934-06-29;0.00000000;0.00003644
1934-07-02;0.00000000;0.00010932
1934-07-03;0.00000000;0.00003644
1934-07-05;0.00000000;0.00007288
1934-07-06;0.00000000;0.00003644
1934-07-09;0.00000000;0.00010932
1934-07-10;0.00000000;0.00003644
1934-07-11;0.00000000;0.00003644
1934-07-12;0.00000000;0.00003644
1934-07-13;0.00000000;0.00003644
1934-07-16;0.00000000;0.00010932
1934-07-17;0.00000000;0.00003644
1934-07-18;0.00000000;0.00003644
1934-07-19;0.00000000;0.00003644
1934-07-20;0.00000000;0.00003644
1934-07-23;0.00000000;0.00010932
1934-07-24;0.00000000;0.00003644
1934-07-25;0.00000000;0.00003644
1934-07-26;0.00000000;0.00003644
1934-07-27;0.00000000;0.00003644
1934-07-30;0.00000000;0.00010932
1934-07-31;0.00000000;0.00003644
1934-08-01;0.00000000;0.00003644
1934-08-02;0.00000000;0.00003644
1934-08-03;0.00000000;0.00003644
1934-08-06;0.00000000;0.00010932
1934-08-07;0.00000000;0.00003644
1934-08-08;0.00000000;0.00003644
1934-08-09;0.00000000;0.00003644
1934-08-10;0.00000000;0.00003644
1934-08-13;0.00000000;0.00010932
1934-08-14;0.00000000;0.00003644
1934-08-15;0.00000000;0.00003644
1934-08-16;0.00000000;0.00003644
1934-08-17;0.00000000;0.00003644
1934-08-20;0.00000000;0.00010932
1934-08-21;0.00000000;0.00003644
1934-08-22;0.00000000;0.00003644
1934-08-23;0.00000000;0.00003644
1934-08-24;0.00000000;0.00003644
1934-08-27;0.00000000;0.00010932
1934-08-28;0.00000000;0.00003644
1934-08-29;0.00000000;0.00003644
1934-08-30;0.00000000;0.00003644
1934-08-31;0.00000000;0.00003644
1934-09-04;0.00000000;0.00014575
1934-09-05;0.00000000;0.00003644
1934-09-06;0.00000000;0.00003644
1934-09-07;0.00000000;0.00003644
1934-09-10;0.00000000;0.00010932
1934-09-11;0.00000000;0.00003644
1934-09-12;0.00000000;0.00003644
1934-09-13;0.00000000;0.00003644
1934-09-14;0.00000000;0.00003644
1934-09-17;0.00000000;0.00010932
1934-09-18;0.00000000;0.00003644
1934-09-19;0.00000000;0.00003644
1934-09-20;0.00000000;0.00003644
1934-09-21;0.00000000;0.00003644
1934-09-24;0.00000000;0.00010932
1934-09-25;0.00000000;0.00003644
1934-09-26;0.00000000;0.00003644
1934-09-27;0.00000000;0.00003644
1934-09-28;0.00000000;0.00003644
1934-10-01;0.00000000;0.00010932
1934-10-02;0.00000000;0.00003644
1934-10-03;0.00000000;0.00003644
1934-10-04;0.00000000;0.00003644
1934-10-05;0.00000000;0.00003644
1934-10-08;0.00000000;0.00010932
1934-10-09;0.00000000;0.00003644
1934-10-10;0.00000000;0.00003644
1934-10-11;0.00000000;0.00003644
1934-10-15;0.00000000;0.00014575
1934-10-16;0.00000000;0.00003644
1934-10-17;0.00000000;0.00003644
1934-10-18;0.00000000;0.00003644
1934-10-19;0.00000000;0.00003644
1934-10-22;0.00000000;0.00010932
1934-10-23;0.00000000;0.00003644
1934-10-24;0.00000000;0.00003644
1934-10-25;0.00000000;0.00003644
1934-10-26;0.00000000;0.00003644
1934-10-29;0.00000000;0.00010932
1934-10-30;0.00000000;0.00003644
1934-10-31;-0.00065000;-0.00061356
1934-11-01;-0.00457865;-0.00454221
1934-11-02;0.01136415;0.01140059
1934-11-05;0.01679587;0.01690518
1934-11-07;0.01877029;0.01884317
1934-11-08;-0.00765533;-0.00761889
1934-11-09;0.01969849;0.01973492
1934-11-13;-0.00768031;-0.00753455
1934-11-14;-0.00328863;-0.00325219
1934-11-15;-0.02177749;-0.02174105
1934-11-16;0.01996164;0.01999808
1934-11-19;-0.00882967;-0.00872035
1934-11-20;0.00435725;0.00439369
1934-11-21;-0.00441472;-0.00437829
1934-11-22;0.00435725;0.00439369
1934-11-23;0.01418484;0.01422128
1934-11-26;0.02685365;0.02696296
1934-11-27;-0.00949214;-0.00945570
1934-11-28;0.01162654;0.01166298
1934-11-30;-0.00007671;-0.00000384
1934-12-03;-0.01374190;-0.01363259
1934-12-04;0.00740054;0.00743698
1934-12-05;0.00840046;0.00843690
1934-12-06;-0.00213041;-0.00209397
1934-12-07;-0.00842410;-0.00838766
1934-12-10;-0.01068589;-0.01057658
1934-12-11;-0.02033750;-0.02030106
1934-12-12;0.00105216;0.00108859
1934-12-13;-0.00548498;-0.00544854
1934-12-14;-0.00222894;-0.00219250
1934-12-17;0.00647110;0.00658042
1934-12-18;-0.00112887;-0.00109243
1934-12-19;-0.01423050;-0.01419406
1934-12-20;-0.00114578;-0.00110934
1934-12-21;0.00217894;0.00221538
1934-12-24;0.00762829;0.00773761
1934-12-26;-0.00556519;-0.00549231
1934-12-27;0.00106540;0.00110183
1934-12-28;0.03744786;0.03748430
1934-12-31;0.00944922;0.00955854
1935-01-02;0.00097592;0.00104880
1935-01-03;0.00206469;0.00210113
1935-01-04;-0.00213699;-0.00210055
1935-01-07;0.00724560;0.00735492
1935-01-08;-0.01152061;-0.01148417
1935-01-09;-0.00109432;-0.00105788
1935-01-10;-0.00215252;-0.00211608
1935-01-11;-0.02016547;-0.02012904
1935-01-14;-0.00876372;-0.00865440
1935-01-15;-0.02293912;-0.02290268
1935-01-16;0.00442593;0.00446237
1935-01-17;0.01551720;0.01555364
1935-01-18;0.00433801;0.00437445
1935-01-21;0.01077818;0.01088749
1935-01-22;-0.00865905;-0.00862261
1935-01-23;-0.00003836;-0.00000192
1935-01-24;-0.00221227;-0.00217583
1935-01-25;0.00540827;0.00544471
1935-01-28;-0.01744985;-0.01734053
1935-01-29;-0.00996118;-0.00992474
1935-01-30;0.00552957;0.00556601
1935-01-31;0.00771358;0.00775002
1935-02-01;-0.00553286;-0.00549642
1935-02-04;-0.00674490;-0.00663559
1935-02-05;-0.01116183;-0.01112539
1935-02-06;-0.00903723;-0.00900079
1935-02-07;0.00790716;0.00794360
1935-02-08;0.01685354;0.01688997
1935-02-11;-0.00122249;-0.00111317
1935-02-13;-0.00118536;-0.00111248
1935-02-14;-0.00003836;-0.00000192
1935-02-15;0.00551103;0.00554747
1935-02-18;0.03079001;0.03089932
1935-02-19;-0.01609831;-0.01606187
1935-02-20;-0.01636045;-0.01632401
1935-02-21;-0.00114455;-0.00110811
1935-02-25;-0.02008698;-0.01994123
1935-02-26;-0.01020785;-0.01017141
1935-02-27;0.00338630;0.00342274
1935-02-28;-0.00572664;-0.00569020
1935-03-01;0.00568247;0.00571891
1935-03-04;-0.00807866;-0.00796935
1935-03-05;-0.02870808;-0.02867164
1935-03-06;-0.00239963;-0.00236319
1935-03-07;0.01297940;0.01301583
1935-03-08;-0.00237480;-0.00233837
1935-03-11;-0.02587619;-0.02576688
1935-03-12;-0.01926913;-0.01923269
1935-03-13;0.00363811;0.00367455
1935-03-14;-0.01591137;-0.01587493
1935-03-15;0.02105346;0.02108989
1935-03-18;-0.01105067;-0.01094135
1935-03-19;0.01470366;0.01474010
1935-03-20;-0.00124901;-0.00121257
1935-03-21;0.02056770;0.02060414
1935-03-22;0.01540107;0.01543751
1935-03-25;-0.01531975;-0.01521043
1935-03-26;-0.00835190;-0.00831546
1935-03-27;0.01074009;0.01077653
1935-03-28;0.00114648;0.00118292
1935-03-29;-0.00003836;-0.00000192
1935-04-01;0.01053582;0.01064513
1935-04-02;-0.00472220;-0.00468576
1935-04-03;-0.00239130;-0.00235486
1935-04-04;0.01057485;0.01061129
1935-04-05;0.02446573;0.02450217
1935-04-08;-0.00011507;-0.00000575
1935-04-09;0.01818488;0.01822132
1935-04-10;-0.00451263;-0.00447619
1935-04-11;-0.00565633;-0.00561990
1935-04-12;0.01126108;0.01129752
1935-04-15;0.01999666;0.02010598
1935-04-16;-0.09970977;-0.09967333
1935-04-17;0.09606870;0.09610514
1935-04-18;0.01439006;0.01442650
1935-04-22;0.02938706;0.02953281
1935-04-23;0.00314974;0.00318618
1935-04-24;-0.01275022;-0.01271378
1935-04-25;0.01283718;0.01287362
1935-04-26;-0.00427564;-0.00423921
1935-04-29;-0.00117890;-0.00106958
1935-04-30;-0.01240295;-0.01236651
1935-05-01;0.00000000;0.00003644
1935-05-02;0.00000000;0.00003644
1935-05-03;0.00000000;0.00003644
1935-05-06;0.00000000;0.00010932
1935-05-07;0.00000000;0.00003644
1935-05-08;0.00000000;0.00003644
1935-05-09;0.00000000;0.00003644
1935-05-10;0.00000000;0.00003644
1935-05-13;0.00000000;0.00010932
1935-05-14;0.00000000;0.00003644
1935-05-15;0.00000000;0.00003644
1935-05-16;0.00000000;0.00003644
1935-05-17;0.00000000;0.00003644
1935-05-20;0.00000000;0.00010932
1935-05-21;0.00000000;0.00003644
1935-05-22;0.00000000;0.00003644
1935-05-23;0.00000000;0.00003644
1935-05-24;0.00000000;0.00003644
1935-05-27;0.00000000;0.00010932
1935-05-28;0.00000000;0.00003644
1935-05-29;0.00000000;0.00003644
1935-05-31;0.00000000;0.00007288
1935-06-03;0.00000000;0.00010932
1935-06-04;0.00000000;0.00003644
1935-06-05;0.00000000;0.00003644
1935-06-06;0.00000000;0.00003644
1935-06-07;0.00000000;0.00003644
1935-06-10;0.00000000;0.00010932
1935-06-11;0.00000000;0.00003644
1935-06-12;0.00000000;0.00003644
1935-06-13;0.00000000;0.00003644
1935-06-14;0.00000000;0.00003644
1935-06-17;0.00000000;0.00010932
1935-06-18;0.00000000;0.00003644
1935-06-19;0.00000000;0.00003644
1935-06-20;0.00000000;0.00003644
1935-06-21;0.00000000;0.00003644
1935-06-24;0.00000000;0.00010932
1935-06-25;0.00000000;0.00003644
1935-06-26;0.00000000;0.00003644
1935-06-27;0.00000000;0.00003644
1935-06-28;0.00000000;0.00003644
1935-07-01;0.00000000;0.00010932
1935-07-02;0.00000000;0.00003644
1935-07-03;0.00000000;0.00003644
1935-07-05;0.00000000;0.00007288
1935-07-08;0.00000000;0.00010932
1935-07-09;0.00000000;0.00003644
1935-07-10;0.00000000;0.00003644
1935-07-11;0.00000000;0.00003644
1935-07-12;0.00000000;0.00003644
1935-07-15;0.00000000;0.00010932
1935-07-16;0.00000000;0.00003644
1935-07-17;0.00000000;0.00003644
1935-07-18;0.00000000;0.00003644
1935-07-19;0.00000000;0.00003644
1935-07-22;0.00000000;0.00010932
1935-07-23;0.00000000;0.00003644
1935-07-24;0.00000000;0.00003644
1935-07-25;0.00000000;0.00003644
1935-07-26;0.00000000;0.00003644
1935-07-29;0.00000000;0.00010932
1935-07-30;0.00000000;0.00003644
1935-07-31;0.00000000;0.00003644
1935-08-01;0.00000000;0.00003644
1935-08-02;0.00000000;0.00003644
1935-08-05;0.00000000;0.00010932
1935-08-06;0.00000000;0.00003644
1935-08-07;0.00000000;0.00003644
1935-08-08;0.00000000;0.00003644
1935-08-09;0.00000000;0.00003644
1935-08-12;0.00000000;0.00010932
1935-08-13;0.00000000;0.00003644
1935-08-14;0.00000000;0.00003644
1935-08-15;0.00000000;0.00003644
1935-08-16;0.00000000;0.00003644
1935-08-19;0.00000000;0.00010932
1935-08-20;0.00000000;0.00003644
1935-08-21;0.00000000;0.00003644
1935-08-22;0.00000000;0.00003644
1935-08-23;0.00000000;0.00003644
1935-08-26;0.00000000;0.00010932
1935-08-27;0.00000000;0.00003644
1935-08-28;0.00000000;0.00003644
1935-08-29;0.00000000;0.00003644
1935-08-30;0.00000000;0.00003644
1935-09-03;0.00000000;0.00014575
1935-09-04;0.00000000;0.00003644
1935-09-05;0.00000000;0.00003644
1935-09-06;0.00000000;0.00003644
1935-09-09;0.00000000;0.00010932
1935-09-10;0.00000000;0.00003644
1935-09-11;0.00000000;0.00003644
1935-09-12;0.00000000;0.00003644
1935-09-13;0.00000000;0.00003644
1935-09-16;0.00000000;0.00010932
1935-09-17;0.00000000;0.00003644
1935-09-18;0.00000000;0.00003644
1935-09-19;0.00000000;0.00003644
1935-09-20;0.00000000;0.00003644
1935-09-23;0.00000000;0.00010932
1935-09-24;0.00000000;0.00003644
1935-09-25;0.00000000;0.00003644
1935-09-26;0.00000000;0.00003644
1935-09-27;0.00000000;0.00003644
1935-09-30;0.00000000;0.00010932
1935-10-01;0.00000000;0.00003644
1935-10-02;0.00000000;0.00003644
1935-10-03;0.00000000;0.00003644
1935-10-04;0.00000000;0.00003644
1935-10-07;0.00000000;0.00010932
1935-10-08;0.00000000;0.00003644
1935-10-09;0.00000000;0.00003644
1935-10-10;0.00000000;0.00003644
1935-10-11;0.00000000;0.00003644
1935-10-14;0.00000000;0.00010932
1935-10-15;0.00000000;0.00003644
1935-10-16;0.00000000;0.00003644
1935-10-17;0.00000000;0.00003644
1935-10-18;0.00000000;0.00003644
1935-10-21;0.00000000;0.00010932
1935-10-22;0.00000000;0.00003644
1935-10-23;0.00000000;0.00003644
1935-10-24;0.00000000;0.00003644
1935-10-25;0.00000000;0.00003644
1935-10-28;0.00000000;0.00010932
1935-10-29;0.00000000;0.00003644
1935-10-30;0.00000000;0.00003644
1935-10-31;-0.00065000;-0.00061356
1935-11-01;0.01200017;0.01203661
1935-11-04;0.00067795;0.00078727
1935-11-06;0.01894072;0.01901360
1935-11-07;-0.00392638;-0.00388994
1935-11-08;0.00854869;0.00858512
1935-11-12;-0.00866736;-0.00852160
1935-11-13;0.01167125;0.01170768
1935-11-14;0.01848016;0.01851660
1935-11-15;0.00374952;0.00378596
1935-11-18;0.00214908;0.00225840
1935-11-19;0.01351586;0.01355230
1935-11-20;-0.01266837;-0.01263193
1935-11-21;0.00974343;0.00977987
1935-11-22;-0.02090274;-0.02086630
1935-11-25;0.00292907;0.00303839
1935-11-26;-0.01445414;-0.01441770
1935-11-27;0.00765987;0.00769631
1935-11-29;-0.01153584;-0.01146296
1935-12-02;-0.01479822;-0.01468891
1935-12-03;0.02741262;0.02744906
1935-12-04;0.00835859;0.00839503
1935-12-05;-0.00230936;-0.00227292
1935-12-06;-0.00231453;-0.00227809
1935-12-09;0.01281269;0.01292200
1935-12-10;-0.01730562;-0.01726919
1935-12-11;0.00378135;0.00381779
1935-12-12;-0.01373699;-0.01370055
1935-12-13;-0.00929762;-0.00926118
1935-12-16;0.03804693;0.03815624
1935-12-17;-0.03229642;-0.03225998
1935-12-18;-0.00313913;-0.00310269
1935-12-19;-0.00470399;-0.00466755
1935-12-20;0.00621164;0.00624808
1935-12-23;0.00609611;0.00620543
1935-12-24;0.00999251;0.01002895
1935-12-26;0.00221511;0.00228799
1935-12-27;-0.00080055;-0.00076411
1935-12-30;0.01437769;0.01448700
1935-12-31;0.00973608;0.00977252
1936-01-02;-0.00231052;-0.00223764
1936-01-03;0.01115567;0.01119211
1936-01-06;-0.01044717;-0.01033786
1936-01-07;0.01562160;0.01565804
1936-01-08;0.00583536;0.00587180
1936-01-09;-0.00222814;-0.00219170
1936-01-10;0.00800846;0.00804490
1936-01-13;-0.00446920;-0.00435989
1936-01-14;0.00579255;0.00582899
1936-01-15;-0.00656010;-0.00652366
1936-01-16;0.00433801;0.00437445
1936-01-17;-0.00149079;-0.00145435
1936-01-20;-0.01684234;-0.01673303
1936-01-21;-0.00373658;-0.00370014
1936-01-22;0.02149097;0.02152741
1936-01-23;0.01086281;0.01089924
1936-01-24;-0.00435180;-0.00431536
1936-01-27;0.00999323;0.01010255
1936-01-28;0.00139124;0.00142767
1936-01-29;0.00995451;0.00999094
1936-01-30;-0.00498535;-0.00494891
1936-01-31;0.01629687;0.01633331
1936-02-03;0.00896949;0.00907880
1936-02-04;-0.00142340;-0.00138696
1936-02-05;-0.00350576;-0.00346932
1936-02-06;0.00135343;0.00138987
1936-02-07;-0.00490285;-0.00486641
1936-02-10;0.00756650;0.00767581
1936-02-11;0.01382166;0.01385810
1936-02-13;0.00607503;0.00614791
1936-02-14;-0.00411444;-0.00407800
1936-02-17;-0.00557209;-0.00546278
1936-02-18;0.01093558;0.01097202
1936-02-19;-0.00682262;-0.00678618
1936-02-20;0.01567203;0.01570846
1936-02-21;-0.00272834;-0.00269190
1936-02-24;-0.00955539;-0.00944608
1936-02-25;-0.01841821;-0.01838177
1936-02-26;-0.00489273;-0.00485629
1936-02-27;0.02365502;0.02369146
1936-02-28;-0.00616497;-0.00612853
1936-03-02;0.01152877;0.01163808
1936-03-03;0.01417965;0.01421609
1936-03-04;0.00263187;0.00266831
1936-03-05;0.00129320;0.00132964
1936-03-06;0.00395101;0.00398744
1936-03-09;-0.03918792;-0.03907860
1936-03-10;0.01512360;0.01516004
1936-03-11;0.01014494;0.01018138
1936-03-12;-0.02826416;-0.02822772
1936-03-13;-0.01525274;-0.01521630
1936-03-16;0.02305909;0.02316840
1936-03-17;0.02398361;0.02402005
1936-03-18;-0.00405980;-0.00402337
1936-03-19;0.01342059;0.01345703
1936-03-20;-0.00136638;-0.00132994
1936-03-23;0.00054983;0.00065914
1936-03-24;-0.00535397;-0.00531753
1936-03-25;0.00864568;0.00868212
1936-03-26;-0.00334961;-0.00331318
1936-03-27;-0.01532075;-0.01528431
1936-03-30;-0.00078983;-0.00068052
1936-03-31;0.00738906;0.00742550
1936-04-01;0.01805816;0.01809460
1936-04-02;0.00983656;0.00987300
1936-04-03;-0.00460159;-0.00456515
1936-04-06;0.01560202;0.01571134
1936-04-07;-0.00519632;-0.00515988
1936-04-08;0.00060973;0.00064617
1936-04-09;-0.00327670;-0.00324026
1936-04-13;0.00179589;0.00194165
1936-04-14;-0.02014212;-0.02010568
1936-04-15;0.00988884;0.00992528
1936-04-16;-0.00462551;-0.00458907
1936-04-17;-0.00596331;-0.00592687
1936-04-20;-0.03190315;-0.03179383
1936-04-21;-0.00140635;-0.00136991
1936-04-22;0.01708493;0.01712137
1936-04-23;-0.03034139;-0.03030495
1936-04-24;0.00273942;0.00277586
1936-04-27;-0.03335607;-0.03324675
1936-04-28;-0.00147102;-0.00143458
1936-04-29;-0.02945012;-0.02941368
1936-04-30;0.01705000;0.01708644
1936-05-01;0.00000000;0.00003644
1936-05-04;0.00000000;0.00010932
1936-05-05;0.00000000;0.00003644
1936-05-06;0.00000000;0.00003644
1936-05-07;0.00000000;0.00003644
1936-05-08;0.00000000;0.00003644
1936-05-11;0.00000000;0.00010932
1936-05-12;0.00000000;0.00003644
1936-05-13;0.00000000;0.00003644
1936-05-14;0.00000000;0.00003644
1936-05-15;0.00000000;0.00003644
1936-05-18;0.00000000;0.00010932
1936-05-19;0.00000000;0.00003644
1936-05-20;0.00000000;0.00003644
1936-05-21;0.00000000;0.00003644
1936-05-22;0.00000000;0.00003644
1936-05-25;0.00000000;0.00010932
1936-05-26;0.00000000;0.00003644
1936-05-27;0.00000000;0.00003644
1936-05-28;0.00000000;0.00003644
1936-05-29;0.00000000;0.00003644
1936-06-01;0.00000000;0.00010932
1936-06-02;0.00000000;0.00003644
1936-06-03;0.00000000;0.00003644
1936-06-04;0.00000000;0.00003644
1936-06-05;0.00000000;0.00003644
1936-06-08;0.00000000;0.00010932
1936-06-09;0.00000000;0.00003644
1936-06-10;0.00000000;0.00003644
1936-06-11;0.00000000;0.00003644
1936-06-12;0.00000000;0.00003644
1936-06-15;0.00000000;0.00010932
1936-06-16;0.00000000;0.00003644
1936-06-17;0.00000000;0.00003644
1936-06-18;0.00000000;0.00003644
1936-06-19;0.00000000;0.00003644
1936-06-22;0.00000000;0.00010932
1936-06-23;0.00000000;0.00003644
1936-06-24;0.00000000;0.00003644
1936-06-25;0.00000000;0.00003644
1936-06-26;0.00000000;0.00003644
1936-06-29;0.00000000;0.00010932
1936-06-30;0.00000000;0.00003644
1936-07-01;0.00000000;0.00003644
1936-07-02;0.00000000;0.00003644
1936-07-03;0.00000000;0.00003644
1936-07-06;0.00000000;0.00010932
1936-07-07;0.00000000;0.00003644
1936-07-08;0.00000000;0.00003644
1936-07-09;0.00000000;0.00003644
1936-07-10;0.00000000;0.00003644
1936-07-13;0.00000000;0.00010932
1936-07-14;0.00000000;0.00003644
1936-07-15;0.00000000;0.00003644
1936-07-16;0.00000000;0.00003644
1936-07-17;0.00000000;0.00003644
1936-07-20;0.00000000;0.00010932
1936-07-21;0.00000000;0.00003644
1936-07-22;0.00000000;0.00003644
1936-07-23;0.00000000;0.00003644
1936-07-24;0.00000000;0.00003644
1936-07-27;0.00000000;0.00010932
1936-07-28;0.00000000;0.00003644
1936-07-29;0.00000000;0.00003644
1936-07-30;0.00000000;0.00003644
1936-07-31;0.00000000;0.00003644
1936-08-03;0.00000000;0.00010932
1936-08-04;0.00000000;0.00003644
1936-08-05;0.00000000;0.00003644
1936-08-06;0.00000000;0.00003644
1936-08-07;0.00000000;0.00003644
1936-08-10;0.00000000;0.00010932
1936-08-11;0.00000000;0.00003644
1936-08-12;0.00000000;0.00003644
1936-08-13;0.00000000;0.00003644
1936-08-14;0.00000000;0.00003644
1936-08-17;0.00000000;0.00010932
1936-08-18;0.00000000;0.00003644
1936-08-19;0.00000000;0.00003644
1936-08-20;0.00000000;0.00003644
1936-08-21;0.00000000;0.00003644
1936-08-24;0.00000000;0.00010932
1936-08-25;0.00000000;0.00003644
1936-08-26;0.00000000;0.00003644
1936-08-27;0.00000000;0.00003644
1936-08-28;0.00000000;0.00003644
1936-08-31;0.00000000;0.00010932
1936-09-01;0.00000000;0.00003644
1936-09-02;0.00000000;0.00003644
1936-09-03;0.00000000;0.00003644
1936-09-04;0.00000000;0.00003644
1936-09-08;0.00000000;0.00014575
1936-09-09;0.00000000;0.00003644
1936-09-10;0.00000000;0.00003644
1936-09-11;0.00000000;0.00003644
1936-09-14;0.00000000;0.00010932
1936-09-15;0.00000000;0.00003644
1936-09-16;0.00000000;0.00003644
1936-09-17;0.00000000;0.00003644
1936-09-18;0.00000000;0.00003644
1936-09-21;0.00000000;0.00010932
1936-09-22;0.00000000;0.00003644
1936-09-23;0.00000000;0.00003644
1936-09-24;0.00000000;0.00003644
1936-09-25;0.00000000;0.00003644
1936-09-28;0.00000000;0.00010932
1936-09-29;0.00000000;0.00003644
1936-09-30;0.00000000;0.00003644
1936-10-01;0.00000000;0.00003644
1936-10-02;0.00000000;0.00003644
1936-10-05;0.00000000;0.00010932
1936-10-06;0.00000000;0.00003644
1936-10-07;0.00000000;0.00003644
1936-10-08;0.00000000;0.00003644
1936-10-09;0.00000000;0.00003644
1936-10-13;0.00000000;0.00014575
1936-10-14;0.00000000;0.00003644
1936-10-15;0.00000000;0.00003644
1936-10-16;0.00000000;0.00003644
1936-10-19;0.00000000;0.00010932
1936-10-20;0.00000000;0.00003644
1936-10-21;0.00000000;0.00003644
1936-10-22;0.00000000;0.00003644
1936-10-23;0.00000000;0.00003644
1936-10-26;0.00000000;0.00010932
1936-10-27;0.00000000;0.00003644
1936-10-28;0.00000000;0.00003644
1936-10-29;0.00000000;0.00003644
1936-10-30;-0.00065000;-0.00061356
1936-11-02;-0.00359737;-0.00348805
1936-11-04;0.01506598;0.01513886
1936-11-05;0.00742005;0.00745649
1936-11-06;-0.00744155;-0.00740511
1936-11-09;0.01480174;0.01491106
1936-11-10;-0.00343010;-0.00339366
1936-11-12;-0.01142101;-0.01134814
1936-11-13;-0.01093910;-0.01090266
1936-11-16;0.00916567;0.00927499
1936-11-17;0.01375475;0.01379119
1936-11-18;-0.00740797;-0.00737153
1936-11-19;-0.01203150;-0.01199506
1936-11-20;-0.00986495;-0.00982851
1936-11-23;-0.01412558;-0.01401626
1936-11-24;0.01713157;0.01716801
1936-11-25;-0.00527701;-0.00524057
1936-11-27;0.01455173;0.01462460
1936-11-30;-0.00357528;-0.00346596
1936-12-01;-0.00814021;-0.00810377
1936-12-02;-0.01112354;-0.01108710
1936-12-03;0.00527138;0.00530782
1936-12-04;-0.00179892;-0.00176248
1936-12-07;-0.00599396;-0.00588465
1936-12-08;0.00350984;0.00354628
1936-12-09;0.00467585;0.00471228
1936-12-10;0.00993232;0.00996876
1936-12-11;-0.00468412;-0.00464768
1936-12-14;0.01038668;0.01049600
1936-12-15;-0.00003836;-0.00000192
1936-12-16;-0.00177046;-0.00173402
1936-12-17;-0.00755715;-0.00752071
1936-12-18;-0.00936237;-0.00932593
1936-12-21;-0.02070330;-0.02059399
1936-12-22;0.01257426;0.01261069
1936-12-23;0.01004468;0.01008112
1936-12-24;0.00172324;0.00175968
1936-12-28;-0.00718742;-0.00704167
1936-12-29;0.00409388;0.00413031
1936-12-30;0.01524677;0.01528321
1936-12-31;-0.00524971;-0.00521327
1937-01-04;-0.01470523;-0.01455948
1937-01-05;0.00882166;0.00885809
1937-01-06;0.00054712;0.00058356
1937-01-07;0.02278201;0.02281844
1937-01-08;-0.00003836;-0.00000192
1937-01-11;0.00503367;0.00514299
1937-01-12;0.00053080;0.00056723
1937-01-13;0.00166813;0.00170457
1937-01-14;0.00280094;0.00283738
1937-01-15;0.00449166;0.00452809
1937-01-18;-0.00011507;-0.00000575
1937-01-19;-0.00680273;-0.00676629
1937-01-20;0.01244746;0.01248389
1937-01-21;0.00668810;0.00672454
1937-01-22;-0.00504949;-0.00501305
1937-01-25;-0.00571104;-0.00560172
1937-01-26;-0.01466976;-0.01463332
1937-01-27;0.00795708;0.00799351
1937-01-28;-0.00117150;-0.00113506
1937-01-29;0.00790265;0.00793909
1937-02-01;0.00607514;0.00618445
1937-02-02;0.00667305;0.00670949
1937-02-03;0.00718387;0.00722030
1937-02-04;0.00106479;0.00110123
1937-02-05;-0.01601632;-0.01597988
1937-02-08;0.01164305;0.01175237
1937-02-09;-0.00446558;-0.00442915
1937-02-10;0.00996720;0.01000364
1937-02-11;0.00821701;0.00825345
1937-02-15;-0.01216216;-0.01201640
1937-02-16;0.00272407;0.00276051
1937-02-17;-0.00169125;-0.00165481
1937-02-18;0.00548041;0.00551685
1937-02-19;0.00819436;0.00823079
1937-02-23;-0.02192806;-0.02178230
1937-02-24;0.00552647;0.00556291
1937-02-25;-0.00391218;-0.00387574
1937-02-26;0.00329498;0.00333142
1937-03-01;0.00154606;0.00165538
1937-03-02;0.01378143;0.01381787
1937-03-03;0.01141203;0.01144846
1937-03-04;-0.00920278;-0.00916634
1937-03-05;0.01301932;0.01305575
1937-03-08;-0.00333741;-0.00322809
1937-03-09;-0.00111594;-0.00107950
1937-03-10;0.00697351;0.00700995
1937-03-11;-0.01557130;-0.01553486
1937-03-12;-0.00112650;-0.00109006
1937-03-15;-0.01209764;-0.01198832
1937-03-16;0.00492306;0.00495949
1937-03-17;-0.00662091;-0.00658447
1937-03-18;-0.02102124;-0.02098480
1937-03-19;-0.00060237;-0.00056593
1937-03-22;-0.02833177;-0.02822246
1937-03-23;0.01564109;0.01567752
1937-03-24;0.01196850;0.01200494
1937-03-25;-0.00116830;-0.00113186
1937-03-29;-0.00298148;-0.00283573
1937-03-30;0.01811252;0.01814896
1937-03-31;-0.00170967;-0.00167323
1937-04-01;-0.01175711;-0.01172067
1937-04-02;-0.01246072;-0.01242428
1937-04-05;0.00731775;0.00742707
1937-04-06;-0.00911895;-0.00908251
1937-04-07;-0.03153893;-0.03150249
1937-04-08;0.00469257;0.00472901
1937-04-09;0.00231597;0.00235241
1937-04-12;0.00399532;0.00410464
1937-04-13;0.01048796;0.01052440
1937-04-14;0.00111905;0.00115549
1937-04-15;-0.00408460;-0.00404816
1937-04-16;-0.00410104;-0.00406460
1937-04-19;-0.00186332;-0.00175401
1937-04-20;0.00288050;0.00291694
1937-04-21;0.01334930;0.01338574
1937-04-22;-0.01267477;-0.01263833
1937-04-23;-0.01981730;-0.01978086
1937-04-26;-0.04106462;-0.04095531
1937-04-27;0.01666956;0.01670600
1937-04-28;-0.02681864;-0.02678220
1937-04-29;-0.00003836;-0.00000192
1937-04-30;0.02682884;0.02686528
1937-05-03;0.00000000;0.00010932
1937-05-04;0.00000000;0.00003644
1937-05-05;0.00000000;0.00003644
1937-05-06;0.00000000;0.00003644
1937-05-07;0.00000000;0.00003644
1937-05-10;0.00000000;0.00010932
1937-05-11;0.00000000;0.00003644
1937-05-12;0.00000000;0.00003644
1937-05-13;0.00000000;0.00003644
1937-05-14;0.00000000;0.00003644
1937-05-17;0.00000000;0.00010932
1937-05-18;0.00000000;0.00003644
1937-05-19;0.00000000;0.00003644
1937-05-20;0.00000000;0.00003644
1937-05-21;0.00000000;0.00003644
1937-05-24;0.00000000;0.00010932
1937-05-25;0.00000000;0.00003644
1937-05-26;0.00000000;0.00003644
1937-05-27;0.00000000;0.00003644
1937-05-28;0.00000000;0.00003644
1937-06-01;0.00000000;0.00014575
1937-06-02;0.00000000;0.00003644
1937-06-03;0.00000000;0.00003644
1937-06-04;0.00000000;0.00003644
1937-06-07;0.00000000;0.00010932
1937-06-08;0.00000000;0.00003644
1937-06-09;0.00000000;0.00003644
1937-06-10;0.00000000;0.00003644
1937-06-11;0.00000000;0.00003644
1937-06-14;0.00000000;0.00010932
1937-06-15;0.00000000;0.00003644
1937-06-16;0.00000000;0.00003644
1937-06-17;0.00000000;0.00003644
1937-06-18;0.00000000;0.00003644
1937-06-21;0.00000000;0.00010932
1937-06-22;0.00000000;0.00003644
1937-06-23;0.00000000;0.00003644
1937-06-24;0.00000000;0.00003644
1937-06-25;0.00000000;0.00003644
1937-06-28;0.00000000;0.00010932
1937-06-29;0.00000000;0.00003644
1937-06-30;0.00000000;0.00003644
1937-07-01;0.00000000;0.00003644
1937-07-02;0.00000000;0.00003644
1937-07-06;0.00000000;0.00014575
1937-07-07;0.00000000;0.00003644
1937-07-08;0.00000000;0.00003644
1937-07-09;0.00000000;0.00003644
1937-07-12;0.00000000;0.00010932
1937-07-13;0.00000000;0.00003644
1937-07-14;0.00000000;0.00003644
1937-07-15;0.00000000;0.00003644
1937-07-16;0.00000000;0.00003644
1937-07-19;0.00000000;0.00010932
1937-07-20;0.00000000;0.00003644
1937-07-21;0.00000000;0.00003644
1937-07-22;0.00000000;0.00003644
1937-07-23;0.00000000;0.00003644
1937-07-26;0.00000000;0.00010932
1937-07-27;0.00000000;0.00003644
1937-07-28;0.00000000;0.00003644
1937-07-29;0.00000000;0.00003644
1937-07-30;0.00000000;0.00003644
1937-08-02;0.00000000;0.00010932
1937-08-03;0.00000000;0.00003644
1937-08-04;0.00000000;0.00003644
1937-08-05;0.00000000;0.00003644
1937-08-06;0.00000000;0.00003644
1937-08-09;0.00000000;0.00010932
1937-08-10;0.00000000;0.00003644
1937-08-11;0.00000000;0.00003644
1937-08-12;0.00000000;0.00003644
1937-08-13;0.00000000;0.00003644
1937-08-16;0.00000000;0.00010932
1937-08-17;0.00000000;0.00003644
1937-08-18;0.00000000;0.00003644
1937-08-19;0.00000000;0.00003644
1937-08-20;0.00000000;0.00003644
1937-08-23;0.00000000;0.00010932
1937-08-24;0.00000000;0.00003644
1937-08-25;0.00000000;0.00003644
1937-08-26;0.00000000;0.00003644
1937-08-27;0.00000000;0.00003644
1937-08-30;0.00000000;0.00010932
1937-08-31;0.00000000;0.00003644
1937-09-01;0.00000000;0.00003644
1937-09-02;0.00000000;0.00003644
1937-09-03;0.00000000;0.00003644
1937-09-07;0.00000000;0.00014575
1937-09-08;0.00000000;0.00003644
1937-09-09;0.00000000;0.00003644
1937-09-10;0.00000000;0.00003644
1937-09-13;0.00000000;0.00010932
1937-09-14;0.00000000;0.00003644
1937-09-15;0.00000000;0.00003644
1937-09-16;0.00000000;0.00003644
1937-09-17;0.00000000;0.00003644
1937-09-20;0.00000000;0.00010932
1937-09-21;0.00000000;0.00003644
1937-09-22;0.00000000;0.00003644
1937-09-23;0.00000000;0.00003644
1937-09-24;0.00000000;0.00003644
1937-09-27;0.00000000;0.00010932
1937-09-28;0.00000000;0.00003644
1937-09-29;0.00000000;0.00003644
1937-09-30;0.00000000;0.00003644
1937-10-01;0.00000000;0.00003644
1937-10-04;0.00000000;0.00010932
1937-10-05;0.00000000;0.00003644
1937-10-06;0.00000000;0.00003644
1937-10-07;0.00000000;0.00003644
1937-10-08;0.00000000;0.00003644
1937-10-11;0.00000000;0.00010932
1937-10-13;0.00000000;0.00007288
1937-10-14;0.00000000;0.00003644
1937-10-15;0.00000000;0.00003644
1937-10-18;0.00000000;0.00010932
1937-10-19;0.00000000;0.00003644
1937-10-20;0.00000000;0.00003644
1937-10-21;0.00000000;0.00003644
1937-10-22;0.00000000;0.00003644
1937-10-25;0.00000000;0.00010932
1937-10-26;0.00000000;0.00003644
1937-10-27;0.00000000;0.00003644
1937-10-28;0.00000000;0.00003644
1937-10-29;-0.00065000;-0.00061356
1937-11-01;-0.02197742;-0.02186810
1937-11-03;-0.04643433;-0.04636145
1937-11-04;-0.00524669;-0.00521025
1937-11-05;-0.00003836;-0.00000192
1937-11-08;-0.02978348;-0.02967417
1937-11-09;0.02064510;0.02068154
1937-11-10;0.05370614;0.05374258
1937-11-12;-0.00425731;-0.00418444
1937-11-15;-0.03202103;-0.03191171
1937-11-16;-0.00437487;-0.00433843
1937-11-17;-0.00787808;-0.00784164
1937-11-18;-0.02023151;-0.02019507
1937-11-19;-0.05828208;-0.05824565
1937-11-22;-0.02485341;-0.02474410
1937-11-23;0.01752262;0.01755906
1937-11-24;-0.02496645;-0.02493001
1937-11-26;0.04908750;0.04916037
1937-11-29;0.02706394;0.02717325
1937-11-30;0.01364778;0.01368421
1937-12-01;-0.01263962;-0.01260318
1937-12-02;0.02001634;0.02005278
1937-12-03;0.01336647;0.01340291
1937-12-06;-0.01863359;-0.01852427
1937-12-07;0.01703262;0.01706906
1937-12-08;0.00879557;0.00883200
1937-12-09;-0.01842715;-0.01839071
1937-12-10;-0.00985102;-0.00981459
1937-12-13;-0.03254750;-0.03243819
1937-12-14;0.00834153;0.00837797
1937-12-15;0.00734853;0.00738497
1937-12-16;0.01554368;0.01558012
1937-12-17;-0.00725857;-0.00722213
1937-12-20;0.02806675;0.02817606
1937-12-21;0.00615086;0.00618730
1937-12-22;-0.01761305;-0.01757661
1937-12-23;-0.00540508;-0.00536864
1937-12-24;-0.00543404;-0.00539760
1937-12-27;-0.03356896;-0.03345964
1937-12-28;-0.03558560;-0.03554916
1937-12-29;0.01063090;0.01066734
1937-12-30;0.01339734;0.01343378
1937-12-31;-0.00098533;-0.00094889
1938-01-03;-0.00295867;-0.00284936
1938-01-04;0.04463845;0.04467489
1938-01-05;-0.00640778;-0.00637134
1938-01-06;0.07505322;0.07508966
1938-01-07;-0.03581348;-0.03577705
1938-01-10;0.04847150;0.04858082
1938-01-11;0.00670132;0.00673776
1938-01-12;-0.00924338;-0.00920694
1938-01-13;-0.01439646;-0.01436003
1938-01-14;0.00253234;0.00256878
1938-01-17;-0.00267917;-0.00256986
1938-01-18;-0.01032113;-0.01028469
1938-01-19;-0.00869636;-0.00865993
1938-01-20;0.01830226;0.01833869
1938-01-21;-0.01890628;-0.01886984
1938-01-24;-0.00361157;-0.00350226
1938-01-25;-0.01582783;-0.01579139
1938-01-26;-0.03836278;-0.03832634
1938-01-27;-0.01394012;-0.01390368
1938-01-28;-0.00849700;-0.00846056
1938-01-31;0.01315507;0.01326439
1938-02-01;0.01867072;0.01870716
1938-02-02;-0.01381246;-0.01377602
1938-02-03;-0.03728230;-0.03724587
1938-02-04;0.01930400;0.01934044
1938-02-07;0.00178246;0.00189178
1938-02-08;0.03973437;0.03977081
1938-02-09;-0.00732433;-0.00728789
1938-02-10;0.00638366;0.00642010
1938-02-11;-0.00368466;-0.00364823
1938-02-14;0.00811915;0.00822846
1938-02-15;-0.01183509;-0.01179865
1938-02-16;-0.00187490;-0.00183847
1938-02-17;0.02572061;0.02575705
1938-02-18;-0.01169755;-0.01166111
1938-02-21;0.03255281;0.03266212
1938-02-23;0.02628533;0.02635820
1938-02-24;-0.01459315;-0.01455671
1938-02-25;0.00517450;0.00521094
1938-02-28;-0.01999407;-0.01988475
1938-03-01;0.01054365;0.01058009
1938-03-02;-0.00963696;-0.00960052
1938-03-03;-0.00972999;-0.00969355
1938-03-04;-0.00982483;-0.00978839
1938-03-07;-0.02257688;-0.02246757
1938-03-08;-0.00003836;-0.00000192
1938-03-09;0.00088076;0.00091720
1938-03-10;-0.01105764;-0.01102120
1938-03-11;-0.01767995;-0.01764351
1938-03-14;0.01878852;0.01889784
1938-03-15;0.03057389;0.03061033
1938-03-16;-0.04414277;-0.04410633
1938-03-17;-0.00851293;-0.00847649
1938-03-18;-0.03232706;-0.03229062
1938-03-21;0.01853066;0.01863998
1938-03-22;-0.03086687;-0.03083043
1938-03-23;-0.01991907;-0.01988263
1938-03-24;0.00300424;0.00304068
1938-03-25;-0.05463896;-0.05460252
1938-03-28;-0.00867122;-0.00856190
1938-03-29;-0.05829078;-0.05825434
1938-03-30;-0.01263859;-0.01260215
1938-03-31;-0.01395947;-0.01392303
1938-04-01;0.04819694;0.04823338
1938-04-04;0.03692197;0.03703128
1938-04-05;0.02593567;0.02597211
1938-04-06;-0.02219025;-0.02215382
1938-04-07;-0.00758960;-0.00755316
1938-04-08;0.04561382;0.04565026
1938-04-11;0.03418847;0.03429778
1938-04-12;0.01001190;0.01004833
1938-04-13;0.00493677;0.00497321
1938-04-14;0.00986263;0.00989907
1938-04-18;0.02043481;0.02058056
1938-04-19;-0.02885680;-0.02882036
1938-04-20;-0.00498395;-0.00494752
1938-04-21;0.00990200;0.00993844
1938-04-22;0.02850495;0.02854139
1938-04-25;-0.02308158;-0.02297226
1938-04-26;-0.02550359;-0.02546715
1938-04-27;0.01302697;0.01306341
1938-04-28;-0.03079232;-0.03075589
1938-04-29;0.00033519;0.00037162
1938-05-02;0.00000000;0.00010932
1938-05-03;0.00000000;0.00003644
1938-05-04;0.00000000;0.00003644
1938-05-05;0.00000000;0.00003644
1938-05-06;0.00000000;0.00003644
1938-05-09;0.00000000;0.00010932
1938-05-10;0.00000000;0.00003644
1938-05-11;0.00000000;0.00003644
1938-05-12;0.00000000;0.00003644
1938-05-13;0.00000000;0.00003644
1938-05-16;0.00000000;0.00010932
1938-05-17;0.00000000;0.00003644
1938-05-18;0.00000000;0.00003644
1938-05-19;0.00000000;0.00003644
1938-05-20;0.00000000;0.00003644
1938-05-23;0.00000000;0.00010932
1938-05-24;0.00000000;0.00003644
1938-05-25;0.00000000;0.00003644
1938-05-26;0.00000000;0.00003644
1938-05-27;0.00000000;0.00003644
1938-05-31;0.00000000;0.00014575
1938-06-01;0.00000000;0.00003644
1938-06-02;0.00000000;0.00003644
1938-06-03;0.00000000;0.00003644
1938-06-06;0.00000000;0.00010932
1938-06-07;0.00000000;0.00003644
1938-06-08;0.00000000;0.00003644
1938-06-09;0.00000000;0.00003644
1938-06-10;0.00000000;0.00003644
1938-06-13;0.00000000;0.00010932
1938-06-14;0.00000000;0.00003644
1938-06-15;0.00000000;0.00003644
1938-06-16;0.00000000;0.00003644
1938-06-17;0.00000000;0.00003644
1938-06-20;0.00000000;0.00010932
1938-06-21;0.00000000;0.00003644
1938-06-22;0.00000000;0.00003644
1938-06-23;0.00000000;0.00003644
1938-06-24;0.00000000;0.00003644
1938-06-27;0.00000000;0.00010932
1938-06-28;0.00000000;0.00003644
1938-06-29;0.00000000;0.00003644
1938-06-30;0.00000000;0.00003644
1938-07-01;0.00000000;0.00003644
1938-07-05;0.00000000;0.00014575
1938-07-06;0.00000000;0.00003644
1938-07-07;0.00000000;0.00003644
1938-07-08;0.00000000;0.00003644
1938-07-11;0.00000000;0.00010932
1938-07-12;0.00000000;0.00003644
1938-07-13;0.00000000;0.00003644
1938-07-14;0.00000000;0.00003644
1938-07-15;0.00000000;0.00003644
1938-07-18;0.00000000;0.00010932
1938-07-19;0.00000000;0.00003644
1938-07-20;0.00000000;0.00003644
1938-07-21;0.00000000;0.00003644
1938-07-22;0.00000000;0.00003644
1938-07-25;0.00000000;0.00010932
1938-07-26;0.00000000;0.00003644
1938-07-27;0.00000000;0.00003644
1938-07-28;0.00000000;0.00003644
1938-07-29;0.00000000;0.00003644
1938-08-01;0.00000000;0.00010932
1938-08-02;0.00000000;0.00003644
1938-08-03;0.00000000;0.00003644
1938-08-04;0.00000000;0.00003644
1938-08-05;0.00000000;0.00003644
1938-08-08;0.00000000;0.00010932
1938-08-09;0.00000000;0.00003644
1938-08-10;0.00000000;0.00003644
1938-08-11;0.00000000;0.00003644
1938-08-12;0.00000000;0.00003644
1938-08-15;0.00000000;0.00010932
1938-08-16;0.00000000;0.00003644
1938-08-17;0.00000000;0.00003644
1938-08-18;0.00000000;0.00003644
1938-08-19;0.00000000;0.00003644
1938-08-22;0.00000000;0.00010932
1938-08-23;0.00000000;0.00003644
1938-08-24;0.00000000;0.00003644
1938-08-25;0.00000000;0.00003644
1938-08-26;0.00000000;0.00003644
1938-08-29;0.00000000;0.00010932
1938-08-30;0.00000000;0.00003644
1938-08-31;0.00000000;0.00003644
1938-09-01;0.00000000;0.00003644
1938-09-02;0.00000000;0.00003644
1938-09-06;0.00000000;0.00014575
1938-09-07;0.00000000;0.00003644
1938-09-08;0.00000000;0.00003644
1938-09-09;0.00000000;0.00003644
1938-09-12;0.00000000;0.00010932
1938-09-13;0.00000000;0.00003644
1938-09-14;0.00000000;0.00003644
1938-09-15;0.00000000;0.00003644
1938-09-16;0.00000000;0.00003644
1938-09-19;0.00000000;0.00010932
1938-09-20;0.00000000;0.00003644
1938-09-21;0.00000000;0.00003644
1938-09-22;0.00000000;0.00003644
1938-09-23;0.00000000;0.00003644
1938-09-26;0.00000000;0.00010932
1938-09-27;0.00000000;0.00003644
1938-09-28;0.00000000;0.00003644
1938-09-29;0.00000000;0.00003644
1938-09-30;0.00000000;0.00003644
1938-10-03;0.00000000;0.00010932
1938-10-04;0.00000000;0.00003644
1938-10-05;0.00000000;0.00003644
1938-10-06;0.00000000;0.00003644
1938-10-07;0.00000000;0.00003644
1938-10-10;0.00000000;0.00010932
1938-10-11;0.00000000;0.00003644
1938-10-13;0.00000000;0.00007288
1938-10-14;0.00000000;0.00003644
1938-10-17;0.00000000;0.00010932
1938-10-18;0.00000000;0.00003644
1938-10-19;0.00000000;0.00003644
1938-10-20;0.00000000;0.00003644
1938-10-21;0.00000000;0.00003644
1938-10-24;0.00000000;0.00010932
1938-10-25;0.00000000;0.00003644
1938-10-26;0.00000000;0.00003644
1938-10-27;0.00000000;0.00003644
1938-10-28;0.00000000;0.00003644
1938-10-31;-0.00065000;-0.00054068
1938-11-01;-0.00535347;-0.00531703
1938-11-02;0.00377844;0.00381488
1938-11-03;0.00300347;0.00303991
1938-11-04;-0.00155466;-0.00151822
1938-11-07;0.01962677;0.01973608
1938-11-09;0.02672895;0.02680182
1938-11-10;-0.00656482;-0.00652839
1938-11-14;-0.01986145;-0.01971570
1938-11-15;-0.00599517;-0.00595873
1938-11-16;-0.02850278;-0.02846634
1938-11-17;0.01152679;0.01156323
1938-11-18;-0.02137982;-0.02134338
1938-11-21;0.00300020;0.00310951
1938-11-22;-0.00857873;-0.00854229
1938-11-23;0.00231090;0.00234734
1938-11-25;0.00148579;0.00155866
1938-11-28;-0.03521647;-0.03510716
1938-11-29;0.00481209;0.00484853
1938-11-30;0.02409680;0.02413324
1938-12-01;-0.00946491;-0.00942847
1938-12-02;-0.01034763;-0.01031120
1938-12-05;-0.00652532;-0.00641601
1938-12-06;0.00802616;0.00806260
1938-12-07;0.00316164;0.00319808
1938-12-08;-0.01200008;-0.01196364
1938-12-09;-0.00568807;-0.00565164
1938-12-12;0.01124857;0.01135788
1938-12-13;0.01039503;0.01043147
1938-12-14;0.02140724;0.02144367
1938-12-15;0.00229446;0.00233090
1938-12-16;0.00073744;0.00077388
1938-12-19;-0.01716933;-0.01706002
1938-12-20;-0.00161564;-0.00157920
1938-12-21;-0.00635747;-0.00632103
1938-12-22;0.00711586;0.00715230
1938-12-23;0.01101137;0.01104781
1938-12-27;-0.00639855;-0.00625279
1938-12-28;0.00938820;0.00942463
1938-12-29;0.02175153;0.02178797
1938-12-30;0.00072326;0.00075970
1939-01-03;-0.00471963;-0.00457388
1939-01-04;0.01142953;0.01146597
1939-01-05;-0.01288794;-0.01285150
1939-01-06;0.00072734;0.00076378
1939-01-09;-0.02153817;-0.02142886
1939-01-10;0.00152537;0.00156180
1939-01-11;-0.01877372;-0.01873728
1939-01-12;-0.00799381;-0.00795737
1939-01-13;-0.01126530;-0.01122886
1939-01-16;0.02421583;0.02432515
1939-01-17;0.00787930;0.00791574
1939-01-18;-0.00160945;-0.00157301
1939-01-19;0.00704268;0.00707912
1939-01-20;-0.00394461;-0.00390817
1939-01-23;-0.06442879;-0.06431948
1939-01-24;0.00415276;0.00418920
1939-01-25;-0.00588143;-0.00584499
1939-01-26;-0.03194432;-0.03190788
1939-01-27;0.02858263;0.02861907
1939-01-30;0.02518004;0.02528936
1939-01-31;0.01147480;0.01151124
1939-02-01;-0.01467250;-0.01463606
1939-02-02;0.02141379;0.02145023
1939-02-03;-0.00650039;-0.00646395
1939-02-06;0.01370607;0.01381538
1939-02-07;-0.01206723;-0.01203079
1939-02-08;0.01294866;0.01298510
1939-02-09;-0.01446143;-0.01442499
1939-02-10;0.00240067;0.00243711
1939-02-14;0.00227967;0.00242542
1939-02-15;0.00157977;0.00161621
1939-02-16;0.00803919;0.00807563
1939-02-17;-0.00644861;-0.00641217
1939-02-20;-0.01946991;-0.01936059
1939-02-21;0.00571822;0.00575466
1939-02-23;0.00074095;0.00081383
1939-02-24;0.02447145;0.02450789
1939-02-27;0.00706196;0.00717128
1939-02-28;0.00550400;0.00554044
1939-03-01;-0.00003836;-0.00000192
1939-03-02;-0.00161316;-0.00157672
1939-03-03;0.01415723;0.01419367
1939-03-06;-0.00555830;-0.00544899
1939-03-07;0.00465281;0.00468925
1939-03-08;0.01708227;0.01711870
1939-03-09;-0.00462902;-0.00459258
1939-03-10;0.00687940;0.00691584
1939-03-13;-0.01385553;-0.01374621
1939-03-14;0.00383161;0.00386805
1939-03-15;-0.02779472;-0.02775828
1939-03-16;-0.00241742;-0.00238098
1939-03-17;-0.02945012;-0.02941368
1939-03-20;-0.02140909;-0.02129977
1939-03-21;0.01753487;0.01757130
1939-03-22;-0.03375546;-0.03371902
1939-03-23;0.01442973;0.01446617
1939-03-24;0.01254554;0.01258197
1939-03-27;-0.00674307;-0.00663376
1939-03-28;-0.01338281;-0.01334637
1939-03-29;0.00756942;0.00760586
1939-03-30;-0.03443433;-0.03439789
1939-03-31;-0.04608527;-0.04604883
1939-04-03;0.02538584;0.02549516
1939-04-04;-0.02135274;-0.02131631
1939-04-05;0.00359141;0.00362785
1939-04-06;-0.03620472;-0.03616828
1939-04-10;-0.02079132;-0.02064557
1939-04-11;-0.00195406;-0.00191763
1939-04-12;0.02683304;0.02686948
1939-04-13;0.00837286;0.00840930
1939-04-14;-0.01486690;-0.01483046
1939-04-17;0.01869961;0.01880892
1939-04-18;-0.01573549;-0.01569906
1939-04-19;0.01215677;0.01219320
1939-04-20;0.01200984;0.01204627
1939-04-21;0.00362465;0.00366109
1939-04-24;-0.01653843;-0.01642911
1939-04-25;0.00181693;0.00185337
1939-04-26;0.01014683;0.01018327
1939-04-27;0.01096073;0.01099717
1939-04-28;-0.00975454;-0.00971810
1939-05-01;0.00000000;0.00010932
1939-05-02;0.00000000;0.00003644
1939-05-03;0.00000000;0.00003644
1939-05-04;0.00000000;0.00003644
1939-05-05;0.00000000;0.00003644
1939-05-08;0.00000000;0.00010932
1939-05-09;0.00000000;0.00003644
1939-05-10;0.00000000;0.00003644
1939-05-11;0.00000000;0.00003644
1939-05-12;0.00000000;0.00003644
1939-05-15;0.00000000;0.00010932
1939-05-16;0.00000000;0.00003644
1939-05-17;0.00000000;0.00003644
1939-05-18;0.00000000;0.00003644
1939-05-19;0.00000000;0.00003644
1939-05-22;0.00000000;0.00010932
1939-05-23;0.00000000;0.00003644
1939-05-24;0.00000000;0.00003644
1939-05-25;0.00000000;0.00003644
1939-05-26;0.00000000;0.00003644
1939-05-29;0.00000000;0.00010932
1939-05-31;0.00000000;0.00007288
1939-06-01;0.00000000;0.00003644
1939-06-02;0.00000000;0.00003644
1939-06-05;0.00000000;0.00010932
1939-06-06;0.00000000;0.00003644
1939-06-07;0.00000000;0.00003644
1939-06-08;0.00000000;0.00003644
1939-06-09;0.00000000;0.00003644
1939-06-12;0.00000000;0.00010932
1939-06-13;0.00000000;0.00003644
1939-06-14;0.00000000;0.00003644
1939-06-15;0.00000000;0.00003644
1939-06-16;0.00000000;0.00003644
1939-06-19;0.00000000;0.00010932
1939-06-20;0.00000000;0.00003644
1939-06-21;0.00000000;0.00003644
1939-06-22;0.00000000;0.00003644
1939-06-23;0.00000000;0.00003644
1939-06-26;0.00000000;0.00010932
1939-06-27;0.00000000;0.00003644
1939-06-28;0.00000000;0.00003644
1939-06-29;0.00000000;0.00003644
1939-06-30;0.00000000;0.00003644
1939-07-03;0.00000000;0.00010932
1939-07-05;0.00000000;0.00007288
1939-07-06;0.00000000;0.00003644
1939-07-07;0.00000000;0.00003644
1939-07-10;0.00000000;0.00010932
1939-07-11;0.00000000;0.00003644
1939-07-12;0.00000000;0.00003644
1939-07-13;0.00000000;0.00003644
1939-07-14;0.00000000;0.00003644
1939-07-17;0.00000000;0.00010932
1939-07-18;0.00000000;0.00003644
1939-07-19;0.00000000;0.00003644
1939-07-20;0.00000000;0.00003644
1939-07-21;0.00000000;0.00003644
1939-07-24;0.00000000;0.00010932
1939-07-25;0.00000000;0.00003644
1939-07-26;0.00000000;0.00003644
1939-07-27;0.00000000;0.00003644
1939-07-28;0.00000000;0.00003644
1939-07-31;0.00000000;0.00010932
1939-08-01;0.00000000;0.00003644
1939-08-02;0.00000000;0.00003644
1939-08-03;0.00000000;0.00003644
1939-08-04;0.00000000;0.00003644
1939-08-07;0.00000000;0.00010932
1939-08-08;0.00000000;0.00003644
1939-08-09;0.00000000;0.00003644
1939-08-10;0.00000000;0.00003644
1939-08-11;0.00000000;0.00003644
1939-08-14;0.00000000;0.00010932
1939-08-15;0.00000000;0.00003644
1939-08-16;0.00000000;0.00003644
1939-08-17;0.00000000;0.00003644
1939-08-18;0.00000000;0.00003644
1939-08-21;0.00000000;0.00010932
1939-08-22;0.00000000;0.00003644
1939-08-23;0.00000000;0.00003644
1939-08-24;0.00000000;0.00003644
1939-08-25;0.00000000;0.00003644
1939-08-28;0.00000000;0.00010932
1939-08-29;0.00000000;0.00003644
1939-08-30;0.00000000;0.00003644
1939-08-31;0.00000000;0.00003644
1939-09-01;0.00000000;0.00003644
1939-09-05;0.00000000;0.00014575
1939-09-06;0.00000000;0.00003644
1939-09-07;0.00000000;0.00003644
1939-09-08;0.00000000;0.00003644
1939-09-11;0.00000000;0.00010932
1939-09-12;0.00000000;0.00003644
1939-09-13;0.00000000;0.00003644
1939-09-14;0.00000000;0.00003644
1939-09-15;0.00000000;0.00003644
1939-09-18;0.00000000;0.00010932
1939-09-19;0.00000000;0.00003644
1939-09-20;0.00000000;0.00003644
1939-09-21;0.00000000;0.00003644
1939-09-22;0.00000000;0.00003644
1939-09-25;0.00000000;0.00010932
1939-09-26;0.00000000;0.00003644
1939-09-27;0.00000000;0.00003644
1939-09-28;0.00000000;0.00003644
1939-09-29;0.00000000;0.00003644
1939-10-02;0.00000000;0.00010932
1939-10-03;0.00000000;0.00003644
1939-10-04;0.00000000;0.00003644
1939-10-05;0.00000000;0.00003644
1939-10-06;0.00000000;0.00003644
1939-10-09;0.00000000;0.00010932
1939-10-10;0.00000000;0.00003644
1939-10-11;0.00000000;0.00003644
1939-10-13;0.00000000;0.00007288
1939-10-16;0.00000000;0.00010932
1939-10-17;0.00000000;0.00003644
1939-10-18;0.00000000;0.00003644
1939-10-19;0.00000000;0.00003644
1939-10-20;0.00000000;0.00003644
1939-10-23;0.00000000;0.00010932
1939-10-24;0.00000000;0.00003644
1939-10-25;0.00000000;0.00003644
1939-10-26;0.00000000;0.00003644
1939-10-27;0.00000000;0.00003644
1939-10-30;0.00000000;0.00010932
1939-10-31;-0.00065000;-0.00061356
1939-11-01;-0.00081778;-0.00078134
1939-11-02;0.00152171;0.00155814
1939-11-03;0.00852862;0.00856506
1939-11-06;-0.01015368;-0.01004436
1939-11-08;-0.00553693;-0.00546405
1939-11-09;-0.01337169;-0.01333525
1939-11-10;0.00473112;0.00476756
1939-11-13;0.00067607;0.00078539
1939-11-14;0.00707627;0.00711271
1939-11-15;-0.00867258;-0.00863614
1939-11-16;0.01262989;0.01266633
1939-11-17;-0.00316580;-0.00312936
1939-11-20;0.00302219;0.00313150
1939-11-21;-0.00707510;-0.00703867
1939-11-22;-0.00161316;-0.00157672
1939-11-24;-0.01506094;-0.01498806
1939-11-27;0.00228685;0.00239617
1939-11-28;-0.00403197;-0.00399553
1939-11-29;-0.01126530;-0.01122886
1939-11-30;-0.01058175;-0.01054531
1939-12-01;0.00733869;0.00737513
1939-12-04;-0.00092874;-0.00081942
1939-12-05;-0.00166702;-0.00163058
1939-12-06;0.01545920;0.01549564
1939-12-07;0.00076486;0.00080130
1939-12-08;-0.00806404;-0.00802760
1939-12-11;-0.01063287;-0.01052355
1939-12-12;-0.00330900;-0.00327256
1939-12-13;0.01554819;0.01558463
1939-12-14;-0.00165387;-0.00161743
1939-12-15;0.00319789;0.00323433
1939-12-18;-0.00253442;-0.00242511
1939-12-19;-0.00246358;-0.00242714
1939-12-20;0.00401351;0.00404995
1939-12-21;-0.00084546;-0.00080902
1939-12-22;0.00480817;0.00484461
1939-12-26;-0.00497658;-0.00483082
1939-12-27;-0.00569264;-0.00565620
1939-12-28;0.00889747;0.00893391
1939-12-29;0.00318226;0.00321869
1940-01-02;0.01349024;0.01363599
1940-01-03;0.01104636;0.01108280
1940-01-04;-0.00317070;-0.00313426
1940-01-05;-0.00553718;-0.00550074
1940-01-08;0.00067482;0.00078414
1940-01-09;-0.00950955;-0.00947311
1940-01-10;0.00155527;0.00159171
1940-01-11;-0.01594926;-0.01591282
1940-01-12;-0.01944013;-0.01940370
1940-01-15;-0.00506148;-0.00495217
1940-01-16;0.00576115;0.00579759
1940-01-17;0.00078537;0.00082181
1940-01-18;-0.00168445;-0.00164801
1940-01-19;0.00161045;0.00164689
1940-01-22;-0.00752248;-0.00741316
1940-01-23;0.00410758;0.00414402
1940-01-24;0.01317387;0.01321030
1940-01-25;-0.00900331;-0.00896687
1940-01-26;-0.00086072;-0.00082429
1940-01-29;0.00070798;0.00081729
1940-01-30;-0.00579494;-0.00575850
1940-01-31;-0.00334688;-0.00331044
1940-02-01;-0.00003836;-0.00000192
1940-02-02;0.00079152;0.00082796
1940-02-05;-0.00177344;-0.00166413
1940-02-06;0.00826729;0.00830373
1940-02-07;0.00655143;0.00658787
1940-02-08;0.01223660;0.01227304
1940-02-09;-0.00003836;-0.00000192
1940-02-13;-0.00338705;-0.00324130
1940-02-14;-0.00409351;-0.00405707
1940-02-15;-0.00003836;-0.00000192
1940-02-16;0.00077598;0.00081241
1940-02-19;-0.00011507;-0.00000575
1940-02-20;0.00484366;0.00488010
1940-02-21;-0.00246751;-0.00243107
1940-02-23;-0.00738191;-0.00730903
1940-02-26;-0.00583870;-0.00572938
1940-02-27;-0.00168309;-0.00164665
1940-02-28;0.00078537;0.00082181
1940-02-29;-0.00168445;-0.00164801
1940-03-01;-0.00580917;-0.00577273
1940-03-04;0.00237249;0.00248181
1940-03-05;0.00492442;0.00496086
1940-03-06;0.00736905;0.00740549
1940-03-07;0.00077864;0.00081508
1940-03-08;-0.00411999;-0.00408355
1940-03-11;0.00316362;0.00327294
1940-03-12;0.00241262;0.00244906
1940-03-13;-0.00166835;-0.00163191
1940-03-14;-0.00248734;-0.00245090
1940-03-15;-0.01231332;-0.01227688
1940-03-18;-0.00591457;-0.00580526
1940-03-19;0.00746164;0.00749808
1940-03-20;0.00409729;0.00413373
1940-03-21;-0.00003836;-0.00000192
1940-03-25;-0.00591949;-0.00577373
1940-03-26;-0.00500936;-0.00497292
1940-03-27;0.01328388;0.01332031
1940-03-28;-0.00250343;-0.00246700
1940-03-29;0.00325654;0.00329298
1940-04-01;0.00234799;0.00245730
1940-04-02;0.00323765;0.00327409
1940-04-03;0.01547185;0.01550829
1940-04-04;0.00639251;0.00642895
1940-04-05;-0.00323324;-0.00319681
1940-04-08;0.00869903;0.00880835
1940-04-09;-0.01036401;-0.01032757
1940-04-10;-0.00886661;-0.00883017
1940-04-11;0.00320051;0.00323695
1940-04-12;-0.00568807;-0.00565164
1940-04-15;-0.00011507;-0.00000575
1940-04-16;-0.01383706;-0.01380062
1940-04-17;0.00078469;0.00082113
1940-04-18;-0.00990678;-0.00987034
1940-04-19;-0.00003836;-0.00000192
1940-04-22;0.00819058;0.00829989
1940-04-23;0.00737515;0.00741159
1940-04-24;-0.00412666;-0.00409023
1940-04-25;0.00078266;0.00081910
1940-04-26;-0.00906215;-0.00902571
1940-04-29;0.00319619;0.00330550
1940-04-30;0.00508722;0.00512366
1940-05-01;0.00000000;0.00003644
1940-05-02;0.00000000;0.00003644
1940-05-03;0.00000000;0.00003644
1940-05-06;0.00000000;0.00010932
1940-05-07;0.00000000;0.00003644
1940-05-08;0.00000000;0.00003644
1940-05-09;0.00000000;0.00003644
1940-05-10;0.00000000;0.00003644
1940-05-13;0.00000000;0.00010932
1940-05-14;0.00000000;0.00003644
1940-05-15;0.00000000;0.00003644
1940-05-16;0.00000000;0.00003644
1940-05-17;0.00000000;0.00003644
1940-05-20;0.00000000;0.00010932
1940-05-21;0.00000000;0.00003644
1940-05-22;0.00000000;0.00003644
1940-05-23;0.00000000;0.00003644
1940-05-24;0.00000000;0.00003644
1940-05-27;0.00000000;0.00010932
1940-05-28;0.00000000;0.00003644
1940-05-29;0.00000000;0.00003644
1940-05-31;0.00000000;0.00007288
1940-06-03;0.00000000;0.00010932
1940-06-04;0.00000000;0.00003644
1940-06-05;0.00000000;0.00003644
1940-06-06;0.00000000;0.00003644
1940-06-07;0.00000000;0.00003644
1940-06-10;0.00000000;0.00010932
1940-06-11;0.00000000;0.00003644
1940-06-12;0.00000000;0.00003644
1940-06-13;0.00000000;0.00003644
1940-06-14;0.00000000;0.00003644
1940-06-17;0.00000000;0.00010932
1940-06-18;0.00000000;0.00003644
1940-06-19;0.00000000;0.00003644
1940-06-20;0.00000000;0.00003644
1940-06-21;0.00000000;0.00003644
1940-06-24;0.00000000;0.00010932
1940-06-25;0.00000000;0.00003644
1940-06-26;0.00000000;0.00003644
1940-06-27;0.00000000;0.00003644
1940-06-28;0.00000000;0.00003644
1940-07-01;0.00000000;0.00010932
1940-07-02;0.00000000;0.00003644
1940-07-03;0.00000000;0.00003644
1940-07-05;0.00000000;0.00007288
1940-07-08;0.00000000;0.00010932
1940-07-09;0.00000000;0.00003644
1940-07-10;0.00000000;0.00003644
1940-07-11;0.00000000;0.00003644
1940-07-12;0.00000000;0.00003644
1940-07-15;0.00000000;0.00010932
1940-07-16;0.00000000;0.00003644
1940-07-17;0.00000000;0.00003644
1940-07-18;0.00000000;0.00003644
1940-07-19;0.00000000;0.00003644
1940-07-22;0.00000000;0.00010932
1940-07-23;0.00000000;0.00003644
1940-07-24;0.00000000;0.00003644
1940-07-25;0.00000000;0.00003644
1940-07-26;0.00000000;0.00003644
1940-07-29;0.00000000;0.00010932
1940-07-30;0.00000000;0.00003644
1940-07-31;0.00000000;0.00003644
1940-08-01;0.00000000;0.00003644
1940-08-02;0.00000000;0.00003644
1940-08-05;0.00000000;0.00010932
1940-08-06;0.00000000;0.00003644
1940-08-07;0.00000000;0.00003644
1940-08-08;0.00000000;0.00003644
1940-08-09;0.00000000;0.00003644
1940-08-12;0.00000000;0.00010932
1940-08-13;0.00000000;0.00003644
1940-08-14;0.00000000;0.00003644
1940-08-15;0.00000000;0.00003644
1940-08-16;0.00000000;0.00003644
1940-08-19;0.00000000;0.00010932
1940-08-20;0.00000000;0.00003644
1940-08-21;0.00000000;0.00003644
1940-08-22;0.00000000;0.00003644
1940-08-23;0.00000000;0.00003644
1940-08-26;0.00000000;0.00010932
1940-08-27;0.00000000;0.00003644
1940-08-28;0.00000000;0.00003644
1940-08-29;0.00000000;0.00003644
1940-08-30;0.00000000;0.00003644
1940-09-03;0.00000000;0.00014575
1940-09-04;0.00000000;0.00003644
1940-09-05;0.00000000;0.00003644
1940-09-06;0.00000000;0.00003644
1940-09-09;0.00000000;0.00010932
1940-09-10;0.00000000;0.00003644
1940-09-11;0.00000000;0.00003644
1940-09-12;0.00000000;0.00003644
1940-09-13;0.00000000;0.00003644
1940-09-16;0.00000000;0.00010932
1940-09-17;0.00000000;0.00003644
1940-09-18;0.00000000;0.00003644
1940-09-19;0.00000000;0.00003644
1940-09-20;0.00000000;0.00003644
1940-09-23;0.00000000;0.00010932
1940-09-24;0.00000000;0.00003644
1940-09-25;0.00000000;0.00003644
1940-09-26;0.00000000;0.00003644
1940-09-27;0.00000000;0.00003644
1940-09-30;0.00000000;0.00010932
1940-10-01;0.00000000;0.00003644
1940-10-02;0.00000000;0.00003644
1940-10-03;0.00000000;0.00003644
1940-10-04;0.00000000;0.00003644
1940-10-07;0.00000000;0.00010932
1940-10-08;0.00000000;0.00003644
1940-10-09;0.00000000;0.00003644
1940-10-10;0.00000000;0.00003644
1940-10-11;0.00000000;0.00003644
1940-10-14;0.00000000;0.00010932
1940-10-15;0.00000000;0.00003644
1940-10-16;0.00000000;0.00003644
1940-10-17;0.00000000;0.00003644
1940-10-18;0.00000000;0.00003644
1940-10-21;0.00000000;0.00010932
1940-10-22;0.00000000;0.00003644
1940-10-23;0.00000000;0.00003644
1940-10-24;0.00000000;0.00003644
1940-10-25;0.00000000;0.00003644
1940-10-28;0.00000000;0.00010932
1940-10-29;0.00000000;0.00003644
1940-10-30;0.00000000;0.00003644
1940-10-31;-0.00065000;-0.00061356
1940-11-01;-0.00003836;-0.00000192
1940-11-04;0.00710515;0.00721446
1940-11-06;-0.03323083;-0.03315796
1940-11-07;0.05556869;0.05560513
1940-11-08;-0.01408577;-0.01404933
1940-11-12;0.01142271;0.01156846
1940-11-13;-0.00884117;-0.00880473
1940-11-14;0.00262594;0.00266238
1940-11-15;-0.01066723;-0.01063079
1940-11-18;-0.01175339;-0.01164407
1940-11-19;0.00086744;0.00090388
1940-11-20;-0.02356777;-0.02353133
1940-11-22;-0.00007671;-0.00000384
1940-11-25;-0.00011507;-0.00000575
1940-11-26;-0.00281871;-0.00278227
1940-11-27;-0.01862572;-0.01858928
1940-11-28;-0.00003836;-0.00000192
1940-11-29;0.00090861;0.00094505
1940-12-02;0.00461530;0.00472462
1940-12-03;-0.00380483;-0.00376840
1940-12-04;-0.00003836;-0.00000192
1940-12-05;-0.00665461;-0.00661817
1940-12-06;0.00186459;0.00190103
1940-12-09;0.00748227;0.00759159
1940-12-10;-0.00003836;-0.00000192
1940-12-11;0.00184666;0.00188310
1940-12-12;0.00372458;0.00376102
1940-12-13;0.00183606;0.00187250
1940-12-16;-0.01040506;-0.01029574
1940-12-17;-0.00381907;-0.00378264
1940-12-18;-0.00952602;-0.00948958
1940-12-19;-0.00386977;-0.00383334
1940-12-20;0.00092318;0.00095962
1940-12-23;-0.00299691;-0.00288760
1940-12-24;0.00188843;0.00192486
1940-12-26;-0.00103825;-0.00096537
1940-12-27;0.00477396;0.00481040
1940-12-30;0.01233704;0.01244635
1940-12-31;0.00090772;0.00094416
1941-01-02;-0.00952851;-0.00945563
1941-01-03;0.02286241;0.02289885
1941-01-06;0.00175060;0.00185992
1941-01-07;0.00089274;0.00092918
1941-01-08;0.00182211;0.00185855
1941-01-09;0.00553267;0.00556911
1941-01-10;0.00273173;0.00276817
1941-01-13;-0.00379831;-0.00368899
1941-01-14;-0.00558364;-0.00554720
1941-01-15;-0.00840267;-0.00836623
1941-01-16;-0.01222205;-0.01218561
1941-01-17;-0.00193589;-0.00189945
1941-01-20;-0.00486792;-0.00475861
1941-01-21;-0.00958945;-0.00955302
1941-01-22;0.00574756;0.00578400
1941-01-23;-0.00099713;-0.00096069
1941-01-24;0.00284072;0.00287716
1941-01-27;0.00371268;0.00382200
1941-01-28;-0.00575809;-0.00572165
1941-01-29;-0.02017258;-0.02013615
1941-01-30;-0.01765088;-0.01761444
1941-01-31;0.00294969;0.00298613
1941-02-03;-0.01103860;-0.01092929
1941-02-04;0.00096566;0.00100210
1941-02-05;0.01801581;0.01805224
1941-02-06;0.00390253;0.00393897
1941-02-07;-0.00298242;-0.00294598
1941-02-10;-0.00109932;-0.00099001
1941-02-11;-0.01678712;-0.01675069
1941-02-13;-0.01410477;-0.01403189
1941-02-14;-0.03154242;-0.03150598
1941-02-17;0.01247675;0.01258606
1941-02-18;-0.00211090;-0.00207446
1941-02-19;-0.00834573;-0.00830929
1941-02-20;0.01776269;0.01779913
1941-02-21;0.00407687;0.00411331
1941-02-24;0.00808165;0.00819097
1941-02-25;0.00910799;0.00914442
1941-02-26;0.00197574;0.00201218
1941-02-27;-0.00707353;-0.00703709
1941-02-28;0.00401023;0.00404667
1941-03-03;-0.01523604;-0.01512672
1941-03-04;0.00507935;0.00511579
1941-03-05;-0.00614834;-0.00611190
1941-03-06;0.01942886;0.01946530
1941-03-07;-0.00506348;-0.00502704
1941-03-10;0.02008695;0.02019627
1941-03-11;-0.00795915;-0.00792271
1941-03-12;-0.00003836;-0.00000192
1941-03-13;-0.00502838;-0.00499194
1941-03-14;0.00096465;0.00100109
1941-03-17;0.00489495;0.00500427
1941-03-18;0.00394968;0.00398612
1941-03-19;-0.00599665;-0.00596021
1941-03-20;0.00096064;0.00099708
1941-03-21;-0.00902039;-0.00898395
1941-03-24;-0.00112212;-0.00101280
1941-03-25;0.00399390;0.00403034
1941-03-26;-0.00305040;-0.00301397
1941-03-27;0.00801804;0.00805448
1941-03-28;-0.00703136;-0.00699492
1941-03-31;0.00189700;0.00200632
1941-04-01;0.00096566;0.00100210
1941-04-02;0.00397368;0.00401012
1941-04-03;0.01494666;0.01498310
1941-04-04;-0.00200686;-0.00197042
1941-04-07;-0.00899081;-0.00888149
1941-04-08;-0.02093388;-0.02089744
1941-04-09;-0.01426600;-0.01422956
1941-04-10;-0.00106928;-0.00103285
1941-04-14;-0.00737737;-0.00723161
1941-04-15;-0.00315686;-0.00312042
1941-04-16;-0.00003836;-0.00000192
1941-04-17;-0.00525212;-0.00521568
1941-04-18;-0.01471341;-0.01467697
1941-04-21;-0.00330656;-0.00319724
1941-04-22;-0.00537454;-0.00533810
1941-04-23;0.01176422;0.01180066
1941-04-24;0.00420343;0.00423986
1941-04-25;-0.00743012;-0.00739368
1941-04-28;0.00201259;0.00212191
1941-04-29;0.00208479;0.00212122
1941-04-30;-0.01445954;-0.01442310
1941-05-01;0.00000000;0.00003644
1941-05-02;0.00000000;0.00003644
1941-05-05;0.00000000;0.00010932
1941-05-06;0.00000000;0.00003644
1941-05-07;0.00000000;0.00003644
1941-05-08;0.00000000;0.00003644
1941-05-09;0.00000000;0.00003644
1941-05-12;0.00000000;0.00010932
1941-05-13;0.00000000;0.00003644
1941-05-14;0.00000000;0.00003644
1941-05-15;0.00000000;0.00003644
1941-05-16;0.00000000;0.00003644
1941-05-19;0.00000000;0.00010932
1941-05-20;0.00000000;0.00003644
1941-05-21;0.00000000;0.00003644
1941-05-22;0.00000000;0.00003644
1941-05-23;0.00000000;0.00003644
1941-05-26;0.00000000;0.00010932
1941-05-27;0.00000000;0.00003644
1941-05-28;0.00000000;0.00003644
1941-05-29;0.00000000;0.00003644
1941-06-02;0.00000000;0.00014575
1941-06-03;0.00000000;0.00003644
1941-06-04;0.00000000;0.00003644
1941-06-05;0.00000000;0.00003644
1941-06-06;0.00000000;0.00003644
1941-06-09;0.00000000;0.00010932
1941-06-10;0.00000000;0.00003644
1941-06-11;0.00000000;0.00003644
1941-06-12;0.00000000;0.00003644
1941-06-13;0.00000000;0.00003644
1941-06-16;0.00000000;0.00010932
1941-06-17;0.00000000;0.00003644
1941-06-18;0.00000000;0.00003644
1941-06-19;0.00000000;0.00003644
1941-06-20;0.00000000;0.00003644
1941-06-23;0.00000000;0.00010932
1941-06-24;0.00000000;0.00003644
1941-06-25;0.00000000;0.00003644
1941-06-26;0.00000000;0.00003644
1941-06-27;0.00000000;0.00003644
1941-06-30;0.00000000;0.00010932
1941-07-01;0.00000000;0.00003644
1941-07-02;0.00000000;0.00003644
1941-07-03;0.00000000;0.00003644
1941-07-07;0.00000000;0.00014575
1941-07-08;0.00000000;0.00003644
1941-07-09;0.00000000;0.00003644
1941-07-10;0.00000000;0.00003644
1941-07-11;0.00000000;0.00003644
1941-07-14;0.00000000;0.00010932
1941-07-15;0.00000000;0.00003644
1941-07-16;0.00000000;0.00003644
1941-07-17;0.00000000;0.00003644
1941-07-18;0.00000000;0.00003644
1941-07-21;0.00000000;0.00010932
1941-07-22;0.00000000;0.00003644
1941-07-23;0.00000000;0.00003644
1941-07-24;0.00000000;0.00003644
1941-07-25;0.00000000;0.00003644
1941-07-28;0.00000000;0.00010932
1941-07-29;0.00000000;0.00003644
1941-07-30;0.00000000;0.00003644
1941-07-31;0.00000000;0.00003644
1941-08-01;0.00000000;0.00003644
1941-08-04;0.00000000;0.00010932
1941-08-05;0.00000000;0.00003644
1941-08-06;0.00000000;0.00003644
1941-08-07;0.00000000;0.00003644
1941-08-08;0.00000000;0.00003644
1941-08-11;0.00000000;0.00010932
1941-08-12;0.00000000;0.00003644
1941-08-13;0.00000000;0.00003644
1941-08-14;0.00000000;0.00003644
1941-08-15;0.00000000;0.00003644
1941-08-18;0.00000000;0.00010932
1941-08-19;0.00000000;0.00003644
1941-08-20;0.00000000;0.00003644
1941-08-21;0.00000000;0.00003644
1941-08-22;0.00000000;0.00003644
1941-08-25;0.00000000;0.00010932
1941-08-26;0.00000000;0.00003644
1941-08-27;0.00000000;0.00003644
1941-08-28;0.00000000;0.00003644
1941-08-29;0.00000000;0.00003644
1941-09-02;0.00000000;0.00014575
1941-09-03;0.00000000;0.00003644
1941-09-04;0.00000000;0.00003644
1941-09-05;0.00000000;0.00003644
1941-09-08;0.00000000;0.00010932
1941-09-09;0.00000000;0.00003644
1941-09-10;0.00000000;0.00003644
1941-09-11;0.00000000;0.00003644
1941-09-12;0.00000000;0.00003644
1941-09-15;0.00000000;0.00010932
1941-09-16;0.00000000;0.00003644
1941-09-17;0.00000000;0.00003644
1941-09-18;0.00000000;0.00003644
1941-09-19;0.00000000;0.00003644
1941-09-22;0.00000000;0.00010932
1941-09-23;0.00000000;0.00003644
1941-09-24;0.00000000;0.00003644
1941-09-25;0.00000000;0.00003644
1941-09-26;0.00000000;0.00003644
1941-09-29;0.00000000;0.00010932
1941-09-30;0.00000000;0.00003644
1941-10-01;0.00000000;0.00003644
1941-10-02;0.00000000;0.00003644
1941-10-03;0.00000000;0.00003644
1941-10-06;0.00000000;0.00010932
1941-10-07;0.00000000;0.00003644
1941-10-08;0.00000000;0.00003644
1941-10-09;0.00000000;0.00003644
1941-10-10;0.00000000;0.00003644
1941-10-14;0.00000000;0.00014575
1941-10-15;0.00000000;0.00003644
1941-10-16;0.00000000;0.00003644
1941-10-17;0.00000000;0.00003644
1941-10-20;0.00000000;0.00010932
1941-10-21;0.00000000;0.00003644
1941-10-22;0.00000000;0.00003644
1941-10-23;0.00000000;0.00003644
1941-10-24;0.00000000;0.00003644
1941-10-27;0.00000000;0.00010932
1941-10-28;0.00000000;0.00003644
1941-10-29;0.00000000;0.00003644
1941-10-30;0.00000000;0.00003644
1941-10-31;-0.00065000;-0.00061356
1941-11-03;0.00935862;0.00946793
1941-11-05;0.00722256;0.00729543
1941-11-06;-0.00831993;-0.00828349
1941-11-07;-0.00316988;-0.00313344
1941-11-10;-0.00744491;-0.00733560
1941-11-12;-0.02328346;-0.02321059
1941-11-13;-0.00543792;-0.00540149
1941-11-14;0.00973363;0.00977007
1941-11-17;-0.00226561;-0.00215629
1941-11-18;-0.00219353;-0.00215709
1941-11-19;0.00860095;0.00863739
1941-11-21;0.00420594;0.00427882
1941-11-24;0.00201713;0.00212644
1941-11-25;-0.00535751;-0.00532107
1941-11-26;-0.00859451;-0.00855807
1941-11-27;-0.00651085;-0.00647441
1941-11-28;-0.00981034;-0.00977390
1941-12-01;-0.00559752;-0.00548821
1941-12-02;0.02090982;0.02094626
1941-12-03;0.01076078;0.01079722
1941-12-04;0.00209840;0.00213483
1941-12-05;-0.00643494;-0.00639851
1941-12-08;-0.03766872;-0.03755940
1941-12-09;-0.03236835;-0.03233191
1941-12-10;-0.00003836;-0.00000192
1941-12-11;0.01609068;0.01612711
1941-12-12;-0.01024244;-0.01020600
1941-12-15;-0.00011507;-0.00000575
1941-12-16;-0.00232931;-0.00229287
1941-12-17;-0.01611183;-0.01607540
1941-12-18;-0.00937325;-0.00933681
1941-12-19;-0.00003836;-0.00000192
1941-12-22;-0.01071578;-0.01060646
1941-12-23;-0.00241931;-0.00238287
1941-12-24;0.00115496;0.00119140
1941-12-26;0.00349897;0.00357185
1941-12-29;-0.00605331;-0.00594400
1941-12-30;0.04416714;0.04420358
1941-12-31;-0.00575918;-0.00572274
1942-01-02;0.02293825;0.02301112
1942-01-05;0.02238212;0.02249143
1942-01-06;-0.00443880;-0.00440236
1942-01-07;-0.00556322;-0.00552678
1942-01-08;-0.01337169;-0.01333525
1942-01-09;-0.00341673;-0.00338030
1942-01-12;-0.00124501;-0.00113570
1942-01-13;0.02032363;0.02036007
1942-01-14;-0.00003836;-0.00000192
1942-01-15;0.00217894;0.00221538
1942-01-16;-0.00888791;-0.00885148
1942-01-19;-0.00011507;-0.00000575
1942-01-20;-0.00227050;-0.00223406
1942-01-21;-0.01457974;-0.01454330
1942-01-22;-0.00003836;-0.00000192
1942-01-23;0.00336687;0.00340330
1942-01-26;0.01459081;0.01470013
1942-01-27;0.00219130;0.00222774
1942-01-28;-0.00671244;-0.00667600
1942-01-29;-0.00227800;-0.00224156
1942-01-30;-0.00677236;-0.00673592
1942-02-02;-0.00124501;-0.00113570
1942-02-03;0.00674897;0.00678541
1942-02-04;0.00782681;0.00786325
1942-02-05;-0.00226801;-0.00223157
1942-02-06;-0.01121154;-0.01117510
1942-02-09;-0.01254445;-0.01243513
1942-02-10;-0.01376833;-0.01373189
1942-02-11;-0.00235854;-0.00232210
1942-02-13;0.00224887;0.00232175
1942-02-16;0.00336521;0.00347452
1942-02-17;-0.01853547;-0.01849903
1942-02-18;-0.00121621;-0.00117977
1942-02-19;0.00232013;0.00235657
1942-02-20;-0.00356777;-0.00353133
1942-02-24;0.00574976;0.00589552
1942-02-25;-0.00708061;-0.00704417
1942-02-26;0.00705384;0.00709028
1942-02-27;0.00817761;0.00821404
1942-03-02;-0.01408480;-0.01397549
1942-03-03;0.01530993;0.01534637
1942-03-04;-0.01050347;-0.01046703
1942-03-05;-0.01531450;-0.01527806
1942-03-06;-0.02629134;-0.02625490
1942-03-09;0.00478689;0.00489621
1942-03-10;-0.00735543;-0.00731899
1942-03-11;-0.01969438;-0.01965794
1942-03-12;-0.00003836;-0.00000192
1942-03-13;0.00622731;0.00626375
1942-03-16;0.01109290;0.01120222
1942-03-17;0.02089760;0.02093404
1942-03-18;-0.00968854;-0.00965210
1942-03-19;-0.00125638;-0.00121994
1942-03-20;-0.01101397;-0.01097753
1942-03-23;0.00481711;0.00492643
1942-03-24;0.00855060;0.00858704
1942-03-25;-0.00733763;-0.00730119
1942-03-26;-0.00371483;-0.00367839
1942-03-27;-0.00987845;-0.00984202
1942-03-30;0.00112717;0.00123648
1942-03-31;-0.00624183;-0.00620539
1942-04-01;0.00495540;0.00499184
1942-04-02;0.00741506;0.00745150
1942-04-06;0.01094399;0.01108974
1942-04-07;-0.00491640;-0.00487997
1942-04-08;-0.00494032;-0.00490388
1942-04-09;-0.01604821;-0.01601177
1942-04-10;-0.00128992;-0.00125348
1942-04-13;-0.00262133;-0.00251202
1942-04-14;-0.01637001;-0.01633358
1942-04-15;-0.00259263;-0.00255620
1942-04-16;0.00124205;0.00127849
1942-04-17;-0.01538362;-0.01534719
1942-04-20;0.01157324;0.01168256
1942-04-21;0.00252904;0.00256548
1942-04-22;-0.00259918;-0.00256274
1942-04-23;-0.02571230;-0.02567586
1942-04-24;-0.00530845;-0.00527201
1942-04-27;-0.00143957;-0.00133026
1942-04-28;-0.00932218;-0.00928574
1942-04-29;0.01870328;0.01873972
1942-04-30;0.00588195;0.00591838
1942-05-01;0.00000000;0.00003644
1942-05-04;0.00000000;0.00010932
1942-05-05;0.00000000;0.00003644
1942-05-06;0.00000000;0.00003644
1942-05-07;0.00000000;0.00003644
1942-05-08;0.00000000;0.00003644
1942-05-11;0.00000000;0.00010932
1942-05-12;0.00000000;0.00003644
1942-05-13;0.00000000;0.00003644
1942-05-14;0.00000000;0.00003644
1942-05-15;0.00000000;0.00003644
1942-05-18;0.00000000;0.00010932
1942-05-19;0.00000000;0.00003644
1942-05-20;0.00000000;0.00003644
1942-05-21;0.00000000;0.00003644
1942-05-22;0.00000000;0.00003644
1942-05-25;0.00000000;0.00010932
1942-05-26;0.00000000;0.00003644
1942-05-27;0.00000000;0.00003644
1942-05-28;0.00000000;0.00003644
1942-05-29;0.00000000;0.00003644
1942-06-01;0.00000000;0.00010932
1942-06-02;0.00000000;0.00003644
1942-06-03;0.00000000;0.00003644
1942-06-04;0.00000000;0.00003644
1942-06-05;0.00000000;0.00003644
1942-06-08;0.00000000;0.00010932
1942-06-09;0.00000000;0.00003644
1942-06-10;0.00000000;0.00003644
1942-06-11;0.00000000;0.00003644
1942-06-12;0.00000000;0.00003644
1942-06-15;0.00000000;0.00010932
1942-06-16;0.00000000;0.00003644
1942-06-17;0.00000000;0.00003644
1942-06-18;0.00000000;0.00003644
1942-06-19;0.00000000;0.00003644
1942-06-22;0.00000000;0.00010932
1942-06-23;0.00000000;0.00003644
1942-06-24;0.00000000;0.00003644
1942-06-25;0.00000000;0.00003644
1942-06-26;0.00000000;0.00003644
1942-06-29;0.00000000;0.00010932
1942-06-30;0.00000000;0.00003644
1942-07-01;0.00000000;0.00003644
1942-07-02;0.00000000;0.00003644
1942-07-03;0.00000000;0.00003644
1942-07-06;0.00000000;0.00010932
1942-07-07;0.00000000;0.00003644
1942-07-08;0.00000000;0.00003644
1942-07-09;0.00000000;0.00003644
1942-07-10;0.00000000;0.00003644
1942-07-13;0.00000000;0.00010932
1942-07-14;0.00000000;0.00003644
1942-07-15;0.00000000;0.00003644
1942-07-16;0.00000000;0.00003644
1942-07-17;0.00000000;0.00003644
1942-07-20;0.00000000;0.00010932
1942-07-21;0.00000000;0.00003644
1942-07-22;0.00000000;0.00003644
1942-07-23;0.00000000;0.00003644
1942-07-24;0.00000000;0.00003644
1942-07-27;0.00000000;0.00010932
1942-07-28;0.00000000;0.00003644
1942-07-29;0.00000000;0.00003644
1942-07-30;0.00000000;0.00003644
1942-07-31;0.00000000;0.00003644
1942-08-03;0.00000000;0.00010932
1942-08-04;0.00000000;0.00003644
1942-08-05;0.00000000;0.00003644
1942-08-06;0.00000000;0.00003644
1942-08-07;0.00000000;0.00003644
1942-08-10;0.00000000;0.00010932
1942-08-11;0.00000000;0.00003644
1942-08-12;0.00000000;0.00003644
1942-08-13;0.00000000;0.00003644
1942-08-14;0.00000000;0.00003644
1942-08-17;0.00000000;0.00010932
1942-08-18;0.00000000;0.00003644
1942-08-19;0.00000000;0.00003644
1942-08-20;0.00000000;0.00003644
1942-08-21;0.00000000;0.00003644
1942-08-24;0.00000000;0.00010932
1942-08-25;0.00000000;0.00003644
1942-08-26;0.00000000;0.00003644
1942-08-27;0.00000000;0.00003644
1942-08-28;0.00000000;0.00003644
1942-08-31;0.00000000;0.00010932
1942-09-01;0.00000000;0.00003644
1942-09-02;0.00000000;0.00003644
1942-09-03;0.00000000;0.00003644
1942-09-04;0.00000000;0.00003644
1942-09-08;0.00000000;0.00014575
1942-09-09;0.00000000;0.00003644
1942-09-10;0.00000000;0.00003644
1942-09-11;0.00000000;0.00003644
1942-09-14;0.00000000;0.00010932
1942-09-15;0.00000000;0.00003644
1942-09-16;0.00000000;0.00003644
1942-09-17;0.00000000;0.00003644
1942-09-18;0.00000000;0.00003644
1942-09-21;0.00000000;0.00010932
1942-09-22;0.00000000;0.00003644
1942-09-23;0.00000000;0.00003644
1942-09-24;0.00000000;0.00003644
1942-09-25;0.00000000;0.00003644
1942-09-28;0.00000000;0.00010932
1942-09-29;0.00000000;0.00003644
1942-09-30;0.00000000;0.00003644
1942-10-01;0.00000000;0.00003644
1942-10-02;0.00000000;0.00003644
1942-10-05;0.00000000;0.00010932
1942-10-06;0.00000000;0.00003644
1942-10-07;0.00000000;0.00003644
1942-10-08;0.00000000;0.00003644
1942-10-09;0.00000000;0.00003644
1942-10-13;0.00000000;0.00014575
1942-10-14;0.00000000;0.00003644
1942-10-15;0.00000000;0.00003644
1942-10-16;0.00000000;0.00003644
1942-10-19;0.00000000;0.00010932
1942-10-20;0.00000000;0.00003644
1942-10-21;0.00000000;0.00003644
1942-10-22;0.00000000;0.00003644
1942-10-23;0.00000000;0.00003644
1942-10-26;0.00000000;0.00010932
1942-10-27;0.00000000;0.00003644
1942-10-28;0.00000000;0.00003644
1942-10-29;0.00000000;0.00003644
1942-10-30;-0.00065000;-0.00061356
1942-11-02;0.01270544;0.01281476
1942-11-04;-0.00429612;-0.00422324
1942-11-05;0.00208029;0.00211673
1942-11-06;0.01264663;0.01268307
1942-11-09;0.01136719;0.01147650
1942-11-10;-0.00829429;-0.00825785
1942-11-12;0.00200445;0.00207733
1942-11-13;-0.00626889;-0.00623245
1942-11-16;-0.00951946;-0.00941014
1942-11-17;-0.01269658;-0.01266015
1942-11-18;0.00423515;0.00427159
1942-11-19;-0.00110219;-0.00106575
1942-11-20;0.00954631;0.00958275
1942-11-23;-0.01171844;-0.01160913
1942-11-24;-0.00217283;-0.00213639
1942-11-25;-0.00431643;-0.00427999
1942-11-27;0.00314563;0.00321851
1942-11-30;-0.00546839;-0.00535907
1942-12-01;-0.00111478;-0.00107834
1942-12-02;0.00319440;0.00323084
1942-12-03;0.00318399;0.00322042
1942-12-04;-0.00003836;-0.00000192
1942-12-07;-0.00439772;-0.00428841
1942-12-08;0.00641326;0.00644970
1942-12-09;-0.00003836;-0.00000192
1942-12-10;0.00103002;0.00106646
1942-12-11;-0.00003836;-0.00000192
1942-12-14;0.00522111;0.00533043
1942-12-15;0.00208479;0.00212122
1942-12-16;0.00843622;0.00847266
1942-12-17;0.01781879;0.01785523
1942-12-18;-0.00107035;-0.00103391
1942-12-21;-0.00011507;-0.00000575
1942-12-22;-0.00107141;-0.00103498
1942-12-23;0.00306402;0.00310046
1942-12-24;0.00408536;0.00412179
1942-12-28;-0.00939367;-0.00924792
1942-12-29;-0.00003836;-0.00000192
1942-12-30;0.01136061;0.01139705
1942-12-31;0.00098623;0.00102267
1943-01-04;0.01519970;0.01534545
1943-01-05;-0.00205449;-0.00201805
1943-01-06;-0.00104846;-0.00101202
1943-01-07;0.00198389;0.00202033
1943-01-08;0.00097073;0.00100716
1943-01-11;0.00391719;0.00402650
1943-01-12;-0.00305040;-0.00301397
1943-01-13;0.00197574;0.00201218
1943-01-14;0.00599179;0.00602823
1943-01-15;0.00795365;0.00799009
1943-01-18;0.00285817;0.00296749
1943-01-19;-0.00991978;-0.00988334
1943-01-20;0.00095965;0.00099609
1943-01-21;0.01491678;0.01495322
1943-01-22;-0.00102067;-0.00098424
1943-01-25;0.01266763;0.01277694
1943-01-26;0.00481601;0.00485245
1943-01-27;-0.00100454;-0.00096810
1943-01-28;0.00092876;0.00096520
1943-01-29;0.00865730;0.00869373
1943-02-01;0.00754777;0.00765708
1943-02-02;-0.00003836;-0.00000192
1943-02-03;-0.00764292;-0.00760648
1943-02-04;-0.00099621;-0.00095977
1943-02-05;0.00763183;0.00766826
1943-02-08;-0.00106654;-0.00095723
1943-02-09;0.00758069;0.00761713
1943-02-10;0.00657790;0.00661434
1943-02-11;0.00183958;0.00187602
1943-02-15;0.01296748;0.01311323
1943-02-16;-0.00188849;-0.00185206
1943-02-17;0.00181521;0.00185165
1943-02-18;-0.01391440;-0.01387796
1943-02-19;-0.00191453;-0.00187809
1943-02-23;0.01864357;0.01878932
1943-02-24;0.00549670;0.00553314
1943-02-25;0.00638366;0.00642010
1943-02-26;-0.00003836;-0.00000192
1943-03-01;-0.00467295;-0.00456364
1943-03-02;-0.00736436;-0.00732793
1943-03-03;0.01287677;0.01291321
1943-03-04;0.00178314;0.00181958
1943-03-05;0.00450710;0.00454354
1943-03-08;-0.00373498;-0.00362566
1943-03-09;-0.00548795;-0.00545151
1943-03-10;-0.00460457;-0.00456813
1943-03-11;0.01005339;0.01008983
1943-03-12;0.00359470;0.00363114
1943-03-15;-0.00102005;-0.00091073
1943-03-16;-0.00275575;-0.00271931
1943-03-17;-0.00730448;-0.00726804
1943-03-18;-0.00186818;-0.00183174
1943-03-19;-0.00278813;-0.00275169
1943-03-22;0.00356140;0.00367072
1943-03-23;0.00270890;0.00274533
1943-03-24;0.00270137;0.00273781
1943-03-25;0.02090882;0.02094526
1943-03-26;0.00799019;0.00802663
1943-03-29;0.01669909;0.01680841
1943-03-30;0.00866486;0.00870130
1943-03-31;-0.00090117;-0.00086473
1943-04-01;0.00082520;0.00086164
1943-04-02;-0.00262679;-0.00259036
1943-04-05;0.00248009;0.00258940
1943-04-06;0.01462946;0.01466590
1943-04-07;-0.00514040;-0.00510396
1943-04-08;-0.00858536;-0.00854893
1943-04-09;-0.03969353;-0.03965709
1943-04-12;0.00078260;0.00089191
1943-04-13;-0.00093522;-0.00089878
1943-04-14;0.01252897;0.01256541
1943-04-15;0.00705384;0.00709028
1943-04-16;-0.00267920;-0.00264276
1943-04-19;0.00429799;0.00440731
1943-04-20;-0.00355329;-0.00351686
1943-04-21;0.00966182;0.00969826
1943-04-22;0.00258173;0.00261817
1943-04-26;-0.00015342;-0.00000767
1943-04-27;-0.00003836;-0.00000192
1943-04-28;-0.00003836;-0.00000192
1943-04-29;0.00954353;0.00957996
1943-04-30;-0.00068836;-0.00065192
1943-05-03;0.00000000;0.00010932
1943-05-04;0.00000000;0.00003644
1943-05-05;0.00000000;0.00003644
1943-05-06;0.00000000;0.00003644
1943-05-07;0.00000000;0.00003644
1943-05-10;0.00000000;0.00010932
1943-05-11;0.00000000;0.00003644
1943-05-12;0.00000000;0.00003644
1943-05-13;0.00000000;0.00003644
1943-05-14;0.00000000;0.00003644
1943-05-17;0.00000000;0.00010932
1943-05-18;0.00000000;0.00003644
1943-05-19;0.00000000;0.00003644
1943-05-20;0.00000000;0.00003644
1943-05-21;0.00000000;0.00003644
1943-05-24;0.00000000;0.00010932
1943-05-25;0.00000000;0.00003644
1943-05-26;0.00000000;0.00003644
1943-05-27;0.00000000;0.00003644
1943-05-28;0.00000000;0.00003644
1943-06-01;0.00000000;0.00014575
1943-06-02;0.00000000;0.00003644
1943-06-03;0.00000000;0.00003644
1943-06-04;0.00000000;0.00003644
1943-06-07;0.00000000;0.00010932
1943-06-08;0.00000000;0.00003644
1943-06-09;0.00000000;0.00003644
1943-06-10;0.00000000;0.00003644
1943-06-11;0.00000000;0.00003644
1943-06-14;0.00000000;0.00010932
1943-06-15;0.00000000;0.00003644
1943-06-16;0.00000000;0.00003644
1943-06-17;0.00000000;0.00003644
1943-06-18;0.00000000;0.00003644
1943-06-21;0.00000000;0.00010932
1943-06-22;0.00000000;0.00003644
1943-06-23;0.00000000;0.00003644
1943-06-24;0.00000000;0.00003644
1943-06-25;0.00000000;0.00003644
1943-06-28;0.00000000;0.00010932
1943-06-29;0.00000000;0.00003644
1943-06-30;0.00000000;0.00003644
1943-07-01;0.00000000;0.00003644
1943-07-02;0.00000000;0.00003644
1943-07-06;0.00000000;0.00014575
1943-07-07;0.00000000;0.00003644
1943-07-08;0.00000000;0.00003644
1943-07-09;0.00000000;0.00003644
1943-07-12;0.00000000;0.00010932
1943-07-13;0.00000000;0.00003644
1943-07-14;0.00000000;0.00003644
1943-07-15;0.00000000;0.00003644
1943-07-16;0.00000000;0.00003644
1943-07-19;0.00000000;0.00010932
1943-07-20;0.00000000;0.00003644
1943-07-21;0.00000000;0.00003644
1943-07-22;0.00000000;0.00003644
1943-07-23;0.00000000;0.00003644
1943-07-26;0.00000000;0.00010932
1943-07-27;0.00000000;0.00003644
1943-07-28;0.00000000;0.00003644
1943-07-29;0.00000000;0.00003644
1943-07-30;0.00000000;0.00003644
1943-08-02;0.00000000;0.00010932
1943-08-03;0.00000000;0.00003644
1943-08-04;0.00000000;0.00003644
1943-08-05;0.00000000;0.00003644
1943-08-06;0.00000000;0.00003644
1943-08-09;0.00000000;0.00010932
1943-08-10;0.00000000;0.00003644
1943-08-11;0.00000000;0.00003644
1943-08-12;0.00000000;0.00003644
1943-08-13;0.00000000;0.00003644
1943-08-16;0.00000000;0.00010932
1943-08-17;0.00000000;0.00003644
1943-08-18;0.00000000;0.00003644
1943-08-19;0.00000000;0.00003644
1943-08-20;0.00000000;0.00003644
1943-08-23;0.00000000;0.00010932
1943-08-24;0.00000000;0.00003644
1943-08-25;0.00000000;0.00003644
1943-08-26;0.00000000;0.00003644
1943-08-27;0.00000000;0.00003644
1943-08-30;0.00000000;0.00010932
1943-08-31;0.00000000;0.00003644
1943-09-01;0.00000000;0.00003644
1943-09-02;0.00000000;0.00003644
1943-09-03;0.00000000;0.00003644
1943-09-07;0.00000000;0.00014575
1943-09-08;0.00000000;0.00003644
1943-09-09;0.00000000;0.00003644
1943-09-10;0.00000000;0.00003644
1943-09-13;0.00000000;0.00010932
1943-09-14;0.00000000;0.00003644
1943-09-15;0.00000000;0.00003644
1943-09-16;0.00000000;0.00003644
1943-09-17;0.00000000;0.00003644
1943-09-20;0.00000000;0.00010932
1943-09-21;0.00000000;0.00003644
1943-09-22;0.00000000;0.00003644
1943-09-23;0.00000000;0.00003644
1943-09-24;0.00000000;0.00003644
1943-09-27;0.00000000;0.00010932
1943-09-28;0.00000000;0.00003644
1943-09-29;0.00000000;0.00003644
1943-09-30;0.00000000;0.00003644
1943-10-01;0.00000000;0.00003644
1943-10-04;0.00000000;0.00010932
1943-10-05;0.00000000;0.00003644
1943-10-06;0.00000000;0.00003644
1943-10-07;0.00000000;0.00003644
1943-10-08;0.00000000;0.00003644
1943-10-11;0.00000000;0.00010932
1943-10-13;0.00000000;0.00007288
1943-10-14;0.00000000;0.00003644
1943-10-15;0.00000000;0.00003644
1943-10-18;0.00000000;0.00010932
1943-10-19;0.00000000;0.00003644
1943-10-20;0.00000000;0.00003644
1943-10-21;0.00000000;0.00003644
1943-10-22;0.00000000;0.00003644
1943-10-25;0.00000000;0.00010932
1943-10-26;0.00000000;0.00003644
1943-10-27;0.00000000;0.00003644
1943-10-28;0.00000000;0.00003644
1943-10-29;-0.00065000;-0.00061356
1943-11-01;0.00072456;0.00083388
1943-11-03;-0.01182168;-0.01174880
1943-11-04;-0.00852732;-0.00849088
1943-11-05;-0.00774384;-0.00770740
1943-11-08;-0.02858789;-0.02847857
1943-11-09;0.00351404;0.00355048
1943-11-10;0.00969616;0.00973260
1943-11-12;-0.01059380;-0.01052093
1943-11-15;-0.00365803;-0.00354871
1943-11-16;-0.00448280;-0.00444636
1943-11-17;-0.00628836;-0.00625192
1943-11-18;0.00265706;0.00269350
1943-11-19;0.01250645;0.01254289
1943-11-22;0.00342475;0.00353407
1943-11-23;-0.00356569;-0.00352925
1943-11-24;-0.00534809;-0.00531165
1943-11-26;-0.00808383;-0.00801095
1943-11-29;-0.01446484;-0.01435553
1943-11-30;0.00269140;0.00272784
1943-12-01;0.00994350;0.00997993
1943-12-02;0.00804790;0.00808434
1943-12-03;0.00085291;0.00088935
1943-12-06;0.00433729;0.00444661
1943-12-07;0.00882689;0.00886333
1943-12-08;0.01050646;0.01054290
1943-12-09;-0.00612531;-0.00608887
1943-12-10;0.00521099;0.00524743
1943-12-13;-0.00098539;-0.00087608
1943-12-14;-0.00265160;-0.00261516
1943-12-15;-0.00091172;-0.00087528
1943-12-16;0.00520640;0.00524284
1943-12-17;0.00517904;0.00521547
1943-12-20;0.00680535;0.00691466
1943-12-21;-0.00261568;-0.00257924
1943-12-22;-0.00089968;-0.00086324
1943-12-23;-0.00090043;-0.00086399
1943-12-24;0.00168727;0.00172371
1943-12-27;-0.00183772;-0.00172841
1943-12-28;-0.00952930;-0.00949286
1943-12-29;-0.00003836;-0.00000192
1943-12-30;0.01825433;0.01829077
1943-12-31;-0.00174922;-0.00171278
1944-01-03;-0.00097197;-0.00086265
1944-01-04;0.01282614;0.01286258
1944-01-05;0.01096926;0.01100570
1944-01-06;-0.00422596;-0.00418952
1944-01-07;-0.00172044;-0.00168400
1944-01-10;-0.00179999;-0.00169067
1944-01-11;0.00586882;0.00590526
1944-01-12;-0.00674977;-0.00671333
1944-01-13;-0.00257214;-0.00253570
1944-01-14;0.00419534;0.00423178
1944-01-17;0.00325761;0.00336693
1944-01-18;-0.00255936;-0.00252293
1944-01-19;0.00080410;0.00084054
1944-01-20;-0.00003836;-0.00000192
1944-01-21;0.00164515;0.00168158
1944-01-24;-0.00095540;-0.00084609
1944-01-25;-0.00087940;-0.00084296
1944-01-26;-0.01013937;-0.01010293
1944-01-27;-0.00173904;-0.00170260
1944-01-28;0.00592417;0.00596060
1944-01-31;0.00327189;0.00338121
1944-02-01;-0.00172612;-0.00168968
1944-02-02;-0.00257428;-0.00253784
1944-02-03;-0.00851293;-0.00847649
1944-02-04;-0.00858536;-0.00854893
1944-02-07;-0.00356334;-0.00345403
1944-02-08;0.00947721;0.00951365
1944-02-09;-0.00003836;-0.00000192
1944-02-10;0.00681683;0.00685327
1944-02-11;-0.00088942;-0.00085298
1944-02-14;-0.00011507;-0.00000575
1944-02-15;0.00677595;0.00681239
1944-02-16;-0.00257643;-0.00253999
1944-02-17;0.00674706;0.00678349
1944-02-18;-0.00762050;-0.00758406
1944-02-21;-0.00181286;-0.00170355
1944-02-23;0.00842669;0.00849957
1944-02-24;0.00164798;0.00168442
1944-02-25;-0.00677236;-0.00673592
1944-02-28;0.00751205;0.00762137
1944-02-29;-0.00592566;-0.00588922
1944-03-01;0.00419176;0.00422820
1944-03-02;0.00080410;0.00084054
1944-03-03;0.00164515;0.00168158
1944-03-06;0.00240594;0.00251525
1944-03-07;0.00666743;0.00670387
1944-03-08;0.00828804;0.00832448
1944-03-09;-0.00251565;-0.00247921
1944-03-10;0.00161727;0.00165371
1944-03-13;0.01145518;0.01156449
1944-03-14;-0.00167234;-0.00163590
1944-03-15;0.00487163;0.00490807
1944-03-16;0.00077598;0.00081241
1944-03-17;0.00158898;0.00162542
1944-03-20;-0.00905089;-0.00894158
1944-03-21;0.00406000;0.00409644
1944-03-22;-0.00167101;-0.00163457
1944-03-23;-0.01066796;-0.01063152
1944-03-24;0.00244098;0.00247742
1944-03-27;-0.00258828;-0.00247896
1944-03-28;-0.00995571;-0.00991927
1944-03-29;-0.00254253;-0.00250609
1944-03-30;0.00665620;0.00669264
1944-03-31;-0.00086961;-0.00083317
1944-04-03;-0.00510675;-0.00499743
1944-04-04;0.00079776;0.00083420
1944-04-05;0.00079707;0.00083350
1944-04-06;0.00496999;0.00500643
1944-04-10;0.00150770;0.00165346
1944-04-11;-0.00003836;-0.00000192
1944-04-12;-0.00667186;-0.00663542
1944-04-13;-0.00254253;-0.00250609
1944-04-14;-0.00003836;-0.00000192
1944-04-17;-0.00095189;-0.00084257
1944-04-18;-0.01762630;-0.01758986
1944-04-19;-0.00344842;-0.00341198
1944-04-20;0.00766053;0.00769697
1944-04-21;0.00165944;0.00169588
1944-04-24;-0.01113202;-0.01102270
1944-04-25;0.00167544;0.00171188
1944-04-26;0.00594967;0.00598611
1944-04-27;0.00421334;0.00424978
1944-04-28;0.00439208;0.00442852
1944-05-01;0.00000000;0.00010932
1944-05-02;0.00000000;0.00003644
1944-05-03;0.00000000;0.00003644
1944-05-04;0.00000000;0.00003644
1944-05-05;0.00000000;0.00003644
1944-05-08;0.00000000;0.00010932
1944-05-09;0.00000000;0.00003644
1944-05-10;0.00000000;0.00003644
1944-05-11;0.00000000;0.00003644
1944-05-12;0.00000000;0.00003644
1944-05-15;0.00000000;0.00010932
1944-05-16;0.00000000;0.00003644
1944-05-17;0.00000000;0.00003644
1944-05-18;0.00000000;0.00003644
1944-05-19;0.00000000;0.00003644
1944-05-22;0.00000000;0.00010932
1944-05-23;0.00000000;0.00003644
1944-05-24;0.00000000;0.00003644
1944-05-25;0.00000000;0.00003644
1944-05-26;0.00000000;0.00003644
1944-05-29;0.00000000;0.00010932
1944-05-31;0.00000000;0.00007288
1944-06-01;0.00000000;0.00003644
1944-06-02;0.00000000;0.00003644
1944-06-05;0.00000000;0.00010932
1944-06-06;0.00000000;0.00003644
1944-06-07;0.00000000;0.00003644
1944-06-08;0.00000000;0.00003644
1944-06-09;0.00000000;0.00003644
1944-06-12;0.00000000;0.00010932
1944-06-13;0.00000000;0.00003644
1944-06-14;0.00000000;0.00003644
1944-06-15;0.00000000;0.00003644
1944-06-16;0.00000000;0.00003644
1944-06-19;0.00000000;0.00010932
1944-06-20;0.00000000;0.00003644
1944-06-21;0.00000000;0.00003644
1944-06-22;0.00000000;0.00003644
1944-06-23;0.00000000;0.00003644
1944-06-26;0.00000000;0.00010932
1944-06-27;0.00000000;0.00003644
1944-06-28;0.00000000;0.00003644
1944-06-29;0.00000000;0.00003644
1944-06-30;0.00000000;0.00003644
1944-07-03;0.00000000;0.00010932
1944-07-05;0.00000000;0.00007288
1944-07-06;0.00000000;0.00003644
1944-07-07;0.00000000;0.00003644
1944-07-10;0.00000000;0.00010932
1944-07-11;0.00000000;0.00003644
1944-07-12;0.00000000;0.00003644
1944-07-13;0.00000000;0.00003644
1944-07-14;0.00000000;0.00003644
1944-07-17;0.00000000;0.00010932
1944-07-18;0.00000000;0.00003644
1944-07-19;0.00000000;0.00003644
1944-07-20;0.00000000;0.00003644
1944-07-21;0.00000000;0.00003644
1944-07-24;0.00000000;0.00010932
1944-07-25;0.00000000;0.00003644
1944-07-26;0.00000000;0.00003644
1944-07-27;0.00000000;0.00003644
1944-07-28;0.00000000;0.00003644
1944-07-31;0.00000000;0.00010932
1944-08-01;0.00000000;0.00003644
1944-08-02;0.00000000;0.00003644
1944-08-03;0.00000000;0.00003644
1944-08-04;0.00000000;0.00003644
1944-08-07;0.00000000;0.00010932
1944-08-08;0.00000000;0.00003644
1944-08-09;0.00000000;0.00003644
1944-08-10;0.00000000;0.00003644
1944-08-11;0.00000000;0.00003644
1944-08-14;0.00000000;0.00010932
1944-08-15;0.00000000;0.00003644
1944-08-16;0.00000000;0.00003644
1944-08-17;0.00000000;0.00003644
1944-08-18;0.00000000;0.00003644
1944-08-21;0.00000000;0.00010932
1944-08-22;0.00000000;0.00003644
1944-08-23;0.00000000;0.00003644
1944-08-24;0.00000000;0.00003644
1944-08-25;0.00000000;0.00003644
1944-08-28;0.00000000;0.00010932
1944-08-29;0.00000000;0.00003644
1944-08-30;0.00000000;0.00003644
1944-08-31;0.00000000;0.00003644
1944-09-01;0.00000000;0.00003644
1944-09-05;0.00000000;0.00014575
1944-09-06;0.00000000;0.00003644
1944-09-07;0.00000000;0.00003644
1944-09-08;0.00000000;0.00003644
1944-09-11;0.00000000;0.00010932
1944-09-12;0.00000000;0.00003644
1944-09-13;0.00000000;0.00003644
1944-09-14;0.00000000;0.00003644
1944-09-15;0.00000000;0.00003644
1944-09-18;0.00000000;0.00010932
1944-09-19;0.00000000;0.00003644
1944-09-20;0.00000000;0.00003644
1944-09-21;0.00000000;0.00003644
1944-09-22;0.00000000;0.00003644
1944-09-25;0.00000000;0.00010932
1944-09-26;0.00000000;0.00003644
1944-09-27;0.00000000;0.00003644
1944-09-28;0.00000000;0.00003644
1944-09-29;0.00000000;0.00003644
1944-10-02;0.00000000;0.00010932
1944-10-03;0.00000000;0.00003644
1944-10-04;0.00000000;0.00003644
1944-10-05;0.00000000;0.00003644
1944-10-06;0.00000000;0.00003644
1944-10-09;0.00000000;0.00010932
1944-10-10;0.00000000;0.00003644
1944-10-11;0.00000000;0.00003644
1944-10-13;0.00000000;0.00007288
1944-10-16;0.00000000;0.00010932
1944-10-17;0.00000000;0.00003644
1944-10-18;0.00000000;0.00003644
1944-10-19;0.00000000;0.00003644
1944-10-20;0.00000000;0.00003644
1944-10-23;0.00000000;0.00010932
1944-10-24;0.00000000;0.00003644
1944-10-25;0.00000000;0.00003644
1944-10-26;0.00000000;0.00003644
1944-10-27;0.00000000;0.00003644
1944-10-30;0.00000000;0.00010932
1944-10-31;-0.00065000;-0.00061356
1944-11-01;0.00387401;0.00391045
1944-11-02;0.00541761;0.00545404
1944-11-03;-0.00081355;-0.00077711
1944-11-06;0.00531550;0.00542481
1944-11-08;-0.00161992;-0.00154705
1944-11-09;0.00228004;0.00231647
1944-11-10;0.00073265;0.00076909
1944-11-13;-0.00858964;-0.00848033
1944-11-14;-0.01247037;-0.01243393
1944-11-15;-0.00239870;-0.00236226
1944-11-16;0.00075029;0.00078673
1944-11-17;-0.00161440;-0.00157796
1944-11-20;0.00383126;0.00394058
1944-11-21;0.00703712;0.00707355
1944-11-22;0.00074228;0.00077872
1944-11-24;-0.00553693;-0.00546405
1944-11-27;0.00302219;0.00313150
1944-11-28;-0.00082022;-0.00078378
1944-11-29;0.00543895;0.00547539
1944-11-30;-0.00159478;-0.00155834
1944-12-01;-0.00237663;-0.00234019
1944-12-04;0.00847868;0.00858800
1944-12-05;0.00383461;0.00387105
1944-12-06;-0.00003836;-0.00000192
1944-12-07;0.00227646;0.00231290
1944-12-08;0.00765987;0.00769631
1944-12-11;0.00599647;0.00610578
1944-12-12;-0.00231626;-0.00227982
1944-12-13;-0.00308250;-0.00304606
1944-12-14;0.00301508;0.00305152
1944-12-15;0.00985510;0.00989154
1944-12-18;-0.00614370;-0.00603439
1944-12-19;0.00299424;0.00303068
1944-12-20;-0.00684108;-0.00680464
1944-12-21;-0.00232146;-0.00228502
1944-12-22;0.00072442;0.00076086
1944-12-26;-0.00701318;-0.00686743
1944-12-27;-0.00464311;-0.00460668
1944-12-28;0.00998477;0.01002121
1944-12-29;0.01370210;0.01373854
1945-01-02;0.00361164;0.00375739
1945-01-03;0.01046427;0.01050071
1945-01-04;0.00144642;0.00148286
1945-01-05;-0.00226223;-0.00222579
1945-01-08;0.00880024;0.00890955
1945-01-09;0.00069802;0.00073446
1945-01-10;0.00732000;0.00735643
1945-01-11;-0.00076882;-0.00073238
1945-01-12;-0.00296233;-0.00292589
1945-01-15;-0.00671331;-0.00660399
1945-01-16;-0.00077636;-0.00073993
1945-01-17;0.00660862;0.00664505
1945-01-18;-0.00444041;-0.00440397
1945-01-19;-0.00961831;-0.00958187
1945-01-22;-0.01053174;-0.01042242
1945-01-23;-0.00680527;-0.00676884
1945-01-24;0.00298965;0.00302609
1945-01-25;0.00599938;0.00603582
1945-01-26;0.00971408;0.00975052
1945-01-29;0.00582847;0.00593778
1945-01-30;-0.00594678;-0.00591034
1945-01-31;0.00070459;0.00074102
1945-02-01;0.00218882;0.00222525
1945-02-02;0.00736905;0.00740549
1945-02-05;0.00723787;0.00734719
1945-02-06;0.00215142;0.00218786
1945-02-07;0.00214664;0.00218308
1945-02-08;-0.00003836;-0.00000192
1945-02-09;-0.00585231;-0.00581587
1945-02-13;0.01592845;0.01607420
1945-02-14;0.00499762;0.00503405
1945-02-15;0.00711984;0.00715628
1945-02-16;-0.00145982;-0.00142338
1945-02-19;0.00771411;0.00782343
1945-02-20;0.00349272;0.00352916
1945-02-21;-0.00144582;-0.00140938
1945-02-23;-0.00219088;-0.00211800
1945-02-26;-0.00505857;-0.00494926
1945-02-27;0.00776860;0.00780504
1945-02-28;0.00700390;0.00704034
1945-03-01;0.00136025;0.00139668
1945-03-02;-0.00632327;-0.00628683
1945-03-05;0.00480412;0.00491343
1945-03-06;0.00485675;0.00489319
1945-03-07;0.00065754;0.00069398
1945-03-08;-0.01811902;-0.01808259
1945-03-09;-0.02128482;-0.02124838
1945-03-12;0.01218594;0.01229526
1945-03-13;-0.00003836;-0.00000192
1945-03-14;0.00139124;0.00142767
1945-03-15;0.00424430;0.00428074
1945-03-16;0.00138311;0.00141955
1945-03-19;-0.00579285;-0.00568354
1945-03-20;-0.01360010;-0.01356366
1945-03-21;-0.00944501;-0.00940857
1945-03-22;-0.00076882;-0.00073238
1945-03-23;0.00434761;0.00438405
1945-03-26;-0.02558814;-0.02547882
1945-03-27;0.00593625;0.00597269
1945-03-28;0.00812794;0.00816438
1945-03-29;0.00217077;0.00220721
1945-04-02;0.01160264;0.01174839
1945-04-03;0.00141408;0.00145052
1945-04-04;-0.00148868;-0.00145224
1945-04-05;-0.00730052;-0.00726408
1945-04-06;0.00727693;0.00731337
1945-04-09;0.00278980;0.00289911
1945-04-10;0.00358221;0.00361865
1945-04-11;0.01439166;0.01442810
1945-04-12;-0.00074959;-0.00071316
1945-04-13;0.01063780;0.01067424
1945-04-16;0.02030747;0.02041678
1945-04-17;0.00134191;0.00137834
1945-04-18;0.00961016;0.00964660
1945-04-19;-0.00959467;-0.00955823
1945-04-20;-0.00141672;-0.00138028
1945-04-23;0.00954677;0.00965608
1945-04-24;0.00474633;0.00478277
1945-04-25;-0.00207917;-0.00204273
1945-04-26;-0.00208335;-0.00204691
1945-04-27;0.00406000;0.00409644
1945-04-30;0.00875874;0.00886806
1945-05-01;0.00000000;0.00003644
1945-05-02;0.00000000;0.00003644
1945-05-03;0.00000000;0.00003644
1945-05-04;0.00000000;0.00003644
1945-05-07;0.00000000;0.00010932
1945-05-08;0.00000000;0.00003644
1945-05-09;0.00000000;0.00003644
1945-05-10;0.00000000;0.00003644
1945-05-11;0.00000000;0.00003644
1945-05-14;0.00000000;0.00010932
1945-05-15;0.00000000;0.00003644
1945-05-16;0.00000000;0.00003644
1945-05-17;0.00000000;0.00003644
1945-05-18;0.00000000;0.00003644
1945-05-21;0.00000000;0.00010932
1945-05-22;0.00000000;0.00003644
1945-05-23;0.00000000;0.00003644
1945-05-24;0.00000000;0.00003644
1945-05-25;0.00000000;0.00003644
1945-05-28;0.00000000;0.00010932
1945-05-29;0.00000000;0.00003644
1945-05-31;0.00000000;0.00007288
1945-06-01;0.00000000;0.00003644
1945-06-04;0.00000000;0.00010932
1945-06-05;0.00000000;0.00003644
1945-06-06;0.00000000;0.00003644
1945-06-07;0.00000000;0.00003644
1945-06-08;0.00000000;0.00003644
1945-06-11;0.00000000;0.00010932
1945-06-12;0.00000000;0.00003644
1945-06-13;0.00000000;0.00003644
1945-06-14;0.00000000;0.00003644
1945-06-15;0.00000000;0.00003644
1945-06-18;0.00000000;0.00010932
1945-06-19;0.00000000;0.00003644
1945-06-20;0.00000000;0.00003644
1945-06-21;0.00000000;0.00003644
1945-06-22;0.00000000;0.00003644
1945-06-25;0.00000000;0.00010932
1945-06-26;0.00000000;0.00003644
1945-06-27;0.00000000;0.00003644
1945-06-28;0.00000000;0.00003644
1945-06-29;0.00000000;0.00003644
1945-07-02;0.00000000;0.00010932
1945-07-03;0.00000000;0.00003644
1945-07-05;0.00000000;0.00007288
1945-07-06;0.00000000;0.00003644
1945-07-09;0.00000000;0.00010932
1945-07-10;0.00000000;0.00003644
1945-07-11;0.00000000;0.00003644
1945-07-12;0.00000000;0.00003644
1945-07-13;0.00000000;0.00003644
1945-07-16;0.00000000;0.00010932
1945-07-17;0.00000000;0.00003644
1945-07-18;0.00000000;0.00003644
1945-07-19;0.00000000;0.00003644
1945-07-20;0.00000000;0.00003644
1945-07-23;0.00000000;0.00010932
1945-07-24;0.00000000;0.00003644
1945-07-25;0.00000000;0.00003644
1945-07-26;0.00000000;0.00003644
1945-07-27;0.00000000;0.00003644
1945-07-30;0.00000000;0.00010932
1945-07-31;0.00000000;0.00003644
1945-08-01;0.00000000;0.00003644
1945-08-02;0.00000000;0.00003644
1945-08-03;0.00000000;0.00003644
1945-08-06;0.00000000;0.00010932
1945-08-07;0.00000000;0.00003644
1945-08-08;0.00000000;0.00003644
1945-08-09;0.00000000;0.00003644
1945-08-10;0.00000000;0.00003644
1945-08-13;0.00000000;0.00010932
1945-08-14;0.00000000;0.00003644
1945-08-17;0.00000000;0.00010932
1945-08-20;0.00000000;0.00010932
1945-08-21;0.00000000;0.00003644
1945-08-22;0.00000000;0.00003644
1945-08-23;0.00000000;0.00003644
1945-08-24;0.00000000;0.00003644
1945-08-27;0.00000000;0.00010932
1945-08-28;0.00000000;0.00003644
1945-08-29;0.00000000;0.00003644
1945-08-30;0.00000000;0.00003644
1945-08-31;0.00000000;0.00003644
1945-09-04;0.00000000;0.00014575
1945-09-05;0.00000000;0.00003644
1945-09-06;0.00000000;0.00003644
1945-09-07;0.00000000;0.00003644
1945-09-10;0.00000000;0.00010932
1945-09-11;0.00000000;0.00003644
1945-09-12;0.00000000;0.00003644
1945-09-13;0.00000000;0.00003644
1945-09-14;0.00000000;0.00003644
1945-09-17;0.00000000;0.00010932
1945-09-18;0.00000000;0.00003644
1945-09-19;0.00000000;0.00003644
1945-09-20;0.00000000;0.00003644
1945-09-21;0.00000000;0.00003644
1945-09-24;0.00000000;0.00010932
1945-09-25;0.00000000;0.00003644
1945-09-26;0.00000000;0.00003644
1945-09-27;0.00000000;0.00003644
1945-09-28;0.00000000;0.00003644
1945-10-01;0.00000000;0.00010932
1945-10-02;0.00000000;0.00003644
1945-10-03;0.00000000;0.00003644
1945-10-04;0.00000000;0.00003644
1945-10-05;0.00000000;0.00003644
1945-10-08;0.00000000;0.00010932
1945-10-09;0.00000000;0.00003644
1945-10-10;0.00000000;0.00003644
1945-10-11;0.00000000;0.00003644
1945-10-15;0.00000000;0.00014575
1945-10-16;0.00000000;0.00003644
1945-10-17;0.00000000;0.00003644
1945-10-18;0.00000000;0.00003644
1945-10-19;0.00000000;0.00003644
1945-10-22;0.00000000;0.00010932
1945-10-23;0.00000000;0.00003644
1945-10-24;0.00000000;0.00003644
1945-10-25;0.00000000;0.00003644
1945-10-26;0.00000000;0.00003644
1945-10-29;0.00000000;0.00010932
1945-10-30;0.00000000;0.00003644
1945-10-31;-0.00065000;-0.00061356
1945-11-01;0.01317486;0.01321130
1945-11-02;-0.00063112;-0.00059469
1945-11-05;0.00462989;0.00473921
1945-11-07;0.01172966;0.01180254
1945-11-08;-0.00353894;-0.00350250
1945-11-09;0.00113260;0.00116904
1945-11-13;-0.00366220;-0.00351644
1945-11-14;-0.00532005;-0.00528361
1945-11-15;0.00763126;0.00766770
1945-11-16;-0.00472220;-0.00468576
1945-11-19;0.01106140;0.01117072
1945-11-20;0.00461551;0.00465195
1945-11-21;-0.01451433;-0.01447789
1945-11-23;-0.01006496;-0.00999208
1945-11-26;0.00522618;0.00533549
1945-11-27;0.01235834;0.01239478
1945-11-28;-0.00528617;-0.00524973
1945-11-29;-0.00179686;-0.00176042
1945-11-30;0.00935683;0.00939327
1945-12-03;0.01442827;0.01453759
1945-12-04;-0.00118515;-0.00114871
1945-12-05;-0.00061241;-0.00057597
1945-12-06;0.00513109;0.00516753
1945-12-07;0.00224736;0.00228380
1945-12-10;0.00786669;0.00797600
1945-12-11;-0.00230080;-0.00226436
1945-12-12;-0.01534448;-0.01530804
1945-12-13;-0.00464400;-0.00460756
1945-12-14;0.00111838;0.00115482
1945-12-17;-0.02149000;-0.02138068
1945-12-18;0.00940674;0.00944318
1945-12-19;-0.00003836;-0.00000192
1945-12-20;-0.00647110;-0.00643467
1945-12-21;-0.00062694;-0.00059050
1945-12-26;0.02513213;0.02531432
1945-12-27;-0.00750533;-0.00746889
1945-12-28;0.00169775;0.00173419
1945-12-31;0.00277344;0.00288275
1946-01-02;-0.00641312;-0.00634024
1946-01-03;0.00112106;0.00115750
1946-01-04;-0.00235451;-0.00231807
1946-01-07;0.00452800;0.00463731
1946-01-08;0.02191427;0.02195071
1946-01-09;0.01465921;0.01469565
1946-01-10;0.00664688;0.00668332
1946-01-11;0.00328206;0.00331850
1946-01-14;0.01091637;0.01102569
1946-01-15;0.00159831;0.00163474
1946-01-16;0.00105097;0.00108741
1946-01-17;-0.00221463;-0.00217820
1946-01-18;-0.00221938;-0.00218294
1946-01-21;-0.03071616;-0.03060685
1946-01-22;0.00672602;0.00676246
1946-01-23;0.01171976;0.01175620
1946-01-24;0.00272866;0.00276510
1946-01-25;-0.00169399;-0.00165755
1946-01-28;0.02918289;0.02929220
1946-01-29;0.00264693;0.00268337
1946-01-30;-0.00593016;-0.00589372
1946-01-31;0.00050044;0.00053688
1946-02-01;0.00373116;0.00376760
1946-02-04;-0.00118803;-0.00107871
1946-02-05;0.00425810;0.00429454
1946-02-06;-0.00699023;-0.00695379
1946-02-07;-0.00003836;-0.00000192
1946-02-08;-0.00111536;-0.00107892
1946-02-11;-0.01682666;-0.01671734
1946-02-13;-0.01433110;-0.01425822
1946-02-14;0.00607955;0.00611599
1946-02-15;0.01930935;0.01934579
1946-02-18;-0.00336886;-0.00325955
1946-02-19;-0.03703509;-0.03699865
1946-02-20;-0.01868242;-0.01864599
1946-02-21;0.02011133;0.02014777
1946-02-25;-0.04586449;-0.04571873
1946-02-26;-0.00595202;-0.00591558
1946-02-27;0.02018770;0.02022414
1946-02-28;0.00754182;0.00757826
1946-03-01;-0.00408928;-0.00405284
1946-03-04;-0.00708776;-0.00697844
1946-03-05;0.01049412;0.01053056
1946-03-06;-0.00467067;-0.00463423
1946-03-07;0.00868765;0.00872409
1946-03-08;0.00861216;0.00864860
1946-03-11;-0.00640438;-0.00629506
1946-03-12;0.00226314;0.00229958
1946-03-13;-0.01553778;-0.01550134
1946-03-14;-0.00353690;-0.00350046
1946-03-15;0.01107926;0.01111569
1946-03-18;0.01666734;0.01677665
1946-03-19;-0.00686818;-0.00683174
1946-03-20;0.00741150;0.00744794
1946-03-21;0.00678758;0.00682402
1946-03-22;-0.00003836;-0.00000192
1946-03-25;0.02078889;0.02089820
1946-03-26;-0.00059176;-0.00055532
1946-03-27;-0.00612916;-0.00609273
1946-03-28;-0.00115256;-0.00111612
1946-03-29;0.00609661;0.00613305
1946-04-01;0.00099358;0.00110289
1946-04-02;0.00051535;0.00055179
1946-04-03;0.01711715;0.01715359
1946-04-04;0.01084304;0.01087948
1946-04-05;-0.00219121;-0.00215477
1946-04-08;0.00419993;0.00430924
1946-04-09;0.01392512;0.01396156
1946-04-10;-0.00374598;-0.00370954
1946-04-11;-0.00216488;-0.00212845
1946-04-12;-0.00003836;-0.00000192
1946-04-15;-0.00810654;-0.00799723
1946-04-16;0.01338807;0.01342451
1946-04-17;-0.00162818;-0.00159174
1946-04-18;0.00314636;0.00318280
1946-04-22;-0.00121163;-0.00106587
1946-04-23;-0.00215700;-0.00212056
1946-04-24;-0.01012328;-0.01008684
1946-04-25;-0.00593648;-0.00590004
1946-04-26;0.00211914;0.00215558
1946-04-29;0.00741992;0.00752923
1946-04-30;0.00144840;0.00148483
1946-05-01;0.00000000;0.00003644
1946-05-02;0.00000000;0.00003644
1946-05-03;0.00000000;0.00003644
1946-05-06;0.00000000;0.00010932
1946-05-07;0.00000000;0.00003644
1946-05-08;0.00000000;0.00003644
1946-05-09;0.00000000;0.00003644
1946-05-10;0.00000000;0.00003644
1946-05-13;0.00000000;0.00010932
1946-05-14;0.00000000;0.00003644
1946-05-15;0.00000000;0.00003644
1946-05-16;0.00000000;0.00003644
1946-05-17;0.00000000;0.00003644
1946-05-20;0.00000000;0.00010932
1946-05-21;0.00000000;0.00003644
1946-05-22;0.00000000;0.00003644
1946-05-23;0.00000000;0.00003644
1946-05-24;0.00000000;0.00003644
1946-05-27;0.00000000;0.00010932
1946-05-28;0.00000000;0.00003644
1946-05-29;0.00000000;0.00003644
1946-05-31;0.00000000;0.00007288
1946-06-03;0.00000000;0.00010932
1946-06-04;0.00000000;0.00003644
1946-06-05;0.00000000;0.00003644
1946-06-06;0.00000000;0.00003644
1946-06-07;0.00000000;0.00003644
1946-06-10;0.00000000;0.00010932
1946-06-11;0.00000000;0.00003644
1946-06-12;0.00000000;0.00003644
1946-06-13;0.00000000;0.00003644
1946-06-14;0.00000000;0.00003644
1946-06-17;0.00000000;0.00010932
1946-06-18;0.00000000;0.00003644
1946-06-19;0.00000000;0.00003644
1946-06-20;0.00000000;0.00003644
1946-06-21;0.00000000;0.00003644
1946-06-24;0.00000000;0.00010932
1946-06-25;0.00000000;0.00003644
1946-06-26;0.00000000;0.00003644
1946-06-27;0.00000000;0.00003644
1946-06-28;0.00000000;0.00003644
1946-07-01;0.00000000;0.00010932
1946-07-02;0.00000000;0.00003644
1946-07-03;0.00000000;0.00003644
1946-07-05;0.00000000;0.00007288
1946-07-08;0.00000000;0.00010932
1946-07-09;0.00000000;0.00003644
1946-07-10;0.00000000;0.00003644
1946-07-11;0.00000000;0.00003644
1946-07-12;0.00000000;0.00003644
1946-07-15;0.00000000;0.00010932
1946-07-16;0.00000000;0.00003644
1946-07-17;0.00000000;0.00003644
1946-07-18;0.00000000;0.00003644
1946-07-19;0.00000000;0.00003644
1946-07-22;0.00000000;0.00010932
1946-07-23;0.00000000;0.00003644
1946-07-24;0.00000000;0.00003644
1946-07-25;0.00000000;0.00003644
1946-07-26;0.00000000;0.00003644
1946-07-29;0.00000000;0.00010932
1946-07-30;0.00000000;0.00003644
1946-07-31;0.00000000;0.00003644
1946-08-01;0.00000000;0.00003644
1946-08-02;0.00000000;0.00003644
1946-08-05;0.00000000;0.00010932
1946-08-06;0.00000000;0.00003644
1946-08-07;0.00000000;0.00003644
1946-08-08;0.00000000;0.00003644
1946-08-09;0.00000000;0.00003644
1946-08-12;0.00000000;0.00010932
1946-08-13;0.00000000;0.00003644
1946-08-14;0.00000000;0.00003644
1946-08-15;0.00000000;0.00003644
1946-08-16;0.00000000;0.00003644
1946-08-19;0.00000000;0.00010932
1946-08-20;0.00000000;0.00003644
1946-08-21;0.00000000;0.00003644
1946-08-22;0.00000000;0.00003644
1946-08-23;0.00000000;0.00003644
1946-08-26;0.00000000;0.00010932
1946-08-27;0.00000000;0.00003644
1946-08-28;0.00000000;0.00003644
1946-08-29;0.00000000;0.00003644
1946-08-30;0.00000000;0.00003644
1946-09-03;0.00000000;0.00014575
1946-09-04;0.00000000;0.00003644
1946-09-05;0.00000000;0.00003644
1946-09-06;0.00000000;0.00003644
1946-09-09;0.00000000;0.00010932
1946-09-10;0.00000000;0.00003644
1946-09-11;0.00000000;0.00003644
1946-09-12;0.00000000;0.00003644
1946-09-13;0.00000000;0.00003644
1946-09-16;0.00000000;0.00010932
1946-09-17;0.00000000;0.00003644
1946-09-18;0.00000000;0.00003644
1946-09-19;0.00000000;0.00003644
1946-09-20;0.00000000;0.00003644
1946-09-23;0.00000000;0.00010932
1946-09-24;0.00000000;0.00003644
1946-09-25;0.00000000;0.00003644
1946-09-26;0.00000000;0.00003644
1946-09-27;0.00000000;0.00003644
1946-09-30;0.00000000;0.00010932
1946-10-01;0.00000000;0.00003644
1946-10-02;0.00000000;0.00003644
1946-10-03;0.00000000;0.00003644
1946-10-04;0.00000000;0.00003644
1946-10-07;0.00000000;0.00010932
1946-10-08;0.00000000;0.00003644
1946-10-09;0.00000000;0.00003644
1946-10-10;0.00000000;0.00003644
1946-10-11;0.00000000;0.00003644
1946-10-14;0.00000000;0.00010932
1946-10-15;0.00000000;0.00003644
1946-10-16;0.00000000;0.00003644
1946-10-17;0.00000000;0.00003644
1946-10-18;0.00000000;0.00003644
1946-10-21;0.00000000;0.00010932
1946-10-22;0.00000000;0.00003644
1946-10-23;0.00000000;0.00003644
1946-10-24;0.00000000;0.00003644
1946-10-25;0.00000000;0.00003644
1946-10-28;0.00000000;0.00010932
1946-10-29;0.00000000;0.00003644
1946-10-30;0.00000000;0.00003644
1946-10-31;-0.00065000;-0.00061356
1946-11-01;0.01546030;0.01549673
1946-11-04;0.01713775;0.01724707
1946-11-06;-0.04312955;-0.04305667
1946-11-07;0.00814160;0.00817804
1946-11-08;0.00401844;0.00405488
1946-11-12;0.00590718;0.00605293
1946-11-13;-0.00873983;-0.00870339
1946-11-14;0.00536340;0.00539984
1946-11-15;-0.01078382;-0.01074738
1946-11-18;-0.01029837;-0.01018905
1946-11-19;-0.00072423;-0.00068779
1946-11-20;-0.00758812;-0.00755168
1946-11-21;-0.01732743;-0.01729099
1946-11-22;-0.00566819;-0.00563176
1946-11-25;0.01262379;0.01273310
1946-11-26;0.00974501;0.00978145
1946-11-27;0.00688206;0.00691850
1946-11-29;0.00885800;0.00893087
1946-12-02;-0.01646384;-0.01635453
1946-12-03;0.00342425;0.00346069
1946-12-04;0.01583466;0.01587110
1946-12-05;-0.00547314;-0.00543670
1946-12-06;0.00406000;0.00409644
1946-12-09;0.04206180;0.04217112
1946-12-10;-0.00003836;-0.00000192
1946-12-11;0.00257261;0.00260905
1946-12-12;-0.01371023;-0.01367379
1946-12-13;0.00128178;0.00131821
1946-12-16;0.00449930;0.00460862
1946-12-17;-0.00397536;-0.00393893
1946-12-18;0.00193793;0.00197437
1946-12-19;0.01574074;0.01577717
1946-12-20;0.00319789;0.00323433
1946-12-23;-0.00592152;-0.00581221
1946-12-24;-0.00263407;-0.00259763
1946-12-26;-0.01048660;-0.01041373
1946-12-27;-0.00135328;-0.00131684
1946-12-30;-0.00143172;-0.00132241
1946-12-31;0.00853119;0.00856763
1947-01-02;-0.00661266;-0.00653978
1947-01-03;0.00390901;0.00394545
1947-01-06;0.01168048;0.01178979
1947-01-07;-0.00781038;-0.00777394
1947-01-08;0.00583632;0.00587276
1947-01-09;0.00190843;0.00194487
1947-01-10;-0.01299172;-0.01295529
1947-01-13;-0.02898646;-0.02887714
1947-01-14;0.00469137;0.00472781
1947-01-15;-0.00676331;-0.00672687
1947-01-16;0.00063869;0.00067513
1947-01-17;0.01958275;0.01961919
1947-01-20;-0.00343292;-0.00332360
1947-01-21;-0.00336725;-0.00333081
1947-01-22;0.00463766;0.00467410
1947-01-23;0.00993505;0.00997149
1947-01-24;0.00127830;0.00131474
1947-01-27;0.00843194;0.00854126
1947-01-28;0.00843622;0.00847266
1947-01-29;0.01159707;0.01163351
1947-01-30;-0.00323324;-0.00319681
1947-01-31;0.00380780;0.00384424
1947-02-03;0.00882491;0.00893422
1947-02-04;0.00186038;0.00189682
1947-02-05;0.00564705;0.00568349
1947-02-06;-0.00380720;-0.00377076
1947-02-07;0.01635509;0.01639152
1947-02-10;-0.00445750;-0.00434819
1947-02-11;0.00556912;0.00560556
1947-02-13;-0.01308786;-0.01301499
1947-02-14;-0.00443258;-0.00439614
1947-02-17;0.00114597;0.00125528
1947-02-18;-0.00003836;-0.00000192
1947-02-19;-0.01200309;-0.01196665
1947-02-20;0.00187369;0.00191013
1947-02-21;0.00505070;0.00508714
1947-02-24;-0.00834292;-0.00823360
1947-02-25;-0.01280160;-0.01276516
1947-02-26;-0.01102737;-0.01099093
1947-02-27;0.01172635;0.01176279
1947-02-28;-0.00326833;-0.00323189
1947-03-03;-0.00141124;-0.00130193
1947-03-04;-0.00003836;-0.00000192
1947-03-05;0.01164237;0.01167881
1947-03-06;0.00381026;0.00384670
1947-03-07;-0.03134826;-0.03131182
1947-03-10;-0.01000953;-0.00990021
1947-03-11;-0.00869925;-0.00866281
1947-03-12;0.00601003;0.00604647
1947-03-13;-0.00271037;-0.00267393
1947-03-14;-0.01008524;-0.01004880
1947-03-17;0.00259129;0.00270061
1947-03-18;0.01278216;0.01281860
1947-03-19;0.00462520;0.00466164
1947-03-20;-0.00070149;-0.00066505
1947-03-21;0.01190590;0.01194234
1947-03-24;-0.00929540;-0.00918608
1947-03-25;-0.00599468;-0.00595824
1947-03-26;0.01394300;0.01397944
1947-03-27;0.01112382;0.01116026
1947-03-28;-0.00458381;-0.00454737
1947-03-31;-0.01055212;-0.01044280
1947-04-01;0.00391682;0.00395326
1947-04-02;-0.00069495;-0.00065852
1947-04-03;-0.00266648;-0.00263004
1947-04-07;-0.00871732;-0.00857157
1947-04-08;-0.01465630;-0.01461986
1947-04-09;-0.00071266;-0.00067623
1947-04-10;0.00063641;0.00067285
1947-04-11;-0.00745575;-0.00741931
1947-04-14;-0.03951724;-0.03940793
1947-04-15;0.00066886;0.00070530
1947-04-16;0.00985564;0.00989208
1947-04-17;-0.00143794;-0.00140150
1947-04-18;-0.01265223;-0.01261579
1947-04-21;0.02543497;0.02554428
1947-04-22;0.00757410;0.00761054
1947-04-23;0.00133527;0.00137171
1947-04-24;-0.00621120;-0.00617476
1947-04-25;-0.00693967;-0.00690323
1947-04-28;-0.00150492;-0.00139561
1947-04-29;0.00204933;0.00208576
1947-04-30;0.01181164;0.01184808
1947-05-01;0.00000000;0.00003644
1947-05-02;0.00000000;0.00003644
1947-05-05;0.00000000;0.00010932
1947-05-06;0.00000000;0.00003644
1947-05-07;0.00000000;0.00003644
1947-05-08;0.00000000;0.00003644
1947-05-09;0.00000000;0.00003644
1947-05-12;0.00000000;0.00010932
1947-05-13;0.00000000;0.00003644
1947-05-14;0.00000000;0.00003644
1947-05-15;0.00000000;0.00003644
1947-05-16;0.00000000;0.00003644
1947-05-19;0.00000000;0.00010932
1947-05-20;0.00000000;0.00003644
1947-05-21;0.00000000;0.00003644
1947-05-22;0.00000000;0.00003644
1947-05-23;0.00000000;0.00003644
1947-05-26;0.00000000;0.00010932
1947-05-27;0.00000000;0.00003644
1947-05-28;0.00000000;0.00003644
1947-05-29;0.00000000;0.00003644
1947-06-02;0.00000000;0.00014575
1947-06-03;0.00000000;0.00003644
1947-06-04;0.00000000;0.00003644
1947-06-05;0.00000000;0.00003644
1947-06-06;0.00000000;0.00003644
1947-06-09;0.00000000;0.00010932
1947-06-10;0.00000000;0.00003644
1947-06-11;0.00000000;0.00003644
1947-06-12;0.00000000;0.00003644
1947-06-13;0.00000000;0.00003644
1947-06-16;0.00000000;0.00010932
1947-06-17;0.00000000;0.00003644
1947-06-18;0.00000000;0.00003644
1947-06-19;0.00000000;0.00003644
1947-06-20;0.00000000;0.00003644
1947-06-23;0.00000000;0.00010932
1947-06-24;0.00000000;0.00003644
1947-06-25;0.00000000;0.00003644
1947-06-26;0.00000000;0.00003644
1947-06-27;0.00000000;0.00003644
1947-06-30;0.00000000;0.00010932
1947-07-01;0.00000000;0.00003644
1947-07-02;0.00000000;0.00003644
1947-07-03;0.00000000;0.00003644
1947-07-07;0.00000000;0.00014575
1947-07-08;0.00000000;0.00003644
1947-07-09;0.00000000;0.00003644
1947-07-10;0.00000000;0.00003644
1947-07-11;0.00000000;0.00003644
1947-07-14;0.00000000;0.00010932
1947-07-15;0.00000000;0.00003644
1947-07-16;0.00000000;0.00003644
1947-07-17;0.00000000;0.00003644
1947-07-18;0.00000000;0.00003644
1947-07-21;0.00000000;0.00010932
1947-07-22;0.00000000;0.00003644
1947-07-23;0.00000000;0.00003644
1947-07-24;0.00000000;0.00003644
1947-07-25;0.00000000;0.00003644
1947-07-28;0.00000000;0.00010932
1947-07-29;0.00000000;0.00003644
1947-07-30;0.00000000;0.00003644
1947-07-31;0.00000000;0.00003644
1947-08-01;0.00000000;0.00003644
1947-08-04;0.00000000;0.00010932
1947-08-05;0.00000000;0.00003644
1947-08-06;0.00000000;0.00003644
1947-08-07;0.00000000;0.00003644
1947-08-08;0.00000000;0.00003644
1947-08-11;0.00000000;0.00010932
1947-08-12;0.00000000;0.00003644
1947-08-13;0.00000000;0.00003644
1947-08-14;0.00000000;0.00003644
1947-08-15;0.00000000;0.00003644
1947-08-18;0.00000000;0.00010932
1947-08-19;0.00000000;0.00003644
1947-08-20;0.00000000;0.00003644
1947-08-21;0.00000000;0.00003644
1947-08-22;0.00000000;0.00003644
1947-08-25;0.00000000;0.00010932
1947-08-26;0.00000000;0.00003644
1947-08-27;0.00000000;0.00003644
1947-08-28;0.00000000;0.00003644
1947-08-29;0.00000000;0.00003644
1947-09-02;0.00000000;0.00014575
1947-09-03;0.00000000;0.00003644
1947-09-04;0.00000000;0.00003644
1947-09-05;0.00000000;0.00003644
1947-09-08;0.00000000;0.00010932
1947-09-09;0.00000000;0.00003644
1947-09-10;0.00000000;0.00003644
1947-09-11;0.00000000;0.00003644
1947-09-12;0.00000000;0.00003644
1947-09-15;0.00000000;0.00010932
1947-09-16;0.00000000;0.00003644
1947-09-17;0.00000000;0.00003644
1947-09-18;0.00000000;0.00003644
1947-09-19;0.00000000;0.00003644
1947-09-22;0.00000000;0.00010932
1947-09-23;0.00000000;0.00003644
1947-09-24;0.00000000;0.00003644
1947-09-25;0.00000000;0.00003644
1947-09-26;0.00000000;0.00003644
1947-09-29;0.00000000;0.00010932
1947-09-30;0.00000000;0.00003644
1947-10-01;0.00000000;0.00003644
1947-10-02;0.00000000;0.00003644
1947-10-03;0.00000000;0.00003644
1947-10-06;0.00000000;0.00010932
1947-10-07;0.00000000;0.00003644
1947-10-08;0.00000000;0.00003644
1947-10-09;0.00000000;0.00003644
1947-10-10;0.00000000;0.00003644
1947-10-14;0.00000000;0.00014575
1947-10-15;0.00000000;0.00003644
1947-10-16;0.00000000;0.00003644
1947-10-17;0.00000000;0.00003644
1947-10-20;0.00000000;0.00010932
1947-10-21;0.00000000;0.00003644
1947-10-22;0.00000000;0.00003644
1947-10-23;0.00000000;0.00003644
1947-10-24;0.00000000;0.00003644
1947-10-27;0.00000000;0.00010932
1947-10-28;0.00000000;0.00003644
1947-10-29;0.00000000;0.00003644
1947-10-30;0.00000000;0.00003644
1947-10-31;-0.00065000;-0.00061356
1947-11-03;0.00182920;0.00193851
1947-11-05;-0.00783868;-0.00776580
1947-11-06;-0.00003836;-0.00000192
1947-11-07;-0.00199403;-0.00195759
1947-11-10;0.00380394;0.00391325
1947-11-12;-0.00398042;-0.00390754
1947-11-13;-0.00983587;-0.00979944
1947-11-14;0.00194054;0.00197697
1947-11-17;-0.00011507;-0.00000575
1947-11-18;0.00720325;0.00723969
1947-11-19;0.00257602;0.00261246
1947-11-20;0.00452488;0.00456132
1947-11-21;-0.00522979;-0.00519335
1947-11-24;-0.00598591;-0.00587659
1947-11-25;-0.00266303;-0.00262659
1947-11-26;-0.00464362;-0.00460718
1947-11-28;-0.00999079;-0.00991791
1947-12-01;0.00589294;0.00600226
1947-12-02;0.00128878;0.00132522
1947-12-03;-0.00931602;-0.00927959
1947-12-04;-0.00605842;-0.00602198
1947-12-05;-0.01551615;-0.01547971
1947-12-08;0.00945431;0.00956362
1947-12-09;0.00334688;0.00338332
1947-12-10;0.00131117;0.00134761
1947-12-11;-0.00071221;-0.00067577
1947-12-12;0.00737904;0.00741548
1947-12-15;0.01126378;0.01137310
1947-12-16;-0.00136198;-0.00132554
1947-12-17;0.00194972;0.00198615
1947-12-18;-0.00334523;-0.00330880
1947-12-19;0.00327949;0.00331593
1947-12-22;0.00517594;0.00528525
1947-12-23;0.00390901;0.00394545
1947-12-24;-0.00069366;-0.00065723
1947-12-26;-0.00860130;-0.00852843
1947-12-29;-0.00540607;-0.00529676
1947-12-30;0.01192973;0.01196617
1947-12-31;0.00521789;0.00525432
1948-01-02;0.00253767;0.00261054
1948-01-05;-0.00924154;-0.00913222
1948-01-06;-0.00332783;-0.00329139
1948-01-07;0.00524217;0.00527861
1948-01-08;0.00521443;0.00525087
1948-01-09;-0.00526370;-0.00522726
1948-01-12;-0.00405466;-0.00394535
1948-01-13;-0.01454066;-0.01450422
1948-01-14;-0.00003836;-0.00000192
1948-01-15;-0.00472063;-0.00468419
1948-01-16;-0.00071040;-0.00067396
1948-01-19;-0.01154748;-0.01143817
1948-01-20;0.00064192;0.00067835
1948-01-21;-0.01159512;-0.01155868
1948-01-22;-0.00829145;-0.00825501
1948-01-23;-0.00489273;-0.00485629
1948-01-26;-0.00220566;-0.00209635
1948-01-27;0.00135829;0.00139473
1948-01-28;0.01042189;0.01045833
1948-01-29;0.01100374;0.01104018
1948-01-30;0.00200943;0.00204586
1948-02-02;0.00192853;0.00203784
1948-02-03;-0.00615664;-0.00612020
1948-02-04;-0.04244602;-0.04240958
1948-02-05;0.01424736;0.01428380
1948-02-06;-0.00074258;-0.00070614
1948-02-09;0.00834159;0.00845091
1948-02-10;-0.02938846;-0.02935202
1948-02-11;-0.00075830;-0.00072186
1948-02-13;-0.00223810;-0.00216522
1948-02-16;0.01360334;0.01371266
1948-02-17;-0.00003836;-0.00000192
1948-02-18;0.00067389;0.00071033
1948-02-19;-0.00217359;-0.00213715
1948-02-20;-0.00431796;-0.00428152
1948-02-24;0.00271190;0.00285766
1948-02-25;0.00496164;0.00499808
1948-02-26;-0.00643494;-0.00639851
1948-02-27;-0.00361489;-0.00357846
1948-03-01;0.00993518;0.01004450
1948-03-02;0.00635823;0.00639467
1948-03-03;0.00066786;0.00070430
1948-03-04;-0.00638980;-0.00635336
1948-03-05;0.00209233;0.00212876
1948-03-08;-0.00507609;-0.00496677
1948-03-09;-0.00644861;-0.00641217
1948-03-10;0.00426272;0.00429916
1948-03-11;-0.00146591;-0.00142947
1948-03-12;-0.00003836;-0.00000192
1948-03-15;0.00488851;0.00499782
1948-03-16;-0.01568558;-0.01564914
1948-03-17;0.00790962;0.00794606
1948-03-18;0.00569641;0.00573285
1948-03-19;0.02063164;0.02066808
1948-03-22;0.02642124;0.02653056
1948-03-23;-0.00003836;-0.00000192
1948-03-24;-0.00071863;-0.00068219
1948-03-25;0.00404605;0.00408249
1948-03-29;-0.00354326;-0.00339750
1948-03-30;0.01152627;0.01156271
1948-03-31;0.01408404;0.01412048
1948-04-01;0.00261416;0.00265060
1948-04-02;0.00194577;0.00198221
1948-04-05;0.00186513;0.00197444
1948-04-06;0.00654926;0.00658570
1948-04-07;-0.00331061;-0.00327417
1948-04-08;0.00258804;0.00262448
1948-04-09;0.00127140;0.00130784
1948-04-12;-0.00076909;-0.00065978
1948-04-13;0.00127054;0.00130698
1948-04-14;-0.00134555;-0.00130911
1948-04-15;0.00650615;0.00654258
1948-04-16;0.00321262;0.00324906
1948-04-19;0.00247728;0.00258660
1948-04-20;-0.00068477;-0.00064833
1948-04-21;0.00513629;0.00517273
1948-04-22;0.00897065;0.00900709
1948-04-23;0.00633919;0.00637563
1948-04-26;-0.01532419;-0.01521488
1948-04-27;0.00060514;0.00064158
1948-04-28;0.00124782;0.00128426
1948-04-29;-0.00324966;-0.00321322
1948-04-30;-0.00326568;-0.00322924
1948-05-03;0.00000000;0.00010932
1948-05-04;0.00000000;0.00003644
1948-05-05;0.00000000;0.00003644
1948-05-06;0.00000000;0.00003644
1948-05-07;0.00000000;0.00003644
1948-05-10;0.00000000;0.00010932
1948-05-11;0.00000000;0.00003644
1948-05-12;0.00000000;0.00003644
1948-05-13;0.00000000;0.00003644
1948-05-14;0.00000000;0.00003644
1948-05-17;0.00000000;0.00010932
1948-05-18;0.00000000;0.00003644
1948-05-19;0.00000000;0.00003644
1948-05-20;0.00000000;0.00003644
1948-05-21;0.00000000;0.00003644
1948-05-24;0.00000000;0.00010932
1948-05-25;0.00000000;0.00003644
1948-05-26;0.00000000;0.00003644
1948-05-27;0.00000000;0.00003644
1948-05-28;0.00000000;0.00003644
1948-06-01;0.00000000;0.00014575
1948-06-02;0.00000000;0.00003644
1948-06-03;0.00000000;0.00003644
1948-06-04;0.00000000;0.00003644
1948-06-07;0.00000000;0.00010932
1948-06-08;0.00000000;0.00003644
1948-06-09;0.00000000;0.00003644
1948-06-10;0.00000000;0.00003644
1948-06-11;0.00000000;0.00003644
1948-06-14;0.00000000;0.00010932
1948-06-15;0.00000000;0.00003644
1948-06-16;0.00000000;0.00003644
1948-06-17;0.00000000;0.00003644
1948-06-18;0.00000000;0.00003644
1948-06-21;0.00000000;0.00010932
1948-06-22;0.00000000;0.00003644
1948-06-23;0.00000000;0.00003644
1948-06-24;0.00000000;0.00003644
1948-06-25;0.00000000;0.00003644
1948-06-28;0.00000000;0.00010932
1948-06-29;0.00000000;0.00003644
1948-06-30;0.00000000;0.00003644
1948-07-01;0.00000000;0.00003644
1948-07-02;0.00000000;0.00003644
1948-07-06;0.00000000;0.00014575
1948-07-07;0.00000000;0.00003644
1948-07-08;0.00000000;0.00003644
1948-07-09;0.00000000;0.00003644
1948-07-12;0.00000000;0.00010932
1948-07-13;0.00000000;0.00003644
1948-07-14;0.00000000;0.00003644
1948-07-15;0.00000000;0.00003644
1948-07-16;0.00000000;0.00003644
1948-07-19;0.00000000;0.00010932
1948-07-20;0.00000000;0.00003644
1948-07-21;0.00000000;0.00003644
1948-07-22;0.00000000;0.00003644
1948-07-23;0.00000000;0.00003644
1948-07-26;0.00000000;0.00010932
1948-07-27;0.00000000;0.00003644
1948-07-28;0.00000000;0.00003644
1948-07-29;0.00000000;0.00003644
1948-07-30;0.00000000;0.00003644
1948-08-02;0.00000000;0.00010932
1948-08-03;0.00000000;0.00003644
1948-08-04;0.00000000;0.00003644
1948-08-05;0.00000000;0.00003644
1948-08-06;0.00000000;0.00003644
1948-08-09;0.00000000;0.00010932
1948-08-10;0.00000000;0.00003644
1948-08-11;0.00000000;0.00003644
1948-08-12;0.00000000;0.00003644
1948-08-13;0.00000000;0.00003644
1948-08-16;0.00000000;0.00010932
1948-08-17;0.00000000;0.00003644
1948-08-18;0.00000000;0.00003644
1948-08-19;0.00000000;0.00003644
1948-08-20;0.00000000;0.00003644
1948-08-23;0.00000000;0.00010932
1948-08-24;0.00000000;0.00003644
1948-08-25;0.00000000;0.00003644
1948-08-26;0.00000000;0.00003644
1948-08-27;0.00000000;0.00003644
1948-08-30;0.00000000;0.00010932
1948-08-31;0.00000000;0.00003644
1948-09-01;0.00000000;0.00003644
1948-09-02;0.00000000;0.00003644
1948-09-03;0.00000000;0.00003644
1948-09-07;0.00000000;0.00014575
1948-09-08;0.00000000;0.00003644
1948-09-09;0.00000000;0.00003644
1948-09-10;0.00000000;0.00003644
1948-09-13;0.00000000;0.00010932
1948-09-14;0.00000000;0.00003644
1948-09-15;0.00000000;0.00003644
1948-09-16;0.00000000;0.00003644
1948-09-17;0.00000000;0.00003644
1948-09-20;0.00000000;0.00010932
1948-09-21;0.00000000;0.00003644
1948-09-22;0.00000000;0.00003644
1948-09-23;0.00000000;0.00003644
1948-09-24;0.00000000;0.00003644
1948-09-27;0.00000000;0.00010932
1948-09-28;0.00000000;0.00003644
1948-09-29;0.00000000;0.00003644
1948-09-30;0.00000000;0.00003644
1948-10-01;0.00000000;0.00003644
1948-10-04;0.00000000;0.00010932
1948-10-05;0.00000000;0.00003644
1948-10-06;0.00000000;0.00003644
1948-10-07;0.00000000;0.00003644
1948-10-08;0.00000000;0.00003644
1948-10-11;0.00000000;0.00010932
1948-10-13;0.00000000;0.00007288
1948-10-14;0.00000000;0.00003644
1948-10-15;0.00000000;0.00003644
1948-10-18;0.00000000;0.00010932
1948-10-19;0.00000000;0.00003644
1948-10-20;0.00000000;0.00003644
1948-10-21;0.00000000;0.00003644
1948-10-22;0.00000000;0.00003644
1948-10-25;0.00000000;0.00010932
1948-10-26;0.00000000;0.00003644
1948-10-27;0.00000000;0.00003644
1948-10-28;0.00000000;0.00003644
1948-10-29;-0.00065000;-0.00061356
1948-11-01;0.01200614;0.01211546
1948-11-03;-0.04618450;-0.04611162
1948-11-04;0.01314432;0.01318076
1948-11-05;-0.04402844;-0.04399200
1948-11-08;0.00442155;0.00453086
1948-11-09;-0.03165126;-0.03161482
1948-11-10;-0.00070458;-0.00066814
1948-11-12;0.00258995;0.00266283
1948-11-15;0.01517748;0.01528680
1948-11-16;-0.00069324;-0.00065680
1948-11-17;-0.00265959;-0.00262315
1948-11-18;0.00258976;0.00262620
1948-11-19;0.00323818;0.00327462
1948-11-22;-0.00664675;-0.00653743
1948-11-23;-0.00135328;-0.00131684
1948-11-24;-0.01847154;-0.01843510
1948-11-26;-0.00007671;-0.00000384
1948-11-29;-0.00816336;-0.00805404
1948-11-30;-0.00274289;-0.00270645
1948-12-01;0.01758876;0.01762520
1948-12-02;-0.00070458;-0.00066814
1948-12-03;0.00862831;0.00866475
1948-12-06;0.00649432;0.00660363
1948-12-07;0.00061824;0.00065468
1948-12-08;-0.00266303;-0.00262659
1948-12-09;-0.00201204;-0.00197560
1948-12-10;0.00325762;0.00329406
1948-12-13;0.00711226;0.00722158
1948-12-14;-0.00525688;-0.00522044
1948-12-15;-0.00528426;-0.00524782
1948-12-16;-0.00069755;-0.00066111
1948-12-17;0.00260017;0.00263660
1948-12-20;-0.00077296;-0.00066365
1948-12-21;-0.00333000;-0.00329356
1948-12-22;0.00062215;0.00065858
1948-12-23;-0.00003836;-0.00000192
1948-12-24;0.00656230;0.00659874
1948-12-27;-0.00404949;-0.00394018
1948-12-28;-0.00727996;-0.00724352
1948-12-29;0.01322424;0.01326068
1948-12-30;-0.00003836;-0.00000192
1948-12-31;-0.00527396;-0.00523752
1949-01-03;-0.01656244;-0.01645312
1949-01-04;0.00531281;0.00534925
1949-01-05;0.00861101;0.00864745
1949-01-06;0.02238908;0.02242552
1949-01-07;0.00705842;0.00709486
1949-01-10;-0.00652122;-0.00641190
1949-01-11;-0.00068310;-0.00064666
1949-01-12;-0.00197384;-0.00193740
1949-01-13;-0.00520966;-0.00517322
1949-01-14;-0.00978494;-0.00974851
1949-01-17;0.00907128;0.00918060
1949-01-18;-0.00003836;-0.00000192
1949-01-19;0.00386281;0.00389925
1949-01-20;0.00384765;0.00388409
1949-01-21;-0.00197384;-0.00193740
1949-01-24;-0.03049645;-0.03038714
1949-01-25;0.02196164;0.02199808
1949-01-26;-0.00264762;-0.00261118
1949-01-27;-0.00265445;-0.00261801
1949-01-28;-0.00331704;-0.00328061
1949-01-31;0.00120072;0.00131004
1949-02-01;0.00784601;0.00788244
1949-02-02;0.00061353;0.00064997
1949-02-03;-0.00199275;-0.00195632
1949-02-04;-0.01505141;-0.01501497
1949-02-07;-0.02198386;-0.02187454
1949-02-08;-0.00410340;-0.00406696
1949-02-09;0.00540382;0.00544026
1949-02-10;-0.01357016;-0.01353372
1949-02-11;-0.00141010;-0.00137366
1949-02-14;0.00331900;0.00342831
1949-02-15;0.00269949;0.00273593
1949-02-16;0.00542239;0.00545883
1949-02-17;0.00675051;0.00678695
1949-02-18;-0.00273559;-0.00269915
1949-02-21;-0.00349573;-0.00338642
1949-02-23;-0.00957468;-0.00950180
1949-02-24;-0.01236712;-0.01233068
1949-02-25;-0.00281228;-0.00277584
1949-02-28;0.01657478;0.01668409
1949-03-01;0.00611759;0.00615403
1949-03-02;-0.00275759;-0.00272116
1949-03-03;-0.00140168;-0.00136524
1949-03-04;0.00132683;0.00136327
1949-03-07;0.01283653;0.01294585
1949-03-08;0.00198049;0.00201692
1949-03-09;-0.00205313;-0.00201669
1949-03-10;0.00063459;0.00067103
1949-03-11;0.01004907;0.01008551
1949-03-14;0.00321383;0.00332314
1949-03-15;-0.00601049;-0.00597405
1949-03-16;-0.00404370;-0.00400726
1949-03-17;0.00331285;0.00334929
1949-03-18;-0.00204236;-0.00200593
1949-03-21;-0.00480048;-0.00469116
1949-03-22;-0.00676331;-0.00672687
1949-03-23;0.01214851;0.01218495
1949-03-24;0.00129944;0.00133587
1949-03-25;-0.00538238;-0.00534594
1949-03-28;0.00257130;0.00268061
1949-03-29;0.01938562;0.01942206
1949-03-30;-0.00069539;-0.00065895
1949-03-31;-0.00990029;-0.00986385
1949-04-01;-0.00800648;-0.00797005
1949-04-04;0.00256231;0.00267162
1949-04-05;-0.00137347;-0.00133703
1949-04-06;-0.00271215;-0.00267571
1949-04-07;0.00063189;0.00066832
1949-04-08;0.00264081;0.00267725
1949-04-11;0.00122094;0.00133025
1949-04-12;0.00263009;0.00266653
1949-04-13;-0.00070369;-0.00066725
1949-04-14;-0.00203569;-0.00199925
1949-04-18;0.00518347;0.00532922
1949-04-19;-0.00401978;-0.00398334
1949-04-20;-0.00270325;-0.00266681
1949-04-21;-0.01673842;-0.01670198
1949-04-22;-0.00139705;-0.00136061
1949-04-25;-0.00147561;-0.00136630
1949-04-26;0.00541124;0.00544767
1949-04-27;-0.00003836;-0.00000192
1949-04-28;-0.00478090;-0.00474447
1949-04-29;0.00067311;0.00070955
1949-05-02;0.00000000;0.00010932
1949-05-03;0.00000000;0.00003644
1949-05-04;0.00000000;0.00003644
1949-05-05;0.00000000;0.00003644
1949-05-06;0.00000000;0.00003644
1949-05-09;0.00000000;0.00010932
1949-05-10;0.00000000;0.00003644
1949-05-11;0.00000000;0.00003644
1949-05-12;0.00000000;0.00003644
1949-05-13;0.00000000;0.00003644
1949-05-16;0.00000000;0.00010932
1949-05-17;0.00000000;0.00003644
1949-05-18;0.00000000;0.00003644
1949-05-19;0.00000000;0.00003644
1949-05-20;0.00000000;0.00003644
1949-05-23;0.00000000;0.00010932
1949-05-24;0.00000000;0.00003644
1949-05-25;0.00000000;0.00003644
1949-05-26;0.00000000;0.00003644
1949-05-27;0.00000000;0.00003644
1949-05-31;0.00000000;0.00014575
1949-06-01;0.00000000;0.00003644
1949-06-02;0.00000000;0.00003644
1949-06-03;0.00000000;0.00003644
1949-06-06;0.00000000;0.00010932
1949-06-07;0.00000000;0.00003644
1949-06-08;0.00000000;0.00003644
1949-06-09;0.00000000;0.00003644
1949-06-10;0.00000000;0.00003644
1949-06-13;0.00000000;0.00010932
1949-06-14;0.00000000;0.00003644
1949-06-15;0.00000000;0.00003644
1949-06-16;0.00000000;0.00003644
1949-06-17;0.00000000;0.00003644
1949-06-20;0.00000000;0.00010932
1949-06-21;0.00000000;0.00003644
1949-06-22;0.00000000;0.00003644
1949-06-23;0.00000000;0.00003644
1949-06-24;0.00000000;0.00003644
1949-06-27;0.00000000;0.00010932
1949-06-28;0.00000000;0.00003644
1949-06-29;0.00000000;0.00003644
1949-06-30;0.00000000;0.00003644
1949-07-01;0.00000000;0.00003644
1949-07-05;0.00000000;0.00014575
1949-07-06;0.00000000;0.00003644
1949-07-07;0.00000000;0.00003644
1949-07-08;0.00000000;0.00003644
1949-07-11;0.00000000;0.00010932
1949-07-12;0.00000000;0.00003644
1949-07-13;0.00000000;0.00003644
1949-07-14;0.00000000;0.00003644
1949-07-15;0.00000000;0.00003644
1949-07-18;0.00000000;0.00010932
1949-07-19;0.00000000;0.00003644
1949-07-20;0.00000000;0.00003644
1949-07-21;0.00000000;0.00003644
1949-07-22;0.00000000;0.00003644
1949-07-25;0.00000000;0.00010932
1949-07-26;0.00000000;0.00003644
1949-07-27;0.00000000;0.00003644
1949-07-28;0.00000000;0.00003644
1949-07-29;0.00000000;0.00003644
1949-08-01;0.00000000;0.00010932
1949-08-02;0.00000000;0.00003644
1949-08-03;0.00000000;0.00003644
1949-08-04;0.00000000;0.00003644
1949-08-05;0.00000000;0.00003644
1949-08-08;0.00000000;0.00010932
1949-08-09;0.00000000;0.00003644
1949-08-10;0.00000000;0.00003644
1949-08-11;0.00000000;0.00003644
1949-08-12;0.00000000;0.00003644
1949-08-15;0.00000000;0.00010932
1949-08-16;0.00000000;0.00003644
1949-08-17;0.00000000;0.00003644
1949-08-18;0.00000000;0.00003644
1949-08-19;0.00000000;0.00003644
1949-08-22;0.00000000;0.00010932
1949-08-23;0.00000000;0.00003644
1949-08-24;0.00000000;0.00003644
1949-08-25;0.00000000;0.00003644
1949-08-26;0.00000000;0.00003644
1949-08-29;0.00000000;0.00010932
1949-08-30;0.00000000;0.00003644
1949-08-31;0.00000000;0.00003644
1949-09-01;0.00000000;0.00003644
1949-09-02;0.00000000;0.00003644
1949-09-06;0.00000000;0.00014575
1949-09-07;0.00000000;0.00003644
1949-09-08;0.00000000;0.00003644
1949-09-09;0.00000000;0.00003644
1949-09-12;0.00000000;0.00010932
1949-09-13;0.00000000;0.00003644
1949-09-14;0.00000000;0.00003644
1949-09-15;0.00000000;0.00003644
1949-09-16;0.00000000;0.00003644
1949-09-19;0.00000000;0.00010932
1949-09-20;0.00000000;0.00003644
1949-09-21;0.00000000;0.00003644
1949-09-22;0.00000000;0.00003644
1949-09-23;0.00000000;0.00003644
1949-09-26;0.00000000;0.00010932
1949-09-27;0.00000000;0.00003644
1949-09-28;0.00000000;0.00003644
1949-09-29;0.00000000;0.00003644
1949-09-30;0.00000000;0.00003644
1949-10-03;0.00000000;0.00010932
1949-10-04;0.00000000;0.00003644
1949-10-05;0.00000000;0.00003644
1949-10-06;0.00000000;0.00003644
1949-10-07;0.00000000;0.00003644
1949-10-10;0.00000000;0.00010932
1949-10-11;0.00000000;0.00003644
1949-10-13;0.00000000;0.00007288
1949-10-14;0.00000000;0.00003644
1949-10-17;0.00000000;0.00010932
1949-10-18;0.00000000;0.00003644
1949-10-19;0.00000000;0.00003644
1949-10-20;0.00000000;0.00003644
1949-10-21;0.00000000;0.00003644
1949-10-24;0.00000000;0.00010932
1949-10-25;0.00000000;0.00003644
1949-10-26;0.00000000;0.00003644
1949-10-27;0.00000000;0.00003644
1949-10-28;0.00000000;0.00003644
1949-10-31;-0.00065000;-0.00054068
1949-11-01;0.00993671;0.00997314
1949-11-02;0.00798634;0.00802277
1949-11-03;-0.00248784;-0.00245140
1949-11-04;-0.00494934;-0.00491291
1949-11-07;-0.00319958;-0.00309027
1949-11-09;0.00116091;0.00123379
1949-11-10;-0.00251054;-0.00247411
1949-11-14;-0.00696879;-0.00682304
1949-11-15;-0.01750561;-0.01746917
1949-11-16;0.00567593;0.00571237
1949-11-17;0.00753740;0.00757384
1949-11-18;0.01123984;0.01127628
1949-11-21;-0.00445212;-0.00434280
1949-11-22;0.00493986;0.00497630
1949-11-23;0.00243842;0.00247486
1949-11-25;-0.00563570;-0.00556282
1949-11-28;-0.00322066;-0.00311134
1949-11-29;-0.00190752;-0.00187108
1949-11-30;0.00245852;0.00249496
1949-12-01;0.00556563;0.00560207
1949-12-02;0.00801118;0.00804762
1949-12-05;0.00787019;0.00797950
1949-12-06;-0.00125713;-0.00122069
1949-12-07;0.00240216;0.00243859
1949-12-08;-0.00003836;-0.00000192
1949-12-09;-0.00064700;-0.00061056
1949-12-12;0.00902013;0.00912945
1949-12-13;0.00418615;0.00422258
1949-12-14;0.00176453;0.00180097
1949-12-15;0.00056152;0.00059796
1949-12-16;-0.00123740;-0.00120096
1949-12-19;-0.00431675;-0.00420743
1949-12-20;-0.00365499;-0.00361855
1949-12-21;-0.00245820;-0.00242176
1949-12-22;0.00905807;0.00909450
1949-12-23;-0.00003836;-0.00000192
1949-12-27;-0.00375919;-0.00361344
1949-12-28;0.00478673;0.00482317
1949-12-29;0.00116212;0.00119856
1949-12-30;0.00655637;0.00659281
1950-01-03;-0.00789613;-0.00775038
1950-01-04;0.01136621;0.01140264
1950-01-05;0.00470942;0.00474586
1950-01-06;0.00291498;0.00295142
1950-01-09;0.00577421;0.00588353
1950-01-10;-0.00296576;-0.00292932
1950-01-11;0.00348484;0.00352128
1950-01-12;-0.01934789;-0.01931146
1950-01-13;-0.00540828;-0.00537185
1950-01-16;0.00288433;0.00299365
1950-01-17;0.00833485;0.00837129
1950-01-18;-0.00063148;-0.00059504
1950-01-19;0.00114859;0.00118503
1950-01-20;0.00173995;0.00177639
1950-01-23;0.00106836;0.00117768
1950-01-24;-0.00358446;-0.00354802
1950-01-25;-0.00715579;-0.00711936
1950-01-26;-0.00063573;-0.00059929
1950-01-27;0.00534120;0.00537764
1950-01-30;0.01177554;0.01188485
1950-01-31;0.00172428;0.00176071
1950-02-01;-0.00003836;-0.00000192
1950-02-02;0.01051883;0.01055527
1950-02-03;0.00344394;0.00348038
1950-02-06;0.00162004;0.00172935
1950-02-07;-0.00523466;-0.00519822
1950-02-08;-0.00119912;-0.00116268
1950-02-09;0.00402905;0.00406548
1950-02-10;-0.00235317;-0.00231673
1950-02-14;-0.01059426;-0.01044851
1950-02-15;-0.00003836;-0.00000192
1950-02-16;-0.00414152;-0.00410508
1950-02-17;0.00937895;0.00941539
1950-02-20;0.00280038;0.00290970
1950-02-21;-0.00178254;-0.00174610
1950-02-23;0.00225293;0.00232581
1950-02-24;0.00402905;0.00406548
1950-02-27;-0.00011507;-0.00000575
1950-02-28;-0.00351058;-0.00347414
1950-03-01;0.00112308;0.00115952
1950-03-02;-0.00061840;-0.00058196
1950-03-03;0.00344394;0.00348038
1950-03-06;0.00162004;0.00172935
1950-03-07;-0.00696676;-0.00693032
1950-03-08;-0.00061975;-0.00058331
1950-03-09;-0.00701916;-0.00698272
1950-03-10;0.00113329;0.00116973
1950-03-13;0.00164034;0.00174966
1950-03-14;0.00755510;0.00759154
1950-03-15;0.01155585;0.01159229
1950-03-16;0.00225391;0.00229035
1950-03-17;-0.00232538;-0.00228894
1950-03-20;-0.00068813;-0.00057882
1950-03-21;0.00053504;0.00057148
1950-03-22;0.00569230;0.00572874
1950-03-23;0.00053144;0.00056788
1950-03-24;-0.00003836;-0.00000192
1950-03-27;-0.00580983;-0.00570051
1950-03-28;0.00397081;0.00400725
1950-03-29;-0.00517241;-0.00513597
1950-03-30;-0.00806588;-0.00802944
1950-03-31;-0.00061639;-0.00057995
1950-04-03;0.01376579;0.01387510
1950-04-04;0.00110255;0.00113898
1950-04-05;0.00452005;0.00455649
1950-04-06;0.00846987;0.00850631
1950-04-10;0.00378358;0.00392934
1950-04-11;-0.00564060;-0.00560416
1950-04-12;0.01066587;0.01070231
1950-04-13;0.00219130;0.00222774
1950-04-14;-0.00115070;-0.00111426
1950-04-17;-0.00456941;-0.00446010
1950-04-18;0.00835091;0.00838734
1950-04-19;0.00107091;0.00110734
1950-04-20;-0.00668656;-0.00665012
1950-04-21;0.00163482;0.00167126
1950-04-24;-0.00735338;-0.00724406
1950-04-25;-0.00003836;-0.00000192
1950-04-26;-0.00396432;-0.00392789
1950-04-27;0.00559227;0.00562871
1950-04-28;0.00491075;0.00494719
1950-05-01;0.00000000;0.00010932
1950-05-02;0.00000000;0.00003644
1950-05-03;0.00000000;0.00003644
1950-05-04;0.00000000;0.00003644
1950-05-05;0.00000000;0.00003644
1950-05-08;0.00000000;0.00010932
1950-05-09;0.00000000;0.00003644
1950-05-10;0.00000000;0.00003644
1950-05-11;0.00000000;0.00003644
1950-05-12;0.00000000;0.00003644
1950-05-15;0.00000000;0.00010932
1950-05-16;0.00000000;0.00003644
1950-05-17;0.00000000;0.00003644
1950-05-18;0.00000000;0.00003644
1950-05-19;0.00000000;0.00003644
1950-05-22;0.00000000;0.00010932
1950-05-23;0.00000000;0.00003644
1950-05-24;0.00000000;0.00003644
1950-05-25;0.00000000;0.00003644
1950-05-26;0.00000000;0.00003644
1950-05-29;0.00000000;0.00010932
1950-05-31;0.00000000;0.00007288
1950-06-01;0.00000000;0.00003644
1950-06-02;0.00000000;0.00003644
1950-06-05;0.00000000;0.00010932
1950-06-06;0.00000000;0.00003644
1950-06-07;0.00000000;0.00003644
1950-06-08;0.00000000;0.00003644
1950-06-09;0.00000000;0.00003644
1950-06-12;0.00000000;0.00010932
1950-06-13;0.00000000;0.00003644
1950-06-14;0.00000000;0.00003644
1950-06-15;0.00000000;0.00003644
1950-06-16;0.00000000;0.00003644
1950-06-19;0.00000000;0.00010932
1950-06-20;0.00000000;0.00003644
1950-06-21;0.00000000;0.00003644
1950-06-22;0.00000000;0.00003644
1950-06-23;0.00000000;0.00003644
1950-06-26;0.00000000;0.00010932
1950-06-27;0.00000000;0.00003644
1950-06-28;0.00000000;0.00003644
1950-06-29;0.00000000;0.00003644
1950-06-30;0.00000000;0.00003644
1950-07-03;0.00000000;0.00010932
1950-07-05;0.00000000;0.00007288
1950-07-06;0.00000000;0.00003644
1950-07-07;0.00000000;0.00003644
1950-07-10;0.00000000;0.00010932
1950-07-11;0.00000000;0.00003644
1950-07-12;0.00000000;0.00003644
1950-07-13;0.00000000;0.00003644
1950-07-14;0.00000000;0.00003644
1950-07-17;0.00000000;0.00010932
1950-07-18;0.00000000;0.00003644
1950-07-19;0.00000000;0.00003644
1950-07-20;0.00000000;0.00003644
1950-07-21;0.00000000;0.00003644
1950-07-24;0.00000000;0.00010932
1950-07-25;0.00000000;0.00003644
1950-07-26;0.00000000;0.00003644
1950-07-27;0.00000000;0.00003644
1950-07-28;0.00000000;0.00003644
1950-07-31;0.00000000;0.00010932
1950-08-01;0.00000000;0.00003644
1950-08-02;0.00000000;0.00003644
1950-08-03;0.00000000;0.00003644
1950-08-04;0.00000000;0.00003644
1950-08-07;0.00000000;0.00010932
1950-08-08;0.00000000;0.00003644
1950-08-09;0.00000000;0.00003644
1950-08-10;0.00000000;0.00003644
1950-08-11;0.00000000;0.00003644
1950-08-14;0.00000000;0.00010932
1950-08-15;0.00000000;0.00003644
1950-08-16;0.00000000;0.00003644
1950-08-17;0.00000000;0.00003644
1950-08-18;0.00000000;0.00003644
1950-08-21;0.00000000;0.00010932
1950-08-22;0.00000000;0.00003644
1950-08-23;0.00000000;0.00003644
1950-08-24;0.00000000;0.00003644
1950-08-25;0.00000000;0.00003644
1950-08-28;0.00000000;0.00010932
1950-08-29;0.00000000;0.00003644
1950-08-30;0.00000000;0.00003644
1950-08-31;0.00000000;0.00003644
1950-09-01;0.00000000;0.00003644
1950-09-05;0.00000000;0.00014575
1950-09-06;0.00000000;0.00003644
1950-09-07;0.00000000;0.00003644
1950-09-08;0.00000000;0.00003644
1950-09-11;0.00000000;0.00010932
1950-09-12;0.00000000;0.00003644
1950-09-13;0.00000000;0.00003644
1950-09-14;0.00000000;0.00003644
1950-09-15;0.00000000;0.00003644
1950-09-18;0.00000000;0.00010932
1950-09-19;0.00000000;0.00003644
1950-09-20;0.00000000;0.00003644
1950-09-21;0.00000000;0.00003644
1950-09-22;0.00000000;0.00003644
1950-09-25;0.00000000;0.00010932
1950-09-26;0.00000000;0.00003644
1950-09-27;0.00000000;0.00003644
1950-09-28;0.00000000;0.00003644
1950-09-29;0.00000000;0.00003644
1950-10-02;0.00000000;0.00010932
1950-10-03;0.00000000;0.00003644
1950-10-04;0.00000000;0.00003644
1950-10-05;0.00000000;0.00003644
1950-10-06;0.00000000;0.00003644
1950-10-09;0.00000000;0.00010932
1950-10-10;0.00000000;0.00003644
1950-10-11;0.00000000;0.00003644
1950-10-13;0.00000000;0.00007288
1950-10-16;0.00000000;0.00010932
1950-10-17;0.00000000;0.00003644
1950-10-18;0.00000000;0.00003644
1950-10-19;0.00000000;0.00003644
1950-10-20;0.00000000;0.00003644
1950-10-23;0.00000000;0.00010932
1950-10-24;0.00000000;0.00003644
1950-10-25;0.00000000;0.00003644
1950-10-26;0.00000000;0.00003644
1950-10-27;0.00000000;0.00003644
1950-10-30;0.00000000;0.00010932
1950-10-31;-0.00065000;-0.00061356
1950-11-01;0.00149774;0.00153418
1950-11-02;0.00865285;0.00868929
1950-11-03;0.00604375;0.00608019
1950-11-06;-0.02480021;-0.02469089
1950-11-08;0.01025387;0.01032674
1950-11-09;0.01172034;0.01175677
1950-11-10;0.00754123;0.00757767
1950-11-13;0.00339546;0.00350478
1950-11-14;-0.00753461;-0.00749817
1950-11-15;-0.00205245;-0.00201602
1950-11-16;-0.00508376;-0.00504733
1950-11-17;0.00706104;0.00709747
1950-11-20;0.00340960;0.00351892
1950-11-21;-0.00254714;-0.00251070
1950-11-22;0.01404615;0.01408259
1950-11-24;0.00785980;0.00793267
1950-11-27;-0.00700483;-0.00689552
1950-11-28;-0.03076184;-0.03072541
1950-11-29;-0.00975206;-0.00971562
1950-11-30;0.00718932;0.00722575
1950-12-01;0.00765001;0.00768645
1950-12-04;-0.03368577;-0.03357646
1950-12-05;0.01627743;0.01631387
1950-12-06;0.00721177;0.00724821
1950-12-07;-0.00260905;-0.00257261
1950-12-08;-0.00003836;-0.00000192
1950-12-11;0.01637978;0.01648909
1950-12-12;-0.00206675;-0.00203032
1950-12-13;-0.00054649;-0.00051005
1950-12-14;-0.01223968;-0.01220324
1950-12-15;-0.00518504;-0.00514860
1950-12-18;0.02678612;0.02689544
1950-12-19;0.00550321;0.00553964
1950-12-20;0.00046265;0.00049908
1950-12-21;0.00046239;0.00049883
1950-12-22;0.00446615;0.00450259
1950-12-26;-0.00762727;-0.00748151
1950-12-27;0.01903795;0.01907439
1950-12-28;0.00390253;0.00393897
1950-12-29;0.00241503;0.00245147
1951-01-02;0.01648877;0.01663452
1951-01-03;-0.00389007;-0.00385363
1951-01-04;0.00866150;0.00869794
1951-01-05;-0.00003836;-0.00000192
1951-01-08;0.00611397;0.00622328
1951-01-09;0.00567593;0.00571237
1951-01-10;-0.01282245;-0.01278601
1951-01-11;0.01626860;0.01630504
1951-01-12;-0.00381372;-0.00377728
1951-01-15;0.00888541;0.00899472
1951-01-16;0.00747338;0.00750982
1951-01-17;0.00415549;0.00419193
1951-01-18;-0.00699891;-0.00696247
1951-01-19;-0.00190752;-0.00187108
1951-01-22;-0.00854203;-0.00843272
1951-01-23;0.00373879;0.00377523
1951-01-24;-0.00474203;-0.00470559
1951-01-25;-0.00618202;-0.00614559
1951-01-26;0.01089840;0.01093484
1951-01-29;0.01916997;0.01927929
1951-01-30;0.00319192;0.00322835
1951-01-31;-0.00371821;-0.00368177
1951-02-01;0.00504013;0.00507657
1951-02-02;0.00868925;0.00872569
1951-02-05;0.01081389;0.01092321
1951-02-06;-0.00364196;-0.00360552
1951-02-07;-0.00591539;-0.00587895
1951-02-08;0.00450917;0.00454560
1951-02-09;0.00358319;0.00361963
1951-02-13;0.00029764;0.00044339
1951-02-14;-0.00274350;-0.00270706
1951-02-15;-0.00546331;-0.00542687
1951-02-16;0.00587073;0.00590717
1951-02-19;-0.01367133;-0.01356201
1951-02-20;-0.00187070;-0.00183426
1951-02-21;0.00317413;0.00321056
1951-02-23;0.00266803;0.00274090
1951-02-26;0.00034114;0.00045045
1951-02-27;-0.00779029;-0.00775386
1951-02-28;0.00179988;0.00183632
1951-03-01;0.00225522;0.00229166
1951-03-02;0.00362297;0.00365941
1951-03-05;-0.00649902;-0.00638970
1951-03-06;-0.00003836;-0.00000192
1951-03-07;0.00317413;0.00321056
1951-03-08;0.00407875;0.00411519
1951-03-09;-0.00003836;-0.00000192
1951-03-12;-0.01150459;-0.01139528
1951-03-13;-0.01340241;-0.01336597
1951-03-14;-0.00751150;-0.00747506
1951-03-15;0.00184400;0.00188044
1951-03-16;0.01640129;0.01643773
1951-03-19;-0.00381193;-0.00370261
1951-03-20;-0.00189364;-0.00185721
1951-03-21;0.00553785;0.00557429
1951-03-22;0.00412061;0.00415705
1951-03-26;-0.00935729;-0.00921154
1951-03-27;-0.00096729;-0.00093085
1951-03-28;-0.01166086;-0.01162442
1951-03-29;0.00325421;0.00329065
1951-03-30;0.00699399;0.00703043
1951-04-02;-0.00756386;-0.00745454
1951-04-03;-0.00285262;-0.00281618
1951-04-04;0.00654678;0.00658322
1951-04-05;0.01351305;0.01354948
1951-04-06;0.00134477;0.00138121
1951-04-09;-0.00195669;-0.00184737
1951-04-10;-0.00142212;-0.00138568
1951-04-11;-0.00050025;-0.00046381
1951-04-12;0.00874168;0.00877812
1951-04-13;0.01187186;0.01190830
1951-04-16;-0.00237854;-0.00226922
1951-04-17;0.00223025;0.00226668
1951-04-18;0.00177242;0.00180886
1951-04-19;-0.00410523;-0.00406880
1951-04-20;-0.00003836;-0.00000192
1951-04-23;0.00033865;0.00044797
1951-04-24;-0.00411999;-0.00408355
1951-04-25;0.00041702;0.00045346
1951-04-26;0.00860980;0.00864624
1951-04-27;0.01034071;0.01037714
1951-04-30;0.00102144;0.00113076
1951-05-01;0.00000000;0.00003644
1951-05-02;0.00000000;0.00003644
1951-05-03;0.00000000;0.00003644
1951-05-04;0.00000000;0.00003644
1951-05-07;0.00000000;0.00010932
1951-05-08;0.00000000;0.00003644
1951-05-09;0.00000000;0.00003644
1951-05-10;0.00000000;0.00003644
1951-05-11;0.00000000;0.00003644
1951-05-14;0.00000000;0.00010932
1951-05-15;0.00000000;0.00003644
1951-05-16;0.00000000;0.00003644
1951-05-17;0.00000000;0.00003644
1951-05-18;0.00000000;0.00003644
1951-05-21;0.00000000;0.00010932
1951-05-22;0.00000000;0.00003644
1951-05-23;0.00000000;0.00003644
1951-05-24;0.00000000;0.00003644
1951-05-25;0.00000000;0.00003644
1951-05-28;0.00000000;0.00010932
1951-05-29;0.00000000;0.00003644
1951-05-31;0.00000000;0.00007288
1951-06-01;0.00000000;0.00003644
1951-06-04;0.00000000;0.00010932
1951-06-05;0.00000000;0.00003644
1951-06-06;0.00000000;0.00003644
1951-06-07;0.00000000;0.00003644
1951-06-08;0.00000000;0.00003644
1951-06-11;0.00000000;0.00010932
1951-06-12;0.00000000;0.00003644
1951-06-13;0.00000000;0.00003644
1951-06-14;0.00000000;0.00003644
1951-06-15;0.00000000;0.00003644
1951-06-18;0.00000000;0.00010932
1951-06-19;0.00000000;0.00003644
1951-06-20;0.00000000;0.00003644
1951-06-21;0.00000000;0.00003644
1951-06-22;0.00000000;0.00003644
1951-06-25;0.00000000;0.00010932
1951-06-26;0.00000000;0.00003644
1951-06-27;0.00000000;0.00003644
1951-06-28;0.00000000;0.00003644
1951-06-29;0.00000000;0.00003644
1951-07-02;0.00000000;0.00010932
1951-07-03;0.00000000;0.00003644
1951-07-05;0.00000000;0.00007288
1951-07-06;0.00000000;0.00003644
1951-07-09;0.00000000;0.00010932
1951-07-10;0.00000000;0.00003644
1951-07-11;0.00000000;0.00003644
1951-07-12;0.00000000;0.00003644
1951-07-13;0.00000000;0.00003644
1951-07-16;0.00000000;0.00010932
1951-07-17;0.00000000;0.00003644
1951-07-18;0.00000000;0.00003644
1951-07-19;0.00000000;0.00003644
1951-07-20;0.00000000;0.00003644
1951-07-23;0.00000000;0.00010932
1951-07-24;0.00000000;0.00003644
1951-07-25;0.00000000;0.00003644
1951-07-26;0.00000000;0.00003644
1951-07-27;0.00000000;0.00003644
1951-07-30;0.00000000;0.00010932
1951-07-31;0.00000000;0.00003644
1951-08-01;0.00000000;0.00003644
1951-08-02;0.00000000;0.00003644
1951-08-03;0.00000000;0.00003644
1951-08-06;0.00000000;0.00010932
1951-08-07;0.00000000;0.00003644
1951-08-08;0.00000000;0.00003644
1951-08-09;0.00000000;0.00003644
1951-08-10;0.00000000;0.00003644
1951-08-13;0.00000000;0.00010932
1951-08-14;0.00000000;0.00003644
1951-08-15;0.00000000;0.00003644
1951-08-16;0.00000000;0.00003644
1951-08-17;0.00000000;0.00003644
1951-08-20;0.00000000;0.00010932
1951-08-21;0.00000000;0.00003644
1951-08-22;0.00000000;0.00003644
1951-08-23;0.00000000;0.00003644
1951-08-24;0.00000000;0.00003644
1951-08-27;0.00000000;0.00010932
1951-08-28;0.00000000;0.00003644
1951-08-29;0.00000000;0.00003644
1951-08-30;0.00000000;0.00003644
1951-08-31;0.00000000;0.00003644
1951-09-04;0.00000000;0.00014575
1951-09-05;0.00000000;0.00003644
1951-09-06;0.00000000;0.00003644
1951-09-07;0.00000000;0.00003644
1951-09-10;0.00000000;0.00010932
1951-09-11;0.00000000;0.00003644
1951-09-12;0.00000000;0.00003644
1951-09-13;0.00000000;0.00003644
1951-09-14;0.00000000;0.00003644
1951-09-17;0.00000000;0.00010932
1951-09-18;0.00000000;0.00003644
1951-09-19;0.00000000;0.00003644
1951-09-20;0.00000000;0.00003644
1951-09-21;0.00000000;0.00003644
1951-09-24;0.00000000;0.00010932
1951-09-25;0.00000000;0.00003644
1951-09-26;0.00000000;0.00003644
1951-09-27;0.00000000;0.00003644
1951-09-28;0.00000000;0.00003644
1951-10-01;0.00000000;0.00010932
1951-10-02;0.00000000;0.00003644
1951-10-03;0.00000000;0.00003644
1951-10-04;0.00000000;0.00003644
1951-10-05;0.00000000;0.00003644
1951-10-08;0.00000000;0.00010932
1951-10-09;0.00000000;0.00003644
1951-10-10;0.00000000;0.00003644
1951-10-11;0.00000000;0.00003644
1951-10-15;0.00000000;0.00014575
1951-10-16;0.00000000;0.00003644
1951-10-17;0.00000000;0.00003644
1951-10-18;0.00000000;0.00003644
1951-10-19;0.00000000;0.00003644
1951-10-22;0.00000000;0.00010932
1951-10-23;0.00000000;0.00003644
1951-10-24;0.00000000;0.00003644
1951-10-25;0.00000000;0.00003644
1951-10-26;0.00000000;0.00003644
1951-10-29;0.00000000;0.00010932
1951-10-30;0.00000000;0.00003644
1951-10-31;-0.00065000;-0.00061356
1951-11-01;0.00693636;0.00697280
1951-11-02;-0.00739766;-0.00736123
1951-11-05;-0.00491228;-0.00480296
1951-11-07;-0.01453771;-0.01446483
1951-11-08;-0.00092764;-0.00089120
1951-11-09;0.01242270;0.01245914
1951-11-13;0.00160482;0.00175057
1951-11-14;0.00259438;0.00263082
1951-11-15;-0.00047599;-0.00043955
1951-11-16;-0.00091401;-0.00087757
1951-11-19;-0.00405898;-0.00394966
1951-11-20;-0.00223809;-0.00220165
1951-11-21;-0.00180202;-0.00176559
1951-11-23;-0.01067742;-0.01060454
1951-11-26;0.00122422;0.00133353
1951-11-27;0.01021577;0.01025221
1951-11-28;-0.00224489;-0.00220845
1951-11-29;0.00261534;0.00265178
1951-11-30;0.00922499;0.00926143
1951-12-03;0.00556675;0.00567606
1951-12-04;0.00561136;0.00564780
1951-12-05;-0.00306342;-0.00302698
1951-12-06;0.01166515;0.01170159
1951-12-07;0.00167544;0.00171188
1951-12-10;0.00159580;0.00170511
1951-12-11;-0.00516218;-0.00512574
1951-12-12;0.00296594;0.00300237
1951-12-13;0.00081744;0.00085388
1951-12-14;-0.00089342;-0.00085698
1951-12-17;0.00159653;0.00170584
1951-12-18;0.00337899;0.00341543
1951-12-19;0.00336735;0.00340379
1951-12-20;-0.00003836;-0.00000192
1951-12-21;-0.00258396;-0.00254753
1951-12-24;0.00116098;0.00127030
1951-12-26;-0.00432480;-0.00425192
1951-12-27;0.00892069;0.00895713
1951-12-28;0.00165298;0.00168941
1951-12-31;0.00326188;0.00337120
1952-01-02;0.00118538;0.00125826
1952-01-03;0.00332299;0.00335943
1952-01-04;0.00163669;0.00167312
1952-01-07;-0.00053313;-0.00042381
1952-01-08;-0.00380247;-0.00376603
1952-01-09;-0.00339688;-0.00336044
1952-01-10;0.00501640;0.00505284
1952-01-11;0.00499098;0.00502742
1952-01-14;0.00739119;0.00750050
1952-01-15;-0.00417743;-0.00414099
1952-01-16;0.00120853;0.00124496
1952-01-17;0.00452785;0.00456429
1952-01-18;0.00202776;0.00206420
1952-01-21;0.00854473;0.00865404
1952-01-22;0.00813826;0.00817470
1952-01-23;-0.00490454;-0.00486810
1952-01-24;0.00077664;0.00081308
1952-01-25;-0.00044552;-0.00040908
1952-01-28;0.00232892;0.00243824
1952-01-29;-0.00166371;-0.00162727
1952-01-30;-0.01387637;-0.01383993
1952-01-31;-0.00375276;-0.00371632
1952-02-01;0.00658965;0.00662609
1952-02-04;-0.00752248;-0.00741316
1952-02-05;-0.00045295;-0.00041651
1952-02-06;0.00286500;0.00290144
1952-02-07;-0.00293331;-0.00289687
1952-02-08;0.00535360;0.00539004
1952-02-11;-0.00547810;-0.00536879
1952-02-13;-0.00795726;-0.00788438
1952-02-14;-0.00212866;-0.00209222
1952-02-15;-0.00045729;-0.00042085
1952-02-18;-0.00514441;-0.00503509
1952-02-19;-0.01604510;-0.01600866
1952-02-20;-0.01159658;-0.01156014
1952-02-21;0.00299326;0.00302970
1952-02-25;0.00286903;0.00301478
1952-02-26;-0.00348218;-0.00344574
1952-02-27;0.00125754;0.00129398
1952-02-28;0.00470711;0.00474355
1952-02-29;-0.00132646;-0.00129002
1952-03-03;0.00117470;0.00128401
1952-03-04;0.01670703;0.01674347
1952-03-05;0.00122854;0.00126497
1952-03-06;-0.00088188;-0.00084544
1952-03-07;0.00122800;0.00126444
1952-03-10;-0.00517409;-0.00506478
1952-03-11;0.00080910;0.00084554
1952-03-12;0.00461871;0.00465515
1952-03-13;0.00080446;0.00084090
1952-03-14;-0.00003836;-0.00000192
1952-03-17;0.00704283;0.00715214
1952-03-18;-0.00212866;-0.00209222
1952-03-19;-0.00213304;-0.00209660
1952-03-20;0.00290035;0.00293679
1952-03-21;0.00163598;0.00167242
1952-03-24;-0.00011507;-0.00000575
1952-03-25;-0.00588875;-0.00585231
1952-03-26;-0.00045870;-0.00042226
1952-03-27;0.00879259;0.00882903
1952-03-28;0.00788161;0.00791805
1952-03-31;0.00774267;0.00785198
1952-04-01;-0.00783483;-0.00779839
1952-04-02;-0.00251975;-0.00248331
1952-04-03;-0.00003836;-0.00000192
1952-04-04;-0.00418429;-0.00414785
1952-04-07;-0.00927410;-0.00916479
1952-04-08;0.00458349;0.00461993
1952-04-09;0.00121635;0.00125279
1952-04-10;0.00706273;0.00709917
1952-04-14;-0.00678968;-0.00664392
1952-04-15;-0.01256445;-0.01252801
1952-04-16;-0.00299819;-0.00296175
1952-04-17;-0.00724786;-0.00721142
1952-04-18;0.00380615;0.00384259
1952-04-21;0.00797004;0.00807935
1952-04-22;-0.00468167;-0.00464523
1952-04-23;-0.00427924;-0.00424280
1952-04-24;-0.00216783;-0.00213139
1952-04-25;0.00465648;0.00469292
1952-04-28;0.00030974;0.00041906
1952-04-29;-0.00258613;-0.00254969
1952-04-30;-0.00792548;-0.00788904
1952-05-01;0.00000000;0.00003644
1952-05-02;0.00000000;0.00003644
1952-05-05;0.00000000;0.00010932
1952-05-06;0.00000000;0.00003644
1952-05-07;0.00000000;0.00003644
1952-05-08;0.00000000;0.00003644
1952-05-09;0.00000000;0.00003644
1952-05-12;0.00000000;0.00010932
1952-05-13;0.00000000;0.00003644
1952-05-14;0.00000000;0.00003644
1952-05-15;0.00000000;0.00003644
1952-05-16;0.00000000;0.00003644
1952-05-19;0.00000000;0.00010932
1952-05-20;0.00000000;0.00003644
1952-05-21;0.00000000;0.00003644
1952-05-22;0.00000000;0.00003644
1952-05-23;0.00000000;0.00003644
1952-05-26;0.00000000;0.00010932
1952-05-27;0.00000000;0.00003644
1952-05-28;0.00000000;0.00003644
1952-05-29;0.00000000;0.00003644
1952-06-02;0.00000000;0.00014575
1952-06-03;0.00000000;0.00003644
1952-06-04;0.00000000;0.00003644
1952-06-05;0.00000000;0.00003644
1952-06-06;0.00000000;0.00003644
1952-06-09;0.00000000;0.00010932
1952-06-10;0.00000000;0.00003644
1952-06-11;0.00000000;0.00003644
1952-06-12;0.00000000;0.00003644
1952-06-13;0.00000000;0.00003644
1952-06-16;0.00000000;0.00010932
1952-06-17;0.00000000;0.00003644
1952-06-18;0.00000000;0.00003644
1952-06-19;0.00000000;0.00003644
1952-06-20;0.00000000;0.00003644
1952-06-23;0.00000000;0.00010932
1952-06-24;0.00000000;0.00003644
1952-06-25;0.00000000;0.00003644
1952-06-26;0.00000000;0.00003644
1952-06-27;0.00000000;0.00003644
1952-06-30;0.00000000;0.00010932
1952-07-01;0.00000000;0.00003644
1952-07-02;0.00000000;0.00003644
1952-07-03;0.00000000;0.00003644
1952-07-07;0.00000000;0.00014575
1952-07-08;0.00000000;0.00003644
1952-07-09;0.00000000;0.00003644
1952-07-10;0.00000000;0.00003644
1952-07-11;0.00000000;0.00003644
1952-07-14;0.00000000;0.00010932
1952-07-15;0.00000000;0.00003644
1952-07-16;0.00000000;0.00003644
1952-07-17;0.00000000;0.00003644
1952-07-18;0.00000000;0.00003644
1952-07-21;0.00000000;0.00010932
1952-07-22;0.00000000;0.00003644
1952-07-23;0.00000000;0.00003644
1952-07-24;0.00000000;0.00003644
1952-07-25;0.00000000;0.00003644
1952-07-28;0.00000000;0.00010932
1952-07-29;0.00000000;0.00003644
1952-07-30;0.00000000;0.00003644
1952-07-31;0.00000000;0.00003644
1952-08-01;0.00000000;0.00003644
1952-08-04;0.00000000;0.00010932
1952-08-05;0.00000000;0.00003644
1952-08-06;0.00000000;0.00003644
1952-08-07;0.00000000;0.00003644
1952-08-08;0.00000000;0.00003644
1952-08-11;0.00000000;0.00010932
1952-08-12;0.00000000;0.00003644
1952-08-13;0.00000000;0.00003644
1952-08-14;0.00000000;0.00003644
1952-08-15;0.00000000;0.00003644
1952-08-18;0.00000000;0.00010932
1952-08-19;0.00000000;0.00003644
1952-08-20;0.00000000;0.00003644
1952-08-21;0.00000000;0.00003644
1952-08-22;0.00000000;0.00003644
1952-08-25;0.00000000;0.00010932
1952-08-26;0.00000000;0.00003644
1952-08-27;0.00000000;0.00003644
1952-08-28;0.00000000;0.00003644
1952-08-29;0.00000000;0.00003644
1952-09-02;0.00000000;0.00014575
1952-09-03;0.00000000;0.00003644
1952-09-04;0.00000000;0.00003644
1952-09-05;0.00000000;0.00003644
1952-09-08;0.00000000;0.00010932
1952-09-09;0.00000000;0.00003644
1952-09-10;0.00000000;0.00003644
1952-09-11;0.00000000;0.00003644
1952-09-12;0.00000000;0.00003644
1952-09-15;0.00000000;0.00010932
1952-09-16;0.00000000;0.00003644
1952-09-17;0.00000000;0.00003644
1952-09-18;0.00000000;0.00003644
1952-09-19;0.00000000;0.00003644
1952-09-22;0.00000000;0.00010932
1952-09-23;0.00000000;0.00003644
1952-09-24;0.00000000;0.00003644
1952-09-25;0.00000000;0.00003644
1952-09-26;0.00000000;0.00003644
1952-09-29;0.00000000;0.00010932
1952-09-30;0.00000000;0.00003644
1952-10-01;0.00000000;0.00003644
1952-10-02;0.00000000;0.00003644
1952-10-03;0.00000000;0.00003644
1952-10-06;0.00000000;0.00010932
1952-10-07;0.00000000;0.00003644
1952-10-08;0.00000000;0.00003644
1952-10-09;0.00000000;0.00003644
1952-10-10;0.00000000;0.00003644
1952-10-14;0.00000000;0.00014575
1952-10-15;0.00000000;0.00003644
1952-10-16;0.00000000;0.00003644
1952-10-17;0.00000000;0.00003644
1952-10-20;0.00000000;0.00010932
1952-10-21;0.00000000;0.00003644
1952-10-22;0.00000000;0.00003644
1952-10-23;0.00000000;0.00003644
1952-10-24;0.00000000;0.00003644
1952-10-27;0.00000000;0.00010932
1952-10-28;0.00000000;0.00003644
1952-10-29;0.00000000;0.00003644
1952-10-30;0.00000000;0.00003644
1952-10-31;-0.00065000;-0.00061356
1952-11-03;0.00314757;0.00325689
1952-11-05;0.00276882;0.00284169
1952-11-06;0.00401515;0.00405159
1952-11-07;0.00036536;0.00040180
1952-11-10;-0.00051862;-0.00040930
1952-11-12;-0.00492128;-0.00484841
1952-11-13;0.00239572;0.00243216
1952-11-14;0.00158042;0.00161686
1952-11-17;0.00190513;0.00201445
1952-11-18;0.01447777;0.01451421
1952-11-19;0.00671840;0.00675484
1952-11-20;-0.00201230;-0.00197586
1952-11-21;-0.00043393;-0.00039749
1952-11-24;0.00582082;0.00593014
1952-11-25;-0.00239870;-0.00236226
1952-11-26;0.00627079;0.00630723
1952-11-28;0.00540918;0.00548206
1952-12-01;0.00066435;0.00077367
1952-12-02;0.00229809;0.00233453
1952-12-03;-0.00120386;-0.00116742
1952-12-04;-0.00392789;-0.00389145
1952-12-05;0.00035212;0.00038855
1952-12-08;0.00534941;0.00545873
1952-12-09;0.00656102;0.00659746
1952-12-10;0.00188991;0.00192635
1952-12-11;-0.00080818;-0.00077174
1952-12-12;0.00304331;0.00307975
1952-12-15;-0.00011507;-0.00000575
1952-12-16;0.00111372;0.00115016
1952-12-17;-0.00118910;-0.00115267
1952-12-18;-0.00042238;-0.00038594
1952-12-19;0.00457171;0.00460815
1952-12-22;0.00562107;0.00573038
1952-12-23;-0.00422087;-0.00418443
1952-12-24;0.00072529;0.00076173
1952-12-26;0.00144942;0.00152230
1952-12-29;0.00559922;0.00570853
1952-12-30;0.00715861;0.00719505
1952-12-31;-0.00079052;-0.00075408
1953-01-02;-0.00120581;-0.00113293
1953-01-05;0.00440641;0.00451572
1953-01-06;-0.00679004;-0.00675361
1953-01-07;-0.00419243;-0.00415600
1953-01-08;-0.00155523;-0.00151879
1953-01-09;-0.00953323;-0.00949679
1953-01-12;-0.00855065;-0.00844134
1953-01-13;0.00614881;0.00618524
1953-01-14;0.00226756;0.00230400
1953-01-15;0.00187882;0.00191526
1953-01-16;-0.00424808;-0.00421164
1953-01-19;-0.00049939;-0.00039007
1953-01-20;0.00495972;0.00499616
1953-01-21;-0.00195113;-0.00191470
1953-01-22;0.00111151;0.00114795
1953-01-23;-0.00195260;-0.00191616
1953-01-26;-0.00203298;-0.00192367
1953-01-27;0.00111460;0.00115104
1953-01-28;0.00303266;0.00306910
1953-01-29;0.00264056;0.00267700
1953-01-30;0.00683187;0.00686831
1953-02-02;0.00481291;0.00492222
1953-02-03;0.00109329;0.00112973
1953-02-04;-0.00455983;-0.00452339
1953-02-05;-0.01025789;-0.01022145
1953-02-06;0.01372837;0.01376481
1953-02-09;-0.03104679;-0.03093748
1953-02-10;-0.00276315;-0.00272671
1953-02-11;0.00074228;0.00077872
1953-02-13;0.00382344;0.00389632
1953-02-16;-0.00361157;-0.00350226
1953-02-17;-0.00588631;-0.00584987
1953-02-18;-0.00082267;-0.00078623
1953-02-19;0.00349383;0.00353026
1953-02-20;0.00230814;0.00234458
1953-02-24;0.00452859;0.00467434
1953-02-25;0.00617524;0.00621167
1953-02-26;0.00150545;0.00154189
1953-02-27;-0.00196514;-0.00192870
1953-03-02;0.00104323;0.00115255
1953-03-03;0.00266122;0.00269766
1953-03-04;-0.00849989;-0.00846346
1953-03-05;0.00034954;0.00038598
1953-03-06;0.00190038;0.00193682
1953-03-09;-0.00050207;-0.00039275
1953-03-10;0.00305882;0.00309526
1953-03-11;0.00806662;0.00810306
1953-03-12;0.00034449;0.00038093
1953-03-13;0.00187515;0.00191159
1953-03-16;0.00141282;0.00152213
1953-03-17;0.00415691;0.00419335
1953-03-18;-0.00345651;-0.00342007
1953-03-19;-0.00080055;-0.00076411
1953-03-20;-0.00156391;-0.00152747
1953-03-23;-0.00622660;-0.00611729
1953-03-24;0.00572644;0.00576288
1953-03-25;-0.00271317;-0.00267674
1953-03-26;-0.00578548;-0.00574904
1953-03-27;0.00150307;0.00153951
1953-03-30;-0.01473608;-0.01462676
1953-03-31;-0.01253348;-0.01249704
1953-04-01;-0.00162001;-0.00158357
1953-04-02;-0.00083044;-0.00079400
1953-04-06;-0.02472734;-0.02458159
1953-04-07;0.00402503;0.00406147
1953-04-08;0.00886492;0.00890136
1953-04-09;-0.00204397;-0.00200753
1953-04-10;-0.00244993;-0.00241349
1953-04-13;-0.00212957;-0.00202026
1953-04-14;0.00359507;0.00363151
1953-04-15;0.00398417;0.00402061
1953-04-16;-0.00204156;-0.00200512
1953-04-17;-0.01168027;-0.01164383
1953-04-20;0.00435284;0.00446216
1953-04-21;-0.00246456;-0.00242812
1953-04-22;-0.00855072;-0.00851428
1953-04-23;-0.01107679;-0.01104035
1953-04-24;0.00037504;0.00041148
1953-04-27;0.00567006;0.00577937
1953-04-28;0.00735688;0.00739332
1953-04-29;0.00648693;0.00652337
1953-04-30;-0.00311947;-0.00308304
1953-05-01;0.00000000;0.00003644
1953-05-04;0.00000000;0.00010932
1953-05-05;0.00000000;0.00003644
1953-05-06;0.00000000;0.00003644
1953-05-07;0.00000000;0.00003644
1953-05-08;0.00000000;0.00003644
1953-05-11;0.00000000;0.00010932
1953-05-12;0.00000000;0.00003644
1953-05-13;0.00000000;0.00003644
1953-05-14;0.00000000;0.00003644
1953-05-15;0.00000000;0.00003644
1953-05-18;0.00000000;0.00010932
1953-05-19;0.00000000;0.00003644
1953-05-20;0.00000000;0.00003644
1953-05-21;0.00000000;0.00003644
1953-05-22;0.00000000;0.00003644
1953-05-25;0.00000000;0.00010932
1953-05-26;0.00000000;0.00003644
1953-05-27;0.00000000;0.00003644
1953-05-28;0.00000000;0.00003644
1953-05-29;0.00000000;0.00003644
1953-06-01;0.00000000;0.00010932
1953-06-02;0.00000000;0.00003644
1953-06-03;0.00000000;0.00003644
1953-06-04;0.00000000;0.00003644
1953-06-05;0.00000000;0.00003644
1953-06-08;0.00000000;0.00010932
1953-06-09;0.00000000;0.00003644
1953-06-10;0.00000000;0.00003644
1953-06-11;0.00000000;0.00003644
1953-06-12;0.00000000;0.00003644
1953-06-15;0.00000000;0.00010932
1953-06-16;0.00000000;0.00003644
1953-06-17;0.00000000;0.00003644
1953-06-18;0.00000000;0.00003644
1953-06-19;0.00000000;0.00003644
1953-06-22;0.00000000;0.00010932
1953-06-23;0.00000000;0.00003644
1953-06-24;0.00000000;0.00003644
1953-06-25;0.00000000;0.00003644
1953-06-26;0.00000000;0.00003644
1953-06-29;0.00000000;0.00010932
1953-06-30;0.00000000;0.00003644
1953-07-01;0.00000000;0.00003644
1953-07-02;0.00000000;0.00003644
1953-07-03;0.00000000;0.00003644
1953-07-06;0.00000000;0.00010932
1953-07-07;0.00000000;0.00003644
1953-07-08;0.00000000;0.00003644
1953-07-09;0.00000000;0.00003644
1953-07-10;0.00000000;0.00003644
1953-07-13;0.00000000;0.00010932
1953-07-14;0.00000000;0.00003644
1953-07-15;0.00000000;0.00003644
1953-07-16;0.00000000;0.00003644
1953-07-17;0.00000000;0.00003644
1953-07-20;0.00000000;0.00010932
1953-07-21;0.00000000;0.00003644
1953-07-22;0.00000000;0.00003644
1953-07-23;0.00000000;0.00003644
1953-07-24;0.00000000;0.00003644
1953-07-27;0.00000000;0.00010932
1953-07-28;0.00000000;0.00003644
1953-07-29;0.00000000;0.00003644
1953-07-30;0.00000000;0.00003644
1953-07-31;0.00000000;0.00003644
1953-08-03;0.00000000;0.00010932
1953-08-04;0.00000000;0.00003644
1953-08-05;0.00000000;0.00003644
1953-08-06;0.00000000;0.00003644
1953-08-07;0.00000000;0.00003644
1953-08-10;0.00000000;0.00010932
1953-08-11;0.00000000;0.00003644
1953-08-12;0.00000000;0.00003644
1953-08-13;0.00000000;0.00003644
1953-08-14;0.00000000;0.00003644
1953-08-17;0.00000000;0.00010932
1953-08-18;0.00000000;0.00003644
1953-08-19;0.00000000;0.00003644
1953-08-20;0.00000000;0.00003644
1953-08-21;0.00000000;0.00003644
1953-08-24;0.00000000;0.00010932
1953-08-25;0.00000000;0.00003644
1953-08-26;0.00000000;0.00003644
1953-08-27;0.00000000;0.00003644
1953-08-28;0.00000000;0.00003644
1953-08-31;0.00000000;0.00010932
1953-09-01;0.00000000;0.00003644
1953-09-02;0.00000000;0.00003644
1953-09-03;0.00000000;0.00003644
1953-09-04;0.00000000;0.00003644
1953-09-08;0.00000000;0.00014575
1953-09-09;0.00000000;0.00003644
1953-09-10;0.00000000;0.00003644
1953-09-11;0.00000000;0.00003644
1953-09-14;0.00000000;0.00010932
1953-09-15;0.00000000;0.00003644
1953-09-16;0.00000000;0.00003644
1953-09-17;0.00000000;0.00003644
1953-09-18;0.00000000;0.00003644
1953-09-21;0.00000000;0.00010932
1953-09-22;0.00000000;0.00003644
1953-09-23;0.00000000;0.00003644
1953-09-24;0.00000000;0.00003644
1953-09-25;0.00000000;0.00003644
1953-09-28;0.00000000;0.00010932
1953-09-29;0.00000000;0.00003644
1953-09-30;0.00000000;0.00003644
1953-10-01;0.00000000;0.00003644
1953-10-02;0.00000000;0.00003644
1953-10-05;0.00000000;0.00010932
1953-10-06;0.00000000;0.00003644
1953-10-07;0.00000000;0.00003644
1953-10-08;0.00000000;0.00003644
1953-10-09;0.00000000;0.00003644
1953-10-13;0.00000000;0.00014575
1953-10-14;0.00000000;0.00003644
1953-10-15;0.00000000;0.00003644
1953-10-16;0.00000000;0.00003644
1953-10-19;0.00000000;0.00010932
1953-10-20;0.00000000;0.00003644
1953-10-21;0.00000000;0.00003644
1953-10-22;0.00000000;0.00003644
1953-10-23;0.00000000;0.00003644
1953-10-26;0.00000000;0.00010932
1953-10-27;0.00000000;0.00003644
1953-10-28;0.00000000;0.00003644
1953-10-29;0.00000000;0.00003644
1953-10-30;-0.00065000;-0.00061356
1953-11-02;0.00477491;0.00488422
1953-11-04;-0.00615944;-0.00608656
1953-11-05;0.00526560;0.00530204
1953-11-06;-0.00125589;-0.00121945
1953-11-09;0.00191663;0.00202594
1953-11-10;-0.01179829;-0.01176185
1953-11-12;0.00361635;0.00368923
1953-11-13;0.00323229;0.00326873
1953-11-16;-0.00663504;-0.00652572
1953-11-17;-0.00537060;-0.00533416
1953-11-18;0.00161113;0.00164757
1953-11-19;0.00449026;0.00452669
1953-11-20;0.00160099;0.00163743
1953-11-23;-0.00338839;-0.00327908
1953-11-24;0.00570877;0.00574521
1953-11-25;0.00077797;0.00081441
1953-11-27;0.00563291;0.00570579
1953-11-30;0.00394008;0.00404940
1953-12-01;0.00076940;0.00080584
1953-12-02;0.00682202;0.00685845
1953-12-03;0.00076325;0.00079969
1953-12-04;0.00036212;0.00039856
1953-12-07;-0.00131603;-0.00120671
1953-12-08;-0.00324477;-0.00320833
1953-12-09;-0.00124463;-0.00120819
1953-12-10;-0.00245382;-0.00241738
1953-12-11;-0.00084546;-0.00080902
1953-12-14;-0.00294221;-0.00283289
1953-12-15;0.00077169;0.00080813
1953-12-16;0.01007901;0.01011544
1953-12-17;-0.00083964;-0.00080320
1953-12-18;0.00196646;0.00200289
1953-12-21;-0.00171571;-0.00160639
1953-12-22;-0.00765359;-0.00761715
1953-12-23;-0.00286550;-0.00282906
1953-12-24;0.00441689;0.00445333
1953-12-28;-0.00378246;-0.00363670
1953-12-29;-0.00651347;-0.00647703
1953-12-30;0.00851562;0.00855205
1953-12-31;0.00198103;0.00201747
1954-01-04;0.00548946;0.00563521
1954-01-05;0.00597504;0.00601011
1954-01-06;0.00155664;0.00159171
1954-01-07;-0.00321999;-0.00318410
1954-01-08;-0.00522536;-0.00518947
1954-01-11;-0.00532967;-0.00522035
1954-01-12;0.00520440;0.00524002
1954-01-13;0.00557819;0.00561381
1954-01-14;0.00474961;0.00478468
1954-01-15;0.00949280;0.00952567
1954-01-18;-0.00010438;-0.00000575
1954-01-19;0.00979611;0.00982899
1954-01-20;0.00269216;0.00272394
1954-01-21;0.00152189;0.00155148
1954-01-22;0.00229717;0.00232457
1954-01-25;0.00300683;0.00308902
1954-01-26;0.00614114;0.00616854
1954-01-27;-0.00309782;-0.00306823
1954-01-28;0.00035625;0.00038255
1954-01-29;0.00227606;0.00230400
1954-02-01;-0.00354215;-0.00345667
1954-02-02;-0.00272266;-0.00269526
1954-02-03;0.00344236;0.00347030
1954-02-04;0.00727529;0.00730296
1954-02-05;0.00379022;0.00381488
1954-02-08;-0.00274050;-0.00266735
1954-02-09;-0.00231348;-0.00228937
1954-02-10;-0.00117375;-0.00114827
1954-02-11;-0.00308811;-0.00306236
1954-02-12;0.00227471;0.00230046
1954-02-15;-0.00314909;-0.00306854
1954-02-16;-0.00886133;-0.00883448
1954-02-17;0.00190737;0.00193532
1954-02-18;-0.00002849;-0.00000192
1954-02-19;0.00229197;0.00231827
1954-02-23;-0.00358400;-0.00347989
1954-02-24;-0.00002849;-0.00000192
1954-02-25;0.00306786;0.00309526
1954-02-26;0.00923352;0.00926092
1954-03-01;0.00373368;0.00381834
1954-03-02;0.00263653;0.00266475
1954-03-03;-0.00003068;-0.00000192
1954-03-04;0.00338932;0.00341754
1954-03-05;0.00413523;0.00416317
1954-03-08;-0.00272993;-0.00264527
1954-03-09;0.00223829;0.00226651
1954-03-10;0.00223234;0.00226138
1954-03-11;0.00448569;0.00451445
1954-03-12;-0.00003041;-0.00000192
1954-03-15;-0.00458730;-0.00450182
1954-03-16;-0.00040623;-0.00037828
1954-03-17;0.00222945;0.00225712
1954-03-18;0.00410264;0.00413031
1954-03-19;0.00296358;0.00299097
1954-03-22;-0.00083394;-0.00075174
1954-03-23;-0.00712151;-0.00709412
1954-03-24;-0.00491790;-0.00488914
1954-03-25;-0.00192016;-0.00189085
1954-03-26;0.00526833;0.00529710
1954-03-29;0.00367301;0.00375931
1954-03-30;0.00109487;0.00112336
1954-03-31;0.00933667;0.00936489
1954-04-01;0.00850763;0.00853557
1954-04-02;0.00144290;0.00147029
1954-04-05;0.00175126;0.00183181
1954-04-06;-0.00919944;-0.00917286
1954-04-07;0.00367302;0.00370041
1954-04-08;0.00993011;0.00995751
1954-04-09;-0.00003014;-0.00000192
1954-04-12;0.00684814;0.00693362
1954-04-13;0.00250803;0.00253707
1954-04-14;0.00756727;0.00759577
1954-04-15;0.00320146;0.00322968
1954-04-19;-0.00656183;-0.00645005
1954-04-20;-0.00038955;-0.00036215
1954-04-21;-0.00399328;-0.00396588
1954-04-22;0.00141841;0.00144526
1954-04-23;0.00358505;0.00361080
1954-04-26;0.00352410;0.00359396
1954-04-27;-0.00612222;-0.00609948
1954-04-28;0.00178002;0.00180248
1954-04-29;0.01510557;0.01512777
1954-04-30;0.00216478;0.00218698
1954-05-03;0.00000000;0.00006329
1954-05-04;0.00000000;0.00001973
1954-05-05;0.00000000;0.00001973
1954-05-06;0.00000000;0.00002055
1954-05-07;0.00000000;0.00002164
1954-05-10;0.00000000;0.00006575
1954-05-11;0.00000000;0.00002137
1954-05-12;0.00000000;0.00002247
1954-05-13;0.00000000;0.00002247
1954-05-14;0.00000000;0.00002192
1954-05-17;0.00000000;0.00006575
1954-05-18;0.00000000;0.00002219
1954-05-19;0.00000000;0.00002164
1954-05-20;0.00000000;0.00002137
1954-05-21;0.00000000;0.00002082
1954-05-24;0.00000000;0.00006000
1954-05-25;0.00000000;0.00001918
1954-05-26;0.00000000;0.00001918
1954-05-27;0.00000000;0.00001918
1954-05-28;0.00000000;0.00001973
1954-06-01;0.00000000;0.00007781
1954-06-02;0.00000000;0.00001945
1954-06-03;0.00000000;0.00001863
1954-06-04;0.00000000;0.00001808
1954-06-07;0.00000000;0.00005014
1954-06-08;0.00000000;0.00001671
1954-06-09;0.00000000;0.00001699
1954-06-10;0.00000000;0.00001671
1954-06-11;0.00000000;0.00001699
1954-06-14;0.00000000;0.00005260
1954-06-15;0.00000000;0.00001726
1954-06-16;0.00000000;0.00001726
1954-06-17;0.00000000;0.00001671
1954-06-18;0.00000000;0.00001726
1954-06-21;0.00000000;0.00005178
1954-06-22;0.00000000;0.00001671
1954-06-23;0.00000000;0.00001699
1954-06-24;0.00000000;0.00001699
1954-06-25;0.00000000;0.00001753
1954-06-28;0.00000000;0.00005260
1954-06-29;0.00000000;0.00001753
1954-06-30;0.00000000;0.00001753
1954-07-01;0.00000000;0.00001781
1954-07-02;0.00000000;0.00001808
1954-07-06;0.00000000;0.00007233
1954-07-07;0.00000000;0.00001781
1954-07-08;0.00000000;0.00001781
1954-07-09;0.00000000;0.00001836
1954-07-12;0.00000000;0.00005671
1954-07-13;0.00000000;0.00001918
1954-07-14;0.00000000;0.00002000
1954-07-15;0.00000000;0.00002055
1954-07-16;0.00000000;0.00002000
1954-07-19;0.00000000;0.00006000
1954-07-20;0.00000000;0.00001973
1954-07-21;0.00000000;0.00002027
1954-07-22;0.00000000;0.00002055
1954-07-23;0.00000000;0.00002110
1954-07-26;0.00000000;0.00006411
1954-07-27;0.00000000;0.00002110
1954-07-28;0.00000000;0.00002164
1954-07-29;0.00000000;0.00002164
1954-07-30;0.00000000;0.00002164
1954-08-02;0.00000000;0.00006411
1954-08-03;0.00000000;0.00002110
1954-08-04;0.00000000;0.00002164
1954-08-05;0.00000000;0.00002192
1954-08-06;0.00000000;0.00002274
1954-08-09;0.00000000;0.00007397
1954-08-10;0.00000000;0.00002411
1954-08-11;0.00000000;0.00002548
1954-08-12;0.00000000;0.00002548
1954-08-13;0.00000000;0.00002548
1954-08-16;0.00000000;0.00007479
1954-08-17;0.00000000;0.00002493
1954-08-18;0.00000000;0.00002521
1954-08-19;0.00000000;0.00002548
1954-08-20;0.00000000;0.00002575
1954-08-23;0.00000000;0.00008219
1954-08-24;0.00000000;0.00002740
1954-08-25;0.00000000;0.00002685
1954-08-26;0.00000000;0.00002712
1954-08-27;0.00000000;0.00002740
1954-08-30;0.00000000;0.00008548
1954-08-31;0.00000000;0.00002877
1954-09-01;0.00000000;0.00002822
1954-09-02;0.00000000;0.00002795
1954-09-03;0.00000000;0.00002795
1954-09-07;0.00000000;0.00011288
1954-09-08;0.00000000;0.00002795
1954-09-09;0.00000000;0.00002795
1954-09-10;0.00000000;0.00002795
1954-09-13;0.00000000;0.00008466
1954-09-14;0.00000000;0.00002849
1954-09-15;0.00000000;0.00002795
1954-09-16;0.00000000;0.00002740
1954-09-17;0.00000000;0.00002740
1954-09-20;0.00000000;0.00008055
1954-09-21;0.00000000;0.00002685
1954-09-22;0.00000000;0.00002712
1954-09-23;0.00000000;0.00002712
1954-09-24;0.00000000;0.00002712
1954-09-27;0.00000000;0.00008219
1954-09-28;0.00000000;0.00002712
1954-09-29;0.00000000;0.00002740
1954-09-30;0.00000000;0.00002712
1954-10-01;0.00000000;0.00002658
1954-10-04;0.00000000;0.00007890
1954-10-05;0.00000000;0.00002575
1954-10-06;0.00000000;0.00002575
1954-10-07;0.00000000;0.00002575
1954-10-08;0.00000000;0.00002575
1954-10-11;0.00000000;0.00007890
1954-10-12;0.00000000;0.00002630
1954-10-13;0.00000000;0.00002685
1954-10-14;0.00000000;0.00002712
1954-10-15;0.00000000;0.00002740
1954-10-18;0.00000000;0.00008219
1954-10-19;0.00000000;0.00002712
1954-10-20;0.00000000;0.00002767
1954-10-21;0.00000000;0.00002740
1954-10-22;0.00000000;0.00002740
1954-10-25;0.00000000;0.00008219
1954-10-26;0.00000000;0.00002740
1954-10-27;0.00000000;0.00002767
1954-10-28;0.00000000;0.00002767
1954-10-29;-0.00065000;-0.00062260
1954-11-01;0.00338428;0.00346647
1954-11-03;0.02038750;0.02044285
1954-11-04;0.01168434;0.01171202
1954-11-05;-0.00338011;-0.00335353
1954-11-08;0.00939421;0.00947147
1954-11-09;0.00391125;0.00393509
1954-11-10;0.00087895;0.00090306
1954-11-11;0.00871418;0.00873829
1954-11-12;0.00206485;0.00208951
1954-11-15;-0.00216679;-0.00209281
1954-11-16;0.00296145;0.00298583
1954-11-17;0.00176073;0.00178539
1954-11-18;-0.00567574;-0.00565164
1954-11-19;0.00027329;0.00029713
1954-11-22;0.00380914;0.00388064
1954-11-23;0.01337453;0.01339892
1954-11-24;0.00555591;0.00558139
1954-11-26;0.00958650;0.00963965
1954-11-29;-0.00037738;-0.00029519
1954-11-30;-0.00871517;-0.00868750
1954-12-01;-0.00733154;-0.00730332
1954-12-02;0.00555974;0.00558796
1954-12-03;0.00903949;0.00906771
1954-12-06;0.00773630;0.00782260
1954-12-07;0.00457203;0.00460107
1954-12-08;-0.00175027;-0.00172013
1954-12-09;-0.00490898;-0.00487857
1954-12-10;-0.00378063;-0.00374940
1954-12-13;0.00075874;0.00086230
1954-12-14;-0.00697541;-0.00694034
1954-12-15;0.00607792;0.00611162
1954-12-16;0.01067013;0.01070410
1954-12-17;0.02830623;0.02834048
1954-12-20;-0.01653717;-0.01643114
1954-12-21;0.00137879;0.00141331
1954-12-22;-0.00116592;-0.00113250
1954-12-23;0.00081410;0.00084698
1954-12-27;-0.00861546;-0.00848944
1954-12-28;0.01023258;0.01026327
1954-12-29;0.00871814;0.00874773
1954-12-30;-0.00003014;-0.00000192
1954-12-31;0.00668530;0.00671325
1955-01-03;0.02130708;0.02139502
1955-01-04;-0.00901082;-0.00898151
1955-01-05;-0.02474320;-0.02471361
1955-01-06;-0.01354557;-0.01351543
1955-01-07;0.00824393;0.00827434
1955-01-10;0.01291571;0.01301434
1955-01-11;-0.00310910;-0.00307540
1955-01-12;-0.00283968;-0.00280461
1955-01-13;-0.00425476;-0.00421777
1955-01-14;-0.00427288;-0.00423562
1955-01-17;-0.01995880;-0.01984702
1955-01-18;0.00632370;0.00636014
1955-01-19;0.00455934;0.00459578
1955-01-20;0.00482571;0.00486078
1955-01-21;0.00878711;0.00882245
1955-01-24;0.00214391;0.00225158
1955-01-25;-0.00031907;-0.00028345
1955-01-26;0.01235444;0.01238896
1955-01-27;0.00107786;0.00111074
1955-01-28;0.00552395;0.00555518
1955-01-31;0.01206025;0.01215230
1955-02-01;0.00242495;0.00245508
1955-02-02;-0.00302825;-0.00299756
1955-02-03;-0.00467642;-0.00464546
1955-02-04;0.01423853;0.01426812
1955-02-07;-0.00009123;-0.00000575
1955-02-08;-0.01355828;-0.01353006
1955-02-09;0.00792269;0.00795200
1955-02-10;0.00894836;0.00897767
1955-02-11;0.00185685;0.00188589
1955-02-14;-0.00709482;-0.00700441
1955-02-15;-0.00003205;-0.00000192
1955-02-16;-0.00328689;-0.00325483
1955-02-17;0.00186893;0.00190181
1955-02-18;0.00132160;0.00135530
1955-02-21;-0.00119691;-0.00109006
1955-02-23;-0.00089192;-0.00081795
1955-02-24;-0.00547128;-0.00543375
1955-02-25;-0.00140483;-0.00136729
1955-02-28;0.00507716;0.00518976
1955-03-01;0.00186507;0.00190233
1955-03-02;0.00865021;0.00868665
1955-03-03;0.00373262;0.00376659
1955-03-04;0.00613390;0.00616596
1955-03-07;-0.00650097;-0.00640234
1955-03-08;-0.01881134;-0.01877874
1955-03-09;-0.00987761;-0.00984336
1955-03-10;0.00631337;0.00634817
1955-03-11;-0.01731984;-0.01728587
1955-03-14;-0.02411743;-0.02401469
1955-03-15;0.02141747;0.02145117
1955-03-16;0.00752447;0.00755899
1955-03-17;0.00385406;0.00388913
1955-03-18;0.00162360;0.00165921
1955-03-21;-0.00647135;-0.00636286
1955-03-22;0.00608290;0.00611769
1955-03-23;0.01295639;0.01299228
1955-03-24;0.00787704;0.00791293
1955-03-25;0.00077509;0.00081043
1955-03-28;-0.00363156;-0.00352307
1955-03-29;0.00050468;0.00054112
1955-03-30;-0.00899550;-0.00895714
1955-03-31;0.00160239;0.00164102
1955-04-01;0.01007454;0.01011290
1955-04-04;-0.00337092;-0.00325339
1955-04-05;0.00403085;0.00407085
1955-04-06;0.00509435;0.00513599
1955-04-07;0.00452920;0.00457166
1955-04-11;0.00249179;0.00267042
1955-04-12;0.00582977;0.00587415
1955-04-13;0.00128055;0.00132575
1955-04-14;0.00207515;0.00211954
1955-04-15;0.00445224;0.00449663
1955-04-18;0.00802594;0.00816074
1955-04-19;-0.00135336;-0.00130842
1955-04-20;0.00152274;0.00156794
1955-04-21;0.00099781;0.00104301
1955-04-22;-0.00813689;-0.00809169
1955-04-25;0.00248869;0.00262513
1955-04-26;0.00520167;0.00524605
1955-04-27;-0.00526687;-0.00522249
1955-04-28;-0.01132970;-0.01128505
1955-04-29;0.00673552;0.00677908
1955-05-02;0.00000000;0.00013233
1955-05-03;0.00000000;0.00004356
1955-05-04;0.00000000;0.00004219
1955-05-05;0.00000000;0.00004082
1955-05-06;0.00000000;0.00004137
1955-05-09;0.00000000;0.00011836
1955-05-10;0.00000000;0.00003808
1955-05-11;0.00000000;0.00003890
1955-05-12;0.00000000;0.00003945
1955-05-13;0.00000000;0.00003918
1955-05-16;0.00000000;0.00011589
1955-05-17;0.00000000;0.00003808
1955-05-18;0.00000000;0.00003863
1955-05-19;0.00000000;0.00003945
1955-05-20;0.00000000;0.00003890
1955-05-23;0.00000000;0.00011753
1955-05-24;0.00000000;0.00003945
1955-05-25;0.00000000;0.00004027
1955-05-26;0.00000000;0.00003918
1955-05-27;0.00000000;0.00003863
1955-05-31;0.00000000;0.00015233
1955-06-01;0.00000000;0.00003836
1955-06-02;0.00000000;0.00003726
1955-06-03;0.00000000;0.00003616
1955-06-06;0.00000000;0.00011096
1955-06-07;0.00000000;0.00003726
1955-06-08;0.00000000;0.00003918
1955-06-09;0.00000000;0.00003945
1955-06-10;0.00000000;0.00004027
1955-06-13;0.00000000;0.00012082
1955-06-14;0.00000000;0.00003945
1955-06-15;0.00000000;0.00004082
1955-06-16;0.00000000;0.00004110
1955-06-17;0.00000000;0.00003973
1955-06-20;0.00000000;0.00011589
1955-06-21;0.00000000;0.00003726
1955-06-22;0.00000000;0.00003753
1955-06-23;0.00000000;0.00003753
1955-06-24;0.00000000;0.00003644
1955-06-27;0.00000000;0.00011260
1955-06-28;0.00000000;0.00003836
1955-06-29;0.00000000;0.00003973
1955-06-30;0.00000000;0.00004027
1955-07-01;0.00000000;0.00004000
1955-07-05;0.00000000;0.00016219
1955-07-06;0.00000000;0.00004192
1955-07-07;0.00000000;0.00004164
1955-07-08;0.00000000;0.00004137
1955-07-11;0.00000000;0.00012740
1955-07-12;0.00000000;0.00004247
1955-07-13;0.00000000;0.00004384
1955-07-14;0.00000000;0.00004301
1955-07-15;0.00000000;0.00004301
1955-07-18;0.00000000;0.00012740
1955-07-19;0.00000000;0.00004247
1955-07-20;0.00000000;0.00004493
1955-07-21;0.00000000;0.00004548
1955-07-22;0.00000000;0.00004548
1955-07-25;0.00000000;0.00013808
1955-07-26;0.00000000;0.00004603
1955-07-27;0.00000000;0.00004712
1955-07-28;0.00000000;0.00004740
1955-07-29;0.00000000;0.00004795
1955-08-01;0.00000000;0.00015041
1955-08-02;0.00000000;0.00005096
1955-08-03;0.00000000;0.00005205
1955-08-04;0.00000000;0.00005233
1955-08-05;0.00000000;0.00005178
1955-08-08;0.00000000;0.00015452
1955-08-09;0.00000000;0.00005151
1955-08-10;0.00000000;0.00005178
1955-08-11;0.00000000;0.00005123
1955-08-12;0.00000000;0.00005041
1955-08-15;0.00000000;0.00015288
1955-08-16;0.00000000;0.00005096
1955-08-17;0.00000000;0.00005151
1955-08-18;0.00000000;0.00004986
1955-08-19;0.00000000;0.00004932
1955-08-22;0.00000000;0.00015123
1955-08-23;0.00000000;0.00005096
1955-08-24;0.00000000;0.00005260
1955-08-25;0.00000000;0.00005288
1955-08-26;0.00000000;0.00005342
1955-08-29;0.00000000;0.00016767
1955-08-30;0.00000000;0.00005671
1955-08-31;0.00000000;0.00005726
1955-09-01;0.00000000;0.00005753
1955-09-02;0.00000000;0.00005726
1955-09-06;0.00000000;0.00022904
1955-09-07;0.00000000;0.00005781
1955-09-08;0.00000000;0.00005753
1955-09-09;0.00000000;0.00005781
1955-09-12;0.00000000;0.00017178
1955-09-13;0.00000000;0.00005699
1955-09-14;0.00000000;0.00005644
1955-09-15;0.00000000;0.00005589
1955-09-16;0.00000000;0.00005534
1955-09-19;0.00000000;0.00016274
1955-09-20;0.00000000;0.00005370
1955-09-21;0.00000000;0.00005425
1955-09-22;0.00000000;0.00005507
1955-09-23;0.00000000;0.00005589
1955-09-26;0.00000000;0.00017096
1955-09-27;0.00000000;0.00005699
1955-09-28;0.00000000;0.00005808
1955-09-29;0.00000000;0.00005808
1955-09-30;0.00000000;0.00005890
1955-10-03;0.00000000;0.00017918
1955-10-04;0.00000000;0.00006027
1955-10-05;0.00000000;0.00006110
1955-10-06;0.00000000;0.00006082
1955-10-07;0.00000000;0.00006082
1955-10-10;0.00000000;0.00018329
1955-10-11;0.00000000;0.00006137
1955-10-12;0.00000000;0.00006137
1955-10-13;0.00000000;0.00006219
1955-10-14;0.00000000;0.00006301
1955-10-17;0.00000000;0.00018822
1955-10-18;0.00000000;0.00006219
1955-10-19;0.00000000;0.00006219
1955-10-20;0.00000000;0.00006110
1955-10-21;0.00000000;0.00006055
1955-10-24;0.00000000;0.00018164
1955-10-25;0.00000000;0.00006027
1955-10-26;0.00000000;0.00006110
1955-10-27;0.00000000;0.00006082
1955-10-28;0.00000000;0.00006000
1955-10-31;-0.00065000;-0.00047329
1955-11-01;-0.00147655;-0.00141902
1955-11-02;0.00159727;0.00165371
1955-11-03;0.02095836;0.02101343
1955-11-04;0.01659563;0.01664933
1955-11-07;0.00415197;0.00431636
1955-11-09;0.01030122;0.01041519
1955-11-10;0.00240581;0.00246390
1955-11-11;0.01156791;0.01162599
1955-11-14;0.02567549;0.02585632
1955-11-15;-0.00437435;-0.00431133
1955-11-16;-0.00655813;-0.00649402
1955-11-17;-0.00703427;-0.00697208
1955-11-18;-0.00116303;-0.00109865
1955-11-21;-0.00722980;-0.00703254
1955-11-22;0.00966308;0.00972829
1955-11-23;0.00124529;0.00131214
1955-11-25;-0.00101133;-0.00087873
1955-11-28;-0.00677208;-0.00657318
1955-11-29;0.00389829;0.00396459
1955-11-30;-0.00116622;-0.00109937
1955-12-01;-0.00358393;-0.00351763
1955-12-02;0.00191799;0.00198265
1955-12-05;0.00551882;0.00571608
1955-12-06;-0.00006904;-0.00000192
1955-12-07;-0.00335296;-0.00328419
1955-12-08;0.00585714;0.00592563
1955-12-09;0.00145676;0.00152580
1955-12-12;-0.01045476;-0.01024764
1955-12-13;0.00058954;0.00065858
1955-12-14;-0.00843316;-0.00836275
1955-12-15;-0.00029393;-0.00022379
1955-12-16;0.00148170;0.00155157
1955-12-19;-0.00265521;-0.00244316
1955-12-20;-0.00162802;-0.00155678
1955-12-21;0.01972526;0.01979786
1955-12-22;-0.00945525;-0.00938237
1955-12-23;0.00190687;0.00198002
1955-12-27;-0.00645193;-0.00616152
1955-12-28;-0.00383337;-0.00376132
1955-12-29;0.00214825;0.00221784
1955-12-30;0.00723856;0.00730705
1956-01-03;-0.00731770;-0.00704373
1956-01-04;-0.00361337;-0.00354488
1956-01-05;-0.00118207;-0.00111303
1956-01-06;0.00415596;0.00422500
1956-01-09;-0.01417439;-0.01396233
1956-01-10;-0.00793409;-0.00786532
1956-01-11;0.00491010;0.00497997
1956-01-12;0.00826586;0.00833517
1956-01-13;-0.00185812;-0.00178963
1956-01-16;-0.01207273;-0.01187054
1956-01-17;0.00740799;0.00747429
1956-01-18;-0.00681407;-0.00674804
1956-01-19;-0.01025421;-0.01018983
1956-01-20;-0.01150135;-0.01143833
1956-01-23;-0.00273662;-0.00255087
1956-01-24;0.01246226;0.01252418
1956-01-25;0.00153928;0.00160175
1956-01-26;-0.00601132;-0.00594885
1956-01-27;-0.00259599;-0.00253298
1956-01-30;0.00326213;0.00345445
1956-01-31;0.00729084;0.00735440
1956-02-01;0.00472740;0.00479041
1956-02-02;0.00425168;0.00431332
1956-02-03;0.01260012;0.01266204
1956-02-06;0.00048172;0.00066419
1956-02-07;-0.00474865;-0.00468837
1956-02-08;-0.00992903;-0.00986739
1956-02-09;-0.01138685;-0.01132438
1956-02-10;-0.00052384;-0.00046000
1956-02-13;-0.00157215;-0.00138064
1956-02-14;-0.00373689;-0.00367333
1956-02-15;0.01421228;0.01427722
1956-02-16;-0.00506258;-0.00499738
1956-02-17;0.01590759;0.01597252
1956-02-20;-0.00177205;-0.00157808
1956-02-21;0.00240675;0.00247277
1956-02-23;0.00861581;0.00874841
1956-02-24;0.00816342;0.00822945
1956-02-27;-0.00130299;-0.00110902
1956-02-28;0.00346997;0.00353243
1956-02-29;-0.00204600;-0.00198299
1956-03-01;0.00434947;0.00440920
1956-03-02;0.00587050;0.00592694
1956-03-05;0.00527486;0.00545157
1956-03-06;-0.00049586;-0.00043613
1956-03-07;-0.00071626;-0.00065353
1956-03-08;0.00232613;0.00238887
1956-03-09;0.01251151;0.01257397
1956-03-12;0.00901127;0.00920196
1956-03-13;-0.00155101;-0.00148717
1956-03-14;0.00991958;0.00998533
1956-03-15;0.00961125;0.00967618
1956-03-16;0.00305853;0.00312373
1956-03-19;0.00914719;0.00934198
1956-03-20;0.00569839;0.00576058
1956-03-21;-0.01315953;-0.01309789
1956-03-22;0.01009691;0.01015773
1956-03-23;0.00219643;0.00225588
1956-03-26;-0.00448146;-0.00430639
1956-03-27;-0.00767004;-0.00761195
1956-03-28;0.00532641;0.00538668
1956-03-29;-0.00068336;-0.00062035
1956-04-02;0.00427275;0.00453028
1956-04-03;-0.00355734;-0.00349268
1956-04-04;0.00549508;0.00556165
1956-04-05;-0.00478024;-0.00471503
1956-04-06;0.00569775;0.00576296
1956-04-09;-0.00512094;-0.00491875
1956-04-10;-0.01405875;-0.01399081
1956-04-11;0.00785590;0.00792631
1956-04-12;-0.00607495;-0.00600482
1956-04-13;-0.00153307;-0.00145964
1956-04-16;-0.00002323;0.00020280
1956-04-17;-0.00070141;-0.00062744
1956-04-18;-0.00404137;-0.00396603
1956-04-19;-0.00363822;-0.00356287
1956-04-20;0.00391685;0.00399220
1956-04-23;-0.00253332;-0.00230894
1956-04-24;-0.00826057;-0.00818660
1956-04-25;-0.00367383;-0.00359904
1956-04-26;0.00841848;0.00849245
1956-04-27;0.01045319;0.01052661
1956-04-30;0.00724984;0.00747094
1956-05-01;0.00000000;0.00007260
1956-05-02;0.00000000;0.00007178
1956-05-03;0.00000000;0.00007014
1956-05-04;0.00000000;0.00006959
1956-05-07;0.00000000;0.00020466
1956-05-08;0.00000000;0.00006877
1956-05-09;0.00000000;0.00007014
1956-05-10;0.00000000;0.00007123
1956-05-11;0.00000000;0.00007151
1956-05-14;0.00000000;0.00021781
1956-05-15;0.00000000;0.00007260
1956-05-16;0.00000000;0.00007425
1956-05-17;0.00000000;0.00007315
1956-05-18;0.00000000;0.00007260
1956-05-21;0.00000000;0.00021781
1956-05-22;0.00000000;0.00007260
1956-05-23;0.00000000;0.00007342
1956-05-24;0.00000000;0.00007260
1956-05-25;0.00000000;0.00007151
1956-05-28;0.00000000;0.00020877
1956-05-29;0.00000000;0.00006932
1956-05-31;0.00000000;0.00014082
1956-06-01;0.00000000;0.00006986
1956-06-04;0.00000000;0.00020712
1956-06-05;0.00000000;0.00006849
1956-06-06;0.00000000;0.00006959
1956-06-07;0.00000000;0.00006959
1956-06-08;0.00000000;0.00006959
1956-06-11;0.00000000;0.00020959
1956-06-12;0.00000000;0.00006877
1956-06-13;0.00000000;0.00006904
1956-06-14;0.00000000;0.00006849
1956-06-15;0.00000000;0.00006822
1956-06-18;0.00000000;0.00019973
1956-06-19;0.00000000;0.00006521
1956-06-20;0.00000000;0.00006630
1956-06-21;0.00000000;0.00006603
1956-06-22;0.00000000;0.00006658
1956-06-25;0.00000000;0.00020466
1956-06-26;0.00000000;0.00006904
1956-06-27;0.00000000;0.00006959
1956-06-28;0.00000000;0.00006685
1956-06-29;0.00000000;0.00006630
1956-07-02;0.00000000;0.00019562
1956-07-03;0.00000000;0.00006411
1956-07-05;0.00000000;0.00012548
1956-07-06;0.00000000;0.00006384
1956-07-09;0.00000000;0.00019233
1956-07-10;0.00000000;0.00006301
1956-07-11;0.00000000;0.00006493
1956-07-12;0.00000000;0.00006466
1956-07-13;0.00000000;0.00006301
1956-07-16;0.00000000;0.00018411
1956-07-17;0.00000000;0.00006137
1956-07-18;0.00000000;0.00006274
1956-07-19;0.00000000;0.00006274
1956-07-20;0.00000000;0.00006192
1956-07-23;0.00000000;0.00018740
1956-07-24;0.00000000;0.00006274
1956-07-25;0.00000000;0.00006493
1956-07-26;0.00000000;0.00006411
1956-07-27;0.00000000;0.00006329
1956-07-30;0.00000000;0.00019151
1956-07-31;0.00000000;0.00006301
1956-08-01;0.00000000;0.00006329
1956-08-02;0.00000000;0.00006219
1956-08-03;0.00000000;0.00006137
1956-08-06;0.00000000;0.00019151
1956-08-07;0.00000000;0.00006466
1956-08-08;0.00000000;0.00006658
1956-08-09;0.00000000;0.00006603
1956-08-10;0.00000000;0.00006795
1956-08-13;0.00000000;0.00021041
1956-08-14;0.00000000;0.00007096
1956-08-15;0.00000000;0.00007260
1956-08-16;0.00000000;0.00007370
1956-08-17;0.00000000;0.00007397
1956-08-20;0.00000000;0.00022849
1956-08-21;0.00000000;0.00007671
1956-08-22;0.00000000;0.00007836
1956-08-23;0.00000000;0.00007781
1956-08-24;0.00000000;0.00007671
1956-08-27;0.00000000;0.00022767
1956-08-28;0.00000000;0.00007397
1956-08-29;0.00000000;0.00007479
1956-08-30;0.00000000;0.00007507
1956-08-31;0.00000000;0.00007288
1956-09-04;0.00000000;0.00028932
1956-09-05;0.00000000;0.00007397
1956-09-06;0.00000000;0.00007397
1956-09-07;0.00000000;0.00007397
1956-09-10;0.00000000;0.00022438
1956-09-11;0.00000000;0.00007534
1956-09-12;0.00000000;0.00007726
1956-09-13;0.00000000;0.00007726
1956-09-14;0.00000000;0.00007726
1956-09-17;0.00000000;0.00023589
1956-09-18;0.00000000;0.00007836
1956-09-19;0.00000000;0.00008082
1956-09-20;0.00000000;0.00008027
1956-09-21;0.00000000;0.00008000
1956-09-24;0.00000000;0.00024082
1956-09-25;0.00000000;0.00008027
1956-09-26;0.00000000;0.00008137
1956-09-27;0.00000000;0.00008110
1956-09-28;0.00000000;0.00007973
1956-10-01;0.00000000;0.00023425
1956-10-02;0.00000000;0.00007781
1956-10-03;0.00000000;0.00007890
1956-10-04;0.00000000;0.00007890
1956-10-05;0.00000000;0.00008000
1956-10-08;0.00000000;0.00024329
1956-10-09;0.00000000;0.00008082
1956-10-10;0.00000000;0.00008247
1956-10-11;0.00000000;0.00008027
1956-10-12;0.00000000;0.00008027
1956-10-15;0.00000000;0.00024082
1956-10-16;0.00000000;0.00007918
1956-10-17;0.00000000;0.00008137
1956-10-18;0.00000000;0.00008137
1956-10-19;0.00000000;0.00008027
1956-10-22;0.00000000;0.00023671
1956-10-23;0.00000000;0.00007836
1956-10-24;0.00000000;0.00007808
1956-10-25;0.00000000;0.00007836
1956-10-26;0.00000000;0.00007836
1956-10-29;0.00000000;0.00023507
1956-10-30;0.00000000;0.00007726
1956-10-31;-0.00065000;-0.00057164
1956-11-01;0.02054308;0.02062116
1956-11-02;0.00980795;0.00988630
1956-11-05;0.01295546;0.01319135
1956-11-07;-0.01045686;-0.01029795
1956-11-08;-0.00814869;-0.00806815
1956-11-09;-0.00842828;-0.00834773
1956-11-12;0.00298955;0.00323119
1956-11-13;-0.00481467;-0.00473412
1956-11-14;-0.00570330;-0.00562111
1956-11-15;-0.00638736;-0.00630490
1956-11-16;0.00035334;0.00043553
1956-11-19;-0.01009054;-0.00984397
1956-11-20;-0.00891636;-0.00883389
1956-11-21;-0.00498690;-0.00490279
1956-11-23;0.01034790;0.01051777
1956-11-26;-0.00624687;-0.00598714
1956-11-27;0.00080407;0.00088955
1956-11-28;-0.01077297;-0.01068996
1956-11-29;-0.00121030;-0.00112728
1956-11-30;0.01568767;0.01577095
1956-12-03;0.01970725;0.01995875
1956-12-04;-0.00313083;-0.00304672
1956-12-05;0.01191031;0.01199634
1956-12-06;0.00896573;0.00905176
1956-12-07;0.00482416;0.00491156
1956-12-10;-0.00537245;-0.00510779
1956-12-11;-0.00692774;-0.00683952
1956-12-12;-0.00762108;-0.00753204
1956-12-13;0.00793013;0.00801889
1956-12-14;0.00076926;0.00085830
1956-12-17;-0.00027616;-0.00000575
1956-12-18;-0.00009123;-0.00000192
1956-12-19;-0.00245643;-0.00236548
1956-12-20;-0.00784511;-0.00775553
1956-12-21;0.00642251;0.00650991
1956-12-26;-0.00001937;0.00042172
1956-12-27;-0.00095267;-0.00086417
1956-12-28;0.00444061;0.00452883
1956-12-31;0.00209213;0.00235679
1957-01-02;-0.01024824;-0.01007454
1957-01-03;0.00857116;0.00865609
1957-01-04;0.00120153;0.00128564
1957-01-07;-0.00540414;-0.00514935
1957-01-08;-0.00374769;-0.00366413
1957-01-09;-0.00203334;-0.00194786
1957-01-10;0.00229726;0.00238110
1957-01-11;-0.00203086;-0.00194702
1957-01-14;-0.00719324;-0.00693516
1957-01-15;-0.01491459;-0.01482965
1957-01-16;0.00101929;0.00110477
1957-01-17;-0.00030685;-0.00022301
1957-01-18;-0.01291084;-0.01282810
1957-01-21;-0.00563032;-0.00538210
1957-01-22;0.00284327;0.00292601
1957-01-23;0.00754818;0.00763338
1957-01-24;0.00347736;0.00356394
1957-01-25;-0.00475232;-0.00466548
1957-01-28;-0.00763402;-0.00736854
1957-01-29;0.00485589;0.00494301
1957-01-30;0.00438451;0.00447135
1957-01-31;-0.00431808;-0.00423260
1957-02-01;-0.00232244;-0.00223805
1957-02-04;-0.00227676;-0.00202279
1957-02-05;-0.01445781;-0.01437425
1957-02-06;-0.00168120;-0.00159681
1957-02-07;-0.00464906;-0.00456604
1957-02-08;-0.00696169;-0.00687950
1957-02-11;-0.01756535;-0.01731877
1957-02-12;-0.00431244;-0.00423025
1957-02-13;0.01525024;0.01533189
1957-02-14;-0.00124582;-0.00116363
1957-02-15;0.01201063;0.01209392
1957-02-18;-0.00140971;-0.00115491
1957-02-19;0.00060344;0.00068837
1957-02-20;0.00312982;0.00321721
1957-02-21;-0.00352759;-0.00343992
1957-02-25;-0.00266046;-0.00230758
1957-02-26;0.00152296;0.00161173
1957-02-27;-0.00101265;-0.00092252
1957-02-28;-0.00354721;-0.00345734
1957-03-01;0.01100502;0.01109378
1957-03-04;0.00704883;0.00731020
1957-03-05;0.00354319;0.00362949
1957-03-06;0.00013683;0.00022422
1957-03-07;-0.00054150;-0.00045410
1957-03-08;-0.00325629;-0.00316862
1957-03-11;-0.00684839;-0.00658619
1957-03-12;-0.00077374;-0.00068716
1957-03-13;0.00653980;0.00662665
1957-03-14;0.00059325;0.00067928
1957-03-15;-0.00054067;-0.00045574
1957-03-18;-0.00479427;-0.00454605
1957-03-19;0.00424830;0.00433104
1957-03-20;0.00127829;0.00136048
1957-03-21;0.00014347;0.00022484
1957-03-22;-0.00121682;-0.00113545
1957-03-25;-0.00433602;-0.00409109
1957-03-26;0.00060122;0.00068176
1957-03-27;0.00401546;0.00409738
1957-03-28;0.00195827;0.00203936
1957-03-29;-0.00166744;-0.00158635
1957-04-01;0.00043108;0.00067436
1957-04-02;0.00626016;0.00634153
1957-04-03;0.00261573;0.00269957
1957-04-04;-0.00233147;-0.00224709
1957-04-05;0.00103881;0.00112319
1957-04-08;-0.00250824;-0.00225345
1957-04-09;0.00892446;0.00900912
1957-04-10;0.00415407;0.00424010
1957-04-11;-0.00008849;-0.00000192
1957-04-12;-0.00008849;-0.00000192
1957-04-15;-0.00093080;-0.00067272
1957-04-16;0.00147016;0.00155537
1957-04-17;0.00124534;0.00133082
1957-04-18;0.00723402;0.00731840
1957-04-22;0.00120069;0.00153384
1957-04-23;0.00365325;0.00373599
1957-04-24;0.00144875;0.00153149
1957-04-25;-0.00358422;-0.00350148
1957-04-26;-0.00140160;-0.00131886
1957-04-29;0.00480262;0.00504919
1957-04-30;-0.00051571;-0.00043324
1957-05-01;0.00000000;0.00008301
1957-05-02;0.00000000;0.00008219
1957-05-03;0.00000000;0.00008082
1957-05-06;0.00000000;0.00024000
1957-05-07;0.00000000;0.00008000
1957-05-08;0.00000000;0.00008137
1957-05-09;0.00000000;0.00008055
1957-05-10;0.00000000;0.00008000
1957-05-13;0.00000000;0.00023836
1957-05-14;0.00000000;0.00008000
1957-05-15;0.00000000;0.00008192
1957-05-16;0.00000000;0.00008274
1957-05-17;0.00000000;0.00008411
1957-05-20;0.00000000;0.00025315
1957-05-21;0.00000000;0.00008466
1957-05-22;0.00000000;0.00008603
1957-05-23;0.00000000;0.00008658
1957-05-24;0.00000000;0.00008795
1957-05-27;0.00000000;0.00026466
1957-05-28;0.00000000;0.00008849
1957-05-29;0.00000000;0.00009014
1957-05-31;0.00000000;0.00018137
1957-06-03;0.00000000;0.00027288
1957-06-04;0.00000000;0.00009096
1957-06-05;0.00000000;0.00009151
1957-06-06;0.00000000;0.00009014
1957-06-07;0.00000000;0.00008877
1957-06-10;0.00000000;0.00026630
1957-06-11;0.00000000;0.00008877
1957-06-12;0.00000000;0.00008959
1957-06-13;0.00000000;0.00009041
1957-06-14;0.00000000;0.00009096
1957-06-17;0.00000000;0.00027616
1957-06-18;0.00000000;0.00009205
1957-06-19;0.00000000;0.00009233
1957-06-20;0.00000000;0.00009260
1957-06-21;0.00000000;0.00009096
1957-06-24;0.00000000;0.00026466
1957-06-25;0.00000000;0.00008767
1957-06-26;0.00000000;0.00008849
1957-06-27;0.00000000;0.00008959
1957-06-28;0.00000000;0.00008822
1957-07-01;0.00000000;0.00026137
1957-07-02;0.00000000;0.00008603
1957-07-03;0.00000000;0.00008849
1957-07-05;0.00000000;0.00017589
1957-07-08;0.00000000;0.00025644
1957-07-09;0.00000000;0.00008493
1957-07-10;0.00000000;0.00008712
1957-07-11;0.00000000;0.00008630
1957-07-12;0.00000000;0.00008521
1957-07-15;0.00000000;0.00025151
1957-07-16;0.00000000;0.00008384
1957-07-17;0.00000000;0.00008384
1957-07-18;0.00000000;0.00008274
1957-07-19;0.00000000;0.00008219
1957-07-22;0.00000000;0.00025315
1957-07-23;0.00000000;0.00008548
1957-07-24;0.00000000;0.00008822
1957-07-25;0.00000000;0.00008877
1957-07-26;0.00000000;0.00008932
1957-07-29;0.00000000;0.00027123
1957-07-30;0.00000000;0.00009123
1957-07-31;0.00000000;0.00009260
1957-08-01;0.00000000;0.00009233
1957-08-02;0.00000000;0.00009041
1957-08-05;0.00000000;0.00026795
1957-08-06;0.00000000;0.00008877
1957-08-07;0.00000000;0.00009041
1957-08-08;0.00000000;0.00009068
1957-08-09;0.00000000;0.00009205
1957-08-12;0.00000000;0.00027945
1957-08-13;0.00000000;0.00009315
1957-08-14;0.00000000;0.00009507
1957-08-15;0.00000000;0.00009315
1957-08-16;0.00000000;0.00009151
1957-08-19;0.00000000;0.00026959
1957-08-20;0.00000000;0.00008932
1957-08-21;0.00000000;0.00009151
1957-08-22;0.00000000;0.00009123
1957-08-23;0.00000000;0.00009233
1957-08-26;0.00000000;0.00028110
1957-08-27;0.00000000;0.00009370
1957-08-28;0.00000000;0.00009616
1957-08-29;0.00000000;0.00009616
1957-08-30;0.00000000;0.00009589
1957-09-03;0.00000000;0.00038356
1957-09-04;0.00000000;0.00009753
1957-09-05;0.00000000;0.00009726
1957-09-06;0.00000000;0.00009699
1957-09-09;0.00000000;0.00028932
1957-09-10;0.00000000;0.00009616
1957-09-11;0.00000000;0.00009753
1957-09-12;0.00000000;0.00009781
1957-09-13;0.00000000;0.00009781
1957-09-16;0.00000000;0.00029425
1957-09-17;0.00000000;0.00009781
1957-09-18;0.00000000;0.00009836
1957-09-19;0.00000000;0.00009863
1957-09-20;0.00000000;0.00009699
1957-09-23;0.00000000;0.00028767
1957-09-24;0.00000000;0.00009452
1957-09-25;0.00000000;0.00009589
1957-09-26;0.00000000;0.00009562
1957-09-27;0.00000000;0.00009452
1957-09-30;0.00000000;0.00028438
1957-10-01;0.00000000;0.00009425
1957-10-02;0.00000000;0.00009699
1957-10-03;0.00000000;0.00009671
1957-10-04;0.00000000;0.00009589
1957-10-07;0.00000000;0.00028685
1957-10-08;0.00000000;0.00009644
1957-10-09;0.00000000;0.00009753
1957-10-10;0.00000000;0.00009753
1957-10-11;0.00000000;0.00009781
1957-10-14;0.00000000;0.00029753
1957-10-15;0.00000000;0.00010000
1957-10-16;0.00000000;0.00010055
1957-10-17;0.00000000;0.00010055
1957-10-18;0.00000000;0.00009863
1957-10-21;0.00000000;0.00029425
1957-10-22;0.00000000;0.00009808
1957-10-23;0.00000000;0.00009890
1957-10-24;0.00000000;0.00009808
1957-10-25;0.00000000;0.00009863
1957-10-28;0.00000000;0.00029589
1957-10-29;0.00000000;0.00009808
1957-10-30;0.00000000;0.00009863
1957-10-31;-0.00065000;-0.00055137
1957-11-01;-0.01520013;-0.01510177
1957-11-04;-0.00202767;-0.00173671
1957-11-06;0.00128954;0.00148242
1957-11-07;0.00583838;0.00593427
1957-11-08;-0.01189902;-0.01180423
1957-11-11;-0.00053896;-0.00025457
1957-11-12;-0.01453148;-0.01443696
1957-11-13;-0.00135906;-0.00126454
1957-11-14;-0.00287745;-0.00278321
1957-11-15;0.02349163;0.02357820
1957-11-18;-0.00843658;-0.00818014
1957-11-19;-0.00583111;-0.00574617
1957-11-20;0.00267573;0.00276121
1957-11-21;0.01394038;0.01402614
1957-11-22;0.00954672;0.00963247
1957-11-25;0.00732119;0.00757927
1957-11-26;-0.02655710;-0.02647108
1957-11-27;0.02884668;0.02893298
1957-11-29;0.01121805;0.01139010
1957-12-02;-0.00888868;-0.00863471
1957-12-03;0.00015630;0.00023986
1957-12-04;0.00402323;0.00410734
1957-12-05;-0.00056749;-0.00048338
1957-12-06;-0.00514356;-0.00505972
1957-12-09;-0.00969232;-0.00944657
1957-12-10;-0.00888094;-0.00879957
1957-12-11;-0.00131685;-0.00123466
1957-12-12;0.00090193;0.00098549
1957-12-13;0.00435321;0.00443705
1957-12-16;-0.01523722;-0.01498243
1957-12-17;-0.01753396;-0.01744957
1957-12-18;-0.00110184;-0.00101663
1957-12-19;0.01057709;0.01066339
1957-12-20;-0.00812842;-0.00804212
1957-12-23;-0.00026548;-0.00000575
1957-12-24;0.00092605;0.00101125
1957-12-26;0.00994776;0.01011762
1957-12-27;-0.00359222;-0.00350893
1957-12-30;-0.00525943;-0.00503341
1957-12-31;0.01028151;0.01035685
1958-01-02;0.00834596;0.00849829
1958-01-03;0.01331091;0.01338762
1958-01-06;-0.00488642;-0.00465464
1958-01-07;0.00778792;0.00786436
1958-01-08;-0.00032198;-0.00024582
1958-01-09;-0.00593180;-0.00585700
1958-01-10;-0.00939967;-0.00932707
1958-01-13;0.00275387;0.00296675
1958-01-14;0.00437349;0.00444362
1958-01-15;0.00779533;0.00786629
1958-01-16;0.00163568;0.00170582
1958-01-17;0.00090213;0.00097227
1958-01-20;0.00587067;0.00607697
1958-01-21;-0.00127741;-0.00121111
1958-01-22;-0.00248870;-0.00242323
1958-01-23;0.00381911;0.00388158
1958-01-24;0.00839845;0.00846036
1958-01-27;-0.00306276;-0.00288276
1958-01-28;0.00090204;0.00095985
1958-01-29;0.00594802;0.00600337
1958-01-30;-0.00482541;-0.00477747
1958-01-31;0.00043546;0.00047793
1958-02-03;0.00801622;0.00814772
1958-02-04;0.00994418;0.00998857
1958-02-05;-0.00640660;-0.00636084
1958-02-06;-0.00218115;-0.00213512
1958-02-07;-0.00883627;-0.00879052
1958-02-10;-0.00613309;-0.00599665
1958-02-11;-0.00896736;-0.00892188
1958-02-12;-0.00442589;-0.00438041
1958-02-13;0.00019528;0.00024240
1958-02-14;0.00947709;0.00952422
1958-02-17;-0.00546767;-0.00532876
1958-02-18;0.00141128;0.00145758
1958-02-19;-0.00053428;-0.00048771
1958-02-20;-0.00587862;-0.00583424
1958-02-21;-0.00077414;-0.00073523
1958-02-24;-0.00573061;-0.00563198
1958-02-25;-0.00101880;-0.00098593
1958-02-26;0.00759852;0.00763167
1958-02-27;-0.00590045;-0.00586702
1958-02-28;0.00389642;0.00393122
1958-03-03;0.00698828;0.00709513
1958-03-04;0.00530862;0.00534698
1958-03-05;0.00286151;0.00290014
1958-03-06;0.01273950;0.01277841
1958-03-07;0.00162557;0.00166475
1958-03-10;0.00320039;0.00332203
1958-03-11;0.00706650;0.00710540
1958-03-12;-0.00239157;-0.00235431
1958-03-13;0.00114034;0.00117705
1958-03-14;-0.00310034;-0.00306362
1958-03-17;-0.00696518;-0.00685669
1958-03-18;-0.00360693;-0.00356995
1958-03-19;0.00473578;0.00477249
1958-03-20;0.00043627;0.00047325
1958-03-21;0.00732386;0.00735975
1958-03-24;0.00367071;0.00376605
1958-03-25;-0.00332053;-0.00328985
1958-03-26;-0.00333165;-0.00330069
1958-03-27;-0.00310424;-0.00307520
1958-03-28;0.00068045;0.00070949
1958-03-31;-0.00246583;-0.00237542
1958-04-01;-0.00407006;-0.00403992
1958-04-02;-0.00790286;-0.00787218
1958-04-03;-0.00291448;-0.00288653
1958-04-07;-0.00373784;-0.00362387
1958-04-08;0.00238777;0.00241763
1958-04-09;0.00527756;0.00530824
1958-04-10;0.00116788;0.00119856
1958-04-11;0.00092581;0.00095731
1958-04-14;0.00612630;0.00622328
1958-04-15;0.01020494;0.01023618
1958-04-16;-0.00781067;-0.00777943
1958-04-17;0.00352979;0.00356103
1958-04-18;0.01085716;0.01088566
1958-04-21;0.00505979;0.00514527
1958-04-22;-0.00305887;-0.00303010
1958-04-23;-0.00003178;-0.00000192
1958-04-24;0.00790913;0.00794201
1958-04-25;0.00506351;0.00509776
1958-04-28;-0.00334385;-0.00323454
1958-04-29;-0.00512503;-0.00509215
1958-04-30;0.00954776;0.00958064
1958-05-01;0.00000000;0.00003342
1958-05-02;0.00000000;0.00003288
1958-05-05;0.00000000;0.00009534
1958-05-06;0.00000000;0.00003014
1958-05-07;0.00000000;0.00003096
1958-05-08;0.00000000;0.00003014
1958-05-09;0.00000000;0.00002904
1958-05-12;0.00000000;0.00008712
1958-05-13;0.00000000;0.00002877
1958-05-14;0.00000000;0.00002849
1958-05-15;0.00000000;0.00002712
1958-05-16;0.00000000;0.00002575
1958-05-19;0.00000000;0.00006986
1958-05-20;0.00000000;0.00002192
1958-05-21;0.00000000;0.00002000
1958-05-22;0.00000000;0.00001918
1958-05-23;0.00000000;0.00001753
1958-05-26;0.00000000;0.00004932
1958-05-27;0.00000000;0.00001507
1958-05-28;0.00000000;0.00001644
1958-05-29;0.00000000;0.00001589
1958-06-02;0.00000000;0.00007342
1958-06-03;0.00000000;0.00001863
1958-06-04;0.00000000;0.00002027
1958-06-05;0.00000000;0.00002027
1958-06-06;0.00000000;0.00002027
1958-06-09;0.00000000;0.00006411
1958-06-10;0.00000000;0.00002192
1958-06-11;0.00000000;0.00002329
1958-06-12;0.00000000;0.00002329
1958-06-13;0.00000000;0.00002356
1958-06-16;0.00000000;0.00007315
1958-06-17;0.00000000;0.00002356
1958-06-18;0.00000000;0.00002521
1958-06-19;0.00000000;0.00002630
1958-06-20;0.00000000;0.00002603
1958-06-23;0.00000000;0.00008055
1958-06-24;0.00000000;0.00002630
1958-06-25;0.00000000;0.00002521
1958-06-26;0.00000000;0.00002329
1958-06-27;0.00000000;0.00002110
1958-06-30;0.00000000;0.00006164
1958-07-01;0.00000000;0.00002137
1958-07-02;0.00000000;0.00002247
1958-07-03;0.00000000;0.00002192
1958-07-07;0.00000000;0.00010082
1958-07-08;0.00000000;0.00002603
1958-07-09;0.00000000;0.00002575
1958-07-10;0.00000000;0.00002603
1958-07-11;0.00000000;0.00002685
1958-07-14;0.00000000;0.00008712
1958-07-15;0.00000000;0.00002685
1958-07-16;0.00000000;0.00002466
1958-07-17;0.00000000;0.00002329
1958-07-18;0.00000000;0.00002493
1958-07-21;0.00000000;0.00007644
1958-07-22;0.00000000;0.00002411
1958-07-23;0.00000000;0.00002411
1958-07-24;0.00000000;0.00002411
1958-07-25;0.00000000;0.00002247
1958-07-28;0.00000000;0.00007562
1958-07-29;0.00000000;0.00002521
1958-07-30;0.00000000;0.00002630
1958-07-31;0.00000000;0.00002493
1958-08-01;0.00000000;0.00002658
1958-08-04;0.00000000;0.00009041
1958-08-05;0.00000000;0.00003014
1958-08-06;0.00000000;0.00003151
1958-08-07;0.00000000;0.00003616
1958-08-08;0.00000000;0.00003616
1958-08-11;0.00000000;0.00012164
1958-08-12;0.00000000;0.00004027
1958-08-13;0.00000000;0.00004356
1958-08-14;0.00000000;0.00004411
1958-08-15;0.00000000;0.00004795
1958-08-18;0.00000000;0.00015123
1958-08-19;0.00000000;0.00004986
1958-08-20;0.00000000;0.00005205
1958-08-21;0.00000000;0.00005452
1958-08-22;0.00000000;0.00005452
1958-08-25;0.00000000;0.00017425
1958-08-26;0.00000000;0.00005863
1958-08-27;0.00000000;0.00006192
1958-08-28;0.00000000;0.00006301
1958-08-29;0.00000000;0.00006384
1958-09-02;0.00000000;0.00025205
1958-09-03;0.00000000;0.00006548
1958-09-04;0.00000000;0.00006384
1958-09-05;0.00000000;0.00006192
1958-09-08;0.00000000;0.00018740
1958-09-09;0.00000000;0.00006247
1958-09-10;0.00000000;0.00006658
1958-09-11;0.00000000;0.00006603
1958-09-12;0.00000000;0.00006685
1958-09-15;0.00000000;0.00020877
1958-09-16;0.00000000;0.00006959
1958-09-17;0.00000000;0.00006904
1958-09-18;0.00000000;0.00006384
1958-09-19;0.00000000;0.00006384
1958-09-22;0.00000000;0.00019562
1958-09-23;0.00000000;0.00006466
1958-09-24;0.00000000;0.00006849
1958-09-25;0.00000000;0.00006904
1958-09-26;0.00000000;0.00007178
1958-09-29;0.00000000;0.00023178
1958-09-30;0.00000000;0.00007397
1958-10-01;0.00000000;0.00007836
1958-10-02;0.00000000;0.00007178
1958-10-03;0.00000000;0.00006795
1958-10-06;0.00000000;0.00020877
1958-10-07;0.00000000;0.00006959
1958-10-08;0.00000000;0.00007315
1958-10-09;0.00000000;0.00007507
1958-10-10;0.00000000;0.00007397
1958-10-13;0.00000000;0.00022192
1958-10-14;0.00000000;0.00007288
1958-10-15;0.00000000;0.00007370
1958-10-16;0.00000000;0.00007370
1958-10-17;0.00000000;0.00007260
1958-10-20;0.00000000;0.00021699
1958-10-21;0.00000000;0.00007123
1958-10-22;0.00000000;0.00007671
1958-10-23;0.00000000;0.00007534
1958-10-24;0.00000000;0.00007288
1958-10-27;0.00000000;0.00020384
1958-10-28;0.00000000;0.00006740
1958-10-29;0.00000000;0.00007123
1958-10-30;0.00000000;0.00007041
1958-10-31;-0.00065000;-0.00058014
1958-11-03;0.00426547;0.00447506
1958-11-05;0.00897422;0.00911176
1958-11-06;0.00800322;0.00807035
1958-11-07;-0.00369181;-0.00362442
1958-11-10;0.00571078;0.00592613
1958-11-11;0.00772543;0.00779721
1958-11-12;0.00124564;0.00131934
1958-11-13;-0.00422402;-0.00414895
1958-11-14;0.00484336;0.00491953
1958-11-17;0.00259197;0.00281964
1958-11-18;-0.00214255;-0.00206803
1958-11-19;0.00123917;0.00131561
1958-11-20;0.00011235;0.00018605
1958-11-21;-0.00965946;-0.00958658
1958-11-24;-0.01293621;-0.01271923
1958-11-25;-0.01948777;-0.01941380
1958-11-26;0.01717006;0.01724622
1958-11-28;0.01101917;0.01117150
1958-12-01;0.00376974;0.00399577
1958-12-02;-0.00444324;-0.00436707
1958-12-03;0.00125517;0.00133243
1958-12-04;0.00030156;0.00037882
1958-12-05;-0.00179074;-0.00171457
1958-12-08;-0.00023342;-0.00000575
1958-12-09;0.00678319;0.00686045
1958-12-10;0.01203690;0.01211470
1958-12-11;-0.00213734;-0.00205953
1958-12-12;-0.00251646;-0.00243866
1958-12-15;0.00258013;0.00281274
1958-12-16;0.00366797;0.00374551
1958-12-17;0.00645296;0.00653159
1958-12-18;0.00418613;0.00426366
1958-12-19;-0.00155491;-0.00147930
1958-12-22;-0.00688571;-0.00666379
1958-12-23;-0.00547526;-0.00540128
1958-12-24;0.01284035;0.01291459
1958-12-29;0.01126761;0.01163336
1958-12-30;0.00339589;0.00346904
1958-12-31;0.00502205;0.00509548
1959-01-02;0.00401577;0.00416208
1959-01-05;0.00374387;0.00396250
1959-01-06;-0.00133298;-0.00125955
1959-01-07;-0.01267000;-0.01259411
1959-01-08;0.00921378;0.00928939
1959-01-09;0.00660254;0.00667678
1959-01-12;-0.00005329;0.00017355
1959-01-13;-0.00563590;-0.00555947
1959-01-14;0.00262225;0.00270225
1959-01-15;0.00369315;0.00377370
1959-01-16;-0.00043987;-0.00036015
1959-01-19;-0.00258248;-0.00233509
1959-01-20;0.00063401;0.00071647
1959-01-21;0.00566081;0.00574108
1959-01-22;-0.00133103;-0.00125103
1959-01-23;0.00045299;0.00053408
1959-01-26;-0.00435454;-0.00411290
1959-01-27;0.00009958;0.00017739
1959-01-28;-0.01119263;-0.01111701
1959-01-29;0.00064955;0.00072325
1959-01-30;0.00445474;0.00452707
1959-02-02;-0.00456000;-0.00433398
1959-02-03;0.00118926;0.00126597
1959-02-04;-0.00405700;-0.00398166
1959-02-05;-0.00461338;-0.00454242
1959-02-06;-0.00810088;-0.00802965
1959-02-09;-0.01476432;-0.01453583
1959-02-10;0.01373523;0.01380921
1959-02-11;0.00047639;0.00055036
1959-02-12;-0.00651563;-0.00644166
1959-02-13;0.00770189;0.00777586
1959-02-16;0.00124566;0.00146429
1959-02-17;-0.00392581;-0.00385513
1959-02-18;0.00010885;0.00018228
1959-02-19;0.02202520;0.02209753
1959-02-20;0.00028776;0.00035844
1959-02-24;-0.00101745;-0.00072813
1959-02-25;-0.00440506;-0.00432780
1959-02-26;0.00173110;0.00180836
1959-02-27;0.00118737;0.00126299
1959-03-02;0.00554171;0.00576938
1959-03-03;0.00925262;0.00932878
1959-03-04;0.00169778;0.00177586
1959-03-05;0.00134052;0.00141778
1959-03-06;-0.00398220;-0.00390055
1959-03-09;-0.00131729;-0.00107318
1959-03-10;0.00276978;0.00284759
1959-03-11;0.00063035;0.00070844
1959-03-12;0.00435765;0.00443464
1959-03-13;0.00115812;0.00123483
1959-03-16;-0.01099339;-0.01076983
1959-03-17;0.00812796;0.00820358
1959-03-18;-0.00237870;-0.00230199
1959-03-19;-0.00096504;-0.00088860
1959-03-20;0.00080966;0.00088555
1959-03-23;-0.00945245;-0.00922725
1959-03-24;0.00153390;0.00160896
1959-03-25;-0.00150740;-0.00143151
1959-03-26;-0.00222527;-0.00214938
1959-03-30;-0.00587187;-0.00556721
1959-03-31;-0.00025842;-0.00018226
1959-04-01;0.00442883;0.00450746
1959-04-02;0.00548571;0.00556461
1959-04-03;0.00777632;0.00785523
1959-04-06;0.00258912;0.00282912
1959-04-07;-0.00220179;-0.00212206
1959-04-08;-0.00486347;-0.00478237
1959-04-09;-0.00079518;-0.00071353
1959-04-10;0.00080550;0.00088824
1959-04-13;0.00348300;0.00372957
1959-04-14;0.00487724;0.00495998
1959-04-15;0.00432045;0.00440648
1959-04-16;0.00816319;0.00824949
1959-04-17;0.00844473;0.00853021
1959-04-20;0.00406233;0.00431054
1959-04-21;-0.00111530;-0.00103338
1959-04-22;-0.00662343;-0.00654124
1959-04-23;-0.00233542;-0.00225378
1959-04-24;0.00616863;0.00624808
1959-04-27;0.00287134;0.00309984
1959-04-28;-0.00386123;-0.00378589
1959-04-29;-0.00404962;-0.00397291
1959-04-30;-0.00246340;-0.00238532
1959-05-01;0.00000000;0.00007863
1959-05-04;0.00000000;0.00023836
1959-05-05;0.00000000;0.00007836
1959-05-06;0.00000000;0.00007808
1959-05-07;0.00000000;0.00007616
1959-05-08;0.00000000;0.00007589
1959-05-11;0.00000000;0.00022274
1959-05-12;0.00000000;0.00007479
1959-05-13;0.00000000;0.00007726
1959-05-14;0.00000000;0.00007534
1959-05-15;0.00000000;0.00007671
1959-05-18;0.00000000;0.00023260
1959-05-19;0.00000000;0.00007781
1959-05-20;0.00000000;0.00007890
1959-05-21;0.00000000;0.00007808
1959-05-22;0.00000000;0.00007808
1959-05-25;0.00000000;0.00023425
1959-05-26;0.00000000;0.00007836
1959-05-27;0.00000000;0.00007918
1959-05-28;0.00000000;0.00007973
1959-05-29;0.00000000;0.00008438
1959-06-01;0.00000000;0.00025397
1959-06-02;0.00000000;0.00008548
1959-06-03;0.00000000;0.00008712
1959-06-04;0.00000000;0.00008767
1959-06-05;0.00000000;0.00008712
1959-06-08;0.00000000;0.00026548
1959-06-09;0.00000000;0.00008904
1959-06-10;0.00000000;0.00009041
1959-06-11;0.00000000;0.00008986
1959-06-12;0.00000000;0.00008986
1959-06-15;0.00000000;0.00026548
1959-06-16;0.00000000;0.00008822
1959-06-17;0.00000000;0.00008932
1959-06-18;0.00000000;0.00008822
1959-06-19;0.00000000;0.00008904
1959-06-22;0.00000000;0.00026466
1959-06-23;0.00000000;0.00008795
1959-06-24;0.00000000;0.00008959
1959-06-25;0.00000000;0.00008959
1959-06-26;0.00000000;0.00008548
1959-06-29;0.00000000;0.00025479
1959-06-30;0.00000000;0.00008603
1959-07-01;0.00000000;0.00008767
1959-07-02;0.00000000;0.00008740
1959-07-06;0.00000000;0.00035068
1959-07-07;0.00000000;0.00008822
1959-07-08;0.00000000;0.00009123
1959-07-09;0.00000000;0.00009096
1959-07-10;0.00000000;0.00009068
1959-07-13;0.00000000;0.00027452
1959-07-14;0.00000000;0.00009260
1959-07-15;0.00000000;0.00009288
1959-07-16;0.00000000;0.00009260
1959-07-17;0.00000000;0.00009151
1959-07-20;0.00000000;0.00027288
1959-07-21;0.00000000;0.00008877
1959-07-22;0.00000000;0.00008603
1959-07-23;0.00000000;0.00008329
1959-07-24;0.00000000;0.00008219
1959-07-27;0.00000000;0.00024822
1959-07-28;0.00000000;0.00008164
1959-07-29;0.00000000;0.00008301
1959-07-30;0.00000000;0.00008247
1959-07-31;0.00000000;0.00008219
1959-08-03;0.00000000;0.00024575
1959-08-04;0.00000000;0.00008137
1959-08-05;0.00000000;0.00008247
1959-08-06;0.00000000;0.00008301
1959-08-07;0.00000000;0.00008247
1959-08-10;0.00000000;0.00024986
1959-08-11;0.00000000;0.00008438
1959-08-12;0.00000000;0.00008877
1959-08-13;0.00000000;0.00008877
1959-08-14;0.00000000;0.00008932
1959-08-17;0.00000000;0.00027616
1959-08-18;0.00000000;0.00009425
1959-08-19;0.00000000;0.00009644
1959-08-20;0.00000000;0.00009699
1959-08-21;0.00000000;0.00010027
1959-08-24;0.00000000;0.00031068
1959-08-25;0.00000000;0.00010274
1959-08-26;0.00000000;0.00010329
1959-08-27;0.00000000;0.00010000
1959-08-28;0.00000000;0.00010137
1959-08-31;0.00000000;0.00031890
1959-09-01;0.00000000;0.00010740
1959-09-02;0.00000000;0.00010986
1959-09-03;0.00000000;0.00010932
1959-09-04;0.00000000;0.00010767
1959-09-08;0.00000000;0.00043836
1959-09-09;0.00000000;0.00011014
1959-09-10;0.00000000;0.00011014
1959-09-11;0.00000000;0.00011014
1959-09-14;0.00000000;0.00034110
1959-09-15;0.00000000;0.00011452
1959-09-16;0.00000000;0.00011425
1959-09-17;0.00000000;0.00011452
1959-09-18;0.00000000;0.00010904
1959-09-21;0.00000000;0.00031973
1959-09-22;0.00000000;0.00010795
1959-09-23;0.00000000;0.00011041
1959-09-24;0.00000000;0.00010959
1959-09-25;0.00000000;0.00011041
1959-09-28;0.00000000;0.00034521
1959-09-29;0.00000000;0.00011397
1959-09-30;0.00000000;0.00011233
1959-10-01;0.00000000;0.00011178
1959-10-02;0.00000000;0.00010795
1959-10-05;0.00000000;0.00032055
1959-10-06;0.00000000;0.00010685
1959-10-07;0.00000000;0.00011123
1959-10-08;0.00000000;0.00011123
1959-10-09;0.00000000;0.00011425
1959-10-12;0.00000000;0.00034274
1959-10-13;0.00000000;0.00011616
1959-10-14;0.00000000;0.00011781
1959-10-15;0.00000000;0.00011644
1959-10-16;0.00000000;0.00011452
1959-10-19;0.00000000;0.00033370
1959-10-20;0.00000000;0.00010959
1959-10-21;0.00000000;0.00010877
1959-10-22;0.00000000;0.00010932
1959-10-23;0.00000000;0.00010740
1959-10-26;0.00000000;0.00032795
1959-10-27;0.00000000;0.00010932
1959-10-28;0.00000000;0.00011014
1959-10-29;0.00000000;0.00010986
1959-10-30;-0.00065000;-0.00054041
1959-11-02;-0.00225841;-0.00191813
1959-11-04;-0.00283909;-0.00261662
1959-11-05;0.00093635;0.00104593
1959-11-06;0.00477527;0.00488294
1959-11-09;-0.00207392;-0.00174186
1959-11-10;-0.00045933;-0.00034974
1959-11-11;0.00006247;0.00017206
1959-11-12;-0.00567906;-0.00556810
1959-11-13;-0.00571022;-0.00559926
1959-11-16;-0.01143768;-0.01108755
1959-11-17;0.00272952;0.00284404
1959-11-18;0.01070136;0.01081752
1959-11-19;-0.00099379;-0.00087926
1959-11-20;0.00041180;0.00052495
1959-11-23;0.00158153;0.00192509
1959-11-24;0.00461322;0.00472829
1959-11-25;0.00145013;0.00156739
1959-11-27;0.00428591;0.00452263
1959-11-30;0.00968131;0.01004624
1959-12-01;0.00708303;0.00720467
1959-12-02;-0.00183043;-0.00170550
1959-12-03;0.00209185;0.00221651
1959-12-04;0.00191722;0.00204133
1959-12-07;0.00149190;0.00186341
1959-12-08;0.00632039;0.00644313
1959-12-09;-0.00635936;-0.00623717
1959-12-10;0.00072351;0.00084597
1959-12-11;-0.00249673;-0.00237400
1959-12-14;0.00234588;0.00271164
1959-12-15;-0.00249484;-0.00237319
1959-12-16;0.00106380;0.00118654
1959-12-17;-0.00199193;-0.00186727
1959-12-18;0.00463048;0.00475513
1959-12-21;0.00079897;0.00117788
1959-12-22;-0.00131018;-0.00118415
1959-12-23;-0.00317239;-0.00304554
1959-12-24;0.00055432;0.00067651
1959-12-28;-0.00083323;-0.00034665
1959-12-29;0.00530392;0.00542365
1959-12-30;0.00780416;0.00792388
1959-12-31;0.00188523;0.00200578
1960-01-04;-0.00016907;0.00032627
1960-01-05;0.00788544;0.00801010
1960-01-06;-0.00443549;-0.00430727
1960-01-07;-0.00744625;-0.00731940
1960-01-08;-0.00331078;-0.00318503
1960-01-11;-0.01264781;-0.01227466
1960-01-12;-0.00625188;-0.00612749
1960-01-13;-0.00577657;-0.00565164
1960-01-14;0.00538416;0.00550772
1960-01-15;-0.00046740;-0.00034438
1960-01-18;-0.00875822;-0.00839904
1960-01-19;-0.01082997;-0.01071188
1960-01-20;-0.00361196;-0.00349415
1960-01-21;0.00233422;0.00245121
1960-01-22;0.00285671;0.00296959
1960-01-25;-0.01080099;-0.01046236
1960-01-26;0.00129634;0.00140703
1960-01-27;-0.00257342;-0.00246411
1960-01-28;-0.01051129;-0.01040389
1960-01-29;-0.00937544;-0.00926613
1960-02-01;0.00595931;0.00628808
1960-02-02;0.01525771;0.01536620
1960-02-03;-0.00891123;-0.00880164
1960-02-04;-0.00099792;-0.00088970
1960-02-05;-0.00525975;-0.00515564
1960-02-08;-0.01208746;-0.01179568
1960-02-09;0.00929986;0.00939794
1960-02-10;-0.00637120;-0.00626983
1960-02-11;-0.00569399;-0.00558851
1960-02-12;0.00496691;0.00507238
1960-02-15;-0.00556023;-0.00523475
1960-02-16;-0.00808795;-0.00797727
1960-02-17;0.00536803;0.00547954
1960-02-18;0.01387977;0.01399045
1960-02-19;0.00777161;0.00788339
1960-02-23;-0.00578688;-0.00534195
1960-02-24;-0.00369033;-0.00357718
1960-02-25;0.00329252;0.00340677
1960-02-26;0.00399557;0.00411037
1960-02-29;-0.00106239;-0.00071800
1960-03-01;-0.00207406;-0.00196200
1960-03-02;-0.00707400;-0.00696496
1960-03-03;-0.01520577;-0.01510440
1960-03-04;-0.00393516;-0.00383543
1960-03-07;-0.01037551;-0.01008455
1960-03-08;-0.01028087;-0.01018333
1960-03-09;0.01055854;0.01065827
1960-03-10;-0.00398820;-0.00388793
1960-03-11;0.00751630;0.00761465
1960-03-14;0.00118643;0.00146917
1960-03-15;0.00763525;0.00773004
1960-03-16;0.00538456;0.00547854
1960-03-17;-0.00154965;-0.00145541
1960-03-18;0.00081742;0.00090783
1960-03-21;0.00083427;0.00108496
1960-03-22;0.00391355;0.00399300
1960-03-23;0.00806110;0.00813699
1960-03-24;0.00422653;0.00430379
1960-03-25;-0.00007534;-0.00000192
1960-03-28;-0.00237787;-0.00214938
1960-03-29;-0.00151160;-0.00143407
1960-03-30;-0.00223323;-0.00215323
1960-03-31;-0.00583385;-0.00575111
1960-04-01;0.00154658;0.00162439
1960-04-04;0.00175517;0.00197873
1960-04-05;-0.00313949;-0.00306277
1960-04-06;0.02050685;0.02058685
1960-04-07;0.00009148;0.00017504
1960-04-08;-0.00239240;-0.00230199
1960-04-11;-0.00419894;-0.00390715
1960-04-12;0.00221385;0.00231248
1960-04-13;-0.00009973;-0.00000192
1960-04-14;0.00221070;0.00230714
1960-04-18;0.00246825;0.00282770
1960-04-19;-0.00822207;-0.00813056
1960-04-20;-0.01238632;-0.01229481
1960-04-21;0.00261193;0.00270371
1960-04-22;-0.00315235;-0.00306002
1960-04-25;-0.01037835;-0.01011041
1960-04-26;0.00319012;0.00327916
1960-04-27;-0.00009096;-0.00000192
1960-04-28;-0.00880942;-0.00872285
1960-04-29;-0.00421761;-0.00413432
1960-05-02;0.00000000;0.00024904
1960-05-03;0.00000000;0.00008603
1960-05-04;0.00000000;0.00008548
1960-05-05;0.00000000;0.00008466
1960-05-06;0.00000000;0.00008329
1960-05-09;0.00000000;0.00026466
1960-05-10;0.00000000;0.00008904
1960-05-11;0.00000000;0.00009068
1960-05-12;0.00000000;0.00009205
1960-05-13;0.00000000;0.00009425
1960-05-16;0.00000000;0.00029753
1960-05-17;0.00000000;0.00009699
1960-05-18;0.00000000;0.00010055
1960-05-19;0.00000000;0.00009370
1960-05-20;0.00000000;0.00008904
1960-05-23;0.00000000;0.00028110
1960-05-24;0.00000000;0.00009205
1960-05-25;0.00000000;0.00009096
1960-05-26;0.00000000;0.00008932
1960-05-27;0.00000000;0.00008466
1960-05-31;0.00000000;0.00034192
1960-06-01;0.00000000;0.00008384
1960-06-02;0.00000000;0.00008000
1960-06-03;0.00000000;0.00007260
1960-06-06;0.00000000;0.00021534
1960-06-07;0.00000000;0.00007342
1960-06-08;0.00000000;0.00007534
1960-06-09;0.00000000;0.00007205
1960-06-10;0.00000000;0.00006521
1960-06-13;0.00000000;0.00018822
1960-06-14;0.00000000;0.00006274
1960-06-15;0.00000000;0.00006219
1960-06-16;0.00000000;0.00006356
1960-06-17;0.00000000;0.00006493
1960-06-20;0.00000000;0.00020959
1960-06-21;0.00000000;0.00006356
1960-06-22;0.00000000;0.00006466
1960-06-23;0.00000000;0.00006548
1960-06-24;0.00000000;0.00006438
1960-06-27;0.00000000;0.00018986
1960-06-28;0.00000000;0.00006027
1960-06-29;0.00000000;0.00005863
1960-06-30;0.00000000;0.00006000
1960-07-01;0.00000000;0.00005616
1960-07-05;0.00000000;0.00023014
1960-07-06;0.00000000;0.00006164
1960-07-07;0.00000000;0.00006411
1960-07-08;0.00000000;0.00006548
1960-07-11;0.00000000;0.00020466
1960-07-12;0.00000000;0.00006630
1960-07-13;0.00000000;0.00006740
1960-07-14;0.00000000;0.00006493
1960-07-15;0.00000000;0.00006329
1960-07-18;0.00000000;0.00018575
1960-07-19;0.00000000;0.00006247
1960-07-20;0.00000000;0.00006411
1960-07-21;0.00000000;0.00006411
1960-07-22;0.00000000;0.00006438
1960-07-25;0.00000000;0.00018986
1960-07-26;0.00000000;0.00006110
1960-07-27;0.00000000;0.00006110
1960-07-28;0.00000000;0.00006110
1960-07-29;0.00000000;0.00006000
1960-08-01;0.00000000;0.00017260
1960-08-02;0.00000000;0.00005808
1960-08-03;0.00000000;0.00005945
1960-08-04;0.00000000;0.00005890
1960-08-05;0.00000000;0.00005836
1960-08-08;0.00000000;0.00017918
1960-08-09;0.00000000;0.00005918
1960-08-10;0.00000000;0.00006000
1960-08-11;0.00000000;0.00006137
1960-08-12;0.00000000;0.00005890
1960-08-15;0.00000000;0.00018082
1960-08-16;0.00000000;0.00006082
1960-08-17;0.00000000;0.00006384
1960-08-18;0.00000000;0.00006521
1960-08-19;0.00000000;0.00006575
1960-08-22;0.00000000;0.00019479
1960-08-23;0.00000000;0.00006438
1960-08-24;0.00000000;0.00006740
1960-08-25;0.00000000;0.00006822
1960-08-26;0.00000000;0.00006740
1960-08-29;0.00000000;0.00020384
1960-08-30;0.00000000;0.00006932
1960-08-31;0.00000000;0.00007041
1960-09-01;0.00000000;0.00007068
1960-09-02;0.00000000;0.00006822
1960-09-06;0.00000000;0.00027836
1960-09-07;0.00000000;0.00006959
1960-09-08;0.00000000;0.00006986
1960-09-09;0.00000000;0.00007096
1960-09-12;0.00000000;0.00021452
1960-09-13;0.00000000;0.00007205
1960-09-14;0.00000000;0.00007205
1960-09-15;0.00000000;0.00006932
1960-09-16;0.00000000;0.00006795
1960-09-19;0.00000000;0.00019726
1960-09-20;0.00000000;0.00006548
1960-09-21;0.00000000;0.00006740
1960-09-22;0.00000000;0.00006849
1960-09-23;0.00000000;0.00006575
1960-09-26;0.00000000;0.00019233
1960-09-27;0.00000000;0.00006575
1960-09-28;0.00000000;0.00006493
1960-09-29;0.00000000;0.00006384
1960-09-30;0.00000000;0.00006301
1960-10-03;0.00000000;0.00018986
1960-10-04;0.00000000;0.00006219
1960-10-05;0.00000000;0.00006712
1960-10-06;0.00000000;0.00006767
1960-10-07;0.00000000;0.00006932
1960-10-10;0.00000000;0.00021452
1960-10-11;0.00000000;0.00006932
1960-10-12;0.00000000;0.00006932
1960-10-13;0.00000000;0.00007123
1960-10-14;0.00000000;0.00006685
1960-10-17;0.00000000;0.00019151
1960-10-18;0.00000000;0.00006164
1960-10-19;0.00000000;0.00006301
1960-10-20;0.00000000;0.00005808
1960-10-21;0.00000000;0.00005890
1960-10-24;0.00000000;0.00017342
1960-10-25;0.00000000;0.00005808
1960-10-26;0.00000000;0.00005945
1960-10-27;0.00000000;0.00005753
1960-10-28;0.00000000;0.00005671
1960-10-31;-0.00065000;-0.00047575
1960-11-01;0.01023799;0.01029964
1960-11-02;0.00512876;0.00518904
1960-11-03;0.00381064;0.00387119
1960-11-04;0.00857220;0.00863303
1960-11-07;0.00362705;0.00381938
1960-11-09;0.00421904;0.00435109
1960-11-10;0.01944315;0.01951028
1960-11-11;-0.00999284;-0.00992572
1960-11-14;-0.00522451;-0.00501739
1960-11-15;0.00388659;0.00395563
1960-11-16;-0.00204111;-0.00197289
1960-11-17;-0.00276067;-0.00269492
1960-11-18;0.00479364;0.00485857
1960-11-21;0.00177172;0.00196487
1960-11-22;-0.00382182;-0.00375661
1960-11-23;0.00136780;0.00143383
1960-11-25;0.00577918;0.00591014
1960-11-28;-0.00197802;-0.00178733
1960-11-29;-0.00363719;-0.00357143
1960-11-30;-0.00526201;-0.00519626
1960-12-01;-0.00438696;-0.00432313
1960-12-02;0.00156255;0.00162557
1960-12-05;-0.00163745;-0.00145006
1960-12-06;0.00282785;0.00289087
1960-12-07;0.00984979;0.00991335
1960-12-08;0.00225676;0.00231868
1960-12-09;0.00884088;0.00890280
1960-12-12;0.00333730;0.00352470
1960-12-13;0.00046387;0.00052579
1960-12-14;-0.00076625;-0.00070515
1960-12-15;-0.00287848;-0.00281684
1960-12-16;0.00911102;0.00917239
1960-12-19;-0.00141282;-0.00122953
1960-12-20;-0.00076509;-0.00070208
1960-12-21;0.00799362;0.00805554
1960-12-22;-0.00284293;-0.00278211
1960-12-23;0.00080959;0.00086931
1960-12-27;0.00114289;0.00138509
1960-12-28;0.00445907;0.00451825
1960-12-29;0.00461153;0.00467098
1960-12-30;0.00097140;0.00103167
1961-01-03;-0.00955245;-0.00930039
1961-01-04;0.01365859;0.01372051
1961-01-05;0.00353425;0.00359644
1961-01-06;-0.00296689;-0.00290443
1961-01-09;0.00682493;0.00701479
1961-01-10;0.00265652;0.00271871
1961-01-11;0.00281899;0.00288090
1961-01-12;0.00297952;0.00304171
1961-01-13;0.00465605;0.00471824
1961-01-16;-0.00052626;-0.00034132
1961-01-17;0.00094486;0.00100513
1961-01-18;0.00060603;0.00066877
1961-01-19;0.00144393;0.00150613
1961-01-20;0.00311611;0.00317693
1961-01-23;0.00532038;0.00549792
1961-01-24;0.00259302;0.00265192
1961-01-25;0.00126122;0.00132149
1961-01-26;0.00142550;0.00148495
1961-01-27;0.01016600;0.01022573
1961-01-30;0.01173045;0.01191456
1961-01-31;-0.00313038;-0.00306792
1961-02-01;0.00187607;0.00194046
1961-02-02;0.00639683;0.00646012
1961-02-03;-0.00134849;-0.00128603
1961-02-06;-0.00758956;-0.00739887
1961-02-07;-0.00184684;-0.00178301
1961-02-08;0.00901696;0.00908162
1961-02-09;-0.00312075;-0.00305609
1961-02-10;-0.00845179;-0.00838631
1961-02-13;-0.00605585;-0.00585941
1961-02-14;0.00434842;0.00441418
1961-02-15;0.00823607;0.00830292
1961-02-16;0.00606983;0.00613503
1961-02-17;-0.00327794;-0.00321219
1961-02-20;0.00333555;0.00353692
1961-02-21;0.00057089;0.00063993
1961-02-23;0.00354525;0.00368443
1961-02-24;0.00392329;0.00399233
1961-02-27;0.00710401;0.00731442
1961-02-28;0.00213909;0.00220977
1961-03-01;-0.00023078;-0.00015955
1961-03-02;0.00654997;0.00661955
1961-03-03;0.00149549;0.00156425
1961-03-06;0.00135660;0.00155797
1961-03-07;-0.00912474;-0.00905734
1961-03-08;-0.00054143;-0.00047458
1961-03-09;0.00087728;0.00094386
1961-03-10;-0.00038318;-0.00031688
1961-03-13;0.00263417;0.00282979
1961-03-14;-0.00446522;-0.00440028
1961-03-15;0.00293122;0.00299587
1961-03-16;0.01000189;0.01006572
1961-03-17;-0.00333545;-0.00327244
1961-03-20;0.01324353;0.01343175
1961-03-21;-0.00191425;-0.00185206
1961-03-22;-0.00068114;-0.00061977
1961-03-23;-0.00269217;-0.00262943
1961-03-24;-0.00177011;-0.00170655
1961-03-27;-0.00128306;-0.00109237
1961-03-28;0.00039990;0.00046428
1961-03-29;0.00847508;0.00854111
1961-03-30;0.00193394;0.00200024
1961-04-03;0.00802935;0.00829236
1961-04-04;0.00084724;0.00091272
1961-04-05;-0.00311339;-0.00304791
1961-04-06;0.00222600;0.00228956
1961-04-07;0.00526962;0.00533263
1961-04-10;0.00844681;0.00863585
1961-04-11;0.00128784;0.00135086
1961-04-12;-0.00471928;-0.00465518
1961-04-13;-0.00081979;-0.00075595
1961-04-14;0.00159520;0.00165821
1961-04-17;0.03461173;0.03479913
1961-04-18;-0.03617333;-0.03611141
1961-04-19;-0.00595507;-0.00589316
1961-04-20;0.00008921;0.00015003
1961-04-21;-0.00082266;-0.00076157
1961-04-24;-0.02101510;-0.02083592
1961-04-25;0.01391296;0.01397324
1961-04-26;0.00376520;0.00382657
1961-04-27;-0.00143711;-0.00137492
1961-04-28;-0.00300559;-0.00294339
1961-05-01;0.00000000;0.00018658
1961-05-02;0.00000000;0.00006164
1961-05-03;0.00000000;0.00006055
1961-05-04;0.00000000;0.00006000
1961-05-05;0.00000000;0.00005973
1961-05-08;0.00000000;0.00018164
1961-05-09;0.00000000;0.00006137
1961-05-10;0.00000000;0.00006110
1961-05-11;0.00000000;0.00006110
1961-05-12;0.00000000;0.00006082
1961-05-15;0.00000000;0.00018411
1961-05-16;0.00000000;0.00006164
1961-05-17;0.00000000;0.00006384
1961-05-18;0.00000000;0.00006356
1961-05-19;0.00000000;0.00006274
1961-05-22;0.00000000;0.00019068
1961-05-23;0.00000000;0.00006466
1961-05-24;0.00000000;0.00006685
1961-05-25;0.00000000;0.00006630
1961-05-26;0.00000000;0.00006548
1961-05-31;0.00000000;0.00032055
1961-06-01;0.00000000;0.00006493
1961-06-02;0.00000000;0.00006767
1961-06-05;0.00000000;0.00020466
1961-06-06;0.00000000;0.00006630
1961-06-07;0.00000000;0.00006548
1961-06-08;0.00000000;0.00006466
1961-06-09;0.00000000;0.00006438
1961-06-12;0.00000000;0.00018986
1961-06-13;0.00000000;0.00006384
1961-06-14;0.00000000;0.00006356
1961-06-15;0.00000000;0.00006356
1961-06-16;0.00000000;0.00006384
1961-06-19;0.00000000;0.00019151
1961-06-20;0.00000000;0.00006329
1961-06-21;0.00000000;0.00006356
1961-06-22;0.00000000;0.00006329
1961-06-23;0.00000000;0.00006247
1961-06-26;0.00000000;0.00018411
1961-06-27;0.00000000;0.00006247
1961-06-28;0.00000000;0.00006274
1961-06-29;0.00000000;0.00006219
1961-06-30;0.00000000;0.00006219
1961-07-03;0.00000000;0.00018904
1961-07-05;0.00000000;0.00012712
1961-07-06;0.00000000;0.00006329
1961-07-07;0.00000000;0.00006301
1961-07-10;0.00000000;0.00018740
1961-07-11;0.00000000;0.00006164
1961-07-12;0.00000000;0.00006192
1961-07-13;0.00000000;0.00006137
1961-07-14;0.00000000;0.00006027
1961-07-17;0.00000000;0.00017918
1961-07-18;0.00000000;0.00006027
1961-07-19;0.00000000;0.00006027
1961-07-20;0.00000000;0.00006000
1961-07-21;0.00000000;0.00005918
1961-07-24;0.00000000;0.00018000
1961-07-25;0.00000000;0.00006055
1961-07-26;0.00000000;0.00006164
1961-07-27;0.00000000;0.00006027
1961-07-28;0.00000000;0.00006137
1961-07-31;0.00000000;0.00018575
1961-08-01;0.00000000;0.00006164
1961-08-02;0.00000000;0.00006301
1961-08-03;0.00000000;0.00006274
1961-08-04;0.00000000;0.00006274
1961-08-07;0.00000000;0.00018986
1961-08-08;0.00000000;0.00006411
1961-08-09;0.00000000;0.00006548
1961-08-10;0.00000000;0.00006630
1961-08-11;0.00000000;0.00006685
1961-08-14;0.00000000;0.00020384
1961-08-15;0.00000000;0.00006822
1961-08-16;0.00000000;0.00006959
1961-08-17;0.00000000;0.00006849
1961-08-18;0.00000000;0.00006767
1961-08-21;0.00000000;0.00020219
1961-08-22;0.00000000;0.00006740
1961-08-23;0.00000000;0.00006822
1961-08-24;0.00000000;0.00006548
1961-08-25;0.00000000;0.00006411
1961-08-28;0.00000000;0.00018904
1961-08-29;0.00000000;0.00006466
1961-08-30;0.00000000;0.00006466
1961-08-31;0.00000000;0.00006438
1961-09-01;0.00000000;0.00006438
1961-09-05;0.00000000;0.00025753
1961-09-06;0.00000000;0.00006384
1961-09-07;0.00000000;0.00006301
1961-09-08;0.00000000;0.00006329
1961-09-11;0.00000000;0.00018822
1961-09-12;0.00000000;0.00006274
1961-09-13;0.00000000;0.00006329
1961-09-14;0.00000000;0.00006274
1961-09-15;0.00000000;0.00006219
1961-09-18;0.00000000;0.00018493
1961-09-19;0.00000000;0.00006192
1961-09-20;0.00000000;0.00006274
1961-09-21;0.00000000;0.00006192
1961-09-22;0.00000000;0.00006164
1961-09-25;0.00000000;0.00018493
1961-09-26;0.00000000;0.00006164
1961-09-27;0.00000000;0.00006192
1961-09-28;0.00000000;0.00006164
1961-09-29;0.00000000;0.00006110
1961-10-02;0.00000000;0.00018411
1961-10-03;0.00000000;0.00006137
1961-10-04;0.00000000;0.00006384
1961-10-05;0.00000000;0.00006274
1961-10-06;0.00000000;0.00006329
1961-10-09;0.00000000;0.00019151
1961-10-10;0.00000000;0.00006329
1961-10-11;0.00000000;0.00006493
1961-10-12;0.00000000;0.00006493
1961-10-13;0.00000000;0.00006493
1961-10-16;0.00000000;0.00019068
1961-10-17;0.00000000;0.00006192
1961-10-18;0.00000000;0.00006274
1961-10-19;0.00000000;0.00006274
1961-10-20;0.00000000;0.00006301
1961-10-23;0.00000000;0.00018904
1961-10-24;0.00000000;0.00006247
1961-10-25;0.00000000;0.00006301
1961-10-26;0.00000000;0.00006301
1961-10-27;0.00000000;0.00006274
1961-10-30;0.00000000;0.00018658
1961-10-31;-0.00065000;-0.00058753
1961-11-01;0.00153865;0.00160111
1961-11-02;0.00546477;0.00552696
1961-11-03;0.00514470;0.00520717
1961-11-06;0.00757670;0.00776739
1961-11-08;0.01214916;0.01228012
1961-11-09;-0.00147898;-0.00141295
1961-11-10;0.00416950;0.00423717
1961-11-13;0.00260372;0.00280837
1961-11-14;0.00540119;0.00547023
1961-11-15;0.00006695;0.00013763
1961-11-16;-0.00076915;-0.00069956
1961-11-17;-0.00007123;-0.00000192
1961-11-20;0.00118338;0.00139050
1961-11-21;0.00076563;0.00083467
1961-11-22;-0.00118657;-0.00111643
1961-11-24;0.00180902;0.00194874
1961-11-27;-0.00007861;0.00013344
1961-11-28;-0.00146412;-0.00139371
1961-11-29;-0.00076974;-0.00069878
1961-11-30;-0.00537164;-0.00530178
1961-12-01;0.00637857;0.00644789
1961-12-04;0.00298807;0.00319848
1961-12-05;-0.00118356;-0.00111287
1961-12-06;0.00076072;0.00083223
1961-12-07;-0.00410094;-0.00403026
1961-12-08;0.00466965;0.00474006
1961-12-11;0.00464225;0.00485266
1961-12-12;0.00338119;0.00345160
1961-12-13;-0.00158747;-0.00151623
1961-12-14;-0.00765649;-0.00758499
1961-12-15;0.00034281;0.00041486
1961-12-18;-0.00369366;-0.00347749
1961-12-19;-0.00704082;-0.00696959
1961-12-20;-0.00203779;-0.00196655
1961-12-21;-0.00372894;-0.00365771
1961-12-22;0.00063247;0.00070370
1961-12-26;0.00125428;0.00154359
1961-12-27;0.00879595;0.00886882
1961-12-28;0.00048347;0.00055635
1961-12-29;-0.00202792;-0.00195477
1962-01-02;-0.00854954;-0.00825365
1962-01-03;0.00231900;0.00239380
1962-01-04;-0.00696523;-0.00689071
1962-01-05;-0.01395015;-0.01387508
1962-01-08;-0.00798618;-0.00775769
1962-01-09;0.00035595;0.00043211
1962-01-10;-0.00282655;-0.00274957
1962-01-11;0.00586739;0.00594356
1962-01-12;0.00338217;0.00345779
1962-01-15;-0.00224216;-0.00201696
1962-01-16;-0.00583459;-0.00575980
1962-01-17;-0.01093554;-0.01086047
1962-01-18;0.00094843;0.00102267
1962-01-19;0.00518776;0.00526201
1962-01-22;0.00064670;0.00086697
1962-01-23;-0.00763184;-0.00755896
1962-01-24;0.00153598;0.00160886
1962-01-25;-0.00080579;-0.00073291
1962-01-26;-0.00329380;-0.00322064
1962-01-29;-0.00360110;-0.00338165
1962-01-30;0.00390137;0.00397452
1962-01-31;0.00975166;0.00982645
1962-02-01;0.00602549;0.00609919
1962-02-02;0.00786602;0.00793917
1962-02-05;0.00077752;0.00099697
1962-02-06;0.00106948;0.00114290
1962-02-07;0.00649847;0.00657327
1962-02-08;0.00219564;0.00227016
1962-02-09;-0.00149327;-0.00141875
1962-02-12;-0.00051308;-0.00028952
1962-02-13;-0.00021946;-0.00014384
1962-02-14;-0.00050501;-0.00042775
1962-02-15;0.00446444;0.00454225
1962-02-16;-0.00219989;-0.00212236
1962-02-19;-0.00278583;-0.00255569
1962-02-20;0.00347337;0.00354871
1962-02-21;-0.00488849;-0.00481369
1962-02-23;-0.00242655;-0.00227915
1962-02-26;-0.00592564;-0.00570701
1962-02-27;0.00178709;0.00186161
1962-02-28;0.00092541;0.00099966
1962-03-01;0.00335519;0.00342861
1962-03-02;-0.00064542;-0.00057172
1962-03-05;-0.00236564;-0.00214372
1962-03-06;-0.00336168;-0.00328716
1962-03-07;-0.00136703;-0.00129169
1962-03-08;0.00709737;0.00717271
1962-03-09;0.00319929;0.00327490
1962-03-12;-0.00051579;-0.00028976
1962-03-13;0.00276365;0.00283899
1962-03-14;0.00431367;0.00438902
1962-03-15;0.00203865;0.00211344
1962-03-16;-0.00176515;-0.00169063
1962-03-19;-0.00149635;-0.00127443
1962-03-20;-0.00275761;-0.00268364
1962-03-21;-0.00219901;-0.00212476
1962-03-22;-0.00163568;-0.00156198
1962-03-23;0.00063434;0.00070831
1962-03-26;-0.00817739;-0.00795465
1962-03-27;-0.00279500;-0.00272048
1962-03-28;0.00480134;0.00487613
1962-03-29;-0.00050559;-0.00043024
1962-03-30;-0.00664775;-0.00657241
1962-04-02;-0.00281903;-0.00259382
1962-04-03;-0.00814937;-0.00807457
1962-04-04;-0.00472638;-0.00465240
1962-04-05;0.00605584;0.00613036
1962-04-06;-0.00109171;-0.00101774
1962-04-09;-0.00792751;-0.00770477
1962-04-10;0.00358280;0.00365787
1962-04-11;-0.00226595;-0.00218978
1962-04-12;-0.00753176;-0.00745697
1962-04-13;-0.00007699;-0.00000192
1962-04-16;-0.00464676;-0.00442402
1962-04-17;0.00436143;0.00443595
1962-04-18;0.00537248;0.00544727
1962-04-19;0.00461056;0.00468535
1962-04-23;-0.00118161;-0.00088243
1962-04-24;-0.00109816;-0.00102337
1962-04-25;-0.01103229;-0.01095722
1962-04-26;-0.00982416;-0.00974937
1962-04-27;-0.01126267;-0.01118760
1962-04-30;-0.01686889;-0.01664369
1962-05-01;0.00000000;0.00007507
1962-05-02;0.00000000;0.00007507
1962-05-03;0.00000000;0.00007479
1962-05-04;0.00000000;0.00007479
1962-05-07;0.00000000;0.00022192
1962-05-08;0.00000000;0.00007342
1962-05-09;0.00000000;0.00007315
1962-05-10;0.00000000;0.00007288
1962-05-11;0.00000000;0.00007205
1962-05-14;0.00000000;0.00021699
1962-05-15;0.00000000;0.00007288
1962-05-16;0.00000000;0.00007315
1962-05-17;0.00000000;0.00007342
1962-05-18;0.00000000;0.00007342
1962-05-21;0.00000000;0.00022027
1962-05-22;0.00000000;0.00007342
1962-05-23;0.00000000;0.00007397
1962-05-24;0.00000000;0.00007397
1962-05-25;0.00000000;0.00007370
1962-05-28;0.00000000;0.00021781
1962-05-29;0.00000000;0.00007288
1962-05-31;0.00000000;0.00014795
1962-06-01;0.00000000;0.00007370
1962-06-04;0.00000000;0.00021863
1962-06-05;0.00000000;0.00007260
1962-06-06;0.00000000;0.00007288
1962-06-07;0.00000000;0.00007233
1962-06-08;0.00000000;0.00007260
1962-06-11;0.00000000;0.00021781
1962-06-12;0.00000000;0.00007315
1962-06-13;0.00000000;0.00007425
1962-06-14;0.00000000;0.00007479
1962-06-15;0.00000000;0.00007425
1962-06-18;0.00000000;0.00022356
1962-06-19;0.00000000;0.00007534
1962-06-20;0.00000000;0.00007479
1962-06-21;0.00000000;0.00007452
1962-06-22;0.00000000;0.00007507
1962-06-25;0.00000000;0.00022932
1962-06-26;0.00000000;0.00007753
1962-06-27;0.00000000;0.00007753
1962-06-28;0.00000000;0.00007836
1962-06-29;0.00000000;0.00007945
1962-07-02;0.00000000;0.00024000
1962-07-03;0.00000000;0.00007945
1962-07-05;0.00000000;0.00016000
1962-07-06;0.00000000;0.00008027
1962-07-09;0.00000000;0.00024329
1962-07-10;0.00000000;0.00008110
1962-07-11;0.00000000;0.00008137
1962-07-12;0.00000000;0.00008164
1962-07-13;0.00000000;0.00008110
1962-07-16;0.00000000;0.00024411
1962-07-17;0.00000000;0.00008137
1962-07-18;0.00000000;0.00008137
1962-07-19;0.00000000;0.00008027
1962-07-20;0.00000000;0.00007973
1962-07-23;0.00000000;0.00023589
1962-07-24;0.00000000;0.00007836
1962-07-25;0.00000000;0.00007918
1962-07-26;0.00000000;0.00007918
1962-07-27;0.00000000;0.00007890
1962-07-30;0.00000000;0.00023507
1962-07-31;0.00000000;0.00007836
1962-08-01;0.00000000;0.00007863
1962-08-02;0.00000000;0.00007753
1962-08-03;0.00000000;0.00007726
1962-08-06;0.00000000;0.00023014
1962-08-07;0.00000000;0.00007753
1962-08-08;0.00000000;0.00007781
1962-08-09;0.00000000;0.00007753
1962-08-10;0.00000000;0.00007753
1962-08-13;0.00000000;0.00023178
1962-08-14;0.00000000;0.00007753
1962-08-15;0.00000000;0.00007836
1962-08-16;0.00000000;0.00007753
1962-08-17;0.00000000;0.00007781
1962-08-20;0.00000000;0.00023178
1962-08-21;0.00000000;0.00007726
1962-08-22;0.00000000;0.00007726
1962-08-23;0.00000000;0.00007726
1962-08-24;0.00000000;0.00007726
1962-08-27;0.00000000;0.00023014
1962-08-28;0.00000000;0.00007616
1962-08-29;0.00000000;0.00007699
1962-08-30;0.00000000;0.00007671
1962-08-31;0.00000000;0.00007699
1962-09-04;0.00000000;0.00031014
1962-09-05;0.00000000;0.00007808
1962-09-06;0.00000000;0.00007644
1962-09-07;0.00000000;0.00007644
1962-09-10;0.00000000;0.00022767
1962-09-11;0.00000000;0.00007589
1962-09-12;0.00000000;0.00007616
1962-09-13;0.00000000;0.00007616
1962-09-14;0.00000000;0.00007616
1962-09-17;0.00000000;0.00022849
1962-09-18;0.00000000;0.00007589
1962-09-19;0.00000000;0.00007589
1962-09-20;0.00000000;0.00007534
1962-09-21;0.00000000;0.00007562
1962-09-24;0.00000000;0.00022603
1962-09-25;0.00000000;0.00007562
1962-09-26;0.00000000;0.00007562
1962-09-27;0.00000000;0.00007562
1962-09-28;0.00000000;0.00007507
1962-10-01;0.00000000;0.00022438
1962-10-02;0.00000000;0.00007507
1962-10-03;0.00000000;0.00007589
1962-10-04;0.00000000;0.00007562
1962-10-05;0.00000000;0.00007562
1962-10-08;0.00000000;0.00022685
1962-10-09;0.00000000;0.00007534
1962-10-10;0.00000000;0.00007562
1962-10-11;0.00000000;0.00007589
1962-10-12;0.00000000;0.00007589
1962-10-15;0.00000000;0.00022603
1962-10-16;0.00000000;0.00007507
1962-10-17;0.00000000;0.00007534
1962-10-18;0.00000000;0.00007507
1962-10-19;0.00000000;0.00007452
1962-10-22;0.00000000;0.00022438
1962-10-23;0.00000000;0.00007507
1962-10-24;0.00000000;0.00007507
1962-10-25;0.00000000;0.00007507
1962-10-26;0.00000000;0.00007479
1962-10-29;0.00000000;0.00022110
1962-10-30;0.00000000;0.00007452
1962-10-31;-0.00065000;-0.00057548
1962-11-01;0.01053927;0.01061379
1962-11-02;0.01094996;0.01102749
1962-11-05;0.01015043;0.01038386
1962-11-07;0.00601021;0.00616583
1962-11-08;-0.00672145;-0.00664474
1962-11-09;0.00780889;0.00788560
1962-11-12;0.01354431;0.01377444
1962-11-13;-0.00226048;-0.00218349
1962-11-14;0.01169344;0.01177070
1962-11-15;-0.00323797;-0.00316016
1962-11-16;0.00308880;0.00316633
1962-11-19;-0.00588995;-0.00565735
1962-11-20;0.01045214;0.01052968
1962-11-21;0.00587561;0.00595342
1962-11-23;0.01184515;0.01200077
1962-11-26;-0.00316493;-0.00293068
1962-11-27;0.00594944;0.00602807
1962-11-28;0.00623729;0.00631592
1962-11-29;0.00458811;0.00466647
1962-11-30;-0.00248373;-0.00240538
1962-12-03;-0.00538056;-0.00514549
1962-12-04;0.01122099;0.01129934
1962-12-05;-0.00407106;-0.00399298
1962-12-06;0.00857551;0.00865332
1962-12-07;0.00198634;0.00206387
1962-12-10;-0.01276529;-0.01253350
1962-12-11;0.00072323;0.00080104
1962-12-12;0.00489433;0.00497241
1962-12-13;-0.00343303;-0.00335494
1962-12-14;0.00232308;0.00240116
1962-12-17;-0.00343724;-0.00320217
1962-12-18;-0.00489055;-0.00481192
1962-12-19;0.00813571;0.00821461
1962-12-20;0.00375400;0.00383317
1962-12-21;-0.00294615;-0.00286725
1962-12-24;-0.00040211;-0.00016540
1962-12-26;0.00606650;0.00622321
1962-12-27;-0.00150949;-0.00143004
1962-12-28;0.00039453;0.00047480
1962-12-31;0.00197788;0.00221788
1963-01-02;-0.00665927;-0.00650146
1963-01-03;0.01634978;0.01642813
1963-01-04;0.00635303;0.00643248
1963-01-07;-0.00040086;-0.00016169
1963-01-08;0.00958800;0.00966745
1963-01-09;-0.00239806;-0.00231888
1963-01-10;0.00177678;0.00185595
1963-01-11;0.00208240;0.00216158
1963-01-14;0.00515460;0.00539132
1963-01-15;-0.00146119;-0.00138229
1963-01-16;-0.00683889;-0.00675971
1963-01-17;0.00703139;0.00711112
1963-01-18;0.00068578;0.00076578
1963-01-21;0.00128846;0.00152846
1963-01-22;0.00236879;0.00244906
1963-01-23;0.00266787;0.00274869
1963-01-24;0.00189864;0.00197919
1963-01-25;0.00250336;0.00258363
1963-01-28;0.00460862;0.00484862
1963-01-29;-0.00023316;-0.00015288
1963-01-30;-0.00581977;-0.00573950
1963-01-31;0.00523292;0.00531319
1963-02-01;0.00157917;0.00165971
1963-02-04;-0.00235869;-0.00211705
1963-02-05;-0.00098977;-0.00090867
1963-02-06;0.00430361;0.00438471
1963-02-07;-0.00354660;-0.00346577
1963-02-08;-0.00008274;-0.00000192
1963-02-11;-0.00644356;-0.00620191
1963-02-12;0.00098201;0.00106256
1963-02-13;0.00477881;0.00485909
1963-02-14;0.00294151;0.00302151
1963-02-15;0.00082238;0.00090238
1963-02-18;0.00141145;0.00165062
1963-02-19;-0.00489195;-0.00481250
1963-02-20;-0.00567049;-0.00559104
1963-02-21;0.00128661;0.00136524
1963-02-25;-0.00730144;-0.00698583
1963-02-26;0.00007140;0.00015085
1963-02-27;-0.00710776;-0.00702804
1963-02-28;-0.01115659;-0.01107714
1963-03-01;-0.00303673;-0.00295728
1963-03-04;0.00942910;0.00966663
1963-03-05;0.00022765;0.00030711
1963-03-06;0.00161773;0.00169719
1963-03-07;0.00624146;0.00632036
1963-03-08;0.00099236;0.00107071
1963-03-11;0.00251360;0.00274949
1963-03-12;0.00236183;0.00244046
1963-03-13;0.00357381;0.00365272
1963-03-14;-0.00478421;-0.00470530
1963-03-15;0.00494967;0.00502857
1963-03-18;-0.00509692;-0.00485939
1963-03-19;-0.00221492;-0.00213574
1963-03-20;0.00724996;0.00732968
1963-03-21;-0.00159767;-0.00151822
1963-03-22;0.00508188;0.00516133
1963-03-25;0.00005805;0.00029641
1963-03-26;0.00278829;0.00286774
1963-03-27;0.00413495;0.00421495
1963-03-28;-0.00158162;-0.00150162
1963-03-29;-0.00023184;-0.00015211
1963-04-01;0.00396199;0.00420035
1963-04-02;-0.00023096;-0.00015151
1963-04-03;0.00769813;0.00777785
1963-04-04;0.00719270;0.00727243
1963-04-05;0.00625587;0.00633559
1963-04-08;0.00327083;0.00350919
1963-04-09;-0.00110270;-0.00102352
1963-04-10;-0.00241884;-0.00233939
1963-04-11;0.00694693;0.00702693
1963-04-15;0.00432662;0.00464552
1963-04-16;0.00064232;0.00072178
1963-04-17;-0.00326332;-0.00318387
1963-04-18;-0.00051638;-0.00043721
1963-04-19;0.00485458;0.00493349
1963-04-22;0.00076866;0.00100537
1963-04-23;0.00323781;0.00331699
1963-04-24;0.00265154;0.00273072
1963-04-25;0.00049263;0.00057181
1963-04-26;-0.00094119;-0.00086201
1963-04-29;-0.00096065;-0.00072311
1963-04-30;0.00142226;0.00150171
1963-05-01;0.00000000;0.00007945
1963-05-02;0.00000000;0.00007945
1963-05-03;0.00000000;0.00007945
1963-05-06;0.00000000;0.00023836
1963-05-07;0.00000000;0.00007945
1963-05-08;0.00000000;0.00007973
1963-05-09;0.00000000;0.00007973
1963-05-10;0.00000000;0.00007973
1963-05-13;0.00000000;0.00023836
1963-05-14;0.00000000;0.00007918
1963-05-15;0.00000000;0.00007945
1963-05-16;0.00000000;0.00007945
1963-05-17;0.00000000;0.00007973
1963-05-20;0.00000000;0.00024000
1963-05-21;0.00000000;0.00008000
1963-05-22;0.00000000;0.00008055
1963-05-23;0.00000000;0.00008082
1963-05-24;0.00000000;0.00008110
1963-05-27;0.00000000;0.00024411
1963-05-28;0.00000000;0.00008137
1963-05-29;0.00000000;0.00008192
1963-05-31;0.00000000;0.00016438
1963-06-03;0.00000000;0.00024904
1963-06-04;0.00000000;0.00008274
1963-06-05;0.00000000;0.00008219
1963-06-06;0.00000000;0.00008192
1963-06-07;0.00000000;0.00008164
1963-06-10;0.00000000;0.00024411
1963-06-11;0.00000000;0.00008164
1963-06-12;0.00000000;0.00008192
1963-06-13;0.00000000;0.00008164
1963-06-14;0.00000000;0.00008192
1963-06-17;0.00000000;0.00024493
1963-06-18;0.00000000;0.00008164
1963-06-19;0.00000000;0.00008164
1963-06-20;0.00000000;0.00008164
1963-06-21;0.00000000;0.00008164
1963-06-24;0.00000000;0.00024493
1963-06-25;0.00000000;0.00008192
1963-06-26;0.00000000;0.00008192
1963-06-27;0.00000000;0.00008192
1963-06-28;0.00000000;0.00008192
1963-07-01;0.00000000;0.00024658
1963-07-02;0.00000000;0.00008274
1963-07-03;0.00000000;0.00008329
1963-07-05;0.00000000;0.00016822
1963-07-08;0.00000000;0.00026384
1963-07-09;0.00000000;0.00008822
1963-07-10;0.00000000;0.00008849
1963-07-11;0.00000000;0.00008877
1963-07-12;0.00000000;0.00008712
1963-07-15;0.00000000;0.00026055
1963-07-16;0.00000000;0.00008685
1963-07-17;0.00000000;0.00008877
1963-07-18;0.00000000;0.00008767
1963-07-19;0.00000000;0.00008712
1963-07-22;0.00000000;0.00026055
1963-07-23;0.00000000;0.00008630
1963-07-24;0.00000000;0.00008822
1963-07-25;0.00000000;0.00008795
1963-07-26;0.00000000;0.00008767
1963-07-29;0.00000000;0.00026630
1963-07-30;0.00000000;0.00008904
1963-07-31;0.00000000;0.00008959
1963-08-01;0.00000000;0.00008904
1963-08-02;0.00000000;0.00008795
1963-08-05;0.00000000;0.00026384
1963-08-06;0.00000000;0.00008822
1963-08-07;0.00000000;0.00008986
1963-08-08;0.00000000;0.00009014
1963-08-09;0.00000000;0.00009041
1963-08-12;0.00000000;0.00027123
1963-08-13;0.00000000;0.00009068
1963-08-14;0.00000000;0.00009096
1963-08-15;0.00000000;0.00009123
1963-08-16;0.00000000;0.00009151
1963-08-19;0.00000000;0.00027370
1963-08-20;0.00000000;0.00009123
1963-08-21;0.00000000;0.00009233
1963-08-22;0.00000000;0.00009233
1963-08-23;0.00000000;0.00009260
1963-08-26;0.00000000;0.00027781
1963-08-27;0.00000000;0.00009288
1963-08-28;0.00000000;0.00009315
1963-08-29;0.00000000;0.00009288
1963-08-30;0.00000000;0.00009288
1963-09-03;0.00000000;0.00037041
1963-09-04;0.00000000;0.00009233
1963-09-05;0.00000000;0.00009178
1963-09-06;0.00000000;0.00009151
1963-09-09;0.00000000;0.00027452
1963-09-10;0.00000000;0.00009205
1963-09-11;0.00000000;0.00009205
1963-09-12;0.00000000;0.00009233
1963-09-13;0.00000000;0.00009260
1963-09-16;0.00000000;0.00028027
1963-09-17;0.00000000;0.00009315
1963-09-18;0.00000000;0.00009342
1963-09-19;0.00000000;0.00009342
1963-09-20;0.00000000;0.00009315
1963-09-23;0.00000000;0.00027863
1963-09-24;0.00000000;0.00009288
1963-09-25;0.00000000;0.00009233
1963-09-26;0.00000000;0.00009233
1963-09-27;0.00000000;0.00009205
1963-09-30;0.00000000;0.00027699
1963-10-01;0.00000000;0.00009233
1963-10-02;0.00000000;0.00009397
1963-10-03;0.00000000;0.00009425
1963-10-04;0.00000000;0.00009452
1963-10-07;0.00000000;0.00028438
1963-10-08;0.00000000;0.00009452
1963-10-09;0.00000000;0.00009425
1963-10-10;0.00000000;0.00009425
1963-10-11;0.00000000;0.00009425
1963-10-14;0.00000000;0.00028356
1963-10-15;0.00000000;0.00009479
1963-10-16;0.00000000;0.00009479
1963-10-17;0.00000000;0.00009562
1963-10-18;0.00000000;0.00009534
1963-10-21;0.00000000;0.00028438
1963-10-22;0.00000000;0.00009397
1963-10-23;0.00000000;0.00009425
1963-10-24;0.00000000;0.00009452
1963-10-25;0.00000000;0.00009425
1963-10-28;0.00000000;0.00028274
1963-10-29;0.00000000;0.00009479
1963-10-30;0.00000000;0.00009534
1963-10-31;-0.00065000;-0.00055466
1963-11-01;-0.00252964;-0.00243402
1963-11-04;-0.00544121;-0.00515271
1963-11-06;-0.00891122;-0.00871725
1963-11-07;0.00333442;0.00343168
1963-11-08;0.00400704;0.00410430
1963-11-11;0.00188349;0.00217527
1963-11-12;-0.00404368;-0.00394642
1963-11-13;0.00071934;0.00081742
1963-11-14;-0.00473801;-0.00464102
1963-11-15;-0.00832344;-0.00822673
1963-11-18;-0.00748235;-0.00719304
1963-11-19;0.00087617;0.00097261
1963-11-20;0.00908133;0.00917750
1963-11-21;-0.01305260;-0.01295671
1963-11-22;-0.02816232;-0.02806670
1963-11-26;0.03940628;0.03978546
1963-11-27;-0.00189361;-0.00179799
1963-11-29;0.01336840;0.01356018
1963-12-02;0.00557602;0.00586616
1963-12-03;-0.00064194;-0.00054495
1963-12-04;0.00234636;0.00244307
1963-12-05;0.00640571;0.00650215
1963-12-06;-0.00386733;-0.00377144
1963-12-09;-0.00083314;-0.00054629
1963-12-10;0.00030809;0.00040371
1963-12-11;-0.00131446;-0.00121830
1963-12-12;0.00003724;0.00013340
1963-12-13;0.00193114;0.00202758
1963-12-16;0.00294473;0.00323486
1963-12-17;0.00582331;0.00592002
1963-12-18;-0.00157040;-0.00147369
1963-12-19;-0.00318050;-0.00308379
1963-12-20;-0.00171126;-0.00161482
1963-12-23;-0.00662248;-0.00633316
1963-12-24;0.00206937;0.00216581
1963-12-26;0.00453439;0.00472781
1963-12-27;0.00151628;0.00161272
1963-12-30;0.00131697;0.00160628
1963-12-31;0.00607145;0.00616761
1964-01-02;0.00526795;0.00546137
1964-01-03;0.00082938;0.00092609
1964-01-06;0.00195577;0.00224590
1964-01-07;0.00016568;0.00026239
1964-01-08;0.00399675;0.00409374
1964-01-09;0.00358558;0.00368229
1964-01-10;-0.00062301;-0.00052630
1964-01-13;-0.00055904;-0.00026808
1964-01-14;0.00173788;0.00183487
1964-01-15;0.00356766;0.00366492
1964-01-16;-0.00127323;-0.00117624
1964-01-17;0.00003173;0.00012872
1964-01-20;-0.00225432;-0.00196500
1964-01-21;0.00264998;0.00274641
1964-01-22;0.00525273;0.00534917
1964-01-23;0.00068084;0.00077700
1964-01-24;0.00016135;0.00025752
1964-01-27;-0.00068248;-0.00039481
1964-01-28;0.00016166;0.00025755
1964-01-29;-0.00619379;-0.00609790
1964-01-30;0.00081567;0.00091156
1964-01-31;0.00433505;0.00443094
1964-02-03;-0.00120204;-0.00091437
1964-02-04;-0.00126737;-0.00117120
1964-02-05;-0.00178903;-0.00169286
1964-02-06;0.00224747;0.00234336
1964-02-07;0.00315135;0.00324779
1964-02-10;-0.00198026;-0.00169013
1964-02-11;0.00353565;0.00363209
1964-02-12;0.00300523;0.00310166
1964-02-13;-0.00074294;-0.00064650
1964-02-14;-0.00061435;-0.00051791
1964-02-17;-0.00055320;-0.00026388
1964-02-18;0.00003074;0.00012718
1964-02-19;0.00093375;0.00103074
1964-02-20;0.00080374;0.00090073
1964-02-24;0.00037848;0.00076533
1964-02-25;-0.00009863;-0.00000192
1964-02-26;0.00234675;0.00244401
1964-02-27;-0.00331075;-0.00321240
1964-02-28;0.00221844;0.00231707
1964-03-02;0.00188509;0.00217934
1964-03-03;0.00310691;0.00320444
1964-03-04;-0.00201739;-0.00191959
1964-03-05;-0.00022727;-0.00013001
1964-03-06;0.00310376;0.00320075
1964-03-09;-0.00004050;0.00024964
1964-03-10;0.00322039;0.00331737
1964-03-11;0.00448128;0.00457882
1964-03-12;0.00154743;0.00164469
1964-03-13;0.00065982;0.00075681
1964-03-16;-0.00029589;-0.00000575
1964-03-17;0.00217582;0.00227253
1964-03-18;0.00065725;0.00075451
1964-03-19;-0.00110699;-0.00100973
1964-03-20;-0.00489111;-0.00479385
1964-03-23;-0.00017000;0.00012096
1964-03-24;-0.00187235;-0.00177564
1964-03-25;0.00231230;0.00240956
1964-03-26;0.00256000;0.00265698
1964-03-30;-0.00102482;-0.00063906
1964-03-31;-0.00211982;-0.00202365
1964-04-01;0.00319334;0.00329005
1964-04-02;0.00570652;0.00580323
1964-04-03;0.00291294;0.00300937
1964-04-06;0.00070733;0.00099500
1964-04-07;-0.00359666;-0.00350104
1964-04-08;0.00002815;0.00012349
1964-04-09;-0.00072367;-0.00062888
1964-04-10;0.00178535;0.00188014
1964-04-13;-0.00129284;-0.00100763
1964-04-14;0.00266067;0.00275601
1964-04-15;0.00115262;0.00124824
1964-04-16;0.00127647;0.00137154
1964-04-17;0.00426738;0.00436217
1964-04-20;-0.00091005;-0.00062649
1964-04-21;0.00040073;0.00049498
1964-04-22;-0.00071752;-0.00062273
1964-04-23;-0.00146307;-0.00136855
1964-04-24;-0.00793421;-0.00783969
1964-04-27;-0.00530417;-0.00502143
1964-04-28;0.00683515;0.00692940
1964-04-29;-0.00259957;-0.00250505
1964-04-30;-0.00375773;-0.00366321
1964-05-01;0.00000000;0.00009479
1964-05-04;0.00000000;0.00028521
1964-05-05;0.00000000;0.00009534
1964-05-06;0.00000000;0.00009589
1964-05-07;0.00000000;0.00009562
1964-05-08;0.00000000;0.00009562
1964-05-11;0.00000000;0.00028521
1964-05-12;0.00000000;0.00009507
1964-05-13;0.00000000;0.00009534
1964-05-14;0.00000000;0.00009534
1964-05-15;0.00000000;0.00009507
1964-05-18;0.00000000;0.00028438
1964-05-19;0.00000000;0.00009507
1964-05-20;0.00000000;0.00009562
1964-05-21;0.00000000;0.00009534
1964-05-22;0.00000000;0.00009507
1964-05-25;0.00000000;0.00028438
1964-05-26;0.00000000;0.00009479
1964-05-27;0.00000000;0.00009534
1964-05-28;0.00000000;0.00009507
1964-06-01;0.00000000;0.00038027
1964-06-02;0.00000000;0.00009507
1964-06-03;0.00000000;0.00009534
1964-06-04;0.00000000;0.00009507
1964-06-05;0.00000000;0.00009507
1964-06-08;0.00000000;0.00028438
1964-06-09;0.00000000;0.00009479
1964-06-10;0.00000000;0.00009507
1964-06-11;0.00000000;0.00009534
1964-06-12;0.00000000;0.00009534
1964-06-15;0.00000000;0.00028685
1964-06-16;0.00000000;0.00009562
1964-06-17;0.00000000;0.00009589
1964-06-18;0.00000000;0.00009562
1964-06-19;0.00000000;0.00009534
1964-06-22;0.00000000;0.00028603
1964-06-23;0.00000000;0.00009507
1964-06-24;0.00000000;0.00009507
1964-06-25;0.00000000;0.00009507
1964-06-26;0.00000000;0.00009507
1964-06-29;0.00000000;0.00028521
1964-06-30;0.00000000;0.00009507
1964-07-01;0.00000000;0.00009534
1964-07-02;0.00000000;0.00009534
1964-07-06;0.00000000;0.00038137
1964-07-07;0.00000000;0.00009562
1964-07-08;0.00000000;0.00009589
1964-07-09;0.00000000;0.00009534
1964-07-10;0.00000000;0.00009397
1964-07-13;0.00000000;0.00028192
1964-07-14;0.00000000;0.00009425
1964-07-15;0.00000000;0.00009425
1964-07-16;0.00000000;0.00009370
1964-07-17;0.00000000;0.00009425
1964-07-20;0.00000000;0.00028438
1964-07-21;0.00000000;0.00009479
1964-07-22;0.00000000;0.00009534
1964-07-23;0.00000000;0.00009452
1964-07-24;0.00000000;0.00009452
1964-07-27;0.00000000;0.00028356
1964-07-28;0.00000000;0.00009479
1964-07-29;0.00000000;0.00009507
1964-07-30;0.00000000;0.00009507
1964-07-31;0.00000000;0.00009507
1964-08-03;0.00000000;0.00028521
1964-08-04;0.00000000;0.00009507
1964-08-05;0.00000000;0.00009589
1964-08-06;0.00000000;0.00009562
1964-08-07;0.00000000;0.00009562
1964-08-10;0.00000000;0.00028767
1964-08-11;0.00000000;0.00009589
1964-08-12;0.00000000;0.00009616
1964-08-13;0.00000000;0.00009616
1964-08-14;0.00000000;0.00009616
1964-08-17;0.00000000;0.00028767
1964-08-18;0.00000000;0.00009562
1964-08-19;0.00000000;0.00009589
1964-08-20;0.00000000;0.00009589
1964-08-21;0.00000000;0.00009589
1964-08-24;0.00000000;0.00028767
1964-08-25;0.00000000;0.00009589
1964-08-26;0.00000000;0.00009616
1964-08-27;0.00000000;0.00009562
1964-08-28;0.00000000;0.00009562
1964-08-31;0.00000000;0.00028767
1964-09-01;0.00000000;0.00009589
1964-09-02;0.00000000;0.00009616
1964-09-03;0.00000000;0.00009589
1964-09-04;0.00000000;0.00009616
1964-09-08;0.00000000;0.00038466
1964-09-09;0.00000000;0.00009671
1964-09-10;0.00000000;0.00009644
1964-09-11;0.00000000;0.00009644
1964-09-14;0.00000000;0.00029014
1964-09-15;0.00000000;0.00009699
1964-09-16;0.00000000;0.00009726
1964-09-17;0.00000000;0.00009699
1964-09-18;0.00000000;0.00009699
1964-09-21;0.00000000;0.00029096
1964-09-22;0.00000000;0.00009699
1964-09-23;0.00000000;0.00009726
1964-09-24;0.00000000;0.00009726
1964-09-25;0.00000000;0.00009699
1964-09-28;0.00000000;0.00029178
1964-09-29;0.00000000;0.00009726
1964-09-30;0.00000000;0.00009726
1964-10-01;0.00000000;0.00009726
1964-10-02;0.00000000;0.00009753
1964-10-05;0.00000000;0.00029260
1964-10-06;0.00000000;0.00009753
1964-10-07;0.00000000;0.00009808
1964-10-08;0.00000000;0.00009808
1964-10-09;0.00000000;0.00009808
1964-10-12;0.00000000;0.00029425
1964-10-13;0.00000000;0.00009781
1964-10-14;0.00000000;0.00009836
1964-10-15;0.00000000;0.00009836
1964-10-16;0.00000000;0.00009836
1964-10-19;0.00000000;0.00029507
1964-10-20;0.00000000;0.00009836
1964-10-21;0.00000000;0.00009836
1964-10-22;0.00000000;0.00009808
1964-10-23;0.00000000;0.00009781
1964-10-26;0.00000000;0.00029260
1964-10-27;0.00000000;0.00009753
1964-10-28;0.00000000;0.00009753
1964-10-29;0.00000000;0.00009726
1964-10-30;-0.00065000;-0.00055274
1964-11-02;0.00347338;0.00376516
1964-11-04;-0.00066905;-0.00047343
1964-11-05;0.00013518;0.00023299
1964-11-06;0.00072226;0.00082006
1964-11-09;-0.00076850;-0.00047507
1964-11-10;-0.00420792;-0.00411038
1964-11-11;0.00272940;0.00282694
1964-11-12;0.00119290;0.00129098
1964-11-13;0.00013450;0.00023285
1964-11-16;0.00486207;0.00515796
1964-11-17;0.00433611;0.00443474
1964-11-18;0.00210771;0.00220661
1964-11-19;-0.00056475;-0.00046585
1964-11-20;0.00105927;0.00115844
1964-11-23;-0.00355758;-0.00325100
1964-11-24;-0.00324501;-0.00314145
1964-11-25;-0.00348929;-0.00338463
1964-11-27;-0.00348976;-0.00328099
1964-11-30;-0.00901090;-0.00869528
1964-12-01;-0.01041301;-0.01030753
1964-12-02;0.00276541;0.00287061
1964-12-03;0.00454874;0.00465258
1964-12-04;0.00191400;0.00201756
1964-12-07;-0.00055190;-0.00024286
1964-12-08;-0.00401923;-0.00391512
1964-12-09;-0.00653569;-0.00643049
1964-12-10;-0.00022667;-0.00012174
1964-12-11;0.00240990;0.00251456
1964-12-14;-0.00283153;-0.00251591
1964-12-15;-0.00286354;-0.00275806
1964-12-16;0.00385745;0.00396348
1964-12-17;0.00408116;0.00418719
1964-12-18;0.00454072;0.00464647
1964-12-21;0.00074473;0.00106199
1964-12-22;-0.00070023;-0.00059448
1964-12-23;-0.00224214;-0.00213639
1964-12-24;-0.00010767;-0.00000192
1964-12-28;-0.00138027;-0.00095835
1964-12-29;-0.00319924;-0.00309458
1964-12-30;0.00573943;0.00584464
1964-12-31;0.00523150;0.00533616
1965-01-04;-0.00656090;-0.00614336
1965-01-05;0.00194438;0.00204849
1965-01-06;0.00392213;0.00402679
1965-01-07;0.00613975;0.00624386
1965-01-08;0.00531097;0.00541453
1965-01-11;0.00003580;0.00034566
1965-01-12;0.00194180;0.00204481
1965-01-13;-0.00142771;-0.00132442
1965-01-14;0.00294940;0.00305269
1965-01-15;0.00420514;0.00430843
1965-01-18;-0.00560229;-0.00529243
1965-01-19;0.00017727;0.00028056
1965-01-20;-0.00085465;-0.00074972
1965-01-21;0.00005385;0.00015878
1965-01-22;-0.00223187;-0.00212694
1965-01-25;-0.00442823;-0.00411262
1965-01-26;-0.00031476;-0.00020956
1965-01-27;0.00563077;0.00573625
1965-01-28;-0.00304994;-0.00294419
1965-01-29;-0.00162713;-0.00152110
1965-02-01;0.00001494;0.00033385
1965-02-02;-0.00192091;-0.00181460
1965-02-03;0.00409410;0.00420068
1965-02-04;0.00498545;0.00509230
1965-02-05;-0.00091908;-0.00081196
1965-02-08;-0.00411696;-0.00379724
1965-02-09;-0.00132030;-0.00121372
1965-02-10;-0.00580582;-0.00569870
1965-02-11;-0.01075007;-0.01064268
1965-02-12;0.00730837;0.00741577
1965-02-15;-0.00426206;-0.00394069
1965-02-16;-0.00342940;-0.00332201
1965-02-17;-0.00350830;-0.00339981
1965-02-18;0.00327195;0.00338044
1965-02-19;-0.00081596;-0.00070746
1965-02-22;-0.01045771;-0.01013223
1965-02-23;0.00187796;0.00198700
1965-02-24;0.00111236;0.00122195
1965-02-25;-0.00091966;-0.00081007
1965-02-26;-0.00028826;-0.00017895
1965-03-01;-0.00407770;-0.00375140
1965-03-02;-0.00088366;-0.00077517
1965-03-03;0.00128375;0.00139252
1965-03-04;0.00044197;0.00055046
1965-03-05;-0.00254218;-0.00243397
1965-03-08;-0.00786982;-0.00754598
1965-03-09;-0.00618481;-0.00607686
1965-03-10;-0.00313494;-0.00302672
1965-03-11;-0.00174153;-0.00163358
1965-03-12;0.00649534;0.00660302
1965-03-15;0.00521459;0.00553678
1965-03-16;-0.00379799;-0.00369087
1965-03-17;-0.00303479;-0.00292740
1965-03-18;0.00161399;0.00172138
1965-03-19;-0.00281555;-0.00270816
1965-03-22;-0.00044310;-0.00012091
1965-03-23;-0.00297606;-0.00286893
1965-03-24;-0.00378719;-0.00368007
1965-03-25;-0.00153515;-0.00142857
1965-03-26;-0.00133059;-0.00122374
1965-03-29;0.00987642;0.01019697
1965-03-30;-0.01972627;-0.01961888
1965-03-31;-0.00342548;-0.00331781
1965-04-01;-0.00147193;-0.00136426
1965-04-02;0.00154553;0.00165348
1965-04-05;-0.00215409;-0.00183107
1965-04-06;0.01303051;0.01313791
1965-04-07;0.00260035;0.00270829
1965-04-08;0.01269573;0.01280313
1965-04-09;0.00179988;0.00190756
1965-04-12;-0.00560015;-0.00527713
1965-04-13;-0.00538339;-0.00527600
1965-04-14;-0.00209736;-0.00198941
1965-04-15;0.00791610;0.00802404
1965-04-16;-0.01174768;-0.01163973
1965-04-19;-0.00354894;-0.00322510
1965-04-20;-0.00257489;-0.00246722
1965-04-21;-0.00601348;-0.00590553
1965-04-22;0.01363184;0.01373979
1965-04-23;-0.00446072;-0.00435332
1965-04-26;0.00454774;0.00486829
1965-04-27;0.00329567;0.00340252
1965-04-28;0.00878717;0.00889457
1965-04-29;-0.00089583;-0.00078843
1965-04-30;0.00263449;0.00274161
1965-05-03;0.00000000;0.00032055
1965-05-04;0.00000000;0.00010630
1965-05-05;0.00000000;0.00010685
1965-05-06;0.00026644;0.00037301
1965-05-07;0.00000000;0.00010658
1965-05-10;0.00000000;0.00031890
1965-05-11;0.00000000;0.00010630
1965-05-12;0.00000000;0.00010685
1965-05-13;0.00000000;0.00010685
1965-05-14;0.00000000;0.00010685
1965-05-17;0.00000000;0.00031973
1965-05-18;0.00000000;0.00010658
1965-05-19;0.00000000;0.00010685
1965-05-20;0.00000000;0.00010685
1965-05-21;0.00000000;0.00010685
1965-05-24;0.00000000;0.00031890
1965-05-25;0.00000000;0.00010630
1965-05-26;0.00000000;0.00010658
1965-05-27;0.00000000;0.00010630
1965-05-28;0.00000000;0.00010603
1965-05-31;0.00000000;0.00031808
1965-06-01;0.00015945;0.00026575
1965-06-02;0.00000000;0.00010603
1965-06-03;0.00000000;0.00010521
1965-06-04;0.00000000;0.00010438
1965-06-07;0.00000000;0.00031068
1965-06-08;0.00000000;0.00010438
1965-06-09;0.00000000;0.00010466
1965-06-10;0.00000000;0.00010438
1965-06-11;0.00000000;0.00010438
1965-06-14;0.00000000;0.00031233
1965-06-15;0.00000000;0.00010411
1965-06-16;0.00000000;0.00010384
1965-06-17;0.00000000;0.00010411
1965-06-18;0.00000000;0.00010411
1965-06-21;0.00000000;0.00031068
1965-06-22;0.00000000;0.00010356
1965-06-23;0.00000000;0.00010356
1965-06-24;0.00000000;0.00010329
1965-06-25;0.00000000;0.00010329
1965-06-28;0.00000000;0.00031068
1965-06-29;0.00000000;0.00010438
1965-06-30;0.00000000;0.00010438
1965-07-01;0.00000000;0.00010466
1965-07-02;0.00000000;0.00010493
1965-07-05;0.00000000;0.00031479
1965-07-06;0.00015904;0.00026507
1965-07-07;0.00000000;0.00010575
1965-07-08;0.00000000;0.00010603
1965-07-09;0.00000000;0.00010603
1965-07-12;0.00000000;0.00031808
1965-07-13;0.00000000;0.00010630
1965-07-14;0.00000000;0.00010603
1965-07-15;0.00000000;0.00010548
1965-07-16;0.00000000;0.00010521
1965-07-19;0.00000000;0.00031397
1965-07-20;0.00000000;0.00010466
1965-07-21;0.00005233;0.00015699
1965-07-22;0.00000000;0.00010438
1965-07-23;0.00000000;0.00010438
1965-07-26;0.00000000;0.00031233
1965-07-27;0.00000000;0.00010438
1965-07-28;0.00000000;0.00010438
1965-07-29;0.00000000;0.00010411
1965-07-30;0.00000000;0.00010438
1965-08-02;0.00000000;0.00031397
1965-08-03;0.00000000;0.00010548
1965-08-04;0.00000000;0.00010548
1965-08-05;0.00000000;0.00010548
1965-08-06;0.00000000;0.00010521
1965-08-09;0.00000000;0.00031479
1965-08-10;0.00000000;0.00010548
1965-08-11;0.00000000;0.00010521
1965-08-12;0.00000000;0.00010493
1965-08-13;0.00000000;0.00010411
1965-08-16;0.00000000;0.00031233
1965-08-17;0.00000000;0.00010493
1965-08-18;0.00000000;0.00010493
1965-08-19;0.00000000;0.00010493
1965-08-20;0.00000000;0.00010493
1965-08-23;0.00000000;0.00031562
1965-08-24;0.00000000;0.00010603
1965-08-25;0.00000000;0.00010603
1965-08-26;0.00000000;0.00010575
1965-08-27;0.00000000;0.00010575
1965-08-30;0.00000000;0.00031726
1965-08-31;0.00000000;0.00010685
1965-09-01;0.00000000;0.00010658
1965-09-02;0.00000000;0.00010575
1965-09-03;0.00000000;0.00010603
1965-09-06;0.00000000;0.00031808
1965-09-07;0.00016068;0.00026781
1965-09-08;0.00000000;0.00010712
1965-09-09;0.00000000;0.00010685
1965-09-10;0.00000000;0.00010630
1965-09-13;0.00000000;0.00031890
1965-09-14;0.00000000;0.00010630
1965-09-15;0.00000000;0.00010630
1965-09-16;0.00005315;0.00015945
1965-09-17;0.00000000;0.00010630
1965-09-20;0.00000000;0.00031973
1965-09-21;0.00000000;0.00010767
1965-09-22;0.00000000;0.00010795
1965-09-23;0.00000000;0.00010849
1965-09-24;0.00005452;0.00016356
1965-09-27;0.00000000;0.00032795
1965-09-28;0.00000000;0.00011014
1965-09-29;0.00000000;0.00011096
1965-09-30;0.00000000;0.00011014
1965-10-01;0.00000000;0.00010959
1965-10-04;0.00000000;0.00032712
1965-10-05;0.00000000;0.00011096
1965-10-06;0.00000000;0.00011068
1965-10-07;0.00000000;0.00010959
1965-10-08;0.00000000;0.00010959
1965-10-11;0.00000000;0.00032712
1965-10-12;0.00016356;0.00027260
1965-10-13;0.00000000;0.00010986
1965-10-14;0.00000000;0.00010986
1965-10-15;0.00000000;0.00011014
1965-10-18;0.00000000;0.00033041
1965-10-19;0.00000000;0.00011068
1965-10-20;0.00000000;0.00011068
1965-10-21;0.00000000;0.00011068
1965-10-22;0.00000000;0.00011068
1965-10-25;0.00000000;0.00033123
1965-10-26;0.00000000;0.00011096
1965-10-27;0.00000000;0.00011096
1965-10-28;0.00000000;0.00011123
1965-10-29;-0.00065000;-0.00053877
1965-11-01;0.00555604;0.00589056
1965-11-02;-0.00279481;-0.00268331
1965-11-03;0.00075151;0.00086356
1965-11-04;0.00229544;0.00240695
1965-11-05;-0.00290098;-0.00279029
1965-11-08;0.00742116;0.00775321
1965-11-09;0.00258549;0.00269699
1965-11-10;0.00148457;0.00159635
1965-11-11;0.00292127;0.00303305
1965-11-12;0.00925257;0.00936408
1965-11-15;-0.00704738;-0.00671204
1965-11-16;0.00469826;0.00481032
1965-11-17;-0.00138163;-0.00126957
1965-11-18;0.00797998;0.00809231
1965-11-19;-0.00417972;-0.00406739
1965-11-22;0.00181758;0.00215457
1965-11-23;0.00141292;0.00152580
1965-11-24;0.00475613;0.00486901
1965-11-25;-0.02142281;-0.02130993
1965-11-26;0.00428552;0.00439813
1965-11-29;0.00734526;0.00768225
1965-11-30;0.00375885;0.00387200
1965-12-01;0.00092676;0.00103991
1965-12-02;0.00969656;0.00980944
1965-12-03;-0.01132186;-0.01120898
1965-12-06;-0.02635004;-0.02599661
1965-12-07;0.01723454;0.01735399
1965-12-08;0.00241918;0.00253864
1965-12-09;-0.00878755;-0.00866865
1965-12-10;0.00301703;0.00313566
1965-12-13;0.00171323;0.00207159
1965-12-14;0.00305238;0.00317320
1965-12-15;0.00619648;0.00631703
1965-12-16;0.00438642;0.00450751
1965-12-17;-0.00171714;-0.00159495
1965-12-20;-0.00359386;-0.00322399
1965-12-21;0.00094349;0.00106623
1965-12-22;0.00462803;0.00475050
1965-12-23;-0.00120792;-0.00108546
1965-12-24;0.01115635;0.01127882
1965-12-27;0.00444245;0.00480985
1965-12-28;0.00172106;0.00184352
1965-12-29;0.00140490;0.00152764
1965-12-30;0.00199929;0.00212203
1965-12-31;0.00236965;0.00249266
1966-01-03;-0.00308119;-0.00271050
1966-01-04;0.00464086;0.00476579
1966-01-05;-0.00226454;-0.00213961
1966-01-06;0.00809708;0.00822146
1966-01-07;-0.00193001;-0.00180563
1966-01-10;0.00166021;0.00203419
1966-01-11;-0.00603742;-0.00591139
1966-01-12;0.00154083;0.00166713
1966-01-13;0.00000516;0.00013118
1966-01-14;0.00057512;0.00070197
1966-01-17;0.00281587;0.00319642
1966-01-18;-0.00166434;-0.00153667
1966-01-19;-0.00132126;-0.00119469
1966-01-20;0.00058902;0.00071477
1966-01-21;0.00530823;0.00543399
1966-01-24;0.00659450;0.00697011
1966-01-25;-0.00156464;-0.00143861
1966-01-26;0.00317229;0.00329832
1966-01-27;-0.00112073;-0.00099580
1966-01-28;0.00175599;0.00188119
1966-01-31;-0.00113843;-0.00075788
1966-02-01;0.00104756;0.00117523
1966-02-02;0.00429546;0.00442258
1966-02-03;-0.00273678;-0.00260994
1966-02-04;0.00464387;0.00477045
1966-02-07;0.00535207;0.00573097
1966-02-08;0.00133183;0.00145896
1966-02-09;0.00319189;0.00331901
1966-02-10;-0.00686100;-0.00673361
1966-02-11;-0.00034247;-0.00021507
1966-02-14;-0.01022183;-0.00983964
1966-02-15;-0.00586884;-0.00574062
1966-02-16;0.00379679;0.00392556
1966-02-17;-0.01054526;-0.01041759
1966-02-18;0.00462741;0.00475508
1966-02-21;-0.00120041;-0.00081739
1966-02-22;-0.00038201;-0.00025434
1966-02-23;0.00288111;0.00300961
1966-02-24;0.00012739;0.00025534
1966-02-25;0.00157521;0.00170206
1966-02-28;0.00529724;0.00567861
1966-03-01;-0.00207603;-0.00194863
1966-03-02;-0.00718358;-0.00705646
1966-03-03;0.00272948;0.00285578
1966-03-04;0.00094285;0.00106806
1966-03-07;-0.00423266;-0.00385705
1966-03-08;0.00458809;0.00471494
1966-03-09;0.00330421;0.00343106
1966-03-10;-0.00427459;-0.00414719
1966-03-11;-0.00654632;-0.00641782
1966-03-14;0.00153822;0.00192205
1966-03-15;-0.00116730;-0.00103991
1966-03-16;0.00911872;0.00924612
1966-03-17;-0.00119804;-0.00107092
1966-03-18;0.00433769;0.00446344
1966-03-21;0.00719080;0.00756230
1966-03-22;0.00437843;0.00450309
1966-03-23;-0.00376429;-0.00364128
1966-03-24;0.00371077;0.00383297
1966-03-25;-0.00560343;-0.00547932
1966-03-28;0.00535749;0.00572735
1966-03-29;0.00206027;0.00218493
1966-03-30;-0.00364287;-0.00351876
1966-03-31;0.00467538;0.00479921
1966-04-01;0.00525770;0.00538099
1966-04-04;-0.00049207;-0.00012385
1966-04-05;0.00264952;0.00277390
1966-04-06;-0.00143100;-0.00130607
1966-04-07;-0.00676853;-0.00664305
1966-04-08;0.00476724;0.00489272
1966-04-11;-0.00381223;-0.00343497
1966-04-12;0.00277800;0.00290567
1966-04-13;0.00171573;0.00184367
1966-04-14;-0.00405117;-0.00392350
1966-04-15;-0.00035431;-0.00022664
1966-04-18;-0.00381173;-0.00342954
1966-04-19;-0.00785299;-0.00772532
1966-04-20;-0.00434426;-0.00421631
1966-04-21;0.00705313;0.00718080
1966-04-22;-0.00084379;-0.00071694
1966-04-25;0.00758890;0.00796944
1966-04-26;-0.00295737;-0.00283025
1966-04-27;0.00980598;0.00993311
1966-04-28;-0.00497522;-0.00484837
1966-04-29;-0.00154745;-0.00142005
1966-05-02;0.00006370;0.00044589
1966-05-03;0.00000000;0.00012822
1966-05-04;0.00000000;0.00012795
1966-05-05;0.00000000;0.00012795
1966-05-06;0.00019151;0.00031918
1966-05-09;0.00000000;0.00037890
1966-05-10;0.00000000;0.00012630
1966-05-11;0.00000000;0.00012630
1966-05-12;0.00000000;0.00012630
1966-05-13;0.00000000;0.00012630
1966-05-16;0.00000000;0.00037808
1966-05-17;0.00000000;0.00012712
1966-05-18;0.00000000;0.00012740
1966-05-19;0.00000000;0.00012740
1966-05-20;0.00000000;0.00012712
1966-05-23;0.00000000;0.00037973
1966-05-24;0.00000000;0.00012740
1966-05-25;0.00000000;0.00012740
1966-05-26;0.00000000;0.00012712
1966-05-27;0.00000000;0.00012658
1966-05-30;0.00000000;0.00037973
1966-05-31;0.00019068;0.00031781
1966-06-01;0.00000000;0.00012685
1966-06-02;0.00000000;0.00012493
1966-06-03;0.00000000;0.00012438
1966-06-06;0.00000000;0.00037315
1966-06-07;0.00000000;0.00012603
1966-06-08;0.00000000;0.00012575
1966-06-09;0.00000000;0.00012548
1966-06-10;0.00000000;0.00012521
1966-06-13;0.00000000;0.00037479
1966-06-14;0.00000000;0.00012548
1966-06-15;0.00000000;0.00012438
1966-06-16;0.00000000;0.00012329
1966-06-17;0.00000000;0.00012219
1966-06-20;0.00000000;0.00036411
1966-06-21;0.00000000;0.00012247
1966-06-22;0.00000000;0.00012055
1966-06-23;0.00000000;0.00011890
1966-06-24;0.00000000;0.00012000
1966-06-27;0.00000000;0.00035589
1966-06-28;0.00000000;0.00012000
1966-06-29;0.00000000;0.00012137
1966-06-30;0.00000000;0.00012548
1966-07-01;0.00000000;0.00012712
1966-07-04;0.00000000;0.00038137
1966-07-05;0.00019603;0.00032671
1966-07-06;0.00000000;0.00012767
1966-07-07;0.00000000;0.00012767
1966-07-08;0.00000000;0.00012822
1966-07-11;0.00000000;0.00038959
1966-07-12;0.00000000;0.00013397
1966-07-13;0.00000000;0.00013370
1966-07-14;0.00000000;0.00013479
1966-07-15;0.00000000;0.00013507
1966-07-18;0.00000000;0.00040521
1966-07-19;0.00000000;0.00013589
1966-07-20;0.00000000;0.00013425
1966-07-21;0.00006685;0.00020055
1966-07-22;0.00000000;0.00013260
1966-07-25;0.00000000;0.00039288
1966-07-26;0.00000000;0.00013068
1966-07-27;0.00000000;0.00012767
1966-07-28;0.00000000;0.00012849
1966-07-29;0.00000000;0.00013068
1966-08-01;0.00000000;0.00039041
1966-08-02;0.00000000;0.00013260
1966-08-03;0.00000000;0.00013342
1966-08-04;0.00000000;0.00013260
1966-08-05;0.00000000;0.00013123
1966-08-08;0.00000000;0.00039288
1966-08-09;0.00000000;0.00013315
1966-08-10;0.00000000;0.00013397
1966-08-11;0.00000000;0.00013452
1966-08-12;0.00000000;0.00013534
1966-08-15;0.00000000;0.00041096
1966-08-16;0.00000000;0.00013945
1966-08-17;0.00000000;0.00013918
1966-08-18;0.00000000;0.00013945
1966-08-19;0.00000000;0.00013863
1966-08-22;0.00000000;0.00040849
1966-08-23;0.00000000;0.00013836
1966-08-24;0.00000000;0.00013753
1966-08-25;0.00000000;0.00013781
1966-08-26;0.00000000;0.00013781
1966-08-29;0.00000000;0.00041425
1966-08-30;0.00000000;0.00013945
1966-08-31;0.00000000;0.00013863
1966-09-01;0.00000000;0.00013918
1966-09-02;0.00000000;0.00013945
1966-09-05;0.00000000;0.00041836
1966-09-06;0.00021247;0.00035411
1966-09-07;0.00000000;0.00014219
1966-09-08;0.00000000;0.00014274
1966-09-09;0.00000000;0.00014301
1966-09-12;0.00000000;0.00043479
1966-09-13;0.00000000;0.00014877
1966-09-14;0.00000000;0.00014932
1966-09-15;0.00000000;0.00014959
1966-09-16;0.00007479;0.00022438
1966-09-19;0.00000000;0.00044959
1966-09-20;0.00000000;0.00015260
1966-09-21;0.00000000;0.00015315
1966-09-22;0.00000000;0.00015205
1966-09-23;0.00000000;0.00015096
1966-09-26;0.00007466;0.00052260
1966-09-27;0.00000000;0.00014904
1966-09-28;0.00000000;0.00014822
1966-09-29;0.00000000;0.00014630
1966-09-30;0.00000000;0.00014630
1966-10-03;0.00000000;0.00043808
1966-10-04;0.00000000;0.00014904
1966-10-05;0.00000000;0.00014849
1966-10-06;0.00000000;0.00014740
1966-10-07;0.00000000;0.00014685
1966-10-10;0.00000000;0.00044384
1966-10-11;0.00022479;0.00037466
1966-10-12;0.00000000;0.00014986
1966-10-13;0.00000000;0.00015014
1966-10-14;0.00000000;0.00014904
1966-10-17;0.00000000;0.00044301
1966-10-18;0.00000000;0.00014822
1966-10-19;0.00000000;0.00014795
1966-10-20;0.00000000;0.00014740
1966-10-21;0.00000000;0.00014438
1966-10-24;0.00000000;0.00042658
1966-10-25;0.00000000;0.00014329
1966-10-26;0.00000000;0.00014356
1966-10-27;0.00000000;0.00014384
1966-10-28;0.00000000;0.00014329
1966-10-31;-0.00065000;-0.00022096
1966-11-01;0.00049921;0.00064359
1966-11-02;0.00028517;0.00043120
1966-11-03;-0.00410442;-0.00395840
1966-11-04;0.00372746;0.00387431
1966-11-07;0.00131706;0.00175843
1966-11-08;-0.00117321;-0.00102608
1966-11-09;-0.00126207;-0.00111358
1966-11-10;0.00179938;0.00194869
1966-11-11;-0.00226283;-0.00211351
1966-11-14;-0.00515521;-0.00471056
1966-11-15;0.00288928;0.00303860
1966-11-16;0.00279114;0.00294018
1966-11-17;0.00062565;0.00077250
1966-11-18;-0.00344758;-0.00330265
1966-11-21;-0.00598930;-0.00556108
1966-11-22;-0.00496597;-0.00482132
1966-11-23;0.00663138;0.00677604
1966-11-24;-0.00629595;-0.00615129
1966-11-25;0.00008579;0.00023017
1966-11-28;-0.00621151;-0.00578412
1966-11-29;-0.00177182;-0.00162962
1966-11-30;-0.00068581;-0.00054444
1966-12-01;-0.00177389;-0.00163252
1966-12-02;-0.00476260;-0.00462123
1966-12-05;-0.00482287;-0.00439794
1966-12-06;0.00359577;0.00373687
1966-12-07;0.00936298;0.00950517
1966-12-08;0.00366742;0.00380934
1966-12-09;0.00521687;0.00535687
1966-12-12;0.00404443;0.00445785
1966-12-13;-0.00334395;-0.00320587
1966-12-14;-0.00098951;-0.00085225
1966-12-15;-0.00867578;-0.00854099
1966-12-16;-0.00153898;-0.00140610
1966-12-19;0.00413957;0.00453820
1966-12-20;0.00157012;0.00170217
1966-12-21;0.00245990;0.00259196
1966-12-22;0.00664170;0.00677348
1966-12-23;-0.00282598;-0.00269503
1966-12-26;0.02189878;0.02229166
1966-12-27;-0.00463794;-0.00450698
1966-12-28;-0.00005279;0.00007872
1966-12-29;-0.00162262;-0.00149057
1966-12-30;-0.00038255;-0.00025077
1967-01-03;0.00008435;0.00061476
1967-01-04;-0.00278159;-0.00264981
1967-01-05;-0.00103184;-0.00090088
1967-01-06;0.00129424;0.00142520
1967-01-09;0.00700167;0.00739537
1967-01-10;-0.00013479;-0.00000192
1967-01-11;0.00136149;0.00149272
1967-01-12;0.00217679;0.00230911
1967-01-13;0.00434518;0.00447641
1967-01-16;-0.00299632;-0.00260838
1967-01-17;0.01557435;0.01570285
1967-01-18;0.00079441;0.00092318
1967-01-19;0.00126890;0.00139821
1967-01-20;0.00061921;0.00074825
1967-01-23;0.00191931;0.00230397
1967-01-24;0.00167617;0.00180467
1967-01-25;-0.00477142;-0.00464265
1967-01-26;-0.00036201;-0.00023488
1967-01-27;-0.00326455;-0.00313880
1967-01-30;0.01244719;0.01281788
1967-01-31;0.00151057;0.00163413
1967-02-01;-0.00098323;-0.00085994
1967-02-02;0.00454901;0.00467147
1967-02-03;0.00631650;0.00643869
1967-02-06;-0.00096926;-0.00059694
1967-02-07;-0.00088219;-0.00075753
1967-02-08;0.00608814;0.00621225
1967-02-09;-0.01632355;-0.01619971
1967-02-10;0.00141848;0.00154341
1967-02-13;0.00407612;0.00445091
1967-02-14;0.00135048;0.00147651
1967-02-15;0.00478609;0.00491267
1967-02-16;0.00051357;0.00063987
1967-02-17;-0.00268773;-0.00256116
1967-02-20;-0.00049457;-0.00011649
1967-02-21;-0.00175900;-0.00163242
1967-02-22;0.00396739;0.00409397
1967-02-23;0.00184930;0.00197642
1967-02-24;0.00056116;0.00068692
1967-02-27;-0.00581306;-0.00543991
1967-02-28;0.00504761;0.00517199
1967-03-01;0.00889158;0.00901350
1967-03-02;0.00140952;0.00153035
1967-03-03;-0.00523073;-0.00511100
1967-03-06;-0.00065227;-0.00029391
1967-03-07;-0.00212439;-0.00200439
1967-03-08;-0.00353091;-0.00341064
1967-03-09;0.00294457;0.00306430
1967-03-10;0.00028950;0.00040895
1967-03-13;-0.00559825;-0.00524236
1967-03-14;-0.00057234;-0.00045425
1967-03-15;0.00679811;0.00691537
1967-03-16;0.00234372;0.00245988
1967-03-17;0.00342862;0.00354478
1967-03-20;-0.00040845;-0.00007146
1967-03-21;-0.00233319;-0.00221921
1967-03-22;-0.00034637;-0.00023212
1967-03-23;0.00113018;0.00124388
1967-03-24;0.00068139;0.00079509
1967-03-27;-0.00289688;-0.00255414
1967-03-28;-0.00413999;-0.00402574
1967-03-29;0.00531596;0.00543021
1967-03-30;-0.00027985;-0.00016724
1967-03-31;-0.00317365;-0.00306379
1967-04-03;-0.01130767;-0.01098136
1967-04-04;-0.00461861;-0.00450902
1967-04-05;0.00588752;0.00599656
1967-04-06;-0.00147427;-0.00136605
1967-04-07;-0.00419006;-0.00408404
1967-04-10;-0.00415883;-0.00384568
1967-04-11;0.00217622;0.00228087
1967-04-12;-0.00443513;-0.00432992
1967-04-13;0.00467378;0.00477981
1967-04-14;0.00531292;0.00541950
1967-04-17;0.00713020;0.00744992
1967-04-18;0.00575510;0.00586140
1967-04-19;0.00102514;0.00112980
1967-04-20;0.00094739;0.00105123
1967-04-21;0.00331447;0.00341721
1967-04-24;-0.00161595;-0.00130937
1967-04-25;0.00333808;0.00344028
1967-04-26;0.00096258;0.00106450
1967-04-27;0.00234157;0.00244322
1967-04-28;-0.00003230;0.00006989
1967-05-01;0.00000000;0.00030822
1967-05-02;0.00000000;0.00010247
1967-05-03;0.00000000;0.00010247
1967-05-04;0.00000000;0.00010110
1967-05-05;0.00000000;0.00010110
1967-05-08;0.00015000;0.00045000
1967-05-09;0.00000000;0.00010027
1967-05-10;0.00000000;0.00010055
1967-05-11;0.00000000;0.00010000
1967-05-12;0.00000000;0.00010000
1967-05-15;0.00000000;0.00029589
1967-05-16;0.00000000;0.00009945
1967-05-17;0.00000000;0.00009945
1967-05-18;0.00000000;0.00009726
1967-05-19;0.00000000;0.00009699
1967-05-22;0.00000000;0.00028767
1967-05-23;0.00000000;0.00009671
1967-05-24;0.00000000;0.00009616
1967-05-25;0.00000000;0.00009562
1967-05-26;0.00000000;0.00009534
1967-05-29;0.00000000;0.00028438
1967-05-30;0.00000000;0.00009479
1967-05-31;0.00004740;0.00014219
1967-06-01;0.00000000;0.00009315
1967-06-02;0.00000000;0.00009288
1967-06-05;0.00000000;0.00027699
1967-06-06;0.00000000;0.00009315
1967-06-07;0.00000000;0.00009342
1967-06-08;0.00000000;0.00009397
1967-06-09;0.00000000;0.00009452
1967-06-12;0.00000000;0.00028767
1967-06-13;0.00000000;0.00009726
1967-06-14;0.00000000;0.00009890
1967-06-15;0.00000000;0.00009836
1967-06-16;0.00000000;0.00009890
1967-06-19;0.00000000;0.00029425
1967-06-20;0.00000000;0.00009726
1967-06-21;0.00000000;0.00009562
1967-06-22;0.00000000;0.00009260
1967-06-23;0.00000000;0.00009123
1967-06-26;0.00000000;0.00028274
1967-06-27;0.00000000;0.00010055
1967-06-28;0.00000000;0.00010301
1967-06-29;0.00000000;0.00010630
1967-06-30;0.00000000;0.00010959
1967-07-03;0.00000000;0.00033699
1967-07-04;0.00000000;0.00011233
1967-07-05;0.00005877;0.00017630
1967-07-06;0.00000000;0.00011534
1967-07-07;0.00000000;0.00011534
1967-07-10;0.00000000;0.00034356
1967-07-11;0.00000000;0.00011562
1967-07-12;0.00000000;0.00011452
1967-07-13;0.00000000;0.00011397
1967-07-14;0.00000000;0.00011452
1967-07-17;0.00000000;0.00034274
1967-07-18;0.00000000;0.00011507
1967-07-19;0.00000000;0.00011479
1967-07-20;0.00000000;0.00011534
1967-07-21;0.00005781;0.00017342
1967-07-24;0.00000000;0.00035753
1967-07-25;0.00000000;0.00011836
1967-07-26;0.00000000;0.00011726
1967-07-27;0.00000000;0.00011425
1967-07-28;0.00000000;0.00011370
1967-07-31;0.00000000;0.00033863
1967-08-01;0.00000000;0.00011397
1967-08-02;0.00000000;0.00011452
1967-08-03;0.00000000;0.00011370
1967-08-04;0.00000000;0.00011479
1967-08-07;0.00000000;0.00034110
1967-08-08;0.00000000;0.00011507
1967-08-09;0.00000000;0.00011452
1967-08-10;0.00000000;0.00011425
1967-08-11;0.00000000;0.00011425
1967-08-14;0.00000000;0.00034192
1967-08-15;0.00000000;0.00011507
1967-08-16;0.00000000;0.00011534
1967-08-17;0.00000000;0.00011534
1967-08-18;0.00000000;0.00011644
1967-08-21;0.00000000;0.00035260
1967-08-22;0.00000000;0.00011945
1967-08-23;0.00000000;0.00012027
1967-08-24;0.00000000;0.00011973
1967-08-25;0.00000000;0.00012055
1967-08-28;0.00000000;0.00036575
1967-08-29;0.00000000;0.00012192
1967-08-30;0.00000000;0.00012164
1967-08-31;0.00000000;0.00012000
1967-09-01;0.00000000;0.00011890
1967-09-04;0.00000000;0.00035671
1967-09-05;0.00017630;0.00029384
1967-09-06;0.00000000;0.00011808
1967-09-07;0.00000000;0.00011781
1967-09-08;0.00000000;0.00011808
1967-09-11;0.00000000;0.00035671
1967-09-12;0.00000000;0.00011973
1967-09-13;0.00000000;0.00011945
1967-09-14;0.00000000;0.00012027
1967-09-15;0.00000000;0.00012055
1967-09-18;0.00006123;0.00042863
1967-09-19;0.00000000;0.00012329
1967-09-20;0.00000000;0.00012521
1967-09-21;0.00000000;0.00012548
1967-09-22;0.00000000;0.00012603
1967-09-25;0.00000000;0.00037726
1967-09-26;0.00000000;0.00012438
1967-09-27;0.00000000;0.00012164
1967-09-28;0.00000000;0.00012055
1967-09-29;0.00000000;0.00012027
1967-10-02;0.00000000;0.00036164
1967-10-03;0.00000000;0.00012384
1967-10-04;0.00000000;0.00012438
1967-10-05;0.00000000;0.00012356
1967-10-06;0.00000000;0.00012329
1967-10-09;0.00000000;0.00037151
1967-10-10;0.00000000;0.00012438
1967-10-11;0.00006301;0.00018904
1967-10-12;0.00000000;0.00012603
1967-10-13;0.00000000;0.00012630
1967-10-16;0.00000000;0.00038137
1967-10-17;0.00000000;0.00012795
1967-10-18;0.00000000;0.00012658
1967-10-19;0.00000000;0.00012521
1967-10-20;0.00000000;0.00012548
1967-10-23;0.00000000;0.00037644
1967-10-24;0.00000000;0.00012521
1967-10-25;0.00000000;0.00012548
1967-10-26;0.00000000;0.00012438
1967-10-27;0.00000000;0.00012411
1967-10-30;0.00000000;0.00037233
1967-10-31;-0.00065000;-0.00052507
1967-11-01;-0.00255526;-0.00242978
1967-11-02;-0.00700623;-0.00688103
1967-11-03;-0.00619276;-0.00606646
1967-11-06;-0.00044322;-0.00006185
1967-11-07;-0.00610455;-0.00597743
1967-11-08;-0.00198888;-0.00186121
1967-11-09;0.00252736;0.00265421
1967-11-10;-0.00282621;-0.00269991
1967-11-13;-0.00267221;-0.00229249
1967-11-14;0.00041362;0.00054075
1967-11-15;-0.00089302;-0.00076617
1967-11-16;0.00626412;0.00639015
1967-11-17;-0.00098376;-0.00085581
1967-11-20;-0.03292791;-0.03252517
1967-11-21;0.00459848;0.00473190
1967-11-22;0.00960253;0.00973322
1967-11-24;0.00106188;0.00133092
1967-11-27;-0.00417588;-0.00377314
1967-11-28;0.00421109;0.00434479
1967-11-29;0.00364193;0.00377618
1967-11-30;-0.00589574;-0.00576012
1967-12-01;0.00549941;0.00563667
1967-12-04;0.00667534;0.00707972
1967-12-05;-0.00547395;-0.00533806
1967-12-06;0.00016791;0.00030216
1967-12-07;0.00023780;0.00037232
1967-12-08;-0.00713277;-0.00699880
1967-12-11;-0.00198049;-0.00157775
1967-12-12;0.00032341;0.00045903
1967-12-13;0.00197487;0.00211076
1967-12-14;-0.00181381;-0.00167737
1967-12-15;-0.00239355;-0.00225465
1967-12-18;-0.00131200;-0.00089694
1967-12-19;0.00500488;0.00514241
1967-12-20;0.00464965;0.00478582
1967-12-21;0.00117768;0.00131220
1967-12-22;0.00330189;0.00343778
1967-12-25;-0.00102532;-0.00061764
1967-12-26;0.00017389;0.00031033
1967-12-27;-0.00098952;-0.00085281
1967-12-28;0.00139028;0.00152754
1967-12-29;0.00288430;0.00302238
1968-01-02;-0.00429173;-0.00373940
1968-01-03;-0.00471809;-0.00458001
1968-01-04;-0.00846416;-0.00832745
1968-01-05;0.00926450;0.00940039
1968-01-08;0.00357391;0.00398651
1968-01-09;0.00796720;0.00810692
1968-01-10;0.00006616;0.00020534
1968-01-11;0.00456863;0.00470753
1968-01-12;-0.00054244;-0.00040326
1968-01-15;-0.00352009;-0.00310749
1968-01-16;-0.00305945;-0.00292219
1968-01-17;-0.00107789;-0.00094118
1968-01-18;0.00248826;0.00262552
1968-01-19;-0.00568896;-0.00555006
1968-01-22;-0.00915207;-0.00873864
1968-01-23;-0.00170152;-0.00156371
1968-01-24;-0.00394045;-0.00380319
1968-01-25;0.00086019;0.00099471
1968-01-26;0.00371368;0.00384738
1968-01-29;-0.00343852;-0.00304236
1968-01-30;-0.00257623;-0.00244280
1968-01-31;-0.00151831;-0.00138461
1968-02-01;0.00160008;0.00173269
1968-02-02;0.00055032;0.00068347
1968-02-05;-0.00163992;-0.00123636
1968-02-06;0.00334812;0.00348565
1968-02-07;0.00163724;0.00177504
1968-02-08;-0.00747243;-0.00733462
1968-02-09;-0.00521642;-0.00507916
1968-02-13;-0.00237491;-0.00182587
1968-02-14;0.00679839;0.00693537
1968-02-15;-0.00143674;-0.00130085
1968-02-16;-0.00201933;-0.00188453
1968-02-19;0.00558038;0.00598312
1968-02-20;0.00375807;0.00389423
1968-02-21;0.00024523;0.00038194
1968-02-22;0.00683255;0.00696927
1968-02-23;-0.00330443;-0.00316717
1968-02-26;-0.00715455;-0.00674031
1968-02-27;0.00556578;0.00570441
1968-02-28;-0.00501911;-0.00488157
1968-02-29;-0.00223579;-0.00209826
1968-03-01;0.00058087;0.00071813
1968-03-04;-0.00709303;-0.00668289
1968-03-05;-0.00999271;-0.00985572
1968-03-06;0.00494037;0.00507818
1968-03-07;0.00084965;0.00098910
1968-03-08;-0.00264044;-0.00250099
1968-03-11;0.00774767;0.00816602
1968-03-12;0.00094342;0.00108424
1968-03-13;0.00137380;0.00151764
1968-03-14;-0.01603725;-0.01588793
1968-03-15;0.01281370;0.01296082
1968-03-18;0.01441870;0.01485103
1968-03-19;-0.00349599;-0.00335051
1968-03-20;-0.00020221;-0.00005810
1968-03-21;-0.00745077;-0.00730693
1968-03-22;-0.00777837;-0.00763618
1968-03-25;0.00131281;0.00173610
1968-03-26;0.00619194;0.00633167
1968-03-27;0.00029805;0.00043860
1968-03-28;0.00490248;0.00504358
1968-03-29;0.00024486;0.00038651
1968-04-01;0.01449234;0.01491399
1968-04-02;0.00562455;0.00576674
1968-04-03;0.00358239;0.00372459
1968-04-04;0.00183294;0.00197733
1968-04-05;0.00222976;0.00237332
1968-04-08;0.01312402;0.01355635
1968-04-09;-0.00174595;-0.00160184
1968-04-10;0.00297281;0.00311911
1968-04-11;0.00482861;0.00497765
1968-04-12;0.00800693;0.00815597
1968-04-15;0.00998309;0.01042775
1968-04-16;-0.00335675;-0.00320963
1968-04-17;0.00123279;0.00137882
1968-04-18;0.00201974;0.00216604
1968-04-19;-0.00648841;-0.00633690
1968-04-22;-0.00211713;-0.00166425
1968-04-23;0.00816978;0.00832019
1968-04-24;0.00330670;0.00345738
1968-04-25;-0.00192436;-0.00177367
1968-04-26;-0.00104196;-0.00089100
1968-04-29;0.00736196;0.00781237
1968-04-30;0.00278996;0.00294092
1968-05-01;0.00000000;0.00015014
1968-05-02;0.00000000;0.00015014
1968-05-03;0.00000000;0.00015178
1968-05-06;0.00000000;0.00045041
1968-05-07;0.00030247;0.00045370
1968-05-08;0.00000000;0.00015151
1968-05-09;0.00000000;0.00015205
1968-05-10;0.00000000;0.00015205
1968-05-13;0.00000000;0.00045452
1968-05-14;0.00000000;0.00015342
1968-05-15;0.00000000;0.00015534
1968-05-16;0.00000000;0.00015836
1968-05-17;0.00000000;0.00015890
1968-05-20;0.00000000;0.00047836
1968-05-21;0.00000000;0.00016219
1968-05-22;0.00000000;0.00016055
1968-05-23;0.00000000;0.00015890
1968-05-24;0.00000000;0.00015671
1968-05-27;0.00000000;0.00046603
1968-05-28;0.00000000;0.00015671
1968-05-29;0.00000000;0.00015699
1968-05-30;0.00000000;0.00015699
1968-05-31;0.00007781;0.00023342
1968-06-03;0.00000000;0.00046438
1968-06-04;0.00000000;0.00015507
1968-06-05;0.00000000;0.00015479
1968-06-06;0.00000000;0.00015507
1968-06-07;0.00000000;0.00015507
1968-06-10;0.00000000;0.00046685
1968-06-11;0.00000000;0.00015671
1968-06-12;0.00000000;0.00015644
1968-06-13;0.00007795;0.00023384
1968-06-14;0.00000000;0.00015425
1968-06-17;0.00000000;0.00045863
1968-06-18;0.00000000;0.00015342
1968-06-19;0.00000000;0.00014986
1968-06-20;0.00007397;0.00022192
1968-06-21;0.00000000;0.00014247
1968-06-24;0.00000000;0.00042740
1968-06-25;0.00000000;0.00014630
1968-06-26;0.00000000;0.00014658
1968-06-27;0.00007288;0.00021863
1968-06-28;0.00000000;0.00014521
1968-07-01;0.00000000;0.00043562
1968-07-02;0.00000000;0.00014630
1968-07-03;0.00000000;0.00014767
1968-07-04;0.00000000;0.00014767
1968-07-05;0.00000000;0.00014685
1968-07-08;0.00014603;0.00058411
1968-07-09;0.00000000;0.00014740
1968-07-10;0.00000000;0.00014740
1968-07-11;0.00007384;0.00022151
1968-07-12;0.00000000;0.00014740
1968-07-15;0.00000000;0.00044548
1968-07-16;0.00000000;0.00014986
1968-07-17;0.00000000;0.00014767
1968-07-18;0.00007315;0.00021945
1968-07-19;0.00000000;0.00014493
1968-07-22;0.00000000;0.00043315
1968-07-23;0.00000000;0.00014411
1968-07-24;0.00000000;0.00014356
1968-07-25;0.00007123;0.00021370
1968-07-26;0.00000000;0.00014247
1968-07-29;0.00000000;0.00042658
1968-07-30;0.00000000;0.00014247
1968-07-31;0.00000000;0.00014164
1968-08-01;0.00006808;0.00020425
1968-08-02;0.00000000;0.00013425
1968-08-05;0.00000000;0.00040192
1968-08-06;0.00000000;0.00013644
1968-08-07;0.00000000;0.00013589
1968-08-08;0.00006795;0.00020384
1968-08-09;0.00000000;0.00013671
1968-08-12;0.00000000;0.00041507
1968-08-13;0.00000000;0.00014000
1968-08-14;0.00000000;0.00014082
1968-08-15;0.00007082;0.00021247
1968-08-16;0.00000000;0.00014000
1968-08-19;0.00000000;0.00042000
1968-08-20;0.00000000;0.00014082
1968-08-21;0.00000000;0.00014164
1968-08-22;0.00007082;0.00021247
1968-08-23;0.00000000;0.00014110
1968-08-26;0.00000000;0.00042411
1968-08-27;0.00000000;0.00014219
1968-08-28;0.00000000;0.00014247
1968-08-29;0.00007137;0.00021411
1968-08-30;0.00000000;0.00014192
1968-09-02;0.00000000;0.00042575
1968-09-03;0.00021288;0.00035479
1968-09-04;0.00000000;0.00014219
1968-09-05;0.00000000;0.00014301
1968-09-06;0.00000000;0.00014329
1968-09-09;0.00000000;0.00043068
1968-09-10;0.00000000;0.00014521
1968-09-11;0.00000000;0.00014521
1968-09-12;0.00007260;0.00021781
1968-09-13;0.00000000;0.00014356
1968-09-16;0.00000000;0.00042904
1968-09-17;0.00021370;0.00035616
1968-09-18;0.00000000;0.00014110
1968-09-19;0.00007068;0.00021205
1968-09-20;0.00000000;0.00014164
1968-09-23;0.00000000;0.00042493
1968-09-24;0.00021082;0.00035137
1968-09-25;0.00000000;0.00014000
1968-09-26;0.00006973;0.00020918
1968-09-27;0.00000000;0.00014027
1968-09-30;0.00000000;0.00042411
1968-10-01;0.00000000;0.00014137
1968-10-02;0.00000000;0.00014301
1968-10-03;0.00007137;0.00021411
1968-10-04;0.00000000;0.00014329
1968-10-07;0.00000000;0.00043233
1968-10-08;0.00000000;0.00014658
1968-10-09;0.00000000;0.00014712
1968-10-10;0.00014630;0.00029260
1968-10-11;0.00007205;0.00021616
1968-10-14;0.00000000;0.00043726
1968-10-15;0.00000000;0.00014740
1968-10-16;0.00000000;0.00014712
1968-10-17;0.00007301;0.00021904
1968-10-18;0.00000000;0.00014603
1968-10-21;0.00000000;0.00044055
1968-10-22;0.00000000;0.00014849
1968-10-23;0.00000000;0.00014795
1968-10-24;0.00007397;0.00022192
1968-10-25;0.00000000;0.00014849
1968-10-28;0.00000000;0.00044877
1968-10-29;0.00000000;0.00015096
1968-10-30;0.00000000;0.00015068
1968-10-31;-0.00057493;-0.00042479
1968-11-01;-0.00280926;-0.00265967
1968-11-04;-0.00007133;0.00038237
1968-11-05;-0.01859259;-0.01844135
1968-11-06;-0.00052836;-0.00037740
1968-11-07;-0.00669428;-0.00654497
1968-11-08;-0.00140105;-0.00125146
1968-11-11;-0.00045452;-0.00000575
1968-11-12;0.00039760;0.00054719
1968-11-13;0.00812448;0.00827270
1968-11-14;0.00509801;0.00524596
1968-11-15;0.00320505;0.00335354
1968-11-18;0.00254524;0.00299236
1968-11-19;0.00302217;0.00317149
1968-11-20;-0.00140020;-0.00125171
1968-11-21;-0.00503079;-0.00488230
1968-11-22;0.00047514;0.00062363
1968-11-25;-0.00683712;-0.00639165
1968-11-26;0.00351115;0.00366074
1968-11-27;0.00821064;0.00836105
1968-11-28;0.00412912;0.00427953
1968-11-29;0.00880276;0.00895399
1968-12-02;0.00610386;0.00656496
1968-12-03;-0.00262750;-0.00247216
1968-12-04;-0.00615966;-0.00600350
1968-12-05;-0.00391327;-0.00375820
1968-12-06;0.00095439;0.00110946
1968-12-09;-0.00961710;-0.00914614
1968-12-10;0.00449491;0.00465491
1968-12-11;-0.00016301;-0.00000192
1968-12-12;0.00373551;0.00389688
1968-12-13;-0.00284347;-0.00268237
1968-12-16;0.00029207;0.00078029
1968-12-17;-0.00534304;-0.00517975
1968-12-18;-0.01105689;-0.01089250
1968-12-19;0.00223182;0.00239840
1968-12-20;-0.00125615;-0.00108656
1968-12-23;-0.01114821;-0.01063205
1968-12-24;-0.00121411;-0.00104178
1968-12-25;-0.00034467;-0.00017234
1968-12-26;0.00035114;0.00052073
1968-12-27;-0.00279511;-0.00262744
1968-12-30;-0.00500758;-0.00449306
1968-12-31;0.00040488;0.00057612
1969-01-02;0.00033371;0.00067015
1969-01-03;0.00040745;0.00057539
1969-01-06;0.00867418;0.00918212
1969-01-07;-0.00434104;-0.00416981
1969-01-08;-0.00300389;-0.00283430
1969-01-09;0.00022187;0.00039036
1969-01-10;-0.00303436;-0.00286696
1969-01-13;0.00106588;0.00156972
1969-01-14;0.00436417;0.00453349
1969-01-15;0.00467539;0.00484333
1969-01-16;0.00563827;0.00580402
1969-01-17;-0.00158121;-0.00141491
1969-01-20;-0.00216590;-0.00167193
1969-01-21;0.00635505;0.00652190
1969-01-22;0.00608392;0.00625186
1969-01-23;0.00495281;0.00512158
1969-01-24;-0.00179962;-0.00163057
1969-01-27;0.00163924;0.00214308
1969-01-28;-0.00357739;-0.00340863
1969-01-29;0.00337969;0.00354846
1969-01-30;-0.00151808;-0.00134904
1969-01-31;0.00320485;0.00337444
1969-02-03;-0.00170346;-0.00119469
1969-02-04;-0.00002599;0.00014387
1969-02-05;0.00275028;0.00292014
1969-02-06;0.00337053;0.00354039
1969-02-07;0.00120739;0.00137588
1969-02-10;0.00225239;0.00275705
1969-02-11;0.00098484;0.00115141
1969-02-12;0.00009332;0.00025990
1969-02-13;-0.00229549;-0.00212891
1969-02-14;-0.00524267;-0.00507691
1969-02-17;-0.00666202;-0.00616394
1969-02-18;-0.00399126;-0.00382276
1969-02-19;-0.00644648;-0.00627827
1969-02-20;-0.00444045;-0.00427415
1969-02-21;-0.02434488;-0.02417995
1969-02-24;-0.00914624;-0.00865309
1969-02-25;-0.00162809;-0.00146124
1969-02-26;0.00395642;0.00412354
1969-02-27;-0.00596420;-0.00579461
1969-02-28;-0.00147886;-0.00130927
1969-03-03;0.00389138;0.00439850
1969-03-04;-0.00123376;-0.00106499
1969-03-05;0.00618882;0.00635567
1969-03-06;-0.00448499;-0.00431841
1969-03-07;-0.00042124;-0.00025521
1969-03-10;0.00757085;0.00806482
1969-03-11;-0.00138631;-0.00122165
1969-03-12;0.00023416;0.00039826
1969-03-13;0.00150333;0.00166853
1969-03-14;-0.00423682;-0.00407189
1969-03-17;0.00384982;0.00434954
1969-03-18;-0.00127771;-0.00111360
1969-03-19;0.00171240;0.00187651
1969-03-20;0.00060368;0.00076779
1969-03-21;-0.00226857;-0.00210528
1969-03-24;0.00797917;0.00846492
1969-03-25;0.00063991;0.00080210
1969-03-26;0.00821213;0.00837487
1969-03-27;-0.00018027;-0.00001754
1969-03-28;0.00302386;0.00318797
1969-03-31;0.00879432;0.00928665
1969-04-01;-0.00430038;-0.00413627
1969-04-02;0.00534691;0.00551349
1969-04-03;-0.00447313;-0.00430628
1969-04-04;0.01237886;0.01254571
1969-04-07;-0.00337027;-0.00286479
1969-04-08;0.00077889;0.00094766
1969-04-09;0.00422399;0.00439193
1969-04-10;0.00834522;0.00851399
1969-04-11;0.00044819;0.00061723
1969-04-14;0.00087949;0.00138579
1969-04-15;-0.00327701;-0.00310632
1969-04-16;-0.00920168;-0.00903126
1969-04-17;0.00803944;0.00820930
1969-04-18;-0.00287933;-0.00270974
1969-04-21;-0.00450393;-0.00399681
1969-04-22;0.00403186;0.00420090
1969-04-23;-0.00347836;-0.00330986
1969-04-24;0.00216231;0.00232943
1969-04-25;0.00707127;0.00723784
1969-04-28;0.00232757;0.00282072
1969-04-29;0.00728468;0.00744687
1969-04-30;0.00459255;0.00475337
1969-05-01;0.00000000;0.00016219
1969-05-02;0.00000000;0.00016329
1969-05-05;0.00000000;0.00048822
1969-05-06;0.00024740;0.00041233
1969-05-07;0.00000000;0.00016466
1969-05-08;0.00000000;0.00016329
1969-05-09;0.00000000;0.00016329
1969-05-12;0.00000000;0.00049644
1969-05-13;0.00000000;0.00016685
1969-05-14;0.00000000;0.00016630
1969-05-15;0.00000000;0.00016685
1969-05-16;0.00000000;0.00016712
1969-05-19;0.00000000;0.00050055
1969-05-20;0.00000000;0.00016767
1969-05-21;0.00000000;0.00016658
1969-05-22;0.00000000;0.00016493
1969-05-23;0.00000000;0.00016466
1969-05-26;0.00000000;0.00049890
1969-05-27;0.00000000;0.00016822
1969-05-28;0.00000000;0.00016767
1969-05-29;0.00000000;0.00016658
1969-05-30;0.00000000;0.00016658
1969-06-02;0.00008384;0.00058685
1969-06-03;0.00000000;0.00016932
1969-06-04;0.00000000;0.00017151
1969-06-05;0.00000000;0.00017507
1969-06-06;0.00000000;0.00017370
1969-06-09;0.00000000;0.00053014
1969-06-10;0.00000000;0.00018137
1969-06-11;0.00000000;0.00018329
1969-06-12;0.00000000;0.00018658
1969-06-13;0.00000000;0.00018521
1969-06-16;0.00000000;0.00054493
1969-06-17;0.00000000;0.00017863
1969-06-18;0.00000000;0.00017945
1969-06-19;0.00000000;0.00018082
1969-06-20;0.00000000;0.00017863
1969-06-23;0.00000000;0.00052356
1969-06-24;0.00000000;0.00017808
1969-06-25;0.00000000;0.00017534
1969-06-26;0.00000000;0.00016630
1969-06-27;0.00000000;0.00016849
1969-06-30;0.00000000;0.00051699
1969-07-01;0.00000000;0.00018274
1969-07-02;0.00000000;0.00018466
1969-07-03;0.00000000;0.00018658
1969-07-04;0.00000000;0.00018658
1969-07-07;0.00009425;0.00065973
1969-07-08;0.00000000;0.00019123
1969-07-09;0.00000000;0.00019288
1969-07-10;0.00000000;0.00019178
1969-07-11;0.00000000;0.00018877
1969-07-14;0.00000000;0.00057041
1969-07-15;0.00000000;0.00019425
1969-07-16;0.00000000;0.00019151
1969-07-17;0.00000000;0.00019288
1969-07-18;0.00000000;0.00019315
1969-07-22;0.00000000;0.00077589
1969-07-23;0.00000000;0.00019534
1969-07-24;0.00000000;0.00019507
1969-07-25;0.00000000;0.00019534
1969-07-28;0.00000000;0.00058521
1969-07-29;0.00000000;0.00019562
1969-07-30;0.00000000;0.00019479
1969-07-31;0.00000000;0.00019342
1969-08-01;0.00000000;0.00019178
1969-08-04;0.00000000;0.00056959
1969-08-05;0.00000000;0.00019123
1969-08-06;0.00000000;0.00019151
1969-08-07;0.00000000;0.00019096
1969-08-08;0.00000000;0.00019233
1969-08-11;0.00000000;0.00057616
1969-08-12;0.00000000;0.00019452
1969-08-13;0.00000000;0.00019397
1969-08-14;0.00000000;0.00019096
1969-08-15;0.00000000;0.00018767
1969-08-18;0.00000000;0.00055726
1969-08-19;0.00000000;0.00018740
1969-08-20;0.00000000;0.00018795
1969-08-21;0.00000000;0.00018986
1969-08-22;0.00000000;0.00019068
1969-08-25;0.00000000;0.00057534
1969-08-26;0.00000000;0.00019616
1969-08-27;0.00000000;0.00019589
1969-08-28;0.00000000;0.00019425
1969-08-29;0.00000000;0.00019041
1969-09-01;0.00000000;0.00057123
1969-09-02;0.00028890;0.00048151
1969-09-03;0.00000000;0.00019178
1969-09-04;0.00000000;0.00019288
1969-09-05;0.00000000;0.00019342
1969-09-08;0.00000000;0.00058274
1969-09-09;0.00000000;0.00019616
1969-09-10;0.00000000;0.00019507
1969-09-11;0.00000000;0.00019425
1969-09-12;0.00000000;0.00019452
1969-09-15;0.00000000;0.00058356
1969-09-16;0.00029301;0.00048836
1969-09-17;0.00000000;0.00019534
1969-09-18;0.00000000;0.00019562
1969-09-19;0.00000000;0.00019616
1969-09-22;0.00000000;0.00058685
1969-09-23;0.00000000;0.00019452
1969-09-24;0.00009726;0.00029178
1969-09-25;0.00000000;0.00019425
1969-09-26;0.00000000;0.00019342
1969-09-29;0.00000000;0.00056795
1969-09-30;0.00000000;0.00019562
1969-10-01;0.00000000;0.00019644
1969-10-02;0.00000000;0.00019397
1969-10-03;0.00000000;0.00019178
1969-10-06;0.00000000;0.00057041
1969-10-07;0.00000000;0.00019151
1969-10-08;0.00000000;0.00019178
1969-10-09;0.00000000;0.00019260
1969-10-10;0.00000000;0.00019123
1969-10-13;0.00009562;0.00066932
1969-10-14;0.00000000;0.00019288
1969-10-15;0.00000000;0.00019288
1969-10-16;0.00000000;0.00019233
1969-10-17;0.00000000;0.00019096
1969-10-20;0.00000000;0.00056795
1969-10-21;0.00000000;0.00018904
1969-10-22;0.00000000;0.00018932
1969-10-23;0.00000000;0.00019123
1969-10-24;0.00000000;0.00019178
1969-10-27;0.00000000;0.00057452
1969-10-28;0.00000000;0.00019178
1969-10-29;0.00000000;0.00019205
1969-10-30;0.00000000;0.00019233
1969-10-31;-0.00065000;-0.00045849
1969-11-03;-0.00026973;0.00030314
1969-11-04;0.00097443;0.00116539
1969-11-05;0.00201609;0.00220979
1969-11-06;-0.00285034;-0.00265527
1969-11-07;-0.00175042;-0.00155508
1969-11-10;0.00349399;0.00407920
1969-11-11;-0.00476229;-0.00456722
1969-11-12;0.00212220;0.00231864
1969-11-13;0.00433310;0.00453037
1969-11-14;-0.00172709;-0.00153284
1969-11-17;0.00056289;0.00114399
1969-11-18;-0.00030290;-0.00010564
1969-11-19;0.00703359;0.00723167
1969-11-20;-0.00741866;-0.00721729
1969-11-21;-0.00456145;-0.00435926
1969-11-24;-0.01206600;-0.01145614
1969-11-25;0.00604921;0.00625523
1969-11-26;-0.00497209;-0.00476524
1969-11-27;0.00455636;0.00476321
1969-11-28;0.00268619;0.00289194
1969-12-01;0.00515535;0.00577179
1969-12-02;-0.00299066;-0.00278381
1969-12-03;-0.00560734;-0.00539857
1969-12-04;-0.01651376;-0.01630445
1969-12-05;-0.00178593;-0.00157579
1969-12-08;0.00115422;0.00178545
1969-12-09;-0.00316355;-0.00294876
1969-12-10;0.00535689;0.00557360
1969-12-11;0.00132436;0.00153943
1969-12-12;0.00779930;0.00801328
1969-12-15;-0.00029961;0.00035135
1969-12-16;-0.00485091;-0.00463420
1969-12-17;-0.00154258;-0.00132560
1969-12-18;0.00768578;0.00790167
1969-12-19;0.00629940;0.00651283
1969-12-22;-0.00953910;-0.00889636
1969-12-23;-0.00408015;-0.00386591
1969-12-24;0.01142518;0.01164025
1969-12-25;0.01595655;0.01617161
1969-12-26;0.00883210;0.00904744
1969-12-29;-0.00415229;-0.00348818
1969-12-30;0.00169534;0.00191589
1969-12-31;0.00480046;0.00501992
1970-01-02;0.00977292;0.01020690
1970-01-05;0.01348797;0.01413810
1970-01-06;-0.00294185;-0.00272459
1970-01-07;-0.00358161;-0.00336517
1970-01-08;-0.02318086;-0.02296415
1970-01-09;-0.00172866;-0.00151249
1970-01-12;0.00444568;0.00508677
1970-01-13;-0.00472815;-0.00451390
1970-01-14;-0.00376438;-0.00354876
1970-01-15;0.00011062;0.00032541
1970-01-16;-0.00473072;-0.00451702
1970-01-19;-0.00261587;-0.00197559
1970-01-20;0.00090898;0.00112323
1970-01-21;0.00378924;0.00400376
1970-01-22;-0.00031501;-0.00009940
1970-01-23;-0.00621547;-0.00600013
1970-01-26;-0.00634849;-0.00570082
1970-01-27;-0.00333760;-0.00312089
1970-01-28;-0.00321546;-0.00299874
1970-01-29;-0.00573203;-0.00551532
1970-01-30;-0.01103429;-0.01081894
1970-02-02;0.00670540;0.00733992
1970-02-03;0.00275471;0.00296567
1970-02-04;0.00035461;0.00056447
1970-02-05;-0.00359168;-0.00338456
1970-02-06;0.00146321;0.00166650
1970-02-09;0.00408601;0.00468601
1970-02-10;-0.00546317;-0.00526372
1970-02-11;0.00955555;0.00975418
1970-02-12;-0.00140924;-0.00121061
1970-02-13;-0.00293538;-0.00274497
1970-02-16;-0.00199825;-0.00143688
1970-02-17;-0.00059562;-0.00041014
1970-02-18;0.01004225;0.01022773
1970-02-19;0.00405625;0.00424228
1970-02-20;0.00104461;0.00123091
1970-02-23;0.01600458;0.01656348
1970-02-24;0.00254166;0.00273015
1970-02-25;0.00916241;0.00935118
1970-02-26;-0.00231207;-0.00212358
1970-02-27;0.00318499;0.00337266
1970-03-02;0.00368235;0.00424701
1970-03-03;0.00205666;0.00224624
1970-03-04;0.00419839;0.00438825
1970-03-05;-0.00028045;-0.00009196
1970-03-06;0.00266001;0.00284768
1970-03-09;-0.00517527;-0.00461144
1970-03-10;0.00423499;0.00441882
1970-03-11;-0.00297121;-0.00278710
1970-03-12;-0.00730359;-0.00711866
1970-03-13;-0.00012709;0.00005839
1970-03-16;-0.00597263;-0.00541208
1970-03-17;0.00659226;0.00677883
1970-03-18;0.00444099;0.00462592
1970-03-19;0.00030773;0.00048992
1970-03-20;-0.00209703;-0.00191840
1970-03-23;-0.00011042;0.00039506
1970-03-24;0.00331155;0.00347813
1970-03-25;0.00937035;0.00953884
1970-03-26;0.00546452;0.00563603
1970-03-27;-0.00795037;-0.00777886
1970-03-30;0.00286660;0.00338605
1970-03-31;-0.00017671;-0.00000192
1970-04-01;0.00450580;0.00467950
1970-04-02;-0.00144865;-0.00127468
1970-04-03;-0.00691239;-0.00673814
1970-04-06;0.00281691;0.00334212
1970-04-07;-0.00356626;-0.00338982
1970-04-08;0.00074591;0.00092208
1970-04-09;-0.00283647;-0.00266168
1970-04-10;-0.00203470;-0.00186045
1970-04-13;-0.00507626;-0.00455516
1970-04-14;-0.00567595;-0.00550280
1970-04-15;-0.00109742;-0.00092262
1970-04-16;-0.00495363;-0.00477828
1970-04-17;-0.00768124;-0.00750590
1970-04-20;0.00028620;0.00081880
1970-04-21;-0.00301100;-0.00283182
1970-04-22;-0.01341665;-0.01323199
1970-04-23;-0.01173439;-0.01155412
1970-04-24;-0.00032026;-0.00013944
1970-04-27;-0.01606015;-0.01551358
1970-04-28;-0.02229735;-0.02210667
1970-04-29;0.01899402;0.01918333
1970-04-30;-0.04604336;-0.04585349
1970-05-01;0.00000000;0.00018740
1970-05-04;0.00000000;0.00056795
1970-05-05;0.00000000;0.00019425
1970-05-06;0.00037863;0.00056795
1970-05-07;0.00000000;0.00018192
1970-05-08;0.00000000;0.00017973
1970-05-11;0.00000000;0.00055397
1970-05-12;0.00000000;0.00018959
1970-05-13;0.00000000;0.00018685
1970-05-14;0.00000000;0.00018521
1970-05-15;0.00000000;0.00018521
1970-05-18;0.00000000;0.00054904
1970-05-19;0.00000000;0.00018411
1970-05-20;0.00000000;0.00018274
1970-05-21;0.00000000;0.00018384
1970-05-22;0.00000000;0.00018795
1970-05-25;0.00000000;0.00057616
1970-05-26;0.00000000;0.00019397
1970-05-27;0.00000000;0.00019288
1970-05-28;0.00000000;0.00019041
1970-05-29;0.00000000;0.00018986
1970-06-01;0.00000000;0.00056301
1970-06-02;0.00000000;0.00018685
1970-06-03;0.00000000;0.00018658
1970-06-04;0.00000000;0.00018658
1970-06-05;0.00000000;0.00018630
1970-06-08;0.00000000;0.00055479
1970-06-09;0.00000000;0.00018548
1970-06-10;0.00000000;0.00018521
1970-06-11;0.00000000;0.00018466
1970-06-12;0.00000000;0.00018603
1970-06-15;0.00000000;0.00055151
1970-06-16;0.00000000;0.00018384
1970-06-17;0.00000000;0.00018411
1970-06-18;0.00000000;0.00018438
1970-06-19;0.00000000;0.00018356
1970-06-22;0.00000000;0.00053753
1970-06-23;0.00000000;0.00018082
1970-06-24;0.00000000;0.00018137
1970-06-25;0.00000000;0.00017562
1970-06-26;0.00000000;0.00017479
1970-06-29;0.00000000;0.00052356
1970-06-30;0.00000000;0.00017781
1970-07-01;0.00000000;0.00017753
1970-07-02;0.00000000;0.00017753
1970-07-03;0.00000000;0.00017753
1970-07-06;0.00009014;0.00063096
1970-07-07;0.00000000;0.00018384
1970-07-08;0.00000000;0.00018274
1970-07-09;0.00000000;0.00018110
1970-07-10;0.00000000;0.00017863
1970-07-13;0.00000000;0.00053425
1970-07-14;0.00000000;0.00017836
1970-07-15;0.00000000;0.00017781
1970-07-16;0.00000000;0.00017479
1970-07-17;0.00000000;0.00017534
1970-07-20;0.00000000;0.00052356
1970-07-21;0.00026219;0.00043699
1970-07-22;0.00000000;0.00017397
1970-07-23;0.00000000;0.00017205
1970-07-24;0.00000000;0.00017315
1970-07-27;0.00000000;0.00052110
1970-07-28;0.00000000;0.00017479
1970-07-29;0.00000000;0.00017479
1970-07-30;0.00000000;0.00017507
1970-07-31;0.00000000;0.00017479
1970-08-03;0.00000000;0.00052603
1970-08-04;0.00000000;0.00017699
1970-08-05;0.00000000;0.00017808
1970-08-06;0.00000000;0.00017781
1970-08-07;0.00000000;0.00017726
1970-08-10;0.00000000;0.00053260
1970-08-11;0.00000000;0.00017918
1970-08-12;0.00000000;0.00017945
1970-08-13;0.00000000;0.00017890
1970-08-14;0.00000000;0.00017918
1970-08-17;0.00000000;0.00053671
1970-08-18;0.00000000;0.00017726
1970-08-19;0.00000000;0.00017562
1970-08-20;0.00000000;0.00017479
1970-08-21;0.00000000;0.00017233
1970-08-24;0.00000000;0.00051205
1970-08-25;0.00000000;0.00017068
1970-08-26;0.00000000;0.00017123
1970-08-27;0.00000000;0.00017178
1970-08-28;0.00000000;0.00017205
1970-08-31;0.00000000;0.00052027
1970-09-01;0.00000000;0.00017507
1970-09-02;0.00000000;0.00017534
1970-09-03;0.00000000;0.00017507
1970-09-04;0.00000000;0.00017315
1970-09-07;0.00000000;0.00051945
1970-09-08;0.00026219;0.00043699
1970-09-09;0.00000000;0.00017534
1970-09-10;0.00000000;0.00017562
1970-09-11;0.00000000;0.00017507
1970-09-14;0.00000000;0.00052027
1970-09-15;0.00000000;0.00017315
1970-09-16;0.00000000;0.00016986
1970-09-17;0.00000000;0.00016849
1970-09-18;0.00000000;0.00016658
1970-09-21;0.00000000;0.00048986
1970-09-22;0.00000000;0.00015726
1970-09-23;0.00000000;0.00015644
1970-09-24;0.00007890;0.00023671
1970-09-25;0.00000000;0.00015945
1970-09-28;0.00000000;0.00047753
1970-09-29;0.00000000;0.00015945
1970-09-30;0.00000000;0.00016000
1970-10-01;0.00000000;0.00016055
1970-10-02;0.00000000;0.00016055
1970-10-05;0.00000000;0.00048493
1970-10-06;0.00000000;0.00016575
1970-10-07;0.00000000;0.00016603
1970-10-08;0.00000000;0.00016630
1970-10-09;0.00000000;0.00016575
1970-10-12;0.00000000;0.00049726
1970-10-13;0.00000000;0.00016466
1970-10-14;0.00000000;0.00016329
1970-10-15;0.00000000;0.00016192
1970-10-16;0.00000000;0.00016247
1970-10-19;0.00000000;0.00048822
1970-10-20;0.00000000;0.00016055
1970-10-21;0.00000000;0.00015945
1970-10-22;0.00000000;0.00015836
1970-10-23;0.00000000;0.00015781
1970-10-26;0.00000000;0.00047671
1970-10-27;0.00000000;0.00016027
1970-10-28;0.00000000;0.00016110
1970-10-29;0.00000000;0.00016027
1970-10-30;-0.00065000;-0.00049000
1970-11-02;0.00702892;0.00749659
1970-11-03;0.00834417;0.00850006
1970-11-04;0.00188242;0.00203475
1970-11-05;-0.00187054;-0.00172013
1970-11-06;-0.00110216;-0.00095148
1970-11-09;0.00488005;0.00533128
1970-11-10;-0.00066550;-0.00051536
1970-11-11;-0.00344574;-0.00329560
1970-11-12;-0.00828568;-0.00813527
1970-11-13;-0.00452488;-0.00437583
1970-11-16;-0.00421474;-0.00377912
1970-11-17;-0.00419358;-0.00405057
1970-11-18;-0.00127516;-0.00113160
1970-11-19;-0.00246499;-0.00232334
1970-11-20;0.00474536;0.00488290
1970-11-23;0.00581091;0.00620543
1970-11-24;-0.00058024;-0.00044517
1970-11-25;0.00093530;0.00107393
1970-11-26;-0.00781218;-0.00767354
1970-11-27;-0.00231703;-0.00217566
1970-11-30;0.00158738;0.00200163
1970-12-01;0.01067898;0.01081541
1970-12-02;0.00310742;0.00324358
1970-12-03;-0.00381207;-0.00367673
1970-12-04;0.00225290;0.00238742
1970-12-07;-0.00278344;-0.00237905
1970-12-08;-0.00431699;-0.00418110
1970-12-09;0.00085948;0.00099537
1970-12-10;0.00386291;0.00399716
1970-12-11;0.01316106;0.01329421
1970-12-14;-0.00350838;-0.00311386
1970-12-15;-0.00557529;-0.00544433
1970-12-16;-0.00573131;-0.00560089
1970-12-17;0.00149192;0.00162179
1970-12-18;0.00207899;0.00220913
1970-12-21;0.00093030;0.00132482
1970-12-22;-0.00190311;-0.00177133
1970-12-23;0.00053130;0.00066445
1970-12-24;0.00477862;0.00491095
1970-12-25;-0.00282545;-0.00269312
1970-12-28;0.00338663;0.00378444
1970-12-29;0.00529720;0.00543227
1970-12-30;0.00089582;0.00102979
1970-12-31;-0.00143533;-0.00130245
1971-01-04;-0.01139543;-0.01085954
1971-01-05;0.00400359;0.00413756
1971-01-06;0.00092590;0.00105851
1971-01-07;0.00487800;0.00500978
1971-01-08;0.00882729;0.00895743
1971-01-11;-0.00266667;-0.00228366
1971-01-12;0.01648327;0.01661012
1971-01-13;-0.00173285;-0.00160792
1971-01-14;0.00229457;0.00241457
1971-01-15;0.00235817;0.00247653
1971-01-18;0.00252126;0.00287140
1971-01-19;0.00601037;0.00612681
1971-01-20;-0.00305434;-0.00293982
1971-01-21;0.00448036;0.00459324
1971-01-22;0.00383750;0.00395202
1971-01-25;-0.00030409;0.00003947
1971-01-26;0.00250367;0.00262011
1971-01-27;-0.00617802;-0.00606240
1971-01-28;0.00235102;0.00246554
1971-01-29;0.00305569;0.00316939
1971-02-01;0.00341885;0.00375748
1971-02-02;0.00199711;0.00210944
1971-02-03;0.00475073;0.00486279
1971-02-04;0.00068345;0.00079386
1971-02-05;-0.00042337;-0.00031488
1971-02-08;0.00308963;0.00340360
1971-02-09;-0.00110708;-0.00100735
1971-02-10;0.00319865;0.00330002
1971-02-11;0.00523771;0.00533744
1971-02-12;0.00502802;0.00512774
1971-02-15;0.00749085;0.00779003
1971-02-16;0.00259642;0.00269588
1971-02-17;-0.00394793;-0.00384930
1971-02-18;0.00499674;0.00509318
1971-02-19;-0.00191684;-0.00182123
1971-02-22;-0.00179115;-0.00150512
1971-02-23;-0.00394009;-0.00384475
1971-02-24;-0.00126310;-0.00116967
1971-02-25;0.00845247;0.00854562
1971-02-26;0.00237918;0.00247233
1971-03-01;0.00630253;0.00657870
1971-03-02;-0.00228922;-0.00219716
1971-03-03;0.00464372;0.00473523
1971-03-04;0.00638364;0.00647514
1971-03-05;0.00107496;0.00116619
1971-03-08;0.00559937;0.00587225
1971-03-09;-0.00017864;-0.00008768
1971-03-10;0.00668315;0.00677357
1971-03-11;0.00112423;0.00121245
1971-03-12;0.00235440;0.00244317
1971-03-15;0.00225060;0.00252183
1971-03-16;0.00643214;0.00652365
1971-03-17;-0.00111409;-0.00101766
1971-03-18;0.00072005;0.00081457
1971-03-19;0.00383681;0.00392859
1971-03-22;-0.00413799;-0.00386676
1971-03-23;-0.00106687;-0.00097482
1971-03-24;0.00062036;0.00071323
1971-03-25;0.00158509;0.00167797
1971-03-26;0.00535828;0.00545225
1971-03-29;0.00316906;0.00345509
1971-03-30;0.00035878;0.00045741
1971-03-31;0.00055790;0.00065762
1971-04-01;0.00253127;0.00263127
1971-04-02;0.00109427;0.00119482
1971-04-05;-0.00792263;-0.00761934
1971-04-06;0.01004889;0.01015109
1971-04-07;0.00475768;0.00486234
1971-04-08;-0.00013897;-0.00003212
1971-04-09;-0.00528290;-0.00517605
1971-04-12;0.01053594;0.01086717
1971-04-13;-0.00103093;-0.00092025
1971-04-14;0.00364537;0.00375496
1971-04-15;0.00468442;0.00479127
1971-04-16;0.00111992;0.00122457
1971-04-19;-0.00270613;-0.00239380
1971-04-20;-0.01540679;-0.01530213
1971-04-21;0.01070018;0.01080594
1971-04-22;-0.00216903;-0.00206519
1971-04-23;0.00563999;0.00574410
1971-04-26;-0.00010859;0.00020538
1971-04-27;0.00486298;0.00497147
1971-04-28;0.00173117;0.00184185
1971-04-29;-0.00144832;-0.00133818
1971-04-30;-0.00045198;-0.00034431
1971-05-03;0.00000000;0.00031562
1971-05-04;0.00000000;0.00010630
1971-05-05;0.00000000;0.00010740
1971-05-06;0.00026164;0.00036630
1971-05-07;0.00000000;0.00010356
1971-05-10;0.00000000;0.00031479
1971-05-11;0.00000000;0.00010575
1971-05-12;0.00000000;0.00010795
1971-05-13;0.00000000;0.00011123
1971-05-14;0.00000000;0.00011288
1971-05-17;0.00000000;0.00035342
1971-05-18;0.00000000;0.00012137
1971-05-19;0.00000000;0.00012000
1971-05-20;0.00000000;0.00011973
1971-05-21;0.00000000;0.00012000
1971-05-24;0.00000000;0.00036247
1971-05-25;0.00000000;0.00012192
1971-05-26;0.00000000;0.00012055
1971-05-27;0.00000000;0.00011918
1971-05-28;0.00000000;0.00011890
1971-05-31;0.00000000;0.00035671
1971-06-01;0.00017918;0.00029863
1971-06-02;0.00000000;0.00011671
1971-06-03;0.00000000;0.00011616
1971-06-04;0.00000000;0.00011836
1971-06-07;0.00000000;0.00036493
1971-06-08;0.00000000;0.00012493
1971-06-09;0.00000000;0.00012603
1971-06-10;0.00000000;0.00012658
1971-06-11;0.00000000;0.00012904
1971-06-14;0.00000000;0.00040521
1971-06-15;0.00000000;0.00013753
1971-06-16;0.00000000;0.00013616
1971-06-17;0.00000000;0.00013425
1971-06-18;0.00000000;0.00013507
1971-06-21;0.00000000;0.00040192
1971-06-22;0.00000000;0.00013589
1971-06-23;0.00000000;0.00013205
1971-06-24;0.00000000;0.00013151
1971-06-25;0.00000000;0.00013370
1971-06-28;0.00000000;0.00040767
1971-06-29;0.00000000;0.00014219
1971-06-30;0.00000000;0.00014301
1971-07-01;0.00000000;0.00014274
1971-07-02;0.00000000;0.00014685
1971-07-05;0.00000000;0.00044055
1971-07-06;0.00022521;0.00037534
1971-07-07;0.00000000;0.00014849
1971-07-08;0.00000000;0.00014822
1971-07-09;0.00000000;0.00014685
1971-07-12;0.00000000;0.00043726
1971-07-13;0.00000000;0.00014603
1971-07-14;0.00000000;0.00014658
1971-07-15;0.00000000;0.00014767
1971-07-16;0.00000000;0.00015068
1971-07-19;0.00000000;0.00045452
1971-07-20;0.00000000;0.00015068
1971-07-21;0.00007452;0.00022356
1971-07-22;0.00000000;0.00014630
1971-07-23;0.00000000;0.00014986
1971-07-26;0.00000000;0.00044877
1971-07-27;0.00000000;0.00014959
1971-07-28;0.00000000;0.00014877
1971-07-29;0.00000000;0.00014630
1971-07-30;0.00000000;0.00014548
1971-08-02;0.00000000;0.00043068
1971-08-03;0.00000000;0.00014575
1971-08-04;0.00000000;0.00014603
1971-08-05;0.00000000;0.00014521
1971-08-06;0.00000000;0.00014466
1971-08-09;0.00000000;0.00043726
1971-08-10;0.00000000;0.00014712
1971-08-11;0.00000000;0.00014301
1971-08-12;0.00000000;0.00014274
1971-08-13;0.00000000;0.00014110
1971-08-16;0.00000000;0.00039699
1971-08-17;0.00000000;0.00013068
1971-08-18;0.00000000;0.00013096
1971-08-19;0.00000000;0.00012438
1971-08-20;0.00000000;0.00012740
1971-08-23;0.00000000;0.00039041
1971-08-24;0.00000000;0.00012603
1971-08-25;0.00000000;0.00012959
1971-08-26;0.00000000;0.00012822
1971-08-27;0.00000000;0.00012685
1971-08-30;0.00000000;0.00036493
1971-08-31;0.00000000;0.00012164
1971-09-01;0.00000000;0.00012329
1971-09-02;0.00000000;0.00012411
1971-09-03;0.00000000;0.00012438
1971-09-06;0.00000000;0.00037315
1971-09-07;0.00018822;0.00031370
1971-09-08;0.00000000;0.00012603
1971-09-09;0.00000000;0.00012740
1971-09-10;0.00000000;0.00012822
1971-09-13;0.00000000;0.00039123
1971-09-14;0.00000000;0.00013342
1971-09-15;0.00000000;0.00013288
1971-09-16;0.00006603;0.00019808
1971-09-17;0.00000000;0.00012932
1971-09-20;0.00000000;0.00038795
1971-09-21;0.00000000;0.00013096
1971-09-22;0.00000000;0.00013068
1971-09-23;0.00000000;0.00013014
1971-09-24;0.00006479;0.00019438
1971-09-27;0.00000000;0.00038795
1971-09-28;0.00000000;0.00012795
1971-09-29;0.00000000;0.00012795
1971-09-30;0.00000000;0.00012603
1971-10-01;0.00000000;0.00012466
1971-10-04;0.00000000;0.00036658
1971-10-05;0.00000000;0.00012521
1971-10-06;0.00000000;0.00012438
1971-10-07;0.00000000;0.00012493
1971-10-08;0.00000000;0.00012411
1971-10-11;0.00000000;0.00037233
1971-10-12;0.00018329;0.00030548
1971-10-13;0.00000000;0.00012164
1971-10-14;0.00000000;0.00012137
1971-10-15;0.00000000;0.00012164
1971-10-18;0.00000000;0.00036575
1971-10-19;0.00000000;0.00012329
1971-10-20;0.00000000;0.00012219
1971-10-21;0.00000000;0.00012274
1971-10-22;0.00000000;0.00012219
1971-10-25;0.00000000;0.00036658
1971-10-26;0.00000000;0.00012000
1971-10-27;0.00000000;0.00011973
1971-10-28;0.00000000;0.00011945
1971-10-29;-0.00065000;-0.00053192
1971-11-01;-0.00781643;-0.00746629
1971-11-02;-0.00336072;-0.00324401
1971-11-03;0.01845033;0.01856430
1971-11-04;-0.00654689;-0.00643346
1971-11-05;-0.00066058;-0.00054689
1971-11-08;-0.00024314;0.00010042
1971-11-09;0.00381866;0.00393290
1971-11-10;0.00099003;0.00110483
1971-11-11;-0.00350295;-0.00338843
1971-11-12;0.00196367;0.00207792
1971-11-15;0.00258882;0.00293074
1971-11-16;0.00422903;0.00434136
1971-11-17;0.01035370;0.01046712
1971-11-18;0.00025748;0.00037091
1971-11-19;-0.00567876;-0.00556452
1971-11-22;0.00133306;0.00168155
1971-11-23;-0.00705936;-0.00694101
1971-11-24;0.00010717;0.00022771
1971-11-25;0.00569951;0.00582006
1971-11-26;0.00776919;0.00788974
1971-11-29;0.01529423;0.01565094
1971-11-30;0.00134549;0.00146439
1971-12-01;0.01027094;0.01038902
1971-12-02;0.00701956;0.00713682
1971-12-03;-0.00160794;-0.00149424
1971-12-06;0.00381329;0.00415027
1971-12-07;0.00295776;0.00307091
1971-12-08;-0.00549749;-0.00538516
1971-12-09;0.00503133;0.00514394
1971-12-10;0.00456655;0.00467861
1971-12-13;0.00397200;0.00429748
1971-12-14;-0.00283179;-0.00272056
1971-12-15;0.00438113;0.00449401
1971-12-16;0.00138121;0.00149244
1971-12-17;0.00495464;0.00506423
1971-12-20;0.00756858;0.00790721
1971-12-21;0.01446950;0.01458128
1971-12-22;0.00316753;0.00327822
1971-12-23;-0.00445553;-0.00435060
1971-12-24;0.02787683;0.02798177
1971-12-27;0.00726566;0.00757634
1971-12-28;0.00860735;0.00871009
1971-12-29;0.00117020;0.00127322
1971-12-30;-0.00220680;-0.00210543
1971-12-31;0.00294305;0.00304387
1972-01-03;-0.00442306;-0.00411977
1972-01-04;0.00169436;0.00179628
1972-01-05;0.00751610;0.00761720
1972-01-06;0.00703660;0.00713386
1972-01-07;0.00109300;0.00118423
1972-01-10;-0.00170367;-0.00145545
1972-01-11;0.00279447;0.00288269
1972-01-12;0.00501078;0.00509928
1972-01-13;-0.00059589;-0.00050822
1972-01-14;0.00374927;0.00383666
1972-01-17;-0.00298569;-0.00271939
1972-01-18;0.00261249;0.00270181
1972-01-19;0.00186217;0.00195258
1972-01-20;0.00342990;0.00352168
1972-01-21;-0.00442731;-0.00433334
1972-01-24;-0.00948714;-0.00919782
1972-01-25;0.00309245;0.00318888
1972-01-26;0.00221805;0.00231284
1972-01-27;0.00586735;0.00596159
1972-01-28;0.00720850;0.00730055
1972-01-31;-0.00236777;-0.00209242
1972-02-01;-0.00049082;-0.00039685
1972-02-02;0.00509785;0.00519101
1972-02-03;0.00252587;0.00261820
1972-02-04;-0.00292532;-0.00283656
1972-02-07;0.00279487;0.00304967
1972-02-08;0.00197183;0.00205923
1972-02-09;0.00047873;0.00056531
1972-02-10;0.00027964;0.00036348
1972-02-11;-0.00491384;-0.00483192
1972-02-14;0.00070232;0.00094889
1972-02-15;-0.00044541;-0.00036157
1972-02-16;0.00485061;0.00493445
1972-02-17;0.00724164;0.00732492
1972-02-18;-0.00148487;-0.00139994
1972-02-21;0.00897137;0.00922616
1972-02-22;0.00119939;0.00128624
1972-02-23;-0.00062739;-0.00054026
1972-02-24;0.00264720;0.00273487
1972-02-25;0.00679409;0.00688614
1972-02-28;0.00509559;0.00537258
1972-02-29;0.00078254;0.00087733
1972-03-01;0.00179553;0.00189060
1972-03-02;0.00181362;0.00190896
1972-03-03;0.00138378;0.00147940
1972-03-06;0.00584805;0.00613572
1972-03-07;0.00194987;0.00204741
1972-03-08;0.00057716;0.00067470
1972-03-09;-0.00186956;-0.00177120
1972-03-10;-0.00310091;-0.00300118
1972-03-13;-0.01362565;-0.01331743
1972-03-14;0.00459290;0.00469948
1972-03-15;-0.00199410;-0.00188615
1972-03-16;0.00400087;0.00410771
1972-03-17;0.00355974;0.00366604
1972-03-20;-0.00185275;-0.00153466
1972-03-21;-0.00847303;-0.00836701
1972-03-22;0.00521319;0.00531648
1972-03-23;0.00685084;0.00695440
1972-03-24;-0.00020666;-0.00010255
1972-03-27;0.00342015;0.00373002
1972-03-28;0.00008162;0.00018683
1972-03-29;0.00264890;0.00275493
1972-03-30;0.00353212;0.00363705
1972-03-31;0.01306468;0.01316961
1972-04-03;0.00098775;0.00129926
1972-04-04;0.00287017;0.00297538
1972-04-05;0.00396298;0.00406763
1972-04-06;0.00232517;0.00242927
1972-04-07;0.00030482;0.00040893
1972-04-10;-0.00108938;-0.00078116
1972-04-11;0.00130960;0.00141425
1972-04-12;0.00180669;0.00191135
1972-04-13;-0.00133294;-0.00122719
1972-04-14;-0.00042557;-0.00032036
1972-04-17;-0.00182438;-0.00150794
1972-04-18;0.00108437;0.00118519
1972-04-19;-0.00269798;-0.00259826
1972-04-20;-0.00083233;-0.00073452
1972-04-21;-0.00078481;-0.00068974
1972-04-24;-0.00350439;-0.00322001
1972-04-25;-0.00504418;-0.00494692
1972-04-26;-0.00117356;-0.00107548
1972-04-27;0.00064953;0.00074652
1972-04-28;0.00214447;0.00224393
1972-05-01;0.00000000;0.00029753
1972-05-02;0.00000000;0.00010000
1972-05-03;0.00000000;0.00009863
1972-05-04;0.00000000;0.00009699
1972-05-05;0.00000000;0.00009370
1972-05-08;0.00014137;0.00042411
1972-05-09;0.00000000;0.00010000
1972-05-10;0.00000000;0.00009918
1972-05-11;0.00000000;0.00009918
1972-05-12;0.00000000;0.00009863
1972-05-15;0.00000000;0.00030000
1972-05-16;0.00000000;0.00010301
1972-05-17;0.00000000;0.00010356
1972-05-18;0.00000000;0.00010384
1972-05-19;0.00000000;0.00010411
1972-05-22;0.00000000;0.00031151
1972-05-23;0.00000000;0.00010521
1972-05-24;0.00000000;0.00010521
1972-05-25;0.00000000;0.00010301
1972-05-26;0.00000000;0.00010274
1972-05-29;0.00000000;0.00030822
1972-05-30;0.00015616;0.00026027
1972-05-31;0.00000000;0.00010438
1972-06-01;0.00000000;0.00010493
1972-06-02;0.00000000;0.00010575
1972-06-05;0.00000000;0.00031479
1972-06-06;0.00000000;0.00010658
1972-06-07;0.00000000;0.00010630
1972-06-08;0.00000000;0.00010575
1972-06-09;0.00000000;0.00010575
1972-06-12;0.00000000;0.00031397
1972-06-13;0.00000000;0.00010521
1972-06-14;0.00000000;0.00010575
1972-06-15;0.00000000;0.00010685
1972-06-16;0.00000000;0.00010822
1972-06-19;0.00000000;0.00032219
1972-06-20;0.00000000;0.00010822
1972-06-21;0.00000000;0.00010877
1972-06-22;0.00000000;0.00011014
1972-06-23;0.00000000;0.00010959
1972-06-26;0.00000000;0.00032712
1972-06-27;0.00000000;0.00010932
1972-06-28;0.00000000;0.00010603
1972-06-29;0.00000000;0.00010849
1972-06-30;0.00000000;0.00011123
1972-07-03;0.00000000;0.00034027
1972-07-04;0.00000000;0.00011342
1972-07-05;0.00005589;0.00016767
1972-07-06;0.00000000;0.00011014
1972-07-07;0.00000000;0.00011014
1972-07-10;0.00000000;0.00033205
1972-07-11;0.00000000;0.00011315
1972-07-12;0.00000000;0.00011151
1972-07-13;0.00000000;0.00011068
1972-07-14;0.00000000;0.00010822
1972-07-17;0.00000000;0.00032219
1972-07-18;0.00000000;0.00010877
1972-07-19;0.00000000;0.00010712
1972-07-20;0.00000000;0.00010712
1972-07-21;0.00005397;0.00016192
1972-07-24;0.00000000;0.00032630
1972-07-25;0.00000000;0.00011041
1972-07-26;0.00000000;0.00010849
1972-07-27;0.00000000;0.00010712
1972-07-28;0.00000000;0.00010548
1972-07-31;0.00000000;0.00031233
1972-08-01;0.00000000;0.00010384
1972-08-02;0.00000000;0.00010329
1972-08-03;0.00000000;0.00010384
1972-08-04;0.00000000;0.00010466
1972-08-07;0.00000000;0.00031644
1972-08-08;0.00000000;0.00010630
1972-08-09;0.00000000;0.00010575
1972-08-10;0.00000000;0.00010575
1972-08-11;0.00000000;0.00010521
1972-08-14;0.00000000;0.00031808
1972-08-15;0.00000000;0.00010767
1972-08-16;0.00000000;0.00010712
1972-08-17;0.00000000;0.00010630
1972-08-18;0.00000000;0.00010740
1972-08-21;0.00000000;0.00032630
1972-08-22;0.00000000;0.00011288
1972-08-23;0.00000000;0.00011452
1972-08-24;0.00000000;0.00011342
1972-08-25;0.00000000;0.00011589
1972-08-28;0.00000000;0.00035014
1972-08-29;0.00000000;0.00012192
1972-08-30;0.00000000;0.00012466
1972-08-31;0.00000000;0.00012466
1972-09-01;0.00000000;0.00012438
1972-09-04;0.00000000;0.00037315
1972-09-05;0.00019233;0.00032055
1972-09-06;0.00000000;0.00012904
1972-09-07;0.00000000;0.00012877
1972-09-08;0.00000000;0.00012959
1972-09-11;0.00000000;0.00038959
1972-09-12;0.00000000;0.00012932
1972-09-13;0.00000000;0.00012904
1972-09-14;0.00000000;0.00012877
1972-09-15;0.00000000;0.00012822
1972-09-18;0.00006370;0.00044589
1972-09-19;0.00000000;0.00012712
1972-09-20;0.00000000;0.00012685
1972-09-21;0.00000000;0.00012767
1972-09-22;0.00000000;0.00012877
1972-09-25;0.00000000;0.00038384
1972-09-26;0.00000000;0.00012685
1972-09-27;0.00000000;0.00012630
1972-09-28;0.00000000;0.00012493
1972-09-29;0.00000000;0.00012466
1972-10-02;0.00000000;0.00037068
1972-10-03;0.00000000;0.00012795
1972-10-04;0.00000000;0.00012849
1972-10-05;0.00000000;0.00012959
1972-10-06;0.00000000;0.00012904
1972-10-09;0.00000000;0.00038712
1972-10-10;0.00000000;0.00012986
1972-10-11;0.00006521;0.00019562
1972-10-12;0.00000000;0.00013178
1972-10-13;0.00000000;0.00013260
1972-10-16;0.00000000;0.00039452
1972-10-17;0.00000000;0.00013205
1972-10-18;0.00000000;0.00013123
1972-10-19;0.00000000;0.00013014
1972-10-20;0.00000000;0.00012986
1972-10-23;0.00000000;0.00038959
1972-10-24;0.00000000;0.00012986
1972-10-25;0.00000000;0.00012986
1972-10-26;0.00000000;0.00012932
1972-10-27;0.00000000;0.00012932
1972-10-30;0.00000000;0.00038959
1972-10-31;-0.00065000;-0.00051959
1972-11-01;0.00516882;0.00529895
1972-11-02;0.00303095;0.00316026
1972-11-03;0.00861231;0.00874135
1972-11-06;-0.00188449;-0.00150148
1972-11-07;-0.00124097;-0.00111330
1972-11-08;-0.00101071;-0.00088057
1972-11-09;0.00146438;0.00159369
1972-11-10;-0.00178646;-0.00165714
1972-11-13;0.00185752;0.00224710
1972-11-14;0.00461258;0.00474354
1972-11-15;0.00315452;0.00328439
1972-11-16;0.00114900;0.00127941
1972-11-17;0.00106723;0.00119764
1972-11-20;0.00033878;0.00073001
1972-11-21;0.00577126;0.00590331
1972-11-22;0.00818690;0.00831950
1972-11-24;0.00813536;0.00840112
1972-11-27;-0.00161478;-0.00121369
1972-11-28;0.00665484;0.00678854
1972-11-29;0.00656297;0.00669639
1972-11-30;-0.00053926;-0.00040556
1972-12-01;-0.00607683;-0.00594259
1972-12-04;0.01076492;0.01116931
1972-12-05;-0.00003124;0.00010575
1972-12-06;0.00388677;0.00402375
1972-12-07;-0.00417291;-0.00403510
1972-12-08;0.00339835;0.00353698
1972-12-11;0.00036030;0.00077948
1972-12-12;-0.00131998;-0.00118162
1972-12-13;-0.00024487;-0.00010788
1972-12-14;0.00079552;0.00093306
1972-12-15;0.00170376;0.00184267
1972-12-18;-0.00473957;-0.00431464
1972-12-19;-0.00279829;-0.00265610
1972-12-20;0.00207959;0.00222069
1972-12-21;-0.00317564;-0.00303537
1972-12-22;0.00907683;0.00921711
1972-12-25;0.00070564;0.00112646
1972-12-26;0.00938409;0.00952519
1972-12-27;0.01115432;0.01129432
1972-12-28;0.00246115;0.00260088
1972-12-29;0.00464549;0.00478631
1973-01-02;0.00831481;0.00888686
1973-01-03;0.00380298;0.00394435
1973-01-04;0.00153463;0.00167491
1973-01-05;0.00376729;0.00390783
1973-01-08;0.00462987;0.00505152
1973-01-09;-0.00338481;-0.00324317
1973-01-10;-0.00264975;-0.00250756
1973-01-11;0.00004209;0.00018537
1973-01-12;-0.00335071;-0.00320714
1973-01-15;-0.00764762;-0.00721447
1973-01-16;-0.00744191;-0.00729506
1973-01-17;0.00474054;0.00488739
1973-01-18;-0.00197680;-0.00182721
1973-01-19;0.00359450;0.00374683
1973-01-22;0.00092731;0.00138676
1973-01-23;-0.00038464;-0.00023094
1973-01-24;0.00227912;0.00243446
1973-01-25;-0.00585134;-0.00569436
1973-01-26;-0.00815315;-0.00799589
1973-01-29;0.00645598;0.00692119
1973-01-30;-0.01191685;-0.01176096
1973-01-31;-0.00567417;-0.00551855
1973-02-01;-0.01522252;-0.01506471
1973-02-02;-0.02618939;-0.02603241
1973-02-05;0.01240706;0.01287473
1973-02-06;-0.00509504;-0.00494024
1973-02-07;-0.00962359;-0.00947098
1973-02-08;0.00496149;0.00511054
1973-02-09;0.00048746;0.00063650
1973-02-12;0.01158061;0.01202773
1973-02-13;0.01845052;0.01860121
1973-02-14;-0.00822981;-0.00808104
1973-02-15;0.00993135;0.01007847
1973-02-16;0.00937878;0.00952672
1973-02-19;0.01698530;0.01742914
1973-02-20;0.00706431;0.00721691
1973-02-21;-0.00657911;-0.00642514
1973-02-22;-0.00320018;-0.00304785
1973-02-23;-0.01173515;-0.01158310
1973-02-26;-0.01298370;-0.01251027
1973-02-27;0.00047896;0.00064060
1973-02-28;-0.00372556;-0.00356528
1973-03-01;-0.00116224;-0.00100361
1973-03-02;-0.00589097;-0.00573344
1973-03-05;-0.02382628;-0.02335039
1973-03-06;0.01842253;0.01858527
1973-03-07;0.00769965;0.00786047
1973-03-08;0.00026591;0.00042564
1973-03-09;0.00022053;0.00038053
1973-03-12;0.00143461;0.00191789
1973-03-13;0.00726200;0.00742638
1973-03-14;0.00653210;0.00669813
1973-03-15;-0.00026034;-0.00009294
1973-03-16;-0.00642906;-0.00625893
1973-03-19;-0.00377892;-0.00326769
1973-03-20;-0.00042728;-0.00025358
1973-03-21;-0.01321743;-0.01304345
1973-03-22;-0.01053179;-0.01035891
1973-03-23;-0.00402722;-0.00385434
1973-03-26;0.00446777;0.00497982
1973-03-27;0.00923233;0.00940384
1973-03-28;0.00351880;0.00369085
1973-03-29;0.01064082;0.01081315
1973-03-30;-0.00002027;0.00015507
1973-04-02;-0.01152283;-0.01099187
1973-04-03;-0.00627953;-0.00610008
1973-04-04;-0.00935497;-0.00917661
1973-04-05;-0.00890798;-0.00873045
1973-04-06;0.00433489;0.00450612
1973-04-09;0.00328593;0.00379223
1973-04-10;-0.00136686;-0.00119672
1973-04-11;0.00096385;0.00113427
1973-04-12;-0.01212057;-0.01195070
1973-04-13;-0.00844760;-0.00827746
1973-04-16;-0.02408404;-0.02357528
1973-04-17;0.00425011;0.00441970
1973-04-18;0.01727862;0.01744601
1973-04-19;0.00180534;0.00197328
1973-04-20;-0.01553948;-0.01537153
1973-04-23;-0.02034092;-0.01983215
1973-04-24;-0.01385624;-0.01368419
1973-04-25;-0.01455724;-0.01438519
1973-04-26;0.01660956;0.01677942
1973-04-27;-0.00023614;-0.00006600
1973-04-30;-0.00359250;-0.00308045
1973-05-01;0.00025849;0.00043082
1973-05-02;0.00000000;0.00017151
1973-05-03;0.00000000;0.00017014
1973-05-04;0.00000000;0.00016959
1973-05-07;0.00016795;0.00067178
1973-05-08;0.00000000;0.00016493
1973-05-09;0.00000000;0.00016356
1973-05-10;0.00000000;0.00016438
1973-05-11;0.00000000;0.00017068
1973-05-14;0.00000000;0.00050712
1973-05-15;0.00000000;0.00016904
1973-05-16;0.00000000;0.00016959
1973-05-17;0.00000000;0.00017205
1973-05-18;0.00000000;0.00017260
1973-05-21;0.00000000;0.00052438
1973-05-22;0.00000000;0.00018082
1973-05-23;0.00000000;0.00018164
1973-05-24;0.00000000;0.00017945
1973-05-25;0.00000000;0.00018192
1973-05-28;0.00000000;0.00054575
1973-05-29;0.00028110;0.00046849
1973-05-30;0.00000000;0.00018932
1973-05-31;0.00000000;0.00018959
1973-06-01;0.00000000;0.00019096
1973-06-04;0.00000000;0.00058110
1973-06-05;0.00000000;0.00019534
1973-06-06;0.00000000;0.00019342
1973-06-07;0.00000000;0.00019397
1973-06-08;0.00000000;0.00019178
1973-06-11;0.00000000;0.00058192
1973-06-12;0.00000000;0.00019562
1973-06-13;0.00000000;0.00019616
1973-06-14;0.00000000;0.00019644
1973-06-15;0.00000000;0.00019671
1973-06-18;0.00000000;0.00059178
1973-06-19;0.00000000;0.00019918
1973-06-20;0.00000000;0.00019973
1973-06-21;0.00000000;0.00019836
1973-06-22;0.00000000;0.00019836
1973-06-25;0.00000000;0.00059178
1973-06-26;0.00000000;0.00019890
1973-06-27;0.00000000;0.00019945
1973-06-28;0.00000000;0.00020137
1973-06-29;0.00000000;0.00020603
1973-07-02;0.00000000;0.00064932
1973-07-03;0.00000000;0.00021863
1973-07-04;0.00000000;0.00021863
1973-07-05;0.00010890;0.00032671
1973-07-06;0.00000000;0.00021699
1973-07-09;0.00000000;0.00065096
1973-07-10;0.00000000;0.00021616
1973-07-11;0.00000000;0.00021041
1973-07-12;0.00000000;0.00020904
1973-07-13;0.00000000;0.00021315
1973-07-16;0.00000000;0.00064521
1973-07-17;0.00000000;0.00021808
1973-07-18;0.00000000;0.00022000
1973-07-19;0.00000000;0.00022274
1973-07-20;0.00000000;0.00022384
1973-07-23;0.00011000;0.00077000
1973-07-24;0.00000000;0.00022411
1973-07-25;0.00000000;0.00022384
1973-07-26;0.00000000;0.00022548
1973-07-27;0.00000000;0.00022603
1973-07-30;0.00000000;0.00067644
1973-07-31;0.00000000;0.00022795
1973-08-01;0.00000000;0.00022959
1973-08-02;0.00000000;0.00022685
1973-08-03;0.00000000;0.00022658
1973-08-06;0.00000000;0.00068384
1973-08-07;0.00000000;0.00023973
1973-08-08;0.00000000;0.00024027
1973-08-09;0.00000000;0.00024137
1973-08-10;0.00000000;0.00024219
1973-08-13;0.00000000;0.00072493
1973-08-14;0.00000000;0.00024795
1973-08-15;0.00000000;0.00024521
1973-08-16;0.00000000;0.00024274
1973-08-17;0.00000000;0.00023890
1973-08-20;0.00000000;0.00072247
1973-08-21;0.00000000;0.00024438
1973-08-22;0.00000000;0.00024055
1973-08-23;0.00000000;0.00023616
1973-08-24;0.00000000;0.00023178
1973-08-27;0.00000000;0.00070110
1973-08-28;0.00000000;0.00023890
1973-08-29;0.00000000;0.00023616
1973-08-30;0.00000000;0.00023479
1973-08-31;0.00000000;0.00023726
1973-09-03;0.00000000;0.00071178
1973-09-04;0.00036082;0.00060137
1973-09-05;0.00000000;0.00024000
1973-09-06;0.00000000;0.00024219
1973-09-07;0.00000000;0.00024110
1973-09-10;0.00000000;0.00074219
1973-09-11;0.00000000;0.00024767
1973-09-12;0.00000000;0.00024712
1973-09-13;0.00000000;0.00024274
1973-09-14;0.00000000;0.00023973
1973-09-17;0.00000000;0.00071507
1973-09-18;0.00000000;0.00023781
1973-09-19;0.00000000;0.00023425
1973-09-20;0.00000000;0.00022685
1973-09-21;0.00000000;0.00021068
1973-09-24;0.00000000;0.00060658
1973-09-25;0.00029589;0.00049315
1973-09-26;0.00000000;0.00019507
1973-09-27;0.00000000;0.00019068
1973-09-28;0.00000000;0.00019123
1973-10-01;0.00000000;0.00058027
1973-10-02;0.00000000;0.00020932
1973-10-03;0.00000000;0.00020493
1973-10-04;0.00000000;0.00020767
1973-10-05;0.00000000;0.00020164
1973-10-08;0.00000000;0.00060493
1973-10-09;0.00000000;0.00019534
1973-10-10;0.00000000;0.00019562
1973-10-11;0.00009795;0.00029384
1973-10-12;0.00000000;0.00019562
1973-10-15;0.00000000;0.00059096
1973-10-16;0.00000000;0.00019945
1973-10-17;0.00000000;0.00019699
1973-10-18;0.00000000;0.00019534
1973-10-19;0.00000000;0.00019260
1973-10-22;0.00000000;0.00057781
1973-10-23;0.00000000;0.00019288
1973-10-24;0.00000000;0.00019233
1973-10-25;0.00000000;0.00019315
1973-10-26;0.00000000;0.00019671
1973-10-29;0.00000000;0.00059178
1973-10-30;0.00000000;0.00019781
1973-10-31;-0.00065000;-0.00044836
1973-11-01;-0.00988184;-0.00967691
1973-11-02;0.00027001;0.00047987
1973-11-05;-0.00672494;-0.00606741
1973-11-06;-0.00932539;-0.00910621
1973-11-07;0.00548724;0.00571190
1973-11-08;0.00858821;0.00881067
1973-11-09;-0.00951171;-0.00928869
1973-11-12;-0.01970381;-0.01900436
1973-11-13;-0.00970358;-0.00946742
1973-11-14;-0.00425883;-0.00403143
1973-11-15;-0.00353355;-0.00332724
1973-11-16;0.00048158;0.00069007
1973-11-19;-0.00872560;-0.00810917
1973-11-20;-0.01140357;-0.01119069
1973-11-21;-0.00255817;-0.00234502
1973-11-22;-0.01806915;-0.01785600
1973-11-23;-0.00342578;-0.00321153
1973-11-26;-0.00591710;-0.00527929
1973-11-27;-0.01425368;-0.01404600
1973-11-28;0.01743336;0.01763939
1973-11-29;0.00480293;0.00500704
1973-11-30;0.01897541;0.01917541
1973-12-03;-0.02546985;-0.02488465
1973-12-04;-0.00879279;-0.00859416
1973-12-05;-0.00939771;-0.00918730
1973-12-06;0.00090248;0.00111180
1973-12-07;0.00488991;0.00509950
1973-12-10;-0.00698068;-0.00636917
1973-12-11;-0.01346071;-0.01325468
1973-12-12;-0.01776270;-0.01755777
1973-12-13;-0.01438009;-0.01417242
1973-12-14;0.00531589;0.00552219
1973-12-17;-0.00307434;-0.00246037
1973-12-18;0.00026858;0.00046968
1973-12-19;0.00405627;0.00425627
1973-12-20;0.02047141;0.02067168
1973-12-21;-0.00652217;-0.00632134
1973-12-24;-0.00745021;-0.00684775
1973-12-25;-0.02880308;-0.02860226
1973-12-26;0.03446228;0.03466968
1973-12-27;0.02151666;0.02172131
1973-12-28;0.00079739;0.00100204
1973-12-31;-0.00051638;0.00009677
1974-01-02;0.00091676;0.00132881
1974-01-03;0.02149695;0.02170160
1974-01-04;-0.01024804;-0.01004283
1974-01-07;-0.01404191;-0.01341726
1974-01-08;-0.00854094;-0.00833163
1974-01-09;-0.01413302;-0.01392288
1974-01-10;-0.01124191;-0.01102739
1974-01-11;0.00378104;0.00399665
1974-01-14;0.01048232;0.01113657
1974-01-15;0.00845244;0.00866860
1974-01-16;0.01202768;0.01224412
1974-01-17;0.00803852;0.00825386
1974-01-18;-0.00245508;-0.00223973
1974-01-21;-0.00344551;-0.00279044
1974-01-22;0.00793354;0.00815163
1974-01-23;0.01194499;0.01216445
1974-01-24;0.00230659;0.00252604
1974-01-25;-0.00275925;-0.00254062
1974-01-28;0.00358075;0.00422513
1974-01-29;-0.00290608;-0.00269731
1974-01-30;0.00464605;0.00485180
1974-01-31;-0.00946184;-0.00925691
1974-02-01;-0.00217520;-0.00197493
1974-02-04;-0.00434248;-0.00375645
1974-02-05;-0.00139787;-0.00120800
1974-02-06;0.00468243;0.00487229
1974-02-07;0.00708488;0.00727968
1974-02-08;-0.01344953;-0.01325666
1974-02-11;-0.01867825;-0.01809305
1974-02-12;0.00403195;0.00422702
1974-02-13;-0.00482578;-0.00463290
1974-02-14;-0.00379181;-0.00359920
1974-02-15;0.01003800;0.01023143
1974-02-18;-0.00176128;-0.00118100
1974-02-19;-0.00359552;-0.00340292
1974-02-20;0.00662600;0.00681888
1974-02-21;0.00235762;0.00255186
1974-02-22;0.00100274;0.00119726
1974-02-25;-0.00330992;-0.00272225
1974-02-26;0.00727762;0.00747762
1974-02-27;0.00123524;0.00143661
1974-02-28;0.00088763;0.00109202
1974-03-01;0.00201329;0.00221987
1974-03-04;0.00730468;0.00792605
1974-03-05;0.00768784;0.00789962
1974-03-06;0.00137553;0.00158676
1974-03-07;-0.00876421;-0.00855325
1974-03-08;0.00149768;0.00171248
1974-03-11;0.00360824;0.00425509
1974-03-12;-0.00224451;-0.00202999
1974-03-13;-0.00026409;-0.00004956
1974-03-14;0.00028336;0.00049487
1974-03-15;-0.00205082;-0.00183602
1974-03-18;-0.00903490;-0.00838148
1974-03-19;-0.00733268;-0.00711186
1974-03-20;-0.00009642;0.00012550
1974-03-21;-0.00258139;-0.00235920
1974-03-22;-0.00087747;-0.00065638
1974-03-25;-0.00027697;0.00039043
1974-03-26;0.00569457;0.00592278
1974-03-27;-0.00354202;-0.00331052
1974-03-28;-0.00825627;-0.00802202
1974-03-29;-0.00512798;-0.00490113
1974-04-01;-0.00455242;-0.00386941
1974-04-02;-0.00102355;-0.00079232
1974-04-03;0.00383483;0.00406743
1974-04-04;-0.00477427;-0.00453729
1974-04-05;-0.00490914;-0.00467215
1974-04-08;-0.00322901;-0.00252545
1974-04-09;0.00060215;0.00083832
1974-04-10;0.00054600;0.00077942
1974-04-11;0.00017175;0.00039750
1974-04-12;0.01709911;0.01732486
1974-04-15;0.00274694;0.00340037
1974-04-16;0.00416267;0.00438678
1974-04-17;0.00894627;0.00916983
1974-04-18;0.00389972;0.00412301
1974-04-19;-0.00421705;-0.00400307
1974-04-22;-0.00318803;-0.00255023
1974-04-23;-0.01113531;-0.01091477
1974-04-24;-0.00996743;-0.00974771
1974-04-25;-0.00612400;-0.00589907
1974-04-26;0.00560158;0.00583391
1974-04-29;-0.00273162;-0.00200176
1974-04-30;0.00583950;0.00608334
1974-05-01;0.00000000;0.00024027
1974-05-02;0.00000000;0.00023836
1974-05-03;0.00000000;0.00024164
1974-05-06;0.00000000;0.00072493
1974-05-07;0.00048548;0.00072822
1974-05-08;0.00000000;0.00023836
1974-05-09;0.00000000;0.00023260
1974-05-10;0.00000000;0.00022329
1974-05-13;0.00000000;0.00066000
1974-05-14;0.00000000;0.00022274
1974-05-15;0.00000000;0.00021808
1974-05-16;0.00000000;0.00021753
1974-05-17;0.00000000;0.00021726
1974-05-20;0.00000000;0.00065260
1974-05-21;0.00000000;0.00022493
1974-05-22;0.00000000;0.00022301
1974-05-23;0.00000000;0.00020658
1974-05-24;0.00000000;0.00021041
1974-05-27;0.00000000;0.00063123
1974-05-28;0.00032959;0.00054932
1974-05-29;0.00000000;0.00022274
1974-05-30;0.00000000;0.00021726
1974-05-31;0.00000000;0.00022137
1974-06-03;0.00000000;0.00066493
1974-06-04;0.00000000;0.00022219
1974-06-05;0.00000000;0.00021781
1974-06-06;0.00000000;0.00021726
1974-06-07;0.00000000;0.00022329
1974-06-10;0.00000000;0.00066904
1974-06-11;0.00000000;0.00022274
1974-06-12;0.00000000;0.00022466
1974-06-13;0.00000000;0.00022904
1974-06-14;0.00000000;0.00022767
1974-06-17;0.00000000;0.00067151
1974-06-18;0.00000000;0.00022274
1974-06-19;0.00000000;0.00021890
1974-06-20;0.00000000;0.00021425
1974-06-21;0.00000000;0.00020000
1974-06-24;0.00000000;0.00061315
1974-06-25;0.00000000;0.00020904
1974-06-26;0.00000000;0.00020000
1974-06-27;0.00000000;0.00020630
1974-06-28;0.00000000;0.00020110
1974-07-01;0.00000000;0.00059836
1974-07-02;0.00000000;0.00020110
1974-07-03;0.00000000;0.00021233
1974-07-04;0.00000000;0.00021233
1974-07-05;0.00010603;0.00031808
1974-07-08;0.00000000;0.00062630
1974-07-09;0.00000000;0.00020712
1974-07-10;0.00000000;0.00020247
1974-07-11;0.00000000;0.00020055
1974-07-12;0.00000000;0.00020164
1974-07-15;0.00000000;0.00062630
1974-07-16;0.00000000;0.00020630
1974-07-17;0.00000000;0.00021151
1974-07-18;0.00000000;0.00021699
1974-07-19;0.00000000;0.00021425
1974-07-22;0.00000000;0.00062137
1974-07-23;0.00000000;0.00020411
1974-07-24;0.00000000;0.00020329
1974-07-25;0.00000000;0.00020000
1974-07-26;0.00000000;0.00020274
1974-07-29;0.00000000;0.00060986
1974-07-30;0.00000000;0.00021479
1974-07-31;0.00000000;0.00021014
1974-08-01;0.00000000;0.00021753
1974-08-02;0.00000000;0.00022822
1974-08-05;0.00000000;0.00068466
1974-08-06;0.00000000;0.00023699
1974-08-07;0.00000000;0.00024219
1974-08-08;0.00000000;0.00024712
1974-08-09;0.00000000;0.00024466
1974-08-12;0.00000000;0.00071918
1974-08-13;0.00000000;0.00023918
1974-08-14;0.00000000;0.00024000
1974-08-15;0.00000000;0.00024000
1974-08-16;0.00000000;0.00023945
1974-08-19;0.00000000;0.00072658
1974-08-20;0.00000000;0.00024795
1974-08-21;0.00000000;0.00025507
1974-08-22;0.00000000;0.00026000
1974-08-23;0.00000000;0.00026685
1974-08-26;0.00000000;0.00078986
1974-08-27;0.00000000;0.00026630
1974-08-28;0.00000000;0.00026274
1974-08-29;0.00000000;0.00024712
1974-08-30;0.00000000;0.00024466
1974-09-02;0.00000000;0.00073397
1974-09-03;0.00038671;0.00064452
1974-09-04;0.00000000;0.00025644
1974-09-05;0.00000000;0.00025562
1974-09-06;0.00000000;0.00025370
1974-09-09;0.00000000;0.00075205
1974-09-10;0.00000000;0.00024849
1974-09-11;0.00000000;0.00024822
1974-09-12;0.00000000;0.00025342
1974-09-13;0.00000000;0.00024548
1974-09-16;0.00000000;0.00066658
1974-09-17;0.00033247;0.00055411
1974-09-18;0.00000000;0.00021452
1974-09-19;0.00000000;0.00019507
1974-09-20;0.00000000;0.00019370
1974-09-23;0.00000000;0.00056959
1974-09-24;0.00028726;0.00047877
1974-09-25;0.00000000;0.00019370
1974-09-26;0.00000000;0.00018877
1974-09-27;0.00000000;0.00016904
1974-09-30;0.00000000;0.00050301
1974-10-01;0.00000000;0.00018329
1974-10-02;0.00000000;0.00018603
1974-10-03;0.00000000;0.00019342
1974-10-04;0.00000000;0.00017863
1974-10-07;0.00000000;0.00053589
1974-10-08;0.00000000;0.00018932
1974-10-09;0.00000000;0.00020110
1974-10-10;0.00000000;0.00021370
1974-10-11;0.00010452;0.00031356
1974-10-14;0.00000000;0.00062712
1974-10-15;0.00000000;0.00021205
1974-10-16;0.00000000;0.00021151
1974-10-17;0.00000000;0.00021425
1974-10-18;0.00000000;0.00020904
1974-10-21;0.00000000;0.00062384
1974-10-22;0.00000000;0.00020356
1974-10-23;0.00000000;0.00020685
1974-10-24;0.00000000;0.00020904
1974-10-25;0.00000000;0.00021425
1974-10-28;0.00000000;0.00066904
1974-10-29;0.00000000;0.00022000
1974-10-30;0.00000000;0.00021863
1974-10-31;-0.00065000;-0.00043630
1974-11-01;-0.00688389;-0.00667074
1974-11-04;-0.01147686;-0.01083412
1974-11-05;0.01518215;0.01539639
1974-11-06;0.00017083;0.00037960
1974-11-07;0.00767888;0.00788764
1974-11-08;0.00282019;0.00302786
1974-11-11;0.01240288;0.01302589
1974-11-12;-0.00457498;-0.00437361
1974-11-13;-0.00199810;-0.00180139
1974-11-14;0.00036990;0.00056634
1974-11-15;-0.01193951;-0.01173896
1974-11-18;-0.02259424;-0.02197616
1974-11-19;-0.01211982;-0.01191543
1974-11-20;-0.00405517;-0.00385216
1974-11-21;-0.00219048;-0.00198473
1974-11-22;0.01800282;0.01820556
1974-11-25;0.00729134;0.00789216
1974-11-26;0.00934967;0.00955296
1974-11-27;0.01208190;0.01229012
1974-11-28;-0.00296376;-0.00275554
1974-11-29;0.00114766;0.00135232
1974-12-02;-0.00788524;-0.00728442
1974-12-03;-0.00975177;-0.00954547
1974-12-04;-0.00416909;-0.00396444
1974-12-05;-0.01012445;-0.00991952
1974-12-06;-0.01568629;-0.01548300
1974-12-09;0.01958430;0.02017937
1974-12-10;0.00917817;0.00937406
1974-12-11;0.00117349;0.00136856
1974-12-12;-0.00323246;-0.00303027
1974-12-13;-0.00737712;-0.00717685
1974-12-16;-0.00307894;-0.00249209
1974-12-17;0.00835148;0.00853696
1974-12-18;0.00391360;0.00410017
1974-12-19;-0.00369505;-0.00350628
1974-12-20;-0.00784609;-0.00765513
1974-12-23;-0.01478996;-0.01420393
1974-12-24;0.00004569;0.00023692
1974-12-25;0.01592490;0.01611614
1974-12-26;0.00320790;0.00339831
1974-12-27;-0.00922419;-0.00903351
1974-12-30;-0.00044119;0.00014319
1974-12-31;0.02065040;0.02084382
1975-01-02;0.02397631;0.02435439
1975-01-03;0.00664756;0.00683277
1975-01-06;-0.01356746;-0.01301678
1975-01-07;0.00283036;0.00300872
1975-01-08;-0.01597282;-0.01579364
1975-01-09;0.00469042;0.00486987
1975-01-10;0.02004941;0.02023133
1975-01-13;-0.00190236;-0.00134839
1975-01-14;0.00420120;0.00438065
1975-01-15;0.00623330;0.00641549
1975-01-16;0.00180855;0.00198635
1975-01-17;0.00404521;0.00421754
1975-01-20;-0.00047783;0.00004985
1975-01-21;-0.00699153;-0.00682057
1975-01-22;0.00380028;0.00396933
1975-01-23;0.00031270;0.00046585
1975-01-24;0.00547471;0.00562512
1975-01-27;0.02045841;0.02091622
1975-01-28;0.01227332;0.01242839
1975-01-29;0.01366944;0.01382752
1975-01-30;0.00115427;0.00131125
1975-01-31;0.00596036;0.00611598
1975-02-03;0.01017258;0.01063779
1975-02-04;-0.00085938;-0.00070596
1975-02-05;0.01273144;0.01288076
1975-02-06;-0.00255468;-0.00240125
1975-02-07;0.00004614;0.00020340
1975-02-10;0.00472140;0.00520058
1975-02-11;0.00264947;0.00280564
1975-02-12;0.00861288;0.00876905
1975-02-13;0.00990940;0.01006337
1975-02-14;0.00126421;0.00141352
1975-02-17;0.00730747;0.00775541
1975-02-18;-0.01024005;-0.01009429
1975-02-19;-0.00083965;-0.00069444
1975-02-20;0.00974560;0.00988889
1975-02-21;0.00352970;0.00367107
1975-02-24;0.00189321;0.00233047
1975-02-25;-0.01156181;-0.01141277
1975-02-26;0.00761229;0.00776627
1975-02-27;0.00712109;0.00727342
1975-02-28;0.00808175;0.00822970
1975-03-03;0.01171155;0.01217100
1975-03-04;-0.00117739;-0.00102342
1975-03-05;0.00089998;0.00105149
1975-03-06;-0.00106668;-0.00091517
1975-03-07;0.00592371;0.00607659
1975-03-10;0.00912055;0.00958411
1975-03-11;-0.00468585;-0.00453572
1975-03-12;-0.00157571;-0.00142749
1975-03-13;-0.00462857;-0.00448063
1975-03-14;0.00120288;0.00135028
1975-03-17;0.00841846;0.00886312
1975-03-18;-0.00290726;-0.00275877
1975-03-19;-0.00701428;-0.00686386
1975-03-20;-0.00768136;-0.00753478
1975-03-21;-0.00278113;-0.00263318
1975-03-24;-0.01464241;-0.01418624
1975-03-25;0.00621570;0.00636748
1975-03-26;0.01070314;0.01085438
1975-03-27;0.00845014;0.00860055
1975-03-28;0.01652371;0.01667412
1975-03-31;0.00712883;0.00758335
1975-04-01;-0.00514396;-0.00498944
1975-04-02;0.00005994;0.00021446
1975-04-03;-0.00554217;-0.00538875
1975-04-04;-0.00970964;-0.00955402
1975-04-07;-0.00920393;-0.00870996
1975-04-08;0.00501229;0.00516846
1975-04-09;0.01646612;0.01662228
1975-04-10;0.00667933;0.00683577
1975-04-11;0.00221449;0.00236682
1975-04-14;0.00932122;0.00977574
1975-04-15;0.00062700;0.00077714
1975-04-16;-0.00087658;-0.00073028
1975-04-17;0.00372289;0.00387083
1975-04-18;-0.00573866;-0.00558962
1975-04-21;0.00234566;0.00280182
1975-04-22;-0.00590780;-0.00575026
1975-04-23;-0.00379110;-0.00363521
1975-04-24;-0.00137997;-0.00122463
1975-04-25;0.00626682;0.00642106
1975-04-28;0.00667435;0.00713627
1975-04-29;-0.00699751;-0.00684408
1975-04-30;0.01004361;0.01019429
1975-05-01;0.00000000;0.00015068
1975-05-02;0.00000000;0.00014548
1975-05-05;0.00000000;0.00043890
1975-05-06;0.00022356;0.00037260
1975-05-07;0.00000000;0.00014986
1975-05-08;0.00000000;0.00014877
1975-05-09;0.00000000;0.00014740
1975-05-12;0.00000000;0.00042411
1975-05-13;0.00000000;0.00013699
1975-05-14;0.00000000;0.00013534
1975-05-15;0.00000000;0.00013836
1975-05-16;0.00000000;0.00013863
1975-05-19;0.00000000;0.00042000
1975-05-20;0.00000000;0.00014000
1975-05-21;0.00000000;0.00014137
1975-05-22;0.00000000;0.00014247
1975-05-23;0.00000000;0.00014274
1975-05-26;0.00000000;0.00042822
1975-05-27;0.00021658;0.00036096
1975-05-28;0.00000000;0.00014274
1975-05-29;0.00000000;0.00014301
1975-05-30;0.00000000;0.00014247
1975-06-02;0.00000000;0.00043151
1975-06-03;0.00000000;0.00014356
1975-06-04;0.00000000;0.00014356
1975-06-05;0.00000000;0.00014301
1975-06-06;0.00000000;0.00014274
1975-06-09;0.00000000;0.00042082
1975-06-10;0.00000000;0.00013918
1975-06-11;0.00000000;0.00013562
1975-06-12;0.00000000;0.00013397
1975-06-13;0.00000000;0.00013534
1975-06-16;0.00000000;0.00040110
1975-06-17;0.00000000;0.00013781
1975-06-18;0.00000000;0.00014685
1975-06-19;0.00000000;0.00014301
1975-06-20;0.00000000;0.00015616
1975-06-23;0.00000000;0.00046438
1975-06-24;0.00000000;0.00015753
1975-06-25;0.00000000;0.00015945
1975-06-26;0.00000000;0.00016438
1975-06-27;0.00000000;0.00015836
1975-06-30;0.00000000;0.00048164
1975-07-01;0.00000000;0.00016493
1975-07-02;0.00000000;0.00016493
1975-07-03;0.00000000;0.00016438
1975-07-04;0.00000000;0.00016438
1975-07-07;0.00008301;0.00058110
1975-07-08;0.00000000;0.00016603
1975-07-09;0.00000000;0.00016712
1975-07-10;0.00000000;0.00016548
1975-07-11;0.00000000;0.00016493
1975-07-14;0.00000000;0.00049562
1975-07-15;0.00000000;0.00016575
1975-07-16;0.00000000;0.00016630
1975-07-17;0.00000000;0.00016521
1975-07-18;0.00000000;0.00016575
1975-07-21;0.00000000;0.00050959
1975-07-22;0.00026055;0.00043425
1975-07-23;0.00000000;0.00017370
1975-07-24;0.00000000;0.00016959
1975-07-25;0.00000000;0.00017178
1975-07-28;0.00000000;0.00051781
1975-07-29;0.00000000;0.00017260
1975-07-30;0.00000000;0.00016986
1975-07-31;0.00000000;0.00017123
1975-08-01;0.00000000;0.00017397
1975-08-04;0.00000000;0.00052603
1975-08-05;0.00000000;0.00017671
1975-08-06;0.00000000;0.00017562
1975-08-07;0.00000000;0.00017644
1975-08-08;0.00000000;0.00017562
1975-08-11;0.00000000;0.00052356
1975-08-12;0.00000000;0.00017534
1975-08-13;0.00000000;0.00017671
1975-08-14;0.00000000;0.00017671
1975-08-15;0.00000000;0.00017589
1975-08-18;0.00000000;0.00052767
1975-08-19;0.00000000;0.00017726
1975-08-20;0.00000000;0.00017699
1975-08-21;0.00000000;0.00017753
1975-08-22;0.00000000;0.00017699
1975-08-25;0.00000000;0.00053671
1975-08-26;0.00000000;0.00018027
1975-08-27;0.00000000;0.00017945
1975-08-28;0.00000000;0.00017589
1975-08-29;0.00000000;0.00017425
1975-09-01;0.00000000;0.00052274
1975-09-02;0.00026384;0.00043973
1975-09-03;0.00000000;0.00017507
1975-09-04;0.00000000;0.00017342
1975-09-05;0.00000000;0.00017507
1975-09-08;0.00000000;0.00052685
1975-09-09;0.00000000;0.00017562
1975-09-10;0.00000000;0.00017589
1975-09-11;0.00000000;0.00017699
1975-09-12;0.00000000;0.00017671
1975-09-15;0.00000000;0.00053425
1975-09-16;0.00026877;0.00044795
1975-09-17;0.00000000;0.00017671
1975-09-18;0.00000000;0.00017479
1975-09-19;0.00000000;0.00017425
1975-09-22;0.00000000;0.00052110
1975-09-23;0.00000000;0.00017425
1975-09-24;0.00008699;0.00026096
1975-09-25;0.00000000;0.00017534
1975-09-26;0.00000000;0.00017616
1975-09-29;0.00000000;0.00052849
1975-09-30;0.00000000;0.00018027
1975-10-01;0.00000000;0.00017890
1975-10-02;0.00000000;0.00017753
1975-10-03;0.00000000;0.00017233
1975-10-06;0.00000000;0.00051288
1975-10-07;0.00000000;0.00017342
1975-10-08;0.00000000;0.00017178
1975-10-09;0.00000000;0.00017041
1975-10-10;0.00000000;0.00016685
1975-10-13;0.00008342;0.00058397
1975-10-14;0.00000000;0.00016685
1975-10-15;0.00000000;0.00016712
1975-10-16;0.00000000;0.00016356
1975-10-17;0.00000000;0.00016137
1975-10-20;0.00000000;0.00048493
1975-10-21;0.00000000;0.00015507
1975-10-22;0.00000000;0.00015699
1975-10-23;0.00000000;0.00015671
1975-10-24;0.00000000;0.00015507
1975-10-27;0.00000000;0.00047014
1975-10-28;0.00000000;0.00015425
1975-10-29;0.00000000;0.00015233
1975-10-30;0.00000000;0.00014959
1975-10-31;-0.00065000;-0.00049904
1975-11-03;-0.01113292;-0.01067512
1975-11-04;0.00078238;0.00093498
1975-11-05;-0.00029192;-0.00014041
1975-11-06;-0.00076999;-0.00061903
1975-11-07;0.00336164;0.00350904
1975-11-10;0.00332859;0.00376420
1975-11-11;0.00057221;0.00071742
1975-11-12;0.00745582;0.00760267
1975-11-13;-0.00417254;-0.00402542
1975-11-14;-0.00008439;0.00006492
1975-11-17;0.00204245;0.00249040
1975-11-18;-0.00193719;-0.00178733
1975-11-19;-0.00992095;-0.00977109
1975-11-20;0.00092248;0.00107207
1975-11-21;-0.00307172;-0.00291830
1975-11-24;0.00143935;0.00189305
1975-11-25;0.00051232;0.00066465
1975-11-26;0.00774806;0.00790011
1975-11-27;0.00484403;0.00499608
1975-11-28;0.00225232;0.00240410
1975-12-01;-0.00624389;-0.00578772
1975-12-02;-0.00772390;-0.00757130
1975-12-03;-0.00673887;-0.00658654
1975-12-04;-0.00163786;-0.00148417
1975-12-05;-0.00563228;-0.00547941
1975-12-08;-0.00395618;-0.00349755
1975-12-09;-0.00287543;-0.00271982
1975-12-10;0.00621263;0.00636715
1975-12-11;-0.00169311;-0.00154078
1975-12-12;-0.00225894;-0.00210661
1975-12-15;0.00041160;0.00086448
1975-12-16;0.00308955;0.00324051
1975-12-17;-0.00307369;-0.00292438
1975-12-18;0.00194850;0.00209754
1975-12-19;0.00095979;0.00110445
1975-12-22;-0.00241216;-0.00197326
1975-12-23;0.00654595;0.00669198
1975-12-24;0.00671604;0.00686042
1975-12-25;0.01205340;0.01219779
1975-12-26;0.00796090;0.00810255
1975-12-29;-0.00109633;-0.00067057
1975-12-30;-0.00214095;-0.00199903
1975-12-31;0.00453424;0.00467671
1976-01-02;0.00758350;0.00786843
1976-01-05;0.01582675;0.01625661
1976-01-06;0.01028400;0.01042510
1976-01-07;0.00428410;0.00442327
1976-01-08;0.00507897;0.00521596
1976-01-09;0.00162896;0.00176238
1976-01-12;0.01764914;0.01804612
1976-01-13;-0.00323964;-0.00310731
1976-01-14;0.00984981;0.00998269
1976-01-15;-0.00548817;-0.00535557
1976-01-16;0.00452805;0.00466148
1976-01-19;0.00421224;0.00460594
1976-01-20;0.00453845;0.00467077
1976-01-21;-0.00430844;-0.00417721
1976-01-22;-0.00648307;-0.00635184
1976-01-23;0.00741623;0.00754444
1976-01-26;0.00819583;0.00858542
1976-01-27;-0.00094597;-0.00081584
1976-01-28;-0.00532924;-0.00520020
1976-01-29;0.00674916;0.00687738
1976-01-30;0.00685740;0.00698699
1976-02-02;0.00109126;0.00148578
1976-02-03;-0.00276122;-0.00262670
1976-02-04;0.00544202;0.00557791
1976-02-05;-0.00928686;-0.00915206
1976-02-06;-0.00975089;-0.00961664
1976-02-09;-0.00709197;-0.00669416
1976-02-10;0.00429462;0.00442805
1976-02-11;0.00285172;0.00298405
1976-02-12;-0.00080294;-0.00067061
1976-02-13;0.00031547;0.00044835
1976-02-16;-0.00667172;-0.00627309
1976-02-17;-0.00313311;-0.00299941
1976-02-18;0.00016973;0.00030452
1976-02-19;0.00268016;0.00281386
1976-02-20;0.00636137;0.00649315
1976-02-23;-0.00200793;-0.00161013
1976-02-24;0.00239316;0.00252740
1976-02-25;0.00417555;0.00430898
1976-02-26;-0.00295629;-0.00282259
1976-02-27;0.00105501;0.00119200
1976-03-01;0.00131255;0.00173995
1976-03-02;0.00180929;0.00195313
1976-03-03;-0.00358461;-0.00344214
1976-03-04;-0.00633373;-0.00619072
1976-03-05;0.00106843;0.00120898
1976-03-08;0.00284829;0.00326500
1976-03-09;0.00125650;0.00139349
1976-03-10;0.00383794;0.00397411
1976-03-11;0.00497083;0.00510754
1976-03-12;-0.00653843;-0.00640419
1976-03-15;-0.00474135;-0.00433532
1976-03-16;0.00369335;0.00383061
1976-03-17;-0.00130419;-0.00116720
1976-03-18;-0.00010561;0.00003083
1976-03-19;0.00146759;0.00160348
1976-03-22;0.00088730;0.00128675
1976-03-23;0.00916854;0.00930251
1976-03-24;0.00660617;0.00673932
1976-03-25;-0.00426582;-0.00413294
1976-03-26;0.00506481;0.00519851
1976-03-29;-0.01368914;-0.01328640
1976-03-30;-0.00364301;-0.00350630
1976-03-31;0.00841403;0.00855019
1976-04-01;-0.00431245;-0.00417519
1976-04-02;-0.00090299;-0.00076710
1976-04-05;-0.00107732;-0.00067375
1976-04-06;-0.00439695;-0.00426271
1976-04-07;-0.00095003;-0.00081497
1976-04-08;-0.00712010;-0.00698585
1976-04-09;-0.00875555;-0.00862158
1976-04-12;-0.00575978;-0.00536197
1976-04-13;0.00242543;0.00255639
1976-04-14;-0.00322985;-0.00309862
1976-04-15;0.00670780;0.00683876
1976-04-16;0.00376373;0.00389468
1976-04-19;0.00368482;0.00407688
1976-04-20;0.01042124;0.01055083
1976-04-21;0.00505318;0.00518167
1976-04-22;0.00012438;0.00025534
1976-04-23;-0.00126530;-0.00113051
1976-04-26;-0.00051571;-0.00011297
1976-04-27;0.00243315;0.00256712
1976-04-28;0.00409633;0.00422921
1976-04-29;-0.00013507;-0.00000192
1976-04-30;-0.00154899;-0.00141447
1976-05-03;0.00000000;0.00040110
1976-05-04;0.00000000;0.00013342
1976-05-05;0.00000000;0.00013315
1976-05-06;0.00033699;0.00047178
1976-05-07;0.00000000;0.00013699
1976-05-10;0.00000000;0.00041589
1976-05-11;0.00000000;0.00013918
1976-05-12;0.00000000;0.00014082
1976-05-13;0.00000000;0.00013973
1976-05-14;0.00000000;0.00014137
1976-05-17;0.00000000;0.00042904
1976-05-18;0.00000000;0.00014466
1976-05-19;0.00000000;0.00014548
1976-05-20;0.00000000;0.00014767
1976-05-21;0.00000000;0.00014904
1976-05-24;0.00000000;0.00044795
1976-05-25;0.00000000;0.00014959
1976-05-26;0.00000000;0.00014959
1976-05-27;0.00000000;0.00015041
1976-05-28;0.00000000;0.00015041
1976-05-31;0.00000000;0.00045123
1976-06-01;0.00022808;0.00038014
1976-06-02;0.00000000;0.00015260
1976-06-03;0.00000000;0.00015123
1976-06-04;0.00000000;0.00014959
1976-06-07;0.00000000;0.00044795
1976-06-08;0.00000000;0.00014932
1976-06-09;0.00000000;0.00014904
1976-06-10;0.00000000;0.00014877
1976-06-11;0.00000000;0.00014849
1976-06-14;0.00000000;0.00044384
1976-06-15;0.00000000;0.00014712
1976-06-16;0.00000000;0.00014795
1976-06-17;0.00000000;0.00014740
1976-06-18;0.00000000;0.00014658
1976-06-21;0.00000000;0.00044055
1976-06-22;0.00000000;0.00014740
1976-06-23;0.00000000;0.00014603
1976-06-24;0.00000000;0.00014548
1976-06-25;0.00000000;0.00014548
1976-06-28;0.00000000;0.00043973
1976-06-29;0.00000000;0.00014712
1976-06-30;0.00000000;0.00014712
1976-07-01;0.00000000;0.00014685
1976-07-02;0.00000000;0.00014658
1976-07-05;0.00000000;0.00043973
1976-07-06;0.00022151;0.00036918
1976-07-07;0.00000000;0.00014795
1976-07-08;0.00000000;0.00014603
1976-07-09;0.00000000;0.00014384
1976-07-12;0.00000000;0.00042411
1976-07-13;0.00000000;0.00014110
1976-07-14;0.00000000;0.00014110
1976-07-15;0.00000000;0.00014000
1976-07-16;0.00000000;0.00014247
1976-07-19;0.00000000;0.00042986
1976-07-20;0.00000000;0.00014356
1976-07-21;0.00007164;0.00021493
1976-07-22;0.00000000;0.00014329
1976-07-23;0.00000000;0.00014274
1976-07-26;0.00000000;0.00042658
1976-07-27;0.00000000;0.00014110
1976-07-28;0.00000000;0.00014164
1976-07-29;0.00000000;0.00014137
1976-07-30;0.00000000;0.00014164
1976-08-02;0.00000000;0.00042000
1976-08-03;0.00000000;0.00014082
1976-08-04;0.00000000;0.00014219
1976-08-05;0.00000000;0.00014219
1976-08-06;0.00000000;0.00014192
1976-08-09;0.00000000;0.00042575
1976-08-10;0.00000000;0.00014192
1976-08-11;0.00000000;0.00014164
1976-08-12;0.00000000;0.00014137
1976-08-13;0.00000000;0.00014137
1976-08-16;0.00000000;0.00042247
1976-08-17;0.00000000;0.00014110
1976-08-18;0.00000000;0.00014110
1976-08-19;0.00000000;0.00014110
1976-08-20;0.00000000;0.00014164
1976-08-23;0.00000000;0.00042247
1976-08-24;0.00000000;0.00014000
1976-08-25;0.00000000;0.00013973
1976-08-26;0.00000000;0.00013918
1976-08-27;0.00000000;0.00014055
1976-08-30;0.00000000;0.00041671
1976-08-31;0.00000000;0.00013945
1976-09-01;0.00000000;0.00013945
1976-09-02;0.00000000;0.00013973
1976-09-03;0.00000000;0.00013945
1976-09-06;0.00000000;0.00041836
1976-09-07;0.00020918;0.00034863
1976-09-08;0.00000000;0.00013973
1976-09-09;0.00000000;0.00014027
1976-09-10;0.00000000;0.00014000
1976-09-13;0.00000000;0.00042082
1976-09-14;0.00000000;0.00014027
1976-09-15;0.00000000;0.00014000
1976-09-16;0.00006986;0.00020959
1976-09-17;0.00000000;0.00013863
1976-09-20;0.00000000;0.00041589
1976-09-21;0.00000000;0.00013781
1976-09-22;0.00000000;0.00013781
1976-09-23;0.00000000;0.00013808
1976-09-24;0.00007000;0.00021000
1976-09-27;0.00000000;0.00041753
1976-09-28;0.00000000;0.00013863
1976-09-29;0.00000000;0.00013890
1976-09-30;0.00000000;0.00013863
1976-10-01;0.00000000;0.00013808
1976-10-04;0.00000000;0.00041753
1976-10-05;0.00000000;0.00013973
1976-10-06;0.00000000;0.00013890
1976-10-07;0.00000000;0.00013781
1976-10-08;0.00000000;0.00013479
1976-10-11;0.00000000;0.00040438
1976-10-12;0.00020096;0.00033493
1976-10-13;0.00000000;0.00013425
1976-10-14;0.00000000;0.00013288
1976-10-15;0.00000000;0.00013123
1976-10-18;0.00000000;0.00039370
1976-10-19;0.00000000;0.00013260
1976-10-20;0.00000000;0.00013260
1976-10-21;0.00000000;0.00013288
1976-10-22;0.00000000;0.00013397
1976-10-25;0.00000000;0.00040603
1976-10-26;0.00000000;0.00013425
1976-10-27;0.00000000;0.00013370
1976-10-28;0.00000000;0.00013370
1976-10-29;-0.00065000;-0.00051603
1976-11-01;0.00048970;0.00088751
1976-11-02;-0.00583892;-0.00570631
1976-11-03;-0.01158191;-0.01144903
1976-11-04;-0.00241738;-0.00228615
1976-11-05;-0.01375332;-0.01362072
1976-11-08;-0.00574380;-0.00534188
1976-11-09;0.00180168;0.00193675
1976-11-10;0.00168724;0.00182203
1976-11-11;0.00275644;0.00289124
1976-11-12;-0.00449083;-0.00435603
1976-11-15;0.00157735;0.00198009
1976-11-16;-0.00321663;-0.00308430
1976-11-17;0.00221502;0.00234680
1976-11-18;0.00021535;0.00034713
1976-11-19;-0.00091204;-0.00078409
1976-11-22;0.00588093;0.00625983
1976-11-23;-0.00626999;-0.00614287
1976-11-24;0.00833297;0.00845982
1976-11-25;0.00593629;0.00606314
1976-11-26;0.00453983;0.00466339
1976-11-29;-0.00706165;-0.00669261
1976-11-30;-0.00563688;-0.00551579
1976-12-01;0.00158523;0.00170605
1976-12-02;-0.00284654;-0.00272600
1976-12-03;0.00817344;0.00829344
1976-12-06;0.00826165;0.00862165
1976-12-07;0.00659156;0.00671210
1976-12-08;0.00992600;0.01004764
1976-12-09;0.00703375;0.00715539
1976-12-10;0.00075379;0.00087351
1976-12-13;-0.00214906;-0.00178906
1976-12-14;-0.00016908;-0.00005017
1976-12-15;0.00369805;0.00381668
1976-12-16;-0.00162829;-0.00150966
1976-12-17;0.00032520;0.00044164
1976-12-20;-0.00054070;-0.00019221
1976-12-21;0.00713478;0.00725177
1976-12-22;0.00719715;0.00731441
1976-12-23;0.00112235;0.00123961
1976-12-24;-0.00249088;-0.00237362
1976-12-27;0.01295796;0.01331139
1976-12-28;0.00495114;0.00507032
1976-12-29;-0.00213532;-0.00201559
1976-12-30;0.00241820;0.00253711
1976-12-31;0.00530582;0.00542473
1977-01-03;-0.00464724;-0.00428642
1977-01-04;-0.00540207;-0.00527905
1977-01-05;-0.00609928;-0.00597682
1977-01-06;-0.00217509;-0.00205180
1977-01-07;0.00077829;0.00090487
1977-01-10;0.00142469;0.00180360
1977-01-11;-0.00759747;-0.00747144
1977-01-12;-0.00450121;-0.00437600
1977-01-13;0.00678552;0.00690936
1977-01-14;0.00267225;0.00279855
1977-01-17;-0.00291619;-0.00253400
1977-01-18;-0.00614040;-0.00601191
1977-01-19;0.00716011;0.00728696
1977-01-20;-0.00409007;-0.00396322
1977-01-21;0.00354026;0.00366766
1977-01-24;0.00347633;0.00386345
1977-01-25;-0.00165756;-0.00152880
1977-01-26;-0.00114120;-0.00101216
1977-01-27;-0.00548087;-0.00535019
1977-01-28;0.00006173;0.00019132
1977-01-31;-0.00769327;-0.00730533
1977-02-01;0.00698716;0.00711702
1977-02-02;0.00534439;0.00547480
1977-02-03;-0.00512371;-0.00499413
1977-02-04;0.00186953;0.00199611
1977-02-07;0.00099324;0.00137296
1977-02-08;-0.00076920;-0.00064235
1977-02-09;-0.00623730;-0.00611073
1977-02-10;-0.00108196;-0.00095511
1977-02-11;-0.00607942;-0.00595312
1977-02-14;-0.00520207;-0.00482152
1977-02-15;0.00224091;0.00236776
1977-02-16;0.00479128;0.00491786
1977-02-17;0.00123568;0.00136198
1977-02-18;-0.00409624;-0.00396857
1977-02-21;-0.00038877;-0.00000575
1977-02-22;-0.00156344;-0.00143495
1977-02-23;-0.00151787;-0.00138910
1977-02-24;-0.00174943;-0.00161984
1977-02-25;-0.00035623;-0.00022719
1977-02-28;0.00131683;0.00170313
1977-03-01;0.00431986;0.00444863
1977-03-02;0.00145299;0.00158012
1977-03-03;0.00073549;0.00086179
1977-03-04;0.00138214;0.00150899
1977-03-07;-0.00014091;0.00024128
1977-03-08;-0.00421797;-0.00409029
1977-03-09;-0.00642643;-0.00629958
1977-03-10;0.00287835;0.00300493
1977-03-11;0.00978868;0.00991443
1977-03-14;0.00344377;0.00381938
1977-03-15;-0.01193342;-0.01180822
1977-03-16;0.00427503;0.00440161
1977-03-17;-0.00041384;-0.00028727
1977-03-18;-0.00218153;-0.00205578
1977-03-21;-0.00578012;-0.00540532
1977-03-22;-0.00165968;-0.00153475
1977-03-23;-0.00406264;-0.00393826
1977-03-24;-0.00370003;-0.00357428
1977-03-25;-0.00499932;-0.00487274
1977-03-28;-0.00068586;-0.00030860
1977-03-29;0.00501484;0.00514060
1977-03-30;-0.00491675;-0.00479154
1977-03-31;0.00164653;0.00177091
1977-04-01;0.00355090;0.00367528
1977-04-04;-0.00531874;-0.00494477
1977-04-05;-0.00501146;-0.00488543
1977-04-06;-0.00980631;-0.00968084
1977-04-07;0.00353261;0.00365809
1977-04-08;-0.00484403;-0.00471855
1977-04-11;0.00231295;0.00268775
1977-04-12;0.01207631;0.01220206
1977-04-13;0.00423007;0.00435527
1977-04-14;0.00835411;0.00847795
1977-04-15;0.00102306;0.00114690
1977-04-18;-0.00285071;-0.00248002
1977-04-19;-0.00110487;-0.00098104
1977-04-20;0.00556156;0.00568485
1977-04-21;0.00087537;0.00099811
1977-04-22;-0.00291883;-0.00279472
1977-04-25;-0.00693030;-0.00655797
1977-04-26;-0.00558309;-0.00545980
1977-04-27;0.00327281;0.00339473
1977-04-28;0.00068551;0.00080579
1977-04-29;0.00166358;0.00179207
1977-05-02;0.00006507;0.00045548
1977-05-03;0.00000000;0.00013014
1977-05-04;0.00000000;0.00012849
1977-05-05;0.00000000;0.00012986
1977-05-06;0.00019726;0.00032877
1977-05-09;0.00000000;0.00039534
1977-05-10;0.00000000;0.00013534
1977-05-11;0.00000000;0.00013808
1977-05-12;0.00000000;0.00013699
1977-05-13;0.00000000;0.00013671
1977-05-16;0.00000000;0.00041014
1977-05-17;0.00000000;0.00013699
1977-05-18;0.00000000;0.00013644
1977-05-19;0.00000000;0.00013945
1977-05-20;0.00000000;0.00014164
1977-05-23;0.00000000;0.00042164
1977-05-24;0.00000000;0.00013973
1977-05-25;0.00000000;0.00013863
1977-05-26;0.00000000;0.00013781
1977-05-27;0.00000000;0.00013671
1977-05-30;0.00000000;0.00041014
1977-05-31;0.00020671;0.00034452
1977-06-01;0.00000000;0.00013808
1977-06-02;0.00000000;0.00013808
1977-06-03;0.00000000;0.00013753
1977-06-06;0.00000000;0.00041425
1977-06-07;0.00000000;0.00013836
1977-06-08;0.00000000;0.00013863
1977-06-09;0.00000000;0.00013918
1977-06-10;0.00000000;0.00013863
1977-06-13;0.00000000;0.00041342
1977-06-14;0.00000000;0.00013726
1977-06-15;0.00000000;0.00013753
1977-06-16;0.00000000;0.00013753
1977-06-17;0.00000000;0.00013671
1977-06-20;0.00000000;0.00041178
1977-06-21;0.00000000;0.00013781
1977-06-22;0.00000000;0.00013753
1977-06-23;0.00000000;0.00013753
1977-06-24;0.00000000;0.00013644
1977-06-27;0.00000000;0.00040521
1977-06-28;0.00000000;0.00013589
1977-06-29;0.00000000;0.00013616
1977-06-30;0.00000000;0.00013644
1977-07-01;0.00000000;0.00013753
1977-07-04;0.00000000;0.00041260
1977-07-05;0.00021041;0.00035068
1977-07-06;0.00000000;0.00014027
1977-07-07;0.00000000;0.00014000
1977-07-08;0.00000000;0.00014055
1977-07-11;0.00000000;0.00042247
1977-07-12;0.00000000;0.00014137
1977-07-13;0.00000000;0.00014137
1977-07-14;0.00000000;0.00014137
1977-07-15;0.00007096;0.00021288
1977-07-18;0.00000000;0.00042575
1977-07-19;0.00000000;0.00014301
1977-07-20;0.00000000;0.00014329
1977-07-21;0.00007164;0.00021493
1977-07-22;0.00000000;0.00014164
1977-07-25;0.00000000;0.00042411
1977-07-26;0.00000000;0.00014137
1977-07-27;0.00000000;0.00014384
1977-07-28;0.00000000;0.00014767
1977-07-29;0.00000000;0.00014795
1977-08-01;0.00000000;0.00043973
1977-08-02;0.00000000;0.00014795
1977-08-03;0.00000000;0.00014603
1977-08-04;0.00000000;0.00014658
1977-08-05;0.00000000;0.00014630
1977-08-08;0.00000000;0.00043726
1977-08-09;0.00000000;0.00015151
1977-08-10;0.00000000;0.00014959
1977-08-11;0.00000000;0.00015123
1977-08-12;0.00000000;0.00015096
1977-08-15;0.00000000;0.00045534
1977-08-16;0.00000000;0.00015534
1977-08-17;0.00000000;0.00015342
1977-08-18;0.00000000;0.00015151
1977-08-19;0.00000000;0.00015014
1977-08-22;0.00000000;0.00044959
1977-08-23;0.00000000;0.00015205
1977-08-24;0.00000000;0.00015205
1977-08-25;0.00000000;0.00015151
1977-08-26;0.00000000;0.00015178
1977-08-29;0.00000000;0.00045781
1977-08-30;0.00000000;0.00015315
1977-08-31;0.00000000;0.00015233
1977-09-01;0.00000000;0.00015233
1977-09-02;0.00000000;0.00015151
1977-09-05;0.00000000;0.00045452
1977-09-06;0.00022932;0.00038219
1977-09-07;0.00000000;0.00015342
1977-09-08;0.00000000;0.00015370
1977-09-09;0.00000000;0.00015890
1977-09-12;0.00000000;0.00047836
1977-09-13;0.00000000;0.00016164
1977-09-14;0.00000000;0.00016082
1977-09-15;0.00000000;0.00016082
1977-09-16;0.00008027;0.00024082
1977-09-19;0.00000000;0.00048164
1977-09-20;0.00000000;0.00016082
1977-09-21;0.00000000;0.00016082
1977-09-22;0.00000000;0.00016329
1977-09-23;0.00000000;0.00016301
1977-09-26;0.00008178;0.00057247
1977-09-27;0.00000000;0.00016219
1977-09-28;0.00000000;0.00016055
1977-09-29;0.00000000;0.00015973
1977-09-30;0.00000000;0.00016137
1977-10-03;0.00000000;0.00048904
1977-10-04;0.00000000;0.00016712
1977-10-05;0.00000000;0.00016795
1977-10-06;0.00000000;0.00016795
1977-10-07;0.00000000;0.00016767
1977-10-10;0.00000000;0.00050301
1977-10-11;0.00025767;0.00042945
1977-10-12;0.00000000;0.00017425
1977-10-13;0.00000000;0.00017425
1977-10-14;0.00000000;0.00017233
1977-10-17;0.00000000;0.00051616
1977-10-18;0.00000000;0.00017205
1977-10-19;0.00000000;0.00016822
1977-10-20;0.00000000;0.00016685
1977-10-21;0.00000000;0.00016658
1977-10-24;0.00000000;0.00050384
1977-10-25;0.00000000;0.00016849
1977-10-26;0.00000000;0.00016712
1977-10-27;0.00000000;0.00016575
1977-10-28;0.00000000;0.00016466
1977-10-31;-0.00065000;-0.00014205
1977-11-01;-0.00213388;-0.00196347
1977-11-02;-0.01669584;-0.01652543
1977-11-03;0.00037943;0.00054929
1977-11-04;0.00471792;0.00488696
1977-11-07;0.00336434;0.00387064
1977-11-08;0.00069659;0.00086536
1977-11-09;-0.00212026;-0.00195177
1977-11-10;0.00895437;0.00912232
1977-11-11;0.00317377;0.00334172
1977-11-14;-0.00394452;-0.00344397
1977-11-15;0.00861031;0.00877744
1977-11-16;-0.00712985;-0.00696300
1977-11-17;-0.00656281;-0.00639705
1977-11-18;-0.00610398;-0.00593850
1977-11-21;-0.00092425;-0.00042535
1977-11-22;0.00348731;0.00365389
1977-11-23;0.00399509;0.00416085
1977-11-24;-0.02201365;-0.02184790
1977-11-25;-0.01251968;-0.01235420
1977-11-28;-0.00386345;-0.00336701
1977-11-29;0.01657234;0.01673810
1977-11-30;0.00411890;0.00428438
1977-12-01;0.00409001;0.00425522
1977-12-02;0.00127001;0.00143494
1977-12-05;-0.00261233;-0.00211836
1977-12-06;-0.00869328;-0.00852697
1977-12-07;-0.00224489;-0.00207777
1977-12-08;-0.00643855;-0.00627197
1977-12-09;0.00638882;0.00655513
1977-12-12;-0.00061144;-0.00011253
1977-12-13;-0.00408863;-0.00392288
1977-12-14;-0.00082083;-0.00065508
1977-12-15;0.00046613;0.00063079
1977-12-16;-0.00220813;-0.00204402
1977-12-19;-0.00429565;-0.00380661
1977-12-20;0.01063871;0.01080337
1977-12-21;0.00185464;0.00201902
1977-12-22;0.00338844;0.00355584
1977-12-23;0.00931923;0.00948636
1977-12-26;-0.00410749;-0.00360612
1977-12-27;0.00042288;0.00059165
1977-12-28;-0.00208100;-0.00191141
1977-12-29;0.00083168;0.00100072
1977-12-30;0.00067277;0.00084072
1978-01-03;-0.01414445;-0.01346719
1978-01-04;-0.00126952;-0.00110076
1978-01-05;0.00318381;0.00335367
1978-01-06;-0.00282469;-0.00265346
1978-01-09;-0.00388145;-0.00333570
1978-01-10;-0.00536946;-0.00518727
1978-01-11;-0.00131896;-0.00113594
1978-01-12;-0.00085929;-0.00067956
1978-01-13;0.00259969;0.00277723
1978-01-16;-0.00343559;-0.00290463
1978-01-17;0.00312217;0.00330025
1978-01-18;0.00600314;0.00618122
1978-01-19;-0.00247421;-0.00229667
1978-01-20;-0.00149178;-0.00131424
1978-01-23;-0.00591317;-0.00538468
1978-01-24;-0.00213868;-0.00196224
1978-01-25;-0.00125098;-0.00107399
1978-01-26;-0.00328285;-0.00310669
1978-01-27;0.00050924;0.00068513
1978-01-30;0.00864090;0.00916940
1978-01-31;0.00267938;0.00285527
1978-02-01;0.00625344;0.00642906
1978-02-02;0.00062960;0.00080549
1978-02-03;-0.00362435;-0.00344846
1978-02-06;-0.00081349;-0.00028336
1978-02-07;0.00429237;0.00446936
1978-02-08;0.00388621;0.00406265
1978-02-09;-0.00275643;-0.00258027
1978-02-10;-0.00174422;-0.00156778
1978-02-13;-0.00041887;0.00011045
1978-02-14;-0.00688110;-0.00670384
1978-02-15;-0.00248945;-0.00231137
1978-02-16;-0.00368665;-0.00350829
1978-02-17;-0.00530746;-0.00513074
1978-02-20;-0.00053589;-0.00000575
1978-02-21;-0.00469257;-0.00451449
1978-02-22;0.00197877;0.00215603
1978-02-23;0.00213209;0.00230826
1978-02-24;0.00639128;0.00656662
1978-02-27;0.00491088;0.00543690
1978-02-28;-0.00400207;-0.00382618
1978-03-01;-0.00047263;-0.00029674
1978-03-02;0.00088614;0.00106120
1978-03-03;0.00287703;0.00305073
1978-03-06;-0.00749673;-0.00697728
1978-03-07;0.00356537;0.00373852
1978-03-08;0.00078580;0.00095813
1978-03-09;-0.00115525;-0.00098402
1978-03-10;0.00876760;0.00893965
1978-03-13;0.00599445;0.00650979
1978-03-14;0.00147210;0.00164470
1978-03-15;-0.00053558;-0.00036380
1978-03-16;0.00378704;0.00395828
1978-03-17;0.00302172;0.00319267
1978-03-20;0.00094580;0.00145210
1978-03-21;-0.01151344;-0.01134303
1978-03-22;-0.00158139;-0.00141098
1978-03-23;-0.00144085;-0.00126989
1978-03-24;-0.00098931;-0.00081836
1978-03-27;0.00192307;0.00243924
1978-03-28;0.00743855;0.00761061
1978-03-29;0.00437937;0.00455142
1978-03-30;-0.00048634;-0.00031182
1978-03-31;0.00207312;0.00225038
1978-04-03;-0.00632769;-0.00580906
1978-04-04;0.00663337;0.00680844
1978-04-05;0.00860549;0.00878138
1978-04-06;-0.00202270;-0.00184709
1978-04-07;0.00075551;0.00092921
1978-04-10;-0.00061105;-0.00008996
1978-04-11;-0.00287533;-0.00270136
1978-04-12;0.00040963;0.00058305
1978-04-13;0.00479318;0.00496551
1978-04-14;0.01390984;0.01407806
1978-04-17;0.01145608;0.01195745
1978-04-18;-0.00646195;-0.00629346
1978-04-19;0.00403408;0.00420723
1978-04-20;0.00279273;0.00296533
1978-04-21;-0.00540045;-0.00522922
1978-04-24;0.00820765;0.00870820
1978-04-25;0.00499721;0.00516762
1978-04-26;0.00246595;0.00263718
1978-04-27;-0.00731979;-0.00714527
1978-04-28;0.00585059;0.00602456
1978-05-01;0.00000000;0.00051863
1978-05-02;0.00000000;0.00017699
1978-05-03;0.00000000;0.00017507
1978-05-04;0.00000000;0.00017342
1978-05-05;0.00000000;0.00017616
1978-05-08;0.00026137;0.00078411
1978-05-09;0.00000000;0.00017671
1978-05-10;0.00000000;0.00017507
1978-05-11;0.00000000;0.00017315
1978-05-12;0.00000000;0.00017342
1978-05-15;0.00000000;0.00051370
1978-05-16;0.00000000;0.00017370
1978-05-17;0.00000000;0.00017205
1978-05-18;0.00000000;0.00017397
1978-05-19;0.00000000;0.00017507
1978-05-22;0.00000000;0.00052767
1978-05-23;0.00000000;0.00017753
1978-05-24;0.00000000;0.00017836
1978-05-25;0.00000000;0.00017808
1978-05-26;0.00000000;0.00018164
1978-05-29;0.00000000;0.00054493
1978-05-30;0.00027247;0.00045411
1978-05-31;0.00000000;0.00018219
1978-06-01;0.00000000;0.00018110
1978-06-02;0.00000000;0.00018055
1978-06-05;0.00000000;0.00054164
1978-06-06;0.00000000;0.00018110
1978-06-07;0.00000000;0.00018192
1978-06-08;0.00000000;0.00018164
1978-06-09;0.00000000;0.00018219
1978-06-12;0.00000000;0.00054411
1978-06-13;0.00000000;0.00018164
1978-06-14;0.00000000;0.00018164
1978-06-15;0.00000000;0.00018247
1978-06-16;0.00000000;0.00018411
1978-06-19;0.00000000;0.00054986
1978-06-20;0.00000000;0.00018466
1978-06-21;0.00000000;0.00018740
1978-06-22;0.00000000;0.00018658
1978-06-23;0.00000000;0.00018795
1978-06-26;0.00000000;0.00056548
1978-06-27;0.00000000;0.00019014
1978-06-28;0.00000000;0.00018849
1978-06-29;0.00000000;0.00018959
1978-06-30;0.00000000;0.00019205
1978-07-03;0.00000000;0.00057123
1978-07-04;0.00000000;0.00019041
1978-07-05;0.00009685;0.00029055
1978-07-06;0.00000000;0.00019342
1978-07-07;0.00000000;0.00019534
1978-07-10;0.00000000;0.00058849
1978-07-11;0.00000000;0.00019726
1978-07-12;0.00000000;0.00019699
1978-07-13;0.00000000;0.00019671
1978-07-14;0.00000000;0.00019370
1978-07-17;0.00000000;0.00057452
1978-07-18;0.00000000;0.00019425
1978-07-19;0.00000000;0.00019342
1978-07-20;0.00000000;0.00019370
1978-07-21;0.00009616;0.00028849
1978-07-24;0.00000000;0.00056137
1978-07-25;0.00000000;0.00018959
1978-07-26;0.00000000;0.00018904
1978-07-27;0.00000000;0.00018521
1978-07-28;0.00000000;0.00018466
1978-07-31;0.00000000;0.00055562
1978-08-01;0.00000000;0.00018849
1978-08-02;0.00000000;0.00018521
1978-08-03;0.00000000;0.00018630
1978-08-04;0.00000000;0.00018575
1978-08-07;0.00000000;0.00055562
1978-08-08;0.00000000;0.00018411
1978-08-09;0.00000000;0.00018466
1978-08-10;0.00000000;0.00018767
1978-08-11;0.00000000;0.00018795
1978-08-14;0.00000000;0.00056548
1978-08-15;0.00000000;0.00019151
1978-08-16;0.00000000;0.00019836
1978-08-17;0.00000000;0.00019699
1978-08-18;0.00000000;0.00020000
1978-08-21;0.00000000;0.00059671
1978-08-22;0.00000000;0.00019945
1978-08-23;0.00000000;0.00019781
1978-08-24;0.00000000;0.00019836
1978-08-25;0.00000000;0.00019836
1978-08-28;0.00000000;0.00060247
1978-08-29;0.00000000;0.00020411
1978-08-30;0.00000000;0.00020493
1978-08-31;0.00000000;0.00020658
1978-09-01;0.00000000;0.00021096
1978-09-04;0.00000000;0.00063288
1978-09-05;0.00031110;0.00051849
1978-09-06;0.00000000;0.00020767
1978-09-07;0.00000000;0.00020795
1978-09-08;0.00000000;0.00021014
1978-09-11;0.00000000;0.00063370
1978-09-12;0.00000000;0.00021233
1978-09-13;0.00000000;0.00021260
1978-09-14;0.00000000;0.00021288
1978-09-15;0.00000000;0.00021589
1978-09-18;0.00010822;0.00075753
1978-09-19;0.00000000;0.00021781
1978-09-20;0.00000000;0.00022137
1978-09-21;0.00000000;0.00022027
1978-09-22;0.00000000;0.00022329
1978-09-25;0.00000000;0.00066493
1978-09-26;0.00000000;0.00021945
1978-09-27;0.00000000;0.00021616
1978-09-28;0.00000000;0.00021452
1978-09-29;0.00000000;0.00021863
1978-10-02;0.00000000;0.00065589
1978-10-03;0.00000000;0.00022356
1978-10-04;0.00000000;0.00022411
1978-10-05;0.00000000;0.00022438
1978-10-06;0.00000000;0.00022438
1978-10-09;0.00000000;0.00067315
1978-10-10;0.00000000;0.00022493
1978-10-11;0.00011082;0.00033247
1978-10-12;0.00000000;0.00021315
1978-10-13;0.00000000;0.00021425
1978-10-16;0.00000000;0.00064767
1978-10-17;0.00000000;0.00022329
1978-10-18;0.00000000;0.00021753
1978-10-19;0.00000000;0.00021233
1978-10-20;0.00000000;0.00021233
1978-10-23;0.00000000;0.00061808
1978-10-24;0.00000000;0.00021288
1978-10-25;0.00000000;0.00020658
1978-10-26;0.00000000;0.00021260
1978-10-27;0.00000000;0.00021726
1978-10-30;0.00000000;0.00069616
1978-10-31;-0.00065000;-0.00041027
1978-11-01;0.01703175;0.01727421
1978-11-02;-0.00464695;-0.00440695
1978-11-03;0.00571871;0.00595980
1978-11-06;-0.00246224;-0.00173567
1978-11-07;-0.00662904;-0.00638685
1978-11-08;0.00412688;0.00437319
1978-11-09;-0.00121558;-0.00097393
1978-11-10;0.00330036;0.00353351
1978-11-13;-0.00890662;-0.00823018
1978-11-14;-0.00621837;-0.00599097
1978-11-15;-0.00262403;-0.00240430
1978-11-16;0.00681990;0.00704374
1978-11-17;0.00476797;0.00498660
1978-11-20;0.00473343;0.00540823
1978-11-21;-0.00071659;-0.00047467
1978-11-22;0.00420641;0.00444285
1978-11-24;0.00168768;0.00217316
1978-11-27;-0.00019946;0.00053698
1978-11-28;-0.00748369;-0.00723383
1978-11-29;-0.00747860;-0.00723257
1978-11-30;0.00655413;0.00680098
1978-12-01;0.01105631;0.01129878
1978-12-04;0.00306813;0.00380375
1978-12-05;0.00614001;0.00638521
1978-12-06;-0.00013430;0.00010926
1978-12-07;-0.00156849;-0.00132465
1978-12-08;-0.00136355;-0.00111835
1978-12-11;0.00356046;0.00429443
1978-12-12;-0.00437685;-0.00413411
1978-12-13;-0.00150832;-0.00126503
1978-12-14;-0.00144215;-0.00119831
1978-12-15;-0.00835046;-0.00810169
1978-12-18;-0.01498301;-0.01422191
1978-12-19;0.00443303;0.00468536
1978-12-20;0.00135628;0.00160970
1978-12-21;-0.00859220;-0.00833768
1978-12-22;0.00913489;0.00939160
1978-12-25;-0.00008592;0.00068422
1978-12-26;0.00918359;0.00944003
1978-12-27;-0.00015043;0.00010135
1978-12-28;-0.00031549;-0.00006343
1978-12-29;-0.00113846;-0.00088476
1979-01-02;0.00541204;0.00644327
1979-01-03;0.01080473;0.01105980
1979-01-04;0.00703493;0.00729000
1979-01-05;0.00507419;0.00533008
1979-01-08;-0.00206160;-0.00129229
1979-01-09;0.00277269;0.00302666
1979-01-10;-0.00149063;-0.00123721
1979-01-11;0.00272742;0.00298167
1979-01-12;0.00369417;0.00395034
1979-01-15;0.00682368;0.00759957
1979-01-16;-0.00599915;-0.00574052
1979-01-17;-0.00066834;-0.00040971
1979-01-18;0.00051568;0.00077486
1979-01-19;-0.00014506;0.00011248
1979-01-22;0.00010046;0.00086813
1979-01-23;0.00475064;0.00500708
1979-01-24;-0.00040856;-0.00015240
1979-01-25;0.00543293;0.00568855
1979-01-26;0.00329639;0.00355228
1979-01-29;0.00026707;0.00103557
1979-01-30;-0.00321916;-0.00296519
1979-01-31;-0.00364018;-0.00338566
1979-02-01;-0.00113376;-0.00088034
1979-02-02;-0.00358046;-0.00332703
1979-02-05;-0.01095206;-0.01019754
1979-02-06;-0.00482318;-0.00457085
1979-02-07;-0.00390298;-0.00364955
1979-02-08;0.00182927;0.00208242
1979-02-09;-0.00438401;-0.00412894
1979-02-12;0.00260086;0.00336607
1979-02-13;0.00238414;0.00263866
1979-02-14;0.00254447;0.00279844
1979-02-15;0.00241040;0.00266410
1979-02-16;0.00164966;0.00190418
1979-02-19;-0.00141217;-0.00064861
1979-02-20;0.00281631;0.00307330
1979-02-21;-0.00355223;-0.00329415
1979-02-22;-0.00330072;-0.00304291
1979-02-23;-0.00509547;-0.00483684
1979-02-26;-0.00067318;0.00010435
1979-02-27;-0.01010183;-0.00984238
1979-02-28;0.00114506;0.00140397
1979-03-01;-0.00505235;-0.00479481
1979-03-02;-0.00011776;0.00014005
1979-03-05;0.00829836;0.00907096
1979-03-06;-0.00300708;-0.00274899
1979-03-07;0.00469113;0.00494921
1979-03-08;0.00625574;0.00651382
1979-03-09;0.00094116;0.00120198
1979-03-12;0.00149064;0.00227229
1979-03-13;0.00023736;0.00049791
1979-03-14;-0.00176303;-0.00150221
1979-03-15;-0.00145087;-0.00119087
1979-03-16;0.00399433;0.00425515
1979-03-19;0.00139095;0.00217178
1979-03-20;-0.00104991;-0.00078908
1979-03-21;0.00719885;0.00746077
1979-03-22;0.00353878;0.00380070
1979-03-23;-0.00018392;0.00007772
1979-03-26;-0.00175790;-0.00097379
1979-03-27;0.00747201;0.00773201
1979-03-28;-0.00207564;-0.00181729
1979-03-29;0.00156921;0.00182647
1979-03-30;-0.00258382;-0.00232519
1979-04-02;-0.00785233;-0.00706822
1979-04-03;0.00274270;0.00300352
1979-04-04;0.00129930;0.00155930
1979-04-05;0.00352237;0.00378237
1979-04-06;-0.00057047;-0.00030746
1979-04-09;-0.00552264;-0.00473195
1979-04-10;-0.00506415;-0.00479703
1979-04-11;0.00463370;0.00490000
1979-04-12;0.00053266;0.00079814
1979-04-13;0.00708887;0.00735435
1979-04-16;-0.00557634;-0.00478237
1979-04-17;-0.00223839;-0.00197811
1979-04-18;0.00037110;0.00062562
1979-04-19;-0.00180664;-0.00155185
1979-04-20;0.00263721;0.00289228
1979-04-23;0.00235525;0.00311142
1979-04-24;0.00437364;0.00462295
1979-04-25;0.00444331;0.00469180
1979-04-26;-0.00141417;-0.00116376
1979-04-27;0.00073463;0.00099929
1979-04-30;-0.00183443;-0.00104868
1979-05-01;0.00039041;0.00065068
1979-05-02;0.00000000;0.00026164
1979-05-03;0.00000000;0.00026329
1979-05-04;0.00013260;0.00039781
1979-05-07;0.00000000;0.00079397
1979-05-08;0.00000000;0.00026466
1979-05-09;0.00000000;0.00026411
1979-05-10;0.00000000;0.00026411
1979-05-11;0.00000000;0.00026192
1979-05-14;0.00000000;0.00078493
1979-05-15;0.00000000;0.00026301
1979-05-16;0.00000000;0.00026219
1979-05-17;0.00000000;0.00026219
1979-05-18;0.00000000;0.00026630
1979-05-21;0.00000000;0.00080301
1979-05-22;0.00000000;0.00026575
1979-05-23;0.00000000;0.00026493
1979-05-24;0.00000000;0.00026110
1979-05-25;0.00000000;0.00026137
1979-05-28;0.00000000;0.00078411
1979-05-29;0.00039247;0.00065411
1979-05-30;0.00000000;0.00026164
1979-05-31;0.00000000;0.00026219
1979-06-01;0.00000000;0.00026082
1979-06-04;0.00000000;0.00078411
1979-06-05;0.00000000;0.00025863
1979-06-06;0.00000000;0.00025616
1979-06-07;0.00000000;0.00025452
1979-06-08;0.00000000;0.00025151
1979-06-11;0.00000000;0.00074466
1979-06-12;0.00000000;0.00024329
1979-06-13;0.00000000;0.00024301
1979-06-14;0.00000000;0.00024384
1979-06-15;0.00000000;0.00025068
1979-06-18;0.00000000;0.00073562
1979-06-19;0.00000000;0.00024575
1979-06-20;0.00000000;0.00024493
1979-06-21;0.00000000;0.00024548
1979-06-22;0.00000000;0.00024630
1979-06-25;0.00000000;0.00071918
1979-06-26;0.00000000;0.00024000
1979-06-27;0.00000000;0.00024137
1979-06-28;0.00000000;0.00024384
1979-06-29;0.00000000;0.00024521
1979-07-02;0.00000000;0.00073397
1979-07-03;0.00000000;0.00024822
1979-07-04;0.00000000;0.00024822
1979-07-05;0.00012589;0.00037767
1979-07-06;0.00000000;0.00025205
1979-07-09;0.00000000;0.00076110
1979-07-10;0.00000000;0.00025534
1979-07-11;0.00000000;0.00025397
1979-07-12;0.00000000;0.00025370
1979-07-13;0.00000000;0.00025479
1979-07-16;0.00000000;0.00076932
1979-07-17;0.00000000;0.00025425
1979-07-18;0.00000000;0.00025342
1979-07-19;0.00000000;0.00025370
1979-07-20;0.00000000;0.00025808
1979-07-23;0.00000000;0.00077589
1979-07-24;0.00000000;0.00025699
1979-07-25;0.00000000;0.00025260
1979-07-26;0.00000000;0.00025014
1979-07-27;0.00000000;0.00025288
1979-07-30;0.00000000;0.00074712
1979-07-31;0.00000000;0.00025151
1979-08-01;0.00000000;0.00025096
1979-08-02;0.00000000;0.00025562
1979-08-03;0.00000000;0.00025699
1979-08-06;0.00000000;0.00076767
1979-08-07;0.00000000;0.00025753
1979-08-08;0.00000000;0.00025753
1979-08-09;0.00000000;0.00025753
1979-08-10;0.00000000;0.00025918
1979-08-13;0.00000000;0.00077836
1979-08-14;0.00000000;0.00026000
1979-08-15;0.00000000;0.00026164
1979-08-16;0.00000000;0.00026082
1979-08-17;0.00000000;0.00026247
1979-08-20;0.00000000;0.00078082
1979-08-21;0.00000000;0.00026137
1979-08-22;0.00000000;0.00026192
1979-08-23;0.00000000;0.00026110
1979-08-24;0.00000000;0.00026411
1979-08-27;0.00000000;0.00079315
1979-08-28;0.00000000;0.00026685
1979-08-29;0.00000000;0.00026767
1979-08-30;0.00000000;0.00026712
1979-08-31;0.00000000;0.00026877
1979-09-03;0.00000000;0.00080630
1979-09-04;0.00041178;0.00068630
1979-09-05;0.00000000;0.00027589
1979-09-06;0.00000000;0.00028137
1979-09-07;0.00000000;0.00028548
1979-09-10;0.00000000;0.00086712
1979-09-11;0.00000000;0.00028630
1979-09-12;0.00000000;0.00028630
1979-09-13;0.00000000;0.00028767
1979-09-14;0.00000000;0.00028192
1979-09-17;0.00000000;0.00085233
1979-09-18;0.00000000;0.00028493
1979-09-19;0.00000000;0.00027945
1979-09-20;0.00000000;0.00027973
1979-09-21;0.00000000;0.00027671
1979-09-24;0.00000000;0.00082438
1979-09-25;0.00041342;0.00068904
1979-09-26;0.00000000;0.00028000
1979-09-27;0.00000000;0.00028164
1979-09-28;0.00000000;0.00027726
1979-10-01;0.00000000;0.00083425
1979-10-02;0.00000000;0.00028411
1979-10-03;0.00000000;0.00028466
1979-10-04;0.00000000;0.00028932
1979-10-05;0.00000000;0.00029315
1979-10-08;0.00000000;0.00087945
1979-10-09;0.00000000;0.00032384
1979-10-10;0.00000000;0.00032164
1979-10-11;0.00015849;0.00047548
1979-10-12;0.00000000;0.00031096
1979-10-15;0.00000000;0.00095342
1979-10-16;0.00000000;0.00032438
1979-10-17;0.00000000;0.00032027
1979-10-18;0.00000000;0.00033014
1979-10-19;0.00000000;0.00033890
1979-10-22;0.00000000;0.00105534
1979-10-23;0.00000000;0.00035644
1979-10-24;0.00000000;0.00034849
1979-10-25;0.00000000;0.00034329
1979-10-26;0.00000000;0.00032630
1979-10-29;0.00000000;0.00098795
1979-10-30;0.00000000;0.00033096
1979-10-31;-0.00065000;-0.00031795
1979-11-01;0.00335064;0.00368105
1979-11-02;-0.00211116;-0.00178103
1979-11-05;-0.00450026;-0.00350902
1979-11-06;-0.00114828;-0.00081787
1979-11-07;-0.01340306;-0.01306115
1979-11-08;0.00357746;0.00391828
1979-11-09;0.00670660;0.00703537
1979-11-12;0.00974543;0.01073173
1979-11-13;-0.00410442;-0.00377401
1979-11-14;0.00282206;0.00314918
1979-11-15;0.00001804;0.00033859
1979-11-16;-0.00081997;-0.00049367
1979-11-19;0.00017808;0.00116356
1979-11-20;-0.00380206;-0.00347548
1979-11-21;-0.00408394;-0.00376038
1979-11-22;0.00363416;0.00395772
1979-11-23;0.00719342;0.00750411
1979-11-26;0.01391657;0.01482479
1979-11-27;-0.00068300;-0.00037917
1979-11-28;0.00249028;0.00280261
1979-11-29;0.00148015;0.00178892
1979-11-30;-0.00263366;-0.00231887
1979-12-03;-0.00056651;0.00040582
1979-12-04;0.00514794;0.00546794
1979-12-05;0.00337433;0.00369323
1979-12-06;0.00281506;0.00313424
1979-12-07;-0.00575107;-0.00542422
1979-12-10;-0.00101383;-0.00002014
1979-12-11;-0.00180687;-0.00147015
1979-12-12;0.00423533;0.00458054
1979-12-13;-0.00022992;0.00011035
1979-12-14;0.00670863;0.00704561
1979-12-17;-0.00055214;0.00045388
1979-12-18;-0.00603719;-0.00570376
1979-12-19;-0.00088792;-0.00056162
1979-12-20;0.00373341;0.00405944
1979-12-21;-0.00267569;-0.00234473
1979-12-24;-0.00034555;0.00064486
1979-12-25;0.00126869;0.00159883
1979-12-26;-0.00093603;-0.00060727
1979-12-27;0.00032144;0.00064938
1979-12-28;0.00222809;0.00255467
1979-12-31;-0.00006804;0.00092155
1980-01-02;-0.02086709;-0.02020024
1980-01-03;-0.00543932;-0.00510782
1980-01-04;0.00512977;0.00546128
1980-01-07;-0.00019170;0.00078310
1980-01-08;0.01050425;0.01082699
1980-01-09;0.00230980;0.00263199
1980-01-10;0.00370118;0.00401488
1980-01-11;0.00144266;0.00176485
1980-01-14;0.00444207;0.00541522
1980-01-15;0.00655818;0.00688339
1980-01-16;-0.00120386;-0.00088003
1980-01-17;-0.00167645;-0.00134933
1980-01-18;0.00081276;0.00114345
1980-01-21;0.00490183;0.00590704
1980-01-22;-0.00159257;-0.00125941
1980-01-23;0.00904077;0.00937008
1980-01-24;0.00474987;0.00508330
1980-01-25;0.00080555;0.00114226
1980-01-28;0.00414751;0.00514860
1980-01-29;-0.00319980;-0.00286391
1980-01-30;0.00504494;0.00537727
1980-01-31;-0.00546730;-0.00513854
1980-02-01;0.00456962;0.00490305
1980-02-04;-0.00302548;-0.00204082
1980-02-05;-0.00120969;-0.00087490
1980-02-06;0.00689235;0.00722276
1980-02-07;0.00174483;0.00207141
1980-02-08;0.00835004;0.00868073
1980-02-11;-0.00804702;-0.00704263
1980-02-12;0.00387207;0.00420687
1980-02-13;0.00253589;0.00286958
1980-02-14;-0.00731499;-0.00697992
1980-02-15;-0.00685250;-0.00650181
1980-02-18;-0.01147272;-0.01042067
1980-02-19;-0.00340087;-0.00303375
1980-02-20;0.01096562;0.01133000
1980-02-21;-0.00764540;-0.00727773
1980-02-22;-0.00091434;-0.00054777
1980-02-25;-0.01091347;-0.00979155
1980-02-26;0.00160801;0.00198746
1980-02-27;-0.00458732;-0.00420814
1980-02-28;-0.00296758;-0.00259580
1980-02-29;0.00699377;0.00737761
1980-03-03;-0.00422254;-0.00298966
1980-03-04;-0.00029787;0.00011720
1980-03-05;-0.00657486;-0.00615377
1980-03-06;-0.01585493;-0.01542479
1980-03-07;-0.01671604;-0.01628782
1980-03-10;-0.01199106;-0.01073682
1980-03-11;0.00772926;0.00815063
1980-03-12;0.00099430;0.00142169
1980-03-13;-0.00664793;-0.00623369
1980-03-14;-0.00215120;-0.00173339
1980-03-17;-0.01857630;-0.01737054
1980-03-18;0.00977894;0.01017949
1980-03-19;0.00111198;0.00150458
1980-03-20;-0.00611758;-0.00570607
1980-03-21;-0.00533082;-0.00491575
1980-03-24;-0.01646690;-0.01515759
1980-03-25;-0.00363365;-0.00319529
1980-03-26;-0.00265550;-0.00221906
1980-03-27;-0.00694376;-0.00652952
1980-03-28;0.01172420;0.01212830
1980-03-31;0.01202301;0.01319342
1980-04-01;-0.00404464;-0.00363285
1980-04-02;0.00666508;0.00707275
1980-04-03;0.00090853;0.00131867
1980-04-04;0.01084252;0.01125266
1980-04-07;-0.00716526;-0.00598088
1980-04-08;0.00059552;0.00099223
1980-04-09;0.01096571;0.01135776
1980-04-10;0.00596991;0.00636170
1980-04-11;-0.00018487;0.00019841
1980-04-14;-0.00155734;-0.00041981
1980-04-15;-0.00157708;-0.00119845
1980-04-16;-0.00828358;-0.00791372
1980-04-17;-0.00068651;-0.00031665
1980-04-18;-0.00191021;-0.00154857
1980-04-21;-0.00485083;-0.00378809
1980-04-22;0.01699283;0.01732845
1980-04-23;0.00441684;0.00474588
1980-04-24;0.00191211;0.00223841
1980-04-25;0.00876800;0.00909156
1980-04-28;-0.00073847;0.00016564
1980-04-29;0.00178638;0.00208063
1980-04-30;0.00035898;0.00064363
1980-05-01;0.00000000;0.00028384
1980-05-02;0.00000000;0.00026986
1980-05-05;0.00000000;0.00079397
1980-05-06;0.00039041;0.00065068
1980-05-07;0.00000000;0.00024603
1980-05-08;0.00000000;0.00023973
1980-05-09;0.00000000;0.00024137
1980-05-12;0.00000000;0.00070685
1980-05-13;0.00000000;0.00022685
1980-05-14;0.00000000;0.00022301
1980-05-15;0.00000000;0.00023589
1980-05-16;0.00000000;0.00024767
1980-05-19;0.00000000;0.00073068
1980-05-20;0.00000000;0.00022712
1980-05-21;0.00000000;0.00022082
1980-05-22;0.00000000;0.00021781
1980-05-23;0.00000000;0.00020658
1980-05-26;0.00000000;0.00061973
1980-05-27;0.00030904;0.00051507
1980-05-28;0.00000000;0.00020986
1980-05-29;0.00000000;0.00021589
1980-05-30;0.00000000;0.00021233
1980-06-02;0.00000000;0.00064932
1980-06-03;0.00000000;0.00020849
1980-06-04;0.00000000;0.00020301
1980-06-05;0.00000000;0.00020164
1980-06-06;0.00000000;0.00019973
1980-06-09;0.00000000;0.00056466
1980-06-10;0.00000000;0.00018192
1980-06-11;0.00000000;0.00017260
1980-06-12;0.00000000;0.00016986
1980-06-13;0.00000000;0.00016932
1980-06-16;0.00000000;0.00052356
1980-06-17;0.00000000;0.00018466
1980-06-18;0.00000000;0.00019096
1980-06-19;0.00000000;0.00019123
1980-06-20;0.00000000;0.00018466
1980-06-23;0.00000000;0.00058685
1980-06-24;0.00000000;0.00020000
1980-06-25;0.00000000;0.00020329
1980-06-26;0.00000000;0.00020712
1980-06-27;0.00000000;0.00021096
1980-06-30;0.00000000;0.00064767
1980-07-01;0.00000000;0.00022027
1980-07-02;0.00000000;0.00021753
1980-07-03;0.00000000;0.00021397
1980-07-04;0.00000000;0.00021397
1980-07-07;0.00011288;0.00079014
1980-07-08;0.00000000;0.00022082
1980-07-09;0.00000000;0.00021836
1980-07-10;0.00000000;0.00021808
1980-07-11;0.00000000;0.00022384
1980-07-14;0.00000000;0.00067233
1980-07-15;0.00000000;0.00022055
1980-07-16;0.00000000;0.00021260
1980-07-17;0.00000000;0.00021808
1980-07-18;0.00000000;0.00021808
1980-07-21;0.00000000;0.00064603
1980-07-22;0.00000000;0.00021589
1980-07-23;0.00000000;0.00021452
1980-07-24;0.00000000;0.00021945
1980-07-25;0.00000000;0.00022055
1980-07-28;0.00000000;0.00067479
1980-07-29;0.00000000;0.00022740
1980-07-30;0.00000000;0.00022959
1980-07-31;0.00000000;0.00023616
1980-08-01;0.00000000;0.00023836
1980-08-04;0.00000000;0.00071014
1980-08-05;0.00000000;0.00023890
1980-08-06;0.00000000;0.00023425
1980-08-07;0.00000000;0.00022959
1980-08-08;0.00000000;0.00023616
1980-08-11;0.00000000;0.00072575
1980-08-12;0.00000000;0.00023671
1980-08-13;0.00000000;0.00023425
1980-08-14;0.00000000;0.00023151
1980-08-15;0.00000000;0.00023397
1980-08-18;0.00000000;0.00074877
1980-08-19;0.00000000;0.00025699
1980-08-20;0.00000000;0.00025507
1980-08-21;0.00000000;0.00026575
1980-08-22;0.00000000;0.00026137
1980-08-25;0.00000000;0.00080384
1980-08-26;0.00000000;0.00027233
1980-08-27;0.00000000;0.00027589
1980-08-28;0.00000000;0.00028274
1980-08-29;0.00000000;0.00027288
1980-09-01;0.00000000;0.00081863
1980-09-02;0.00040562;0.00067603
1980-09-03;0.00000000;0.00026685
1980-09-04;0.00000000;0.00026712
1980-09-05;0.00000000;0.00026767
1980-09-08;0.00000000;0.00083014
1980-09-09;0.00000000;0.00027507
1980-09-10;0.00000000;0.00027233
1980-09-11;0.00000000;0.00027781
1980-09-12;0.00000000;0.00028000
1980-09-15;0.00000000;0.00086055
1980-09-16;0.00042288;0.00070479
1980-09-17;0.00000000;0.00028329
1980-09-18;0.00000000;0.00027808
1980-09-19;0.00000000;0.00027479
1980-09-22;0.00000000;0.00086795
1980-09-23;0.00000000;0.00028301
1980-09-24;0.00013918;0.00041753
1980-09-25;0.00000000;0.00028384
1980-09-26;0.00000000;0.00029644
1980-09-29;0.00000000;0.00091890
1980-09-30;0.00000000;0.00031342
1980-10-01;0.00000000;0.00031370
1980-10-02;0.00000000;0.00031589
1980-10-03;0.00000000;0.00031041
1980-10-06;0.00000000;0.00091562
1980-10-07;0.00000000;0.00030959
1980-10-08;0.00000000;0.00031178
1980-10-09;0.00000000;0.00030521
1980-10-10;0.00000000;0.00030822
1980-10-13;0.00015411;0.00107877
1980-10-14;0.00000000;0.00030630
1980-10-15;0.00000000;0.00029890
1980-10-16;0.00000000;0.00030082
1980-10-17;0.00000000;0.00030685
1980-10-20;0.00000000;0.00092959
1980-10-21;0.00000000;0.00031890
1980-10-22;0.00000000;0.00032356
1980-10-23;0.00000000;0.00032301
1980-10-24;0.00000000;0.00032164
1980-10-27;0.00000000;0.00101178
1980-10-28;0.00000000;0.00034219
1980-10-29;0.00000000;0.00034301
1980-10-30;0.00000000;0.00034356
1980-10-31;-0.00065000;-0.00030178
1980-11-03;0.01122840;0.01231087
1980-11-04;-0.00056148;-0.00020066
1980-11-05;0.01039289;0.01076002
1980-11-06;-0.00875680;-0.00838694
1980-11-07;-0.00195165;-0.00159439
1980-11-10;0.00119707;0.00230501
1980-11-11;0.00425105;0.00462037
1980-11-12;0.01339749;0.01375859
1980-11-13;0.00701681;0.00737544
1980-11-14;0.00240891;0.00277576
1980-11-17;-0.00131721;-0.00015091
1980-11-18;0.00503957;0.00541464
1980-11-19;-0.00031292;0.00006297
1980-11-20;0.00378836;0.00417082
1980-11-21;-0.00560776;-0.00521543
1980-11-24;-0.00694098;-0.00575660
1980-11-25;0.00522849;0.00561643
1980-11-26;0.00548334;0.00587238
1980-11-27;-0.00235720;-0.00196816
1980-11-28;-0.00253572;-0.00213900
1980-12-01;-0.01041865;-0.00920960
1980-12-02;-0.00248568;-0.00207965
1980-12-03;-0.00148287;-0.00108123
1980-12-04;-0.00067120;-0.00026408
1980-12-05;-0.01031163;-0.00987766
1980-12-08;-0.01492633;-0.01356770
1980-12-09;-0.00166151;-0.00120343
1980-12-10;-0.01011337;-0.00965091
1980-12-11;-0.00795530;-0.00748571
1980-12-12;0.00626766;0.00672108
1980-12-15;0.00010473;0.00148309
1980-12-16;0.00356283;0.00402037
1980-12-17;0.00840929;0.00886052
1980-12-18;0.00177543;0.00221926
1980-12-19;0.00200685;0.00241589
1980-12-22;0.00586409;0.00708381
1980-12-23;-0.00409675;-0.00369976
1980-12-24;0.00305046;0.00345348
1980-12-25;-0.00184344;-0.00144043
1980-12-26;0.00436298;0.00475887
1980-12-29;-0.00680937;-0.00564389
1980-12-30;0.00072210;0.00110895
1980-12-31;0.00278372;0.00317550
1981-01-02;0.00346567;0.00426841
1981-01-05;0.01107463;0.01218586
1981-01-06;-0.00076452;-0.00039246
1981-01-07;-0.00697824;-0.00658098
1981-01-08;-0.00639948;-0.00599510
1981-01-09;0.00295921;0.00337565
1981-01-12;-0.00084819;0.00040277
1981-01-13;-0.00163100;-0.00121347
1981-01-14;0.00012078;0.00053393
1981-01-15;0.00519951;0.00561732
1981-01-16;0.00239493;0.00281000
1981-01-19;-0.00001533;0.00128248
1981-01-20;-0.01096098;-0.01054126
1981-01-21;0.00020495;0.00063536
1981-01-22;-0.00612668;-0.00569599
1981-01-23;-0.00231322;-0.00188308
1981-01-26;-0.00401001;-0.00274837
1981-01-27;0.00696685;0.00738328
1981-01-28;-0.00377462;-0.00336201
1981-01-29;-0.00520881;-0.00480141
1981-01-30;-0.00035556;0.00004416
1981-02-02;-0.00672902;-0.00550436
1981-02-03;0.00359810;0.00400495
1981-02-04;-0.00009671;0.00030521
1981-02-05;0.00295414;0.00335798
1981-02-06;0.00233536;0.00275509
1981-02-09;-0.00803967;-0.00676405
1981-02-10;0.00095229;0.00137585
1981-02-11;-0.00816521;-0.00773946
1981-02-12;-0.00339458;-0.00296882
1981-02-13;-0.00612478;-0.00569985
1981-02-16;-0.00706641;-0.00579162
1981-02-17;0.00078250;0.00119729
1981-02-18;0.00368539;0.00409690
1981-02-19;-0.01014564;-0.00974893
1981-02-20;-0.00196956;-0.00158354
1981-02-23;0.00147541;0.00264500
1981-02-24;0.00089286;0.00128053
1981-02-25;0.00477759;0.00516663
1981-02-26;0.00565789;0.00604529
1981-02-27;0.00595118;0.00634077
1981-03-02;0.00225261;0.00344604
1981-03-03;-0.00717807;-0.00678383
1981-03-04;0.00055874;0.00095573
1981-03-05;-0.00678142;-0.00638389
1981-03-06;-0.00160627;-0.00121476
1981-03-09;0.00284087;0.00400471
1981-03-10;-0.00356123;-0.00317794
1981-03-11;-0.00336774;-0.00298637
1981-03-12;0.00793963;0.00831388
1981-03-13;-0.00280189;-0.00243997
1981-03-16;0.01688283;0.01795297
1981-03-17;-0.00345473;-0.00309994
1981-03-18;0.00472909;0.00507018
1981-03-19;-0.00176926;-0.00143063
1981-03-20;0.00365938;0.00399801
1981-03-23;0.00997273;0.01102725
1981-03-24;-0.00242448;-0.00207270
1981-03-25;0.00923663;0.00958813
1981-03-26;-0.00469609;-0.00434075
1981-03-27;-0.00659379;-0.00623544
1981-03-30;-0.00230234;-0.00126672
1981-03-31;0.00808870;0.00843007
1981-04-01;0.00555062;0.00588953
1981-04-02;0.00056359;0.00090824
1981-04-03;-0.00311709;-0.00276174
1981-04-06;-0.00512452;-0.00397384
1981-04-07;0.00026296;0.00063638
1981-04-08;0.00448005;0.00485429
1981-04-09;-0.00014339;0.00022620
1981-04-10;0.00073290;0.00110523
1981-04-13;-0.00488676;-0.00375416
1981-04-14;-0.00359793;-0.00323163
1981-04-15;0.00166672;0.00204152
1981-04-16;-0.00125001;-0.00087220
1981-04-17;0.00232424;0.00270205
1981-04-20;0.00473296;0.00586310
1981-04-21;-0.00403462;-0.00366037
1981-04-22;0.00168229;0.00205435
1981-04-23;-0.00175165;-0.00137795
1981-04-24;0.00480319;0.00518812
1981-04-27;0.00363684;0.00481054
1981-04-28;-0.00228267;-0.00188843
1981-04-29;-0.00992576;-0.00953069
1981-04-30;0.00134221;0.00174933
1981-05-01;0.00000000;0.00040192
1981-05-04;0.00000000;0.00131589
1981-05-05;0.00000000;0.00045507
1981-05-06;0.00090521;0.00135781
1981-05-07;0.00000000;0.00045425
1981-05-08;0.00000000;0.00045151
1981-05-11;0.00000000;0.00136356
1981-05-12;0.00000000;0.00046411
1981-05-13;0.00000000;0.00046603
1981-05-14;0.00000000;0.00045671
1981-05-15;0.00000000;0.00045342
1981-05-18;0.00000000;0.00133151
1981-05-19;0.00000000;0.00045370
1981-05-20;0.00000000;0.00045479
1981-05-21;0.00000000;0.00046575
1981-05-22;0.00000000;0.00045699
1981-05-25;0.00000000;0.00137096
1981-05-26;0.00065466;0.00109110
1981-05-27;0.00000000;0.00043863
1981-05-28;0.00000000;0.00042137
1981-05-29;0.00000000;0.00041370
1981-06-01;0.00000000;0.00127397
1981-06-02;0.00000000;0.00042986
1981-06-03;0.00000000;0.00042849
1981-06-04;0.00000000;0.00043315
1981-06-05;0.00000000;0.00043370
1981-06-08;0.00000000;0.00124767
1981-06-09;0.00000000;0.00041123
1981-06-10;0.00000000;0.00040247
1981-06-11;0.00000000;0.00039890
1981-06-12;0.00000000;0.00039808
1981-06-15;0.00000000;0.00112767
1981-06-16;0.00000000;0.00037616
1981-06-17;0.00000000;0.00039014
1981-06-18;0.00000000;0.00041096
1981-06-19;0.00000000;0.00040740
1981-06-22;0.00000000;0.00118027
1981-06-23;0.00000000;0.00039726
1981-06-24;0.00000000;0.00040274
1981-06-25;0.00000000;0.00039014
1981-06-26;0.00000000;0.00038712
1981-06-29;0.00000000;0.00114575
1981-06-30;0.00000000;0.00039123
1981-07-01;0.00000000;0.00040137
1981-07-02;0.00000000;0.00039671
1981-07-03;0.00000000;0.00039671
1981-07-06;0.00019658;0.00137603
1981-07-07;0.00000000;0.00040795
1981-07-08;0.00000000;0.00041041
1981-07-09;0.00000000;0.00041452
1981-07-10;0.00000000;0.00040411
1981-07-13;0.00000000;0.00120000
1981-07-14;0.00000000;0.00040493
1981-07-15;0.00000000;0.00039589
1981-07-16;0.00000000;0.00039781
1981-07-17;0.00000000;0.00039534
1981-07-20;0.00000000;0.00127397
1981-07-21;0.00000000;0.00043068
1981-07-22;0.00000000;0.00042959
1981-07-23;0.00000000;0.00042466
1981-07-24;0.00000000;0.00041315
1981-07-27;0.00000000;0.00124192
1981-07-28;0.00000000;0.00041918
1981-07-29;0.00000000;0.00041589
1981-07-30;0.00000000;0.00040740
1981-07-31;0.00000000;0.00040740
1981-08-03;0.00000000;0.00127397
1981-08-04;0.00000000;0.00042411
1981-08-05;0.00000000;0.00042055
1981-08-06;0.00000000;0.00042082
1981-08-07;0.00000000;0.00042301
1981-08-10;0.00000000;0.00125096
1981-08-11;0.00000000;0.00040685
1981-08-12;0.00000000;0.00041863
1981-08-13;0.00000000;0.00042247
1981-08-14;0.00000000;0.00042466
1981-08-17;0.00000000;0.00129370
1981-08-18;0.00000000;0.00043068
1981-08-19;0.00000000;0.00042932
1981-08-20;0.00000000;0.00042795
1981-08-21;0.00000000;0.00042192
1981-08-24;0.00000000;0.00130274
1981-08-25;0.00000000;0.00043233
1981-08-26;0.00000000;0.00043370
1981-08-27;0.00000000;0.00043068
1981-08-28;0.00000000;0.00042137
1981-08-31;0.00000000;0.00127562
1981-09-01;0.00000000;0.00042712
1981-09-02;0.00000000;0.00042904
1981-09-03;0.00000000;0.00042822
1981-09-04;0.00000000;0.00042630
1981-09-07;0.00000000;0.00127890
1981-09-08;0.00064315;0.00107192
1981-09-09;0.00000000;0.00042082
1981-09-10;0.00000000;0.00041123
1981-09-11;0.00000000;0.00039781
1981-09-14;0.00000000;0.00118767
1981-09-15;0.00000000;0.00039151
1981-09-16;0.00019644;0.00058932
1981-09-17;0.00000000;0.00039233
1981-09-18;0.00000000;0.00039288
1981-09-21;0.00000000;0.00117288
1981-09-22;0.00000000;0.00039671
1981-09-23;0.00000000;0.00038904
1981-09-24;0.00019466;0.00058397
1981-09-25;0.00000000;0.00039178
1981-09-28;0.00000000;0.00116055
1981-09-29;0.00000000;0.00038795
1981-09-30;0.00000000;0.00039288
1981-10-01;0.00000000;0.00039918
1981-10-02;0.00000000;0.00040137
1981-10-05;0.00000000;0.00117288
1981-10-06;0.00000000;0.00038082
1981-10-07;0.00000000;0.00037945
1981-10-08;0.00000000;0.00037534
1981-10-09;0.00000000;0.00036521
1981-10-12;0.00000000;0.00109562
1981-10-13;0.00000000;0.00036986
1981-10-14;0.00000000;0.00036274
1981-10-15;0.00000000;0.00036603
1981-10-16;0.00000000;0.00037041
1981-10-19;0.00000000;0.00111123
1981-10-20;0.00000000;0.00036877
1981-10-21;0.00000000;0.00036411
1981-10-22;0.00000000;0.00036493
1981-10-23;0.00000000;0.00036274
1981-10-26;0.00000000;0.00109479
1981-10-27;0.00000000;0.00036603
1981-10-28;0.00000000;0.00036219
1981-10-29;0.00000000;0.00035726
1981-10-30;-0.00065000;-0.00030068
1981-11-02;0.01447911;0.01552212
1981-11-03;0.00448133;0.00482900
1981-11-04;0.00157636;0.00191334
1981-11-05;-0.00683933;-0.00650563
1981-11-06;-0.00450362;-0.00418362
1981-11-09;0.00026281;0.00118254
1981-11-10;-0.00191118;-0.00160570
1981-11-11;-0.00111317;-0.00080769
1981-11-12;0.00096856;0.00125897
1981-11-13;-0.00217013;-0.00187479
1981-11-16;0.00020680;0.00108050
1981-11-17;0.00177627;0.00206750
1981-11-18;-0.00272784;-0.00245195
1981-11-19;0.00080596;0.00108322
1981-11-20;0.00335184;0.00362883
1981-11-23;-0.00177173;-0.00090954
1981-11-24;0.00464503;0.00492366
1981-11-25;0.00507078;0.00534749
1981-11-26;0.00153818;0.00181489
1981-11-27;-0.00323019;-0.00295156
1981-11-30;0.00378783;0.00464016
1981-12-01;-0.00310661;-0.00281921
1981-12-02;-0.00292957;-0.00263861
1981-12-03;0.00532052;0.00560874
1981-12-04;0.01025844;0.01053077
1981-12-07;-0.00035075;0.00048925
1981-12-08;-0.00411853;-0.00383744
1981-12-09;0.00175705;0.00204143
1981-12-10;0.00086669;0.00115930
1981-12-11;-0.00443534;-0.00413890
1981-12-14;-0.01447184;-0.01357184
1981-12-15;0.00230037;0.00259872
1981-12-16;-0.00302319;-0.00272538
1981-12-17;0.00306527;0.00337047
1981-12-18;0.00245398;0.00275179
1981-12-21;-0.00364652;-0.00273419
1981-12-22;-0.00375515;-0.00345296
1981-12-23;-0.00018390;0.00012624
1981-12-24;-0.00063565;-0.00033154
1981-12-25;0.00002546;0.00032957
1981-12-28;-0.00093750;-0.00001120
1981-12-29;-0.00277605;-0.00245550
1981-12-30;0.00227582;0.00258705
1981-12-31;0.00173867;0.00204224
1982-01-04;0.00192662;0.00317484
1982-01-05;-0.01124875;-0.01092765
1982-01-06;-0.00535246;-0.00503356
1982-01-07;-0.00178462;-0.00146517
1982-01-08;0.00040377;0.00071939
1982-01-11;-0.01172377;-0.01073994
1982-01-12;-0.00521786;-0.00489019
1982-01-13;-0.00618457;-0.00585196
1982-01-14;0.00459376;0.00492417
1982-01-15;0.00650102;0.00683554
1982-01-18;0.00231092;0.00331777
1982-01-19;-0.00452047;-0.00417636
1982-01-20;-0.00075285;-0.00040436
1982-01-21;0.00304423;0.00339409
1982-01-22;0.00359075;0.00394746
1982-01-25;0.00432769;0.00542249
1982-01-26;-0.00402226;-0.00366555
1982-01-27;0.00605020;0.00640088
1982-01-28;0.01196744;0.01230387
1982-01-29;0.00682475;0.00716776
1982-02-01;-0.01258070;-0.01145631
1982-02-02;-0.00456857;-0.00419570
1982-02-03;-0.00475769;-0.00438043
1982-02-04;-0.00230355;-0.00192848
1982-02-05;0.00113776;0.00151118
1982-02-08;-0.01345639;-0.01230899
1982-02-09;-0.00393687;-0.00354837
1982-02-10;0.00179866;0.00218633
1982-02-11;-0.00239662;-0.00200785
1982-02-12;-0.00517261;-0.00478384
1982-02-15;-0.00066622;0.00050008
1982-02-16;-0.00181971;-0.00142054
1982-02-17;-0.00523908;-0.00484265
1982-02-18;0.00276956;0.00314490
1982-02-19;-0.00108436;-0.00071477
1982-02-22;-0.00531536;-0.00428385
1982-02-23;-0.00352149;-0.00318313
1982-02-24;0.00518214;0.00551091
1982-02-25;-0.00693476;-0.00659969
1982-02-26;-0.00289113;-0.00255031
1982-03-01;-0.01477344;-0.01376495
1982-03-02;-0.00435111;-0.00401221
1982-03-03;0.00313942;0.00347586
1982-03-04;-0.01302430;-0.01269060
1982-03-05;-0.00750295;-0.00716898
1982-03-08;-0.01269178;-0.01169562
1982-03-09;0.00296683;0.00330546
1982-03-10;0.00907047;0.00941047
1982-03-11;-0.00301539;-0.00266909
1982-03-12;-0.01444216;-0.01409120
1982-03-15;0.00111725;0.00217670
1982-03-16;-0.01254821;-0.01219944
1982-03-17;-0.00325155;-0.00290197
1982-03-18;0.01708794;0.01743945
1982-03-19;0.00193792;0.00229518
1982-03-22;0.01848259;0.01952232
1982-03-23;0.00540457;0.00574786
1982-03-24;0.00389533;0.00424273
1982-03-25;-0.00061992;-0.00027060
1982-03-26;-0.00396996;-0.00361379
1982-03-29;0.00017662;0.00127881
1982-03-30;-0.00087362;-0.00050567
1982-03-31;0.00288664;0.00324992
1982-04-01;0.01009357;0.01045631
1982-04-02;0.00817232;0.00853561
1982-04-05;-0.00199561;-0.00092301
1982-04-06;-0.00107178;-0.00071206
1982-04-07;-0.00425256;-0.00389147
1982-04-08;0.00114265;0.00149963
1982-04-09;0.00027402;0.00063101
1982-04-12;0.00296049;0.00401337
1982-04-13;-0.00230909;-0.00196033
1982-04-14;-0.00596474;-0.00561378
1982-04-15;-0.00233361;-0.00198128
1982-04-16;0.00224858;0.00259489
1982-04-19;-0.00111524;-0.00008949
1982-04-20;0.00287328;0.00321465
1982-04-21;0.00104426;0.00137823
1982-04-22;0.00843959;0.00877987
1982-04-23;0.00845418;0.00879363
1982-04-26;0.00637547;0.00739793
1982-04-27;-0.00475054;-0.00440999
1982-04-28;-0.00427918;-0.00393836
1982-04-29;-0.00989416;-0.00955334
1982-04-30;-0.00068317;-0.00034509
1982-05-03;0.00000000;0.00104712
1982-05-04;0.00052315;0.00087192
1982-05-05;0.00000000;0.00034575
1982-05-06;0.00016904;0.00050712
1982-05-07;0.00000000;0.00033562
1982-05-10;0.00000000;0.00101342
1982-05-11;0.00000000;0.00033699
1982-05-12;0.00000000;0.00033973
1982-05-13;0.00000000;0.00034247
1982-05-14;0.00000000;0.00033863
1982-05-17;0.00000000;0.00101260
1982-05-18;0.00000000;0.00033507
1982-05-19;0.00000000;0.00032712
1982-05-20;0.00000000;0.00031507
1982-05-21;0.00000000;0.00031534
1982-05-24;0.00000000;0.00094521
1982-05-25;0.00000000;0.00031699
1982-05-26;0.00000000;0.00031644
1982-05-27;0.00000000;0.00031699
1982-05-28;0.00000000;0.00031507
1982-05-31;0.00000000;0.00094521
1982-06-01;0.00049356;0.00082260
1982-06-02;0.00000000;0.00033041
1982-06-03;0.00000000;0.00033068
1982-06-04;0.00000000;0.00033479
1982-06-07;0.00000000;0.00099370
1982-06-08;0.00000000;0.00033342
1982-06-09;0.00000000;0.00033096
1982-06-10;0.00000000;0.00032822
1982-06-11;0.00000000;0.00032849
1982-06-14;0.00000000;0.00101425
1982-06-15;0.00000000;0.00033863
1982-06-16;0.00000000;0.00033726
1982-06-17;0.00000000;0.00034411
1982-06-18;0.00000000;0.00034877
1982-06-21;0.00000000;0.00103233
1982-06-22;0.00000000;0.00035014
1982-06-23;0.00000000;0.00035260
1982-06-24;0.00000000;0.00035589
1982-06-25;0.00000000;0.00036137
1982-06-28;0.00000000;0.00107753
1982-06-29;0.00000000;0.00035671
1982-06-30;0.00000000;0.00034959
1982-07-01;0.00000000;0.00034384
1982-07-02;0.00000000;0.00034493
1982-07-05;0.00000000;0.00103479
1982-07-06;0.00051863;0.00086438
1982-07-07;0.00000000;0.00034466
1982-07-08;0.00000000;0.00032740
1982-07-09;0.00000000;0.00032247
1982-07-12;0.00000000;0.00096411
1982-07-13;0.00000000;0.00032740
1982-07-14;0.00000000;0.00032877
1982-07-15;0.00000000;0.00031890
1982-07-16;0.00000000;0.00030712
1982-07-19;0.00000000;0.00090904
1982-07-20;0.00000000;0.00029205
1982-07-21;0.00000000;0.00029452
1982-07-22;0.00000000;0.00028521
1982-07-23;0.00000000;0.00028301
1982-07-26;0.00000000;0.00085890
1982-07-27;0.00000000;0.00029205
1982-07-28;0.00000000;0.00029370
1982-07-29;0.00000000;0.00028849
1982-07-30;0.00000000;0.00027863
1982-08-02;0.00000000;0.00076932
1982-08-03;0.00000000;0.00026849
1982-08-04;0.00000000;0.00026658
1982-08-05;0.00000000;0.00026849
1982-08-06;0.00000000;0.00028247
1982-08-09;0.00000000;0.00081041
1982-08-10;0.00000000;0.00027452
1982-08-11;0.00000000;0.00027315
1982-08-12;0.00000000;0.00025699
1982-08-13;0.00000000;0.00025342
1982-08-16;0.00000000;0.00071260
1982-08-17;0.00000000;0.00022055
1982-08-18;0.00000000;0.00022082
1982-08-19;0.00000000;0.00020603
1982-08-20;0.00000000;0.00019397
1982-08-23;0.00000000;0.00061644
1982-08-24;0.00000000;0.00020849
1982-08-25;0.00000000;0.00020329
1982-08-26;0.00000000;0.00019562
1982-08-27;0.00000000;0.00021479
1982-08-30;0.00000000;0.00067068
1982-08-31;0.00000000;0.00023068
1982-09-01;0.00000000;0.00023068
1982-09-02;0.00000000;0.00022904
1982-09-03;0.00000000;0.00022384
1982-09-06;0.00000000;0.00067151
1982-09-07;0.00034479;0.00057466
1982-09-08;0.00000000;0.00022740
1982-09-09;0.00000000;0.00022685
1982-09-10;0.00000000;0.00022932
1982-09-13;0.00000000;0.00066740
1982-09-14;0.00000000;0.00021616
1982-09-15;0.00000000;0.00022301
1982-09-16;0.00011000;0.00033000
1982-09-17;0.00000000;0.00021808
1982-09-20;0.00000000;0.00063945
1982-09-21;0.00000000;0.00020904
1982-09-22;0.00000000;0.00020137
1982-09-23;0.00000000;0.00019945
1982-09-24;0.00010411;0.00031233
1982-09-27;0.00000000;0.00062301
1982-09-28;0.00000000;0.00020493
1982-09-29;0.00000000;0.00020767
1982-09-30;0.00000000;0.00020877
1982-10-01;0.00000000;0.00020137
1982-10-04;0.00000000;0.00065260
1982-10-05;0.00000000;0.00022301
1982-10-06;0.00000000;0.00022055
1982-10-07;0.00000000;0.00021260
1982-10-08;0.00000000;0.00021233
1982-10-11;0.00000000;0.00063699
1982-10-12;0.00030329;0.00050548
1982-10-13;0.00000000;0.00020329
1982-10-14;0.00000000;0.00020658
1982-10-15;0.00000000;0.00020712
1982-10-18;0.00000000;0.00061068
1982-10-19;0.00000000;0.00020493
1982-10-20;0.00000000;0.00020712
1982-10-21;0.00000000;0.00020740
1982-10-22;0.00000000;0.00020932
1982-10-25;0.00000000;0.00064685
1982-10-26;0.00000000;0.00021808
1982-10-27;0.00000000;0.00021918
1982-10-28;0.00000000;0.00021671
1982-10-29;-0.00065000;-0.00043356
1982-11-01;0.01109550;0.01173741
1982-11-02;0.01139662;0.01161059
1982-11-03;0.03891478;0.03912820
1982-11-04;0.00434750;0.00455928
1982-11-05;0.00174646;0.00195961
1982-11-08;-0.00519872;-0.00454776
1982-11-09;0.01060237;0.01082155
1982-11-10;0.00065098;0.00087235
1982-11-11;0.00317634;0.00339771
1982-11-12;-0.00928605;-0.00905920
1982-11-15;-0.00492219;-0.00422932
1982-11-16;-0.01022470;-0.00999456
1982-11-17;0.01175139;0.01198043
1982-11-18;0.00418602;0.00441260
1982-11-19;-0.00053187;-0.00030995
1982-11-22;-0.00790865;-0.00725440
1982-11-23;-0.00983081;-0.00961300
1982-11-24;-0.00011386;0.00010340
1982-11-25;-0.00143114;-0.00121388
1982-11-26;0.00690349;0.00712075
1982-11-29;-0.00030251;0.00037639
1982-11-30;0.01334786;0.01357471
1982-12-01;0.00496267;0.00518952
1982-12-02;0.00229094;0.00251121
1982-12-03;-0.00127362;-0.00105882
1982-12-06;0.01225736;0.01290503
1982-12-07;0.00353404;0.00375130
1982-12-08;-0.00479849;-0.00458014
1982-12-09;-0.01031345;-0.01009536
1982-12-10;-0.00643995;-0.00621967
1982-12-13;0.00163313;0.00229067
1982-12-14;-0.00754416;-0.00733375
1982-12-15;-0.01000902;-0.00979998
1982-12-16;-0.00342163;-0.00320711
1982-12-17;0.01023607;0.01045169
1982-12-20;-0.00566120;-0.00501353
1982-12-21;0.00539500;0.00561144
1982-12-22;-0.00184716;-0.00163017
1982-12-23;0.00675367;0.00697066
1982-12-24;0.00924363;0.00946062
1982-12-27;0.01507402;0.01572415
1982-12-28;-0.00504634;-0.00482579
1982-12-29;0.00311385;0.00333686
1982-12-30;-0.00666458;-0.00644485
1982-12-31;0.00199017;0.00220716
1983-01-03;-0.01701052;-0.01635956
1983-01-04;0.01098330;0.01120248
1983-01-05;0.00469111;0.00490974
1983-01-06;0.01480840;0.01502593
1983-01-07;0.00247922;0.00269182
1983-01-10;0.00507639;0.00571091
1983-01-11;-0.00931060;-0.00909991
1983-01-12;0.00044707;0.00065748
1983-01-13;0.00019830;0.00040816
1983-01-14;0.00229768;0.00250453
1983-01-17;-0.00075028;-0.00012562
1983-01-18;-0.00467004;-0.00446072
1983-01-19;-0.00778350;-0.00757309
1983-01-20;0.00044887;0.00066202
1983-01-21;-0.00439028;-0.00417028
1983-01-24;-0.02388440;-0.02321865
1983-01-25;0.00416961;0.00439016
1983-01-26;0.00924527;0.00946664
1983-01-27;0.00815446;0.00837418
1983-01-28;0.00516162;0.00538079
1983-01-31;0.00760549;0.00827125
1983-02-01;-0.00815130;-0.00792773
1983-02-02;0.00087491;0.00109847
1983-02-03;-0.00382984;-0.00360655
1983-02-04;0.00762390;0.00784992
1983-02-07;0.00191274;0.00258918
1983-02-08;-0.00339797;-0.00317085
1983-02-09;-0.00457872;-0.00435187
1983-02-10;0.00974750;0.00997133
1983-02-11;0.00079202;0.00101503
1983-02-14;0.01078868;0.01146594
1983-02-15;-0.00213398;-0.00190796
1983-02-16;-0.00254584;-0.00232118
1983-02-17;-0.00259250;-0.00237058
1983-02-18;-0.00189675;-0.00167785
1983-02-21;-0.00824667;-0.00758995
1983-02-22;-0.01306128;-0.01284457
1983-02-23;0.00513418;0.00535226
1983-02-24;0.01266815;0.01288541
1983-02-25;0.00474748;0.00496172
1983-02-28;-0.00443447;-0.00378269
1983-03-01;0.00332214;0.00354022
1983-03-02;0.00601489;0.00623407
1983-03-03;0.00313757;0.00335537
1983-03-04;0.00100222;0.00122168
1983-03-07;0.00097263;0.00164496
1983-03-08;-0.00895189;-0.00872449
1983-03-09;0.00392643;0.00415273
1983-03-10;-0.00251675;-0.00229100
1983-03-11;0.00127790;0.00150447
1983-03-14;-0.00156806;-0.00089162
1983-03-15;0.00297147;0.00319749
1983-03-16;-0.00178873;-0.00156134
1983-03-17;0.00056590;0.00079439
1983-03-18;0.00322884;0.00346008
1983-03-21;0.00790135;0.00859998
1983-03-22;0.00084144;0.00107733
1983-03-23;0.00868417;0.00891622
1983-03-24;0.00333952;0.00357267
1983-03-25;-0.00475776;-0.00452077
1983-03-28;0.00172496;0.00243592
1983-03-29;0.00106460;0.00130103
1983-03-30;0.00703297;0.00726941
1983-03-31;0.00025929;0.00049600
1983-04-01;-0.00138267;-0.00114596
1983-04-04;0.00047231;0.00118245
1983-04-05;-0.00775292;-0.00751977
1983-04-06;0.00044412;0.00067426
1983-04-07;-0.00002629;0.00020275
1983-04-08;0.00294175;0.00316997
1983-04-11;0.00917404;0.00984555
1983-04-12;0.00157798;0.00180264
1983-04-13;0.00351964;0.00374375
1983-04-14;0.00843071;0.00865317
1983-04-15;0.00164740;0.00187042
1983-04-18;0.00422464;0.00488793
1983-04-19;-0.00581882;-0.00559525
1983-04-20;0.00740103;0.00762295
1983-04-21;-0.00352883;-0.00330582
1983-04-22;0.00210474;0.00232802
1983-04-25;-0.00376858;-0.00309871
1983-04-26;0.00988225;0.01010526
1983-04-27;0.00021984;0.00044176
1983-04-28;0.00423032;0.00445223
1983-04-29;0.00820925;0.00843062
1983-05-02;0.00011027;0.00077192
1983-05-03;0.00000000;0.00022027
1983-05-04;0.00010973;0.00032918
1983-05-05;0.00000000;0.00022082
1983-05-06;0.00010932;0.00032795
1983-05-09;0.00000000;0.00066822
1983-05-10;0.00000000;0.00021918
1983-05-11;0.00000000;0.00021808
1983-05-12;0.00000000;0.00022055
1983-05-13;0.00000000;0.00021973
1983-05-16;0.00000000;0.00066986
1983-05-17;0.00000000;0.00022274
1983-05-18;0.00000000;0.00022219
1983-05-19;0.00000000;0.00022301
1983-05-20;0.00000000;0.00022411
1983-05-23;0.00000000;0.00069205
1983-05-24;0.00000000;0.00023205
1983-05-25;0.00000000;0.00023260
1983-05-26;0.00000000;0.00023370
1983-05-27;0.00000000;0.00023233
1983-05-30;0.00000000;0.00069699
1983-05-31;0.00035466;0.00059110
1983-06-01;0.00000000;0.00023507
1983-06-02;0.00000000;0.00023288
1983-06-03;0.00000000;0.00023425
1983-06-06;0.00000000;0.00071014
1983-06-07;0.00000000;0.00024164
1983-06-08;0.00000000;0.00024192
1983-06-09;0.00000000;0.00023945
1983-06-10;0.00000000;0.00024055
1983-06-13;0.00000000;0.00071507
1983-06-14;0.00000000;0.00023918
1983-06-15;0.00000000;0.00023890
1983-06-16;0.00000000;0.00023699
1983-06-17;0.00000000;0.00023808
1983-06-20;0.00000000;0.00073644
1983-06-21;0.00000000;0.00024521
1983-06-22;0.00000000;0.00024575
1983-06-23;0.00000000;0.00024466
1983-06-24;0.00000000;0.00024767
1983-06-27;0.00000000;0.00074219
1983-06-28;0.00000000;0.00024603
1983-06-29;0.00000000;0.00024247
1983-06-30;0.00000000;0.00024082
1983-07-01;0.00000000;0.00023918
1983-07-04;0.00000000;0.00071753
1983-07-05;0.00037068;0.00061781
1983-07-06;0.00000000;0.00024712
1983-07-07;0.00000000;0.00024932
1983-07-08;0.00000000;0.00024986
1983-07-11;0.00000000;0.00074301
1983-07-12;0.00000000;0.00025041
1983-07-13;0.00000000;0.00024932
1983-07-14;0.00000000;0.00024877
1983-07-15;0.00000000;0.00025041
1983-07-18;0.00000000;0.00074877
1983-07-19;0.00000000;0.00025041
1983-07-20;0.00000000;0.00024849
1983-07-21;0.00000000;0.00024849
1983-07-22;0.00000000;0.00024904
1983-07-25;0.00000000;0.00074548
1983-07-26;0.00000000;0.00024959
1983-07-27;0.00000000;0.00024849
1983-07-28;0.00000000;0.00025123
1983-07-29;0.00000000;0.00025260
1983-08-01;0.00000000;0.00076192
1983-08-02;0.00000000;0.00026000
1983-08-03;0.00000000;0.00025726
1983-08-04;0.00000000;0.00025836
1983-08-05;0.00000000;0.00025890
1983-08-08;0.00000000;0.00078082
1983-08-09;0.00000000;0.00026110
1983-08-10;0.00000000;0.00026192
1983-08-11;0.00000000;0.00026082
1983-08-12;0.00000000;0.00026000
1983-08-15;0.00000000;0.00077260
1983-08-16;0.00000000;0.00025753
1983-08-17;0.00000000;0.00025534
1983-08-18;0.00000000;0.00025479
1983-08-19;0.00000000;0.00025507
1983-08-22;0.00000000;0.00075288
1983-08-23;0.00000000;0.00025178
1983-08-24;0.00000000;0.00024986
1983-08-25;0.00000000;0.00024932
1983-08-26;0.00000000;0.00025096
1983-08-29;0.00000000;0.00076027
1983-08-30;0.00000000;0.00025479
1983-08-31;0.00000000;0.00025370
1983-09-01;0.00000000;0.00025260
1983-09-02;0.00000000;0.00025397
1983-09-05;0.00000000;0.00076192
1983-09-06;0.00037726;0.00062877
1983-09-07;0.00000000;0.00024932
1983-09-08;0.00000000;0.00024959
1983-09-09;0.00000000;0.00025014
1983-09-12;0.00000000;0.00074384
1983-09-13;0.00000000;0.00024877
1983-09-14;0.00000000;0.00024959
1983-09-15;0.00000000;0.00024932
1983-09-16;0.00012425;0.00037274
1983-09-19;0.00000000;0.00073890
1983-09-20;0.00000000;0.00024575
1983-09-21;0.00000000;0.00024521
1983-09-22;0.00000000;0.00024466
1983-09-23;0.00000000;0.00024329
1983-09-26;0.00011959;0.00083712
1983-09-27;0.00000000;0.00023918
1983-09-28;0.00000000;0.00024055
1983-09-29;0.00000000;0.00024137
1983-09-30;0.00000000;0.00023863
1983-10-03;0.00000000;0.00071836
1983-10-04;0.00000000;0.00023699
1983-10-05;0.00000000;0.00023397
1983-10-06;0.00000000;0.00023452
1983-10-07;0.00000000;0.00023562
1983-10-10;0.00000000;0.00070685
1983-10-11;0.00036205;0.00060342
1983-10-12;0.00000000;0.00024055
1983-10-13;0.00000000;0.00024137
1983-10-14;0.00000000;0.00024027
1983-10-17;0.00000000;0.00070274
1983-10-18;0.00000000;0.00023342
1983-10-19;0.00000000;0.00023288
1983-10-20;0.00000000;0.00023397
1983-10-21;0.00000000;0.00023397
1983-10-24;0.00000000;0.00071342
1983-10-25;0.00000000;0.00023726
1983-10-26;0.00000000;0.00023726
1983-10-27;0.00000000;0.00023699
1983-10-28;0.00000000;0.00023644
1983-10-31;-0.00065000;0.00004945
1983-11-01;-0.00021189;0.00002016
1983-11-02;0.00300745;0.00324005
1983-11-03;-0.00867105;-0.00843434
1983-11-04;-0.00346444;-0.00322307
1983-11-07;-0.00372119;-0.00300037
1983-11-08;-0.00054172;-0.00030144
1983-11-09;0.00539971;0.00564025
1983-11-10;-0.00174303;-0.00150303
1983-11-11;0.00879594;0.00903594
1983-11-14;0.00244991;0.00317074
1983-11-15;-0.00225865;-0.00201811
1983-11-16;0.00468053;0.00492163
1983-11-17;-0.00082841;-0.00058621
1983-11-18;-0.00498167;-0.00473920
1983-11-21;0.00341057;0.00413222
1983-11-22;0.00249687;0.00273715
1983-11-23;0.00047596;0.00071733
1983-11-24;-0.00481375;-0.00457238
1983-11-25;-0.00132832;-0.00108777
1983-11-28;-0.00511870;-0.00438965
1983-11-29;0.00180466;0.00204767
1983-11-30;-0.00129052;-0.00104723
1983-12-01;0.00090316;0.00114617
1983-12-02;-0.00108376;-0.00083911
1983-12-05;0.00370719;0.00444116
1983-12-06;-0.00145723;-0.00121230
1983-12-07;-0.00070806;-0.00046286
1983-12-08;0.00059051;0.00083764
1983-12-09;-0.00125274;-0.00100616
1983-12-12;0.00052826;0.00126470
1983-12-13;-0.00532281;-0.00507377
1983-12-14;-0.00427073;-0.00402086
1983-12-15;-0.00210739;-0.00185616
1983-12-16;0.00560899;0.00585858
1983-12-19;-0.00340477;-0.00265764
1983-12-20;0.00634365;0.00659132
1983-12-21;0.00922568;0.00947226
1983-12-22;-0.00076065;-0.00051708
1983-12-23;-0.00249552;-0.00225004
1983-12-26;0.01602744;0.01676388
1983-12-27;0.00636600;0.00661038
1983-12-28;0.00201199;0.00225802
1983-12-29;-0.00315105;-0.00290503
1983-12-30;0.00017693;0.00042268
1984-01-03;-0.00401325;-0.00302695
1984-01-04;0.00680513;0.00705116
1984-01-05;0.01021520;0.01045986
1984-01-06;0.00549692;0.00573994
1984-01-09;0.00342553;0.00415704
1984-01-10;-0.00346391;-0.00322008
1984-01-11;-0.00218349;-0.00193884
1984-01-12;0.00327656;0.00352094
1984-01-13;0.00353664;0.00377609
1984-01-16;0.00133402;0.00205566
1984-01-17;-0.00010526;0.00013666
1984-01-18;0.00275428;0.00299839
1984-01-19;-0.00160315;-0.00135931
1984-01-20;-0.00133767;-0.00109192
1984-01-23;-0.00835998;-0.00762518
1984-01-24;0.00299981;0.00324419
1984-01-25;0.00639100;0.00663565
1984-01-26;0.00023424;0.00047890
1984-01-27;0.00036916;0.00061327
1984-01-30;-0.00338279;-0.00265210
1984-01-31;-0.00217674;-0.00193318
1984-02-01;-0.00230519;-0.00206163
1984-02-02;-0.00341682;-0.00317271
1984-02-03;-0.00312023;-0.00287475
1984-02-06;-0.01383670;-0.01308958
1984-02-07;-0.00613872;-0.00589050
1984-02-08;-0.00242654;-0.00217832
1984-02-09;-0.00855036;-0.00830296
1984-02-10;0.00061134;0.00085956
1984-02-13;-0.00342215;-0.00267750
1984-02-14;0.00172916;0.00197766
1984-02-15;0.00302284;0.00327106
1984-02-16;0.00030711;0.00055560
1984-02-17;0.00114279;0.00139403
1984-02-20;-0.00184907;-0.00109537
1984-02-21;0.00138962;0.00163975
1984-02-22;-0.00217680;-0.00192666
1984-02-23;-0.00418329;-0.00392959
1984-02-24;0.00916497;0.00941648
1984-02-27;0.00807599;0.00883133
1984-02-28;-0.00603973;-0.00578740
1984-02-29;-0.00081550;-0.00056509
1984-03-01;0.00033324;0.00058502
1984-03-02;0.00755974;0.00781070
1984-03-05;-0.00108274;-0.00032658
1984-03-06;-0.00129838;-0.00104551
1984-03-07;-0.00787060;-0.00761553
1984-03-08;-0.00091591;-0.00066002
1984-03-09;0.00056375;0.00081992
1984-03-12;0.00760152;0.00836919
1984-03-13;0.01018154;0.01043853
1984-03-14;0.00554325;0.00580243
1984-03-15;0.00594829;0.00620802
1984-03-16;0.01555688;0.01581716
1984-03-19;-0.00878431;-0.00799198
1984-03-20;0.00927986;0.00954835
1984-03-21;-0.00059117;-0.00032240
1984-03-22;-0.00704765;-0.00677943
1984-03-23;0.00292531;0.00319298
1984-03-26;-0.00240191;-0.00160218
1984-03-27;-0.00280725;-0.00253931
1984-03-28;0.01117500;0.01144102
1984-03-29;0.00513642;0.00540163
1984-03-30;0.00263286;0.00289917
1984-04-02;-0.00094218;-0.00014656
1984-04-03;-0.00827666;-0.00800871
1984-04-04;0.00100759;0.00127581
1984-04-05;-0.00321419;-0.00294598
1984-04-06;-0.00347667;-0.00321146
1984-04-09;-0.00146962;-0.00068141
1984-04-10;0.00402597;0.00428980
1984-04-11;0.00018387;0.00044771
1984-04-12;0.00837291;0.00863702
1984-04-13;0.00391340;0.00418025
1984-04-16;-0.00538320;-0.00457854
1984-04-17;-0.00103190;-0.00076450
1984-04-18;0.00009569;0.00036282
1984-04-19;-0.00691180;-0.00664522
1984-04-20;0.00166974;0.00193632
1984-04-23;-0.00480360;-0.00401045
1984-04-24;0.00032516;0.00058954
1984-04-25;0.00853641;0.00880025
1984-04-26;0.00758742;0.00784879
1984-04-27;0.00326676;0.00353279
1984-04-30;-0.00091038;-0.00011148
1984-05-01;0.00026575;0.00053151
1984-05-02;0.00000000;0.00026521
1984-05-03;0.00000000;0.00026493
1984-05-04;0.00009014;0.00036055
1984-05-07;0.00000000;0.00081616
1984-05-08;0.00027507;0.00055014
1984-05-09;0.00000000;0.00027397
1984-05-10;0.00000000;0.00027014
1984-05-11;0.00000000;0.00027425
1984-05-14;0.00000000;0.00081945
1984-05-15;0.00000000;0.00027699
1984-05-16;0.00000000;0.00026712
1984-05-17;0.00000000;0.00026795
1984-05-18;0.00000000;0.00026877
1984-05-21;0.00000000;0.00079726
1984-05-22;0.00000000;0.00027507
1984-05-23;0.00000000;0.00027151
1984-05-24;0.00000000;0.00026603
1984-05-25;0.00000000;0.00026247
1984-05-28;0.00000000;0.00078740
1984-05-29;0.00053260;0.00079890
1984-05-30;0.00000000;0.00026740
1984-05-31;0.00000000;0.00026712
1984-06-01;0.00000000;0.00026849
1984-06-04;0.00000000;0.00080959
1984-06-05;0.00000000;0.00026712
1984-06-06;0.00000000;0.00026740
1984-06-07;0.00000000;0.00026959
1984-06-08;0.00000000;0.00027041
1984-06-11;0.00000000;0.00082438
1984-06-12;0.00000000;0.00027589
1984-06-13;0.00000000;0.00027096
1984-06-14;0.00000000;0.00027068
1984-06-15;0.00000000;0.00027068
1984-06-18;-0.00000000;0.00081863
1984-06-19;0.00000000;0.00027151
1984-06-20;0.00000000;0.00027151
1984-06-21;0.00000000;0.00027205
1984-06-22;0.00000000;0.00026959
1984-06-25;0.00000000;0.00080137
1984-06-26;0.00000000;0.00026849
1984-06-27;0.00000000;0.00026712
1984-06-28;0.00000000;0.00026959
1984-06-29;0.00000000;0.00027178
1984-07-02;0.00000000;0.00080055
1984-07-03;0.00000000;0.00027342
1984-07-04;0.00000000;0.00027342
1984-07-05;0.00009096;0.00036384
1984-07-06;0.00000000;0.00027397
1984-07-09;-0.00000000;0.00082192
1984-07-10;0.00000000;0.00027644
1984-07-11;0.00000000;0.00027671
1984-07-12;0.00000000;0.00027479
1984-07-13;0.00000000;0.00027288
1984-07-16;-0.00000000;0.00082192
1984-07-17;0.00000000;0.00027890
1984-07-18;0.00000000;0.00027699
1984-07-19;0.00000000;0.00027726
1984-07-20;0.00000000;0.00027808
1984-07-23;0.00000000;0.00083918
1984-07-24;0.00000000;0.00028137
1984-07-25;0.00000000;0.00028110
1984-07-26;0.00000000;0.00028055
1984-07-27;0.00000000;0.00028164
1984-07-30;0.00000000;0.00084986
1984-07-31;0.00000000;0.00028493
1984-08-01;0.00000000;0.00028575
1984-08-02;0.00000000;0.00028658
1984-08-03;0.00000000;0.00028658
1984-08-06;0.00000000;0.00086630
1984-08-07;0.00000000;0.00028849
1984-08-08;0.00000000;0.00028685
1984-08-09;0.00000000;0.00028521
1984-08-10;0.00000000;0.00028575
1984-08-13;0.00000000;0.00085890
1984-08-14;0.00000000;0.00028219
1984-08-15;0.00000000;0.00027945
1984-08-16;0.00000000;0.00028110
1984-08-17;0.00000000;0.00028301
1984-08-20;0.00000000;0.00085808
1984-08-21;0.00000000;0.00028548
1984-08-22;0.00000000;0.00028521
1984-08-23;0.00000000;0.00028630
1984-08-24;0.00000000;0.00028712
1984-08-27;0.00000000;0.00087699
1984-08-28;0.00029178;0.00058356
1984-08-29;0.00000000;0.00029205
1984-08-30;0.00000000;0.00029178
1984-08-31;0.00000000;0.00029123
1984-09-03;0.00000000;0.00087370
1984-09-04;0.00029233;0.00058466
1984-09-05;0.00000000;0.00029123
1984-09-06;0.00000000;0.00029041
1984-09-07;0.00000000;0.00028904
1984-09-10;-0.00000000;0.00085644
1984-09-11;0.00000000;0.00028466
1984-09-12;0.00000000;0.00028493
1984-09-13;0.00000000;0.00028301
1984-09-14;0.00000000;0.00028411
1984-09-17;0.00000000;0.00085315
1984-09-18;0.00000000;0.00028274
1984-09-19;0.00000000;0.00028137
1984-09-20;0.00000000;0.00028055
1984-09-21;0.00000000;0.00028082
1984-09-24;0.00000000;0.00084658
1984-09-25;0.00028192;0.00056384
1984-09-26;0.00000000;0.00028000
1984-09-27;0.00000000;0.00027836
1984-09-28;0.00000000;0.00028000
1984-10-01;0.00000000;0.00084082
1984-10-02;0.00000000;0.00028082
1984-10-03;0.00000000;0.00027890
1984-10-04;0.00000000;0.00027808
1984-10-05;0.00000000;0.00027781
1984-10-08;-0.00000000;0.00083342
1984-10-09;0.00000000;0.00027644
1984-10-10;0.00000000;0.00027589
1984-10-11;0.00009096;0.00036384
1984-10-12;0.00000000;0.00027123
1984-10-15;0.00000000;0.00082027
1984-10-16;0.00000000;0.00027260
1984-10-17;0.00000000;0.00027041
1984-10-18;0.00000000;0.00026603
1984-10-19;0.00000000;0.00026192
1984-10-22;0.00000000;0.00078493
1984-10-23;0.00000000;0.00025890
1984-10-24;0.00000000;0.00025096
1984-10-25;0.00000000;0.00025123
1984-10-26;0.00000000;0.00025589
1984-10-29;0.00000000;0.00076356
1984-10-30;0.00000000;0.00025178
1984-10-31;-0.00065000;-0.00040315
1984-11-01;0.00223357;0.00248042
1984-11-02;0.00494665;0.00519322
1984-11-05;0.00369941;0.00441202
1984-11-06;0.00065280;0.00089033
1984-11-07;-0.00735537;-0.00712112
1984-11-08;-0.00126502;-0.00102529
1984-11-09;0.00148619;0.00172290
1984-11-12;0.00180310;0.00251324
1984-11-13;0.00032351;0.00056214
1984-11-14;0.00082687;0.00106687
1984-11-15;-0.00569158;-0.00545432
1984-11-16;-0.00226093;-0.00202559
1984-11-19;-0.00412051;-0.00341448
1984-11-20;-0.00118370;-0.00094753
1984-11-21;0.00243231;0.00266628
1984-11-22;-0.00578790;-0.00555393
1984-11-23;0.00734970;0.00758093
1984-11-26;-0.00088534;-0.00018835
1984-11-27;0.00350928;0.00373887
1984-11-28;0.00181838;0.00204797
1984-11-29;0.00115115;0.00137991
1984-11-30;-0.00092927;-0.00069804
1984-12-03;0.00315930;0.00385053
1984-12-04;0.00054930;0.00078191
1984-12-05;-0.00408357;-0.00385151
1984-12-06;-0.00039843;-0.00016610
1984-12-07;0.00012047;0.00034923
1984-12-10;-0.00169596;-0.00101048
1984-12-11;-0.00149153;-0.00126276
1984-12-12;0.00057111;0.00079768
1984-12-13;-0.00146883;-0.00124171
1984-12-14;0.00617296;0.00639515
1984-12-17;0.00442080;0.00507505
1984-12-18;0.01010037;0.01031435
1984-12-19;0.00196537;0.00217660
1984-12-20;-0.00670510;-0.00649140
1984-12-21;-0.00380319;-0.00359031
1984-12-24;0.00102278;0.00165073
1984-12-25;0.00436923;0.00457854
1984-12-26;-0.00098136;-0.00077232
1984-12-27;0.00047245;0.00068259
1984-12-28;0.00569783;0.00590989
1984-12-31;0.00498879;0.00563400
1985-01-02;-0.00745075;-0.00702171
1985-01-03;-0.00833116;-0.00811746
1985-01-04;0.00076574;0.00097999
1985-01-07;0.00494896;0.00558841
1985-01-08;0.00621348;0.00642690
1985-01-09;0.00880639;0.00901707
1985-01-10;0.00830169;0.00851375
1985-01-11;-0.00462845;-0.00441585
1985-01-14;-0.00264870;-0.00201583
1985-01-15;0.00586880;0.00608058
1985-01-16;0.00925190;0.00946396
1985-01-17;-0.00071452;-0.00050247
1985-01-18;0.00620825;0.00642031
1985-01-21;0.00877512;0.00941129
1985-01-22;0.00453553;0.00474649
1985-01-23;-0.00262604;-0.00241672
1985-01-24;-0.00372999;-0.00352122
1985-01-25;0.00246942;0.00267873
1985-01-28;-0.00590132;-0.00526680
1985-01-29;0.00003207;0.00024632
1985-01-30;0.01095221;0.01116673
1985-01-31;0.00202033;0.00224088
1985-02-01;-0.00547519;-0.00525081
1985-02-04;-0.00018063;0.00049170
1985-02-05;0.00385119;0.00407420
1985-02-06;0.00078168;0.00100415
1985-02-07;0.00616730;0.00639113
1985-02-08;0.00209762;0.00232310
1985-02-11;-0.00444190;-0.00376710
1985-02-12;-0.00590599;-0.00568105
1985-02-13;0.00721864;0.00744439
1985-02-14;0.00164508;0.00186946
1985-02-15;-0.00201403;-0.00178965
1985-02-18;-0.00563601;-0.00496286
1985-02-19;0.00137147;0.00159530
1985-02-20;-0.00064470;-0.00041895
1985-02-21;-0.00184763;-0.00161667
1985-02-22;-0.00391412;-0.00368426
1985-02-25;-0.00195263;-0.00126386
1985-02-26;0.00323989;0.00346866
1985-02-27;0.00126059;0.00149210
1985-02-28;0.00180640;0.00203927
1985-03-01;0.00361744;0.00385470
1985-03-04;0.00372380;0.00443887
1985-03-05;0.00162572;0.00186353
1985-03-06;0.00021098;0.00044907
1985-03-07;-0.00448037;-0.00423927
1985-03-08;-0.00207942;-0.00184436
1985-03-11;-0.00296935;-0.00227319
1985-03-12;0.00466158;0.00489555
1985-03-13;-0.00087777;-0.00064215
1985-03-14;-0.00012124;0.00011766
1985-03-15;0.00162113;0.00185155
1985-03-18;-0.00145528;-0.00075582
1985-03-19;0.00509106;0.00532531
1985-03-20;0.00129392;0.00152761
1985-03-21;-0.00196553;-0.00173429
1985-03-22;-0.00021617;0.00001698
1985-03-25;-0.00530490;-0.00461284
1985-03-26;-0.00145893;-0.00123044
1985-03-27;0.00294811;0.00317633
1985-03-28;0.00095370;0.00117809
1985-03-29;-0.00137590;-0.00115179
1985-04-01;0.00334338;0.00401324
1985-04-02;-0.00061511;-0.00038990
1985-04-03;-0.00454652;-0.00432296
1985-04-04;-0.00088308;-0.00066034
1985-04-05;-0.00678990;-0.00656716
1985-04-08;0.00019212;0.00085952
1985-04-09;-0.00220082;-0.00197917
1985-04-10;0.00204829;0.00227021
1985-04-11;-0.00052988;-0.00030960
1985-04-12;0.00250842;0.00272897
1985-04-15;0.00241598;0.00307927
1985-04-16;-0.00828029;-0.00806303
1985-04-17;0.00666501;0.00687844
1985-04-18;-0.00812583;-0.00791460
1985-04-19;0.00051610;0.00072952
1985-04-22;-0.00083063;-0.00020022
1985-04-23;-0.00213966;-0.00192651
1985-04-24;0.00326586;0.00347819
1985-04-25;0.00607607;0.00629059
1985-04-26;0.00093611;0.00115008
1985-04-29;-0.00583060;-0.00518621
1985-04-30;-0.00226542;-0.00205035
1985-05-01;0.00000000;0.00021233
1985-05-02;0.00000000;0.00021260
1985-05-03;0.00000000;0.00021151
1985-05-06;0.00000000;0.00063534
1985-05-07;0.00049607;0.00070868
1985-05-08;0.00000000;0.00021425
1985-05-09;0.00000000;0.00021205
1985-05-10;-0.00000000;0.00021178
1985-05-13;0.00000000;0.00063370
1985-05-14;0.00000000;0.00020822
1985-05-15;0.00000000;0.00020356
1985-05-16;0.00000000;0.00020192
1985-05-17;0.00000000;0.00020274
1985-05-20;0.00000000;0.00059671
1985-05-21;0.00000000;0.00020000
1985-05-22;-0.00000000;0.00019973
1985-05-23;0.00000000;0.00019836
1985-05-24;0.00000000;0.00019671
1985-05-27;0.00000000;0.00059014
1985-05-28;0.00039452;0.00059178
1985-05-29;0.00000000;0.00019836
1985-05-30;0.00000000;0.00019671
1985-05-31;0.00000000;0.00019562
1985-06-03;0.00000000;0.00057699
1985-06-04;0.00000000;0.00019068
1985-06-05;0.00000000;0.00018959
1985-06-06;0.00000000;0.00019123
1985-06-07;0.00000000;0.00019589
1985-06-10;0.00000000;0.00059425
1985-06-11;0.00000000;0.00019589
1985-06-12;0.00000000;0.00019425
1985-06-13;0.00000000;0.00019096
1985-06-14;0.00000000;0.00018356
1985-06-17;0.00000000;0.00055644
1985-06-18;0.00000000;0.00018247
1985-06-19;0.00000000;0.00018466
1985-06-20;0.00000000;0.00018712
1985-06-21;-0.00000000;0.00019288
1985-06-24;0.00000000;0.00058027
1985-06-25;0.00000000;0.00019425
1985-06-26;0.00000000;0.00019151
1985-06-27;0.00000000;0.00018904
1985-06-28;0.00000000;0.00018712
1985-07-01;0.00000000;0.00056466
1985-07-02;0.00000000;0.00019041
1985-07-03;-0.00000000;0.00019233
1985-07-04;0.00000000;0.00019233
1985-07-05;0.00006183;0.00024731
1985-07-08;0.00000000;0.00056877
1985-07-09;0.00000000;0.00019068
1985-07-10;0.00000000;0.00019014
1985-07-11;0.00000000;0.00019315
1985-07-12;0.00000000;0.00019425
1985-07-15;0.00000000;0.00057863
1985-07-16;0.00000000;0.00019178
1985-07-17;0.00000000;0.00019151
1985-07-18;0.00000000;0.00019589
1985-07-19;0.00000000;0.00019616
1985-07-22;0.00000000;0.00059507
1985-07-23;-0.00000000;0.00019890
1985-07-24;0.00000000;0.00019836
1985-07-25;0.00000000;0.00019644
1985-07-26;0.00000000;0.00019699
1985-07-29;0.00000000;0.00059589
1985-07-30;-0.00000000;0.00019945
1985-07-31;-0.00000000;0.00019945
1985-08-01;-0.00000000;0.00019918
1985-08-02;0.00000000;0.00020027
1985-08-05;0.00000000;0.00059753
1985-08-06;-0.00000000;0.00019890
1985-08-07;0.00000000;0.00019671
1985-08-08;0.00000000;0.00019644
1985-08-09;0.00000000;0.00019616
1985-08-12;0.00000000;0.00058356
1985-08-13;0.00000000;0.00019562
1985-08-14;0.00000000;0.00019425
1985-08-15;0.00000000;0.00019699
1985-08-16;0.00000000;0.00019479
1985-08-19;0.00000000;0.00058603
1985-08-20;0.00000000;0.00019507
1985-08-21;-0.00000000;0.00019288
1985-08-22;-0.00000000;0.00019260
1985-08-23;-0.00000000;0.00019288
1985-08-26;0.00000000;0.00058110
1985-08-27;0.00019315;0.00038630
1985-08-28;0.00000000;0.00019342
1985-08-29;-0.00000000;0.00019288
1985-08-30;0.00000000;0.00019562
1985-09-02;0.00000000;0.00058685
1985-09-03;0.00019479;0.00038959
1985-09-04;0.00000000;0.00019315
1985-09-05;0.00000000;0.00019534
1985-09-06;-0.00000000;0.00019890
1985-09-09;0.00000000;0.00059589
1985-09-10;0.00000000;0.00019808
1985-09-11;0.00000000;0.00019836
1985-09-12;0.00000000;0.00019836
1985-09-13;0.00000000;0.00019753
1985-09-16;0.00000000;0.00059014
1985-09-17;0.00019726;0.00039452
1985-09-18;0.00000000;0.00019479
1985-09-19;0.00000000;0.00019425
1985-09-20;0.00000000;0.00019205
1985-09-23;0.00000000;0.00056630
1985-09-24;0.00018740;0.00037479
1985-09-25;0.00000000;0.00018822
1985-09-26;0.00000000;0.00019014
1985-09-27;0.00000000;0.00019014
1985-09-30;0.00006429;0.00064292
1985-10-01;-0.00004815;0.00014445
1985-10-02;0.00000000;0.00019233
1985-10-03;0.00000000;0.00019123
1985-10-04;0.00000000;0.00019151
1985-10-07;0.00000000;0.00058192
1985-10-08;0.00000000;0.00019616
1985-10-09;0.00000000;0.00019699
1985-10-10;0.00000000;0.00019781
1985-10-11;0.00004925;0.00024623
1985-10-14;0.00000000;0.00059096
1985-10-15;0.00000000;0.00019753
1985-10-16;0.00000000;0.00019753
1985-10-17;0.00000000;0.00019699
1985-10-18;0.00000000;0.00019726
1985-10-21;0.00000000;0.00059260
1985-10-22;0.00000000;0.00019616
1985-10-23;0.00000000;0.00019781
1985-10-24;0.00000000;0.00019863
1985-10-25;0.00000000;0.00019836
1985-10-28;0.00000000;0.00059260
1985-10-29;0.00000000;0.00019753
1985-10-30;0.00000000;0.00019699
1985-10-31;-0.00065000;-0.00045301
1985-11-01;0.00161943;0.00181669
1985-11-04;-0.00130172;-0.00070748
1985-11-05;0.00287697;0.00307532
1985-11-06;0.00576425;0.00596288
1985-11-07;-0.00249921;-0.00229921
1985-11-08;0.00566641;0.00586449
1985-11-11;0.00318051;0.00377476
1985-11-12;0.00319046;0.00338827
1985-11-13;-0.00038297;-0.00018352
1985-11-14;0.00024250;0.00044305
1985-11-15;0.00244402;0.00264539
1985-11-18;0.00116417;0.00175924
1985-11-19;0.00042573;0.00062327
1985-11-20;0.00231330;0.00251193
1985-11-21;0.01009461;0.01029269
1985-11-22;0.00325988;0.00345797
1985-11-25;-0.00248452;-0.00189357
1985-11-26;-0.00220465;-0.00200739
1985-11-27;0.00676327;0.00695998
1985-11-28;-0.00465584;-0.00445912
1985-11-29;0.00206847;0.00226463
1985-12-02;-0.00737280;-0.00677608
1985-12-03;-0.00055999;-0.00036191
1985-12-04;0.00729735;0.00749516
1985-12-05;0.00065106;0.00084997
1985-12-06;-0.00441030;-0.00421167
1985-12-09;0.00035999;0.00095177
1985-12-10;0.00148045;0.00167689
1985-12-11;0.00468422;0.00487737
1985-12-12;0.00315386;0.00334784
1985-12-13;0.00986668;0.01005791
1985-12-16;0.00211116;0.00268896
1985-12-17;-0.00564017;-0.00544839
1985-12-18;0.00000205;0.00019739
1985-12-19;0.00395028;0.00414480
1985-12-20;-0.00120068;-0.00100753
1985-12-23;-0.00530560;-0.00472450
1985-12-24;-0.00333524;-0.00314209
1985-12-25;0.00649942;0.00669257
1985-12-26;0.00109702;0.00128908
1985-12-27;0.00565543;0.00584612
1985-12-30;0.00579433;0.00636474
1985-12-31;0.00140264;0.00159579
1986-01-02;-0.00381540;-0.00342636
1986-01-03;0.00224793;0.00244163
1986-01-06;-0.00279390;-0.00221363
1986-01-07;0.00545257;0.00564518
1986-01-08;-0.01077272;-0.01057628
1986-01-09;-0.01173765;-0.01154094
1986-01-10;0.00311303;0.00331057
1986-01-13;-0.00276777;-0.00217270
1986-01-14;-0.00368292;-0.00348456
1986-01-15;0.01345427;0.01365126
1986-01-16;0.00641834;0.00661231
1986-01-17;-0.00169103;-0.00149624
1986-01-20;-0.00814184;-0.00755745
1986-01-21;-0.00466571;-0.00447338
1986-01-22;-0.00266748;-0.00247570
1986-01-23;-0.00204596;-0.00185500
1986-01-24;0.00623404;0.00642500
1986-01-27;0.00559145;0.00616268
1986-01-28;0.00900396;0.00919355
1986-01-29;0.00077093;0.00096353
1986-01-30;-0.00170191;-0.00150903
1986-01-31;0.00660907;0.00680003
1986-02-03;0.00393471;0.00451005
1986-02-04;0.00123623;0.00142746
1986-02-05;0.00167275;0.00186480
1986-02-06;0.00261481;0.00280933
1986-02-07;0.00615884;0.00635637
1986-02-10;0.00576210;0.00635389
1986-02-11;-0.00209758;-0.00190278
1986-02-12;0.00476963;0.00496443
1986-02-13;0.00282776;0.00302228
1986-02-14;0.00597510;0.00616742
1986-02-17;0.00247609;0.00305307
1986-02-18;0.00648413;0.00667646
1986-02-19;-0.00468048;-0.00448650
1986-02-20;0.00119897;0.00139377
1986-02-21;0.00971827;0.00990950
1986-02-24;0.00194035;0.00251733
1986-02-25;-0.00175103;-0.00155788
1986-02-26;0.00110729;0.00130099
1986-02-27;0.00862385;0.00881646
1986-02-28;-0.00113413;-0.00094180
1986-03-03;-0.00276742;-0.00219454
1986-03-04;0.00286292;0.00305032
1986-03-05;0.00291335;0.00310102
1986-03-06;0.00291030;0.00309359
1986-03-07;0.00304743;0.00322852
1986-03-10;0.00448678;0.00503007
1986-03-11;0.01469580;0.01487580
1986-03-12;0.01027116;0.01045253
1986-03-13;0.00308179;0.00326234
1986-03-14;0.00636557;0.00654475
1986-03-17;-0.00150017;-0.00096099
1986-03-18;0.00623603;0.00641521
1986-03-19;-0.00106351;-0.00088570
1986-03-20;0.01071400;0.01089044
1986-03-21;0.00093853;0.00111414
1986-03-24;-0.00420524;-0.00367839
1986-03-25;-0.00715165;-0.00697685
1986-03-26;0.00918150;0.00935712
1986-03-27;0.01034414;0.01051784
1986-03-28;0.00159133;0.00176503
1986-03-31;0.01121384;0.01173494
1986-04-01;-0.00431886;-0.00414544
1986-04-02;0.00100473;0.00117843
1986-04-03;-0.00635928;-0.00618585
1986-04-04;-0.01233508;-0.01216439
1986-04-07;-0.00464804;-0.00413517
1986-04-08;0.00740808;0.00757602
1986-04-09;-0.00060185;-0.00043719
1986-04-10;0.01351747;0.01368240
1986-04-11;0.00340168;0.00356497
1986-04-14;0.00248479;0.00297054
1986-04-15;-0.00299703;-0.00283785
1986-04-16;0.01216342;0.01232150
1986-04-17;0.00585886;0.00601886
1986-04-18;0.00125948;0.00142030
1986-04-21;0.00259222;0.00307468
1986-04-22;-0.00581019;-0.00564718
1986-04-23;-0.00581402;-0.00564718
1986-04-24;0.00023103;0.00039842
1986-04-25;0.00227961;0.00244783
1986-04-28;0.00147428;0.00197565
1986-04-29;-0.00150477;-0.00133792
1986-04-30;-0.00957646;-0.00940933
1986-05-01;0.00000000;0.00016740
1986-05-02;0.00000000;0.00016849
1986-05-05;0.00000000;0.00049808
1986-05-06;0.00024863;0.00041438
1986-05-07;0.00000000;0.00016548
1986-05-08;0.00000000;0.00016548
1986-05-09;0.00000000;0.00016575
1986-05-12;0.00000000;0.00050384
1986-05-13;0.00000000;0.00016685
1986-05-14;0.00000000;0.00016685
1986-05-15;0.00000000;0.00016904
1986-05-16;0.00000000;0.00017014
1986-05-19;0.00000000;0.00050959
1986-05-20;0.00000000;0.00017068
1986-05-21;0.00000000;0.00016986
1986-05-22;0.00000000;0.00016986
1986-05-23;0.00000000;0.00016932
1986-05-26;0.00000000;0.00050795
1986-05-27;0.00037973;0.00054849
1986-05-28;0.00000000;0.00016959
1986-05-29;0.00000000;0.00017260
1986-05-30;0.00000000;0.00017260
1986-06-02;0.00000000;0.00052274
1986-06-03;0.00000000;0.00017562
1986-06-04;0.00000000;0.00017863
1986-06-05;0.00000000;0.00017836
1986-06-06;0.00000000;0.00017315
1986-06-09;0.00000000;0.00052274
1986-06-10;0.00000000;0.00017205
1986-06-11;0.00000000;0.00017370
1986-06-12;0.00000000;0.00017205
1986-06-13;0.00000000;0.00016904
1986-06-16;0.00000000;0.00050301
1986-06-17;0.00000000;0.00016685
1986-06-18;0.00000000;0.00016685
1986-06-19;0.00000000;0.00016740
1986-06-20;0.00000000;0.00016712
1986-06-23;0.00000000;0.00050219
1986-06-24;0.00000000;0.00016658
1986-06-25;0.00000000;0.00016658
1986-06-26;0.00000000;0.00016658
1986-06-27;0.00000000;0.00016493
1986-06-30;0.00000000;0.00048986
1986-07-01;0.00000000;0.00016411
1986-07-02;0.00000000;0.00016438
1986-07-03;0.00000000;0.00016192
1986-07-04;0.00000000;0.00016192
1986-07-07;0.00008041;0.00056288
1986-07-08;0.00000000;0.00016274
1986-07-09;0.00000000;0.00016110
1986-07-10;0.00000000;0.00016027
1986-07-11;0.00000000;0.00015753
1986-07-14;0.00000000;0.00047425
1986-07-15;0.00000000;0.00015808
1986-07-16;0.00000000;0.00015808
1986-07-17;0.00000000;0.00015753
1986-07-18;0.00000000;0.00015644
1986-07-21;0.00000000;0.00047014
1986-07-22;0.00000000;0.00015699
1986-07-23;0.00000000;0.00015918
1986-07-24;0.00000000;0.00015918
1986-07-25;0.00000000;0.00015918
1986-07-28;0.00000000;0.00048411
1986-07-29;0.00000000;0.00016055
1986-07-30;0.00000000;0.00016027
1986-07-31;0.00000000;0.00015863
1986-08-01;0.00000000;0.00015808
1986-08-04;0.00000000;0.00046932
1986-08-05;0.00000000;0.00015644
1986-08-06;0.00000000;0.00015671
1986-08-07;0.00000000;0.00015671
1986-08-08;0.00000000;0.00015616
1986-08-11;0.00000000;0.00046603
1986-08-12;0.00000000;0.00015370
1986-08-13;0.00000000;0.00015260
1986-08-14;0.00000000;0.00015315
1986-08-15;0.00000000;0.00015233
1986-08-18;0.00000000;0.00046110
1986-08-19;0.00000000;0.00015233
1986-08-20;0.00000000;0.00015068
1986-08-21;0.00000000;0.00014712
1986-08-22;0.00000000;0.00014685
1986-08-25;0.00000000;0.00043315
1986-08-26;0.00010870;0.00025363
1986-08-27;0.00000000;0.00014575
1986-08-28;0.00000000;0.00014493
1986-08-29;0.00000000;0.00014164
1986-09-01;0.00000000;0.00042493
1986-09-02;0.00021329;0.00035548
1986-09-03;0.00000000;0.00014356
1986-09-04;0.00000000;0.00014219
1986-09-05;0.00000000;0.00014329
1986-09-08;0.00000000;0.00043068
1986-09-09;0.00000000;0.00014247
1986-09-10;0.00000000;0.00014137
1986-09-11;0.00000000;0.00014274
1986-09-12;0.00000000;0.00014164
1986-09-15;0.00000000;0.00042493
1986-09-16;0.00000000;0.00014055
1986-09-17;0.00000000;0.00014027
1986-09-18;0.00000000;0.00014329
1986-09-19;0.00000000;0.00014384
1986-09-22;0.00000000;0.00043151
1986-09-23;0.00000000;0.00014384
1986-09-24;0.00000000;0.00014356
1986-09-25;0.00000000;0.00014329
1986-09-26;0.00000000;0.00014356
1986-09-29;0.00000000;0.00043233
1986-09-30;0.00000000;0.00014247
1986-10-01;0.00000000;0.00014219
1986-10-02;0.00000000;0.00014219
1986-10-03;0.00000000;0.00013945
1986-10-06;0.00000000;0.00041507
1986-10-07;0.00000000;0.00013863
1986-10-08;0.00000000;0.00013808
1986-10-09;0.00000000;0.00013863
1986-10-10;0.00000000;0.00013863
1986-10-13;0.00003466;0.00045055
1986-10-14;0.00000000;0.00014082
1986-10-15;0.00000000;0.00014192
1986-10-16;0.00000000;0.00014247
1986-10-17;0.00000000;0.00014438
1986-10-20;0.00000000;0.00043644
1986-10-21;0.00000000;0.00014548
1986-10-22;0.00000000;0.00014521
1986-10-23;0.00000000;0.00014411
1986-10-24;0.00000000;0.00014438
1986-10-27;0.00000000;0.00042658
1986-10-28;0.00000000;0.00014247
1986-10-29;0.00000000;0.00014247
1986-10-30;0.00000000;0.00014192
1986-10-31;-0.00065000;-0.00050753
1986-11-03;0.00426400;0.00469221
1986-11-04;0.00019613;0.00033997
1986-11-05;0.00054072;0.00068483
1986-11-06;-0.00089230;-0.00074819
1986-11-07;0.00424116;0.00438691
1986-11-10;-0.00093598;-0.00049050
1986-11-11;0.00697872;0.00712721
1986-11-12;0.00096574;0.00111368
1986-11-13;-0.00916767;-0.00901973
1986-11-14;0.00079580;0.00094374
1986-11-17;-0.00731638;-0.00687254
1986-11-18;-0.01193903;-0.01179246
1986-11-19;-0.00309165;-0.00294563
1986-11-20;0.00892887;0.00907627
1986-11-21;0.01147605;0.01162289
1986-11-24;0.00780794;0.00825013
1986-11-25;0.00384127;0.00398894
1986-11-26;0.00418039;0.00432806
1986-11-27;0.00409152;0.00423919
1986-11-28;0.00555226;0.00569993
1986-12-01;-0.00223153;-0.00178605
1986-12-02;0.00783271;0.00798093
1986-12-03;0.00377270;0.00392092
1986-12-04;0.00039853;0.00054647
1986-12-05;-0.00284656;-0.00269751
1986-12-08;0.00003443;0.00048730
1986-12-09;-0.00319857;-0.00304843
1986-12-10;0.00381871;0.00396912
1986-12-11;-0.00511114;-0.00496072
1986-12-12;-0.00217684;-0.00202643
1986-12-15;-0.00059834;-0.00014629
1986-12-16;0.00446465;0.00461752
1986-12-17;-0.00650676;-0.00635224
1986-12-18;-0.00379204;-0.00363862
1986-12-19;0.00743673;0.00758769
1986-12-22;0.00078836;0.00124288
1986-12-23;-0.00370367;-0.00355162
1986-12-24;0.00212834;0.00228094
1986-12-25;-0.00695246;-0.00679985
1986-12-26;0.00122448;0.00137709
1986-12-29;-0.00552079;-0.00505476
1986-12-30;-0.00160623;-0.00145034
1986-12-31;-0.00090802;-0.00075268
1987-01-02;0.00943001;0.00973412
1987-01-05;0.01314609;0.01360225
1987-01-06;0.00637468;0.00652563
1987-01-07;0.01234900;0.01249777
1987-01-08;0.00693272;0.00708149
1987-01-09;0.00653876;0.00668616
1987-01-12;0.00334797;0.00378934
1987-01-13;-0.00056665;-0.00041980
1987-01-14;0.01070746;0.01085403
1987-01-15;0.01100581;0.01115266
1987-01-16;0.00297469;0.00312072
1987-01-19;0.00751924;0.00795732
1987-01-20;0.00009931;0.00024452
1987-01-21;-0.00431432;-0.00416884
1987-01-22;0.01275470;0.01290210
1987-01-23;-0.00189864;-0.00175069
1987-01-26;-0.00546511;-0.00501388
1987-01-27;0.01378000;0.01393041
1987-01-28;0.00380251;0.00395238
1987-01-29;-0.00429045;-0.00414032
1987-01-30;0.00412360;0.00427703
1987-02-02;0.01082360;0.01128469
1987-02-03;-0.00075131;-0.00059816
1987-02-04;0.00867954;0.00883378
1987-02-05;0.00322765;0.00338080
1987-02-06;0.00157210;0.00172716
1987-02-09;-0.00183973;-0.00136960
1987-02-10;-0.00778336;-0.00762390
1987-02-11;0.01361644;0.01377699
1987-02-12;-0.00298349;-0.00282678
1987-02-13;0.00701599;0.00717079
1987-02-16;0.00434560;0.00480998
1987-02-17;0.01487991;0.01503662
1987-02-18;0.00085412;0.00100755
1987-02-19;-0.00031886;-0.00016955
1987-02-20;0.00036522;0.00051399
1987-02-23;-0.00905896;-0.00861184
1987-02-24;0.00464930;0.00479834
1987-02-25;0.00841934;0.00856865
1987-02-26;0.00482546;0.00497477
1987-02-27;0.00119982;0.00134914
1987-03-02;0.00294487;0.00339528
1987-03-03;0.00251057;0.00266235
1987-03-04;0.00882813;0.00897909
1987-03-05;0.00512324;0.00527447
1987-03-06;-0.00196013;-0.00180561
1987-03-09;-0.00730206;-0.00683850
1987-03-10;0.00713021;0.00728583
1987-03-11;0.00063150;0.00078739
1987-03-12;0.00304272;0.00319806
1987-03-13;-0.00185255;-0.00169858
1987-03-16;-0.00447984;-0.00401545
1987-03-17;0.01083927;0.01099188
1987-03-18;0.00255665;0.00270789
1987-03-19;0.00088687;0.00103755
1987-03-20;0.00928662;0.00943786
1987-03-23;0.00259800;0.00305992
1987-03-24;0.00235469;0.00250839
1987-03-25;-0.00235646;-0.00220386
1987-03-26;0.00134841;0.00150102
1987-03-27;0.00043743;0.00059168
1987-03-30;-0.02337328;-0.02290807
1987-03-31;0.00368843;0.00384213
1987-04-01;0.00289873;0.00305051
1987-04-02;0.00861014;0.00876110
1987-04-03;0.00818834;0.00833902
1987-04-06;0.00531729;0.00576688
1987-04-07;-0.00719335;-0.00704239
1987-04-08;0.00290037;0.00305105
1987-04-09;-0.00624395;-0.00608642
1987-04-10;-0.00118098;-0.00102071
1987-04-13;-0.01786438;-0.01736959
1987-04-14;-0.00602839;-0.00586620
1987-04-15;0.00997479;0.01013041
1987-04-16;0.01111855;0.01127087
1987-04-17;0.00277431;0.00292664
1987-04-20;-0.00495406;-0.00449872
1987-04-21;0.00811534;0.00826602
1987-04-22;-0.00187407;-0.00172558
1987-04-23;0.00012544;0.00027585
1987-04-24;-0.00537045;-0.00521264
1987-04-27;-0.01293666;-0.01246159
1987-04-28;0.00531971;0.00547916
1987-04-29;0.00674836;0.00690480
1987-04-30;0.01176967;0.01192118
1987-05-01;0.00000000;0.00015342
1987-05-04;0.00000000;0.00046603
1987-05-05;0.00015918;0.00031836
1987-05-06;0.00015068;0.00030137
1987-05-07;0.00000000;0.00015151
1987-05-08;0.00000000;0.00015151
1987-05-11;0.00000000;0.00046438
1987-05-12;0.00000000;0.00015342
1987-05-13;0.00000000;0.00015151
1987-05-14;0.00000000;0.00015699
1987-05-15;0.00000000;0.00016301
1987-05-18;0.00000000;0.00048247
1987-05-19;0.00000000;0.00015836
1987-05-20;0.00000000;0.00015589
1987-05-21;0.00000000;0.00015151
1987-05-22;0.00000000;0.00015205
1987-05-25;0.00000000;0.00045616
1987-05-26;0.00034582;0.00049952
1987-05-27;0.00000000;0.00015781
1987-05-28;0.00000000;0.00015425
1987-05-29;0.00000000;0.00015562
1987-06-01;0.00000000;0.00046849
1987-06-02;0.00000000;0.00015781
1987-06-03;0.00000000;0.00015589
1987-06-04;0.00000000;0.00015507
1987-06-05;0.00000000;0.00015562
1987-06-08;0.00000000;0.00046521
1987-06-09;0.00000000;0.00015096
1987-06-10;0.00000000;0.00015014
1987-06-11;0.00000000;0.00015178
1987-06-12;0.00000000;0.00015205
1987-06-15;0.00000000;0.00046438
1987-06-16;0.00000000;0.00015425
1987-06-17;0.00000000;0.00015479
1987-06-18;0.00000000;0.00015479
1987-06-19;0.00000000;0.00015507
1987-06-22;0.00000000;0.00046521
1987-06-23;0.00000000;0.00015671
1987-06-24;0.00000000;0.00015973
1987-06-25;0.00000000;0.00016000
1987-06-26;0.00000000;0.00015836
1987-06-29;0.00000000;0.00046603
1987-06-30;0.00000000;0.00015699
1987-07-01;0.00000000;0.00015452
1987-07-02;0.00000000;0.00015507
1987-07-03;0.00000000;0.00015507
1987-07-06;0.00007767;0.00054370
1987-07-07;0.00000000;0.00015342
1987-07-08;0.00000000;0.00015260
1987-07-09;0.00000000;0.00015370
1987-07-10;0.00000000;0.00015315
1987-07-13;0.00000000;0.00046110
1987-07-14;0.00000000;0.00015205
1987-07-15;0.00000000;0.00015288
1987-07-16;0.00000000;0.00015288
1987-07-17;0.00000000;0.00015233
1987-07-20;0.00000000;0.00045616
1987-07-21;0.00000000;0.00015589
1987-07-22;0.00000000;0.00015507
1987-07-23;0.00000000;0.00015534
1987-07-24;0.00000000;0.00015753
1987-07-27;0.00000000;0.00047753
1987-07-28;0.00000000;0.00016055
1987-07-29;0.00000000;0.00016110
1987-07-30;0.00000000;0.00016630
1987-07-31;0.00000000;0.00016630
1987-08-03;0.00000000;0.00049726
1987-08-04;0.00000000;0.00016027
1987-08-05;0.00000000;0.00016027
1987-08-06;0.00000000;0.00015726
1987-08-07;0.00000000;0.00016027
1987-08-10;0.00000000;0.00048575
1987-08-11;0.00000000;0.00016274
1987-08-12;0.00000000;0.00016301
1987-08-13;0.00000000;0.00016329
1987-08-14;0.00000000;0.00016329
1987-08-17;0.00000000;0.00049151
1987-08-18;0.00000000;0.00016493
1987-08-19;0.00000000;0.00016548
1987-08-20;0.00000000;0.00016740
1987-08-21;0.00000000;0.00016712
1987-08-24;0.00000000;0.00050712
1987-08-25;0.00000000;0.00016932
1987-08-26;0.00000000;0.00017123
1987-08-27;0.00000000;0.00017233
1987-08-28;0.00000000;0.00017288
1987-08-31;0.00000000;0.00051370
1987-09-01;0.00012575;0.00029342
1987-09-02;0.00000000;0.00016685
1987-09-03;0.00000000;0.00016959
1987-09-04;0.00000000;0.00017479
1987-09-07;0.00000000;0.00052438
1987-09-08;0.00026466;0.00044110
1987-09-09;0.00000000;0.00017616
1987-09-10;0.00000000;0.00017342
1987-09-11;0.00000000;0.00017397
1987-09-14;0.00000000;0.00052110
1987-09-15;0.00000000;0.00017370
1987-09-16;0.00004342;0.00021712
1987-09-17;0.00000000;0.00017479
1987-09-18;0.00000000;0.00017589
1987-09-21;0.00000000;0.00053507
1987-09-22;0.00000000;0.00017781
1987-09-23;0.00000000;0.00017726
1987-09-24;0.00004390;0.00021952
1987-09-25;0.00000000;0.00017808
1987-09-28;0.00000000;0.00053671
1987-09-29;0.00000000;0.00018329
1987-09-30;0.00000000;0.00018110
1987-10-01;0.00000000;0.00018164
1987-10-02;0.00000000;0.00018247
1987-10-05;0.00000000;0.00054904
1987-10-06;0.00000000;0.00017945
1987-10-07;0.00000000;0.00017973
1987-10-08;0.00000000;0.00018329
1987-10-09;0.00000000;0.00018493
1987-10-12;0.00000000;0.00055479
1987-10-13;0.00000000;0.00018466
1987-10-14;0.00000000;0.00019699
1987-10-15;0.00000000;0.00019370
1987-10-16;0.00000000;0.00018986
1987-10-19;0.00000000;0.00052521
1987-10-20;0.00000000;0.00016055
1987-10-21;0.00000000;0.00015342
1987-10-22;0.00000000;0.00014685
1987-10-23;0.00000000;0.00014493
1987-10-26;0.00000000;0.00042904
1987-10-27;0.00000000;0.00014329
1987-10-28;0.00000000;0.00013973
1987-10-29;0.00000000;0.00013781
1987-10-30;-0.00065000;-0.00050562
1987-11-02;0.00979397;0.01025589
1987-11-03;-0.03116208;-0.03100783
1987-11-04;-0.01074531;-0.01059353
1987-11-05;0.01408337;0.01423625
1987-11-06;-0.00891614;-0.00875916
1987-11-09;-0.02736881;-0.02690032
1987-11-10;-0.01646874;-0.01631340
1987-11-11;0.00938759;0.00954293
1987-11-12;0.02987656;0.03003629
1987-11-13;0.00068607;0.00084799
1987-11-16;0.00265398;0.00313645
1987-11-17;-0.01718037;-0.01701927
1987-11-18;0.00952376;0.00968184
1987-11-19;-0.01669175;-0.01653668
1987-11-20;0.00094889;0.00110560
1987-11-23;0.00830333;0.00877840
1987-11-24;0.01469849;0.01485658
1987-11-25;-0.00162472;-0.00146855
1987-11-26;0.00016618;0.00032235
1987-11-27;-0.00835163;-0.00819738
1987-11-30;-0.03884617;-0.03841795
1987-12-01;0.00314369;0.00329575
1987-12-02;0.00563247;0.00578288
1987-12-03;-0.01951220;-0.01936535
1987-12-04;-0.00946042;-0.00931165
1987-12-07;0.01235023;0.01282859
1987-12-08;0.02134960;0.02151014
1987-12-09;0.01130010;0.01145983
1987-12-10;-0.00575248;-0.00559029
1987-12-11;0.00546689;0.00562744
1987-12-14;0.01696796;0.01744878
1987-12-15;0.00362605;0.00378852
1987-12-16;0.01502388;0.01518662
1987-12-17;-0.00389992;-0.00373745
1987-12-18;0.01504668;0.01520750
1987-12-21;0.00820848;0.00869094
1987-12-22;-0.00324875;-0.00308628
1987-12-23;0.00999106;0.01014942
1987-12-24;0.00004608;0.00020334
1987-12-25;-0.01890081;-0.01874355
1987-12-28;-0.02880086;-0.02833237
1987-12-29;-0.00939542;-0.00923542
1987-12-30;0.01204628;0.01220272
1987-12-31;-0.01209415;-0.01193854
1988-01-04;0.00107169;0.00171607
1988-01-05;0.02552882;0.02569128
1988-01-06;0.01532117;0.01548117
1988-01-07;0.00626902;0.00642737
1988-01-08;-0.02456728;-0.02440646
1988-01-11;-0.00792196;-0.00745429
1988-01-12;-0.00789807;-0.00773889
1988-01-13;-0.00764960;-0.00749097
1988-01-14;0.00597409;0.00613519
1988-01-15;0.01277283;0.01293393
1988-01-18;0.01209587;0.01257916
1988-01-19;-0.01060312;-0.01043983
1988-01-20;-0.01877742;-0.01861825
1988-01-21;-0.00323914;-0.00307968
1988-01-22;0.01225526;0.01241444
1988-01-25;0.00976540;0.01024457
1988-01-26;-0.00121723;-0.00105778
1988-01-27;-0.00345839;-0.00330113
1988-01-28;0.00554937;0.00570499
1988-01-29;0.00540660;0.00556112
1988-02-01;0.00005017;0.00051538
1988-02-02;0.00088517;0.00104161
1988-02-03;-0.00389946;-0.00374302
1988-02-04;0.00574838;0.00590317
1988-02-05;-0.00615472;-0.00600020
1988-02-08;-0.00450732;-0.00404376
1988-02-09;0.00315806;0.00331149
1988-02-10;0.01302111;0.01317481
1988-02-11;0.00881780;0.00897205
1988-02-12;0.00642117;0.00657871
1988-02-15;0.00877231;0.00924491
1988-02-16;0.00542105;0.00557858
1988-02-17;0.00144128;0.00159854
1988-02-18;-0.00084539;-0.00068950
1988-02-19;0.00340652;0.00356213
1988-02-22;0.01143348;0.01189868
1988-02-23;0.00452376;0.00467801
1988-02-24;0.00141111;0.00156508
1988-02-25;0.00337929;0.00353353
1988-02-26;-0.00314609;-0.00299294
1988-02-29;0.00763693;0.00809884
1988-03-01;0.00355457;0.00370854
1988-03-02;0.00663148;0.00678518
1988-03-03;0.00152058;0.00167400
1988-03-04;0.00161735;0.00177378
1988-03-07;-0.00052723;-0.00005710
1988-03-08;0.00156613;0.00172339
1988-03-09;0.00239278;0.00254977
1988-03-10;-0.00417883;-0.00402129
1988-03-11;-0.00469221;-0.00453523
1988-03-14;0.00182253;0.00229102
1988-03-15;0.00390480;0.00405850
1988-03-16;0.00682226;0.00697595
1988-03-17;0.00509243;0.00524585
1988-03-18;0.00672192;0.00687699
1988-03-21;-0.01014612;-0.00967433
1988-03-22;-0.00121733;-0.00105897
1988-03-23;0.00072644;0.00088617
1988-03-24;-0.01838165;-0.01822302
1988-03-25;-0.01500071;-0.01484455
1988-03-28;-0.00865267;-0.00818089
1988-03-29;0.01191352;0.01207078
1988-03-30;-0.00077552;-0.00061799
1988-03-31;-0.00108337;-0.00092693
1988-04-01;-0.00610269;-0.00594625
1988-04-04;-0.00460303;-0.00412221
1988-04-05;0.00295319;0.00311757
1988-04-06;0.01369543;0.01386118
1988-04-07;0.00659447;0.00676022
1988-04-08;0.00542920;0.00559413
1988-04-11;0.00778598;0.00828242
1988-04-12;0.00296718;0.00312964
1988-04-13;-0.00021023;-0.00004969
1988-04-14;-0.01854466;-0.01838740
1988-04-15;-0.00687701;-0.00671591
1988-04-18;-0.00031644;0.00016438
1988-04-19;0.00246214;0.00262132
1988-04-20;-0.00439199;-0.00423199
1988-04-21;-0.00216206;-0.00200233
1988-04-22;0.00191424;0.00207396
1988-04-25;0.00602397;0.00650479
1988-04-26;0.00410834;0.00426999
1988-04-27;0.00061650;0.00077733
1988-04-28;0.00058218;0.00074547
1988-04-29;-0.00561752;-0.00545369
1988-05-02;0.00004164;0.00054137
1988-05-03;0.00012596;0.00029390
1988-05-04;0.00000000;0.00016822
1988-05-05;0.00000000;0.00016932
1988-05-06;0.00010340;0.00027573
1988-05-09;0.00000000;0.00051863
1988-05-10;0.00000000;0.00017370
1988-05-11;0.00000000;0.00017151
1988-05-12;0.00000000;0.00017014
1988-05-13;0.00003386;0.00020318
1988-05-16;0.00000000;0.00050959
1988-05-17;0.00000000;0.00017260
1988-05-18;0.00000000;0.00017014
1988-05-19;0.00000000;0.00016849
1988-05-20;0.00000000;0.00017096
1988-05-23;0.00000000;0.00051370
1988-05-24;0.00010373;0.00027660
1988-05-25;0.00000000;0.00017342
1988-05-26;0.00000000;0.00017589
1988-05-27;0.00000000;0.00017644
1988-05-30;0.00000000;0.00052932
1988-05-31;0.00031710;0.00049326
1988-06-01;0.00000000;0.00017726
1988-06-02;0.00000000;0.00017644
1988-06-03;0.00003540;0.00021238
1988-06-06;0.00000000;0.00053096
1988-06-07;0.00000000;0.00017616
1988-06-08;0.00000000;0.00017507
1988-06-09;0.00000000;0.00017644
1988-06-10;0.00000000;0.00017671
1988-06-13;0.00000000;0.00052932
1988-06-14;0.00000000;0.00017397
1988-06-15;0.00000000;0.00017370
1988-06-16;0.00000000;0.00017233
1988-06-17;0.00000000;0.00017452
1988-06-20;0.00003490;0.00055847
1988-06-21;0.00000000;0.00017973
1988-06-22;0.00000000;0.00017863
1988-06-23;0.00000000;0.00017863
1988-06-24;0.00000000;0.00017836
1988-06-27;0.00000000;0.00053918
1988-06-28;0.00000000;0.00018082
1988-06-29;0.00000000;0.00018027
1988-06-30;0.00000000;0.00017973
1988-07-01;0.00000000;0.00017945
1988-07-04;0.00000000;0.00053836
1988-07-05;0.00021567;0.00039540
1988-07-06;0.00000000;0.00017890
1988-07-07;0.00000000;0.00017945
1988-07-08;0.00000000;0.00018247
1988-07-11;0.00000000;0.00054329
1988-07-12;0.00000000;0.00018438
1988-07-13;0.00000000;0.00018411
1988-07-14;0.00000000;0.00018438
1988-07-15;0.00000000;0.00018411
1988-07-18;0.00000000;0.00054740
1988-07-19;0.00000000;0.00018329
1988-07-20;0.00000000;0.00018384
1988-07-21;0.00000000;0.00018575
1988-07-22;0.00000000;0.00018466
1988-07-25;0.00000000;0.00055890
1988-07-26;0.00000000;0.00018877
1988-07-27;0.00000000;0.00019178
1988-07-28;0.00000000;0.00019151
1988-07-29;0.00000000;0.00019041
1988-08-01;0.00000000;0.00056795
1988-08-02;0.00000000;0.00018904
1988-08-03;0.00000000;0.00018904
1988-08-04;0.00000000;0.00018740
1988-08-05;0.00000000;0.00018959
1988-08-08;0.00000000;0.00056219
1988-08-09;0.00000000;0.00019342
1988-08-10;0.00000000;0.00019151
1988-08-11;0.00000000;0.00019205
1988-08-12;0.00000000;0.00019205
1988-08-15;0.00000000;0.00057452
1988-08-16;0.00000000;0.00019342
1988-08-17;0.00000000;0.00019260
1988-08-18;0.00000000;0.00019233
1988-08-19;0.00000000;0.00019342
1988-08-22;0.00000000;0.00058027
1988-08-23;0.00000000;0.00019616
1988-08-24;0.00000000;0.00019671
1988-08-25;0.00000000;0.00019863
1988-08-26;-0.00000000;0.00020082
1988-08-29;0.00000000;0.00060164
1988-08-30;0.00012000;0.00032000
1988-08-31;0.00000000;0.00020000
1988-09-01;0.00000000;0.00019945
1988-09-02;0.00000000;0.00019781
1988-09-05;0.00000000;0.00059342
1988-09-06;0.00023868;0.00043759
1988-09-07;-0.00000000;0.00020082
1988-09-08;0.00000000;0.00020055
1988-09-09;0.00000000;0.00019945
1988-09-12;0.00000000;0.00059425
1988-09-13;0.00000000;0.00019644
1988-09-14;0.00000000;0.00019616
1988-09-15;0.00000000;0.00019644
1988-09-16;0.00003918;0.00023507
1988-09-19;0.00000000;0.00058603
1988-09-20;0.00000000;0.00019726
1988-09-21;0.00000000;0.00019699
1988-09-22;0.00000000;0.00019726
1988-09-23;0.00000000;0.00019808
1988-09-26;0.00004000;0.00064000
1988-09-27;-0.00000000;0.00020082
1988-09-28;0.00000000;0.00020110
1988-09-29;0.00000000;0.00019973
1988-09-30;0.00000000;0.00019863
1988-10-03;0.00000000;0.00059507
1988-10-04;-0.00000000;0.00019808
1988-10-05;0.00000000;0.00019781
1988-10-06;0.00000000;0.00020000
1988-10-07;0.00000000;0.00019918
1988-10-10;0.00000000;0.00059753
1988-10-11;0.00011984;0.00031956
1988-10-12;0.00000000;0.00019945
1988-10-13;0.00000000;0.00020110
1988-10-14;0.00000000;0.00020055
1988-10-17;0.00000000;0.00060247
1988-10-18;0.00000000;0.00020164
1988-10-19;-0.00000000;0.00020356
1988-10-20;-0.00000000;0.00020411
1988-10-21;0.00000000;0.00020384
1988-10-24;0.00000000;0.00061726
1988-10-25;0.00000000;0.00020384
1988-10-26;0.00000000;0.00020301
1988-10-27;0.00000000;0.00020219
1988-10-28;0.00000000;0.00020192
1988-10-31;-0.00065000;-0.00004507
1988-11-01;0.00005697;0.00025807
1988-11-02;-0.00344889;-0.00324697
1988-11-03;-0.00507487;-0.00487213
1988-11-04;-0.00134534;-0.00114123
1988-11-07;-0.00986471;-0.00924991
1988-11-08;0.00898089;0.00918883
1988-11-09;-0.00212150;-0.00191410
1988-11-10;-0.00332546;-0.00311615
1988-11-11;-0.01137851;-0.01116919
1988-11-14;-0.00163704;-0.00099759
1988-11-15;0.00431309;0.00453090
1988-11-16;-0.00607471;-0.00585717
1988-11-17;0.00291320;0.00313019
1988-11-18;0.00501608;0.00523362
1988-11-21;-0.00335964;-0.00270293
1988-11-22;0.00143848;0.00165766
1988-11-23;0.00954548;0.00976494
1988-11-24;-0.00265154;-0.00243209
1988-11-25;-0.00770693;-0.00748693
1988-11-28;-0.00578686;-0.00513097
1988-11-29;0.00546595;0.00568485
1988-11-30;0.00896394;0.00917846
1988-12-01;0.00090101;0.00111607
1988-12-02;-0.00343335;-0.00321225
1988-12-05;0.00474464;0.00540300
1988-12-06;0.00588884;0.00610665
1988-12-07;0.00311296;0.00333186
1988-12-08;-0.00635031;-0.00613168
1988-12-09;-0.00012805;0.00008784
1988-12-12;-0.00404600;-0.00339669
1988-12-13;-0.00211513;-0.00189322
1988-12-14;0.00224337;0.00246584
1988-12-15;-0.00150285;-0.00127847
1988-12-16;0.00659636;0.00681992
1988-12-19;0.00384934;0.00452249
1988-12-20;0.00306019;0.00328430
1988-12-21;-0.00189579;-0.00167387
1988-12-22;0.00007376;0.00029431
1988-12-23;0.00186168;0.00208222
1988-12-26;0.00545327;0.00611492
1988-12-27;0.00288305;0.00310634
1988-12-28;0.00061935;0.00084565
1988-12-29;0.00590096;0.00612369
1988-12-30;-0.00269419;-0.00247228
1989-01-02;-0.00388340;-0.00321764
1989-01-03;-0.00194478;-0.00172176
1989-01-04;0.00981005;0.01003607
1989-01-05;0.00082610;0.00105267
1989-01-06;-0.00055988;-0.00033275
1989-01-09;0.00660644;0.00728699
1989-01-10;-0.00119755;-0.00097015
1989-01-11;0.00259015;0.00281591
1989-01-12;0.00521554;0.00544184
1989-01-13;0.00205330;0.00227823
1989-01-16;-0.00141879;-0.00074399
1989-01-17;-0.00616742;-0.00594166
1989-01-18;0.00534659;0.00557289
1989-01-19;0.00739157;0.00761704
1989-01-20;-0.00240315;-0.00217739
1989-01-23;-0.00517385;-0.00449413
1989-01-24;0.00999487;0.01021980
1989-01-25;0.00449735;0.00472448
1989-01-26;0.00381630;0.00404479
1989-01-27;0.00795906;0.00818728
1989-01-30;0.00381295;0.00449350
1989-01-31;0.00257587;0.00280573
1989-02-01;-0.00377649;-0.00354717
1989-02-02;0.00371520;0.00394479
1989-02-03;0.00609698;0.00632931
1989-02-06;-0.00274798;-0.00204688
1989-02-07;0.00988146;0.01011516
1989-02-08;0.00218947;0.00242317
1989-02-09;-0.00590484;-0.00567251
1989-02-10;-0.00832249;-0.00808824
1989-02-13;-0.00549971;-0.00479697
1989-02-14;0.00092818;0.00116270
1989-02-15;0.00234430;0.00257691
1989-02-16;-0.00094384;-0.00071096
1989-02-17;0.00293358;0.00316590
1989-02-20;0.00329940;0.00399638
1989-02-21;-0.00435370;-0.00412165
1989-02-22;-0.00899541;-0.00876171
1989-02-23;-0.00300136;-0.00276547
1989-02-24;-0.00437632;-0.00413934
1989-02-27;-0.00659694;-0.00588352
1989-02-28;0.00236366;0.00260229
1989-03-01;0.00262924;0.00286651
1989-03-02;0.00591223;0.00614949
1989-03-03;0.00576908;0.00600552
1989-03-06;0.00537977;0.00608415
1989-03-07;-0.00054773;-0.00031157
1989-03-08;-0.00366661;-0.00343072
1989-03-09;-0.00289877;-0.00266151
1989-03-10;0.00053919;0.00077864
1989-03-13;0.00117054;0.00189054
1989-03-14;0.00514885;0.00538721
1989-03-15;0.00334578;0.00358332
1989-03-16;0.00136078;0.00159914
1989-03-17;-0.01415762;-0.01391516
1989-03-20;-0.01312395;-0.01238505
1989-03-21;0.00682233;0.00707137
1989-03-22;-0.00501798;-0.00477113
1989-03-23;0.00018518;0.00043285
1989-03-24;-0.00088906;-0.00064139
1989-03-27;0.00089815;0.00164610
1989-03-28;0.00845677;0.00870526
1989-03-29;0.00488647;0.00513195
1989-03-30;0.00021941;0.00046462
1989-03-31;0.00615903;0.00640286
1989-04-03;0.00495334;0.00567827
1989-04-04;0.00111239;0.00135376
1989-04-05;0.00153764;0.00177929
1989-04-06;-0.00469940;-0.00445721
1989-04-07;0.00306552;0.00330662
1989-04-10;-0.00049163;0.00022590
1989-04-11;0.00589376;0.00613157
1989-04-12;0.00311784;0.00335510
1989-04-13;-0.00179736;-0.00155709
1989-04-14;0.00643279;0.00666868
1989-04-17;0.00307473;0.00378241
1989-04-18;0.00620619;0.00643714
1989-04-19;0.00329886;0.00352982
1989-04-20;-0.00506335;-0.00482664
1989-04-21;0.00031773;0.00055445
1989-04-24;-0.00343483;-0.00272223
1989-04-25;0.00030919;0.00054563
1989-04-26;0.00403428;0.00426798
1989-04-27;0.00645594;0.00668635
1989-04-28;0.00144466;0.00167507
1989-05-01;-0.00000000;0.00070849
1989-05-02;0.00028208;0.00051715
1989-05-03;0.00000000;0.00023370
1989-05-04;0.00000000;0.00023370
1989-05-05;0.00005774;0.00028870
1989-05-08;0.00013956;0.00083737
1989-05-09;0.00000000;0.00023288
1989-05-10;0.00000000;0.00023342
1989-05-11;0.00000000;0.00023068
1989-05-12;0.00000000;0.00022493
1989-05-15;0.00000000;0.00067726
1989-05-16;0.00013529;0.00036077
1989-05-17;0.00000000;0.00022685
1989-05-18;0.00000000;0.00022959
1989-05-19;0.00000000;0.00022877
1989-05-22;0.00000000;0.00068384
1989-05-23;0.00000000;0.00022685
1989-05-24;0.00000000;0.00022932
1989-05-25;0.00000000;0.00023397
1989-05-26;0.00004668;0.00028011
1989-05-29;0.00000000;0.00070027
1989-05-30;0.00042312;0.00065819
1989-05-31;0.00000000;0.00023589
1989-06-01;0.00000000;0.00023589
1989-06-02;0.00000000;0.00022904
1989-06-05;0.00000000;0.00067890
1989-06-06;-0.00000000;0.00022356
1989-06-07;-0.00000000;0.00022301
1989-06-08;-0.00000000;0.00022247
1989-06-09;0.00000000;0.00022521
1989-06-12;0.00000000;0.00067315
1989-06-13;-0.00000000;0.00022356
1989-06-14;-0.00000000;0.00022247
1989-06-15;0.00000000;0.00022164
1989-06-16;-0.00000000;0.00022301
1989-06-19;0.00000000;0.00066986
1989-06-20;-0.00000000;0.00022329
1989-06-21;0.00000000;0.00022274
1989-06-22;-0.00000000;0.00022329
1989-06-23;0.00000000;0.00022055
1989-06-26;0.00000000;0.00066575
1989-06-27;0.00000000;0.00022055
1989-06-28;0.00000000;0.00022027
1989-06-29;0.00000000;0.00021781
1989-06-30;0.00000000;0.00021890
1989-07-03;0.00000000;0.00065507
1989-07-04;0.00000000;0.00021836
1989-07-05;0.00008526;0.00029841
1989-07-06;0.00000000;0.00021288
1989-07-07;0.00000000;0.00021178
1989-07-10;0.00000000;0.00063699
1989-07-11;0.00000000;0.00021260
1989-07-12;0.00000000;0.00021178
1989-07-13;0.00000000;0.00021288
1989-07-14;0.00000000;0.00021479
1989-07-17;0.00000000;0.00065096
1989-07-18;-0.00000000;0.00021671
1989-07-19;0.00000000;0.00021726
1989-07-20;0.00000000;0.00021836
1989-07-21;-0.00000000;0.00022247
1989-07-24;0.00000000;0.00066575
1989-07-25;0.00000000;0.00022000
1989-07-26;0.00000000;0.00021973
1989-07-27;-0.00000000;0.00021644
1989-07-28;0.00000000;0.00021534
1989-07-31;0.00000000;0.00064110
1989-08-01;0.00000000;0.00020904
1989-08-02;0.00000000;0.00020904
1989-08-03;0.00000000;0.00020932
1989-08-04;0.00000000;0.00021562
1989-08-07;0.00000000;0.00065342
1989-08-08;0.00000000;0.00021753
1989-08-09;-0.00000000;0.00021671
1989-08-10;0.00000000;0.00021534
1989-08-11;0.00000000;0.00021808
1989-08-14;0.00000000;0.00066247
1989-08-15;0.00000000;0.00022000
1989-08-16;0.00000000;0.00021753
1989-08-17;0.00000000;0.00021589
1989-08-18;0.00000000;0.00021534
1989-08-21;0.00000000;0.00065096
1989-08-22;0.00000000;0.00022055
1989-08-23;-0.00000000;0.00021918
1989-08-24;0.00000000;0.00021808
1989-08-25;0.00000000;0.00021808
1989-08-28;0.00000000;0.00065589
1989-08-29;0.00012986;0.00034630
1989-08-30;0.00000000;0.00021562
1989-08-31;-0.00000000;0.00021616
1989-09-01;0.00000000;0.00021534
1989-09-04;0.00000000;0.00064603
1989-09-05;0.00025907;0.00047496
1989-09-06;0.00000000;0.00021425
1989-09-07;0.00000000;0.00021370
1989-09-08;0.00000000;0.00021315
1989-09-11;0.00000000;0.00063205
1989-09-12;0.00000000;0.00020877
1989-09-13;0.00000000;0.00020795
1989-09-14;0.00000000;0.00020767
1989-09-15;0.00000000;0.00020630
1989-09-18;0.00004170;0.00066718
1989-09-19;0.00000000;0.00020986
1989-09-20;0.00000000;0.00021397
1989-09-21;0.00000000;0.00021452
1989-09-22;0.00000000;0.00021260
1989-09-25;0.00000000;0.00064274
1989-09-26;0.00000000;0.00021260
1989-09-27;0.00000000;0.00021452
1989-09-28;0.00000000;0.00021562
1989-09-29;-0.00000000;0.00021671
1989-10-02;0.00000000;0.00064849
1989-10-03;0.00000000;0.00021315
1989-10-04;0.00000000;0.00021315
1989-10-05;0.00000000;0.00021260
1989-10-06;0.00000000;0.00020767
1989-10-09;0.00000000;0.00062301
1989-10-10;0.00000000;0.00020904
1989-10-11;0.00004219;0.00025315
1989-10-12;0.00000000;0.00021096
1989-10-13;0.00000000;0.00020849
1989-10-16;0.00000000;0.00061151
1989-10-17;-0.00000000;0.00020356
1989-10-18;0.00000000;0.00020548
1989-10-19;0.00000000;0.00020740
1989-10-20;0.00000000;0.00020685
1989-10-23;0.00000000;0.00062219
1989-10-24;0.00000000;0.00020548
1989-10-25;0.00000000;0.00020712
1989-10-26;0.00000000;0.00020822
1989-10-27;0.00000000;0.00021260
1989-10-30;0.00000000;0.00063699
1989-10-31;-0.00065000;-0.00043712
1989-11-01;0.00377255;0.00398571
1989-11-02;-0.00714454;-0.00693276
1989-11-03;-0.00257608;-0.00236129
1989-11-06;-0.00780229;-0.00715544
1989-11-07;0.00161710;0.00182942
1989-11-08;0.00914452;0.00935520
1989-11-09;0.00316764;0.00337860
1989-11-10;0.00805637;0.00826760
1989-11-13;0.00500018;0.00563306
1989-11-14;-0.00536577;-0.00515590
1989-11-15;0.00129738;0.00150669
1989-11-16;0.00204082;0.00225068
1989-11-17;0.00436505;0.00457546
1989-11-20;-0.00426156;-0.00363033
1989-11-21;-0.00211182;-0.00190278
1989-11-22;0.00486460;0.00507255
1989-11-23;0.01249860;0.01270655
1989-11-24;0.00554738;0.00575313
1989-11-27;0.00301666;0.00364625
1989-11-28;0.00045938;0.00067061
1989-11-29;0.00217630;0.00238616
1989-11-30;0.00404431;0.00425226
1989-12-01;0.01164498;0.01185128
1989-12-04;0.00553187;0.00615242
1989-12-05;0.00048497;0.00069210
1989-12-06;0.00361269;0.00382201
1989-12-07;0.00194032;0.00215100
1989-12-08;-0.00207403;-0.00186553
1989-12-11;-0.00415601;-0.00352807
1989-12-12;0.00046087;0.00067073
1989-12-13;0.00133035;0.00154104
1989-12-14;-0.00380502;-0.00359626
1989-12-15;-0.00423333;-0.00402457
1989-12-18;-0.00390415;-0.00327950
1989-12-19;-0.00188353;-0.00167340
1989-12-20;0.00776386;0.00797126
1989-12-21;0.00212971;0.00233683
1989-12-22;0.00361624;0.00382418
1989-12-25;0.00944391;0.01006775
1989-12-26;0.00148335;0.00169595
1989-12-27;0.01366687;0.01387865
1989-12-28;0.00672055;0.00693096
1989-12-29;0.00708967;0.00729652
1990-01-02;0.01064419;0.01147488
1990-01-03;0.01136082;0.01156986
1990-01-04;-0.00899357;-0.00878562
1990-01-05;-0.00836876;-0.00816219
1990-01-08;0.00283038;0.00345010
1990-01-09;-0.00344851;-0.00324166
1990-01-10;-0.01140325;-0.01119777
1990-01-11;0.00066885;0.00087570
1990-01-12;-0.01417011;-0.01396463
1990-01-15;-0.00840918;-0.00779274
1990-01-16;-0.00256149;-0.00235245
1990-01-17;-0.00095329;-0.00074206
1990-01-18;-0.00770100;-0.00748785
1990-01-19;0.00436496;0.00457701
1990-01-22;-0.01089890;-0.01026355
1990-01-23;-0.00013165;0.00007849
1990-01-24;-0.01340183;-0.01319169
1990-01-25;0.00662430;0.00683498
1990-01-26;-0.00044279;-0.00023238
1990-01-29;0.00265960;0.00329576
1990-01-30;-0.00629103;-0.00607897
1990-01-31;0.00973470;0.00994675
1990-02-01;0.00503670;0.00524930
1990-02-02;0.01281730;0.01303127
1990-02-05;0.00352291;0.00416565
1990-02-06;-0.00533993;-0.00512569
1990-02-07;-0.00331678;-0.00310281
1990-02-08;0.00445123;0.00466520
1990-02-09;-0.00269459;-0.00248199
1990-02-12;-0.01481379;-0.01417845
1990-02-13;0.00167713;0.00188481
1990-02-14;-0.00027121;-0.00006272
1990-02-15;0.00739993;0.00761117
1990-02-16;0.00267823;0.00288892
1990-02-19;-0.00724921;-0.00661715
1990-02-20;-0.01567324;-0.01545954
1990-02-21;-0.01105266;-0.01084033
1990-02-22;0.00119716;0.00140894
1990-02-23;-0.01654232;-0.01633191
1990-02-26;-0.00440081;-0.00376711
1990-02-27;0.00960857;0.00982035
1990-02-28;0.00810289;0.00831577
1990-03-01;-0.00560793;-0.00539395
1990-03-02;0.00759344;0.00780604
1990-03-05;-0.00245840;-0.00181566
1990-03-06;-0.00070667;-0.00049023
1990-03-07;-0.00043534;-0.00021863
1990-03-08;0.01048194;0.01069865
1990-03-09;-0.00077357;-0.00055466
1990-03-12;-0.00682564;-0.00616893
1990-03-13;-0.00552666;-0.00530803
1990-03-14;0.00062522;0.00084303
1990-03-15;0.00519086;0.00540839
1990-03-16;0.00826902;0.00848600
1990-03-19;-0.00400917;-0.00335657
1990-03-20;-0.00721139;-0.00699303
1990-03-21;-0.00024328;-0.00002547
1990-03-22;-0.01105083;-0.01083439
1990-03-23;0.00724273;0.00745862
1990-03-26;0.01381771;0.01446374
1990-03-27;-0.00065171;-0.00043527
1990-03-28;-0.00655140;-0.00633633
1990-03-29;-0.00062538;-0.00041086
1990-03-30;-0.00762428;-0.00741058
1990-04-02;-0.02052605;-0.01988660
1990-04-03;0.01692571;0.01713996
1990-04-04;-0.00636452;-0.00615219
1990-04-05;-0.00321803;-0.00300543
1990-04-06;0.00423169;0.00444429
1990-04-09;0.00400460;0.00464734
1990-04-10;-0.00545222;-0.00523906
1990-04-11;-0.00283175;-0.00261915
1990-04-12;0.00647787;0.00669047
1990-04-13;-0.01403139;-0.01381879
1990-04-16;-0.00743115;-0.00679499
1990-04-17;-0.00067081;-0.00045821
1990-04-18;-0.00286076;-0.00264678
1990-04-19;-0.00349218;-0.00327875
1990-04-20;-0.00281726;-0.00260658
1990-04-23;-0.01366707;-0.01303173
1990-04-24;-0.00369004;-0.00347743
1990-04-25;0.00100400;0.00121743
1990-04-26;-0.00290968;-0.00269544
1990-04-27;-0.00755864;-0.00734522
1990-04-30;0.00164363;0.00228391
1990-05-01;0.00016274;0.00037973
1990-05-02;0.00004329;0.00025973
1990-05-03;0.00000000;0.00021589
1990-05-04;0.00000000;0.00021260
1990-05-07;0.00010712;0.00074986
1990-05-08;0.00012805;0.00034148
1990-05-09;0.00000000;0.00021233
1990-05-10;0.00000000;0.00021123
1990-05-11;0.00000000;0.00020877
1990-05-14;0.00000000;0.00062712
1990-05-15;0.00000000;0.00020959
1990-05-16;0.00000000;0.00021014
1990-05-17;0.00000000;0.00021014
1990-05-18;0.00000000;0.00021233
1990-05-21;0.00000000;0.00063699
1990-05-22;0.00000000;0.00021178
1990-05-23;0.00000000;0.00020959
1990-05-24;0.00000000;0.00021068
1990-05-25;0.00004247;0.00025479
1990-05-28;0.00000000;0.00063699
1990-05-29;0.00038219;0.00059452
1990-05-30;0.00000000;0.00021260
1990-05-31;0.00000000;0.00021233
1990-06-01;0.00000000;0.00021041
1990-06-04;0.00000000;0.00063288
1990-06-05;0.00012658;0.00033753
1990-06-06;0.00000000;0.00021096
1990-06-07;0.00000000;0.00021096
1990-06-08;0.00000000;0.00021096
1990-06-11;0.00000000;0.00063534
1990-06-12;0.00000000;0.00021178
1990-06-13;0.00000000;0.00021014
1990-06-14;0.00000000;0.00020986
1990-06-15;0.00004214;0.00025282
1990-06-18;0.00000000;0.00063041
1990-06-19;0.00000000;0.00021205
1990-06-20;0.00000000;0.00021260
1990-06-21;0.00000000;0.00021288
1990-06-22;0.00000000;0.00021315
1990-06-25;0.00000000;0.00064027
1990-06-26;0.00000000;0.00021370
1990-06-27;0.00000000;0.00021315
1990-06-28;0.00000000;0.00021205
1990-06-29;0.00000000;0.00021205
1990-07-02;0.00000000;0.00063616
1990-07-03;0.00000000;0.00021096
1990-07-04;-0.00000000;0.00021096
1990-07-05;0.00008395;0.00029381
1990-07-06;0.00000000;0.00021233
1990-07-09;0.00000000;0.00064110
1990-07-10;0.00000000;0.00021370
1990-07-11;0.00000000;0.00021315
1990-07-12;0.00000000;0.00021041
1990-07-13;0.00000000;0.00020822
1990-07-16;0.00000000;0.00062548
1990-07-17;0.00000000;0.00020849
1990-07-18;0.00000000;0.00020685
1990-07-19;-0.00000000;0.00020658
1990-07-20;-0.00000000;0.00020658
1990-07-23;0.00000000;0.00061479
1990-07-24;0.00000000;0.00020630
1990-07-25;0.00000000;0.00020712
1990-07-26;0.00000000;0.00020767
1990-07-27;-0.00000000;0.00020603
1990-07-30;0.00000000;0.00061644
1990-07-31;-0.00000000;0.00020521
1990-08-01;0.00000000;0.00020329
1990-08-02;-0.00000000;0.00020356
1990-08-03;0.00000000;0.00019973
1990-08-06;0.00000000;0.00060000
1990-08-07;0.00000000;0.00020192
1990-08-08;0.00000000;0.00020219
1990-08-09;0.00000000;0.00020301
1990-08-10;0.00000000;0.00020274
1990-08-13;0.00000000;0.00060986
1990-08-14;-0.00000000;0.00020356
1990-08-15;-0.00000000;0.00020411
1990-08-16;-0.00000000;0.00020493
1990-08-17;-0.00000000;0.00020466
1990-08-20;0.00000000;0.00061808
1990-08-21;0.00000000;0.00020740
1990-08-22;0.00000000;0.00020795
1990-08-23;-0.00000000;0.00020658
1990-08-24;-0.00000000;0.00020521
1990-08-27;0.00000000;0.00061890
1990-08-28;0.00012296;0.00032789
1990-08-29;-0.00000000;0.00020466
1990-08-30;-0.00000000;0.00020411
1990-08-31;0.00000000;0.00020247
1990-09-03;0.00000000;0.00060740
1990-09-04;0.00024296;0.00044542
1990-09-05;0.00000000;0.00020192
1990-09-06;0.00000000;0.00020219
1990-09-07;0.00000000;0.00020247
1990-09-10;0.00000000;0.00061068
1990-09-11;0.00000000;0.00020329
1990-09-12;0.00000000;0.00020192
1990-09-13;0.00000000;0.00020137
1990-09-14;0.00000000;0.00020137
1990-09-17;0.00000000;0.00060575
1990-09-18;0.00000000;0.00020192
1990-09-19;0.00000000;0.00020247
1990-09-20;0.00000000;0.00020247
1990-09-21;0.00000000;0.00020164
1990-09-24;0.00000000;0.00060658
1990-09-25;0.00012082;0.00032219
1990-09-26;-0.00000000;0.00020082
1990-09-27;-0.00000000;0.00019808
1990-09-28;0.00000000;0.00019562
1990-10-01;0.00000000;0.00058603
1990-10-02;0.00000000;0.00019671
1990-10-03;0.00000000;0.00019589
1990-10-04;0.00003907;0.00023441
1990-10-05;0.00000000;0.00019288
1990-10-08;0.00000000;0.00057863
1990-10-09;0.00000000;0.00019644
1990-10-10;0.00000000;0.00019726
1990-10-11;0.00003901;0.00023408
1990-10-12;0.00000000;0.00019562
1990-10-15;0.00000000;0.00058849
1990-10-16;0.00000000;0.00019616
1990-10-17;0.00000000;0.00019726
1990-10-18;0.00000000;0.00019863
1990-10-19;0.00000000;0.00019863
1990-10-22;0.00000000;0.00059425
1990-10-23;0.00000000;0.00019753
1990-10-24;0.00000000;0.00019781
1990-10-25;0.00000000;0.00019671
1990-10-26;0.00000000;0.00019534
1990-10-29;0.00000000;0.00058767
1990-10-30;0.00000000;0.00019562
1990-10-31;-0.00065000;-0.00045521
1990-11-01;-0.00894968;-0.00875653
1990-11-02;0.00685446;0.00704843
1990-11-05;0.00936600;0.00994792
1990-11-06;-0.00631432;-0.00612035
1990-11-07;-0.01607605;-0.01588180
1990-11-08;-0.00552939;-0.00533514
1990-11-09;0.01052048;0.01071363
1990-11-12;0.01883469;0.01941414
1990-11-13;0.01116179;0.01135467
1990-11-14;0.00025184;0.00044554
1990-11-15;-0.00553559;-0.00534135
1990-11-16;-0.00503226;-0.00483829
1990-11-19;0.01331452;0.01389808
1990-11-20;-0.00791740;-0.00772315
1990-11-21;-0.00163654;-0.00144366
1990-11-22;0.01683783;0.01703070
1990-11-23;0.00137418;0.00156678
1990-11-26;0.00013408;0.00071189
1990-11-27;0.00152210;0.00171498
1990-11-28;-0.00717934;-0.00698592
1990-11-29;-0.00360948;-0.00341687
1990-11-30;0.00573913;0.00593146
1990-12-03;0.01054544;0.01112489
1990-12-04;-0.01000317;-0.00981112
1990-12-05;0.01149346;0.01168524
1990-12-06;0.00986158;0.01005336
1990-12-07;0.01041473;0.01060349
1990-12-10;0.00288223;0.00344606
1990-12-11;-0.00813044;-0.00794304
1990-12-12;0.00729207;0.00747809
1990-12-13;0.00725328;0.00744041
1990-12-14;-0.00821231;-0.00802464
1990-12-17;-0.00818629;-0.00762656
1990-12-18;0.00828972;0.00847411
1990-12-19;0.00375813;0.00393950
1990-12-20;-0.00967779;-0.00949833
1990-12-21;-0.00029086;-0.00011031
1990-12-24;-0.00592184;-0.00538513
1990-12-25;-0.01476808;-0.01458917
1990-12-26;0.00140182;0.00157935
1990-12-27;-0.00273235;-0.00255509
1990-12-28;-0.00443787;-0.00426116
1990-12-31;0.00023388;0.00076320
1991-01-02;-0.01131892;-0.01096494
1991-01-03;-0.00714120;-0.00696476
1991-01-04;0.00531361;0.00549251
1991-01-07;-0.01731372;-0.01677866
1991-01-08;-0.00990293;-0.00972650
1991-01-09;0.00308602;0.00325726
1991-01-10;0.00646586;0.00663600
1991-01-11;0.00193699;0.00210576
1991-01-14;-0.01198774;-0.01149048
1991-01-15;-0.00356022;-0.00339447
1991-01-16;0.00218812;0.00235360
1991-01-17;0.03929005;0.03945772
1991-01-18;0.00710197;0.00726828
1991-01-21;-0.00533433;-0.00483542
1991-01-22;-0.00787375;-0.00770800
1991-01-23;0.00154586;0.00171408
1991-01-24;0.01207085;0.01223879
1991-01-25;0.00494330;0.00511234
1991-01-28;0.00159396;0.00210766
1991-01-29;0.00188661;0.00205703
1991-01-30;0.01141805;0.01158791
1991-01-31;0.00866961;0.00883920
1991-02-01;-0.00103160;-0.00086721
1991-02-04;0.01059530;0.01108681
1991-02-05;0.01241239;0.01257595
1991-02-06;0.00627952;0.00644144
1991-02-07;0.00429135;0.00445409
1991-02-08;0.00490454;0.00506674
1991-02-11;0.02236076;0.02284405
1991-02-12;-0.00180700;-0.00164672
1991-02-13;0.00720660;0.00736715
1991-02-14;-0.00052946;-0.00036919
1991-02-15;0.00532962;0.00549154
1991-02-18;0.02698817;0.02747392
1991-02-19;0.00497421;0.00513750
1991-02-20;-0.00868265;-0.00851991
1991-02-21;-0.00066967;-0.00050748
1991-02-22;0.00159962;0.00176263
1991-02-25;0.01171018;0.01220251
1991-02-26;-0.01198082;-0.01181534
1991-02-27;0.00350705;0.00367225
1991-02-28;0.00639045;0.00655593
1991-03-01;-0.00548924;-0.00532239
1991-03-04;0.00117852;0.00167660
1991-03-05;0.01570337;0.01586912
1991-03-06;0.01205437;0.01222094
1991-03-07;-0.00058198;-0.00041567
1991-03-08;0.00333905;0.00350261
1991-03-11;-0.01015013;-0.00966602
1991-03-12;-0.00608774;-0.00592719
1991-03-13;0.00331796;0.00347769
1991-03-14;0.00412850;0.00428631
1991-03-15;0.00182690;0.00198581
1991-03-18;-0.00029556;0.00018444
1991-03-19;-0.01004925;-0.00988788
1991-03-20;-0.00482032;-0.00465922
1991-03-21;-0.00119100;-0.00103018
1991-03-22;-0.00427081;-0.00410998
1991-03-25;0.00329009;0.00377338
1991-03-26;0.00715387;0.00731441
1991-03-27;0.00331691;0.00347609
1991-03-28;-0.00127725;-0.00111999
1991-03-29;0.00308806;0.00324532
1991-04-01;-0.00787516;-0.00740174
1991-04-02;0.01923245;0.01939053
1991-04-03;0.01098059;0.01113867
1991-04-04;0.00115978;0.00131704
1991-04-05;-0.00059092;-0.00043448
1991-04-08;-0.00092630;-0.00046192
1991-04-09;-0.00567263;-0.00551894
1991-04-10;-0.00629390;-0.00614020
1991-04-11;0.01067350;0.01082610
1991-04-12;0.00403288;0.00418384
1991-04-15;0.00440251;0.00486196
1991-04-16;0.00520876;0.00536246
1991-04-17;0.00734206;0.00749439
1991-04-18;-0.00733497;-0.00717990
1991-04-19;-0.01019803;-0.01004050
1991-04-22;-0.01157823;-0.01111056
1991-04-23;0.00595729;0.00611373
1991-04-24;0.00042963;0.00058470
1991-04-25;-0.00327708;-0.00312338
1991-04-26;-0.00162518;-0.00147120
1991-04-29;-0.00392413;-0.00346468
1991-04-30;-0.00607232;-0.00592137
1991-05-01;0.00000000;0.00015178
1991-05-02;0.00002992;0.00017951
1991-05-03;0.00000000;0.00014986
1991-05-06;0.00000000;0.00044877
1991-05-07;0.00021096;0.00036164
1991-05-08;0.00000000;0.00015068
1991-05-09;0.00000000;0.00015014
1991-05-10;0.00003003;0.00018016
1991-05-13;0.00000000;0.00044959
1991-05-14;0.00000000;0.00015041
1991-05-15;0.00000000;0.00014932
1991-05-16;0.00000000;0.00014795
1991-05-17;0.00000000;0.00014795
1991-05-20;0.00000000;0.00044795
1991-05-21;0.00009041;0.00024110
1991-05-22;0.00000000;0.00014959
1991-05-23;0.00000000;0.00014795
1991-05-24;0.00000000;0.00014795
1991-05-27;0.00000000;0.00044384
1991-05-28;0.00026630;0.00041425
1991-05-29;0.00000000;0.00014932
1991-05-30;0.00000000;0.00014932
1991-05-31;0.00003030;0.00018181
1991-06-03;-0.00000000;0.00046027
1991-06-04;0.00000000;0.00015260
1991-06-05;0.00000000;0.00015315
1991-06-06;0.00000000;0.00015233
1991-06-07;0.00000000;0.00015233
1991-06-10;-0.00000000;0.00045863
1991-06-11;0.00000000;0.00015260
1991-06-12;0.00000000;0.00015233
1991-06-13;0.00000000;0.00015288
1991-06-14;0.00000000;0.00015315
1991-06-17;0.00000000;0.00045945
1991-06-18;0.00000000;0.00015397
1991-06-19;0.00000000;0.00015260
1991-06-20;0.00000000;0.00015233
1991-06-21;0.00000000;0.00015260
1991-06-24;-0.00000000;0.00045699
1991-06-25;0.00000000;0.00015288
1991-06-26;0.00000000;0.00015233
1991-06-27;0.00000000;0.00015205
1991-06-28;0.00000000;0.00015178
1991-07-01;-0.00000000;0.00045863
1991-07-02;0.00000000;0.00015288
1991-07-03;0.00000000;0.00015233
1991-07-04;0.00000000;0.00015233
1991-07-05;0.00006115;0.00021403
1991-07-08;0.00000000;0.00045781
1991-07-09;0.00000000;0.00015315
1991-07-10;0.00000000;0.00015288
1991-07-11;0.00000000;0.00015233
1991-07-12;0.00000000;0.00015205
1991-07-15;0.00000000;0.00045781
1991-07-16;0.00009189;0.00024504
1991-07-17;0.00000000;0.00015370
1991-07-18;0.00000000;0.00015315
1991-07-19;0.00000000;0.00015288
1991-07-22;0.00000000;0.00045781
1991-07-23;0.00000000;0.00015315
1991-07-24;0.00000000;0.00015288
1991-07-25;0.00000000;0.00015288
1991-07-26;0.00000000;0.00015288
1991-07-29;0.00000000;0.00045781
1991-07-30;0.00000000;0.00015233
1991-07-31;0.00000000;0.00015151
1991-08-01;0.00000000;0.00015205
1991-08-02;0.00000000;0.00014959
1991-08-05;-0.00000000;0.00045205
1991-08-06;0.00000000;0.00014822
1991-08-07;0.00000000;0.00014740
1991-08-08;0.00000000;0.00014712
1991-08-09;0.00000000;0.00014575
1991-08-12;0.00000000;0.00043644
1991-08-13;0.00000000;0.00014493
1991-08-14;0.00000000;0.00014493
1991-08-15;0.00000000;0.00014521
1991-08-16;0.00000000;0.00014411
1991-08-19;0.00000000;0.00042000
1991-08-20;0.00000000;0.00014000
1991-08-21;0.00000000;0.00014466
1991-08-22;0.00000000;0.00014548
1991-08-23;0.00000000;0.00014767
1991-08-26;0.00000000;0.00044466
1991-08-27;0.00008844;0.00023584
1991-08-28;0.00000000;0.00014521
1991-08-29;0.00000000;0.00014438
1991-08-30;0.00000000;0.00014603
1991-09-02;0.00000000;0.00043808
1991-09-03;0.00017556;0.00032186
1991-09-04;0.00000000;0.00014603
1991-09-05;0.00000000;0.00014575
1991-09-06;0.00000000;0.00014493
1991-09-09;0.00000000;0.00043397
1991-09-10;0.00000000;0.00014356
1991-09-11;0.00000000;0.00014411
1991-09-12;0.00000000;0.00014301
1991-09-13;0.00000000;0.00014137
1991-09-16;0.00000000;0.00042575
1991-09-17;0.00008532;0.00022751
1991-09-18;0.00000000;0.00014192
1991-09-19;0.00000000;0.00014247
1991-09-20;0.00000000;0.00014219
1991-09-23;0.00000000;0.00042822
1991-09-24;0.00008499;0.00022663
1991-09-25;0.00000000;0.00014164
1991-09-26;0.00000000;0.00014055
1991-09-27;0.00000000;0.00014055
1991-09-30;0.00000000;0.00042000
1991-10-01;0.00000000;0.00013973
1991-10-02;0.00000000;0.00013945
1991-10-03;0.00000000;0.00013808
1991-10-04;0.00002751;0.00016504
1991-10-07;0.00000000;0.00041260
1991-10-08;0.00000000;0.00013753
1991-10-09;0.00000000;0.00013726
1991-10-10;0.00000000;0.00013781
1991-10-11;0.00002734;0.00016405
1991-10-14;0.00000000;0.00041014
1991-10-15;0.00000000;0.00013589
1991-10-16;0.00000000;0.00013616
1991-10-17;0.00000000;0.00013781
1991-10-18;0.00000000;0.00013781
1991-10-21;-0.00000000;0.00041425
1991-10-22;0.00000000;0.00013863
1991-10-23;0.00000000;0.00013808
1991-10-24;0.00000000;0.00013616
1991-10-25;0.00000000;0.00013589
1991-10-28;0.00000000;0.00040603
1991-10-29;0.00000000;0.00013397
1991-10-30;0.00000000;0.00013260
1991-10-31;-0.00065000;-0.00051795
1991-11-01;-0.00602079;-0.00589066
1991-11-04;-0.00634192;-0.00595233
1991-11-05;0.00222390;0.00235431
1991-11-06;-0.00184618;-0.00171933
1991-11-07;0.00308532;0.00321217
1991-11-08;0.00690880;0.00703537
1991-11-11;-0.00173139;-0.00135166
1991-11-12;0.01202250;0.01214908
1991-11-13;-0.00454722;-0.00442037
1991-11-14;-0.00073144;-0.00060459
1991-11-15;-0.02024451;-0.02011876
1991-11-18;-0.00793261;-0.00755618
1991-11-19;-0.01184797;-0.01172386
1991-11-20;-0.00038024;-0.00025723
1991-11-21;0.00385480;0.00397617
1991-11-22;-0.00607170;-0.00595060
1991-11-25;-0.00550315;-0.00513904
1991-11-26;0.00702295;0.00714349
1991-11-27;-0.00491113;-0.00479086
1991-11-28;-0.00590189;-0.00578162
1991-11-29;-0.00474952;-0.00463034
1991-12-02;0.00015660;0.00051660
1991-12-03;0.00167384;0.00179329
1991-12-04;0.00573492;0.00585301
1991-12-05;-0.00491952;-0.00480143
1991-12-06;0.00008797;0.00020413
1991-12-09;0.00049483;0.00083593
1991-12-10;-0.00635553;-0.00624046
1991-12-11;-0.00688213;-0.00676844
1991-12-12;0.01043101;0.01054471
1991-12-13;0.01648607;0.01659977
1991-12-16;-0.00005626;0.00028402
1991-12-17;-0.00380797;-0.00369537
1991-12-18;-0.00081987;-0.00070699
1991-12-19;-0.01287438;-0.01276370
1991-12-20;-0.00332331;-0.00322084
1991-12-23;0.01047421;0.01078325
1991-12-24;0.00761907;0.00772345
1991-12-25;0.03666815;0.03677253
1991-12-26;0.01306251;0.01316716
1991-12-27;0.00733858;0.00744433
1991-12-30;0.01687457;0.01719265
1991-12-31;0.01572791;0.01583422
1992-01-02;0.00507762;0.00528912
1992-01-03;0.00428784;0.00439332
1992-01-06;0.00666161;0.00697476
1992-01-07;-0.00290520;-0.00280246
1992-01-08;-0.00703591;-0.00693399
1992-01-09;0.01139151;0.01149480
1992-01-10;-0.00923879;-0.00913414
1992-01-13;-0.00432820;-0.00401504
1992-01-14;0.00926968;0.00937434
1992-01-15;0.00955255;0.00965775
1992-01-16;-0.00448074;-0.00437690
1992-01-17;-0.00347508;-0.00337124
1992-01-20;-0.00731923;-0.00700773
1992-01-21;-0.01036304;-0.01026085
1992-01-22;0.01767634;0.01777908
1992-01-23;-0.00205184;-0.00194856
1992-01-24;-0.00638348;-0.00627910
1992-01-27;0.00038841;0.00070485
1992-01-28;0.00458081;0.00468574
1992-01-29;-0.00681937;-0.00671361
1992-01-30;0.00478255;0.00488748
1992-01-31;0.00471517;0.00482037
1992-02-03;0.00210455;0.00242017
1992-02-04;0.00297573;0.00308094
1992-02-05;0.00175286;0.00185807
1992-02-06;-0.00080741;-0.00070302
1992-02-07;-0.00366810;-0.00356563
1992-02-10;-0.00106949;-0.00076292
1992-02-11;-0.00149431;-0.00139157
1992-02-12;0.00534966;0.00545240
1992-02-13;-0.00719282;-0.00708899
1992-02-14;-0.00838513;-0.00828129
1992-02-17;0.01276067;0.01307218
1992-02-18;-0.00938889;-0.00928451
1992-02-19;-0.00463319;-0.00452772
1992-02-20;0.01148681;0.01159311
1992-02-21;0.00192111;0.00202878
1992-02-24;-0.00134095;-0.00101793
1992-02-25;-0.00335043;-0.00324194
1992-02-26;0.01565154;0.01575949
1992-02-27;-0.00137711;-0.00126943
1992-02-28;-0.00129744;-0.00118977
1992-03-02;0.00112237;0.00145360
1992-03-03;-0.00191315;-0.00180247
1992-03-04;-0.00439016;-0.00427975
1992-03-05;-0.00772500;-0.00761432
1992-03-06;-0.00470801;-0.00459733
1992-03-09;0.00057673;0.00090632
1992-03-10;0.00735292;0.00746278
1992-03-11;-0.01272223;-0.01261237
1992-03-12;-0.00474411;-0.00463397
1992-03-13;0.00063944;0.00075067
1992-03-16;-0.00676640;-0.00643270
1992-03-17;0.00783037;0.00794160
1992-03-18;-0.00451246;-0.00440151
1992-03-19;0.00417812;0.00428908
1992-03-20;-0.00079246;-0.00068123
1992-03-23;-0.00475074;-0.00441540
1992-03-24;-0.00360519;-0.00349423
1992-03-25;0.00396128;0.00407114
1992-03-26;-0.00540180;-0.00529194
1992-03-27;-0.01441189;-0.01430203
1992-03-30;0.00092161;0.00125120
1992-03-31;-0.00324048;-0.00312952
1992-04-01;-0.01114080;-0.01103094
1992-04-02;-0.00730288;-0.00719275
1992-04-03;-0.00010562;0.00000287
1992-04-06;0.00976138;0.01008686
1992-04-07;-0.01783297;-0.01772695
1992-04-08;-0.01369080;-0.01358477
1992-04-09;0.00661048;0.00671075
1992-04-10;0.02501547;0.02511547
1992-04-13;-0.00263811;-0.00234057
1992-04-14;0.00875697;0.00885615
1992-04-15;0.01525413;0.01535331
1992-04-16;-0.00409753;-0.00399753
1992-04-17;-0.02121017;-0.02111017
1992-04-20;-0.02651480;-0.02621151
1992-04-21;-0.00574379;-0.00564297
1992-04-22;0.00213103;0.00223186
1992-04-23;0.00540353;0.00550408
1992-04-24;0.00046700;0.00056755
1992-04-27;-0.00351543;-0.00321050
1992-04-28;-0.00404870;-0.00394705
1992-04-29;0.00999602;0.01009767
1992-04-30;0.00117091;0.00127228
1992-05-01;0.00000000;0.00009945
1992-05-04;0.00003324;0.00033242
1992-05-05;0.00007479;0.00017452
1992-05-06;0.00007934;0.00017852
1992-05-07;-0.00000000;0.00009918
1992-05-08;0.00000000;0.00009945
1992-05-11;0.00000000;0.00029918
1992-05-12;-0.00000000;0.00009918
1992-05-13;0.00000000;0.00009836
1992-05-14;0.00000000;0.00009781
1992-05-15;0.00000000;0.00009808
1992-05-18;0.00000000;0.00029589
1992-05-19;0.00000000;0.00009699
1992-05-20;0.00000000;0.00009781
1992-05-21;0.00000000;0.00010055
1992-05-22;0.00000000;0.00010082
1992-05-25;0.00000000;0.00030247
1992-05-26;0.00018444;0.00028690
1992-05-27;0.00000000;0.00010137
1992-05-28;0.00000000;0.00010082
1992-05-29;0.00002027;0.00012164
1992-06-01;0.00000000;0.00030822
1992-06-02;-0.00000000;0.00010247
1992-06-03;0.00000000;0.00010164
1992-06-04;0.00000000;0.00010110
1992-06-05;0.00000000;0.00010082
1992-06-08;0.00000000;0.00030247
1992-06-09;0.00006049;0.00016132
1992-06-10;0.00000000;0.00010082
1992-06-11;0.00000000;0.00010027
1992-06-12;0.00000000;0.00010027
1992-06-15;0.00000000;0.00030000
1992-06-16;0.00000000;0.00009973
1992-06-17;-0.00000000;0.00009918
1992-06-18;0.00000000;0.00009890
1992-06-19;0.00002000;0.00012000
1992-06-22;0.00000000;0.00029918
1992-06-23;0.00000000;0.00010082
1992-06-24;0.00000000;0.00009973
1992-06-25;-0.00000000;0.00009918
1992-06-26;-0.00000000;0.00009918
1992-06-29;0.00000000;0.00029342
1992-06-30;0.00000000;0.00009781
1992-07-01;0.00000000;0.00009726
1992-07-02;0.00000000;0.00008877
1992-07-03;0.00000000;0.00008877
1992-07-06;0.00003529;0.00029995
1992-07-07;0.00000000;0.00008795
1992-07-08;0.00000000;0.00008822
1992-07-09;0.00000000;0.00008795
1992-07-10;0.00000000;0.00008822
1992-07-13;0.00000000;0.00026384
1992-07-14;0.00000000;0.00008795
1992-07-15;0.00000000;0.00008712
1992-07-16;0.00000000;0.00008685
1992-07-17;0.00000000;0.00008658
1992-07-20;0.00000000;0.00026137
1992-07-21;0.00000000;0.00008740
1992-07-22;0.00000000;0.00008685
1992-07-23;0.00000000;0.00008658
1992-07-24;0.00000000;0.00008658
1992-07-27;0.00000000;0.00026219
1992-07-28;0.00000000;0.00008740
1992-07-29;0.00000000;0.00008712
1992-07-30;0.00000000;0.00008712
1992-07-31;0.00000000;0.00008712
1992-08-03;0.00000000;0.00026055
1992-08-04;0.00000000;0.00008685
1992-08-05;0.00000000;0.00008685
1992-08-06;0.00000000;0.00008658
1992-08-07;0.00000000;0.00008603
1992-08-10;0.00000000;0.00025726
1992-08-11;0.00000000;0.00008575
1992-08-12;0.00000000;0.00008548
1992-08-13;0.00000000;0.00008466
1992-08-14;0.00000000;0.00008384
1992-08-17;0.00000000;0.00025233
1992-08-18;0.00000000;0.00008411
1992-08-19;0.00000000;0.00008438
1992-08-20;0.00000000;0.00008438
1992-08-21;0.00000000;0.00008411
1992-08-24;0.00000000;0.00025890
1992-08-25;0.00000000;0.00008685
1992-08-26;0.00000000;0.00008658
1992-08-27;0.00000000;0.00008658
1992-08-28;0.00000000;0.00008658
1992-08-31;0.00000000;0.00025973
1992-09-01;0.00005178;0.00013808
1992-09-02;0.00000000;0.00008603
1992-09-03;0.00000000;0.00008603
1992-09-04;0.00000000;0.00008000
1992-09-07;0.00000000;0.00024000
1992-09-08;0.00009534;0.00017479
1992-09-09;0.00000000;0.00007973
1992-09-10;0.00000000;0.00007973
1992-09-11;0.00000000;0.00008000
1992-09-14;-0.00000000;0.00023753
1992-09-15;0.00000000;0.00008000
1992-09-16;0.00001589;0.00009534
1992-09-17;0.00000000;0.00007890
1992-09-18;0.00000000;0.00007890
1992-09-21;0.00000000;0.00023918
1992-09-22;0.00000000;0.00008000
1992-09-23;0.00000000;0.00008000
1992-09-24;0.00001584;0.00009501
1992-09-25;0.00000000;0.00007671
1992-09-28;-0.00000000;0.00022849
1992-09-29;0.00000000;0.00007479
1992-09-30;0.00000000;0.00007370
1992-10-01;0.00000000;0.00007151
1992-10-02;0.00000000;0.00007205
1992-10-05;0.00000000;0.00021699
1992-10-06;0.00000000;0.00007479
1992-10-07;0.00000000;0.00007753
1992-10-08;0.00000000;0.00007644
1992-10-09;0.00000000;0.00007753
1992-10-12;0.00000000;0.00023260
1992-10-13;0.00000000;0.00007836
1992-10-14;0.00000000;0.00008027
1992-10-15;0.00000000;0.00008000
1992-10-16;0.00000000;0.00007945
1992-10-19;0.00000000;0.00024411
1992-10-20;0.00000000;0.00008274
1992-10-21;0.00000000;0.00008027
1992-10-22;0.00000000;0.00007973
1992-10-23;0.00000000;0.00008027
1992-10-26;0.00000000;0.00024000
1992-10-27;0.00000000;0.00008055
1992-10-28;0.00000000;0.00008055
1992-10-29;0.00000000;0.00008082
1992-10-30;-0.00065000;-0.00056890
1992-11-02;0.00474163;0.00498902
1992-11-03;-0.00318219;-0.00309917
1992-11-04;-0.00050872;-0.00042598
1992-11-05;0.00895920;0.00904167
1992-11-06;-0.00151076;-0.00142692
1992-11-09;-0.00140731;-0.00115416
1992-11-10;0.00472499;0.00480938
1992-11-11;0.00015918;0.00024356
1992-11-12;0.00685256;0.00693639
1992-11-13;-0.00205054;-0.00196615
1992-11-16;-0.00654415;-0.00628771
1992-11-17;-0.00554814;-0.00546129
1992-11-18;0.02113574;0.02122204
1992-11-19;0.00207918;0.00216548
1992-11-20;0.00698325;0.00707092
1992-11-23;-0.00976152;-0.00949522
1992-11-24;0.00638878;0.00647700
1992-11-25;-0.00012657;-0.00003780
1992-11-26;0.00819596;0.00828472
1992-11-27;0.00467518;0.00476422
1992-11-30;0.00706934;0.00733811
1992-12-01;-0.00233725;-0.00224602
1992-12-02;-0.00458617;-0.00449467
1992-12-03;0.00105332;0.00114373
1992-12-04;0.00195917;0.00204821
1992-12-07;0.00090728;0.00117440
1992-12-08;0.00028335;0.00037267
1992-12-09;-0.00241821;-0.00232972
1992-12-10;-0.00618508;-0.00609686
1992-12-11;-0.00454585;-0.00445680
1992-12-14;-0.00265402;-0.00238608
1992-12-15;0.00052150;0.00060972
1992-12-16;-0.00102731;-0.00093936
1992-12-17;0.00809716;0.00818483
1992-12-18;0.01270420;0.01279078
1992-12-21;0.00409112;0.00435167
1992-12-22;0.00109288;0.00118055
1992-12-23;-0.00048415;-0.00039703
1992-12-24;0.00062777;0.00071434
1992-12-25;-0.00528998;-0.00520340
1992-12-28;-0.00145057;-0.00118920
1992-12-29;0.00214709;0.00223477
1992-12-30;-0.00583264;-0.00574716
1992-12-31;-0.00055411;-0.00046973
1993-01-04;-0.00071312;-0.00037558
1993-01-05;-0.00001362;0.00007159
1993-01-06;0.00212442;0.00220936
1993-01-07;-0.00579052;-0.00570504
1993-01-08;-0.00419683;-0.00411300
1993-01-11;0.00024446;0.00049514
1993-01-12;-0.00010557;-0.00002283
1993-01-13;-0.00077484;-0.00069264
1993-01-14;0.00738219;0.00746384
1993-01-15;0.00447710;0.00455765
1993-01-18;0.00378109;0.00402273
1993-01-19;-0.00308960;-0.00300768
1993-01-20;-0.00366127;-0.00357881
1993-01-21;0.00596472;0.00604663
1993-01-22;-0.00086557;-0.00078420
1993-01-25;-0.00074515;-0.00050269
1993-01-26;0.00670210;0.00678292
1993-01-27;-0.00625483;-0.00617511
1993-01-28;0.00612671;0.00620616
1993-01-29;-0.00105642;-0.00097697
1993-02-01;0.01067623;0.01091458
1993-02-02;-0.00033359;-0.00025250
1993-02-03;0.00748812;0.00756839
1993-02-04;0.00022518;0.00030463
1993-02-05;0.00174645;0.00182590
1993-02-08;-0.00214578;-0.00190578
1993-02-09;-0.00931605;-0.00923578
1993-02-10;0.00292099;0.00300153
1993-02-11;0.00412538;0.00420538
1993-02-12;-0.00753333;-0.00745306
1993-02-15;0.01047519;0.01071601
1993-02-16;-0.02028149;-0.02020121
1993-02-17;0.00088827;0.00096799
1993-02-18;0.00377443;0.00385360
1993-02-19;0.00276570;0.00284597
1993-02-22;-0.00689068;-0.00664821
1993-02-23;-0.00317690;-0.00309636
1993-02-24;0.00647416;0.00655525
1993-02-25;0.00468423;0.00476505
1993-02-26;0.00559623;0.00567706
1993-03-01;-0.00048934;-0.00024688
1993-03-02;0.00769727;0.00777864
1993-03-03;0.00378170;0.00386225
1993-03-04;-0.00603535;-0.00595563
1993-03-05;0.00139509;0.00147728
1993-03-08;0.02045732;0.02070389
1993-03-09;0.00226709;0.00234900
1993-03-10;0.00267780;0.00275944
1993-03-11;-0.00134255;-0.00126146
1993-03-12;-0.00467413;-0.00459276
1993-03-15;0.00430429;0.00455004
1993-03-16;-0.00255717;-0.00247552
1993-03-17;-0.00677965;-0.00669801
1993-03-18;0.00761435;0.00769518
1993-03-19;-0.00483628;-0.00475519
1993-03-22;-0.00542345;-0.00518180
1993-03-23;-0.00458920;-0.00450920
1993-03-24;0.00098232;0.00106232
1993-03-25;0.00707803;0.00715776
1993-03-26;-0.00169082;-0.00161055
1993-03-29;0.00368614;0.00392778
1993-03-30;0.00555183;0.00563155
1993-03-31;-0.00310280;-0.00302362
1993-04-01;0.00111371;0.00119316
1993-04-02;-0.00987510;-0.00979537
1993-04-05;0.00345961;0.00369797
1993-04-06;-0.00510701;-0.00502728
1993-04-07;0.00458459;0.00466459
1993-04-08;-0.00076946;-0.00069001
1993-04-09;-0.00384252;-0.00376307
1993-04-12;0.01178218;0.01201972
1993-04-13;0.01052389;0.01060197
1993-04-14;-0.00188792;-0.00181066
1993-04-15;-0.00049376;-0.00041595
1993-04-16;-0.00598179;-0.00590398
1993-04-19;-0.00317516;-0.00294420
1993-04-20;-0.00199341;-0.00191697
1993-04-21;-0.00130045;-0.00122374
1993-04-22;-0.00229124;-0.00221398
1993-04-23;-0.00841574;-0.00833794
1993-04-26;-0.00945606;-0.00921852
1993-04-27;0.01231699;0.01239672
1993-04-28;0.00220288;0.00228288
1993-04-29;-0.00290566;-0.00282621
1993-04-30;0.00787973;0.00795946
1993-05-03;-0.00000000;0.00023589
1993-05-04;0.00005897;0.00013760
1993-05-05;0.00000000;0.00007918
1993-05-06;0.00007836;0.00015671
1993-05-07;0.00000000;0.00007863
1993-05-10;0.00000000;0.00023589
1993-05-11;0.00000000;0.00007918
1993-05-12;0.00000000;0.00007945
1993-05-13;0.00000000;0.00008027
1993-05-14;0.00000000;0.00008110
1993-05-17;0.00000000;0.00024658
1993-05-18;0.00000000;0.00008247
1993-05-19;0.00000000;0.00008137
1993-05-20;0.00000000;0.00008110
1993-05-21;0.00001644;0.00009863
1993-05-24;0.00000000;0.00024986
1993-05-25;0.00000000;0.00008411
1993-05-26;0.00000000;0.00008356
1993-05-27;0.00000000;0.00008384
1993-05-28;0.00000000;0.00008384
1993-05-31;0.00000000;0.00025151
1993-06-01;0.00019989;0.00028318
1993-06-02;0.00000000;0.00008411
1993-06-03;0.00000000;0.00008301
1993-06-04;0.00000000;0.00008521
1993-06-07;0.00000000;0.00025479
1993-06-08;0.00000000;0.00008575
1993-06-09;0.00000000;0.00008521
1993-06-10;0.00002130;0.00010651
1993-06-11;0.00001671;0.00010027
1993-06-14;0.00000000;0.00025068
1993-06-15;0.00000000;0.00008356
1993-06-16;0.00000000;0.00008329
1993-06-17;0.00000000;0.00008301
1993-06-18;0.00000000;0.00008384
1993-06-21;0.00000000;0.00025151
1993-06-22;0.00000000;0.00008466
1993-06-23;0.00000000;0.00008548
1993-06-24;0.00000000;0.00008493
1993-06-25;0.00000000;0.00008438
1993-06-28;0.00000000;0.00025233
1993-06-29;0.00000000;0.00008301
1993-06-30;0.00000000;0.00008301
1993-07-01;0.00000000;0.00008192
1993-07-02;0.00000000;0.00008082
1993-07-05;-0.00000000;0.00024247
1993-07-06;0.00009896;0.00018142
1993-07-07;0.00000000;0.00008329
1993-07-08;0.00000000;0.00008274
1993-07-09;0.00000000;0.00008274
1993-07-12;0.00000000;0.00024740
1993-07-13;0.00000000;0.00008329
1993-07-14;0.00000000;0.00008247
1993-07-15;0.00000000;0.00008247
1993-07-16;0.00000000;0.00008247
1993-07-19;0.00000000;0.00024904
1993-07-20;0.00000000;0.00008384
1993-07-21;0.00000000;0.00008411
1993-07-22;0.00000000;0.00008466
1993-07-23;0.00000000;0.00008466
1993-07-26;0.00000000;0.00025315
1993-07-27;0.00000000;0.00008493
1993-07-28;0.00000000;0.00008438
1993-07-29;0.00000000;0.00008274
1993-07-30;0.00000000;0.00008301
1993-08-02;0.00000000;0.00025233
1993-08-03;0.00000000;0.00008438
1993-08-04;0.00000000;0.00008438
1993-08-05;0.00000000;0.00008356
1993-08-06;0.00000000;0.00008329
1993-08-09;0.00000000;0.00024822
1993-08-10;0.00000000;0.00008301
1993-08-11;0.00000000;0.00008274
1993-08-12;0.00000000;0.00008247
1993-08-13;0.00000000;0.00008274
1993-08-16;0.00000000;0.00024822
1993-08-17;0.00000000;0.00008247
1993-08-18;0.00000000;0.00008192
1993-08-19;0.00000000;0.00008164
1993-08-20;0.00000000;0.00008192
1993-08-23;0.00000000;0.00024575
1993-08-24;0.00000000;0.00008192
1993-08-25;0.00000000;0.00008164
1993-08-26;0.00000000;0.00008219
1993-08-27;0.00000000;0.00008274
1993-08-30;0.00000000;0.00024822
1993-08-31;0.00004948;0.00013195
1993-09-01;0.00000000;0.00008247
1993-09-02;0.00000000;0.00008192
1993-09-03;0.00000000;0.00008055
1993-09-06;-0.00000000;0.00024164
1993-09-07;0.00009633;0.00017660
1993-09-08;0.00000000;0.00008110
1993-09-09;0.00000000;0.00008164
1993-09-10;0.00000000;0.00008110
1993-09-13;0.00000000;0.00024411
1993-09-14;0.00000000;0.00008192
1993-09-15;0.00000000;0.00008110
1993-09-16;0.00001616;0.00009699
1993-09-17;0.00000000;0.00008082
1993-09-20;0.00000000;0.00024247
1993-09-21;0.00000000;0.00008000
1993-09-22;0.00000000;0.00008000
1993-09-23;0.00000000;0.00008027
1993-09-24;0.00001605;0.00009633
1993-09-27;0.00000000;0.00023918
1993-09-28;0.00000000;0.00007945
1993-09-29;0.00000000;0.00008027
1993-09-30;0.00000000;0.00008000
1993-10-01;0.00000000;0.00008000
1993-10-04;0.00000000;0.00024082
1993-10-05;0.00000000;0.00008219
1993-10-06;0.00000000;0.00008164
1993-10-07;0.00000000;0.00008164
1993-10-08;0.00000000;0.00008164
1993-10-11;0.00000000;0.00024493
1993-10-12;0.00004948;0.00013195
1993-10-13;0.00000000;0.00008301
1993-10-14;0.00000000;0.00008247
1993-10-15;0.00000000;0.00008247
1993-10-18;0.00000000;0.00024822
1993-10-19;0.00000000;0.00008384
1993-10-20;0.00000000;0.00008329
1993-10-21;0.00000000;0.00008356
1993-10-22;0.00000000;0.00008329
1993-10-25;0.00000000;0.00024986
1993-10-26;0.00000000;0.00008466
1993-10-27;0.00000000;0.00008466
1993-10-28;0.00000000;0.00008329
1993-10-29;-0.00065000;-0.00056699
1993-11-01;-0.00036117;-0.00010966
1993-11-02;0.00096210;0.00104758
1993-11-03;-0.00779862;-0.00771396
1993-11-04;-0.01588603;-0.01580164
1993-11-05;-0.00783241;-0.00774857
1993-11-08;-0.00006072;0.00019079
1993-11-09;-0.00031843;-0.00023322
1993-11-10;0.00315402;0.00323950
1993-11-11;0.00095151;0.00103699
1993-11-12;0.00514267;0.00522788
1993-11-15;-0.00548060;-0.00522498
1993-11-16;0.00680459;0.00688925
1993-11-17;-0.00598928;-0.00590462
1993-11-18;-0.00114528;-0.00106008
1993-11-19;-0.00508874;-0.00500298
1993-11-22;-0.01914149;-0.01888423
1993-11-23;0.00707388;0.00715936
1993-11-24;-0.00039388;-0.00030840
1993-11-25;0.00926487;0.00935035
1993-11-26;-0.00491898;-0.00483378
1993-11-29;-0.00785196;-0.00759552
1993-11-30;0.00788782;0.00797385
1993-12-01;0.01971098;0.01979646
1993-12-02;0.00639723;0.00648244
1993-12-03;0.00687521;0.00696042
1993-12-06;-0.00880658;-0.00855261
1993-12-07;0.00069115;0.00077581
1993-12-08;0.00003893;0.00012332
1993-12-09;0.00166501;0.00174885
1993-12-10;0.00122790;0.00131146
1993-12-13;0.00118467;0.00143536
1993-12-14;-0.00765788;-0.00757459
1993-12-15;0.00448008;0.00456309
1993-12-16;0.00809494;0.00817796
1993-12-17;0.00822711;0.00831012
1993-12-20;-0.00253415;-0.00228347
1993-12-21;-0.00369973;-0.00361562
1993-12-22;0.00535513;0.00543896
1993-12-23;0.00631064;0.00639447
1993-12-24;-0.00649073;-0.00640690
1993-12-27;0.00227387;0.00252537
1993-12-28;0.00332395;0.00340779
1993-12-29;0.00399689;0.00407935
1993-12-30;0.00235214;0.00243379
1993-12-31;-0.00217187;-0.00208940
1994-01-03;-0.00034532;-0.00009628
1994-01-04;-0.00135180;-0.00126741
1994-01-05;0.00236501;0.00244912
1994-01-06;0.00354269;0.00362625
1994-01-07;0.00701133;0.00709380
1994-01-10;0.00731293;0.00755868
1994-01-11;-0.00190778;-0.00182614
1994-01-12;-0.00300326;-0.00292217
1994-01-13;-0.00766639;-0.00758556
1994-01-14;0.01030157;0.01038294
1994-01-17;-0.00689024;-0.00664613
1994-01-18;0.00126082;0.00134192
1994-01-19;0.00580662;0.00588799
1994-01-20;0.00075954;0.00084037
1994-01-21;-0.00038564;-0.00030482
1994-01-24;-0.00935561;-0.00911478
1994-01-25;-0.00234875;-0.00226848
1994-01-26;0.00966025;0.00974025
1994-01-27;-0.00069716;-0.00061716
1994-01-28;0.00477125;0.00485152
1994-01-31;0.02332051;0.02356380
1994-02-01;-0.00238915;-0.00230614
1994-02-02;0.00247139;0.00255522
1994-02-03;-0.00811809;-0.00803234
1994-02-04;-0.00968538;-0.00959688
1994-02-07;-0.00893391;-0.00866926
1994-02-08;0.00456464;0.00465368
1994-02-09;-0.00117473;-0.00108569
1994-02-10;-0.00246470;-0.00237538
1994-02-11;-0.00244084;-0.00235152
1994-02-14;-0.00544966;-0.00518171
1994-02-15;0.00201692;0.00210651
1994-02-16;0.00294557;0.00303516
1994-02-17;-0.00007653;0.00001333
1994-02-18;-0.00574004;-0.00564990
1994-02-21;0.00014770;0.00041811
1994-02-22;0.00180756;0.00189770
1994-02-23;0.00185422;0.00194682
1994-02-24;-0.01124126;-0.01114920
1994-02-25;0.00300360;0.00309593
1994-02-28;0.01053997;0.01081613
1994-03-01;-0.00813014;-0.00803425
1994-03-02;-0.01032932;-0.01023425
1994-03-03;0.00018178;0.00027712
1994-03-04;0.01131349;0.01141020
1994-03-07;0.00775784;0.00804716
1994-03-08;-0.00439786;-0.00430060
1994-03-09;-0.00134868;-0.00125197
1994-03-10;-0.00068521;-0.00058959
1994-03-11;-0.00364753;-0.00355192
1994-03-14;0.01493550;0.01522645
1994-03-15;0.00251861;0.00261670
1994-03-16;0.00130150;0.00139821
1994-03-17;0.00130980;0.00140486
1994-03-18;-0.00583194;-0.00573660
1994-03-21;-0.00705661;-0.00676729
1994-03-22;-0.00195199;-0.00185555
1994-03-23;-0.00406925;-0.00397445
1994-03-24;-0.00817945;-0.00808493
1994-03-25;-0.00519500;-0.00509966
1994-03-28;-0.00020959;0.00007808
1994-03-29;-0.01206377;-0.01196761
1994-03-30;-0.00911072;-0.00901511
1994-03-31;-0.00436735;-0.00427201
1994-04-01;0.00855180;0.00864714
1994-04-04;-0.01459908;-0.01429908
1994-04-05;0.02135872;0.02145900
1994-04-06;0.00257505;0.00267341
1994-04-07;0.00573240;0.00582911
1994-04-08;-0.00489393;-0.00479639
1994-04-11;0.00384526;0.00413621
1994-04-12;-0.00860810;-0.00851057
1994-04-13;-0.00134082;-0.00124328
1994-04-14;-0.00405853;-0.00396044
1994-04-15;0.00551568;0.00561403
1994-04-18;-0.00533843;-0.00503432
1994-04-19;-0.00547665;-0.00537419
1994-04-20;-0.00642614;-0.00632367
1994-04-21;0.00889715;0.00899962
1994-04-22;0.00644862;0.00655136
1994-04-25;-0.00009125;0.00021779
1994-04-26;0.00329272;0.00339902
1994-04-27;0.00655246;0.00665876
1994-04-28;-0.00607921;-0.00597263
1994-04-29;0.00205918;0.00216521
1994-05-02;0.00002685;0.00034904
1994-05-03;0.00008260;0.00019274
1994-05-04;0.00000000;0.00011096
1994-05-05;0.00000000;0.00011041
1994-05-06;0.00006871;0.00018323
1994-05-09;0.00000000;0.00034932
1994-05-10;0.00000000;0.00011616
1994-05-11;0.00000000;0.00011562
1994-05-12;0.00000000;0.00011315
1994-05-13;0.00002258;0.00013545
1994-05-16;0.00000000;0.00034110
1994-05-17;0.00000000;0.00011507
1994-05-18;0.00000000;0.00011479
1994-05-19;0.00000000;0.00011315
1994-05-20;0.00000000;0.00011370
1994-05-23;0.00000000;0.00034192
1994-05-24;0.00006937;0.00018499
1994-05-25;0.00000000;0.00011452
1994-05-26;0.00000000;0.00011397
1994-05-27;0.00000000;0.00011452
1994-05-30;0.00000000;0.00034356
1994-05-31;0.00020515;0.00031912
1994-06-01;0.00000000;0.00011452
1994-06-02;0.00000000;0.00011315
1994-06-03;0.00002258;0.00013545
1994-06-06;0.00000000;0.00033616
1994-06-07;0.00000000;0.00011288
1994-06-08;0.00000000;0.00011260
1994-06-09;0.00000000;0.00011288
1994-06-10;0.00000000;0.00011260
1994-06-13;0.00000000;0.00033863
1994-06-14;0.00000000;0.00011260
1994-06-15;0.00000000;0.00011315
1994-06-16;0.00000000;0.00011260
1994-06-17;0.00000000;0.00011288
1994-06-20;0.00000000;0.00033863
1994-06-21;0.00000000;0.00011507
1994-06-22;0.00000000;0.00011452
1994-06-23;0.00000000;0.00011370
1994-06-24;0.00000000;0.00011425
1994-06-27;0.00000000;0.00034027
1994-06-28;0.00000000;0.00011452
1994-06-29;0.00000000;0.00011370
1994-06-30;0.00000000;0.00011370
1994-07-01;0.00000000;0.00011507
1994-07-04;0.00000000;0.00034521
1994-07-05;0.00013841;0.00025375
1994-07-06;0.00000000;0.00011726
1994-07-07;0.00000000;0.00011644
1994-07-08;0.00000000;0.00011973
1994-07-11;0.00000000;0.00036411
1994-07-12;0.00000000;0.00012192
1994-07-13;-0.00000000;0.00012082
1994-07-14;0.00000000;0.00011781
1994-07-15;0.00000000;0.00011671
1994-07-18;0.00000000;0.00034849
1994-07-19;0.00000000;0.00011671
1994-07-20;0.00000000;0.00011781
1994-07-21;0.00000000;0.00011863
1994-07-22;0.00000000;0.00012000
1994-07-25;0.00000000;0.00036000
1994-07-26;-0.00000000;0.00012082
1994-07-27;0.00000000;0.00012219
1994-07-28;0.00000000;0.00012110
1994-07-29;0.00000000;0.00011699
1994-08-01;0.00000000;0.00035178
1994-08-02;0.00000000;0.00011863
1994-08-03;0.00000000;0.00011863
1994-08-04;0.00000000;0.00011836
1994-08-05;0.00000000;0.00012219
1994-08-08;0.00000000;0.00036740
1994-08-09;0.00000000;0.00012192
1994-08-10;0.00000000;0.00012000
1994-08-11;0.00000000;0.00011890
1994-08-12;0.00000000;0.00012000
1994-08-15;0.00000000;0.00036575
1994-08-16;0.00000000;0.00012658
1994-08-17;0.00000000;0.00012521
1994-08-18;0.00000000;0.00012575
1994-08-19;0.00000000;0.00012493
1994-08-22;0.00000000;0.00037315
1994-08-23;0.00000000;0.00012521
1994-08-24;0.00000000;0.00012438
1994-08-25;0.00000000;0.00012493
1994-08-26;0.00000000;0.00012493
1994-08-29;0.00000000;0.00037562
1994-08-30;0.00007545;0.00020121
1994-08-31;0.00000000;0.00012493
1994-09-01;0.00000000;0.00012466
1994-09-02;0.00000000;0.00012466
1994-09-05;0.00000000;0.00037397
1994-09-06;0.00014959;0.00027425
1994-09-07;0.00000000;0.00012438
1994-09-08;0.00000000;0.00012466
1994-09-09;0.00000000;0.00012548
1994-09-12;0.00000000;0.00037726
1994-09-13;0.00000000;0.00012603
1994-09-14;0.00000000;0.00012548
1994-09-15;0.00000000;0.00012548
1994-09-16;0.00002526;0.00015156
1994-09-19;0.00000000;0.00037644
1994-09-20;0.00000000;0.00012658
1994-09-21;0.00000000;0.00013123
1994-09-22;0.00000000;0.00013123
1994-09-23;0.00000000;0.00013096
1994-09-26;0.00002619;0.00041907
1994-09-27;0.00000000;0.00012904
1994-09-28;0.00000000;0.00012438
1994-09-29;0.00000000;0.00012548
1994-09-30;0.00000000;0.00012795
1994-10-03;0.00000000;0.00038877
1994-10-04;0.00008153;0.00021742
1994-10-05;0.00000000;0.00013589
1994-10-06;0.00000000;0.00013616
1994-10-07;0.00000000;0.00013370
1994-10-10;0.00000000;0.00040110
1994-10-11;0.00008038;0.00021436
1994-10-12;0.00000000;0.00013671
1994-10-13;0.00000000;0.00013452
1994-10-14;0.00000000;0.00013315
1994-10-17;0.00000000;0.00039863
1994-10-18;0.00000000;0.00013452
1994-10-19;0.00000000;0.00013479
1994-10-20;0.00000000;0.00013699
1994-10-21;0.00000000;0.00013699
1994-10-24;0.00000000;0.00041260
1994-10-25;0.00000000;0.00013863
1994-10-26;0.00000000;0.00013699
1994-10-27;0.00000000;0.00013644
1994-10-28;0.00000000;0.00013726
1994-10-31;-0.00065000;-0.00023658
1994-11-01;-0.00355865;-0.00341948
1994-11-02;-0.00667694;-0.00653749
1994-11-03;0.00470101;0.00484074
1994-11-04;-0.00478558;-0.00464366
1994-11-07;-0.00718225;-0.00675321
1994-11-08;0.00568476;0.00582804
1994-11-09;0.00399484;0.00413731
1994-11-10;-0.00234514;-0.00220185
1994-11-11;-0.00557271;-0.00542942
1994-11-14;0.00755558;0.00798955
1994-11-15;0.00520414;0.00535154
1994-11-16;0.00056387;0.00071099
1994-11-17;-0.00467939;-0.00453282
1994-11-18;-0.00066912;-0.00052282
1994-11-21;-0.00510887;-0.00467078
1994-11-22;-0.01592888;-0.01578258
1994-11-23;-0.00884339;-0.00869846
1994-11-24;-0.00068549;-0.00054056
1994-11-25;0.00217493;0.00231986
1994-11-28;0.00365025;0.00409327
1994-11-29;0.00363673;0.00378823
1994-11-30;0.00207870;0.00223103
1994-12-01;-0.01026172;-0.01010967
1994-12-02;0.00209018;0.00224442
1994-12-05;0.00664271;0.00711614
1994-12-06;-0.00434818;-0.00419010
1994-12-07;-0.00534080;-0.00518574
1994-12-08;-0.00755477;-0.00739943
1994-12-09;-0.00444154;-0.00428647
1994-12-12;-0.00355182;-0.00308168
1994-12-13;0.00016558;0.00032394
1994-12-14;0.00918752;0.00934314
1994-12-15;0.00389446;0.00404624
1994-12-16;0.00518185;0.00533418
1994-12-19;0.00052454;0.00098153
1994-12-20;0.00389231;0.00404245
1994-12-21;0.00622806;0.00637628
1994-12-22;0.00594132;0.00609091
1994-12-23;0.00014220;0.00029371
1994-12-26;0.00428989;0.00474441
1994-12-27;0.00404731;0.00419882
1994-12-28;-0.00365193;-0.00350070
1994-12-29;-0.00020983;-0.00005887
1994-12-30;-0.00003084;0.00012067
1995-01-02;-0.00919444;-0.00873992
1995-01-03;-0.00533615;-0.00518464
1995-01-04;0.00049230;0.00064819
1995-01-05;-0.00513277;-0.00497606
1995-01-06;0.00360917;0.00376643
1995-01-09;-0.00125233;-0.00077973
1995-01-10;0.00394005;0.00409731
1995-01-11;-0.00066056;-0.00050632
1995-01-12;-0.00273943;-0.00258546
1995-01-13;0.00392750;0.00408010
1995-01-16;0.00854687;0.00900468
1995-01-17;-0.00133511;-0.00118113
1995-01-18;0.00109168;0.00124812
1995-01-19;-0.00585299;-0.00569655
1995-01-20;-0.01222576;-0.01206822
1995-01-23;-0.01677471;-0.01630129
1995-01-24;0.00625801;0.00641719
1995-01-25;0.00114239;0.00130047
1995-01-26;0.00016812;0.00032620
1995-01-27;0.00144183;0.00159964
1995-01-30;0.00109738;0.00156834
1995-01-31;0.00094111;0.00110083
1995-02-01;0.00560781;0.00576945
1995-02-02;0.00172347;0.00188375
1995-02-03;0.00957837;0.00973727
1995-02-06;0.00518142;0.00565813
1995-02-07;-0.00077335;-0.00061417
1995-02-08;-0.00035134;-0.00019326
1995-02-09;0.00234770;0.00250605
1995-02-10;0.00618443;0.00634361
1995-02-13;-0.00369896;-0.00322225
1995-02-14;-0.00092993;-0.00077130
1995-02-15;0.00121149;0.00136957
1995-02-16;-0.00671070;-0.00655481
1995-02-17;-0.00094190;-0.00078573
1995-02-20;-0.00718384;-0.00671535
1995-02-21;0.00163244;0.00178970
1995-02-22;0.00222904;0.00238493
1995-02-23;0.00328909;0.00344580
1995-02-24;-0.00646921;-0.00631250
1995-02-27;-0.01341687;-0.01294673
1995-02-28;0.00605200;0.00620981
1995-03-01;-0.00224233;-0.00208452
1995-03-02;0.00346422;0.00362176
1995-03-03;0.00023259;0.00038930
1995-03-06;-0.00393311;-0.00346133
1995-03-07;-0.00937049;-0.00921213
1995-03-08;-0.00156135;-0.00140327
1995-03-09;-0.00264379;-0.00248681
1995-03-10;0.00410278;0.00426086
1995-03-13;-0.00330814;-0.00283472
1995-03-14;0.00814091;0.00829844
1995-03-15;0.00048093;0.00063819
1995-03-16;0.00324884;0.00340610
1995-03-17;-0.00566895;-0.00551169
1995-03-20;0.00230270;0.00277366
1995-03-21;0.00035089;0.00050815
1995-03-22;-0.00302114;-0.00286416
1995-03-23;-0.00499665;-0.00484021
1995-03-24;0.00517383;0.00532917
1995-03-27;0.00469155;0.00515676
1995-03-28;0.00575302;0.00590946
1995-03-29;-0.00523697;-0.00508190
1995-03-30;0.00397659;0.00413276
1995-03-31;-0.01183829;-0.01168213
1995-04-03;-0.00633061;-0.00586212
1995-04-04;0.00756559;0.00772258
1995-04-05;0.00533790;0.00549406
1995-04-06;-0.00185809;-0.00170275
1995-04-07;0.00148267;0.00163829
1995-04-10;0.00761943;0.00808381
1995-04-11;0.00134828;0.00150335
1995-04-12;0.00543139;0.00558591
1995-04-13;0.00178772;0.00194060
1995-04-14;-0.02393390;-0.02378103
1995-04-17;0.00150083;0.00196275
1995-04-18;-0.00676414;-0.00661044
1995-04-19;-0.00390317;-0.00374920
1995-04-20;0.00559040;0.00574383
1995-04-21;0.01095639;0.01111036
1995-04-24;0.00132581;0.00178772
1995-04-25;0.00524326;0.00539860
1995-04-26;0.00358632;0.00374167
1995-04-27;0.00091508;0.00107097
1995-04-28;-0.00013387;0.00002202
1995-05-01;0.00000000;0.00046932
1995-05-02;0.00009386;0.00025030
1995-05-03;0.00000000;0.00015507
1995-05-04;0.00000000;0.00015342
1995-05-05;0.00000000;0.00015260
1995-05-08;0.00011466;0.00057329
1995-05-09;0.00009255;0.00024679
1995-05-10;0.00000000;0.00015452
1995-05-11;0.00000000;0.00015507
1995-05-12;0.00000000;0.00015589
1995-05-15;0.00000000;0.00046849
1995-05-16;0.00000000;0.00015589
1995-05-17;0.00000000;0.00015562
1995-05-18;0.00000000;0.00015589
1995-05-19;0.00000000;0.00015589
1995-05-22;0.00000000;0.00046932
1995-05-23;0.00000000;0.00015699
1995-05-24;0.00000000;0.00015589
1995-05-25;0.00000000;0.00015507
1995-05-26;0.00003101;0.00018608
1995-05-29;0.00000000;0.00046521
1995-05-30;0.00027863;0.00043342
1995-05-31;0.00000000;0.00015425
1995-06-01;0.00000000;0.00015068
1995-06-02;0.00000000;0.00014849
1995-06-05;0.00000000;0.00045288
1995-06-06;0.00009074;0.00024197
1995-06-07;0.00000000;0.00015260
1995-06-08;0.00000000;0.00015315
1995-06-09;0.00000000;0.00015342
1995-06-12;-0.00000000;0.00045699
1995-06-13;0.00000000;0.00014904
1995-06-14;0.00000000;0.00014904
1995-06-15;0.00000000;0.00015014
1995-06-16;0.00003008;0.00018049
1995-06-19;0.00000000;0.00044877
1995-06-20;0.00000000;0.00015014
1995-06-21;0.00000000;0.00014877
1995-06-22;0.00000000;0.00014712
1995-06-23;0.00000000;0.00014740
1995-06-26;0.00000000;0.00044301
1995-06-27;0.00000000;0.00014849
1995-06-28;0.00000000;0.00014795
1995-06-29;0.00000000;0.00015068
1995-06-30;0.00000000;0.00014904
1995-07-03;0.00000000;0.00044877
1995-07-04;0.00000000;0.00014959
1995-07-05;0.00006038;0.00021134
1995-07-06;0.00000000;0.00014712
1995-07-07;0.00000000;0.00014740
1995-07-10;0.00000000;0.00044055
1995-07-11;0.00000000;0.00014767
1995-07-12;0.00000000;0.00014740
1995-07-13;0.00000000;0.00014767
1995-07-14;0.00000000;0.00014877
1995-07-17;0.00000000;0.00044795
1995-07-18;0.00000000;0.00014904
1995-07-19;0.00000000;0.00014822
1995-07-20;0.00000000;0.00014877
1995-07-21;0.00000000;0.00014904
1995-07-24;0.00000000;0.00044712
1995-07-25;0.00000000;0.00014932
1995-07-26;0.00000000;0.00014959
1995-07-27;0.00000000;0.00014822
1995-07-28;0.00000000;0.00014849
1995-07-31;0.00000000;0.00044548
1995-08-01;0.00000000;0.00014904
1995-08-02;0.00000000;0.00014849
1995-08-03;0.00000000;0.00014849
1995-08-04;0.00000000;0.00014822
1995-08-07;0.00000000;0.00044384
1995-08-08;0.00000000;0.00014740
1995-08-09;0.00000000;0.00014767
1995-08-10;0.00000000;0.00014795
1995-08-11;0.00000000;0.00014849
1995-08-14;0.00000000;0.00044630
1995-08-15;0.00000000;0.00014932
1995-08-16;0.00000000;0.00014877
1995-08-17;0.00000000;0.00014904
1995-08-18;0.00000000;0.00014904
1995-08-21;0.00000000;0.00044795
1995-08-22;0.00000000;0.00014959
1995-08-23;0.00000000;0.00014877
1995-08-24;0.00000000;0.00014685
1995-08-25;0.00000000;0.00014630
1995-08-28;0.00000000;0.00043644
1995-08-29;0.00008778;0.00023408
1995-08-30;0.00000000;0.00014521
1995-08-31;0.00000000;0.00014493
1995-09-01;0.00000000;0.00014493
1995-09-04;0.00000000;0.00043479
1995-09-05;0.00017458;0.00032005
1995-09-06;0.00000000;0.00014575
1995-09-07;0.00000000;0.00014630
1995-09-08;0.00000000;0.00014685
1995-09-11;-0.00000000;0.00043973
1995-09-12;0.00000000;0.00014548
1995-09-13;0.00000000;0.00014548
1995-09-14;0.00000000;0.00014466
1995-09-15;0.00000000;0.00014521
1995-09-18;0.00002899;0.00046378
1995-09-19;0.00000000;0.00014247
1995-09-20;0.00000000;0.00014192
1995-09-21;0.00000000;0.00014356
1995-09-22;0.00000000;0.00014219
1995-09-25;0.00000000;0.00043068
1995-09-26;0.00000000;0.00014493
1995-09-27;0.00000000;0.00014411
1995-09-28;0.00000000;0.00014466
1995-09-29;0.00000000;0.00014356
1995-10-02;0.00000000;0.00043233
1995-10-03;0.00000000;0.00014658
1995-10-04;0.00002910;0.00017458
1995-10-05;0.00000000;0.00014466
1995-10-06;0.00000000;0.00014548
1995-10-09;0.00000000;0.00043644
1995-10-10;0.00000000;0.00014493
1995-10-11;0.00002910;0.00017458
1995-10-12;0.00000000;0.00014521
1995-10-13;0.00000000;0.00014493
1995-10-16;-0.00000000;0.00043726
1995-10-17;0.00000000;0.00014438
1995-10-18;0.00000000;0.00014384
1995-10-19;0.00000000;0.00014384
1995-10-20;0.00000000;0.00014438
1995-10-23;0.00000000;0.00043315
1995-10-24;0.00000000;0.00014301
1995-10-25;0.00000000;0.00014329
1995-10-26;0.00000000;0.00014301
1995-10-27;0.00000000;0.00014384
1995-10-30;0.00000000;0.00043397
1995-10-31;-0.00065000;-0.00050425
1995-11-01;0.00041390;0.00055965
1995-11-02;0.01281214;0.01295762
1995-11-03;0.00023975;0.00038523
1995-11-06;-0.00225692;-0.00181802
1995-11-07;-0.00641597;-0.00626884
1995-11-08;0.00255112;0.00269797
1995-11-09;0.00615927;0.00630694
1995-11-10;-0.00288300;-0.00273450
1995-11-13;-0.00025322;0.00019226
1995-11-14;-0.00563982;-0.00549242
1995-11-15;0.00201001;0.00215768
1995-11-16;0.00604860;0.00619545
1995-11-17;0.00152591;0.00167248
1995-11-20;-0.00298491;-0.00254518
1995-11-21;0.00035593;0.00050278
1995-11-22;-0.00323173;-0.00308488
1995-11-23;-0.00364250;-0.00349565
1995-11-24;0.00580893;0.00595469
1995-11-27;0.00681389;0.00725280
1995-11-28;0.01108127;0.01122840
1995-11-29;0.00018824;0.00033454
1995-11-30;0.00036562;0.00051137
1995-12-01;0.00098644;0.00113137
1995-12-04;0.00513693;0.00557337
1995-12-05;-0.00084751;-0.00070203
1995-12-06;0.00269991;0.00284566
1995-12-07;-0.00131895;-0.00117265
1995-12-08;0.00414988;0.00429618
1995-12-11;-0.00003702;0.00040106
1995-12-12;-0.00320420;-0.00306036
1995-12-13;0.00224793;0.00239204
1995-12-14;-0.00590045;-0.00575634
1995-12-15;-0.00474738;-0.00460492
1995-12-18;-0.01565851;-0.01523111
1995-12-19;0.00866021;0.00879966
1995-12-20;0.00213740;0.00227439
1995-12-21;0.01011145;0.01024597
1995-12-22;0.00527317;0.00540742
1995-12-25;0.00116157;0.00156431
1995-12-26;0.00326505;0.00339820
1995-12-27;0.00046295;0.00059720
1995-12-28;-0.00510519;-0.00497259
1995-12-29;0.00142468;0.00156057
1996-01-02;0.01071482;0.01125948
1996-01-03;-0.00180262;-0.00166426
1996-01-04;0.00365248;0.00379056
1996-01-05;-0.00136281;-0.00122500
1996-01-08;0.00117359;0.00158701
1996-01-09;-0.01220960;-0.01207234
1996-01-10;-0.00628912;-0.00615104
1996-01-11;0.00474097;0.00487906
1996-01-12;-0.00012242;0.00001594
1996-01-15;-0.00834645;-0.00793138
1996-01-16;0.01398251;0.01411950
1996-01-17;-0.00163380;-0.00149708
1996-01-18;0.00536080;0.00549669
1996-01-19;0.00562859;0.00576448
1996-01-22;0.00034966;0.00075898
1996-01-23;-0.00375331;-0.00361715
1996-01-24;0.01461767;0.01475384
1996-01-25;-0.00472233;-0.00458617
1996-01-26;0.00653285;0.00666901
1996-01-29;-0.00152897;-0.00111802
1996-01-30;0.00730121;0.00743792
1996-01-31;0.00716005;0.00729458
1996-02-01;0.00567390;0.00580787
1996-02-02;-0.00090472;-0.00077184
1996-02-05;-0.00168671;-0.00128726
1996-02-06;0.00535432;0.00548692
1996-02-07;0.00075721;0.00088872
1996-02-08;0.00282618;0.00295714
1996-02-09;0.00035915;0.00049039
1996-02-12;0.00249291;0.00288743
1996-02-13;-0.00221964;-0.00208841
1996-02-14;-0.00119424;-0.00106274
1996-02-15;0.00066505;0.00079601
1996-02-16;-0.00302556;-0.00289515
1996-02-19;-0.00900715;-0.00861592
1996-02-20;-0.00655050;-0.00641817
1996-02-21;0.00587036;0.00600241
1996-02-22;0.01049887;0.01063065
1996-02-23;0.00157763;0.00170996
1996-02-26;-0.00551022;-0.00511159
1996-02-27;-0.00644661;-0.00631291
1996-02-28;0.00275123;0.00288492
1996-02-29;-0.00283456;-0.00270059
1996-03-01;-0.00262984;-0.00249669
1996-03-04;0.00019302;0.00059493
1996-03-05;0.00669162;0.00682560
1996-03-06;-0.00433127;-0.00419702
1996-03-07;-0.00124933;-0.00111508
1996-03-08;-0.01517803;-0.01504434
1996-03-11;-0.00156413;-0.00115646
1996-03-12;-0.00390152;-0.00376563
1996-03-13;0.00369002;0.00382591
1996-03-14;0.00470277;0.00483921
1996-03-15;0.00646561;0.00660287
1996-03-18;0.01028347;0.01069689
1996-03-19;0.00216242;0.00230078
1996-03-20;-0.00621626;-0.00607873
1996-03-21;0.00299060;0.00312594
1996-03-22;-0.00106929;-0.00093312
1996-03-25;-0.00196613;-0.00156092
1996-03-26;0.00128092;0.00141791
1996-03-27;0.00573130;0.00586910
1996-03-28;-0.00208541;-0.00194705
1996-03-29;0.00076217;0.00089916
1996-04-01;0.00657747;0.00699089
1996-04-02;0.00278952;0.00292705
1996-04-03;-0.00196772;-0.00183046
1996-04-04;0.00212639;0.00226283
1996-04-05;0.01032107;0.01045861
1996-04-08;-0.01437105;-0.01395845
1996-04-09;0.00348747;0.00362363
1996-04-10;-0.00139418;-0.00125857
1996-04-11;-0.00601299;-0.00587737
1996-04-12;0.00432006;0.00445540
1996-04-15;0.00782551;0.00822578
1996-04-16;0.00772635;0.00785840
1996-04-17;-0.00649330;-0.00636097
1996-04-18;0.00570134;0.00583422
1996-04-19;0.00366705;0.00380075
1996-04-22;0.00705532;0.00745642
1996-04-23;0.00310018;0.00323634
1996-04-24;0.00110372;0.00124070
1996-04-25;0.00221691;0.00235280
1996-04-26;0.00090413;0.00104057
1996-04-29;-0.00488473;-0.00447377
1996-04-30;-0.00320256;-0.00306530
1996-05-01;0.00000000;0.00013644
1996-05-02;0.00002734;0.00016405
1996-05-03;0.00000000;0.00013699
1996-05-06;0.00000000;0.00041014
1996-05-07;0.00019216;0.00032942
1996-05-08;0.00000000;0.00013699
1996-05-09;0.00000000;0.00013671
1996-05-10;0.00000000;0.00013671
1996-05-13;0.00000000;0.00041260
1996-05-14;0.00000000;0.00013726
1996-05-15;0.00000000;0.00013699
1996-05-16;0.00000000;0.00013726
1996-05-17;0.00002745;0.00016471
1996-05-20;0.00000000;0.00041260
1996-05-21;0.00000000;0.00013808
1996-05-22;0.00000000;0.00013808
1996-05-23;0.00000000;0.00013808
1996-05-24;0.00000000;0.00013808
1996-05-27;0.00000000;0.00041425
1996-05-28;0.00033140;0.00046948
1996-05-29;0.00000000;0.00013808
1996-05-30;0.00000000;0.00013808
1996-05-31;0.00000000;0.00013808
1996-06-03;0.00000000;0.00041753
1996-06-04;0.00000000;0.00013918
1996-06-05;0.00000000;0.00013918
1996-06-06;0.00000000;0.00013890
1996-06-07;0.00002805;0.00016833
1996-06-10;0.00000000;0.00042329
1996-06-11;0.00000000;0.00014055
1996-06-12;0.00000000;0.00014027
1996-06-13;0.00000000;0.00013973
1996-06-14;0.00000000;0.00013890
1996-06-17;0.00000000;0.00041507
1996-06-18;0.00000000;0.00013890
1996-06-19;0.00000000;0.00013945
1996-06-20;0.00000000;0.00014027
1996-06-21;0.00000000;0.00014027
1996-06-24;0.00000000;0.00042164
1996-06-25;0.00000000;0.00013973
1996-06-26;0.00000000;0.00013973
1996-06-27;0.00000000;0.00013863
1996-06-28;0.00000000;0.00013808
1996-07-01;0.00000000;0.00041753
1996-07-02;0.00000000;0.00014192
1996-07-03;0.00000000;0.00013973
1996-07-04;0.00000000;0.00013973
1996-07-05;0.00005655;0.00019792
1996-07-08;0.00000000;0.00042411
1996-07-09;0.00000000;0.00014247
1996-07-10;0.00000000;0.00014110
1996-07-11;0.00000000;0.00014027
1996-07-12;0.00000000;0.00014082
1996-07-15;0.00000000;0.00042329
1996-07-16;0.00000000;0.00014055
1996-07-17;0.00000000;0.00014027
1996-07-18;0.00000000;0.00014000
1996-07-19;0.00000000;0.00014082
1996-07-22;0.00000000;0.00042329
1996-07-23;0.00000000;0.00014137
1996-07-24;0.00000000;0.00014164
1996-07-25;0.00000000;0.00014110
1996-07-26;0.00000000;0.00014110
1996-07-29;0.00000000;0.00042822
1996-07-30;0.00000000;0.00014247
1996-07-31;0.00000000;0.00014192
1996-08-01;0.00000000;0.00014000
1996-08-02;0.00000000;0.00013890
1996-08-05;0.00000000;0.00041507
1996-08-06;0.00000000;0.00013836
1996-08-07;0.00000000;0.00013808
1996-08-08;0.00000000;0.00013726
1996-08-09;0.00000000;0.00013726
1996-08-12;0.00000000;0.00041178
1996-08-13;0.00000000;0.00013781
1996-08-14;0.00000000;0.00013753
1996-08-15;0.00000000;0.00013836
1996-08-16;0.00000000;0.00013808
1996-08-19;0.00000000;0.00041507
1996-08-20;0.00000000;0.00013808
1996-08-21;0.00000000;0.00013726
1996-08-22;0.00000000;0.00013699
1996-08-23;0.00000000;0.00013726
1996-08-26;0.00000000;0.00041589
1996-08-27;0.00008318;0.00022181
1996-08-28;0.00000000;0.00013863
1996-08-29;0.00000000;0.00013973
1996-08-30;0.00000000;0.00014110
1996-09-02;0.00000000;0.00042329
1996-09-03;0.00016997;0.00031162
1996-09-04;0.00000000;0.00014192
1996-09-05;0.00000000;0.00014247
1996-09-06;0.00000000;0.00014219
1996-09-09;0.00000000;0.00042164
1996-09-10;0.00000000;0.00014110
1996-09-11;0.00000000;0.00014164
1996-09-12;0.00000000;0.00014082
1996-09-13;0.00000000;0.00013890
1996-09-16;0.00000000;0.00041507
1996-09-17;0.00008499;0.00022663
1996-09-18;0.00000000;0.00014082
1996-09-19;0.00000000;0.00014000
1996-09-20;0.00000000;0.00014110
1996-09-23;0.00000000;0.00042329
1996-09-24;0.00008268;0.00022049
1996-09-25;0.00000000;0.00013534
1996-09-26;0.00000000;0.00013342
1996-09-27;0.00000000;0.00013452
1996-09-30;-0.00000000;0.00040356
1996-10-01;0.00000000;0.00013616
1996-10-02;0.00000000;0.00013425
1996-10-03;0.00000000;0.00013452
1996-10-04;0.00002674;0.00016044
1996-10-07;0.00000000;0.00040521
1996-10-08;0.00000000;0.00013671
1996-10-09;0.00000000;0.00013671
1996-10-10;0.00000000;0.00013726
1996-10-11;0.00002740;0.00016438
1996-10-14;0.00000000;0.00041096
1996-10-15;0.00000000;0.00013781
1996-10-16;0.00000000;0.00013726
1996-10-17;0.00000000;0.00013644
1996-10-18;0.00000000;0.00013644
1996-10-21;0.00000000;0.00041014
1996-10-22;0.00000000;0.00013753
1996-10-23;0.00000000;0.00013699
1996-10-24;0.00000000;0.00013699
1996-10-25;0.00000000;0.00013699
1996-10-28;0.00000000;0.00041507
1996-10-29;0.00000000;0.00013726
1996-10-30;0.00000000;0.00013726
1996-10-31;-0.00065000;-0.00051219
1996-11-01;0.00039138;0.00052919
1996-11-04;0.00040440;0.00081700
1996-11-05;0.00761725;0.00775506
1996-11-06;0.01327062;0.01340843
1996-11-07;-0.00178952;-0.00165199
1996-11-08;0.00682680;0.00696488
1996-11-11;0.00015234;0.00056659
1996-11-12;0.00144780;0.00158589
1996-11-13;-0.00055608;-0.00041827
1996-11-14;0.00538956;0.00552737
1996-11-15;-0.00036265;-0.00022511
1996-11-18;-0.00544508;-0.00503165
1996-11-19;0.00766531;0.00780312
1996-11-20;0.00137637;0.00151417
1996-11-21;-0.00336922;-0.00323114
1996-11-22;0.01021961;0.01035769
1996-11-25;0.00726935;0.00768278
1996-11-26;0.00309202;0.00322982
1996-11-27;-0.00137285;-0.00123532
1996-11-28;-0.00062139;-0.00048385
1996-11-29;0.00239315;0.00253013
1996-12-02;-0.00190853;-0.00150168
1996-12-03;0.00011446;0.00024926
1996-12-04;-0.00359910;-0.00346486
1996-12-05;0.00395536;0.00408988
1996-12-06;-0.01846309;-0.01832884
1996-12-09;0.01781878;0.01821823
1996-12-10;0.00222780;0.00236012
1996-12-11;-0.00902904;-0.00889671
1996-12-12;-0.00569054;-0.00555794
1996-12-13;-0.00852317;-0.00839166
1996-12-16;-0.00454173;-0.00414228
1996-12-17;0.00091150;0.00104492
1996-12-18;0.00568519;0.00581943
1996-12-19;0.00268065;0.00281435
1996-12-20;0.00168932;0.00182329
1996-12-23;-0.00249787;-0.00208937
1996-12-24;-0.00192726;-0.00179137
1996-12-25;0.02009526;0.02023115
1996-12-26;0.00061400;0.00075016
1996-12-27;0.00020898;0.00034542
1996-12-30;-0.00075284;-0.00033859
1996-12-31;-0.00773811;-0.00759921
1997-01-02;-0.01213206;-0.01185535
1997-01-03;0.01932689;0.01946497
1997-01-06;0.00426602;0.00468109
1997-01-07;-0.00394810;-0.00381057
1997-01-08;-0.00394685;-0.00380932
1997-01-09;-0.00178115;-0.00164416
1997-01-10;-0.00832556;-0.00818747
1997-01-13;0.01404768;0.01446192
1997-01-14;0.01043138;0.01056974
1997-01-15;-0.00627250;-0.00613496
1997-01-16;0.00642752;0.00656532
1997-01-17;0.00438856;0.00452582
1997-01-20;-0.00448401;-0.00407223
1997-01-21;0.00328381;0.00342162
1997-01-22;0.01376441;0.01390249
1997-01-23;-0.00307532;-0.00293724
1997-01-24;-0.01362481;-0.01348701
1997-01-27;-0.00741671;-0.00700082
1997-01-28;0.00901408;0.00915217
1997-01-29;0.00486805;0.00500614
1997-01-30;0.00445008;0.00458816
1997-01-31;0.01125282;0.01139036
1997-02-03;-0.00274673;-0.00233741
1997-02-04;0.00300069;0.00313686
1997-02-05;-0.00655132;-0.00641433
1997-02-06;-0.00172467;-0.00158741
1997-02-07;0.00791596;0.00805322
1997-02-10;-0.00257695;-0.00216517
1997-02-11;0.00250271;0.00263997
1997-02-12;0.01213437;0.01227191
1997-02-13;0.01063783;0.01077481
1997-02-14;-0.00210359;-0.00196743
1997-02-17;0.00099285;0.00140134
1997-02-18;-0.00374335;-0.00360691
1997-02-19;0.00017653;0.00031297
1997-02-20;-0.00232125;-0.00218509
1997-02-21;-0.00467382;-0.00453793
1997-02-24;0.00225375;0.00266389
1997-02-25;0.00649129;0.00662827
1997-02-26;-0.00279800;-0.00265882
1997-02-27;-0.00756309;-0.00742391
1997-02-28;-0.00777718;-0.00763773
1997-03-03;0.00045875;0.00087793
1997-03-04;0.00930635;0.00944635
1997-03-05;0.00383191;0.00397081
1997-03-06;-0.00518132;-0.00504187
1997-03-07;0.00305661;0.00319578
1997-03-10;0.00528854;0.00570444
1997-03-11;0.00006534;0.00020343
1997-03-12;-0.00873979;-0.00860089
1997-03-13;-0.00857081;-0.00843054
1997-03-14;0.00404554;0.00418527
1997-03-17;-0.00618744;-0.00576580
1997-03-18;-0.00204480;-0.00190480
1997-03-19;-0.00455912;-0.00441803
1997-03-20;-0.00677941;-0.00663694
1997-03-21;0.00194389;0.00208800
1997-03-24;-0.00860201;-0.00817051
1997-03-25;0.01203387;0.01217880
1997-03-26;0.01261107;0.01275381
1997-03-27;-0.01222887;-0.01208558
1997-03-28;-0.00128192;-0.00113863
1997-03-31;-0.01989599;-0.01946777
1997-04-01;-0.01145643;-0.01131451
1997-04-02;-0.00880809;-0.00866672
1997-04-03;0.00530659;0.00544714
1997-04-04;0.00577180;0.00591290
1997-04-07;0.00977440;0.01019769
1997-04-08;0.00536317;0.00550317
1997-04-09;-0.00459149;-0.00445177
1997-04-10;-0.00663278;-0.00649169
1997-04-11;-0.01118390;-0.01104226
1997-04-14;0.00154714;0.00197207
1997-04-15;0.00935942;0.00950106
1997-04-16;0.00254035;0.00268145
1997-04-17;0.00353425;0.00367534
1997-04-18;0.00645188;0.00659298
1997-04-21;-0.00433067;-0.00390738
1997-04-22;0.00943937;0.00958238
1997-04-23;0.00952569;0.00966898
1997-04-24;0.00056674;0.00070866
1997-04-25;-0.01028910;-0.01014746
1997-04-28;0.00667166;0.00709824
1997-04-29;0.02118595;0.02132841
1997-04-30;0.01138941;0.01153023
1997-05-01;0.00000000;0.00013973
1997-05-02;0.00002795;0.00016767
1997-05-05;-0.00000000;0.00041507
1997-05-06;0.00016668;0.00030559
1997-05-07;0.00000000;0.00013918
1997-05-08;0.00000000;0.00013890
1997-05-09;0.00002767;0.00016603
1997-05-12;-0.00000000;0.00041425
1997-05-13;0.00000000;0.00013973
1997-05-14;0.00000000;0.00013836
1997-05-15;0.00000000;0.00013671
1997-05-16;0.00000000;0.00013863
1997-05-19;0.00000000;0.00042411
1997-05-20;0.00008630;0.00023014
1997-05-21;0.00000000;0.00013671
1997-05-22;0.00000000;0.00013808
1997-05-23;0.00000000;0.00013808
1997-05-26;0.00000000;0.00041425
1997-05-27;0.00024756;0.00038510
1997-05-28;0.00000000;0.00013808
1997-05-29;0.00000000;0.00013397
1997-05-30;0.00000000;0.00013205
1997-06-02;0.00000000;0.00039370
1997-06-03;0.00000000;0.00013479
1997-06-04;0.00000000;0.00013589
1997-06-05;0.00000000;0.00013616
1997-06-06;0.00000000;0.00013507
1997-06-09;0.00000000;0.00040438
1997-06-10;0.00000000;0.00013479
1997-06-11;0.00000000;0.00013288
1997-06-12;0.00000000;0.00013260
1997-06-13;0.00000000;0.00013315
1997-06-16;0.00000000;0.00039863
1997-06-17;0.00000000;0.00013479
1997-06-18;0.00000000;0.00013425
1997-06-19;0.00000000;0.00013562
1997-06-20;0.00000000;0.00013534
1997-06-23;-0.00000000;0.00041425
1997-06-24;0.00000000;0.00013534
1997-06-25;0.00000000;0.00013534
1997-06-26;0.00000000;0.00013781
1997-06-27;0.00000000;0.00013753
1997-06-30;0.00000000;0.00041589
1997-07-01;0.00000000;0.00013808
1997-07-02;0.00000000;0.00013863
1997-07-03;0.00000000;0.00013726
1997-07-04;0.00000000;0.00013726
1997-07-07;0.00005436;0.00046203
1997-07-08;0.00000000;0.00013671
1997-07-09;0.00000000;0.00013644
1997-07-10;0.00000000;0.00013726
1997-07-11;0.00000000;0.00013699
1997-07-14;0.00000000;0.00041260
1997-07-15;0.00000000;0.00013918
1997-07-16;0.00000000;0.00013781
1997-07-17;0.00000000;0.00013808
1997-07-18;0.00000000;0.00013973
1997-07-21;0.00000000;0.00042164
1997-07-22;0.00008285;0.00022093
1997-07-23;0.00000000;0.00013863
1997-07-24;0.00000000;0.00013945
1997-07-25;0.00000000;0.00013973
1997-07-28;-0.00000000;0.00041918
1997-07-29;0.00000000;0.00013973
1997-07-30;0.00000000;0.00013973
1997-07-31;0.00000000;0.00014000
1997-08-01;0.00000000;0.00014082
1997-08-04;0.00000000;0.00042247
1997-08-05;0.00000000;0.00014110
1997-08-06;0.00000000;0.00014110
1997-08-07;0.00000000;0.00014137
1997-08-08;0.00000000;0.00014110
1997-08-11;0.00000000;0.00042493
1997-08-12;0.00000000;0.00014164
1997-08-13;0.00000000;0.00014192
1997-08-14;0.00000000;0.00014247
1997-08-15;0.00000000;0.00014110
1997-08-18;0.00000000;0.00042164
1997-08-19;0.00000000;0.00014000
1997-08-20;0.00000000;0.00013973
1997-08-21;0.00000000;0.00014055
1997-08-22;0.00000000;0.00014000
1997-08-25;0.00000000;0.00042411
1997-08-26;0.00008449;0.00022532
1997-08-27;0.00000000;0.00014082
1997-08-28;0.00000000;0.00013973
1997-08-29;0.00000000;0.00013973
1997-09-01;0.00000000;0.00041918
1997-09-02;0.00016668;0.00030559
1997-09-03;0.00000000;0.00013726
1997-09-04;0.00000000;0.00013726
1997-09-05;0.00000000;0.00013781
1997-09-08;0.00000000;0.00041260
1997-09-09;0.00000000;0.00013753
1997-09-10;0.00000000;0.00013644
1997-09-11;0.00000000;0.00013699
1997-09-12;0.00000000;0.00013616
1997-09-15;0.00000000;0.00041096
1997-09-16;0.00008153;0.00021742
1997-09-17;0.00000000;0.00013616
1997-09-18;0.00000000;0.00013616
1997-09-19;0.00000000;0.00013507
1997-09-22;-0.00000000;0.00040356
1997-09-23;0.00000000;0.00013397
1997-09-24;0.00002636;0.00015814
1997-09-25;0.00000000;0.00013151
1997-09-26;0.00000000;0.00013315
1997-09-29;0.00000000;0.00040027
1997-09-30;0.00000000;0.00013507
1997-10-01;0.00000000;0.00013616
1997-10-02;0.00000000;0.00013534
1997-10-03;0.00000000;0.00013425
1997-10-06;0.00002668;0.00042696
1997-10-07;0.00000000;0.00013507
1997-10-08;0.00000000;0.00013589
1997-10-09;0.00000000;0.00013699
1997-10-10;0.00000000;0.00013699
1997-10-13;0.00002740;0.00043836
1997-10-14;0.00000000;0.00013562
1997-10-15;0.00000000;0.00013507
1997-10-16;0.00000000;0.00013534
1997-10-17;0.00000000;0.00013479
1997-10-20;-0.00000000;0.00040356
1997-10-21;0.00000000;0.00013534
1997-10-22;0.00000000;0.00013753
1997-10-23;0.00000000;0.00013671
1997-10-24;0.00000000;0.00013726
1997-10-27;0.00000000;0.00040767
1997-10-28;0.00000000;0.00014000
1997-10-29;0.00000000;0.00013836
1997-10-30;0.00000000;0.00013781
1997-10-31;-0.00065000;-0.00051110
1997-11-03;0.02344418;0.02386418
1997-11-04;-0.00349208;-0.00335208
1997-11-05;0.00298318;0.00312373
1997-11-06;-0.00576869;-0.00562704
1997-11-07;-0.02116453;-0.02102289
1997-11-10;-0.00433482;-0.00390660
1997-11-11;0.00228169;0.00242443
1997-11-12;-0.02057081;-0.02042944
1997-11-13;0.00711625;0.00725680
1997-11-14;0.00238687;0.00252742
1997-11-17;0.03649475;0.03692050
1997-11-18;0.00163812;0.00177976
1997-11-19;-0.00771195;-0.00757113
1997-11-20;0.01936230;0.01950312
1997-11-21;0.00833967;0.00847967
1997-11-24;-0.02226106;-0.02183695
1997-11-25;-0.00842975;-0.00828838
1997-11-26;0.00863263;0.00877291
1997-11-27;0.01426802;0.01440829
1997-11-28;0.00042384;0.00056302
1997-12-01;0.02503944;0.02545862
1997-12-02;-0.00611557;-0.00597529
1997-12-03;-0.00241264;-0.00227237
1997-12-04;0.00275417;0.00289472
1997-12-05;0.01075276;0.01089413
1997-12-08;0.00059857;0.00102597
1997-12-09;-0.00195606;-0.00181551
1997-12-10;-0.01233298;-0.01219408
1997-12-11;-0.02296299;-0.02282436
1997-12-12;-0.00432967;-0.00419131
1997-12-15;0.00436486;0.00478404
1997-12-16;0.01360811;0.01374756
1997-12-17;0.00328731;0.00342731
1997-12-18;-0.01073398;-0.01059425
1997-12-19;-0.02265624;-0.02251405
1997-12-22;-0.00113618;-0.00070057
1997-12-23;-0.00863486;-0.00848938
1997-12-24;-0.00429240;-0.00414884
1997-12-25;0.02498685;0.02513041
1997-12-26;-0.00428495;-0.00414221
1997-12-29;0.01836884;0.01880116
1997-12-30;0.01298621;0.01313142
1997-12-31;-0.00262425;-0.00248124
1998-01-02;0.01640941;0.01669325
1998-01-05;0.00292956;0.00334791
1998-01-06;-0.00777885;-0.00763967
1998-01-07;-0.00431000;-0.00417055
1998-01-08;-0.00285953;-0.00272254
1998-01-09;-0.02048063;-0.02034584
1998-01-12;-0.00677376;-0.00637019
1998-01-13;0.01012304;0.01026085
1998-01-14;0.00700046;0.00713854
1998-01-15;0.00036025;0.00049723
1998-01-16;0.02386078;0.02399831
1998-01-19;0.01055860;0.01097120
1998-01-20;0.01002134;0.01015887
1998-01-21;-0.00092784;-0.00079085
1998-01-22;-0.00750608;-0.00736909
1998-01-23;0.00064396;0.00078205
1998-01-26;0.00550505;0.00591683
1998-01-27;0.01084857;0.01098830
1998-01-28;0.01180164;0.01194109
1998-01-29;0.00764421;0.00778284
1998-01-30;-0.00409492;-0.00395629
1998-02-02;0.02029878;0.02071795
1998-02-03;0.00607473;0.00621500
1998-02-04;-0.00069536;-0.00055892
1998-02-05;-0.00132225;-0.00118499
1998-02-06;0.00830533;0.00844342
1998-02-09;-0.00264109;-0.00222931
1998-02-10;0.00671112;0.00685003
1998-02-11;-0.00063419;-0.00049501
1998-02-12;-0.00248013;-0.00234095
1998-02-13;-0.00516155;-0.00502210
1998-02-16;0.00248189;0.00290024
1998-02-17;0.00639234;0.00653042
1998-02-18;0.00157631;0.00171494
1998-02-19;0.00047035;0.00060926
1998-02-20;0.00445413;0.00459331
1998-02-23;0.00254473;0.00296555
1998-02-24;-0.01085492;-0.01071437
1998-02-25;0.01673765;0.01687929
1998-02-26;0.00411928;0.00426174
1998-02-27;0.00186811;0.00201003
1998-03-02;0.00721802;0.00764377
1998-03-03;-0.00210792;-0.00196846
1998-03-04;-0.00660113;-0.00646278
1998-03-05;-0.01624780;-0.01610971
1998-03-06;0.02042630;0.02056384
1998-03-09;-0.00486861;-0.00445519
1998-03-10;0.00713970;0.00727560
1998-03-11;-0.00059689;-0.00046100
1998-03-12;-0.00254211;-0.00240650
1998-03-13;0.00746205;0.00759794
1998-03-16;0.00257823;0.00298672
1998-03-17;0.00297767;0.00311493
1998-03-18;-0.00122742;-0.00108961
1998-03-19;0.00779303;0.00793111
1998-03-20;0.00304700;0.00318536
1998-03-23;-0.00049116;-0.00007855
1998-03-24;0.00499097;0.00512878
1998-03-25;0.00409364;0.00423173
1998-03-26;-0.00138035;-0.00124118
1998-03-27;-0.00230798;-0.00216880
1998-03-30;-0.00808739;-0.00766904
1998-03-31;0.00870125;0.00883878
1998-04-01;0.00322607;0.00336278
1998-04-02;-0.00146505;-0.00132889
1998-04-03;0.00183699;0.00197261
1998-04-06;0.00204913;0.00245762
1998-04-07;-0.00431206;-0.00417672
1998-04-08;0.00206770;0.00220277
1998-04-09;0.00780477;0.00794012
1998-04-10;-0.00349948;-0.00336414
1998-04-13;-0.00231311;-0.00189805
1998-04-14;0.00419489;0.00433242
1998-04-15;0.00247283;0.00260845
1998-04-16;-0.01269285;-0.01255833
1998-04-17;-0.00055648;-0.00042169
1998-04-20;0.00735178;0.00775534
1998-04-21;0.00345606;0.00359140
1998-04-22;-0.00000007;0.00013582
1998-04-23;-0.01006628;-0.00993039
1998-04-24;-0.00604923;-0.00591361
1998-04-27;-0.02392863;-0.02352260
1998-04-28;0.00403586;0.00417093
1998-04-29;0.00540263;0.00553797
1998-04-30;0.01639262;0.01652605
1998-05-01;0.00000000;0.00013397
1998-05-04;0.00004484;0.00044840
1998-05-05;0.00010233;0.00023877
1998-05-06;0.00010915;0.00024559
1998-05-07;0.00000000;0.00013644
1998-05-08;0.00000000;0.00013699
1998-05-11;0.00000000;0.00041096
1998-05-12;0.00000000;0.00013671
1998-05-13;0.00000000;0.00013671
1998-05-14;0.00000000;0.00013808
1998-05-15;0.00000000;0.00013808
1998-05-18;0.00000000;0.00041507
1998-05-19;0.00000000;0.00013945
1998-05-20;0.00000000;0.00013890
1998-05-21;0.00000000;0.00013973
1998-05-22;0.00002784;0.00016701
1998-05-25;0.00000000;0.00041753
1998-05-26;0.00024658;0.00038356
1998-05-27;0.00000000;0.00013589
1998-05-28;0.00000000;0.00013507
1998-05-29;0.00000000;0.00013397
1998-06-01;0.00000000;0.00039863
1998-06-02;0.00008137;0.00021699
1998-06-03;0.00000000;0.00013699
1998-06-04;0.00000000;0.00013644
1998-06-05;0.00000000;0.00013644
1998-06-08;0.00000000;0.00041096
1998-06-09;0.00000000;0.00013781
1998-06-10;0.00000000;0.00013726
1998-06-11;0.00000000;0.00013616
1998-06-12;0.00002734;0.00016405
1998-06-15;0.00000000;0.00040932
1998-06-16;0.00000000;0.00013863
1998-06-17;0.00000000;0.00013945
1998-06-18;0.00000000;0.00013836
1998-06-19;0.00000000;0.00013781
1998-06-22;0.00000000;0.00041014
1998-06-23;0.00000000;0.00013616
1998-06-24;0.00000000;0.00013452
1998-06-25;0.00000000;0.00013397
1998-06-26;0.00000000;0.00013342
1998-06-29;-0.00000000;0.00040192
1998-06-30;0.00000000;0.00013616
1998-07-01;0.00000000;0.00013589
1998-07-02;0.00000000;0.00013534
1998-07-03;0.00000000;0.00013534
1998-07-06;0.00005403;0.00045923
1998-07-07;0.00000000;0.00013562
1998-07-08;0.00000000;0.00013589
1998-07-09;0.00000000;0.00013534
1998-07-10;0.00000000;0.00013507
1998-07-13;0.00000000;0.00040767
1998-07-14;0.00000000;0.00013753
1998-07-15;0.00000000;0.00013726
1998-07-16;0.00000000;0.00013781
1998-07-17;0.00000000;0.00013726
1998-07-20;0.00000000;0.00041096
1998-07-21;0.00008153;0.00021742
1998-07-22;0.00000000;0.00013534
1998-07-23;0.00000000;0.00013589
1998-07-24;0.00000000;0.00013562
1998-07-27;0.00000000;0.00040767
1998-07-28;0.00000000;0.00013534
1998-07-29;0.00000000;0.00013534
1998-07-30;0.00000000;0.00013534
1998-07-31;0.00000000;0.00013616
1998-08-03;0.00000000;0.00040932
1998-08-04;0.00000000;0.00013616
1998-08-05;0.00000000;0.00013562
1998-08-06;0.00000000;0.00013425
1998-08-07;0.00000000;0.00013315
1998-08-10;0.00000000;0.00039945
1998-08-11;0.00000000;0.00013425
1998-08-12;0.00000000;0.00013397
1998-08-13;0.00000000;0.00013452
1998-08-14;0.00000000;0.00013425
1998-08-17;0.00000000;0.00040521
1998-08-18;0.00000000;0.00013507
1998-08-19;0.00000000;0.00013534
1998-08-20;0.00000000;0.00013452
1998-08-21;0.00000000;0.00013370
1998-08-24;0.00000000;0.00040603
1998-08-25;0.00000000;0.00013589
1998-08-26;0.00000000;0.00013507
1998-08-27;0.00000000;0.00013315
1998-08-28;0.00000000;0.00013096
1998-08-31;0.00000000;0.00039205
1998-09-01;0.00007874;0.00020997
1998-09-02;0.00000000;0.00013096
1998-09-03;0.00000000;0.00012904
1998-09-04;0.00000000;0.00012986
1998-09-07;0.00000000;0.00038959
1998-09-08;0.00015584;0.00028570
1998-09-09;0.00000000;0.00013041
1998-09-10;0.00000000;0.00012767
1998-09-11;0.00000000;0.00013014
1998-09-14;0.00000000;0.00038795
1998-09-15;0.00000000;0.00012795
1998-09-16;0.00002532;0.00015189
1998-09-17;0.00000000;0.00012548
1998-09-18;0.00000000;0.00012356
1998-09-21;0.00000000;0.00037479
1998-09-22;0.00000000;0.00012849
1998-09-23;0.00000000;0.00012466
1998-09-24;0.00002433;0.00014597
1998-09-25;-0.00000000;0.00012082
1998-09-28;0.00000000;0.00035836
1998-09-29;0.00000000;0.00012137
1998-09-30;0.00000000;0.00011671
1998-10-01;0.00000000;0.00011315
1998-10-02;0.00000000;0.00011288
1998-10-05;0.00000000;0.00033370
1998-10-06;-0.00000000;0.00011178
1998-10-07;0.00000000;0.00011096
1998-10-08;0.00000000;0.00010411
1998-10-09;0.00000000;0.00010384
1998-10-12;0.00000000;0.00031151
1998-10-13;0.00000000;0.00010411
1998-10-14;0.00000000;0.00010767
1998-10-15;0.00000000;0.00011096
1998-10-16;0.00000000;0.00009753
1998-10-19;0.00000000;0.00030493
1998-10-20;0.00000000;0.00010575
1998-10-21;0.00000000;0.00010712
1998-10-22;0.00000000;0.00010630
1998-10-23;0.00000000;0.00010603
1998-10-26;0.00000000;0.00032877
1998-10-27;0.00000000;0.00010849
1998-10-28;0.00000000;0.00011452
1998-10-29;0.00000000;0.00011562
1998-10-30;-0.00065000;-0.00053411
1998-11-02;0.01657991;0.01693416
1998-11-03;-0.00705991;-0.00693964
1998-11-04;0.02565913;0.02578104
1998-11-05;-0.00732969;-0.00720722
1998-11-06;0.00136855;0.00149239
1998-11-09;-0.00398846;-0.00361695
1998-11-10;-0.00376993;-0.00364856
1998-11-11;0.00622020;0.00634157
1998-11-12;-0.01103319;-0.01091347
1998-11-13;0.00431984;0.00443929
1998-11-16;0.01294614;0.01330860
1998-11-17;0.00028808;0.00040616
1998-11-18;0.00378335;0.00390198
1998-11-19;0.01023526;0.01035443
1998-11-20;0.01695743;0.01707660
1998-11-23;0.02366633;0.02403455
1998-11-24;-0.00132003;-0.00119647
1998-11-25;0.00017875;0.00030094
1998-11-26;0.01454644;0.01466863
1998-11-27;0.00690471;0.00702635
1998-11-30;-0.02488247;-0.02451918
1998-12-01;-0.00628396;-0.00616396
1998-12-02;-0.00418414;-0.00406441
1998-12-03;-0.00679125;-0.00667234
1998-12-04;0.01104281;0.01116254
1998-12-07;0.00480841;0.00517006
1998-12-08;-0.00021536;-0.00009701
1998-12-09;0.00454648;0.00466484
1998-12-10;-0.01020446;-0.01008474
1998-12-11;-0.01137944;-0.01125917
1998-12-14;-0.01542170;-0.01506006
1998-12-15;0.00950428;0.00962428
1998-12-16;0.00780693;0.00792611
1998-12-17;0.01134238;0.01146156
1998-12-18;0.00679849;0.00691849
1998-12-21;0.01911933;0.01948262
1998-12-22;-0.00639851;-0.00627823
1998-12-23;0.02017788;0.02030034
1998-12-24;-0.00543822;-0.00531602
1998-12-25;0.00653687;0.00665906
1998-12-28;0.00343115;0.00379690
1998-12-29;0.00769972;0.00782246
1998-12-30;-0.00707586;-0.00695422
1998-12-31;0.00570135;0.00582108
1999-01-04;0.00640339;0.00688339
1999-01-05;0.00677624;0.00689597
1999-01-06;0.02754002;0.02765947
1999-01-07;-0.00438232;-0.00426369
1999-01-08;0.00176313;0.00188286
1999-01-11;-0.00568421;-0.00532338
1999-01-12;-0.01456028;-0.01444055
1999-01-13;-0.01362186;-0.01350295
1999-01-14;-0.00729224;-0.00717361
1999-01-15;0.02500350;0.02512213
1999-01-18;0.01841344;0.01876933
1999-01-19;0.00138230;0.00149983
1999-01-20;0.01326021;0.01337693
1999-01-21;-0.01153360;-0.01141799
1999-01-22;-0.01412254;-0.01400583
1999-01-25;0.00508751;0.00544175
1999-01-26;0.01246984;0.01258902
1999-01-27;-0.00252893;-0.00240948
1999-01-28;0.01085389;0.01097389
1999-01-29;0.01118065;0.01130038
1999-02-01;0.00471385;0.00507714
1999-02-02;-0.01117282;-0.01105173
1999-02-03;-0.00247402;-0.00235430
1999-02-04;-0.01471635;-0.01459635
1999-02-05;-0.00952938;-0.00940911
1999-02-08;0.00385743;0.00421907
1999-02-09;-0.02544075;-0.02531965
1999-02-10;0.00091932;0.00103905
1999-02-11;0.02704478;0.02716505
1999-02-12;-0.00880536;-0.00868399
1999-02-15;0.00509320;0.00545731
1999-02-16;0.00698397;0.00710479
1999-02-17;-0.01450950;-0.01438868
1999-02-18;0.00543307;0.00555417
1999-02-19;-0.00122708;-0.00110516
1999-02-22;0.01781992;0.01818978
1999-02-23;0.01429874;0.01442313
1999-02-24;-0.00198571;-0.00186105
1999-02-25;-0.01005019;-0.00992663
1999-02-26;-0.00919910;-0.00907445
1999-03-01;-0.01025758;-0.00988114
1999-03-02;-0.01033978;-0.01021567
1999-03-03;-0.00077831;-0.00065530
1999-03-04;0.01074990;0.01087291
1999-03-05;0.02674479;0.02686808
1999-03-08;0.00381513;0.00418582
1999-03-09;0.00407386;0.00419632
1999-03-10;0.00463895;0.00476141
1999-03-11;0.00776541;0.00788842
1999-03-12;0.00440537;0.00452783
1999-03-15;0.00853925;0.00890582
1999-03-16;0.00645316;0.00657453
1999-03-17;-0.00293268;-0.00281186
1999-03-18;-0.00259609;-0.00247581
1999-03-19;0.00589892;0.00601920
1999-03-22;-0.00808085;-0.00771921
1999-03-23;-0.02590837;-0.02578837
1999-03-24;-0.00450744;-0.00438744
1999-03-25;0.02129383;0.02141410
1999-03-26;-0.00324950;-0.00312923
1999-03-29;0.01783346;0.01819428
1999-03-30;-0.00589168;-0.00577223
1999-03-31;-0.00244290;-0.00232317
1999-04-01;0.01361049;0.01372885
1999-04-02;-0.00241060;-0.00229252
1999-04-05;0.01903291;0.01938551
1999-04-06;0.00870744;0.00882525
1999-04-07;0.00180537;0.00192318
1999-04-08;0.00947702;0.00959428
1999-04-09;0.00502570;0.00514351
1999-04-12;-0.00380979;-0.00346294
1999-04-13;0.00160685;0.00172192
1999-04-14;-0.01133726;-0.01122274
1999-04-15;0.00092079;0.00103586
1999-04-16;-0.00704043;-0.00692482
1999-04-19;-0.01112393;-0.01077708
1999-04-20;-0.00263338;-0.00251667
1999-04-21;0.01212899;0.01224515
1999-04-22;0.01795551;0.01807277
1999-04-23;0.00411324;0.00423132
1999-04-26;0.01007902;0.01043655
1999-04-27;0.00239742;0.00251742
1999-04-28;-0.00745098;-0.00733070
1999-04-29;-0.01041355;-0.01029327
1999-04-30;-0.00005412;0.00006725
1999-05-03;-0.00000000;0.00036740
1999-05-04;0.00009247;0.00021575
1999-05-05;0.00000000;0.00012274
1999-05-06;0.00012301;0.00024603
1999-05-07;0.00000000;0.00012301
1999-05-10;0.00000000;0.00036740
1999-05-11;0.00000000;0.00012301
1999-05-12;0.00000000;0.00012247
1999-05-13;0.00000000;0.00012219
1999-05-14;0.00002471;0.00014827
1999-05-17;0.00000000;0.00037397
1999-05-18;0.00000000;0.00012411
1999-05-19;0.00000000;0.00012329
1999-05-20;0.00000000;0.00012274
1999-05-21;0.00000000;0.00012274
1999-05-24;0.00000000;0.00037068
1999-05-25;0.00007414;0.00019770
1999-05-26;0.00000000;0.00012411
1999-05-27;0.00000000;0.00012384
1999-05-28;0.00000000;0.00012411
1999-05-31;0.00000000;0.00037233
1999-06-01;0.00022488;0.00034981
1999-06-02;0.00000000;0.00012630
1999-06-03;0.00000000;0.00012384
1999-06-04;0.00002433;0.00014597
1999-06-07;0.00000000;0.00036164
1999-06-08;0.00000000;0.00012301
1999-06-09;0.00000000;0.00012247
1999-06-10;0.00000000;0.00012438
1999-06-11;0.00000000;0.00012603
1999-06-14;0.00000000;0.00037562
1999-06-15;0.00000000;0.00012630
1999-06-16;0.00000000;0.00012438
1999-06-17;0.00000000;0.00012356
1999-06-18;0.00000000;0.00012466
1999-06-21;0.00000000;0.00037562
1999-06-22;0.00000000;0.00012603
1999-06-23;0.00000000;0.00012603
1999-06-24;0.00000000;0.00012603
1999-06-25;0.00000000;0.00012767
1999-06-28;0.00000000;0.00038466
1999-06-29;0.00000000;0.00012877
1999-06-30;0.00000000;0.00012740
1999-07-01;0.00000000;0.00012466
1999-07-02;0.00000000;0.00012466
1999-07-05;0.00000000;0.00037397
1999-07-06;0.00014893;0.00027304
1999-07-07;0.00000000;0.00012438
1999-07-08;0.00000000;0.00012466
1999-07-09;0.00000000;0.00012493
1999-07-12;0.00000000;0.00037562
1999-07-13;0.00000000;0.00012548
1999-07-14;0.00000000;0.00012575
1999-07-15;0.00000000;0.00012521
1999-07-16;0.00000000;0.00012466
1999-07-19;0.00000000;0.00037151
1999-07-20;0.00000000;0.00012356
1999-07-21;0.00002444;0.00014663
1999-07-22;0.00000000;0.00012274
1999-07-23;0.00000000;0.00012384
1999-07-26;0.00000000;0.00037644
1999-07-27;0.00000000;0.00012521
1999-07-28;0.00000000;0.00012548
1999-07-29;0.00000000;0.00012575
1999-07-30;0.00000000;0.00012658
1999-08-02;0.00000000;0.00038219
1999-08-03;0.00000000;0.00012877
1999-08-04;0.00000000;0.00012740
1999-08-05;0.00000000;0.00012630
1999-08-06;0.00000000;0.00012767
1999-08-09;0.00000000;0.00039123
1999-08-10;0.00000000;0.00013178
1999-08-11;0.00000000;0.00013068
1999-08-12;0.00000000;0.00012767
1999-08-13;0.00000000;0.00012603
1999-08-16;0.00000000;0.00037973
1999-08-17;0.00000000;0.00012849
1999-08-18;0.00000000;0.00012685
1999-08-19;0.00000000;0.00012658
1999-08-20;0.00000000;0.00012877
1999-08-23;0.00000000;0.00039288
1999-08-24;0.00000000;0.00013288
1999-08-25;0.00000000;0.00013123
1999-08-26;0.00000000;0.00013123
1999-08-27;0.00000000;0.00013260
1999-08-30;0.00000000;0.00039863
1999-08-31;0.00007956;0.00021216
1999-09-01;0.00000000;0.00013233
1999-09-02;0.00000000;0.00013096
1999-09-03;0.00000000;0.00013096
1999-09-06;0.00000000;0.00039288
1999-09-07;0.00015419;0.00028268
1999-09-08;0.00000000;0.00012849
1999-09-09;0.00000000;0.00012822
1999-09-10;0.00000000;0.00012658
1999-09-13;0.00000000;0.00038137
1999-09-14;0.00000000;0.00012849
1999-09-15;0.00000000;0.00012658
1999-09-16;0.00002504;0.00015025
1999-09-17;0.00000000;0.00012438
1999-09-20;0.00000000;0.00037479
1999-09-21;0.00000000;0.00012767
1999-09-22;0.00000000;0.00012849
1999-09-23;0.00000000;0.00012849
1999-09-24;0.00002548;0.00015288
1999-09-27;0.00000000;0.00038466
1999-09-28;0.00000000;0.00012904
1999-09-29;0.00000000;0.00012849
1999-09-30;0.00000000;0.00012986
1999-10-01;0.00000000;0.00012986
1999-10-04;0.00000000;0.00038548
1999-10-05;0.00000000;0.00012932
1999-10-06;0.00000000;0.00012822
1999-10-07;0.00000000;0.00012877
1999-10-08;0.00000000;0.00012822
1999-10-11;0.00000000;0.00038466
1999-10-12;0.00007775;0.00020734
1999-10-13;0.00000000;0.00013260
1999-10-14;0.00000000;0.00013370
1999-10-15;0.00000000;0.00013425
1999-10-18;0.00000000;0.00040603
1999-10-19;0.00000000;0.00013699
1999-10-20;0.00000000;0.00013699
1999-10-21;0.00000000;0.00013671
1999-10-22;0.00000000;0.00013479
1999-10-25;-0.00000000;0.00040192
1999-10-26;0.00000000;0.00013699
1999-10-27;0.00000000;0.00013671
1999-10-28;0.00000000;0.00013589
1999-10-29;-0.00065000;-0.00051384
1999-11-01;-0.00180666;-0.00139735
1999-11-02;-0.00054077;-0.00040406
1999-11-03;0.00736439;0.00750055
1999-11-04;0.01153071;0.01166633
1999-11-05;0.00654067;0.00667739
1999-11-08;0.00176316;0.00217740
1999-11-09;0.00070488;0.00084296
1999-11-10;0.00858937;0.00872772
1999-11-11;0.00749137;0.00762972
1999-11-12;0.00237962;0.00251880
1999-11-15;0.00080576;0.00122659
1999-11-16;0.01078071;0.01092153
1999-11-17;-0.00421937;-0.00407991
1999-11-18;0.01358778;0.01372696
1999-11-19;-0.00034701;-0.00020783
1999-11-22;-0.00230470;-0.00188717
1999-11-23;-0.00372728;-0.00358673
1999-11-24;0.01064910;0.01078992
1999-11-25;0.01110339;0.01124421
1999-11-26;0.00233234;0.00247316
1999-11-29;-0.00784306;-0.00741813
1999-11-30;-0.01482826;-0.01468716
1999-12-01;0.00532061;0.00546088
1999-12-02;0.00944442;0.00958415
1999-12-03;0.01462369;0.01476341
1999-12-06;0.00020574;0.00062409
1999-12-07;-0.00075998;-0.00062107
1999-12-08;-0.00815432;-0.00801541
1999-12-09;0.00109080;0.00123052
1999-12-10;0.00460353;0.00474435
1999-12-13;0.00116239;0.00159144
1999-12-14;-0.00518309;-0.00503981
1999-12-15;0.00495858;0.00510078
1999-12-16;0.01072278;0.01086607
1999-12-17;0.00362330;0.00376796
1999-12-20;0.00280092;0.00324394
1999-12-21;0.00969166;0.00984016
1999-12-22;0.00931392;0.00946159
1999-12-23;0.01863772;0.01878320
1999-12-24;0.00537413;0.00551961
1999-12-27;0.00143529;0.00187090
1999-12-28;0.00273235;0.00287619
1999-12-29;0.00790481;0.00804399
1999-12-30;0.00662328;0.00676218
1999-12-31;0.00477117;0.00491281
2000-01-03;-0.00611864;-0.00568549
2000-01-04;-0.03245983;-0.03231545
2000-01-05;-0.01326011;-0.01311545
2000-01-06;-0.01699558;-0.01685175
2000-01-07;0.02809086;0.02823387
2000-01-10;0.02495312;0.02538381
2000-01-11;-0.00851487;-0.00837049
2000-01-12;-0.00553621;-0.00539127
2000-01-13;0.01286850;0.01301234
2000-01-14;0.01855395;0.01869778
2000-01-17;0.01256082;0.01299232
2000-01-18;-0.01121487;-0.01107131
2000-01-19;-0.00266861;-0.00252204
2000-01-20;-0.00011066;0.00003509
2000-01-21;-0.00511657;-0.00497109
2000-01-24;-0.01457640;-0.01413914
2000-01-25;-0.00211033;-0.00196239
2000-01-26;0.00188619;0.00203441
2000-01-27;0.00510777;0.00525627
2000-01-28;-0.01516773;-0.01501760
2000-01-31;0.00295788;0.00341240
2000-02-01;0.01516199;0.01531378
2000-02-02;0.00649572;0.00664613
2000-02-03;0.01680580;0.01695539
2000-02-04;-0.00120940;-0.00105872
2000-02-07;-0.00171161;-0.00126202
2000-02-08;0.02054332;0.02069455
2000-02-09;-0.00447807;-0.00432766
2000-02-10;0.00469806;0.00484874
2000-02-11;-0.01938501;-0.01923460
2000-02-14;-0.00388335;-0.00343377
2000-02-15;-0.00838850;-0.00823562
2000-02-16;0.00755029;0.00770262
2000-02-17;0.01269095;0.01284355
2000-02-18;-0.01559835;-0.01544548
2000-02-21;-0.00836676;-0.00790813
2000-02-22;-0.00238948;-0.00223606
2000-02-23;0.01927340;0.01942792
2000-02-24;-0.00009550;0.00005875
2000-02-25;0.00213874;0.00229271
2000-02-28;-0.00710695;-0.00664421
2000-02-29;0.01590935;0.01606332
2000-03-01;0.01138028;0.01153371
2000-03-02;0.00433571;0.00448914
2000-03-03;0.01437559;0.01452984
2000-03-06;-0.00078917;-0.00032396
2000-03-07;-0.00760827;-0.00745293
2000-03-08;-0.00142553;-0.00127018
2000-03-09;0.01305895;0.01321402
2000-03-10;0.00162761;0.00178377
2000-03-13;-0.02493339;-0.02446407
2000-03-14;-0.01373566;-0.01357922
2000-03-15;-0.00793849;-0.00778260
2000-03-16;0.03003653;0.03019270
2000-03-17;0.01128879;0.01144550
2000-03-20;-0.00413633;-0.00366455
2000-03-21;0.01231704;0.01247430
2000-03-22;0.00822875;0.00838601
2000-03-23;0.00276742;0.00292441
2000-03-24;0.01429876;0.01445602
2000-03-27;0.00032060;0.00078828
2000-03-28;-0.00662174;-0.00646503
2000-03-29;-0.00739570;-0.00723872
2000-03-30;-0.02311418;-0.02295774
2000-03-31;0.00896038;0.00911709
2000-04-03;-0.01711023;-0.01664256
2000-04-04;-0.00358711;-0.00343177
2000-04-05;-0.00919506;-0.00903890
2000-04-06;0.00761904;0.00777575
2000-04-07;0.01787654;0.01803352
2000-04-10;-0.01334325;-0.01287476
2000-04-11;-0.01275036;-0.01259502
2000-04-12;-0.01654861;-0.01639327
2000-04-13;-0.01077336;-0.01061857
2000-04-14;-0.04408653;-0.04393173
2000-04-17;0.00552422;0.00598861
2000-04-18;0.01864347;0.01879827
2000-04-19;-0.00380887;-0.00365408
2000-04-20;-0.00464689;-0.00449265
2000-04-21;-0.03742547;-0.03727123
2000-04-24;-0.01183067;-0.01136958
2000-04-25;0.02499549;0.02514974
2000-04-26;-0.00815117;-0.00799802
2000-04-27;0.00281187;0.00296502
2000-04-28;0.01149700;0.01165207
2000-05-01;-0.00000000;0.00046603
2000-05-02;0.00018904;0.00034658
2000-05-03;0.00000000;0.00015726
2000-05-04;0.00000000;0.00015699
2000-05-05;0.00000000;0.00015863
2000-05-08;0.00009649;0.00057896
2000-05-09;0.00000000;0.00016329
2000-05-10;0.00000000;0.00016329
2000-05-11;0.00000000;0.00016329
2000-05-12;0.00000000;0.00016329
2000-05-15;0.00000000;0.00048822
2000-05-16;0.00000000;0.00016493
2000-05-17;0.00000000;0.00016110
2000-05-18;0.00000000;0.00015753
2000-05-19;0.00000000;0.00015644
2000-05-22;0.00000000;0.00046932
2000-05-23;0.00000000;0.00016000
2000-05-24;0.00000000;0.00015753
2000-05-25;0.00000000;0.00015562
2000-05-26;0.00000000;0.00015479
2000-05-29;0.00000000;0.00046438
2000-05-30;0.00027616;0.00042959
2000-05-31;0.00000000;0.00015014
2000-06-01;0.00000000;0.00015260
2000-06-02;0.00000000;0.00015616
2000-06-05;0.00000000;0.00047014
2000-06-06;0.00000000;0.00015945
2000-06-07;0.00000000;0.00015753
2000-06-08;0.00000000;0.00015726
2000-06-09;0.00000000;0.00015753
2000-06-12;0.00000000;0.00046767
2000-06-13;0.00000000;0.00015671
2000-06-14;0.00000000;0.00015507
2000-06-15;0.00000000;0.00015534
2000-06-16;0.00000000;0.00015507
2000-06-19;0.00000000;0.00046356
2000-06-20;0.00000000;0.00015425
2000-06-21;0.00000000;0.00015479
2000-06-22;0.00000000;0.00015534
2000-06-23;0.00000000;0.00015589
2000-06-26;0.00000000;0.00046521
2000-06-27;0.00000000;0.00015534
2000-06-28;0.00000000;0.00015479
2000-06-29;0.00000000;0.00015562
2000-06-30;0.00000000;0.00015644
2000-07-03;0.00000000;0.00047260
2000-07-04;0.00000000;0.00015753
2000-07-05;0.00006378;0.00022323
2000-07-06;0.00000000;0.00016027
2000-07-07;0.00000000;0.00016082
2000-07-10;0.00000000;0.00048493
2000-07-11;0.00000000;0.00016247
2000-07-12;0.00000000;0.00016411
2000-07-13;0.00000000;0.00016438
2000-07-14;0.00000000;0.00016411
2000-07-17;0.00000000;0.00049151
2000-07-18;0.00000000;0.00016384
2000-07-19;0.00000000;0.00016438
2000-07-20;0.00000000;0.00016438
2000-07-21;0.00003260;0.00019562
2000-07-24;0.00000000;0.00049151
2000-07-25;0.00000000;0.00016493
2000-07-26;0.00000000;0.00016438
2000-07-27;0.00000000;0.00016548
2000-07-28;0.00000000;0.00016493
2000-07-31;0.00000000;0.00049562
2000-08-01;0.00000000;0.00016630
2000-08-02;0.00000000;0.00016630
2000-08-03;0.00000000;0.00016575
2000-08-04;0.00000000;0.00016575
2000-08-07;0.00000000;0.00049808
2000-08-08;0.00000000;0.00016658
2000-08-09;0.00000000;0.00016630
2000-08-10;0.00000000;0.00016630
2000-08-11;0.00000000;0.00016740
2000-08-14;0.00000000;0.00050055
2000-08-15;0.00000000;0.00016712
2000-08-16;0.00000000;0.00016685
2000-08-17;0.00000000;0.00016685
2000-08-18;0.00000000;0.00016685
2000-08-21;0.00000000;0.00050055
2000-08-22;0.00000000;0.00016712
2000-08-23;0.00000000;0.00016740
2000-08-24;0.00000000;0.00016740
2000-08-25;0.00000000;0.00016795
2000-08-28;0.00000000;0.00050466
2000-08-29;0.00010077;0.00026871
2000-08-30;0.00000000;0.00016822
2000-08-31;0.00000000;0.00016795
2000-09-01;0.00000000;0.00016685
2000-09-04;0.00000000;0.00050055
2000-09-05;0.00019956;0.00036586
2000-09-06;0.00000000;0.00016521
2000-09-07;0.00000000;0.00016493
2000-09-08;0.00000000;0.00016356
2000-09-11;0.00000000;0.00048904
2000-09-12;0.00000000;0.00016219
2000-09-13;0.00000000;0.00016219
2000-09-14;0.00000000;0.00016356
2000-09-15;0.00000000;0.00016356
2000-09-18;0.00003271;0.00052340
2000-09-19;0.00000000;0.00016411
2000-09-20;0.00000000;0.00016384
2000-09-21;0.00000000;0.00016384
2000-09-22;0.00000000;0.00016411
2000-09-25;0.00000000;0.00049233
2000-09-26;0.00000000;0.00016438
2000-09-27;0.00000000;0.00016493
2000-09-28;0.00000000;0.00016630
2000-09-29;0.00000000;0.00016575
2000-10-02;0.00000000;0.00049562
2000-10-03;0.00000000;0.00016603
2000-10-04;0.00003321;0.00019923
2000-10-05;0.00000000;0.00016630
2000-10-06;0.00000000;0.00016603
2000-10-09;0.00000000;0.00049808
2000-10-10;0.00009945;0.00026521
2000-10-11;0.00000000;0.00016575
2000-10-12;0.00000000;0.00016466
2000-10-13;0.00000000;0.00016493
2000-10-16;0.00000000;0.00049808
2000-10-17;0.00000000;0.00016767
2000-10-18;0.00000000;0.00016767
2000-10-19;0.00000000;0.00016822
2000-10-20;0.00000000;0.00016795
2000-10-23;0.00000000;0.00050630
2000-10-24;0.00000000;0.00016904
2000-10-25;0.00000000;0.00016986
2000-10-26;0.00000000;0.00016932
2000-10-27;0.00000000;0.00016904
2000-10-30;0.00000000;0.00050877
2000-10-31;-0.00065000;-0.00048041
2000-11-01;-0.00011859;0.00005072
2000-11-02;0.00434348;0.00451307
2000-11-03;0.00170152;0.00187139
2000-11-06;0.00721028;0.00772316
2000-11-07;-0.00184462;-0.00167393
2000-11-08;-0.01756743;-0.01739702
2000-11-09;-0.00846920;-0.00829907
2000-11-10;-0.02131520;-0.02114562
2000-11-13;-0.01780200;-0.01729324
2000-11-14;0.02983735;0.03000666
2000-11-15;0.00563618;0.00580577
2000-11-16;-0.01887571;-0.01870667
2000-11-17;-0.00308318;-0.00291414
2000-11-20;-0.02124334;-0.02073539
2000-11-21;0.00167928;0.00184860
2000-11-22;-0.02391296;-0.02374365
2000-11-23;0.01207220;0.01224151
2000-11-24;0.01828838;0.01845770
2000-11-27;0.00439915;0.00490380
2000-11-28;-0.01964683;-0.01947971
2000-11-29;-0.00623968;-0.00607365
2000-11-30;-0.01722771;-0.01706250
2000-12-01;0.01120284;0.01136860
2000-12-04;-0.00063962;-0.00014647
2000-12-05;0.03922190;0.03938382
2000-12-06;-0.01004073;-0.00987854
2000-12-07;-0.00836520;-0.00820246
2000-12-08;0.02197604;0.02213823
2000-12-11;0.01605372;0.01653948
2000-12-12;-0.00834843;-0.00818706
2000-12-13;-0.01199772;-0.01183635
2000-12-14;-0.02300974;-0.02284837
2000-12-15;-0.02386038;-0.02370010
2000-12-18;0.00434804;0.00482311
2000-12-19;-0.01454530;-0.01438750
2000-12-20;-0.03614217;-0.03598710
2000-12-21;-0.00781002;-0.00766646
2000-12-22;0.02484865;0.02498920
2000-12-25;0.03714587;0.03756751
2000-12-26;-0.00031434;-0.00016064
2000-12-27;0.01263887;0.01279202
2000-12-28;0.00204408;0.00220052
2000-12-29;-0.01261261;-0.01245562
2001-01-02;-0.03787915;-0.03725558
2001-01-03;0.05964293;0.05979444
2001-01-04;-0.00601568;-0.00587240
2001-01-05;-0.01785332;-0.01771660
2001-01-08;-0.00091000;-0.00049411
2001-01-09;-0.00207752;-0.00193780
2001-01-10;0.00446821;0.00460930
2001-01-11;0.01404298;0.01418462
2001-01-12;0.00177379;0.00191599
2001-01-15;0.00547210;0.00589868
2001-01-16;-0.00397707;-0.00383406
2001-01-17;0.01701391;0.01715693
2001-01-18;0.01427401;0.01441484
2001-01-19;0.00006851;0.00020824
2001-01-22;0.00073284;0.00115284
2001-01-23;0.00922638;0.00936610
2001-01-24;-0.00000169;0.00013913
2001-01-25;-0.01167532;-0.01153449
2001-01-26;0.00098378;0.00112186
2001-01-29;0.01029112;0.01070126
2001-01-30;0.00058992;0.00072389
2001-01-31;-0.00744402;-0.00731087
2001-02-01;-0.00297156;-0.00283814
2001-02-02;-0.01692291;-0.01678784
2001-02-05;-0.00462436;-0.00421669
2001-02-06;0.00105507;0.00119041
2001-02-07;-0.01102711;-0.01089177
2001-02-08;-0.00814331;-0.00800770
2001-02-09;-0.01199565;-0.01186058
2001-02-12;0.01104849;0.01145369
2001-02-13;-0.01153731;-0.01140252
2001-02-14;0.00436764;0.00450298
2001-02-15;0.01196588;0.01210149
2001-02-16;-0.02772655;-0.02759258
2001-02-19;0.00019584;0.00059776
2001-02-20;-0.01663309;-0.01649829
2001-02-21;-0.01302396;-0.01288999
2001-02-22;-0.00464236;-0.00450866
2001-02-23;-0.00470920;-0.00457852
2001-02-26;0.00932135;0.00970847
2001-02-27;-0.01464005;-0.01451128
2001-02-28;-0.01256031;-0.01243072
2001-03-01;0.00015763;0.00028695
2001-03-02;-0.01722642;-0.01709711
2001-03-05;0.00989487;0.01028117
2001-03-06;0.01892404;0.01905198
2001-03-07;0.00413584;0.00426104
2001-03-08;-0.00781713;-0.00769220
2001-03-09;-0.02321153;-0.02308522
2001-03-12;-0.03900459;-0.03863144
2001-03-13;0.00368404;0.00380842
2001-03-14;-0.01883874;-0.01871737
2001-03-15;0.00784280;0.00796362
2001-03-16;-0.01975295;-0.01963158
2001-03-19;0.00944804;0.00981133
2001-03-20;-0.01308895;-0.01296895
2001-03-21;0.00081893;0.00093427
2001-03-22;-0.00914998;-0.00903601
2001-03-23;0.01894819;0.01906299
2001-03-26;0.02144111;0.02178549
2001-03-27;0.02158001;0.02169618
2001-03-28;-0.02653794;-0.02642205
2001-03-29;-0.01477463;-0.01465901
2001-03-30;0.00216369;0.00227876
2001-04-02;-0.01390465;-0.01356602
2001-04-03;-0.03233537;-0.03222441
2001-04-04;0.00135393;0.00146352
2001-04-05;0.04174484;0.04185471
2001-04-06;-0.01665695;-0.01655148
2001-04-09;0.00285735;0.00317296
2001-04-10;0.02716021;0.02726568
2001-04-11;0.01519705;0.01530609
2001-04-12;0.01470837;0.01481577
2001-04-13;0.00238462;0.00249202
2001-04-16;-0.01713201;-0.01679913
2001-04-17;-0.00072475;-0.00061462
2001-04-18;0.04774466;0.04784931
2001-04-19;0.01902929;0.01913285
2001-04-20;-0.00677506;-0.00667423
2001-04-23;-0.01940257;-0.01910175
2001-04-24;-0.00625565;-0.00615400
2001-04-25;0.00948241;0.00958515
2001-04-26;-0.00098774;-0.00088527
2001-04-27;0.01208324;0.01218626
2001-04-30;0.00876184;0.00907910
2001-05-01;0.00007870;0.00018363
2001-05-02;0.00002082;0.00012493
2001-05-03;0.00000000;0.00010274
2001-05-04;0.00000000;0.00010000
2001-05-07;0.00005000;0.00035000
2001-05-08;0.00005951;0.00015868
2001-05-09;0.00000000;0.00009973
2001-05-10;0.00000000;0.00010027
2001-05-11;0.00000000;0.00010110
2001-05-14;0.00000000;0.00029836
2001-05-15;0.00000000;0.00009726
2001-05-16;0.00000000;0.00009562
2001-05-17;0.00000000;0.00009562
2001-05-18;0.00000000;0.00009671
2001-05-21;0.00000000;0.00029342
2001-05-22;0.00000000;0.00009753
2001-05-23;0.00000000;0.00009753
2001-05-24;-0.00000000;0.00009918
2001-05-25;0.00000000;0.00009808
2001-05-28;0.00000000;0.00029425
2001-05-29;0.00017901;0.00027847
2001-05-30;0.00000000;0.00009863
2001-05-31;0.00000000;0.00009726
2001-06-01;0.00000000;0.00009836
2001-06-04;0.00000000;0.00029589
2001-06-05;0.00000000;0.00009726
2001-06-06;0.00000000;0.00009699
2001-06-07;0.00000000;0.00009726
2001-06-08;0.00000000;0.00009753
2001-06-11;0.00000000;0.00028932
2001-06-12;0.00000000;0.00009534
2001-06-13;0.00000000;0.00009507
2001-06-14;0.00000000;0.00009534
2001-06-15;0.00000000;0.00009425
2001-06-18;0.00000000;0.00028274
2001-06-19;0.00000000;0.00009397
2001-06-20;0.00000000;0.00009342
2001-06-21;0.00000000;0.00009397
2001-06-22;0.00000000;0.00009233
2001-06-25;0.00000000;0.00027781
2001-06-26;0.00000000;0.00009260
2001-06-27;0.00000000;0.00009425
2001-06-28;0.00000000;0.00009753
2001-06-29;0.00000000;0.00009781
2001-07-02;0.00000000;0.00029507
2001-07-03;0.00000000;0.00009808
2001-07-04;0.00000000;0.00009808
2001-07-05;0.00003912;0.00013693
2001-07-06;0.00000000;0.00009726
2001-07-09;0.00000000;0.00029342
2001-07-10;0.00000000;0.00009726
2001-07-11;0.00000000;0.00009589
2001-07-12;0.00000000;0.00009644
2001-07-13;0.00000000;0.00009699
2001-07-16;0.00000000;0.00029260
2001-07-17;0.00000000;0.00009671
2001-07-18;0.00000000;0.00009479
2001-07-19;0.00000000;0.00009507
2001-07-20;0.00000000;0.00009452
2001-07-23;0.00001907;0.00030510
2001-07-24;0.00000000;0.00009534
2001-07-25;0.00000000;0.00009534
2001-07-26;0.00000000;0.00009534
2001-07-27;0.00000000;0.00009507
2001-07-30;0.00000000;0.00028685
2001-07-31;0.00000000;0.00009479
2001-08-01;0.00000000;0.00009452
2001-08-02;0.00000000;0.00009452
2001-08-03;0.00000000;0.00009425
2001-08-06;0.00000000;0.00028274
2001-08-07;0.00000000;0.00009425
2001-08-08;0.00000000;0.00009342
2001-08-09;0.00000000;0.00009260
2001-08-10;0.00000000;0.00009205
2001-08-13;0.00000000;0.00027699
2001-08-14;0.00000000;0.00009178
2001-08-15;0.00000000;0.00009178
2001-08-16;0.00000000;0.00009096
2001-08-17;0.00000000;0.00009014
2001-08-20;0.00000000;0.00027452
2001-08-21;0.00000000;0.00009068
2001-08-22;0.00000000;0.00009068
2001-08-23;0.00000000;0.00009123
2001-08-24;0.00000000;0.00009178
2001-08-27;0.00000000;0.00027699
2001-08-28;0.00005474;0.00014597
2001-08-29;0.00000000;0.00009151
2001-08-30;0.00000000;0.00009014
2001-08-31;0.00000000;0.00009041
2001-09-03;0.00000000;0.00027123
2001-09-04;0.00011047;0.00020252
2001-09-05;0.00000000;0.00009123
2001-09-06;0.00000000;0.00008959
2001-09-07;0.00000000;0.00008767
2001-09-10;0.00000000;0.00026219
2001-09-11;0.00000000;0.00008740
2001-09-12;0.00000000;0.00008740
2001-09-13;0.00000000;0.00007342
2001-09-14;0.00000000;0.00007096
2001-09-17;0.00011134;0.00032011
2001-09-18;0.00000000;0.00006658
2001-09-19;0.00000000;0.00005890
2001-09-20;0.00000000;0.00005973
2001-09-21;0.00000000;0.00006055
2001-09-24;0.00000000;0.00019151
2001-09-25;0.00003863;0.00010301
2001-09-26;0.00000000;0.00006384
2001-09-27;0.00000000;0.00006384
2001-09-28;0.00000000;0.00006438
2001-10-01;0.00000000;0.00019068
2001-10-02;0.00000000;0.00006082
2001-10-03;0.00000000;0.00006000
2001-10-04;0.00000000;0.00005945
2001-10-05;0.00000000;0.00005890
2001-10-08;0.00000000;0.00017671
2001-10-09;0.00003584;0.00009556
2001-10-10;0.00000000;0.00005973
2001-10-11;0.00000000;0.00006110
2001-10-12;0.00000000;0.00006055
2001-10-15;0.00000000;0.00018164
2001-10-16;0.00000000;0.00005973
2001-10-17;0.00000000;0.00005973
2001-10-18;0.00000000;0.00005890
2001-10-19;0.00000000;0.00005890
2001-10-22;0.00000000;0.00017918
2001-10-23;0.00000000;0.00005918
2001-10-24;0.00000000;0.00005836
2001-10-25;0.00000000;0.00005753
2001-10-26;0.00000000;0.00005753
2001-10-29;0.00000000;0.00016849
2001-10-30;0.00000000;0.00005507
2001-10-31;-0.00065000;-0.00059493
2001-11-01;0.01751735;0.01757269
2001-11-02;0.00147490;0.00152888
2001-11-05;0.02217701;0.02233893
2001-11-06;0.01040807;0.01045793
2001-11-07;-0.00029552;-0.00024703
2001-11-08;0.00929638;0.00934597
2001-11-09;-0.00792575;-0.00787643
2001-11-12;-0.00870366;-0.00855572
2001-11-13;0.01982472;0.01987430
2001-11-14;0.00102590;0.00107631
2001-11-15;0.00973486;0.00978637
2001-11-16;0.00657905;0.00663138
2001-11-19;0.01459435;0.01475051
2001-11-20;-0.01763991;-0.01758758
2001-11-21;0.00109184;0.00114444
2001-11-22;0.00553320;0.00558580
2001-11-23;0.00580019;0.00585252
2001-11-26;0.01220629;0.01236574
2001-11-27;-0.00822417;-0.00817267
2001-11-28;-0.02413633;-0.02408592
2001-11-29;0.00900235;0.00905084
2001-11-30;0.00218041;0.00222836
2001-12-03;-0.01306479;-0.01292095
2001-12-04;0.01555014;0.01559699
2001-12-05;0.03466111;0.03470878
2001-12-06;0.00342561;0.00347273
2001-12-07;-0.01445226;-0.01440678
2001-12-10;-0.01679638;-0.01665830
2001-12-11;-0.00059018;-0.00054553
2001-12-12;0.00249858;0.00254351
2001-12-13;-0.02368842;-0.02364294
2001-12-14;-0.00024547;-0.00019890
2001-12-17;0.01203597;0.01217651
2001-12-18;0.00514599;0.00519201
2001-12-19;-0.00497681;-0.00493133
2001-12-20;-0.01477490;-0.01472942
2001-12-21;0.00816377;0.00820979
2001-12-24;0.00075826;0.00089716
2001-12-25;-0.00786201;-0.00781571
2001-12-26;0.00216297;0.00221009
2001-12-27;0.01381841;0.01386526
2001-12-28;0.00688000;0.00692630
2001-12-31;-0.01451517;-0.01437462
2002-01-02;0.00707787;0.00717157
2002-01-03;0.02075403;0.02080060
2002-01-04;0.01046206;0.01050836
2002-01-07;-0.00753324;-0.00739680
2002-01-08;-0.00466691;-0.00462170
2002-01-09;-0.00198097;-0.00193576
2002-01-10;-0.00552058;-0.00547538
2002-01-11;-0.00687241;-0.00682994
2002-01-14;-0.01736377;-0.01723637
2002-01-15;-0.00016498;-0.00012196
2002-01-16;-0.01506903;-0.01502574
2002-01-17;0.01296408;0.01300819
2002-01-18;-0.00641235;-0.00636879
2002-01-21;-0.00321578;-0.00308510
2002-01-22;-0.01250595;-0.01246047
2002-01-23;0.01352763;0.01357365
2002-01-24;0.00568106;0.00572736
2002-01-25;-0.00139827;-0.00135197
2002-01-28;0.00344614;0.00358587
2002-01-29;-0.02180520;-0.02175890
2002-01-30;-0.00012772;-0.00008060
2002-01-31;0.01116053;0.01120792
2002-02-01;-0.00788286;-0.00783546
2002-02-04;-0.02004330;-0.01990029
2002-02-05;-0.01107747;-0.01103008
2002-02-06;-0.01081837;-0.01077152
2002-02-07;0.00290199;0.00294856
2002-02-08;0.00943580;0.00948238
2002-02-11;0.01485795;0.01499767
2002-02-12;-0.00187475;-0.00182762
2002-02-13;0.00961836;0.00966575
2002-02-14;0.00393401;0.00398113
2002-02-15;-0.01353335;-0.01348650
2002-02-18;0.00016396;0.00030451
2002-02-19;-0.02239656;-0.02234972
2002-02-20;0.00342604;0.00347344
2002-02-21;0.00261497;0.00266237
2002-02-22;-0.00125960;-0.00121221
2002-02-25;0.01687272;0.01701574
2002-02-26;0.00007678;0.00012445
2002-02-27;0.00822958;0.00827725
2002-02-28;-0.00293951;-0.00289129
2002-03-01;0.02490655;0.02495422
2002-03-04;0.03246802;0.03261268
2002-03-05;-0.00431498;-0.00426648
2002-03-06;0.00924253;0.00929047
2002-03-07;0.00398436;0.00403231
2002-03-08;0.01439650;0.01444499
2002-03-11;-0.00079682;-0.00064887
2002-03-12;-0.01269533;-0.01264574
2002-03-13;-0.01017435;-0.01012531
2002-03-14;0.00201203;0.00206189
2002-03-15;0.01195882;0.01200868
2002-03-18;-0.00022864;-0.00007823
2002-03-19;0.00767793;0.00772779
2002-03-20;-0.02026979;-0.02022020
2002-03-21;0.00547875;0.00552807
2002-03-22;-0.00603986;-0.00599054
2002-03-25;-0.01394949;-0.01380236
2002-03-26;0.00431999;0.00436876
2002-03-27;0.00182505;0.00187382
2002-03-28;0.00691007;0.00695829
2002-03-29;-0.02724481;-0.02719660
2002-04-01;0.00561655;0.00576038
2002-04-02;-0.01175349;-0.01170500
2002-04-03;-0.00204683;-0.00199861
2002-04-04;-0.00233818;-0.00229024
2002-04-05;-0.00321632;-0.00316892
2002-04-08;-0.00212832;-0.00198695
2002-04-09;-0.01275983;-0.01271326
2002-04-10;0.01236232;0.01240835
2002-04-11;-0.01911377;-0.01906747
2002-04-12;0.00403217;0.00407820
2002-04-15;0.00566110;0.00579919
2002-04-16;0.02313121;0.02317806
2002-04-17;0.00078674;0.00083331
2002-04-18;-0.00429181;-0.00424551
2002-04-19;-0.00121841;-0.00117183
2002-04-22;-0.00850088;-0.00836197
2002-04-23;-0.00671559;-0.00666901
2002-04-24;-0.00583595;-0.00578965
2002-04-25;-0.00565711;-0.00561026
2002-04-26;-0.01616809;-0.01612097
2002-04-29;-0.00335498;-0.00321197
2002-04-30;0.00724812;0.00729579
2002-05-01;0.00000000;0.00004767
2002-05-02;0.00000953;0.00005721
2002-05-03;0.00000000;0.00004740
2002-05-06;0.00000000;0.00014219
2002-05-07;0.00006636;0.00011375
2002-05-08;0.00000000;0.00004740
2002-05-09;0.00000000;0.00004767
2002-05-10;0.00000000;0.00004767
2002-05-13;0.00000000;0.00014301
2002-05-14;0.00000000;0.00004795
2002-05-15;0.00000000;0.00004740
2002-05-16;0.00000000;0.00004712
2002-05-17;0.00000000;0.00004740
2002-05-20;0.00000000;0.00014137
2002-05-21;0.00000000;0.00004712
2002-05-22;0.00000000;0.00004685
2002-05-23;0.00000000;0.00004685
2002-05-24;0.00000000;0.00004685
2002-05-27;0.00000000;0.00014055
2002-05-28;0.00005688;0.00010427
2002-05-29;0.00000000;0.00004712
2002-05-30;0.00000000;0.00004712
2002-05-31;0.00000000;0.00004685
2002-06-03;0.00000000;0.00014137
2002-06-04;0.00000000;0.00004740
2002-06-05;0.00003770;0.00008482
2002-06-06;0.00000000;0.00004685
2002-06-07;0.00000000;0.00004685
2002-06-10;0.00000000;0.00014137
2002-06-11;0.00000000;0.00004712
2002-06-12;0.00000000;0.00004685
2002-06-13;0.00000000;0.00004630
2002-06-14;0.00000000;0.00004603
2002-06-17;0.00000000;0.00013973
2002-06-18;0.00000000;0.00004658
2002-06-19;0.00000000;0.00004603
2002-06-20;0.00000000;0.00004658
2002-06-21;0.00000000;0.00004630
2002-06-24;0.00000000;0.00013973
2002-06-25;0.00000000;0.00004658
2002-06-26;0.00000000;0.00004575
2002-06-27;0.00000000;0.00004575
2002-06-28;0.00000000;0.00004575
2002-07-01;0.00000000;0.00013808
2002-07-02;0.00000000;0.00004630
2002-07-03;0.00000000;0.00004630
2002-07-04;0.00000000;0.00004630
2002-07-05;0.00001852;0.00006482
2002-07-08;0.00000000;0.00013973
2002-07-09;0.00000000;0.00004630
2002-07-10;0.00000000;0.00004630
2002-07-11;0.00000000;0.00004630
2002-07-12;0.00000000;0.00004603
2002-07-15;0.00000000;0.00013808
2002-07-16;0.00000000;0.00004630
2002-07-17;0.00000000;0.00004630
2002-07-18;0.00000000;0.00004630
2002-07-19;0.00000000;0.00004603
2002-07-22;0.00000000;0.00013808
2002-07-23;0.00000000;0.00004575
2002-07-24;0.00000000;0.00004548
2002-07-25;0.00000000;0.00004575
2002-07-26;0.00000000;0.00004548
2002-07-29;0.00000000;0.00013890
2002-07-30;0.00000000;0.00004630
2002-07-31;0.00000000;0.00004603
2002-08-01;0.00000000;0.00004521
2002-08-02;0.00000000;0.00004384
2002-08-05;0.00000000;0.00013233
2002-08-06;0.00000000;0.00004438
2002-08-07;0.00000000;0.00004274
2002-08-08;0.00000000;0.00004356
2002-08-09;0.00000000;0.00004356
2002-08-12;0.00000000;0.00013479
2002-08-13;0.00000000;0.00004384
2002-08-14;0.00000000;0.00004411
2002-08-15;0.00000000;0.00004356
2002-08-16;0.00000000;0.00004356
2002-08-19;0.00000000;0.00013397
2002-08-20;0.00000000;0.00004356
2002-08-21;0.00000000;0.00004384
2002-08-22;0.00000000;0.00004438
2002-08-23;0.00000000;0.00004438
2002-08-26;0.00000000;0.00013479
2002-08-27;0.00002712;0.00007233
2002-08-28;0.00000000;0.00004493
2002-08-29;0.00000000;0.00004521
2002-08-30;0.00000000;0.00004548
2002-09-02;0.00000000;0.00013644
2002-09-03;0.00005293;0.00009704
2002-09-04;0.00000000;0.00004384
2002-09-05;0.00000000;0.00004329
2002-09-06;0.00000000;0.00004466
2002-09-09;0.00000000;0.00013644
2002-09-10;0.00000000;0.00004521
2002-09-11;0.00000000;0.00004548
2002-09-12;0.00000000;0.00004548
2002-09-13;0.00000000;0.00004548
2002-09-16;0.00000000;0.00013808
2002-09-17;0.00002745;0.00007321
2002-09-18;0.00000000;0.00004521
2002-09-19;0.00000000;0.00004438
2002-09-20;0.00000000;0.00004438
2002-09-23;0.00000000;0.00013315
2002-09-24;0.00002663;0.00007101
2002-09-25;0.00000000;0.00004466
2002-09-26;0.00000000;0.00004438
2002-09-27;0.00000000;0.00004384
2002-09-30;0.00000000;0.00012658
2002-10-01;0.00000000;0.00004274
2002-10-02;0.00000000;0.00004247
2002-10-03;0.00000000;0.00004219
2002-10-04;0.00000000;0.00004329
2002-10-07;0.00000000;0.00013151
2002-10-08;0.00000000;0.00004329
2002-10-09;0.00000000;0.00004219
2002-10-10;0.00000000;0.00004247
2002-10-11;0.00000000;0.00004247
2002-10-14;0.00000000;0.00012740
2002-10-15;0.00002712;0.00007233
2002-10-16;0.00000000;0.00004466
2002-10-17;0.00000000;0.00004493
2002-10-18;0.00000000;0.00004493
2002-10-21;0.00000000;0.00013808
2002-10-22;0.00000000;0.00004548
2002-10-23;0.00000000;0.00004521
2002-10-24;0.00000000;0.00004438
2002-10-25;0.00000000;0.00004411
2002-10-28;0.00000000;0.00012822
2002-10-29;0.00000000;0.00004055
2002-10-30;0.00000000;0.00004055
2002-10-31;-0.00065000;-0.00061110
2002-11-01;0.00907277;0.00911140
2002-11-04;0.03067653;0.03079242
2002-11-05;0.00959237;0.00963072
2002-11-06;-0.00004285;-0.00000970
2002-11-07;-0.02258839;-0.02255551
2002-11-08;-0.01746290;-0.01743002
2002-11-11;-0.02001609;-0.01991746
2002-11-12;0.01599494;0.01602782
2002-11-13;-0.00458724;-0.00455463
2002-11-14;0.01991477;0.01994764
2002-11-15;0.00879884;0.00883172
2002-11-18;-0.00605746;-0.00595800
2002-11-19;-0.00571524;-0.00568263
2002-11-20;0.01510777;0.01514064
2002-11-21;0.02844093;0.02847380
2002-11-22;0.00158636;0.00161951
2002-11-25;0.00245407;0.00255435
2002-11-26;-0.02291313;-0.02288025
2002-11-27;0.02705484;0.02708799
2002-11-28;0.01603549;0.01606864
2002-11-29;-0.00459482;-0.00456194
2002-12-02;0.00229231;0.00239258
2002-12-03;-0.01766783;-0.01763468
2002-12-04;-0.00738575;-0.00735288
2002-12-05;-0.01405722;-0.01402434
2002-12-06;0.00045669;0.00048930
2002-12-09;-0.02774303;-0.02764358
2002-12-10;0.01205164;0.01208424
2002-12-11;0.00332122;0.00335382
2002-12-12;-0.00776525;-0.00773265
2002-12-13;-0.01884546;-0.01881286
2002-12-16;0.02415002;0.02424947
2002-12-17;-0.00856632;-0.00853344
2002-12-18;-0.02286226;-0.02282966
2002-12-19;-0.00572479;-0.00569219
2002-12-20;0.01135377;0.01138638
2002-12-23;0.00597880;0.00607497
2002-12-24;-0.00011533;-0.00008328
2002-12-25;-0.00135323;-0.00132117
2002-12-26;0.00449344;0.00452522
2002-12-27;-0.02293619;-0.02290495
2002-12-30;0.00354256;0.00364119
2002-12-31;0.00170859;0.00174147
2003-01-02;0.04204055;0.04210631
2003-01-03;-0.00049159;-0.00045871
2003-01-06;0.01728764;0.01738544
2003-01-07;-0.00570038;-0.00566833
2003-01-08;-0.02080822;-0.02077616
2003-01-09;0.01327288;0.01330521
2003-01-10;0.00343373;0.00346606
2003-01-13;-0.00114594;-0.00104813
2003-01-14;0.00762515;0.00765720
2003-01-15;-0.01151462;-0.01148229
2003-01-16;-0.00313992;-0.00310814
2003-01-17;-0.02123250;-0.02120072
2003-01-20;-0.01169259;-0.01159725
2003-01-21;-0.00518450;-0.00515244
2003-01-22;-0.01265088;-0.01261937
2003-01-23;0.00892118;0.00895269
2003-01-24;-0.02195926;-0.02192803
2003-01-27;-0.02036153;-0.02026701
2003-01-28;0.00628007;0.00631185
2003-01-29;0.00210599;0.00213777
2003-01-30;-0.00650808;-0.00647629
2003-01-31;0.00602761;0.00605940
2003-02-03;0.01279955;0.01289489
2003-02-04;-0.02036386;-0.02033263
2003-02-05;0.01187679;0.01190857
2003-02-06;-0.01255777;-0.01252626
2003-02-07;-0.01157071;-0.01153920
2003-02-10;0.00517415;0.00526867
2003-02-11;0.00862406;0.00865584
2003-02-12;-0.00846816;-0.00843638
2003-02-13;-0.00436914;-0.00433764
2003-02-14;0.02236556;0.02239734
2003-02-17;0.01430948;0.01440482
2003-02-18;0.01307676;0.01310882
2003-02-19;-0.01577689;-0.01574511
2003-02-20;-0.00439418;-0.00436212
2003-02-21;0.00892727;0.00895933
2003-02-24;-0.01395919;-0.01386138
2003-02-25;-0.01346260;-0.01343027
2003-02-26;-0.01202735;-0.01199475
2003-02-27;0.01041180;0.01044440
2003-02-28;0.01148050;0.01151283
2003-03-03;-0.00046485;-0.00036786
2003-03-04;-0.01201448;-0.01198243
2003-03-05;-0.00040850;-0.00037672
2003-03-06;-0.01089290;-0.01086112
2003-03-07;-0.00724019;-0.00721005
2003-03-10;-0.02393995;-0.02385282
2003-03-11;-0.00838029;-0.00835070
2003-03-12;-0.01306549;-0.01303590
2003-03-13;0.04310811;0.04313825
2003-03-14;0.01458022;0.01461064
2003-03-17;0.02643169;0.02652457
2003-03-18;0.01307144;0.01310212
2003-03-19;0.00615436;0.00618560
2003-03-20;0.00412882;0.00416033
2003-03-21;0.02560249;0.02563427
2003-03-24;-0.02808855;-0.02799403
2003-03-25;0.00934670;0.00937848
2003-03-26;-0.00107884;-0.00104706
2003-03-27;-0.00376044;-0.00372921
2003-03-28;-0.01216096;-0.01213027
2003-03-31;-0.02925953;-0.02916748
2003-04-01;0.00965806;0.00968820
2003-04-02;0.03037805;0.03040846
2003-04-03;-0.00278352;-0.00275365
2003-04-04;0.00826704;0.00829690
2003-04-07;0.02303390;0.02312842
2003-04-08;-0.01087023;-0.01083927
2003-04-09;-0.01179708;-0.01176667
2003-04-10;-0.00450197;-0.00447128
2003-04-11;-0.00323978;-0.00320828
2003-04-14;0.01177223;0.01186922
2003-04-15;0.01202697;0.01205875
2003-04-16;-0.00492665;-0.00489515
2003-04-17;0.01414529;0.01417707
2003-04-18;0.00669229;0.00672407
2003-04-21;0.00253814;0.00263348
2003-04-22;0.00946632;0.00949810
2003-04-23;0.00702602;0.00705753
2003-04-24;-0.00994683;-0.00991587
2003-04-25;-0.01641834;-0.01638765
2003-04-28;0.01731117;0.01740323
2003-04-29;-0.00161381;-0.00158285
2003-04-30;0.00527509;0.00530550
2003-05-01;0.00000000;0.00002959
2003-05-02;0.00000603;0.00003616
2003-05-05;0.00000000;0.00009123
2003-05-06;0.00003551;0.00006510
2003-05-07;0.00000000;0.00002986
2003-05-08;0.00000000;0.00002932
2003-05-09;0.00000000;0.00002986
2003-05-12;0.00000000;0.00008877
2003-05-13;0.00000000;0.00002932
2003-05-14;0.00000000;0.00002849
2003-05-15;0.00000000;0.00002849
2003-05-16;0.00000000;0.00002822
2003-05-19;0.00000000;0.00008466
2003-05-20;-0.00000000;0.00002795
2003-05-21;0.00000000;0.00002849
2003-05-22;0.00000000;0.00002904
2003-05-23;0.00000000;0.00002904
2003-05-26;0.00000000;0.00008712
2003-05-27;0.00005277;0.00008208
2003-05-28;0.00000000;0.00003014
2003-05-29;0.00000000;0.00002959
2003-05-30;0.00000000;0.00002986
2003-06-02;0.00000000;0.00009205
2003-06-03;0.00000000;0.00002904
2003-06-04;0.00000000;0.00002822
2003-06-05;-0.00000000;0.00002795
2003-06-06;0.00000000;0.00002822
2003-06-09;0.00000000;0.00008301
2003-06-10;0.00000000;0.00002603
2003-06-11;0.00000000;0.00002521
2003-06-12;0.00000000;0.00002466
2003-06-13;0.00000000;0.00002301
2003-06-16;0.00000000;0.00006986
2003-06-17;0.00000000;0.00002411
2003-06-18;0.00000000;0.00002384
2003-06-19;0.00000000;0.00002192
2003-06-20;0.00000000;0.00002219
2003-06-23;0.00000000;0.00006822
2003-06-24;0.00000000;0.00002219
2003-06-25;0.00000000;0.00002466
2003-06-26;0.00000000;0.00002438
2003-06-27;0.00000000;0.00002329
2003-06-30;0.00000000;0.00007315
2003-07-01;0.00000000;0.00002384
2003-07-02;0.00000000;0.00002329
2003-07-03;0.00000000;0.00002329
2003-07-04;0.00000000;0.00002329
2003-07-07;0.00000986;0.00008384
2003-07-08;0.00000000;0.00002466
2003-07-09;0.00000000;0.00002411
2003-07-10;0.00000000;0.00002384
2003-07-11;0.00000000;0.00002384
2003-07-14;0.00000000;0.00007315
2003-07-15;0.00000000;0.00002466
2003-07-16;0.00000000;0.00002438
2003-07-17;0.00000000;0.00002411
2003-07-18;0.00000000;0.00002438
2003-07-21;0.00000000;0.00007479
2003-07-22;0.00001496;0.00003989
2003-07-23;0.00000000;0.00002493
2003-07-24;0.00000000;0.00002493
2003-07-25;0.00000000;0.00002493
2003-07-28;0.00000000;0.00007808
2003-07-29;0.00000000;0.00002658
2003-07-30;0.00000000;0.00002630
2003-07-31;-0.00000000;0.00002575
2003-08-01;0.00000000;0.00002548
2003-08-04;0.00000000;0.00007808
2003-08-05;-0.00000000;0.00002575
2003-08-06;0.00000000;0.00002548
2003-08-07;0.00000000;0.00002548
2003-08-08;-0.00000000;0.00002575
2003-08-11;0.00000000;0.00007726
2003-08-12;0.00000000;0.00002548
2003-08-13;-0.00000000;0.00002575
2003-08-14;-0.00000000;0.00002575
2003-08-15;0.00000000;0.00002548
2003-08-18;0.00000000;0.00007726
2003-08-19;-0.00000000;0.00002575
2003-08-20;-0.00000000;0.00002575
2003-08-21;0.00000000;0.00002603
2003-08-22;0.00000000;0.00002630
2003-08-25;0.00000000;0.00008219
2003-08-26;0.00001627;0.00004340
2003-08-27;0.00000000;0.00002685
2003-08-28;0.00000000;0.00002658
2003-08-29;0.00000000;0.00002630
2003-09-01;0.00000000;0.00007890
2003-09-02;0.00003156;0.00005786
2003-09-03;0.00000000;0.00002603
2003-09-04;0.00000000;0.00002603
2003-09-05;-0.00000000;0.00002575
2003-09-08;0.00000000;0.00007808
2003-09-09;-0.00000000;0.00002575
2003-09-10;-0.00000000;0.00002575
2003-09-11;-0.00000000;0.00002575
2003-09-12;-0.00000000;0.00002575
2003-09-15;0.00000000;0.00007726
2003-09-16;0.00001496;0.00003989
2003-09-17;0.00000000;0.00002548
2003-09-18;-0.00000000;0.00002575
2003-09-19;0.00000000;0.00002548
2003-09-22;0.00000000;0.00007726
2003-09-23;0.00000000;0.00002521
2003-09-24;0.00000510;0.00003058
2003-09-25;0.00000000;0.00002521
2003-09-26;0.00000000;0.00002521
2003-09-29;0.00000000;0.00007808
2003-09-30;0.00000000;0.00002548
2003-10-01;0.00000000;0.00002548
2003-10-02;0.00000000;0.00002521
2003-10-03;0.00000000;0.00002521
2003-10-06;0.00000000;0.00007562
2003-10-07;0.00000000;0.00002466
2003-10-08;0.00000000;0.00002438
2003-10-09;0.00000000;0.00002438
2003-10-10;0.00000000;0.00002466
2003-10-13;0.00000000;0.00007397
2003-10-14;0.00001496;0.00003989
2003-10-15;0.00000000;0.00002493
2003-10-16;0.00000000;0.00002493
2003-10-17;0.00000000;0.00002493
2003-10-20;0.00000000;0.00007644
2003-10-21;0.00000000;0.00002493
2003-10-22;-0.00000000;0.00002575
2003-10-23;-0.00000000;0.00002575
2003-10-24;0.00000000;0.00002548
2003-10-27;0.00000000;0.00007890
2003-10-28;-0.00000000;0.00002575
2003-10-29;-0.00000000;0.00002575
2003-10-30;-0.00000000;0.00002575
2003-10-31;-0.00065000;-0.00062425
2003-11-03;0.01529025;0.01536751
2003-11-04;0.00218650;0.00221198
2003-11-05;-0.00295678;-0.00293103
2003-11-06;-0.00077580;-0.00075005
2003-11-07;0.00512883;0.00515458
2003-11-10;-0.01017142;-0.01009333
2003-11-11;-0.00722185;-0.00719582
2003-11-12;0.00971771;0.00974319
2003-11-13;0.00262138;0.00264658
2003-11-14;-0.00652269;-0.00649721
2003-11-17;-0.01990935;-0.01983209
2003-11-18;-0.00347428;-0.00344853
2003-11-19;-0.00405259;-0.00402711
2003-11-20;-0.00039543;-0.00036995
2003-11-21;0.00222140;0.00224660
2003-11-24;0.02252637;0.02260363
2003-11-25;0.00147779;0.00150327
2003-11-26;0.00389868;0.00392389
2003-11-27;0.00274841;0.00277362
2003-11-28;-0.00151901;-0.00149407
2003-12-01;0.01849981;0.01857625
2003-12-02;-0.00468073;-0.00465552
2003-12-03;0.00045482;0.00048003
2003-12-04;0.00403315;0.00405808
2003-12-05;-0.00841641;-0.00839175
2003-12-08;-0.00550784;-0.00543304
2003-12-09;-0.00201697;-0.00199204
2003-12-10;-0.00699231;-0.00696738
2003-12-11;0.01144329;0.01146740
2003-12-12;0.00326101;0.00328539
2003-12-15;0.00303467;0.00310782
2003-12-16;-0.00312976;-0.00310538
2003-12-17;-0.00368104;-0.00365693
2003-12-18;0.01025269;0.01027653
2003-12-19;0.00484494;0.00486850
2003-12-22;0.00262347;0.00269662
2003-12-23;0.00621113;0.00623524
2003-12-24;-0.00115152;-0.00112741
2003-12-25;-0.00060455;-0.00058044
2003-12-26;0.00236762;0.00239091
2003-12-29;0.01084796;0.01092111
2003-12-30;0.00453745;0.00456266
2003-12-31;0.00067283;0.00069831
2004-01-02;0.00367430;0.00372417
2004-01-05;0.01069542;0.01076939
2004-01-06;0.00028002;0.00030467
2004-01-07;-0.00177857;-0.00175419
2004-01-08;0.00762271;0.00764628
2004-01-09;-0.00347269;-0.00344941
2004-01-12;0.00210450;0.00217683
2004-01-13;-0.00554558;-0.00552175
2004-01-14;0.00701617;0.00703973
2004-01-15;-0.00323431;-0.00321075
2004-01-16;0.01130569;0.01132952
2004-01-19;0.00995714;0.01002865
2004-01-20;-0.00155044;-0.00152633
2004-01-21;0.00099051;0.00101435
2004-01-22;-0.00422305;-0.00419949
2004-01-23;0.00076705;0.00079116
2004-01-26;0.00173121;0.00180436
2004-01-27;-0.00688499;-0.00686061
2004-01-28;-0.00602553;-0.00600032
2004-01-29;-0.00483848;-0.00481327
2004-01-30;-0.00367373;-0.00364908
2004-02-02;0.00003826;0.00011469
2004-02-03;-0.00212569;-0.00210049
2004-02-04;-0.01032495;-0.01029974
2004-02-05;-0.00030671;-0.00028150
2004-02-06;0.00939327;0.00941820
2004-02-09;0.00136283;0.00143927
2004-02-10;0.00077402;0.00079950
2004-02-11;0.00523241;0.00525734
2004-02-12;-0.00173130;-0.00170637
2004-02-13;-0.00303538;-0.00301072
2004-02-16;0.00044326;0.00051723
2004-02-17;0.01146051;0.01148599
2004-02-18;-0.00208348;-0.00205827
2004-02-19;0.00311547;0.00314068
2004-02-20;-0.00483799;-0.00481279
2004-02-23;-0.00014823;-0.00007014
2004-02-24;-0.00974659;-0.00972056
2004-02-25;0.00287155;0.00289731
2004-02-26;0.00511697;0.00514272
2004-02-27;0.00272398;0.00274973
2004-03-01;0.01240034;0.01247843
2004-03-02;0.00060839;0.00063441
2004-03-03;-0.00283139;-0.00280536
2004-03-04;0.00815838;0.00818413
2004-03-05;0.00066990;0.00069538
2004-03-08;-0.00540605;-0.00532797
2004-03-09;-0.00451699;-0.00449124
2004-03-10;-0.00937862;-0.00935287
2004-03-11;-0.01887105;-0.01884503
2004-03-12;0.00578758;0.00581334
2004-03-15;-0.01235898;-0.01228090
2004-03-16;0.00212691;0.00215267
2004-03-17;0.01405761;0.01408282
2004-03-18;-0.00721037;-0.00718517
2004-03-19;-0.00564685;-0.00562164
2004-03-22;-0.01538822;-0.01531096
2004-03-23;-0.00332505;-0.00329958
2004-03-24;0.00214480;0.00217001
2004-03-25;0.02011584;0.02014105
2004-03-26;0.00227014;0.00229562
2004-03-29;0.01080440;0.01088249
2004-03-30;0.00067946;0.00070521
2004-03-31;-0.00284856;-0.00282308
2004-04-01;0.00721911;0.00724431
2004-04-02;0.01576950;0.01579498
2004-04-05;0.00900721;0.00908365
2004-04-06;-0.00194144;-0.00191624
2004-04-07;-0.00515585;-0.00513037
2004-04-08;0.00301195;0.00303715
2004-04-09;-0.01616096;-0.01613575
2004-04-12;0.00805092;0.00812736
2004-04-13;-0.00039472;-0.00036924
2004-04-14;-0.00458556;-0.00455981
2004-04-15;-0.00653940;-0.00651392
2004-04-16;0.00286110;0.00288630
2004-04-19;0.00242957;0.00250766
2004-04-20;-0.00211226;-0.00208596
2004-04-21;-0.00011921;-0.00009236
2004-04-22;0.01119960;0.01122563
2004-04-23;0.00609946;0.00612576
2004-04-26;-0.00129681;-0.00121627
2004-04-27;-0.00110597;-0.00107940
2004-04-28;-0.01255265;-0.01252635
2004-04-29;-0.00935553;-0.00932950
2004-04-30;-0.01259277;-0.01256647
2004-05-03;0.00000000;0.00008137
2004-05-04;0.00002034;0.00004747
2004-05-05;0.00000000;0.00002658
2004-05-06;0.00002685;0.00005370
2004-05-07;0.00000000;0.00002877
2004-05-10;0.00000000;0.00008795
2004-05-11;0.00000000;0.00002849
2004-05-12;-0.00000000;0.00002795
2004-05-13;0.00000000;0.00002685
2004-05-14;0.00000000;0.00002658
2004-05-17;0.00000000;0.00008630
2004-05-18;0.00000000;0.00002849
2004-05-19;-0.00000000;0.00002795
2004-05-20;0.00000000;0.00002767
2004-05-21;0.00000000;0.00002767
2004-05-24;0.00000000;0.00008712
2004-05-25;0.00000000;0.00002904
2004-05-26;0.00000000;0.00002904
2004-05-27;0.00000000;0.00002849
2004-05-28;0.00000000;0.00002904
2004-05-31;0.00000000;0.00008712
2004-06-01;0.00005671;0.00008822
2004-06-02;0.00000000;0.00003151
2004-06-03;0.00000000;0.00003151
2004-06-04;0.00000000;0.00003233
2004-06-07;0.00000000;0.00010110
2004-06-08;0.00000000;0.00003425
2004-06-09;0.00000000;0.00003425
2004-06-10;0.00000000;0.00003479
2004-06-11;0.00000000;0.00003479
2004-06-14;0.00001534;0.00013041
2004-06-15;0.00000000;0.00003616
2004-06-16;0.00000000;0.00003507
2004-06-17;0.00000000;0.00003425
2004-06-18;0.00000000;0.00003452
2004-06-21;0.00000000;0.00010849
2004-06-22;0.00000000;0.00003562
2004-06-23;0.00000000;0.00003479
2004-06-24;0.00000000;0.00003452
2004-06-25;0.00000000;0.00003507
2004-06-28;0.00000000;0.00011178
2004-06-29;0.00000000;0.00003726
2004-06-30;0.00000000;0.00003589
2004-07-01;0.00000000;0.00003288
2004-07-02;0.00000000;0.00003479
2004-07-05;0.00000000;0.00010438
2004-07-06;0.00004340;0.00007956
2004-07-07;0.00000000;0.00003507
2004-07-08;0.00000000;0.00003425
2004-07-09;0.00000000;0.00003425
2004-07-12;0.00000000;0.00010849
2004-07-13;0.00000000;0.00003616
2004-07-14;0.00000000;0.00003616
2004-07-15;0.00000000;0.00003616
2004-07-16;0.00000000;0.00003616
2004-07-19;0.00000000;0.00010932
2004-07-20;0.00002203;0.00005874
2004-07-21;0.00000000;0.00003644
2004-07-22;0.00000000;0.00003671
2004-07-23;0.00000000;0.00003699
2004-07-26;0.00000000;0.00011753
2004-07-27;0.00000000;0.00003945
2004-07-28;0.00000000;0.00003918
2004-07-29;0.00000000;0.00003890
2004-07-30;0.00000000;0.00003890
2004-08-02;0.00000000;0.00012164
2004-08-03;0.00000000;0.00004000
2004-08-04;0.00000000;0.00004000
2004-08-05;0.00000000;0.00003973
2004-08-06;0.00000000;0.00003863
2004-08-09;0.00000000;0.00012247
2004-08-10;0.00000000;0.00004055
2004-08-11;0.00000000;0.00003890
2004-08-12;0.00000000;0.00003863
2004-08-13;0.00000000;0.00003863
2004-08-16;0.00000000;0.00012082
2004-08-17;0.00000000;0.00004000
2004-08-18;0.00000000;0.00004000
2004-08-19;0.00000000;0.00003973
2004-08-20;0.00000000;0.00004000
2004-08-23;0.00000000;0.00012493
2004-08-24;0.00000000;0.00004164
2004-08-25;0.00000000;0.00004164
2004-08-26;0.00000000;0.00004164
2004-08-27;0.00000000;0.00004192
2004-08-30;0.00000000;0.00013068
2004-08-31;0.00002581;0.00006882
2004-09-01;0.00000000;0.00004247
2004-09-02;0.00000000;0.00004301
2004-09-03;0.00000000;0.00004438
2004-09-06;0.00000000;0.00013315
2004-09-07;0.00005392;0.00009885
2004-09-08;0.00000000;0.00004438
2004-09-09;0.00000000;0.00004411
2004-09-10;0.00000000;0.00004466
2004-09-13;0.00000000;0.00013479
2004-09-14;0.00000000;0.00004466
2004-09-15;0.00000000;0.00004493
2004-09-16;0.00000000;0.00004493
2004-09-17;0.00000000;0.00004603
2004-09-20;0.00000000;0.00013973
2004-09-21;0.00002778;0.00007408
2004-09-22;0.00000000;0.00004603
2004-09-23;0.00000000;0.00004630
2004-09-24;0.00000932;0.00005589
2004-09-27;0.00000000;0.00014137
2004-09-28;0.00000000;0.00004630
2004-09-29;0.00000000;0.00004630
2004-09-30;0.00000000;0.00004603
2004-10-01;0.00000000;0.00004575
2004-10-04;0.00000000;0.00013890
2004-10-05;0.00000000;0.00004603
2004-10-06;0.00000000;0.00004603
2004-10-07;0.00000000;0.00004575
2004-10-08;0.00000000;0.00004575
2004-10-11;0.00000000;0.00013726
2004-10-12;0.00002778;0.00007408
2004-10-13;0.00000000;0.00004630
2004-10-14;0.00000000;0.00004685
2004-10-15;0.00000000;0.00004712
2004-10-18;0.00000000;0.00014630
2004-10-19;0.00000000;0.00004904
2004-10-20;0.00000000;0.00004904
2004-10-21;-0.00000000;0.00004959
2004-10-22;-0.00000000;0.00004959
2004-10-25;0.00000000;0.00015370
2004-10-26;-0.00000000;0.00005151
2004-10-27;-0.00000000;0.00005151
2004-10-28;-0.00000000;0.00005123
2004-10-29;-0.00065000;-0.00059877
2004-11-01;0.00427621;0.00443731
2004-11-02;0.00568747;0.00574062
2004-11-03;0.00574732;0.00579992
2004-11-04;0.00642820;0.00648135
2004-11-05;0.00561062;0.00566514
2004-11-08;-0.00225226;-0.00208458
2004-11-09;-0.00061039;-0.00055450
2004-11-10;0.00090884;0.00096473
2004-11-11;0.00614326;0.00619915
2004-11-12;0.00846254;0.00851843
2004-11-15;0.00382756;0.00399934
2004-11-16;-0.00641308;-0.00635554
2004-11-17;0.00772736;0.00778462
2004-11-18;0.00073564;0.00079290
2004-11-19;-0.00985709;-0.00979956
2004-11-22;-0.00281989;-0.00264236
2004-11-23;-0.00117556;-0.00111665
2004-11-24;0.00335486;0.00341349
2004-11-25;0.00603146;0.00609009
2004-11-26;-0.00243710;-0.00237792
2004-11-29;0.00208880;0.00226962
2004-11-30;-0.00640341;-0.00634341
2004-12-01;0.00971050;0.00977022
2004-12-02;0.00612073;0.00618045
2004-12-03;0.00159571;0.00165516
2004-12-06;-0.00313829;-0.00295582
2004-12-07;-0.00683934;-0.00677879
2004-12-08;0.00220466;0.00226494
2004-12-09;-0.00408057;-0.00402029
2004-12-10;0.00018841;0.00024896
2004-12-13;0.00819225;0.00837390
2004-12-14;0.00382300;0.00388273
2004-12-15;0.00002026;0.00007971
2004-12-16;-0.00177862;-0.00171945
2004-12-17;-0.00415720;-0.00409802
2004-12-20;0.00262366;0.00280366
2004-12-21;0.00454300;0.00460245
2004-12-22;0.00588053;0.00593943
2004-12-23;0.00123420;0.00129311
2004-12-24;0.00798724;0.00804615
2004-12-27;-0.00325089;-0.00306678
2004-12-28;0.00723035;0.00729117
2004-12-29;-0.00045383;-0.00039383
2004-12-30;0.00211026;0.00216999
2004-12-31;-0.00145420;-0.00139447
2005-01-03;-0.00374167;-0.00355345
2005-01-04;-0.00451856;-0.00445554
2005-01-05;-0.00638763;-0.00632489
2005-01-06;0.00360941;0.00367160
2005-01-07;0.00151305;0.00157552
2005-01-10;-0.00053449;-0.00034298
2005-01-11;-0.00407700;-0.00401372
2005-01-12;-0.00291869;-0.00285568
2005-01-13;-0.00523007;-0.00516679
2005-01-14;0.00642316;0.00648673
2005-01-17;0.00404928;0.00423996
2005-01-18;0.00164914;0.00171380
2005-01-19;-0.00628077;-0.00621694
2005-01-20;-0.00966408;-0.00960079
2005-01-21;-0.00382452;-0.00376124
2005-01-24;-0.00322576;-0.00303343
2005-01-25;0.00465093;0.00471559
2005-01-26;0.00437559;0.00444052
2005-01-27;-0.00041453;-0.00034878
2005-01-28;-0.00357701;-0.00351098
2005-01-31;0.00868703;0.00889086
2005-02-01;0.00518652;0.00525419
2005-02-02;0.00235014;0.00241781
2005-02-03;-0.00408893;-0.00402208
2005-02-04;0.00916122;0.00922780
2005-02-07;0.00412266;0.00432649
2005-02-08;0.00124122;0.00130917
2005-02-09;-0.00644728;-0.00637961
2005-02-10;0.00205391;0.00212158
2005-02-11;0.01049334;0.01056183
2005-02-14;0.00215269;0.00236228
2005-02-15;0.00342441;0.00349428
2005-02-16;-0.00315024;-0.00308093
2005-02-17;-0.00476295;-0.00469364
2005-02-18;0.00041587;0.00048600
2005-02-21;-0.00070774;-0.00049733
2005-02-22;-0.00918805;-0.00911600
2005-02-23;-0.00256147;-0.00248941
2005-02-24;0.00391139;0.00398371
2005-02-25;0.00867791;0.00875161
2005-02-28;-0.00361984;-0.00339628
2005-03-01;0.00669671;0.00677068
2005-03-02;0.00038435;0.00045777
2005-03-03;-0.00107807;-0.00100409
2005-03-04;0.00643375;0.00650772
2005-03-07;0.00426708;0.00448982
2005-03-08;-0.00587887;-0.00580490
2005-03-09;-0.00316485;-0.00309088
2005-03-10;-0.00417679;-0.00410309
2005-03-11;-0.00114601;-0.00107203
2005-03-14;0.00094713;0.00117315
2005-03-15;-0.00184565;-0.00177031
2005-03-16;-0.00898624;-0.00891117
2005-03-17;-0.00148449;-0.00140970
2005-03-18;0.00173697;0.00181231
2005-03-21;-0.00272200;-0.00249187
2005-03-22;-0.00407273;-0.00399520
2005-03-23;-0.00201191;-0.00193602
2005-03-24;0.00131674;0.00139290
2005-03-25;0.00120746;0.00128363
2005-03-28;0.00209097;0.00232029
2005-03-29;-0.00572241;-0.00564625
2005-03-30;0.00491427;0.00499016
2005-03-31;0.00013551;0.00021031
2005-04-01;-0.00027893;-0.00020386
2005-04-04;-0.00179020;-0.00156417
2005-04-05;0.00646984;0.00654491
2005-04-06;0.00184489;0.00191914
2005-04-07;0.00509730;0.00517155
2005-04-08;-0.00176911;-0.00169432
2005-04-11;-0.00397507;-0.00375233
2005-04-12;-0.00098239;-0.00090815
2005-04-13;-0.00453561;-0.00446109
2005-04-14;-0.00695155;-0.00687703
2005-04-15;-0.01752105;-0.01744626
2005-04-18;-0.01480004;-0.01456579
2005-04-19;0.00626966;0.00634774
2005-04-20;-0.00689026;-0.00681327
2005-04-21;0.00837398;0.00845124
2005-04-22;-0.00128329;-0.00120466
2005-04-25;0.00603568;0.00627240
2005-04-26;-0.00631832;-0.00623996
2005-04-27;-0.00376221;-0.00368467
2005-04-28;-0.00487680;-0.00479954
2005-04-29;0.00529540;0.00537321
2005-05-02;0.00001973;0.00025644
2005-05-03;0.00005856;0.00013664
2005-05-04;0.00000000;0.00007699
2005-05-05;0.00000000;0.00007534
2005-05-06;0.00004603;0.00012274
2005-05-09;0.00000000;0.00023507
2005-05-10;0.00000000;0.00007781
2005-05-11;0.00000000;0.00007699
2005-05-12;0.00000000;0.00007726
2005-05-13;0.00000000;0.00007562
2005-05-16;0.00000000;0.00023342
2005-05-17;0.00000000;0.00007726
2005-05-18;0.00000000;0.00007671
2005-05-19;0.00000000;0.00007699
2005-05-20;0.00000000;0.00007753
2005-05-23;0.00000000;0.00023918
2005-05-24;0.00000000;0.00007890
2005-05-25;0.00000000;0.00007918
2005-05-26;0.00000000;0.00007890
2005-05-27;0.00000000;0.00007945
2005-05-30;0.00000000;0.00023836
2005-05-31;0.00014449;0.00022477
2005-06-01;0.00000000;0.00007973
2005-06-02;0.00000000;0.00007973
2005-06-03;0.00000000;0.00008055
2005-06-06;0.00000000;0.00024329
2005-06-07;0.00000000;0.00008110
2005-06-08;0.00000000;0.00008110
2005-06-09;0.00000000;0.00008027
2005-06-10;0.00000000;0.00008055
2005-06-13;0.00000000;0.00024411
2005-06-14;0.00000000;0.00008082
2005-06-15;0.00000000;0.00008055
2005-06-16;0.00000000;0.00007973
2005-06-17;0.00000000;0.00008000
2005-06-20;0.00000000;0.00024329
2005-06-21;0.00000000;0.00008110
2005-06-22;0.00000000;0.00008137
2005-06-23;0.00000000;0.00008219
2005-06-24;0.00000000;0.00008274
2005-06-27;0.00000000;0.00025397
2005-06-28;0.00000000;0.00008438
2005-06-29;0.00000000;0.00008384
2005-06-30;0.00000000;0.00008384
2005-07-01;0.00000000;0.00008493
2005-07-04;0.00000000;0.00025479
2005-07-05;0.00010356;0.00018986
2005-07-06;0.00000000;0.00008548
2005-07-07;0.00000000;0.00008438
2005-07-08;0.00000000;0.00008493
2005-07-11;0.00000000;0.00025726
2005-07-12;0.00000000;0.00008603
2005-07-13;0.00000000;0.00008630
2005-07-14;0.00000000;0.00008658
2005-07-15;0.00000000;0.00008712
2005-07-18;0.00000000;0.00026548
2005-07-19;0.00005326;0.00014203
2005-07-20;0.00000000;0.00008849
2005-07-21;0.00000000;0.00008959
2005-07-22;0.00000000;0.00009041
2005-07-25;0.00000000;0.00027699
2005-07-26;0.00000000;0.00009205
2005-07-27;0.00000000;0.00009123
2005-07-28;0.00000000;0.00009123
2005-07-29;0.00000000;0.00009151
2005-08-01;0.00000000;0.00028027
2005-08-02;0.00000000;0.00009342
2005-08-03;0.00000000;0.00009260
2005-08-04;0.00000000;0.00009288
2005-08-05;0.00000000;0.00009425
2005-08-08;0.00000000;0.00028521
2005-08-09;0.00000000;0.00009425
2005-08-10;0.00000000;0.00009397
2005-08-11;0.00000000;0.00009397
2005-08-12;0.00000000;0.00009425
2005-08-15;0.00000000;0.00028521
2005-08-16;0.00000000;0.00009479
2005-08-17;0.00000000;0.00009425
2005-08-18;0.00000000;0.00009370
2005-08-19;0.00000000;0.00009425
2005-08-22;0.00000000;0.00028438
2005-08-23;0.00000000;0.00009479
2005-08-24;0.00000000;0.00009452
2005-08-25;0.00000000;0.00009479
2005-08-26;0.00000000;0.00009507
2005-08-29;0.00000000;0.00028521
2005-08-30;0.00005688;0.00015167
2005-08-31;0.00000000;0.00009425
2005-09-01;0.00000000;0.00009315
2005-09-02;0.00000000;0.00009260
2005-09-05;0.00000000;0.00027781
2005-09-06;0.00011342;0.00020795
2005-09-07;0.00000000;0.00009342
2005-09-08;0.00000000;0.00009315
2005-09-09;0.00000000;0.00009342
2005-09-12;0.00000000;0.00028274
2005-09-13;0.00000000;0.00009315
2005-09-14;0.00000000;0.00009178
2005-09-15;0.00000000;0.00009233
2005-09-16;0.00000000;0.00009370
2005-09-19;0.00000000;0.00028849
2005-09-20;0.00005819;0.00015518
2005-09-21;0.00000000;0.00009151
2005-09-22;0.00000000;0.00009288
2005-09-23;0.00000000;0.00009315
2005-09-26;0.00001896;0.00030334
2005-09-27;0.00000000;0.00009370
2005-09-28;0.00000000;0.00009288
2005-09-29;0.00000000;0.00009479
2005-09-30;0.00000000;0.00009507
2005-10-03;0.00000000;0.00029096
2005-10-04;0.00000000;0.00009726
2005-10-05;0.00000000;0.00009589
2005-10-06;0.00000000;0.00009644
2005-10-07;0.00000000;0.00009699
2005-10-10;0.00000000;0.00029096
2005-10-11;0.00006000;0.00016000
2005-10-12;-0.00000000;0.00009918
2005-10-13;0.00000000;0.00010027
2005-10-14;0.00000000;0.00010110
2005-10-17;0.00000000;0.00031068
2005-10-18;-0.00000000;0.00010329
2005-10-19;-0.00000000;0.00010329
2005-10-20;-0.00000000;0.00010301
2005-10-21;-0.00000000;0.00010329
2005-10-24;0.00000000;0.00031562
2005-10-25;0.00000000;0.00010521
2005-10-26;0.00000000;0.00010438
2005-10-27;0.00000000;0.00010384
2005-10-28;0.00000000;0.00010493
2005-10-31;-0.00065000;-0.00033027
2005-11-01;0.00344568;0.00355170
2005-11-02;0.00678408;0.00688956
2005-11-03;0.01080062;0.01090610
2005-11-04;0.00262989;0.00273619
2005-11-07;0.00260212;0.00292020
2005-11-08;-0.00177058;-0.00166456
2005-11-09;0.00029665;0.00040350
2005-11-10;0.00385189;0.00395819
2005-11-11;0.00638243;0.00648873
2005-11-14;-0.00095317;-0.00063016
2005-11-15;-0.00251761;-0.00241021
2005-11-16;0.00078631;0.00089344
2005-11-17;0.01002058;0.01012798
2005-11-18;0.00650001;0.00660713
2005-11-21;0.00407397;0.00439534
2005-11-22;0.00309972;0.00320492
2005-11-23;0.00285323;0.00295898
2005-11-24;-0.00109795;-0.00099220
2005-11-25;0.00208962;0.00219538
2005-11-28;-0.00357999;-0.00326026
2005-11-29;-0.00037505;-0.00026848
2005-11-30;-0.00527222;-0.00516647
2005-12-01;0.01472714;0.01483344
2005-12-02;0.00747553;0.00758238
2005-12-05;-0.00298008;-0.00265542
2005-12-06;0.00160211;0.00171032
2005-12-07;-0.00243321;-0.00232526
2005-12-08;-0.00472890;-0.00462342
2005-12-09;0.00352626;0.00363174
2005-12-12;0.00502373;0.00533853
2005-12-13;0.00295184;0.00305677
2005-12-14;-0.00441726;-0.00431288
2005-12-15;-0.00336656;-0.00326135
2005-12-16;0.00023476;0.00033996
2005-12-19;-0.00132901;-0.00100928
2005-12-20;0.00371346;0.00381976
2005-12-21;0.00805051;0.00815736
2005-12-22;0.00248793;0.00259450
2005-12-23;0.00086439;0.00097124
2005-12-26;0.01010374;0.01042429
2005-12-27;-0.00561880;-0.00551195
2005-12-28;0.00391511;0.00402113
2005-12-29;0.00071846;0.00082586
2005-12-30;-0.00769905;-0.00758974
2006-01-02;0.00738043;0.00770837
2006-01-03;0.01254795;0.01265946
2006-01-04;0.00912683;0.00923889
2006-01-05;0.00071205;0.00082438
2006-01-06;0.00747577;0.00758865
2006-01-09;0.00158612;0.00192639
2006-01-10;-0.00665715;-0.00654236
2006-01-11;0.00809328;0.00820834
2006-01-12;-0.00114981;-0.00103419
2006-01-13;-0.00279707;-0.00268118
2006-01-16;-0.00051720;-0.00016953
2006-01-17;-0.01112792;-0.01101065
2006-01-18;-0.01263817;-0.01252173
2006-01-19;0.00952180;0.00963823
2006-01-20;-0.01371079;-0.01359435
2006-01-23;-0.00469202;-0.00434024
2006-01-24;0.00380371;0.00392151
2006-01-25;0.00445827;0.00457663
2006-01-26;0.01113353;0.01125244
2006-01-27;0.01685666;0.01697556
2006-01-30;0.00145075;0.00181075
2006-01-31;-0.00021576;-0.00009603
2006-02-01;0.00177973;0.00189946
2006-02-02;-0.00682377;-0.00670405
2006-02-03;-0.00362496;-0.00350523
2006-02-06;0.00081053;0.00117053
2006-02-07;-0.00341402;-0.00329375
2006-02-08;-0.00239735;-0.00227680
2006-02-09;0.00533298;0.00545381
2006-02-10;-0.00366383;-0.00354273
2006-02-13;-0.00487998;-0.00451423
2006-02-14;0.00794018;0.00806209
2006-02-15;-0.00113708;-0.00101543
2006-02-16;0.00675224;0.00687389
2006-02-17;-0.00534825;-0.00522688
2006-02-20;-0.00534633;-0.00498222
2006-02-21;0.00287263;0.00299482
2006-02-22;0.00521917;0.00534137
2006-02-23;0.00114959;0.00127233
2006-02-24;0.00201464;0.00213765
2006-02-27;0.00583826;0.00620895
2006-02-28;-0.01190850;-0.01178494
2006-03-01;0.00573449;0.00585751
2006-03-02;-0.00444194;-0.00431865
2006-03-03;-0.00589717;-0.00577389
2006-03-06;0.00204364;0.00241268
2006-03-07;-0.00564342;-0.00552040
2006-03-08;-0.00462886;-0.00450640
2006-03-09;0.00567842;0.00580116
2006-03-10;0.00702073;0.00714402
2006-03-13;0.00706008;0.00742995
2006-03-14;0.00422096;0.00434370
2006-03-15;0.00474598;0.00486954
2006-03-16;-0.00339380;-0.00327051
2006-03-17;0.00366370;0.00378753
2006-03-20;0.00360972;0.00398369
2006-03-21;-0.00370416;-0.00357896
2006-03-22;0.00121781;0.00134302
2006-03-23;-0.00146332;-0.00133866
2006-03-24;0.00444304;0.00456742
2006-03-27;-0.00357100;-0.00320031
2006-03-28;-0.00378948;-0.00366537
2006-03-29;0.00967483;0.00979839
2006-03-30;0.00553990;0.00566319
2006-03-31;-0.00353381;-0.00340997
2006-04-03;0.00746530;0.00783927
2006-04-04;0.00083553;0.00096046
2006-04-05;0.00389785;0.00402251
2006-04-06;0.00325429;0.00337922
2006-04-07;-0.00645714;-0.00633194
2006-04-10;0.00114671;0.00152315
2006-04-11;-0.00859120;-0.00846572
2006-04-12;-0.00354403;-0.00341855
2006-04-13;0.00285331;0.00297879
2006-04-14;0.00188432;0.00200980
2006-04-17;-0.00933576;-0.00895686
2006-04-18;0.00983875;0.00996505
2006-04-19;0.00705902;0.00718532
2006-04-20;0.00118701;0.00131331
2006-04-21;0.00127159;0.00139844
2006-04-24;-0.00841848;-0.00803711
2006-04-25;-0.00143199;-0.00130405
2006-04-26;0.00306212;0.00319006
2006-04-27;0.00028712;0.00041479
2006-04-28;-0.00811125;-0.00798385
2006-05-01;-0.00000000;0.00038630
2006-05-02;0.00015419;0.00028268
2006-05-03;0.00000000;0.00012877
2006-05-04;0.00000000;0.00012822
2006-05-05;0.00000000;0.00012877
2006-05-08;0.00007808;0.00046849
2006-05-09;0.00000000;0.00013041
2006-05-10;0.00000000;0.00013041
2006-05-11;0.00000000;0.00012877
2006-05-12;0.00000000;0.00012932
2006-05-15;0.00000000;0.00038959
2006-05-16;0.00000000;0.00012904
2006-05-17;0.00000000;0.00012904
2006-05-18;0.00000000;0.00012904
2006-05-19;0.00000000;0.00012877
2006-05-22;0.00000000;0.00038712
2006-05-23;0.00000000;0.00012932
2006-05-24;0.00000000;0.00012877
2006-05-25;0.00000000;0.00012877
2006-05-26;0.00000000;0.00012932
2006-05-29;0.00000000;0.00038795
2006-05-30;0.00023277;0.00036208
2006-05-31;0.00000000;0.00012986
2006-06-01;0.00000000;0.00012904
2006-06-02;0.00000000;0.00012849
2006-06-05;0.00000000;0.00038877
2006-06-06;0.00000000;0.00012986
2006-06-07;0.00000000;0.00012986
2006-06-08;0.00000000;0.00012986
2006-06-09;0.00000000;0.00013014
2006-06-12;-0.00000000;0.00039534
2006-06-13;0.00000000;0.00013068
2006-06-14;0.00000000;0.00013068
2006-06-15;0.00000000;0.00012932
2006-06-16;0.00000000;0.00013014
2006-06-19;-0.00000000;0.00039534
2006-06-20;0.00000000;0.00013151
2006-06-21;0.00000000;0.00013123
2006-06-22;0.00000000;0.00013123
2006-06-23;0.00000000;0.00013260
2006-06-26;-0.00000000;0.00040356
2006-06-27;0.00000000;0.00013479
2006-06-28;0.00000000;0.00013370
2006-06-29;0.00000000;0.00013370
2006-06-30;0.00000000;0.00013342
2006-07-03;0.00000000;0.00040767
2006-07-04;0.00000000;0.00013589
2006-07-05;0.00005348;0.00018718
2006-07-06;0.00000000;0.00013342
2006-07-07;0.00000000;0.00013397
2006-07-10;0.00000000;0.00040521
2006-07-11;0.00000000;0.00013479
2006-07-12;0.00000000;0.00013507
2006-07-13;0.00000000;0.00013479
2006-07-14;0.00000000;0.00013507
2006-07-17;0.00000000;0.00040932
2006-07-18;0.00008219;0.00021918
2006-07-19;0.00000000;0.00013644
2006-07-20;0.00000000;0.00013562
2006-07-21;0.00000000;0.00013589
2006-07-24;0.00000000;0.00040849
2006-07-25;0.00000000;0.00013699
2006-07-26;0.00000000;0.00013644
2006-07-27;0.00000000;0.00013616
2006-07-28;0.00000000;0.00013534
2006-07-31;0.00000000;0.00040849
2006-08-01;0.00000000;0.00013671
2006-08-02;0.00000000;0.00013616
2006-08-03;0.00000000;0.00013644
2006-08-04;0.00000000;0.00013589
2006-08-07;0.00000000;0.00041014
2006-08-08;0.00000000;0.00013616
2006-08-09;0.00000000;0.00013534
2006-08-10;0.00000000;0.00013479
2006-08-11;0.00000000;0.00013534
2006-08-14;0.00000000;0.00041014
2006-08-15;0.00000000;0.00013616
2006-08-16;0.00000000;0.00013534
2006-08-17;0.00000000;0.00013589
2006-08-18;0.00000000;0.00013616
2006-08-21;0.00000000;0.00040932
2006-08-22;0.00000000;0.00013616
2006-08-23;0.00000000;0.00013589
2006-08-24;0.00000000;0.00013589
2006-08-25;0.00000000;0.00013644
2006-08-28;0.00000000;0.00040849
2006-08-29;0.00008121;0.00021655
2006-08-30;0.00000000;0.00013479
2006-08-31;0.00000000;0.00013479
2006-09-01;0.00000000;0.00013397
2006-09-04;0.00000000;0.00040192
2006-09-05;0.00016011;0.00029353
2006-09-06;0.00000000;0.00013260
2006-09-07;0.00000000;0.00013260
2006-09-08;0.00000000;0.00013151
2006-09-11;-0.00000000;0.00039534
2006-09-12;0.00000000;0.00013096
2006-09-13;0.00000000;0.00013123
2006-09-14;0.00000000;0.00013205
2006-09-15;0.00000000;0.00013233
2006-09-18;0.00000000;0.00039616
2006-09-19;0.00007923;0.00021129
2006-09-20;0.00000000;0.00013178
2006-09-21;0.00000000;0.00013123
2006-09-22;0.00000000;0.00013151
2006-09-25;0.00000000;0.00039123
2006-09-26;0.00000000;0.00013041
2006-09-27;0.00000000;0.00013041
2006-09-28;0.00000000;0.00013014
2006-09-29;0.00000000;0.00013068
2006-10-02;0.00000000;0.00039123
2006-10-03;0.00000000;0.00013096
2006-10-04;0.00000000;0.00013151
2006-10-05;0.00000000;0.00013178
2006-10-06;0.00000000;0.00013205
2006-10-09;0.00000000;0.00039616
2006-10-10;0.00008005;0.00021348
2006-10-11;0.00000000;0.00013397
2006-10-12;0.00000000;0.00013507
2006-10-13;0.00000000;0.00013479
2006-10-16;0.00000000;0.00040767
2006-10-17;0.00000000;0.00013589
2006-10-18;0.00000000;0.00013589
2006-10-19;0.00000000;0.00013616
2006-10-20;0.00000000;0.00013589
2006-10-23;0.00000000;0.00041014
2006-10-24;0.00000000;0.00013699
2006-10-25;0.00000000;0.00013671
2006-10-26;0.00000000;0.00013671
2006-10-27;0.00000000;0.00013644
2006-10-30;0.00000000;0.00040849
2006-10-31;-0.00065000;-0.00051438
2006-11-01;-0.00335008;-0.00321474
2006-11-02;-0.00235574;-0.00222040
2006-11-03;-0.00091485;-0.00077896
2006-11-06;0.01071601;0.01112368
2006-11-07;0.00334620;0.00348182
2006-11-08;-0.00145633;-0.00132017
2006-11-09;-0.00241470;-0.00227881
2006-11-10;-0.00033958;-0.00020341
2006-11-13;0.00163045;0.00203812
2006-11-14;0.00622133;0.00635722
2006-11-15;0.00332136;0.00345725
2006-11-16;0.00143667;0.00157256
2006-11-17;-0.00393120;-0.00379531
2006-11-20;-0.00305641;-0.00264956
2006-11-21;0.00105763;0.00119297
2006-11-22;0.00296371;0.00309850
2006-11-23;-0.00185230;-0.00171751
2006-11-24;-0.00610864;-0.00597412
2006-11-27;-0.01155925;-0.01115486
2006-11-28;-0.00051796;-0.00038344
2006-11-29;0.01053085;0.01066537
2006-11-30;-0.00055729;-0.00042304
2006-12-01;-0.00497716;-0.00484292
2006-12-04;0.00664051;0.00704161
2006-12-05;0.00440915;0.00454230
2006-12-06;0.00034525;0.00047840
2006-12-07;0.00063094;0.00076382
2006-12-08;0.00167162;0.00180422
2006-12-11;0.00356527;0.00396062
2006-12-12;-0.00000139;0.00013039
2006-12-13;0.00351400;0.00364606
2006-12-14;0.00761281;0.00774514
2006-12-15;0.00380929;0.00394052
2006-12-18;-0.00257433;-0.00217653
2006-12-19;-0.00524820;-0.00511560
2006-12-20;0.00241788;0.00255048
2006-12-21;-0.00257384;-0.00244124
2006-12-22;-0.00445107;-0.00431792
2006-12-25;-0.00111260;-0.00071315
2006-12-26;0.00374408;0.00387750
2006-12-27;0.00809548;0.00822836
2006-12-28;-0.00095544;-0.00082201
2006-12-29;-0.00235288;-0.00221891
2007-01-02;0.01307532;0.01361669
2007-01-03;0.00066036;0.00079516
2007-01-04;0.00388624;0.00402076
2007-01-05;-0.00978838;-0.00965359
2007-01-08;-0.00001227;0.00039458
2007-01-09;0.00268598;0.00282159
2007-01-10;-0.00345646;-0.00332057
2007-01-11;0.00789271;0.00802915
2007-01-12;0.00533660;0.00547249
2007-01-15;0.00520444;0.00561211
2007-01-16;-0.00229003;-0.00215359
2007-01-17;-0.00202902;-0.00189231
2007-01-18;-0.00335196;-0.00321525
2007-01-19;0.00268190;0.00281916
2007-01-22;-0.00451067;-0.00409971
2007-01-23;-0.00019680;-0.00005954
2007-01-24;0.01087851;0.01101549
2007-01-25;-0.00800727;-0.00787001
2007-01-26;-0.00352277;-0.00338578
2007-01-29;0.00162813;0.00203991
2007-01-30;0.00346402;0.00360100
2007-01-31;0.00039502;0.00053174
2007-02-01;0.00683547;0.00697245
2007-02-02;0.00318065;0.00331791
2007-02-05;-0.00332137;-0.00290877
2007-02-06;0.00140557;0.00154283
2007-02-07;0.00279050;0.00292804
2007-02-08;-0.00226235;-0.00212454
2007-02-09;0.00028687;0.00042441
2007-02-12;-0.00523564;-0.00482140
2007-02-13;0.00529750;0.00543531
2007-02-14;0.00956564;0.00970317
2007-02-15;0.00295020;0.00308801
2007-02-16;-0.00123324;-0.00109516
2007-02-19;0.00351169;0.00392593
2007-02-20;0.00064247;0.00078083
2007-02-21;-0.00301120;-0.00287312
2007-02-22;0.00437610;0.00451446
2007-02-23;0.00052310;0.00066146
2007-02-26;0.00069006;0.00110513
2007-02-27;-0.02677051;-0.02663380
2007-02-28;-0.01075625;-0.01061898
2007-03-01;-0.00732905;-0.00719206
2007-03-02;-0.00935112;-0.00921468
2007-03-05;-0.01445361;-0.01404511
2007-03-06;0.01340501;0.01354173
2007-03-07;-0.00104999;-0.00091383
2007-03-08;0.01157512;0.01171074
2007-03-09;0.00132761;0.00146350
2007-03-12;0.00255163;0.00295930
2007-03-13;-0.01437353;-0.01423819
2007-03-14;-0.01276049;-0.01262570
2007-03-15;0.01169633;0.01183085
2007-03-16;-0.00283760;-0.00270335
2007-03-19;0.01147635;0.01188155
2007-03-20;0.00582856;0.00596335
2007-03-21;0.01157725;0.01171177
2007-03-22;0.00831892;0.00845372
2007-03-23;0.00205831;0.00219365
2007-03-26;-0.00228626;-0.00188106
2007-03-27;-0.00372027;-0.00358520
2007-03-28;-0.00714090;-0.00700611
2007-03-29;0.00503165;0.00516617
2007-03-30;0.00004555;0.00017979
2007-04-02;-0.00195867;-0.00155511
2007-04-03;0.01161189;0.01174641
2007-04-04;0.00493263;0.00506743
2007-04-05;0.00293419;0.00306843
2007-04-06;-0.00051377;-0.00037925
2007-04-09;0.00385204;0.00425396
2007-04-10;0.00298491;0.00311888
2007-04-11;-0.00396680;-0.00383256
2007-04-12;0.00117280;0.00130678
2007-04-13;0.00228879;0.00242249
2007-04-16;0.01183362;0.01223471
2007-04-17;-0.00103809;-0.00090467
2007-04-18;-0.00197231;-0.00183916
2007-04-19;-0.00506637;-0.00493349
2007-04-20;0.00830652;0.00843940
2007-04-23;-0.00077138;-0.00037275
2007-04-24;-0.00263680;-0.00250420
2007-04-25;0.00487106;0.00500339
2007-04-26;0.00427006;0.00440212
2007-04-27;-0.00226295;-0.00213117
2007-04-30;-0.00385740;-0.00346370
2007-05-01;0.00009781;0.00022822
2007-05-02;0.00002614;0.00015682
2007-05-03;0.00000000;0.00013041
2007-05-04;0.00000000;0.00013041
2007-05-07;0.00006534;0.00045740
2007-05-08;0.00007825;0.00020866
2007-05-09;0.00000000;0.00012986
2007-05-10;0.00000000;0.00012959
2007-05-11;0.00000000;0.00012959
2007-05-14;0.00000000;0.00038877
2007-05-15;0.00000000;0.00012877
2007-05-16;0.00000000;0.00012658
2007-05-17;0.00000000;0.00012822
2007-05-18;0.00000000;0.00012877
2007-05-21;0.00000000;0.00039123
2007-05-22;0.00000000;0.00013123
2007-05-23;0.00000000;0.00013068
2007-05-24;0.00000000;0.00013068
2007-05-25;0.00000000;0.00013014
2007-05-28;0.00000000;0.00039041
2007-05-29;0.00031299;0.00044340
2007-05-30;0.00000000;0.00012904
2007-05-31;0.00000000;0.00012603
2007-06-01;0.00000000;0.00012767
2007-06-04;0.00000000;0.00038466
2007-06-05;0.00000000;0.00012877
2007-06-06;0.00000000;0.00012795
2007-06-07;0.00000000;0.00012795
2007-06-08;0.00000000;0.00012712
2007-06-11;0.00000000;0.00037808
2007-06-12;0.00000000;0.00012575
2007-06-13;0.00000000;0.00012411
2007-06-14;0.00000000;0.00012384
2007-06-15;0.00000000;0.00012137
2007-06-18;0.00000000;0.00037068
2007-06-19;0.00000000;0.00012384
2007-06-20;0.00000000;0.00012630
2007-06-21;0.00000000;0.00012521
2007-06-22;0.00000000;0.00012575
2007-06-25;0.00000000;0.00038548
2007-06-26;0.00000000;0.00012849
2007-06-27;0.00000000;0.00012712
2007-06-28;0.00000000;0.00012712
2007-06-29;0.00000000;0.00012822
2007-07-02;-0.00000000;0.00039534
2007-07-03;0.00000000;0.00013178
2007-07-04;0.00000000;0.00013178
2007-07-05;0.00005271;0.00018449
2007-07-06;0.00000000;0.00013178
2007-07-09;0.00000000;0.00039699
2007-07-10;0.00000000;0.00013178
2007-07-11;0.00000000;0.00013178
2007-07-12;0.00000000;0.00013233
2007-07-13;0.00000000;0.00013233
2007-07-16;0.00000000;0.00039781
2007-07-17;0.00007923;0.00021129
2007-07-18;0.00000000;0.00013205
2007-07-19;0.00000000;0.00013260
2007-07-20;0.00000000;0.00013233
2007-07-23;0.00000000;0.00040110
2007-07-24;0.00000000;0.00013370
2007-07-25;0.00000000;0.00013288
2007-07-26;0.00000000;0.00013096
2007-07-27;0.00000000;0.00012932
2007-07-30;0.00000000;0.00039616
2007-07-31;0.00000000;0.00013205
2007-08-01;0.00000000;0.00013014
2007-08-02;0.00000000;0.00013014
2007-08-03;0.00000000;0.00012932
2007-08-06;0.00000000;0.00038959
2007-08-07;0.00000000;0.00013151
2007-08-08;0.00000000;0.00013178
2007-08-09;0.00000000;0.00012795
2007-08-10;0.00000000;0.00012164
2007-08-13;0.00000000;0.00037890
2007-08-14;0.00000000;0.00012356
2007-08-15;0.00000000;0.00011233
2007-08-16;0.00000000;0.00010110
2007-08-17;0.00000000;0.00010000
2007-08-20;0.00000000;0.00025315
2007-08-21;0.00000000;0.00009616
2007-08-22;0.00000000;0.00009808
2007-08-23;0.00000000;0.00010384
2007-08-24;0.00000000;0.00011315
2007-08-27;0.00000000;0.00036986
2007-08-28;0.00007036;0.00018762
2007-08-29;0.00000000;0.00010630
2007-08-30;-0.00000000;0.00010247
2007-08-31;0.00000000;0.00010712
2007-09-03;0.00000000;0.00032137
2007-09-04;0.00014301;0.00026219
2007-09-05;0.00000000;0.00011616
2007-09-06;0.00000000;0.00011452
2007-09-07;0.00000000;0.00010849
2007-09-10;0.00000000;0.00031726
2007-09-11;-0.00000000;0.00010959
2007-09-12;0.00000000;0.00010767
2007-09-13;0.00000000;0.00010877
2007-09-14;0.00000000;0.00010685
2007-09-17;0.00000000;0.00033288
2007-09-18;0.00006427;0.00017140
2007-09-19;0.00000000;0.00010493
2007-09-20;0.00000000;0.00010110
2007-09-21;0.00000000;0.00009973
2007-09-24;0.00000000;0.00030904
2007-09-25;0.00006082;0.00016219
2007-09-26;0.00000000;0.00009973
2007-09-27;-0.00000000;0.00009918
2007-09-28;0.00000000;0.00010192
2007-10-01;0.00000000;0.00031479
2007-10-02;0.00000000;0.00010575
2007-10-03;0.00000000;0.00010575
2007-10-04;0.00000000;0.00010548
2007-10-05;0.00000000;0.00010658
2007-10-08;0.00000000;0.00031973
2007-10-09;0.00006510;0.00017359
2007-10-10;-0.00000000;0.00010822
2007-10-11;0.00000000;0.00010986
2007-10-12;0.00000000;0.00011205
2007-10-15;0.00000000;0.00034438
2007-10-16;0.00000000;0.00011342
2007-10-17;0.00000000;0.00010712
2007-10-18;0.00000000;0.00010027
2007-10-19;0.00000000;0.00010274
2007-10-22;0.00000000;0.00032055
2007-10-23;0.00000000;0.00010630
2007-10-24;0.00000000;0.00010274
2007-10-25;0.00000000;0.00010521
2007-10-26;0.00000000;0.00010575
2007-10-29;0.00000000;0.00032137
2007-10-30;0.00000000;0.00010575
2007-10-31;-0.00065000;-0.00054479
2007-11-01;-0.01497981;-0.01487816
2007-11-02;-0.00506536;-0.00496892
2007-11-05;-0.00868539;-0.00838786
2007-11-06;0.00512941;0.00522969
2007-11-07;-0.01613033;-0.01603718
2007-11-08;-0.00966224;-0.00957183
2007-11-09;-0.01474481;-0.01465741
2007-11-12;-0.01144454;-0.01118235
2007-11-13;0.01335416;0.01344758
2007-11-14;0.00309677;0.00318801
2007-11-15;-0.01066883;-0.01058061
2007-11-16;-0.00333232;-0.00324136
2007-11-19;-0.01597938;-0.01570650
2007-11-20;0.01054140;0.01062825
2007-11-21;-0.01842600;-0.01834326
2007-11-22;0.00763403;0.00771676
2007-11-23;0.01285337;0.01293967
2007-11-26;-0.00919175;-0.00894024
2007-11-27;0.00629062;0.00637501
2007-11-28;0.02134392;0.02142557
2007-11-29;0.00788442;0.00796442
2007-11-30;0.00769394;0.00777832
2007-12-03;-0.00642712;-0.00618137
2007-12-04;-0.00706573;-0.00698354
2007-12-05;0.01776757;0.01784976
2007-12-06;0.00868230;0.00876504
2007-12-07;0.00430341;0.00438670
2007-12-10;0.00261860;0.00286354
2007-12-11;-0.00987835;-0.00979972
2007-12-12;0.00381545;0.00389243
2007-12-13;-0.01505490;-0.01497818
2007-12-14;-0.00372052;-0.00364353
2007-12-17;-0.01843700;-0.01818960
2007-12-18;0.00217818;0.00225983
2007-12-19;-0.00270583;-0.00262775
2007-12-20;0.00753272;0.00761080
2007-12-21;0.01653235;0.01661235
2007-12-24;0.00742346;0.00769141
2007-12-25;0.01927773;0.01936704
2007-12-26;0.00364869;0.00373745
2007-12-27;-0.00543853;-0.00535387
2007-12-28;-0.00293308;-0.00284815
2007-12-31;-0.00708436;-0.00681395
2008-01-02;-0.01318015;-0.01300590
2008-01-03;0.00132437;0.00141094
2008-01-04;-0.02821756;-0.02813208
2008-01-07;-0.00302544;-0.00276325
2008-01-08;-0.00662094;-0.00653409
2008-01-09;0.00334119;0.00342722
2008-01-10;-0.00431420;-0.00422762
2008-01-11;-0.01136599;-0.01128325
2008-01-14;0.00821527;0.00847088
2008-01-15;-0.02308131;-0.02299666
2008-01-16;-0.01543823;-0.01535439
2008-01-17;-0.00790490;-0.00782271
2008-01-18;-0.00264191;-0.00256548
2008-01-21;-0.05526149;-0.05503217
2008-01-22;-0.01364720;-0.01358419
2008-01-23;-0.00668287;-0.00662369
2008-01-24;0.03160170;0.03166526
2008-01-25;0.00046552;0.00052717
2008-01-28;-0.00551188;-0.00532366
2008-01-29;0.01294084;0.01300194
2008-01-30;-0.00503311;-0.00497393
2008-01-31;0.01145160;0.01150420
2008-02-01;0.01098586;0.01104230
2008-02-04;0.00105456;0.00123703
2008-02-05;-0.02610916;-0.02605053
2008-02-06;-0.01189161;-0.01183545
2008-02-07;-0.00383989;-0.00378181
2008-02-08;0.00164498;0.00170470
2008-02-11;-0.00015396;0.00003097
2008-02-12;0.01381247;0.01387412
2008-02-13;0.00737105;0.00743187
2008-02-14;0.00156281;0.00162473
2008-02-15;-0.00759467;-0.00753550
2008-02-18;0.01587952;0.01605705
2008-02-19;0.00149959;0.00156069
2008-02-20;-0.00771066;-0.00765039
2008-02-21;0.00220644;0.00226535
2008-02-22;-0.00472736;-0.00466845
2008-02-25;0.01608529;0.01626200
2008-02-26;0.00662432;0.00668158
2008-02-27;0.00374332;0.00379647
2008-02-28;-0.01144904;-0.01139808
2008-02-29;-0.02163984;-0.02159026
2008-03-03;-0.01434531;-0.01420805
2008-03-04;-0.00561133;-0.00556667
2008-03-05;0.00913825;0.00917935
2008-03-06;-0.01108534;-0.01104781
2008-03-07;-0.01350304;-0.01346414
2008-03-10;-0.01566696;-0.01555765
2008-03-11;0.02207487;0.02211460
2008-03-12;0.00607285;0.00611258
2008-03-13;-0.00980474;-0.00976830
2008-03-14;-0.01507867;-0.01504689
2008-03-17;-0.02845950;-0.02836991
2008-03-18;0.03411237;0.03413730
2008-03-19;-0.00823823;-0.00822180
2008-03-20;0.00737764;0.00739462
2008-03-21;0.01810257;0.01811955
2008-03-24;0.01680774;0.01690883
2008-03-25;0.01932370;0.01935850
2008-03-26;-0.00527672;-0.00524192
2008-03-27;-0.00347358;-0.00343851
2008-03-28;-0.00076703;-0.00073114
2008-03-31;-0.00238930;-0.00227752
2008-04-01;0.02843576;0.02847357
2008-04-02;0.01117867;0.01121675
2008-04-03;0.00206819;0.00210600
2008-04-04;0.00236767;0.00240411
2008-04-07;0.00599400;0.00611154
2008-04-08;-0.00779913;-0.00776105
2008-04-09;-0.00759730;-0.00756196
2008-04-10;0.00012480;0.00015905
2008-04-11;-0.00944442;-0.00941236
2008-04-14;-0.01138481;-0.01129687
2008-04-15;0.00596078;0.00599064
2008-04-16;0.02102869;0.02105910
2008-04-17;0.00047768;0.00051083
2008-04-18;0.01858728;0.01862344
2008-04-21;0.00242345;0.00253276
2008-04-22;-0.00957662;-0.00954210
2008-04-23;0.00727141;0.00730538
2008-04-24;0.00226040;0.00229437
2008-04-25;0.00895749;0.00899338
2008-04-28;0.00141020;0.00152692
2008-04-29;-0.00114706;-0.00110761
2008-04-30;-0.00196112;-0.00192249
2008-05-01;0.00000000;0.00003890
2008-05-02;0.00000805;0.00004833
2008-05-05;0.00000000;0.00012411
2008-05-06;0.00003288;0.00007671
2008-05-07;0.00003595;0.00008088
2008-05-08;0.00000000;0.00004466
2008-05-09;0.00000000;0.00004548
2008-05-12;0.00000000;0.00014301
2008-05-13;0.00000000;0.00004932
2008-05-14;0.00000000;0.00004904
2008-05-15;0.00000000;0.00004932
2008-05-16;-0.00000000;0.00004959
2008-05-19;0.00000000;0.00014712
2008-05-20;0.00000000;0.00005014
2008-05-21;0.00000000;0.00005014
2008-05-22;0.00000000;0.00005014
2008-05-23;0.00000000;0.00004986
2008-05-26;0.00000000;0.00014959
2008-05-27;0.00009173;0.00014268
2008-05-28;0.00000000;0.00005096
2008-05-29;-0.00000000;0.00005123
2008-05-30;0.00000000;0.00005068
2008-06-02;0.00000000;0.00014959
2008-06-03;0.00000000;0.00004986
2008-06-04;-0.00000000;0.00004959
2008-06-05;0.00000000;0.00004986
2008-06-06;-0.00000000;0.00004959
2008-06-09;0.00000000;0.00015288
2008-06-10;0.00000000;0.00005425
2008-06-11;0.00000000;0.00005260
2008-06-12;0.00000000;0.00005370
2008-06-13;0.00000000;0.00005342
2008-06-16;0.00000000;0.00016767
2008-06-17;0.00000000;0.00005370
2008-06-18;0.00000000;0.00005178
2008-06-19;-0.00000000;0.00005123
2008-06-20;0.00000000;0.00005014
2008-06-23;0.00000000;0.00015205
2008-06-24;0.00000000;0.00004932
2008-06-25;0.00000000;0.00004877
2008-06-26;0.00000000;0.00004658
2008-06-27;0.00000000;0.00004493
2008-06-30;0.00000000;0.00015370
2008-07-01;0.00000000;0.00005041
2008-07-02;0.00000000;0.00004904
2008-07-03;-0.00000000;0.00004959
2008-07-04;0.00000000;0.00004959
2008-07-07;0.00002016;0.00017140
2008-07-08;0.00000000;0.00005014
2008-07-09;0.00000000;0.00004904
2008-07-10;0.00000000;0.00004493
2008-07-11;0.00000000;0.00004329
2008-07-14;0.00000000;0.00012329
2008-07-15;0.00000000;0.00003753
2008-07-16;0.00000000;0.00003699
2008-07-17;0.00000000;0.00003836
2008-07-18;0.00000000;0.00003973
2008-07-21;0.00000000;0.00012000
2008-07-22;0.00002499;0.00006663
2008-07-23;0.00000000;0.00004274
2008-07-24;0.00000000;0.00004438
2008-07-25;0.00000000;0.00004685
2008-07-28;0.00000000;0.00013973
2008-07-29;0.00000000;0.00004630
2008-07-30;0.00000000;0.00004575
2008-07-31;0.00000000;0.00004521
2008-08-01;0.00000000;0.00004466
2008-08-04;0.00000000;0.00014137
2008-08-05;0.00000000;0.00004712
2008-08-06;0.00000000;0.00004411
2008-08-07;0.00000000;0.00004466
2008-08-08;0.00000000;0.00004575
2008-08-11;0.00000000;0.00015123
2008-08-12;0.00000000;0.00005014
2008-08-13;0.00000000;0.00004986
2008-08-14;0.00000000;0.00005068
2008-08-15;-0.00000000;0.00004959
2008-08-18;0.00000000;0.00014712
2008-08-19;0.00000000;0.00004849
2008-08-20;0.00000000;0.00004603
2008-08-21;0.00000000;0.00004630
2008-08-22;0.00000000;0.00004575
2008-08-25;0.00000000;0.00014055
2008-08-26;0.00002762;0.00007364
2008-08-27;0.00000000;0.00004493
2008-08-28;0.00000000;0.00004685
2008-08-29;0.00000000;0.00004630
2008-09-01;0.00000000;0.00013890
2008-09-02;0.00005556;0.00010186
2008-09-03;0.00000000;0.00004575
2008-09-04;0.00000000;0.00004548
2008-09-05;0.00000000;0.00004521
2008-09-08;0.00000000;0.00013890
2008-09-09;0.00000000;0.00004466
2008-09-10;0.00000000;0.00004438
2008-09-11;0.00000000;0.00004329
2008-09-12;0.00000000;0.00004000
2008-09-15;0.00000000;0.00008466
2008-09-16;0.00001381;0.00003682
2008-09-17;0.00000000;0.00000082
2008-09-18;0.00000000;0.00000630
2008-09-19;0.00000000;0.00002658
2008-09-22;0.00000000;0.00010603
2008-09-23;0.00000000;0.00002219
2008-09-24;0.00000274;0.00001644
2008-09-25;0.00000000;0.00002055
2008-09-26;0.00000000;0.00002356
2008-09-29;0.00000000;0.00007890
2008-09-30;0.00000000;0.00002466
2008-10-01;0.00000000;0.00002301
2008-10-02;0.00000000;0.00001699
2008-10-03;-0.00000000;0.00001370
2008-10-06;0.00000000;0.00004438
2008-10-07;0.00000000;0.00002219
2008-10-08;0.00000000;0.00001836
2008-10-09;0.00000000;0.00001589
2008-10-10;0.00000000;0.00000658
2008-10-13;0.00000000;0.00001973
2008-10-14;0.00000559;0.00001490
2008-10-15;0.00000000;0.00000603
2008-10-16;0.00000000;0.00001233
2008-10-17;0.00000000;0.00002192
2008-10-20;0.00000000;0.00010192
2008-10-21;0.00000000;0.00002986
2008-10-22;0.00000000;0.00002822
2008-10-23;0.00000000;0.00002630
2008-10-24;0.00000000;0.00002356
2008-10-27;0.00000000;0.00006904
2008-10-28;0.00000000;0.00002082
2008-10-29;0.00000000;0.00001671
2008-10-30;0.00000000;0.00001096
2008-10-31;-0.00065000;-0.00063795
2008-11-03;0.00503647;0.00507675
2008-11-04;0.04605377;0.04606692
2008-11-05;-0.02179254;-0.02178185
2008-11-06;-0.05707921;-0.05707072
2008-11-07;0.01302596;0.01303418
2008-11-10;0.01114470;0.01116853
2008-11-11;-0.03211478;-0.03210684
2008-11-12;-0.03166904;-0.03166411
2008-11-13;0.01695034;0.01695609
2008-11-14;-0.00708643;-0.00708259
2008-11-17;-0.01969655;-0.01968669
2008-11-18;0.00277539;0.00277868
2008-11-19;-0.04481835;-0.04481644
2008-11-20;-0.04927353;-0.04927270
2008-11-21;0.01830329;0.01830384
2008-11-24;0.08246236;0.08247305
2008-11-25;0.01089187;0.01089461
2008-11-26;0.01243413;0.01243550
2008-11-27;0.02004674;0.02004811
2008-11-28;0.00712751;0.00712778
2008-12-01;-0.05865745;-0.05865170
2008-12-02;0.01147031;0.01147195
2008-12-03;0.01910189;0.01910244
2008-12-04;-0.01488459;-0.01488404
2008-12-05;0.00252607;0.00252662
2008-12-08;0.05376059;0.05376306
2008-12-09;0.00138404;0.00138487
2008-12-10;0.01077271;0.01077271
2008-12-11;-0.01170751;-0.01170723
2008-12-12;-0.01456566;-0.01456511
2008-12-15;0.00327112;0.00327440
2008-12-16;0.02316527;0.02316637
2008-12-17;-0.00391711;-0.00391574
2008-12-18;-0.00406965;-0.00406965
2008-12-19;-0.00368594;-0.00368539
2008-12-22;-0.00932052;-0.00931970
2008-12-23;-0.00375632;-0.00375577
2008-12-24;-0.00644070;-0.00644070
2008-12-25;0.00967274;0.00967274
2008-12-26;0.00752588;0.00752670
2008-12-29;0.00551748;0.00552241
2008-12-30;0.02016330;0.02016604
2008-12-31;0.01073509;0.01073810
2009-01-02;0.03433716;0.03434154
2009-01-05;0.00422965;0.00424116
2009-01-06;0.00857545;0.00857928
2009-01-07;-0.01723860;-0.01723558
2009-01-08;-0.00734744;-0.00734498
2009-01-09;-0.01632900;-0.01632708
2009-01-12;-0.01474048;-0.01473062
2009-01-13;-0.01368234;-0.01367933
2009-01-14;-0.03181378;-0.03181049
2009-01-15;-0.01283478;-0.01283176
2009-01-16;0.01175922;0.01176251
2009-01-19;-0.00586462;-0.00585475
2009-01-20;-0.02983575;-0.02983219
2009-01-21;0.01278400;0.01278702
2009-01-22;-0.00455353;-0.00455079
2009-01-23;-0.00710725;-0.00710424
2009-01-26;0.01574224;0.01575457
2009-01-27;0.01285294;0.01285650
2009-01-28;0.02864250;0.02864771
2009-01-29;-0.01713337;-0.01712707
2009-01-30;-0.02070852;-0.02070195
2009-02-02;-0.00707419;-0.00705200
2009-02-03;0.01437723;0.01438600
2009-02-04;0.01252149;0.01252971
2009-02-05;0.00674139;0.00674933
2009-02-06;0.02277445;0.02278213
2009-02-09;-0.00005383;-0.00002753
2009-02-10;-0.02987904;-0.02987055
2009-02-11;0.00425299;0.00426121
2009-02-12;-0.01002879;-0.01002085
2009-02-13;-0.00135838;-0.00135044
2009-02-16;-0.00917297;-0.00914913
2009-02-17;-0.03158643;-0.03157766
2009-02-18;-0.00468224;-0.00467374
2009-02-19;-0.00411322;-0.00410501
2009-02-20;-0.02111349;-0.02110609
2009-02-23;-0.02138055;-0.02135589
2009-02-24;0.00877081;0.00877957
2009-02-25;0.00055944;0.00056766
2009-02-26;-0.00054800;-0.00054060
2009-02-27;-0.01292951;-0.01292239
2009-03-02;-0.04181090;-0.04178789
2009-03-03;-0.00924582;-0.00923843
2009-03-04;0.03046316;0.03047029
2009-03-05;-0.02744424;-0.02743876
2009-03-06;-0.01007616;-0.01007068
2009-03-09;-0.00628678;-0.00626788
2009-03-10;0.04531604;0.04532261
2009-03-11;0.01232431;0.01233061
2009-03-12;0.01338183;0.01338758
2009-03-13;0.01461932;0.01462453
2009-03-16;0.00936656;0.00938628
2009-03-17;0.01777494;0.01778152
2009-03-18;0.00495891;0.00496466
2009-03-19;-0.00073036;-0.00072488
2009-03-20;-0.00521253;-0.00520677
2009-03-23;0.04420117;0.04421925
2009-03-24;-0.00305153;-0.00304577
2009-03-25;0.00324288;0.00324809
2009-03-26;0.01855165;0.01855576
2009-03-27;-0.01286810;-0.01286454
2009-03-30;-0.03810947;-0.03809467
2009-03-31;0.01566330;0.01566906
2009-04-01;0.01559483;0.01560085
2009-04-02;0.04194068;0.04194670
2009-04-03;0.00152970;0.00153546
2009-04-06;-0.00307261;-0.00305617
2009-04-07;-0.01536783;-0.01536235
2009-04-08;0.00232573;0.00233066
2009-04-09;0.03023435;0.03023929
2009-04-10;0.00538230;0.00538723
2009-04-13;-0.00152194;-0.00150715
2009-04-14;-0.00479967;-0.00479502
2009-04-15;-0.00197450;-0.00197039
2009-04-16;0.01581792;0.01582148
2009-04-17;0.00949177;0.00949560
2009-04-20;-0.02789264;-0.02788113
2009-04-21;0.00298211;0.00298622
2009-04-22;0.00615879;0.00616262
2009-04-23;0.00295971;0.00296245
2009-04-24;0.01736368;0.01736642
2009-04-27;-0.00072161;-0.00071093
2009-04-28;-0.01412745;-0.01412388
2009-04-29;0.02014435;0.02014736
2009-04-30;0.01411236;0.01411620
2009-05-01;0.00000000;0.00000411
2009-05-04;0.00000174;0.00001735
2009-05-05;0.00000390;0.00000911
2009-05-06;0.00000000;0.00000521
2009-05-07;0.00000493;0.00000986
2009-05-08;0.00000000;0.00000493
2009-05-11;0.00000000;0.00001562
2009-05-12;0.00000000;0.00000521
2009-05-13;0.00000000;0.00000466
2009-05-14;0.00000000;0.00000438
2009-05-15;0.00000000;0.00000466
2009-05-18;0.00000000;0.00001562
2009-05-19;0.00000000;0.00000493
2009-05-20;0.00000000;0.00000493
2009-05-21;0.00000000;0.00000521
2009-05-22;0.00000000;0.00000493
2009-05-25;0.00000000;0.00001479
2009-05-26;0.00000888;0.00001381
2009-05-27;0.00000000;0.00000466
2009-05-28;0.00000000;0.00000411
2009-05-29;0.00000000;0.00000384
2009-06-01;0.00000000;0.00001068
2009-06-02;0.00000000;0.00000384
2009-06-03;0.00000000;0.00000384
2009-06-04;0.00000000;0.00000384
2009-06-05;0.00000000;0.00000521
2009-06-08;0.00000000;0.00001562
2009-06-09;0.00000000;0.00000521
2009-06-10;0.00000000;0.00000493
2009-06-11;0.00000000;0.00000521
2009-06-12;0.00000000;0.00000493
2009-06-15;0.00000000;0.00001397
2009-06-16;0.00000000;0.00000466
2009-06-17;0.00000000;0.00000466
2009-06-18;0.00000000;0.00000493
2009-06-19;0.00000000;0.00000493
2009-06-22;0.00000000;0.00001644
2009-06-23;0.00000000;0.00000548
2009-06-24;0.00000000;0.00000521
2009-06-25;0.00000000;0.00000493
2009-06-26;0.00000000;0.00000521
2009-06-29;0.00000000;0.00001644
2009-06-30;0.00000000;0.00000521
2009-07-01;0.00000000;0.00000466
2009-07-02;0.00000000;0.00000466
2009-07-03;0.00000000;0.00000466
2009-07-06;0.00000208;0.00001770
2009-07-07;0.00000000;0.00000521
2009-07-08;0.00000000;0.00000493
2009-07-09;0.00000000;0.00000521
2009-07-10;0.00000000;0.00000493
2009-07-13;0.00000000;0.00001479
2009-07-14;0.00000000;0.00000493
2009-07-15;0.00000000;0.00000493
2009-07-16;0.00000000;0.00000521
2009-07-17;0.00000000;0.00000466
2009-07-20;0.00000000;0.00001562
2009-07-21;0.00000312;0.00000833
2009-07-22;0.00000000;0.00000521
2009-07-23;0.00000000;0.00000521
2009-07-24;0.00000000;0.00000493
2009-07-27;0.00000000;0.00001562
2009-07-28;0.00000000;0.00000521
2009-07-29;0.00000000;0.00000521
2009-07-30;0.00000000;0.00000493
2009-07-31;0.00000000;0.00000493
2009-08-03;0.00000000;0.00001562
2009-08-04;0.00000000;0.00000493
2009-08-05;0.00000000;0.00000493
2009-08-06;0.00000000;0.00000466
2009-08-07;0.00000000;0.00000493
2009-08-10;0.00000000;0.00001562
2009-08-11;0.00000000;0.00000493
2009-08-12;0.00000000;0.00000466
2009-08-13;0.00000000;0.00000466
2009-08-14;0.00000000;0.00000493
2009-08-17;0.00000000;0.00001479
2009-08-18;0.00000000;0.00000493
2009-08-19;0.00000000;0.00000466
2009-08-20;0.00000000;0.00000466
2009-08-21;0.00000000;0.00000466
2009-08-24;0.00000000;0.00001397
2009-08-25;0.00000000;0.00000466
2009-08-26;0.00000000;0.00000411
2009-08-27;0.00000000;0.00000411
2009-08-28;0.00000000;0.00000411
2009-08-31;0.00000000;0.00001233
2009-09-01;0.00000288;0.00000671
2009-09-02;0.00000077;0.00000460
2009-09-03;0.00000000;0.00000411
2009-09-04;0.00000000;0.00000384
2009-09-07;0.00000000;0.00001151
2009-09-08;0.00000460;0.00000844
2009-09-09;0.00000000;0.00000384
2009-09-10;0.00000000;0.00000384
2009-09-11;0.00000000;0.00000384
2009-09-14;0.00000000;0.00001151
2009-09-15;0.00000000;0.00000356
2009-09-16;0.00000000;0.00000274
2009-09-17;0.00000000;0.00000274
2009-09-18;0.00000000;0.00000219
2009-09-21;0.00000000;0.00000904
2009-09-22;0.00000000;0.00000301
2009-09-23;0.00000000;0.00000301
2009-09-24;0.00000274;0.00000548
2009-09-25;0.00000000;0.00000274
2009-09-28;0.00000000;0.00000904
2009-09-29;0.00000000;0.00000356
2009-09-30;0.00000000;0.00000384
2009-10-01;0.00000000;0.00000274
2009-10-02;0.00000000;0.00000274
2009-10-05;-0.00000000;0.00000658
2009-10-06;0.00000000;0.00000219
2009-10-07;0.00000000;0.00000247
2009-10-08;0.00000000;0.00000164
2009-10-09;0.00000000;0.00000192
2009-10-12;0.00000000;0.00000575
2009-10-13;0.00000115;0.00000307
2009-10-14;0.00000000;0.00000192
2009-10-15;0.00000000;0.00000192
2009-10-16;0.00000000;0.00000192
2009-10-19;-0.00000000;0.00000658
2009-10-20;0.00000000;0.00000219
2009-10-21;0.00000000;0.00000192
2009-10-22;0.00000000;0.00000164
2009-10-23;0.00000000;0.00000192
2009-10-26;-0.00000000;0.00000658
2009-10-27;0.00000000;0.00000219
2009-10-28;0.00000000;0.00000192
2009-10-29;0.00000000;0.00000164
2009-10-30;-0.00065000;-0.00064863
2009-11-02;0.00031561;0.00032054
2009-11-03;-0.00531831;-0.00531667
2009-11-04;0.00749736;0.00749873
2009-11-05;0.00813948;0.00814058
2009-11-06;0.00406244;0.00406408
2009-11-09;0.01762512;0.01763087
2009-11-10;0.00142458;0.00142650
2009-11-11;0.00547332;0.00547524
2009-11-12;-0.00427653;-0.00427461
2009-11-13;0.00375562;0.00375726
2009-11-16;0.01287697;0.01288272
2009-11-17;-0.00280945;-0.00280781
2009-11-18;-0.00213749;-0.00213640
2009-11-19;-0.01422528;-0.01422473
2009-11-20;-0.00467525;-0.00467470
2009-11-23;0.01851356;0.01851767
2009-11-24;-0.00515429;-0.00515292
2009-11-25;0.00530821;0.00530958
2009-11-26;-0.02351905;-0.02351768
2009-11-27;-0.00844660;-0.00844578
2009-11-30;0.00260898;0.00261391
2009-12-01;0.01960436;0.01960600
2009-12-02;0.00195436;0.00195573
2009-12-03;0.00418219;0.00418383
2009-12-04;0.00500258;0.00500423
2009-12-07;-0.00009278;-0.00008949
2009-12-08;-0.01040988;-0.01040905
2009-12-09;-0.00217851;-0.00217769
2009-12-10;0.00315221;0.00315276
2009-12-11;0.00720371;0.00720453
2009-12-14;0.00691933;0.00692262
2009-12-15;-0.00355229;-0.00355092
2009-12-16;0.00685245;0.00685355
2009-12-17;-0.01098707;-0.01098597
2009-12-18;0.00274069;0.00274206
2009-12-21;0.01244443;0.01245100
2009-12-22;0.00752765;0.00752984
2009-12-23;0.00486522;0.00486714
2009-12-24;0.00894343;0.00894480
2009-12-25;-0.00400826;-0.00400689
2009-12-28;0.00665202;0.00666106
2009-12-29;0.00075641;0.00075915
2009-12-30;-0.00422257;-0.00422120
2009-12-31;-0.00567883;-0.00567719
2010-01-04;0.01437302;0.01438178
2010-01-05;0.00157555;0.00157747
2010-01-06;0.00041579;0.00041743
2010-01-07;-0.00091606;-0.00091469
2010-01-08;0.00532586;0.00532723
2010-01-11;-0.00011630;-0.00011301
2010-01-12;-0.00762764;-0.00762627
2010-01-13;0.00140791;0.00140956
2010-01-14;0.00551054;0.00551191
2010-01-15;-0.00845585;-0.00845421
2010-01-18;0.00093301;0.00093794
2010-01-19;0.00679187;0.00679352
2010-01-20;-0.01303686;-0.01303549
2010-01-21;-0.00994580;-0.00994416
2010-01-22;-0.01857272;-0.01857108
2010-01-25;-0.00356837;-0.00356344
2010-01-26;-0.00228000;-0.00227808
2010-01-27;-0.00192871;-0.00192651
2010-01-28;-0.01084057;-0.01083838
2010-01-29;-0.00538191;-0.00537972
2010-02-01;0.00913677;0.00914499
2010-02-02;0.01100670;0.01100944
2010-02-03;-0.00197168;-0.00196894
2010-02-04;-0.02218318;-0.02218071
2010-02-05;-0.01030847;-0.01030573
2010-02-08;-0.00200317;-0.00199330
2010-02-09;0.00567042;0.00567371
2010-02-10;0.00193741;0.00194042
2010-02-11;0.00613429;0.00613730
2010-02-12;0.00157668;0.00157942
2010-02-15;-0.00035042;-0.00034220
2010-02-16;0.01252272;0.01252546
2010-02-17;0.01053799;0.01054073
2010-02-18;0.00624706;0.00624980
2010-02-19;-0.00093951;-0.00093649
2010-02-22;0.00322389;0.00323294
2010-02-23;-0.01032508;-0.01032180
2010-02-24;0.00255461;0.00255790
2010-02-25;-0.00761074;-0.00760718
2010-02-26;0.00667647;0.00668003
2010-03-01;0.01200933;0.01202002
2010-03-02;0.00705879;0.00706262
2010-03-03;0.00398252;0.00398636
2010-03-04;-0.00146047;-0.00145664
2010-03-05;0.01576417;0.01576828
2010-03-08;0.00460963;0.00462278
2010-03-09;0.00129362;0.00129801
2010-03-10;0.00562714;0.00563125
2010-03-11;0.00235873;0.00236311
2010-03-12;0.00249086;0.00249496
2010-03-15;-0.00289149;-0.00287751
2010-03-16;0.00548511;0.00548949
2010-03-17;0.00655662;0.00656073
2010-03-18;-0.00163740;-0.00163302
2010-03-19;-0.00143523;-0.00143085
2010-03-22;0.00344739;0.00345972
2010-03-23;0.00393900;0.00394284
2010-03-24;-0.00062873;-0.00062489
2010-03-25;0.00449903;0.00450286
2010-03-26;0.00231183;0.00231566
2010-03-29;0.00332771;0.00334004
2010-03-30;0.00091268;0.00091706
2010-03-31;-0.00114655;-0.00114217
2010-04-01;0.00935986;0.00936424
2010-04-02;0.00370221;0.00370659
2010-04-05;0.00731073;0.00732553
2010-04-06;0.00150920;0.00151386
2010-04-07;-0.00296457;-0.00295991
2010-04-08;-0.00452478;-0.00452012
2010-04-09;0.00792489;0.00792927
2010-04-12;0.00157477;0.00158792
2010-04-13;-0.00183766;-0.00183327
2010-04-14;0.00823394;0.00823832
2010-04-15;0.00376506;0.00376944
2010-04-16;-0.01510255;-0.01509817
2010-04-19;-0.00368507;-0.00367192
2010-04-20;0.00771100;0.00771538
2010-04-21;0.00117952;0.00118363
2010-04-22;-0.00504958;-0.00504519
2010-04-23;0.00678602;0.00679041
2010-04-26;0.00649611;0.00650926
2010-04-27;-0.01870165;-0.01869727
2010-04-28;-0.00672343;-0.00671905
2010-04-29;0.01152925;0.01153390
2010-04-30;-0.00829092;-0.00828654
2010-05-03;-0.00000000;0.00001397
2010-05-04;0.00000329;0.00000767
2010-05-05;0.00000000;0.00000411
2010-05-06;0.00000301;0.00000603
2010-05-07;0.00000000;0.00000356
2010-05-10;-0.00000000;0.00001315
2010-05-11;0.00000000;0.00000438
2010-05-12;0.00000000;0.00000438
2010-05-13;0.00000000;0.00000438
2010-05-14;0.00000000;0.00000438
2010-05-17;-0.00000000;0.00001315
2010-05-18;0.00000000;0.00000466
2010-05-19;0.00000000;0.00000466
2010-05-20;0.00000000;0.00000466
2010-05-21;0.00000000;0.00000466
2010-05-24;0.00000000;0.00001397
2010-05-25;0.00000000;0.00000466
2010-05-26;0.00000000;0.00000466
2010-05-27;0.00000000;0.00000466
2010-05-28;0.00000000;0.00000438
2010-05-31;0.00000000;0.00001315
2010-06-01;0.00000789;0.00001227
2010-06-02;0.00000000;0.00000438
2010-06-03;0.00000000;0.00000384
2010-06-04;0.00000000;0.00000384
2010-06-07;0.00000000;0.00000986
2010-06-08;0.00000000;0.00000329
2010-06-09;0.00000000;0.00000274
2010-06-10;0.00000000;0.00000274
2010-06-11;0.00000000;0.00000219
2010-06-14;0.00000000;0.00000575
2010-06-15;0.00000000;0.00000247
2010-06-16;0.00000000;0.00000274
2010-06-17;0.00000000;0.00000247
2010-06-18;0.00000000;0.00000301
2010-06-21;0.00000000;0.00000986
2010-06-22;0.00000000;0.00000356
2010-06-23;0.00000000;0.00000356
2010-06-24;0.00000000;0.00000356
2010-06-25;0.00000000;0.00000356
2010-06-28;0.00000000;0.00001397
2010-06-29;0.00000000;0.00000411
2010-06-30;0.00000000;0.00000493
2010-07-01;0.00000000;0.00000466
2010-07-02;0.00000000;0.00000466
2010-07-05;-0.00000000;0.00001397
2010-07-06;0.00000559;0.00001025
2010-07-07;0.00000000;0.00000438
2010-07-08;0.00000000;0.00000411
2010-07-09;0.00000000;0.00000438
2010-07-12;-0.00000000;0.00001315
2010-07-13;0.00000000;0.00000411
2010-07-14;0.00000000;0.00000411
2010-07-15;0.00000000;0.00000411
2010-07-16;0.00000000;0.00000411
2010-07-19;0.00000000;0.00001397
2010-07-20;0.00000000;0.00000438
2010-07-21;0.00000351;0.00000789
2010-07-22;0.00000000;0.00000438
2010-07-23;0.00000000;0.00000438
2010-07-26;-0.00000000;0.00001315
2010-07-27;0.00000000;0.00000411
2010-07-28;0.00000000;0.00000411
2010-07-29;0.00000000;0.00000411
2010-07-30;0.00000000;0.00000411
2010-08-02;-0.00000000;0.00001315
2010-08-03;0.00000000;0.00000438
2010-08-04;0.00000000;0.00000438
2010-08-05;0.00000000;0.00000411
2010-08-06;0.00000000;0.00000411
2010-08-09;0.00000000;0.00001233
2010-08-10;0.00000000;0.00000411
2010-08-11;0.00000000;0.00000411
2010-08-12;0.00000000;0.00000438
2010-08-13;0.00000000;0.00000411
2010-08-16;-0.00000000;0.00001315
2010-08-17;0.00000000;0.00000466
2010-08-18;0.00000000;0.00000438
2010-08-19;0.00000000;0.00000438
2010-08-20;0.00000000;0.00000411
2010-08-23;-0.00000000;0.00001315
2010-08-24;0.00000000;0.00000438
2010-08-25;0.00000000;0.00000438
2010-08-26;0.00000000;0.00000438
2010-08-27;0.00000000;0.00000411
2010-08-30;0.00000000;0.00001151
2010-08-31;0.00000230;0.00000614
2010-09-01;0.00000000;0.00000356
2010-09-02;0.00000000;0.00000384
2010-09-03;0.00000000;0.00000384
2010-09-06;0.00000000;0.00001151
2010-09-07;0.00000460;0.00000844
2010-09-08;0.00000000;0.00000384
2010-09-09;0.00000000;0.00000384
2010-09-10;0.00000000;0.00000384
2010-09-13;0.00000000;0.00001233
2010-09-14;0.00000000;0.00000411
2010-09-15;0.00000000;0.00000411
2010-09-16;0.00000088;0.00000526
2010-09-17;0.00000000;0.00000438
2010-09-20;0.00000000;0.00001397
2010-09-21;0.00000279;0.00000745
2010-09-22;0.00000000;0.00000438
2010-09-23;0.00000000;0.00000438
2010-09-24;0.00000082;0.00000493
2010-09-27;-0.00000000;0.00001315
2010-09-28;0.00000000;0.00000438
2010-09-29;0.00000000;0.00000438
2010-09-30;0.00000000;0.00000438
2010-10-01;0.00000000;0.00000438
2010-10-04;0.00000000;0.00001068
2010-10-05;0.00000000;0.00000329
2010-10-06;0.00000000;0.00000356
2010-10-07;0.00000000;0.00000356
2010-10-08;0.00000000;0.00000329
2010-10-11;0.00000000;0.00000986
2010-10-12;0.00000214;0.00000570
2010-10-13;0.00000000;0.00000356
2010-10-14;0.00000000;0.00000384
2010-10-15;0.00000000;0.00000384
2010-10-18;0.00000000;0.00001233
2010-10-19;0.00000000;0.00000384
2010-10-20;0.00000000;0.00000384
2010-10-21;0.00000000;0.00000356
2010-10-22;0.00000000;0.00000356
2010-10-25;0.00000000;0.00001151
2010-10-26;0.00000000;0.00000384
2010-10-27;0.00000000;0.00000384
2010-10-28;0.00000000;0.00000356
2010-10-29;-0.00065000;-0.00064671
2010-11-01;0.00029913;0.00030982
2010-11-02;0.00755366;0.00755722
2010-11-03;-0.00000487;-0.00000131
2010-11-04;0.01844550;0.01844906
2010-11-05;0.00741128;0.00741484
2010-11-08;0.00103771;0.00104840
2010-11-09;-0.00147574;-0.00147217
2010-11-10;0.00072680;0.00073036
2010-11-11;-0.00151533;-0.00151176
2010-11-12;-0.00865949;-0.00865593
2010-11-15;0.00371959;0.00373110
2010-11-16;-0.01586005;-0.01585594
2010-11-17;0.00245698;0.00246082
2010-11-18;0.01711017;0.01711428
2010-11-19;-0.00017382;-0.00016999
2010-11-22;0.00054648;0.00055880
2010-11-23;-0.01621697;-0.01621286
2010-11-24;0.01171525;0.01171963
2010-11-25;0.00683706;0.00684144
2010-11-26;-0.00481372;-0.00480934
2010-11-29;-0.00795033;-0.00793553
2010-11-30;-0.00858185;-0.00857719
2010-12-01;0.01912898;0.01913336
2010-12-02;0.01533592;0.01534031
2010-12-03;0.00019713;0.00020097
2010-12-06;0.00044880;0.00046113
2010-12-07;0.00223589;0.00223973
2010-12-08;0.00238670;0.00239081
2010-12-09;0.00204458;0.00204842
2010-12-10;0.00238941;0.00239298
2010-12-13;0.00322232;0.00323465
2010-12-14;0.00207059;0.00207470
2010-12-15;-0.00269765;-0.00269381
2010-12-16;0.00287219;0.00287575
2010-12-17;-0.00146817;-0.00146515
2010-12-20;0.00093829;0.00094979
2010-12-21;0.00901936;0.00902320
2010-12-22;0.00113686;0.00114069
2010-12-23;-0.00086407;-0.00086024
2010-12-24;-0.00219166;-0.00218782
2010-12-27;-0.00112575;-0.00111177
2010-12-28;-0.00156581;-0.00156170
2010-12-29;0.00187204;0.00187561
2010-12-30;-0.00623731;-0.00623402
2010-12-31;-0.00521616;-0.00521288
2011-01-03;0.01287513;0.01288746
2011-01-04;0.00624772;0.00625155
2011-01-05;0.00235030;0.00235413
2011-01-06;0.00353309;0.00353720
2011-01-07;-0.00236350;-0.00235966
2011-01-10;-0.00395578;-0.00394346
2011-01-11;0.00494649;0.00495060
2011-01-12;0.00815376;0.00815787
2011-01-13;0.00046644;0.00047055
2011-01-14;0.00060836;0.00061247
2011-01-17;-0.00069387;-0.00068155
2011-01-18;0.00524880;0.00525318
2011-01-19;-0.00779699;-0.00779261
2011-01-20;-0.00932395;-0.00931957
2011-01-21;-0.00213800;-0.00213361
2011-01-24;0.00711607;0.00712922
2011-01-25;0.00154604;0.00155043
2011-01-26;0.00420938;0.00421377
2011-01-27;0.00395704;0.00396115
2011-01-28;-0.01522449;-0.01522038
2011-01-31;-0.00118714;-0.00117481
2011-02-01;0.01407578;0.01407989
2011-02-02;0.00411624;0.00412062
2011-02-03;-0.00011437;-0.00011054
2011-02-04;0.00512342;0.00512753
2011-02-07;0.00674840;0.00676155
2011-02-08;0.00537128;0.00537539
2011-02-09;-0.00245098;-0.00244714
2011-02-10;-0.00031491;-0.00031162
2011-02-11;0.00580576;0.00580905
2011-02-14;0.00390113;0.00391182
2011-02-15;-0.00120828;-0.00120472
2011-02-16;0.00575544;0.00575873
2011-02-17;0.00095258;0.00095505
2011-02-18;0.00050185;0.00050459
2011-02-21;-0.00801191;-0.00800369
2011-02-22;-0.01417395;-0.01417066
2011-02-23;-0.01053844;-0.01053515
2011-02-24;-0.00337059;-0.00336703
2011-02-25;0.01070358;0.01070714
2011-02-28;0.00554011;0.00555244
2011-03-01;-0.00703758;-0.00703375
2011-03-02;-0.00539264;-0.00538907
2011-03-03;0.01339596;0.01339952
2011-03-04;-0.00223176;-0.00222848
2011-03-07;-0.00893545;-0.00892641
2011-03-08;0.00312870;0.00313171
2011-03-09;-0.00247141;-0.00246867
2011-03-10;-0.01504105;-0.01503885
2011-03-11;-0.00354339;-0.00354120
2011-03-14;-0.01944938;-0.01944198
2011-03-15;-0.03521155;-0.03520881
2011-03-16;-0.00499207;-0.00498933
2011-03-17;0.00971021;0.00971240
2011-03-18;0.00692758;0.00692950
2011-03-21;0.01708682;0.01709504
2011-03-22;0.00577229;0.00577503
2011-03-23;0.00022962;0.00023209
2011-03-24;0.01194932;0.01195178
2011-03-25;0.00418697;0.00418944
2011-03-28;-0.00301483;-0.00300579
2011-03-29;0.00380570;0.00380843
2011-03-30;0.01166020;0.01166294
2011-03-31;-0.00098238;-0.00097991
2011-04-01;0.00772539;0.00772731
2011-04-04;-0.00030404;-0.00029911
2011-04-05;-0.00306521;-0.00306330
2011-04-06;0.00249301;0.00249465
2011-04-07;-0.00223940;-0.00223831
2011-04-08;0.00456432;0.00456541
2011-04-11;-0.00254733;-0.00254322
2011-04-12;-0.01210774;-0.01210637
2011-04-13;0.00710105;0.00710269
2011-04-14;-0.00261004;-0.00260812
2011-04-15;0.00113766;0.00113958
2011-04-18;-0.01267943;-0.01267368
2011-04-19;0.00125571;0.00125736
2011-04-20;0.02085332;0.02085496
2011-04-21;0.00550396;0.00550561
2011-04-22;-0.00037111;-0.00036947
2011-04-25;0.00000374;0.00000949
2011-04-26;0.00385067;0.00385259
2011-04-27;0.00680939;0.00681103
2011-04-28;0.00537041;0.00537151
2011-04-29;0.00105972;0.00106081
2011-05-02;0.00000034;0.00000445
2011-05-03;0.00000082;0.00000164
2011-05-04;0.00000000;0.00000082
2011-05-05;0.00000000;0.00000055
2011-05-06;0.00000033;0.00000088
2011-05-09;0.00000000;0.00000247
2011-05-10;0.00000000;0.00000082
2011-05-11;0.00000000;0.00000082
2011-05-12;0.00000000;0.00000055
2011-05-13;0.00000000;0.00000082
2011-05-16;-0.00000000;0.00000329
2011-05-17;0.00000000;0.00000110
2011-05-18;0.00000000;0.00000137
2011-05-19;0.00000000;0.00000137
2011-05-20;0.00000000;0.00000137
2011-05-23;0.00000000;0.00000493
2011-05-24;0.00000000;0.00000164
2011-05-25;0.00000000;0.00000164
2011-05-26;0.00000000;0.00000137
2011-05-27;0.00000000;0.00000137
2011-05-30;0.00000000;0.00000411
2011-05-31;0.00000296;0.00000460
2011-06-01;0.00000000;0.00000137
2011-06-02;0.00000000;0.00000110
2011-06-03;0.00000000;0.00000110
2011-06-06;0.00000000;0.00000411
2011-06-07;0.00000000;0.00000137
2011-06-08;0.00000000;0.00000110
2011-06-09;0.00000000;0.00000137
2011-06-10;0.00000000;0.00000137
2011-06-13;0.00000000;0.00000411
2011-06-14;0.00000000;0.00000137
2011-06-15;0.00000000;0.00000137
2011-06-16;0.00000000;0.00000137
2011-06-17;0.00000000;0.00000110
2011-06-20;0.00000000;0.00000247
2011-06-21;0.00000000;0.00000082
2011-06-22;0.00000000;0.00000055
2011-06-23;0.00000000;0.00000027
2011-06-24;0.00000000;0.00000055
2011-06-27;-0.00000000;0.00000164
2011-06-28;0.00000000;0.00000082
2011-06-29;0.00000000;0.00000055
2011-06-30;0.00000000;0.00000082
2011-07-01;0.00000000;0.00000055
2011-07-04;0.00000000;0.00000164
2011-07-05;0.00000066;0.00000121
2011-07-06;0.00000000;0.00000027
2011-07-07;0.00000000;0.00000082
2011-07-08;0.00000000;0.00000082
2011-07-11;0.00000000;0.00000247
2011-07-12;0.00000000;0.00000082
2011-07-13;0.00000000;0.00000027
2011-07-14;0.00000000;0.00000027
2011-07-15;0.00000000;0.00000055
2011-07-18;0.00000000;0.00000164
2011-07-19;0.00000049;0.00000132
2011-07-20;0.00000000;0.00000055
2011-07-21;0.00000000;0.00000137
2011-07-22;0.00000000;0.00000137
2011-07-25;0.00000000;0.00000411
2011-07-26;0.00000000;0.00000192
2011-07-27;0.00000000;0.00000219
2011-07-28;0.00000000;0.00000192
2011-07-29;0.00000000;0.00000274
2011-08-01;0.00000000;0.00000822
2011-08-02;0.00000000;0.00000164
2011-08-03;0.00000000;0.00000055
2011-08-04;0.00000000;0.00000055
2011-08-05;0.00000000;0.00000027
2011-08-08;0.00000000;0.00000411
2011-08-09;0.00000000;0.00000082
2011-08-10;0.00000000;0.00000055
2011-08-11;0.00000000;0.00000082
2011-08-12;0.00000000;0.00000055
2011-08-15;-0.00000000;0.00000164
2011-08-16;0.00000000;0.00000082
2011-08-17;0.00000000;0.00000027
2011-08-18;0.00000000;0.00000027
2011-08-19;0.00000000;0.00000055
2011-08-22;-0.00000000;0.00000082
2011-08-23;0.00000000;0.00000027
2011-08-24;0.00000000;0.00000055
2011-08-25;0.00000000;0.00000027
2011-08-26;0.00000000;0.00000027
2011-08-29;0.00000000;0.00000164
2011-08-30;0.00000016;0.00000044
2011-08-31;0.00000000;0.00000055
2011-09-01;0.00000000;0.00000055
2011-09-02;0.00000000;0.00000055
2011-09-05;0.00000000;0.00000164
2011-09-06;0.00000066;0.00000121
2011-09-07;0.00000000;0.00000055
2011-09-08;0.00000000;0.00000055
2011-09-09;0.00000000;0.00000027
2011-09-12;-0.00000000;0.00000082
2011-09-13;0.00000000;0.00000027
2011-09-14;0.00000000;0.00000027
2011-09-15;0.00000000;0.00000027
2011-09-16;0.00000000;0.00000027
2011-09-19;0.00000000;0.00000082
2011-09-20;0.00000016;0.00000044
2011-09-21;0.00000000;0.00000027
2011-09-22;0.00000000;0.00000000
2011-09-23;0.00000000;0.00000027
2011-09-26;0.00000011;0.00000175
2011-09-27;0.00000000;0.00000027
2011-09-28;0.00000000;0.00000055
2011-09-29;0.00000000;0.00000055
2011-09-30;0.00000000;0.00000055
2011-10-03;0.00000000;0.00000164
2011-10-04;0.00000016;0.00000044
2011-10-05;0.00000000;0.00000000
2011-10-06;0.00000000;0.00000027
2011-10-07;0.00000000;0.00000027
2011-10-10;0.00000000;0.00000082
2011-10-11;0.00000033;0.00000088
2011-10-12;0.00000000;0.00000055
2011-10-13;0.00000000;0.00000055
2011-10-14;0.00000000;0.00000055
2011-10-17;-0.00000000;0.00000329
2011-10-18;0.00000000;0.00000110
2011-10-19;0.00000000;0.00000082
2011-10-20;0.00000000;0.00000082
2011-10-21;0.00000000;0.00000055
2011-10-24;-0.00000000;0.00000164
2011-10-25;0.00000000;0.00000027
2011-10-26;0.00000000;0.00000055
2011-10-27;0.00000000;0.00000055
2011-10-28;0.00000000;0.00000027
2011-10-31;-0.00065000;-0.00064918
2011-11-01;-0.02863589;-0.02863562
2011-11-02;0.00735798;0.00735826
2011-11-03;0.01989555;0.01989582
2011-11-04;-0.00460369;-0.00460341
2011-11-07;-0.00011143;-0.00011060
2011-11-08;0.00552015;0.00552042
2011-11-09;-0.02043826;-0.02043799
2011-11-10;-0.00350077;-0.00350049
2011-11-11;0.01814305;0.01814332
2011-11-14;-0.00435390;-0.00435308
2011-11-15;-0.00010106;-0.00010078
2011-11-16;-0.00962315;-0.00962288
2011-11-17;-0.01272397;-0.01272342
2011-11-18;-0.00806129;-0.00806101
2011-11-21;-0.02009172;-0.02009008
2011-11-22;-0.00420175;-0.00420120
2011-11-23;-0.01794422;-0.01794367
2011-11-24;-0.00860158;-0.00860103
2011-11-25;0.00175103;0.00175158
2011-11-28;0.03073872;0.03074119
2011-11-29;0.00676302;0.00676357
2011-11-30;0.03152531;0.03152559
2011-12-01;0.00237758;0.00237786
2011-12-02;0.00419562;0.00419617
2011-12-05;0.00683431;0.00683513
2011-12-06;-0.00553138;-0.00553110
2011-12-07;0.00189139;0.00189193
2011-12-08;-0.01510559;-0.01510532
2011-12-09;0.00905820;0.00905848
2011-12-12;-0.01289975;-0.01289892
2011-12-13;-0.00420792;-0.00420765
2011-12-14;-0.01408324;-0.01408296
2011-12-15;-0.00000321;-0.00000321
2011-12-16;0.00074587;0.00074587
2011-12-19;-0.00882826;-0.00882744
2011-12-20;0.02124105;0.02124132
2011-12-21;-0.00253201;-0.00253174
2011-12-22;0.00633873;0.00633901
2011-12-23;0.00824697;0.00824725
2011-12-26;0.01001871;0.01001953
2011-12-27;-0.00005889;-0.00005834
2011-12-28;-0.00934366;-0.00934339
2011-12-29;0.00798783;0.00798838
2011-12-30;0.00175416;0.00175470
2012-01-02;0.03002982;0.03003146
2012-01-03;0.01818257;0.01818312
2012-01-04;0.00033554;0.00033609
2012-01-05;-0.00149692;-0.00149637
2012-01-06;-0.00248538;-0.00248483
2012-01-09;-0.00335467;-0.00335385
2012-01-10;0.01181256;0.01181310
2012-01-11;-0.00015614;-0.00015559
2012-01-12;0.00039474;0.00039556
2012-01-13;-0.00118402;-0.00118320
2012-01-16;0.00062521;0.00062768
2012-01-17;0.00952369;0.00952452
2012-01-18;0.00795278;0.00795360
2012-01-19;0.00767388;0.00767525
2012-01-20;0.00187597;0.00187734
2012-01-23;0.00298598;0.00298927
2012-01-24;-0.00162867;-0.00162758
2012-01-25;0.00565404;0.00565513
2012-01-26;0.00338967;0.00339104
2012-01-27;-0.00289797;-0.00289633
2012-01-30;-0.00555954;-0.00555543
2012-01-31;0.00115274;0.00115439
2012-02-01;0.01234790;0.01234954
2012-02-02;0.00373304;0.00373523
2012-02-03;0.01156213;0.01156432
2012-02-06;0.00168424;0.00169082
2012-02-07;0.00006133;0.00006352
2012-02-08;0.00312830;0.00313077
2012-02-09;0.00328096;0.00328343
2012-02-10;-0.00818170;-0.00817924
2012-02-13;0.00747358;0.00748262
2012-02-14;0.00096062;0.00096390
2012-02-15;0.00271793;0.00272094
2012-02-16;0.00418105;0.00418379
2012-02-17;0.00652677;0.00652923
2012-02-20;0.01071912;0.01072652
2012-02-21;-0.00158756;-0.00158537
2012-02-22;-0.00180239;-0.00179992
2012-02-23;0.00264798;0.00265045
2012-02-24;0.00367096;0.00367370
2012-02-27;-0.00089873;-0.00088887
2012-02-28;0.00611308;0.00611582
2012-02-29;-0.00450879;-0.00450660
2012-03-01;0.00700880;0.00701099
2012-03-02;-0.00062688;-0.00062497
2012-03-05;-0.00721289;-0.00720632
2012-03-06;-0.01682318;-0.01682099
2012-03-07;0.00365291;0.00365510
2012-03-08;0.01551529;0.01551749
2012-03-09;0.00703204;0.00703450
2012-03-12;0.00002386;0.00003126
2012-03-13;0.01258230;0.01258449
2012-03-14;0.00567039;0.00567286
2012-03-15;0.00479143;0.00479363
2012-03-16;0.00141337;0.00141583
2012-03-19;0.00228134;0.00228956
2012-03-20;-0.00674476;-0.00674202
2012-03-21;-0.00103556;-0.00103309
2012-03-22;-0.00514160;-0.00513941
2012-03-23;-0.00115681;-0.00115462
2012-03-26;0.01054821;0.01055561
2012-03-27;0.00334870;0.00335117
2012-03-28;-0.00749023;-0.00748777
2012-03-29;-0.00813702;-0.00813510
2012-03-30;0.00263732;0.00263924
2012-04-02;0.01099079;0.01099737
2012-04-03;-0.00540324;-0.00540104
2012-04-04;-0.01962594;-0.01962374
2012-04-05;0.00058865;0.00059084
2012-04-06;-0.00810817;-0.00810625
2012-04-09;-0.01140257;-0.01139517
2012-04-10;-0.01632953;-0.01632706
2012-04-11;0.00428288;0.00428535
2012-04-12;0.01126628;0.01126875
2012-04-13;-0.00991227;-0.00990980
2012-04-16;-0.00395902;-0.00395244
2012-04-17;0.01583584;0.01583803
2012-04-18;0.00013992;0.00014184
2012-04-19;-0.00680345;-0.00680153
2012-04-20;0.00219495;0.00219714
2012-04-23;-0.01419846;-0.01419189
2012-04-24;0.00168120;0.00168366
2012-04-25;0.01388102;0.01388349
2012-04-26;0.00460994;0.00461240
2012-04-27;0.00348921;0.00349167
2012-04-30;-0.00641530;-0.00640708
2012-05-01;0.00000185;0.00000432
2012-05-02;0.00000044;0.00000263
2012-05-03;0.00000000;0.00000247
2012-05-04;0.00000000;0.00000192
2012-05-07;0.00000137;0.00000959
2012-05-08;0.00000148;0.00000395
2012-05-09;0.00000000;0.00000247
2012-05-10;0.00000000;0.00000274
2012-05-11;0.00000000;0.00000274
2012-05-14;0.00000000;0.00000822
2012-05-15;0.00000000;0.00000247
2012-05-16;0.00000000;0.00000274
2012-05-17;0.00000000;0.00000274
2012-05-18;0.00000000;0.00000219
2012-05-21;0.00000000;0.00000740
2012-05-22;0.00000000;0.00000247
2012-05-23;0.00000000;0.00000247
2012-05-24;0.00000000;0.00000274
2012-05-25;0.00000000;0.00000247
2012-05-28;0.00000000;0.00000740
2012-05-29;0.00000444;0.00000690
2012-05-30;0.00000000;0.00000192
2012-05-31;0.00000000;0.00000192
2012-06-01;0.00000000;0.00000192
2012-06-04;0.00000000;0.00000658
2012-06-05;0.00000000;0.00000219
2012-06-06;0.00000197;0.00000444
2012-06-07;0.00000000;0.00000247
2012-06-08;0.00000000;0.00000247
2012-06-11;0.00000000;0.00000740
2012-06-12;0.00000000;0.00000274
2012-06-13;0.00000000;0.00000274
2012-06-14;0.00000000;0.00000301
2012-06-15;0.00000000;0.00000247
2012-06-18;0.00000000;0.00000822
2012-06-19;0.00000000;0.00000247
2012-06-20;0.00000000;0.00000247
2012-06-21;0.00000000;0.00000247
2012-06-22;0.00000000;0.00000247
2012-06-25;0.00000000;0.00000822
2012-06-26;0.00000000;0.00000274
2012-06-27;0.00000000;0.00000247
2012-06-28;0.00000000;0.00000247
2012-06-29;0.00000000;0.00000247
2012-07-02;0.00000000;0.00000822
2012-07-03;0.00000000;0.00000247
2012-07-04;0.00000000;0.00000247
2012-07-05;0.00000088;0.00000307
2012-07-06;0.00000000;0.00000219
2012-07-09;0.00000000;0.00000740
2012-07-10;0.00000000;0.00000247
2012-07-11;0.00000000;0.00000274
2012-07-12;0.00000000;0.00000274
2012-07-13;0.00000000;0.00000274
2012-07-16;0.00000000;0.00000822
2012-07-17;0.00000164;0.00000438
2012-07-18;0.00000000;0.00000247
2012-07-19;0.00000000;0.00000247
2012-07-20;0.00000000;0.00000247
2012-07-23;0.00000000;0.00000822
2012-07-24;0.00000000;0.00000274
2012-07-25;0.00000000;0.00000274
2012-07-26;0.00000000;0.00000301
2012-07-27;0.00000000;0.00000301
2012-07-30;0.00000000;0.00000904
2012-07-31;0.00000000;0.00000301
2012-08-01;0.00000000;0.00000274
2012-08-02;0.00000000;0.00000247
2012-08-03;0.00000000;0.00000247
2012-08-06;0.00000000;0.00000822
2012-08-07;0.00000000;0.00000301
2012-08-08;0.00000000;0.00000301
2012-08-09;0.00000000;0.00000301
2012-08-10;0.00000000;0.00000274
2012-08-13;0.00000000;0.00000904
2012-08-14;0.00000000;0.00000301
2012-08-15;0.00000000;0.00000247
2012-08-16;0.00000000;0.00000247
2012-08-17;0.00000000;0.00000247
2012-08-20;0.00000000;0.00000904
2012-08-21;0.00000000;0.00000301
2012-08-22;0.00000000;0.00000301
2012-08-23;0.00000000;0.00000301
2012-08-24;0.00000000;0.00000274
2012-08-27;0.00000000;0.00000904
2012-08-28;0.00000164;0.00000438
2012-08-29;0.00000000;0.00000329
2012-08-30;0.00000000;0.00000274
2012-08-31;0.00000000;0.00000247
2012-09-03;0.00000000;0.00000740
2012-09-04;0.00000329;0.00000603
2012-09-05;0.00000000;0.00000301
2012-09-06;0.00000000;0.00000301
2012-09-07;0.00000000;0.00000301
2012-09-10;0.00000000;0.00000822
2012-09-11;0.00000000;0.00000274
2012-09-12;0.00000000;0.00000274
2012-09-13;0.00000000;0.00000274
2012-09-14;0.00000000;0.00000301
2012-09-17;0.00000000;0.00000904
2012-09-18;0.00000164;0.00000438
2012-09-19;0.00000000;0.00000301
2012-09-20;0.00000000;0.00000301
2012-09-21;0.00000000;0.00000301
2012-09-24;0.00000000;0.00000904
2012-09-25;0.00000000;0.00000301
2012-09-26;0.00000000;0.00000301
2012-09-27;0.00000000;0.00000247
2012-09-28;0.00000000;0.00000274
2012-10-01;0.00000000;0.00000740
2012-10-02;0.00000000;0.00000247
2012-10-03;0.00000000;0.00000247
2012-10-04;0.00000055;0.00000329
2012-10-05;0.00000000;0.00000301
2012-10-08;0.00000000;0.00000904
2012-10-09;0.00000164;0.00000438
2012-10-10;0.00000000;0.00000274
2012-10-11;0.00000000;0.00000274
2012-10-12;0.00000000;0.00000301
2012-10-15;0.00000000;0.00000904
2012-10-16;0.00000000;0.00000247
2012-10-17;0.00000000;0.00000301
2012-10-18;0.00000000;0.00000274
2012-10-19;0.00000000;0.00000274
2012-10-22;0.00000000;0.00000822
2012-10-23;0.00000000;0.00000301
2012-10-24;0.00000000;0.00000301
2012-10-25;0.00000000;0.00000301
2012-10-26;0.00000000;0.00000329
2012-10-29;0.00000000;0.00001151
2012-10-30;0.00000000;0.00000384
2012-10-31;-0.00064518;-0.00064216
2012-11-01;0.01041050;0.01041297
2012-11-02;-0.00087324;-0.00087078
2012-11-05;-0.00129419;-0.00128515
2012-11-06;0.00443246;0.00443520
2012-11-07;-0.01681904;-0.01681630
2012-11-08;-0.00984715;-0.00984442
2012-11-09;-0.00193225;-0.00192978
2012-11-12;-0.00187939;-0.00187199
2012-11-13;-0.00204392;-0.00204091
2012-11-14;-0.00905543;-0.00905269
2012-11-15;-0.00028650;-0.00028431
2012-11-16;0.00098384;0.00098548
2012-11-19;0.02139961;0.02140701
2012-11-20;0.00156728;0.00156948
2012-11-21;0.00312129;0.00312402
2012-11-22;0.01026688;0.01026962
2012-11-23;0.01047396;0.01047670
2012-11-26;-0.00060813;-0.00059991
2012-11-27;0.00048245;0.00048519
2012-11-28;0.00141938;0.00142212
2012-11-29;0.00785420;0.00785666
2012-11-30;0.00083125;0.00083344
2012-12-03;-0.00020191;-0.00019369
2012-12-04;-0.00125921;-0.00125647
2012-12-05;0.00020798;0.00021072
2012-12-06;0.00617812;0.00618086
2012-12-07;-0.00096697;-0.00096450
2012-12-10;0.00132094;0.00132833
2012-12-11;0.00541281;0.00541500
2012-12-12;0.00211515;0.00211707
2012-12-13;-0.00079794;-0.00079629
2012-12-14;-0.00276237;-0.00276128
2012-12-17;0.00689418;0.00689829
2012-12-18;0.00938159;0.00938324
2012-12-19;0.00346161;0.00346298
2012-12-20;-0.00107320;-0.00107155
2012-12-21;-0.00753626;-0.00753462
2012-12-24;-0.00081343;-0.00080850
2012-12-25;0.01407913;0.01408077
2012-12-26;0.00075419;0.00075666
2012-12-27;0.00179374;0.00179593
2012-12-28;-0.00491884;-0.00491857
2012-12-31;0.01106483;0.01106894
2013-01-02;0.02538466;0.02538904
2013-01-03;-0.00171186;-0.00170967
2013-01-04;0.00795288;0.00795480
2013-01-07;-0.00427392;-0.00426817
2013-01-08;-0.00401930;-0.00401738
2013-01-09;0.00466068;0.00466232
2013-01-10;0.00390775;0.00390940
2013-01-11;0.00394613;0.00394805
2013-01-14;-0.00149495;-0.00148837
2013-01-15;-0.00035308;-0.00035062
2013-01-16;-0.00423955;-0.00423736
2013-01-17;0.00429117;0.00429309
2013-01-18;0.00597850;0.00598069
2013-01-21;-0.00161164;-0.00160507
2013-01-22;-0.00101740;-0.00101521
2013-01-23;-0.00180711;-0.00180492
2013-01-24;0.00298440;0.00298660
2013-01-25;0.01127397;0.01127616
2013-01-28;-0.00215390;-0.00214815
2013-01-29;0.00371603;0.00371795
2013-01-30;0.00200631;0.00200823
2013-01-31;-0.00294840;-0.00294648
2013-02-01;0.00904519;0.00904684
2013-02-04;-0.01272222;-0.01271647
2013-02-05;0.00305272;0.00305463
2013-02-06;0.00527106;0.00527298
2013-02-07;-0.00400371;-0.00400179
2013-02-08;0.00240672;0.00240864
2013-02-11;-0.00030886;-0.00030146
2013-02-12;0.00597535;0.00597782
2013-02-13;0.00094671;0.00094945
2013-02-14;-0.00210772;-0.00210471
2013-02-15;-0.00400401;-0.00400127
2013-02-18;0.00798368;0.00799190
2013-02-19;0.00735393;0.00735722
2013-02-20;-0.00396597;-0.00396269
2013-02-21;-0.01308652;-0.01308296
2013-02-22;0.00850870;0.00851226
2013-02-25;0.00205423;0.00206409
2013-02-26;-0.00958750;-0.00958367
2013-02-27;0.00597335;0.00597636
2013-02-28;0.00788272;0.00788574
2013-03-01;0.00164008;0.00164309
2013-03-04;0.00109497;0.00110401
2013-03-05;0.01269807;0.01270026
2013-03-06;0.00515933;0.00516207
2013-03-07;0.00235149;0.00235423
2013-03-08;0.00906383;0.00906657
2013-03-11;0.00283418;0.00284240
2013-03-12;-0.00205509;-0.00205235
2013-03-13;-0.00181969;-0.00181723
2013-03-14;0.00772113;0.00772387
2013-03-15;0.00041185;0.00041431
2013-03-18;-0.00881847;-0.00881271
2013-03-19;0.00112206;0.00112398
2013-03-20;0.00471580;0.00471772
2013-03-21;-0.00429131;-0.00428939
2013-03-22;-0.00180471;-0.00180279
2013-03-25;0.00040737;0.00041395
2013-03-26;0.00253048;0.00253240
2013-03-27;-0.00217475;-0.00217229
2013-03-28;-0.00018373;-0.00018181
2013-03-29;0.00501400;0.00501592
2013-04-01;-0.01110924;-0.01110267
2013-04-02;0.00681943;0.00682135
2013-04-03;-0.00182130;-0.00181965
2013-04-04;0.00138549;0.00138740
2013-04-05;-0.00639909;-0.00639718
2013-04-08;0.00891596;0.00892171
2013-04-09;0.00253263;0.00253428
2013-04-10;0.01467376;0.01467568
2013-04-11;0.00710486;0.00710677
2013-04-12;-0.00590498;-0.00590333
2013-04-15;-0.01394944;-0.01394451
2013-04-16;0.00295726;0.00295891
2013-04-17;-0.01099198;-0.01099034
2013-04-18;-0.00744514;-0.00744377
2013-04-19;0.00704819;0.00704956
2013-04-22;0.00713497;0.00713908
2013-04-23;0.01212355;0.01212492
2013-04-24;0.00800883;0.00801047
2013-04-25;0.00526866;0.00527003
2013-04-26;-0.00250076;-0.00249939
2013-04-29;0.00722360;0.00722771
2013-04-30;0.00109734;0.00109871
2013-05-01;0.00000000;0.00000164
2013-05-02;0.00000027;0.00000164
2013-05-03;0.00000000;0.00000137
2013-05-06;0.00000000;0.00000329
2013-05-07;0.00000153;0.00000263
2013-05-08;0.00000000;0.00000110
2013-05-09;0.00000000;0.00000110
2013-05-10;0.00000000;0.00000110
2013-05-13;0.00000000;0.00000411
2013-05-14;0.00000000;0.00000137
2013-05-15;0.00000000;0.00000110
2013-05-16;0.00000000;0.00000082
2013-05-17;0.00000000;0.00000110
2013-05-20;0.00000000;0.00000411
2013-05-21;0.00000000;0.00000110
2013-05-22;0.00000000;0.00000110
2013-05-23;0.00000000;0.00000137
2013-05-24;0.00000000;0.00000110
2013-05-27;0.00000000;0.00000329
2013-05-28;0.00000247;0.00000384
2013-05-29;0.00000000;0.00000137
2013-05-30;0.00000000;0.00000110
2013-05-31;0.00000000;0.00000110
2013-06-03;0.00000000;0.00000411
2013-06-04;0.00000000;0.00000110
2013-06-05;0.00000000;0.00000137
2013-06-06;0.00000000;0.00000137
2013-06-07;0.00000000;0.00000110
2013-06-10;0.00000000;0.00000411
2013-06-11;0.00000000;0.00000137
2013-06-12;0.00000000;0.00000137
2013-06-13;0.00000000;0.00000137
2013-06-14;0.00000000;0.00000137
2013-06-17;0.00000000;0.00000411
2013-06-18;0.00000000;0.00000137
2013-06-19;0.00000000;0.00000137
2013-06-20;0.00000000;0.00000137
2013-06-21;0.00000000;0.00000137
2013-06-24;0.00000000;0.00000493
2013-06-25;0.00000000;0.00000164
2013-06-26;0.00000000;0.00000164
2013-06-27;0.00000000;0.00000164
2013-06-28;0.00000000;0.00000110
2013-07-01;-0.00000000;0.00000329
2013-07-02;0.00000000;0.00000082
2013-07-03;0.00000000;0.00000137
2013-07-04;0.00000000;0.00000137
2013-07-05;0.00000044;0.00000153
2013-07-08;0.00000000;0.00000411
2013-07-09;0.00000000;0.00000110
2013-07-10;0.00000000;0.00000110
2013-07-11;0.00000000;0.00000110
2013-07-12;0.00000000;0.00000110
2013-07-15;0.00000000;0.00000329
2013-07-16;0.00000049;0.00000132
2013-07-17;0.00000000;0.00000082
2013-07-18;0.00000000;0.00000082
2013-07-19;0.00000000;0.00000082
2013-07-22;-0.00000000;0.00000329
2013-07-23;0.00000000;0.00000055
2013-07-24;0.00000000;0.00000082
2013-07-25;0.00000000;0.00000055
2013-07-26;0.00000000;0.00000082
2013-07-29;0.00000000;0.00000247
2013-07-30;0.00000000;0.00000110
2013-07-31;0.00000000;0.00000110
2013-08-01;0.00000000;0.00000110
2013-08-02;0.00000000;0.00000110
2013-08-05;0.00000000;0.00000411
2013-08-06;0.00000000;0.00000110
2013-08-07;0.00000000;0.00000137
2013-08-08;0.00000000;0.00000137
2013-08-09;0.00000000;0.00000137
2013-08-12;0.00000000;0.00000493
2013-08-13;0.00000000;0.00000164
2013-08-14;0.00000000;0.00000137
2013-08-15;0.00000000;0.00000137
2013-08-16;0.00000000;0.00000137
2013-08-19;0.00000000;0.00000493
2013-08-20;0.00000000;0.00000110
2013-08-21;0.00000000;0.00000110
2013-08-22;0.00000000;0.00000082
2013-08-23;0.00000000;0.00000082
2013-08-26;0.00000000;0.00000329
2013-08-27;0.00000082;0.00000219
2013-08-28;0.00000000;0.00000082
2013-08-29;0.00000000;0.00000055
2013-08-30;0.00000000;0.00000082
2013-09-02;0.00000000;0.00000247
2013-09-03;0.00000066;0.00000121
2013-09-04;0.00000000;0.00000055
2013-09-05;0.00000000;0.00000055
2013-09-06;0.00000000;0.00000055
2013-09-09;-0.00000000;0.00000164
2013-09-10;0.00000000;0.00000055
2013-09-11;0.00000000;0.00000055
2013-09-12;0.00000000;0.00000027
2013-09-13;0.00000000;0.00000027
2013-09-16;0.00000000;0.00000164
2013-09-17;0.00000016;0.00000044
2013-09-18;0.00000000;0.00000027
2013-09-19;0.00000000;0.00000027
2013-09-20;0.00000000;0.00000027
2013-09-23;0.00000000;0.00000164
2013-09-24;0.00000033;0.00000088
2013-09-25;0.00000000;0.00000055
2013-09-26;0.00000000;0.00000000
2013-09-27;0.00000000;0.00000055
2013-09-30;-0.00000000;0.00000164
2013-10-01;0.00000000;0.00000055
2013-10-02;0.00000000;0.00000055
2013-10-03;0.00000000;0.00000082
2013-10-04;0.00000016;0.00000099
2013-10-07;0.00000000;0.00000247
2013-10-08;0.00000000;0.00000137
2013-10-09;0.00000000;0.00000137
2013-10-10;0.00000000;0.00000137
2013-10-11;0.00000000;0.00000219
2013-10-14;0.00000000;0.00000658
2013-10-15;0.00000230;0.00000614
2013-10-16;0.00000000;0.00000274
2013-10-17;0.00000000;0.00000137
2013-10-18;0.00000000;0.00000110
2013-10-21;-0.00000000;0.00000329
2013-10-22;0.00000000;0.00000110
2013-10-23;0.00000000;0.00000110
2013-10-24;0.00000000;0.00000082
2013-10-25;0.00000000;0.00000110
2013-10-28;-0.00000000;0.00000329
2013-10-29;0.00000000;0.00000110
2013-10-30;0.00000000;0.00000110
2013-10-31;-0.00065000;-0.00064890
2013-11-01;-0.00154412;-0.00154302
2013-11-04;0.00314245;0.00314656
2013-11-05;-0.00108673;-0.00108536
2013-11-06;0.00288400;0.00288537
2013-11-07;-0.00832469;-0.00832332
2013-11-08;0.00370366;0.00370530
2013-11-11;0.00375142;0.00375635
2013-11-12;0.00340121;0.00340341
2013-11-13;0.00042207;0.00042426
2013-11-14;0.00899172;0.00899391
2013-11-15;0.00640462;0.00640681
2013-11-18;-0.00059685;-0.00058946
2013-11-19;-0.00296109;-0.00295890
2013-11-20;-0.00235191;-0.00234972
2013-11-21;0.00746386;0.00746577
2013-11-22;0.00264797;0.00264989
2013-11-25;0.00550948;0.00551605
2013-11-26;-0.00217389;-0.00217197
2013-11-27;0.00284480;0.00284672
2013-11-28;0.00752584;0.00752776
2013-11-29;0.00028104;0.00028269
2013-12-02;-0.00274881;-0.00274470
2013-12-03;-0.00523174;-0.00523010
2013-12-04;-0.00682262;-0.00682098
2013-12-05;-0.00573642;-0.00573478
2013-12-06;0.00897914;0.00898079
2013-12-09;0.00634362;0.00634937
2013-12-10;-0.00410662;-0.00410471
2013-12-11;-0.00734837;-0.00734645
2013-12-12;-0.00668233;-0.00668041
2013-12-13;0.00015587;0.00015779
2013-12-16;0.00516965;0.00517540
2013-12-17;-0.00215065;-0.00214874
2013-12-18;0.01201334;0.01201526
2013-12-19;0.00897003;0.00897167
2013-12-20;0.00500858;0.00501050
2013-12-23;0.00914304;0.00914879
2013-12-24;0.00187195;0.00187387
2013-12-25;0.00759247;0.00759439
2013-12-26;0.00609852;0.00610043
2013-12-27;0.00324479;0.00324671
2013-12-30;-0.00022147;-0.00021572
2013-12-31;0.00426575;0.00426767
2014-01-02;-0.00930296;-0.00929913
2014-01-03;-0.00041318;-0.00041127
2014-01-06;-0.00602183;-0.00601772
2014-01-07;0.00417505;0.00417615
2014-01-08;0.00326922;0.00327059
2014-01-09;-0.00627813;-0.00627704
2014-01-10;0.00411152;0.00411289
2014-01-13;-0.00517465;-0.00517218
2014-01-14;0.00079354;0.00079464
2014-01-15;0.01329425;0.01329535
2014-01-16;-0.00142814;-0.00142704
2014-01-17;-0.00112252;-0.00112115
2014-01-20;-0.00254043;-0.00253632
2014-01-21;0.00422246;0.00422355
2014-01-22;0.00056658;0.00056768
2014-01-23;-0.00751494;-0.00751384
2014-01-24;-0.02025397;-0.02025287
2014-01-27;-0.01212918;-0.01212507
2014-01-28;0.00259039;0.00259176
2014-01-29;-0.00113995;-0.00113885
2014-01-30;0.00169910;0.00169964
2014-01-31;-0.00541264;-0.00541209
2014-02-03;-0.01711204;-0.01710793
2014-02-04;-0.00687475;-0.00687311
2014-02-05;0.00123553;0.00123744
2014-02-06;0.01088850;0.01089042
2014-02-07;0.01206404;0.01206623
2014-02-10;0.00532617;0.00533193
2014-02-11;0.01369919;0.01370056
2014-02-12;0.00282484;0.00282621
2014-02-13;0.00009188;0.00009270
2014-02-14;-0.00034463;-0.00034409
2014-02-17;0.00528514;0.00528678
2014-02-18;0.00921660;0.00921797
2014-02-19;-0.00376237;-0.00376073
2014-02-20;-0.00238693;-0.00238556
2014-02-21;0.00642551;0.00642688
2014-02-24;0.00401024;0.00401435
2014-02-25;0.00102397;0.00102534
2014-02-26;-0.00286118;-0.00285981
2014-02-27;0.00044395;0.00044505
2014-02-28;0.00140321;0.00140458
2014-03-03;-0.01537230;-0.01536819
2014-03-04;0.01517185;0.01517322
2014-03-05;0.00040491;0.00040655
2014-03-06;0.00362848;0.00362985
2014-03-07;-0.00524160;-0.00523996
2014-03-10;-0.00446201;-0.00445790
2014-03-11;0.00035632;0.00035769
2014-03-12;-0.00871106;-0.00870969
2014-03-13;-0.01125712;-0.01125575
2014-03-14;-0.00838142;-0.00838005
2014-03-17;0.00711380;0.00711873
2014-03-18;0.00819276;0.00819413
2014-03-19;-0.00203639;-0.00203474
2014-03-20;-0.00200075;-0.00199911
2014-03-21;-0.00167907;-0.00167743
2014-03-24;-0.00382930;-0.00382437
2014-03-25;0.00670880;0.00671017
2014-03-26;-0.00085780;-0.00085643
2014-03-27;0.00010211;0.00010320
2014-03-28;0.00610832;0.00610942
2014-03-31;0.00356267;0.00356678
2014-04-01;0.00706460;0.00706570
2014-04-02;0.00370574;0.00370628
2014-04-03;-0.00027846;-0.00027791
2014-04-04;-0.00522100;-0.00522017
2014-04-07;-0.01331916;-0.01331669
2014-04-08;-0.00156716;-0.00156634
2014-04-09;0.00319887;0.00319996
2014-04-10;-0.01133009;-0.01132899
2014-04-11;-0.01434635;-0.01434525
2014-04-14;0.00372038;0.00372367
2014-04-15;-0.00147072;-0.00146963
2014-04-16;0.01515287;0.01515397
2014-04-17;0.00357832;0.00357914
2014-04-18;0.00685004;0.00685087
2014-04-21;0.00356043;0.00356372
2014-04-22;0.00648312;0.00648394
2014-04-23;-0.00137836;-0.00137781
2014-04-24;0.00125631;0.00125658
2014-04-25;-0.00810829;-0.00810747
2014-04-28;0.00075791;0.00076038
2014-04-29;0.00948076;0.00948131
2014-04-30;0.00132360;0.00132442
2014-05-01;0.00000000;0.00000082
2014-05-02;0.00000011;0.00000066
2014-05-05;0.00000000;0.00000247
2014-05-06;0.00000062;0.00000144
2014-05-07;0.00000066;0.00000148
2014-05-08;0.00000000;0.00000082
2014-05-09;0.00000000;0.00000082
2014-05-12;0.00000000;0.00000247
2014-05-13;0.00000000;0.00000082
2014-05-14;0.00000000;0.00000082
2014-05-15;0.00000000;0.00000082
2014-05-16;0.00000000;0.00000082
2014-05-19;0.00000000;0.00000247
2014-05-20;0.00000000;0.00000082
2014-05-21;0.00000000;0.00000110
2014-05-22;0.00000000;0.00000082
2014-05-23;0.00000000;0.00000110
2014-05-26;0.00000000;0.00000329
2014-05-27;0.00000197;0.00000307
2014-05-28;0.00000000;0.00000110
2014-05-29;0.00000000;0.00000110
2014-05-30;0.00000000;0.00000110
2014-06-02;-0.00000000;0.00000329
2014-06-03;0.00000000;0.00000110
2014-06-04;0.00000000;0.00000110
2014-06-05;0.00000000;0.00000110
2014-06-06;0.00000000;0.00000110
2014-06-09;-0.00000000;0.00000329
2014-06-10;0.00000000;0.00000110
2014-06-11;0.00000000;0.00000110
2014-06-12;0.00000000;0.00000110
2014-06-13;0.00000000;0.00000110
2014-06-16;-0.00000000;0.00000329
2014-06-17;0.00000000;0.00000110
2014-06-18;0.00000000;0.00000082
2014-06-19;0.00000000;0.00000055
2014-06-20;0.00000000;0.00000055
2014-06-23;0.00000000;0.00000247
2014-06-24;0.00000000;0.00000082
2014-06-25;0.00000000;0.00000082
2014-06-26;0.00000000;0.00000110
2014-06-27;0.00000000;0.00000082
2014-06-30;-0.00000000;0.00000329
2014-07-01;0.00000000;0.00000055
2014-07-02;0.00000000;0.00000055
2014-07-03;0.00000000;0.00000027
2014-07-04;0.00000000;0.00000027
2014-07-07;0.00000044;0.00000373
2014-07-08;0.00000000;0.00000082
2014-07-09;0.00000000;0.00000082
2014-07-10;0.00000000;0.00000055
2014-07-11;0.00000000;0.00000055
2014-07-14;0.00000000;0.00000247
2014-07-15;0.00000000;0.00000055
2014-07-16;0.00000000;0.00000055
2014-07-17;0.00000000;0.00000055
2014-07-18;0.00000000;0.00000055
2014-07-21;0.00000000;0.00000247
2014-07-22;0.00000049;0.00000132
2014-07-23;0.00000000;0.00000082
2014-07-24;0.00000000;0.00000082
2014-07-25;0.00000000;0.00000082
2014-07-28;-0.00000000;0.00000329
2014-07-29;0.00000000;0.00000055
2014-07-30;0.00000000;0.00000110
2014-07-31;0.00000000;0.00000082
2014-08-01;0.00000000;0.00000082
2014-08-04;-0.00000000;0.00000329
2014-08-05;0.00000000;0.00000082
2014-08-06;0.00000000;0.00000082
2014-08-07;0.00000000;0.00000082
2014-08-08;0.00000000;0.00000082
2014-08-11;-0.00000000;0.00000329
2014-08-12;0.00000000;0.00000082
2014-08-13;0.00000000;0.00000110
2014-08-14;0.00000000;0.00000110
2014-08-15;0.00000000;0.00000082
2014-08-18;0.00000000;0.00000247
2014-08-19;0.00000000;0.00000082
2014-08-20;0.00000000;0.00000110
2014-08-21;0.00000000;0.00000055
2014-08-22;0.00000000;0.00000082
2014-08-25;0.00000000;0.00000329
2014-08-26;0.00000049;0.00000132
2014-08-27;0.00000000;0.00000110
2014-08-28;0.00000000;0.00000082
2014-08-29;0.00000000;0.00000082
2014-09-01;0.00000000;0.00000247
2014-09-02;0.00000099;0.00000181
2014-09-03;0.00000000;0.00000082
2014-09-04;0.00000000;0.00000082
2014-09-05;0.00000000;0.00000082
2014-09-08;-0.00000000;0.00000164
2014-09-09;0.00000000;0.00000055
2014-09-10;0.00000000;0.00000055
2014-09-11;0.00000000;0.00000055
2014-09-12;0.00000000;0.00000055
2014-09-15;0.00000000;0.00000164
2014-09-16;0.00000033;0.00000088
2014-09-17;0.00000000;0.00000055
2014-09-18;0.00000000;0.00000055
2014-09-19;0.00000000;0.00000055
2014-09-22;-0.00000000;0.00000082
2014-09-23;0.00000000;0.00000027
2014-09-24;0.00000011;0.00000066
2014-09-25;0.00000000;0.00000027
2014-09-26;0.00000000;0.00000027
2014-09-29;-0.00000000;0.00000164
2014-09-30;0.00000000;0.00000055
2014-10-01;0.00000000;0.00000055
2014-10-02;0.00000000;0.00000027
2014-10-03;0.00000000;0.00000027
2014-10-06;0.00000011;0.00000175
2014-10-07;0.00000000;0.00000055
2014-10-08;0.00000000;0.00000027
2014-10-09;0.00000000;0.00000027
2014-10-10;0.00000000;0.00000027
2014-10-13;0.00000000;0.00000082
2014-10-14;0.00000033;0.00000088
2014-10-15;0.00000000;0.00000055
2014-10-16;0.00000000;0.00000082
2014-10-17;0.00000000;0.00000055
2014-10-20;-0.00000000;0.00000164
2014-10-21;0.00000000;0.00000055
2014-10-22;0.00000000;0.00000055
2014-10-23;0.00000000;0.00000027
2014-10-24;0.00000000;0.00000027
2014-10-27;-0.00000000;0.00000164
2014-10-28;0.00000000;0.00000055
2014-10-29;0.00000000;0.00000082
2014-10-30;0.00000000;0.00000027
2014-10-31;-0.00065000;-0.00064973
2014-11-03;-0.00361860;-0.00361695
2014-11-04;0.00138161;0.00138243
2014-11-05;0.00784040;0.00784122
2014-11-06;0.00132417;0.00132499
2014-11-07;-0.00035611;-0.00035529
2014-11-10;0.00282288;0.00282452
2014-11-11;0.00562292;0.00562346
2014-11-12;-0.00270824;-0.00270769
2014-11-13;0.00481446;0.00481500
2014-11-14;0.00240822;0.00240876
2014-11-17;-0.00460880;-0.00460634
2014-11-18;0.01111483;0.01111538
2014-11-19;-0.00187679;-0.00187652
2014-11-20;0.00116688;0.00116742
2014-11-21;0.00955767;0.00955794
2014-11-24;0.00323614;0.00323778
2014-11-25;0.00213297;0.00213351
2014-11-26;0.00276352;0.00276407
2014-11-27;-0.00088650;-0.00088595
2014-11-28;0.00296062;0.00296116
2014-12-01;-0.00449450;-0.00449204
2014-12-02;0.00494660;0.00494742
2014-12-03;0.00177728;0.00177756
2014-12-04;-0.00191844;-0.00191789
2014-12-05;0.00737128;0.00737183
2014-12-08;-0.00632564;-0.00632317
2014-12-09;-0.00976763;-0.00976653
2014-12-10;-0.01137307;-0.01137225
2014-12-11;0.00030211;0.00030293
2014-12-12;-0.01455370;-0.01455315
2014-12-15;-0.01557706;-0.01557377
2014-12-16;0.00076084;0.00076167
2014-12-17;0.00828062;0.00828144
2014-12-18;0.02407823;0.02407933
2014-12-19;0.00830954;0.00831063
2014-12-22;0.00406097;0.00406508
2014-12-23;0.00185529;0.00185612
2014-12-24;0.00374307;0.00374334
2014-12-25;-0.00254501;-0.00254474
2014-12-26;0.00370238;0.00370265
2014-12-29;-0.00005662;-0.00005416
2014-12-30;-0.01056640;-0.01056558
2014-12-31;-0.00605172;-0.00605063
2015-01-02;-0.00214976;-0.00214866
2015-01-05;-0.01737155;-0.01736908
2015-01-06;-0.01188134;-0.01188051
2015-01-07;0.00750227;0.00750309
2015-01-08;0.02218078;0.02218161
2015-01-09;-0.00855416;-0.00855361
2015-01-12;-0.00113304;-0.00113057
2015-01-13;0.00254833;0.00254916
2015-01-14;-0.01274285;-0.01274175
2015-01-15;0.00700952;0.00701034
2015-01-16;0.00667328;0.00667410
2015-01-19;0.00719224;0.00719470
2015-01-20;0.00719230;0.00719312
2015-01-21;0.00506136;0.00506219
2015-01-22;0.01203638;0.01203720
2015-01-23;0.00654051;0.00654106
2015-01-26;0.00326588;0.00326834
2015-01-27;-0.00873685;-0.00873630
2015-01-28;-0.00161273;-0.00161218
2015-01-29;0.00182202;0.00182285
2015-01-30;-0.00600695;-0.00600640
2015-02-02;0.00669351;0.00669515
2015-02-03;0.00608982;0.00609037
2015-02-04;0.00283535;0.00283563
2015-02-05;0.00184755;0.00184810
2015-02-06;-0.00172652;-0.00172598
2015-02-09;-0.00456914;-0.00456832
2015-02-10;0.00601747;0.00601775
2015-02-11;0.00057965;0.00057993
2015-02-12;0.01144650;0.01144705
2015-02-13;0.00388085;0.00388112
2015-02-16;-0.00032337;-0.00032255
2015-02-17;0.00089959;0.00090014
2015-02-18;0.00375646;0.00375701
2015-02-19;0.00197221;0.00197275
2015-02-20;0.00504932;0.00504987
2015-02-23;0.00305866;0.00306030
2015-02-24;0.00453032;0.00453087
2015-02-25;-0.00111429;-0.00111374
2015-02-26;0.00536769;0.00536851
2015-02-27;-0.00020218;-0.00020163
2015-03-02;0.00342314;0.00342478
2015-03-03;-0.00587747;-0.00587692
2015-03-04;0.00019708;0.00019736
2015-03-05;0.00426806;0.00426861
2015-03-06;-0.00344684;-0.00344657
2015-03-09;-0.00095867;-0.00095702
2015-03-10;-0.01498342;-0.01498288
2015-03-11;0.00504782;0.00504864
2015-03-12;0.00792674;0.00792756
2015-03-13;0.00169993;0.00170075
2015-03-16;0.01154799;0.01155210
2015-03-17;-0.00053487;-0.00053350
2015-03-18;0.00786156;0.00786238
2015-03-19;-0.00137449;-0.00137367
2015-03-20;0.00817467;0.00817494
2015-03-23;-0.00090753;-0.00090506
2015-03-24;-0.00094719;-0.00094664
2015-03-25;-0.01032439;-0.01032330
2015-03-26;-0.00700971;-0.00700888
2015-03-27;-0.00133379;-0.00133270
2015-03-30;0.01079803;0.01080132
2015-03-31;-0.01150843;-0.01150761
2015-04-01;-0.00193273;-0.00193191
2015-04-02;0.00398837;0.00398892
2015-04-03;0.00633012;0.00633067
2015-04-06;0.00426049;0.00426295
2015-04-07;0.00813291;0.00813346
2015-04-08;0.00145209;0.00145291
2015-04-09;0.00808011;0.00808093
2015-04-10;0.00710137;0.00710192
2015-04-13;-0.00280798;-0.00280552
2015-04-14;-0.00165803;-0.00165748
2015-04-15;0.00252821;0.00252875
2015-04-16;-0.00507322;-0.00507267
2015-04-17;-0.01467763;-0.01467735
2015-04-20;0.00979250;0.00979497
2015-04-21;0.00445093;0.00445175
2015-04-22;0.00220729;0.00220811
2015-04-23;0.00005389;0.00005472
2015-04-24;0.00342408;0.00342490
2015-04-27;0.00309034;0.00309199
2015-04-28;-0.00495416;-0.00495361
2015-04-29;-0.01343800;-0.01343773
2015-04-30;-0.01054355;-0.01054328
2015-05-01;0.00000000;0.00000027
2015-05-04;0.00000018;0.00000183
2015-05-05;0.00000021;0.00000048
2015-05-06;0.00000000;0.00000055
2015-05-07;0.00000027;0.00000055
2015-05-08;0.00000000;0.00000027
2015-05-11;-0.00000000;0.00000164
2015-05-12;0.00000000;0.00000082
2015-05-13;0.00000000;0.00000055
2015-05-14;0.00000000;0.00000027
2015-05-15;0.00000000;0.00000055
2015-05-18;-0.00000000;0.00000164
2015-05-19;0.00000000;0.00000055
2015-05-20;0.00000000;0.00000055
2015-05-21;0.00000000;0.00000055
2015-05-22;0.00000000;0.00000055
2015-05-25;0.00000000;0.00000164
2015-05-26;0.00000132;0.00000186
2015-05-27;0.00000000;0.00000027
2015-05-28;0.00000000;0.00000027
2015-05-29;0.00000000;0.00000027
2015-06-01;-0.00000000;0.00000164
2015-06-02;0.00000000;0.00000027
2015-06-03;0.00000000;0.00000055
2015-06-04;0.00000000;0.00000055
2015-06-05;0.00000000;0.00000082
2015-06-08;-0.00000000;0.00000164
2015-06-09;0.00000000;0.00000055
2015-06-10;0.00000000;0.00000055
2015-06-11;0.00000000;0.00000027
2015-06-12;0.00000000;0.00000055
2015-06-15;-0.00000000;0.00000164
2015-06-16;0.00000000;0.00000027
2015-06-17;0.00000000;0.00000027
2015-06-18;0.00000000;0.00000027
2015-06-19;0.00000000;0.00000027
2015-06-22;-0.00000000;0.00000082
2015-06-23;0.00000000;0.00000027
2015-06-24;0.00000000;0.00000027
2015-06-25;0.00000000;0.00000027
2015-06-26;0.00000000;0.00000027
2015-06-29;-0.00000000;0.00000164
2015-06-30;0.00000000;0.00000027
2015-07-01;0.00000000;0.00000027
2015-07-02;0.00000000;0.00000027
2015-07-03;0.00000000;0.00000027
2015-07-06;0.00000022;0.00000186
2015-07-07;0.00000000;0.00000055
2015-07-08;0.00000000;0.00000055
2015-07-09;0.00000000;0.00000082
2015-07-10;0.00000000;0.00000027
2015-07-13;-0.00000000;0.00000164
2015-07-14;0.00000000;0.00000027
2015-07-15;0.00000000;0.00000055
2015-07-16;0.00000000;0.00000055
2015-07-17;0.00000000;0.00000082
2015-07-20;0.00000000;0.00000329
2015-07-21;0.00000049;0.00000132
2015-07-22;0.00000000;0.00000110
2015-07-23;0.00000000;0.00000082
2015-07-24;0.00000000;0.00000110
2015-07-27;0.00000000;0.00000411
2015-07-28;0.00000000;0.00000137
2015-07-29;0.00000000;0.00000164
2015-07-30;0.00000000;0.00000192
2015-07-31;0.00000000;0.00000219
2015-08-03;-0.00000000;0.00000658
2015-08-04;0.00000000;0.00000219
2015-08-05;0.00000000;0.00000219
2015-08-06;0.00000000;0.00000110
2015-08-07;0.00000000;0.00000164
2015-08-10;0.00000000;0.00000986
2015-08-11;0.00000000;0.00000274
2015-08-12;0.00000000;0.00000274
2015-08-13;0.00000000;0.00000274
2015-08-14;0.00000000;0.00000247
2015-08-17;0.00000000;0.00000822
2015-08-18;0.00000000;0.00000192
2015-08-19;0.00000000;0.00000137
2015-08-20;0.00000000;0.00000055
2015-08-21;0.00000000;0.00000082
2015-08-24;0.00000000;0.00000493
2015-08-25;0.00000000;0.00000192
2015-08-26;0.00000000;0.00000164
2015-08-27;0.00000000;0.00000164
2015-08-28;0.00000000;0.00000164
2015-08-31;0.00000000;0.00000658
2015-09-01;0.00000049;0.00000132
2015-09-02;0.00000000;0.00000082
2015-09-03;0.00000000;0.00000055
2015-09-04;0.00000000;0.00000055
2015-09-07;0.00000000;0.00000164
2015-09-08;0.00000197;0.00000362
2015-09-09;0.00000000;0.00000082
2015-09-10;0.00000000;0.00000055
2015-09-11;0.00000000;0.00000110
2015-09-14;0.00000000;0.00000575
2015-09-15;0.00000000;0.00000192
2015-09-16;0.00000000;0.00000164
2015-09-17;0.00000000;0.00000027
2015-09-18;0.00000000;-0.00000027
2015-09-21;0.00000000;0.00000082
2015-09-22;0.00000000;-0.00000027
2015-09-23;0.00000000;0.00000027
2015-09-24;0.00000027;0.00000055
2015-09-25;0.00000000;-0.00000027
2015-09-28;-0.00000000;0.00000082
2015-09-29;0.00000000;0.00000027
2015-09-30;0.00000000;-0.00000027
2015-10-01;0.00000000;-0.00000055
2015-10-02;0.00000000;0.00000000
2015-10-05;-0.00000000;0.00000082
2015-10-06;0.00000000;0.00000000
2015-10-07;0.00000000;0.00000000
2015-10-08;0.00000000;-0.00000027
2015-10-09;0.00000000;0.00000027
2015-10-12;0.00000000;0.00000082
2015-10-13;0.00000016;0.00000044
2015-10-14;0.00000000;0.00000000
2015-10-15;0.00000000;0.00000027
2015-10-16;0.00000000;0.00000027
2015-10-19;-0.00000000;0.00000164
2015-10-20;0.00000000;0.00000055
2015-10-21;0.00000000;0.00000027
2015-10-22;0.00000000;0.00000000
2015-10-23;0.00000000;0.00000027
2015-10-26;-0.00000000;0.00000164
2015-10-27;0.00000000;0.00000082
2015-10-28;0.00000000;0.00000110
2015-10-29;0.00000000;0.00000192
2015-10-30;-0.00065000;-0.00064781
2015-11-02;0.00241785;0.00242443
2015-11-03;0.00235470;0.00235635
2015-11-04;0.00088566;0.00088703
2015-11-05;0.00047943;0.00048080
2015-11-06;0.00318813;0.00319032
2015-11-09;-0.00520721;-0.00519571
2015-11-10;-0.00027034;-0.00026678
2015-11-11;0.00143725;0.00144081
2015-11-12;-0.01083487;-0.01083103
2015-11-13;-0.01038288;-0.01037932
2015-11-16;0.00474536;0.00475769
2015-11-17;0.01102254;0.01102637
2015-11-18;0.00739611;0.00739939
2015-11-19;0.00591421;0.00591722
2015-11-20;0.00309073;0.00309374
2015-11-23;-0.00269947;-0.00268796
2015-11-24;-0.00328555;-0.00328117
2015-11-25;0.00559255;0.00559775
2015-11-26;0.00905296;0.00905816
2015-11-27;-0.00116349;-0.00115883
2015-11-30;-0.00202929;-0.00201121
2015-12-01;0.00616226;0.00616802
2015-12-02;-0.00464945;-0.00464369
2015-12-03;-0.01795562;-0.01794986
2015-12-04;0.00262210;0.00262813
2015-12-07;0.00163776;0.00166160
2015-12-08;-0.01006996;-0.01006256
2015-12-09;-0.00839993;-0.00839281
2015-12-10;-0.00240780;-0.00240122
2015-12-11;-0.01580208;-0.01579605
2015-12-14;-0.00776357;-0.00774220
2015-12-15;0.01097206;0.01097891
2015-12-16;0.01285477;0.01286217
2015-12-17;0.00385273;0.00385903
2015-12-18;-0.01504185;-0.01503664
2015-12-21;0.00017023;0.00018996
2015-12-22;0.00415526;0.00416102
2015-12-23;0.01722226;0.01722773
2015-12-24;-0.00124457;-0.00123909
2015-12-25;-0.00110374;-0.00109826
2015-12-28;-0.00097616;-0.00095726
2015-12-29;0.01211643;0.01212273
2015-12-30;-0.00599325;-0.00598750
2015-12-31;-0.00904114;-0.00903676
2016-01-04;-0.02665163;-0.02662752
2016-01-05;0.00090934;0.00091482
2016-01-06;-0.01028444;-0.01027869
2016-01-07;-0.02414011;-0.02413463
2016-01-08;-0.00859316;-0.00858769
2016-01-11;-0.00139551;-0.00137825
2016-01-12;0.00370100;0.00370675
2016-01-13;-0.00557792;-0.00557189
2016-01-14;-0.00251387;-0.00250702
2016-01-15;-0.02052009;-0.02051379
2016-01-18;-0.00595503;-0.00593612
2016-01-19;0.00782318;0.00783031
2016-01-20;-0.02281148;-0.02280435
2016-01-21;0.00390065;0.00390832
2016-01-22;0.02981176;0.02981998
2016-01-25;-0.00569763;-0.00567215
2016-01-26;0.00285185;0.00286034
2016-01-27;0.00216760;0.00217637
2016-01-28;-0.00438355;-0.00437423
2016-01-29;0.02340507;0.02341384
2016-02-01;0.00258841;0.00261717
2016-02-02;-0.01757868;-0.01756936
2016-02-03;-0.01217511;-0.01216607
2016-02-04;-0.00033178;-0.00032384
2016-02-05;-0.01721653;-0.01720859
2016-02-08;-0.01585531;-0.01582901
2016-02-09;-0.01579609;-0.01578787
2016-02-10;0.00086141;0.00086990
2016-02-11;-0.01658823;-0.01658056
2016-02-12;0.00817336;0.00818131
2016-02-15;0.03953523;0.03955906
2016-02-16;0.00773487;0.00774309
2016-02-17;0.01624446;0.01625267
2016-02-18;0.00126113;0.00126935
2016-02-19;-0.00454190;-0.00453369
2016-02-22;0.01477927;0.01480640
2016-02-23;-0.01224447;-0.01223570
2016-02-24;-0.00745594;-0.00744690
2016-02-25;0.01558609;0.01559486
2016-02-26;0.00664260;0.00665136
2016-02-29;-0.00560458;-0.00557745
2016-03-01;0.01830762;0.01831667
2016-03-02;0.01013535;0.01014494
2016-03-03;0.00182286;0.00183026
2016-03-04;0.00517422;0.00518189
2016-03-07;-0.00371338;-0.00368708
2016-03-08;-0.00909881;-0.00909086
2016-03-09;0.00196166;0.00196988
2016-03-10;-0.00592654;-0.00591804
2016-03-11;0.01827193;0.01828069
2016-03-14;0.00783233;0.00786027
2016-03-15;-0.00399113;-0.00398181
2016-03-16;0.00330979;0.00331828
2016-03-17;-0.00031344;-0.00030549
2016-03-18;-0.00033355;-0.00032561
2016-03-21;0.00087582;0.00090130
2016-03-22;0.00529020;0.00529842
2016-03-23;-0.00256018;-0.00255196
2016-03-24;-0.00763960;-0.00763166
2016-03-25;0.00653158;0.00653952
2016-03-28;0.00216930;0.00219314
2016-03-29;0.00532253;0.00532883
2016-03-30;0.00569126;0.00569674
2016-03-31;-0.00468847;-0.00468272
2016-04-01;-0.00803752;-0.00803122
2016-04-04;-0.00086282;-0.00084392
2016-04-05;-0.01634840;-0.01634210
2016-04-06;0.00880236;0.00880867
2016-04-07;-0.00772603;-0.00771972
2016-04-08;0.00556814;0.00557444
2016-04-11;-0.00106351;-0.00104460
2016-04-12;0.00884737;0.00885340
2016-04-13;0.01960291;0.01960921
2016-04-14;0.00793046;0.00793649
2016-04-15;-0.00295826;-0.00295223
2016-04-18;-0.00267802;-0.00265994
2016-04-19;0.01271690;0.01272265
2016-04-20;0.00222235;0.00222865
2016-04-21;0.00375616;0.00376246
2016-04-22;-0.00394300;-0.00393670
2016-04-25;-0.00500249;-0.00498194
2016-04-26;-0.00148687;-0.00148030
2016-04-27;-0.00010929;-0.00010272
2016-04-28;-0.01108212;-0.01107609
2016-04-29;-0.01323983;-0.01323381
2016-05-02;0.00000151;0.00001959
2016-05-03;0.00000432;0.00001007
2016-05-04;0.00000000;0.00000521
2016-05-05;0.00000000;0.00000548
2016-05-06;0.00000312;0.00000833
2016-05-09;0.00000000;0.00001973
2016-05-10;0.00000000;0.00000658
2016-05-11;0.00000000;0.00000712
2016-05-12;0.00000000;0.00000740
2016-05-13;0.00000000;0.00000767
2016-05-16;0.00000000;0.00002301
2016-05-17;0.00000460;0.00001227
2016-05-18;0.00000000;0.00000822
2016-05-19;0.00000000;0.00000822
2016-05-20;0.00000000;0.00000877
2016-05-23;-0.00000000;0.00002877
2016-05-24;0.00000000;0.00000959
2016-05-25;0.00000000;0.00000904
2016-05-26;0.00000000;0.00000822
2016-05-27;0.00000000;0.00000849
2016-05-30;0.00000000;0.00002548
2016-05-31;0.00001677;0.00002608
2016-06-01;0.00000000;0.00000822
2016-06-02;0.00000000;0.00000767
2016-06-03;0.00000000;0.00000795
2016-06-06;0.00000000;0.00002301
2016-06-07;0.00000000;0.00000767
2016-06-08;0.00000000;0.00000658
2016-06-09;-0.00000000;0.00000685
2016-06-10;-0.00000000;0.00000685
2016-06-13;0.00000000;0.00002219
2016-06-14;0.00000000;0.00000740
2016-06-15;0.00000000;0.00000712
2016-06-16;0.00000000;0.00000740
2016-06-17;0.00000000;0.00000712
2016-06-20;0.00000000;0.00002301
2016-06-21;0.00000000;0.00000740
2016-06-22;0.00000000;0.00000740
2016-06-23;0.00000000;0.00000822
2016-06-24;0.00000000;0.00000712
2016-06-27;0.00000000;0.00002219
2016-06-28;0.00000000;0.00000712
2016-06-29;0.00000000;0.00000712
2016-06-30;0.00000000;0.00000712
2016-07-01;0.00000000;0.00000740
2016-07-04;0.00000000;0.00002219
2016-07-05;0.00000921;0.00001688
2016-07-06;0.00000000;0.00000740
2016-07-07;0.00000000;0.00000795
2016-07-08;0.00000000;0.00000740
2016-07-11;0.00000000;0.00002548
2016-07-12;0.00000000;0.00000795
2016-07-13;0.00000000;0.00000849
2016-07-14;0.00000000;0.00000849
2016-07-15;0.00000000;0.00000849
2016-07-18;0.00000000;0.00002630
2016-07-19;0.00000510;0.00001359
2016-07-20;0.00000000;0.00000877
2016-07-21;0.00000000;0.00000849
2016-07-22;0.00000000;0.00000877
2016-07-25;-0.00000000;0.00002630
2016-07-26;0.00000000;0.00000849
2016-07-27;0.00000000;0.00000849
2016-07-28;-0.00000000;0.00000685
2016-07-29;0.00000000;0.00000740
2016-08-01;0.00000000;0.00002384
2016-08-02;0.00000000;0.00000795
2016-08-03;0.00000000;0.00000767
2016-08-04;0.00000000;0.00000712
2016-08-05;0.00000000;0.00000740
2016-08-08;0.00000000;0.00002548
2016-08-09;0.00000000;0.00000795
2016-08-10;0.00000000;0.00000767
2016-08-11;0.00000000;0.00000767
2016-08-12;0.00000153;0.00000921
2016-08-15;0.00000000;0.00002548
2016-08-16;0.00000000;0.00000740
2016-08-17;0.00000000;0.00000822
2016-08-18;0.00000000;0.00000795
2016-08-19;0.00000000;0.00000795
2016-08-22;0.00000000;0.00002384
2016-08-23;0.00000000;0.00000822
2016-08-24;0.00000000;0.00000849
2016-08-25;0.00000000;0.00000904
2016-08-26;0.00000000;0.00000904
2016-08-29;0.00000000;0.00002712
2016-08-30;0.00000542;0.00001447
2016-08-31;0.00000000;0.00000904
2016-09-01;0.00000000;0.00000904
2016-09-02;0.00000000;0.00000877
2016-09-05;0.00000000;0.00002630
2016-09-06;0.00001052;0.00001929
2016-09-07;0.00000000;0.00000932
2016-09-08;0.00000000;0.00000932
2016-09-09;0.00000000;0.00000932
2016-09-12;0.00000000;0.00003041
2016-09-13;0.00000000;0.00000986
2016-09-14;0.00000000;0.00000904
2016-09-15;0.00000000;0.00000795
2016-09-16;0.00000000;0.00000795
2016-09-19;0.00000000;0.00002466
2016-09-20;0.00000493;0.00001315
2016-09-21;0.00000000;0.00000603
2016-09-22;0.00000000;0.00000493
2016-09-23;0.00000099;0.00000592
2016-09-26;0.00000000;0.00002055
2016-09-27;0.00000000;0.00000712
2016-09-28;0.00000000;0.00000740
2016-09-29;0.00000000;0.00000712
2016-09-30;0.00000000;0.00000767
2016-10-03;0.00000000;0.00002630
2016-10-04;0.00000542;0.00001447
2016-10-05;0.00000000;0.00000877
2016-10-06;0.00000000;0.00000877
2016-10-07;0.00000000;0.00000877
2016-10-10;0.00000000;0.00002630
2016-10-11;0.00000575;0.00001534
2016-10-12;0.00000000;0.00000986
2016-10-13;0.00000000;0.00000795
2016-10-14;0.00000000;0.00000849
2016-10-17;0.00000000;0.00002795
2016-10-18;0.00000000;0.00000932
2016-10-19;0.00000000;0.00000932
2016-10-20;0.00000000;0.00000932
2016-10-21;0.00000000;0.00000904
2016-10-24;0.00000000;0.00002712
2016-10-25;0.00000000;0.00000932
2016-10-26;0.00000000;0.00000904
2016-10-27;0.00000000;0.00000795
2016-10-28;0.00000000;0.00000795
2016-10-31;-0.00065000;-0.00062205
2016-11-01;-0.00626717;-0.00625758
2016-11-02;-0.01152290;-0.01151303
2016-11-03;-0.00664476;-0.00663462
2016-11-04;-0.00797120;-0.00796106
2016-11-07;0.01973679;0.01977049
2016-11-08;0.00362608;0.00363787
2016-11-09;-0.00252491;-0.00251285
2016-11-10;0.00788136;0.00789424
2016-11-11;-0.00188216;-0.00186929
2016-11-14;0.00244236;0.00248675
2016-11-15;0.00607688;0.00609058
2016-11-16;0.00049556;0.00050816
2016-11-17;0.00410901;0.00412079
2016-11-18;-0.00100203;-0.00099025
2016-11-21;0.00556339;0.00560119
2016-11-22;0.00343423;0.00344738
2016-11-23;-0.00210251;-0.00208882
2016-11-24;0.00451606;0.00452976
2016-11-25;0.00248460;0.00249775
2016-11-28;-0.00525540;-0.00521595
2016-11-29;0.00032775;0.00034090
2016-11-30;-0.00232614;-0.00231299
2016-12-01;-0.00457289;-0.00456001
2016-12-02;-0.00170341;-0.00169026
2016-12-05;0.00487482;0.00491510
2016-12-06;0.00472116;0.00473459
2016-12-07;0.01431643;0.01433040
2016-12-08;0.00800104;0.00801474
2016-12-09;0.00623024;0.00624476
2016-12-12;-0.00155085;-0.00150893
2016-12-13;0.00880662;0.00882142
2016-12-14;-0.00345131;-0.00343652
2016-12-15;0.00507163;0.00508533
2016-12-16;0.00123156;0.00124526
2016-12-19;0.00162361;0.00166635
2016-12-20;0.00399838;0.00401262
2016-12-21;-0.00121669;-0.00120272
2016-12-22;-0.00070740;-0.00069370
2016-12-23;0.00063133;0.00064531
2016-12-26;-0.00165040;-0.00160848
2016-12-27;0.00241977;0.00243374
2016-12-28;-0.00213953;-0.00212528
2016-12-29;-0.00305280;-0.00304019
2016-12-30;-0.00231936;-0.00230566
2017-01-02;0.01016123;0.01020233
2017-01-03;0.00548423;0.00549875
2017-01-04;0.00757678;0.00759103
2017-01-05;0.00037169;0.00038566
2017-01-06;0.00242086;0.00243510
2017-01-09;0.00016302;0.00020411
2017-01-10;0.00019630;0.00021028
2017-01-11;0.00332032;0.00333430
2017-01-12;-0.00526123;-0.00524726
2017-01-13;0.00578895;0.00580320
2017-01-16;-0.00598996;-0.00594722
2017-01-17;-0.00731737;-0.00730257
2017-01-18;0.00345674;0.00347098
2017-01-19;-0.00016226;-0.00014829
2017-01-20;0.00212451;0.00213793
2017-01-23;-0.00582284;-0.00578092
2017-01-24;0.00242894;0.00244264
2017-01-25;0.01047100;0.01048442
2017-01-26;0.00431342;0.00432712
2017-01-27;0.00098655;0.00100052
2017-01-30;-0.00783086;-0.00778894
2017-01-31;-0.00711665;-0.00710241
2017-02-01;0.00500807;0.00502177
2017-02-02;-0.00213132;-0.00211735
2017-02-03;0.00376792;0.00378162
2017-02-06;-0.00248679;-0.00244323
2017-02-07;0.00111573;0.00113025
2017-02-08;0.00159076;0.00160528
2017-02-09;0.00357599;0.00359051
2017-02-10;0.00747458;0.00748938
2017-02-13;0.00542876;0.00547150
2017-02-14;-0.00120615;-0.00119136
2017-02-15;0.00557362;0.00558814
2017-02-16;-0.00245908;-0.00244484
2017-02-17;0.00066891;0.00068316
2017-02-20;0.00223453;0.00227727
2017-02-21;0.00519976;0.00521428
2017-02-22;0.00109838;0.00111263
2017-02-23;-0.00242718;-0.00241321
2017-02-24;-0.00333623;-0.00332226
2017-02-27;-0.00090817;-0.00086707
2017-02-28;-0.00056577;-0.00055125
2017-03-01;0.01512497;0.01514196
2017-03-02;-0.00057754;-0.00055946
2017-03-03;-0.00126434;-0.00124516
2017-03-06;-0.00393619;-0.00387619
2017-03-07;-0.00146209;-0.00144155
2017-03-08;-0.00113450;-0.00111478
2017-03-09;0.00061835;0.00063807
2017-03-10;0.00492826;0.00494826
2017-03-13;0.00179049;0.00185460
2017-03-14;-0.00166635;-0.00164526
2017-03-15;0.00324168;0.00326140
2017-03-16;0.00214337;0.00216310
2017-03-17;-0.00066434;-0.00064462
2017-03-20;-0.00106528;-0.00100364
2017-03-21;-0.00903832;-0.00901750
2017-03-22;-0.00500760;-0.00498678
2017-03-23;0.00248154;0.00250209
2017-03-24;0.00229805;0.00231915
2017-03-27;-0.00507560;-0.00501231
2017-03-28;0.00886789;0.00888898
2017-03-29;0.00294744;0.00296854
2017-03-30;0.00007438;0.00009548
2017-03-31;-0.00255955;-0.00253900
2017-04-03;-0.00175780;-0.00169369
2017-04-04;0.00008399;0.00010536
2017-04-05;-0.00166033;-0.00163868
2017-04-06;-0.00285028;-0.00282891
2017-04-07;0.00161492;0.00163711
2017-04-10;0.00121104;0.00127762
2017-04-11;-0.00222501;-0.00220282
2017-04-12;-0.00384252;-0.00382060
2017-04-13;-0.00494785;-0.00492594
2017-04-14;-0.00497315;-0.00495123
2017-04-17;0.00599596;0.00606336
2017-04-18;-0.00690146;-0.00687927
2017-04-19;-0.00055339;-0.00053147
2017-04-20;0.00339555;0.00341692
2017-04-21;0.00162490;0.00164627
2017-04-24;0.01823020;0.01829596
2017-04-25;0.00530045;0.00532264
2017-04-26;0.00228028;0.00230275
2017-04-27;-0.00106999;-0.00104807
2017-04-28;-0.00220169;-0.00218004
2017-05-01;0.00000000;0.00006740
2017-05-02;0.00002663;0.00004882
2017-05-03;0.00000000;0.00002301
2017-05-04;0.00000000;0.00002301
2017-05-05;0.00000000;0.00002411
2017-05-08;0.00001479;0.00008877
2017-05-09;0.00000000;0.00002466
2017-05-10;0.00000000;0.00002438
2017-05-11;0.00000000;0.00002384
2017-05-12;0.00000000;0.00002356
2017-05-15;0.00000000;0.00007315
2017-05-16;0.00000000;0.00002438
2017-05-17;0.00000000;0.00002438
2017-05-18;0.00000000;0.00002493
2017-05-19;0.00000000;0.00002466
2017-05-22;0.00000000;0.00007562
2017-05-23;0.00000000;0.00002493
2017-05-24;0.00000000;0.00002521
2017-05-25;0.00000000;0.00002521
2017-05-26;0.00000000;0.00002521
2017-05-29;0.00000000;0.00007562
2017-05-30;0.00004537;0.00007058
2017-05-31;0.00000000;0.00002630
2017-06-01;0.00000000;0.00002630
2017-06-02;0.00000000;0.00002630
2017-06-05;0.00000000;0.00007808
2017-06-06;0.00001578;0.00004208
2017-06-07;0.00000000;0.00002685
2017-06-08;0.00000000;0.00002712
2017-06-09;0.00000000;0.00002712
2017-06-12;0.00000000;0.00007973
2017-06-13;0.00000000;0.00002712
2017-06-14;0.00000000;0.00002712
2017-06-15;-0.00000000;0.00002740
2017-06-16;0.00000000;0.00002767
2017-06-19;0.00000000;0.00008301
2017-06-20;-0.00000000;0.00002740
2017-06-21;0.00000000;0.00002658
2017-06-22;-0.00000000;0.00002575
2017-06-23;0.00000000;0.00002603
2017-06-26;0.00000000;0.00008055
2017-06-27;0.00000000;0.00002712
2017-06-28;-0.00000000;0.00002740
2017-06-29;-0.00000000;0.00002795
2017-06-30;0.00000000;0.00002767
2017-07-03;0.00000000;0.00008548
2017-07-04;0.00000000;0.00002849
2017-07-05;0.00001129;0.00003951
2017-07-06;-0.00000000;0.00002795
2017-07-07;0.00000000;0.00002822
2017-07-10;0.00000000;0.00008466
2017-07-11;0.00000000;0.00002822
2017-07-12;0.00000000;0.00002822
2017-07-13;0.00000000;0.00002822
2017-07-14;-0.00000000;0.00002795
2017-07-17;0.00000000;0.00008630
2017-07-18;0.00001726;0.00004603
2017-07-19;0.00000000;0.00002986
2017-07-20;0.00000000;0.00003096
2017-07-21;0.00000000;0.00003123
2017-07-24;0.00000000;0.00009452
2017-07-25;0.00000000;0.00003178
2017-07-26;0.00000000;0.00003041
2017-07-27;0.00000000;0.00002986
2017-07-28;0.00000000;0.00002904
2017-07-31;0.00000000;0.00008630
2017-08-01;0.00000000;0.00002904
2017-08-02;0.00000000;0.00002904
2017-08-03;0.00000000;0.00002904
2017-08-04;0.00000000;0.00002904
2017-08-07;0.00000000;0.00008301
2017-08-08;0.00000000;0.00002849
2017-08-09;0.00000000;0.00002849
2017-08-10;0.00000000;0.00002822
2017-08-11;0.00000000;0.00002767
2017-08-14;0.00000553;0.00008855
2017-08-15;-0.00000000;0.00002795
2017-08-16;-0.00000000;0.00002740
2017-08-17;0.00000000;0.00002685
2017-08-18;-0.00000000;0.00002740
2017-08-21;0.00000000;0.00008137
2017-08-22;0.00000000;0.00002712
2017-08-23;0.00000000;0.00002685
2017-08-24;-0.00000000;0.00002740
2017-08-25;0.00000000;0.00002767
2017-08-28;0.00000000;0.00007973
2017-08-29;0.00001660;0.00004427
2017-08-30;0.00000000;0.00002767
2017-08-31;0.00000000;0.00002712
2017-09-01;-0.00000000;0.00002740
2017-09-04;0.00000000;0.00008219
2017-09-05;0.00003321;0.00006088
2017-09-06;0.00000000;0.00002877
2017-09-07;0.00000000;0.00002822
2017-09-08;-0.00000000;0.00002795
2017-09-11;0.00000000;0.00008548
2017-09-12;-0.00000000;0.00002795
2017-09-13;-0.00000000;0.00002795
2017-09-14;0.00000000;0.00002822
2017-09-15;0.00000000;0.00002822
2017-09-18;0.00000000;0.00008548
2017-09-19;0.00001693;0.00004515
2017-09-20;-0.00000000;0.00002795
2017-09-21;-0.00000000;0.00002795
2017-09-22;0.00000000;0.00002767
2017-09-25;0.00000000;0.00008548
2017-09-26;0.00000000;0.00002877
2017-09-27;0.00000000;0.00002877
2017-09-28;0.00000000;0.00002849
2017-09-29;0.00000000;0.00002849
2017-10-02;0.00000000;0.00008219
2017-10-03;0.00000000;0.00002877
2017-10-04;0.00000581;0.00003485
2017-10-05;0.00000000;0.00002877
2017-10-06;0.00000000;0.00002877
2017-10-09;0.00000000;0.00008630
2017-10-10;0.00001742;0.00004647
2017-10-11;0.00000000;0.00002959
2017-10-12;0.00000000;0.00002932
2017-10-13;0.00000000;0.00002932
2017-10-16;0.00000000;0.00008959
2017-10-17;0.00000000;0.00002932
2017-10-18;0.00000000;0.00002932
2017-10-19;0.00000000;0.00002959
2017-10-20;0.00000000;0.00002986
2017-10-23;0.00000000;0.00008877
2017-10-24;0.00000000;0.00003014
2017-10-25;0.00000000;0.00003014
2017-10-26;0.00000000;0.00002986
2017-10-27;0.00000000;0.00002959
2017-10-30;-0.00013000;-0.00003959
2017-10-31;-0.00065000;-0.00061904
2017-11-01;0.00742887;0.00746065
2017-11-02;0.00212736;0.00215887
2017-11-03;0.00401329;0.00404507
2017-11-06;0.00072343;0.00081959
2017-11-07;0.00097863;0.00101150
2017-11-08;0.00133009;0.00136324
2017-11-09;-0.00638864;-0.00635522
2017-11-10;-0.00408162;-0.00404847
2017-11-13;-0.00361626;-0.00351598
2017-11-14;-0.00183679;-0.00180282
2017-11-15;-0.00736319;-0.00732949
2017-11-16;0.00866016;0.00869440
2017-11-17;-0.00191059;-0.00187607
2017-11-20;-0.00000293;0.00010228
2017-11-21;0.00714031;0.00717538
2017-11-22;-0.00109090;-0.00105610
2017-11-23;-0.00040773;-0.00037294
2017-11-24;0.00193760;0.00197212
2017-11-27;-0.00235903;-0.00225629
2017-11-28;0.00536388;0.00539895
2017-11-29;-0.00432173;-0.00428693
2017-11-30;0.00213402;0.00216826
2017-12-01;-0.00368632;-0.00365208
2017-12-04;0.00048073;0.00058594
2017-12-05;-0.00194434;-0.00190927
2017-12-06;-0.00330296;-0.00326789
2017-12-07;0.00419146;0.00422625
2017-12-08;0.00842812;0.00846264
2017-12-11;0.00435453;0.00446220
2017-12-12;0.00149617;0.00153234
2017-12-13;-0.00170746;-0.00167239
2017-12-14;-0.00369355;-0.00365794
2017-12-15;0.00460003;0.00463538
2017-12-18;0.00993115;0.01004293
2017-12-19;-0.00323934;-0.00320236
2017-12-20;-0.00294358;-0.00290632
2017-12-21;0.00285573;0.00289217
2017-12-22;-0.00089992;-0.00086403
2017-12-25;0.00147590;0.00158357
2017-12-26;-0.00270809;-0.00266837
2017-12-27;0.00104658;0.00108548
2017-12-28;-0.00187129;-0.00183375
2017-12-29;-0.00188563;-0.00184809
2018-01-02;0.00423034;0.00438595
2018-01-03;0.00686109;0.00689917
2018-01-04;0.01115588;0.01119396
2018-01-05;0.00826507;0.00830260
2018-01-08;0.00118199;0.00129952
2018-01-09;0.00262308;0.00266198
2018-01-10;-0.00234278;-0.00230442
2018-01-11;0.00129456;0.00133319
2018-01-12;0.00336690;0.00340553
2018-01-15;-0.00078763;-0.00067174
2018-01-16;0.00097407;0.00101325
2018-01-17;0.00158869;0.00162760
2018-01-18;-0.00034734;-0.00030816
2018-01-19;0.00497043;0.00500933
2018-01-22;0.00370390;0.00382144
2018-01-23;0.00649323;0.00653213
2018-01-24;-0.00736371;-0.00732508
2018-01-25;-0.00472996;-0.00469161
2018-01-26;0.00703240;0.00707048
2018-01-29;-0.00254551;-0.00242798
2018-01-30;-0.01079013;-0.01075122
2018-01-31;-0.00260344;-0.00256399
2018-02-01;-0.00213180;-0.00209180
2018-02-02;-0.01478384;-0.01474384
2018-02-05;-0.02567616;-0.02555370
2018-02-06;-0.01067434;-0.01063325
2018-02-07;0.00382320;0.00386512
2018-02-08;-0.02186815;-0.02182623
2018-02-09;-0.00293130;-0.00288938
2018-02-12;0.01428856;0.01442089
2018-02-13;-0.00154082;-0.00149781
2018-02-14;0.00916221;0.00920495
2018-02-15;0.00963823;0.00968097
2018-02-16;0.00508059;0.00512415
2018-02-19;0.00252212;0.00265281
2018-02-20;-0.00133338;-0.00128845
2018-02-21;-0.00064565;-0.00060127
2018-02-22;-0.00283175;-0.00278764
2018-02-23;0.00872788;0.00877199
2018-02-26;0.00923981;0.00937542
2018-02-27;-0.00374037;-0.00369544
2018-02-28;-0.00871870;-0.00867404
2018-03-01;-0.01432139;-0.01427756
2018-03-02;-0.00971246;-0.00966808
2018-03-05;0.00708887;0.00722613
2018-03-06;0.00623080;0.00627601
2018-03-07;0.00128048;0.00132568
2018-03-08;0.00612348;0.00616841
2018-03-09;0.00869618;0.00874111
2018-03-12;0.00464339;0.00478148
2018-03-13;-0.00764806;-0.00760149
2018-03-14;-0.00293021;-0.00288282
2018-03-15;0.00172870;0.00177637
2018-03-16;0.00020919;0.00025713
2018-03-19;-0.01538330;-0.01523782
2018-03-20;0.00193300;0.00198177
2018-03-21;-0.00241274;-0.00236589
2018-03-22;-0.01394805;-0.01390175
2018-03-23;-0.02289225;-0.02284540
2018-03-26;0.01164536;0.01179002
2018-03-27;0.00151910;0.00156677
2018-03-28;-0.00462424;-0.00457767
2018-03-29;0.01060545;0.01065203
2018-03-30;0.01390295;0.01394953
2018-04-02;-0.01825120;-0.01810819
2018-04-03;0.00140916;0.00145628
2018-04-04;0.00502724;0.00507327
2018-04-05;0.01598448;0.01603078
2018-04-06;-0.01153043;-0.01148385
2018-04-09;0.00346975;0.00361195
2018-04-10;0.01301966;0.01306651
2018-04-11;-0.00504213;-0.00499555
2018-04-12;0.00559193;0.00563905
2018-04-13;0.00024635;0.00029375
2018-04-16;0.00076395;0.00090861
2018-04-17;0.01033218;0.01038067
2018-04-18;0.00606018;0.00610894
2018-04-19;-0.00263516;-0.00258612
2018-04-20;-0.00452807;-0.00447931
2018-04-23;-0.00004186;0.00010937
2018-04-24;-0.00483357;-0.00478316
2018-04-25;-0.00338728;-0.00333741
2018-04-26;0.00954234;0.00959138
2018-04-27;0.00504759;0.00509636
2018-04-30;-0.00389600;-0.00374477
2018-05-01;0.00003740;0.00008726
2018-05-02;0.00000992;0.00005951
2018-05-03;0.00000000;0.00004932
2018-05-04;0.00000000;0.00004932
2018-05-07;0.00002507;0.00017548
2018-05-08;0.00003025;0.00008066
2018-05-09;0.00000000;0.00005068
2018-05-10;0.00000000;0.00005096
2018-05-11;-0.00000000;0.00005151
2018-05-14;0.00000000;0.00015616
2018-05-15;0.00000000;0.00005178
2018-05-16;-0.00000000;0.00005151
2018-05-17;-0.00000000;0.00005151
2018-05-18;-0.00000000;0.00005123
2018-05-21;0.00000000;0.00015616
2018-05-22;0.00003123;0.00008329
2018-05-23;-0.00000000;0.00005151
2018-05-24;-0.00000000;0.00005123
2018-05-25;0.00000000;0.00005096
2018-05-28;0.00000000;0.00015288
2018-05-29;0.00009370;0.00014575
2018-05-30;0.00000000;0.00005205
2018-05-31;0.00000000;0.00005178
2018-06-01;-0.00000000;0.00005151
2018-06-04;0.00000000;0.00015699
2018-06-05;0.00000000;0.00005233
2018-06-06;0.00000000;0.00005233
2018-06-07;0.00000000;0.00005205
2018-06-08;0.00000000;0.00005178
2018-06-11;0.00000000;0.00015699
2018-06-12;0.00000000;0.00005178
2018-06-13;0.00000000;0.00005205
2018-06-14;0.00000000;0.00005205
2018-06-15;0.00000000;0.00005205
2018-06-18;0.00000000;0.00015699
2018-06-19;0.00000000;0.00005233
2018-06-20;0.00000000;0.00005205
2018-06-21;0.00000000;0.00005205
2018-06-22;0.00000000;0.00005178
2018-06-25;0.00000000;0.00015616
2018-06-26;0.00000000;0.00005205
2018-06-27;0.00000000;0.00005178
2018-06-28;0.00000000;0.00005178
2018-06-29;0.00000000;0.00005178
2018-07-02;0.00000000;0.00016027
2018-07-03;0.00000000;0.00005315
2018-07-04;0.00000000;0.00005315
2018-07-05;0.00002104;0.00007364
2018-07-06;0.00000000;0.00005288
2018-07-09;0.00000000;0.00016027
2018-07-10;0.00000000;0.00005342
2018-07-11;0.00000000;0.00005288
2018-07-12;0.00000000;0.00005315
2018-07-13;0.00000000;0.00005315
2018-07-16;0.00000000;0.00016274
2018-07-17;0.00000000;0.00005425
2018-07-18;0.00000000;0.00005370
2018-07-19;0.00000000;0.00005370
2018-07-20;0.00000000;0.00005342
2018-07-23;0.00000000;0.00016110
2018-07-24;0.00000000;0.00005425
2018-07-25;0.00000000;0.00005397
2018-07-26;0.00000000;0.00005342
2018-07-27;0.00000000;0.00005370
2018-07-30;0.00000000;0.00016521
2018-07-31;0.00000000;0.00005452
2018-08-01;0.00000000;0.00005452
2018-08-02;0.00000000;0.00005425
2018-08-03;0.00000000;0.00005397
2018-08-06;0.00000000;0.00016603
2018-08-07;0.00000000;0.00005534
2018-08-08;0.00000000;0.00005534
2018-08-09;0.00000000;0.00005534
2018-08-10;0.00000000;0.00005507
2018-08-13;0.00000000;0.00016685
2018-08-14;-0.00000000;0.00005589
2018-08-15;-0.00000000;0.00005562
2018-08-16;-0.00000000;0.00005562
2018-08-17;0.00000000;0.00005507
2018-08-20;0.00000000;0.00016685
2018-08-21;-0.00000000;0.00005589
2018-08-22;0.00000000;0.00005616
2018-08-23;-0.00000000;0.00005589
2018-08-24;0.00000000;0.00005616
2018-08-27;0.00000000;0.00017096
2018-08-28;0.00003436;0.00009162
2018-08-29;0.00000000;0.00005726
2018-08-30;0.00000000;0.00005671
2018-08-31;0.00000000;0.00005671
2018-09-03;0.00000000;0.00017014
2018-09-04;0.00006871;0.00012597
2018-09-05;0.00000000;0.00005753
2018-09-06;0.00000000;0.00005726
2018-09-07;0.00000000;0.00005753
2018-09-10;0.00000000;0.00017342
2018-09-11;0.00000000;0.00005781
2018-09-12;0.00000000;0.00005808
2018-09-13;0.00000000;0.00005781
2018-09-14;0.00000000;0.00005808
2018-09-17;0.00000000;0.00017507
2018-09-18;0.00003501;0.00009337
2018-09-19;0.00000000;0.00005808
2018-09-20;0.00000000;0.00005836
2018-09-21;0.00000000;0.00005863
2018-09-24;0.00000000;0.00017918
2018-09-25;0.00003567;0.00009512
2018-09-26;0.00000000;0.00005918
2018-09-27;0.00000000;0.00005863
2018-09-28;0.00000000;0.00005890
2018-10-01;0.00000000;0.00018000
2018-10-02;0.00000000;0.00006000
2018-10-03;0.00000000;0.00006000
2018-10-04;0.00001195;0.00007167
2018-10-05;0.00000000;0.00005973
2018-10-08;0.00000000;0.00017918
2018-10-09;0.00003633;0.00009688
2018-10-10;0.00000000;0.00006110
2018-10-11;0.00000000;0.00006082
2018-10-12;0.00000000;0.00006110
2018-10-15;0.00000000;0.00018658
2018-10-16;0.00000000;0.00006192
2018-10-17;0.00000000;0.00006219
2018-10-18;0.00000000;0.00006219
2018-10-19;0.00000000;0.00006192
2018-10-22;0.00000000;0.00018904
2018-10-23;0.00000000;0.00006274
2018-10-24;0.00000000;0.00006274
2018-10-25;0.00000000;0.00006274
2018-10-26;0.00000000;0.00006247
2018-10-29;0.00000000;0.00018904
2018-10-30;0.00000000;0.00006274
2018-10-31;-0.00065000;-0.00058726
2018-11-01;0.00284997;0.00291216
2018-11-02;0.00117980;0.00124227
2018-11-05;-0.00312308;-0.00293239
2018-11-06;0.00300422;0.00306751
2018-11-07;0.01357783;0.01364139
2018-11-08;0.00169651;0.00175952
2018-11-09;-0.00827140;-0.00820811
2018-11-12;-0.01493193;-0.01474207
2018-11-13;-0.00181597;-0.00175186
2018-11-14;-0.00459228;-0.00452844
2018-11-15;0.00437713;0.00444069
2018-11-16;-0.00232571;-0.00226242
2018-11-19;-0.01082035;-0.01062802
2018-11-20;-0.01403675;-0.01397264
2018-11-21;0.00750842;0.00757307
2018-11-22;-0.00529468;-0.00523002
2018-11-23;-0.00257910;-0.00251444
2018-11-26;0.01436909;0.01456388
2018-11-27;0.00120869;0.00127335
2018-11-28;0.01238986;0.01245425
2018-11-29;0.00068317;0.00074673
2018-11-30;0.00164764;0.00171120
2018-12-03;0.01330369;0.01349602
2018-12-04;-0.02225311;-0.02218790
2018-12-05;-0.01060067;-0.01053546
2018-12-06;-0.01607610;-0.01601145
2018-12-07;-0.00786391;-0.00779953
2018-12-10;-0.00672974;-0.00653495
2018-12-11;0.00536517;0.00543010
2018-12-12;0.01201709;0.01208256
2018-12-13;0.00185996;0.00192517
2018-12-14;-0.01503660;-0.01497167
2018-12-17;-0.01137867;-0.01118469
2018-12-18;-0.00503431;-0.00497020
2018-12-19;-0.00652113;-0.00645674
2018-12-20;-0.01651225;-0.01644814
2018-12-21;-0.01199799;-0.01193388
2018-12-24;-0.01907756;-0.01887948
2018-12-25;-0.05018230;-0.05011627
2018-12-26;0.03998641;0.04005189
2018-12-27;0.00246794;0.00253260
2018-12-28;0.00695057;0.00701495
2018-12-31;0.00474979;0.00494705
2019-01-02;0.00213185;0.00226172
2019-01-03;-0.01999571;-0.01993105
2019-01-04;0.02230120;0.02236613
2019-01-07;0.00697279;0.00717087
2019-01-08;0.00801759;0.00808362
2019-01-09;0.00748000;0.00754576
2019-01-10;0.00044268;0.00050788
2019-01-11;-0.00007890;-0.00001370
2019-01-14;-0.00678435;-0.00658709
2019-01-15;0.00976159;0.00982735
2019-01-16;-0.00095816;-0.00089296
2019-01-17;0.00153049;0.00159542
2019-01-18;0.01628993;0.01635459
2019-01-21;-0.00129310;-0.00109913
2019-01-22;-0.01069895;-0.01063375
2019-01-23;-0.00158045;-0.00151579
2019-01-24;0.00170797;0.00177153
2019-01-25;0.00854067;0.00860478
2019-01-28;-0.00872182;-0.00852702
2019-01-29;0.00060088;0.00066582
2019-01-30;0.00979018;0.00985511
2019-01-31;0.00734629;0.00741095
2019-02-01;0.00098507;0.00104946
2019-02-04;0.00485483;0.00504962
2019-02-05;0.00982536;0.00989029
2019-02-06;-0.00182659;-0.00176166
2019-02-07;-0.01329598;-0.01323105
2019-02-08;-0.00638111;-0.00631591
2019-02-11;0.00435191;0.00454917
2019-02-12;0.01293746;0.01300267
2019-02-13;0.00563194;0.00569742
2019-02-14;-0.00160066;-0.00153546
2019-02-15;0.00568455;0.00574976
2019-02-18;0.00506824;0.00526386
2019-02-19;-0.00017441;-0.00010838
2019-02-20;0.00443214;0.00449789
2019-02-21;-0.00253981;-0.00247406
2019-02-22;0.00335164;0.00341767
2019-02-25;0.00270260;0.00290150
2019-02-26;-0.00102902;-0.00096326
2019-02-27;-0.00147649;-0.00141074
2019-02-28;-0.00313148;-0.00306573
2019-03-01;0.00727958;0.00734506
2019-03-04;0.00165878;0.00185686
2019-03-05;0.00085837;0.00092440
2019-03-06;-0.00401286;-0.00394683
2019-03-07;-0.00763330;-0.00756755
2019-03-08;-0.00733666;-0.00727063
2019-03-11;0.01014298;0.01034107
2019-03-12;0.00480002;0.00486605
2019-03-13;0.00256181;0.00262756
2019-03-14;0.00040432;0.00047007
2019-03-15;0.00713169;0.00719744
2019-03-18;0.00378817;0.00398461
2019-03-19;0.00330766;0.00337368
2019-03-20;-0.00343278;-0.00336648
2019-03-21;0.00751329;0.00757987
2019-03-22;-0.01537401;-0.01530799
2019-03-25;-0.00775810;-0.00756001
2019-03-26;0.00841018;0.00847620
2019-03-27;-0.00269307;-0.00262759
2019-03-28;-0.00093243;-0.00086722
2019-03-29;0.00747059;0.00753497
2019-04-01;0.01143120;0.01162681
2019-04-02;0.00373780;0.00380274
2019-04-03;0.00763701;0.00770249
2019-04-04;0.00050657;0.00057205
2019-04-05;0.00421679;0.00428227
2019-04-08;-0.00049524;-0.00029963
2019-04-09;-0.00425787;-0.00419294
2019-04-10;0.00156024;0.00162545
2019-04-11;0.00011331;0.00017852
2019-04-12;0.00521616;0.00528164
2019-04-15;0.00276697;0.00296259
2019-04-16;0.00341550;0.00348070
2019-04-17;0.00157753;0.00164301
2019-04-18;-0.00036349;-0.00029856
2019-04-19;0.00493539;0.00500032
2019-04-22;0.00143255;0.00162899
2019-04-23;0.00651325;0.00657901
2019-04-24;-0.00180885;-0.00174338
2019-04-25;0.00015758;0.00022279
2019-04-26;0.00092986;0.00099479
2019-04-29;0.00115241;0.00134885
2019-04-30;-0.00273837;-0.00267316
2019-05-01;0.00000000;0.00006521
2019-05-02;0.00001651;0.00008253
2019-05-03;0.00000000;0.00006521
2019-05-06;0.00000000;0.00019644
2019-05-07;0.00016953;0.00023474
2019-05-08;0.00000000;0.00006521
2019-05-09;0.00000000;0.00006521
2019-05-10;0.00000000;0.00006521
2019-05-13;0.00000000;0.00019397
2019-05-14;0.00000000;0.00006466
2019-05-15;0.00000000;0.00006493
2019-05-16;0.00000000;0.00006438
2019-05-17;0.00000000;0.00006411
2019-05-20;0.00000000;0.00019233
2019-05-21;0.00000000;0.00006411
2019-05-22;0.00000000;0.00006384
2019-05-23;0.00000000;0.00006356
2019-05-24;0.00000000;0.00006301
2019-05-27;0.00000000;0.00018904
2019-05-28;0.00011441;0.00017797
2019-05-29;0.00000000;0.00006356
2019-05-30;0.00000000;0.00006384
2019-05-31;0.00000000;0.00006301
2019-06-03;0.00000000;0.00018904
2019-06-04;0.00000000;0.00006301
2019-06-05;0.00000000;0.00006301
2019-06-06;0.00000000;0.00006247
2019-06-07;0.00000000;0.00006110
2019-06-10;0.00000000;0.00018411
2019-06-11;0.00003649;0.00009732
2019-06-12;0.00000000;0.00006000
2019-06-13;0.00000000;0.00005863
2019-06-14;0.00000000;0.00005890
2019-06-17;0.00000000;0.00017918
2019-06-18;0.00000000;0.00005945
2019-06-19;0.00000000;0.00005836
2019-06-20;0.00000000;0.00005726
2019-06-21;0.00000000;0.00005671
2019-06-24;0.00000000;0.00017096
2019-06-25;0.00000000;0.00005671
2019-06-26;0.00000000;0.00005753
2019-06-27;0.00000000;0.00005726
2019-06-28;0.00000000;0.00005699
2019-07-01;0.00000000;0.00017753
2019-07-02;0.00000000;0.00005890
2019-07-03;0.00000000;0.00005918
2019-07-04;-0.00000000;0.00005918
2019-07-05;0.00002389;0.00008362
2019-07-08;0.00000000;0.00018164
2019-07-09;0.00000000;0.00006055
2019-07-10;0.00000000;0.00005890
2019-07-11;0.00000000;0.00005808
2019-07-12;0.00000000;0.00005753
2019-07-15;0.00000000;0.00017342
2019-07-16;0.00003452;0.00009205
2019-07-17;0.00000000;0.00005726
2019-07-18;0.00000000;0.00005507
2019-07-19;0.00000000;0.00005534
2019-07-22;0.00000000;0.00016767
2019-07-23;0.00000000;0.00005534
2019-07-24;0.00000000;0.00005616
2019-07-25;0.00000000;0.00005644
2019-07-26;0.00000000;0.00005699
2019-07-29;0.00000000;0.00017014
2019-07-30;-0.00000000;0.00005589
2019-07-31;-0.00000000;0.00005589
2019-08-01;-0.00000000;0.00005562
2019-08-02;0.00000000;0.00005534
2019-08-05;0.00000000;0.00016438
2019-08-06;0.00000000;0.00005507
2019-08-07;0.00000000;0.00005425
2019-08-08;0.00000000;0.00005425
2019-08-09;0.00000000;0.00005370
2019-08-12;0.00000000;0.00016110
2019-08-13;0.00003222;0.00008592
2019-08-14;0.00000000;0.00005260
2019-08-15;-0.00000000;0.00005123
2019-08-16;0.00000000;0.00005014
2019-08-19;0.00000000;0.00015616
2019-08-20;0.00000000;0.00005205
2019-08-21;0.00000000;0.00005288
2019-08-22;0.00000000;0.00005370
2019-08-23;0.00000000;0.00005288
2019-08-26;0.00000000;0.00016110
2019-08-27;0.00003189;0.00008504
2019-08-28;0.00000000;0.00005342
2019-08-29;0.00000000;0.00005342
2019-08-30;0.00000000;0.00005342
2019-09-02;0.00000000;0.00016027
2019-09-03;0.00006378;0.00011693
2019-09-04;0.00000000;0.00005288
2019-09-05;0.00000000;0.00005288
2019-09-06;0.00000000;0.00005260
2019-09-09;0.00000000;0.00015781
2019-09-10;0.00000000;0.00005233
2019-09-11;0.00000000;0.00005260
2019-09-12;0.00000000;0.00005233
2019-09-13;0.00000000;0.00005260
2019-09-16;0.00000000;0.00016027
2019-09-17;0.00003205;0.00008548
2019-09-18;0.00000000;0.00005233
2019-09-19;0.00000000;0.00005178
2019-09-20;-0.00000000;0.00005123
2019-09-23;0.00000000;0.00015616
2019-09-24;0.00003090;0.00008241
2019-09-25;0.00000000;0.00005068
2019-09-26;0.00000000;0.00004904
2019-09-27;0.00000000;0.00004822
2019-09-30;0.00000000;0.00015123
2019-10-01;0.00000000;0.00004877
2019-10-02;0.00000000;0.00004795
2019-10-03;0.00000000;0.00004575
2019-10-04;0.00000921;0.00005523
2019-10-07;0.00000000;0.00014055
2019-10-08;0.00000000;0.00004603
2019-10-09;0.00000000;0.00004548
2019-10-10;0.00000000;0.00004521
2019-10-11;0.00000000;0.00004521
2019-10-14;0.00000000;0.00013562
2019-10-15;0.00002696;0.00007189
2019-10-16;0.00000000;0.00004466
2019-10-17;0.00000000;0.00004466
2019-10-18;0.00000000;0.00004466
2019-10-21;0.00000000;0.00013479
2019-10-22;0.00000000;0.00004438
2019-10-23;0.00000888;0.00005326
2019-10-24;0.00000000;0.00004493
2019-10-25;0.00000000;0.00004466
2019-10-28;0.00000000;0.00013315
2019-10-29;0.00000000;0.00004384
2019-10-30;0.00000000;0.00004356
2019-10-31;-0.00065000;-0.00060863
2019-11-01;0.00611045;0.00615127
2019-11-04;0.00800156;0.00812485
2019-11-05;0.00390361;0.00394553
2019-11-06;0.00092258;0.00096450
2019-11-07;0.00332503;0.00336695
2019-11-08;-0.00027058;-0.00022894
2019-11-11;-0.00267275;-0.00254782
2019-11-12;0.00471963;0.00476237
2019-11-13;-0.00288221;-0.00284002
2019-11-14;-0.00374584;-0.00370364
2019-11-15;0.00553667;0.00557886
2019-11-18;0.00086322;0.00098979
2019-11-19;-0.00030986;-0.00026767
2019-11-20;-0.00593964;-0.00589745
2019-11-21;-0.00270525;-0.00266278
2019-11-22;0.00402971;0.00407218
2019-11-25;0.00851339;0.00864325
2019-11-26;0.00145229;0.00149531
2019-11-27;0.00425871;0.00430228
2019-11-28;-0.00209594;-0.00205238
2019-11-29;-0.00478325;-0.00474051
2019-12-02;-0.00783324;-0.00770420
2019-12-03;-0.00705936;-0.00701717
2019-12-04;0.00332141;0.00336305
2019-12-05;-0.00069005;-0.00064868
2019-12-06;0.00896665;0.00900774
2019-12-09;-0.00200392;-0.00187981
2019-12-10;-0.00172196;-0.00168005
2019-12-11;0.00277231;0.00281451
2019-12-12;0.00623593;0.00627785
2019-12-13;0.00872641;0.00876861
2019-12-16;0.00904922;0.00917579
2019-12-17;-0.00052359;-0.00048168
2019-12-18;-0.00166823;-0.00162631
2019-12-19;0.00241385;0.00245604
2019-12-20;0.00326043;0.00330289
2019-12-23;0.00129586;0.00142408
2019-12-24;0.00040660;0.00044907
2019-12-25;-0.00204601;-0.00200355
2019-12-26;0.00670435;0.00674682
2019-12-27;-0.00005662;-0.00001443
2019-12-30;-0.00701148;-0.00688490
2019-12-31;-0.00011119;-0.00006955
2020-01-02;0.01065687;0.01073961
2020-01-03;-0.00650863;-0.00646781
2020-01-06;-0.00463132;-0.00450557
2020-01-07;0.00404887;0.00409024
2020-01-08;0.00072605;0.00076742
2020-01-09;0.01092540;0.01096677
2020-01-10;-0.00063632;-0.00059495
2020-01-13;0.00490140;0.00502798
2020-01-14;0.00051455;0.00055674
2020-01-15;-0.00034494;-0.00030275
2020-01-16;0.00284529;0.00288693
2020-01-17;0.00584863;0.00589054
2020-01-20;0.00000782;0.00013357
2020-01-21;-0.00350596;-0.00346404
2020-01-22;0.00028612;0.00032777
2020-01-23;-0.00472673;-0.00468509
2020-01-24;0.00168124;0.00172261
2020-01-27;-0.02154187;-0.02141694
2020-01-28;0.00762753;0.00766972
2020-01-29;0.00182998;0.00187189
2020-01-30;-0.00759638;-0.00755419
2020-01-31;-0.01001651;-0.00997487
2020-02-03;0.00438754;0.00451411
2020-02-04;0.01521231;0.01525451
2020-02-05;0.00907059;0.00911278
2020-02-06;0.00910864;0.00915083
2020-02-07;-0.00433001;-0.00428809
2020-02-10;0.00180973;0.00193712
2020-02-11;0.00465564;0.00469784
2020-02-12;0.00746116;0.00750363
2020-02-13;-0.00320292;-0.00316018
2020-02-14;-0.00140683;-0.00136437
2020-02-17;-0.00039502;-0.00026762
2020-02-18;-0.00616002;-0.00611755
2020-02-19;0.00817017;0.00821263
2020-02-20;-0.00435791;-0.00431544
2020-02-21;-0.00881043;-0.00876851
2020-02-24;-0.03655077;-0.03642748
2020-02-25;-0.02580540;-0.02576430
2020-02-26;-0.00104497;-0.00100387
2020-02-27;-0.03631509;-0.03627618
2020-02-28;-0.02245942;-0.02242517
2020-03-02;0.02256755;0.02265796
2020-03-03;-0.01042585;-0.01040037
2020-03-04;0.02212553;0.02214498
2020-03-05;-0.01704677;-0.01703005
2020-03-06;-0.02609634;-0.02608402
2020-03-09;-0.07025130;-0.07022500
2020-03-10;0.01925347;0.01926525
2020-03-11;-0.02657080;-0.02655957
2020-03-12;-0.09258920;-0.09258016
2020-03-13;0.03307540;0.03308279
2020-03-16;-0.07191979;-0.07190006
2020-03-17;0.03511024;0.03511545
2020-03-18;-0.04093511;-0.04093456
2020-03-19;0.00882616;0.00882725
2020-03-20;-0.00974337;-0.00974200
2020-03-23;-0.01325054;-0.01324889
2020-03-24;0.08871815;0.08871843
2020-03-25;0.02862929;0.02862820
2020-03-26;0.02196384;0.02196247
2020-03-27;-0.02466425;-0.02466343
2020-03-30;0.01725179;0.01726165
2020-03-31;-0.00052641;-0.00052339
2020-04-01;-0.04174861;-0.04174615
2020-04-02;0.00733934;0.00734181
2020-04-03;-0.00910839;-0.00910565
2020-04-06;0.05494237;0.05495470
2020-04-07;0.01286320;0.01286703
2020-04-08;0.01418436;0.01419039
2020-04-09;0.01335532;0.01336217
2020-04-10;0.00788442;0.00789127
2020-04-13;-0.00735785;-0.00733648
2020-04-14;0.02174619;0.02175167
2020-04-15;-0.02208720;-0.02208337
2020-04-16;0.00388009;0.00388392
2020-04-17;0.02529130;0.02529459
2020-04-20;-0.00644934;-0.00643948
2020-04-21;-0.03139072;-0.03138771
2020-04-22;0.01714989;0.01715317
2020-04-23;0.00625401;0.00625703
2020-04-24;-0.00151586;-0.00151257
2020-04-27;0.01906112;0.01907098
2020-04-28;0.00156935;0.00157237
2020-04-29;0.02924775;0.02925049
2020-04-30;-0.00925436;-0.00925189
2020-05-01;0.00000000;0.00000329
2020-05-04;0.00000089;0.00001158
2020-05-05;0.00000000;0.00000356
2020-05-06;0.00000000;0.00000329
2020-05-07;0.00000301;0.00000603
2020-05-08;0.00000000;0.00000329
2020-05-11;0.00000066;0.00001052
2020-05-12;0.00000000;0.00000356
2020-05-13;0.00000000;0.00000356
2020-05-14;0.00000000;0.00000329
2020-05-15;0.00000000;0.00000329
2020-05-18;0.00000000;0.00001068
2020-05-19;0.00000000;0.00000356
2020-05-20;0.00000000;0.00000329
2020-05-21;0.00000000;0.00000329
2020-05-22;0.00000000;0.00000329
2020-05-25;0.00000000;0.00000986
2020-05-26;0.00000690;0.00001074
2020-05-27;0.00000000;0.00000411
2020-05-28;0.00000000;0.00000411
2020-05-29;0.00000000;0.00000384
2020-06-01;0.00000000;0.00001151
2020-06-02;0.00000247;0.00000658
2020-06-03;0.00000000;0.00000438
2020-06-04;0.00000000;0.00000411
2020-06-05;0.00000000;0.00000411
2020-06-08;0.00000000;0.00001397
2020-06-09;0.00000000;0.00000521
2020-06-10;0.00000000;0.00000466
2020-06-11;0.00000000;0.00000466
2020-06-12;0.00000000;0.00000438
2020-06-15;0.00000000;0.00001479
2020-06-16;0.00000000;0.00000466
2020-06-17;0.00000000;0.00000466
2020-06-18;0.00000000;0.00000438
2020-06-19;0.00000000;0.00000411
2020-06-22;-0.00000000;0.00001315
2020-06-23;0.00000000;0.00000438
2020-06-24;0.00000000;0.00000411
2020-06-25;0.00000000;0.00000438
2020-06-26;0.00000000;0.00000384
2020-06-29;0.00000000;0.00001151
2020-06-30;0.00000000;0.00000438
2020-07-01;0.00000000;0.00000384
2020-07-02;0.00000000;0.00000384
2020-07-03;0.00000000;0.00000384
2020-07-06;0.00000164;0.00001397
2020-07-07;0.00000000;0.00000411
2020-07-08;0.00000000;0.00000411
2020-07-09;0.00000000;0.00000356
2020-07-10;0.00000000;0.00000356
2020-07-13;0.00000000;0.00001151
2020-07-14;0.00000000;0.00000411
2020-07-15;0.00000000;0.00000438
2020-07-16;0.00000000;0.00000301
2020-07-17;0.00000000;0.00000301
2020-07-20;0.00000000;0.00001068
2020-07-21;0.00000000;0.00000356
2020-07-22;0.00000000;0.00000356
2020-07-23;0.00000000;0.00000329
2020-07-24;0.00000000;0.00000301
2020-07-27;0.00000121;0.00001025
2020-07-28;0.00000000;0.00000301
2020-07-29;0.00000000;0.00000301
2020-07-30;0.00000000;0.00000247
2020-07-31;0.00000000;0.00000247
2020-08-03;0.00000000;0.00000822
2020-08-04;0.00000000;0.00000247
2020-08-05;0.00000000;0.00000274
2020-08-06;0.00000000;0.00000274
2020-08-07;0.00000000;0.00000274
2020-08-10;0.00000000;0.00000904
2020-08-11;0.00000181;0.00000482
2020-08-12;0.00000000;0.00000301
2020-08-13;0.00000000;0.00000274
2020-08-14;0.00000000;0.00000274
2020-08-17;0.00000000;0.00000822
2020-08-18;0.00000000;0.00000247
2020-08-19;0.00000000;0.00000301
2020-08-20;0.00000000;0.00000301
2020-08-21;0.00000000;0.00000274
2020-08-24;0.00000000;0.00000986
2020-08-25;0.00000000;0.00000301
2020-08-26;0.00000000;0.00000301
2020-08-27;0.00000000;0.00000301
2020-08-28;0.00000000;0.00000274
2020-08-31;0.00000000;0.00000904
2020-09-01;0.00000197;0.00000526
2020-09-02;0.00000000;0.00000329
2020-09-03;0.00000000;0.00000301
2020-09-04;0.00000000;0.00000301
2020-09-07;0.00000000;0.00000904
2020-09-08;0.00000427;0.00000784
2020-09-09;0.00000000;0.00000329
2020-09-10;0.00000000;0.00000329
2020-09-11;0.00000000;0.00000301
2020-09-14;0.00000000;0.00000904
2020-09-15;0.00000000;0.00000301
2020-09-16;0.00000000;0.00000329
2020-09-17;0.00000000;0.00000247
2020-09-18;0.00000000;0.00000274
2020-09-21;0.00000000;0.00000822
2020-09-22;0.00000000;0.00000274
2020-09-23;0.00000241;0.00000542
2020-09-24;0.00000000;0.00000274
2020-09-25;0.00000000;0.00000274
2020-09-28;0.00000000;0.00000904
2020-09-29;0.00000000;0.00000247
2020-09-30;0.00000000;0.00000274
2020-10-01;0.00000000;0.00000247
2020-10-02;0.00000049;0.00000296
2020-10-05;0.00000000;0.00000822
2020-10-06;0.00000000;0.00000274
2020-10-07;0.00000000;0.00000274
2020-10-08;0.00000000;0.00000247
2020-10-09;0.00000000;0.00000274
2020-10-12;0.00000000;0.00000822
2020-10-13;0.00000000;0.00000301
2020-10-14;0.00000000;0.00000329
2020-10-15;0.00000000;0.00000301
2020-10-16;0.00000000;0.00000301
2020-10-19;0.00000000;0.00000904
2020-10-20;0.00000000;0.00000274
2020-10-21;0.00000000;0.00000274
2020-10-22;0.00000000;0.00000247
2020-10-23;0.00000000;0.00000274
2020-10-26;0.00000000;0.00000904
2020-10-27;0.00000000;0.00000274
2020-10-28;0.00000000;0.00000274
2020-10-29;0.00000000;0.00000247
2020-10-30;-0.00065000;-0.00064753
2020-11-02;0.01259788;0.01260528
2020-11-03;0.02105119;0.02105393
2020-11-04;0.02387641;0.02387915
2020-11-05;0.01723688;0.01723962
2020-11-06;0.00073305;0.00073579
2020-11-09;0.02148110;0.02149014
2020-11-10;0.00139469;0.00139743
2020-11-11;0.01322515;0.01322789
2020-11-12;-0.00553791;-0.00553517
2020-11-13;0.00320389;0.00320636
2020-11-16;0.01195844;0.01196584
2020-11-17;-0.00252198;-0.00251952
2020-11-18;-0.00419897;-0.00419650
2020-11-19;-0.00174944;-0.00174753
2020-11-20;-0.00219325;-0.00219133
2020-11-23;0.00052366;0.00053024
2020-11-24;0.01677784;0.01678031
2020-11-25;0.00057118;0.00057365
2020-11-26;0.00149181;0.00149428
2020-11-27;0.00393519;0.00393766
2020-11-30;-0.00617225;-0.00616567
2020-12-01;0.01313523;0.01313769
2020-12-02;0.00192379;0.00192626
2020-12-03;0.00006918;0.00007137
2020-12-04;0.00486743;0.00486989
2020-12-07;-0.00109970;-0.00109312
2020-12-08;0.00079228;0.00079475
2020-12-09;-0.00212582;-0.00212363
2020-12-10;0.00030636;0.00030855
2020-12-11;-0.00578676;-0.00578456
2020-12-14;0.00235630;0.00236370
2020-12-15;0.00594135;0.00594354
2020-12-16;0.00682864;0.00683110
2020-12-17;0.00373925;0.00374144
2020-12-18;-0.00243854;-0.00243634
2020-12-21;-0.01100202;-0.01099462
2020-12-22;0.00067491;0.00067738
2020-12-23;0.00480054;0.00480301
2020-12-24;0.00364526;0.00364773
2020-12-25;-0.00044311;-0.00044064
2020-12-28;0.01026765;0.01027669
2020-12-29;0.00761475;0.00761749
2020-12-30;-0.00262366;-0.00262146
2020-12-31;-0.00156397;-0.00156150
2021-01-04;-0.00375323;-0.00374337
2021-01-05;0.00253020;0.00253266
2021-01-06;0.00805908;0.00806154
2021-01-07;0.01276807;0.01277054
2021-01-08;0.01003996;0.01004215
2021-01-11;-0.01024607;-0.01023950
2021-01-12;-0.00137628;-0.00137382
2021-01-13;0.00374964;0.00375210
2021-01-14;0.00219027;0.00219273
2021-01-15;-0.00898099;-0.00897853
2021-01-18;-0.00252798;-0.00252058
2021-01-19;0.00669914;0.00670161
2021-01-20;0.00898532;0.00898751
2021-01-21;0.00239272;0.00239519
2021-01-22;-0.00312800;-0.00312581
2021-01-25;-0.00120166;-0.00119426
2021-01-26;0.00166842;0.00167034
2021-01-27;-0.01632727;-0.01632507
2021-01-28;-0.00032277;-0.00032085
2021-01-29;-0.01885778;-0.01885614
2021-02-01;0.01595077;0.01595653
2021-02-02;0.01252214;0.01252405
2021-02-03;0.00255463;0.00255572
2021-02-04;0.00411917;0.00412027
2021-02-05;0.00402526;0.00402608
2021-02-08;0.00814600;0.00815011
2021-02-09;0.00005627;0.00005737
2021-02-10;-0.00149084;-0.00148947
2021-02-11;0.00400991;0.00401128
2021-02-12;0.00372843;0.00372953
2021-02-15;0.01618663;0.01618992
2021-02-16;0.00111508;0.00111618
2021-02-17;-0.00559761;-0.00559651
2021-02-18;-0.00527164;-0.00527082
2021-02-19;-0.00090079;-0.00089970
2021-02-22;-0.00685070;-0.00684824
2021-02-23;-0.00124089;-0.00123979
2021-02-24;0.00329028;0.00329110
2021-02-25;-0.01024289;-0.01024179
2021-02-26;-0.01404543;-0.01404433
2021-03-01;0.02188522;0.02188933
2021-03-02;-0.00554333;-0.00554223
2021-03-03;-0.00491054;-0.00490917
2021-03-04;-0.01143905;-0.01143795
2021-03-05;0.00418851;0.00418960
2021-03-08;0.00153375;0.00153786
2021-03-09;0.01400920;0.01401057
2021-03-10;0.00188839;0.00188949
2021-03-11;0.00875350;0.00875459
2021-03-12;0.00175193;0.00175303
2021-03-15;0.00295953;0.00296282
2021-03-16;0.00471901;0.00471956
2021-03-17;0.00062500;0.00062555
2021-03-18;-0.00422893;-0.00422865
2021-03-19;-0.00588033;-0.00588005
2021-03-22;0.00167499;0.00167745
2021-03-23;-0.00453431;-0.00453404
2021-03-24;-0.00881402;-0.00881347
2021-03-25;0.00206397;0.00206452
2021-03-26;0.01325922;0.01325976
2021-03-29;0.00183883;0.00184129
2021-03-30;0.00229000;0.00229055
2021-03-31;0.00030306;0.00030389
2021-04-01;0.00946433;0.00946488
2021-04-02;0.01582324;0.01582379
2021-04-05;0.01419415;0.01419661
2021-04-06;0.00086782;0.00086836
2021-04-07;0.00242090;0.00242145
2021-04-08;0.00482360;0.00482387
2021-04-09;0.00285447;0.00285501
2021-04-12;-0.00298151;-0.00297986
2021-04-13;0.00481325;0.00481408
2021-04-14;-0.00319068;-0.00319013
2021-04-15;0.00745944;0.00745998
2021-04-16;0.00492962;0.00493017
2021-04-19;-0.00470194;-0.00470030
2021-04-20;-0.01382747;-0.01382665
2021-04-21;0.00152585;0.00152667
2021-04-22;0.00334167;0.00334249
2021-04-23;0.00312033;0.00312116
2021-04-26;0.00321728;0.00321975
2021-04-27;-0.00304012;-0.00303985
2021-04-28;0.00051883;0.00051911
2021-04-29;0.00060071;0.00060098
2021-04-30;-0.00530662;-0.00530634
2021-05-03;0.00000000;0.00000329
2021-05-04;0.00000041;0.00000096
2021-05-05;0.00000000;0.00000055
2021-05-06;0.00000055;0.00000110
2021-05-07;0.00000000;0.00000055
2021-05-10;-0.00000000;0.00000164
2021-05-11;0.00000000;0.00000027
2021-05-12;0.00000000;0.00000055
2021-05-13;0.00000000;0.00000055
2021-05-14;0.00000000;0.00000027
2021-05-17;-0.00000000;0.00000164
2021-05-18;0.00000000;0.00000055
2021-05-19;0.00000000;0.00000027
2021-05-20;0.00000000;0.00000027
2021-05-21;0.00000000;0.00000027
2021-05-24;0.00000000;0.00000164
2021-05-25;0.00000033;0.00000088
2021-05-26;0.00000000;0.00000055
2021-05-27;0.00000000;0.00000055
2021-05-28;0.00000000;0.00000027
2021-05-31;0.00000000;0.00000082
2021-06-01;0.00000099;0.00000153
2021-06-02;0.00000000;0.00000055
2021-06-03;0.00000000;0.00000055
2021-06-04;0.00000000;0.00000055
2021-06-07;-0.00000000;0.00000164
2021-06-08;0.00000000;0.00000055
2021-06-09;0.00000000;0.00000082
2021-06-10;0.00000000;0.00000082
2021-06-11;0.00000000;0.00000082
2021-06-14;0.00000000;0.00000247
2021-06-15;0.00000000;0.00000082
2021-06-16;0.00000000;0.00000110
2021-06-17;0.00000000;0.00000110
2021-06-18;0.00000000;0.00000137
2021-06-21;0.00000000;0.00000411
2021-06-22;0.00000000;0.00000110
2021-06-23;0.00000000;0.00000137
2021-06-24;0.00000000;0.00000137
2021-06-25;0.00000000;0.00000164
2021-06-28;0.00000000;0.00000411
2021-06-29;0.00000000;0.00000110
2021-06-30;0.00000000;0.00000137
2021-07-01;0.00000000;0.00000137
2021-07-02;0.00000000;0.00000137
2021-07-05;0.00000000;0.00000411
2021-07-06;0.00000164;0.00000301
2021-07-07;0.00000000;0.00000137
2021-07-08;0.00000000;0.00000164
2021-07-09;0.00000000;0.00000164
2021-07-12;0.00000000;0.00000411
2021-07-13;0.00000000;0.00000137
2021-07-14;0.00000000;0.00000164
2021-07-15;0.00000000;0.00000137
2021-07-16;0.00000000;0.00000137
2021-07-19;0.00000000;0.00000411
2021-07-20;0.00000000;0.00000137
2021-07-21;0.00000000;0.00000137
2021-07-22;0.00000000;0.00000137
2021-07-23;0.00000000;0.00000137
2021-07-26;0.00000055;0.00000466
2021-07-27;0.00000000;0.00000137
2021-07-28;0.00000000;0.00000137
2021-07-29;0.00000000;0.00000164
2021-07-30;0.00000000;0.00000164
2021-08-02;0.00000000;0.00000411
2021-08-03;0.00000000;0.00000137
2021-08-04;0.00000000;0.00000137
2021-08-05;0.00000000;0.00000137
2021-08-06;0.00000000;0.00000164
2021-08-09;0.00000000;0.00000493
2021-08-10;0.00000082;0.00000219
2021-08-11;0.00000000;0.00000137
2021-08-12;0.00000000;0.00000164
2021-08-13;0.00000000;0.00000164
2021-08-16;0.00000000;0.00000493
2021-08-17;0.00000000;0.00000192
2021-08-18;0.00000000;0.00000192
2021-08-19;0.00000000;0.00000164
2021-08-20;0.00000000;0.00000137
2021-08-23;0.00000000;0.00000411
2021-08-24;0.00000000;0.00000137
2021-08-25;0.00000000;0.00000164
2021-08-26;0.00000000;0.00000137
2021-08-27;0.00000000;0.00000137
2021-08-30;0.00000000;0.00000411
2021-08-31;0.00000066;0.00000175
2021-09-01;0.00000000;0.00000137
2021-09-02;0.00000000;0.00000137
2021-09-03;0.00000000;0.00000137
2021-09-06;0.00000000;0.00000411
2021-09-07;0.00000164;0.00000301
2021-09-08;0.00000000;0.00000137
2021-09-09;0.00000000;0.00000110
2021-09-10;0.00000000;0.00000137
2021-09-13;0.00000000;0.00000493
2021-09-14;0.00000000;0.00000110
2021-09-15;0.00000000;0.00000110
2021-09-16;0.00000000;0.00000110
2021-09-17;0.00000000;0.00000110
2021-09-20;0.00000000;0.00000329
2021-09-21;0.00000049;0.00000132
2021-09-22;0.00000000;0.00000082
2021-09-23;0.00000000;0.00000082
2021-09-24;0.00000016;0.00000099
2021-09-27;-0.00000000;0.00000329
2021-09-28;0.00000000;0.00000110
2021-09-29;0.00000000;0.00000110
2021-09-30;0.00000000;0.00000110
2021-10-01;0.00000000;0.00000110
2021-10-04;-0.00000000;0.00000329
2021-10-05;0.00000000;0.00000110
2021-10-06;0.00000000;0.00000110
2021-10-07;0.00000000;0.00000137
2021-10-08;0.00000000;0.00000137
2021-10-11;0.00000000;0.00000411
2021-10-12;0.00000000;0.00000164
2021-10-13;0.00000000;0.00000137
2021-10-14;0.00000000;0.00000137
2021-10-15;0.00000000;0.00000137
2021-10-18;0.00000000;0.00000493
2021-10-19;0.00000000;0.00000137
2021-10-20;0.00000000;0.00000137
2021-10-21;0.00000000;0.00000164
2021-10-22;0.00000000;0.00000164
2021-10-25;0.00000000;0.00000493
2021-10-26;0.00000000;0.00000164
2021-10-27;0.00000000;0.00000164
2021-10-28;0.00000000;0.00000164
2021-10-29;-0.00065000;-0.00064863
2021-11-01;0.00917284;0.00917695
2021-11-02;0.00222343;0.00222480
2021-11-03;0.00349997;0.00350134
2021-11-04;0.00693953;0.00694063
2021-11-05;0.00066809;0.00066946
2021-11-08;-0.00101972;-0.00101479
2021-11-09;-0.00440999;-0.00440890
2021-11-10;-0.00355296;-0.00355159
2021-11-11;0.00325881;0.00326018
2021-11-12;0.00497066;0.00497203
2021-11-15;0.00177592;0.00178003
2021-11-16;0.00303430;0.00303567
2021-11-17;-0.00224664;-0.00224527
2021-11-18;0.00090561;0.00090698
2021-11-19;0.00015792;0.00015929
2021-11-22;-0.00242674;-0.00242263
2021-11-23;-0.00310630;-0.00310466
2021-11-24;-0.00214935;-0.00214771
2021-11-25;0.00416671;0.00416835
2021-11-26;-0.02938903;-0.02938739
2021-11-29;0.00623864;0.00624357
2021-11-30;-0.01403514;-0.01403377
2021-12-01;0.00329694;0.00329858
2021-12-02;-0.00082381;-0.00082244
2021-12-03;-0.00459417;-0.00459252
2021-12-06;0.00918850;0.00919343
2021-12-07;0.02258223;0.02258387
2021-12-08;0.00263259;0.00263451
2021-12-09;-0.00638525;-0.00638361
2021-12-10;0.00115370;0.00115535
2021-12-13;-0.00513970;-0.00513559
2021-12-14;-0.00751080;-0.00750943
2021-12-15;0.00713904;0.00714069
2021-12-16;0.00186622;0.00186759
2021-12-17;-0.00750176;-0.00750039
2021-12-20;-0.01448544;-0.01447969
2021-12-21;0.01779575;0.01779767
2021-12-22;0.00789611;0.00789831
2021-12-23;0.00743024;0.00743244
2021-12-24;-0.00035981;-0.00035761
2021-12-27;0.00776278;0.00776771
2021-12-28;0.00400556;0.00400721
2021-12-29;-0.00089078;-0.00088941
2021-12-30;-0.00219511;-0.00219374
2021-12-31;-0.00390701;-0.00390536
2022-01-03;0.00867321;0.00868060
2022-01-04;0.00564895;0.00565114
2022-01-05;-0.00811354;-0.00811107
2022-01-06;-0.01049184;-0.01048910
2022-01-07;-0.00340346;-0.00340072
2022-01-10;-0.00416908;-0.00415839
2022-01-11;0.00640816;0.00641145
2022-01-12;0.00765006;0.00765335
2022-01-13;-0.00931522;-0.00931193
2022-01-14;-0.00330573;-0.00330217
2022-01-17;0.00653668;0.00654737
2022-01-18;-0.01262950;-0.01262485
2022-01-19;-0.00851465;-0.00850999
2022-01-20;-0.00147485;-0.00146992
2022-01-21;-0.01736273;-0.01735807
2022-01-24;-0.01085413;-0.01083769
2022-01-25;-0.00718443;-0.00717895
2022-01-26;0.00624967;0.00625487
2022-01-27;-0.00659081;-0.00658534
2022-01-28;0.01053517;0.01054037
2022-01-31;0.01440616;0.01442589
2022-02-01;0.00696313;0.00696861
2022-02-02;0.00801936;0.00802484
2022-02-03;-0.02000764;-0.02000189
2022-02-04;0.00135156;0.00135787
2022-02-07;-0.00089648;-0.00087346
2022-02-08;0.00464894;0.00465634
2022-02-09;0.01444939;0.01445679
2022-02-10;-0.00656850;-0.00655727
2022-02-11;-0.01385111;-0.01384098
2022-02-14;-0.01245287;-0.01241588
2022-02-15;0.01252202;0.01253325
2022-02-16;0.00403657;0.00404726
2022-02-17;-0.01521004;-0.01519991
2022-02-18;-0.00809830;-0.00808871
2022-02-21;-0.01083050;-0.01080174
2022-02-22;-0.00770623;-0.00769554
2022-02-23;-0.01203668;-0.01202681
2022-02-24;-0.00942138;-0.00941234
2022-02-25;0.02662101;0.02663005
2022-02-28;-0.00172897;-0.00169856
2022-03-01;-0.01508686;-0.01507809
2022-03-02;0.00783616;0.00784520
2022-03-03;-0.01201247;-0.01200233
2022-03-04;-0.02462422;-0.02461518
2022-03-07;-0.02406959;-0.02403836
2022-03-08;-0.00556250;-0.00555264
2022-03-09;0.03407061;0.03408102
2022-03-10;-0.00358919;-0.00357878
2022-03-11;-0.00659730;-0.00658662
2022-03-14;0.00130854;0.00134553
2022-03-15;0.01022907;0.01024168
2022-03-16;0.02590462;0.02591640
2022-03-17;0.01354242;0.01355338
2022-03-18;0.00877477;0.00878600
2022-03-21;-0.00113003;-0.00108483
2022-03-22;0.01203418;0.01204815
2022-03-23;-0.00233535;-0.00232165
2022-03-24;0.00782001;0.00783371
2022-03-25;0.00200088;0.00201540
2022-03-28;0.00435590;0.00440522
2022-03-29;0.01531127;0.01532662
2022-03-30;-0.00684255;-0.00682748
2022-03-31;-0.01197674;-0.01196277
2022-04-01;0.00088529;0.00089954
2022-04-04;0.00763414;0.00768921
2022-04-05;-0.00644149;-0.00642368
2022-04-06;-0.01391853;-0.01390017
2022-04-07;-0.00405222;-0.00403359
2022-04-08;0.00340036;0.00341927
2022-04-11;-0.01197938;-0.01191527
2022-04-12;-0.00708894;-0.00706867
2022-04-13;0.00950799;0.00952854
2022-04-14;-0.00238297;-0.00236160
2022-04-15;-0.00292333;-0.00290196
2022-04-18;-0.00333132;-0.00326392
2022-04-19;0.00833468;0.00835714
2022-04-20;0.00227891;0.00230138
2022-04-21;-0.00254321;-0.00252074
2022-04-22;-0.02187605;-0.02185358
2022-04-25;-0.00693227;-0.00685583
2022-04-26;-0.01482267;-0.01479965
2022-04-27;-0.00043570;-0.00041323
2022-04-28;0.02021349;0.02023568
2022-04-29;-0.01760903;-0.01758629
2022-05-02;0.00000616;0.00008014
2022-05-03;0.00001849;0.00004315
2022-05-04;0.00000000;0.00002411
2022-05-05;0.00000000;0.00002301
2022-05-06;0.00001381;0.00003682
2022-05-09;0.00000000;0.00007562
2022-05-10;0.00000000;0.00002438
2022-05-11;0.00000000;0.00002466
2022-05-12;0.00000000;0.00002603
2022-05-13;0.00000000;0.00002767
2022-05-16;0.00000000;0.00008795
2022-05-17;0.00000000;0.00002904
2022-05-18;-0.00000000;0.00002795
2022-05-19;0.00000000;0.00002849
2022-05-20;0.00000000;0.00002767
2022-05-23;0.00000000;0.00008795
2022-05-24;0.00000000;0.00002877
2022-05-25;0.00000000;0.00002877
2022-05-26;0.00000000;0.00002904
2022-05-27;0.00000000;0.00002904
2022-05-30;-0.00000000;0.00008712
2022-05-31;0.00003715;0.00006811
2022-06-01;0.00000000;0.00003068
2022-06-02;0.00000000;0.00003096
2022-06-03;0.00000000;0.00003205
2022-06-06;0.00001348;0.00011458
2022-06-07;0.00000000;0.00003397
2022-06-08;0.00000000;0.00003425
2022-06-09;0.00000000;0.00003452
2022-06-10;0.00000000;0.00003671
2022-06-13;0.00000000;0.00013890
2022-06-14;0.00000000;0.00004877
2022-06-15;0.00000000;0.00004630
2022-06-16;0.00000000;0.00004219
2022-06-17;0.00000000;0.00004329
2022-06-20;0.00000000;0.00012986
2022-06-21;0.00005458;0.00010005
2022-06-22;0.00000000;0.00004301
2022-06-23;0.00000000;0.00004356
2022-06-24;0.00000000;0.00004548
2022-06-27;0.00000000;0.00014384
2022-06-28;0.00000000;0.00004795
2022-06-29;0.00000000;0.00004740
2022-06-30;0.00000000;0.00004548
2022-07-01;0.00000000;0.00004548
2022-07-04;0.00000000;0.00013644
2022-07-05;0.00006115;0.00011211
2022-07-06;0.00000000;0.00005068
2022-07-07;0.00000000;0.00005178
2022-07-08;0.00000000;0.00005233
2022-07-11;0.00000000;0.00017507
2022-07-12;0.00000000;0.00005918
2022-07-13;0.00000000;0.00006384
2022-07-14;0.00000000;0.00006384
2022-07-15;0.00000000;0.00006274
2022-07-18;0.00000000;0.00020055
2022-07-19;0.00004044;0.00010784
2022-07-20;0.00000000;0.00006685
2022-07-21;0.00000000;0.00006575
2022-07-22;0.00000000;0.00006603
2022-07-25;-0.00000000;0.00020959
2022-07-26;0.00000000;0.00006795
2022-07-27;0.00000000;0.00006493
2022-07-28;0.00000000;0.00006438
2022-07-29;0.00000000;0.00006411
2022-08-01;0.00000000;0.00020384
2022-08-02;0.00000000;0.00006795
2022-08-03;0.00000000;0.00006685
2022-08-04;0.00000000;0.00006603
2022-08-05;0.00000000;0.00006795
2022-08-08;0.00000000;0.00021123
2022-08-09;0.00000000;0.00007068
2022-08-10;0.00000000;0.00007014
2022-08-11;0.00000000;0.00006904
2022-08-12;0.00001386;0.00008318
2022-08-15;0.00000000;0.00021616
2022-08-16;0.00000000;0.00007151
2022-08-17;0.00000000;0.00007096
2022-08-18;0.00000000;0.00007151
2022-08-19;0.00000000;0.00007233
2022-08-22;0.00000000;0.00022521
2022-08-23;0.00000000;0.00007425
2022-08-24;0.00000000;0.00007479
2022-08-25;0.00000000;0.00007616
2022-08-26;0.00000000;0.00007616
2022-08-29;0.00000000;0.00023753
2022-08-30;0.00004734;0.00012625
2022-08-31;0.00000000;0.00007863
2022-09-01;0.00000000;0.00007890
2022-09-02;0.00000000;0.00007808
2022-09-05;0.00000000;0.00023425
2022-09-06;0.00009732;0.00017841
2022-09-07;0.00000000;0.00008164
2022-09-08;0.00000000;0.00008137
2022-09-09;0.00000000;0.00008164
2022-09-12;0.00000000;0.00025397
2022-09-13;0.00000000;0.00008740
2022-09-14;0.00000000;0.00008603
2022-09-15;0.00000000;0.00008548
2022-09-16;0.00000000;0.00008493
2022-09-19;0.00000000;0.00027041
2022-09-20;0.00010718;0.00019649
2022-09-21;0.00000000;0.00008795
2022-09-22;0.00000000;0.00008740
2022-09-23;0.00000000;0.00008548
2022-09-26;0.00001808;0.00028932
2022-09-27;0.00000000;0.00008932
2022-09-28;0.00000000;0.00009014
2022-09-29;0.00000000;0.00008932
2022-09-30;0.00000000;0.00008822
2022-10-03;0.00000000;0.00027452
2022-10-04;0.00000000;0.00009096
2022-10-05;0.00000000;0.00009123
2022-10-06;0.00000000;0.00009096
2022-10-07;0.00000000;0.00009068
2022-10-10;0.00000000;0.00027205
2022-10-11;0.00005803;0.00015474
2022-10-12;0.00000000;0.00009753
2022-10-13;0.00000000;0.00009973
2022-10-14;0.00000000;0.00010000
2022-10-17;0.00000000;0.00031397
2022-10-18;0.00000000;0.00010658
2022-10-19;0.00000000;0.00010712
2022-10-20;0.00000000;0.00010712
2022-10-21;0.00000000;0.00010685
2022-10-24;0.00000000;0.00032877
2022-10-25;0.00000000;0.00010877
2022-10-26;0.00000000;0.00010795
2022-10-27;-0.00000000;0.00010822
2022-10-28;0.00000000;0.00010932
2022-10-31;-0.00065000;-0.00031630
2022-11-01;0.00155424;0.00166548
2022-11-02;-0.01440519;-0.01429451
2022-11-03;-0.00850041;-0.00838917
2022-11-04;0.01150253;0.01161267
2022-11-07;0.00635044;0.00668907
2022-11-08;0.00747532;0.00758765
2022-11-09;-0.01068011;-0.01056750
2022-11-10;0.03320078;0.03331284
2022-11-11;0.01088751;0.01099956
2022-11-14;-0.00309898;-0.00275706
2022-11-15;0.00522743;0.00534086
2022-11-16;-0.00685118;-0.00673775
2022-11-17;-0.00144084;-0.00132769
2022-11-18;0.00400512;0.00411882
2022-11-21;-0.00385369;-0.00350602
2022-11-22;0.00943982;0.00955517
2022-11-23;0.00431098;0.00442633
2022-11-24;0.00570248;0.00581782
2022-11-25;-0.00170853;-0.00159291
2022-11-28;-0.00967040;-0.00931698
2022-11-29;-0.00220459;-0.00208760
2022-11-30;0.01706602;0.01718300
2022-12-01;0.00268705;0.00280266
2022-12-02;-0.00382810;-0.00371248
2022-12-05;-0.00791381;-0.00756285
2022-12-06;-0.00920711;-0.00909012
2022-12-07;-0.00482088;-0.00470581
2022-12-08;0.00263868;0.00275293
2022-12-09;0.00112061;0.00123541
2022-12-12;0.00284235;0.00319495
2022-12-13;0.00854142;0.00865813
2022-12-14;-0.00213244;-0.00201655
2022-12-15;-0.02098612;-0.02087050
2022-12-16;-0.01172467;-0.01160960
2022-12-19;-0.00556589;-0.00521410
2022-12-20;-0.00562255;-0.00550611
2022-12-21;0.01098813;0.01110375
2022-12-22;-0.01043115;-0.01031499
2022-12-23;0.00002492;0.00014081
2022-12-26;0.00615310;0.00650077
2022-12-27;-0.00345736;-0.00333818
2022-12-28;-0.00632901;-0.00620983
2022-12-29;0.00912398;0.00924289
2022-12-30;-0.00454319;-0.00442538
2023-01-02;0.01010507;0.01045849
2023-01-03;0.00255066;0.00267121
2023-01-04;0.00464313;0.00476395
2023-01-05;-0.00427431;-0.00415075
2023-01-06;0.01533631;0.01545987
2023-01-09;0.00497244;0.00534641
2023-01-10;0.00354002;0.00366523
2023-01-11;0.01116263;0.01128783
2023-01-12;0.00487553;0.00499882
2023-01-13;0.00127316;0.00139672
2023-01-16;-0.00243984;-0.00206916
2023-01-17;0.00265798;0.00278291
2023-01-18;-0.00137592;-0.00125153
2023-01-19;-0.01209234;-0.01196768
2023-01-20;0.01262719;0.01275240
2023-01-23;0.01029897;0.01067541
2023-01-24;0.00138916;0.00151436
2023-01-25;-0.00047254;-0.00034761
2023-01-26;0.00696022;0.00708487
2023-01-27;0.00276324;0.00288844
2023-01-30;-0.00657376;-0.00619650
2023-01-31;0.00490159;0.00502707
2023-02-01;0.00684662;0.00697100
2023-02-02;0.01619725;0.01632136
2023-02-03;-0.00332936;-0.00320416
2023-02-06;-0.00532491;-0.00494765
2023-02-07;0.00701280;0.00713856
2023-02-08;-0.00485732;-0.00473157
2023-02-09;-0.00174829;-0.00162117
2023-02-10;-0.00375428;-0.00362661
2023-02-13;0.00619565;0.00658031
2023-02-14;0.00247712;0.00260507
2023-02-15;0.00402352;0.00415119
2023-02-16;-0.00460440;-0.00447564
2023-02-17;-0.00419218;-0.00406342
2023-02-20;0.00015110;0.00053740
2023-02-21;-0.01133190;-0.01120258
2023-02-22;-0.00418087;-0.00405183
2023-02-23;0.00408854;0.00421758
2023-02-24;-0.00727967;-0.00715036
2023-02-27;0.00519060;0.00558019
2023-02-28;-0.00251505;-0.00238574
2023-03-01;-0.00206876;-0.00193917
2023-03-02;0.00409907;0.00422894
2023-03-03;0.01366542;0.01379528
2023-03-06;0.00269072;0.00308195
2023-03-07;-0.00659503;-0.00646160
2023-03-08;0.00334994;0.00348392
2023-03-09;-0.00737026;-0.00723684
2023-03-10;-0.01508906;-0.01495674
2023-03-13;-0.01255922;-0.01217292
2023-03-14;0.00946030;0.00958934
2023-03-15;-0.01481201;-0.01468625
2023-03-16;0.01212585;0.01225106
2023-03-17;-0.00557645;-0.00545699
2023-03-20;0.00334486;0.00372706
2023-03-21;0.01554560;0.01567218
2023-03-22;-0.00118777;-0.00106092
2023-03-23;0.00087038;0.00099559
2023-03-24;-0.00449382;-0.00436862
2023-03-27;0.00320239;0.00359280
2023-03-28;-0.00060120;-0.00047407
2023-03-29;0.01371413;0.01384126
2023-03-30;0.00614549;0.00627699
2023-03-31;0.00966027;0.00978849
2023-04-03;0.00135721;0.00174926
2023-04-04;-0.00201578;-0.00188592
2023-04-05;-0.00630945;-0.00618013
2023-04-06;0.00270195;0.00283263
2023-04-07;0.00152978;0.00166156
2023-04-10;0.00103346;0.00143949
2023-04-11;0.00249037;0.00262435
2023-04-12;0.00001756;0.00015098
2023-04-13;0.00794538;0.00808100
2023-04-14;0.00310088;0.00323732
2023-04-17;0.00048359;0.00089948
2023-04-18;0.00304293;0.00318102
2023-04-19;-0.00067692;-0.00053966
2023-04-20;-0.00367310;-0.00353694
2023-04-21;0.00099940;0.00113584
2023-04-24;-0.00079366;-0.00037941
2023-04-25;-0.00731043;-0.00717426
2023-04-26;-0.00298798;-0.00285099
2023-04-27;0.00911496;0.00925276
2023-04-28;0.00753264;0.00766826
2023-05-01;0.00000000;0.00041918
2023-05-02;0.00016701;0.00030619
2023-05-03;0.00000000;0.00013945
2023-05-04;0.00000000;0.00013973
2023-05-05;0.00000000;0.00013973
2023-05-08;0.00010582;0.00052911
2023-05-09;0.00008433;0.00022488
2023-05-10;0.00000000;0.00013918
2023-05-11;0.00000000;0.00013808
2023-05-12;0.00000000;0.00013918
2023-05-15;0.00000000;0.00041589
2023-05-16;0.00000000;0.00013890
2023-05-17;0.00000000;0.00013973
2023-05-18;0.00000000;0.00014082
2023-05-19;0.00000000;0.00014027
2023-05-22;0.00000000;0.00043068
2023-05-23;0.00000000;0.00014192
2023-05-24;0.00000000;0.00014274
2023-05-25;0.00000000;0.00014274
2023-05-26;0.00000000;0.00014137
2023-05-29;0.00000000;0.00042411
2023-05-30;0.00026038;0.00040504
2023-05-31;0.00000000;0.00014411
2023-06-01;0.00000000;0.00014356
2023-06-02;0.00000000;0.00014329
2023-06-05;0.00000000;0.00042740
2023-06-06;0.00000000;0.00014192
2023-06-07;0.00000000;0.00014137
2023-06-08;0.00000000;0.00014027
2023-06-09;0.00000000;0.00014000
2023-06-12;0.00000000;0.00042247
2023-06-13;0.00000000;0.00014000
2023-06-14;0.00000000;0.00013973
2023-06-15;0.00000000;0.00013890
2023-06-16;0.00000000;0.00013945
2023-06-19;0.00000000;0.00041836
2023-06-20;0.00016899;0.00030981
2023-06-21;0.00000000;0.00014110
2023-06-22;0.00000000;0.00014110
2023-06-23;0.00000000;0.00014110
2023-06-26;0.00000000;0.00043068
2023-06-27;0.00000000;0.00014219
2023-06-28;0.00000000;0.00014192
2023-06-29;0.00000000;0.00014247
2023-06-30;0.00000000;0.00014164
2023-07-03;0.00000000;0.00042822
2023-07-04;0.00000000;0.00014274
2023-07-05;0.00005710;0.00019984
2023-07-06;0.00000000;0.00014329
2023-07-07;0.00000000;0.00014301
2023-07-10;0.00000000;0.00043151
2023-07-11;0.00000000;0.00014384
2023-07-12;0.00000000;0.00014356
2023-07-13;0.00000000;0.00014356
2023-07-14;0.00000000;0.00014384
2023-07-17;0.00000000;0.00043233
2023-07-18;0.00008630;0.00023014
2023-07-19;0.00000000;0.00014411
2023-07-20;0.00000000;0.00014411
2023-07-21;0.00000000;0.00014438
2023-07-24;0.00000000;0.00043397
2023-07-25;0.00000000;0.00014466
2023-07-26;0.00000000;0.00014466
2023-07-27;0.00000000;0.00014466
2023-07-28;0.00000000;0.00014466
2023-07-31;0.00000000;0.00043397
2023-08-01;0.00000000;0.00014438
2023-08-02;0.00000000;0.00014438
2023-08-03;0.00000000;0.00014438
2023-08-04;0.00000000;0.00014466
2023-08-07;0.00000000;0.00043479
2023-08-08;0.00000000;0.00014521
2023-08-09;0.00000000;0.00014466
2023-08-10;0.00000000;0.00014466
2023-08-11;0.00000000;0.00014466
2023-08-14;0.00002899;0.00046378
2023-08-15;0.00000000;0.00014493
2023-08-16;0.00000000;0.00014493
2023-08-17;0.00000000;0.00014493
2023-08-18;0.00000000;0.00014466
2023-08-21;0.00000000;0.00043562
2023-08-22;0.00000000;0.00014521
2023-08-23;0.00000000;0.00014521
2023-08-24;0.00000000;0.00014548
2023-08-25;0.00000000;0.00014630
2023-08-28;0.00000000;0.00043890
2023-08-29;0.00008762;0.00023364
2023-08-30;0.00000000;0.00014575
2023-08-31;0.00000000;0.00014575
2023-09-01;0.00000000;0.00014521
2023-09-04;-0.00000000;0.00043562
2023-09-05;0.00017490;0.00032066
2023-09-06;0.00000000;0.00014548
2023-09-07;0.00000000;0.00014521
2023-09-08;0.00000000;0.00014548
2023-09-11;-0.00000000;0.00043726
2023-09-12;0.00000000;0.00014575
2023-09-13;0.00000000;0.00014548
2023-09-14;0.00000000;0.00014548
2023-09-15;0.00000000;0.00014575
2023-09-18;0.00000000;0.00043644
2023-09-19;0.00008729;0.00023277
2023-09-20;0.00000000;0.00014603
2023-09-21;0.00000000;0.00014603
2023-09-22;0.00000000;0.00014575
2023-09-25;-0.00000000;0.00043973
2023-09-26;0.00000000;0.00014630
2023-09-27;0.00000000;0.00014630
2023-09-28;0.00000000;0.00014575
2023-09-29;0.00000000;0.00014575
2023-10-02;-0.00000000;0.00043973
2023-10-03;0.00000000;0.00014658
2023-10-04;0.00000000;0.00014630
2023-10-05;0.00000000;0.00014630
2023-10-06;0.00000000;0.00014685
2023-10-09;0.00000000;0.00044055
2023-10-10;0.00008778;0.00023408
2023-10-11;0.00000000;0.00014630
2023-10-12;0.00000000;0.00014658
2023-10-13;0.00000000;0.00014658
2023-10-16;0.00000000;0.00043890
2023-10-17;0.00000000;0.00014658
2023-10-18;0.00000000;0.00014630
2023-10-19;0.00000000;0.00014603
2023-10-20;0.00000000;0.00014548
2023-10-23;-0.00000000;0.00043726
2023-10-24;0.00000000;0.00014548
2023-10-25;0.00000000;0.00014575
2023-10-26;0.00000000;0.00014575
2023-10-27;0.00000000;0.00014575
2023-10-30;0.00000000;0.00043808
2023-10-31;-0.00065000;-0.00050397
2023-11-01;0.01240150;0.01254697
2023-11-02;0.01510224;0.01524689
2023-11-03;0.00501615;0.00516054
2023-11-06;0.00470045;0.00513524
2023-11-07;-0.00037404;-0.00022938
2023-11-08;0.00042900;0.00057366
2023-11-09;0.00269670;0.00284108
2023-11-10;0.00293110;0.00307521
2023-11-13;0.00213715;0.00257113
2023-11-14;0.01255728;0.01270139
2023-11-15;0.00826987;0.00841398
2023-11-16;-0.00176599;-0.00162215
2023-11-17;0.00533553;0.00547936
2023-11-20;0.00183784;0.00227099
2023-11-21;-0.00230954;-0.00216543
2023-11-22;0.00249984;0.00264423
2023-11-23;0.00195371;0.00209809
2023-11-24;0.00133025;0.00147490
2023-11-27;-0.00365671;-0.00322274
2023-11-28;0.00060396;0.00074834
2023-11-29;0.00021591;0.00035975
2023-11-30;0.00259063;0.00273446
2023-12-01;0.00561353;0.00575681
2023-12-04;-0.00503750;-0.00460517
2023-12-05;-0.00156598;-0.00142214
2023-12-06;0.00421271;0.00435655
2023-12-07;0.00056286;0.00070642
2023-12-08;0.00075648;0.00090004
2023-12-11;0.00521189;0.00564422
2023-12-12;0.00264425;0.00278836
2023-12-13;0.00548297;0.00562653
2023-12-14;0.00117377;0.00131706
2023-12-15;0.00071815;0.00086172
2023-12-18;0.00026739;0.00069972
2023-12-19;0.00658090;0.00672419
2023-12-20;-0.00147648;-0.00133292
2023-12-21;0.00010061;0.00024362
2023-12-22;0.00089675;0.00104032
2023-12-25;0.00212317;0.00255386
2023-12-26;0.00379135;0.00393518
2023-12-27;0.00388660;0.00403016
2023-12-28;-0.00153152;-0.00138768
2023-12-29;-0.00113875;-0.00099628
2024-01-02;-0.00628869;-0.00571663
2024-01-03;-0.00950269;-0.00935913
2024-01-04;-0.00089887;-0.00075530
2024-01-05;-0.00009455;0.00004901
2024-01-08;0.01035888;0.01079039
2024-01-09;0.00164220;0.00178576
2024-01-10;0.00556201;0.00570530
2024-01-11;-0.00008652;0.00005676
2024-01-12;0.00635199;0.00649501
2024-01-15;-0.00034833;0.00008072
2024-01-16;-0.00406210;-0.00391909
2024-01-17;-0.00783408;-0.00769052
2024-01-18;0.00650217;0.00664518
2024-01-19;0.00896590;0.00910891
2024-01-22;0.00568033;0.00610937
2024-01-23;0.00040829;0.00055103
2024-01-24;0.00380031;0.00394305
2024-01-25;0.00143089;0.00157363
2024-01-26;-0.00060564;-0.00046290
2024-01-29;0.00434080;0.00476984
2024-01-30;-0.00014888;-0.00000614
2024-01-31;-0.00775982;-0.00761680
2024-02-01;0.00251790;0.00266092
2024-02-02;0.00677725;0.00692054
2024-02-05;-0.00055579;-0.00012675
2024-02-06;0.00211775;0.00226103
2024-02-07;0.00069038;0.00083367
2024-02-08;0.00404903;0.00419232
2024-02-09;0.00217882;0.00232238
2024-02-12;-0.00010607;0.00032379
2024-02-13;-0.00369265;-0.00354881
2024-02-14;0.00504946;0.00519275
2024-02-15;0.00586737;0.00601066
2024-02-16;0.00269706;0.00284062
2024-02-19;-0.00034455;0.00008613
2024-02-20;-0.00399880;-0.00385523
2024-02-21;-0.00206555;-0.00192199
2024-02-22;0.01800049;0.01814432
2024-02-23;0.00042814;0.00057225
2024-02-26;-0.00107190;-0.00063958
2024-02-27;0.00214530;0.00228914
2024-02-28;-0.00269388;-0.00255032
2024-02-29;0.00363030;0.00377414
2024-03-01;0.01016154;0.01030483
2024-03-04;-0.00182016;-0.00138948
2024-03-05;-0.00588790;-0.00574461
2024-03-06;0.00327384;0.00341740
2024-03-07;0.00436734;0.00451090
2024-03-08;-0.00520723;-0.00506367
2024-03-11;-0.00629514;-0.00586446
2024-03-12;0.00947818;0.00962201
2024-03-13;-0.00211080;-0.00196697
2024-03-14;-0.00165263;-0.00150879
2024-03-15;-0.00470984;-0.00456601
2024-03-18;0.00798080;0.00841231
2024-03-19;0.00385176;0.00399532
2024-03-20;0.00535155;0.00549511
2024-03-21;0.01102141;0.01116525
2024-03-22;0.00166694;0.00181050
2024-03-25;-0.00377381;-0.00334394
2024-03-26;0.00017301;0.00031603
2024-03-27;0.00521874;0.00536176
2024-03-28;-0.00243405;-0.00229076
2024-03-29;0.00486623;0.00500952
2024-04-01;-0.00507840;-0.00464854
2024-04-02;-0.00598957;-0.00584656
2024-04-03;-0.00045248;-0.00030947
2024-04-04;-0.00270209;-0.00255935
2024-04-05;-0.00338394;-0.00324065
2024-04-08;0.00362352;0.00405338
2024-04-09;0.00024302;0.00038631
2024-04-10;-0.00384347;-0.00369963
2024-04-11;0.00141722;0.00156105
2024-04-12;-0.00440484;-0.00426100
2024-04-15;-0.00728585;-0.00685434
2024-04-16;-0.01089326;-0.01074942
2024-04-17;-0.00568676;-0.00554292
2024-04-18;0.00041171;0.00055554
2024-04-19;-0.01194325;-0.01179942
2024-04-22;0.00997543;0.01040447
2024-04-23;0.00950833;0.00965216
2024-04-24;0.00471624;0.00486035
2024-04-25;-0.00741902;-0.00727491
2024-04-26;0.01105831;0.01120214
2024-04-29;0.00091174;0.00134325
2024-04-30;-0.00742464;-0.00728080
2024-05-01;0.00000000;0.00014411
2024-05-02;0.00002877;0.00017260
2024-05-03;0.00000000;0.00014384
2024-05-06;0.00000000;0.00043151
2024-05-07;0.00020137;0.00034521
2024-05-08;0.00000000;0.00014384
2024-05-09;0.00000000;0.00014384
2024-05-10;0.00000000;0.00014411
2024-05-13;0.00000000;0.00043151
2024-05-14;0.00000000;0.00014356
2024-05-15;0.00000000;0.00014384
2024-05-16;0.00000000;0.00014384
2024-05-17;0.00000000;0.00014384
2024-05-20;0.00000000;0.00043151
2024-05-21;0.00000000;0.00014384
2024-05-22;0.00000000;0.00014384
2024-05-23;0.00000000;0.00014411
2024-05-24;0.00000000;0.00014411
2024-05-27;0.00000000;0.00043233
2024-05-28;0.00025940;0.00040351
2024-05-29;0.00000000;0.00014411
2024-05-30;0.00000000;0.00014411
2024-05-31;0.00000000;0.00014384
2024-06-03;0.00000000;0.00043233
2024-06-04;0.00000000;0.00014384
2024-06-05;0.00000000;0.00014384
2024-06-06;0.00000000;0.00014384
2024-06-07;0.00000000;0.00014411
2024-06-10;0.00000000;0.00043151
2024-06-11;0.00000000;0.00014384
2024-06-12;0.00000000;0.00014384
2024-06-13;0.00000000;0.00014384
2024-06-14;0.00000000;0.00014384
2024-06-17;0.00000000;0.00043151
2024-06-18;0.00000000;0.00014356
2024-06-19;0.00000000;0.00014356
2024-06-20;0.00005742;0.00020099
2024-06-21;0.00000000;0.00014329
2024-06-24;0.00000000;0.00043068
2024-06-25;0.00000000;0.00014329
2024-06-26;0.00000000;0.00014356
2024-06-27;0.00000000;0.00014329
2024-06-28;0.00000000;0.00014301
2024-07-01;0.00000000;0.00043068
2024-07-02;0.00000000;0.00014356
2024-07-03;0.00000000;0.00014356
2024-07-04;0.00000000;0.00014356
2024-07-05;0.00005732;0.00020060
2024-07-08;0.00000000;0.00042986
2024-07-09;0.00000000;0.00014329
2024-07-10;0.00000000;0.00014329
2024-07-11;0.00000000;0.00014274
2024-07-12;0.00000000;0.00014274
2024-07-15;0.00000000;0.00042740
2024-07-16;0.00008548;0.00022795
2024-07-17;0.00000000;0.00014247
2024-07-18;0.00000000;0.00014274
2024-07-19;0.00000000;0.00014247
2024-07-22;0.00000000;0.00042658
2024-07-23;0.00000000;0.00014192
2024-07-24;0.00000000;0.00014192
2024-07-25;0.00000000;0.00014164
2024-07-26;0.00000000;0.00014137
2024-07-29;0.00000000;0.00042329
2024-07-30;0.00000000;0.00014082
2024-07-31;0.00000000;0.00014110
2024-08-01;0.00000000;0.00014027
2024-08-02;0.00000000;0.00013836
2024-08-05;-0.00000000;0.00041836
2024-08-06;0.00000000;0.00013945
2024-08-07;0.00000000;0.00013945
2024-08-08;0.00000000;0.00013945
2024-08-09;0.00000000;0.00013945
2024-08-12;0.00000000;0.00041671
2024-08-13;0.00008318;0.00022181
2024-08-14;0.00000000;0.00013890
2024-08-15;0.00000000;0.00013945
2024-08-16;0.00000000;0.00013918
2024-08-19;0.00000000;0.00041589
2024-08-20;0.00000000;0.00013808
2024-08-21;0.00000000;0.00013753
2024-08-22;0.00000000;0.00013808
2024-08-23;0.00000000;0.00013726
2024-08-26;0.00000000;0.00040932
2024-08-27;0.00008186;0.00021830
2024-08-28;0.00000000;0.00013589
2024-08-29;0.00000000;0.00013644
2024-08-30;0.00000000;0.00013644
2024-09-02;-0.00000000;0.00040932
2024-09-03;0.00016340;0.00029956
2024-09-04;0.00000000;0.00013589
2024-09-05;0.00000000;0.00013534
2024-09-06;0.00000000;0.00013507
2024-09-09;-0.00000000;0.00040192
2024-09-10;0.00000000;0.00013288
2024-09-11;0.00000000;0.00013397
2024-09-12;0.00000000;0.00013288
2024-09-13;0.00000000;0.00013096
2024-09-16;0.00000000;0.00039041
2024-09-17;0.00007808;0.00020822
2024-09-18;0.00000000;0.00012740
2024-09-19;0.00000000;0.00012630
2024-09-20;0.00000000;0.00012493
2024-09-23;0.00000000;0.00037233
2024-09-24;0.00007397;0.00019726
2024-09-25;0.00000000;0.00012356
2024-09-26;0.00000000;0.00012329
2024-09-27;0.00000000;0.00012329
2024-09-30;0.00000000;0.00037151
2024-10-01;0.00000000;0.00012329
2024-10-02;0.00000000;0.00012274
2024-10-03;0.00000000;0.00012274
2024-10-04;0.00000000;0.00012411
2024-10-07;0.00000000;0.00037397
2024-10-08;0.00000000;0.00012411
2024-10-09;0.00000000;0.00012438
2024-10-10;0.00000000;0.00012438
2024-10-11;0.00000000;0.00012411
2024-10-14;0.00000000;0.00037233
2024-10-15;0.00007430;0.00019814
2024-10-16;0.00000000;0.00012356
2024-10-17;0.00000000;0.00012438
2024-10-18;0.00000000;0.00012411
2024-10-21;0.00000000;0.00037068
2024-10-22;0.00000000;0.00012356
2024-10-23;0.00000000;0.00012384
2024-10-24;0.00000000;0.00012329
2024-10-25;0.00000000;0.00012384
2024-10-28;0.00000000;0.00036904
2024-10-29;0.00000000;0.00012301
2024-10-30;0.00000000;0.00012247
2024-10-31;-0.00065000;-0.00052836
2024-11-01;0.00039702;0.00051784
2024-11-04;-0.00310732;-0.00274239
2024-11-05;0.00803351;0.00815488
2024-11-06;0.01324709;0.01336873
2024-11-07;0.00670560;0.00682697
2024-11-08;-0.00177246;-0.00165109
2024-11-11;0.00362405;0.00398816
2024-11-12;-0.00853811;-0.00841674
2024-11-13;-0.00392815;-0.00380760
2024-11-14;0.00016498;0.00028580
2024-11-15;-0.00772878;-0.00760796
2024-11-18;0.00059308;0.00095637
2024-11-19;0.00150399;0.00162482
2024-11-20;-0.00153190;-0.00141080
2024-11-21;0.00306509;0.00318646
2024-11-22;0.00688690;0.00700827
2024-11-25;0.00467616;0.00503945
2024-11-26;-0.00149760;-0.00137706
2024-11-27;-0.00413554;-0.00401500
2024-11-28;0.00484312;0.00496367
2024-11-29;0.00428761;0.00440788
2024-12-02;0.00773105;0.00809105
2024-12-03;0.00635862;0.00647807
2024-12-04;0.00529926;0.00541844
2024-12-05;0.00107699;0.00119589
2024-12-06;-0.00002788;0.00009020
2024-12-09;-0.00221487;-0.00186145
2024-12-10;-0.00220997;-0.00209244
2024-12-11;0.00644608;0.00656279
2024-12-12;0.00036632;0.00048221
2024-12-13;-0.00094807;-0.00083218
2024-12-16;0.00144909;0.00179841
2024-12-17;-0.00450709;-0.00439038
2024-12-18;-0.01459056;-0.01447412
2024-12-19;-0.00757612;-0.00746023
2024-12-20;0.00182062;0.00193651
2024-12-23;0.00558488;0.00593337
2024-12-24;0.00632985;0.00644711
2024-12-25;0.00227599;0.00239325
2024-12-26;0.00305148;0.00316765
2024-12-27;0.00025818;0.00037298
2024-12-30;-0.00844194;-0.00809426
2024-12-31;-0.00228956;-0.00217367
