date;excess;total
2004-01-01;0.00001445;0.00001445
2004-01-02;0.00268303;0.00270796
2004-01-05;-0.00089866;-0.00082469
2004-01-06;0.00074910;0.00077376
2004-01-07;0.00069577;0.00072016
2004-01-08;0.00043286;0.00045642
2004-01-09;-0.00171813;-0.00169484
2004-01-12;0.00154582;0.00161815
2004-01-13;0.00166065;0.00168448
2004-01-14;0.00348990;0.00351346
2004-01-15;0.00122102;0.00124459
2004-01-16;0.00417095;0.00419479
2004-01-19;0.00000000;0.00007151
2004-01-20;-0.00000000;0.00002411
2004-01-21;0.00000000;0.00002384
2004-01-22;0.00000000;0.00002356
2004-01-23;-0.00000000;0.00002411
2004-01-26;0.00000000;0.00007315
2004-01-27;0.00000000;0.00002438
2004-01-28;0.00000000;0.00002521
2004-01-29;0.00000000;0.00002521
2004-01-30;0.00000000;0.00002466
2004-02-02;0.00000000;0.00007644
2004-02-03;0.00000000;0.00002521
2004-02-04;0.00000000;0.00002521
2004-02-05;0.00000000;0.00002521
2004-02-06;-0.00000000;0.00002493
2004-02-09;0.00000000;0.00007644
2004-02-10;-0.00001667;0.00000881
2004-02-11;-0.00057505;-0.00055012
2004-02-12;-0.00022569;-0.00020076
2004-02-13;-0.00119677;-0.00117211
2004-02-16;0.00047694;0.00055091
2004-02-17;-0.00046888;-0.00044340
2004-02-18;-0.00007707;-0.00005187
2004-02-19;0.00000000;0.00002521
2004-02-20;0.00000000;0.00002521
2004-02-23;0.00000000;0.00007808
2004-02-24;0.00000000;0.00002603
2004-02-25;0.00000000;0.00002575
2004-02-26;0.00000000;0.00002575
2004-02-27;0.00000000;0.00002575
2004-03-01;0.00000000;0.00007808
2004-03-02;0.00000000;0.00002603
2004-03-03;0.00000000;0.00002603
2004-03-04;0.00000000;0.00002575
2004-03-05;-0.00001667;0.00000881
2004-03-08;0.00054683;0.00062491
2004-03-09;0.00241676;0.00244251
2004-03-10;0.00401330;0.00403906
2004-03-11;-0.00314918;-0.00312315
2004-03-12;0.00718546;0.00721121
2004-03-15;-0.00203550;-0.00195742
2004-03-16;0.00241812;0.00244388
2004-03-17;-0.00157237;-0.00154716
2004-03-18;-0.00213032;-0.00210511
2004-03-19;-0.00305062;-0.00302542
2004-03-22;0.00064555;0.00072281
2004-03-23;-0.00011032;-0.00008484
2004-03-24;-0.00021426;-0.00018906
2004-03-25;-0.00025237;-0.00022717
2004-03-26;-0.00005976;-0.00003428
2004-03-28;-0.00110353;-0.00105257
2004-03-29;0.00131704;0.00134307
2004-03-30;-0.00124109;-0.00121534
2004-03-31;0.00000000;0.00002548
2004-04-01;0.00000000;0.00002521
2004-04-04;-0.00001667;0.00005977
2004-04-05;-0.00037534;-0.00034986
2004-04-06;0.00165186;0.00167706
2004-04-07;-0.00077744;-0.00075196
2004-04-08;-0.00027365;-0.00024844
2004-04-11;-0.00124290;-0.00116729
2004-04-12;0.00000000;0.00002548
2004-04-13;0.00000000;0.00002548
2004-04-14;0.00000000;0.00002575
2004-04-15;0.00000000;0.00002548
2004-04-18;0.00000000;0.00007562
2004-04-19;0.00000000;0.00002603
2004-04-20;-0.00000000;0.00002630
2004-04-21;0.00000000;0.00002685
2004-04-22;0.00000000;0.00002603
2004-04-25;0.00000000;0.00007890
2004-04-26;0.00000000;0.00002685
2004-04-27;0.00000000;0.00002658
2004-04-28;-0.00000000;0.00002630
2004-04-29;-0.00001667;0.00000936
2004-05-02;0.00188628;0.00196519
2004-05-03;-0.00278157;-0.00275445
2004-05-04;0.00058529;0.00061242
2004-05-05;-0.00039601;-0.00036943
2004-05-06;-0.00237480;-0.00234796
2004-05-09;-0.00003333;0.00005297
2004-05-10;0.00130367;0.00133298
2004-05-11;-0.00037840;-0.00034991
2004-05-12;-0.00205243;-0.00202448
2004-05-13;-0.00022257;-0.00019572
2004-05-16;-0.00691279;-0.00683307
2004-05-17;0.00306725;0.00309602
2004-05-18;0.00245665;0.00248514
2004-05-19;0.00203307;0.00206102
2004-05-20;-0.00082058;-0.00079291
2004-05-23;-0.00192002;-0.00183700
2004-05-24;0.00000000;0.00002904
2004-05-25;0.00000000;0.00002904
2004-05-26;0.00000000;0.00002904
2004-05-27;0.00000000;0.00002849
2004-05-30;-0.00000000;0.00008712
2004-05-31;0.00000000;0.00002904
2004-06-01;0.00000000;0.00003151
2004-06-02;0.00000000;0.00003151
2004-06-03;-0.00001667;0.00001484
2004-06-06;0.00062163;0.00071861
2004-06-07;-0.00120845;-0.00117475
2004-06-08;-0.00124631;-0.00121206
2004-06-09;-0.00355403;-0.00351978
2004-06-10;0.00342655;0.00346134
2004-06-13;0.00542941;0.00553379
2004-06-14;-0.00239865;-0.00236030
2004-06-15;-0.00523054;-0.00519438
2004-06-16;-0.00001667;0.00001840
2004-06-17;0.00211231;0.00214655
2004-06-20;0.00058909;0.00069265
2004-06-21;0.00189293;0.00192909
2004-06-22;-0.00002249;0.00001312
2004-06-23;0.00116367;0.00119846
2004-06-24;0.00000000;0.00003452
2004-06-27;0.00000000;0.00010521
2004-06-28;0.00000000;0.00003726
2004-06-29;0.00000000;0.00003726
2004-06-30;0.00000000;0.00003589
2004-07-01;0.00000000;0.00003288
2004-07-04;0.00000000;0.00010438
2004-07-05;0.00000000;0.00003479
2004-07-06;0.00000000;0.00003616
2004-07-07;0.00000000;0.00003507
2004-07-08;0.00000000;0.00003425
2004-07-11;-0.00000000;0.00010274
2004-07-12;0.00000000;0.00003616
2004-07-13;0.00000000;0.00003616
2004-07-14;0.00000000;0.00003616
2004-07-15;0.00000000;0.00003616
2004-07-18;-0.00000000;0.00010849
2004-07-19;-0.00001667;0.00001977
2004-07-20;0.00035298;0.00038969
2004-07-21;0.00059271;0.00062915
2004-07-22;-0.00066524;-0.00062853
2004-07-25;-0.00147586;-0.00136490
2004-07-26;0.00078710;0.00082628
2004-07-27;-0.00072999;-0.00069054
2004-07-28;0.00073272;0.00077189
2004-07-29;-0.00135106;-0.00131215
2004-08-01;0.00000000;0.00011671
2004-08-02;0.00000000;0.00004055
2004-08-03;0.00000000;0.00004000
2004-08-04;0.00000000;0.00004000
2004-08-05;0.00000000;0.00003973
2004-08-08;0.00000000;0.00011589
2004-08-09;0.00000000;0.00004082
2004-08-10;0.00000000;0.00004055
2004-08-11;-0.00001667;0.00002224
2004-08-12;0.00194530;0.00198393
2004-08-15;-0.00046859;-0.00035270
2004-08-16;-0.00029631;-0.00025603
2004-08-17;0.00101053;0.00105053
2004-08-18;0.00013600;0.00017600
2004-08-19;0.00199373;0.00203345
2004-08-22;0.00094556;0.00106556
2004-08-23;0.00082834;0.00086999
2004-08-24;-0.00038448;-0.00034283
2004-08-25;-0.00036240;-0.00032075
2004-08-26;-0.00153110;-0.00148945
2004-08-29;0.00100906;0.00113482
2004-08-30;-0.00012375;-0.00008019
2004-08-31;0.00130273;0.00134574
2004-09-01;0.00026690;0.00030937
2004-09-02;0.00055451;0.00059752
2004-09-05;0.00000000;0.00013315
2004-09-06;0.00000000;0.00004438
2004-09-07;-0.00000000;0.00004493
2004-09-08;0.00000000;0.00004438
2004-09-09;0.00000000;0.00004411
2004-09-12;0.00000000;0.00013397
2004-09-13;-0.00000000;0.00004493
2004-09-14;0.00000000;0.00004466
2004-09-15;-0.00000000;0.00004493
2004-09-16;-0.00001667;0.00002826
2004-09-19;0.00044905;0.00058713
2004-09-20;0.00054962;0.00059620
2004-09-21;-0.00079133;-0.00074503
2004-09-22;-0.00089516;-0.00084913
2004-09-23;0.00059107;0.00063737
2004-09-26;-0.00280778;-0.00266806
2004-09-27;-0.00089593;-0.00084880
2004-09-28;0.00041881;0.00046511
2004-09-29;0.00024903;0.00029533
2004-09-30;-0.00074165;-0.00069563
2004-10-03;0.00208737;0.00222463
2004-10-04;-0.00229874;-0.00225243
2004-10-05;0.00041173;0.00045776
2004-10-06;0.00012228;0.00016831
2004-10-07;-0.00052265;-0.00047690
2004-10-10;0.00000000;0.00013726
2004-10-11;0.00000000;0.00004575
2004-10-12;0.00000000;0.00004630
2004-10-13;-0.00001667;0.00002963
2004-10-14;-0.00052691;-0.00048006
2004-10-17;-0.00011017;0.00003120
2004-10-18;0.00005718;0.00010594
2004-10-19;-0.00028958;-0.00024054
2004-10-20;-0.00028483;-0.00023579
2004-10-21;0.00000000;0.00004959
2004-10-24;0.00000000;0.00014877
2004-10-25;0.00000000;0.00005123
2004-10-26;0.00000000;0.00005151
2004-10-28;0.00000000;0.00010247
2004-11-01;0.00000000;0.00021479
2004-11-02;0.00000000;0.00005315
2004-11-03;-0.00000000;0.00005260
2004-11-04;0.00000000;0.00005315
2004-11-05;-0.00000000;0.00005452
2004-11-08;0.00000000;0.00016767
2004-11-09;0.00000000;0.00005589
2004-11-10;-0.00001667;0.00003922
2004-11-11;0.00016542;0.00022131
2004-11-12;0.00260254;0.00265843
2004-11-15;0.00194545;0.00211723
2004-11-16;-0.00062808;-0.00057054
2004-11-17;-0.00039662;-0.00033936
2004-11-18;0.00087007;0.00092733
2004-11-19;-0.00001667;0.00004087
2004-11-22;0.00074665;0.00092418
2004-11-23;-0.00000824;0.00005067
2004-11-24;-0.00137211;-0.00131348
2004-11-25;0.00054391;0.00060254
2004-11-26;0.00041613;0.00047531
2004-11-29;-0.00000000;0.00018082
2004-11-30;0.00000000;0.00006000
2004-12-01;-0.00001667;0.00004306
2004-12-02;-0.00060442;-0.00054469
2004-12-03;0.00166807;0.00172752
2004-12-06;-0.00079680;-0.00061434
2004-12-07;-0.00036259;-0.00030204
2004-12-08;-0.00086241;-0.00080213
2004-12-09;-0.00001667;0.00004361
2004-12-10;0.00120121;0.00126175
2004-12-13;-0.00157062;-0.00138898
2004-12-14;-0.00145370;-0.00139397
2004-12-15;0.00067120;0.00073065
2004-12-16;0.00261212;0.00267129
2004-12-17;-0.00000000;0.00005918
2004-12-20;0.00000000;0.00018000
2004-12-21;0.00000000;0.00005945
2004-12-22;-0.00000000;0.00005890
2004-12-23;-0.00000000;0.00005890
2004-12-24;-0.00001667;0.00004224
2004-12-27;0.00045215;0.00063626
2004-12-28;-0.00054359;-0.00048276
2004-12-29;-0.00186612;-0.00180612
2004-12-30;0.00044761;0.00050733
2004-12-31;0.00099621;0.00105594
2005-01-03;0.00000000;0.00018822
2005-01-04;0.00000000;0.00006301
2005-01-05;0.00000000;0.00006274
2005-01-06;0.00000000;0.00006219
2005-01-07;-0.00001667;0.00004580
2005-01-10;-0.00115967;-0.00096817
2005-01-11;-0.00232437;-0.00226108
2005-01-12;0.00051036;0.00057337
2005-01-13;-0.00115937;-0.00109608
2005-01-14;-0.00429170;-0.00422814
2005-01-17;-0.00034301;-0.00015233
2005-01-18;-0.00075575;-0.00069109
2005-01-19;0.00167989;0.00174373
2005-01-20;-0.00061489;-0.00055160
2005-01-21;-0.00055022;-0.00048693
2005-01-24;-0.00026645;-0.00007412
2005-01-25;0.00074356;0.00080822
2005-01-26;-0.00047271;-0.00040778
2005-01-27;0.00000000;0.00006575
2005-01-28;0.00000000;0.00006603
2005-01-31;0.00000000;0.00020384
2005-02-01;-0.00001667;0.00005100
2005-02-02;-0.00027128;-0.00020361
2005-02-03;-0.00091421;-0.00084736
2005-02-04;0.00015721;0.00022378
2005-02-07;-0.00081156;-0.00060772
2005-02-08;0.00050304;0.00057099
2005-02-09;0.00000000;0.00006767
2005-02-10;-0.00001667;0.00005100
2005-02-11;0.00076395;0.00083245
2005-02-14;-0.00096385;-0.00075426
2005-02-15;0.00051913;0.00058899
2005-02-16;-0.00317854;-0.00310922
2005-02-17;-0.00128057;-0.00121125
2005-02-18;0.00080299;0.00087313
2005-02-21;-0.00046853;-0.00025812
2005-02-22;-0.00119722;-0.00112517
2005-02-23;-0.00119918;-0.00112713
2005-02-24;0.00035491;0.00042724
2005-02-25;-0.00091582;-0.00084212
2005-02-28;0.00008374;0.00030730
2005-03-01;-0.00026353;-0.00018956
2005-03-02;0.00000000;0.00007342
2005-03-03;0.00000000;0.00007397
2005-03-04;0.00000000;0.00007397
2005-03-07;-0.00000000;0.00022274
2005-03-08;0.00000000;0.00007397
2005-03-09;-0.00001667;0.00005731
2005-03-10;-0.00122079;-0.00114710
2005-03-11;-0.00011825;-0.00004428
2005-03-14;0.00026572;0.00049174
2005-03-15;0.00145721;0.00153255
2005-03-16;-0.00023145;-0.00015638
2005-03-17;0.00000000;0.00007479
2005-03-18;0.00000000;0.00007534
2005-03-21;0.00000000;0.00023014
2005-03-22;0.00000000;0.00007753
2005-03-23;0.00000000;0.00007589
2005-03-24;0.00000000;0.00007616
2005-03-25;0.00000000;0.00007616
2005-03-27;0.00000000;0.00015233
2005-03-28;0.00000000;0.00007644
2005-03-29;0.00000000;0.00007616
2005-03-30;-0.00001667;0.00005922
2005-03-31;-0.00021968;-0.00014489
2005-04-03;-0.00056483;-0.00033962
2005-04-04;-0.00051311;-0.00043777
2005-04-05;0.00041264;0.00048771
2005-04-06;0.00102846;0.00110271
2005-04-07;0.00000000;0.00007425
2005-04-10;0.00000000;0.00022438
2005-04-11;0.00000000;0.00007425
2005-04-12;0.00000000;0.00007425
2005-04-13;0.00000000;0.00007452
2005-04-14;0.00000000;0.00007452
2005-04-17;-0.00001667;0.00020772
2005-04-18;-0.00076295;-0.00068486
2005-04-19;-0.00033253;-0.00025445
2005-04-20;0.00053246;0.00060945
2005-04-21;0.00007805;0.00015531
2005-04-24;0.00011440;0.00035029
2005-04-25;0.00101356;0.00109246
2005-04-26;-0.00218313;-0.00210478
2005-04-27;-0.00007113;0.00000640
2005-04-28;-0.00598500;-0.00590774
2005-05-01;0.00254982;0.00278325
2005-05-02;0.00137082;0.00144972
2005-05-03;0.00055947;0.00063755
2005-05-04;0.00034427;0.00042126
2005-05-05;-0.00212351;-0.00204817
2005-05-08;0.00345897;0.00368911
2005-05-09;0.00000000;0.00007836
2005-05-10;0.00000000;0.00007781
2005-05-11;0.00000000;0.00007699
2005-05-12;0.00000000;0.00007726
2005-05-15;-0.00001667;0.00021018
2005-05-16;-0.00007162;0.00000618
2005-05-17;-0.00104200;-0.00096474
2005-05-18;0.00055746;0.00063417
2005-05-19;0.00084897;0.00092595
2005-05-22;-0.00023171;0.00000089
2005-05-23;0.00000000;0.00007973
2005-05-24;0.00000000;0.00007890
2005-05-25;0.00000000;0.00007918
2005-05-26;0.00000000;0.00007890
2005-05-29;0.00000000;0.00023836
2005-05-30;-0.00003333;0.00004612
2005-05-31;-0.00287519;-0.00279491
2005-06-01;0.00232914;0.00240887
2005-06-02;-0.00479757;-0.00471785
2005-06-05;-0.00232561;-0.00208396
2005-06-06;-0.00159683;-0.00151573
2005-06-07;0.00118714;0.00126823
2005-06-08;0.00052667;0.00060776
2005-06-09;0.00123625;0.00131652
2005-06-12;0.00187547;0.00211711
2005-06-13;-0.00258760;-0.00250623
2005-06-14;0.00000000;0.00008082
2005-06-15;0.00000000;0.00008055
2005-06-16;0.00000000;0.00007973
2005-06-19;0.00000000;0.00024000
2005-06-20;0.00000000;0.00008110
2005-06-21;0.00000000;0.00008110
2005-06-22;0.00000000;0.00008137
2005-06-23;0.00000000;0.00008219
2005-06-26;0.00000000;0.00024822
2005-06-27;0.00000000;0.00008466
2005-06-28;0.00000000;0.00008438
2005-06-29;-0.00003333;0.00005050
2005-06-30;0.00181434;0.00189817
2005-07-03;0.00072095;0.00097574
2005-07-04;-0.00194509;-0.00186016
2005-07-05;-0.00323428;-0.00314798
2005-07-06;-0.00140870;-0.00132323
2005-07-07;-0.00158038;-0.00149600
2005-07-10;0.00102574;0.00128053
2005-07-11;-0.00001667;0.00006909
2005-07-12;0.00106218;0.00114820
2005-07-13;-0.00132477;-0.00123846
2005-07-14;0.00219065;0.00227723
2005-07-17;0.00001822;0.00027959
2005-07-18;-0.00233399;-0.00224549
2005-07-19;0.00000000;0.00008877
2005-07-20;0.00000000;0.00008849
2005-07-21;0.00000000;0.00008959
2005-07-24;0.00000000;0.00027123
2005-07-25;0.00000000;0.00009233
2005-07-26;0.00000000;0.00009205
2005-07-27;0.00000000;0.00009123
2005-07-28;0.00000000;0.00009123
2005-07-31;0.00000000;0.00027452
2005-08-01;0.00000000;0.00009342
2005-08-02;0.00000000;0.00009342
2005-08-03;-0.00001667;0.00007594
2005-08-04;-0.00415061;-0.00405773
2005-08-07;0.00722447;0.00750721
2005-08-08;0.00002835;0.00012342
2005-08-09;0.00443726;0.00453151
2005-08-10;0.00111009;0.00120406
2005-08-11;0.00131209;0.00140607
2005-08-14;-0.00048625;-0.00020351
2005-08-15;-0.00042784;-0.00033277
2005-08-16;-0.00207130;-0.00197651
2005-08-17;-0.00063714;-0.00054289
2005-08-18;-0.00087545;-0.00078176
2005-08-21;0.00000000;0.00028274
2005-08-22;0.00000000;0.00009479
2005-08-23;0.00000000;0.00009479
2005-08-24;0.00000000;0.00009452
2005-08-25;0.00000000;0.00009479
2005-08-28;0.00000000;0.00028521
2005-08-29;0.00000000;0.00009507
2005-08-30;0.00000000;0.00009479
2005-08-31;0.00000000;0.00009425
2005-09-01;-0.00001667;0.00007648
2005-09-04;0.00359474;0.00387255
2005-09-05;-0.00022428;-0.00013168
2005-09-06;-0.00005167;0.00004285
2005-09-07;-0.00003008;0.00006334
2005-09-08;-0.00008996;0.00000319
2005-09-11;0.00000000;0.00028027
2005-09-12;0.00000000;0.00009425
2005-09-13;0.00000000;0.00009315
2005-09-14;0.00000000;0.00009178
2005-09-15;0.00000000;0.00009233
2005-09-18;0.00000000;0.00028110
2005-09-19;-0.00000000;0.00009616
2005-09-21;0.00000000;0.00018301
2005-09-22;0.00000000;0.00009288
2005-09-25;0.00000000;0.00027945
2005-09-26;0.00000000;0.00009479
2005-09-27;0.00000000;0.00009370
2005-09-28;-0.00001667;0.00007621
2005-09-29;0.00099782;0.00109261
2005-10-02;0.00148543;0.00177064
2005-10-03;0.00051354;0.00061053
2005-10-04;-0.00070781;-0.00061055
2005-10-05;-0.00505713;-0.00496124
2005-10-06;-0.00170042;-0.00160398
2005-10-09;0.00143697;0.00172792
2005-10-10;0.00114209;0.00123908
2005-10-11;-0.00047467;-0.00037467
2005-10-12;0.00063718;0.00073636
2005-10-13;0.00000000;0.00010027
2005-10-16;0.00000000;0.00030329
2005-10-17;0.00000000;0.00010356
2005-10-18;0.00000000;0.00010329
2005-10-19;0.00000000;0.00010329
2005-10-20;0.00000000;0.00010301
2005-10-23;0.00000000;0.00030986
2005-10-24;-0.00000000;0.00010521
2005-10-25;-0.00001667;0.00008854
2005-10-26;-0.00063883;-0.00053445
2005-10-27;0.00129007;0.00139390
2005-10-31;-0.00021894;0.00020736
2005-11-01;-0.00200170;-0.00189567
2005-11-02;-0.00120651;-0.00110103
2005-11-03;0.00194415;0.00204963
2005-11-04;0.00076590;0.00087220
2005-11-07;0.00247024;0.00278832
2005-11-08;0.00137468;0.00148070
2005-11-09;-0.00141190;-0.00130505
2005-11-10;-0.00003333;0.00007297
2005-11-11;0.00139115;0.00149745
2005-11-14;0.00021253;0.00053555
2005-11-15;0.00216448;0.00227188
2005-11-16;0.00260087;0.00270799
2005-11-17;0.00183844;0.00194583
2005-11-18;-0.00001667;0.00009046
2005-11-21;0.00098871;0.00131008
2005-11-22;-0.00119721;-0.00109201
2005-11-23;0.00041026;0.00051601
2005-11-24;0.00079978;0.00090554
2005-11-25;0.00122366;0.00132941
2005-11-28;0.00000000;0.00031973
2005-11-29;0.00000000;0.00010658
2005-11-30;0.00000000;0.00010575
2005-12-01;0.00000000;0.00010630
2005-12-02;0.00000000;0.00010685
2005-12-05;0.00000000;0.00032466
2005-12-06;0.00000000;0.00010822
2005-12-07;0.00000000;0.00010795
2005-12-08;-0.00000000;0.00010548
2005-12-09;-0.00000000;0.00010548
2005-12-12;-0.00001667;0.00029813
2005-12-13;-0.00020695;-0.00010201
2005-12-14;0.00620744;0.00631182
2005-12-15;0.00369726;0.00380246
2005-12-16;0.00062572;0.00073093
2005-12-19;-0.00108728;-0.00076755
2005-12-20;0.00000000;0.00010630
2005-12-21;0.00000000;0.00010685
2005-12-22;-0.00001667;0.00008991
2005-12-23;-0.00012090;-0.00001405
2005-12-26;0.00023676;0.00055731
2005-12-27;-0.00054943;-0.00044258
2005-12-28;0.00011922;0.00022525
2005-12-29;0.00119039;0.00129779
2005-12-30;-0.00005236;0.00005695
2006-01-02;-0.00003829;0.00028966
2006-01-03;-0.00051398;-0.00040248
2006-01-04;-0.00038451;-0.00027246
2006-01-05;0.00000000;0.00011233
2006-01-06;0.00000000;0.00011288
2006-01-09;0.00000000;0.00034027
2006-01-10;0.00000000;0.00011479
2006-01-11;-0.00000000;0.00011507
2006-01-12;0.00000000;0.00011562
2006-01-13;0.00000000;0.00011589
2006-01-16;0.00000000;0.00034767
2006-01-17;0.00000000;0.00011726
2006-01-18;0.00000000;0.00011644
2006-01-19;0.00000000;0.00011644
2006-01-20;0.00000000;0.00011644
2006-01-23;0.00000000;0.00035178
2006-01-24;-0.00000000;0.00011781
2006-01-25;-0.00001667;0.00010169
2006-01-26;-0.00065677;-0.00053787
2006-01-27;0.00021286;0.00033176
2006-01-30;-0.00055197;-0.00019197
2006-01-31;-0.00032543;-0.00020570
2006-02-01;0.00004656;0.00016629
2006-02-02;-0.00017495;-0.00005523
2006-02-03;0.00091093;0.00103066
2006-02-06;0.00091959;0.00127959
2006-02-07;0.00090596;0.00102624
2006-02-08;0.00025542;0.00037597
2006-02-09;0.00000000;0.00012082
2006-02-10;-0.00003333;0.00008776
2006-02-13;0.00832654;0.00869229
2006-02-14;-0.00191835;-0.00179643
2006-02-15;0.00182975;0.00195140
2006-02-16;-0.00111926;-0.00099762
2006-02-17;-0.00133093;-0.00120956
2006-02-20;0.00000000;0.00036411
2006-02-21;0.00000000;0.00012219
2006-02-22;0.00000000;0.00012219
2006-02-23;0.00000000;0.00012274
2006-02-24;0.00000000;0.00012301
2006-02-27;-0.00001667;0.00035402
2006-02-28;0.00114769;0.00127125
2006-03-01;0.00049311;0.00061613
2006-03-02;0.00264913;0.00277242
2006-03-03;0.00176789;0.00189117
2006-03-06;0.00273861;0.00310765
2006-03-07;0.00000000;0.00012301
2006-03-08;0.00000000;0.00012247
2006-03-09;0.00000000;0.00012274
2006-03-10;-0.00003333;0.00008995
2006-03-13;0.00042194;0.00079180
2006-03-14;0.00129266;0.00141540
2006-03-15;-0.00101301;-0.00088945
2006-03-16;-0.00237277;-0.00224948
2006-03-17;-0.00091879;-0.00079495
2006-03-20;0.00037963;0.00075361
2006-03-21;-0.00077921;-0.00065400
2006-03-22;-0.00065035;-0.00052515
2006-03-23;0.00015432;0.00027898
2006-03-24;-0.00036997;-0.00024558
2006-03-26;0.00000000;0.00024877
2006-03-27;0.00000000;0.00012356
2006-03-28;0.00000000;0.00012411
2006-03-29;-0.00001667;0.00010689
2006-03-30;-0.00026932;-0.00014603
2006-04-02;-0.00023644;0.00013506
2006-04-03;-0.00042993;-0.00030527
2006-04-04;-0.00187169;-0.00174676
2006-04-05;0.00268329;0.00280794
2006-04-06;0.00185305;0.00197799
2006-04-09;-0.00091063;-0.00053501
2006-04-10;-0.00029626;-0.00017078
2006-04-11;0.00000000;0.00012548
2006-04-12;0.00000000;0.00012548
2006-04-13;0.00000000;0.00012548
2006-04-16;-0.00001667;0.00035977
2006-04-17;-0.00017686;-0.00005056
2006-04-18;0.00018472;0.00031103
2006-04-19;0.00124790;0.00137420
2006-04-20;0.00012045;0.00024675
2006-04-23;-0.00058735;-0.00020680
2006-04-24;0.00000000;0.00012712
2006-04-25;0.00000000;0.00012795
2006-04-26;0.00000000;0.00012795
2006-04-27;0.00000000;0.00012767
2006-04-30;-0.00001667;0.00036553
2006-05-01;-0.00015160;-0.00002284
2006-05-02;0.00063207;0.00076056
2006-05-03;-0.00075740;-0.00062863
2006-05-04;-0.00043618;-0.00030796
2006-05-07;-0.00041934;-0.00003304
2006-05-08;-0.00005800;0.00007214
2006-05-09;0.00000000;0.00013041
2006-05-10;0.00000000;0.00013041
2006-05-11;-0.00001667;0.00011210
2006-05-14;0.00064672;0.00103466
2006-05-15;0.00022954;0.00035940
2006-05-16;-0.00088758;-0.00075854
2006-05-17;0.00018691;0.00031595
2006-05-18;0.00124653;0.00137557
2006-05-21;-0.00000000;0.00038630
2006-05-22;0.00000000;0.00012904
2006-05-23;0.00000000;0.00012932
2006-05-24;0.00000000;0.00012877
2006-05-25;0.00000000;0.00012877
2006-05-28;0.00000000;0.00038795
2006-05-29;0.00000000;0.00012932
2006-05-30;0.00000000;0.00012932
2006-05-31;0.00000000;0.00012986
2006-06-01;0.00000000;0.00012904
2006-06-04;-0.00001667;0.00036881
2006-06-05;0.00025816;0.00038775
2006-06-06;-0.00022560;-0.00009573
2006-06-07;0.00153965;0.00166952
2006-06-08;-0.00015366;-0.00002380
2006-06-11;0.00163477;0.00202518
2006-06-12;0.00000000;0.00013178
2006-06-13;0.00000000;0.00013068
2006-06-14;0.00000000;0.00013068
2006-06-15;0.00000000;0.00012932
2006-06-18;-0.00000000;0.00039041
2006-06-19;0.00000000;0.00013178
2006-06-20;0.00000000;0.00013151
2006-06-21;-0.00001667;0.00011457
2006-06-22;0.00027260;0.00040383
2006-06-25;-0.00094036;-0.00054255
2006-06-26;0.00018096;0.00031548
2006-06-27;0.00040907;0.00054386
2006-06-28;0.00048428;0.00061797
2006-06-29;0.00000000;0.00013370
2006-07-02;-0.00001667;0.00038361
2006-07-03;0.00063974;0.00077563
2006-07-04;-0.00012847;0.00000742
2006-07-05;-0.00082535;-0.00069165
2006-07-06;0.00176576;0.00189919
2006-07-09;0.00017530;0.00057722
2006-07-10;0.00000000;0.00013507
2006-07-11;0.00000000;0.00013479
2006-07-12;0.00000000;0.00013507
2006-07-13;0.00000000;0.00013479
2006-07-16;-0.00000000;0.00040521
2006-07-17;0.00000000;0.00013644
2006-07-18;-0.00003333;0.00010365
2006-07-19;-0.00009752;0.00003892
2006-07-20;0.00064465;0.00078027
2006-07-23;-0.00093897;-0.00053130
2006-07-24;-0.00011845;0.00001772
2006-07-25;-0.00048573;-0.00034875
2006-07-26;0.00325320;0.00338963
2006-07-27;0.00002749;0.00016365
2006-07-30;0.00008249;0.00048851
2006-07-31;-0.00020583;-0.00006966
2006-08-01;-0.00030775;-0.00017103
2006-08-02;0.00000000;0.00013616
2006-08-03;-0.00001667;0.00011977
2006-08-06;-0.00098392;-0.00057625
2006-08-07;-0.00003985;0.00009686
2006-08-08;0.00118218;0.00131834
2006-08-09;0.00249759;0.00263293
2006-08-10;-0.00252682;-0.00239203
2006-08-13;-0.00087899;-0.00047296
2006-08-14;-0.00045523;-0.00031852
2006-08-15;-0.00044453;-0.00030837
2006-08-16;-0.00064907;-0.00051373
2006-08-17;-0.00015862;-0.00002273
2006-08-20;0.00000000;0.00040849
2006-08-21;0.00000000;0.00013644
2006-08-22;0.00000000;0.00013616
2006-08-23;0.00000000;0.00013589
2006-08-24;0.00000000;0.00013589
2006-08-27;-0.00000000;0.00040932
2006-08-28;0.00000000;0.00013616
2006-08-29;0.00000000;0.00013534
2006-08-30;0.00000000;0.00013479
2006-08-31;0.00000000;0.00013479
2006-09-03;0.00000000;0.00040192
2006-09-04;0.00000000;0.00013397
2006-09-05;0.00000000;0.00013342
2006-09-06;0.00000000;0.00013260
2006-09-07;0.00000000;0.00013260
2006-09-10;0.00000000;0.00039452
2006-09-11;-0.00001667;0.00011511
2006-09-12;0.00014181;0.00027277
2006-09-13;-0.00144482;-0.00131359
2006-09-14;0.00048649;0.00061854
2006-09-17;0.00035098;0.00074797
2006-09-18;0.00038725;0.00051931
2006-09-19;0.00000000;0.00013205
2006-09-20;0.00000000;0.00013178
2006-09-21;0.00000000;0.00013123
2006-09-24;0.00000000;0.00039452
2006-09-25;0.00000000;0.00013041
2006-09-26;0.00000000;0.00013041
2006-09-27;0.00000000;0.00013041
2006-09-28;0.00000000;0.00013014
2006-10-01;0.00000000;0.00039205
2006-10-02;-0.00001667;0.00011374
2006-10-03;0.00121497;0.00134593
2006-10-04;0.00037393;0.00050543
2006-10-05;-0.00036089;-0.00022910
2006-10-08;-0.00045839;-0.00006223
2006-10-09;-0.00002109;0.00011096
2006-10-10;0.00000000;0.00013342
2006-10-11;0.00000000;0.00013397
2006-10-12;0.00000000;0.00013507
2006-10-15;0.00000000;0.00040438
2006-10-16;0.00000000;0.00013589
2006-10-17;0.00000000;0.00013589
2006-10-18;0.00000000;0.00013589
2006-10-19;0.00000000;0.00013616
2006-10-22;0.00000000;0.00040767
2006-10-23;0.00000000;0.00013671
2006-10-24;0.00000000;0.00013699
2006-10-25;0.00000000;0.00013671
2006-10-26;0.00000000;0.00013671
2006-10-30;0.00000000;0.00054466
2006-10-31;0.00000000;0.00013562
2006-11-01;0.00000000;0.00013534
2006-11-02;0.00000000;0.00013534
2006-11-03;0.00000000;0.00013589
2006-11-06;-0.00001667;0.00039100
2006-11-07;0.00025514;0.00039075
2006-11-08;-0.00003710;0.00009907
2006-11-09;0.00034311;0.00047900
2006-11-10;0.00076628;0.00090244
2006-11-13;-0.00014345;0.00026422
2006-11-14;0.00015419;0.00029008
2006-11-15;-0.00260430;-0.00246841
2006-11-16;0.00066746;0.00080335
2006-11-17;0.00021159;0.00034748
2006-11-20;0.00068437;0.00109122
2006-11-21;-0.00034739;-0.00021205
2006-11-22;0.00000000;0.00013479
2006-11-23;-0.00001667;0.00011813
2006-11-24;-0.00013138;0.00000314
2006-11-27;0.00000982;0.00041420
2006-11-28;-0.00102249;-0.00088797
2006-11-29;0.00108172;0.00121624
2006-11-30;-0.00135626;-0.00122201
2006-12-01;-0.00126809;-0.00113385
2006-12-04;-0.00005868;0.00034242
2006-12-05;0.00000000;0.00013315
2006-12-06;0.00000000;0.00013315
2006-12-07;0.00000000;0.00013288
2006-12-08;-0.00003333;0.00009927
2006-12-11;0.00653300;0.00692834
2006-12-12;0.00044643;0.00057821
2006-12-13;0.00072422;0.00085628
2006-12-14;0.00108264;0.00121497
2006-12-15;0.00048748;0.00061872
2006-12-18;-0.00052924;-0.00013143
2006-12-19;-0.00022477;-0.00009217
2006-12-20;-0.00051598;-0.00038338
2006-12-21;0.00029514;0.00042774
2006-12-22;0.00004999;0.00018314
2006-12-25;-0.00000000;0.00039945
2006-12-26;0.00000000;0.00013342
2006-12-27;0.00000000;0.00013288
2006-12-28;0.00000000;0.00013342
2006-12-29;0.00000000;0.00013397
2007-01-01;0.00000000;0.00040192
2007-01-02;0.00000000;0.00013534
2007-01-03;0.00000000;0.00013479
2007-01-04;0.00000000;0.00013452
2007-01-05;0.00000000;0.00013479
2007-01-08;0.00000000;0.00040685
2007-01-09;0.00000000;0.00013562
2007-01-10;0.00000000;0.00013589
2007-01-11;-0.00001667;0.00011977
2007-01-12;-0.00152293;-0.00138704
2007-01-15;-0.00095354;-0.00054587
2007-01-16;0.00013704;0.00027348
2007-01-17;-0.00107772;-0.00094101
2007-01-18;-0.00013308;0.00000363
2007-01-19;0.00000000;0.00013726
2007-01-22;-0.00000000;0.00041096
2007-01-23;0.00000000;0.00013726
2007-01-24;0.00000000;0.00013699
2007-01-25;0.00000000;0.00013726
2007-01-26;0.00000000;0.00013699
2007-01-29;-0.00001667;0.00039511
2007-01-30;-0.00005749;0.00007950
2007-01-31;0.00035335;0.00049007
2007-02-01;0.00033388;0.00047087
2007-02-02;-0.00024217;-0.00010491
2007-02-05;0.00123223;0.00164483
2007-02-06;0.00000000;0.00013726
2007-02-07;0.00000000;0.00013753
2007-02-08;-0.00001667;0.00012114
2007-02-09;0.00407337;0.00421090
2007-02-12;-0.00406074;-0.00364650
2007-02-13;-0.00208834;-0.00195053
2007-02-14;0.00056325;0.00070078
2007-02-15;-0.00212845;-0.00199064
2007-02-16;-0.00072751;-0.00058942
2007-02-19;0.00012112;0.00053537
2007-02-20;0.00102928;0.00116763
2007-02-21;-0.00013313;0.00000495
2007-02-22;0.00075071;0.00088907
2007-02-23;-0.00007133;0.00006703
2007-02-26;0.00051771;0.00093277
2007-02-27;0.00608592;0.00622264
2007-02-28;-0.00180029;-0.00166303
2007-03-01;0.00430481;0.00444180
2007-03-02;-0.00003333;0.00010311
2007-03-05;-0.00780580;-0.00739731
2007-03-06;0.00684847;0.00698518
2007-03-07;-0.00297534;-0.00283918
2007-03-08;0.00527707;0.00541268
2007-03-09;0.00420936;0.00434525
2007-03-12;0.00000000;0.00040767
2007-03-13;0.00000000;0.00013534
2007-03-14;0.00000000;0.00013479
2007-03-15;0.00000000;0.00013452
2007-03-16;0.00000000;0.00013425
2007-03-19;-0.00000000;0.00040521
2007-03-20;0.00000000;0.00013479
2007-03-21;0.00000000;0.00013452
2007-03-22;0.00000000;0.00013479
2007-03-23;0.00000000;0.00013534
2007-03-25;0.00000000;0.00027068
2007-03-26;0.00000000;0.00013507
2007-03-27;0.00000000;0.00013507
2007-03-28;0.00000000;0.00013479
2007-03-29;0.00000000;0.00013452
2007-04-01;0.00000000;0.00040274
2007-04-02;0.00000000;0.00013452
2007-04-03;0.00000000;0.00013452
2007-04-04;0.00000000;0.00013479
2007-04-05;0.00000000;0.00013425
2007-04-08;0.00000000;0.00040356
2007-04-09;0.00000000;0.00013397
2007-04-10;0.00000000;0.00013397
2007-04-11;0.00000000;0.00013425
2007-04-12;0.00000000;0.00013397
2007-04-15;-0.00001667;0.00038443
2007-04-16;0.00114322;0.00127692
2007-04-17;0.00030071;0.00043414
2007-04-18;0.00032171;0.00045486
2007-04-19;-0.00065046;-0.00051758
2007-04-22;0.00061715;0.00101578
2007-04-23;0.00000000;0.00013288
2007-04-24;0.00000000;0.00013260
2007-04-25;0.00000000;0.00013233
2007-04-26;0.00000000;0.00013205
2007-04-29;0.00000000;0.00039534
2007-04-30;-0.00001667;0.00011457
2007-05-01;0.00030678;0.00043719
2007-05-02;0.00036771;0.00049839
2007-05-03;0.00047285;0.00060326
2007-05-06;0.00106707;0.00145830
2007-05-07;0.00048936;0.00062005
2007-05-08;0.00099492;0.00112533
2007-05-09;-0.00126241;-0.00113255
2007-05-10;-0.00039315;-0.00026356
2007-05-13;0.00000000;0.00038877
2007-05-14;0.00000000;0.00012959
2007-05-15;0.00000000;0.00012877
2007-05-16;-0.00001667;0.00010991
2007-05-17;-0.00041878;-0.00029056
2007-05-20;0.00027316;0.00065946
2007-05-21;0.00038633;0.00051674
2007-05-22;0.00043664;0.00056787
2007-05-23;0.00015093;0.00028162
2007-05-24;0.00067456;0.00080525
2007-05-27;0.00019953;0.00058994
2007-05-28;0.00037773;0.00050787
2007-05-29;0.00016423;0.00029464
2007-05-30;0.00000000;0.00012904
2007-05-31;0.00000000;0.00012603
2007-06-03;0.00000000;0.00038301
2007-06-04;0.00000000;0.00012822
2007-06-05;-0.00001667;0.00011210
2007-06-06;0.00030366;0.00043161
2007-06-07;0.00165614;0.00178408
2007-06-10;0.00113113;0.00151250
2007-06-11;-0.00177041;-0.00164438
2007-06-12;0.00390237;0.00402812
2007-06-13;0.00165802;0.00178213
2007-06-14;0.00021432;0.00033815
2007-06-17;-0.00198457;-0.00162046
2007-06-18;0.00018150;0.00030506
2007-06-19;0.00180120;0.00192503
2007-06-20;-0.00174012;-0.00161382
2007-06-21;-0.00040483;-0.00027963
2007-06-24;0.00141982;0.00179708
2007-06-25;0.00145469;0.00158319
2007-06-26;-0.00062169;-0.00049320
2007-06-27;0.00017794;0.00030507
2007-06-28;-0.00220954;-0.00208242
2007-07-01;-0.00000000;0.00038466
2007-07-02;0.00000000;0.00013178
2007-07-03;0.00000000;0.00013178
2007-07-04;0.00000000;0.00013178
2007-07-05;0.00000000;0.00013178
2007-07-08;0.00000000;0.00039534
2007-07-09;-0.00001667;0.00011566
2007-07-10;0.00094921;0.00108099
2007-07-11;-0.00128213;-0.00115035
2007-07-12;0.00203354;0.00216587
2007-07-15;0.00120791;0.00160490
2007-07-16;0.00042346;0.00055607
2007-07-17;-0.00011065;0.00002141
2007-07-18;-0.00046089;-0.00032884
2007-07-19;0.00014479;0.00027739
2007-07-22;-0.00099084;-0.00059385
2007-07-23;0.00044672;0.00058042
2007-07-24;-0.00049214;-0.00035844
2007-07-25;-0.00126915;-0.00113628
2007-07-26;-0.00129201;-0.00116105
2007-07-29;0.00579286;0.00618081
2007-07-30;-0.00531807;-0.00518602
2007-07-31;0.00206007;0.00219213
2007-08-01;0.00062193;0.00075207
2007-08-02;-0.00204714;-0.00191700
2007-08-05;0.00114164;0.00152959
2007-08-06;0.00009150;0.00022136
2007-08-07;0.00109263;0.00122414
2007-08-08;-0.00275304;-0.00262126
2007-08-09;0.00107741;0.00120535
2007-08-12;0.00000000;0.00036493
2007-08-13;0.00000000;0.00012630
2007-08-14;-0.00001667;0.00010689
2007-08-15;-0.00647871;-0.00636638
2007-08-16;0.00185992;0.00196102
2007-08-19;0.00169602;0.00199602
2007-08-20;-0.00238198;-0.00229760
2007-08-21;0.00663441;0.00673057
2007-08-22;0.00000000;0.00009808
2007-08-23;0.00000000;0.00010384
2007-08-26;0.00000000;0.00033945
2007-08-27;0.00000000;0.00012329
2007-08-28;0.00000000;0.00011726
2007-08-29;0.00000000;0.00010630
2007-08-30;0.00000000;0.00010247
2007-09-02;0.00000000;0.00032137
2007-09-03;0.00000000;0.00010712
2007-09-04;0.00000000;0.00011918
2007-09-05;0.00000000;0.00011616
2007-09-06;-0.00000000;0.00011452
2007-09-10;0.00000000;0.00042301
2007-09-11;-0.00001667;0.00009292
2007-09-12;-0.00095600;-0.00084833
2007-09-13;-0.00168076;-0.00157199
2007-09-16;-0.00220291;-0.00188236
2007-09-17;0.00046526;0.00057622
2007-09-18;-0.00171431;-0.00160719
2007-09-19;0.00033430;0.00043923
2007-09-20;-0.00178485;-0.00168376
2007-09-23;0.00281620;0.00311538
2007-09-24;-0.00323991;-0.00313690
2007-09-25;-0.00014245;-0.00004108
2007-09-26;-0.00001667;0.00008306
2007-09-27;0.00032358;0.00042275
2007-09-30;-0.00109911;-0.00079336
2007-10-01;0.00003941;0.00014435
2007-10-02;-0.00014099;-0.00003524
2007-10-03;0.00064395;0.00074971
2007-10-04;-0.00000000;0.00010548
2007-10-07;0.00000000;0.00031973
2007-10-08;0.00000000;0.00010658
2007-10-09;-0.00000000;0.00010849
2007-10-10;-0.00001667;0.00009155
2007-10-11;-0.00017961;-0.00006974
2007-10-14;0.00027534;0.00061150
2007-10-15;0.00027737;0.00039216
2007-10-16;0.00003895;0.00015238
2007-10-17;0.00077825;0.00088537
2007-10-18;0.00000000;0.00010027
2007-10-21;0.00000000;0.00030822
2007-10-22;0.00000000;0.00010685
2007-10-23;0.00000000;0.00010630
2007-10-24;0.00000000;0.00010274
2007-10-25;-0.00000000;0.00010521
2007-10-29;0.00000000;0.00042849
2007-10-30;0.00000000;0.00010575
2007-10-31;-0.00000000;0.00010521
2007-11-01;0.00000000;0.00010164
2007-11-02;-0.00000000;0.00009644
2007-11-05;0.00000000;0.00029753
2007-11-06;0.00000000;0.00010027
2007-11-07;-0.00001667;0.00007648
2007-11-08;-0.00072363;-0.00063322
2007-11-09;-0.00154790;-0.00146050
2007-11-12;-0.00385772;-0.00359553
2007-11-13;0.00917089;0.00926432
2007-11-14;-0.00324096;-0.00314972
2007-11-15;-0.00376144;-0.00367322
2007-11-16;0.00250714;0.00259810
2007-11-19;-0.00292858;-0.00265570
2007-11-20;0.00000000;0.00008685
2007-11-21;0.00000000;0.00008274
2007-11-22;0.00000000;0.00008274
2007-11-23;0.00000000;0.00008630
2007-11-26;0.00000000;0.00025151
2007-11-27;0.00000000;0.00008438
2007-11-28;0.00000000;0.00008164
2007-11-29;0.00000000;0.00008000
2007-11-30;0.00000000;0.00008438
2007-12-03;0.00000000;0.00024575
2007-12-04;0.00000000;0.00008219
2007-12-05;0.00000000;0.00008219
2007-12-06;0.00000000;0.00008274
2007-12-07;0.00000000;0.00008329
2007-12-10;-0.00001667;0.00022826
2007-12-11;0.00381686;0.00389549
2007-12-12;-0.00466551;-0.00458853
2007-12-13;0.00073547;0.00081219
2007-12-14;0.00280496;0.00288195
2007-12-17;0.00309138;0.00333877
2007-12-18;-0.00058512;-0.00050348
2007-12-19;-0.00044010;-0.00036202
2007-12-20;0.00000000;0.00007808
2007-12-21;0.00000000;0.00008000
2007-12-24;-0.00001667;0.00025128
2007-12-25;-0.00007563;0.00001368
2007-12-26;-0.00096236;-0.00087359
2007-12-27;-0.00275531;-0.00267065
2007-12-28;-0.00043129;-0.00034635
2007-12-31;0.00566101;0.00593142
2008-01-01;-0.00101814;-0.00092800
2008-01-02;0.00542204;0.00550916
2008-01-03;-0.00212331;-0.00203674
2008-01-04;-0.00366874;-0.00358326
2008-01-07;0.00237868;0.00264087
2008-01-08;-0.00089297;-0.00080612
2008-01-09;0.00049899;0.00058502
2008-01-10;0.00000000;0.00008658
2008-01-11;0.00000000;0.00008274
2008-01-14;0.00000000;0.00025562
2008-01-15;-0.00003333;0.00005132
2008-01-16;-0.00219771;-0.00211387
2008-01-17;-0.00336150;-0.00327931
2008-01-18;-0.00020288;-0.00012644
2008-01-21;-0.00815758;-0.00792827
2008-01-22;0.00995313;0.01001614
2008-01-23;-0.00000000;0.00005918
2008-01-24;0.00000000;0.00006356
2008-01-25;0.00000000;0.00006164
2008-01-28;0.00000000;0.00018822
2008-01-29;0.00000000;0.00006110
2008-01-30;-0.00000000;0.00005918
2008-01-31;-0.00000000;0.00005260
2008-02-01;0.00000000;0.00005644
2008-02-04;0.00000000;0.00018247
2008-02-05;0.00000000;0.00005863
2008-02-06;0.00000000;0.00005616
2008-02-07;0.00000000;0.00005808
2008-02-08;0.00000000;0.00005973
2008-02-11;0.00000000;0.00018493
2008-02-12;0.00000000;0.00006164
2008-02-13;0.00000000;0.00006082
2008-02-14;0.00000000;0.00006192
2008-02-15;-0.00000000;0.00005918
2008-02-18;0.00000000;0.00017753
2008-02-19;-0.00001667;0.00004443
2008-02-20;-0.00082739;-0.00076711
2008-02-21;0.00155032;0.00160923
2008-02-22;0.00014317;0.00020207
2008-02-25;-0.00014513;0.00003158
2008-02-26;-0.00000609;0.00005117
2008-02-27;-0.00001667;0.00003648
2008-02-28;-0.00055803;-0.00050707
2008-02-29;-0.00004975;-0.00000017
2008-03-03;-0.00043170;-0.00029444
2008-03-04;-0.00045821;-0.00041355
2008-03-05;0.00006233;0.00010343
2008-03-06;-0.00213052;-0.00209298
2008-03-07;0.00070039;0.00073929
2008-03-10;-0.00003333;0.00007598
2008-03-11;0.01054851;0.01058824
2008-03-12;-0.00281267;-0.00277294
2008-03-13;-0.00060559;-0.00056915
2008-03-14;-0.00839226;-0.00836048
2008-03-17;-0.01221342;-0.01212383
2008-03-18;0.01139835;0.01142329
2008-03-19;-0.00828552;-0.00826909
2008-03-20;0.00270781;0.00272480
2008-03-21;0.00607338;0.00609037
2008-03-24;-0.00154201;-0.00144092
2008-03-25;0.00000000;0.00003479
2008-03-26;0.00000000;0.00003479
2008-03-27;0.00000000;0.00003507
2008-03-28;0.00000000;0.00003589
2008-03-30;0.00000000;0.00007178
2008-04-01;-0.00001667;0.00005895
2008-04-02;0.00023575;0.00027384
2008-04-03;0.00098494;0.00102275
2008-04-06;-0.00252421;-0.00241490
2008-04-07;-0.00088393;-0.00084475
2008-04-08;0.00036215;0.00040024
2008-04-09;0.00000000;0.00003534
2008-04-10;0.00000000;0.00003425
2008-04-13;-0.00000000;0.00009616
2008-04-14;0.00000000;0.00002932
2008-04-15;0.00000000;0.00002986
2008-04-16;0.00000000;0.00003041
2008-04-17;-0.00001667;0.00001648
2008-04-20;0.00097160;0.00108010
2008-04-21;0.00029032;0.00032676
2008-04-22;-0.00195490;-0.00192037
2008-04-23;-0.00219181;-0.00215783
2008-04-24;0.00109167;0.00112564
2008-04-27;0.00000000;0.00010767
2008-04-28;0.00000000;0.00003890
2008-04-29;0.00000000;0.00003945
2008-05-01;0.00000000;0.00007781
2008-05-04;-0.00000000;0.00012082
2008-05-05;0.00000000;0.00004137
2008-05-06;0.00000000;0.00004384
2008-05-07;-0.00000000;0.00004493
2008-05-08;0.00000000;0.00004466
2008-05-11;0.00000000;0.00013644
2008-05-12;0.00000000;0.00004767
2008-05-13;0.00000000;0.00004932
2008-05-14;0.00000000;0.00004904
2008-05-15;0.00000000;0.00004932
2008-05-18;0.00000000;0.00014877
2008-05-19;0.00000000;0.00004904
2008-05-20;0.00000000;0.00005014
2008-05-21;0.00000000;0.00005014
2008-05-22;0.00000000;0.00005014
2008-05-25;0.00000000;0.00014959
2008-05-26;-0.00000000;0.00004986
2008-05-27;0.00000000;0.00005096
2008-05-28;0.00000000;0.00005096
2008-05-29;0.00000000;0.00005123
2008-06-01;0.00000000;0.00015205
2008-06-02;-0.00000000;0.00004986
2008-06-03;-0.00000000;0.00004986
2008-06-04;-0.00001667;0.00003292
2008-06-05;-0.00094738;-0.00089752
2008-06-08;-0.00168104;-0.00153227
2008-06-09;0.00072061;0.00077157
2008-06-10;-0.00080211;-0.00074786
2008-06-11;-0.00064869;-0.00059609
2008-06-12;0.00000000;0.00005370
2008-06-15;0.00000000;0.00016027
2008-06-16;0.00000000;0.00005589
2008-06-17;0.00000000;0.00005370
2008-06-18;0.00000000;0.00005178
2008-06-19;0.00000000;0.00005123
2008-06-22;0.00000000;0.00015041
2008-06-23;0.00000000;0.00005068
2008-06-24;0.00000000;0.00004932
2008-06-25;0.00000000;0.00004877
2008-06-26;0.00000000;0.00004658
2008-06-29;0.00000000;0.00013479
2008-07-01;0.00000000;0.00010082
2008-07-02;0.00000000;0.00004904
2008-07-03;0.00000000;0.00004959
2008-07-06;0.00000000;0.00014877
2008-07-07;0.00000000;0.00005041
2008-07-08;0.00000000;0.00005014
2008-07-09;0.00000000;0.00004904
2008-07-10;-0.00003333;0.00001160
2008-07-13;0.00312648;0.00325635
2008-07-14;0.00562627;0.00566736
2008-07-15;0.00123576;0.00127329
2008-07-16;-0.00465892;-0.00462193
2008-07-17;-0.00239378;-0.00235543
2008-07-20;0.00000000;0.00011918
2008-07-21;0.00000000;0.00004000
2008-07-22;-0.00001667;0.00002498
2008-07-23;0.00168843;0.00173117
2008-07-24;-0.00009367;-0.00004928
2008-07-27;-0.00002764;0.00011291
2008-07-28;-0.00093842;-0.00089185
2008-07-29;-0.00044943;-0.00040313
2008-07-30;0.00000000;0.00004575
2008-07-31;0.00000000;0.00004521
2008-08-03;0.00000000;0.00013397
2008-08-04;0.00000000;0.00004712
2008-08-05;0.00000000;0.00004712
2008-08-06;0.00000000;0.00004411
2008-08-07;0.00000000;0.00004466
2008-08-10;-0.00005000;0.00008726
2008-08-11;0.00163905;0.00168946
2008-08-12;0.01262249;0.01267263
2008-08-13;0.00451702;0.00456689
2008-08-14;-0.00492207;-0.00487138
2008-08-17;-0.00567600;-0.00552723
2008-08-18;0.00000000;0.00004904
2008-08-19;0.00000000;0.00004849
2008-08-20;0.00000000;0.00004603
2008-08-21;0.00000000;0.00004630
2008-08-24;0.00000000;0.00013726
2008-08-25;0.00076416;0.00081100
2008-08-26;0.00160934;0.00165536
2008-08-27;-0.00062416;-0.00057923
2008-08-28;-0.00516512;-0.00511827
2008-08-31;-0.00589749;-0.00575859
2008-09-01;0.00014322;0.00018952
2008-09-02;-0.00093402;-0.00088772
2008-09-03;0.00309909;0.00314485
2008-09-04;0.00534698;0.00539246
2008-09-07;-0.00078667;-0.00065105
2008-09-08;-0.00315854;-0.00311224
2008-09-09;-0.00344832;-0.00340366
2008-09-10;-0.00112254;-0.00107815
2008-09-11;0.00000000;0.00004329
2008-09-14;0.00000000;0.00012000
2008-09-15;0.00000000;0.00002822
2008-09-16;0.00000000;0.00002301
2008-09-17;-0.00000000;0.00000082
2008-09-18;0.00000000;0.00000630
2008-09-21;0.00000000;0.00007973
2008-09-22;0.00000000;0.00003534
2008-09-23;0.00000000;0.00002219
2008-09-24;0.00000000;0.00001370
2008-09-25;0.00000000;0.00002055
2008-09-28;-0.00001667;0.00005402
2008-09-29;0.00172136;0.00174766
2008-09-30;-0.00050214;-0.00047748
2008-10-01;-0.00220437;-0.00218136
2008-10-02;-0.00503710;-0.00502011
2008-10-05;-0.01883897;-0.01879787
2008-10-06;0.00158905;0.00160385
2008-10-07;-0.00335568;-0.00333349
2008-10-08;0.00143855;0.00145691
2008-10-09;-0.00149473;-0.00147884
2008-10-12;0.00434035;0.00436008
2008-10-13;-0.00000000;0.00000658
2008-10-14;0.00000000;0.00000932
2008-10-15;-0.00000000;0.00000603
2008-10-16;0.00000000;0.00001233
2008-10-19;0.00000000;0.00006575
2008-10-20;0.00000000;0.00003397
2008-10-21;0.00000000;0.00002986
2008-10-22;0.00000000;0.00002822
2008-10-23;-0.00003333;-0.00000703
2008-10-27;-0.01471594;-0.01462388
2008-10-28;0.03763666;0.03765748
2008-10-29;0.00201642;0.00203313
2008-10-30;0.00389131;0.00390227
2008-10-31;-0.00573548;-0.00572343
2008-11-03;-0.00327168;-0.00323141
2008-11-04;-0.00001667;-0.00000352
2008-11-05;-0.00011361;-0.00010293
2008-11-06;0.00021363;0.00022212
2008-11-07;0.00099133;0.00099955
2008-11-10;-0.00116293;-0.00113910
2008-11-11;0.00068776;0.00069571
2008-11-12;-0.00001667;-0.00001174
2008-11-13;-0.00860125;-0.00859549
2008-11-14;0.00168007;0.00168391
2008-11-17;0.00416721;0.00417708
2008-11-18;-0.00050497;-0.00050168
2008-11-19;0.00362510;0.00362701
2008-11-20;-0.00000000;0.00000082
2008-11-21;0.00000000;0.00000055
2008-11-24;0.00000000;0.00001068
2008-11-25;0.00000000;0.00000274
2008-11-26;0.00000000;0.00000137
2008-11-27;0.00000000;0.00000137
2008-11-28;0.00000000;0.00000027
2008-12-01;0.00000000;0.00000575
2008-12-02;-0.00000000;0.00000164
2008-12-03;0.00000000;0.00000055
2008-12-04;0.00000000;0.00000055
2008-12-05;0.00000000;0.00000055
2008-12-08;0.00000000;0.00000247
2008-12-09;-0.00000000;0.00000082
2008-12-10;0.00000000;0.00000000
2008-12-11;-0.00003333;-0.00003306
2008-12-12;-0.00078180;-0.00078125
2008-12-15;-0.00357775;-0.00357446
2008-12-16;-0.00063827;-0.00063718
2008-12-17;-0.00361970;-0.00361833
2008-12-18;-0.00629887;-0.00629887
2008-12-19;0.01609165;0.01609220
2008-12-22;-0.00811395;-0.00811312
2008-12-23;-0.00343932;-0.00343877
2008-12-24;-0.00120317;-0.00120317
2008-12-25;-0.00039682;-0.00039682
2008-12-26;-0.00000000;0.00000082
2008-12-29;0.00000000;0.00000493
2008-12-30;0.00000000;0.00000274
2008-12-31;-0.00001667;-0.00001365
2009-01-01;0.00573799;0.00574101
2009-01-02;0.00262294;0.00262513
2009-01-05;0.00223911;0.00225062
2009-01-06;-0.00098527;-0.00098144
2009-01-07;-0.00115984;-0.00115682
2009-01-08;0.00000000;0.00000247
2009-01-09;-0.00001667;-0.00001475
2009-01-12;-0.00572152;-0.00571165
2009-01-13;-0.00405920;-0.00405618
2009-01-14;-0.00064074;-0.00063745
2009-01-15;0.00177811;0.00178112
2009-01-16;0.00608857;0.00609186
2009-01-19;0.00000000;0.00000986
2009-01-20;0.00000000;0.00000356
2009-01-21;-0.00000000;0.00000301
2009-01-22;0.00000000;0.00000274
2009-01-23;-0.00000000;0.00000301
2009-01-26;0.00000000;0.00001233
2009-01-27;0.00000000;0.00000356
2009-01-28;0.00000000;0.00000521
2009-01-29;0.00000000;0.00000630
2009-01-30;-0.00000000;0.00000658
2009-02-02;0.00000000;0.00002219
2009-02-03;0.00000000;0.00000877
2009-02-04;0.00000000;0.00000822
2009-02-05;0.00000000;0.00000795
2009-02-06;-0.00001667;-0.00000900
2009-02-09;0.02696702;0.02699332
2009-02-10;-0.00438457;-0.00437608
2009-02-11;0.00004372;0.00005194
2009-02-12;0.00069110;0.00069904
2009-02-13;-0.00113148;-0.00112354
2009-02-16;0.00000000;0.00002384
2009-02-17;0.00000000;0.00000877
2009-02-18;0.00000000;0.00000849
2009-02-19;0.00000000;0.00000822
2009-02-20;-0.00001667;-0.00000927
2009-02-23;0.00293571;0.00296037
2009-02-24;-0.01314643;-0.01313766
2009-02-25;0.00113995;0.00114817
2009-02-26;-0.00327539;-0.00326799
2009-02-27;0.00367218;0.00367930
2009-03-02;0.00000000;0.00002301
2009-03-03;-0.00000000;0.00000740
2009-03-04;0.00000000;0.00000712
2009-03-05;0.00000000;0.00000548
2009-03-06;0.00000000;0.00000548
2009-03-09;-0.00001667;0.00000224
2009-03-10;-0.00251277;-0.00250620
2009-03-11;-0.00122832;-0.00122201
2009-03-12;-0.00026770;-0.00026195
2009-03-13;0.00062966;0.00063487
2009-03-16;-0.00043595;-0.00041623
2009-03-17;-0.00040740;-0.00040082
2009-03-18;-0.00024526;-0.00023951
2009-03-19;0.00406072;0.00406620
2009-03-20;-0.00108626;-0.00108050
2009-03-23;-0.00430272;-0.00428464
2009-03-24;0.00548068;0.00548643
2009-03-25;-0.00616212;-0.00615691
2009-03-26;0.00000000;0.00000411
2009-03-27;0.00000000;0.00000356
2009-03-29;0.00000000;0.00000712
2009-03-30;0.00000000;0.00000493
2009-03-31;0.00000000;0.00000575
2009-04-01;-0.00000000;0.00000603
2009-04-02;-0.00000000;0.00000603
2009-04-05;0.00000000;0.00001726
2009-04-06;-0.00001667;-0.00001119
2009-04-07;0.00040512;0.00041060
2009-04-08;-0.00199798;-0.00199305
2009-04-09;0.00141109;0.00141602
2009-04-12;-0.00004294;-0.00002815
2009-04-13;-0.00375896;-0.00375403
2009-04-14;0.00000000;0.00000466
2009-04-15;0.00000000;0.00000411
2009-04-16;0.00000000;0.00000356
2009-04-19;-0.00001667;-0.00000516
2009-04-20;0.00216512;0.00216896
2009-04-21;0.00006107;0.00006518
2009-04-22;0.00281968;0.00282352
2009-04-23;0.00074451;0.00074725
2009-04-26;-0.00851999;-0.00851177
2009-04-27;0.00000000;0.00000356
2009-04-28;0.00000000;0.00000356
2009-04-29;-0.00000000;0.00000301
2009-04-30;0.00000000;0.00000384
2009-05-03;0.00000000;0.00001233
2009-05-04;0.00000000;0.00000521
2009-05-05;0.00000000;0.00000521
2009-05-06;0.00000000;0.00000521
2009-05-07;0.00000000;0.00000493
2009-05-10;0.00000000;0.00001479
2009-05-11;0.00000000;0.00000521
2009-05-12;0.00000000;0.00000521
2009-05-13;0.00000000;0.00000466
2009-05-14;0.00000000;0.00000438
2009-05-17;-0.00000000;0.00001397
2009-05-18;0.00000000;0.00000521
2009-05-19;-0.00003333;-0.00002840
2009-05-20;0.00026224;0.00026717
2009-05-21;0.00100537;0.00101058
2009-05-24;0.00057816;0.00059295
2009-05-25;-0.00074429;-0.00073935
2009-05-26;-0.00317527;-0.00317033
2009-05-27;0.00290577;0.00291043
2009-05-28;-0.00228947;-0.00228536
2009-05-31;-0.00739798;-0.00738648
2009-06-01;0.00054299;0.00054655
2009-06-02;0.00373355;0.00373739
2009-06-03;-0.00251872;-0.00251489
2009-06-04;0.00000000;0.00000384
2009-06-07;0.00000000;0.00001562
2009-06-08;0.00000000;0.00000521
2009-06-09;0.00000000;0.00000521
2009-06-10;-0.00001667;-0.00001174
2009-06-11;0.00050857;0.00051377
2009-06-14;-0.00236700;-0.00235220
2009-06-15;-0.00099747;-0.00099281
2009-06-16;0.00262145;0.00262611
2009-06-17;0.00098784;0.00099250
2009-06-18;-0.00027619;-0.00027126
2009-06-21;-0.00069138;-0.00067658
2009-06-22;-0.00001667;-0.00001119
2009-06-23;0.00618065;0.00618613
2009-06-24;0.00018501;0.00019022
2009-06-25;-0.00188412;-0.00187919
2009-06-28;0.00077680;0.00079241
2009-06-29;-0.00020267;-0.00019719
2009-06-30;0.00000000;0.00000521
2009-07-01;0.00000000;0.00000466
2009-07-02;0.00000000;0.00000466
2009-07-05;-0.00000000;0.00001397
2009-07-06;-0.00001667;-0.00001146
2009-07-07;-0.00044136;-0.00043615
2009-07-08;0.00696456;0.00696949
2009-07-09;-0.00434444;-0.00433923
2009-07-12;0.00252403;0.00253882
2009-07-13;0.00280069;0.00280562
2009-07-14;0.00584755;0.00585248
2009-07-15;0.00000000;0.00000493
2009-07-16;0.00000000;0.00000521
2009-07-19;-0.00000000;0.00001397
2009-07-20;0.00000000;0.00000521
2009-07-21;0.00000000;0.00000521
2009-07-22;0.00000000;0.00000521
2009-07-23;0.00000000;0.00000521
2009-07-26;0.00000000;0.00001479
2009-07-27;0.00000000;0.00000521
2009-07-28;-0.00001667;-0.00001146
2009-07-29;-0.00094416;-0.00093895
2009-07-30;0.00202662;0.00203155
2009-08-02;-0.00196674;-0.00195194
2009-08-03;-0.00033577;-0.00033056
2009-08-04;-0.00142475;-0.00141982
2009-08-05;0.00269550;0.00270043
2009-08-06;0.00000000;0.00000466
2009-08-09;0.00000000;0.00001479
2009-08-10;0.00000000;0.00000521
2009-08-11;0.00000000;0.00000493
2009-08-12;0.00000000;0.00000466
2009-08-13;0.00000000;0.00000466
2009-08-16;0.00000000;0.00001479
2009-08-17;0.00000000;0.00000493
2009-08-18;0.00000000;0.00000493
2009-08-19;0.00000000;0.00000466
2009-08-20;0.00000000;0.00000466
2009-08-23;-0.00001667;-0.00000269
2009-08-24;-0.00160711;-0.00160245
2009-08-25;-0.00072351;-0.00071885
2009-08-26;-0.00182393;-0.00181982
2009-08-27;0.00117164;0.00117575
2009-08-30;-0.00054746;-0.00053514
2009-08-31;-0.00001667;-0.00001256
2009-09-01;-0.00021742;-0.00021359
2009-09-02;0.00129424;0.00129808
2009-09-03;0.00199558;0.00199969
2009-09-06;0.00058498;0.00059648
2009-09-07;0.00176339;0.00176722
2009-09-08;0.00000000;0.00000384
2009-09-09;0.00000000;0.00000384
2009-09-10;0.00000000;0.00000384
2009-09-13;0.00000000;0.00001151
2009-09-14;-0.00001667;-0.00001283
2009-09-15;-0.00116268;-0.00115911
2009-09-16;-0.00134536;-0.00134262
2009-09-17;-0.00293931;-0.00293657
2009-09-20;-0.00040849;-0.00040191
2009-09-21;0.00046107;0.00046409
2009-09-22;-0.00000000;0.00000301
2009-09-23;-0.00003333;-0.00003032
2009-09-24;-0.00022437;-0.00022163
2009-09-27;-0.00018989;-0.00018167
2009-09-28;0.00272774;0.00273076
2009-09-29;0.00034958;0.00035314
2009-09-30;0.00036043;0.00036426
2009-10-01;0.00197675;0.00197949
2009-10-04;0.00161460;0.00162282
2009-10-05;-0.00167525;-0.00167306
2009-10-06;-0.00122215;-0.00121996
2009-10-07;0.00234008;0.00234254
2009-10-08;-0.00000000;0.00000164
2009-10-11;0.00000000;0.00000575
2009-10-12;0.00000000;0.00000192
2009-10-13;0.00000000;0.00000192
2009-10-14;0.00000000;0.00000192
2009-10-15;0.00000000;0.00000192
2009-10-18;0.00000000;0.00000575
2009-10-19;0.00000000;0.00000219
2009-10-20;0.00000000;0.00000219
2009-10-21;0.00000000;0.00000192
2009-10-22;-0.00000000;0.00000164
2009-10-26;0.00000000;0.00000877
2009-10-27;0.00000000;0.00000219
2009-10-28;0.00000000;0.00000192
2009-10-29;-0.00000000;0.00000164
2009-10-30;0.00000000;0.00000137
2009-11-02;0.00000000;0.00000493
2009-11-03;-0.00000000;0.00000164
2009-11-04;0.00000000;0.00000137
2009-11-05;0.00000000;0.00000110
2009-11-06;-0.00000000;0.00000164
2009-11-09;0.00000000;0.00000575
2009-11-10;0.00000000;0.00000192
2009-11-11;0.00000000;0.00000192
2009-11-12;0.00000000;0.00000192
2009-11-13;-0.00000000;0.00000164
2009-11-16;0.00000000;0.00000575
2009-11-17;-0.00000000;0.00000164
2009-11-18;0.00000000;0.00000110
2009-11-19;0.00000000;0.00000055
2009-11-20;0.00000000;0.00000055
2009-11-23;0.00000000;0.00000411
2009-11-24;0.00000000;0.00000137
2009-11-25;-0.00001667;-0.00001530
2009-11-26;-0.00084531;-0.00084394
2009-11-27;0.00739737;0.00739819
2009-11-30;-0.00158223;-0.00157730
2009-12-01;0.00463217;0.00463382
2009-12-02;0.00415356;0.00415493
2009-12-03;0.00066605;0.00066770
2009-12-04;-0.00000000;0.00000164
2009-12-07;0.00000000;0.00000329
2009-12-08;-0.00000000;0.00000082
2009-12-09;-0.00000000;0.00000082
2009-12-10;0.00000000;0.00000055
2009-12-11;-0.00000000;0.00000082
2009-12-14;0.00000000;0.00000329
2009-12-15;0.00000000;0.00000137
2009-12-16;-0.00001667;-0.00001557
2009-12-17;-0.00072796;-0.00072687
2009-12-18;-0.00164056;-0.00163919
2009-12-21;0.00082523;0.00083181
2009-12-22;0.00124881;0.00125100
2009-12-23;0.00086776;0.00086968
2009-12-24;0.00016763;0.00016900
2009-12-25;0.00000000;0.00000137
2009-12-28;0.00000000;0.00000904
2009-12-29;0.00000000;0.00000274
2009-12-30;0.00000000;0.00000137
2009-12-31;-0.00000000;0.00000164
2010-01-01;-0.00001667;-0.00001502
2010-01-04;0.00079029;0.00079687
2010-01-05;0.00464554;0.00464746
2010-01-06;-0.00376082;-0.00375917
2010-01-07;-0.00184441;-0.00184304
2010-01-08;0.00062385;0.00062522
2010-01-11;0.00000000;0.00000329
2010-01-12;0.00000000;0.00000137
2010-01-13;-0.00000000;0.00000164
2010-01-14;0.00000000;0.00000137
2010-01-15;-0.00001667;-0.00001502
2010-01-18;-0.00082813;-0.00082320
2010-01-19;-0.00310245;-0.00310080
2010-01-20;-0.00276628;-0.00276491
2010-01-21;-0.00139842;-0.00139678
2010-01-22;0.00165896;0.00166061
2010-01-25;0.00234176;0.00234670
2010-01-26;-0.00447985;-0.00447793
2010-01-27;0.00000658;0.00000877
2010-01-28;0.00000000;0.00000219
2010-01-29;0.00000000;0.00000219
2010-02-01;0.00000000;0.00000822
2010-02-02;0.00000000;0.00000274
2010-02-03;0.00000000;0.00000274
2010-02-04;-0.00001667;-0.00001420
2010-02-05;0.00050594;0.00050868
2010-02-08;-0.00043894;-0.00042907
2010-02-09;0.00071069;0.00071398
2010-02-10;-0.00031274;-0.00030972
2010-02-11;-0.00027742;-0.00027441
2010-02-12;0.00000000;0.00000274
2010-02-15;0.00000000;0.00000822
2010-02-16;0.00000000;0.00000274
2010-02-17;0.00000000;0.00000274
2010-02-18;0.00000000;0.00000274
2010-02-19;-0.00000000;0.00000301
2010-02-22;0.00000000;0.00000904
2010-02-23;-0.00000000;0.00000329
2010-02-24;-0.00000000;0.00000329
2010-02-25;-0.00001667;-0.00001311
2010-02-26;-0.00157755;-0.00157399
2010-03-01;-0.00497088;-0.00496019
2010-03-02;-0.00033179;-0.00032795
2010-03-03;-0.00034985;-0.00034601
2010-03-04;0.00143416;0.00143800
2010-03-05;0.00000000;0.00000411
2010-03-08;0.00000000;0.00001315
2010-03-09;0.00000000;0.00000438
2010-03-10;0.00000000;0.00000411
2010-03-11;0.00000000;0.00000438
2010-03-12;-0.00001667;-0.00001256
2010-03-15;-0.00096935;-0.00095538
2010-03-16;0.00011974;0.00012413
2010-03-17;-0.00098185;-0.00097774
2010-03-18;-0.00206198;-0.00205759
2010-03-19;-0.00078714;-0.00078275
2010-03-22;-0.00026371;-0.00025139
2010-03-23;-0.00252769;-0.00252385
2010-03-24;0.00122244;0.00122628
2010-03-25;-0.00069488;-0.00069104
2010-03-26;0.00053298;0.00053681
2010-03-28;0.00000000;0.00000767
2010-03-29;0.00000000;0.00000411
2010-03-30;-0.00001667;-0.00001228
2010-03-31;-0.00295720;-0.00295281
2010-04-01;-0.00065595;-0.00065156
2010-04-04;0.00121929;0.00123244
2010-04-05;0.00255743;0.00256236
2010-04-06;0.00225899;0.00226365
2010-04-07;-0.00057129;-0.00056663
2010-04-08;0.00118212;0.00118677
2010-04-11;0.00264305;0.00265620
2010-04-12;0.00000000;0.00000438
2010-04-13;0.00000000;0.00000438
2010-04-14;0.00000000;0.00000438
2010-04-15;0.00000000;0.00000438
2010-04-18;0.00000000;0.00001315
2010-04-19;0.00000000;0.00000438
2010-04-20;0.00000000;0.00000438
2010-04-21;-0.00001667;-0.00001256
2010-04-22;0.00274218;0.00274657
2010-04-25;-0.00141802;-0.00140487
2010-04-26;-0.00104794;-0.00104356
2010-04-27;0.00602200;0.00602638
2010-04-28;-0.00063345;-0.00062907
2010-04-29;0.00017020;0.00017486
2010-05-02;0.00059400;0.00060715
2010-05-03;-0.00588269;-0.00587803
2010-05-04;-0.00003333;-0.00002895
2010-05-05;-0.01475585;-0.01475174
2010-05-06;0.01169933;0.01170235
2010-05-09;0.00788807;0.00789875
2010-05-10;-0.01512645;-0.01512206
2010-05-11;0.00458549;0.00458987
2010-05-12;-0.00044895;-0.00044457
2010-05-13;0.00000000;0.00000438
2010-05-16;0.00000000;0.00001315
2010-05-17;0.00000000;0.00000438
2010-05-18;0.00000000;0.00000466
2010-05-19;0.00000000;0.00000466
2010-05-20;0.00000000;0.00000466
2010-05-23;-0.00000000;0.00001397
2010-05-24;0.00000000;0.00000466
2010-05-25;0.00000000;0.00000466
2010-05-26;0.00000000;0.00000466
2010-05-27;0.00000000;0.00000466
2010-05-30;0.00000000;0.00001315
2010-05-31;-0.00001667;-0.00001228
2010-06-01;0.00051937;0.00052375
2010-06-02;-0.00147697;-0.00147259
2010-06-03;-0.00200469;-0.00200085
2010-06-06;-0.00121076;-0.00119925
2010-06-07;0.00188550;0.00188879
2010-06-08;-0.00000000;0.00000329
2010-06-09;0.00000000;0.00000274
2010-06-10;0.00000000;0.00000274
2010-06-13;0.00000000;0.00000658
2010-06-14;0.00000000;0.00000192
2010-06-15;0.00000000;0.00000247
2010-06-16;0.00000000;0.00000274
2010-06-17;0.00000000;0.00000247
2010-06-20;0.00000000;0.00000904
2010-06-21;-0.00000000;0.00000329
2010-06-22;0.00000000;0.00000356
2010-06-23;0.00000000;0.00000356
2010-06-24;0.00000000;0.00000356
2010-06-27;-0.00003333;-0.00002265
2010-06-28;-0.00530343;-0.00529877
2010-06-29;0.00381386;0.00381797
2010-06-30;0.00920276;0.00920769
2010-07-01;0.00462281;0.00462747
2010-07-04;-0.00035513;-0.00034116
2010-07-05;0.00187428;0.00187894
2010-07-06;0.00000000;0.00000466
2010-07-07;0.00000000;0.00000438
2010-07-08;0.00000000;0.00000411
2010-07-11;0.00000000;0.00001315
2010-07-12;0.00000000;0.00000438
2010-07-13;0.00000000;0.00000411
2010-07-14;0.00000000;0.00000411
2010-07-15;0.00000000;0.00000411
2010-07-18;0.00000000;0.00001233
2010-07-19;0.00000000;0.00000466
2010-07-20;0.00000000;0.00000438
2010-07-21;0.00000000;0.00000438
2010-07-22;0.00000000;0.00000438
2010-07-25;0.00000000;0.00001315
2010-07-26;-0.00001667;-0.00001228
2010-07-27;0.00123258;0.00123669
2010-07-28;0.00304821;0.00305232
2010-07-29;0.00063127;0.00063538
2010-08-01;-0.00276814;-0.00275581
2010-08-02;-0.00136201;-0.00135763
2010-08-03;0.00000000;0.00000438
2010-08-04;0.00000000;0.00000438
2010-08-05;0.00000000;0.00000411
2010-08-08;0.00000000;0.00001233
2010-08-09;0.00000000;0.00000411
2010-08-10;0.00000000;0.00000411
2010-08-11;-0.00001667;-0.00001256
2010-08-12;0.00309129;0.00309567
2010-08-15;-0.00120429;-0.00119197
2010-08-16;-0.00213843;-0.00213405
2010-08-17;0.00287136;0.00287602
2010-08-18;-0.00123424;-0.00122986
2010-08-19;-0.00001667;-0.00001228
2010-08-22;-0.00167141;-0.00165908
2010-08-23;0.00009712;0.00010150
2010-08-24;-0.00316713;-0.00316275
2010-08-25;0.00278132;0.00278571
2010-08-26;-0.00056914;-0.00056475
2010-08-29;0.00579085;0.00580318
2010-08-30;-0.00604858;-0.00604474
2010-08-31;-0.00098077;-0.00097694
2010-09-01;0.00000000;0.00000356
2010-09-02;0.00000000;0.00000384
2010-09-05;0.00000000;0.00001151
2010-09-06;0.00000000;0.00000384
2010-09-07;0.00000000;0.00000384
2010-09-08;0.00000000;0.00000384
2010-09-09;0.00000000;0.00000384
2010-09-12;0.00000000;0.00001151
2010-09-13;0.00000000;0.00000411
2010-09-14;0.00000000;0.00000411
2010-09-15;-0.00001667;-0.00001256
2010-09-16;-0.00221574;-0.00221136
2010-09-19;0.00419302;0.00420617
2010-09-20;0.00038406;0.00038872
2010-09-21;-0.00477989;-0.00477523
2010-09-22;-0.00367995;-0.00367557
2010-09-23;0.00467653;0.00468092
2010-09-26;-0.00077816;-0.00076583
2010-09-27;0.00066398;0.00066837
2010-09-28;-0.00351017;-0.00350579
2010-09-29;0.00000000;0.00000438
2010-09-30;0.00000000;0.00000438
2010-10-03;0.00000000;0.00001315
2010-10-04;0.00000000;0.00000356
2010-10-05;-0.00000000;0.00000329
2010-10-06;0.00000000;0.00000356
2010-10-07;0.00000000;0.00000356
2010-10-10;0.00000000;0.00000986
2010-10-11;-0.00000000;0.00000329
2010-10-12;0.00000000;0.00000356
2010-10-13;0.00000000;0.00000356
2010-10-14;0.00000000;0.00000384
2010-10-17;0.00000000;0.00001151
2010-10-18;0.00000000;0.00000411
2010-10-19;-0.00001667;-0.00001283
2010-10-20;0.00337578;0.00337962
2010-10-21;-0.00004256;-0.00003900
2010-10-24;0.00056859;0.00057927
2010-10-25;-0.00007800;-0.00007416
2010-10-26;-0.00203804;-0.00203420
2010-10-27;-0.00010407;-0.00010023
2010-10-28;-0.00000627;-0.00000271
2010-11-01;-0.00208121;-0.00206696
2010-11-02;-0.00181435;-0.00181078
2010-11-03;0.00128316;0.00128672
2010-11-04;0.00028403;0.00028759
2010-11-05;0.00239629;0.00239985
2010-11-08;0.00275469;0.00276538
2010-11-09;-0.00001667;-0.00001311
2010-11-10;0.00004093;0.00004449
2010-11-11;-0.00235331;-0.00234975
2010-11-12;-0.00335721;-0.00335365
2010-11-15;0.00115352;0.00116503
2010-11-16;-0.00104360;-0.00103949
2010-11-17;0.00000000;0.00000384
2010-11-18;0.00000000;0.00000411
2010-11-19;0.00000000;0.00000384
2010-11-22;0.00000000;0.00001233
2010-11-23;0.00000000;0.00000411
2010-11-24;0.00000000;0.00000438
2010-11-25;0.00000000;0.00000438
2010-11-26;0.00000000;0.00000438
2010-11-29;0.00000000;0.00001479
2010-11-30;0.00000000;0.00000466
2010-12-01;-0.00003333;-0.00002895
2010-12-02;0.00857495;0.00857933
2010-12-03;-0.00048495;-0.00048112
2010-12-06;0.00022057;0.00023290
2010-12-07;-0.00422745;-0.00422361
2010-12-08;0.00317130;0.00317541
2010-12-09;0.00000000;0.00000384
2010-12-10;0.00000000;0.00000356
2010-12-13;0.00000000;0.00001233
2010-12-14;0.00000000;0.00000411
2010-12-15;0.00000000;0.00000384
2010-12-16;0.00000000;0.00000356
2010-12-17;-0.00000000;0.00000301
2010-12-20;0.00000000;0.00001151
2010-12-21;0.00000000;0.00000384
2010-12-22;-0.00001667;-0.00001283
2010-12-23;-0.00172003;-0.00171620
2010-12-24;0.00239088;0.00239471
2010-12-27;0.00105220;0.00106618
2010-12-28;0.00103905;0.00104316
2010-12-29;-0.00495596;-0.00495240
2010-12-30;0.00051663;0.00051991
2010-12-31;0.00141031;0.00141360
2011-01-03;0.00142703;0.00143936
2011-01-04;0.00035748;0.00036132
2011-01-05;0.00385914;0.00386298
2011-01-06;0.00225776;0.00226187
2011-01-07;0.00313700;0.00314084
2011-01-10;-0.00001667;-0.00000434
2011-01-11;0.00078179;0.00078590
2011-01-12;0.00006644;0.00007055
2011-01-13;0.00064356;0.00064767
2011-01-14;0.00370578;0.00370989
2011-01-17;-0.00075049;-0.00073816
2011-01-18;0.00534393;0.00534832
2011-01-19;-0.00437513;-0.00437074
2011-01-20;0.00094445;0.00094883
2011-01-21;-0.00772838;-0.00772400
2011-01-24;-0.00321192;-0.00319877
2011-01-25;0.00223947;0.00224385
2011-01-26;0.00151131;0.00151570
2011-01-27;-0.00100599;-0.00100188
2011-01-28;-0.00483178;-0.00482767
2011-01-31;0.00676946;0.00678179
2011-02-01;0.00000000;0.00000411
2011-02-02;0.00000000;0.00000438
2011-02-03;0.00000000;0.00000384
2011-02-04;0.00000000;0.00000411
2011-02-07;0.00000000;0.00001315
2011-02-08;0.00000000;0.00000411
2011-02-09;-0.00001667;-0.00001283
2011-02-10;-0.00059227;-0.00058898
2011-02-11;-0.00081943;-0.00081615
2011-02-14;0.00051192;0.00052261
2011-02-15;0.00188685;0.00189041
2011-02-16;0.00109629;0.00109957
2011-02-17;0.00000000;0.00000247
2011-02-18;0.00000000;0.00000274
2011-02-21;0.00000000;0.00000822
2011-02-22;-0.00000000;0.00000329
2011-02-23;-0.00000000;0.00000329
2011-02-24;0.00000000;0.00000356
2011-02-25;0.00000000;0.00000356
2011-02-28;0.00000000;0.00001233
2011-03-01;0.00000000;0.00000384
2011-03-02;0.00000000;0.00000356
2011-03-03;0.00000000;0.00000356
2011-03-04;-0.00003333;-0.00003005
2011-03-07;-0.00175646;-0.00174742
2011-03-08;0.00009943;0.00010245
2011-03-09;0.00042796;0.00043070
2011-03-10;0.00042846;0.00043065
2011-03-11;0.00161435;0.00161654
2011-03-14;0.00000000;0.00000740
2011-03-15;0.00000000;0.00000274
2011-03-16;0.00000000;0.00000274
2011-03-17;-0.00003333;-0.00003114
2011-03-18;0.00698127;0.00698319
2011-03-21;0.01463307;0.01464129
2011-03-22;0.00365317;0.00365591
2011-03-23;-0.00330344;-0.00330098
2011-03-24;-0.00240095;-0.00239848
2011-03-25;0.00000000;0.00000247
2011-03-27;0.00000000;0.00000493
2011-03-28;-0.00000000;0.00000301
2011-03-29;0.00000000;0.00000274
2011-03-30;0.00000000;0.00000274
2011-03-31;0.00000000;0.00000247
2011-04-03;-0.00003333;-0.00002758
2011-04-04;0.00146271;0.00146436
2011-04-05;-0.00510167;-0.00509976
2011-04-06;-0.00331319;-0.00331154
2011-04-07;0.00364381;0.00364491
2011-04-10;-0.00536810;-0.00536481
2011-04-11;0.00000000;0.00000137
2011-04-12;-0.00001667;-0.00001530
2011-04-13;0.00104469;0.00104633
2011-04-17;0.00160073;0.00160840
2011-04-18;0.00335509;0.00335701
2011-04-19;-0.00145214;-0.00145050
2011-04-20;-0.00267715;-0.00267550
2011-04-21;-0.00000000;0.00000164
2011-04-24;0.00000000;0.00000493
2011-04-25;0.00000000;0.00000192
2011-04-26;0.00000000;0.00000192
2011-04-27;-0.00000000;0.00000164
2011-04-28;0.00000000;0.00000110
2011-05-01;0.00000000;0.00000329
2011-05-02;0.00000000;0.00000137
2011-05-03;-0.00001667;-0.00001584
2011-05-04;0.00014353;0.00014435
2011-05-05;0.00420644;0.00420699
2011-05-08;0.00055187;0.00055351
2011-05-09;-0.00276802;-0.00276719
2011-05-10;0.00643144;0.00643226
2011-05-11;-0.00676604;-0.00676522
2011-05-12;0.00310298;0.00310353
2011-05-15;-0.00215937;-0.00215690
2011-05-16;0.00128405;0.00128515
2011-05-17;0.00166082;0.00166192
2011-05-18;0.00150684;0.00150821
2011-05-19;0.00000000;0.00000137
2011-05-22;0.00000000;0.00000411
2011-05-23;-0.00000000;0.00000164
2011-05-24;-0.00000000;0.00000164
2011-05-25;-0.00000000;0.00000164
2011-05-26;-0.00001667;-0.00001530
2011-05-29;-0.00193056;-0.00192645
2011-05-30;0.00069603;0.00069740
2011-05-31;0.00323915;0.00324080
2011-06-01;-0.00616662;-0.00616525
2011-06-02;0.00375001;0.00375111
2011-06-05;-0.00001667;-0.00001338
2011-06-06;-0.00038004;-0.00037867
2011-06-07;-0.00064138;-0.00064001
2011-06-08;0.00120359;0.00120469
2011-06-09;0.00129041;0.00129178
2011-06-12;0.00119599;0.00120010
2011-06-13;0.00000000;0.00000137
2011-06-14;0.00000000;0.00000137
2011-06-15;0.00000000;0.00000137
2011-06-16;0.00000000;0.00000137
2011-06-19;0.00000000;0.00000329
2011-06-20;-0.00000000;0.00000082
2011-06-21;-0.00000000;0.00000082
2011-06-22;0.00000000;0.00000055
2011-06-23;-0.00001667;-0.00001639
2011-06-26;-0.00353312;-0.00353148
2011-06-27;0.00305511;0.00305566
2011-06-28;0.00051438;0.00051520
2011-06-29;0.00300358;0.00300413
2011-06-30;0.00250016;0.00250098
2011-07-03;-0.00059443;-0.00059279
2011-07-04;0.00027375;0.00027429
2011-07-05;0.00233141;0.00233196
2011-07-06;0.00101679;0.00101706
2011-07-07;-0.00000000;0.00000082
2011-07-10;0.00000000;0.00000247
2011-07-11;-0.00003333;-0.00003251
2011-07-12;-0.00914029;-0.00913947
2011-07-13;0.00246350;0.00246377
2011-07-14;-0.00058172;-0.00058145
2011-07-17;-0.00365896;-0.00365731
2011-07-18;0.00192632;0.00192687
2011-07-19;-0.00000000;0.00000082
2011-07-20;0.00000000;0.00000055
2011-07-21;0.00000000;0.00000137
2011-07-24;0.00000000;0.00000411
2011-07-25;0.00000000;0.00000137
2011-07-26;0.00000000;0.00000192
2011-07-27;0.00000000;0.00000219
2011-07-28;0.00000000;0.00000192
2011-07-31;0.00000000;0.00000822
2011-08-01;0.00000000;0.00000274
2011-08-02;-0.00001667;-0.00001502
2011-08-03;0.00631274;0.00631329
2011-08-04;-0.00850757;-0.00850702
2011-08-07;0.00562346;0.00562428
2011-08-08;-0.00705532;-0.00705395
2011-08-09;-0.00408250;-0.00408167
2011-08-10;-0.00640640;-0.00640586
2011-08-11;0.02176750;0.02176833
2011-08-14;0.01135515;0.01135680
2011-08-15;0.00838070;0.00838125
2011-08-16;0.00257549;0.00257631
2011-08-17;-0.00015612;-0.00015585
2011-08-18;0.00000000;0.00000027
2011-08-21;0.00000000;0.00000164
2011-08-22;0.00000000;0.00000027
2011-08-23;0.00000000;0.00000027
2011-08-24;0.00000000;0.00000055
2011-08-25;0.00000000;0.00000027
2011-08-28;-0.00001667;-0.00001584
2011-08-29;0.00066962;0.00067016
2011-08-30;-0.00008256;-0.00008228
2011-08-31;0.00018114;0.00018169
2011-09-01;0.00127495;0.00127550
2011-09-04;0.00215824;0.00215988
2011-09-05;-0.00001667;-0.00001612
2011-09-06;0.00159822;0.00159877
2011-09-07;0.00067968;0.00068023
2011-09-08;-0.00350638;-0.00350584
2011-09-11;-0.00721104;-0.00721021
2011-09-12;0.00127932;0.00127960
2011-09-13;0.00177673;0.00177701
2011-09-14;0.00214887;0.00214914
2011-09-15;0.00572597;0.00572624
2011-09-18;-0.00569269;-0.00569187
2011-09-19;-0.00379179;-0.00379152
2011-09-20;0.00000000;0.00000027
2011-09-21;0.00000000;0.00000027
2011-09-22;0.00000000;0.00000000
2011-09-25;0.00000000;0.00000082
2011-09-26;0.00000000;0.00000055
2011-09-27;0.00000000;0.00000027
2011-09-28;0.00000000;0.00000055
2011-09-29;0.00000000;0.00000055
2011-10-02;-0.00001667;-0.00001502
2011-10-03;-0.00099759;-0.00099704
2011-10-04;0.00265716;0.00265743
2011-10-05;0.00035633;0.00035633
2011-10-06;0.00188414;0.00188441
2011-10-09;-0.00452224;-0.00452142
2011-10-10;0.00187810;0.00187837
2011-10-11;-0.00188059;-0.00188005
2011-10-12;0.00150131;0.00150186
2011-10-13;0.00000000;0.00000055
2011-10-16;-0.00001667;-0.00001502
2011-10-17;0.00490932;0.00491042
2011-10-18;0.00042761;0.00042870
2011-10-19;-0.00080464;-0.00080382
2011-10-20;-0.00057885;-0.00057803
2011-10-23;0.00095714;0.00095879
2011-10-24;0.00000000;0.00000055
2011-10-25;0.00000000;0.00000027
2011-10-26;0.00000000;0.00000055
2011-10-27;0.00000000;0.00000055
2011-10-31;0.00000000;0.00000110
2011-11-01;0.00000000;0.00000027
2011-11-02;-0.00001667;-0.00001639
2011-11-03;0.00152705;0.00152732
2011-11-04;0.00054385;0.00054413
2011-11-07;-0.00079620;-0.00079538
2011-11-08;-0.00127416;-0.00127389
2011-11-09;0.00092283;0.00092310
2011-11-10;-0.00001667;-0.00001639
2011-11-11;0.00144835;0.00144863
2011-11-14;0.00143722;0.00143804
2011-11-15;-0.00021236;-0.00021209
2011-11-16;-0.00093331;-0.00093303
2011-11-17;-0.00119613;-0.00119558
2011-11-18;-0.00008535;-0.00008508
2011-11-21;0.00154994;0.00155159
2011-11-22;-0.00088615;-0.00088560
2011-11-23;0.00106462;0.00106517
2011-11-24;0.00000000;0.00000055
2011-11-25;0.00000000;0.00000055
2011-11-28;0.00000000;0.00000247
2011-11-29;0.00000000;0.00000055
2011-11-30;0.00000000;0.00000027
2011-12-01;0.00000000;0.00000027
2011-12-02;0.00000000;0.00000055
2011-12-05;0.00000000;0.00000082
2011-12-06;0.00000000;0.00000027
2011-12-07;0.00000000;0.00000055
2011-12-08;0.00000000;0.00000027
2011-12-09;0.00000000;0.00000027
2011-12-12;0.00000000;0.00000082
2011-12-13;-0.00003333;-0.00003306
2011-12-14;-0.00529382;-0.00529355
2011-12-15;-0.00090212;-0.00090212
2011-12-16;-0.00000232;-0.00000232
2011-12-19;0.00027475;0.00027557
2011-12-20;-0.00094044;-0.00094017
2011-12-21;0.00009605;0.00009632
2011-12-22;0.00053365;0.00053393
2011-12-23;0.00017783;0.00017810
2011-12-26;0.00018902;0.00018985
2011-12-27;0.00000000;0.00000055
2011-12-28;0.00000000;0.00000027
2011-12-29;0.00000000;0.00000055
2011-12-30;0.00000000;0.00000055
2012-01-02;0.00000000;0.00000164
2012-01-03;0.00000000;0.00000055
2012-01-04;0.00000000;0.00000055
2012-01-05;0.00000000;0.00000055
2012-01-06;0.00000000;0.00000055
2012-01-09;-0.00003333;-0.00003251
2012-01-10;0.00396234;0.00396289
2012-01-11;-0.00144686;-0.00144632
2012-01-12;0.00143393;0.00143475
2012-01-13;0.00472109;0.00472191
2012-01-16;-0.00757445;-0.00757199
2012-01-17;0.00089577;0.00089659
2012-01-18;-0.00023576;-0.00023494
2012-01-19;-0.00042888;-0.00042751
2012-01-20;0.00023290;0.00023427
2012-01-23;-0.00028647;-0.00028319
2012-01-24;0.00000000;0.00000110
2012-01-25;0.00000000;0.00000110
2012-01-26;-0.00001667;-0.00001530
2012-01-27;0.00240827;0.00240991
2012-01-30;0.00023936;0.00024347
2012-01-31;0.00496793;0.00496957
2012-02-01;0.00201887;0.00202051
2012-02-02;-0.00205401;-0.00205181
2012-02-03;0.00000000;0.00000219
2012-02-06;0.00000000;0.00000658
2012-02-07;0.00000000;0.00000219
2012-02-08;0.00000000;0.00000247
2012-02-09;0.00000000;0.00000247
2012-02-10;0.00000000;0.00000247
2012-02-13;0.00000000;0.00000904
2012-02-14;-0.00000000;0.00000329
2012-02-15;-0.00000000;0.00000301
2012-02-16;0.00000000;0.00000274
2012-02-17;0.00000000;0.00000247
2012-02-20;-0.00001667;-0.00000927
2012-02-21;0.00132160;0.00132379
2012-02-22;-0.00202864;-0.00202618
2012-02-23;-0.00189758;-0.00189511
2012-02-24;-0.00335185;-0.00334911
2012-02-27;-0.00825985;-0.00824999
2012-02-28;0.00601126;0.00601400
2012-02-29;-0.00164129;-0.00163910
2012-03-01;0.00424035;0.00424255
2012-03-02;0.00082123;0.00082315
2012-03-05;0.00122206;0.00122864
2012-03-06;0.00000000;0.00000219
2012-03-07;0.00000000;0.00000219
2012-03-08;0.00000000;0.00000219
2012-03-09;0.00000000;0.00000247
2012-03-12;0.00000000;0.00000740
2012-03-13;0.00000000;0.00000219
2012-03-14;0.00000000;0.00000247
2012-03-15;-0.00001667;-0.00001447
2012-03-16;0.00155664;0.00155911
2012-03-19;0.00019208;0.00020030
2012-03-20;0.00012854;0.00013128
2012-03-21;0.00001804;0.00002051
2012-03-22;0.00005666;0.00005885
2012-03-23;0.00000000;0.00000219
2012-03-25;0.00000000;0.00000438
2012-03-26;0.00000000;0.00000247
2012-03-27;0.00000000;0.00000247
2012-03-28;0.00000000;0.00000247
2012-03-29;0.00000000;0.00000192
2012-04-01;0.00000000;0.00000575
2012-04-02;0.00000000;0.00000219
2012-04-03;0.00000000;0.00000219
2012-04-04;-0.00001667;-0.00001447
2012-04-05;-0.00054285;-0.00054066
2012-04-08;-0.00349959;-0.00349384
2012-04-09;0.00203400;0.00203647
2012-04-10;-0.00459262;-0.00459015
2012-04-11;0.00204262;0.00204509
2012-04-12;0.00149052;0.00149299
2012-04-15;0.00000000;0.00000740
2012-04-16;0.00000000;0.00000219
2012-04-17;0.00000000;0.00000219
2012-04-18;0.00000000;0.00000192
2012-04-19;0.00000000;0.00000192
2012-04-22;0.00000000;0.00000658
2012-04-23;0.00000000;0.00000219
2012-04-24;0.00000000;0.00000247
2012-04-25;0.00000000;0.00000247
2012-04-26;0.00000000;0.00000247
2012-04-29;0.00000000;0.00000740
2012-04-30;0.00000000;0.00000274
2012-05-01;0.00000000;0.00000247
2012-05-02;0.00000000;0.00000219
2012-05-03;0.00000000;0.00000247
2012-05-06;-0.00003333;-0.00002758
2012-05-07;0.00365414;0.00365688
2012-05-08;-0.00264480;-0.00264234
2012-05-09;-0.00336109;-0.00335863
2012-05-10;0.00057263;0.00057537
2012-05-13;0.00014361;0.00015183
2012-05-14;0.00000000;0.00000274
2012-05-15;0.00000000;0.00000247
2012-05-16;0.00000000;0.00000274
2012-05-17;0.00000000;0.00000274
2012-05-20;0.00000000;0.00000658
2012-05-21;0.00000000;0.00000247
2012-05-22;0.00000000;0.00000247
2012-05-23;0.00000000;0.00000247
2012-05-24;-0.00001667;-0.00001393
2012-05-27;-0.00002056;-0.00001317
2012-05-28;-0.00006233;-0.00005987
2012-05-29;0.00024275;0.00024522
2012-05-30;-0.00005128;-0.00004936
2012-05-31;-0.00225687;-0.00225495
2012-06-03;-0.00074645;-0.00074069
2012-06-04;0.00428918;0.00429138
2012-06-05;0.00142612;0.00142831
2012-06-06;0.00443817;0.00444064
2012-06-07;0.00111098;0.00111344
2012-06-10;-0.00180382;-0.00179642
2012-06-11;0.00329565;0.00329812
2012-06-12;0.00000000;0.00000274
2012-06-13;0.00000000;0.00000274
2012-06-14;-0.00000000;0.00000301
2012-06-17;0.00000000;0.00000740
2012-06-18;0.00000000;0.00000274
2012-06-19;0.00000000;0.00000247
2012-06-20;0.00000000;0.00000247
2012-06-21;0.00000000;0.00000247
2012-06-24;0.00000000;0.00000740
2012-06-25;0.00000000;0.00000274
2012-06-26;0.00000000;0.00000274
2012-06-27;0.00000000;0.00000247
2012-06-28;0.00000000;0.00000247
2012-07-01;-0.00001667;-0.00000927
2012-07-02;0.00015972;0.00016246
2012-07-03;-0.00000672;-0.00000426
2012-07-04;-0.00003448;-0.00003201
2012-07-05;-0.00000672;-0.00000453
2012-07-08;-0.00004242;-0.00003584
2012-07-09;0.00187066;0.00187313
2012-07-10;-0.00398870;-0.00398624
2012-07-11;0.00068338;0.00068612
2012-07-12;-0.00228324;-0.00228050
2012-07-15;-0.00096905;-0.00096083
2012-07-16;-0.00042698;-0.00042424
2012-07-17;-0.00002832;-0.00002558
2012-07-18;-0.00014724;-0.00014478
2012-07-19;-0.00148999;-0.00148752
2012-07-22;-0.00181776;-0.00181036
2012-07-23;0.00000000;0.00000274
2012-07-24;0.00000000;0.00000274
2012-07-25;0.00000000;0.00000274
2012-07-26;-0.00000000;0.00000301
2012-07-29;0.00000000;0.00000904
2012-07-30;-0.00000000;0.00000301
2012-07-31;-0.00000000;0.00000301
2012-08-01;-0.00001667;-0.00001393
2012-08-02;0.00002144;0.00002391
2012-08-05;-0.00001892;-0.00001152
2012-08-06;0.00000478;0.00000752
2012-08-07;0.00061471;0.00061773
2012-08-08;0.00147608;0.00147910
2012-08-09;0.00129892;0.00130194
2012-08-12;0.00130947;0.00131769
2012-08-13;-0.00122239;-0.00121938
2012-08-14;-0.00000000;0.00000301
2012-08-15;0.00000000;0.00000247
2012-08-16;0.00000000;0.00000247
2012-08-19;0.00000000;0.00000740
2012-08-20;-0.00000000;0.00000301
2012-08-21;-0.00001667;-0.00001365
2012-08-22;0.00139435;0.00139736
2012-08-23;-0.00098039;-0.00097738
2012-08-26;0.00085580;0.00086401
2012-08-27;0.00008290;0.00008591
2012-08-28;-0.00107146;-0.00106872
2012-08-29;-0.00000000;0.00000329
2012-08-30;0.00000000;0.00000274
2012-09-02;0.00000000;0.00000740
2012-09-03;0.00000000;0.00000247
2012-09-04;0.00000000;0.00000274
2012-09-05;-0.00001667;-0.00001365
2012-09-06;-0.00022661;-0.00022360
2012-09-09;-0.00140447;-0.00139543
2012-09-10;0.00188574;0.00188848
2012-09-11;-0.00076710;-0.00076436
2012-09-12;-0.00272283;-0.00272009
2012-09-13;-0.00305574;-0.00305300
2012-09-16;-0.00785340;-0.00784435
2012-09-17;-0.00092982;-0.00092681
2012-09-18;0.00414964;0.00415238
2012-09-19;0.00092998;0.00093299
2012-09-20;0.00503061;0.00503363
2012-09-23;0.00089034;0.00089939
2012-09-24;-0.00000000;0.00000301
2012-09-25;-0.00000000;0.00000301
2012-09-26;-0.00000000;0.00000301
2012-09-27;0.00000000;0.00000247
2012-09-30;0.00000000;0.00000822
2012-10-01;0.00000000;0.00000247
2012-10-02;0.00000000;0.00000247
2012-10-03;0.00000000;0.00000247
2012-10-04;0.00000000;0.00000274
2012-10-07;0.00000000;0.00000904
2012-10-08;-0.00000000;0.00000301
2012-10-09;0.00000000;0.00000274
2012-10-10;0.00000000;0.00000274
2012-10-11;0.00000000;0.00000274
2012-10-14;0.00000000;0.00000904
2012-10-15;-0.00000000;0.00000301
2012-10-16;-0.00003333;-0.00003087
2012-10-17;-0.00096123;-0.00095821
2012-10-18;-0.00046742;-0.00046468
2012-10-21;0.00135168;0.00135990
2012-10-22;-0.00506776;-0.00506502
2012-10-23;0.00419025;0.00419326
2012-10-24;-0.00000000;0.00000301
2012-10-25;-0.00000000;0.00000301
2012-10-29;0.00000000;0.00001534
2012-10-30;0.00000000;0.00000384
2012-10-31;-0.00000000;0.00000301
2012-11-01;0.00000000;0.00000247
2012-11-02;-0.00001667;-0.00001420
2012-11-05;0.00026671;0.00027576
2012-11-06;0.00009620;0.00009894
2012-11-07;0.00019558;0.00019832
2012-11-08;-0.00046684;-0.00046410
2012-11-09;-0.00023830;-0.00023583
2012-11-12;-0.00061598;-0.00060858
2012-11-13;0.00020317;0.00020619
2012-11-14;-0.00058473;-0.00058200
2012-11-15;0.00360974;0.00361193
2012-11-16;0.00545452;0.00545616
2012-11-19;0.00011759;0.00012499
2012-11-20;-0.00031034;-0.00030815
2012-11-21;0.00024317;0.00024591
2012-11-22;-0.00001667;-0.00001393
2012-11-23;0.00061909;0.00062183
2012-11-26;-0.00313172;-0.00312351
2012-11-27;0.00214061;0.00214335
2012-11-28;0.00048364;0.00048638
2012-11-29;-0.00068756;-0.00068510
2012-11-30;0.00000000;0.00000219
2012-12-03;0.00000000;0.00000822
2012-12-04;-0.00001667;-0.00001393
2012-12-05;-0.00152924;-0.00152650
2012-12-06;0.00071093;0.00071367
2012-12-07;0.00057482;0.00057729
2012-12-10;0.00029355;0.00030095
2012-12-11;-0.00004753;-0.00004534
2012-12-12;0.00000000;0.00000192
2012-12-13;-0.00000000;0.00000164
2012-12-14;-0.00001667;-0.00001557
2012-12-17;-0.00419224;-0.00418813
2012-12-18;0.00099686;0.00099850
2012-12-19;-0.00336381;-0.00336244
2012-12-20;0.00084347;0.00084511
2012-12-21;-0.00136052;-0.00135888
2012-12-24;0.00000000;0.00000493
2012-12-25;-0.00000000;0.00000164
2012-12-26;0.00000000;0.00000247
2012-12-27;-0.00001667;-0.00001447
2012-12-28;-0.00064731;-0.00064704
2012-12-31;0.00150915;0.00151326
2013-01-01;0.00342500;0.00342637
2013-01-02;-0.00094388;-0.00094169
2013-01-03;0.00039665;0.00039884
2013-01-04;0.00000000;0.00000192
2013-01-07;0.00000000;0.00000575
2013-01-08;0.00000000;0.00000192
2013-01-09;-0.00000000;0.00000164
2013-01-10;-0.00000000;0.00000164
2013-01-11;-0.00003333;-0.00003142
2013-01-14;-0.00532735;-0.00532077
2013-01-15;-0.00506935;-0.00506688
2013-01-16;0.00426000;0.00426219
2013-01-17;0.00065193;0.00065384
2013-01-18;-0.01200574;-0.01200355
2013-01-21;-0.00011968;-0.00011311
2013-01-22;-0.00014930;-0.00014711
2013-01-23;0.00165851;0.00166070
2013-01-24;0.00003069;0.00003289
2013-01-25;-0.00404294;-0.00404074
2013-01-28;-0.00258188;-0.00257613
2013-01-29;0.00000000;0.00000192
2013-01-30;0.00000000;0.00000192
2013-01-31;0.00000000;0.00000192
2013-02-01;-0.00000000;0.00000164
2013-02-04;-0.00001667;-0.00001091
2013-02-05;0.00553949;0.00554141
2013-02-06;-0.00694361;-0.00694169
2013-02-07;0.00199364;0.00199555
2013-02-08;0.00265989;0.00266181
2013-02-11;0.00439178;0.00439917
2013-02-12;0.00000000;0.00000247
2013-02-13;0.00000000;0.00000274
2013-02-14;-0.00000000;0.00000301
2013-02-15;0.00000000;0.00000274
2013-02-18;0.00000000;0.00000822
2013-02-19;-0.00000000;0.00000329
2013-02-20;-0.00000000;0.00000329
2013-02-21;0.00000000;0.00000356
2013-02-22;0.00000000;0.00000356
2013-02-25;0.00000000;0.00000986
2013-02-26;-0.00003333;-0.00002950
2013-02-27;-0.00109128;-0.00108827
2013-02-28;0.00420929;0.00421230
2013-03-01;-0.00089888;-0.00089587
2013-03-04;0.00300521;0.00301425
2013-03-05;-0.00022789;-0.00022570
2013-03-06;0.00000000;0.00000274
2013-03-07;0.00000000;0.00000274
2013-03-08;0.00000000;0.00000274
2013-03-11;0.00000000;0.00000822
2013-03-12;0.00000000;0.00000274
2013-03-13;0.00000000;0.00000247
2013-03-14;0.00000000;0.00000274
2013-03-15;0.00000000;0.00000247
2013-03-18;-0.00001667;-0.00001091
2013-03-19;0.00161864;0.00162056
2013-03-20;-0.00203632;-0.00203440
2013-03-21;0.00200408;0.00200600
2013-03-22;-0.00284150;-0.00283958
2013-03-25;0.00173985;0.00174642
2013-03-26;0.00000000;0.00000192
2013-03-27;0.00000000;0.00000247
2013-03-28;0.00000000;0.00000192
2013-03-29;0.00000000;0.00000192
2013-03-31;0.00000000;0.00000384
2013-04-01;0.00000000;0.00000219
2013-04-02;0.00000000;0.00000192
2013-04-03;-0.00000000;0.00000164
2013-04-04;0.00000000;0.00000192
2013-04-07;-0.00001667;-0.00001091
2013-04-08;-0.00273571;-0.00273379
2013-04-09;-0.00019564;-0.00019399
2013-04-10;-0.00171768;-0.00171576
2013-04-11;-0.00142188;-0.00141997
2013-04-14;0.00453580;0.00454073
2013-04-15;-0.00000000;0.00000164
2013-04-16;-0.00000000;0.00000164
2013-04-17;-0.00000000;0.00000164
2013-04-18;0.00000000;0.00000137
2013-04-21;0.00000000;0.00000411
2013-04-22;0.00000000;0.00000137
2013-04-23;-0.00001667;-0.00001530
2013-04-24;-0.00119347;-0.00119183
2013-04-25;0.00108671;0.00108808
2013-04-28;0.00012737;0.00013148
2013-04-29;0.00176493;0.00176630
2013-04-30;0.00178613;0.00178750
2013-05-01;-0.00039625;-0.00039461
2013-05-02;-0.00216893;-0.00216756
2013-05-05;0.00056926;0.00057337
2013-05-06;0.00000000;0.00000110
2013-05-07;0.00000000;0.00000110
2013-05-08;0.00000000;0.00000110
2013-05-09;-0.00001667;-0.00001557
2013-05-12;-0.00212576;-0.00212248
2013-05-13;0.00077117;0.00077254
2013-05-14;-0.00234723;-0.00234586
2013-05-15;0.00257253;0.00257363
2013-05-16;0.00055339;0.00055421
2013-05-19;-0.00061478;-0.00061149
2013-05-20;0.00000000;0.00000137
2013-05-21;-0.00001667;-0.00001557
2013-05-22;-0.00079661;-0.00079552
2013-05-23;0.00056105;0.00056242
2013-05-26;0.00301733;0.00302062
2013-05-27;-0.00087874;-0.00087764
2013-05-28;-0.00198054;-0.00197917
2013-05-29;0.00274316;0.00274453
2013-05-30;0.00000000;0.00000110
2013-06-02;0.00000000;0.00000329
2013-06-03;0.00000000;0.00000137
2013-06-04;0.00000000;0.00000110
2013-06-05;-0.00001667;-0.00001530
2013-06-06;-0.00175122;-0.00174985
2013-06-09;0.00400788;0.00401117
2013-06-10;0.00343736;0.00343873
2013-06-11;-0.00975561;-0.00975424
2013-06-12;-0.00072782;-0.00072645
2013-06-13;0.00047734;0.00047871
2013-06-16;-0.00483258;-0.00482847
2013-06-17;0.00194461;0.00194598
2013-06-18;0.00355621;0.00355758
2013-06-19;0.00124978;0.00125115
2013-06-20;0.00000000;0.00000137
2013-06-23;0.00000000;0.00000411
2013-06-24;-0.00000000;0.00000164
2013-06-25;-0.00000000;0.00000164
2013-06-26;-0.00000000;0.00000164
2013-06-27;-0.00000000;0.00000164
2013-06-30;0.00000000;0.00000329
2013-07-01;-0.00001667;-0.00001557
2013-07-02;0.00092631;0.00092713
2013-07-03;0.00180072;0.00180209
2013-07-04;-0.00242370;-0.00242233
2013-07-07;-0.00166294;-0.00165966
2013-07-08;0.00062636;0.00062773
2013-07-09;-0.00099720;-0.00099610
2013-07-10;0.00038267;0.00038377
2013-07-11;0.00255589;0.00255699
2013-07-14;0.00041748;0.00042077
2013-07-15;-0.00060223;-0.00060114
2013-07-16;-0.00150070;-0.00149988
2013-07-17;0.00246851;0.00246933
2013-07-18;-0.00001667;-0.00001584
2013-07-21;-0.00077151;-0.00076904
2013-07-22;0.00275818;0.00275928
2013-07-23;-0.00142498;-0.00142443
2013-07-24;-0.00233359;-0.00233277
2013-07-25;0.00174712;0.00174766
2013-07-28;0.00000000;0.00000247
2013-07-29;-0.00000000;0.00000082
2013-07-30;0.00000000;0.00000110
2013-07-31;-0.00001667;-0.00001557
2013-08-01;0.00110532;0.00110641
2013-08-04;0.00199529;0.00199857
2013-08-05;0.00193706;0.00193843
2013-08-06;-0.00140679;-0.00140570
2013-08-07;0.00244637;0.00244774
2013-08-08;0.00000000;0.00000137
2013-08-11;-0.00001667;-0.00001256
2013-08-12;0.00277274;0.00277439
2013-08-13;0.00256154;0.00256318
2013-08-14;-0.00106271;-0.00106134
2013-08-15;-0.00052675;-0.00052538
2013-08-18;0.00151319;0.00151730
2013-08-19;-0.00000000;0.00000164
2013-08-20;0.00000000;0.00000110
2013-08-21;0.00000000;0.00000110
2013-08-22;-0.00001667;-0.00001584
2013-08-25;-0.00018212;-0.00017965
2013-08-26;0.00165238;0.00165347
2013-08-27;0.00434314;0.00434451
2013-08-28;-0.00141047;-0.00140965
2013-08-29;0.00047949;0.00048003
2013-09-01;0.00000000;0.00000247
2013-09-02;-0.00000000;0.00000082
2013-09-03;-0.00001667;-0.00001612
2013-09-04;-0.00052277;-0.00052223
2013-09-05;-0.00143190;-0.00143135
2013-09-08;0.00133980;0.00134144
2013-09-09;0.00076682;0.00076737
2013-09-10;-0.00154206;-0.00154151
2013-09-11;0.00083611;0.00083666
2013-09-12;0.00133885;0.00133912
2013-09-15;0.00039471;0.00039553
2013-09-16;0.00035518;0.00035573
2013-09-17;-0.00071315;-0.00071287
2013-09-18;0.00000000;0.00000027
2013-09-19;-0.00001667;-0.00001639
2013-09-22;0.00038362;0.00038444
2013-09-23;0.00271652;0.00271707
2013-09-24;0.00061518;0.00061572
2013-09-25;-0.00012296;-0.00012241
2013-09-26;-0.00084351;-0.00084351
2013-09-29;-0.00003333;-0.00003169
2013-09-30;0.00106381;0.00106436
2013-10-01;0.00021936;0.00021990
2013-10-02;0.00080592;0.00080647
2013-10-03;0.00208281;0.00208363
2013-10-06;0.00217864;0.00218110
2013-10-07;-0.00000000;0.00000082
2013-10-08;0.00000000;0.00000137
2013-10-09;0.00000000;0.00000137
2013-10-10;0.00000000;0.00000137
2013-10-13;0.00000000;0.00000658
2013-10-14;0.00000000;0.00000219
2013-10-15;0.00000000;0.00000384
2013-10-16;0.00000000;0.00000274
2013-10-17;0.00000000;0.00000137
2013-10-20;0.00000000;0.00000329
2013-10-21;0.00000000;0.00000110
2013-10-22;-0.00001667;-0.00001557
2013-10-23;0.00239365;0.00239475
2013-10-24;-0.00043965;-0.00043883
2013-10-28;-0.00072715;-0.00072277
2013-10-29;0.00025225;0.00025335
2013-10-30;-0.00083895;-0.00083785
2013-10-31;0.00000000;0.00000110
2013-11-01;0.00000000;0.00000110
2013-11-04;0.00000000;0.00000411
2013-11-05;0.00000000;0.00000137
2013-11-06;-0.00001667;-0.00001530
2013-11-07;0.00029890;0.00030027
2013-11-08;-0.00278029;-0.00277865
2013-11-11;0.00211402;0.00211895
2013-11-12;0.00324271;0.00324490
2013-11-13;0.00516216;0.00516435
2013-11-14;-0.00009974;-0.00009755
2013-11-15;0.00236431;0.00236650
2013-11-18;0.00000000;0.00000740
2013-11-19;0.00000000;0.00000219
2013-11-20;0.00000000;0.00000219
2013-11-21;0.00000000;0.00000192
2013-11-22;0.00000000;0.00000192
2013-11-25;-0.00001667;-0.00001009
2013-11-26;0.00030817;0.00031008
2013-11-27;-0.00049606;-0.00049414
2013-11-28;-0.00332997;-0.00332805
2013-11-29;-0.00102147;-0.00101982
2013-12-02;-0.00014906;-0.00014495
2013-12-03;-0.00000000;0.00000164
2013-12-04;-0.00000000;0.00000164
2013-12-05;-0.00001667;-0.00001502
2013-12-06;-0.00009859;-0.00009694
2013-12-09;-0.00069566;-0.00068991
2013-12-10;-0.00003069;-0.00002878
2013-12-11;-0.00048862;-0.00048671
2013-12-12;0.00034022;0.00034213
2013-12-13;0.00000000;0.00000192
2013-12-16;0.00000000;0.00000575
2013-12-17;0.00000000;0.00000192
2013-12-18;0.00000000;0.00000192
2013-12-19;-0.00000000;0.00000164
2013-12-20;0.00000000;0.00000192
2013-12-23;0.00000000;0.00000575
2013-12-24;0.00000000;0.00000192
2013-12-25;0.00000000;0.00000192
2013-12-26;0.00000000;0.00000192
2013-12-27;0.00000000;0.00000192
2013-12-30;-0.00001667;-0.00001091
2013-12-31;-0.00016132;-0.00015940
2014-01-01;0.00034439;0.00034631
2014-01-02;-0.00060171;-0.00059979
2014-01-03;0.00403121;0.00403312
2014-01-06;0.00143288;0.00143699
2014-01-07;-0.00034655;-0.00034546
2014-01-08;-0.00175339;-0.00175202
2014-01-09;0.00030437;0.00030546
2014-01-10;0.00091360;0.00091497
2014-01-13;0.00011086;0.00011333
2014-01-14;0.00000000;0.00000110
2014-01-15;0.00000000;0.00000110
2014-01-16;0.00000000;0.00000110
2014-01-17;0.00000000;0.00000137
2014-01-20;0.00000000;0.00000411
2014-01-21;0.00000000;0.00000110
2014-01-22;0.00000000;0.00000110
2014-01-23;-0.00001667;-0.00001557
2014-01-24;0.00212157;0.00212267
2014-01-27;0.00288051;0.00288462
2014-01-28;-0.00140606;-0.00140469
2014-01-29;0.00031393;0.00031503
2014-01-30;-0.00132146;-0.00132091
2014-01-31;0.00031271;0.00031326
2014-02-03;-0.00386379;-0.00385968
2014-02-04;-0.00255827;-0.00255663
2014-02-05;0.00163339;0.00163530
2014-02-06;-0.00029299;-0.00029107
2014-02-07;0.00328027;0.00328246
2014-02-10;0.00000000;0.00000575
2014-02-11;0.00000000;0.00000137
2014-02-12;0.00000000;0.00000137
2014-02-13;-0.00000000;0.00000082
2014-02-14;0.00000000;0.00000055
2014-02-17;0.00000000;0.00000164
2014-02-18;0.00000000;0.00000137
2014-02-19;-0.00000000;0.00000164
2014-02-20;0.00000000;0.00000137
2014-02-21;0.00000000;0.00000137
2014-02-24;0.00000000;0.00000411
2014-02-25;0.00000000;0.00000137
2014-02-26;0.00000000;0.00000137
2014-02-27;0.00000000;0.00000110
2014-02-28;0.00000000;0.00000137
2014-03-03;-0.00001667;-0.00001256
2014-03-04;0.00023670;0.00023807
2014-03-05;0.00182534;0.00182699
2014-03-06;-0.00020762;-0.00020625
2014-03-07;0.00045127;0.00045291
2014-03-10;-0.00146255;-0.00145844
2014-03-11;-0.00016185;-0.00016048
2014-03-12;0.00183215;0.00183352
2014-03-13;-0.00199342;-0.00199205
2014-03-14;0.00516304;0.00516441
2014-03-17;-0.00074958;-0.00074464
2014-03-18;-0.00044142;-0.00044005
2014-03-19;-0.00000000;0.00000164
2014-03-20;-0.00000000;0.00000164
2014-03-21;-0.00000000;0.00000164
2014-03-24;0.00000000;0.00000493
2014-03-25;0.00000000;0.00000137
2014-03-26;0.00000000;0.00000137
2014-03-27;0.00000000;0.00000110
2014-03-28;0.00000000;0.00000110
2014-03-30;0.00000000;0.00000219
2014-03-31;0.00000000;0.00000137
2014-04-01;0.00000000;0.00000110
2014-04-02;0.00000000;0.00000055
2014-04-03;-0.00001667;-0.00001612
2014-04-06;0.00013452;0.00013699
2014-04-07;0.00054231;0.00054313
2014-04-08;0.00021528;0.00021610
2014-04-09;-0.00000334;-0.00000224
2014-04-10;0.00062807;0.00062916
2014-04-13;-0.00001667;-0.00001338
2014-04-14;0.00052453;0.00052563
2014-04-15;-0.00007377;-0.00007267
2014-04-16;0.00068558;0.00068668
2014-04-17;0.00026561;0.00026643
2014-04-20;0.00019454;0.00019700
2014-04-21;0.00000000;0.00000110
2014-04-22;-0.00000000;0.00000082
2014-04-23;0.00000000;0.00000055
2014-04-24;0.00000000;0.00000027
2014-04-27;0.00000000;0.00000247
2014-04-28;-0.00000000;0.00000082
2014-04-29;0.00000000;0.00000055
2014-04-30;-0.00000000;0.00000082
2014-05-01;-0.00000000;0.00000082
2014-05-04;0.00000000;0.00000164
2014-05-05;-0.00000000;0.00000082
2014-05-06;-0.00000000;0.00000082
2014-05-07;-0.00000000;0.00000082
2014-05-08;-0.00001667;-0.00001584
2014-05-11;-0.00049571;-0.00049325
2014-05-12;0.00043047;0.00043129
2014-05-13;-0.00135809;-0.00135727
2014-05-14;0.00044307;0.00044389
2014-05-15;-0.00166632;-0.00166550
2014-05-18;-0.00018408;-0.00018161
2014-05-19;0.00008005;0.00008087
2014-05-20;-0.00068272;-0.00068190
2014-05-21;-0.00010458;-0.00010348
2014-05-22;0.00057632;0.00057714
2014-05-25;0.00023084;0.00023412
2014-05-26;0.00018753;0.00018863
2014-05-27;0.00020365;0.00020475
2014-05-28;0.00088559;0.00088668
2014-05-29;0.00000000;0.00000110
2014-06-01;0.00000000;0.00000329
2014-06-02;0.00000000;0.00000110
2014-06-03;0.00000000;0.00000110
2014-06-04;0.00000000;0.00000110
2014-06-05;-0.00001667;-0.00001557
2014-06-08;0.00030746;0.00031075
2014-06-09;0.00000307;0.00000417
2014-06-10;-0.00037966;-0.00037857
2014-06-11;-0.00015044;-0.00014935
2014-06-12;-0.00296053;-0.00295943
2014-06-15;-0.00084443;-0.00084115
2014-06-16;0.00095966;0.00096076
2014-06-17;-0.00026053;-0.00025943
2014-06-18;0.00019827;0.00019909
2014-06-19;0.00000000;0.00000055
2014-06-22;0.00000000;0.00000164
2014-06-23;-0.00000000;0.00000082
2014-06-24;-0.00000000;0.00000082
2014-06-25;-0.00000000;0.00000082
2014-06-26;0.00000000;0.00000110
2014-06-29;0.00000000;0.00000247
2014-06-30;-0.00001667;-0.00001557
2014-07-01;-0.00003356;-0.00003301
2014-07-02;0.00000214;0.00000268
2014-07-03;0.00046891;0.00046919
2014-07-06;0.00006125;0.00006207
2014-07-07;-0.00015160;-0.00015051
2014-07-08;-0.00000000;0.00000082
2014-07-09;-0.00000000;0.00000082
2014-07-10;-0.00001667;-0.00001612
2014-07-13;0.00016722;0.00016886
2014-07-14;0.00101072;0.00101154
2014-07-15;-0.00076641;-0.00076586
2014-07-16;-0.00118348;-0.00118293
2014-07-17;-0.00095428;-0.00095373
2014-07-20;0.00110731;0.00110896
2014-07-21;0.00023607;0.00023689
2014-07-22;-0.00250756;-0.00250674
2014-07-23;0.00037760;0.00037843
2014-07-24;0.00086159;0.00086242
2014-07-27;0.00000000;0.00000247
2014-07-28;0.00000000;0.00000110
2014-07-29;0.00000000;0.00000055
2014-07-30;-0.00001667;-0.00001557
2014-07-31;0.00018918;0.00019000
2014-08-03;0.00001096;0.00001343
2014-08-04;0.00080952;0.00081061
2014-08-05;0.00169545;0.00169628
2014-08-06;-0.00031263;-0.00031181
2014-08-07;0.00004502;0.00004584
2014-08-10;-0.00218739;-0.00218492
2014-08-11;0.00072482;0.00072592
2014-08-12;0.00088110;0.00088192
2014-08-13;-0.00241176;-0.00241067
2014-08-14;0.00006960;0.00007070
2014-08-17;-0.00056950;-0.00056704
2014-08-18;0.00044223;0.00044305
2014-08-19;-0.00005365;-0.00005283
2014-08-20;-0.00002614;-0.00002504
2014-08-21;-0.00018042;-0.00017987
2014-08-24;0.00000000;0.00000247
2014-08-25;0.00000000;0.00000110
2014-08-26;-0.00000000;0.00000082
2014-08-27;0.00000000;0.00000110
2014-08-28;-0.00000000;0.00000082
2014-08-31;0.00000000;0.00000247
2014-09-01;-0.00000000;0.00000082
2014-09-02;-0.00001667;-0.00001584
2014-09-03;0.00068511;0.00068593
2014-09-04;0.00324653;0.00324736
2014-09-07;0.00077136;0.00077383
2014-09-08;-0.00146566;-0.00146511
2014-09-09;-0.00124935;-0.00124881
2014-09-10;0.00000000;0.00000055
2014-09-11;0.00000000;0.00000055
2014-09-14;-0.00001667;-0.00001502
2014-09-15;0.00109761;0.00109816
2014-09-16;-0.00043282;-0.00043227
2014-09-17;-0.00148406;-0.00148351
2014-09-18;-0.00270863;-0.00270808
2014-09-21;0.00188076;0.00188241
2014-09-22;-0.00080005;-0.00079978
2014-09-23;-0.00047071;-0.00047043
2014-09-24;-0.00042884;-0.00042829
2014-09-25;-0.00078670;-0.00078643
2014-09-28;0.00000000;0.00000082
2014-09-29;0.00000000;0.00000055
2014-09-30;0.00000000;0.00000055
2014-10-01;0.00000000;0.00000055
2014-10-02;0.00000000;0.00000027
2014-10-05;0.00000000;0.00000082
2014-10-06;-0.00001667;-0.00001612
2014-10-07;0.00018606;0.00018661
2014-10-08;-0.00005584;-0.00005557
2014-10-09;0.00043909;0.00043937
2014-10-12;0.00056725;0.00056807
2014-10-13;0.00126933;0.00126960
2014-10-14;-0.00142277;-0.00142222
2014-10-15;-0.00212685;-0.00212630
2014-10-16;0.00351244;0.00351326
2014-10-19;0.00223624;0.00223788
2014-10-20;0.00013030;0.00013084
2014-10-21;0.00122487;0.00122542
2014-10-22;0.00000000;0.00000055
2014-10-23;0.00000000;0.00000027
2014-10-27;0.00000000;0.00000219
2014-10-28;0.00000000;0.00000055
2014-10-29;-0.00000000;0.00000082
2014-10-30;0.00000000;0.00000027
2014-10-31;0.00000000;0.00000027
2014-11-03;-0.00001667;-0.00001502
2014-11-04;-0.00216823;-0.00216741
2014-11-05;-0.00105087;-0.00105005
2014-11-06;-0.00144071;-0.00143988
2014-11-07;0.00113788;0.00113871
2014-11-10;-0.00035821;-0.00035657
2014-11-11;-0.00004413;-0.00004358
2014-11-12;0.00011107;0.00011162
2014-11-13;-0.00030456;-0.00030401
2014-11-14;0.00000021;0.00000075
2014-11-17;-0.00031003;-0.00030756
2014-11-18;0.00125988;0.00126043
2014-11-19;-0.00245396;-0.00245369
2014-11-20;0.00073579;0.00073633
2014-11-21;0.00038328;0.00038355
2014-11-24;0.00358274;0.00358438
2014-11-25;0.00000000;0.00000055
2014-11-26;0.00000000;0.00000055
2014-11-27;0.00000000;0.00000055
2014-11-28;0.00000000;0.00000055
2014-12-01;0.00000000;0.00000247
2014-12-02;-0.00000000;0.00000082
2014-12-03;0.00000000;0.00000027
2014-12-04;0.00000000;0.00000055
2014-12-05;0.00000000;0.00000055
2014-12-08;0.00000000;0.00000247
2014-12-09;0.00000000;0.00000110
2014-12-10;-0.00000000;0.00000082
2014-12-11;-0.00000000;0.00000082
2014-12-12;0.00000000;0.00000055
2014-12-15;0.00000000;0.00000329
2014-12-16;-0.00000000;0.00000082
2014-12-17;-0.00000000;0.00000082
2014-12-18;0.00000000;0.00000110
2014-12-19;-0.00001667;-0.00001557
2014-12-22;-0.00087220;-0.00086809
2014-12-23;0.00098417;0.00098499
2014-12-24;-0.00008950;-0.00008923
2014-12-25;-0.00004702;-0.00004675
2014-12-26;0.00002132;0.00002159
2014-12-29;0.00000000;0.00000247
2014-12-30;-0.00000000;0.00000082
2014-12-31;0.00000000;0.00000110
2015-01-01;-0.00001667;-0.00001557
2015-01-02;-0.00011620;-0.00011565
2015-01-05;0.00236693;0.00236939
2015-01-06;-0.00263234;-0.00263152
2015-01-07;-0.00298291;-0.00298209
2015-01-08;0.00007285;0.00007367
2015-01-09;0.00020673;0.00020728
2015-01-12;-0.00218635;-0.00218388
2015-01-13;-0.00000000;0.00000082
2015-01-14;0.00000000;0.00000110
2015-01-15;-0.00001667;-0.00001584
2015-01-16;-0.00305874;-0.00305791
2015-01-19;0.00012445;0.00012692
2015-01-20;0.01273294;0.01273377
2015-01-21;-0.00483958;-0.00483876
2015-01-22;-0.00197240;-0.00197158
2015-01-23;-0.00869164;-0.00869109
2015-01-26;-0.00599748;-0.00599501
2015-01-27;0.00835891;0.00835946
2015-01-28;0.00261915;0.00261970
2015-01-29;-0.00437098;-0.00437015
2015-01-30;0.00622874;0.00622929
2015-02-02;-0.00383999;-0.00383835
2015-02-03;0.00000000;0.00000055
2015-02-04;0.00000000;0.00000027
2015-02-05;0.00000000;0.00000055
2015-02-06;0.00000000;0.00000055
2015-02-09;0.00000000;0.00000082
2015-02-10;0.00000000;0.00000027
2015-02-11;0.00000000;0.00000027
2015-02-12;0.00000000;0.00000055
2015-02-13;0.00000000;0.00000027
2015-02-16;0.00000000;0.00000082
2015-02-17;0.00000000;0.00000055
2015-02-18;0.00000000;0.00000055
2015-02-19;0.00000000;0.00000055
2015-02-20;0.00000000;0.00000055
2015-02-23;0.00000000;0.00000164
2015-02-24;0.00000000;0.00000055
2015-02-25;0.00000000;0.00000055
2015-02-26;-0.00000000;0.00000082
2015-02-27;0.00000000;0.00000055
2015-03-02;0.00000000;0.00000164
2015-03-03;0.00000000;0.00000055
2015-03-04;0.00000000;0.00000027
2015-03-05;-0.00001667;-0.00001612
2015-03-06;-0.00032822;-0.00032795
2015-03-09;-0.00375209;-0.00375044
2015-03-10;0.00150331;0.00150385
2015-03-11;-0.00488661;-0.00488579
2015-03-12;-0.00584500;-0.00584418
2015-03-13;0.00561244;0.00561327
2015-03-16;-0.00587352;-0.00586941
2015-03-17;0.00754590;0.00754727
2015-03-18;0.00308997;0.00309080
2015-03-19;0.00404051;0.00404133
2015-03-20;-0.00265548;-0.00265521
2015-03-23;0.00066554;0.00066801
2015-03-24;0.00000000;0.00000055
2015-03-25;-0.00001667;-0.00001557
2015-03-26;0.00207741;0.00207823
2015-03-27;-0.00135516;-0.00135406
2015-03-29;-0.00068663;-0.00068444
2015-03-30;0.00045248;0.00045358
2015-03-31;-0.00118754;-0.00118672
2015-04-01;-0.00000000;0.00000082
2015-04-02;0.00000000;0.00000055
2015-04-05;0.00000000;0.00000164
2015-04-06;-0.00000000;0.00000082
2015-04-07;0.00000000;0.00000055
2015-04-08;-0.00000000;0.00000082
2015-04-09;-0.00000000;0.00000082
2015-04-12;-0.00001667;-0.00001502
2015-04-13;-0.00156466;-0.00156384
2015-04-14;0.00065772;0.00065827
2015-04-15;0.00007977;0.00008032
2015-04-16;0.00228359;0.00228414
2015-04-19;0.00087939;0.00088022
2015-04-20;-0.00000000;0.00000082
2015-04-21;-0.00000000;0.00000082
2015-04-22;-0.00001667;-0.00001584
2015-04-23;0.00253313;0.00253395
2015-04-26;-0.00115184;-0.00114938
2015-04-27;-0.00080109;-0.00080054
2015-04-28;0.00038220;0.00038275
2015-04-29;0.00238514;0.00238542
2015-04-30;-0.00443156;-0.00443128
2015-05-03;-0.00105530;-0.00105448
2015-05-04;0.00175606;0.00175661
2015-05-05;-0.00052338;-0.00052310
2015-05-06;-0.00633452;-0.00633397
2015-05-07;0.00627738;0.00627765
2015-05-10;0.00219004;0.00219086
2015-05-11;0.00000000;0.00000055
2015-05-12;-0.00000000;0.00000082
2015-05-13;0.00000000;0.00000055
2015-05-14;0.00000000;0.00000027
2015-05-17;0.00000000;0.00000164
2015-05-18;0.00000000;0.00000055
2015-05-19;0.00000000;0.00000055
2015-05-20;0.00000000;0.00000055
2015-05-21;0.00000000;0.00000055
2015-05-24;0.00000000;0.00000164
2015-05-25;0.00000000;0.00000055
2015-05-26;0.00000000;0.00000055
2015-05-27;0.00000000;0.00000027
2015-05-28;0.00000000;0.00000027
2015-05-31;0.00000000;0.00000082
2015-06-01;0.00000000;0.00000055
2015-06-02;-0.00001667;-0.00001639
2015-06-03;-0.00399973;-0.00399918
2015-06-04;0.00488523;0.00488578
2015-06-07;0.00164946;0.00165192
2015-06-08;-0.00653908;-0.00653854
2015-06-09;-0.00050507;-0.00050452
2015-06-10;0.00062521;0.00062576
2015-06-11;0.00000000;0.00000027
2015-06-14;0.00000000;0.00000164
2015-06-15;0.00000000;0.00000055
2015-06-16;0.00000000;0.00000027
2015-06-17;0.00000000;0.00000027
2015-06-18;0.00000000;0.00000027
2015-06-21;0.00000000;0.00000082
2015-06-22;0.00000000;0.00000027
2015-06-23;0.00000000;0.00000027
2015-06-24;0.00000000;0.00000027
2015-06-25;0.00000000;0.00000027
2015-06-28;-0.00005000;-0.00004918
2015-06-29;0.01622483;0.01622538
2015-06-30;-0.00412322;-0.00412295
2015-07-01;0.00043356;0.00043384
2015-07-02;0.00174029;0.00174057
2015-07-05;-0.00859782;-0.00859700
2015-07-06;0.00220769;0.00220823
2015-07-07;-0.00152752;-0.00152697
2015-07-08;-0.00263955;-0.00263900
2015-07-09;0.00204888;0.00204971
2015-07-12;0.00422505;0.00422587
2015-07-13;0.00000000;0.00000055
2015-07-14;0.00000000;0.00000027
2015-07-15;0.00000000;0.00000055
2015-07-16;-0.00001667;-0.00001612
2015-07-19;-0.00144159;-0.00143912
2015-07-20;0.00076285;0.00076394
2015-07-21;0.00349214;0.00349297
2015-07-22;-0.00161767;-0.00161657
2015-07-23;0.00391578;0.00391660
2015-07-26;-0.00062208;-0.00061879
2015-07-27;-0.00348277;-0.00348140
2015-07-28;0.00090210;0.00090347
2015-07-29;0.00047226;0.00047390
2015-07-30;0.00093943;0.00094135
2015-08-02;0.00000000;0.00000658
2015-08-03;0.00000000;0.00000219
2015-08-04;0.00000000;0.00000219
2015-08-05;0.00000000;0.00000219
2015-08-06;0.00000000;0.00000110
2015-08-09;0.00000000;0.00000493
2015-08-10;-0.00003333;-0.00003005
2015-08-11;-0.00425610;-0.00425336
2015-08-12;-0.00048469;-0.00048195
2015-08-13;-0.00042178;-0.00041904
2015-08-16;0.00339391;0.00340130
2015-08-17;0.00026214;0.00026488
2015-08-18;0.00000000;0.00000192
2015-08-19;0.00000000;0.00000137
2015-08-20;0.00000000;0.00000055
2015-08-23;-0.00001667;-0.00001420
2015-08-24;-0.00419812;-0.00419648
2015-08-25;-0.00052096;-0.00051905
2015-08-26;0.00159516;0.00159681
2015-08-27;0.00119772;0.00119936
2015-08-30;0.00111370;0.00111863
2015-08-31;0.00000000;0.00000219
2015-09-01;-0.00000000;0.00000082
2015-09-02;-0.00000000;0.00000082
2015-09-03;-0.00001667;-0.00001612
2015-09-06;-0.00170305;-0.00170141
2015-09-07;0.00097635;0.00097690
2015-09-08;0.00325791;0.00325955
2015-09-09;0.00149293;0.00149375
2015-09-10;0.00156122;0.00156177
2015-09-13;-0.00025490;-0.00025162
2015-09-14;0.00129715;0.00129907
2015-09-15;-0.00102857;-0.00102666
2015-09-16;-0.00000000;0.00000164
2015-09-17;0.00000000;0.00000027
2015-09-20;0.00000000;-0.00000082
2015-09-21;-0.00001667;-0.00001639
2015-09-22;0.00124161;0.00124133
2015-09-23;0.00432082;0.00432109
2015-09-24;0.00021231;0.00021258
2015-09-27;0.00117686;0.00117604
2015-09-28;0.00169237;0.00169265
2015-09-29;-0.00001667;-0.00001639
2015-09-30;0.00171610;0.00171582
2015-10-01;-0.00031493;-0.00031547
2015-10-04;0.00024195;0.00024195
2015-10-05;0.00004160;0.00004187
2015-10-06;-0.00056618;-0.00056618
2015-10-07;0.00000000;0.00000000
2015-10-08;0.00000000;-0.00000027
2015-10-11;0.00000000;0.00000082
2015-10-12;0.00000000;0.00000027
2015-10-13;0.00000000;0.00000027
2015-10-14;0.00000000;0.00000000
2015-10-15;-0.00001667;-0.00001639
2015-10-18;0.00036130;0.00036213
2015-10-19;0.00022193;0.00022248
2015-10-20;0.00066492;0.00066547
2015-10-21;0.00094310;0.00094338
2015-10-22;-0.00301163;-0.00301163
2015-10-26;-0.00036989;-0.00036770
2015-10-27;0.00289499;0.00289581
2015-10-28;0.00094949;0.00095059
2015-10-29;-0.00344958;-0.00344766
2015-10-30;0.00369448;0.00369667
2015-11-02;-0.00045523;-0.00044866
2015-11-03;0.00052728;0.00052892
2015-11-04;-0.00079144;-0.00079007
2015-11-05;-0.00182459;-0.00182322
2015-11-06;0.00000000;0.00000219
2015-11-09;0.00000000;0.00001151
2015-11-10;0.00000000;0.00000356
2015-11-11;0.00000000;0.00000356
2015-11-12;0.00000000;0.00000384
2015-11-13;0.00000000;0.00000356
2015-11-16;0.00000000;0.00001233
2015-11-17;0.00000000;0.00000384
2015-11-18;-0.00000000;0.00000329
2015-11-19;-0.00000000;0.00000301
2015-11-20;-0.00000000;0.00000301
2015-11-23;0.00000000;0.00001151
2015-11-24;0.00000000;0.00000438
2015-11-25;-0.00001667;-0.00001146
2015-11-26;-0.00012750;-0.00012229
2015-11-27;-0.00074653;-0.00074187
2015-11-30;-0.00020276;-0.00018468
2015-12-01;0.00152393;0.00152968
2015-12-02;0.00008968;0.00009544
2015-12-03;0.00293243;0.00293818
2015-12-04;-0.00127580;-0.00126977
2015-12-07;0.00019209;0.00021592
2015-12-08;0.00132564;0.00133304
2015-12-09;-0.00351925;-0.00351213
2015-12-10;-0.00021637;-0.00020980
2015-12-11;0.00347918;0.00348521
2015-12-14;0.00000000;0.00002137
2015-12-15;0.00000000;0.00000685
2015-12-16;-0.00000000;0.00000740
2015-12-17;0.00000000;0.00000630
2015-12-18;0.00000000;0.00000521
2015-12-21;0.00000000;0.00001973
2015-12-22;0.00000000;0.00000575
2015-12-23;0.00000000;0.00000548
2015-12-24;0.00000000;0.00000548
2015-12-25;0.00000000;0.00000548
2015-12-28;0.00000000;0.00001890
2015-12-29;0.00000000;0.00000630
2015-12-30;0.00000000;0.00000575
2015-12-31;0.00000000;0.00000438
2016-01-01;-0.00003333;-0.00002895
2016-01-04;0.00070061;0.00071869
2016-01-05;-0.00341968;-0.00341420
2016-01-06;-0.00295503;-0.00294928
2016-01-07;-0.00107268;-0.00106721
2016-01-08;0.00153660;0.00154208
2016-01-11;-0.00280651;-0.00278925
2016-01-12;0.00298497;0.00299073
2016-01-13;-0.00200335;-0.00199733
2016-01-14;-0.00201242;-0.00200557
2016-01-15;0.00225844;0.00226474
2016-01-18;-0.00076704;-0.00074813
2016-01-19;0.00002253;0.00002966
2016-01-20;-0.00218894;-0.00218182
2016-01-21;0.00181784;0.00182551
2016-01-22;0.00115087;0.00115909
2016-01-25;0.00262241;0.00264789
2016-01-26;0.00000000;0.00000849
2016-01-27;-0.00001667;-0.00000790
2016-01-28;-0.00039800;-0.00038869
2016-01-29;-0.00085116;-0.00084240
2016-02-01;-0.00339105;-0.00336228
2016-02-02;-0.00142555;-0.00141623
2016-02-03;0.00155774;0.00156679
2016-02-04;-0.00035132;-0.00034337
2016-02-05;0.00036765;0.00037560
2016-02-08;0.00000000;0.00002630
2016-02-09;-0.00001667;-0.00000845
2016-02-10;-0.00223002;-0.00222153
2016-02-11;0.00154461;0.00155228
2016-02-12;-0.00209665;-0.00208870
2016-02-15;0.00364512;0.00366896
2016-02-16;-0.00013949;-0.00013128
2016-02-17;0.00000000;0.00000822
2016-02-18;0.00000000;0.00000822
2016-02-19;0.00000000;0.00000822
2016-02-22;-0.00000000;0.00002712
2016-02-23;0.00000000;0.00000877
2016-02-24;-0.00003333;-0.00002429
2016-02-25;-0.00070376;-0.00069500
2016-02-26;0.00396494;0.00397371
2016-02-29;-0.00220325;-0.00217613
2016-03-01;-0.00550776;-0.00549872
2016-03-02;0.00339721;0.00340680
2016-03-03;-0.00000000;0.00000740
2016-03-04;0.00000000;0.00000767
2016-03-07;0.00000000;0.00002630
2016-03-08;0.00000000;0.00000795
2016-03-09;0.00000000;0.00000822
2016-03-10;0.00000000;0.00000849
2016-03-11;0.00000000;0.00000877
2016-03-14;-0.00000000;0.00002795
2016-03-15;0.00000000;0.00000932
2016-03-16;0.00000000;0.00000849
2016-03-17;0.00000000;0.00000795
2016-03-18;0.00000000;0.00000795
2016-03-21;0.00000000;0.00002548
2016-03-22;0.00000000;0.00000822
2016-03-23;0.00000000;0.00000822
2016-03-24;0.00000000;0.00000795
2016-03-25;0.00000000;0.00000795
2016-03-27;0.00000000;0.00001589
2016-03-28;0.00000000;0.00000795
2016-03-29;0.00000000;0.00000630
2016-03-30;0.00000000;0.00000548
2016-03-31;0.00000000;0.00000575
2016-04-03;-0.00001667;0.00000224
2016-04-04;0.00101055;0.00101685
2016-04-05;-0.00237278;-0.00236648
2016-04-06;-0.00106238;-0.00105607
2016-04-07;-0.00096817;-0.00096187
2016-04-10;0.00135360;0.00137251
2016-04-11;-0.00094497;-0.00093867
2016-04-12;0.00139867;0.00140470
2016-04-13;-0.00075774;-0.00075144
2016-04-14;-0.00069509;-0.00068906
2016-04-17;0.00000000;0.00001808
2016-04-18;-0.00000000;0.00000603
2016-04-19;0.00000000;0.00000575
2016-04-20;-0.00001667;-0.00001037
2016-04-21;-0.00086765;-0.00086135
2016-04-24;0.00044946;0.00046837
2016-04-25;0.00011909;0.00012594
2016-04-26;-0.00151325;-0.00150668
2016-04-27;0.00168837;0.00169495
2016-04-28;-0.00072651;-0.00072048
2016-05-01;0.00325319;0.00327127
2016-05-02;-0.00000000;0.00000603
2016-05-03;0.00000000;0.00000575
2016-05-04;0.00000000;0.00000521
2016-05-05;0.00000000;0.00000548
2016-05-08;-0.00001667;-0.00000105
2016-05-09;0.00058815;0.00059472
2016-05-10;-0.00111119;-0.00110461
2016-05-11;0.00002532;0.00003244
2016-05-12;0.00143775;0.00144515
2016-05-15;0.00007479;0.00009780
2016-05-16;0.00000000;0.00000767
2016-05-17;0.00000000;0.00000767
2016-05-18;-0.00001667;-0.00000845
2016-05-19;-0.00061492;-0.00060670
2016-05-22;0.00306090;0.00308720
2016-05-23;-0.00003366;-0.00002407
2016-05-24;-0.00531989;-0.00531030
2016-05-25;-0.00131580;-0.00130676
2016-05-26;0.00180593;0.00181415
2016-05-29;-0.00164401;-0.00161853
2016-05-30;0.00103242;0.00104091
2016-05-31;0.00305508;0.00306440
2016-06-01;0.00304514;0.00305336
2016-06-02;-0.00001667;-0.00000900
2016-06-05;-0.00076989;-0.00074605
2016-06-06;0.00263915;0.00264682
2016-06-07;-0.00078433;-0.00077666
2016-06-08;-0.00104597;-0.00103939
2016-06-09;-0.00228243;-0.00227558
2016-06-12;-0.00212056;-0.00210001
2016-06-13;0.00140254;0.00140994
2016-06-14;-0.00480163;-0.00479423
2016-06-15;0.00145236;0.00145948
2016-06-16;-0.00232371;-0.00231631
2016-06-19;0.00312901;0.00315038
2016-06-20;-0.00011798;-0.00011031
2016-06-21;-0.00194129;-0.00193389
2016-06-22;-0.00000000;0.00000740
2016-06-23;0.00000000;0.00000822
2016-06-26;-0.00003333;-0.00001196
2016-06-27;-0.00648842;-0.00648102
2016-06-28;0.00585166;0.00585879
2016-06-29;0.00311172;0.00311884
2016-06-30;-0.00244522;-0.00243810
2016-07-03;-0.00294110;-0.00291891
2016-07-04;-0.00000000;0.00000740
2016-07-05;0.00000000;0.00000767
2016-07-06;-0.00000000;0.00000740
2016-07-07;0.00000000;0.00000795
2016-07-10;0.00000000;0.00002219
2016-07-11;0.00000000;0.00000849
2016-07-12;-0.00001667;-0.00000872
2016-07-13;0.00050157;0.00051006
2016-07-14;0.00071598;0.00072447
2016-07-17;0.00068753;0.00071301
2016-07-18;-0.00012690;-0.00011813
2016-07-19;0.00059182;0.00060032
2016-07-20;0.00000000;0.00000877
2016-07-21;0.00000000;0.00000849
2016-07-24;0.00000000;0.00002630
2016-07-25;0.00000000;0.00000877
2016-07-26;0.00000000;0.00000849
2016-07-27;0.00000000;0.00000849
2016-07-28;0.00000000;0.00000685
2016-07-31;0.00000000;0.00002219
2016-08-01;0.00000000;0.00000795
2016-08-02;0.00000000;0.00000795
2016-08-03;0.00000000;0.00000767
2016-08-04;0.00000000;0.00000712
2016-08-07;0.00000000;0.00002219
2016-08-08;0.00000000;0.00000849
2016-08-09;-0.00001667;-0.00000872
2016-08-10;-0.00170098;-0.00169331
2016-08-11;-0.00029545;-0.00028778
2016-08-14;-0.00188180;-0.00185878
2016-08-15;-0.00122626;-0.00121776
2016-08-16;0.00108503;0.00109242
2016-08-17;0.00000000;0.00000822
2016-08-18;0.00000000;0.00000795
2016-08-21;0.00000000;0.00002384
2016-08-22;0.00000000;0.00000795
2016-08-23;0.00000000;0.00000822
2016-08-24;0.00000000;0.00000849
2016-08-25;0.00000000;0.00000904
2016-08-28;-0.00003333;-0.00000621
2016-08-29;0.00070108;0.00071012
2016-08-30;-0.00279403;-0.00278499
2016-08-31;-0.00198277;-0.00197373
2016-09-01;-0.00104077;-0.00103173
2016-09-04;0.00008614;0.00011244
2016-09-05;0.00098830;0.00099707
2016-09-06;0.00369205;0.00370082
2016-09-07;0.00101629;0.00102561
2016-09-08;-0.00074299;-0.00073367
2016-09-11;0.00036318;0.00039112
2016-09-12;0.00000000;0.00001014
2016-09-13;0.00000000;0.00000986
2016-09-14;0.00000000;0.00000904
2016-09-15;0.00000000;0.00000795
2016-09-18;0.00000000;0.00002384
2016-09-19;0.00000000;0.00000822
2016-09-20;0.00000000;0.00000822
2016-09-21;-0.00001667;-0.00001064
2016-09-22;0.00197965;0.00198459
2016-09-25;0.00197370;0.00198849
2016-09-26;-0.00171041;-0.00170356
2016-09-27;0.00096253;0.00096966
2016-09-28;0.00238137;0.00238877
2016-09-29;-0.00342015;-0.00341302
2016-10-02;0.00120549;0.00122851
2016-10-03;-0.00006631;-0.00005754
2016-10-04;0.00155073;0.00155977
2016-10-05;-0.00085716;-0.00084839
2016-10-06;-0.00744269;-0.00743392
2016-10-09;-0.00043798;-0.00041168
2016-10-10;-0.00089007;-0.00088131
2016-10-11;0.00055070;0.00056029
2016-10-12;0.00000000;0.00000986
2016-10-13;0.00000000;0.00000795
2016-10-16;0.00000000;0.00002548
2016-10-17;0.00000000;0.00000932
2016-10-18;0.00000000;0.00000932
2016-10-19;0.00000000;0.00000932
2016-10-20;0.00000000;0.00000932
2016-10-23;-0.00001667;0.00001046
2016-10-24;-0.00030425;-0.00029521
2016-10-25;0.00068867;0.00069798
2016-10-26;0.00027479;0.00028383
2016-10-27;-0.00024829;-0.00024035
2016-10-31;0.00051916;0.00055642
2016-11-01;0.00000000;0.00000959
2016-11-02;0.00000000;0.00000986
2016-11-03;0.00000000;0.00001014
2016-11-04;0.00000000;0.00001014
2016-11-07;0.00000000;0.00003370
2016-11-08;0.00000000;0.00001178
2016-11-09;-0.00000000;0.00001205
2016-11-10;-0.00001667;-0.00000379
2016-11-11;-0.00448450;-0.00447162
2016-11-14;-0.00256156;-0.00251718
2016-11-15;-0.00072238;-0.00070868
2016-11-16;0.00170736;0.00171996
2016-11-17;-0.00091448;-0.00090270
2016-11-18;-0.00057782;-0.00056604
2016-11-21;0.00004161;0.00007942
2016-11-22;-0.00000000;0.00001315
2016-11-23;0.00000000;0.00001370
2016-11-24;-0.00001667;-0.00000297
2016-11-25;-0.00264552;-0.00263237
2016-11-28;0.00025746;0.00029691
2016-11-29;0.00259943;0.00261258
2016-11-30;-0.00321217;-0.00319902
2016-12-01;-0.00480433;-0.00479146
2016-12-02;0.00007179;0.00008494
2016-12-05;0.00364906;0.00368933
2016-12-06;-0.00648762;-0.00647419
2016-12-07;0.00074871;0.00076269
2016-12-08;-0.00052920;-0.00051551
2016-12-09;0.00134350;0.00135802
2016-12-12;0.00161232;0.00165424
2016-12-13;-0.00138391;-0.00136912
2016-12-14;-0.00000000;0.00001479
2016-12-15;0.00000000;0.00001370
2016-12-16;0.00000000;0.00001370
2016-12-19;0.00000000;0.00004274
2016-12-20;0.00000000;0.00001425
2016-12-21;0.00000000;0.00001397
2016-12-22;0.00000000;0.00001370
2016-12-23;0.00000000;0.00001397
2016-12-26;0.00000000;0.00004192
2016-12-27;0.00000000;0.00001397
2016-12-28;0.00000000;0.00001425
2016-12-29;0.00000000;0.00001260
2016-12-30;-0.00001667;-0.00000297
2017-01-02;0.00343975;0.00348084
2017-01-03;-0.00002130;-0.00000678
2017-01-04;0.00026055;0.00027480
2017-01-05;-0.00040134;-0.00038736
2017-01-06;-0.00070706;-0.00069281
2017-01-09;0.00000000;0.00004110
2017-01-10;-0.00001667;-0.00000269
2017-01-11;0.00112516;0.00113913
2017-01-12;-0.00031690;-0.00030293
2017-01-13;-0.00176102;-0.00174678
2017-01-16;-0.00399928;-0.00395654
2017-01-17;-0.00018605;-0.00017125
2017-01-18;-0.00080228;-0.00078804
2017-01-19;0.00335353;0.00336750
2017-01-20;0.00156804;0.00158146
2017-01-23;-0.00167870;-0.00163678
2017-01-24;0.00000000;0.00001370
2017-01-25;0.00000000;0.00001342
2017-01-26;0.00000000;0.00001370
2017-01-27;-0.00001667;-0.00000269
2017-01-30;0.00019372;0.00023564
2017-01-31;-0.00121532;-0.00120108
2017-02-01;0.00110729;0.00112099
2017-02-02;0.00028616;0.00030013
2017-02-03;-0.00039479;-0.00038109
2017-02-06;-0.00000000;0.00004356
2017-02-07;-0.00003333;-0.00001881
2017-02-08;-0.00026757;-0.00025305
2017-02-09;-0.00122032;-0.00120580
2017-02-10;0.00433862;0.00435341
2017-02-13;-0.00002851;0.00001423
2017-02-14;-0.00159617;-0.00158138
2017-02-15;0.00000000;0.00001452
2017-02-16;0.00000000;0.00001425
2017-02-17;0.00000000;0.00001425
2017-02-20;0.00000000;0.00004274
2017-02-21;0.00000000;0.00001452
2017-02-22;0.00000000;0.00001425
2017-02-23;0.00000000;0.00001397
2017-02-24;0.00000000;0.00001397
2017-02-27;-0.00001667;0.00002443
2017-02-28;0.00264309;0.00265761
2017-03-01;0.00048517;0.00050216
2017-03-02;0.00201864;0.00203672
2017-03-03;-0.00024768;-0.00022851
2017-03-06;0.00206151;0.00212151
2017-03-07;-0.00049341;-0.00047286
2017-03-08;-0.00065903;-0.00063931
2017-03-09;0.00040002;0.00041974
2017-03-10;-0.00198927;-0.00196927
2017-03-13;-0.00575813;-0.00569402
2017-03-14;0.00483618;0.00485728
2017-03-15;0.00241779;0.00243752
2017-03-16;-0.00155963;-0.00153990
2017-03-17;0.00012202;0.00014174
2017-03-20;0.00514136;0.00520301
2017-03-21;0.00000000;0.00002082
2017-03-22;0.00000000;0.00002082
2017-03-23;0.00000000;0.00002055
2017-03-24;0.00000000;0.00002110
2017-03-26;0.00000000;0.00004219
2017-03-27;0.00000000;0.00002110
2017-03-28;0.00000000;0.00002110
2017-03-29;0.00000000;0.00002110
2017-03-30;-0.00001667;0.00000443
2017-04-02;-0.00222577;-0.00216413
2017-04-03;0.00123071;0.00125208
2017-04-04;0.00243309;0.00245446
2017-04-05;-0.00320837;-0.00318673
2017-04-06;0.00034210;0.00036347
2017-04-09;-0.00097693;-0.00091035
2017-04-10;-0.00106547;-0.00104328
2017-04-11;-0.00001667;0.00000553
2017-04-12;-0.00015281;-0.00013089
2017-04-13;-0.00092741;-0.00090549
2017-04-16;-0.00272665;-0.00266090
2017-04-17;0.00354332;0.00356579
2017-04-18;0.00076075;0.00078294
2017-04-19;0.00118697;0.00120888
2017-04-20;-0.00051537;-0.00049400
2017-04-23;0.00421798;0.00428209
2017-04-24;0.00031067;0.00033259
2017-04-25;-0.00065582;-0.00063363
2017-04-26;0.00080884;0.00083131
2017-04-27;0.00222108;0.00224300
2017-04-30;-0.00288466;-0.00281973
2017-05-01;-0.00150659;-0.00148412
2017-05-02;-0.00136613;-0.00134394
2017-05-03;0.00000000;0.00002301
2017-05-04;0.00000000;0.00002301
2017-05-07;0.00000000;0.00007233
2017-05-08;0.00000000;0.00002466
2017-05-09;0.00000000;0.00002466
2017-05-10;0.00000000;0.00002438
2017-05-11;0.00000000;0.00002384
2017-05-14;0.00000000;0.00007068
2017-05-15;0.00000000;0.00002438
2017-05-16;-0.00001667;0.00000772
2017-05-17;-0.00049091;-0.00046653
2017-05-18;0.00099803;0.00102296
2017-05-21;-0.00134668;-0.00127271
2017-05-22;-0.00144582;-0.00142062
2017-05-23;0.00076012;0.00078505
2017-05-24;0.00000000;0.00002521
2017-05-25;0.00000000;0.00002521
2017-05-28;0.00000000;0.00007562
2017-05-29;0.00000000;0.00002521
2017-05-30;0.00000000;0.00002521
2017-05-31;-0.00000000;0.00002630
2017-06-01;-0.00000000;0.00002630
2017-06-04;0.00000000;0.00007890
2017-06-05;0.00000000;0.00002603
2017-06-06;-0.00000000;0.00002630
2017-06-07;0.00000000;0.00002685
2017-06-08;-0.00001667;0.00001046
2017-06-11;0.00172781;0.00180918
2017-06-12;-0.00122354;-0.00119696
2017-06-13;0.00074931;0.00077643
2017-06-14;-0.00173334;-0.00170622
2017-06-15;0.00261478;0.00264218
2017-06-18;0.00000000;0.00008301
2017-06-19;0.00000000;0.00002767
2017-06-20;0.00000000;0.00002740
2017-06-21;0.00000000;0.00002658
2017-06-22;0.00000000;0.00002575
2017-06-25;0.00000000;0.00007808
2017-06-26;0.00000000;0.00002685
2017-06-27;-0.00001667;0.00001046
2017-06-28;-0.00187436;-0.00184696
2017-06-29;-0.00096854;-0.00094060
2017-07-02;-0.00091638;-0.00083336
2017-07-03;-0.00185445;-0.00182596
2017-07-04;0.00158641;0.00161490
2017-07-05;0.00028954;0.00031776
2017-07-06;0.00000000;0.00002795
2017-07-09;0.00000000;0.00008466
2017-07-11;-0.00003333;0.00002311
2017-07-12;0.00347072;0.00349894
2017-07-13;0.00157714;0.00160536
2017-07-16;0.00131383;0.00139767
2017-07-17;-0.00133235;-0.00130358
2017-07-18;-0.00204769;-0.00201893
2017-07-19;0.00000000;0.00002986
2017-07-20;-0.00001667;0.00001429
2017-07-23;-0.00046659;-0.00037289
2017-07-24;0.00182768;0.00185919
2017-07-25;-0.00018852;-0.00015674
2017-07-26;-0.00018643;-0.00015602
2017-07-27;-0.00301589;-0.00298603
2017-07-30;-0.00359939;-0.00351226
2017-07-31;-0.00152669;-0.00149792
2017-08-01;0.00103594;0.00106498
2017-08-02;-0.00295355;-0.00292451
2017-08-03;0.00178169;0.00181073
2017-08-06;0.00151254;0.00159966
2017-08-07;-0.00146030;-0.00143263
2017-08-08;0.00466424;0.00469274
2017-08-09;0.00302942;0.00305791
2017-08-10;-0.00001667;0.00001155
2017-08-13;0.00187810;0.00196111
2017-08-14;0.00079112;0.00081879
2017-08-15;0.00101583;0.00104377
2017-08-16;-0.00086646;-0.00083906
2017-08-17;-0.00370507;-0.00367822
2017-08-20;0.00114396;0.00122615
2017-08-21;0.00050708;0.00053421
2017-08-22;0.00092844;0.00095556
2017-08-23;-0.00097751;-0.00095066
2017-08-24;0.00123825;0.00126565
2017-08-27;0.00000000;0.00008301
2017-08-28;0.00000000;0.00002658
2017-08-29;0.00000000;0.00002767
2017-08-30;0.00000000;0.00002767
2017-08-31;-0.00000000;0.00002712
2017-09-03;0.00000000;0.00008219
2017-09-04;0.00000000;0.00002740
2017-09-05;0.00000000;0.00002767
2017-09-06;-0.00000000;0.00002877
2017-09-07;0.00000000;0.00002822
2017-09-10;0.00000000;0.00008384
2017-09-11;0.00000000;0.00002849
2017-09-12;-0.00003333;-0.00000539
2017-09-13;0.00079190;0.00081985
2017-09-14;-0.00401968;-0.00399146
2017-09-17;-0.00412091;-0.00403625
2017-09-18;-0.00035430;-0.00032581
2017-09-19;-0.00151840;-0.00149018
2017-09-20;0.00088000;0.00090795
2017-09-21;-0.00352467;-0.00349673
2017-09-24;0.00083608;0.00091909
2017-09-25;0.00351940;0.00354789
2017-09-26;0.00088659;0.00091536
2017-09-27;-0.00000000;0.00002877
2017-09-28;0.00000000;0.00002849
2017-10-01;0.00000000;0.00008548
2017-10-02;0.00000000;0.00002740
2017-10-03;-0.00000000;0.00002877
2017-10-04;0.00000000;0.00002904
2017-10-05;-0.00000000;0.00002877
2017-10-08;0.00000000;0.00008630
2017-10-09;-0.00000000;0.00002877
2017-10-10;0.00000000;0.00002904
2017-10-11;-0.00000000;0.00002959
2017-10-12;0.00000000;0.00002932
2017-10-15;0.00000000;0.00008795
2017-10-16;0.00000000;0.00002986
2017-10-17;0.00000000;0.00002932
2017-10-18;0.00000000;0.00002932
2017-10-19;-0.00000000;0.00002959
2017-10-22;-0.00001667;0.00007292
2017-10-23;0.00201516;0.00204475
2017-10-24;-0.00188725;-0.00185712
2017-10-25;-0.00169042;-0.00166029
2017-10-26;0.00565758;0.00568744
2017-10-30;0.00298312;0.00310367
2017-10-31;-0.00029212;-0.00026116
2017-11-01;-0.00303537;-0.00300359
2017-11-02;0.00025952;0.00029103
2017-11-03;0.00594767;0.00597945
2017-11-06;-0.00192395;-0.00182778
2017-11-07;-0.00246384;-0.00243096
2017-11-08;0.00000000;0.00003315
2017-11-09;0.00000000;0.00003342
2017-11-10;0.00000000;0.00003315
2017-11-13;0.00000000;0.00010027
2017-11-14;0.00000000;0.00003397
2017-11-15;0.00000000;0.00003370
2017-11-17;-0.00001667;0.00005237
2017-11-20;0.00257855;0.00268376
2017-11-21;-0.00140109;-0.00136602
2017-11-22;0.00078356;0.00081836
2017-11-23;0.00079690;0.00083169
2017-11-24;-0.00090719;-0.00087267
2017-11-27;-0.00000000;0.00010274
2017-11-28;0.00000000;0.00003507
2017-11-29;0.00000000;0.00003479
2017-11-30;0.00000000;0.00003425
2017-12-01;-0.00001667;0.00001758
2017-12-04;0.00019439;0.00029959
2017-12-05;0.00084269;0.00087776
2017-12-06;0.00112944;0.00116451
2017-12-07;0.00127605;0.00131085
2017-12-08;-0.00174757;-0.00171305
2017-12-11;0.00207987;0.00218754
2017-12-12;0.00135409;0.00139026
2017-12-13;-0.00024975;-0.00021468
2017-12-14;0.00040045;0.00043607
2017-12-15;-0.00232831;-0.00229297
2017-12-18;-0.00000000;0.00011178
2017-12-19;0.00000000;0.00003699
2017-12-20;0.00000000;0.00003726
2017-12-21;-0.00001667;0.00001977
2017-12-22;0.00035531;0.00039120
2017-12-25;0.00015905;0.00026672
2017-12-26;-0.00052031;-0.00048058
2017-12-27;0.00069975;0.00073865
2017-12-28;-0.00124747;-0.00120994
2017-12-29;0.00000000;0.00003753
2018-01-01;0.00000000;0.00011260
2018-01-02;0.00000000;0.00003890
2018-01-03;0.00000000;0.00003808
2018-01-04;0.00000000;0.00003808
2018-01-05;0.00000000;0.00003753
2018-01-08;0.00000000;0.00011753
2018-01-09;0.00000000;0.00003890
2018-01-10;0.00000000;0.00003836
2018-01-11;0.00000000;0.00003863
2018-01-12;0.00000000;0.00003863
2018-01-15;-0.00001667;0.00009922
2018-01-16;-0.00034113;-0.00030196
2018-01-17;0.00132085;0.00135975
2018-01-18;0.00028982;0.00032899
2018-01-19;0.00051988;0.00055878
2018-01-22;-0.00090073;-0.00078320
2018-01-23;-0.00215787;-0.00211896
2018-01-24;0.00070325;0.00074188
2018-01-25;-0.00265297;-0.00261461
2018-01-26;0.00164460;0.00168268
2018-01-29;0.00094545;0.00106298
2018-01-30;0.00056005;0.00059895
2018-01-31;-0.00137064;-0.00133119
2018-02-01;-0.00181523;-0.00177523
2018-02-02;0.00053800;0.00057800
2018-02-05;0.00009838;0.00022085
2018-02-06;0.00000000;0.00004110
2018-02-07;0.00000000;0.00004192
2018-02-08;-0.00001667;0.00002525
2018-02-09;-0.00222344;-0.00218152
2018-02-12;0.00058730;0.00071963
2018-02-13;0.00103393;0.00107695
2018-02-14;-0.00149450;-0.00145176
2018-02-15;-0.00064397;-0.00060123
2018-02-16;-0.00000000;0.00004356
2018-02-19;0.00000000;0.00013068
2018-02-20;-0.00000000;0.00004493
2018-02-21;0.00000000;0.00004438
2018-02-22;0.00000000;0.00004411
2018-02-23;0.00000000;0.00004411
2018-02-26;0.00000000;0.00013562
2018-02-27;-0.00000000;0.00004493
2018-02-28;0.00000000;0.00004466
2018-03-01;0.00000000;0.00004384
2018-03-02;0.00000000;0.00004438
2018-03-05;0.00000000;0.00013726
2018-03-06;-0.00000000;0.00004521
2018-03-07;-0.00001667;0.00002854
2018-03-08;-0.00174489;-0.00169996
2018-03-09;0.00002332;0.00006826
2018-03-12;0.00015254;0.00029062
2018-03-13;0.00043634;0.00048291
2018-03-14;-0.00017582;-0.00012842
2018-03-15;0.00000000;0.00004767
2018-03-16;0.00000000;0.00004795
2018-03-19;0.00000000;0.00014548
2018-03-20;0.00000000;0.00004877
2018-03-21;-0.00001667;0.00003018
2018-03-22;-0.00063704;-0.00059073
2018-03-23;0.00007444;0.00012129
2018-03-25;0.00041673;0.00051043
2018-03-26;0.00547317;0.00552139
2018-03-27;-0.00138798;-0.00134031
2018-03-28;0.00159357;0.00164014
2018-03-29;-0.00127554;-0.00122896
2018-04-01;0.00000000;0.00013973
2018-04-02;0.00000000;0.00004767
2018-04-03;0.00000000;0.00004712
2018-04-04;0.00000000;0.00004603
2018-04-05;0.00000000;0.00004630
2018-04-08;0.00000000;0.00013973
2018-04-09;0.00000000;0.00004740
2018-04-10;-0.00001667;0.00003018
2018-04-11;0.00063146;0.00067804
2018-04-12;-0.00062485;-0.00057773
2018-04-15;-0.00155460;-0.00141240
2018-04-16;-0.00090768;-0.00085946
2018-04-17;-0.00106153;-0.00101304
2018-04-18;0.00154526;0.00159403
2018-04-19;0.00170056;0.00174960
2018-04-22;0.00043968;0.00058598
2018-04-23;0.00098355;0.00103397
2018-04-24;-0.00102331;-0.00097290
2018-04-25;0.00050485;0.00055471
2018-04-26;0.00000000;0.00004904
2018-04-29;0.00000000;0.00014630
2018-04-30;0.00000000;0.00005041
2018-05-01;-0.00000000;0.00004986
2018-05-02;0.00000000;0.00004959
2018-05-03;-0.00001667;0.00003265
2018-05-06;-0.00083790;-0.00068995
2018-05-07;-0.00120736;-0.00115723
2018-05-08;-0.00159376;-0.00154335
2018-05-09;0.00191786;0.00196854
2018-05-10;0.00065551;0.00070647
2018-05-13;0.00000000;0.00015452
2018-05-14;0.00000000;0.00005205
2018-05-15;-0.00001667;0.00003511
2018-05-16;-0.00042394;-0.00037243
2018-05-17;-0.00024966;-0.00019815
2018-05-20;-0.00193479;-0.00178110
2018-05-21;0.00028798;0.00034004
2018-05-22;-0.00166921;-0.00161715
2018-05-23;-0.00148053;-0.00142902
2018-05-24;-0.00195500;-0.00190377
2018-05-27;-0.00076121;-0.00060833
2018-05-28;-0.00376816;-0.00371720
2018-05-29;-0.00906117;-0.00900912
2018-05-30;0.00766323;0.00771529
2018-05-31;-0.00046125;-0.00040947
2018-06-03;0.00056494;0.00071946
2018-06-04;0.00075536;0.00080769
2018-06-05;-0.00058929;-0.00053696
2018-06-06;0.00000000;0.00005233
2018-06-07;0.00000000;0.00005205
2018-06-10;0.00000000;0.00015534
2018-06-11;0.00000000;0.00005233
2018-06-12;0.00000000;0.00005178
2018-06-13;0.00000000;0.00005205
2018-06-14;0.00000000;0.00005205
2018-06-17;0.00000000;0.00015616
2018-06-18;0.00000000;0.00005233
2018-06-19;0.00000000;0.00005233
2018-06-20;0.00000000;0.00005205
2018-06-21;0.00000000;0.00005205
2018-06-24;0.00000000;0.00015534
2018-06-25;0.00000000;0.00005205
2018-06-26;0.00000000;0.00005205
2018-06-27;0.00000000;0.00005178
2018-06-28;0.00000000;0.00005178
2018-07-01;0.00000000;0.00015534
2018-07-02;0.00000000;0.00005342
2018-07-03;0.00000000;0.00005315
2018-07-04;0.00000000;0.00005315
2018-07-05;-0.00000000;0.00005260
2018-07-08;0.00000000;0.00015863
2018-07-09;-0.00003333;0.00002009
2018-07-10;0.00165105;0.00170448
2018-07-11;-0.00148155;-0.00142867
2018-07-12;-0.00391545;-0.00386230
2018-07-15;0.00024077;0.00040022
2018-07-16;0.00007503;0.00012927
2018-07-17;-0.00001667;0.00003758
2018-07-18;-0.00044500;-0.00039130
2018-07-19;-0.00168351;-0.00162981
2018-07-22;0.00074464;0.00090491
2018-07-23;0.00022509;0.00027879
2018-07-24;0.00149346;0.00154771
2018-07-25;0.00000000;0.00005397
2018-07-26;0.00000000;0.00005342
2018-07-29;0.00000000;0.00016110
2018-07-30;0.00000000;0.00005507
2018-07-31;-0.00000000;0.00005452
2018-08-01;-0.00000000;0.00005452
2018-08-02;-0.00001667;0.00003758
2018-08-05;-0.00098449;-0.00082258
2018-08-06;0.00061868;0.00067402
2018-08-07;0.00228461;0.00233995
2018-08-08;-0.00162721;-0.00157187
2018-08-09;-0.00293948;-0.00288414
2018-08-12;-0.00669102;-0.00652581
2018-08-13;0.00006557;0.00012119
2018-08-14;-0.00078437;-0.00072848
2018-08-15;-0.00304210;-0.00298648
2018-08-16;0.00430189;0.00435751
2018-08-19;0.00028841;0.00045362
2018-08-20;0.00000000;0.00005562
2018-08-21;0.00000000;0.00005589
2018-08-22;0.00000000;0.00005616
2018-08-23;0.00000000;0.00005589
2018-08-26;-0.00001667;0.00015183
2018-08-27;-0.00006773;-0.00001074
2018-08-28;-0.00095448;-0.00089722
2018-08-29;0.00379590;0.00385316
2018-08-30;0.00064045;0.00069716
2018-09-02;-0.00036195;-0.00019181
2018-09-03;0.00000000;0.00005671
2018-09-04;-0.00000000;0.00005726
2018-09-05;-0.00000000;0.00005753
2018-09-06;-0.00000000;0.00005726
2018-09-09;0.00000000;0.00017260
2018-09-10;0.00000000;0.00005781
2018-09-11;0.00000000;0.00005781
2018-09-12;0.00000000;0.00005808
2018-09-13;0.00000000;0.00005781
2018-09-16;-0.00000000;0.00017425
2018-09-17;0.00000000;0.00005836
2018-09-18;0.00000000;0.00005836
2018-09-19;0.00000000;0.00005808
2018-09-20;-0.00001667;0.00004169
2018-09-23;0.00072780;0.00090369
2018-09-24;-0.00090422;-0.00084450
2018-09-25;-0.00084895;-0.00078949
2018-09-26;0.00122764;0.00128682
2018-09-27;0.00122052;0.00127915
2018-09-30;-0.00001667;0.00016005
2018-10-01;0.00007170;0.00013170
2018-10-02;0.00063675;0.00069675
2018-10-03;-0.00053238;-0.00047238
2018-10-04;-0.00106162;-0.00100190
2018-10-07;-0.00018081;-0.00000163
2018-10-08;0.00005795;0.00011768
2018-10-09;-0.00133934;-0.00127879
2018-10-10;-0.00045785;-0.00039675
2018-10-11;0.00252252;0.00258335
2018-10-14;0.00133595;0.00151923
2018-10-15;-0.00012959;-0.00006740
2018-10-16;0.00126245;0.00132437
2018-10-17;-0.00136346;-0.00130126
2018-10-18;0.00000000;0.00006219
2018-10-21;-0.00000000;0.00018575
2018-10-22;0.00000000;0.00006301
2018-10-23;0.00000000;0.00006274
2018-10-24;-0.00001667;0.00004607
2018-10-25;0.00030452;0.00036726
2018-10-29;-0.00065064;-0.00039858
2018-10-30;0.00058967;0.00065241
2018-10-31;0.00120847;0.00127121
2018-11-01;0.00096566;0.00102785
2018-11-02;0.00350824;0.00357071
2018-11-05;0.00025452;0.00044521
2018-11-06;0.00101812;0.00108141
2018-11-07;0.00051613;0.00057969
2018-11-08;0.00000000;0.00006301
2018-11-09;0.00000000;0.00006329
2018-11-12;0.00000000;0.00018986
2018-11-13;-0.00001667;0.00004744
2018-11-14;0.00121294;0.00127677
2018-11-15;0.00002501;0.00008857
2018-11-16;0.00068413;0.00074742
2018-11-19;0.00013923;0.00033155
2018-11-20;-0.00092686;-0.00086275
2018-11-21;-0.00001667;0.00004799
2018-11-22;0.00029918;0.00036384
2018-11-23;0.00053445;0.00059911
2018-11-26;-0.00097414;-0.00077934
2018-11-27;0.00016371;0.00022837
2018-11-28;-0.00094629;-0.00088191
2018-11-29;0.00000000;0.00006356
2018-11-30;0.00000000;0.00006356
2018-12-03;-0.00000000;0.00019233
2018-12-04;0.00000000;0.00006521
2018-12-05;0.00000000;0.00006521
2018-12-06;0.00000000;0.00006466
2018-12-07;0.00000000;0.00006438
2018-12-10;0.00000000;0.00019479
2018-12-11;-0.00003333;0.00003160
2018-12-12;-0.00064976;-0.00058428
2018-12-13;0.00340398;0.00346918
2018-12-14;0.00112450;0.00118943
2018-12-17;-0.00053737;-0.00034340
2018-12-18;-0.00080509;-0.00074098
2018-12-19;0.00000000;0.00006438
2018-12-20;0.00000000;0.00006411
2018-12-21;-0.00001667;0.00004744
2018-12-24;-0.00278505;-0.00258697
2018-12-25;-0.00138129;-0.00131526
2018-12-26;0.00061135;0.00067683
2018-12-27;0.00106259;0.00112725
2018-12-28;0.00093705;0.00100143
2018-12-31;0.00000000;0.00019726
2019-01-01;0.00000000;0.00006575
2019-01-02;0.00000000;0.00006493
2019-01-03;-0.00003333;0.00003132
2019-01-04;0.00491219;0.00497712
2019-01-07;0.00285479;0.00305287
2019-01-08;0.00206064;0.00212666
2019-01-09;-0.00032856;-0.00026280
2019-01-10;0.00162893;0.00169414
2019-01-11;0.00000000;0.00006521
2019-01-14;-0.00001667;0.00018059
2019-01-15;-0.00034769;-0.00028194
2019-01-16;-0.00162015;-0.00155495
2019-01-17;-0.00080458;-0.00073965
2019-01-18;-0.00275864;-0.00269398
2019-01-21;0.00265504;0.00284901
2019-01-22;0.00000000;0.00006521
2019-01-23;0.00000000;0.00006466
2019-01-24;-0.00001667;0.00004689
2019-01-25;-0.00314431;-0.00308020
2019-01-28;0.00065435;0.00084915
2019-01-29;0.00175203;0.00181696
2019-01-30;0.00225323;0.00231816
2019-01-31;0.00034804;0.00041270
2019-02-01;0.00097370;0.00103809
2019-02-04;-0.00072041;-0.00052561
2019-02-05;-0.00029626;-0.00023133
2019-02-06;0.00103008;0.00109501
2019-02-07;0.00161807;0.00168300
2019-02-08;0.00140580;0.00147100
2019-02-11;0.00029262;0.00048988
2019-02-12;-0.00047483;-0.00040963
2019-02-13;0.00000000;0.00006548
2019-02-14;0.00000000;0.00006521
2019-02-15;0.00000000;0.00006521
2019-02-18;0.00000000;0.00019562
2019-02-19;0.00000000;0.00006603
2019-02-20;0.00000000;0.00006575
2019-02-21;0.00000000;0.00006575
2019-02-22;0.00000000;0.00006603
2019-02-25;-0.00000000;0.00019890
2019-02-26;-0.00003333;0.00003242
2019-02-27;-0.00173989;-0.00167414
2019-02-28;-0.00250352;-0.00243777
2019-03-01;-0.00015583;-0.00009035
2019-03-04;-0.00106434;-0.00086626
2019-03-05;0.00190946;0.00197548
2019-03-06;0.00000000;0.00006603
2019-03-07;0.00000000;0.00006575
2019-03-08;0.00000000;0.00006603
2019-03-11;0.00000000;0.00019808
2019-03-12;0.00000000;0.00006603
2019-03-13;0.00000000;0.00006575
2019-03-14;0.00000000;0.00006575
2019-03-15;0.00000000;0.00006575
2019-03-18;0.00000000;0.00019644
2019-03-19;0.00000000;0.00006603
2019-03-20;0.00000000;0.00006630
2019-03-21;0.00000000;0.00006658
2019-03-22;-0.00001667;0.00004936
2019-03-25;-0.00160021;-0.00140213
2019-03-26;0.00052543;0.00059146
2019-03-27;-0.00043215;-0.00036667
2019-03-28;-0.00121815;-0.00115294
2019-03-29;-0.00083328;-0.00076889
2019-03-31;0.00080467;0.00093344
2019-04-01;0.00086947;0.00093468
2019-04-02;-0.00044562;-0.00038069
2019-04-03;0.00097273;0.00103821
2019-04-04;0.00019827;0.00026375
2019-04-07;0.00000000;0.00019644
2019-04-08;0.00000000;0.00006521
2019-04-09;0.00000000;0.00006493
2019-04-10;0.00000000;0.00006521
2019-04-11;0.00000000;0.00006521
2019-04-14;0.00000000;0.00019644
2019-04-15;0.00000000;0.00006521
2019-04-16;0.00000000;0.00006521
2019-04-17;-0.00001667;0.00004881
2019-04-18;0.00041327;0.00047821
2019-04-21;-0.00013559;0.00005920
2019-04-22;-0.00078164;-0.00071616
2019-04-23;-0.00051743;-0.00045167
2019-04-24;0.00200525;0.00207073
2019-04-25;0.00000000;0.00006521
2019-04-28;0.00000000;0.00019479
2019-04-29;0.00000000;0.00006548
2019-04-30;0.00000000;0.00006521
2019-05-01;0.00000000;0.00006521
2019-05-02;-0.00001667;0.00004936
2019-05-05;-0.00260331;-0.00240770
2019-05-06;0.00269136;0.00275684
2019-05-07;-0.00151751;-0.00145231
2019-05-08;0.00121635;0.00128156
2019-05-09;0.00058229;0.00064750
2019-05-12;0.00001891;0.00021453
2019-05-13;-0.00001667;0.00004799
2019-05-14;0.00032557;0.00039023
2019-05-15;-0.00013185;-0.00006692
2019-05-16;-0.00041218;-0.00034780
2019-05-19;-0.00001410;0.00017823
2019-05-20;-0.00084560;-0.00078149
2019-05-21;-0.00043058;-0.00036647
2019-05-22;-0.00085875;-0.00079492
2019-05-23;-0.00093597;-0.00087241
2019-05-26;0.00091945;0.00110849
2019-05-27;0.00000000;0.00006301
2019-05-28;0.00000000;0.00006356
2019-05-29;0.00000000;0.00006356
2019-05-30;-0.00001667;0.00004717
2019-06-02;-0.00221774;-0.00202870
2019-06-03;0.00157068;0.00163370
2019-06-04;0.00093493;0.00099795
2019-06-05;-0.00050694;-0.00044392
2019-06-06;0.00176381;0.00182627
2019-06-09;0.00000000;0.00018329
2019-06-10;0.00000000;0.00006137
2019-06-11;0.00000000;0.00006082
2019-06-12;0.00000000;0.00006000
2019-06-13;0.00000000;0.00005863
2019-06-16;0.00000000;0.00017671
2019-06-17;-0.00001667;0.00004306
2019-06-18;0.00144025;0.00149970
2019-06-19;0.00120327;0.00126162
2019-06-20;-0.00034082;-0.00028356
2019-06-23;-0.00072482;-0.00055469
2019-06-24;-0.00157474;-0.00151775
2019-06-25;0.00009432;0.00015103
2019-06-26;0.00108097;0.00113850
2019-06-27;-0.00034245;-0.00028519
2019-06-30;0.00000000;0.00017096
2019-07-01;-0.00000000;0.00005918
2019-07-02;-0.00000000;0.00005890
2019-07-03;-0.00000000;0.00005918
2019-07-04;-0.00000000;0.00005918
2019-07-07;0.00000000;0.00017918
2019-07-08;0.00000000;0.00006055
2019-07-09;0.00000000;0.00006055
2019-07-10;-0.00000000;0.00005890
2019-07-11;0.00000000;0.00005808
2019-07-14;0.00000000;0.00017260
2019-07-15;0.00000000;0.00005781
2019-07-16;-0.00001667;0.00004087
2019-07-17;0.00019443;0.00025169
2019-07-18;0.00187431;0.00192938
2019-07-21;0.00047724;0.00064327
2019-07-22;-0.00106490;-0.00100901
2019-07-23;-0.00004475;0.00001060
2019-07-24;-0.00052997;-0.00047381
2019-07-25;0.00227065;0.00232709
2019-07-28;0.00026678;0.00043773
2019-07-29;-0.00001667;0.00004005
2019-07-30;-0.00197107;-0.00191518
2019-07-31;0.00241163;0.00246752
2019-08-01;-0.00106416;-0.00100855
2019-08-04;-0.00195549;-0.00178946
2019-08-05;-0.00284933;-0.00279454
2019-08-06;0.00328684;0.00334191
2019-08-07;-0.00171726;-0.00166302
2019-08-08;-0.00157230;-0.00151805
2019-08-11;-0.00424733;-0.00408623
2019-08-12;0.00133436;0.00138806
2019-08-13;0.00000000;0.00005370
2019-08-14;-0.00000000;0.00005260
2019-08-15;0.00000000;0.00005123
2019-08-18;0.00000000;0.00015041
2019-08-19;0.00000000;0.00005205
2019-08-20;0.00000000;0.00005205
2019-08-21;0.00000000;0.00005288
2019-08-22;0.00000000;0.00005370
2019-08-25;0.00000000;0.00015863
2019-08-26;0.00000000;0.00005370
2019-08-27;0.00000000;0.00005315
2019-08-28;0.00000000;0.00005342
2019-08-29;0.00000000;0.00005342
2019-09-01;-0.00001667;0.00014361
2019-09-02;-0.00057550;-0.00052207
2019-09-03;-0.00091997;-0.00086682
2019-09-04;0.00343182;0.00348469
2019-09-05;0.00228307;0.00233594
2019-09-08;-0.00081871;-0.00066090
2019-09-09;-0.00001667;0.00003594
2019-09-10;0.00021204;0.00026436
2019-09-11;0.00038863;0.00044124
2019-09-12;-0.00024590;-0.00019357
2019-09-15;0.00091861;0.00107642
2019-09-16;0.00095055;0.00100397
2019-09-17;-0.00179119;-0.00173776
2019-09-18;-0.00021381;-0.00016148
2019-09-19;-0.00031209;-0.00026031
2019-09-22;0.00058959;0.00074329
2019-09-23;0.00000000;0.00005205
2019-09-24;0.00000000;0.00005151
2019-09-25;0.00000000;0.00005068
2019-09-26;0.00000000;0.00004904
2019-09-29;0.00000000;0.00014466
2019-09-30;0.00000000;0.00005041
2019-10-01;0.00000000;0.00004877
2019-10-02;0.00000000;0.00004795
2019-10-03;0.00000000;0.00004575
2019-10-06;0.00000000;0.00013808
2019-10-07;0.00000000;0.00004685
2019-10-08;-0.00001667;0.00002936
2019-10-09;-0.00095939;-0.00091391
2019-10-10;0.00518779;0.00523299
2019-10-13;0.00443628;0.00457190
2019-10-14;-0.00015337;-0.00010817
2019-10-15;0.00361482;0.00365975
2019-10-16;-0.00040933;-0.00036468
2019-10-17;-0.00091327;-0.00086862
2019-10-20;-0.00030631;-0.00017234
2019-10-21;-0.00242975;-0.00238482
2019-10-22;0.00254993;0.00259431
2019-10-23;-0.00060659;-0.00056221
2019-10-24;-0.00000000;0.00004493
2019-10-28;0.00000000;0.00017753
2019-10-29;0.00000000;0.00004384
2019-10-30;-0.00000000;0.00004356
2019-10-31;0.00000000;0.00004137
2019-11-01;0.00000000;0.00004082
2019-11-04;0.00000000;0.00012329
2019-11-05;0.00000000;0.00004192
2019-11-06;0.00000000;0.00004192
2019-11-07;0.00000000;0.00004192
2019-11-08;0.00000000;0.00004164
2019-11-11;0.00000000;0.00012493
2019-11-12;-0.00003333;0.00000941
2019-11-13;-0.00141131;-0.00136912
2019-11-14;-0.00191907;-0.00187688
2019-11-15;-0.00098717;-0.00094498
2019-11-18;0.00277607;0.00290265
2019-11-19;0.00073913;0.00078132
2019-11-20;-0.00046681;-0.00042462
2019-11-21;0.00000000;0.00004247
2019-11-22;0.00000000;0.00004247
2019-11-25;0.00000000;0.00012986
2019-11-26;0.00000000;0.00004301
2019-11-27;-0.00000000;0.00004356
2019-11-28;-0.00001667;0.00002689
2019-11-29;0.00062734;0.00067008
2019-12-02;0.00019354;0.00032259
2019-12-03;0.00098509;0.00102729
2019-12-04;-0.00128857;-0.00124693
2019-12-05;-0.00282224;-0.00278087
2019-12-06;-0.00059464;-0.00055354
2019-12-09;-0.00095749;-0.00083338
2019-12-10;0.00002459;0.00006650
2019-12-11;0.00120483;0.00124702
2019-12-12;-0.00055652;-0.00051460
2019-12-13;-0.00003333;0.00000886
2019-12-16;0.00305512;0.00318170
2019-12-17;0.00146469;0.00150660
2019-12-18;0.00402987;0.00407179
2019-12-19;0.00073633;0.00077852
2019-12-20;0.00191188;0.00195434
2019-12-23;0.00009050;0.00021872
2019-12-24;0.00009141;0.00013388
2019-12-25;-0.00065877;-0.00061630
2019-12-26;0.00009024;0.00013271
2019-12-27;0.00000000;0.00004219
2019-12-30;0.00000000;0.00012658
2019-12-31;0.00000000;0.00004164
2020-01-01;0.00000000;0.00004164
2020-01-02;0.00000000;0.00004137
2020-01-03;0.00000000;0.00004082
2020-01-06;0.00000000;0.00012575
2020-01-07;0.00000000;0.00004137
2020-01-08;0.00000000;0.00004137
2020-01-09;0.00000000;0.00004137
2020-01-10;0.00000000;0.00004137
2020-01-13;0.00000000;0.00012658
2020-01-14;0.00000000;0.00004219
2020-01-15;-0.00001667;0.00002553
2020-01-16;-0.00043998;-0.00039833
2020-01-17;-0.00004358;-0.00000166
2020-01-20;-0.00015558;-0.00002982
2020-01-21;0.00012397;0.00016589
2020-01-22;-0.00019676;-0.00015512
2020-01-23;-0.00001667;0.00002498
2020-01-24;-0.00060730;-0.00056593
2020-01-27;0.00051604;0.00064098
2020-01-28;0.00005989;0.00010209
2020-01-29;0.00172333;0.00176525
2020-01-30;-0.00092576;-0.00088357
2020-01-31;0.00007655;0.00011820
2020-02-03;0.00028244;0.00040902
2020-02-04;0.00000000;0.00004219
2020-02-05;0.00000000;0.00004219
2020-02-06;0.00000000;0.00004219
2020-02-07;0.00000000;0.00004192
2020-02-10;0.00000000;0.00012740
2020-02-11;0.00000000;0.00004219
2020-02-12;0.00000000;0.00004247
2020-02-13;-0.00001667;0.00002607
2020-02-14;-0.00057797;-0.00053550
2020-02-17;0.00073436;0.00086175
2020-02-18;0.00059713;0.00063959
2020-02-19;-0.00158508;-0.00154261
2020-02-20;0.00302536;0.00306782
2020-02-21;0.00040727;0.00044919
2020-02-24;0.00000000;0.00012329
2020-02-25;0.00000000;0.00004110
2020-02-26;0.00000000;0.00004110
2020-02-27;0.00000000;0.00003890
2020-02-28;0.00000000;0.00003425
2020-03-02;-0.00001667;0.00007374
2020-03-03;-0.00381804;-0.00379256
2020-03-04;0.00041143;0.00043088
2020-03-05;0.00246920;0.00248591
2020-03-06;-0.00050967;-0.00049734
2020-03-09;-0.00097911;-0.00095281
2020-03-10;0.00065837;0.00067015
2020-03-11;0.00440646;0.00441769
2020-03-12;-0.00398419;-0.00397515
2020-03-13;-0.00239953;-0.00239213
2020-03-16;0.00551726;0.00553698
2020-03-17;-0.00146878;-0.00146357
2020-03-18;0.00048298;0.00048353
2020-03-19;-0.01242251;-0.01242141
2020-03-20;0.00550288;0.00550425
2020-03-23;0.00256634;0.00256799
2020-03-24;-0.00302827;-0.00302799
2020-03-25;0.00000000;-0.00000110
2020-03-26;0.00000000;-0.00000137
2020-03-27;-0.00000000;0.00000082
2020-03-29;-0.00000000;0.00000164
2020-03-30;-0.00000000;0.00000329
2020-03-31;-0.00000000;0.00000301
2020-04-01;0.00000000;0.00000247
2020-04-02;0.00000000;0.00000247
2020-04-05;0.00000000;0.00000822
2020-04-06;0.00000000;0.00000411
2020-04-07;0.00000000;0.00000384
2020-04-08;-0.00000000;0.00000603
2020-04-09;0.00000000;0.00000685
2020-04-12;0.00000000;0.00002055
2020-04-13;0.00000000;0.00000712
2020-04-14;0.00000000;0.00000548
2020-04-15;0.00000000;0.00000384
2020-04-16;0.00000000;0.00000384
2020-04-19;0.00000000;0.00000986
2020-04-20;-0.00000000;0.00000329
2020-04-21;-0.00000000;0.00000301
2020-04-22;-0.00000000;0.00000329
2020-04-23;-0.00000000;0.00000301
2020-04-26;0.00000000;0.00000986
2020-04-27;-0.00000000;0.00000329
2020-04-28;-0.00000000;0.00000301
2020-04-29;-0.00001667;-0.00001393
2020-04-30;0.00049776;0.00050022
2020-05-03;0.00090632;0.00091618
2020-05-04;0.00071374;0.00071730
2020-05-05;-0.00050708;-0.00050352
2020-05-06;0.00032673;0.00033002
2020-05-07;0.00170703;0.00171005
2020-05-10;0.00179813;0.00180799
2020-05-11;0.00108800;0.00109128
2020-05-12;-0.00018223;-0.00017867
2020-05-13;-0.00100720;-0.00100364
2020-05-14;0.00022301;0.00022630
2020-05-17;-0.00440941;-0.00439954
2020-05-18;0.00019249;0.00019605
2020-05-19;0.00095200;0.00095556
2020-05-20;-0.00036586;-0.00036257
2020-05-21;-0.00019419;-0.00019090
2020-05-24;0.00194441;0.00195428
2020-05-25;0.00051264;0.00051593
2020-05-26;-0.00178682;-0.00178298
2020-05-27;-0.00001667;-0.00001256
2020-05-28;-0.00055372;-0.00054961
2020-05-31;0.00002987;0.00004138
2020-06-01;-0.00041262;-0.00040879
2020-06-02;-0.00195002;-0.00194591
2020-06-03;-0.00346777;-0.00346338
2020-06-04;-0.00445585;-0.00445174
2020-06-07;-0.00242614;-0.00241381
2020-06-08;0.00591769;0.00592234
2020-06-09;0.00248234;0.00248754
2020-06-10;0.00159411;0.00159877
2020-06-11;0.00000000;0.00000466
2020-06-14;0.00000000;0.00001315
2020-06-15;0.00000000;0.00000493
2020-06-16;0.00000000;0.00000466
2020-06-17;0.00000000;0.00000466
2020-06-18;0.00000000;0.00000438
2020-06-21;-0.00001667;-0.00000434
2020-06-22;0.00108434;0.00108872
2020-06-23;-0.00033829;-0.00033390
2020-06-24;-0.00115730;-0.00115319
2020-06-25;0.00123744;0.00124183
2020-06-28;-0.00234861;-0.00233710
2020-06-29;-0.00001667;-0.00001283
2020-06-30;0.00254483;0.00254921
2020-07-01;0.00147568;0.00147952
2020-07-02;0.00045184;0.00045568
2020-07-05;-0.00002202;-0.00001051
2020-07-06;-0.00141676;-0.00141265
2020-07-07;0.00000000;0.00000411
2020-07-08;0.00000000;0.00000411
2020-07-09;0.00000000;0.00000356
2020-07-12;0.00000000;0.00001068
2020-07-13;0.00000000;0.00000384
2020-07-14;-0.00003333;-0.00002922
2020-07-15;-0.00081246;-0.00080808
2020-07-16;-0.00012041;-0.00011739
2020-07-19;-0.00003062;-0.00002158
2020-07-20;-0.00142346;-0.00141989
2020-07-21;-0.00106304;-0.00105948
2020-07-22;-0.00200450;-0.00200093
2020-07-23;0.00017766;0.00018095
2020-07-26;0.00106330;0.00107234
2020-07-27;-0.00105788;-0.00105486
2020-07-28;0.00192070;0.00192371
2020-07-29;-0.00000000;0.00000301
2020-07-30;0.00000000;0.00000247
2020-08-02;0.00000000;0.00000740
2020-08-03;0.00000000;0.00000274
2020-08-04;0.00000000;0.00000247
2020-08-05;0.00000000;0.00000274
2020-08-06;0.00000000;0.00000274
2020-08-09;0.00000000;0.00000822
2020-08-10;-0.00001667;-0.00001365
2020-08-11;0.00062992;0.00063293
2020-08-12;0.00172963;0.00173264
2020-08-13;0.00000399;0.00000673
2020-08-16;0.00052948;0.00053770
2020-08-17;0.00158233;0.00158507
2020-08-18;0.00043493;0.00043740
2020-08-19;0.00018018;0.00018319
2020-08-20;0.00265330;0.00265632
2020-08-23;0.00021252;0.00022074
2020-08-24;0.00012459;0.00012788
2020-08-25;0.00030131;0.00030432
2020-08-26;0.00001387;0.00001688
2020-08-27;-0.00015404;-0.00015103
2020-08-30;-0.00106189;-0.00105367
2020-08-31;0.00036842;0.00037143
2020-09-01;-0.00133537;-0.00133208
2020-09-02;0.00050575;0.00050904
2020-09-03;0.00262027;0.00262328
2020-09-06;-0.00087279;-0.00086375
2020-09-07;0.00107550;0.00107851
2020-09-08;0.00436208;0.00436565
2020-09-09;0.00206146;0.00206474
2020-09-10;0.00027710;0.00028038
2020-09-13;-0.00002612;-0.00001708
2020-09-14;-0.00021911;-0.00021609
2020-09-15;-0.00016546;-0.00016245
2020-09-16;0.00305972;0.00306300
2020-09-17;-0.00078744;-0.00078498
2020-09-20;-0.00062999;-0.00062177
2020-09-21;-0.00171896;-0.00171622
2020-09-22;-0.00054792;-0.00054518
2020-09-23;-0.00059800;-0.00059499
2020-09-24;0.00000000;0.00000274
2020-09-27;0.00000000;0.00000822
2020-09-28;-0.00000000;0.00000301
2020-09-29;0.00000000;0.00000247
2020-09-30;0.00000000;0.00000274
2020-10-01;0.00000000;0.00000247
2020-10-04;0.00000000;0.00000740
2020-10-05;0.00000000;0.00000274
2020-10-06;0.00000000;0.00000274
2020-10-07;0.00000000;0.00000274
2020-10-08;0.00000000;0.00000247
2020-10-11;0.00000000;0.00000822
2020-10-12;0.00000000;0.00000274
2020-10-13;-0.00000000;0.00000301
2020-10-14;-0.00001667;-0.00001338
2020-10-15;-0.00067257;-0.00066955
2020-10-18;0.00049119;0.00050023
2020-10-19;-0.00013190;-0.00012889
2020-10-20;0.00031598;0.00031872
2020-10-21;0.00031145;0.00031419
2020-10-22;0.00000000;0.00000247
2020-10-26;-0.00000000;0.00001205
2020-10-27;0.00000000;0.00000274
2020-10-28;0.00000000;0.00000274
2020-10-29;-0.00001667;-0.00001420
2020-10-30;-0.00121728;-0.00121481
2020-11-02;-0.00099576;-0.00098836
2020-11-03;0.00036804;0.00037078
2020-11-04;0.00293546;0.00293820
2020-11-05;0.00194314;0.00194588
2020-11-06;-0.00198746;-0.00198472
2020-11-09;0.00105898;0.00106802
2020-11-10;-0.00165491;-0.00165217
2020-11-11;-0.00313216;-0.00312942
2020-11-12;0.00031286;0.00031560
2020-11-13;0.00334071;0.00334318
2020-11-16;-0.00158551;-0.00157811
2020-11-17;-0.00020248;-0.00020002
2020-11-18;-0.00072817;-0.00072570
2020-11-19;0.00000000;0.00000192
2020-11-20;0.00000000;0.00000192
2020-11-23;0.00000000;0.00000658
2020-11-24;0.00000000;0.00000247
2020-11-25;0.00000000;0.00000247
2020-11-26;0.00000000;0.00000247
2020-11-27;0.00000000;0.00000247
2020-11-30;0.00000000;0.00000658
2020-12-01;0.00000000;0.00000247
2020-12-02;-0.00001667;-0.00001420
2020-12-03;-0.00167774;-0.00167555
2020-12-04;0.00242528;0.00242774
2020-12-07;-0.00077497;-0.00076840
2020-12-08;-0.00041104;-0.00040858
2020-12-09;0.00010454;0.00010673
2020-12-10;0.00024492;0.00024712
2020-12-11;0.00040707;0.00040926
2020-12-14;0.00139287;0.00140027
2020-12-15;-0.00035078;-0.00034859
2020-12-16;0.00235881;0.00236128
2020-12-17;0.00029994;0.00030213
2020-12-18;-0.00017412;-0.00017193
2020-12-21;0.00000000;0.00000740
2020-12-22;0.00000000;0.00000247
2020-12-23;0.00000000;0.00000247
2020-12-24;0.00000000;0.00000247
2020-12-25;0.00000000;0.00000247
2020-12-28;0.00000000;0.00000904
2020-12-29;-0.00001667;-0.00001393
2020-12-30;-0.00039309;-0.00039089
2020-12-31;0.00011966;0.00012213
2021-01-01;0.00103349;0.00103596
2021-01-04;0.00379957;0.00380696
2021-01-05;0.00305201;0.00305447
2021-01-06;-0.00007554;-0.00007307
2021-01-07;0.00114890;0.00115137
2021-01-08;-0.00112258;-0.00112039
2021-01-11;0.00135805;0.00136463
2021-01-12;0.00053247;0.00053493
2021-01-13;-0.00006684;-0.00006437
2021-01-14;0.00100338;0.00100585
2021-01-15;0.00000000;0.00000247
2021-01-18;-0.00001667;-0.00000927
2021-01-19;-0.00036880;-0.00036633
2021-01-20;0.00226818;0.00227037
2021-01-21;-0.00172274;-0.00172027
2021-01-22;0.00121762;0.00121982
2021-01-25;0.00096758;0.00097498
2021-01-26;0.00000000;0.00000192
2021-01-27;0.00000000;0.00000219
2021-01-28;0.00000000;0.00000192
2021-01-29;-0.00000000;0.00000164
2021-02-01;0.00000000;0.00000575
2021-02-02;0.00000000;0.00000192
2021-02-03;0.00000000;0.00000110
2021-02-04;0.00000000;0.00000110
2021-02-05;-0.00001667;-0.00001584
2021-02-08;0.00074559;0.00074970
2021-02-09;-0.00007767;-0.00007658
2021-02-10;0.00005157;0.00005294
2021-02-11;-0.00032476;-0.00032339
2021-02-12;0.00077690;0.00077800
2021-02-15;0.00000000;0.00000329
2021-02-16;-0.00001667;-0.00001557
2021-02-17;-0.00116105;-0.00115996
2021-02-18;0.00211908;0.00211990
2021-02-19;-0.00066502;-0.00066393
2021-02-22;-0.00051255;-0.00051009
2021-02-23;-0.00019429;-0.00019320
2021-02-24;-0.00309139;-0.00309056
2021-02-25;-0.00111569;-0.00111459
2021-02-26;-0.00037039;-0.00036930
2021-03-01;0.00282804;0.00283215
2021-03-02;0.00009746;0.00009856
2021-03-03;-0.00078563;-0.00078426
2021-03-04;0.00002635;0.00002744
2021-03-05;0.00000000;0.00000110
2021-03-08;0.00000000;0.00000411
2021-03-09;0.00000000;0.00000137
2021-03-10;0.00000000;0.00000110
2021-03-11;0.00000000;0.00000110
2021-03-12;0.00000000;0.00000110
2021-03-15;-0.00001667;-0.00001338
2021-03-16;0.00059994;0.00060049
2021-03-17;0.00099543;0.00099598
2021-03-18;-0.00183244;-0.00183217
2021-03-19;0.00168527;0.00168554
2021-03-22;0.00115413;0.00115659
2021-03-23;0.00000000;0.00000027
2021-03-24;0.00000000;0.00000055
2021-03-25;0.00000000;0.00000055
2021-03-26;0.00000000;0.00000055
2021-03-28;0.00000000;0.00000110
2021-03-29;-0.00000000;0.00000082
2021-03-30;0.00000000;0.00000055
2021-03-31;-0.00001667;-0.00001584
2021-04-01;0.00020969;0.00021023
2021-04-04;-0.00021331;-0.00021167
2021-04-05;-0.00055049;-0.00054966
2021-04-06;0.00367951;0.00368006
2021-04-07;0.00203487;0.00203542
2021-04-08;-0.00001667;-0.00001639
2021-04-11;-0.00011809;-0.00011645
2021-04-12;0.00065721;0.00065776
2021-04-13;-0.00061822;-0.00061740
2021-04-14;0.00133386;0.00133441
2021-04-15;-0.00011490;-0.00011436
2021-04-18;-0.00054808;-0.00054644
2021-04-19;0.00000910;0.00000965
2021-04-20;-0.00000000;0.00000082
2021-04-21;-0.00000000;0.00000082
2021-04-22;-0.00000000;0.00000082
2021-04-25;0.00000000;0.00000247
2021-04-26;-0.00000000;0.00000082
2021-04-27;-0.00001667;-0.00001639
2021-04-28;-0.00049021;-0.00048993
2021-04-29;-0.00093500;-0.00093472
2021-05-02;0.00161381;0.00161463
2021-05-03;0.00009097;0.00009206
2021-05-04;-0.00007595;-0.00007540
2021-05-05;-0.00034466;-0.00034411
2021-05-06;-0.00042406;-0.00042351
2021-05-09;0.00023457;0.00023621
2021-05-10;-0.00003333;-0.00003279
2021-05-11;0.00127642;0.00127670
2021-05-12;-0.00004402;-0.00004347
2021-05-13;-0.00079052;-0.00078997
2021-05-16;0.00111311;0.00111393
2021-05-17;-0.00007117;-0.00007062
2021-05-18;0.00000000;0.00000055
2021-05-19;0.00000000;0.00000027
2021-05-20;0.00000000;0.00000027
2021-05-23;0.00000000;0.00000082
2021-05-24;0.00000000;0.00000055
2021-05-25;0.00000000;0.00000055
2021-05-26;0.00000000;0.00000055
2021-05-27;0.00000000;0.00000055
2021-05-30;0.00000000;0.00000082
2021-05-31;0.00000000;0.00000027
2021-06-01;0.00000000;0.00000055
2021-06-02;0.00000000;0.00000055
2021-06-03;0.00000000;0.00000055
2021-06-06;0.00000000;0.00000164
2021-06-07;0.00000000;0.00000055
2021-06-08;0.00000000;0.00000055
2021-06-09;-0.00000000;0.00000082
2021-06-10;-0.00001667;-0.00001584
2021-06-13;-0.00052473;-0.00052226
2021-06-14;0.00087839;0.00087921
2021-06-15;-0.00021244;-0.00021161
2021-06-16;0.00012704;0.00012814
2021-06-17;0.00097313;0.00097422
2021-06-20;0.00014722;0.00015133
2021-06-21;0.00019651;0.00019788
2021-06-22;0.00165734;0.00165844
2021-06-23;0.00017388;0.00017525
2021-06-24;0.00092044;0.00092181
2021-06-27;0.00000000;0.00000493
2021-06-28;0.00000000;0.00000137
2021-06-29;0.00000000;0.00000110
2021-06-30;0.00000000;0.00000137
2021-07-01;0.00000000;0.00000137
2021-07-04;0.00000000;0.00000411
2021-07-05;0.00000000;0.00000137
2021-07-06;0.00000000;0.00000137
2021-07-07;0.00000000;0.00000137
2021-07-08;-0.00001667;-0.00001502
2021-07-11;0.00038313;0.00038807
2021-07-12;0.00015522;0.00015659
2021-07-13;-0.00106713;-0.00106576
2021-07-14;0.00008786;0.00008951
2021-07-15;0.00055168;0.00055305
2021-07-18;0.00000000;0.00000411
2021-07-19;-0.00001667;-0.00001530
2021-07-20;-0.00054709;-0.00054572
2021-07-21;0.00163354;0.00163491
2021-07-22;0.00199044;0.00199181
2021-07-25;-0.00041639;-0.00041228
2021-07-26;0.00079121;0.00079258
2021-07-27;0.00000000;0.00000137
2021-07-28;0.00000000;0.00000137
2021-07-29;-0.00000000;0.00000164
2021-08-01;0.00000000;0.00000493
2021-08-02;0.00000000;0.00000137
2021-08-03;0.00000000;0.00000137
2021-08-04;0.00000000;0.00000137
2021-08-05;0.00000000;0.00000137
2021-08-08;0.00000000;0.00000493
2021-08-09;-0.00000000;0.00000164
2021-08-10;0.00000000;0.00000137
2021-08-11;0.00000000;0.00000137
2021-08-12;-0.00000000;0.00000164
2021-08-15;0.00000000;0.00000493
2021-08-16;-0.00001667;-0.00001502
2021-08-17;-0.00120607;-0.00120415
2021-08-18;0.00073880;0.00074072
2021-08-19;-0.00097175;-0.00097011
2021-08-22;0.00075005;0.00075415
2021-08-23;0.00198215;0.00198352
2021-08-24;-0.00024381;-0.00024244
2021-08-25;0.00042986;0.00043150
2021-08-26;-0.00106252;-0.00106115
2021-08-29;0.00026800;0.00027211
2021-08-30;0.00000000;0.00000137
2021-08-31;0.00000000;0.00000110
2021-09-01;0.00000000;0.00000137
2021-09-02;0.00000000;0.00000137
2021-09-05;0.00000000;0.00000411
2021-09-06;0.00000000;0.00000137
2021-09-07;0.00000000;0.00000137
2021-09-08;0.00000000;0.00000137
2021-09-09;0.00000000;0.00000110
2021-09-12;0.00000000;0.00000411
2021-09-13;-0.00000000;0.00000164
2021-09-14;0.00000000;0.00000110
2021-09-15;0.00000000;0.00000110
2021-09-16;0.00000000;0.00000110
2021-09-19;0.00000000;0.00000329
2021-09-20;-0.00001667;-0.00001557
2021-09-21;-0.00103049;-0.00102966
2021-09-22;0.00106108;0.00106190
2021-09-23;0.00303406;0.00303489
2021-09-26;0.00081513;0.00081760
2021-09-27;-0.00019063;-0.00018953
2021-09-28;-0.00001667;-0.00001557
2021-09-29;-0.00026489;-0.00026379
2021-09-30;0.00173688;0.00173798
2021-10-03;0.00157298;0.00157627
2021-10-04;-0.00078335;-0.00078225
2021-10-05;0.00167445;0.00167555
2021-10-06;-0.00140039;-0.00139930
2021-10-07;0.00037436;0.00037573
2021-10-10;0.00000000;0.00000411
2021-10-11;-0.00001667;-0.00001530
2021-10-12;0.00024332;0.00024497
2021-10-13;-0.00121556;-0.00121419
2021-10-14;-0.00137856;-0.00137719
2021-10-17;-0.00157680;-0.00157269
2021-10-18;-0.00041989;-0.00041825
2021-10-19;-0.00001667;-0.00001530
2021-10-20;-0.00019605;-0.00019468
2021-10-21;0.00235990;0.00236155
2021-10-24;0.00020886;0.00021380
2021-10-25;0.00051068;0.00051232
2021-10-26;-0.00086309;-0.00086145
2021-10-27;-0.00000000;0.00000164
2021-10-28;-0.00000000;0.00000164
2021-11-01;-0.00001667;-0.00001119
2021-11-02;-0.00112606;-0.00112469
2021-11-03;0.00141716;0.00141853
2021-11-04;-0.00023772;-0.00023662
2021-11-05;-0.00129372;-0.00129235
2021-11-08;-0.00065008;-0.00064515
2021-11-09;0.00126199;0.00126309
2021-11-10;-0.00030588;-0.00030451
2021-11-11;-0.00041865;-0.00041728
2021-11-12;-0.00014275;-0.00014138
2021-11-15;0.00000000;0.00000411
2021-11-16;-0.00001667;-0.00001530
2021-11-17;0.00091303;0.00091440
2021-11-18;-0.00208072;-0.00207935
2021-11-19;0.00175450;0.00175587
2021-11-22;-0.00316945;-0.00316534
2021-11-23;0.00088796;0.00088960
2021-11-24;-0.00000000;0.00000164
2021-11-25;-0.00000000;0.00000164
2021-11-26;-0.00000000;0.00000164
2021-11-29;-0.00001667;-0.00001174
2021-11-30;-0.00052870;-0.00052733
2021-12-01;-0.00011418;-0.00011253
2021-12-02;0.00010017;0.00010154
2021-12-03;-0.00070277;-0.00070112
2021-12-06;-0.00052985;-0.00052491
2021-12-07;-0.00000000;0.00000164
2021-12-08;0.00000000;0.00000192
2021-12-09;-0.00000000;0.00000164
2021-12-10;-0.00000000;0.00000164
2021-12-13;0.00000000;0.00000411
2021-12-14;0.00000000;0.00000137
2021-12-15;-0.00000000;0.00000164
2021-12-16;0.00000000;0.00000137
2021-12-17;0.00000000;0.00000137
2021-12-20;0.00000000;0.00000575
2021-12-21;0.00000000;0.00000192
2021-12-22;0.00000000;0.00000219
2021-12-23;0.00000000;0.00000219
2021-12-24;-0.00003333;-0.00003114
2021-12-27;0.00054856;0.00055349
2021-12-28;-0.00225676;-0.00225511
2021-12-29;0.00009807;0.00009944
2021-12-30;-0.00201460;-0.00201323
2021-12-31;-0.00038859;-0.00038695
2022-01-03;0.00175462;0.00176202
2022-01-04;0.00064118;0.00064337
2022-01-05;-0.00492099;-0.00491852
2022-01-06;0.00074194;0.00074467
2022-01-07;0.00224800;0.00225074
2022-01-10;-0.00101382;-0.00100313
2022-01-11;-0.00001667;-0.00001338
2022-01-12;0.00027464;0.00027793
2022-01-13;0.00122761;0.00123090
2022-01-14;0.00062015;0.00062371
2022-01-17;0.00010751;0.00011820
2022-01-18;0.00021831;0.00022297
2022-01-19;0.00000000;0.00000466
2022-01-20;0.00000000;0.00000493
2022-01-21;-0.00001667;-0.00001201
2022-01-24;0.00020198;0.00021841
2022-01-25;0.00014477;0.00015025
2022-01-26;-0.00106366;-0.00105846
2022-01-27;0.00067099;0.00067647
2022-01-28;-0.00105829;-0.00105308
2022-01-31;0.00000000;0.00001973
2022-02-01;0.00000000;0.00000548
2022-02-02;0.00000000;0.00000548
2022-02-03;0.00000000;0.00000575
2022-02-04;-0.00003333;-0.00002703
2022-02-07;-0.00433387;-0.00431085
2022-02-08;0.00154039;0.00154778
2022-02-09;0.00072679;0.00073419
2022-02-10;-0.00008344;-0.00007221
2022-02-11;0.00051372;0.00052386
2022-02-14;0.00000000;0.00003699
2022-02-15;-0.00000000;0.00001123
2022-02-16;0.00000000;0.00001068
2022-02-17;0.00000000;0.00001014
2022-02-18;0.00000000;0.00000959
2022-02-21;0.00000000;0.00002877
2022-02-22;0.00000000;0.00001068
2022-02-23;0.00000000;0.00000986
2022-02-24;0.00000000;0.00000904
2022-02-25;0.00000000;0.00000904
2022-02-28;0.00000000;0.00003041
2022-03-01;0.00000000;0.00000877
2022-03-02;-0.00003333;-0.00002429
2022-03-03;0.00143850;0.00144864
2022-03-04;-0.00360582;-0.00359678
2022-03-07;-0.01252157;-0.01249033
2022-03-08;0.00489701;0.00490687
2022-03-09;0.00578353;0.00579394
2022-03-10;0.00310890;0.00311931
2022-03-11;0.00028926;0.00029995
2022-03-14;-0.00117240;-0.00113542
2022-03-15;0.00000000;0.00001260
2022-03-16;0.00000000;0.00001178
2022-03-17;0.00000000;0.00001096
2022-03-18;-0.00000000;0.00001123
2022-03-21;-0.00000000;0.00004521
2022-03-22;0.00000000;0.00001397
2022-03-23;-0.00001667;-0.00000297
2022-03-24;0.00129943;0.00131313
2022-03-25;-0.00344896;-0.00343444
2022-03-27;0.00104789;0.00107693
2022-03-28;-0.00415909;-0.00414265
2022-03-29;-0.00150815;-0.00149280
2022-03-30;0.00000000;0.00001507
2022-03-31;0.00000000;0.00001397
2022-04-03;0.00000000;0.00004274
2022-04-04;0.00000000;0.00001836
2022-04-05;-0.00001667;0.00000114
2022-04-06;0.00098136;0.00099972
2022-04-07;-0.00049024;-0.00047161
2022-04-10;0.00051347;0.00057019
2022-04-11;-0.00120815;-0.00118678
2022-04-12;-0.00117658;-0.00115631
2022-04-13;0.00000000;0.00002055
2022-04-14;0.00000000;0.00002137
2022-04-17;0.00000000;0.00006411
2022-04-18;-0.00000000;0.00002247
2022-04-19;-0.00001667;0.00000580
2022-04-20;0.00171354;0.00173601
2022-04-21;-0.00057693;-0.00055446
2022-04-24;0.00024648;0.00031388
2022-04-25;0.00518510;0.00521058
2022-04-26;0.00343827;0.00346128
2022-04-27;-0.00000000;0.00002247
2022-04-28;0.00000000;0.00002219
2022-05-01;0.00000000;0.00006822
2022-05-02;0.00000000;0.00002466
2022-05-03;0.00000000;0.00002466
2022-05-04;-0.00000000;0.00002411
2022-05-05;-0.00001667;0.00000635
2022-05-08;-0.00082155;-0.00075251
2022-05-09;-0.00063821;-0.00061301
2022-05-10;0.00056151;0.00058589
2022-05-11;-0.00047924;-0.00045458
2022-05-12;0.00485680;0.00488283
2022-05-15;0.00245424;0.00253725
2022-05-16;-0.00120352;-0.00117421
2022-05-17;0.00486838;0.00489742
2022-05-18;-0.00632188;-0.00629393
2022-05-19;0.00313736;0.00316585
2022-05-22;0.00000000;0.00008301
2022-05-23;0.00000000;0.00002932
2022-05-24;-0.00000000;0.00002877
2022-05-25;-0.00000000;0.00002877
2022-05-26;0.00000000;0.00002904
2022-05-29;-0.00000000;0.00008712
2022-05-30;0.00000000;0.00002904
2022-05-31;0.00000000;0.00003096
2022-06-01;0.00000000;0.00003068
2022-06-02;-0.00001667;0.00001429
2022-06-05;-0.00123475;-0.00113858
2022-06-06;-0.00264829;-0.00261459
2022-06-07;-0.00188429;-0.00185032
2022-06-08;-0.00460875;-0.00457451
2022-06-09;0.00308657;0.00312109
2022-06-12;0.00000000;0.00011014
2022-06-13;0.00000000;0.00004630
2022-06-14;-0.00001667;0.00003210
2022-06-15;0.00388993;0.00393624
2022-06-16;0.00203362;0.00207582
2022-06-19;0.00004591;0.00017577
2022-06-20;-0.00189816;-0.00185487
2022-06-21;-0.00003243;0.00001305
2022-06-22;0.00000000;0.00004301
2022-06-23;-0.00000000;0.00004356
2022-06-26;0.00000000;0.00013644
2022-06-27;0.00000000;0.00004795
2022-06-28;0.00000000;0.00004795
2022-06-29;0.00000000;0.00004740
2022-06-30;0.00000000;0.00004548
2022-07-03;0.00000000;0.00013644
2022-07-04;0.00000000;0.00004548
2022-07-05;-0.00001667;0.00003429
2022-07-06;-0.00134047;-0.00128978
2022-07-07;-0.00065228;-0.00060050
2022-07-10;0.00111274;0.00126973
2022-07-11;-0.00202223;-0.00196387
2022-07-12;-0.00203419;-0.00197501
2022-07-13;0.00046488;0.00052872
2022-07-14;0.00036474;0.00042858
2022-07-17;0.00000000;0.00018822
2022-07-18;0.00000000;0.00006685
2022-07-19;0.00000000;0.00006740
2022-07-20;0.00000000;0.00006685
2022-07-21;0.00000000;0.00006575
2022-07-24;0.00000000;0.00019808
2022-07-25;0.00000000;0.00006986
2022-07-26;-0.00001667;0.00005128
2022-07-27;0.00106254;0.00112747
2022-07-28;-0.00169218;-0.00162779
2022-07-31;-0.00001716;0.00017517
2022-08-01;0.00075214;0.00082009
2022-08-02;0.00052920;0.00059715
2022-08-03;0.00152136;0.00158821
2022-08-04;-0.00039889;-0.00033287
2022-08-07;0.00357994;0.00378378
2022-08-08;0.00031623;0.00038664
2022-08-09;0.00000000;0.00007068
2022-08-10;0.00000000;0.00007014
2022-08-11;0.00000000;0.00006904
2022-08-14;0.00000000;0.00020795
2022-08-15;-0.00001667;0.00005539
2022-08-16;0.00161026;0.00168176
2022-08-17;0.00085016;0.00092112
2022-08-18;-0.00106945;-0.00099794
2022-08-21;-0.00116728;-0.00095030
2022-08-22;-0.00113214;-0.00105707
2022-08-23;0.00092618;0.00100043
2022-08-24;0.00066353;0.00073832
2022-08-25;-0.00078104;-0.00070488
2022-08-28;0.00058282;0.00081132
2022-08-29;0.00192516;0.00200434
2022-08-30;-0.00303948;-0.00296057
2022-08-31;-0.00405695;-0.00397832
2022-09-01;0.00466560;0.00474451
2022-09-04;0.00052969;0.00076394
2022-09-05;0.00018329;0.00026137
2022-09-06;-0.00015761;-0.00007652
2022-09-07;-0.00642811;-0.00634646
2022-09-08;0.00014875;0.00023012
2022-09-11;0.00087935;0.00112429
2022-09-12;-0.00190502;-0.00182036
2022-09-13;0.00071562;0.00080302
2022-09-14;0.00000000;0.00008603
2022-09-15;0.00000000;0.00008548
2022-09-18;0.00000000;0.00025479
2022-09-19;-0.00000000;0.00009014
2022-09-20;0.00000000;0.00008932
2022-09-21;-0.00001667;0.00007128
2022-09-22;0.00298140;0.00306880
2022-09-25;-0.00292239;-0.00266596
2022-09-26;0.00253050;0.00262091
2022-09-27;-0.00156060;-0.00147128
2022-09-28;-0.00137932;-0.00128918
2022-09-29;0.00590670;0.00599602
2022-10-02;0.00044011;0.00070477
2022-10-03;0.00000000;0.00009151
2022-10-04;0.00000000;0.00009096
2022-10-05;0.00000000;0.00009123
2022-10-06;0.00000000;0.00009096
2022-10-09;-0.00001667;0.00025539
2022-10-10;0.03488948;0.03498016
2022-10-11;-0.00294131;-0.00284459
2022-10-12;0.00388436;0.00398190
2022-10-13;0.00376578;0.00386550
2022-10-16;-0.00074812;-0.00044812
2022-10-17;-0.00001667;0.00008799
2022-10-18;-0.00122345;-0.00111688
2022-10-19;0.00193377;0.00204089
2022-10-20;-0.00121703;-0.00110990
2022-10-23;0.00250011;0.00282066
2022-10-24;-0.00334520;-0.00323561
2022-10-25;-0.00000000;0.00010877
2022-10-26;0.00000000;0.00010795
2022-10-27;0.00000000;0.00010822
2022-10-31;0.00000000;0.00044493
2022-11-01;0.00000000;0.00011123
2022-11-02;0.00000000;0.00011068
2022-11-03;0.00000000;0.00011123
2022-11-04;0.00000000;0.00011014
2022-11-07;0.00000000;0.00033863
2022-11-08;0.00000000;0.00011233
2022-11-09;0.00000000;0.00011260
2022-11-10;-0.00001667;0.00009539
2022-11-11;0.00379625;0.00390830
2022-11-14;-0.00150656;-0.00116464
2022-11-15;-0.00047932;-0.00036590
2022-11-16;0.00198247;0.00209589
2022-11-17;0.00357550;0.00368865
2022-11-18;0.00357536;0.00368906
2022-11-21;-0.00219764;-0.00184997
2022-11-22;0.00000000;0.00011534
2022-11-23;0.00000000;0.00011534
2022-11-24;0.00000000;0.00011534
2022-11-25;0.00000000;0.00011562
2022-11-28;0.00000000;0.00035342
2022-11-29;0.00000000;0.00011699
2022-11-30;0.00000000;0.00011699
2022-12-01;0.00000000;0.00011562
2022-12-02;-0.00001667;0.00009895
2022-12-05;-0.00112616;-0.00077520
2022-12-06;0.00389818;0.00401516
2022-12-07;-0.00032964;-0.00021457
2022-12-08;0.00022368;0.00033793
2022-12-09;0.00197616;0.00209096
2022-12-12;0.00000000;0.00035260
2022-12-13;0.00000000;0.00011671
2022-12-14;0.00000000;0.00011589
2022-12-15;0.00000000;0.00011562
2022-12-16;-0.00003333;0.00008174
2022-12-19;0.00536597;0.00571775
2022-12-20;-0.00284017;-0.00272373
2022-12-21;0.01254500;0.01266062
2022-12-22;-0.00324127;-0.00312511
2022-12-23;-0.00052954;-0.00041365
2022-12-26;0.00049497;0.00084264
2022-12-27;-0.00061304;-0.00049386
2022-12-28;-0.00057741;-0.00045823
2022-12-29;0.00111215;0.00123105
2022-12-30;0.00057371;0.00069152
2023-01-02;-0.00140873;-0.00105530
2023-01-03;0.00000000;0.00012055
2023-01-04;0.00000000;0.00012082
2023-01-05;0.00000000;0.00012356
2023-01-06;0.00000000;0.00012356
2023-01-09;0.00000000;0.00037397
2023-01-10;0.00000000;0.00012521
2023-01-11;0.00000000;0.00012521
2023-01-12;-0.00001667;0.00010662
2023-01-13;-0.00166566;-0.00154210
2023-01-16;0.00126734;0.00163802
2023-01-17;0.00022033;0.00034526
2023-01-18;0.00254507;0.00266946
2023-01-19;0.00187131;0.00199596
2023-01-20;-0.00013403;-0.00000883
2023-01-23;0.00055112;0.00092756
2023-01-24;0.00091293;0.00103814
2023-01-25;0.00177962;0.00190455
2023-01-26;-0.00116521;-0.00104055
2023-01-27;0.00000000;0.00012521
2023-01-30;0.00000000;0.00037726
2023-01-31;0.00000000;0.00012548
2023-02-01;0.00000000;0.00012438
2023-02-02;0.00000000;0.00012411
2023-02-03;-0.00001667;0.00010854
2023-02-06;-0.00135992;-0.00098266
2023-02-07;0.00142900;0.00155475
2023-02-08;0.00075865;0.00088441
2023-02-09;0.00092342;0.00105054
2023-02-10;0.00163790;0.00176557
2023-02-13;-0.00151138;-0.00112673
2023-02-14;-0.00001821;0.00010973
2023-02-15;0.00119568;0.00132335
2023-02-16;-0.00075244;-0.00062368
2023-02-17;0.00000000;0.00012877
2023-02-20;-0.00000000;0.00038630
2023-02-21;0.00000000;0.00012932
2023-02-22;0.00000000;0.00012904
2023-02-23;0.00000000;0.00012904
2023-02-24;0.00000000;0.00012932
2023-02-27;0.00000000;0.00038959
2023-02-28;0.00000000;0.00012932
2023-03-01;0.00000000;0.00012959
2023-03-02;-0.00001667;0.00011320
2023-03-03;0.00131849;0.00144835
2023-03-06;0.00089950;0.00129073
2023-03-07;0.00032975;0.00046317
2023-03-08;0.00014909;0.00028306
2023-03-09;0.00044441;0.00057783
2023-03-10;0.00000000;0.00013233
2023-03-13;-0.00000000;0.00038630
2023-03-14;-0.00001667;0.00011237
2023-03-15;0.00083910;0.00096486
2023-03-16;0.00152375;0.00164896
2023-03-17;0.00235356;0.00247301
2023-03-20;0.00054772;0.00092991
2023-03-21;0.00119753;0.00132411
2023-03-22;0.00415630;0.00428315
2023-03-23;0.00001193;0.00013714
2023-03-24;0.00000000;0.00012521
2023-03-26;0.00000000;0.00025041
2023-03-27;0.00000000;0.00013014
2023-03-28;0.00000000;0.00012712
2023-03-29;0.00000000;0.00012712
2023-03-30;0.00000000;0.00013151
2023-04-02;-0.00000000;0.00038466
2023-04-03;0.00000000;0.00013068
2023-04-04;0.00000000;0.00012986
2023-04-05;0.00000000;0.00012932
2023-04-06;0.00000000;0.00013068
2023-04-09;0.00000000;0.00039534
2023-04-10;0.00000000;0.00013534
2023-04-11;0.00000000;0.00013397
2023-04-12;0.00000000;0.00013342
2023-04-13;0.00000000;0.00013562
2023-04-16;-0.00001667;0.00039265
2023-04-17;0.00114553;0.00128416
2023-04-18;-0.00014959;-0.00001151
2023-04-19;0.00078273;0.00091999
2023-04-20;-0.00010449;0.00003167
2023-04-23;-0.00055692;-0.00014761
2023-04-24;0.00000000;0.00013808
2023-04-25;0.00000000;0.00013616
2023-04-26;0.00000000;0.00013699
2023-04-27;0.00000000;0.00013781
2023-04-30;-0.00001667;0.00039018
2023-05-01;-0.00154934;-0.00140961
2023-05-02;0.00135166;0.00149083
2023-05-03;0.00294579;0.00308524
2023-05-04;0.00224186;0.00238159
2023-05-07;-0.00045459;-0.00003541
2023-05-08;-0.00131784;-0.00117674
2023-05-09;-0.00212873;-0.00198819
2023-05-10;0.00075379;0.00089297
2023-05-11;0.00051661;0.00065470
2023-05-14;-0.00025686;0.00016068
2023-05-15;0.00000000;0.00013863
2023-05-16;0.00000000;0.00013890
2023-05-17;0.00000000;0.00013973
2023-05-18;0.00000000;0.00014082
2023-05-21;0.00000000;0.00042082
2023-05-22;0.00000000;0.00014356
2023-05-23;0.00000000;0.00014192
2023-05-24;0.00000000;0.00014274
2023-05-25;0.00000000;0.00014274
2023-05-28;-0.00000000;0.00042411
2023-05-29;0.00000000;0.00014137
2023-05-30;0.00000000;0.00014466
2023-05-31;-0.00001667;0.00012744
2023-06-01;0.00003394;0.00017750
2023-06-04;0.00055967;0.00098954
2023-06-05;0.00034760;0.00049006
2023-06-06;-0.00031444;-0.00017252
2023-06-07;-0.00016485;-0.00002348
2023-06-08;0.00000000;0.00014027
2023-06-11;-0.00001667;0.00040333
2023-06-12;0.00198750;0.00212832
2023-06-13;-0.00126808;-0.00112808
2023-06-14;-0.00107670;-0.00093697
2023-06-15;-0.00369229;-0.00355339
2023-06-18;-0.00598708;-0.00556872
2023-06-19;0.00027891;0.00041836
2023-06-20;0.00139518;0.00153600
2023-06-21;-0.00001667;0.00012443
2023-06-22;-0.00209227;-0.00195117
2023-06-25;0.00023004;0.00065332
2023-06-26;0.00004555;0.00018912
2023-06-27;-0.00242921;-0.00228702
2023-06-28;0.00001567;0.00015759
2023-06-29;0.00000000;0.00014247
2023-07-02;0.00000000;0.00042493
2023-07-03;0.00000000;0.00014274
2023-07-04;0.00000000;0.00014274
2023-07-05;0.00000000;0.00014274
2023-07-06;0.00000000;0.00014329
2023-07-09;0.00000000;0.00042904
2023-07-10;0.00000000;0.00014384
2023-07-11;-0.00001667;0.00012717
2023-07-12;-0.00079528;-0.00065172
2023-07-13;-0.00040711;-0.00026354
2023-07-16;0.00129733;0.00172884
2023-07-17;-0.00031996;-0.00017585
2023-07-18;-0.00129890;-0.00115507
2023-07-19;-0.00001667;0.00012744
2023-07-20;0.00043739;0.00058150
2023-07-23;-0.00017764;0.00025551
2023-07-24;0.00082663;0.00097129
2023-07-25;0.00247206;0.00261671
2023-07-26;-0.00026919;-0.00012453
2023-07-27;-0.00021212;-0.00006746
2023-07-30;0.00789219;0.00832616
2023-07-31;0.00283477;0.00297943
2023-08-01;0.00248966;0.00263404
2023-08-02;-0.00101098;-0.00086659
2023-08-03;-0.00148356;-0.00133917
2023-08-06;-0.00000000;0.00043397
2023-08-07;0.00000000;0.00014493
2023-08-08;0.00000000;0.00014521
2023-08-09;0.00000000;0.00014466
2023-08-10;-0.00001667;0.00012799
2023-08-13;0.00110583;0.00153981
2023-08-14;-0.00034081;-0.00019588
2023-08-15;-0.00031531;-0.00017038
2023-08-16;-0.00078116;-0.00063623
2023-08-17;0.00136568;0.00151061
2023-08-20;-0.00000000;0.00043397
2023-08-21;0.00000000;0.00014521
2023-08-22;0.00000000;0.00014521
2023-08-23;0.00000000;0.00014521
2023-08-24;0.00000000;0.00014548
2023-08-27;0.00000000;0.00043890
2023-08-28;0.00000000;0.00014630
2023-08-29;0.00000000;0.00014603
2023-08-30;0.00000000;0.00014575
2023-08-31;0.00000000;0.00014575
2023-09-03;-0.00000000;0.00043562
2023-09-04;0.00000000;0.00014521
2023-09-05;0.00000000;0.00014575
2023-09-06;0.00000000;0.00014548
2023-09-07;0.00000000;0.00014521
2023-09-10;0.00000000;0.00043644
2023-09-11;0.00000000;0.00014575
2023-09-12;0.00000000;0.00014575
2023-09-13;0.00000000;0.00014548
2023-09-14;0.00000000;0.00014548
2023-09-17;0.00000000;0.00043726
2023-09-18;-0.00001667;0.00012881
2023-09-19;0.00061422;0.00075970
2023-09-20;-0.00078869;-0.00064267
2023-09-21;-0.00123943;-0.00109340
2023-09-24;-0.00156202;-0.00112476
2023-09-25;0.00093713;0.00108371
2023-09-26;-0.00066036;-0.00051406
2023-09-27;0.00018462;0.00033092
2023-09-28;0.00034038;0.00048613
2023-10-01;0.00000000;0.00043726
2023-10-02;0.00000000;0.00014658
2023-10-03;-0.00001667;0.00012991
2023-10-04;0.00077573;0.00092203
2023-10-05;0.00015430;0.00030060
2023-10-08;0.00234701;0.00278755
2023-10-09;-0.00146016;-0.00131331
2023-10-10;0.00148418;0.00163048
2023-10-11;0.00000000;0.00014630
2023-10-12;0.00000000;0.00014658
2023-10-15;-0.00001667;0.00042306
2023-10-16;0.00026480;0.00041111
2023-10-17;0.00047859;0.00062517
2023-10-18;-0.00155369;-0.00140738
2023-10-19;-0.00112732;-0.00098129
2023-10-22;0.00137311;0.00180955
2023-10-23;-0.00013972;0.00000604
2023-10-24;0.00203167;0.00217715
2023-10-25;-0.00039355;-0.00024780
2023-10-26;0.00044474;0.00059050
2023-10-30;0.00131898;0.00190309
2023-10-31;-0.00029656;-0.00015054
2023-11-01;-0.00001667;0.00012881
2023-11-02;0.00131298;0.00145764
2023-11-03;-0.00075585;-0.00061146
2023-11-06;-0.00141993;-0.00098513
2023-11-07;-0.00081176;-0.00066710
2023-11-08;-0.00025433;-0.00010967
2023-11-09;-0.00001667;0.00012772
2023-11-10;0.00024406;0.00038817
2023-11-13;-0.00109864;-0.00066467
2023-11-14;-0.00077562;-0.00063151
2023-11-15;-0.00295142;-0.00280731
2023-11-16;-0.00093457;-0.00079074
2023-11-17;0.00112922;0.00127305
2023-11-20;-0.00008141;0.00035174
2023-11-21;0.00261230;0.00275641
2023-11-22;0.00311732;0.00326171
2023-11-23;-0.00267880;-0.00253442
2023-11-24;0.00067823;0.00082289
2023-11-27;0.00071168;0.00114566
2023-11-28;0.00000000;0.00014438
2023-11-29;0.00000000;0.00014384
2023-11-30;-0.00003333;0.00011050
2023-12-01;-0.00276035;-0.00261706
2023-12-04;-0.00496895;-0.00453662
2023-12-05;0.00133364;0.00147748
2023-12-06;-0.00231168;-0.00216784
2023-12-07;-0.00172381;-0.00158024
2023-12-08;-0.00472019;-0.00457663
2023-12-11;0.00183740;0.00226972
2023-12-12;0.00204335;0.00218746
2023-12-13;-0.00092002;-0.00077646
2023-12-14;-0.00210651;-0.00196323
2023-12-15;0.00224121;0.00238478
2023-12-18;-0.00280107;-0.00236874
2023-12-19;0.00000000;0.00014329
2023-12-20;0.00000000;0.00014356
2023-12-21;0.00000000;0.00014301
2023-12-22;0.00000000;0.00014356
2023-12-25;0.00000000;0.00043068
2023-12-26;0.00000000;0.00014384
2023-12-27;0.00000000;0.00014356
2023-12-28;-0.00001667;0.00012717
2023-12-29;-0.00081324;-0.00067077
2024-01-01;-0.00175568;-0.00132828
2024-01-02;0.00030789;0.00045090
2024-01-03;0.00040809;0.00055165
2024-01-04;-0.00090975;-0.00076619
2024-01-05;-0.00001667;0.00012689
2024-01-08;0.00016237;0.00059387
2024-01-09;0.00081907;0.00096264
2024-01-10;0.00006568;0.00020897
2024-01-11;-0.00436998;-0.00422669
2024-01-12;0.00134616;0.00148917
2024-01-15;0.00000000;0.00042904
2024-01-16;0.00000000;0.00014301
2024-01-17;0.00000000;0.00014356
2024-01-18;-0.00001667;0.00012635
2024-01-19;0.00016286;0.00030587
2024-01-22;-0.00054753;-0.00011848
2024-01-23;0.00038378;0.00052652
2024-01-24;0.00035328;0.00049602
2024-01-25;0.00069121;0.00083395
2024-01-26;0.00000000;0.00014274
2024-01-29;0.00000000;0.00042904
2024-01-30;0.00000000;0.00014274
2024-01-31;0.00000000;0.00014301
2024-02-01;0.00000000;0.00014301
2024-02-02;0.00000000;0.00014329
2024-02-05;0.00000000;0.00042904
2024-02-06;0.00000000;0.00014329
2024-02-07;0.00000000;0.00014329
2024-02-08;0.00000000;0.00014329
2024-02-09;0.00000000;0.00014356
2024-02-12;-0.00000000;0.00042986
2024-02-13;0.00000000;0.00014384
2024-02-14;-0.00001667;0.00012662
2024-02-15;0.00011265;0.00025594
2024-02-16;0.00069873;0.00084230
2024-02-19;-0.00073010;-0.00029941
2024-02-20;-0.00054709;-0.00040353
2024-02-21;-0.00075566;-0.00061210
2024-02-22;0.00000000;0.00014384
2024-02-23;0.00000000;0.00014411
2024-02-26;0.00000000;0.00043233
2024-02-27;0.00000000;0.00014384
2024-02-28;0.00000000;0.00014356
2024-02-29;0.00000000;0.00014384
2024-03-01;0.00000000;0.00014329
2024-03-04;0.00000000;0.00043068
2024-03-05;0.00000000;0.00014329
2024-03-06;0.00000000;0.00014356
2024-03-07;0.00000000;0.00014356
2024-03-08;0.00000000;0.00014356
2024-03-11;-0.00003333;0.00039735
2024-03-12;0.00010726;0.00025110
2024-03-13;0.00241023;0.00255406
2024-03-14;0.00147814;0.00162198
2024-03-15;-0.00127797;-0.00113414
2024-03-18;0.00187952;0.00231102
2024-03-19;0.00000000;0.00014356
2024-03-20;0.00000000;0.00014356
2024-03-21;-0.00003333;0.00011050
2024-03-22;-0.00192652;-0.00178296
2024-03-25;0.00391734;0.00434721
2024-03-26;-0.00264574;-0.00250273
2024-03-27;-0.00148214;-0.00133912
2024-03-28;0.00117307;0.00131636
2024-03-29;0.00314106;0.00328435
2024-03-31;-0.00040433;-0.00011776
2024-04-01;0.00056666;0.00070995
2024-04-02;-0.00201529;-0.00187228
2024-04-03;-0.00039360;-0.00025059
2024-04-04;0.00000000;0.00014274
2024-04-07;-0.00000000;0.00042986
2024-04-08;0.00000000;0.00014329
2024-04-09;0.00000000;0.00014329
2024-04-10;0.00000000;0.00014384
2024-04-11;0.00000000;0.00014384
2024-04-14;0.00000000;0.00043151
2024-04-15;0.00000000;0.00014384
2024-04-16;0.00000000;0.00014384
2024-04-17;0.00000000;0.00014384
2024-04-18;0.00000000;0.00014384
2024-04-21;-0.00001667;0.00041484
2024-04-22;-0.00053039;-0.00038738
2024-04-23;0.00124033;0.00138416
2024-04-24;0.00027020;0.00041431
2024-04-25;-0.00118189;-0.00103779
2024-04-28;-0.00440327;-0.00397176
2024-04-29;0.00390832;0.00405216
2024-04-30;-0.00166587;-0.00152204
2024-05-01;0.00259408;0.00273819
2024-05-02;0.00000000;0.00014384
2024-05-05;0.00000000;0.00043151
2024-05-06;0.00000000;0.00014384
2024-05-07;0.00000000;0.00014384
2024-05-08;0.00000000;0.00014384
2024-05-09;0.00000000;0.00014384
2024-05-12;0.00000000;0.00043233
2024-05-13;0.00000000;0.00014384
2024-05-14;0.00000000;0.00014356
2024-05-15;0.00000000;0.00014384
2024-05-16;-0.00001667;0.00012717
2024-05-19;-0.00127109;-0.00083959
2024-05-20;-0.00008606;0.00005777
2024-05-21;-0.00025805;-0.00011421
2024-05-22;-0.00057785;-0.00043402
2024-05-23;0.00093681;0.00108092
2024-05-26;-0.00004382;0.00038851
2024-05-27;-0.00056383;-0.00041972
2024-05-28;0.00008601;0.00023012
2024-05-29;0.00001445;0.00015856
2024-05-30;0.00000000;0.00014411
2024-06-02;0.00000000;0.00043151
2024-06-03;0.00000000;0.00014411
2024-06-04;-0.00001667;0.00012717
2024-06-05;0.00075748;0.00090132
2024-06-06;-0.00054226;-0.00039842
2024-06-09;-0.00098291;-0.00055058
2024-06-10;-0.00030343;-0.00015959
2024-06-11;-0.00028872;-0.00014488
2024-06-12;0.00081799;0.00096182
2024-06-13;-0.00126692;-0.00112308
2024-06-16;0.00074658;0.00117809
2024-06-17;0.00038256;0.00052640
2024-06-18;0.00004977;0.00019333
2024-06-19;0.00000000;0.00014356
2024-06-20;0.00000000;0.00014356
2024-06-23;-0.00000000;0.00042986
2024-06-24;-0.00001667;0.00012689
2024-06-25;0.00067611;0.00081940
2024-06-26;-0.00105716;-0.00091360
2024-06-27;-0.00106375;-0.00092046
2024-06-30;-0.00138977;-0.00096073
2024-07-01;-0.00132387;-0.00118031
2024-07-02;-0.00039039;-0.00024683
2024-07-03;-0.00158635;-0.00144279
2024-07-04;-0.00009973;0.00004383
2024-07-07;0.00090668;0.00133654
2024-07-08;-0.00064370;-0.00050042
2024-07-09;0.00000000;0.00014329
2024-07-10;0.00000000;0.00014329
2024-07-11;-0.00001667;0.00012607
2024-07-14;-0.00078868;-0.00036046
2024-07-15;0.00031629;0.00045875
2024-07-16;-0.00014023;0.00000223
2024-07-17;0.00041133;0.00055380
2024-07-18;0.00021181;0.00035455
2024-07-21;0.00000000;0.00042740
2024-07-22;0.00000000;0.00014219
2024-07-23;-0.00001667;0.00012525
2024-07-24;-0.00431192;-0.00417000
2024-07-25;-0.00126018;-0.00111854
2024-07-28;0.00268366;0.00310776
2024-07-29;-0.00211144;-0.00197035
2024-07-30;-0.00419412;-0.00405329
2024-07-31;-0.00122230;-0.00108120
2024-08-01;-0.00540477;-0.00526449
2024-08-04;-0.00698014;-0.00656507
2024-08-05;-0.00451489;-0.00437544
2024-08-06;-0.00288813;-0.00274868
2024-08-07;0.00564664;0.00578609
2024-08-08;0.00219273;0.00233218
2024-08-11;0.00000000;0.00041836
2024-08-12;0.00000000;0.00013890
2024-08-13;0.00000000;0.00013863
2024-08-14;0.00000000;0.00013890
2024-08-15;0.00000000;0.00013945
2024-08-18;0.00000000;0.00041753
2024-08-19;0.00000000;0.00013863
2024-08-20;0.00000000;0.00013808
2024-08-21;0.00000000;0.00013753
2024-08-22;0.00000000;0.00013808
2024-08-25;0.00000000;0.00041178
2024-08-26;0.00000000;0.00013644
2024-08-27;0.00000000;0.00013644
2024-08-28;0.00000000;0.00013589
2024-08-29;0.00000000;0.00013644
2024-09-01;-0.00000000;0.00040932
2024-09-02;0.00000000;0.00013644
2024-09-03;0.00000000;0.00013616
2024-09-04;-0.00001667;0.00011922
2024-09-05;0.00115721;0.00129255
2024-09-08;-0.00272857;-0.00232336
2024-09-09;0.00004677;0.00018074
2024-09-10;-0.00260334;-0.00247046
2024-09-11;0.00060871;0.00074269
2024-09-12;0.00000000;0.00013288
2024-09-15;0.00000000;0.00039288
2024-09-16;0.00000000;0.00013014
2024-09-17;0.00000000;0.00013014
2024-09-18;0.00000000;0.00012740
2024-09-19;0.00000000;0.00012630
2024-09-22;-0.00003333;0.00034146
2024-09-23;0.00044025;0.00056436
2024-09-24;0.00032150;0.00044478
2024-09-25;-0.00084886;-0.00072530
2024-09-26;-0.00066235;-0.00053907
2024-09-29;0.00251486;0.00288473
2024-09-30;0.00000000;0.00012384
2024-10-01;0.00000000;0.00012329
2024-10-02;0.00000000;0.00012274
2024-10-03;0.00000000;0.00012274
2024-10-06;0.00000000;0.00037233
2024-10-07;0.00000000;0.00012466
2024-10-08;0.00000000;0.00012411
2024-10-09;0.00000000;0.00012438
2024-10-10;0.00000000;0.00012438
2024-10-13;0.00000000;0.00037233
2024-10-14;0.00000000;0.00012411
2024-10-15;0.00000000;0.00012384
2024-10-16;0.00000000;0.00012356
2024-10-17;0.00000000;0.00012438
2024-10-20;0.00000000;0.00037233
2024-10-21;0.00000000;0.00012356
2024-10-22;0.00000000;0.00012356
2024-10-23;0.00000000;0.00012384
2024-10-24;0.00000000;0.00012329
2024-10-28;0.00000000;0.00049205
2024-10-29;0.00000000;0.00012301
2024-10-30;-0.00001667;0.00010580
2024-10-31;-0.00108439;-0.00096274
2024-11-01;0.00188397;0.00200479
2024-11-04;0.00131514;0.00168007
2024-11-05;0.00137081;0.00149218
2024-11-06;-0.00078758;-0.00066594
2024-11-07;0.00323075;0.00335212
2024-11-08;-0.00027438;-0.00015301
2024-11-11;0.00117302;0.00153713
2024-11-12;0.00000000;0.00012137
2024-11-13;0.00000000;0.00012055
2024-11-14;0.00000000;0.00012082
2024-11-15;0.00000000;0.00012082
2024-11-18;0.00000000;0.00036329
2024-11-19;0.00000000;0.00012082
2024-11-20;0.00000000;0.00012110
2024-11-21;-0.00001667;0.00010470
2024-11-22;-0.00123371;-0.00111234
2024-11-25;0.00201980;0.00238308
2024-11-26;-0.00233498;-0.00221444
2024-11-27;-0.00090143;-0.00078088
2024-11-28;-0.00056578;-0.00044523
2024-11-29;-0.00040523;-0.00028496
2024-12-02;-0.00001667;0.00034333
2024-12-03;-0.00222003;-0.00210058
2024-12-04;0.00063549;0.00075466
2024-12-05;0.00214976;0.00226866
2024-12-06;0.00151923;0.00163731
2024-12-09;-0.00086306;-0.00050964
2024-12-10;0.00000000;0.00011753
2024-12-11;-0.00001667;0.00010005
2024-12-12;-0.00045234;-0.00033645
2024-12-13;0.00113082;0.00124671
2024-12-16;0.00256073;0.00291004
2024-12-17;-0.00255748;-0.00244077
2024-12-18;0.00000295;0.00011939
2024-12-19;0.00117907;0.00129496
2024-12-20;0.00050953;0.00062542
2024-12-23;0.00003976;0.00038825
2024-12-24;-0.00029377;-0.00017651
2024-12-25;0.00011027;0.00022753
2024-12-26;-0.00010187;0.00001430
2024-12-27;-0.00217676;-0.00206197
2024-12-30;0.00000000;0.00034767
2024-12-31;0.00000000;0.00011589
