date;excess;total
1962-01-02;0.00029589;0.00029589
1962-01-03;0.00000000;0.00007479
1962-01-04;0.00000000;0.00007452
1962-01-05;0.00000000;0.00007507
1962-01-08;0.00000000;0.00022849
1962-01-09;0.00000000;0.00007616
1962-01-10;0.00000000;0.00007699
1962-01-11;0.00000000;0.00007616
1962-01-12;0.00000000;0.00007562
1962-01-15;0.00000000;0.00022521
1962-01-16;0.00000000;0.00007479
1962-01-17;0.00000000;0.00007507
1962-01-18;0.00000000;0.00007425
1962-01-19;0.00000000;0.00007425
1962-01-22;0.00000000;0.00022027
1962-01-23;0.00000000;0.00007288
1962-01-24;0.00000000;0.00007288
1962-01-25;0.00000000;0.00007288
1962-01-26;0.00000000;0.00007315
1962-01-29;0.00000000;0.00021945
1962-01-30;0.00000000;0.00007315
1962-01-31;-0.00065000;-0.00057521
1962-02-01;0.00602549;0.00609919
1962-02-02;0.00786602;0.00793917
1962-02-05;0.00077752;0.00099697
1962-02-06;0.00106948;0.00114290
1962-02-07;0.00649847;0.00657327
1962-02-08;0.00219564;0.00227016
1962-02-09;-0.00149327;-0.00141875
1962-02-12;-0.00051308;-0.00028952
1962-02-13;-0.00021946;-0.00014384
1962-02-14;-0.00050501;-0.00042775
1962-02-15;0.00446444;0.00454225
1962-02-16;-0.00219989;-0.00212236
1962-02-19;-0.00278583;-0.00255569
1962-02-20;0.00347337;0.00354871
1962-02-21;-0.00488849;-0.00481369
1962-02-23;-0.00242655;-0.00227915
1962-02-26;-0.00592564;-0.00570701
1962-02-27;0.00178709;0.00186161
1962-02-28;0.00092541;0.00099966
1962-03-01;0.00335519;0.00342861
1962-03-02;-0.00064542;-0.00057172
1962-03-05;-0.00236564;-0.00214372
1962-03-06;-0.00336168;-0.00328716
1962-03-07;-0.00136703;-0.00129169
1962-03-08;0.00709737;0.00717271
1962-03-09;0.00319929;0.00327490
1962-03-12;-0.00051579;-0.00028976
1962-03-13;0.00276365;0.00283899
1962-03-14;0.00431367;0.00438902
1962-03-15;0.00203865;0.00211344
1962-03-16;-0.00176515;-0.00169063
1962-03-19;-0.00149635;-0.00127443
1962-03-20;-0.00275761;-0.00268364
1962-03-21;-0.00219901;-0.00212476
1962-03-22;-0.00163568;-0.00156198
1962-03-23;0.00063434;0.00070831
1962-03-26;-0.00817739;-0.00795465
1962-03-27;-0.00279500;-0.00272048
1962-03-28;0.00480134;0.00487613
1962-03-29;-0.00050559;-0.00043024
1962-03-30;-0.00664775;-0.00657241
1962-04-02;-0.00281903;-0.00259382
1962-04-03;-0.00814937;-0.00807457
1962-04-04;-0.00472638;-0.00465240
1962-04-05;0.00605584;0.00613036
1962-04-06;-0.00109171;-0.00101774
1962-04-09;-0.00792751;-0.00770477
1962-04-10;0.00358280;0.00365787
1962-04-11;-0.00226595;-0.00218978
1962-04-12;-0.00753176;-0.00745697
1962-04-13;-0.00007699;-0.00000192
1962-04-16;-0.00464676;-0.00442402
1962-04-17;0.00436143;0.00443595
1962-04-18;0.00537248;0.00544727
1962-04-19;0.00461056;0.00468535
1962-04-23;-0.00118161;-0.00088243
1962-04-24;-0.00109816;-0.00102337
1962-04-25;-0.01103229;-0.01095722
1962-04-26;-0.00982416;-0.00974937
1962-04-27;-0.01126267;-0.01118760
1962-04-30;-0.01621889;-0.01599369
1962-05-01;0.00697390;0.00704897
1962-05-02;0.00433702;0.00441209
1962-05-03;0.00810635;0.00818114
1962-05-04;-0.00443565;-0.00436085
1962-05-07;-0.00354893;-0.00332701
1962-05-08;-0.01295023;-0.01287680
1962-05-09;-0.01403855;-0.01396540
1962-05-10;-0.01081242;-0.01073955
1962-05-11;-0.01454621;-0.01447415
1962-05-14;0.00696002;0.00717701
1962-05-15;0.01878416;0.01885704
1962-05-16;-0.00038616;-0.00031301
1962-05-17;-0.00536552;-0.00529210
1962-05-18;-0.00179597;-0.00172255
1962-05-21;-0.00382991;-0.00360964
1962-05-22;-0.01973252;-0.01965910
1962-05-23;-0.01980640;-0.01973243
1962-05-24;-0.00809422;-0.00802025
1962-05-25;-0.01904625;-0.01897255
1962-05-28;-0.06697991;-0.06676210
1962-05-29;0.04641169;0.04648457
1962-05-31;0.02653555;0.02668349
1962-06-01;-0.00426814;-0.00419444
1962-06-04;-0.03575823;-0.03553960
1962-06-05;0.00516382;0.00523643
1962-06-06;0.01416874;0.01424161
1962-06-07;0.00009702;0.00016934
1962-06-08;0.00078164;0.00085425
1962-06-11;-0.01100200;-0.01078420
1962-06-12;-0.02567175;-0.02559860
1962-06-13;-0.01498564;-0.01491140
1962-06-14;-0.02115779;-0.02108300
1962-06-15;0.02863725;0.02871150
1962-06-18;-0.00291316;-0.00268960
1962-06-19;-0.00366535;-0.00359001
1962-06-20;-0.01376054;-0.01368575
1962-06-21;-0.02179970;-0.02172517
1962-06-22;-0.01705777;-0.01698270
1962-06-25;-0.00460105;-0.00437174
1962-06-26;-0.00255800;-0.00248047
1962-06-27;0.00527223;0.00534976
1962-06-28;0.03433037;0.03440873
1962-06-29;0.00616748;0.00624693
1962-07-02;0.02002822;0.02026822
1962-07-03;0.01119683;0.01127628
1962-07-05;0.00550088;0.00566088
1962-07-06;-0.01134781;-0.01126754
1962-07-09;0.00651614;0.00675942
1962-07-10;0.01141124;0.01149234
1962-07-11;0.00918245;0.00926382
1962-07-12;0.00511304;0.00519469
1962-07-13;-0.00352951;-0.00344841
1962-07-16;-0.00024986;-0.00000575
1962-07-17;-0.01823995;-0.01815858
1962-07-18;-0.01029815;-0.01021678
1962-07-19;0.00383240;0.00391267
1962-07-20;0.00683080;0.00691052
1962-07-23;-0.00041767;-0.00018178
1962-07-24;-0.00782675;-0.00774840
1962-07-25;0.00169321;0.00177239
1962-07-26;0.00540952;0.00548870
1962-07-27;0.00749360;0.00757251
1962-07-30;0.01077316;0.01100823
1962-07-31;0.00683655;0.00691491
1962-08-01;-0.00832372;-0.00824509
1962-08-02;0.00390323;0.00398077
1962-08-03;0.00233545;0.00241271
1962-08-06;-0.00660203;-0.00637189
1962-08-07;-0.00683270;-0.00675516
1962-08-08;0.00253534;0.00261314
1962-08-09;0.00096384;0.00104138
1962-08-10;-0.00042686;-0.00034932
1962-08-13;0.00115256;0.00138434
1962-08-14;0.01067883;0.01075637
1962-08-15;0.00695835;0.00703671
1962-08-16;-0.00042040;-0.00034287
1962-08-17;0.00622996;0.00630777
1962-08-20;0.00586313;0.00609491
1962-08-21;-0.00429006;-0.00421280
1962-08-22;0.01108456;0.01116182
1962-08-23;-0.00141742;-0.00134016
1962-08-24;-0.00208923;-0.00201197
1962-08-27;-0.00073942;-0.00050928
1962-08-28;-0.01284047;-0.01276430
1962-08-29;-0.00229016;-0.00221318
1962-08-30;0.00026232;0.00033903
1962-08-31;0.00741939;0.00749638
1962-09-04;-0.00979007;-0.00947993
1962-09-05;-0.00759366;-0.00751558
1962-09-06;0.00405103;0.00412747
1962-09-07;0.00026434;0.00034078
1962-09-10;0.00096562;0.00119329
1962-09-11;0.00231740;0.00239329
1962-09-12;0.00418886;0.00426502
1962-09-13;-0.00245742;-0.00238125
1962-09-14;0.00315872;0.00323488
1962-09-17;0.00299211;0.00322060
1962-09-18;-0.00092412;-0.00084823
1962-09-19;-0.00143305;-0.00135716
1962-09-20;-0.00703231;-0.00695696
1962-09-21;-0.01459752;-0.01452190
1962-09-24;-0.01860585;-0.01837982
1962-09-25;0.00574977;0.00582538
1962-09-26;-0.01429804;-0.01422242
1962-09-27;-0.00684512;-0.00676950
1962-09-28;0.00888841;0.00896348
1962-10-01;-0.01409188;-0.01386749
1962-10-02;0.01091599;0.01099105
1962-10-03;0.00099171;0.00106760
1962-10-04;0.00953785;0.00961347
1962-10-05;0.00644804;0.00652366
1962-10-08;-0.00023260;-0.00000575
1962-10-09;0.00220064;0.00227599
1962-10-10;0.00062177;0.00069738
1962-10-11;-0.00339717;-0.00332127
1962-10-12;-0.00183066;-0.00175477
1962-10-15;0.00538718;0.00561321
1962-10-16;-0.00339460;-0.00331954
1962-10-17;-0.00340592;-0.00333058
1962-10-18;-0.00974477;-0.00966970
1962-10-19;-0.01338847;-0.01331395
1962-10-22;-0.01156311;-0.01133873
1962-10-23;-0.02682371;-0.02674864
1962-10-24;0.03207856;0.03215363
1962-10-25;-0.00949557;-0.00942050
1962-10-26;-0.00281944;-0.00274465
1962-10-29;0.02140865;0.02162974
1962-10-30;0.01464000;0.01471452
1962-10-31;-0.00043017;-0.00035565
1962-11-01;0.01053927;0.01061379
1962-11-02;0.01094996;0.01102749
1962-11-05;0.01015043;0.01038386
1962-11-07;0.00601021;0.00616583
1962-11-08;-0.00672145;-0.00664474
1962-11-09;0.00780889;0.00788560
1962-11-12;0.01354431;0.01377444
1962-11-13;-0.00226048;-0.00218349
1962-11-14;0.01169344;0.01177070
1962-11-15;-0.00323797;-0.00316016
1962-11-16;0.00308880;0.00316633
1962-11-19;-0.00588995;-0.00565735
1962-11-20;0.01045214;0.01052968
1962-11-21;0.00587561;0.00595342
1962-11-23;0.01184515;0.01200077
1962-11-26;-0.00316493;-0.00293068
1962-11-27;0.00594944;0.00602807
1962-11-28;0.00623729;0.00631592
1962-11-29;0.00458811;0.00466647
1962-11-30;-0.00248373;-0.00240538
1962-12-03;-0.00538056;-0.00514549
1962-12-04;0.01122099;0.01129934
1962-12-05;-0.00407106;-0.00399298
1962-12-06;0.00857551;0.00865332
1962-12-07;0.00198634;0.00206387
1962-12-10;-0.01276529;-0.01253350
1962-12-11;0.00072323;0.00080104
1962-12-12;0.00489433;0.00497241
1962-12-13;-0.00343303;-0.00335494
1962-12-14;0.00232308;0.00240116
1962-12-17;-0.00343724;-0.00320217
1962-12-18;-0.00489055;-0.00481192
1962-12-19;0.00813571;0.00821461
1962-12-20;0.00375400;0.00383317
1962-12-21;-0.00294615;-0.00286725
1962-12-24;-0.00040211;-0.00016540
1962-12-26;0.00606650;0.00622321
1962-12-27;-0.00150949;-0.00143004
1962-12-28;0.00039453;0.00047480
1962-12-31;0.00197788;0.00221788
1963-01-02;-0.00665927;-0.00650146
1963-01-03;0.01634978;0.01642813
1963-01-04;0.00635303;0.00643248
1963-01-07;-0.00040086;-0.00016169
1963-01-08;0.00958800;0.00966745
1963-01-09;-0.00239806;-0.00231888
1963-01-10;0.00177678;0.00185595
1963-01-11;0.00208240;0.00216158
1963-01-14;0.00515460;0.00539132
1963-01-15;-0.00146119;-0.00138229
1963-01-16;-0.00683889;-0.00675971
1963-01-17;0.00703139;0.00711112
1963-01-18;0.00068578;0.00076578
1963-01-21;0.00128846;0.00152846
1963-01-22;0.00236879;0.00244906
1963-01-23;0.00266787;0.00274869
1963-01-24;0.00189864;0.00197919
1963-01-25;0.00250336;0.00258363
1963-01-28;0.00460862;0.00484862
1963-01-29;-0.00023316;-0.00015288
1963-01-30;-0.00581977;-0.00573950
1963-01-31;0.00523292;0.00531319
1963-02-01;0.00157917;0.00165971
1963-02-04;-0.00235869;-0.00211705
1963-02-05;-0.00098977;-0.00090867
1963-02-06;0.00430361;0.00438471
1963-02-07;-0.00354660;-0.00346577
1963-02-08;-0.00008274;-0.00000192
1963-02-11;-0.00644356;-0.00620191
1963-02-12;0.00098201;0.00106256
1963-02-13;0.00477881;0.00485909
1963-02-14;0.00294151;0.00302151
1963-02-15;0.00082238;0.00090238
1963-02-18;0.00141145;0.00165062
1963-02-19;-0.00489195;-0.00481250
1963-02-20;-0.00567049;-0.00559104
1963-02-21;0.00128661;0.00136524
1963-02-25;-0.00730144;-0.00698583
1963-02-26;0.00007140;0.00015085
1963-02-27;-0.00710776;-0.00702804
1963-02-28;-0.01115659;-0.01107714
1963-03-01;-0.00303673;-0.00295728
1963-03-04;0.00942910;0.00966663
1963-03-05;0.00022765;0.00030711
1963-03-06;0.00161773;0.00169719
1963-03-07;0.00624146;0.00632036
1963-03-08;0.00099236;0.00107071
1963-03-11;0.00251360;0.00274949
1963-03-12;0.00236183;0.00244046
1963-03-13;0.00357381;0.00365272
1963-03-14;-0.00478421;-0.00470530
1963-03-15;0.00494967;0.00502857
1963-03-18;-0.00509692;-0.00485939
1963-03-19;-0.00221492;-0.00213574
1963-03-20;0.00724996;0.00732968
1963-03-21;-0.00159767;-0.00151822
1963-03-22;0.00508188;0.00516133
1963-03-25;0.00005805;0.00029641
1963-03-26;0.00278829;0.00286774
1963-03-27;0.00413495;0.00421495
1963-03-28;-0.00158162;-0.00150162
1963-03-29;-0.00023184;-0.00015211
1963-04-01;0.00396199;0.00420035
1963-04-02;-0.00023096;-0.00015151
1963-04-03;0.00769813;0.00777785
1963-04-04;0.00719270;0.00727243
1963-04-05;0.00625587;0.00633559
1963-04-08;0.00327083;0.00350919
1963-04-09;-0.00110270;-0.00102352
1963-04-10;-0.00241884;-0.00233939
1963-04-11;0.00694693;0.00702693
1963-04-15;0.00432662;0.00464552
1963-04-16;0.00064232;0.00072178
1963-04-17;-0.00326332;-0.00318387
1963-04-18;-0.00051638;-0.00043721
1963-04-19;0.00485458;0.00493349
1963-04-22;0.00076866;0.00100537
1963-04-23;0.00323781;0.00331699
1963-04-24;0.00265154;0.00273072
1963-04-25;0.00049263;0.00057181
1963-04-26;-0.00094119;-0.00086201
1963-04-29;-0.00096065;-0.00072311
1963-04-30;0.00207226;0.00215171
1963-05-01;0.00235416;0.00243361
1963-05-02;0.00277700;0.00285645
1963-05-03;-0.00207652;-0.00199707
1963-05-06;-0.00738391;-0.00714555
1963-05-07;-0.00137578;-0.00129632
1963-05-08;0.00812688;0.00820661
1963-05-09;0.00477481;0.00485453
1963-05-10;0.00233485;0.00241457
1963-05-13;-0.00081132;-0.00057297
1963-05-14;-0.00391197;-0.00383279
1963-05-15;0.00305209;0.00313154
1963-05-16;-0.00263710;-0.00255765
1963-05-17;0.00048775;0.00056748
1963-05-20;-0.00494059;-0.00470059
1963-05-21;0.00249098;0.00257098
1963-05-22;-0.00008247;-0.00000192
1963-05-23;-0.00065303;-0.00057221
1963-05-24;-0.00122424;-0.00114314
1963-05-27;-0.00239211;-0.00214800
1963-05-28;0.00192043;0.00200180
1963-05-29;0.00448694;0.00456886
1963-05-31;0.00651456;0.00667895
1963-06-03;-0.00180847;-0.00155943
1963-06-04;0.00005681;0.00013954
1963-06-05;-0.00248864;-0.00240644
1963-06-06;0.00062508;0.00070700
1963-06-07;-0.00249218;-0.00241053
1963-06-10;-0.00692505;-0.00668094
1963-06-11;0.00120326;0.00128490
1963-06-12;0.00534241;0.00542433
1963-06-13;-0.00264002;-0.00255837
1963-06-14;0.00020094;0.00028286
1963-06-17;-0.00452115;-0.00427622
1963-06-18;0.00091715;0.00099880
1963-06-19;0.00091615;0.00099780
1963-06-20;-0.00122495;-0.00114331
1963-06-21;0.00334452;0.00342616
1963-06-24;-0.00096243;-0.00071750
1963-06-25;-0.00236304;-0.00228112
1963-06-26;-0.00907870;-0.00899678
1963-06-27;-0.00498227;-0.00490035
1963-06-28;0.00425958;0.00434150
1963-07-01;-0.00760421;-0.00735763
1963-07-02;0.00862867;0.00871141
1963-07-03;0.00682525;0.00690853
1963-07-05;0.00383138;0.00399960
1963-07-08;-0.00710525;-0.00684141
1963-07-09;0.00421156;0.00429977
1963-07-10;-0.00223204;-0.00214355
1963-07-11;-0.00195075;-0.00186198
1963-07-12;-0.00180922;-0.00172210
1963-07-15;-0.00658451;-0.00632396
1963-07-16;-0.00095582;-0.00086897
1963-07-17;-0.00312800;-0.00303923
1963-07-18;-0.00647288;-0.00638521
1963-07-19;-0.00213314;-0.00204601
1963-07-22;-0.00685006;-0.00658951
1963-07-23;0.00005906;0.00014536
1963-07-24;0.00535825;0.00544647
1963-07-25;-0.00038277;-0.00029483
1963-07-26;0.00401237;0.00410005
1963-07-29;0.00162465;0.00189095
1963-07-30;0.00820961;0.00829865
1963-07-31;-0.00168018;-0.00159059
1963-08-01;-0.00095889;-0.00086985
1963-08-02;0.00324009;0.00332804
1963-08-05;0.00564672;0.00591055
1963-08-06;0.00650863;0.00659685
1963-08-07;-0.00308451;-0.00299465
1963-08-08;0.00076558;0.00085572
1963-08-09;0.00647722;0.00656763
1963-08-12;0.00128374;0.00155497
1963-08-13;0.00274066;0.00283134
1963-08-14;0.00386248;0.00395344
1963-08-15;0.00426875;0.00435998
1963-08-16;0.00144762;0.00153913
1963-08-19;-0.00097885;-0.00070515
1963-08-20;-0.00093302;-0.00084178
1963-08-21;-0.00135510;-0.00126278
1963-08-22;0.00341256;0.00350489
1963-08-23;0.00298068;0.00307328
1963-08-26;0.00180674;0.00208455
1963-08-27;-0.00551824;-0.00542536
1963-08-28;0.00717563;0.00726878
1963-08-29;0.00157095;0.00166382
1963-08-30;0.00461696;0.00470983
1963-09-03;0.00182881;0.00219923
1963-09-04;-0.00036950;-0.00027717
1963-09-05;0.00486225;0.00495403
1963-09-06;-0.00228521;-0.00219370
1963-09-09;-0.00384974;-0.00357522
1963-09-10;0.00555497;0.00564702
1963-09-11;0.00278313;0.00287519
1963-09-12;-0.00077731;-0.00068498
1963-09-13;0.00017889;0.00027149
1963-09-16;-0.00165271;-0.00137243
1963-09-17;0.00058921;0.00068236
1963-09-18;-0.00447171;-0.00437829
1963-09-19;0.00567389;0.00576731
1963-09-20;0.00099753;0.00109068
1963-09-23;-0.00492286;-0.00464423
1963-09-24;0.00456529;0.00465817
1963-09-25;-0.00568770;-0.00559537
1963-09-26;-0.00860021;-0.00850789
1963-09-27;-0.00203115;-0.00193910
1963-09-30;-0.00624420;-0.00596721
1963-10-01;0.00715819;0.00725052
1963-10-02;0.00101184;0.00110581
1963-10-03;0.00723440;0.00732865
1963-10-04;0.00017817;0.00027269
1963-10-07;-0.00234916;-0.00206478
1963-10-08;-0.00147195;-0.00137743
1963-10-09;-0.01015126;-0.01005701
1963-10-10;0.00449546;0.00458971
1963-10-11;0.00087336;0.00096761
1963-10-14;0.00012579;0.00040936
1963-10-15;0.00128641;0.00138121
1963-10-16;0.00777622;0.00787101
1963-10-17;0.00387670;0.00397232
1963-10-18;0.00072174;0.00081708
1963-10-21;0.00052819;0.00081258
1963-10-22;-0.00581952;-0.00572555
1963-10-23;0.00045208;0.00054633
1963-10-24;0.00373918;0.00383370
1963-10-25;0.00986563;0.00995987
1963-10-28;0.00606200;0.00634474
1963-10-29;-0.00036524;-0.00027045
1963-10-30;-0.00896108;-0.00886574
1963-10-31;0.00274827;0.00284361
1963-11-01;-0.00252964;-0.00243402
1963-11-04;-0.00544121;-0.00515271
1963-11-06;-0.00891122;-0.00871725
1963-11-07;0.00333442;0.00343168
1963-11-08;0.00400704;0.00410430
1963-11-11;0.00188349;0.00217527
1963-11-12;-0.00404368;-0.00394642
1963-11-13;0.00071934;0.00081742
1963-11-14;-0.00473801;-0.00464102
1963-11-15;-0.00832344;-0.00822673
1963-11-18;-0.00748235;-0.00719304
1963-11-19;0.00087617;0.00097261
1963-11-20;0.00908133;0.00917750
1963-11-21;-0.01305260;-0.01295671
1963-11-22;-0.02816232;-0.02806670
1963-11-26;0.03940628;0.03978546
1963-11-27;-0.00189361;-0.00179799
1963-11-29;0.01336840;0.01356018
1963-12-02;0.00557602;0.00586616
1963-12-03;-0.00064194;-0.00054495
1963-12-04;0.00234636;0.00244307
1963-12-05;0.00640571;0.00650215
1963-12-06;-0.00386733;-0.00377144
1963-12-09;-0.00083314;-0.00054629
1963-12-10;0.00030809;0.00040371
1963-12-11;-0.00131446;-0.00121830
1963-12-12;0.00003724;0.00013340
1963-12-13;0.00193114;0.00202758
1963-12-16;0.00294473;0.00323486
1963-12-17;0.00582331;0.00592002
1963-12-18;-0.00157040;-0.00147369
1963-12-19;-0.00318050;-0.00308379
1963-12-20;-0.00171126;-0.00161482
1963-12-23;-0.00662248;-0.00633316
1963-12-24;0.00206937;0.00216581
1963-12-26;0.00453439;0.00472781
1963-12-27;0.00151628;0.00161272
1963-12-30;0.00131697;0.00160628
1963-12-31;0.00607145;0.00616761
1964-01-02;0.00526795;0.00546137
1964-01-03;0.00082938;0.00092609
1964-01-06;0.00195577;0.00224590
1964-01-07;0.00016568;0.00026239
1964-01-08;0.00399675;0.00409374
1964-01-09;0.00358558;0.00368229
1964-01-10;-0.00062301;-0.00052630
1964-01-13;-0.00055904;-0.00026808
1964-01-14;0.00173788;0.00183487
1964-01-15;0.00356766;0.00366492
1964-01-16;-0.00127323;-0.00117624
1964-01-17;0.00003173;0.00012872
1964-01-20;-0.00225432;-0.00196500
1964-01-21;0.00264998;0.00274641
1964-01-22;0.00525273;0.00534917
1964-01-23;0.00068084;0.00077700
1964-01-24;0.00016135;0.00025752
1964-01-27;-0.00068248;-0.00039481
1964-01-28;0.00016166;0.00025755
1964-01-29;-0.00619379;-0.00609790
1964-01-30;0.00081567;0.00091156
1964-01-31;0.00433505;0.00443094
1964-02-03;-0.00120204;-0.00091437
1964-02-04;-0.00126737;-0.00117120
1964-02-05;-0.00178903;-0.00169286
1964-02-06;0.00224747;0.00234336
1964-02-07;0.00315135;0.00324779
1964-02-10;-0.00198026;-0.00169013
1964-02-11;0.00353565;0.00363209
1964-02-12;0.00300523;0.00310166
1964-02-13;-0.00074294;-0.00064650
1964-02-14;-0.00061435;-0.00051791
1964-02-17;-0.00055320;-0.00026388
1964-02-18;0.00003074;0.00012718
1964-02-19;0.00093375;0.00103074
1964-02-20;0.00080374;0.00090073
1964-02-24;0.00037848;0.00076533
1964-02-25;-0.00009863;-0.00000192
1964-02-26;0.00234675;0.00244401
1964-02-27;-0.00331075;-0.00321240
1964-02-28;0.00221844;0.00231707
1964-03-02;0.00188509;0.00217934
1964-03-03;0.00310691;0.00320444
1964-03-04;-0.00201739;-0.00191959
1964-03-05;-0.00022727;-0.00013001
1964-03-06;0.00310376;0.00320075
1964-03-09;-0.00004050;0.00024964
1964-03-10;0.00322039;0.00331737
1964-03-11;0.00448128;0.00457882
1964-03-12;0.00154743;0.00164469
1964-03-13;0.00065982;0.00075681
1964-03-16;-0.00029589;-0.00000575
1964-03-17;0.00217582;0.00227253
1964-03-18;0.00065725;0.00075451
1964-03-19;-0.00110699;-0.00100973
1964-03-20;-0.00489111;-0.00479385
1964-03-23;-0.00017000;0.00012096
1964-03-24;-0.00187235;-0.00177564
1964-03-25;0.00231230;0.00240956
1964-03-26;0.00256000;0.00265698
1964-03-30;-0.00102482;-0.00063906
1964-03-31;-0.00211982;-0.00202365
1964-04-01;0.00319334;0.00329005
1964-04-02;0.00570652;0.00580323
1964-04-03;0.00291294;0.00300937
1964-04-06;0.00070733;0.00099500
1964-04-07;-0.00359666;-0.00350104
1964-04-08;0.00002815;0.00012349
1964-04-09;-0.00072367;-0.00062888
1964-04-10;0.00178535;0.00188014
1964-04-13;-0.00129284;-0.00100763
1964-04-14;0.00266067;0.00275601
1964-04-15;0.00115262;0.00124824
1964-04-16;0.00127647;0.00137154
1964-04-17;0.00426738;0.00436217
1964-04-20;-0.00091005;-0.00062649
1964-04-21;0.00040073;0.00049498
1964-04-22;-0.00071752;-0.00062273
1964-04-23;-0.00146307;-0.00136855
1964-04-24;-0.00793421;-0.00783969
1964-04-27;-0.00530417;-0.00502143
1964-04-28;0.00683515;0.00692940
1964-04-29;-0.00259957;-0.00250505
1964-04-30;-0.00310773;-0.00301321
1964-05-01;0.00883860;0.00893340
1964-05-04;0.00345109;0.00373629
1964-05-05;0.00499781;0.00509315
1964-05-06;0.00212771;0.00222360
1964-05-07;0.00101275;0.00110837
1964-05-08;-0.00194596;-0.00185035
1964-05-11;-0.00152553;-0.00124032
1964-05-12;0.00311686;0.00321193
1964-05-13;-0.00243831;-0.00234297
1964-05-14;-0.00145579;-0.00136045
1964-05-15;0.00287111;0.00296618
1964-05-18;-0.00497571;-0.00469133
1964-05-19;-0.00530016;-0.00520509
1964-05-20;0.00438565;0.00448127
1964-05-21;0.00337410;0.00346944
1964-05-22;-0.00269150;-0.00259643
1964-05-25;-0.00239592;-0.00211154
1964-05-26;-0.00220694;-0.00211215
1964-05-27;-0.00171438;-0.00161903
1964-05-28;0.00127356;0.00136863
1964-06-01;-0.00362298;-0.00324271
1964-06-02;-0.00521495;-0.00511988
1964-06-03;-0.00273214;-0.00263680
1964-06-04;-0.01041275;-0.01031768
1964-06-05;0.00435198;0.00444705
1964-06-08;-0.00509905;-0.00481466
1964-06-09;0.00626138;0.00635617
1964-06-10;0.00369376;0.00378883
1964-06-11;0.00355329;0.00364864
1964-06-12;-0.00172776;-0.00163242
1964-06-15;0.00435564;0.00464249
1964-06-16;0.00527948;0.00537510
1964-06-17;0.00500169;0.00509758
1964-06-18;-0.00034503;-0.00024941
1964-06-19;0.00114052;0.00123586
1964-06-22;0.00242796;0.00271399
1964-06-23;-0.00428882;-0.00419376
1964-06-24;0.00349346;0.00358852
1964-06-25;0.00175349;0.00184856
1964-06-26;0.00298145;0.00307652
1964-06-29;0.00191871;0.00220392
1964-06-30;0.00051546;0.00061053
1964-07-01;0.00700275;0.00709809
1964-07-02;0.00391392;0.00400926
1964-07-06;0.00421144;0.00459281
1964-07-07;0.00158962;0.00168524
1964-07-08;-0.00009781;-0.00000192
1964-07-09;0.00110582;0.00120116
1964-07-10;0.00158640;0.00168037
1964-07-13;-0.00088748;-0.00060556
1964-07-14;-0.00309700;-0.00300276
1964-07-15;0.00327489;0.00336914
1964-07-16;0.00350410;0.00359779
1964-07-17;0.00432756;0.00442180
1964-07-20;-0.00350404;-0.00321966
1964-07-21;-0.00248506;-0.00239026
1964-07-22;-0.00033667;-0.00024132
1964-07-23;-0.00057537;-0.00048085
1964-07-24;-0.00033602;-0.00024150
1964-07-27;-0.00484239;-0.00455883
1964-07-28;-0.00286513;-0.00277033
1964-07-29;0.00074791;0.00084298
1964-07-30;0.00195318;0.00204825
1964-07-31;0.00098618;0.00108125
1964-08-03;-0.00245494;-0.00216974
1964-08-04;-0.01262711;-0.01253204
1964-08-05;0.00148833;0.00158422
1964-08-06;-0.00923385;-0.00913823
1964-08-07;0.00629538;0.00639100
1964-08-10;-0.00127070;-0.00098303
1964-08-11;-0.00034237;-0.00024648
1964-08-12;0.00491659;0.00501276
1964-08-13;0.00282269;0.00291886
1964-08-14;-0.00082615;-0.00072998
1964-08-17;-0.00017199;0.00011568
1964-08-18;0.00038814;0.00048375
1964-08-19;-0.00106868;-0.00097279
1964-08-20;-0.00471394;-0.00461805
1964-08-21;0.00148872;0.00158461
1964-08-24;-0.00224298;-0.00195531
1964-08-25;-0.00583581;-0.00573992
1964-08-26;-0.00157156;-0.00147540
1964-08-27;0.00457536;0.00467098
1964-08-28;0.00345204;0.00354765
1964-08-31;-0.00224488;-0.00195721
1964-09-01;0.00417935;0.00427524
1964-09-02;0.00148381;0.00157998
1964-09-03;0.00293949;0.00303538
1964-09-04;0.00232440;0.00242056
1964-09-08;0.00093682;0.00132147
1964-09-09;0.00207345;0.00217016
1964-09-10;0.00050369;0.00060013
1964-09-11;0.00411344;0.00420988
1964-09-14;-0.00305203;-0.00276189
1964-09-15;-0.00274250;-0.00264551
1964-09-16;0.00279239;0.00288965
1964-09-17;0.00650850;0.00660548
1964-09-18;-0.00379863;-0.00370164
1964-09-21;0.00425528;0.00454624
1964-09-22;0.00025883;0.00035582
1964-09-23;0.00013923;0.00023649
1964-09-24;0.00097340;0.00107066
1964-09-25;0.00240110;0.00249808
1964-09-28;0.00053372;0.00082550
1964-09-29;-0.00057379;-0.00047653
1964-09-30;-0.00081143;-0.00071417
1964-10-01;-0.00128711;-0.00118985
1964-10-02;0.00323071;0.00332824
1964-10-05;0.00420615;0.00449875
1964-10-06;0.00049059;0.00058812
1964-10-07;0.00001794;0.00011602
1964-10-08;0.00273019;0.00282827
1964-10-09;0.00201665;0.00211473
1964-10-12;-0.00006531;0.00022893
1964-10-13;-0.00338457;-0.00328676
1964-10-14;-0.00210122;-0.00200286
1964-10-15;-0.00646895;-0.00637059
1964-10-16;0.00678400;0.00688236
1964-10-19;0.00087801;0.00117307
1964-10-20;0.00284333;0.00294168
1964-10-21;-0.00103946;-0.00094111
1964-10-22;-0.00198014;-0.00188206
1964-10-23;0.00225488;0.00235269
1964-10-26;-0.00194271;-0.00165010
1964-10-27;-0.00009945;-0.00000192
1964-10-28;-0.00374651;-0.00364898
1964-10-29;0.00037313;0.00047039
1964-10-30;0.00143511;0.00153237
1964-11-02;0.00347338;0.00376516
1964-11-04;-0.00066905;-0.00047343
1964-11-05;0.00013518;0.00023299
1964-11-06;0.00072226;0.00082006
1964-11-09;-0.00076850;-0.00047507
1964-11-10;-0.00420792;-0.00411038
1964-11-11;0.00272940;0.00282694
1964-11-12;0.00119290;0.00129098
1964-11-13;0.00013450;0.00023285
1964-11-16;0.00486207;0.00515796
1964-11-17;0.00433611;0.00443474
1964-11-18;0.00210771;0.00220661
1964-11-19;-0.00056475;-0.00046585
1964-11-20;0.00105927;0.00115844
1964-11-23;-0.00355758;-0.00325100
1964-11-24;-0.00324501;-0.00314145
1964-11-25;-0.00348929;-0.00338463
1964-11-27;-0.00348976;-0.00328099
1964-11-30;-0.00901090;-0.00869528
1964-12-01;-0.01041301;-0.01030753
1964-12-02;0.00276541;0.00287061
1964-12-03;0.00454874;0.00465258
1964-12-04;0.00191400;0.00201756
1964-12-07;-0.00055190;-0.00024286
1964-12-08;-0.00401923;-0.00391512
1964-12-09;-0.00653569;-0.00643049
1964-12-10;-0.00022667;-0.00012174
1964-12-11;0.00240990;0.00251456
1964-12-14;-0.00283153;-0.00251591
1964-12-15;-0.00286354;-0.00275806
1964-12-16;0.00385745;0.00396348
1964-12-17;0.00408116;0.00418719
1964-12-18;0.00454072;0.00464647
1964-12-21;0.00074473;0.00106199
1964-12-22;-0.00070023;-0.00059448
1964-12-23;-0.00224214;-0.00213639
1964-12-24;-0.00010767;-0.00000192
1964-12-28;-0.00138027;-0.00095835
1964-12-29;-0.00319924;-0.00309458
1964-12-30;0.00573943;0.00584464
1964-12-31;0.00523150;0.00533616
1965-01-04;-0.00656090;-0.00614336
1965-01-05;0.00464287;0.00474698
1965-01-06;0.00296562;0.00307028
1965-01-07;0.00425255;0.00435666
1965-01-08;0.00118469;0.00128825
1965-01-11;0.00003580;0.00034566
1965-01-12;0.00235408;0.00245710
1965-01-13;0.00258140;0.00268468
1965-01-14;-0.00010521;-0.00000192
1965-01-15;0.00420514;0.00430843
1965-01-18;0.00293227;0.00324213
1965-01-19;0.00151348;0.00161677
1965-01-20;-0.00045315;-0.00034822
1965-01-21;-0.00103064;-0.00092571
1965-01-22;0.00243592;0.00254085
1965-01-25;0.00106207;0.00137769
1965-01-26;0.00081390;0.00091910
1965-01-27;0.00322824;0.00333372
1965-01-28;0.00275832;0.00286407
1965-01-29;0.00080655;0.00091258
1965-02-01;-0.00009624;0.00022266
1965-02-02;-0.00045076;-0.00034446
1965-02-03;0.00080527;0.00091185
1965-02-04;-0.00079346;-0.00068661
1965-02-05;-0.00330648;-0.00319936
1965-02-08;-0.00422054;-0.00390082
1965-02-09;0.00322676;0.00333333
1965-02-10;-0.00904989;-0.00894277
1965-02-11;-0.01075007;-0.01064268
1965-02-12;0.00725566;0.00736306
1965-02-15;-0.00148762;-0.00116625
1965-02-16;-0.00475670;-0.00464930
1965-02-17;0.00105686;0.00116535
1965-02-18;0.00315413;0.00326263
1965-02-19;0.00174897;0.00185747
1965-02-23;0.00454398;0.00498015
1965-02-24;0.00600576;0.00611535
1965-02-25;0.00023265;0.00034224
1965-02-26;0.00252638;0.00263570
1965-03-01;-0.00239084;-0.00206454
1965-03-02;0.00160879;0.00171728
1965-03-03;-0.00171252;-0.00160375
1965-03-04;-0.00331921;-0.00321072
1965-03-05;-0.00217958;-0.00207136
1965-03-08;0.00001603;0.00033987
1965-03-09;-0.00172221;-0.00161426
1965-03-10;-0.00184044;-0.00173222
1965-03-11;0.00405006;0.00415801
1965-03-12;0.00345773;0.00356540
1965-03-15;0.00001605;0.00033824
1965-03-16;-0.00136993;-0.00126281
1965-03-17;-0.00137180;-0.00126440
1965-03-18;-0.00252255;-0.00241516
1965-03-19;0.00023627;0.00034366
1965-03-22;-0.00044310;-0.00012091
1965-03-23;0.00104263;0.00114976
1965-03-24;0.00173152;0.00183864
1965-03-25;-0.00297909;-0.00287251
1965-03-26;-0.00747864;-0.00737179
1965-03-29;-0.00229846;-0.00197791
1965-03-30;0.00186674;0.00197414
1965-03-31;-0.00057363;-0.00046595
1965-04-01;0.00174742;0.00185509
1965-04-02;0.00232295;0.00243089
1965-04-05;-0.00032877;-0.00000575
1965-04-06;-0.00045602;-0.00034862
1965-04-07;0.00046817;0.00057612
1965-04-08;0.00555215;0.00565955
1965-04-09;0.00586468;0.00597235
1965-04-12;0.00401111;0.00433413
1965-04-13;0.00102782;0.00113522
1965-04-14;0.00216183;0.00226978
1965-04-15;-0.00112981;-0.00102186
1965-04-19;0.00364450;0.00407628
1965-04-20;-0.00067450;-0.00056683
1965-04-21;-0.00191859;-0.00181064
1965-04-22;0.00532615;0.00543410
1965-04-23;0.00101706;0.00112446
1965-04-26;-0.00021379;0.00010676
1965-04-27;0.00157871;0.00168556
1965-04-28;-0.00055855;-0.00045115
1965-04-29;-0.00089583;-0.00078843
1965-04-30;0.00191502;0.00202215
1965-05-03;0.00102035;0.00134090
1965-05-04;0.00302974;0.00313604
1965-05-05;0.00212562;0.00223247
1965-05-06;0.00223238;0.00233896
1965-05-07;-0.00088696;-0.00078039
1965-05-10;-0.00243929;-0.00212039
1965-05-11;-0.00133508;-0.00122877
1965-05-12;0.00424634;0.00435319
1965-05-13;0.00356035;0.00366719
1965-05-14;-0.00199201;-0.00188516
1965-05-17;-0.00654080;-0.00622107
1965-05-18;-0.00100195;-0.00089537
1965-05-19;0.00223865;0.00234550
1965-05-20;-0.00557325;-0.00546640
1965-05-21;-0.00493048;-0.00482363
1965-05-24;-0.00776128;-0.00744237
1965-05-25;0.00568131;0.00578762
1965-05-26;-0.00349450;-0.00338792
1965-05-27;-0.00531773;-0.00521143
1965-05-28;0.00649497;0.00660100
1965-06-01;0.00296002;0.00338523
1965-06-02;-0.01848035;-0.01837433
1965-06-03;-0.00228877;-0.00218357
1965-06-04;0.00231027;0.00241465
1965-06-07;-0.00295678;-0.00264609
1965-06-08;-0.01104092;-0.01093654
1965-06-09;-0.01046384;-0.01035919
1965-06-10;-0.00375164;-0.00364726
1965-06-11;0.00449655;0.00460094
1965-06-14;-0.01335850;-0.01304617
1965-06-15;0.00560758;0.00571169
1965-06-16;0.00829761;0.00840144
1965-06-17;0.00623200;0.00633611
1965-06-18;-0.00477129;-0.00466718
1965-06-21;-0.00371461;-0.00340393
1965-06-22;0.00177577;0.00187933
1965-06-23;-0.00644276;-0.00633920
1965-06-24;-0.01321493;-0.01311164
1965-06-25;-0.00608893;-0.00598564
1965-06-28;-0.01789409;-0.01758341
1965-06-29;0.00982017;0.00992455
1965-06-30;0.02064361;0.02074799
1965-07-01;0.00417303;0.00427768
1965-07-02;0.00794239;0.00804732
1965-07-06;-0.00242802;-0.00200391
1965-07-07;-0.00387282;-0.00376707
1965-07-08;0.00839566;0.00850168
1965-07-09;0.00363957;0.00374559
1965-07-12;-0.00055718;-0.00023910
1965-07-13;-0.00127522;-0.00116892
1965-07-14;0.00316347;0.00326949
1965-07-15;-0.00185422;-0.00174874
1965-07-16;-0.00045710;-0.00035189
1965-07-19;-0.00101992;-0.00070595
1965-07-20;-0.01271898;-0.01261432
1965-07-21;-0.00578369;-0.00567903
1965-07-22;-0.00272317;-0.00261878
1965-07-23;0.00251743;0.00262182
1965-07-26;-0.00055598;-0.00024365
1965-07-27;-0.00224788;-0.00214350
1965-07-28;0.00180141;0.00190580
1965-07-29;0.00762931;0.00773341
1965-07-30;0.00662492;0.00672931
1965-08-02;0.00167441;0.00198838
1965-08-03;0.00036088;0.00046636
1965-08-04;0.00375406;0.00385954
1965-08-05;-0.00010740;-0.00000192
1965-08-06;0.00315666;0.00326187
1965-08-09;-0.00276042;-0.00244563
1965-08-10;0.00000907;0.00011455
1965-08-11;0.00292071;0.00302591
1965-08-12;0.00279574;0.00290067
1965-08-13;0.00440891;0.00451302
1965-08-16;0.00083439;0.00114672
1965-08-17;0.00185010;0.00195503
1965-08-18;-0.00068130;-0.00057637
1965-08-19;-0.00240596;-0.00230103
1965-08-20;-0.00125906;-0.00115412
1965-08-23;-0.00182097;-0.00150535
1965-08-24;0.00162496;0.00173098
1965-08-25;0.00104532;0.00115135
1965-08-26;0.00369373;0.00379949
1965-08-27;0.00058088;0.00068663
1965-08-30;-0.00020833;0.00010893
1965-08-31;-0.00056743;-0.00046058
1965-09-01;-0.00010849;-0.00000192
1965-09-02;0.00539881;0.00550456
1965-09-03;0.00456975;0.00467578
1965-09-07;0.00297060;0.00339910
1965-09-08;0.00328616;0.00339328
1965-09-09;0.00248541;0.00259226
1965-09-10;0.00247925;0.00258555
1965-09-13;0.00259276;0.00291166
1965-09-14;-0.00402408;-0.00391778
1965-09-15;0.00539554;0.00550184
1965-09-16;0.00547712;0.00558343
1965-09-17;0.00022504;0.00033134
1965-09-20;0.00000767;0.00032739
1965-09-21;-0.00310692;-0.00299925
1965-09-22;0.00445533;0.00456328
1965-09-23;-0.00410066;-0.00399216
1965-09-24;0.00166959;0.00177863
1965-09-27;0.00666475;0.00699269
1965-09-28;-0.00253897;-0.00242883
1965-09-29;-0.00464677;-0.00453581
1965-09-30;-0.00077857;-0.00066844
1965-10-01;-0.00077847;-0.00066888
1965-10-04;0.00166935;0.00199647
1965-10-05;0.00599281;0.00610377
1965-10-06;-0.00110565;-0.00099497
1965-10-07;-0.00088465;-0.00077506
1965-10-08;0.00408878;0.00419837
1965-10-11;0.00539084;0.00571797
1965-10-12;-0.00032985;-0.00022081
1965-10-13;-0.00022125;-0.00011139
1965-10-14;-0.00175400;-0.00164413
1965-10-15;0.00197151;0.00208164
1965-10-18;0.00294683;0.00327724
1965-10-19;0.00119630;0.00130698
1965-10-20;-0.00033047;-0.00021978
1965-10-21;0.00163070;0.00174138
1965-10-22;0.00032246;0.00043315
1965-10-25;-0.00370728;-0.00337605
1965-10-26;0.00566873;0.00577969
1965-10-27;0.00324938;0.00336034
1965-10-28;-0.00335604;-0.00324481
1965-10-29;0.00216426;0.00227549
1965-11-01;-0.00239611;-0.00206159
1965-11-03;0.00063945;0.00086356
1965-11-04;0.00151153;0.00162304
1965-11-05;-0.00108600;-0.00097531
1965-11-08;-0.00185345;-0.00152140
1965-11-09;-0.00336616;-0.00325466
1965-11-10;-0.00120148;-0.00108970
1965-11-11;0.00293541;0.00304719
1965-11-12;0.00466347;0.00477498
1965-11-15;0.00052330;0.00085864
1965-11-16;-0.00248901;-0.00237696
1965-11-17;0.00194208;0.00205414
1965-11-18;-0.00421792;-0.00410559
1965-11-19;0.00010263;0.00021495
1965-11-22;-0.00684751;-0.00651052
1965-11-23;0.00141292;0.00152580
1965-11-24;0.00162850;0.00174138
1965-11-26;0.00074986;0.00097506
1965-11-29;-0.00284192;-0.00250494
1965-11-30;-0.00218479;-0.00207163
1965-12-01;-0.00131581;-0.00120266
1965-12-02;-0.00328419;-0.00317132
1965-12-03;0.00054303;0.00065590
1965-12-06;-0.00780960;-0.00745618
1965-12-07;0.00870963;0.00882908
1965-12-08;-0.00132500;-0.00120555
1965-12-09;0.00294666;0.00306557
1965-12-10;0.00250068;0.00261931
1965-12-13;-0.00003731;0.00032104
1965-12-14;0.00042174;0.00054257
1965-12-15;0.00140126;0.00152181
1965-12-16;0.00096371;0.00108480
1965-12-17;-0.00055833;-0.00043613
1965-12-20;-0.00504547;-0.00467561
1965-12-21;0.00380333;0.00392607
1965-12-22;0.00291876;0.00304123
1965-12-23;-0.00120792;-0.00108546
1965-12-27;-0.00776513;-0.00727527
1965-12-28;-0.00001512;0.00010735
1965-12-29;0.00293445;0.00305719
1965-12-30;0.00412325;0.00424599
1965-12-31;0.00236965;0.00249266
1966-01-03;-0.00308119;-0.00271050
1966-01-04;0.00074102;0.00086595
1966-01-05;0.00626812;0.00639305
1966-01-06;0.00213541;0.00225979
1966-01-07;0.00073336;0.00085774
1966-01-10;0.00166021;0.00203419
1966-01-11;0.00072923;0.00085526
1966-01-12;-0.00248343;-0.00235713
1966-01-13;0.00169628;0.00182231
1966-01-14;0.00137080;0.00149765
1966-01-17;0.00250140;0.00288195
1966-01-18;0.00179000;0.00191767
1966-01-19;-0.00289592;-0.00276935
1966-01-20;-0.00364993;-0.00352417
1966-01-21;0.00105056;0.00117632
1966-01-24;0.00218630;0.00256192
1966-01-25;0.00136603;0.00149205
1966-01-26;-0.00172624;-0.00160021
1966-01-27;-0.00044702;-0.00032209
1966-01-28;-0.00397040;-0.00384520
1966-01-31;-0.00499460;-0.00461405
1966-02-01;-0.00788153;-0.00775386
1966-02-02;0.00388572;0.00401284
1966-02-03;0.00116811;0.00129496
1966-02-04;0.00645542;0.00658200
1966-02-07;0.00315384;0.00353274
1966-02-08;-0.00055644;-0.00042931
1966-02-09;0.00532259;0.00544971
1966-02-10;-0.00257456;-0.00244717
1966-02-11;-0.00034247;-0.00021507
1966-02-14;-0.00337270;-0.00299051
1966-02-15;-0.00397917;-0.00385095
1966-02-16;-0.00023802;-0.00010925
1966-02-17;-0.00549670;-0.00536903
1966-02-18;-0.00282762;-0.00269995
1966-02-21;-0.00623229;-0.00584928
1966-02-23;-0.00450595;-0.00424896
1966-02-24;-0.00657936;-0.00645141
1966-02-25;0.00262181;0.00274866
1966-02-28;0.00049065;0.00087202
1966-03-01;-0.01284582;-0.01271843
1966-03-02;-0.01023342;-0.01010629
1966-03-03;0.00346124;0.00358754
1966-03-04;-0.00269782;-0.00257261
1966-03-07;-0.01382825;-0.01345264
1966-03-08;0.00146142;0.00158827
1966-03-09;0.00871678;0.00884363
1966-03-10;-0.00012932;-0.00000192
1966-03-11;-0.00136692;-0.00123843
1966-03-14;-0.01164451;-0.01126068
1966-03-15;-0.00582083;-0.00569344
1966-03-16;0.00570927;0.00583666
1966-03-17;0.00339930;0.00352642
1966-03-18;0.00395535;0.00408110
1966-03-21;0.00719080;0.00756230
1966-03-22;0.00278822;0.00291288
1966-03-23;-0.00381373;-0.00369072
1966-03-24;0.00167102;0.00179321
1966-03-25;0.00267384;0.00279795
1966-03-28;0.00051784;0.00088770
1966-03-29;-0.00403195;-0.00390730
1966-03-30;-0.00561499;-0.00549088
1966-03-31;0.00494296;0.00506679
1966-04-01;0.00783176;0.00795505
1966-04-04;0.00874322;0.00911144
1966-04-05;0.00593364;0.00605802
1966-04-06;0.00261108;0.00273601
1966-04-07;0.00205696;0.00218244
1966-04-11;-0.00018375;0.00031927
1966-04-12;-0.00383370;-0.00370603
1966-04-13;0.00085428;0.00098223
1966-04-14;0.00347539;0.00360306
1966-04-15;0.00117660;0.00130428
1966-04-18;-0.00484495;-0.00446276
1966-04-19;-0.00023878;-0.00011111
1966-04-20;0.00543965;0.00556759
1966-04-21;0.00356285;0.00369052
1966-04-22;-0.00175179;-0.00162494
1966-04-25;-0.00244548;-0.00206493
1966-04-26;-0.00110645;-0.00097933
1966-04-27;-0.00262931;-0.00250219
1966-04-28;-0.00699450;-0.00686765
1966-04-29;-0.00089745;-0.00077005
1966-05-02;-0.00214503;-0.00176284
1966-05-03;-0.01168129;-0.01155307
1966-05-04;-0.00524951;-0.00512156
1966-05-05;-0.01646279;-0.01633484
1966-05-06;-0.00115313;-0.00102546
1966-05-09;-0.01768885;-0.01730994
1966-05-10;0.00867623;0.00880253
1966-05-11;0.00159433;0.00172064
1966-05-12;-0.01159217;-0.01146586
1966-05-13;-0.00894186;-0.00881556
1966-05-16;-0.01278585;-0.01240777
1966-05-17;-0.00936965;-0.00924253
1966-05-18;0.01768726;0.01781466
1966-05-19;-0.00130413;-0.00117673
1966-05-20;0.00469335;0.00482048
1966-05-23;0.00862775;0.00900747
1966-05-24;0.00648321;0.00661061
1966-05-25;0.00332810;0.00345550
1966-05-26;-0.00012904;-0.00000192
1966-05-27;0.00285761;0.00298419
1966-05-31;-0.01425715;-0.01374865
1966-06-01;-0.00047708;-0.00035023
1966-06-02;-0.00175287;-0.00162793
1966-06-03;0.00103703;0.00116141
1966-06-06;-0.00781558;-0.00744243
1966-06-07;-0.00703499;-0.00690897
1966-06-08;0.00105116;0.00117691
1966-06-09;0.00658401;0.00670949
1966-06-10;0.01086703;0.01099223
1966-06-13;0.00413125;0.00450605
1966-06-14;0.00263662;0.00276210
1966-06-15;-0.00403121;-0.00390682
1966-06-16;-0.00312301;-0.00299973
1966-06-17;0.00033848;0.00046067
1966-06-20;-0.00071664;-0.00035253
1966-06-21;0.00253519;0.00265766
1966-06-22;0.00149211;0.00161266
1966-06-23;-0.00415076;-0.00403185
1966-06-24;0.00080294;0.00092294
1966-06-27;-0.00613665;-0.00578076
1966-06-28;-0.00488493;-0.00476493
1966-06-29;-0.00957817;-0.00945680
1966-06-30;-0.00154149;-0.00141601
1966-07-01;0.01013766;0.01026478
1966-07-05;0.00192257;0.00244531
1966-07-06;0.01431926;0.01444693
1966-07-07;0.00354604;0.00367371
1966-07-08;0.00250204;0.00263026
1966-07-11;-0.00222162;-0.00183203
1966-07-12;-0.00665390;-0.00651993
1966-07-13;-0.00681149;-0.00667779
1966-07-14;0.00588878;0.00602357
1966-07-15;0.00285772;0.00299278
1966-07-18;-0.00144449;-0.00103929
1966-07-19;-0.00772489;-0.00758900
1966-07-20;-0.00963460;-0.00950035
1966-07-21;-0.00001867;0.00011503
1966-07-22;-0.00142077;-0.00128817
1966-07-25;-0.01889763;-0.01850476
1966-07-26;-0.00168336;-0.00155268
1966-07-27;0.00464938;0.00477705
1966-07-28;-0.00405431;-0.00392582
1966-07-29;-0.00216197;-0.00203128
1966-08-01;-0.01582679;-0.01543638
1966-08-02;0.00010846;0.00024107
1966-08-03;0.00982457;0.00995800
1966-08-04;0.00924612;0.00937872
1966-08-05;0.00070088;0.00083211
1966-08-08;-0.00337482;-0.00298194
1966-08-09;-0.00323955;-0.00310640
1966-08-10;-0.00468733;-0.00455336
1966-08-11;-0.00121934;-0.00108482
1966-08-12;0.00166953;0.00180488
1966-08-15;-0.00558685;-0.00517589
1966-08-16;-0.01355689;-0.01341744
1966-08-17;-0.00565378;-0.00551460
1966-08-18;-0.01270604;-0.01256659
1966-08-19;-0.00687707;-0.00673844
1966-08-22;-0.01774658;-0.01733808
1966-08-23;-0.00180183;-0.00166347
1966-08-24;0.01215091;0.01228844
1966-08-25;-0.01291322;-0.01277541
1966-08-26;-0.02127731;-0.02113950
1966-08-29;-0.02502411;-0.02460986
1966-08-30;0.01770379;0.01784325
1966-08-31;0.01620535;0.01634398
1966-09-01;0.00764101;0.00778018
1966-09-02;-0.00374497;-0.00360552
1966-09-06;-0.00651586;-0.00594929
1966-09-07;-0.00781043;-0.00766824
1966-09-08;-0.00433478;-0.00419204
1966-09-09;0.00301089;0.00315390
1966-09-12;0.02079421;0.02122901
1966-09-13;0.00511180;0.00526056
1966-09-14;0.01019095;0.01034027
1966-09-15;0.01185405;0.01200364
1966-09-16;-0.00127538;-0.00112579
1966-09-19;-0.00545597;-0.00500638
1966-09-20;-0.00706494;-0.00691233
1966-09-21;-0.01698199;-0.01682884
1966-09-22;0.00280575;0.00295780
1966-09-23;-0.00361708;-0.00346612
1966-09-26;0.00199255;0.00244049
1966-09-27;0.00293150;0.00308054
1966-09-28;-0.01282619;-0.01267797
1966-09-29;-0.01052301;-0.01037671
1966-09-30;0.00247789;0.00262419
1966-10-03;0.00000000;0.00043808
1966-10-04;0.00000000;0.00014904
1966-10-05;0.00000000;0.00014849
1966-10-06;0.00000000;0.00014740
1966-10-07;0.00000000;0.00014685
1966-10-10;0.00000000;0.00044384
1966-10-11;0.00000000;0.00014986
1966-10-12;0.00000000;0.00014986
1966-10-13;0.00000000;0.00015014
1966-10-14;0.00000000;0.00014904
1966-10-17;0.00000000;0.00044301
1966-10-18;0.00000000;0.00014822
1966-10-19;0.00000000;0.00014795
1966-10-20;0.00000000;0.00014740
1966-10-21;0.00000000;0.00014438
1966-10-24;0.00000000;0.00042658
1966-10-25;0.00000000;0.00014329
1966-10-26;0.00000000;0.00014356
1966-10-27;0.00000000;0.00014384
1966-10-28;0.00000000;0.00014329
1966-10-31;0.00000000;0.00042904
1966-11-01;0.00000000;0.00014438
1966-11-02;0.00000000;0.00014603
1966-11-03;0.00000000;0.00014603
1966-11-04;0.00000000;0.00014685
1966-11-07;0.00000000;0.00044137
1966-11-09;0.00000000;0.00029699
1966-11-10;0.00000000;0.00014932
1966-11-11;0.00000000;0.00014932
1966-11-14;0.00000000;0.00044466
1966-11-15;0.00000000;0.00014932
1966-11-16;0.00000000;0.00014904
1966-11-17;0.00000000;0.00014685
1966-11-18;0.00000000;0.00014493
1966-11-21;0.00000000;0.00042822
1966-11-22;0.00000000;0.00014466
1966-11-23;0.00000000;0.00014466
1966-11-25;0.00000000;0.00028877
1966-11-28;0.00000000;0.00042740
1966-11-29;0.00000000;0.00014219
1966-11-30;0.00000000;0.00014137
1966-12-01;0.00000000;0.00014137
1966-12-02;0.00000000;0.00014137
1966-12-05;0.00000000;0.00042493
1966-12-06;0.00000000;0.00014110
1966-12-07;0.00000000;0.00014219
1966-12-08;0.00000000;0.00014192
1966-12-09;0.00000000;0.00014000
1966-12-12;0.00000000;0.00041342
1966-12-13;0.00000000;0.00013808
1966-12-14;0.00000000;0.00013726
1966-12-15;0.00000000;0.00013479
1966-12-16;0.00000000;0.00013288
1966-12-19;0.00000000;0.00039863
1966-12-20;0.00000000;0.00013205
1966-12-21;0.00000000;0.00013205
1966-12-22;0.00000000;0.00013178
1966-12-23;0.00000000;0.00013096
1966-12-27;0.00000000;0.00052384
1966-12-28;0.00000000;0.00013151
1966-12-29;0.00000000;0.00013205
1966-12-30;0.00000000;0.00013178
1967-01-03;0.00000000;0.00053041
1967-01-04;0.00000000;0.00013178
1967-01-05;0.00000000;0.00013096
1967-01-06;0.00000000;0.00013096
1967-01-09;0.00000000;0.00039370
1967-01-10;0.00000000;0.00013288
1967-01-11;0.00000000;0.00013123
1967-01-12;0.00000000;0.00013233
1967-01-13;0.00000000;0.00013123
1967-01-16;0.00000000;0.00038795
1967-01-17;0.00000000;0.00012849
1967-01-18;0.00000000;0.00012877
1967-01-19;0.00000000;0.00012932
1967-01-20;0.00000000;0.00012904
1967-01-23;0.00000000;0.00038466
1967-01-24;0.00000000;0.00012849
1967-01-25;0.00000000;0.00012877
1967-01-26;0.00000000;0.00012712
1967-01-27;0.00000000;0.00012575
1967-01-30;0.00000000;0.00037068
1967-01-31;-0.00065000;-0.00052644
1967-02-01;-0.00220349;-0.00208020
1967-02-02;0.00334663;0.00346910
1967-02-03;0.00713981;0.00726200
1967-02-06;-0.00243852;-0.00206619
1967-02-07;-0.00276480;-0.00264014
1967-02-08;0.00872964;0.00885375
1967-02-09;-0.00422972;-0.00410588
1967-02-10;0.00296381;0.00308874
1967-02-13;-0.00095113;-0.00057633
1967-02-14;0.00660875;0.00673478
1967-02-15;0.00100568;0.00113225
1967-02-16;-0.00477306;-0.00464676
1967-02-17;0.00021296;0.00033953
1967-02-20;-0.00595899;-0.00558090
1967-02-21;-0.00081499;-0.00068842
1967-02-23;0.00100136;0.00125561
1967-02-24;-0.00058508;-0.00045932
1967-02-27;-0.01124723;-0.01087408
1967-02-28;0.00357483;0.00369922
1967-03-01;0.01024722;0.01036914
1967-03-02;0.00535171;0.00547253
1967-03-03;0.00135295;0.00147267
1967-03-06;-0.00251611;-0.00215775
1967-03-07;0.00055913;0.00067913
1967-03-08;0.00112554;0.00124581
1967-03-09;0.00282386;0.00294359
1967-03-10;0.00394505;0.00406450
1967-03-13;-0.00553658;-0.00518069
1967-03-14;-0.00102467;-0.00090659
1967-03-15;0.00938846;0.00950572
1967-03-16;0.00997274;0.01008890
1967-03-17;0.00165792;0.00177408
1967-03-20;-0.00089676;-0.00055977
1967-03-21;-0.00233319;-0.00221921
1967-03-22;0.00266161;0.00277586
1967-03-23;0.00752981;0.00764351
1967-03-27;-0.00123440;-0.00077741
1967-03-28;0.00032402;0.00043827
1967-03-29;-0.00209614;-0.00198190
1967-03-30;-0.00044517;-0.00033257
1967-03-31;-0.00562446;-0.00551460
1967-04-03;-0.01097507;-0.01064877
1967-04-04;-0.00033562;-0.00022603
1967-04-05;0.00627774;0.00638678
1967-04-06;0.00156043;0.00166865
1967-04-07;-0.00655669;-0.00645066
1967-04-10;-0.01285248;-0.01253933
1967-04-11;0.00714637;0.00725103
1967-04-12;-0.00123224;-0.00112703
1967-04-13;0.00755144;0.00765746
1967-04-14;0.01073434;0.01084092
1967-04-17;0.00675182;0.00707154
1967-04-18;0.00856643;0.00867273
1967-04-19;0.00076432;0.00086897
1967-04-20;0.00174328;0.00184711
1967-04-21;0.00195809;0.00206083
1967-04-24;0.00315463;0.00346120
1967-04-25;0.00518632;0.00528852
1967-04-26;-0.00107043;-0.00096852
1967-04-27;0.00838924;0.00849088
1967-04-28;0.00202786;0.00213005
1967-05-01;-0.00212229;-0.00181407
1967-05-02;-0.00191598;-0.00181351
1967-05-03;0.00245780;0.00256027
1967-05-04;0.00426287;0.00436396
1967-05-05;0.00116925;0.00127035
1967-05-08;0.00117667;0.00147667
1967-05-09;-0.01046379;-0.01036352
1967-05-10;-0.00277341;-0.00267286
1967-05-11;0.00418303;0.00428303
1967-05-12;-0.00298192;-0.00288192
1967-05-15;-0.00853870;-0.00824281
1967-05-16;0.00453675;0.00463620
1967-05-17;-0.00396652;-0.00386707
1967-05-18;-0.00279372;-0.00269646
1967-05-19;-0.00507026;-0.00497328
1967-05-22;-0.00463795;-0.00435027
1967-05-23;-0.00489846;-0.00480174
1967-05-24;-0.01160745;-0.01151129
1967-05-25;0.01110229;0.01119790
1967-05-26;-0.00240014;-0.00230480
1967-05-29;-0.00567594;-0.00539155
1967-05-31;-0.01577526;-0.01558567
1967-06-01;0.01281468;0.01290783
1967-06-02;-0.00497122;-0.00487834
1967-06-05;-0.01542919;-0.01515221
1967-06-06;0.02026001;0.02035317
1967-06-07;0.00744095;0.00753438
1967-06-08;0.00529406;0.00538803
1967-06-09;0.00165411;0.00174863
1967-06-12;0.00494904;0.00523671
1967-06-13;0.00620243;0.00629969
1967-06-14;-0.00247612;-0.00237721
1967-06-15;0.00087375;0.00097211
1967-06-16;0.00043978;0.00053868
1967-06-19;-0.00062418;-0.00032994
1967-06-20;-0.00042347;-0.00032621
1967-06-21;-0.00312522;-0.00302960
1967-06-22;-0.00258910;-0.00249649
1967-06-23;0.00023304;0.00032428
1967-06-26;-0.00420154;-0.00391880
1967-06-27;-0.00381264;-0.00371209
1967-06-28;0.00000460;0.00010761
1967-06-29;-0.00514600;-0.00503970
1967-06-30;-0.00242301;-0.00231342
1967-07-03;0.00263608;0.00297306
1967-07-05;0.00471105;0.00494611
1967-07-06;-0.00055509;-0.00043975
1967-07-07;0.00393443;0.00404977
1967-07-10;0.00357696;0.00392052
1967-07-11;0.00455384;0.00466946
1967-07-12;-0.00098149;-0.00086697
1967-07-13;0.00010056;0.00021453
1967-07-14;0.00334602;0.00346054
1967-07-17;-0.00024066;0.00010207
1967-07-18;0.00796927;0.00808434
1967-07-19;0.00148757;0.00160236
1967-07-20;0.00201835;0.00213369
1967-07-21;0.00190697;0.00202259
1967-07-24;-0.00365976;-0.00330222
1967-07-25;-0.00534806;-0.00522970
1967-07-26;0.00867533;0.00879259
1967-07-27;0.00296697;0.00308122
1967-07-28;0.00136822;0.00148192
1967-07-31;0.00240723;0.00274586
1967-08-01;0.00642765;0.00654162
1967-08-02;0.00418261;0.00429713
1967-08-03;-0.00136849;-0.00125479
1967-08-04;0.00166041;0.00177521
1967-08-07;-0.00295564;-0.00261454
1967-08-08;0.00103388;0.00114895
1967-08-09;0.00082410;0.00093862
1967-08-10;-0.00272631;-0.00261207
1967-08-11;-0.00409397;-0.00397973
1967-08-14;-0.00570763;-0.00536571
1967-08-15;0.00125664;0.00137171
1967-08-16;-0.00243867;-0.00232333
1967-08-17;0.00072885;0.00084420
1967-08-18;0.00146676;0.00158320
1967-08-21;-0.00595025;-0.00559765
1967-08-22;-0.00553251;-0.00541306
1967-08-23;-0.00150901;-0.00138873
1967-08-24;-0.00567661;-0.00555688
1967-08-25;-0.00431196;-0.00419141
1967-08-28;-0.00101876;-0.00065300
1967-08-29;0.00246684;0.00258876
1967-08-30;0.00192209;0.00204373
1967-08-31;0.00600250;0.00612250
1967-09-01;0.00030635;0.00042525
1967-09-05;0.00517975;0.00564989
1967-09-06;0.00179063;0.00190871
1967-09-07;-0.00075539;-0.00063758
1967-09-08;0.00019803;0.00031611
1967-09-11;0.00154512;0.00190183
1967-09-12;0.00463825;0.00475797
1967-09-13;0.01040605;0.01052551
1967-09-14;0.00206554;0.00218581
1967-09-15;0.00060518;0.00072573
1967-09-18;0.00232759;0.00269498
1967-09-19;-0.00385462;-0.00373133
1967-09-20;-0.00054305;-0.00041785
1967-09-21;0.00632220;0.00644768
1967-09-22;0.00245603;0.00258206
1967-09-25;0.00569946;0.00607672
1967-09-26;-0.00863127;-0.00850689
1967-09-27;0.00018648;0.00030813
1967-09-28;-0.00012247;-0.00000192
1967-09-29;-0.00094872;-0.00082845
1967-10-02;-0.00440007;-0.00403843
1967-10-03;0.00330033;0.00342416
1967-10-04;-0.00240256;-0.00227817
1967-10-05;0.00236337;0.00248693
1967-10-06;0.00597803;0.00610132
1967-10-09;0.00219317;0.00256468
1967-10-10;-0.00699739;-0.00687301
1967-10-11;-0.00498131;-0.00485528
1967-10-12;-0.00656148;-0.00643546
1967-10-13;0.00248275;0.00260905
1967-10-16;-0.00819962;-0.00781825
1967-10-17;-0.00275453;-0.00262659
1967-10-18;0.00250309;0.00262966
1967-10-19;0.00176264;0.00188785
1967-10-20;-0.00065134;-0.00052586
1967-10-23;-0.00478563;-0.00440919
1967-10-24;-0.00581373;-0.00568852
1967-10-25;0.00093170;0.00105718
1967-10-26;0.00431720;0.00444159
1967-10-27;0.00008463;0.00020874
1967-10-30;-0.00216831;-0.00179598
1967-10-31;-0.01584581;-0.01572088
1967-11-01;-0.00645108;-0.00632560
1967-11-02;-0.00411806;-0.00399286
1967-11-03;-0.00619276;-0.00606646
1967-11-06;-0.00365581;-0.00327444
1967-11-08;-0.00397584;-0.00372049
1967-11-09;0.00480869;0.00493554
1967-11-10;0.00664108;0.00676738
1967-11-13;-0.00298823;-0.00260851
1967-11-14;-0.00643545;-0.00630832
1967-11-15;0.00391982;0.00404667
1967-11-16;0.00902637;0.00915240
1967-11-17;0.00224595;0.00237389
1967-11-20;-0.01301354;-0.01261080
1967-11-21;0.01568572;0.01581914
1967-11-22;0.00577502;0.00590571
1967-11-24;0.00239664;0.00266568
1967-11-27;0.00246691;0.00286965
1967-11-28;0.00326249;0.00339619
1967-11-29;-0.00034783;-0.00021358
1967-11-30;-0.00511266;-0.00497704
1967-12-01;0.00517997;0.00531723
1967-12-04;0.00593907;0.00634345
1967-12-05;0.00122917;0.00136506
1967-12-06;0.00416920;0.00430345
1967-12-07;-0.00128658;-0.00115206
1967-12-08;-0.00128736;-0.00115339
1967-12-11;-0.00355249;-0.00314975
1967-12-12;-0.00129397;-0.00115835
1967-12-13;0.00333551;0.00347140
1967-12-14;0.00122518;0.00136162
1967-12-15;-0.00474960;-0.00461070
1967-12-18;-0.00315680;-0.00274173
1967-12-19;-0.00161671;-0.00147918
1967-12-20;0.00535700;0.00549317
1967-12-21;0.00228080;0.00241532
1967-12-22;-0.00202500;-0.00188911
1967-12-26;0.00007683;0.00062258
1967-12-27;0.00668480;0.00682151
1967-12-28;-0.00034771;-0.00021045
1967-12-29;0.00590860;0.00604668
1968-01-02;-0.00429173;-0.00373940
1968-01-03;-0.00471809;-0.00458001
1968-01-04;-0.00337894;-0.00324222
1968-01-05;0.00594441;0.00608030
1968-01-08;0.00666941;0.00708201
1968-01-09;-0.00138362;-0.00124390
1968-01-10;0.00006616;0.00020534
1968-01-11;0.00089523;0.00103414
1968-01-12;0.00089389;0.00103306
1968-01-15;-0.00352009;-0.00310749
1968-01-16;-0.00636195;-0.00622469
1968-01-17;-0.00201715;-0.00188044
1968-01-18;-0.00097565;-0.00083839
1968-01-19;-0.00348950;-0.00335060
1968-01-22;-0.01312392;-0.01271050
1968-01-23;-0.00407464;-0.00393683
1968-01-24;-0.00537087;-0.00523361
1968-01-25;0.00125886;0.00139338
1968-01-26;0.00147210;0.00160580
1968-01-29;-0.00147201;-0.00107584
1968-01-30;-0.00506303;-0.00492961
1968-01-31;-0.00713314;-0.00699944
1968-02-01;0.00333469;0.00346729
1968-02-02;-0.00326817;-0.00313502
1968-02-05;-0.00474442;-0.00434086
1968-02-06;0.00018710;0.00032463
1968-02-07;0.00160130;0.00173911
1968-02-08;-0.01274020;-0.01260240
1968-02-09;-0.01158032;-0.01144306
1968-02-13;-0.00934817;-0.00879912
1968-02-14;0.01187412;0.01201111
1968-02-15;0.00163721;0.00177310
1968-02-16;-0.00390194;-0.00376714
1968-02-19;0.00348212;0.00388486
1968-02-20;0.01015978;0.01029595
1968-02-21;-0.00013863;-0.00000192
1968-02-23;-0.00411439;-0.00383987
1968-02-26;-0.00823164;-0.00781739
1968-02-27;0.00374058;0.00387921
1968-02-28;-0.00511018;-0.00497265
1968-02-29;-0.00813235;-0.00799481
1968-03-01;-0.00293685;-0.00279959
1968-03-04;-0.01377017;-0.01336003
1968-03-05;-0.00241370;-0.00227671
1968-03-06;0.01741613;0.01755394
1968-03-07;-0.00193389;-0.00179443
1968-03-08;-0.00092700;-0.00078755
1968-03-11;0.01193128;0.01234963
1968-03-12;0.00096677;0.00110759
1968-03-13;-0.00236231;-0.00221848
1968-03-14;-0.01914490;-0.01899559
1968-03-15;0.00868248;0.00882960
1968-03-18;0.00506136;0.00549369
1968-03-19;-0.00684457;-0.00669909
1968-03-20;-0.00025840;-0.00011429
1968-03-21;-0.00745077;-0.00730693
1968-03-22;0.00087480;0.00101699
1968-03-25;-0.00144691;-0.00102362
1968-03-26;0.00665107;0.00679079
1968-03-27;0.00806624;0.00820679
1968-03-28;-0.00114681;-0.00100571
1968-03-29;0.00689004;0.00703169
1968-04-01;0.02484976;0.02527141
1968-04-02;0.00158599;0.00172819
1968-04-03;0.00881530;0.00895749
1968-04-04;0.00381219;0.00395657
1968-04-05;-0.00600652;-0.00586296
1968-04-08;0.01735589;0.01778822
1968-04-10;0.00728650;0.00757910
1968-04-11;0.00883827;0.00898732
1968-04-15;0.00002102;0.00061390
1968-04-16;0.00016155;0.00030867
1968-04-17;0.00181852;0.00196455
1968-04-18;0.00264075;0.00278705
1968-04-19;-0.01282339;-0.01267188
1968-04-22;-0.00598810;-0.00553523
1968-04-23;0.01348594;0.01363635
1968-04-24;0.00295234;0.00310303
1968-04-25;-0.00324794;-0.00309725
1968-04-26;0.00595352;0.00610448
1968-04-29;0.00736196;0.00781237
1968-04-30;-0.00535855;-0.00520759
1968-05-01;0.00508086;0.00523100
1968-05-02;0.00617641;0.00632655
1968-05-03;0.00055631;0.00070809
1968-05-06;-0.00359827;-0.00314786
1968-05-07;0.00543912;0.00559035
1968-05-08;-0.00005231;0.00009919
1968-05-09;-0.00541128;-0.00525922
1968-05-10;0.00096403;0.00111608
1968-05-13;-0.00360748;-0.00315296
1968-05-14;-0.00086825;-0.00071482
1968-05-15;-0.00066684;-0.00051150
1968-05-16;-0.00495277;-0.00479441
1968-05-17;-0.00733295;-0.00717405
1968-05-20;-0.00512807;-0.00464972
1968-05-21;0.00481256;0.00497475
1968-05-22;0.00241672;0.00257726
1968-05-23;-0.00232176;-0.00216286
1968-05-24;0.00169761;0.00185433
1968-05-27;-0.00211872;-0.00165269
1968-05-28;0.00633688;0.00649360
1968-05-29;0.00291424;0.00307122
1968-05-31;0.00744637;0.00775760
1968-06-03;0.01280510;0.01326948
1968-06-04;0.00374340;0.00389847
1968-06-05;-0.00503816;-0.00488337
1968-06-06;0.00745138;0.00760645
1968-06-07;0.00600297;0.00615804
1968-06-10;0.00090984;0.00137669
1968-06-11;0.00230661;0.00246332
1968-06-13;-0.00434867;-0.00403689
1968-06-14;-0.00134135;-0.00118710
1968-06-17;-0.01035265;-0.00989402
1968-06-18;-0.00155352;-0.00140010
1968-06-20;0.01490179;0.01519768
1968-06-21;-0.00851794;-0.00837548
1968-06-24;-0.00311545;-0.00268805
1968-06-25;-0.00323618;-0.00308987
1968-06-27;-0.00129454;-0.00100304
1968-06-28;-0.00414792;-0.00400272
1968-07-01;-0.00224896;-0.00181335
1968-07-02;0.00327230;0.00341861
1968-07-03;0.01158091;0.01172858
1968-07-08;0.00946739;0.01019753
1968-07-09;0.00269550;0.00284289
1968-07-11;0.00126592;0.00156126
1968-07-12;-0.00063764;-0.00049025
1968-07-15;-0.00123294;-0.00078746
1968-07-16;-0.00562802;-0.00547815
1968-07-18;-0.00285298;-0.00256037
1968-07-19;-0.00980773;-0.00966280
1968-07-22;-0.01168716;-0.01125401
1968-07-23;-0.00135412;-0.00121001
1968-07-25;-0.01308990;-0.01280496
1968-07-26;0.00393975;0.00408222
1968-07-29;-0.00744880;-0.00702223
1968-07-30;0.00077728;0.00091974
1968-08-01;-0.00498253;-0.00471020
1968-08-02;-0.00681791;-0.00668366
1968-08-05;0.00186905;0.00227097
1968-08-06;0.00399174;0.00412818
1968-08-08;-0.00243500;-0.00216322
1968-08-09;-0.00044778;-0.00031107
1968-08-12;0.00988739;0.01030246
1968-08-13;0.00516366;0.00530366
1968-08-15;-0.00495575;-0.00467246
1968-08-16;0.00607813;0.00621813
1968-08-19;0.00281705;0.00323705
1968-08-20;-0.00054678;-0.00040596
1968-08-22;-0.00291445;-0.00263116
1968-08-23;-0.00024433;-0.00010323
1968-08-26;0.00210332;0.00252743
1968-08-27;-0.00145804;-0.00131585
1968-08-29;-0.00099775;-0.00071227
1968-08-30;0.00107148;0.00121340
1968-09-03;0.00407770;0.00464537
1968-09-04;0.00690382;0.00704601
1968-09-05;0.00705363;0.00719664
1968-09-06;0.00442100;0.00456429
1968-09-09;-0.00014000;0.00029069
1968-09-10;-0.00508637;-0.00494117
1968-09-12;-0.00237903;-0.00208862
1968-09-13;0.00323693;0.00338049
1968-09-16;0.00333280;0.00376185
1968-09-17;0.00242377;0.00256624
1968-09-19;0.00060012;0.00088286
1968-09-20;0.00054548;0.00068713
1968-09-23;0.00527461;0.00569954
1968-09-24;0.00328085;0.00342140
1968-09-26;-0.00252467;-0.00224577
1968-09-27;-0.00063066;-0.00049039
1968-09-30;0.00308885;0.00351296
1968-10-01;0.00170730;0.00184867
1968-10-03;0.00321059;0.00349607
1968-10-04;0.00460194;0.00474522
1968-10-07;-0.00053450;-0.00010218
1968-10-08;0.00023723;0.00038381
1968-10-10;-0.00463421;-0.00434160
1968-10-11;-0.00121099;-0.00106688
1968-10-14;0.00091384;0.00135110
1968-10-15;0.00188321;0.00203060
1968-10-17;0.00434045;0.00463250
1968-10-18;0.00763977;0.00778579
1968-10-21;0.00117553;0.00161607
1968-10-22;-0.00415079;-0.00400230
1968-10-24;-0.00728070;-0.00698481
1968-10-25;0.00331646;0.00346495
1968-10-28;-0.00333360;-0.00288483
1968-10-29;-0.00592766;-0.00577670
1968-10-31;0.00076075;0.00106102
1968-11-01;-0.00353609;-0.00338650
1968-11-04;-0.00007133;0.00038237
1968-11-06;0.00134313;0.00164505
1968-11-07;0.00207594;0.00222525
1968-11-08;0.00419632;0.00434591
1968-11-12;0.00583938;0.00643774
1968-11-13;0.00472465;0.00487287
1968-11-14;0.00051598;0.00066392
1968-11-15;0.00536290;0.00551139
1968-11-18;0.00087062;0.00131775
1968-11-19;0.00192581;0.00207512
1968-11-21;-0.00190248;-0.00160549
1968-11-22;0.00296368;0.00311217
1968-11-25;0.00124209;0.00168757
1968-11-26;0.00717381;0.00732340
1968-11-27;0.00450924;0.00465965
1968-11-29;0.00535443;0.00565689
1968-12-02;-0.00277376;-0.00231266
1968-12-03;-0.00108216;-0.00092682
1968-12-05;-0.00355411;-0.00324398
1968-12-06;0.00225780;0.00241287
1968-12-09;-0.00297833;-0.00250737
1968-12-10;-0.00266981;-0.00250981
1968-12-12;-0.00097841;-0.00065567
1968-12-13;0.00225965;0.00242074
1968-12-16;-0.00495577;-0.00446755
1968-12-17;-0.00427352;-0.00411023
1968-12-19;0.00256945;0.00290260
1968-12-20;-0.00606101;-0.00589142
1968-12-23;-0.01114821;-0.01063205
1968-12-24;-0.00179006;-0.00161773
1968-12-26;0.00070421;0.00104338
1968-12-27;-0.00406878;-0.00390111
1968-12-30;-0.00949488;-0.00898036
1968-12-31;-0.00024512;-0.00007388
1969-01-02;0.00000000;0.00033644
1969-01-03;0.00000000;0.00016795
1969-01-06;0.00000000;0.00050795
1969-01-07;0.00000000;0.00017123
1969-01-08;0.00000000;0.00016959
1969-01-09;0.00000000;0.00016849
1969-01-10;0.00000000;0.00016740
1969-01-13;0.00000000;0.00050384
1969-01-14;0.00000000;0.00016932
1969-01-15;0.00000000;0.00016795
1969-01-16;0.00000000;0.00016575
1969-01-17;0.00000000;0.00016630
1969-01-20;0.00000000;0.00049397
1969-01-21;0.00000000;0.00016685
1969-01-22;0.00000000;0.00016795
1969-01-23;0.00000000;0.00016877
1969-01-24;0.00000000;0.00016904
1969-01-27;0.00000000;0.00050384
1969-01-28;0.00000000;0.00016877
1969-01-29;0.00000000;0.00016877
1969-01-30;0.00000000;0.00016904
1969-01-31;0.00000000;0.00016959
1969-02-03;0.00000000;0.00050877
1969-02-04;0.00000000;0.00016986
1969-02-05;0.00000000;0.00016986
1969-02-06;0.00000000;0.00016986
1969-02-07;0.00000000;0.00016849
1969-02-11;0.00000000;0.00066630
1969-02-12;0.00000000;0.00016658
1969-02-13;0.00000000;0.00016658
1969-02-14;0.00000000;0.00016575
1969-02-17;0.00000000;0.00049808
1969-02-18;0.00000000;0.00016849
1969-02-19;0.00000000;0.00016822
1969-02-20;0.00000000;0.00016630
1969-02-24;0.00000000;0.00065753
1969-02-25;0.00000000;0.00016685
1969-02-26;0.00000000;0.00016712
1969-02-27;0.00000000;0.00016959
1969-02-28;-0.00065000;-0.00048041
1969-03-03;0.00203476;0.00254189
1969-03-04;0.00938410;0.00955287
1969-03-05;0.00375793;0.00392478
1969-03-06;-0.01029787;-0.01013129
1969-03-07;-0.00067453;-0.00050850
1969-03-10;0.00294680;0.00344077
1969-03-11;0.00316709;0.00333175
1969-03-12;-0.00288451;-0.00272040
1969-03-13;-0.00683042;-0.00666522
1969-03-14;-0.00413067;-0.00396574
1969-03-17;0.00204554;0.00254527
1969-03-18;0.00227672;0.00244083
1969-03-19;0.00714436;0.00730847
1969-03-20;0.00618414;0.00634825
1969-03-21;-0.00226857;-0.00210528
1969-03-24;-0.00179633;-0.00131058
1969-03-25;0.00144393;0.00160612
1969-03-26;0.00716025;0.00732299
1969-03-27;0.00690776;0.00707050
1969-03-28;0.00388936;0.00405347
1969-04-01;-0.00155072;-0.00089428
1969-04-02;-0.00647889;-0.00631231
1969-04-03;-0.00116103;-0.00099418
1969-04-07;-0.00852829;-0.00785431
1969-04-08;0.00233207;0.00250084
1969-04-09;0.00861783;0.00878578
1969-04-10;0.00507580;0.00524457
1969-04-11;0.00081378;0.00098282
1969-04-14;-0.00129907;-0.00079277
1969-04-15;-0.00056642;-0.00039573
1969-04-16;-0.00903670;-0.00886629
1969-04-17;0.00131883;0.00148869
1969-04-18;0.00439289;0.00456248
1969-04-21;-0.00722959;-0.00672247
1969-04-22;0.00201679;0.00218583
1969-04-23;0.00002804;0.00019653
1969-04-24;0.00449366;0.00466078
1969-04-25;0.00427507;0.00444165
1969-04-28;0.00254868;0.00304183
1969-04-29;0.00728468;0.00744687
1969-04-30;0.00859298;0.00875380
1969-05-01;-0.00190005;-0.00173786
1969-05-02;0.00456864;0.00473192
1969-05-05;0.00306372;0.00355194
1969-05-06;0.00452799;0.00469292
1969-05-07;-0.00197852;-0.00181386
1969-05-08;0.00394294;0.00410623
1969-05-09;-0.00064094;-0.00047766
1969-05-12;-0.00202528;-0.00152884
1969-05-13;0.00412144;0.00428829
1969-05-14;0.00761610;0.00778240
1969-05-15;-0.00308889;-0.00292204
1969-05-16;0.00068122;0.00084834
1969-05-19;-0.00966243;-0.00916188
1969-05-20;-0.00902926;-0.00886159
1969-05-21;0.00396453;0.00413111
1969-05-22;0.00107753;0.00124246
1969-05-23;-0.00026218;-0.00009752
1969-05-26;-0.00270372;-0.00220482
1969-05-27;-0.00774009;-0.00757187
1969-05-28;-0.00316273;-0.00299506
1969-05-29;0.00176837;0.00193494
1969-06-02;-0.00570445;-0.00503377
1969-06-03;-0.00318270;-0.00301338
1969-06-04;-0.00056317;-0.00039167
1969-06-05;0.00148010;0.00165516
1969-06-06;-0.00640372;-0.00623002
1969-06-09;-0.00954490;-0.00901476
1969-06-10;-0.00789080;-0.00770943
1969-06-11;-0.01382791;-0.01364462
1969-06-12;-0.00816426;-0.00797769
1969-06-13;0.00378194;0.00396714
1969-06-16;-0.00389584;-0.00335091
1969-06-17;-0.00394377;-0.00376514
1969-06-18;-0.00161067;-0.00143122
1969-06-19;-0.00601036;-0.00582954
1969-06-20;-0.00604233;-0.00586370
1969-06-23;-0.00508088;-0.00455732
1969-06-24;0.01114703;0.01132511
1969-06-25;-0.00336263;-0.00318729
1969-06-26;0.00230575;0.00247205
1969-06-27;0.00065221;0.00082070
1969-06-30;0.00338150;0.00389849
1969-07-01;0.00360206;0.00378480
1969-07-02;0.00858178;0.00876643
1969-07-03;0.00658329;0.00676986
1969-07-07;-0.00658435;-0.00583038
1969-07-08;-0.01433028;-0.01413905
1969-07-09;-0.00787686;-0.00768398
1969-07-10;-0.01567677;-0.01548499
1969-07-11;0.00389822;0.00408699
1969-07-14;-0.01331502;-0.01274461
1969-07-15;-0.00347485;-0.00328061
1969-07-16;0.00978111;0.00997262
1969-07-17;0.00589892;0.00609180
1969-07-18;-0.00865372;-0.00846056
1969-07-22;-0.01584412;-0.01506823
1969-07-23;-0.00447442;-0.00427908
1969-07-24;-0.00363341;-0.00343834
1969-07-25;-0.00817140;-0.00797606
1969-07-28;-0.02068655;-0.02010134
1969-07-29;-0.00828976;-0.00809415
1969-07-30;0.00483234;0.00502714
1969-07-31;0.02028220;0.02047563
1969-08-01;0.00000000;0.00019178
1969-08-04;0.00000000;0.00056959
1969-08-05;0.00000000;0.00019123
1969-08-06;0.00000000;0.00019151
1969-08-07;0.00000000;0.00019096
1969-08-08;0.00000000;0.00019233
1969-08-11;0.00000000;0.00057616
1969-08-12;0.00000000;0.00019452
1969-08-13;0.00000000;0.00019397
1969-08-14;0.00000000;0.00019096
1969-08-15;0.00000000;0.00018767
1969-08-18;0.00000000;0.00055726
1969-08-19;0.00000000;0.00018740
1969-08-20;0.00000000;0.00018795
1969-08-21;0.00000000;0.00018986
1969-08-22;0.00000000;0.00019068
1969-08-25;0.00000000;0.00057534
1969-08-26;0.00000000;0.00019616
1969-08-27;0.00000000;0.00019589
1969-08-28;0.00000000;0.00019425
1969-08-29;0.00000000;0.00019041
1969-09-02;0.00000000;0.00077041
1969-09-03;0.00000000;0.00019178
1969-09-04;0.00000000;0.00019288
1969-09-05;0.00000000;0.00019342
1969-09-08;0.00000000;0.00058274
1969-09-09;0.00000000;0.00019616
1969-09-10;0.00000000;0.00019507
1969-09-11;0.00000000;0.00019425
1969-09-12;0.00000000;0.00019452
1969-09-15;0.00000000;0.00058356
1969-09-16;0.00000000;0.00019534
1969-09-17;0.00000000;0.00019534
1969-09-18;0.00000000;0.00019562
1969-09-19;0.00000000;0.00019616
1969-09-22;0.00000000;0.00058685
1969-09-23;0.00000000;0.00019452
1969-09-24;0.00000000;0.00019452
1969-09-25;0.00000000;0.00019425
1969-09-26;0.00000000;0.00019342
1969-09-29;0.00000000;0.00056795
1969-09-30;-0.00065000;-0.00045438
1969-10-01;-0.00664166;-0.00644522
1969-10-02;0.00758621;0.00778018
1969-10-03;-0.00072995;-0.00053817
1969-10-06;0.00146268;0.00203309
1969-10-07;-0.00329901;-0.00310751
1969-10-08;-0.00470546;-0.00451368
1969-10-09;0.00369023;0.00388283
1969-10-10;0.00550394;0.00569517
1969-10-13;0.01000199;0.01057569
1969-10-14;0.01196808;0.01216096
1969-10-15;0.00001419;0.00020707
1969-10-16;0.00659639;0.00678872
1969-10-17;-0.00133431;-0.00114335
1969-10-20;0.00150401;0.00207195
1969-10-21;0.00748061;0.00766966
1969-10-22;0.00629025;0.00647956
1969-10-23;-0.00397522;-0.00378399
1969-10-24;0.00657831;0.00677009
1969-10-27;-0.00210901;-0.00153449
1969-10-28;-0.00335793;-0.00316615
1969-10-29;-0.00889764;-0.00870558
1969-10-30;0.00104529;0.00123762
1969-10-31;0.00111675;0.00130826
1969-11-03;0.00000000;0.00057288
1969-11-04;0.00000000;0.00019096
1969-11-05;0.00000000;0.00019370
1969-11-06;0.00000000;0.00019507
1969-11-07;0.00000000;0.00019534
1969-11-10;0.00000000;0.00058521
1969-11-11;0.00000000;0.00019507
1969-11-12;0.00000000;0.00019644
1969-11-13;0.00000000;0.00019726
1969-11-14;0.00000000;0.00019425
1969-11-17;0.00000000;0.00058110
1969-11-18;0.00000000;0.00019726
1969-11-19;0.00000000;0.00019808
1969-11-20;0.00000000;0.00020137
1969-11-21;0.00000000;0.00020219
1969-11-24;0.00000000;0.00060986
1969-11-25;0.00000000;0.00020603
1969-11-26;0.00000000;0.00020685
1969-11-28;0.00000000;0.00041151
1969-12-01;0.00000000;0.00061644
1969-12-02;0.00000000;0.00020685
1969-12-03;0.00000000;0.00020877
1969-12-04;0.00000000;0.00020932
1969-12-05;0.00000000;0.00021014
1969-12-08;0.00000000;0.00063123
1969-12-09;0.00000000;0.00021479
1969-12-10;0.00000000;0.00021671
1969-12-11;0.00000000;0.00021507
1969-12-12;0.00000000;0.00021397
1969-12-15;0.00000000;0.00065096
1969-12-16;0.00000000;0.00021671
1969-12-17;0.00000000;0.00021699
1969-12-18;0.00000000;0.00021589
1969-12-19;0.00000000;0.00021342
1969-12-22;0.00000000;0.00064274
1969-12-23;0.00000000;0.00021425
1969-12-24;0.00000000;0.00021507
1969-12-26;0.00000000;0.00043068
1969-12-29;0.00000000;0.00066411
1969-12-30;0.00000000;0.00022055
1969-12-31;0.00000000;0.00021945
1970-01-02;0.00000000;0.00043397
1970-01-05;0.00000000;0.00065014
1970-01-06;0.00000000;0.00021726
1970-01-07;0.00000000;0.00021644
1970-01-08;0.00000000;0.00021671
1970-01-09;0.00000000;0.00021616
1970-01-12;0.00000000;0.00064110
1970-01-13;0.00000000;0.00021425
1970-01-14;0.00000000;0.00021562
1970-01-15;0.00000000;0.00021479
1970-01-16;0.00000000;0.00021370
1970-01-19;0.00000000;0.00064027
1970-01-20;0.00000000;0.00021425
1970-01-21;0.00000000;0.00021452
1970-01-22;0.00000000;0.00021562
1970-01-23;0.00000000;0.00021534
1970-01-26;0.00000000;0.00064767
1970-01-27;0.00000000;0.00021671
1970-01-28;0.00000000;0.00021671
1970-01-29;0.00000000;0.00021671
1970-01-30;0.00000000;0.00021534
1970-02-02;0.00000000;0.00063452
1970-02-03;0.00000000;0.00021096
1970-02-04;0.00000000;0.00020986
1970-02-05;0.00000000;0.00020712
1970-02-06;0.00000000;0.00020329
1970-02-09;0.00000000;0.00060000
1970-02-10;0.00000000;0.00019945
1970-02-11;0.00000000;0.00019863
1970-02-12;0.00000000;0.00019863
1970-02-13;0.00000000;0.00019041
1970-02-16;0.00000000;0.00056137
1970-02-17;0.00000000;0.00018548
1970-02-18;0.00000000;0.00018548
1970-02-19;0.00000000;0.00018603
1970-02-20;0.00000000;0.00018630
1970-02-24;0.00000000;0.00075397
1970-02-25;0.00000000;0.00018877
1970-02-26;0.00000000;0.00018849
1970-02-27;-0.00065000;-0.00046233
1970-03-02;0.00177596;0.00234062
1970-03-03;0.00560495;0.00579454
1970-03-04;-0.00229751;-0.00210765
1970-03-05;-0.00063466;-0.00044616
1970-03-06;-0.00641181;-0.00622414
1970-03-09;-0.01096762;-0.01040379
1970-03-10;0.00252580;0.00270964
1970-03-11;-0.00086208;-0.00067797
1970-03-12;-0.00424593;-0.00406100
1970-03-13;-0.00550835;-0.00532287
1970-03-16;-0.01137896;-0.01081841
1970-03-17;0.00418385;0.00437042
1970-03-18;0.00267717;0.00286210
1970-03-19;-0.00155491;-0.00137272
1970-03-20;-0.00429860;-0.00411997
1970-03-23;-0.00131528;-0.00080980
1970-03-24;0.01121213;0.01137870
1970-03-25;0.02017512;0.02034362
1970-03-26;0.00149751;0.00166902
1970-03-30;-0.00392536;-0.00323276
1970-03-31;-0.00017671;-0.00000192
1970-04-01;0.00473345;0.00490715
1970-04-02;-0.00328458;-0.00311061
1970-04-03;-0.00463100;-0.00445676
1970-04-06;-0.00757873;-0.00705352
1970-04-07;-0.00288228;-0.00270584
1970-04-08;-0.00051699;-0.00034082
1970-04-09;0.00027532;0.00045011
1970-04-10;-0.00345189;-0.00327764
1970-04-13;-0.00732649;-0.00680539
1970-04-14;-0.00873280;-0.00855965
1970-04-15;-0.00201812;-0.00184333
1970-04-16;-0.00997779;-0.00980245
1970-04-17;-0.00262253;-0.00244719
1970-04-20;0.00132928;0.00186188
1970-04-21;-0.00542402;-0.00524484
1970-04-22;-0.01318728;-0.01300262
1970-04-23;-0.01477813;-0.01459786
1970-04-24;-0.00343418;-0.00325336
1970-04-27;-0.01637932;-0.01583274
1970-04-28;-0.01480100;-0.01461031
1970-04-29;0.01899402;0.01918333
1970-04-30;-0.00373658;-0.00354672
1970-05-01;-0.00117067;-0.00098327
1970-05-04;-0.02599118;-0.02542324
1970-05-05;-0.00989756;-0.00970332
1970-05-06;0.01087747;0.01106678
1970-05-07;0.00434618;0.00452809
1970-05-08;-0.00506703;-0.00488730
1970-05-11;-0.01113374;-0.01057977
1970-05-12;-0.00973349;-0.00954390
1970-05-13;-0.01714445;-0.01695760
1970-05-14;-0.01442990;-0.01424470
1970-05-15;0.01916601;0.01935121
1970-05-18;0.00022544;0.00077448
1970-05-19;-0.01967667;-0.01949256
1970-05-20;-0.02589364;-0.02571090
1970-05-21;-0.01868412;-0.01850029
1970-05-22;0.00105737;0.00124531
1970-05-25;-0.02826358;-0.02768741
1970-05-26;-0.01386137;-0.01366740
1970-05-27;0.05002890;0.05022178
1970-05-28;0.02509282;0.02528323
1970-05-29;0.02581010;0.02599996
1970-06-01;0.01628296;0.01684598
1970-06-02;-0.00018877;-0.00000192
1970-06-03;0.00854738;0.00873395
1970-06-04;-0.01496180;-0.01477522
1970-06-05;-0.01557085;-0.01538454
1970-06-08;0.00101488;0.00156967
1970-06-09;-0.00071171;-0.00052623
1970-06-10;-0.01028548;-0.01010028
1970-06-11;-0.01383257;-0.01364792
1970-06-12;-0.00784409;-0.00765806
1970-06-15;0.00891756;0.00946907
1970-06-16;0.02086547;0.02104930
1970-06-17;-0.00215582;-0.00197171
1970-06-18;0.00652422;0.00670861
1970-06-19;0.00687242;0.00705598
1970-06-22;-0.00586451;-0.00532697
1970-06-23;-0.02471301;-0.02453219
1970-06-24;-0.01075044;-0.01056907
1970-06-25;0.00049842;0.00067403
1970-06-26;-0.00760714;-0.00743234
1970-06-29;-0.00842369;-0.00790013
1970-06-30;-0.00251201;-0.00233420
1970-07-01;0.00284585;0.00302338
1970-07-02;-0.00045365;-0.00027612
1970-07-06;-0.01636234;-0.01564124
1970-07-07;-0.00784805;-0.00766422
1970-07-08;0.02466442;0.02484716
1970-07-09;0.01433753;0.01451863
1970-07-10;0.00508545;0.00526408
1970-07-13;0.00080318;0.00133743
1970-07-14;-0.00192407;-0.00174571
1970-07-15;0.01070444;0.01088225
1970-07-16;0.01457804;0.01475283
1970-07-17;0.01750678;0.01768213
1970-07-20;0.00075785;0.00128141
1970-07-21;-0.01058936;-0.01041457
1970-07-22;0.00047363;0.00064760
1970-07-23;0.01241852;0.01259058
1970-07-24;-0.00248276;-0.00230961
1970-07-27;-0.00271138;-0.00219028
1970-07-28;0.00136868;0.00154348
1970-07-29;0.00329506;0.00346986
1970-07-30;0.00020743;0.00038250
1970-07-31;-0.00043289;-0.00025810
1970-08-03;-0.01372845;-0.01320242
1970-08-04;0.00202831;0.00220530
1970-08-05;-0.00030955;-0.00013147
1970-08-06;-0.00147540;-0.00129759
1970-08-07;0.00241553;0.00259279
1970-08-10;-0.01451351;-0.01398091
1970-08-11;-0.00516797;-0.00498879
1970-08-12;-0.00545702;-0.00527757
1970-08-13;-0.00893182;-0.00875291
1970-08-14;0.00543688;0.00561606
1970-08-17;0.00145275;0.00198946
1970-08-18;0.01137001;0.01154727
1970-08-19;0.00979622;0.00997184
1970-08-20;0.01125780;0.01143259
1970-08-21;0.01781136;0.01798369
1970-08-24;0.02156700;0.02207905
1970-08-25;0.00143253;0.00160322
1970-08-26;0.00093632;0.00110755
1970-08-27;-0.00177449;-0.00160271
1970-08-28;0.00944616;0.00961821
1970-08-31;-0.00467946;-0.00415919
1970-09-01;-0.00716914;-0.00699407
1970-09-02;-0.00005373;0.00012162
1970-09-03;0.01378052;0.01395559
1970-09-04;0.00883943;0.00901258
1970-09-08;0.00182846;0.00252764
1970-09-09;-0.00318786;-0.00301252
1970-09-10;-0.00609612;-0.00592051
1970-09-11;0.00249616;0.00267123
1970-09-14;-0.00597925;-0.00545898
1970-09-15;-0.00882622;-0.00865307
1970-09-16;0.00511337;0.00528323
1970-09-17;0.00594281;0.00611130
1970-09-18;0.00384171;0.00400829
1970-09-21;-0.00908918;-0.00859931
1970-09-22;-0.00076960;-0.00061234
1970-09-23;0.00045244;0.00060888
1970-09-24;-0.00321186;-0.00305405
1970-09-25;0.01416633;0.01432578
1970-09-28;0.01255547;0.01303300
1970-09-29;-0.00075725;-0.00059779
1970-09-30;0.00508492;0.00524492
1970-10-01;0.00007478;0.00023533
1970-10-02;0.00979958;0.00996013
1970-10-05;0.01489212;0.01537706
1970-10-06;0.00422692;0.00439267
1970-10-07;0.00029262;0.00045865
1970-10-08;-0.01098650;-0.01082019
1970-10-09;-0.01028984;-0.01012408
1970-10-12;-0.01119883;-0.01070157
1970-10-13;-0.00147345;-0.00130880
1970-10-14;0.00138131;0.00154460
1970-10-15;0.00530000;0.00546191
1970-10-16;-0.00453532;-0.00437286
1970-10-19;-0.01390166;-0.01341344
1970-10-20;0.00573050;0.00589105
1970-10-21;0.00007775;0.00023720
1970-10-22;-0.00350715;-0.00334880
1970-10-23;0.00451765;0.00467546
1970-10-26;-0.00597369;-0.00549698
1970-10-27;-0.00244283;-0.00228256
1970-10-28;0.00356653;0.00372763
1970-10-29;-0.00100122;-0.00084094
1970-10-30;-0.00148150;-0.00132150
1970-11-02;0.00264970;0.00311737
1970-11-03;0.00834417;0.00850006
1970-11-04;0.00186428;0.00201661
1970-11-05;-0.00358875;-0.00343834
1970-11-06;0.00127427;0.00142495
1970-11-09;0.00488616;0.00533740
1970-11-10;0.00126521;0.00141535
1970-11-11;0.00267847;0.00282860
1970-11-12;-0.01050162;-0.01035121
1970-11-13;-0.00942012;-0.00927108
1970-11-16;-0.00200068;-0.00156507
1970-11-17;0.00261816;0.00276118
1970-11-18;-0.00829212;-0.00814856
1970-11-19;0.00130589;0.00144753
1970-11-20;0.00963018;0.00976771
1970-11-23;0.00581091;0.00620543
1970-11-24;0.00627327;0.00640834
1970-11-25;0.00351597;0.00365460
1970-11-27;0.00958532;0.00986806
1970-11-30;0.01435947;0.01477372
1970-12-01;0.00295797;0.00309441
1970-12-02;0.01140873;0.01154490
1970-12-03;0.00460958;0.00474492
1970-12-04;0.00616277;0.00629729
1970-12-07;0.00495539;0.00535977
1970-12-08;-0.00536351;-0.00522762
1970-12-09;0.00064458;0.00078047
1970-12-10;0.00410775;0.00424200
1970-12-11;0.00364607;0.00377922
1970-12-14;-0.00549666;-0.00510214
1970-12-15;-0.00169190;-0.00156094
1970-12-16;0.00053687;0.00066728
1970-12-17;0.00343487;0.00356473
1970-12-18;0.00186706;0.00199719
1970-12-21;-0.00350380;-0.00310928
1970-12-22;0.00097815;0.00110993
1970-12-23;0.00053130;0.00066445
1970-12-24;0.00552613;0.00565846
1970-12-28;0.00475935;0.00528976
1970-12-29;0.01073139;0.01086645
1970-12-30;0.00192753;0.00206151
1970-12-31;-0.00143533;-0.00130245
1971-01-04;-0.01139543;-0.01085954
1971-01-05;0.00699521;0.00712918
1971-01-06;0.00585676;0.00598937
1971-01-07;0.00019115;0.00032293
1971-01-08;-0.00218878;-0.00205864
1971-01-11;-0.00266667;-0.00228366
1971-01-12;0.00791646;0.00804331
1971-01-13;-0.00185247;-0.00172754
1971-01-14;0.00247099;0.00259099
1971-01-15;0.00235817;0.00247653
1971-01-18;0.00372881;0.00407895
1971-01-19;0.00362857;0.00374500
1971-01-20;0.00009687;0.00021139
1971-01-21;0.00425714;0.00437002
1971-01-22;0.00720918;0.00732370
1971-01-25;0.00386654;0.00421010
1971-01-26;0.00313521;0.00325165
1971-01-27;-0.00744048;-0.00732486
1971-01-28;0.00325589;0.00337041
1971-01-29;0.00692146;0.00703516
1971-02-01;0.00528766;0.00562629
1971-02-02;-0.00001053;0.00010180
1971-02-03;0.00196007;0.00207213
1971-02-04;-0.00021582;-0.00010541
1971-02-05;0.00309803;0.00320653
1971-02-08;0.00504497;0.00535894
1971-02-09;0.00051406;0.00061378
1971-02-10;-0.00133393;-0.00123256
1971-02-11;0.00523771;0.00533744
1971-02-12;0.00520936;0.00530908
1971-02-16;0.00193121;0.00232901
1971-02-17;-0.00476303;-0.00466440
1971-02-18;-0.00661567;-0.00651923
1971-02-19;-0.00850262;-0.00840700
1971-02-22;-0.01083551;-0.01054948
1971-02-23;0.00376818;0.00386352
1971-02-24;0.00656508;0.00665850
1971-02-25;0.00228268;0.00237583
1971-02-26;-0.00226091;-0.00216776
1971-03-01;0.00230206;0.00257823
1971-03-02;-0.00030016;-0.00020810
1971-03-03;-0.00040277;-0.00031126
1971-03-04;0.00991173;0.01000324
1971-03-05;0.01052776;0.01061900
1971-03-08;0.00396551;0.00423839
1971-03-09;0.00071211;0.00080307
1971-03-10;-0.00170102;-0.00161060
1971-03-11;0.00081621;0.00090443
1971-03-12;0.00172036;0.00180913
1971-03-15;0.01117225;0.01144348
1971-03-16;0.00487133;0.00496283
1971-03-17;-0.00098760;-0.00089116
1971-03-18;0.00059581;0.00069033
1971-03-19;-0.00187253;-0.00178075
1971-03-22;-0.00413799;-0.00386676
1971-03-23;-0.00347302;-0.00338097
1971-03-24;-0.00667637;-0.00658349
1971-03-25;-0.00019518;-0.00010230
1971-03-26;0.00331742;0.00341139
1971-03-29;0.00050862;0.00079465
1971-03-30;0.00219876;0.00229739
1971-03-31;0.00039706;0.00049679
1971-04-01;0.00069561;0.00079561
1971-04-02;0.00159093;0.00169148
1971-04-05;0.00197815;0.00228144
1971-04-06;0.00703946;0.00714165
1971-04-07;0.00452351;0.00462817
1971-04-08;0.00106793;0.00117478
1971-04-12;0.00719025;0.00763190
1971-04-13;0.00085940;0.00097009
1971-04-14;0.00367564;0.00378523
1971-04-15;0.00134233;0.00144918
1971-04-16;-0.00039637;-0.00029172
1971-04-19;0.00470656;0.00501889
1971-04-20;-0.00395236;-0.00384770
1971-04-21;-0.00252057;-0.00241481
1971-04-22;0.00182923;0.00193307
1971-04-23;0.00462553;0.00472964
1971-04-26;-0.00137691;-0.00106294
1971-04-27;0.00614320;0.00625169
1971-04-28;0.00160840;0.00171909
1971-04-29;-0.00144832;-0.00133818
1971-04-30;-0.00660868;-0.00650101
1971-05-03;-0.00667058;-0.00635496
1971-05-04;0.00473252;0.00483882
1971-05-05;-0.00020566;-0.00009827
1971-05-06;-0.00540625;-0.00530159
1971-05-07;-0.00359284;-0.00348928
1971-05-10;-0.00527826;-0.00496347
1971-05-11;0.00243238;0.00253814
1971-05-12;0.00261865;0.00272660
1971-05-13;-0.00215397;-0.00204273
1971-05-14;-0.00478906;-0.00467618
1971-05-17;-0.01523052;-0.01487710
1971-05-18;0.00126712;0.00138849
1971-05-19;0.00225833;0.00237833
1971-05-20;0.00225295;0.00237267
1971-05-21;-0.00328054;-0.00316054
1971-05-24;-0.00888391;-0.00852145
1971-05-25;-0.00671527;-0.00659335
1971-05-26;0.00108393;0.00120448
1971-05-27;-0.00202892;-0.00190974
1971-05-28;0.00219306;0.00231197
1971-06-01;0.00523569;0.00571350
1971-06-02;0.00746620;0.00758291
1971-06-03;0.00037716;0.00049333
1971-06-04;0.00275073;0.00286909
1971-06-07;-0.00244374;-0.00207880
1971-06-08;-0.00774382;-0.00761889
1971-06-09;-0.00042699;-0.00030096
1971-06-10;0.00336139;0.00348796
1971-06-11;0.00414170;0.00427074
1971-06-14;-0.00882097;-0.00841577
1971-06-15;0.00085835;0.00099589
1971-06-16;0.00185554;0.00199170
1971-06-17;-0.00033513;-0.00020088
1971-06-18;-0.01536087;-0.01522580
1971-06-21;-0.01152215;-0.01112023
1971-06-22;-0.00299875;-0.00286286
1971-06-23;0.00826853;0.00840058
1971-06-24;-0.00297866;-0.00284716
1971-06-25;-0.00156230;-0.00142860
1971-06-28;-0.00296471;-0.00255703
1971-06-29;0.01090561;0.01104781
1971-06-30;-0.00135926;-0.00121625
1971-07-01;0.01079759;0.01094033
1971-07-02;-0.00014877;-0.00000192
1971-07-06;-0.00080866;-0.00020811
1971-07-07;0.00265633;0.00280482
1971-07-08;0.00284866;0.00299688
1971-07-09;0.00333937;0.00348622
1971-07-12;0.00084808;0.00128534
1971-07-13;-0.01324059;-0.01309456
1971-07-14;-0.00296256;-0.00281599
1971-07-15;0.00045513;0.00060280
1971-07-16;-0.00186493;-0.00171425
1971-07-19;-0.00227644;-0.00182192
1971-07-20;0.00378958;0.00394026
1971-07-21;-0.00055370;-0.00040466
1971-07-22;-0.00186055;-0.00171425
1971-07-23;-0.00186705;-0.00171718
1971-07-26;-0.00854023;-0.00809146
1971-07-27;-0.00381974;-0.00367015
1971-07-28;-0.00741188;-0.00726312
1971-07-29;-0.01096516;-0.01081885
1971-07-30;-0.00472978;-0.00458430
1971-08-02;0.00353929;0.00396997
1971-08-03;-0.01525813;-0.01511238
1971-08-04;-0.00670810;-0.00656207
1971-08-05;0.00198303;0.00212823
1971-08-06;0.00155392;0.00169858
1971-08-09;-0.00808227;-0.00764501
1971-08-10;-0.00004212;0.00010500
1971-08-11;0.01182856;0.01197157
1971-08-12;0.01401127;0.01415401
1971-08-13;-0.00337218;-0.00323108
1971-08-16;0.03168003;0.03207701
1971-08-17;0.01232183;0.01245252
1971-08-18;-0.01403427;-0.01390331
1971-08-19;-0.00458878;-0.00446439
1971-08-20;0.00160255;0.00172995
1971-08-23;0.00896008;0.00935050
1971-08-24;0.01145896;0.01158498
1971-08-25;-0.00003191;0.00009768
1971-08-26;-0.00182320;-0.00169498
1971-08-27;0.00226549;0.00239234
1971-08-30;-0.00992483;-0.00955989
1971-08-31;-0.00504720;-0.00492555
1971-09-01;0.00027871;0.00040200
1971-09-02;0.00209462;0.00221873
1971-09-03;0.01397381;0.01409819
1971-09-07;0.00405889;0.00456081
1971-09-08;0.00175045;0.00187648
1971-09-09;-0.00545791;-0.00533051
1971-09-10;-0.00389998;-0.00377176
1971-09-13;-0.00388235;-0.00349111
1971-09-14;-0.00743024;-0.00729681
1971-09-15;0.00419377;0.00432665
1971-09-16;-0.00123651;-0.00110445
1971-09-17;0.00287900;0.00300832
1971-09-20;-0.00319482;-0.00280687
1971-09-21;-0.00354379;-0.00341283
1971-09-22;-0.00889040;-0.00875972
1971-09-23;-0.00104604;-0.00091590
1971-09-24;-0.00246938;-0.00233979
1971-09-27;-0.00579360;-0.00540565
1971-09-28;0.00253353;0.00266147
1971-09-29;0.00007447;0.00020241
1971-09-30;0.00436644;0.00449246
1971-10-01;0.00587302;0.00599768
1971-10-04;0.00245796;0.00282453
1971-10-05;-0.00113509;-0.00100988
1971-10-06;0.00703746;0.00716184
1971-10-07;0.00187676;0.00200169
1971-10-08;-0.00672471;-0.00660060
1971-10-11;-0.00188774;-0.00151542
1971-10-12;0.00350456;0.00362675
1971-10-13;-0.00554688;-0.00542524
1971-10-14;-0.00921144;-0.00909007
1971-10-15;-0.00358835;-0.00346671
1971-10-18;-0.00487094;-0.00450519
1971-10-19;-0.00372048;-0.00359719
1971-10-20;-0.01404164;-0.01391944
1971-10-21;-0.00064740;-0.00052466
1971-10-22;-0.00043792;-0.00031573
1971-10-25;-0.00529019;-0.00492361
1971-10-26;-0.00390741;-0.00378741
1971-10-27;-0.01014909;-0.01002936
1971-10-28;0.00169119;0.00181064
1971-10-29;0.00275356;0.00287165
1971-11-01;-0.01553152;-0.01518139
1971-11-02;0.00397620;0.00409291
1971-11-03;0.01845033;0.01856430
1971-11-04;-0.00137970;-0.00126627
1971-11-05;-0.00359700;-0.00348330
1971-11-08;-0.00109037;-0.00074681
1971-11-09;0.00062544;0.00073969
1971-11-10;-0.01123253;-0.01111773
1971-11-11;-0.01392652;-0.01381200
1971-11-12;-0.00011616;-0.00000192
1971-11-15;-0.00371285;-0.00337093
1971-11-16;0.00968861;0.00980094
1971-11-17;0.00139474;0.00150817
1971-11-18;-0.00786979;-0.00775636
1971-11-19;-0.00576036;-0.00564612
1971-11-22;-0.00930523;-0.00895674
1971-11-23;-0.00705936;-0.00694101
1971-11-24;0.00176307;0.00188362
1971-11-26;0.01757860;0.01781970
1971-11-29;0.01562622;0.01598293
1971-11-30;0.00608836;0.00620727
1971-12-01;0.01530717;0.01542526
1971-12-02;0.00407194;0.00418920
1971-12-03;0.01261393;0.01272763
1971-12-06;-0.00600934;-0.00567235
1971-12-07;0.00361511;0.00372827
1971-12-08;0.00040191;0.00051424
1971-12-09;0.00029819;0.00041079
1971-12-10;0.00741491;0.00752696
1971-12-13;0.00253498;0.00286046
1971-12-14;-0.00317531;-0.00306408
1971-12-15;0.00879275;0.00890563
1971-12-16;0.01206465;0.01217588
1971-12-17;0.00510205;0.00521164
1971-12-20;0.01252216;0.01286079
1971-12-21;0.00234814;0.00245992
1971-12-22;-0.00620298;-0.00609229
1971-12-23;-0.00445553;-0.00435060
1971-12-27;0.00166266;0.00207690
1971-12-28;0.00980124;0.00990398
1971-12-29;0.00244534;0.00254835
1971-12-30;-0.00431031;-0.00420894
1971-12-31;0.00294305;0.00304387
1972-01-03;-0.00442306;-0.00411977
1972-01-04;0.00402718;0.00412909
1972-01-05;0.00939841;0.00949950
1972-01-06;0.00426721;0.00436447
1972-01-07;-0.00047959;-0.00038835
1972-01-10;-0.00170367;-0.00145545
1972-01-11;0.00310382;0.00319204
1972-01-12;-0.00066928;-0.00058079
1972-01-13;-0.00588165;-0.00579398
1972-01-14;0.00379456;0.00388195
1972-01-17;0.00272630;0.00299260
1972-01-18;0.00328389;0.00337320
1972-01-19;-0.00172616;-0.00163575
1972-01-20;-0.00009370;-0.00000192
1972-01-21;-0.00230998;-0.00221601
1972-01-24;-0.01071475;-0.01042544
1972-01-25;0.00116907;0.00126551
1972-01-26;-0.00204413;-0.00194934
1972-01-27;0.00965993;0.00975418
1972-01-28;0.00628284;0.00637489
1972-01-31;-0.00239323;-0.00211789
1972-02-01;0.00057758;0.00067155
1972-02-02;0.00634662;0.00643977
1972-02-03;-0.00047636;-0.00038403
1972-02-04;0.00201176;0.00210053
1972-02-07;-0.00331224;-0.00305744
1972-02-08;0.00182383;0.00191123
1972-02-09;0.00764494;0.00773152
1972-02-10;0.00029321;0.00037705
1972-02-11;-0.00491384;-0.00483192
1972-02-14;-0.00491544;-0.00466887
1972-02-15;0.00412115;0.00420499
1972-02-16;0.00553169;0.00561552
1972-02-17;-0.00036924;-0.00028595
1972-02-18;-0.00302273;-0.00293780
1972-02-22;-0.00026008;0.00008731
1972-02-23;0.00076574;0.00085286
1972-02-24;0.00057467;0.00066234
1972-02-25;0.00682874;0.00692079
1972-02-28;-0.00018856;0.00008843
1972-02-29;0.00348178;0.00357657
1972-03-01;0.00722215;0.00731722
1972-03-02;-0.00037672;-0.00028138
1972-03-03;0.00567958;0.00577520
1972-03-06;0.00739603;0.00768370
1972-03-07;0.00081992;0.00091745
1972-03-08;0.00072722;0.00082476
1972-03-09;-0.00028383;-0.00018547
1972-03-10;-0.00524209;-0.00514236
1972-03-13;-0.01000211;-0.00969389
1972-03-14;0.00250028;0.00260686
1972-03-15;0.00119113;0.00129908
1972-03-16;-0.00242895;-0.00232210
1972-03-17;0.00379876;0.00390506
1972-03-20;-0.00338166;-0.00306357
1972-03-21;-0.00847303;-0.00836701
1972-03-22;0.00130074;0.00140402
1972-03-23;0.00841193;0.00851549
1972-03-24;-0.00224060;-0.00213649
1972-03-27;-0.00236175;-0.00205188
1972-03-28;-0.00131868;-0.00121347
1972-03-29;-0.00645300;-0.00634698
1972-03-30;0.00656044;0.00666537
1972-04-03;0.00218893;0.00260427
1972-04-04;0.00584747;0.00595268
1972-04-05;0.00803253;0.00813719
1972-04-06;0.00475636;0.00486047
1972-04-07;0.00071567;0.00081977
1972-04-10;-0.00186478;-0.00155657
1972-04-11;0.00272577;0.00283043
1972-04-12;0.00371996;0.00382461
1972-04-13;-0.00255821;-0.00245245
1972-04-14;-0.00074401;-0.00063880
1972-04-17;-0.00332656;-0.00301012
1972-04-18;0.00227147;0.00237229
1972-04-19;-0.00529432;-0.00519459
1972-04-20;-0.00156493;-0.00146712
1972-04-21;-0.00147263;-0.00137756
1972-04-24;-0.00671864;-0.00643426
1972-04-25;-0.00998919;-0.00989193
1972-04-26;-0.00224712;-0.00214904
1972-04-27;0.00139796;0.00149495
1972-04-28;0.00569032;0.00578977
1972-05-01;-0.00940517;-0.00910764
1972-05-02;-0.00581942;-0.00571942
1972-05-03;-0.00094896;-0.00085033
1972-05-04;0.00235416;0.00245114
1972-05-05;0.00348085;0.00357455
1972-05-08;-0.00488382;-0.00460108
1972-05-09;-0.01329204;-0.01319204
1972-05-10;0.00639117;0.00649035
1972-05-11;0.00321896;0.00331814
1972-05-12;0.00566668;0.00576531
1972-05-15;0.00420637;0.00450637
1972-05-16;-0.00197654;-0.00187353
1972-05-17;0.00205091;0.00215447
1972-05-18;0.00971743;0.00982126
1972-05-19;0.00952896;0.00963306
1972-05-22;0.00619770;0.00650920
1972-05-23;0.00071337;0.00081858
1972-05-24;0.00472071;0.00482592
1972-05-25;0.00125487;0.00135789
1972-05-26;0.00170595;0.00180869
1972-05-30;-0.00322548;-0.00280904
1972-05-31;-0.00753720;-0.00743282
1972-06-01;0.00135394;0.00145887
1972-06-02;0.00025699;0.00036275
1972-06-05;-0.00861363;-0.00829884
1972-06-06;-0.00571408;-0.00560751
1972-06-07;-0.00528334;-0.00517704
1972-06-08;-0.00354474;-0.00343898
1972-06-09;-0.00402266;-0.00391691
1972-06-12;0.00108398;0.00139795
1972-06-13;0.00493913;0.00504434
1972-06-14;0.00770265;0.00780840
1972-06-15;0.00035253;0.00045938
1972-06-16;-0.00084787;-0.00073965
1972-06-19;-0.00263507;-0.00231288
1972-06-20;0.00405229;0.00416051
1972-06-21;0.00200796;0.00211673
1972-06-22;-0.00112318;-0.00101304
1972-06-23;-0.00388405;-0.00377446
1972-06-26;-0.00762945;-0.00730233
1972-06-27;-0.00113468;-0.00102536
1972-06-28;-0.00336770;-0.00326167
1972-06-29;-0.00197922;-0.00187073
1972-06-30;0.00288254;0.00299378
1972-07-03;0.00292073;0.00326100
1972-07-05;0.00544755;0.00567111
1972-07-06;0.00858360;0.00869373
1972-07-07;-0.00332189;-0.00321175
1972-07-10;-0.00567409;-0.00534203
1972-07-11;-0.00742244;-0.00730929
1972-07-12;-0.00412013;-0.00400863
1972-07-13;-0.00581940;-0.00570872
1972-07-14;0.00478260;0.00489082
1972-07-17;-0.00894218;-0.00861999
1972-07-18;-0.00058292;-0.00047415
1972-07-19;0.00282019;0.00292731
1972-07-20;-0.00321814;-0.00311102
1972-07-21;0.00792340;0.00803135
1972-07-24;0.01148118;0.01180748
1972-07-25;-0.00307749;-0.00296708
1972-07-26;-0.00076097;-0.00065248
1972-07-27;-0.00243397;-0.00232685
1972-07-28;0.00082474;0.00093022
1972-07-31;-0.00022495;0.00008737
1972-08-01;0.00929922;0.00940305
1972-08-02;0.00810513;0.00820841
1972-08-03;0.00767172;0.00777555
1972-08-04;0.00252644;0.00263109
1972-08-07;0.00130780;0.00162424
1972-08-08;0.00061504;0.00072134
1972-08-09;0.00142815;0.00153390
1972-08-10;0.00160620;0.00171196
1972-08-11;0.00799733;0.00810254
1972-08-14;0.00503570;0.00535378
1972-08-15;-0.00446321;-0.00435554
1972-08-16;-0.00367856;-0.00357143
1972-08-17;-0.00297406;-0.00286776
1972-08-18;0.00366291;0.00377031
1972-08-21;-0.00068996;-0.00036366
1972-08-22;0.00606136;0.00617424
1972-08-23;-0.00145084;-0.00133632
1972-08-24;-0.01116113;-0.01104770
1972-08-25;-0.00327039;-0.00315450
1972-08-28;-0.00433167;-0.00398154
1972-08-29;0.00150911;0.00163103
1972-08-30;0.00132257;0.00144723
1972-08-31;0.00457633;0.00470099
1972-09-01;0.00365442;0.00377880
1972-09-05;-0.00303153;-0.00251866
1972-09-06;-0.00624442;-0.00611538
1972-09-07;-0.00248256;-0.00235379
1972-09-08;-0.00140089;-0.00127130
1972-09-11;-0.00620560;-0.00581601
1972-09-12;-0.00962808;-0.00949877
1972-09-13;0.00383327;0.00396231
1972-09-14;0.00014480;0.00027356
1972-09-15;-0.00123176;-0.00110354
1972-09-18;-0.00222601;-0.00184382
1972-09-19;-0.00068148;-0.00055435
1972-09-20;0.00033185;0.00045870
1972-09-21;-0.00169497;-0.00156730
1972-09-22;0.00069934;0.00082811
1972-09-25;-0.00472059;-0.00433675
1972-09-26;0.00051908;0.00064593
1972-09-27;0.01411521;0.01424152
1972-09-28;0.00616533;0.00629026
1972-09-29;0.00168584;0.00181050
1972-10-02;-0.00390425;-0.00353357
1972-10-03;0.00114102;0.00126896
1972-10-04;-0.00203431;-0.00190582
1972-10-05;-0.01103168;-0.01090209
1972-10-06;0.00657305;0.00670210
1972-10-09;0.00216140;0.00254852
1972-10-10;0.00068715;0.00081701
1972-10-11;-0.00458728;-0.00445687
1972-10-12;-0.00835288;-0.00822110
1972-10-13;-0.00639603;-0.00626343
1972-10-16;-0.01105632;-0.01066179
1972-10-17;0.00670315;0.00683521
1972-10-18;0.00628545;0.00641669
1972-10-19;-0.00142607;-0.00129594
1972-10-20;0.01088164;0.01101150
1972-10-23;0.00976577;0.01015536
1972-10-24;0.00403677;0.00416664
1972-10-25;-0.00094398;-0.00081412
1972-10-26;0.00230735;0.00243667
1972-10-27;-0.00346487;-0.00333555
1972-10-30;-0.00066654;-0.00027695
1972-10-31;0.00881966;0.00895007
1972-11-01;0.00963672;0.00976686
1972-11-02;0.00483903;0.00496835
1972-11-03;0.00861231;0.00874135
1972-11-06;-0.00248998;-0.00210696
1972-11-08;-0.00579140;-0.00553112
1972-11-09;0.00119210;0.00132142
1972-11-10;0.00189520;0.00202451
1972-11-13;0.00109943;0.00148901
1972-11-14;0.00908574;0.00921670
1972-11-15;-0.00404653;-0.00391666
1972-11-16;0.00536985;0.00550027
1972-11-17;0.00299457;0.00312498
1972-11-20;-0.00005064;0.00034060
1972-11-21;0.00575194;0.00588400
1972-11-22;0.00580301;0.00593561
1972-11-24;0.00289551;0.00316126
1972-11-27;-0.00509688;-0.00469578
1972-11-28;-0.00227749;-0.00214380
1972-11-29;0.00029395;0.00042738
1972-11-30;0.00115172;0.00128541
1972-12-01;0.00594938;0.00608362
1972-12-04;0.00291241;0.00331679
1972-12-05;-0.00175222;-0.00161523
1972-12-06;0.00351818;0.00365517
1972-12-07;0.00485985;0.00499766
1972-12-08;0.00205169;0.00219033
1972-12-11;0.00176252;0.00218169
1972-12-12;-0.00400193;-0.00386357
1972-12-13;-0.00098165;-0.00084466
1972-12-14;-0.00283851;-0.00270097
1972-12-15;0.00002833;0.00016723
1972-12-18;-0.01193077;-0.01150584
1972-12-19;-0.00493453;-0.00479234
1972-12-20;-0.00349526;-0.00335416
1972-12-21;-0.00738669;-0.00724642
1972-12-22;0.00611269;0.00625297
1972-12-26;0.00348562;0.00405000
1972-12-27;0.00527511;0.00541511
1972-12-29;0.00929290;0.00957454
1973-01-02;0.00831481;0.00888686
1973-01-03;0.00380298;0.00394435
1973-01-04;-0.00156395;-0.00142368
1973-01-05;0.00379388;0.00393443
1973-01-08;-0.00059424;-0.00017260
1973-01-09;-0.00114481;-0.00100317
1973-01-10;-0.00264975;-0.00250756
1973-01-11;0.00663701;0.00678030
1973-01-12;-0.00796318;-0.00781962
1973-01-15;-0.00764762;-0.00721447
1973-01-16;-0.00268170;-0.00253485
1973-01-17;0.00442208;0.00456893
1973-01-18;0.00128092;0.00143051
1973-01-19;-0.00074322;-0.00059090
1973-01-22;-0.00526399;-0.00480454
1973-01-23;-0.00007102;0.00008268
1973-01-24;-0.01276088;-0.01260554
1973-01-26;-0.00271705;-0.00240253
1973-01-29;-0.00424940;-0.00378420
1973-01-30;-0.00170940;-0.00155351
1973-01-31;0.00156913;0.00172475
1973-02-01;-0.01110517;-0.01094736
1973-02-02;-0.00373158;-0.00357459
1973-02-05;-0.00152283;-0.00105516
1973-02-06;0.00176923;0.00192402
1973-02-07;-0.00705710;-0.00690450
1973-02-08;-0.00455004;-0.00440100
1973-02-09;0.01328135;0.01343039
1973-02-12;0.01158061;0.01202773
1973-02-13;0.00605109;0.00620177
1973-02-14;-0.01453671;-0.01438794
1973-02-15;-0.00579630;-0.00564918
1973-02-16;0.00448098;0.00462893
1973-02-20;0.00303473;0.00364514
1973-02-21;-0.00630840;-0.00615443
1973-02-22;-0.00233404;-0.00218171
1973-02-23;-0.01133887;-0.01118682
1973-02-26;-0.00905111;-0.00857769
1973-02-27;-0.01166191;-0.01150027
1973-02-28;0.00687117;0.00703145
1973-03-01;-0.00580167;-0.00564304
1973-03-02;0.01091664;0.01107417
1973-03-05;0.00308088;0.00355677
1973-03-06;0.01243740;0.01260014
1973-03-07;0.00290474;0.00306557
1973-03-08;-0.00208388;-0.00192415
1973-03-09;-0.00401380;-0.00385380
1973-03-12;0.00012613;0.00060941
1973-03-13;0.00527898;0.00544337
1973-03-14;0.00419963;0.00436566
1973-03-15;-0.00764888;-0.00748148
1973-03-16;-0.00525442;-0.00508429
1973-03-19;-0.01258322;-0.01207199
1973-03-20;-0.00213693;-0.00196323
1973-03-21;-0.01321743;-0.01304345
1973-03-22;-0.01510827;-0.01493540
1973-03-23;0.00019272;0.00036559
1973-03-26;0.00829924;0.00881129
1973-03-27;0.01548572;0.01565722
1973-03-28;0.00036385;0.00053591
1973-03-29;0.00959103;0.00976336
1973-03-30;-0.01073533;-0.01055999
1973-04-02;-0.01255249;-0.01202154
1973-04-03;-0.00871286;-0.00853341
1973-04-04;-0.00448273;-0.00430437
1973-04-05;-0.00247788;-0.00230035
1973-04-06;0.00683017;0.00700140
1973-04-09;0.01394622;0.01445252
1973-04-10;0.01200547;0.01217560
1973-04-11;0.00401625;0.00418666
1973-04-12;-0.00105925;-0.00088939
1973-04-13;-0.00461334;-0.00444320
1973-04-16;-0.00622473;-0.00571596
1973-04-17;-0.00465823;-0.00448864
1973-04-18;0.00523901;0.00540641
1973-04-19;0.00547833;0.00564628
1973-04-23;-0.00603505;-0.00535670
1973-04-24;-0.01433549;-0.01416343
1973-04-25;-0.01517534;-0.01500328
1973-04-26;0.00490483;0.00507469
1973-04-27;-0.01541680;-0.01524666
1973-04-30;-0.00294250;-0.00243045
1973-05-01;0.00104105;0.00121338
1973-05-02;0.01224488;0.01241638
1973-05-03;0.01633629;0.01650643
1973-05-04;0.00690525;0.00707484
1973-05-07;-0.00474382;-0.00423999
1973-05-08;0.00634722;0.00651215
1973-05-09;-0.00744638;-0.00728282
1973-05-10;-0.00831552;-0.00815114
1973-05-11;-0.01267945;-0.01250876
1973-05-14;-0.02149836;-0.02099124
1973-05-15;0.00615576;0.00632481
1973-05-16;-0.00148520;-0.00131561
1973-05-17;-0.00834836;-0.00817630
1973-05-18;-0.01627911;-0.01610650
1973-05-21;-0.01141017;-0.01088578
1973-05-22;0.00809138;0.00827220
1973-05-23;0.00454708;0.00472873
1973-05-24;0.02931801;0.02949746
1973-05-25;0.00728303;0.00746495
1973-05-29;-0.00474095;-0.00399137
1973-05-30;-0.01507357;-0.01488425
1973-05-31;-0.00925581;-0.00906622
1973-06-01;-0.00991179;-0.00972083
1973-06-04;-0.00982384;-0.00924274
1973-06-05;0.01582682;0.01602217
1973-06-06;-0.00315845;-0.00296502
1973-06-07;0.01447193;0.01466590
1973-06-08;0.01104969;0.01124147
1973-06-11;-0.00367092;-0.00308900
1973-06-12;0.01470406;0.01489968
1973-06-13;-0.00656986;-0.00637370
1973-06-14;-0.01135077;-0.01115433
1973-06-15;-0.01241668;-0.01221996
1973-06-18;-0.01486966;-0.01427788
1973-06-19;0.00356338;0.00376256
1973-06-20;0.00412570;0.00432542
1973-06-21;-0.01197737;-0.01177901
1973-06-22;0.00454733;0.00474568
1973-06-25;-0.01458018;-0.01398840
1973-06-26;0.01006813;0.01026703
1973-06-27;0.00289640;0.00309586
1973-06-28;0.01012290;0.01032427
1973-06-29;-0.00496531;-0.00475928
1973-07-02;0.00000000;0.00064932
1973-07-03;0.00000000;0.00021863
1973-07-05;0.00000000;0.00043562
1973-07-06;0.00000000;0.00021699
1973-07-09;0.00000000;0.00065096
1973-07-10;0.00000000;0.00021616
1973-07-11;0.00000000;0.00021041
1973-07-12;0.00000000;0.00020904
1973-07-13;0.00000000;0.00021315
1973-07-16;0.00000000;0.00064521
1973-07-17;0.00000000;0.00021808
1973-07-18;0.00000000;0.00022000
1973-07-19;0.00000000;0.00022274
1973-07-20;0.00000000;0.00022384
1973-07-23;0.00000000;0.00066000
1973-07-24;0.00000000;0.00022411
1973-07-25;0.00000000;0.00022384
1973-07-26;0.00000000;0.00022548
1973-07-27;0.00000000;0.00022603
1973-07-30;0.00000000;0.00067644
1973-07-31;0.00000000;0.00022795
1973-08-01;0.00000000;0.00022959
1973-08-02;0.00000000;0.00022685
1973-08-03;0.00000000;0.00022658
1973-08-06;0.00000000;0.00068384
1973-08-07;0.00000000;0.00023973
1973-08-08;0.00000000;0.00024027
1973-08-09;0.00000000;0.00024137
1973-08-10;0.00000000;0.00024219
1973-08-13;0.00000000;0.00072493
1973-08-14;0.00000000;0.00024795
1973-08-15;0.00000000;0.00024521
1973-08-16;0.00000000;0.00024274
1973-08-17;0.00000000;0.00023890
1973-08-20;0.00000000;0.00072247
1973-08-21;0.00000000;0.00024438
1973-08-22;0.00000000;0.00024055
1973-08-23;0.00000000;0.00023616
1973-08-24;0.00000000;0.00023178
1973-08-27;0.00000000;0.00070110
1973-08-28;0.00000000;0.00023890
1973-08-29;0.00000000;0.00023616
1973-08-30;0.00000000;0.00023479
1973-08-31;0.00000000;0.00023726
1973-09-04;0.00000000;0.00096219
1973-09-05;0.00000000;0.00024000
1973-09-06;0.00000000;0.00024219
1973-09-07;0.00000000;0.00024110
1973-09-10;0.00000000;0.00074219
1973-09-11;0.00000000;0.00024767
1973-09-12;0.00000000;0.00024712
1973-09-13;0.00000000;0.00024274
1973-09-14;0.00000000;0.00023973
1973-09-17;0.00000000;0.00071507
1973-09-18;0.00000000;0.00023781
1973-09-19;0.00000000;0.00023425
1973-09-20;0.00000000;0.00022685
1973-09-21;0.00000000;0.00021068
1973-09-24;0.00000000;0.00060658
1973-09-25;0.00000000;0.00019726
1973-09-26;0.00000000;0.00019507
1973-09-27;0.00000000;0.00019068
1973-09-28;0.00000000;0.00019123
1973-10-01;0.00000000;0.00058027
1973-10-02;0.00000000;0.00020932
1973-10-03;0.00000000;0.00020493
1973-10-04;0.00000000;0.00020767
1973-10-05;0.00000000;0.00020164
1973-10-08;0.00000000;0.00060493
1973-10-09;0.00000000;0.00019534
1973-10-10;0.00000000;0.00019562
1973-10-11;0.00000000;0.00019589
1973-10-12;0.00000000;0.00019562
1973-10-15;0.00000000;0.00059096
1973-10-16;0.00000000;0.00019945
1973-10-17;0.00000000;0.00019699
1973-10-18;0.00000000;0.00019534
1973-10-19;0.00000000;0.00019260
1973-10-22;0.00000000;0.00057781
1973-10-23;0.00000000;0.00019288
1973-10-24;0.00000000;0.00019233
1973-10-25;0.00000000;0.00019315
1973-10-26;0.00000000;0.00019671
1973-10-29;0.00000000;0.00059178
1973-10-30;0.00000000;0.00019781
1973-10-31;0.00000000;0.00020164
1973-11-01;0.00000000;0.00020493
1973-11-02;0.00000000;0.00020986
1973-11-05;0.00000000;0.00065753
1973-11-06;0.00000000;0.00021918
1973-11-07;0.00000000;0.00022466
1973-11-08;0.00000000;0.00022247
1973-11-09;0.00000000;0.00022301
1973-11-12;0.00000000;0.00069945
1973-11-13;0.00000000;0.00023616
1973-11-14;0.00000000;0.00022740
1973-11-15;0.00000000;0.00020630
1973-11-16;0.00000000;0.00020849
1973-11-19;0.00000000;0.00061644
1973-11-20;0.00000000;0.00021288
1973-11-21;0.00000000;0.00021315
1973-11-23;0.00000000;0.00042849
1973-11-26;0.00000000;0.00063781
1973-11-27;0.00000000;0.00020767
1973-11-28;0.00000000;0.00020603
1973-11-29;0.00000000;0.00020411
1973-11-30;0.00000000;0.00020000
1973-12-03;0.00000000;0.00058521
1973-12-04;0.00000000;0.00019863
1973-12-05;0.00000000;0.00021041
1973-12-06;0.00000000;0.00020932
1973-12-07;0.00000000;0.00020959
1973-12-10;0.00000000;0.00061151
1973-12-11;0.00000000;0.00020603
1973-12-12;0.00000000;0.00020493
1973-12-13;0.00000000;0.00020767
1973-12-14;0.00000000;0.00020630
1973-12-17;0.00000000;0.00061397
1973-12-18;0.00000000;0.00020110
1973-12-19;0.00000000;0.00020000
1973-12-20;0.00000000;0.00020027
1973-12-21;0.00000000;0.00020082
1973-12-24;0.00000000;0.00060247
1973-12-26;0.00000000;0.00041479
1973-12-27;0.00000000;0.00020466
1973-12-28;0.00000000;0.00020466
1973-12-31;0.00000000;0.00061315
1974-01-02;0.00000000;0.00041205
1974-01-03;0.00000000;0.00020466
1974-01-04;0.00000000;0.00020521
1974-01-07;0.00000000;0.00062466
1974-01-08;0.00000000;0.00020932
1974-01-09;0.00000000;0.00021014
1974-01-10;0.00000000;0.00021452
1974-01-11;0.00000000;0.00021562
1974-01-14;0.00000000;0.00065425
1974-01-15;0.00000000;0.00021616
1974-01-16;0.00000000;0.00021644
1974-01-17;0.00000000;0.00021534
1974-01-18;0.00000000;0.00021534
1974-01-21;0.00000000;0.00065507
1974-01-22;0.00000000;0.00021808
1974-01-23;0.00000000;0.00021945
1974-01-24;0.00000000;0.00021945
1974-01-25;0.00000000;0.00021863
1974-01-28;0.00000000;0.00064438
1974-01-29;0.00000000;0.00020877
1974-01-30;0.00000000;0.00020575
1974-01-31;0.00000000;0.00020493
1974-02-01;0.00000000;0.00020027
1974-02-04;0.00000000;0.00058603
1974-02-05;0.00000000;0.00018986
1974-02-06;0.00000000;0.00018986
1974-02-07;0.00000000;0.00019479
1974-02-08;0.00000000;0.00019288
1974-02-11;0.00000000;0.00058521
1974-02-12;0.00000000;0.00019507
1974-02-13;0.00000000;0.00019288
1974-02-14;0.00000000;0.00019260
1974-02-15;0.00000000;0.00019342
1974-02-19;0.00000000;0.00077041
1974-02-20;0.00000000;0.00019288
1974-02-21;0.00000000;0.00019425
1974-02-22;0.00000000;0.00019452
1974-02-25;0.00000000;0.00058767
1974-02-26;0.00000000;0.00020000
1974-02-27;0.00000000;0.00020137
1974-02-28;0.00000000;0.00020438
1974-03-01;0.00000000;0.00020658
1974-03-04;0.00000000;0.00062137
1974-03-05;0.00000000;0.00021178
1974-03-06;0.00000000;0.00021123
1974-03-07;0.00000000;0.00021096
1974-03-08;0.00000000;0.00021479
1974-03-11;0.00000000;0.00064685
1974-03-12;0.00000000;0.00021452
1974-03-13;0.00000000;0.00021452
1974-03-14;0.00000000;0.00021151
1974-03-15;0.00000000;0.00021479
1974-03-18;0.00000000;0.00065342
1974-03-19;0.00000000;0.00022082
1974-03-20;0.00000000;0.00022192
1974-03-21;0.00000000;0.00022219
1974-03-22;0.00000000;0.00022110
1974-03-25;0.00000000;0.00066740
1974-03-26;0.00000000;0.00022822
1974-03-27;0.00000000;0.00023151
1974-03-28;0.00000000;0.00023425
1974-03-29;0.00000000;0.00022685
1974-04-01;0.00000000;0.00068301
1974-04-02;0.00000000;0.00023123
1974-04-03;0.00000000;0.00023260
1974-04-04;0.00000000;0.00023699
1974-04-05;0.00000000;0.00023699
1974-04-08;0.00000000;0.00070356
1974-04-09;0.00000000;0.00023616
1974-04-10;0.00000000;0.00023342
1974-04-11;0.00000000;0.00022575
1974-04-15;0.00000000;0.00087123
1974-04-16;0.00000000;0.00022411
1974-04-17;0.00000000;0.00022356
1974-04-18;0.00000000;0.00022329
1974-04-19;0.00000000;0.00021397
1974-04-22;0.00000000;0.00063781
1974-04-23;0.00000000;0.00022055
1974-04-24;0.00000000;0.00021973
1974-04-25;0.00000000;0.00022493
1974-04-26;0.00000000;0.00023233
1974-04-29;0.00000000;0.00072986
1974-04-30;0.00000000;0.00024384
1974-05-01;0.00000000;0.00024027
1974-05-02;0.00000000;0.00023836
1974-05-03;0.00000000;0.00024164
1974-05-06;0.00000000;0.00072493
1974-05-07;0.00000000;0.00024274
1974-05-08;0.00000000;0.00023836
1974-05-09;0.00000000;0.00023260
1974-05-10;0.00000000;0.00022329
1974-05-13;0.00000000;0.00066000
1974-05-14;0.00000000;0.00022274
1974-05-15;0.00000000;0.00021808
1974-05-16;0.00000000;0.00021753
1974-05-17;0.00000000;0.00021726
1974-05-20;0.00000000;0.00065260
1974-05-21;0.00000000;0.00022493
1974-05-22;0.00000000;0.00022301
1974-05-23;0.00000000;0.00020658
1974-05-24;0.00000000;0.00021041
1974-05-28;0.00000000;0.00087890
1974-05-29;0.00000000;0.00022274
1974-05-30;0.00000000;0.00021726
1974-05-31;0.00000000;0.00022137
1974-06-03;0.00000000;0.00066493
1974-06-04;0.00000000;0.00022219
1974-06-05;0.00000000;0.00021781
1974-06-06;0.00000000;0.00021726
1974-06-07;0.00000000;0.00022329
1974-06-10;0.00000000;0.00066904
1974-06-11;0.00000000;0.00022274
1974-06-12;0.00000000;0.00022466
1974-06-13;0.00000000;0.00022904
1974-06-14;0.00000000;0.00022767
1974-06-17;0.00000000;0.00067151
1974-06-18;0.00000000;0.00022274
1974-06-19;0.00000000;0.00021890
1974-06-20;0.00000000;0.00021425
1974-06-21;0.00000000;0.00020000
1974-06-24;0.00000000;0.00061315
1974-06-25;0.00000000;0.00020904
1974-06-26;0.00000000;0.00020000
1974-06-27;0.00000000;0.00020630
1974-06-28;-0.00065000;-0.00044890
1974-07-01;-0.00037155;0.00022680
1974-07-02;-0.02019836;-0.01999727
1974-07-03;-0.00080737;-0.00059504
1974-07-05;-0.00743091;-0.00700680
1974-07-08;-0.03135163;-0.03072533
1974-07-09;0.00460043;0.00480755
1974-07-10;-0.01849108;-0.01828861
1974-07-11;-0.00145262;-0.00125207
1974-07-12;0.04060255;0.04080419
1974-07-15;0.00694461;0.00757092
1974-07-16;-0.01178616;-0.01157986
1974-07-17;0.01053407;0.01074558
1974-07-18;0.00073689;0.00095388
1974-07-19;-0.00308081;-0.00286656
1974-07-22;0.00260486;0.00322623
1974-07-23;0.00981664;0.01002075
1974-07-24;0.00381133;0.00401462
1974-07-25;-0.01208567;-0.01188567
1974-07-26;-0.01901866;-0.01881592
1974-07-29;-0.01833406;-0.01772420
1974-07-30;-0.00565284;-0.00543804
1974-07-31;-0.01499466;-0.01478453
1974-08-01;-0.00728035;-0.00706282
1974-08-02;-0.00226188;-0.00203366
1974-08-05;0.00821657;0.00890123
1974-08-06;0.01527377;0.01551076
1974-08-07;0.02620895;0.02645114
1974-08-08;-0.01331619;-0.01306907
1974-08-09;-0.00895076;-0.00870610
1974-08-12;-0.01445236;-0.01373318
1974-08-13;-0.01604047;-0.01580129
1974-08-14;-0.02266516;-0.02242516
1974-08-15;-0.00584598;-0.00560598
1974-08-16;-0.00849825;-0.00825880
1974-08-19;-0.01526913;-0.01454256
1974-08-20;0.00484602;0.00509397
1974-08-21;-0.01946979;-0.01921473
1974-08-22;-0.00992047;-0.00966047
1974-08-23;-0.01743910;-0.01717225
1974-08-26;0.00772989;0.00851975
1974-08-27;-0.01717509;-0.01690879
1974-08-28;-0.00280201;-0.00253927
1974-08-29;-0.01113090;-0.01088377
1974-08-30;0.02996498;0.03020963
1974-09-03;0.00000000;0.00103123
1974-09-04;0.00000000;0.00025644
1974-09-05;0.00000000;0.00025562
1974-09-06;0.00000000;0.00025370
1974-09-09;0.00000000;0.00075205
1974-09-10;0.00000000;0.00024849
1974-09-11;0.00000000;0.00024822
1974-09-12;0.00000000;0.00025342
1974-09-13;0.00000000;0.00024548
1974-09-16;0.00000000;0.00066658
1974-09-17;0.00000000;0.00022164
1974-09-18;0.00000000;0.00021452
1974-09-19;0.00000000;0.00019507
1974-09-20;0.00000000;0.00019370
1974-09-23;0.00000000;0.00056959
1974-09-24;0.00000000;0.00019151
1974-09-25;0.00000000;0.00019370
1974-09-26;0.00000000;0.00018877
1974-09-27;0.00000000;0.00016904
1974-09-30;-0.00065000;-0.00014699
1974-10-01;-0.00254592;-0.00236264
1974-10-02;-0.00034570;-0.00015967
1974-10-03;-0.01755098;-0.01735755
1974-10-04;0.00078284;0.00096147
1974-10-07;0.04132554;0.04186143
1974-10-08;-0.00188484;-0.00169553
1974-10-09;0.04575627;0.04595737
1974-10-10;0.02883186;0.02904556
1974-10-11;0.01913279;0.01934183
1974-10-14;0.02185799;0.02248511
1974-10-15;-0.01808585;-0.01787379
1974-10-16;-0.01575094;-0.01553943
1974-10-17;0.01172753;0.01194178
1974-10-18;0.01538550;0.01559454
1974-10-21;0.01624922;0.01687305
1974-10-22;-0.00523949;-0.00503593
1974-10-23;-0.02892475;-0.02871790
1974-10-24;-0.01161459;-0.01140555
1974-10-25;-0.00164026;-0.00142601
1974-10-28;-0.00110263;-0.00043359
1974-10-29;0.03887068;0.03909068
1974-10-30;0.02010075;0.02031938
1974-10-31;-0.00638304;-0.00616934
1974-11-01;0.00000000;0.00021315
1974-11-04;0.00000000;0.00064274
1974-11-05;0.00000000;0.00021425
1974-11-06;0.00000000;0.00020877
1974-11-07;0.00000000;0.00020877
1974-11-08;0.00000000;0.00020767
1974-11-11;0.00000000;0.00062301
1974-11-12;0.00000000;0.00020137
1974-11-13;0.00000000;0.00019671
1974-11-14;0.00000000;0.00019644
1974-11-15;0.00000000;0.00020055
1974-11-18;0.00000000;0.00061808
1974-11-19;0.00000000;0.00020438
1974-11-20;0.00000000;0.00020301
1974-11-21;0.00000000;0.00020575
1974-11-22;0.00000000;0.00020274
1974-11-25;0.00000000;0.00060082
1974-11-26;0.00000000;0.00020329
1974-11-27;0.00000000;0.00020822
1974-11-29;-0.00065000;-0.00024068
1974-12-02;-0.02718940;-0.02658857
1974-12-03;-0.01400942;-0.01380312
1974-12-04;0.00336645;0.00357111
1974-12-05;-0.01919513;-0.01899020
1974-12-06;-0.01714154;-0.01693826
1974-12-09;0.00847470;0.00906977
1974-12-10;0.02541195;0.02560784
1974-12-11;0.00559968;0.00579475
1974-12-12;-0.00345518;-0.00325299
1974-12-13;-0.00583599;-0.00563572
1974-12-16;-0.00968758;-0.00910073
1974-12-17;0.01666484;0.01685032
1974-12-18;0.00454664;0.00473321
1974-12-19;-0.00387257;-0.00368380
1974-12-20;-0.01113153;-0.01094057
1974-12-23;-0.01478996;-0.01420393
1974-12-24;0.01375470;0.01394593
1974-12-26;0.00798855;0.00836937
1974-12-27;-0.00464100;-0.00445032
1974-12-30;-0.00029225;0.00029213
1974-12-31;0.02065040;0.02084382
1975-01-02;0.02397631;0.02435439
1975-01-03;0.00664756;0.00683277
1975-01-06;0.00453478;0.00508546
1975-01-07;-0.00088381;-0.00070545
1975-01-08;-0.01398003;-0.01380085
1975-01-09;0.01595227;0.01613172
1975-01-10;0.02004941;0.02023133
1975-01-13;-0.00469139;-0.00413742
1975-01-14;-0.00889386;-0.00871441
1975-01-15;0.00623330;0.00641549
1975-01-16;-0.00142730;-0.00124949
1975-01-17;-0.01530263;-0.01513030
1975-01-20;0.00115767;0.00168534
1975-01-21;-0.00551897;-0.00534801
1975-01-22;0.01453908;0.01470812
1975-01-23;0.00444488;0.00459803
1975-01-24;0.01247428;0.01262470
1975-01-27;0.03228514;0.03274294
1975-01-28;0.00859981;0.00875488
1975-01-29;0.01601782;0.01617591
1975-01-30;-0.01374938;-0.01359239
1975-01-31;0.00994613;0.01010174
1975-02-03;0.01044097;0.01090617
1975-02-04;-0.00285388;-0.00270045
1975-02-05;0.01711458;0.01726390
1975-02-06;-0.00509518;-0.00494175
1975-02-07;0.00073186;0.00088912
1975-02-10;-0.00391874;-0.00343956
1975-02-11;0.00264947;0.00280564
1975-02-12;0.01689460;0.01705077
1975-02-13;0.01348275;0.01363672
1975-02-14;0.00589740;0.00604672
1975-02-18;-0.00758455;-0.00700154
1975-02-19;0.00615462;0.00629982
1975-02-20;0.00930961;0.00945290
1975-02-21;0.00484394;0.00498531
1975-02-24;-0.01472527;-0.01428801
1975-02-25;-0.02360381;-0.02345477
1975-02-26;0.01040616;0.01056013
1975-02-27;0.00482273;0.00497506
1975-02-28;0.01000242;0.01015037
1975-03-03;0.01718402;0.01764347
1975-03-04;0.00622734;0.00638132
1975-03-05;0.00391551;0.00406701
1975-03-06;-0.00265640;-0.00250490
1975-03-07;0.00713401;0.00728689
1975-03-10;0.00724124;0.00770480
1975-03-11;-0.00709732;-0.00694718
1975-03-12;-0.00927769;-0.00912947
1975-03-13;0.00164461;0.00179256
1975-03-14;0.01203124;0.01217864
1975-03-17;0.01429711;0.01474177
1975-03-18;-0.01038178;-0.01023329
1975-03-19;-0.00943225;-0.00928184
1975-03-20;-0.00880394;-0.00865736
1975-03-21;-0.00278113;-0.00263318
1975-03-24;-0.02408585;-0.02362969
1975-03-25;0.00770678;0.00785856
1975-03-26;0.01849174;0.01864298
1975-03-27;0.00295809;0.00310850
1975-03-31;-0.00645747;-0.00585144
1975-04-01;-0.00879367;-0.00863915
1975-04-02;-0.00269758;-0.00254306
1975-04-03;-0.01131633;-0.01116290
1975-04-04;-0.00788665;-0.00773103
1975-04-07;-0.00705264;-0.00655867
1975-04-08;0.00780707;0.00796323
1975-04-09;0.02268424;0.02284041
1975-04-10;0.01106810;0.01122454
1975-04-11;0.00474011;0.00489244
1975-04-14;0.01640834;0.01686286
1975-04-15;0.00802552;0.00817565
1975-04-16;0.00332803;0.00347433
1975-04-17;0.00735591;0.00750386
1975-04-18;-0.01103921;-0.01089017
1975-04-21;0.01031444;0.01077061
1975-04-22;-0.00176440;-0.00160687
1975-04-23;-0.01129571;-0.01113982
1975-04-24;-0.00108620;-0.00093085
1975-04-25;0.00658489;0.00673913
1975-04-28;-0.00497010;-0.00450818
1975-04-29;-0.00699751;-0.00684408
1975-04-30;0.01923086;0.01938155
1975-05-01;0.00901120;0.00916189
1975-05-02;0.01256543;0.01271091
1975-05-05;0.00919444;0.00963334
1975-05-06;-0.01613675;-0.01598771
1975-05-07;0.00481212;0.00496198
1975-05-08;0.00523773;0.00538650
1975-05-09;0.01068141;0.01082881
1975-05-12;0.00045382;0.00087793
1975-05-13;0.01056632;0.01070330
1975-05-14;0.00739714;0.00753248
1975-05-15;-0.00946075;-0.00932239
1975-05-16;-0.01086148;-0.01072285
1975-05-19;0.00068007;0.00110007
1975-05-20;-0.00522311;-0.00508311
1975-05-21;-0.01135679;-0.01121542
1975-05-22;0.00356098;0.00370345
1975-05-23;0.01316779;0.01331053
1975-05-27;-0.00323480;-0.00265726
1975-05-28;-0.00711831;-0.00697557
1975-05-29;-0.00047934;-0.00033633
1975-05-30;0.01624723;0.01638970
1975-06-02;0.01525117;0.01568267
1975-06-03;0.00320298;0.00334654
1975-06-04;-0.00326745;-0.00312389
1975-06-05;0.00082699;0.00097000
1975-06-06;-0.00241027;-0.00226753
1975-06-09;-0.01415927;-0.01373845
1975-06-10;-0.00858315;-0.00844397
1975-06-11;0.00107874;0.00121436
1975-06-12;-0.00532639;-0.00519242
1975-06-13;0.00474729;0.00488263
1975-06-16;0.00997760;0.01037869
1975-06-17;-0.00976142;-0.00962361
1975-06-18;-0.00224636;-0.00209951
1975-06-19;0.01788804;0.01803105
1975-06-20;0.00625357;0.00640973
1975-06-23;0.01043581;0.01090020
1975-06-24;0.00592899;0.00608652
1975-06-25;0.00440387;0.00456332
1975-06-26;0.00184173;0.00200611
1975-06-27;-0.00016027;-0.00000192
1975-06-30;0.00352062;0.00400226
1975-07-01;-0.00373865;-0.00357372
1975-07-02;-0.00723063;-0.00706570
1975-07-03;0.00174493;0.00190932
1975-07-07;-0.00936190;-0.00869779
1975-07-08;-0.00177154;-0.00160551
1975-07-09;0.01492894;0.01509606
1975-07-10;-0.00006191;0.00010357
1975-07-11;-0.00174896;-0.00158403
1975-07-14;0.00509762;0.00559323
1975-07-15;0.00424456;0.00441031
1975-07-16;-0.01062738;-0.01046107
1975-07-17;-0.01052544;-0.01036023
1975-07-18;-0.00476022;-0.00459446
1975-07-21;-0.00866985;-0.00816026
1975-07-22;-0.01088527;-0.01071157
1975-07-23;-0.01406299;-0.01388929
1975-07-24;-0.00139129;-0.00122170
1975-07-25;-0.00883363;-0.00866185
1975-07-28;-0.00724324;-0.00672543
1975-07-29;-0.00581213;-0.00563953
1975-07-30;0.00708528;0.00725514
1975-07-31;-0.00107375;-0.00090251
1975-08-01;-0.00873927;-0.00856530
1975-08-04;-0.01007832;-0.00955229
1975-08-05;-0.01073514;-0.01055843
1975-08-06;0.00005440;0.00023002
1975-08-07;0.00040135;0.00057779
1975-08-08;-0.00342203;-0.00324641
1975-08-11;0.00563204;0.00615560
1975-08-12;0.00640853;0.00658387
1975-08-13;-0.01337881;-0.01320210
1975-08-14;-0.00448246;-0.00430574
1975-08-15;0.00870070;0.00887659
1975-08-18;-0.00238613;-0.00185846
1975-08-19;-0.01468034;-0.01450308
1975-08-20;-0.02054382;-0.02036684
1975-08-21;-0.00198190;-0.00180437
1975-08-22;0.01438712;0.01456411
1975-08-25;0.00871240;0.00924911
1975-08-26;-0.01311424;-0.01293397
1975-08-27;0.00541653;0.00559599
1975-08-28;0.02315513;0.02333102
1975-08-29;0.00537939;0.00555364
1975-09-02;-0.01682541;-0.01612185
1975-09-03;0.00625727;0.00643234
1975-09-04;0.00180071;0.00197414
1975-09-05;-0.00690552;-0.00673046
1975-09-08;0.00262087;0.00314772
1975-09-09;-0.01519674;-0.01502113
1975-09-10;-0.00975228;-0.00957639
1975-09-11;-0.00423667;-0.00405968
1975-09-12;-0.00197611;-0.00179940
1975-09-15;-0.00558202;-0.00504777
1975-09-16;-0.00971295;-0.00953377
1975-09-17;0.00323226;0.00340897
1975-09-18;0.02034047;0.02051526
1975-09-19;0.02147504;0.02164928
1975-09-22;-0.00995861;-0.00943752
1975-09-23;-0.00170432;-0.00153007
1975-09-24;0.00924252;0.00941650
1975-09-25;-0.00134358;-0.00116823
1975-09-26;0.00624415;0.00642031
1975-09-29;-0.01399288;-0.01346439
1975-09-30;-0.01382444;-0.01364416
1975-10-01;-0.01138864;-0.01120974
1975-10-02;0.01055249;0.01073002
1975-10-03;0.02523735;0.02540968
1975-10-06;0.01030161;0.01081449
1975-10-07;-0.00144146;-0.00126803
1975-10-08;0.01331022;0.01348201
1975-10-09;0.00471737;0.00488778
1975-10-10;-0.00197934;-0.00181249
1975-10-13;0.01366443;0.01416498
1975-10-14;-0.00218084;-0.00201399
1975-10-15;-0.00072908;-0.00056195
1975-10-16;0.00140350;0.00156706
1975-10-17;-0.00586990;-0.00570853
1975-10-20;0.01031283;0.01079776
1975-10-21;0.00808171;0.00823678
1975-10-22;0.00149746;0.00165444
1975-10-23;0.00568417;0.00584088
1975-10-24;-0.01561073;-0.01545567
1975-10-27;-0.00158910;-0.00111897
1975-10-28;0.00853658;0.00869083
1975-10-29;-0.01252857;-0.01237624
1975-10-30;-0.00104646;-0.00089687
1975-10-31;-0.00317605;-0.00302510
1975-11-03;-0.01113292;-0.01067512
1975-11-04;0.00461333;0.00476593
1975-11-05;0.00707740;0.00722890
1975-11-06;0.00433394;0.00448490
1975-11-07;-0.00260604;-0.00245865
1975-11-10;-0.00032943;0.00010619
1975-11-11;0.00578527;0.00593048
1975-11-12;0.01453912;0.01468596
1975-11-13;-0.00179396;-0.00164684
1975-11-14;-0.00092013;-0.00077081
1975-11-17;0.00493269;0.00538064
1975-11-18;-0.00518130;-0.00503144
1975-11-19;-0.01136057;-0.01121071
1975-11-20;-0.00393012;-0.00378054
1975-11-21;-0.00138247;-0.00122905
1975-11-24;0.00143935;0.00189305
1975-11-25;0.01110551;0.01125784
1975-11-26;0.00238158;0.00253364
1975-11-28;0.00299148;0.00329504
1975-12-01;-0.00670918;-0.00625301
1975-12-02;-0.01493339;-0.01478079
1975-12-03;-0.01952064;-0.01936831
1975-12-04;0.00258411;0.00273781
1975-12-05;-0.01176682;-0.01161394
1975-12-08;0.00241514;0.00287377
1975-12-09;0.00248402;0.00263963
1975-12-10;0.00877827;0.00893279
1975-12-11;-0.00333317;-0.00318085
1975-12-12;0.00018744;0.00033977
1975-12-15;0.00250163;0.00295451
1975-12-16;0.00938283;0.00953378
1975-12-17;0.00232262;0.00247194
1975-12-18;0.00298982;0.00313886
1975-12-19;-0.00719119;-0.00704653
1975-12-22;-0.00787709;-0.00743819
1975-12-23;0.00654595;0.00669198
1975-12-24;0.00808090;0.00822529
1975-12-26;0.00854364;0.00882693
1975-12-29;-0.00176115;-0.00133539
1975-12-30;-0.00413807;-0.00399615
1975-12-31;0.00453424;0.00467671
1976-01-02;0.00758350;0.00786843
1976-01-05;0.01804623;0.01847609
1976-01-06;0.01011838;0.01025948
1976-01-07;0.00434944;0.00448862
1976-01-08;0.00656679;0.00670378
1976-01-09;0.00377669;0.00391011
1976-01-12;0.01413123;0.01452821
1976-01-13;-0.00802379;-0.00789146
1976-01-14;0.01618832;0.01632120
1976-01-15;-0.00548817;-0.00535557
1976-01-16;0.00390151;0.00403493
1976-01-19;0.01320880;0.01360249
1976-01-20;0.00535802;0.00549035
1976-01-21;-0.00640465;-0.00627341
1976-01-22;-0.00216898;-0.00203775
1976-01-23;0.01180377;0.01193199
1976-01-26;0.00434208;0.00473167
1976-01-27;-0.00625164;-0.00612150
1976-01-28;-0.00558165;-0.00545261
1976-01-29;0.01590559;0.01603381
1976-01-30;0.00736025;0.00748984
1976-02-02;-0.00030113;0.00009339
1976-02-03;0.00293682;0.00307134
1976-02-04;0.00707706;0.00721295
1976-02-05;-0.01505183;-0.01491704
1976-02-06;-0.00940004;-0.00926579
1976-02-09;0.00120513;0.00160293
1976-02-10;0.00839708;0.00853051
1976-02-11;0.00285172;0.00298405
1976-02-12;-0.00529451;-0.00516218
1976-02-13;-0.00592033;-0.00578745
1976-02-17;-0.00676299;-0.00622820
1976-02-18;0.00794002;0.00807481
1976-02-19;0.01548782;0.01562152
1976-02-20;0.00667036;0.00680214
1976-02-23;-0.00520278;-0.00480497
1976-02-24;0.00399729;0.00413153
1976-02-25;-0.00346770;-0.00333427
1976-02-26;-0.01567303;-0.01553934
1976-02-27;-0.00413451;-0.00399752
1976-03-01;0.00267587;0.00310326
1976-03-02;0.00545313;0.00559696
1976-03-03;-0.00610978;-0.00596732
1976-03-04;-0.01074705;-0.01060404
1976-03-05;0.00177828;0.00191883
1976-03-08;0.01047452;0.01089123
1976-03-09;0.00375370;0.00389069
1976-03-10;0.00344116;0.00357732
1976-03-11;0.00927290;0.00940961
1976-03-12;-0.01024511;-0.01011086
1976-03-15;-0.01092140;-0.01051537
1976-03-16;0.01108327;0.01122053
1976-03-17;-0.00073343;-0.00059645
1976-03-18;-0.00420340;-0.00406696
1976-03-19;0.00115637;0.00129226
1976-03-22;0.00088730;0.00128675
1976-03-23;0.01505625;0.01519022
1976-03-24;0.01140640;0.01153955
1976-03-25;-0.00564630;-0.00551342
1976-03-26;-0.00013562;-0.00000192
1976-03-29;-0.00468657;-0.00428383
1976-03-30;-0.00404450;-0.00390779
1976-03-31;0.00731217;0.00744833
1976-04-01;-0.00529633;-0.00515906
1976-04-02;-0.00004000;0.00009589
1976-04-05;0.01191342;0.01231698
1976-04-06;-0.00158530;-0.00145105
1976-04-07;-0.01126315;-0.01112808
1976-04-08;-0.00923508;-0.00910083
1976-04-09;-0.00931835;-0.00918438
1976-04-12;-0.00189833;-0.00150052
1976-04-13;0.00835016;0.00848112
1976-04-14;-0.00745626;-0.00732503
1976-04-15;0.00345600;0.00358696
1976-04-19;0.00711834;0.00764108
1976-04-20;0.01396550;0.01409509
1976-04-21;0.00424404;0.00437254
1976-04-22;-0.00342362;-0.00329267
1976-04-23;-0.00683704;-0.00670225
1976-04-26;0.00096016;0.00136290
1976-04-27;-0.00570067;-0.00556669
1976-04-28;0.00251590;0.00264878
1976-04-29;-0.00013507;-0.00000192
1976-04-30;-0.00493425;-0.00479972
1976-05-03;-0.00749067;-0.00708958
1976-05-04;0.00521543;0.00534886
1976-05-05;-0.00585161;-0.00571846
1976-05-06;0.00263886;0.00277366
1976-05-07;0.00697853;0.00711552
1976-05-10;0.01155323;0.01196912
1976-05-11;-0.00159599;-0.00145682
1976-05-12;-0.00189116;-0.00175034
1976-05-13;-0.00607723;-0.00593750
1976-05-14;-0.00816991;-0.00802854
1976-05-17;-0.00290174;-0.00247270
1976-05-18;0.00153509;0.00167975
1976-05-19;-0.00093744;-0.00079196
1976-05-20;0.00795478;0.00810245
1976-05-21;-0.00740586;-0.00725682
1976-05-24;-0.01842723;-0.01797929
1976-05-25;0.00035131;0.00050090
1976-05-26;-0.00165920;-0.00150961
1976-05-27;0.00025033;0.00040074
1976-05-28;0.00789758;0.00804799
1976-06-01;-0.00390996;-0.00330174
1976-06-02;0.00355104;0.00370364
1976-06-03;-0.00105118;-0.00089994
1976-06-04;-0.00993878;-0.00978919
1976-06-07;-0.00569828;-0.00525033
1976-06-08;0.00157238;0.00172170
1976-06-09;-0.00075825;-0.00060921
1976-06-10;0.00815395;0.00830272
1976-06-11;0.01350969;0.01365819
1976-06-14;0.00975651;0.01020035
1976-06-15;-0.00495532;-0.00480820
1976-06-16;0.00527099;0.00541894
1976-06-17;0.01553542;0.01568282
1976-06-18;0.00129924;0.00144582
1976-06-21;0.00456526;0.00500581
1976-06-22;-0.00791686;-0.00776947
1976-06-23;-0.00227417;-0.00212814
1976-06-24;0.00508263;0.00522811
1976-06-25;-0.00082184;-0.00067636
1976-06-28;-0.00324147;-0.00280174
1976-06-29;0.00400836;0.00415548
1976-06-30;0.00389486;0.00404199
1976-07-01;-0.00676557;-0.00661872
1976-07-02;0.00487130;0.00501787
1976-07-06;-0.00607333;-0.00548265
1976-07-07;0.00265099;0.00279893
1976-07-08;0.00129672;0.00144275
1976-07-09;0.00947148;0.00961532
1976-07-12;0.00833371;0.00875782
1976-07-13;-0.00231487;-0.00217378
1976-07-14;0.00250674;0.00264784
1976-07-15;-0.00722073;-0.00708073
1976-07-16;-0.00508735;-0.00494488
1976-07-19;-0.00416126;-0.00373139
1976-07-20;-0.00561101;-0.00546745
1976-07-21;0.00081893;0.00096222
1976-07-22;0.00091432;0.00105761
1976-07-23;0.00110618;0.00124892
1976-07-26;-0.00033623;0.00009034
1976-07-27;-0.00581227;-0.00567118
1976-07-28;-0.00429895;-0.00415731
1976-07-29;-0.00130777;-0.00116640
1976-07-30;0.00481126;0.00495291
1976-08-02;-0.00284261;-0.00242261
1976-08-03;0.00906358;0.00920440
1976-08-04;0.00264060;0.00278280
1976-08-05;-0.00569807;-0.00555588
1976-08-06;-0.00072159;-0.00057967
1976-08-09;-0.00332196;-0.00289621
1976-08-10;0.00874591;0.00888783
1976-08-11;-0.00349573;-0.00335409
1976-08-12;0.00139429;0.00153566
1976-08-13;0.00014456;0.00028593
1976-08-16;0.00129840;0.00172087
1976-08-17;0.00340003;0.00354113
1976-08-18;-0.00243309;-0.00229199
1976-08-19;-0.01133276;-0.01119167
1976-08-20;-0.01000912;-0.00986748
1976-08-23;-0.00443330;-0.00401083
1976-08-24;-0.00690928;-0.00676928
1976-08-25;0.00736305;0.00750277
1976-08-26;-0.00709983;-0.00696066
1976-08-27;0.00143669;0.00157724
1976-08-30;0.00539149;0.00580820
1976-08-31;0.00808828;0.00822773
1976-09-01;0.01103344;0.01117290
1976-09-02;-0.00148702;-0.00134730
1976-09-03;0.00351529;0.00365474
1976-09-07;0.00643356;0.00699137
1976-09-08;-0.00099854;-0.00085882
1976-09-09;-0.00528799;-0.00514772
1976-09-10;0.00225272;0.00239272
1976-09-13;-0.00386661;-0.00344579
1976-09-14;-0.00349822;-0.00335794
1976-09-15;0.00284057;0.00298057
1976-09-16;0.01031399;0.01045372
1976-09-17;0.00868801;0.00882664
1976-09-20;0.00004886;0.00046475
1976-09-21;0.01406268;0.01420049
1976-09-22;-0.00357105;-0.00343324
1976-09-23;-0.00516513;-0.00502704
1976-09-24;-0.00126425;-0.00112425
1976-09-27;0.00397746;0.00439500
1976-09-28;-0.01272561;-0.01258698
1976-09-29;-0.00533342;-0.00519452
1976-09-30;-0.00137430;-0.00123567
1976-10-01;-0.01030724;-0.01016915
1976-10-04;-0.00176724;-0.00134971
1976-10-05;-0.00783173;-0.00769201
1976-10-06;-0.00265947;-0.00252057
1976-10-07;0.00539587;0.00553368
1976-10-08;-0.00960165;-0.00946686
1976-10-11;-0.00938050;-0.00897611
1976-10-12;-0.00830197;-0.00816799
1976-10-13;0.01285858;0.01299282
1976-10-14;-0.01257114;-0.01243827
1976-10-15;0.00016432;0.00029555
1976-10-18;0.00544908;0.00584278
1976-10-19;-0.00033162;-0.00019902
1976-10-20;0.00272403;0.00285663
1976-10-21;-0.00966890;-0.00953602
1976-10-22;-0.00817400;-0.00804002
1976-10-25;0.00068866;0.00109469
1976-10-26;0.00975691;0.00989116
1976-10-27;0.00679096;0.00692466
1976-10-28;-0.00160967;-0.00147597
1976-10-29;0.01255971;0.01269368
1976-11-01;0.00154007;0.00193788
1976-11-03;-0.01171479;-0.01144903
1976-11-04;0.00467454;0.00480577
1976-11-05;-0.01566035;-0.01552775
1976-11-08;-0.01250844;-0.01210653
1976-11-09;-0.00294823;-0.00281316
1976-11-10;-0.00527163;-0.00513684
1976-11-11;0.00826325;0.00839804
1976-11-12;-0.00415116;-0.00401637
1976-11-15;0.00624205;0.00664479
1976-11-16;0.00126715;0.00139948
1976-11-17;0.00556402;0.00569580
1976-11-18;0.01258869;0.01272048
1976-11-19;0.00016457;0.00029252
1976-11-22;0.00618913;0.00656803
1976-11-23;-0.00626999;-0.00614287
1976-11-24;0.00428473;0.00441158
1976-11-26;0.00697490;0.00722202
1976-11-29;-0.00725797;-0.00688893
1976-11-30;-0.00344203;-0.00332093
1976-12-01;0.00369704;0.00381787
1976-12-02;-0.00373257;-0.00361203
1976-12-03;0.00614522;0.00626522
1976-12-06;0.00741938;0.00777938
1976-12-07;-0.00079840;-0.00067785
1976-12-08;0.00557747;0.00569912
1976-12-09;0.00400788;0.00412952
1976-12-10;0.00169636;0.00181609
1976-12-13;-0.00103433;-0.00067433
1976-12-14;0.00408447;0.00420338
1976-12-15;0.00054567;0.00066430
1976-12-16;-0.00335433;-0.00323570
1976-12-17;-0.00527103;-0.00515459
1976-12-20;-0.00620500;-0.00585651
1976-12-21;0.00538037;0.00549736
1976-12-22;0.00458241;0.00469967
1976-12-23;0.00112235;0.00123961
1976-12-27;0.01115788;0.01162911
1976-12-28;0.00657323;0.00669241
1976-12-29;-0.00414899;-0.00402927
1976-12-30;0.00495723;0.00507613
1976-12-31;0.00530582;0.00542473
1977-01-03;-0.00464724;-0.00428642
1977-01-04;-0.01227446;-0.01215145
1977-01-05;-0.00901748;-0.00889501
1977-01-06;0.00235666;0.00247995
1977-01-07;-0.00022371;-0.00009714
1977-01-10;0.00142469;0.00180360
1977-01-11;-0.01039410;-0.01026808
1977-01-12;-0.00704222;-0.00691702
1977-01-13;0.00761119;0.00773503
1977-01-14;-0.00195164;-0.00182533
1977-01-17;-0.00307999;-0.00269780
1977-01-18;-0.00408298;-0.00395449
1977-01-19;0.00500093;0.00512778
1977-01-20;-0.00860253;-0.00847568
1977-01-21;0.00326973;0.00339713
1977-01-24;-0.00107038;-0.00068326
1977-01-25;-0.00129291;-0.00116415
1977-01-26;-0.00779119;-0.00766215
1977-01-27;-0.00550685;-0.00537616
1977-01-28;0.00124387;0.00137346
1977-01-31;0.00058737;0.00097531
1977-02-01;0.00486675;0.00499661
1977-02-02;-0.00188774;-0.00175733
1977-02-03;-0.00511392;-0.00498433
1977-02-04;0.00016606;0.00029263
1977-02-07;-0.00028732;0.00009240
1977-02-08;-0.00297497;-0.00284812
1977-02-09;-0.00869149;-0.00856491
1977-02-10;0.00076471;0.00089156
1977-02-11;-0.00607942;-0.00595312
1977-02-14;0.00480228;0.00518283
1977-02-15;0.00284920;0.00297605
1977-02-16;0.00442416;0.00455073
1977-02-17;-0.00584250;-0.00571620
1977-02-18;-0.00439039;-0.00426272
1977-02-22;-0.00052164;-0.00000767
1977-02-23;-0.00311606;-0.00298729
1977-02-24;-0.00602032;-0.00589073
1977-02-25;-0.00133578;-0.00120674
1977-02-28;0.00302572;0.00341202
1977-03-01;0.00828446;0.00841323
1977-03-02;-0.00281134;-0.00268421
1977-03-03;0.00475275;0.00487905
1977-03-04;0.00304332;0.00317017
1977-03-07;0.00010613;0.00048832
1977-03-08;-0.00388268;-0.00375500
1977-03-09;-0.00776235;-0.00763551
1977-03-10;0.00556581;0.00569239
1977-03-11;-0.00032634;-0.00020059
1977-03-14;0.00726890;0.00764452
1977-03-15;0.00539447;0.00551968
1977-03-16;0.00173462;0.00186119
1977-03-17;-0.00100938;-0.00088280
1977-03-18;-0.00228284;-0.00215709
1977-03-21;-0.00578012;-0.00540532
1977-03-22;-0.00318676;-0.00306183
1977-03-23;-0.00804709;-0.00792271
1977-03-24;-0.00511769;-0.00499194
1977-03-25;-0.00654775;-0.00642118
1977-03-28;-0.00098871;-0.00061145
1977-03-29;0.00684203;0.00696778
1977-03-30;-0.01166288;-0.01153768
1977-03-31;-0.00134408;-0.00121970
1977-04-01;0.00790052;0.00802491
1977-04-04;-0.01025776;-0.00988379
1977-04-05;-0.00236759;-0.00224156
1977-04-06;-0.00114770;-0.00102222
1977-04-07;0.00436653;0.00449201
1977-04-11;0.00488152;0.00538125
1977-04-12;0.01271618;0.01284193
1977-04-13;-0.00002727;0.00009793
1977-04-14;0.00826083;0.00838466
1977-04-15;0.00027029;0.00039412
1977-04-18;-0.00532497;-0.00495429
1977-04-19;-0.00480051;-0.00467667
1977-04-20;0.00317249;0.00329577
1977-04-21;-0.00659876;-0.00647602
1977-04-22;-0.01325886;-0.01313475
1977-04-25;-0.01348251;-0.01311018
1977-04-26;-0.00053694;-0.00041365
1977-04-27;0.00862912;0.00875104
1977-04-28;0.00232779;0.00244806
1977-04-29;0.00231358;0.00244207
1977-05-02;0.00458149;0.00497190
1977-05-03;0.00492202;0.00505216
1977-05-04;0.00519997;0.00532847
1977-05-05;0.00136882;0.00149868
1977-05-06;-0.00632661;-0.00619511
1977-05-09;-0.00351699;-0.00312164
1977-05-10;0.00278672;0.00292206
1977-05-11;-0.00707676;-0.00693868
1977-05-12;-0.00064508;-0.00050809
1977-05-13;0.00289996;0.00303667
1977-05-16;0.00402721;0.00443734
1977-05-17;0.00287708;0.00301407
1977-05-18;0.00517386;0.00531030
1977-05-19;-0.00432881;-0.00418936
1977-05-20;-0.00444873;-0.00430708
1977-05-23;-0.01349929;-0.01307765
1977-05-24;-0.00503212;-0.00489239
1977-05-25;-0.00935525;-0.00921662
1977-05-26;0.00234038;0.00247819
1977-05-27;-0.00776671;-0.00763000
1977-05-31;-0.00211702;-0.00156579
1977-06-01;0.00828697;0.00842505
1977-06-02;-0.00210018;-0.00196210
1977-06-03;0.00968068;0.00981822
1977-06-06;-0.00512877;-0.00471453
1977-06-07;0.00500217;0.00514053
1977-06-08;0.00466862;0.00480725
1977-06-09;-0.00075209;-0.00061292
1977-06-10;0.00312010;0.00325873
1977-06-13;0.00242462;0.00283804
1977-06-14;0.01120374;0.01134100
1977-06-15;-0.00264296;-0.00250542
1977-06-16;0.00226994;0.00240748
1977-06-17;0.00106317;0.00119988
1977-06-20;0.00408382;0.00449560
1977-06-21;0.00304689;0.00318470
1977-06-22;-0.00291888;-0.00278135
1977-06-23;0.00145322;0.00159076
1977-06-24;0.00552652;0.00566296
1977-06-27;-0.00248626;-0.00208106
1977-06-28;-0.00845629;-0.00832040
1977-06-29;-0.00043766;-0.00030150
1977-06-30;0.00355758;0.00369402
1977-07-01;-0.00392130;-0.00378376
1977-07-05;-0.00066867;-0.00010757
1977-07-06;-0.00523761;-0.00509733
1977-07-07;0.00337284;0.00351284
1977-07-08;-0.00154345;-0.00140290
1977-07-11;-0.00283327;-0.00241080
1977-07-12;-0.00114781;-0.00100644
1977-07-13;0.00126445;0.00140582
1977-07-15;0.00563662;0.00592045
1977-07-18;0.00725466;0.00768041
1977-07-19;0.00817602;0.00831903
1977-07-20;-0.00073465;-0.00059137
1977-07-21;-0.00152140;-0.00137811
1977-07-22;0.00064392;0.00078556
1977-07-25;-0.00849517;-0.00807106
1977-07-26;-0.00589440;-0.00575303
1977-07-27;-0.01640186;-0.01625803
1977-07-28;0.00137109;0.00151876
1977-07-29;0.00045749;0.00060543
1977-08-01;0.00228593;0.00272566
1977-08-02;-0.00640491;-0.00625696
1977-08-03;-0.00146774;-0.00132171
1977-08-04;0.00361282;0.00375939
1977-08-05;0.00005433;0.00020063
1977-08-08;-0.00823969;-0.00780243
1977-08-09;0.00045888;0.00061039
1977-08-10;0.00872152;0.00887111
1977-08-11;-0.00783613;-0.00768489
1977-08-12;-0.00300536;-0.00285440
1977-08-15;0.00260388;0.00305922
1977-08-16;-0.00474068;-0.00458534
1977-08-17;-0.00005302;0.00010040
1977-08-18;-0.00076730;-0.00061579
1977-08-19;-0.00189243;-0.00174229
1977-08-22;0.00241616;0.00286575
1977-08-23;-0.00189239;-0.00174034
1977-08-24;-0.00414906;-0.00399700
1977-08-25;-0.01126111;-0.01110960
1977-08-26;-0.00108974;-0.00093796
1977-08-29;0.00848918;0.00894698
1977-08-30;-0.00572667;-0.00557352
1977-08-31;0.00389224;0.00404456
1977-09-01;0.00046578;0.00061811
1977-09-02;0.00624955;0.00640106
1977-09-06;0.00204886;0.00266036
1977-09-07;0.00291497;0.00306839
1977-09-08;-0.00760384;-0.00745014
1977-09-09;-0.00951526;-0.00935636
1977-09-12;-0.00401218;-0.00353382
1977-09-13;0.00046124;0.00062289
1977-09-14;0.00462444;0.00478526
1977-09-15;0.00242659;0.00258741
1977-09-16;-0.00346825;-0.00330770
1977-09-19;-0.00701725;-0.00653560
1977-09-20;0.00025458;0.00041540
1977-09-21;-0.00840135;-0.00824052
1977-09-22;-0.00027036;-0.00010707
1977-09-23;-0.00069075;-0.00052774
1977-09-26;0.00308100;0.00357169
1977-09-27;-0.00163192;-0.00146973
1977-09-28;0.00057252;0.00073307
1977-09-29;0.00550408;0.00566380
1977-09-30;0.00693113;0.00709250
1977-10-03;0.00168069;0.00216974
1977-10-04;-0.00750830;-0.00734118
1977-10-05;-0.00381456;-0.00364661
1977-10-06;0.00369719;0.00386514
1977-10-07;-0.00100249;-0.00083482
1977-10-10;-0.00280115;-0.00229814
1977-10-11;-0.00873767;-0.00856589
1977-10-12;-0.00955149;-0.00937725
1977-10-13;-0.00634375;-0.00616951
1977-10-14;0.00089573;0.00106806
1977-10-17;-0.00148387;-0.00096770
1977-10-18;-0.00028096;-0.00010890
1977-10-19;-0.01172588;-0.01155766
1977-10-20;0.00297044;0.00313729
1977-10-21;-0.00394534;-0.00377876
1977-10-24;-0.00798359;-0.00747976
1977-10-25;-0.00704589;-0.00687740
1977-10-26;0.01191887;0.01208599
1977-10-27;0.00243819;0.00260395
1977-10-28;0.00275740;0.00292206
1977-10-31;-0.00342915;-0.00292121
1977-11-01;-0.01089358;-0.01072317
1977-11-02;-0.00717835;-0.00700794
1977-11-03;0.00037943;0.00054929
1977-11-04;0.00886386;0.00903290
1977-11-07;0.00724073;0.00774703
1977-11-08;0.00167133;0.00184010
1977-11-09;0.00545364;0.00562214
1977-11-10;0.01843629;0.01860423
1977-11-11;0.01323949;0.01340744
1977-11-14;-0.00738273;-0.00688219
1977-11-15;0.00623046;0.00639758
1977-11-16;-0.00517242;-0.00500557
1977-11-17;-0.00320591;-0.00304016
1977-11-18;0.00161907;0.00178455
1977-11-21;-0.00134385;-0.00084494
1977-11-22;0.00865040;0.00881698
1977-11-23;0.00399509;0.00416085
1977-11-25;0.00173796;0.00206892
1977-11-28;-0.00722471;-0.00672827
1977-11-29;-0.01568204;-0.01551629
1977-11-30;0.00279400;0.00295948
1977-12-01;-0.00164345;-0.00147824
1977-12-02;-0.00037806;-0.00021313
1977-12-05;-0.00472493;-0.00423096
1977-12-06;-0.01544349;-0.01527719
1977-12-07;-0.00070766;-0.00054054
1977-12-08;0.00177158;0.00193816
1977-12-09;0.00725433;0.00742063
1977-12-12;-0.00071822;-0.00021931
1977-12-13;-0.00091529;-0.00074954
1977-12-14;0.00485584;0.00502160
1977-12-15;-0.00527133;-0.00510667
1977-12-16;-0.00176945;-0.00160534
1977-12-19;-0.00809651;-0.00760747
1977-12-20;-0.00221642;-0.00205176
1977-12-21;0.00577964;0.00594403
1977-12-22;0.00789087;0.00805826
1977-12-23;0.00931923;0.00948636
1977-12-27;-0.00068274;-0.00000767
1977-12-28;0.00046214;0.00063173
1977-12-29;0.00183432;0.00200336
1977-12-30;0.00151541;0.00168336
1978-01-03;-0.01414445;-0.01346719
1978-01-04;-0.00336830;-0.00319953
1978-01-05;-0.00851224;-0.00834238
1978-01-06;-0.01224992;-0.01207869
1978-01-09;-0.01124786;-0.01070211
1978-01-10;-0.00536946;-0.00518727
1978-01-11;-0.00495370;-0.00477069
1978-01-12;0.00070982;0.00088955
1978-01-13;-0.00162679;-0.00144926
1978-01-16;-0.00343559;-0.00290463
1978-01-17;0.00485187;0.00502995
1978-01-18;0.00738564;0.00756373
1978-01-19;-0.00536938;-0.00519185
1978-01-20;-0.00239945;-0.00222192
1978-01-23;-0.00776531;-0.00723681
1978-01-24;-0.00006630;0.00011014
1978-01-25;0.00138972;0.00156671
1978-01-26;-0.00923950;-0.00906333
1978-01-27;-0.00017781;-0.00000192
1978-01-30;0.00804557;0.00857406
1978-01-31;-0.00118520;-0.00100931
1978-02-01;0.00744151;0.00761713
1978-02-02;0.00204614;0.00222203
1978-02-03;-0.00583630;-0.00566041
1978-02-06;-0.00187488;-0.00134474
1978-02-07;0.00909484;0.00927183
1978-02-08;0.00535690;0.00553334
1978-02-09;-0.00601316;-0.00583699
1978-02-10;-0.00261468;-0.00243824
1978-02-13;-0.00297734;-0.00244803
1978-02-14;-0.00930448;-0.00912722
1978-02-15;-0.00253849;-0.00236041
1978-02-16;-0.00862337;-0.00844501
1978-02-17;-0.00154103;-0.00136432
1978-02-21;-0.00492646;-0.00421413
1978-02-22;-0.00052168;-0.00034442
1978-02-23;0.00073558;0.00091174
1978-02-24;0.00952151;0.00969685
1978-02-27;-0.00923333;-0.00870730
1978-02-28;-0.00792975;-0.00775386
1978-03-01;0.00154554;0.00172143
1978-03-02;0.00131401;0.00148908
1978-03-03;0.00131316;0.00148686
1978-03-06;-0.00681451;-0.00629506
1978-03-07;0.00511837;0.00529152
1978-03-08;0.00532026;0.00549259
1978-03-09;0.00039607;0.00056730
1978-03-10;0.01109011;0.01126216
1978-03-13;0.00026648;0.00078183
1978-03-14;0.00432239;0.00449499
1978-03-15;-0.00274785;-0.00257606
1978-03-16;0.00420297;0.00437420
1978-03-17;0.00753576;0.00770672
1978-03-20;0.00636156;0.00686786
1978-03-21;-0.01151344;-0.01134303
1978-03-22;-0.00373620;-0.00356579
1978-03-23;-0.00140234;-0.00123138
1978-03-27;-0.00617933;-0.00549111
1978-03-28;0.00691503;0.00708709
1978-03-29;0.00139027;0.00156233
1978-03-30;-0.00274226;-0.00256774
1978-03-31;-0.00241606;-0.00223880
1978-04-03;-0.00893151;-0.00841288
1978-04-04;0.00434483;0.00451990
1978-04-05;0.00860004;0.00877593
1978-04-06;0.00149583;0.00167144
1978-04-07;0.00405648;0.00423018
1978-04-10;0.00302200;0.00354310
1978-04-11;-0.00282812;-0.00265414
1978-04-12;-0.00172659;-0.00155316
1978-04-13;0.00948062;0.00965295
1978-04-14;0.02115323;0.02132145
1978-04-17;0.01595865;0.01646002
1978-04-18;-0.01096978;-0.01080128
1978-04-19;0.00442731;0.00460046
1978-04-20;0.00707031;0.00724291
1978-04-21;-0.00228866;-0.00211742
1978-04-24;0.01465164;0.01515219
1978-04-25;0.00891194;0.00908235
1978-04-26;0.00168943;0.00186066
1978-04-27;-0.01009175;-0.00991722
1978-04-28;0.00994303;0.01011701
1978-05-01;0.00815061;0.00866924
1978-05-02;-0.00447910;-0.00430211
1978-05-03;-0.01035693;-0.01018187
1978-05-04;-0.00360356;-0.00343013
1978-05-05;0.00607648;0.00625264
1978-05-08;-0.00405071;-0.00352797
1978-05-09;-0.00319350;-0.00301678
1978-05-10;0.00003156;0.00020663
1978-05-11;0.01316939;0.01334254
1978-05-12;0.00877527;0.00894870
1978-05-15;0.00651634;0.00703004
1978-05-16;0.00579846;0.00597216
1978-05-17;0.00234238;0.00251444
1978-05-18;-0.01001525;-0.00984128
1978-05-19;-0.00524695;-0.00507188
1978-05-22;0.00935243;0.00988010
1978-05-23;-0.01067496;-0.01049743
1978-05-24;-0.01007319;-0.00989483
1978-05-25;-0.00306422;-0.00288614
1978-05-26;-0.00245629;-0.00227465
1978-05-30;0.00216490;0.00289148
1978-05-31;0.00373908;0.00392127
1978-06-01;0.00094821;0.00112930
1978-06-02;0.00793258;0.00811313
1978-06-05;0.01789564;0.01843729
1978-06-06;0.00351884;0.00369993
1978-06-07;-0.00217746;-0.00199554
1978-06-08;0.00071536;0.00089700
1978-06-09;-0.00297824;-0.00279605
1978-06-12;-0.00435252;-0.00380842
1978-06-13;0.00001734;0.00019899
1978-06-14;-0.00108745;-0.00090580
1978-06-15;-0.01164397;-0.01146151
1978-06-16;-0.00954133;-0.00935722
1978-06-19;0.00016292;0.00071278
1978-06-20;-0.01023889;-0.01005423
1978-06-21;-0.00537013;-0.00518273
1978-06-22;0.00220709;0.00239367
1978-06-23;-0.00424223;-0.00405429
1978-06-26;-0.01361244;-0.01304696
1978-06-27;0.00382486;0.00401500
1978-06-28;0.00423157;0.00442007
1978-06-29;0.00159046;0.00178005
1978-06-30;-0.00061251;-0.00042046
1978-07-03;-0.00518287;-0.00461164
1978-07-05;-0.00901464;-0.00862725
1978-07-06;0.00033505;0.00052847
1978-07-07;0.00584600;0.00604134
1978-07-10;0.00341039;0.00399888
1978-07-11;0.00672850;0.00692576
1978-07-12;0.00303262;0.00322961
1978-07-13;-0.00009472;0.00010199
1978-07-14;0.01362257;0.01381626
1978-07-17;0.00146933;0.00204385
1978-07-18;-0.00950277;-0.00930852
1978-07-19;0.01270855;0.01290197
1978-07-20;-0.00111286;-0.00091916
1978-07-21;-0.00305052;-0.00285819
1978-07-24;-0.00087403;-0.00031266
1978-07-25;0.00717648;0.00736607
1978-07-26;0.00631046;0.00649950
1978-07-27;0.00445559;0.00464080
1978-07-28;0.00443468;0.00461934
1978-07-31;0.00623863;0.00679425
1978-08-01;-0.00038906;-0.00020057
1978-08-02;0.02226469;0.02244990
1978-08-03;0.00554439;0.00573069
1978-08-04;0.00377330;0.00395905
1978-08-07;-0.00412180;-0.00356618
1978-08-08;0.00425627;0.00444038
1978-08-09;0.00452451;0.00470917
1978-08-10;-0.00822787;-0.00804020
1978-08-11;0.00270421;0.00289216
1978-08-14;-0.00047504;0.00009044
1978-08-15;-0.00134760;-0.00115610
1978-08-16;0.00750314;0.00770150
1978-08-17;0.00391003;0.00410702
1978-08-18;-0.00353271;-0.00333271
1978-08-21;-0.00862309;-0.00802638
1978-08-22;0.00384137;0.00404082
1978-08-23;0.00555236;0.00575017
1978-08-24;0.00142016;0.00161852
1978-08-25;-0.00191325;-0.00171490
1978-08-28;-0.00956913;-0.00896667
1978-08-29;-0.00568891;-0.00548480
1978-08-30;0.00085708;0.00106201
1978-08-31;-0.00223748;-0.00203090
1978-09-01;0.00356290;0.00377386
1978-09-05;0.00697524;0.00780483
1978-09-06;0.00830797;0.00851564
1978-09-07;0.00016972;0.00037766
1978-09-08;0.01278358;0.01299372
1978-09-11;0.00113974;0.00177344
1978-09-12;-0.00012077;0.00009156
1978-09-13;-0.00628985;-0.00607725
1978-09-14;-0.01187551;-0.01166263
1978-09-15;-0.00954226;-0.00932637
1978-09-18;-0.00939498;-0.00874567
1978-09-19;-0.00680823;-0.00659043
1978-09-20;-0.00802588;-0.00780451
1978-09-21;0.00144890;0.00166917
1978-09-22;-0.00081402;-0.00059073
1978-09-25;-0.00047430;0.00019063
1978-09-26;0.00723985;0.00745930
1978-09-27;-0.00957298;-0.00935682
1978-09-28;0.00273457;0.00294910
1978-09-29;0.00546796;0.00568659
1978-10-02;0.00343432;0.00409021
1978-10-03;-0.00372198;-0.00349842
1978-10-04;0.00425740;0.00448151
1978-10-05;0.00181135;0.00203573
1978-10-06;0.00219454;0.00241892
1978-10-09;0.00965726;0.01033041
1978-10-10;-0.00146980;-0.00124487
1978-10-11;0.00867937;0.00890101
1978-10-12;-0.00505424;-0.00484109
1978-10-13;-0.00231380;-0.00209955
1978-10-16;-0.02024066;-0.01959299
1978-10-17;-0.01338182;-0.01315853
1978-10-18;-0.00782364;-0.00760611
1978-10-19;-0.01175768;-0.01154535
1978-10-20;-0.01410733;-0.01389500
1978-10-23;0.00172430;0.00234238
1978-10-24;-0.00724270;-0.00702983
1978-10-25;-0.00205484;-0.00184826
1978-10-26;-0.01336836;-0.01315576
1978-10-27;-0.01521449;-0.01499723
1978-10-30;0.00426689;0.00496306
1978-10-31;-0.02033422;-0.02009449
1978-11-01;0.03947650;0.03971896
1978-11-02;-0.01304522;-0.01280522
1978-11-03;0.00571871;0.00595980
1978-11-06;-0.01102553;-0.01029895
1978-11-07;-0.01432122;-0.01407903
1978-11-08;0.00614496;0.00639126
1978-11-09;-0.00056119;-0.00031955
1978-11-10;0.00347177;0.00370492
1978-11-13;-0.01798725;-0.01731081
1978-11-14;-0.00710143;-0.00687403
1978-11-15;0.00215699;0.00237672
1978-11-16;0.01056057;0.01078441
1978-11-17;0.00735602;0.00757465
1978-11-20;0.00810996;0.00878476
1978-11-21;-0.00276352;-0.00252160
1978-11-22;0.00470849;0.00494493
1978-11-24;0.00275744;0.00324292
1978-11-27;0.00134571;0.00208215
1978-11-28;-0.00900269;-0.00875283
1978-11-29;-0.01496156;-0.01471553
1978-11-30;0.00923457;0.00948142
1978-12-01;0.00000000;0.00024247
1978-12-04;0.00000000;0.00073562
1978-12-05;0.00000000;0.00024521
1978-12-06;0.00000000;0.00024356
1978-12-07;0.00000000;0.00024384
1978-12-08;0.00000000;0.00024521
1978-12-11;0.00000000;0.00073397
1978-12-12;0.00000000;0.00024274
1978-12-13;0.00000000;0.00024329
1978-12-14;0.00000000;0.00024384
1978-12-15;0.00000000;0.00024877
1978-12-18;0.00000000;0.00076110
1978-12-19;0.00000000;0.00025233
1978-12-20;0.00000000;0.00025342
1978-12-21;0.00000000;0.00025452
1978-12-22;0.00000000;0.00025671
1978-12-26;0.00000000;0.00102575
1978-12-27;0.00000000;0.00025178
1978-12-28;0.00000000;0.00025205
1978-12-29;0.00000000;0.00025370
1979-01-02;0.00000000;0.00103123
1979-01-03;0.00000000;0.00025507
1979-01-04;0.00000000;0.00025507
1979-01-05;0.00000000;0.00025589
1979-01-08;0.00000000;0.00076932
1979-01-09;0.00000000;0.00025397
1979-01-10;0.00000000;0.00025342
1979-01-11;0.00000000;0.00025425
1979-01-12;0.00000000;0.00025616
1979-01-15;0.00000000;0.00077589
1979-01-16;0.00000000;0.00025863
1979-01-17;0.00000000;0.00025863
1979-01-18;0.00000000;0.00025918
1979-01-19;0.00000000;0.00025753
1979-01-22;0.00000000;0.00076767
1979-01-23;0.00000000;0.00025644
1979-01-24;0.00000000;0.00025616
1979-01-25;0.00000000;0.00025562
1979-01-26;0.00000000;0.00025589
1979-01-29;0.00000000;0.00076849
1979-01-30;0.00000000;0.00025397
1979-01-31;0.00000000;0.00025452
1979-02-01;0.00000000;0.00025342
1979-02-02;0.00000000;0.00025342
1979-02-05;0.00000000;0.00075452
1979-02-06;0.00000000;0.00025233
1979-02-07;0.00000000;0.00025342
1979-02-08;0.00000000;0.00025315
1979-02-09;0.00000000;0.00025507
1979-02-12;0.00000000;0.00076521
1979-02-13;0.00000000;0.00025452
1979-02-14;0.00000000;0.00025397
1979-02-15;0.00000000;0.00025370
1979-02-16;0.00000000;0.00025452
1979-02-20;0.00000000;0.00102795
1979-02-21;0.00000000;0.00025808
1979-02-22;0.00000000;0.00025781
1979-02-23;0.00000000;0.00025863
1979-02-26;0.00000000;0.00077753
1979-02-27;0.00000000;0.00025945
1979-02-28;0.00000000;0.00025890
1979-03-01;0.00000000;0.00025753
1979-03-02;0.00000000;0.00025781
1979-03-05;0.00000000;0.00077260
1979-03-06;0.00000000;0.00025808
1979-03-07;0.00000000;0.00025808
1979-03-08;0.00000000;0.00025808
1979-03-09;0.00000000;0.00026082
1979-03-12;0.00000000;0.00078164
1979-03-13;0.00000000;0.00026055
1979-03-14;0.00000000;0.00026082
1979-03-15;0.00000000;0.00026000
1979-03-16;0.00000000;0.00026082
1979-03-19;0.00000000;0.00078082
1979-03-20;0.00000000;0.00026082
1979-03-21;0.00000000;0.00026192
1979-03-22;0.00000000;0.00026192
1979-03-23;0.00000000;0.00026164
1979-03-26;0.00000000;0.00078411
1979-03-27;0.00000000;0.00026000
1979-03-28;0.00000000;0.00025836
1979-03-29;0.00000000;0.00025726
1979-03-30;0.00000000;0.00025863
1979-04-02;0.00000000;0.00078411
1979-04-03;0.00000000;0.00026082
1979-04-04;0.00000000;0.00026000
1979-04-05;0.00000000;0.00026000
1979-04-06;0.00000000;0.00026301
1979-04-09;0.00000000;0.00079068
1979-04-10;0.00000000;0.00026712
1979-04-11;0.00000000;0.00026630
1979-04-12;0.00000000;0.00026548
1979-04-16;0.00000000;0.00105863
1979-04-17;0.00000000;0.00026027
1979-04-18;0.00000000;0.00025452
1979-04-19;0.00000000;0.00025479
1979-04-20;0.00000000;0.00025507
1979-04-23;0.00000000;0.00075616
1979-04-24;0.00000000;0.00024932
1979-04-25;0.00000000;0.00024849
1979-04-26;0.00000000;0.00025041
1979-04-27;0.00000000;0.00026466
1979-04-30;0.00000000;0.00078575
1979-05-01;0.00000000;0.00026027
1979-05-02;0.00000000;0.00026164
1979-05-03;0.00000000;0.00026329
1979-05-04;0.00000000;0.00026521
1979-05-07;0.00000000;0.00079397
1979-05-08;0.00000000;0.00026466
1979-05-09;0.00000000;0.00026411
1979-05-10;0.00000000;0.00026411
1979-05-11;0.00000000;0.00026192
1979-05-14;0.00000000;0.00078493
1979-05-15;0.00000000;0.00026301
1979-05-16;0.00000000;0.00026219
1979-05-17;0.00000000;0.00026219
1979-05-18;0.00000000;0.00026630
1979-05-21;0.00000000;0.00080301
1979-05-22;0.00000000;0.00026575
1979-05-23;0.00000000;0.00026493
1979-05-24;0.00000000;0.00026110
1979-05-25;0.00000000;0.00026137
1979-05-29;0.00000000;0.00104658
1979-05-30;0.00000000;0.00026164
1979-05-31;0.00000000;0.00026219
1979-06-01;0.00000000;0.00026082
1979-06-04;0.00000000;0.00078411
1979-06-05;0.00000000;0.00025863
1979-06-06;0.00000000;0.00025616
1979-06-07;0.00000000;0.00025452
1979-06-08;0.00000000;0.00025151
1979-06-11;0.00000000;0.00074466
1979-06-12;0.00000000;0.00024329
1979-06-13;0.00000000;0.00024301
1979-06-14;0.00000000;0.00024384
1979-06-15;0.00000000;0.00025068
1979-06-18;0.00000000;0.00073562
1979-06-19;0.00000000;0.00024575
1979-06-20;0.00000000;0.00024493
1979-06-21;0.00000000;0.00024548
1979-06-22;0.00000000;0.00024630
1979-06-25;0.00000000;0.00071918
1979-06-26;0.00000000;0.00024000
1979-06-27;0.00000000;0.00024137
1979-06-28;0.00000000;0.00024384
1979-06-29;0.00000000;0.00024521
1979-07-02;0.00000000;0.00073397
1979-07-03;0.00000000;0.00024822
1979-07-05;0.00000000;0.00050356
1979-07-06;0.00000000;0.00025205
1979-07-09;0.00000000;0.00076110
1979-07-10;0.00000000;0.00025534
1979-07-11;0.00000000;0.00025397
1979-07-12;0.00000000;0.00025370
1979-07-13;0.00000000;0.00025479
1979-07-16;0.00000000;0.00076932
1979-07-17;0.00000000;0.00025425
1979-07-18;0.00000000;0.00025342
1979-07-19;0.00000000;0.00025370
1979-07-20;0.00000000;0.00025808
1979-07-23;0.00000000;0.00077589
1979-07-24;0.00000000;0.00025699
1979-07-25;0.00000000;0.00025260
1979-07-26;0.00000000;0.00025014
1979-07-27;0.00000000;0.00025288
1979-07-30;0.00000000;0.00074712
1979-07-31;0.00000000;0.00025151
1979-08-01;0.00000000;0.00025096
1979-08-02;0.00000000;0.00025562
1979-08-03;0.00000000;0.00025699
1979-08-06;0.00000000;0.00076767
1979-08-07;0.00000000;0.00025753
1979-08-08;0.00000000;0.00025753
1979-08-09;0.00000000;0.00025753
1979-08-10;0.00000000;0.00025918
1979-08-13;0.00000000;0.00077836
1979-08-14;0.00000000;0.00026000
1979-08-15;0.00000000;0.00026164
1979-08-16;0.00000000;0.00026082
1979-08-17;0.00000000;0.00026247
1979-08-20;0.00000000;0.00078082
1979-08-21;0.00000000;0.00026137
1979-08-22;0.00000000;0.00026192
1979-08-23;0.00000000;0.00026110
1979-08-24;0.00000000;0.00026411
1979-08-27;0.00000000;0.00079315
1979-08-28;0.00000000;0.00026685
1979-08-29;0.00000000;0.00026767
1979-08-30;0.00000000;0.00026712
1979-08-31;0.00000000;0.00026877
1979-09-04;0.00000000;0.00109808
1979-09-05;0.00000000;0.00027589
1979-09-06;0.00000000;0.00028137
1979-09-07;0.00000000;0.00028548
1979-09-10;0.00000000;0.00086712
1979-09-11;0.00000000;0.00028630
1979-09-12;0.00000000;0.00028630
1979-09-13;0.00000000;0.00028767
1979-09-14;0.00000000;0.00028192
1979-09-17;0.00000000;0.00085233
1979-09-18;0.00000000;0.00028493
1979-09-19;0.00000000;0.00027945
1979-09-20;0.00000000;0.00027973
1979-09-21;0.00000000;0.00027671
1979-09-24;0.00000000;0.00082438
1979-09-25;0.00000000;0.00027562
1979-09-26;0.00000000;0.00028000
1979-09-27;0.00000000;0.00028164
1979-09-28;0.00000000;0.00027726
1979-10-01;0.00000000;0.00083425
1979-10-02;0.00000000;0.00028411
1979-10-03;0.00000000;0.00028466
1979-10-04;0.00000000;0.00028932
1979-10-05;0.00000000;0.00029315
1979-10-08;0.00000000;0.00087945
1979-10-09;0.00000000;0.00032384
1979-10-10;0.00000000;0.00032164
1979-10-11;0.00000000;0.00031699
1979-10-12;0.00000000;0.00031096
1979-10-15;0.00000000;0.00095342
1979-10-16;0.00000000;0.00032438
1979-10-17;0.00000000;0.00032027
1979-10-18;0.00000000;0.00033014
1979-10-19;0.00000000;0.00033890
1979-10-22;0.00000000;0.00105534
1979-10-23;0.00000000;0.00035644
1979-10-24;0.00000000;0.00034849
1979-10-25;0.00000000;0.00034329
1979-10-26;0.00000000;0.00032630
1979-10-29;0.00000000;0.00098795
1979-10-30;0.00000000;0.00033096
1979-10-31;0.00000000;0.00033205
1979-11-01;0.00000000;0.00033041
1979-11-02;0.00000000;0.00033014
1979-11-05;0.00000000;0.00099123
1979-11-06;0.00000000;0.00033041
1979-11-07;0.00000000;0.00034192
1979-11-08;0.00000000;0.00034082
1979-11-09;0.00000000;0.00032877
1979-11-12;0.00000000;0.00098630
1979-11-13;0.00000000;0.00033041
1979-11-14;0.00000000;0.00032712
1979-11-15;0.00000000;0.00032055
1979-11-16;0.00000000;0.00032630
1979-11-19;0.00000000;0.00098548
1979-11-20;0.00000000;0.00032658
1979-11-21;0.00000000;0.00032356
1979-11-23;0.00000000;0.00062137
1979-11-26;0.00000000;0.00090822
1979-11-27;0.00000000;0.00030384
1979-11-28;0.00000000;0.00031233
1979-11-29;0.00000000;0.00030877
1979-11-30;0.00000000;0.00031479
1979-12-03;0.00000000;0.00097233
1979-12-04;0.00000000;0.00032000
1979-12-05;0.00000000;0.00031890
1979-12-06;0.00000000;0.00031918
1979-12-07;0.00000000;0.00032685
1979-12-10;0.00000000;0.00099370
1979-12-11;0.00000000;0.00033671
1979-12-12;0.00000000;0.00034521
1979-12-13;0.00000000;0.00034027
1979-12-14;0.00000000;0.00033699
1979-12-17;0.00000000;0.00100603
1979-12-18;0.00000000;0.00033342
1979-12-19;0.00000000;0.00032630
1979-12-20;0.00000000;0.00032603
1979-12-21;0.00000000;0.00033096
1979-12-24;0.00000000;0.00099041
1979-12-26;0.00000000;0.00065753
1979-12-27;0.00000000;0.00032795
1979-12-28;0.00000000;0.00032658
1979-12-31;0.00000000;0.00098959
1980-01-02;0.00000000;0.00066685
1980-01-03;0.00000000;0.00033151
1980-01-04;0.00000000;0.00033151
1980-01-07;0.00000000;0.00097479
1980-01-08;0.00000000;0.00032274
1980-01-09;0.00000000;0.00032219
1980-01-10;0.00000000;0.00031370
1980-01-11;0.00000000;0.00032219
1980-01-14;0.00000000;0.00097315
1980-01-15;0.00000000;0.00032521
1980-01-16;0.00000000;0.00032384
1980-01-17;0.00000000;0.00032712
1980-01-18;0.00000000;0.00033068
1980-01-21;0.00000000;0.00100521
1980-01-22;0.00000000;0.00033315
1980-01-23;0.00000000;0.00032932
1980-01-24;0.00000000;0.00033342
1980-01-25;0.00000000;0.00033671
1980-01-28;0.00000000;0.00100110
1980-01-29;0.00000000;0.00033589
1980-01-30;0.00000000;0.00033233
1980-01-31;0.00000000;0.00032877
1980-02-01;0.00000000;0.00033342
1980-02-04;0.00000000;0.00098466
1980-02-05;0.00000000;0.00033479
1980-02-06;0.00000000;0.00033041
1980-02-07;0.00000000;0.00032658
1980-02-08;0.00000000;0.00033068
1980-02-11;0.00000000;0.00100438
1980-02-12;0.00000000;0.00033479
1980-02-13;0.00000000;0.00033370
1980-02-14;0.00000000;0.00033507
1980-02-15;0.00000000;0.00035068
1980-02-19;0.00000000;0.00146849
1980-02-20;0.00000000;0.00036438
1980-02-21;0.00000000;0.00036767
1980-02-22;0.00000000;0.00036658
1980-02-25;0.00000000;0.00112192
1980-02-26;0.00000000;0.00037945
1980-02-27;0.00000000;0.00037918
1980-02-28;0.00000000;0.00037178
1980-02-29;0.00000000;0.00038384
1980-03-03;0.00000000;0.00123288
1980-03-04;0.00000000;0.00041507
1980-03-05;0.00000000;0.00042110
1980-03-06;0.00000000;0.00043014
1980-03-07;0.00000000;0.00042822
1980-03-10;0.00000000;0.00125425
1980-03-11;0.00000000;0.00042137
1980-03-12;0.00000000;0.00042740
1980-03-13;0.00000000;0.00041425
1980-03-14;0.00000000;0.00041781
1980-03-17;0.00000000;0.00120575
1980-03-18;0.00000000;0.00040055
1980-03-19;0.00000000;0.00039260
1980-03-20;0.00000000;0.00041151
1980-03-21;0.00000000;0.00041507
1980-03-24;0.00000000;0.00130932
1980-03-25;0.00000000;0.00043836
1980-03-26;0.00000000;0.00043644
1980-03-27;0.00000000;0.00041425
1980-03-28;0.00000000;0.00040411
1980-03-31;0.00000000;0.00117041
1980-04-01;0.00000000;0.00041178
1980-04-02;0.00000000;0.00040767
1980-04-03;0.00000000;0.00041014
1980-04-07;0.00000000;0.00157918
1980-04-08;0.00000000;0.00039671
1980-04-09;0.00000000;0.00039205
1980-04-10;0.00000000;0.00039178
1980-04-11;0.00000000;0.00038329
1980-04-14;0.00000000;0.00113753
1980-04-15;0.00000000;0.00037863
1980-04-16;0.00000000;0.00036986
1980-04-17;0.00000000;0.00036986
1980-04-18;0.00000000;0.00036164
1980-04-21;0.00000000;0.00106274
1980-04-22;0.00000000;0.00033562
1980-04-23;0.00000000;0.00032904
1980-04-24;0.00000000;0.00032630
1980-04-25;0.00000000;0.00032356
1980-04-28;0.00000000;0.00090411
1980-04-29;0.00000000;0.00029425
1980-04-30;-0.00065000;-0.00036534
1980-05-01;-0.00809458;-0.00781074
1980-05-02;0.00086609;0.00113595
1980-05-05;0.00677747;0.00757144
1980-05-06;-0.00148423;-0.00122395
1980-05-07;0.00850500;0.00875102
1980-05-08;-0.01003825;-0.00979852
1980-05-09;-0.01352888;-0.01328751
1980-05-12;-0.00013965;0.00056720
1980-05-13;0.01427782;0.01450467
1980-05-14;0.00494910;0.00517212
1980-05-15;0.00107244;0.00130833
1980-05-16;0.00311521;0.00336288
1980-05-19;0.00224447;0.00297515
1980-05-20;-0.00069342;-0.00046630
1980-05-21;0.00070646;0.00092728
1980-05-22;0.01175577;0.01197357
1980-05-23;0.01456079;0.01476737
1980-05-27;0.00621939;0.00704349
1980-05-28;0.00571282;0.00592268
1980-05-29;-0.01619139;-0.01597550
1980-05-30;0.00858234;0.00879467
1980-06-02;-0.00497006;-0.00432075
1980-06-03;-0.00246754;-0.00225905
1980-06-04;0.01879787;0.01900089
1980-06-05;0.00130607;0.00150772
1980-06-06;0.00352242;0.00372215
1980-06-09;0.00393489;0.00449955
1980-06-10;0.00817075;0.00835267
1980-06-11;0.01168663;0.01185924
1980-06-12;-0.00448138;-0.00431152
1980-06-13;0.00233915;0.00250847
1980-06-16;0.00188844;0.00241200
1980-06-17;-0.00070342;-0.00051876
1980-06-18;0.00178937;0.00198033
1980-06-19;-0.01395541;-0.01376417
1980-06-20;-0.00541944;-0.00523478
1980-06-23;0.00335269;0.00393954
1980-06-24;0.00529979;0.00549979
1980-06-25;0.01351722;0.01372051
1980-06-26;-0.00474982;-0.00454270
1980-06-27;-0.00184813;-0.00163717
1980-06-30;-0.01582584;-0.01517817
1980-07-01;0.00581772;0.00603800
1980-07-02;0.00630626;0.00652379
1980-07-03;0.01517138;0.01538536
1980-07-07;0.00615555;0.00705856
1980-07-08;-0.00402695;-0.00380613
1980-07-09;0.00096778;0.00118613
1980-07-10;-0.00895029;-0.00873221
1980-07-11;0.00738434;0.00760817
1980-07-14;0.01773672;0.01840905
1980-07-15;-0.00613864;-0.00591809
1980-07-16;0.00255162;0.00276422
1980-07-17;0.01490998;0.01512807
1980-07-18;0.00472071;0.00493879
1980-07-21;0.00319942;0.00384544
1980-07-22;-0.00282984;-0.00261395
1980-07-23;-0.00234427;-0.00212975
1980-07-24;-0.00136957;-0.00115012
1980-07-25;-0.00851543;-0.00829488
1980-07-28;0.00470114;0.00537593
1980-07-29;0.00775883;0.00798622
1980-07-30;-0.00162040;-0.00139081
1980-07-31;-0.00481961;-0.00458344
1980-08-01;-0.00402099;-0.00378264
1980-08-04;-0.00261342;-0.00190329
1980-08-05;-0.00222462;-0.00198572
1980-08-06;0.00647247;0.00670671
1980-08-07;0.01416586;0.01439545
1980-08-08;0.00227611;0.00251228
1980-08-11;0.00873375;0.00945950
1980-08-12;-0.00817259;-0.00793588
1980-08-13;-0.00435604;-0.00412180
1980-08-14;0.01574646;0.01597797
1980-08-15;0.00351660;0.00375058
1980-08-18;-0.01928777;-0.01853900
1980-08-19;-0.00666137;-0.00640438
1980-08-20;0.00928624;0.00954131
1980-08-21;0.01338669;0.01365244
1980-08-22;0.00420029;0.00446166
1980-08-25;-0.00763390;-0.00683007
1980-08-26;-0.00283097;-0.00255865
1980-08-27;-0.01085134;-0.01057545
1980-08-28;-0.01194269;-0.01165995
1980-08-29;0.00218261;0.00245549
1980-09-02;0.01002361;0.01110526
1980-09-03;0.01896511;0.01923196
1980-09-04;-0.00581931;-0.00555219
1980-09-05;-0.00457512;-0.00430745
1980-09-08;-0.01340796;-0.01257782
1980-09-09;0.00588634;0.00616141
1980-09-10;0.00569013;0.00596246
1980-09-11;0.00653063;0.00680843
1980-09-12;-0.00123688;-0.00095688
1980-09-15;0.00016923;0.00102977
1980-09-16;0.00823053;0.00851245
1980-09-17;0.01652085;0.01680414
1980-09-18;-0.00392709;-0.00364900
1980-09-19;0.00634323;0.00661802
1980-09-22;0.00802379;0.00889173
1980-09-23;-0.00772358;-0.00744057
1980-09-24;0.00698234;0.00726070
1980-09-25;-0.01294204;-0.01265820
1980-09-26;-0.01871041;-0.01841397
1980-09-29;-0.02316447;-0.02224556
1980-09-30;0.01522618;0.01553961
1980-10-01;0.01299540;0.01330910
1980-10-02;0.00723352;0.00754941
1980-10-03;0.00936836;0.00967878
1980-10-06;0.01763581;0.01855143
1980-10-07;-0.00585315;-0.00554356
1980-10-08;0.00464813;0.00495991
1980-10-09;-0.00494062;-0.00463542
1980-10-10;-0.00603358;-0.00572536
1980-10-13;0.01242441;0.01334907
1980-10-14;-0.00038396;-0.00007766
1980-10-15;0.01242452;0.01272343
1980-10-16;-0.01137230;-0.01107148
1980-10-17;-0.00560297;-0.00529612
1980-10-20;0.00735237;0.00828196
1980-10-21;-0.00612732;-0.00580842
1980-10-22;0.00028132;0.00060488
1980-10-23;-0.01844197;-0.01811896
1980-10-24;0.00214691;0.00246855
1980-10-27;-0.01618889;-0.01517710
1980-10-28;0.00098526;0.00132745
1980-10-29;-0.00143825;-0.00109524
1980-10-30;-0.01301063;-0.01266707
1980-10-31;0.00834344;0.00869166
1980-11-03;0.00000000;0.00108247
1980-11-05;0.00000000;0.00073425
1980-11-06;0.00000000;0.00036986
1980-11-07;0.00000000;0.00035726
1980-11-10;0.00000000;0.00110795
1980-11-11;0.00000000;0.00036932
1980-11-12;0.00000000;0.00036110
1980-11-13;0.00000000;0.00035863
1980-11-14;0.00000000;0.00036685
1980-11-17;0.00000000;0.00116630
1980-11-18;0.00000000;0.00037507
1980-11-19;0.00000000;0.00037589
1980-11-20;0.00000000;0.00038247
1980-11-21;0.00000000;0.00039233
1980-11-24;0.00000000;0.00118438
1980-11-25;0.00000000;0.00038795
1980-11-26;0.00000000;0.00038904
1980-11-28;0.00000000;0.00079342
1980-12-01;0.00000000;0.00120904
1980-12-02;0.00000000;0.00040603
1980-12-03;0.00000000;0.00040164
1980-12-04;0.00000000;0.00040712
1980-12-05;0.00000000;0.00043397
1980-12-08;0.00000000;0.00135863
1980-12-09;0.00000000;0.00045808
1980-12-10;0.00000000;0.00046247
1980-12-11;0.00000000;0.00046959
1980-12-12;0.00000000;0.00045342
1980-12-15;0.00000000;0.00137836
1980-12-16;0.00000000;0.00045753
1980-12-17;0.00000000;0.00045123
1980-12-18;0.00000000;0.00044384
1980-12-19;0.00000000;0.00040904
1980-12-22;0.00000000;0.00121973
1980-12-23;0.00000000;0.00039699
1980-12-24;0.00000000;0.00040301
1980-12-26;0.00000000;0.00079178
1980-12-29;0.00000000;0.00116548
1980-12-30;0.00000000;0.00038685
1980-12-31;0.00000000;0.00039178
1981-01-02;0.00000000;0.00080274
1981-01-05;0.00000000;0.00111123
1981-01-06;0.00000000;0.00037205
1981-01-07;0.00000000;0.00039726
1981-01-08;0.00000000;0.00040438
1981-01-09;0.00000000;0.00041644
1981-01-12;0.00000000;0.00125096
1981-01-13;0.00000000;0.00041753
1981-01-14;0.00000000;0.00041315
1981-01-15;0.00000000;0.00041781
1981-01-16;0.00000000;0.00041507
1981-01-19;0.00000000;0.00129781
1981-01-20;0.00000000;0.00041973
1981-01-21;0.00000000;0.00043041
1981-01-22;0.00000000;0.00043068
1981-01-23;0.00000000;0.00043014
1981-01-26;0.00000000;0.00126164
1981-01-27;0.00000000;0.00041644
1981-01-28;0.00000000;0.00041260
1981-01-29;0.00000000;0.00040740
1981-01-30;0.00000000;0.00039973
1981-02-02;0.00000000;0.00122466
1981-02-03;0.00000000;0.00040685
1981-02-04;0.00000000;0.00040192
1981-02-05;0.00000000;0.00040384
1981-02-06;0.00000000;0.00041973
1981-02-09;0.00000000;0.00127562
1981-02-10;0.00000000;0.00042356
1981-02-11;0.00000000;0.00042575
1981-02-12;0.00000000;0.00042575
1981-02-13;0.00000000;0.00042493
1981-02-17;0.00000000;0.00165918
1981-02-18;0.00000000;0.00041151
1981-02-19;0.00000000;0.00039671
1981-02-20;0.00000000;0.00038603
1981-02-23;0.00000000;0.00116959
1981-02-24;0.00000000;0.00038767
1981-02-25;0.00000000;0.00038904
1981-02-26;0.00000000;0.00038740
1981-02-27;0.00000000;0.00038959
1981-03-02;0.00000000;0.00119342
1981-03-03;0.00000000;0.00039425
1981-03-04;0.00000000;0.00039699
1981-03-05;0.00000000;0.00039753
1981-03-06;0.00000000;0.00039151
1981-03-09;0.00000000;0.00116384
1981-03-10;0.00000000;0.00038329
1981-03-11;0.00000000;0.00038137
1981-03-12;0.00000000;0.00037425
1981-03-13;0.00000000;0.00036192
1981-03-16;0.00000000;0.00107014
1981-03-17;0.00000000;0.00035479
1981-03-18;0.00000000;0.00034110
1981-03-19;0.00000000;0.00033863
1981-03-20;0.00000000;0.00033863
1981-03-23;0.00000000;0.00105452
1981-03-24;0.00000000;0.00035178
1981-03-25;0.00000000;0.00035151
1981-03-26;0.00000000;0.00035534
1981-03-27;0.00000000;0.00035836
1981-03-30;0.00000000;0.00103562
1981-03-31;-0.00065000;-0.00030863
1981-04-01;0.00385035;0.00418926
1981-04-02;-0.00217714;-0.00183248
1981-04-03;-0.00644588;-0.00609053
1981-04-06;-0.01267020;-0.01151952
1981-04-07;-0.00052467;-0.00015125
1981-04-08;0.00261092;0.00298516
1981-04-09;0.00230886;0.00267845
1981-04-10;-0.00156234;-0.00119001
1981-04-13;-0.01124913;-0.01011653
1981-04-14;-0.00389807;-0.00353177
1981-04-15;0.01085331;0.01122811
1981-04-16;0.00357049;0.00394829
1981-04-20;0.00405341;0.00556026
1981-04-21;-0.00938318;-0.00900893
1981-04-22;-0.00104446;-0.00067241
1981-04-23;-0.00186660;-0.00149290
1981-04-24;0.00857239;0.00895732
1981-04-27;0.00133646;0.00251016
1981-04-28;-0.00888450;-0.00849026
1981-04-29;-0.00992576;-0.00953069
1981-04-30;-0.00286287;-0.00245575
1981-05-01;0.00000000;0.00040192
1981-05-04;0.00000000;0.00131589
1981-05-05;0.00000000;0.00045507
1981-05-06;0.00000000;0.00045260
1981-05-07;0.00000000;0.00045425
1981-05-08;0.00000000;0.00045151
1981-05-11;0.00000000;0.00136356
1981-05-12;0.00000000;0.00046411
1981-05-13;0.00000000;0.00046603
1981-05-14;0.00000000;0.00045671
1981-05-15;0.00000000;0.00045342
1981-05-18;0.00000000;0.00133151
1981-05-19;0.00000000;0.00045370
1981-05-20;0.00000000;0.00045479
1981-05-21;0.00000000;0.00046575
1981-05-22;0.00000000;0.00045699
1981-05-26;0.00000000;0.00174575
1981-05-27;0.00000000;0.00043863
1981-05-28;0.00000000;0.00042137
1981-05-29;0.00000000;0.00041370
1981-06-01;0.00000000;0.00127397
1981-06-02;0.00000000;0.00042986
1981-06-03;0.00000000;0.00042849
1981-06-04;0.00000000;0.00043315
1981-06-05;0.00000000;0.00043370
1981-06-08;0.00000000;0.00124767
1981-06-09;0.00000000;0.00041123
1981-06-10;0.00000000;0.00040247
1981-06-11;0.00000000;0.00039890
1981-06-12;0.00000000;0.00039808
1981-06-15;0.00000000;0.00112767
1981-06-16;0.00000000;0.00037616
1981-06-17;0.00000000;0.00039014
1981-06-18;0.00000000;0.00041096
1981-06-19;0.00000000;0.00040740
1981-06-22;0.00000000;0.00118027
1981-06-23;0.00000000;0.00039726
1981-06-24;0.00000000;0.00040274
1981-06-25;0.00000000;0.00039014
1981-06-26;0.00000000;0.00038712
1981-06-29;0.00000000;0.00114575
1981-06-30;0.00000000;0.00039123
1981-07-01;0.00000000;0.00040137
1981-07-02;0.00000000;0.00039671
1981-07-06;0.00000000;0.00157260
1981-07-07;0.00000000;0.00040795
1981-07-08;0.00000000;0.00041041
1981-07-09;0.00000000;0.00041452
1981-07-10;0.00000000;0.00040411
1981-07-13;0.00000000;0.00120000
1981-07-14;0.00000000;0.00040493
1981-07-15;0.00000000;0.00039589
1981-07-16;0.00000000;0.00039781
1981-07-17;0.00000000;0.00039534
1981-07-20;0.00000000;0.00127397
1981-07-21;0.00000000;0.00043068
1981-07-22;0.00000000;0.00042959
1981-07-23;0.00000000;0.00042466
1981-07-24;0.00000000;0.00041315
1981-07-27;0.00000000;0.00124192
1981-07-28;0.00000000;0.00041918
1981-07-29;0.00000000;0.00041589
1981-07-30;0.00000000;0.00040740
1981-07-31;0.00000000;0.00040740
1981-08-03;0.00000000;0.00127397
1981-08-04;0.00000000;0.00042411
1981-08-05;0.00000000;0.00042055
1981-08-06;0.00000000;0.00042082
1981-08-07;0.00000000;0.00042301
1981-08-10;0.00000000;0.00125096
1981-08-11;0.00000000;0.00040685
1981-08-12;0.00000000;0.00041863
1981-08-13;0.00000000;0.00042247
1981-08-14;0.00000000;0.00042466
1981-08-17;0.00000000;0.00129370
1981-08-18;0.00000000;0.00043068
1981-08-19;0.00000000;0.00042932
1981-08-20;0.00000000;0.00042795
1981-08-21;0.00000000;0.00042192
1981-08-24;0.00000000;0.00130274
1981-08-25;0.00000000;0.00043233
1981-08-26;0.00000000;0.00043370
1981-08-27;0.00000000;0.00043068
1981-08-28;0.00000000;0.00042137
1981-08-31;0.00000000;0.00127562
1981-09-01;0.00000000;0.00042712
1981-09-02;0.00000000;0.00042904
1981-09-03;0.00000000;0.00042822
1981-09-04;0.00000000;0.00042630
1981-09-08;0.00000000;0.00171507
1981-09-09;0.00000000;0.00042082
1981-09-10;0.00000000;0.00041123
1981-09-11;0.00000000;0.00039781
1981-09-14;0.00000000;0.00118767
1981-09-15;0.00000000;0.00039151
1981-09-16;0.00000000;0.00039288
1981-09-17;0.00000000;0.00039233
1981-09-18;0.00000000;0.00039288
1981-09-21;0.00000000;0.00117288
1981-09-22;0.00000000;0.00039671
1981-09-23;0.00000000;0.00038904
1981-09-24;0.00000000;0.00038932
1981-09-25;0.00000000;0.00039178
1981-09-28;0.00000000;0.00116055
1981-09-29;0.00000000;0.00038795
1981-09-30;-0.00065000;-0.00025712
1981-10-01;0.00734550;0.00774468
1981-10-02;0.01907058;0.01947195
1981-10-05;0.00007807;0.00125095
1981-10-06;-0.00138684;-0.00100602
1981-10-07;0.01570038;0.01607983
1981-10-08;0.00786608;0.00824143
1981-10-09;-0.00739844;-0.00703323
1981-10-12;-0.00307749;-0.00198188
1981-10-13;-0.00391934;-0.00354948
1981-10-14;-0.01675810;-0.01639536
1981-10-15;0.00729199;0.00765801
1981-10-16;-0.00471616;-0.00434575
1981-10-19;-0.00287888;-0.00176765
1981-10-20;0.01055552;0.01092429
1981-10-21;-0.00186254;-0.00149843
1981-10-22;-0.00419699;-0.00383206
1981-10-23;-0.00905740;-0.00869466
1981-10-26;-0.00481050;-0.00371570
1981-10-27;0.00919536;0.00956139
1981-10-28;0.00097716;0.00133935
1981-10-29;-0.00362414;-0.00326688
1981-10-30;0.02341830;0.02376761
1981-11-02;0.01790275;0.01894576
1981-11-03;0.00448133;0.00482900
1981-11-04;-0.00081967;-0.00048269
1981-11-05;-0.00995563;-0.00962193
1981-11-06;-0.00736417;-0.00704417
1981-11-09;0.00412873;0.00504846
1981-11-10;-0.00509286;-0.00478738
1981-11-11;0.00148559;0.00179107
1981-11-12;0.00190422;0.00219463
1981-11-13;-0.01263592;-0.01234058
1981-11-16;-0.01263255;-0.01175886
1981-11-17;0.00727505;0.00756628
1981-11-18;-0.00762407;-0.00734818
1981-11-19;0.00346271;0.00373997
1981-11-20;0.00800541;0.00828240
1981-11-23;-0.00177173;-0.00090954
1981-11-24;0.01542669;0.01570532
1981-11-25;0.00409349;0.00437020
1981-11-27;0.00782262;0.00837988
1981-11-30;0.00921467;0.01006699
1981-12-01;-0.00226795;-0.00198055
1981-12-02;-0.01147448;-0.01118352
1981-12-03;0.00315842;0.00344663
1981-12-04;0.00883701;0.00910934
1981-12-07;-0.00932033;-0.00848033
1981-12-08;-0.00323852;-0.00295743
1981-12-09;0.00500131;0.00528570
1981-12-10;0.00153844;0.00183104
1981-12-11;-0.00650311;-0.00620667
1981-12-14;-0.01811539;-0.01721539
1981-12-15;0.00141010;0.00170846
1981-12-16;-0.00493425;-0.00463644
1981-12-17;0.00541090;0.00571610
1981-12-18;0.00684777;0.00714558
1981-12-21;-0.00624066;-0.00532833
1981-12-22;-0.00403364;-0.00373145
1981-12-23;-0.00495073;-0.00464059
1981-12-24;0.00157444;0.00187855
1981-12-28;-0.00344610;-0.00221103
1981-12-29;-0.00522964;-0.00490909
1981-12-30;0.00486479;0.00517602
1981-12-31;0.00173867;0.00204224
1982-01-04;0.00029450;0.00154272
1982-01-05;-0.02223926;-0.02191816
1982-01-06;-0.00756780;-0.00724890
1982-01-07;-0.00241904;-0.00209959
1982-01-08;0.00489562;0.00521123
1982-01-11;-0.02415981;-0.02317598
1982-01-12;-0.00443988;-0.00411221
1982-01-13;-0.01254432;-0.01221172
1982-01-14;0.00541280;0.00574321
1982-01-15;0.00650102;0.00683554
1982-01-18;0.00663805;0.00764490
1982-01-19;-0.01100974;-0.01066563
1982-01-20;-0.00638645;-0.00603796
1982-01-21;0.00381236;0.00416222
1982-01-22;-0.00355517;-0.00319846
1982-01-25;-0.00084054;0.00025426
1982-01-26;-0.00226488;-0.00190817
1982-01-27;0.00442212;0.00477280
1982-01-28;0.02713702;0.02747346
1982-01-29;0.01210041;0.01244342
1982-02-01;-0.02289093;-0.02176655
1982-02-02;0.00157800;0.00195088
1982-02-03;-0.01334418;-0.01296692
1982-02-04;-0.00089210;-0.00051703
1982-02-05;0.00683991;0.00721334
1982-02-08;-0.02358194;-0.02243454
1982-02-09;-0.00867794;-0.00828945
1982-02-10;0.00823110;0.00861877
1982-02-11;-0.00239662;-0.00200785
1982-02-12;-0.00082763;-0.00043887
1982-02-16;-0.00440208;-0.00280536
1982-02-17;-0.00364226;-0.00324582
1982-02-18;0.00076620;0.00114154
1982-02-19;-0.00564299;-0.00527340
1982-02-22;-0.01543401;-0.01440250
1982-02-23;-0.00105718;-0.00071883
1982-02-24;0.01724621;0.01757498
1982-02-25;-0.00262834;-0.00229327
1982-02-26;-0.00122605;-0.00088523
1982-03-01;0.00075394;0.00176244
1982-03-02;-0.00590079;-0.00556189
1982-03-03;-0.01595781;-0.01562137
1982-03-04;-0.00971174;-0.00937804
1982-03-05;-0.00525034;-0.00491637
1982-03-08;-0.01929349;-0.01829732
1982-03-09;0.01354058;0.01387921
1982-03-10;0.00498750;0.00532750
1982-03-11;-0.00080522;-0.00045891
1982-03-12;-0.00721096;-0.00686000
1982-03-15;0.00666889;0.00772834
1982-03-16;-0.00190391;-0.00155514
1982-03-17;-0.00218167;-0.00183208
1982-03-18;0.01083103;0.01118253
1982-03-19;0.00245134;0.00280860
1982-03-22;0.01848259;0.01952232
1982-03-23;0.00657153;0.00691482
1982-03-24;-0.00545720;-0.00510980
1982-03-25;0.00177322;0.00212254
1982-03-26;-0.01157617;-0.01122001
1982-03-29;0.00210806;0.00321026
1982-03-30;-0.00063700;-0.00026906
1982-03-31;-0.00312641;-0.00276312
1982-04-01;0.01598047;0.01634321
1982-04-02;0.01132299;0.01168628
1982-04-05;-0.00446613;-0.00339352
1982-04-06;0.00512951;0.00548924
1982-04-07;0.00050384;0.00086493
1982-04-08;0.00622346;0.00658045
1982-04-12;-0.00330447;-0.00190063
1982-04-13;-0.00043689;-0.00008812
1982-04-14;-0.00173231;-0.00138135
1982-04-15;0.00413509;0.00448742
1982-04-16;0.00360537;0.00395167
1982-04-19;-0.00197321;-0.00094745
1982-04-20;-0.01114020;-0.01079883
1982-04-21;0.00208961;0.00242358
1982-04-22;0.01236088;0.01270116
1982-04-23;0.01203170;0.01237115
1982-04-26;0.00419767;0.00522014
1982-04-27;-0.01090762;-0.01056707
1982-04-28;-0.00661393;-0.00627310
1982-04-29;-0.00989416;-0.00955334
1982-04-30;0.00224309;0.00258117
1982-05-03;0.00221061;0.00325773
1982-05-04;0.00512783;0.00547660
1982-05-05;0.00144017;0.00178592
1982-05-06;0.00824333;0.00858141
1982-05-07;0.00631902;0.00665464
1982-05-10;-0.01014281;-0.00912938
1982-05-11;0.00844636;0.00878335
1982-05-12;-0.00243510;-0.00209537
1982-05-13;-0.00831619;-0.00797372
1982-05-14;-0.00211690;-0.00177827
1982-05-17;-0.01203437;-0.01102177
1982-05-18;-0.00779136;-0.00745629
1982-05-19;-0.00853001;-0.00820288
1982-05-20;-0.00292818;-0.00261311
1982-05-21;0.00230077;0.00261611
1982-05-24;-0.00182136;-0.00087615
1982-05-25;-0.00371641;-0.00339943
1982-05-26;-0.01159458;-0.01127814
1982-05-27;-0.00429733;-0.00398035
1982-05-28;-0.00724047;-0.00692540
1982-06-01;-0.00311147;-0.00179530
1982-06-02;0.00289117;0.00322158
1982-06-03;-0.00193917;-0.00160849
1982-06-04;-0.01616006;-0.01582527
1982-06-07;-0.00072695;0.00026675
1982-06-08;-0.00478503;-0.00445161
1982-06-09;-0.00617069;-0.00583974
1982-06-10;0.00535846;0.00568668
1982-06-11;0.01454049;0.01486899
1982-06-14;-0.01252665;-0.01151241
1982-06-15;-0.00279599;-0.00245736
1982-06-16;-0.00781479;-0.00747753
1982-06-17;-0.01201132;-0.01166721
1982-06-18;-0.00332466;-0.00297590
1982-06-21;-0.00178379;-0.00075147
1982-06-22;0.00990914;0.01025928
1982-06-23;0.01663532;0.01698793
1982-06-24;-0.00317241;-0.00281652
1982-06-25;-0.00664572;-0.00628435
1982-06-28;0.00917876;0.01025630
1982-06-29;-0.00081210;-0.00045539
1982-06-30;-0.00579566;-0.00544607
1982-07-01;-0.00855668;-0.00821285
1982-07-02;-0.01009756;-0.00975263
1982-07-06;-0.00473486;-0.00335184
1982-07-07;-0.00099901;-0.00065436
1982-07-08;0.00256194;0.00288933
1982-07-09;0.01176527;0.01208773
1982-07-12;0.00582973;0.00679384
1982-07-13;-0.00142451;-0.00109711
1982-07-14;0.00871454;0.00904331
1982-07-15;-0.00004918;0.00026972
1982-07-16;0.00512230;0.00542942
1982-07-19;-0.00397593;-0.00306689
1982-07-20;0.00702112;0.00731317
1982-07-21;-0.00137229;-0.00107777
1982-07-22;0.00025138;0.00053659
1982-07-23;-0.00306570;-0.00278269
1982-07-26;-0.00815080;-0.00729189
1982-07-27;-0.00872094;-0.00842888
1982-07-28;-0.01573928;-0.01544558
1982-07-29;-0.00047604;-0.00018755
1982-07-30;-0.00612904;-0.00585041
1982-08-02;0.01687364;0.01764295
1982-08-03;-0.01082281;-0.01055431
1982-08-04;-0.01594131;-0.01567474
1982-08-05;-0.00950350;-0.00923501
1982-08-06;-0.01407290;-0.01379043
1982-08-09;-0.00689080;-0.00608038
1982-08-10;-0.00260473;-0.00233021
1982-08-11;-0.00260879;-0.00233564
1982-08-12;-0.00201329;-0.00175630
1982-08-13;0.01370677;0.01396020
1982-08-16;0.00159267;0.00230527
1982-08-17;0.04733253;0.04755308
1982-08-18;-0.00480821;-0.00458739
1982-08-19;0.00550423;0.00571026
1982-08-20;0.03516505;0.03535902
1982-08-23;0.02671810;0.02733454
1982-08-24;-0.00675593;-0.00654743
1982-08-25;0.01912726;0.01933055
1982-08-26;0.00805217;0.00824778
1982-08-27;-0.01236349;-0.01214869
1982-08-30;0.00402000;0.00469069
1982-08-31;0.01549067;0.01572135
1982-09-01;-0.01077565;-0.01054497
1982-09-02;0.01702063;0.01724967
1982-09-03;0.01964290;0.01986673
1982-09-07;-0.01160531;-0.01068586
1982-09-08;0.00660928;0.00683667
1982-09-09;-0.00211093;-0.00188408
1982-09-10;-0.00842997;-0.00820066
1982-09-13;0.00982532;0.01049272
1982-09-14;0.00681726;0.00703342
1982-09-15;0.00944201;0.00966502
1982-09-16;-0.00440568;-0.00418568
1982-09-17;-0.01007699;-0.00985891
1982-09-20;-0.00097160;-0.00033215
1982-09-21;0.01913440;0.01934344
1982-09-22;-0.00733013;-0.00712876
1982-09-23;-0.00165310;-0.00145365
1982-09-24;-0.00416781;-0.00395959
1982-09-27;0.00180393;0.00242694
1982-09-28;-0.00328079;-0.00307585
1982-09-29;-0.01327353;-0.01306586
1982-09-30;-0.01015889;-0.00995012
1982-10-01;0.01266833;0.01286970
1982-10-04;-0.00442978;-0.00377717
1982-10-05;0.00364306;0.00386608
1982-10-06;0.03248781;0.03270836
1982-10-07;0.02225115;0.02246375
1982-10-08;0.01725470;0.01746703
1982-10-11;0.02545417;0.02609116
1982-10-12;-0.00042721;-0.00022502
1982-10-13;0.01667965;0.01688294
1982-10-14;-0.01586207;-0.01565549
1982-10-15;-0.00764012;-0.00743299
1982-10-18;0.02304157;0.02365225
1982-10-19;-0.00130390;-0.00109897
1982-10-20;0.01919351;0.01940063
1982-10-21;-0.00143032;-0.00122292
1982-10-22;-0.00186520;-0.00165588
1982-10-25;-0.04034143;-0.03969458
1982-10-26;0.00848087;0.00869895
1982-10-27;0.00580210;0.00602128
1982-10-28;-0.01278423;-0.01256752
1982-10-29;0.00075477;0.00097121
1982-11-01;0.01243938;0.01308129
1982-11-02;0.01469516;0.01490913
1982-11-03;0.03891478;0.03912820
1982-11-04;-0.00735306;-0.00714128
1982-11-05;0.00197034;0.00218349
1982-11-08;-0.01275576;-0.01210480
1982-11-09;0.01814974;0.01836892
1982-11-10;-0.01322846;-0.01300709
1982-11-11;0.00395637;0.00417774
1982-11-12;-0.01589014;-0.01566329
1982-11-15;-0.01861592;-0.01792305
1982-11-16;-0.01198131;-0.01175117
1982-11-17;0.01830397;0.01853301
1982-11-18;0.00274403;0.00297060
1982-11-19;-0.00976554;-0.00954363
1982-11-22;-0.02109497;-0.02044073
1982-11-23;-0.00983081;-0.00961300
1982-11-24;0.00692744;0.00714470
1982-11-26;0.00703102;0.00746554
1982-11-29;-0.00572618;-0.00504727
1982-11-30;0.03203651;0.03226336
1982-12-01;0.00114278;0.00136963
1982-12-02;0.00049868;0.00071896
1982-12-03;-0.00115318;-0.00093838
1982-12-06;0.02155438;0.02220205
1982-12-07;0.00648182;0.00669908
1982-12-08;-0.00652633;-0.00630797
1982-12-09;-0.01305317;-0.01283509
1982-12-10;-0.00329362;-0.00307335
1982-12-13;0.00205936;0.00271689
1982-12-14;-0.01843312;-0.01822271
1982-12-15;-0.01593148;-0.01572244
1982-12-16;0.00022722;0.00044174
1982-12-17;0.01596872;0.01618433
1982-12-20;-0.00967226;-0.00902459
1982-12-21;0.01710274;0.01731918
1982-12-22;0.00136828;0.00158527
1982-12-23;0.00619181;0.00640880
1982-12-27;0.01666055;0.01752740
1982-12-28;-0.01006983;-0.00984928
1982-12-29;0.00311385;0.00333686
1982-12-30;-0.00666458;-0.00644485
1982-12-31;0.00199017;0.00220716
1983-01-03;-0.01701052;-0.01635956
1983-01-04;0.02160918;0.02182836
1983-01-05;0.00402393;0.00424256
1983-01-06;0.02309698;0.02331451
1983-01-07;-0.00083406;-0.00062145
1983-01-10;0.01038053;0.01101505
1983-01-11;-0.00702552;-0.00681484
1983-01-12;0.00602995;0.00624037
1983-01-13;-0.00675619;-0.00654633
1983-01-14;0.00610428;0.00631113
1983-01-17;-0.00015308;0.00047157
1983-01-18;-0.00239226;-0.00218294
1983-01-19;-0.00793091;-0.00772050
1983-01-20;0.00680634;0.00701949
1983-01-21;-0.01690112;-0.01668112
1983-01-24;-0.02764405;-0.02697829
1983-01-25;0.01249455;0.01271509
1983-01-26;-0.00170477;-0.00148340
1983-01-27;0.01906619;0.01928592
1983-01-28;0.00144245;0.00166163
1983-01-31;0.00479524;0.00546100
1983-02-01;-0.01633009;-0.01610653
1983-02-02;0.00166316;0.00188672
1983-02-03;0.00696603;0.00718931
1983-02-04;0.01280408;0.01303011
1983-02-07;0.00472358;0.00540002
1983-02-08;-0.00860037;-0.00837325
1983-02-09;-0.00503316;-0.00480631
1983-02-10;0.01701563;0.01723946
1983-02-11;0.00079202;0.00101503
1983-02-14;0.00798614;0.00866340
1983-02-15;-0.00445812;-0.00423209
1983-02-16;-0.00609306;-0.00586840
1983-02-17;-0.00015601;0.00006591
1983-02-18;0.00357733;0.00379624
1983-02-22;-0.01790155;-0.01703470
1983-02-23;0.00878467;0.00900276
1983-02-24;0.01892382;0.01914108
1983-02-25;0.00071966;0.00093391
1983-02-28;-0.01187698;-0.01122520
1983-03-01;0.01882633;0.01904441
1983-03-02;0.00919036;0.00940954
1983-03-03;0.00752814;0.00774595
1983-03-04;0.00101658;0.00123603
1983-03-07;-0.00067808;-0.00000575
1983-03-08;-0.01591227;-0.01568487
1983-03-09;0.01041571;0.01064201
1983-03-10;-0.00722708;-0.00700133
1983-03-11;-0.00391756;-0.00369098
1983-03-14;-0.00339311;-0.00271668
1983-03-15;0.00335224;0.00357827
1983-03-16;-0.01053519;-0.01030779
1983-03-17;-0.00169894;-0.00147044
1983-03-18;0.00183918;0.00207041
1983-03-21;0.00790135;0.00859998
1983-03-22;-0.00374333;-0.00350744
1983-03-23;0.01403657;0.01426863
1983-03-24;0.00342961;0.00366276
1983-03-25;-0.00480303;-0.00456604
1983-03-28;-0.00608777;-0.00537682
1983-03-29;-0.00195057;-0.00171413
1983-03-30;0.01163578;0.01187222
1983-03-31;-0.00304194;-0.00280523
1983-04-04;-0.00056226;0.00038459
1983-04-05;-0.00755437;-0.00732122
1983-04-06;-0.00589367;-0.00566354
1983-04-07;0.00453599;0.00476503
1983-04-08;0.00695226;0.00718048
1983-04-11;0.01430475;0.01497626
1983-04-12;0.00415656;0.00438122
1983-04-13;0.00587075;0.00609486
1983-04-14;0.00838696;0.00860942
1983-04-15;0.00375938;0.00398240
1983-04-18;0.00556718;0.00623047
1983-04-19;-0.00667346;-0.00644990
1983-04-20;0.01237776;0.01259968
1983-04-21;-0.00433171;-0.00410869
1983-04-22;0.00208657;0.00230986
1983-04-25;-0.01071177;-0.01004191
1983-04-26;0.01866557;0.01888858
1983-04-27;-0.00251047;-0.00228855
1983-04-28;0.00912948;0.00935140
1983-04-29;0.00885925;0.00908062
1983-05-02;-0.01477674;-0.01411510
1983-05-03;0.00119660;0.00141687
1983-05-04;0.00575374;0.00597320
1983-05-05;0.00571688;0.00593771
1983-05-06;0.01085810;0.01107673
1983-05-09;-0.00241991;-0.00175169
1983-05-10;0.00062324;0.00084242
1983-05-11;-0.00618565;-0.00596757
1983-05-12;-0.00452654;-0.00430599
1983-05-13;0.00379662;0.00401635
1983-05-16;-0.00983213;-0.00916226
1983-05-17;0.00167253;0.00189527
1983-05-18;-0.00291179;-0.00268960
1983-05-19;-0.00806471;-0.00784169
1983-05-20;0.00069996;0.00092407
1983-05-23;0.00725828;0.00795033
1983-05-24;0.01267675;0.01290881
1983-05-25;0.00381284;0.00404544
1983-05-26;-0.00462765;-0.00439395
1983-05-27;-0.00639813;-0.00616580
1983-05-31;-0.01354007;-0.01259432
1983-06-01;0.00074830;0.00098336
1983-06-02;0.00856250;0.00879538
1983-06-03;0.00244709;0.00268134
1983-06-06;0.00177772;0.00248786
1983-06-07;-0.01274129;-0.01249964
1983-06-08;-0.00890637;-0.00866445
1983-06-09;0.00267137;0.00291082
1983-06-10;0.00500996;0.00525051
1983-06-13;0.01255678;0.01327185
1983-06-14;0.00394478;0.00418396
1983-06-15;0.00936469;0.00960359
1983-06-16;0.01184822;0.01208521
1983-06-17;-0.00029912;-0.00006104
1983-06-20;-0.00139258;-0.00065614
1983-06-21;0.00868673;0.00893194
1983-06-22;0.00244980;0.00269555
1983-06-23;-0.00270286;-0.00245820
1983-06-24;-0.00118762;-0.00093995
1983-06-27;-0.01219094;-0.01144874
1983-06-28;-0.01675038;-0.01650435
1983-06-29;0.00554992;0.00579238
1983-06-30;0.00575822;0.00599904
1983-07-01;0.00572407;0.00596325
1983-07-05;-0.01309294;-0.01210445
1983-07-06;0.01103547;0.01128260
1983-07-07;-0.00571182;-0.00546251
1983-07-08;-0.00311643;-0.00286656
1983-07-11;0.00541594;0.00615896
1983-07-12;-0.01559942;-0.01534901
1983-07-13;-0.00067412;-0.00042480
1983-07-14;0.00307338;0.00332215
1983-07-15;-0.01061315;-0.01036274
1983-07-18;-0.00282403;-0.00207526
1983-07-19;0.00505417;0.00530458
1983-07-20;0.02687008;0.02711858
1983-07-21;-0.00160903;-0.00136053
1983-07-22;-0.00125652;-0.00100748
1983-07-25;0.00303822;0.00378370
1983-07-26;0.00564715;0.00589674
1983-07-27;-0.01749078;-0.01724229
1983-07-28;-0.01546886;-0.01521762
1983-07-29;-0.01528118;-0.01502858
1983-08-01;-0.00396649;-0.00320457
1983-08-02;-0.00044706;-0.00018706
1983-08-03;0.00856744;0.00882470
1983-08-04;-0.01317021;-0.01291185
1983-08-05;0.00228055;0.00253946
1983-08-08;-0.01661445;-0.01583363
1983-08-09;0.00570507;0.00596617
1983-08-10;0.00854151;0.00880343
1983-08-11;-0.00026274;-0.00000192
1983-08-12;0.00357614;0.00383614
1983-08-15;0.00871844;0.00949104
1983-08-16;-0.00203099;-0.00177345
1983-08-17;0.01124754;0.01150289
1983-08-18;-0.01078366;-0.01052887
1983-08-19;0.00237218;0.00262725
1983-08-22;0.00143676;0.00218964
1983-08-23;-0.00980706;-0.00955528
1983-08-24;-0.00959011;-0.00934025
1983-08-25;-0.00279387;-0.00254455
1983-08-26;0.00782969;0.00808065
1983-08-29;-0.00008760;0.00067267
1983-08-30;0.00177719;0.00203198
1983-08-31;0.01093887;0.01119257
1983-09-01;-0.00128858;-0.00103598
1983-09-02;0.00443266;0.00468663
1983-09-06;0.01650145;0.01750748
1983-09-07;0.00016571;0.00041502
1983-09-08;-0.00138273;-0.00113314
1983-09-09;-0.00531851;-0.00506838
1983-09-12;-0.00937648;-0.00863264
1983-09-13;-0.00435994;-0.00411118
1983-09-14;0.00308587;0.00333546
1983-09-15;-0.00611758;-0.00586826
1983-09-16;0.01112567;0.01137416
1983-09-19;0.00749594;0.00823485
1983-09-20;0.00941705;0.00966280
1983-09-21;-0.00515140;-0.00490620
1983-09-22;0.00776958;0.00801423
1983-09-23;-0.00171787;-0.00147459
1983-09-26;0.00258035;0.00329789
1983-09-27;-0.00988418;-0.00964501
1983-09-28;-0.00279546;-0.00255491
1983-09-29;-0.00482662;-0.00458525
1983-09-30;-0.00717710;-0.00693847
1983-10-03;-0.00228971;-0.00157136
1983-10-04;0.00253536;0.00277234
1983-10-05;0.00860515;0.00883912
1983-10-06;0.01490604;0.01514056
1983-10-07;0.00281626;0.00305188
1983-10-10;0.01011878;0.01082563
1983-10-11;-0.01362296;-0.01338159
1983-10-12;-0.00446931;-0.00422876
1983-10-13;0.00123060;0.00147196
1983-10-14;-0.00030106;-0.00006079
1983-10-17;0.00264721;0.00334995
1983-10-18;-0.01560822;-0.01537480
1983-10-19;-0.00667064;-0.00643777
1983-10-20;0.00126354;0.00149751
1983-10-21;-0.00640429;-0.00617032
1983-10-24;-0.00047814;0.00023528
1983-10-25;0.00265256;0.00288982
1983-10-26;-0.00678690;-0.00654964
1983-10-27;-0.00350411;-0.00326713
1983-10-28;-0.00915609;-0.00891966
1983-10-31;0.00039659;0.00109604
1983-11-01;0.00043860;0.00067066
1983-11-02;0.00697555;0.00720815
1983-11-03;-0.00867105;-0.00843434
1983-11-04;-0.00642255;-0.00618118
1983-11-07;-0.00398932;-0.00326850
1983-11-08;-0.00116863;-0.00092836
1983-11-09;0.01341975;0.01366030
1983-11-10;0.00244150;0.00268150
1983-11-11;0.01119291;0.01143291
1983-11-14;0.00101737;0.00173819
1983-11-15;-0.00756627;-0.00732573
1983-11-16;0.00411112;0.00435222
1983-11-17;0.00005695;0.00029914
1983-11-18;-0.00650454;-0.00626208
1983-11-21;0.00508761;0.00580926
1983-11-22;0.00451541;0.00475569
1983-11-23;0.00047596;0.00071733
1983-11-25;0.00083275;0.00131385
1983-11-28;-0.00456300;-0.00383396
1983-11-29;0.00798132;0.00822433
1983-11-30;-0.00923812;-0.00899483
1983-12-01;0.00029593;0.00053895
1983-12-02;-0.00655326;-0.00630860
1983-12-05;0.00119451;0.00192848
1983-12-06;-0.00199637;-0.00175144
1983-12-07;0.00241197;0.00265717
1983-12-08;-0.00452847;-0.00428135
1983-12-09;-0.00097489;-0.00072831
1983-12-12;0.00252895;0.00326539
1983-12-13;-0.00441712;-0.00416808
1983-12-14;-0.00995287;-0.00970300
1983-12-15;-0.01047785;-0.01022662
1983-12-16;0.00426414;0.00451373
1983-12-19;-0.00118394;-0.00043681
1983-12-20;-0.00222100;-0.00197333
1983-12-21;0.00938114;0.00962771
1983-12-22;-0.00042890;-0.00018534
1983-12-23;-0.00214307;-0.00189759
1983-12-27;0.00844991;0.00942745
1983-12-28;0.00327233;0.00351835
1983-12-29;-0.00315105;-0.00290503
1983-12-30;0.00017693;0.00042268
1984-01-03;-0.00639020;-0.00540390
1984-01-04;0.01645530;0.01670133
1984-01-05;0.01192515;0.01216981
1984-01-06;0.00253926;0.00278228
1984-01-09;-0.00298206;-0.00225055
1984-01-10;-0.00587038;-0.00562655
1984-01-11;-0.00113970;-0.00089504
1984-01-12;-0.00054428;-0.00029989
1984-01-13;-0.00459308;-0.00435363
1984-01-16;0.00023057;0.00095222
1984-01-17;0.00364419;0.00388611
1984-01-18;-0.00191438;-0.00167027
1984-01-19;-0.00328962;-0.00304579
1984-01-20;-0.00521654;-0.00497079
1984-01-23;-0.00880264;-0.00806784
1984-01-24;0.00624366;0.00648804
1984-01-25;-0.00687548;-0.00663082
1984-01-26;-0.00388647;-0.00364181
1984-01-27;-0.00207262;-0.00182851
1984-01-30;-0.00726322;-0.00653253
1984-01-31;0.00307005;0.00331361
1984-02-01;-0.00434560;-0.00410203
1984-02-02;0.00356373;0.00380784
1984-02-03;-0.01524495;-0.01499947
1984-02-06;-0.01834035;-0.01759322
1984-02-07;0.00392496;0.00417318
1984-02-08;-0.01845601;-0.01820779
1984-02-09;-0.00300838;-0.00276098
1984-02-10;0.00541194;0.00566016
1984-02-13;-0.00938765;-0.00864299
1984-02-14;0.01046272;0.01071122
1984-02-15;-0.00254884;-0.00230062
1984-02-16;-0.00101841;-0.00076992
1984-02-17;-0.00275107;-0.00249984
1984-02-21;-0.00807127;-0.00707073
1984-02-22;-0.00238604;-0.00213591
1984-02-23;-0.00038523;-0.00013153
1984-02-24;0.02061637;0.02086787
1984-02-27;0.01060326;0.01135860
1984-02-28;-0.01582236;-0.01557003
1984-02-29;0.00127809;0.00152850
1984-03-01;0.00694100;0.00719278
1984-03-02;0.00638471;0.00663567
1984-03-05;-0.00923969;-0.00848352
1984-03-06;-0.01064177;-0.01038890
1984-03-07;-0.01100899;-0.01075392
1984-03-08;0.00375332;0.00400921
1984-03-09;-0.00567080;-0.00541464
1984-03-12;0.01211935;0.01288702
1984-03-13;0.00255547;0.00281246
1984-03-14;-0.00032488;-0.00006570
1984-03-15;0.00382077;0.00408050
1984-03-16;0.01155408;0.01181436
1984-03-19;-0.01015327;-0.00936094
1984-03-20;0.00657456;0.00684306
1984-03-21;-0.00152966;-0.00126089
1984-03-22;-0.01268663;-0.01241841
1984-03-23;0.00081536;0.00108303
1984-03-26;-0.00201675;-0.00121702
1984-03-27;0.00375133;0.00401927
1984-03-28;0.01613383;0.01639986
1984-03-29;-0.00251881;-0.00225361
1984-03-30;-0.00239961;-0.00213331
1984-04-02;-0.00834001;-0.00754439
1984-04-03;-0.00229544;-0.00202749
1984-04-04;-0.00103127;-0.00076305
1984-04-05;-0.01613912;-0.01587090
1984-04-06;0.00257085;0.00283606
1984-04-09;-0.00098692;-0.00019870
1984-04-10;0.00243608;0.00269992
1984-04-11;-0.00584733;-0.00558349
1984-04-12;0.01734688;0.01761099
1984-04-13;-0.00293155;-0.00266470
1984-04-16;0.00561003;0.00641469
1984-04-17;0.00383629;0.00410369
1984-04-18;-0.00699987;-0.00673275
1984-04-19;0.00049148;0.00075806
1984-04-23;-0.00878575;-0.00772821
1984-04-24;0.00783319;0.00809757
1984-04-25;0.00340351;0.00366734
1984-04-26;0.01013696;0.01039833
1984-04-27;-0.00282565;-0.00255962
1984-04-30;0.00019603;0.00099493
1984-05-01;0.00991665;0.01018240
1984-05-02;0.00109359;0.00135879
1984-05-03;-0.00459051;-0.00432557
1984-05-04;-0.01323759;-0.01296718
1984-05-07;0.00144067;0.00225683
1984-05-08;0.00630732;0.00658239
1984-05-09;-0.00283009;-0.00255612
1984-05-10;-0.00095908;-0.00068895
1984-05-11;-0.00971366;-0.00943942
1984-05-14;-0.00707166;-0.00625220
1984-05-15;0.00289570;0.00317269
1984-05-16;-0.00033233;-0.00006521
1984-05-17;-0.00925777;-0.00898983
1984-05-18;-0.00531635;-0.00504758
1984-05-21;-0.00754329;-0.00674603
1984-05-22;-0.00577043;-0.00549536
1984-05-23;-0.00501738;-0.00474587
1984-05-24;-0.01280467;-0.01253865
1984-05-25;0.00231447;0.00257694
1984-05-29;-0.00984481;-0.00877960
1984-05-30;0.00012991;0.00039731
1984-05-31;0.00106119;0.00132831
1984-06-01;0.01759741;0.01786590
1984-06-04;0.00636294;0.00717253
1984-06-05;-0.00473969;-0.00447257
1984-06-06;0.00858197;0.00884937
1984-06-07;-0.00085211;-0.00058253
1984-06-08;0.00134141;0.00161182
1984-06-11;-0.01442813;-0.01360374
1984-06-12;-0.00596185;-0.00568596
1984-06-13;-0.00066712;-0.00039616
1984-06-14;-0.01171019;-0.01143950
1984-06-15;-0.00931576;-0.00904507
1984-06-18;0.01729277;0.01811140
1984-06-19;0.00552635;0.00579786
1984-06-20;0.01433899;0.01461049
1984-06-21;-0.00240520;-0.00213315
1984-06-22;-0.00059511;-0.00032552
1984-06-25;-0.00397947;-0.00317810
1984-06-26;-0.00845382;-0.00818533
1984-06-27;-0.00727579;-0.00700866
1984-06-28;0.00764197;0.00791156
1984-06-29;0.00195085;0.00222263
1984-07-02;-0.00067574;0.00012481
1984-07-03;0.00298837;0.00326179
1984-07-05;-0.00666540;-0.00611965
1984-07-06;-0.00367992;-0.00340595
1984-07-09;0.00652913;0.00735105
1984-07-10;-0.00334304;-0.00306660
1984-07-11;-0.01551834;-0.01524163
1984-07-12;-0.00379690;-0.00352211
1984-07-13;0.00539074;0.00566362
1984-07-16;0.00394433;0.00476625
1984-07-17;0.00486430;0.00514320
1984-07-18;-0.00671019;-0.00643321
1984-07-19;-0.00708235;-0.00680509
1984-07-20;-0.00573322;-0.00545513
1984-07-23;-0.00485697;-0.00401779
1984-07-24;-0.00786973;-0.00758836
1984-07-25;0.00654962;0.00683072
1984-07-26;0.00811638;0.00839693
1984-07-27;0.00711249;0.00739414
1984-07-30;-0.00746981;-0.00661995
1984-07-31;0.00284252;0.00312745
1984-08-01;0.02241245;0.02269820
1984-08-02;0.02508793;0.02537451
1984-08-03;0.02730819;0.02759477
1984-08-06;0.00066783;0.00153413
1984-08-07;0.00044760;0.00073609
1984-08-08;-0.00624993;-0.00596308
1984-08-09;0.02314410;0.02342930
1984-08-10;-0.00101257;-0.00072682
1984-08-13;-0.00080421;0.00005470
1984-08-14;-0.00638941;-0.00610722
1984-08-15;-0.01013419;-0.00985473
1984-08-16;0.00567522;0.00595631
1984-08-17;0.00197433;0.00225735
1984-08-20;0.00401005;0.00486813
1984-08-21;0.01723413;0.01751961
1984-08-22;-0.00487510;-0.00458989
1984-08-23;0.00007093;0.00035723
1984-08-24;0.00204461;0.00233173
1984-08-27;-0.00727042;-0.00639343
1984-08-28;0.00547415;0.00576593
1984-08-29;-0.00214582;-0.00185377
1984-08-30;-0.00322625;-0.00293447
1984-08-31;0.00018704;0.00047827
1984-09-04;-0.01197612;-0.01080681
1984-09-05;-0.00387151;-0.00358028
1984-09-06;0.00798572;0.00827613
1984-09-07;-0.00801809;-0.00772905
1984-09-10;-0.00153141;-0.00067498
1984-09-11;0.00087013;0.00115478
1984-09-12;0.00111175;0.00139668
1984-09-13;0.01951104;0.01979405
1984-09-14;0.00471576;0.00499987
1984-09-17;-0.00032567;0.00052749
1984-09-18;-0.00750915;-0.00722641
1984-09-19;-0.00451830;-0.00423693
1984-09-20;0.00289233;0.00317288
1984-09-21;-0.01103093;-0.01075011
1984-09-24;-0.00320641;-0.00235983
1984-09-25;0.00177328;0.00205520
1984-09-26;0.00370311;0.00398311
1984-09-27;0.00380921;0.00408757
1984-09-28;-0.00543285;-0.00515285
1984-10-01;-0.00975687;-0.00891605
1984-10-02;-0.00653957;-0.00625875
1984-10-03;-0.00731059;-0.00703169
1984-10-04;0.00267494;0.00295302
1984-10-05;-0.00175284;-0.00147503
1984-10-08;-0.00422005;-0.00338662
1984-10-09;-0.00311559;-0.00283915
1984-10-10;0.00244379;0.00271968
1984-10-11;0.00385820;0.00413108
1984-10-12;0.00832741;0.00859865
1984-10-15;0.00885847;0.00967874
1984-10-16;-0.00624665;-0.00597405
1984-10-17;-0.00415630;-0.00388588
1984-10-18;0.02385780;0.02412383
1984-10-19;-0.00109667;-0.00083476
1984-10-22;-0.00436296;-0.00357803
1984-10-23;-0.00187411;-0.00161521
1984-10-24;0.00040545;0.00065641
1984-10-25;-0.00557612;-0.00532488
1984-10-26;-0.00639093;-0.00613504
1984-10-29;-0.00385480;-0.00309124
1984-10-30;0.01224782;0.01249960
1984-10-31;-0.00474409;-0.00449724
1984-11-01;0.00818040;0.00842725
1984-11-02;-0.00066643;-0.00041985
1984-11-05;0.00621033;0.00692293
1984-11-06;0.01061593;0.01085346
1984-11-07;-0.00751273;-0.00727849
1984-11-08;-0.00313814;-0.00289841
1984-11-09;-0.00664129;-0.00640457
1984-11-12;-0.00214787;-0.00143773
1984-11-13;-0.00854600;-0.00830737
1984-11-14;-0.00012141;0.00011859
1984-11-15;-0.00084162;-0.00060436
1984-11-16;-0.01102754;-0.01079220
1984-11-19;-0.00686656;-0.00616054
1984-11-20;0.00644534;0.00668151
1984-11-21;0.00177410;0.00200807
1984-11-23;0.01418326;0.01464573
1984-11-26;-0.00891026;-0.00821328
1984-11-27;0.00423844;0.00446803
1984-11-28;-0.00786877;-0.00763918
1984-11-29;-0.00695714;-0.00672838
1984-11-30;-0.00224645;-0.00201522
1984-12-03;-0.00534303;-0.00465180
1984-12-04;0.00320486;0.00343746
1984-12-05;-0.00806847;-0.00783641
1984-12-06;0.00383731;0.00406964
1984-12-07;-0.00330269;-0.00307393
1984-12-10;0.00282165;0.00350713
1984-12-11;0.00124324;0.00147201
1984-12-12;-0.00292672;-0.00270015
1984-12-13;-0.00527116;-0.00504404
1984-12-14;0.00521437;0.00543656
1984-12-17;0.00499493;0.00564917
1984-12-18;0.02728854;0.02750251
1984-12-19;-0.00586421;-0.00565298
1984-12-20;-0.00488180;-0.00466811
1984-12-21;-0.00544379;-0.00523091
1984-12-24;0.00691872;0.00754666
1984-12-26;-0.00216094;-0.00174286
1984-12-27;-0.00453716;-0.00432702
1984-12-28;0.00286295;0.00307501
1984-12-31;0.00524342;0.00588863
1985-01-02;-0.01161441;-0.01118537
1985-01-03;-0.00505325;-0.00483955
1985-01-04;-0.00562420;-0.00540995
1985-01-07;0.00277610;0.00341556
1985-01-08;-0.00173751;-0.00152408
1985-01-09;0.00704394;0.00725462
1985-01-10;0.01873505;0.01894711
1985-01-11;-0.00259109;-0.00237848
1985-01-14;0.01484586;0.01547873
1985-01-15;0.00154573;0.00175751
1985-01-16;0.00201072;0.00222278
1985-01-17;-0.00290105;-0.00268899
1985-01-18;0.00324178;0.00345383
1985-01-21;0.02218087;0.02281703
1985-01-22;0.00121382;0.00142478
1985-01-23;0.01016032;0.01036963
1985-01-24;-0.00353838;-0.00332961
1985-01-25;0.00341052;0.00361984
1985-01-28;-0.00035835;0.00027617
1985-01-29;0.00981766;0.01003190
1985-01-30;0.00095557;0.00117009
1985-01-31;0.00111540;0.00133595
1985-02-01;-0.00579330;-0.00556892
1985-02-04;0.00895076;0.00962309
1985-02-05;0.00121671;0.00143972
1985-02-06;-0.00122101;-0.00099854
1985-02-07;0.00747807;0.00770190
1985-02-08;0.00180758;0.00203306
1985-02-11;-0.00990169;-0.00922690
1985-02-12;0.00005014;0.00027508
1985-02-13;0.01522426;0.01545001
1985-02-14;-0.00535311;-0.00512872
1985-02-15;-0.00466685;-0.00444246
1985-02-19;-0.00238980;-0.00149446
1985-02-20;-0.00105489;-0.00082914
1985-02-21;-0.00569706;-0.00546610
1985-02-22;-0.00483803;-0.00460817
1985-02-25;-0.00141932;-0.00073055
1985-02-26;0.01059340;0.01082216
1985-02-27;-0.00277248;-0.00254097
1985-02-28;0.00236606;0.00259893
1985-03-01;0.01107554;0.01131280
1985-03-04;-0.00710624;-0.00639117
1985-03-05;0.00069403;0.00093184
1985-03-06;-0.00891036;-0.00867228
1985-03-07;-0.00655356;-0.00631246
1985-03-08;-0.00252098;-0.00228591
1985-03-11;-0.00243279;-0.00173663
1985-03-12;0.00463015;0.00486413
1985-03-13;-0.00841966;-0.00818404
1985-03-14;-0.00220502;-0.00196611
1985-03-15;-0.00759850;-0.00736809
1985-03-18;0.00127746;0.00197691
1985-03-19;0.01480228;0.01503653
1985-03-20;-0.00279772;-0.00256402
1985-03-21;0.00127456;0.00150579
1985-03-22;-0.00196353;-0.00173038
1985-03-25;-0.00667413;-0.00598207
1985-03-26;0.00235429;0.00258279
1985-03-27;0.00599079;0.00621901
1985-03-28;-0.00022630;-0.00000192
1985-03-29;0.00601214;0.00623625
1985-04-01;0.00270089;0.00337075
1985-04-02;-0.00430943;-0.00408423
1985-04-03;-0.00809121;-0.00786765
1985-04-04;-0.00067131;-0.00044857
1985-04-08;-0.00648319;-0.00559333
1985-04-09;0.00078750;0.00100915
1985-04-10;0.00656591;0.00678782
1985-04-11;0.00406941;0.00428969
1985-04-12;0.00171993;0.00194048
1985-04-15;0.00143576;0.00209904
1985-04-16;0.00132847;0.00154573
1985-04-17;0.00243366;0.00264709
1985-04-18;-0.00483666;-0.00462543
1985-04-19;0.00127769;0.00149111
1985-04-22;-0.00289998;-0.00226957
1985-04-23;0.00631509;0.00652824
1985-04-24;0.00187504;0.00208737
1985-04-25;0.00620296;0.00641748
1985-04-26;-0.00703048;-0.00681651
1985-04-29;-0.00915821;-0.00851382
1985-04-30;-0.00464593;-0.00443086
1985-05-01;-0.00833303;-0.00812070
1985-05-02;0.00337353;0.00358613
1985-05-03;0.00576390;0.00597540
1985-05-06;-0.00114087;-0.00050553
1985-05-07;0.00406349;0.00427610
1985-05-08;-0.00099067;-0.00077643
1985-05-09;0.00698346;0.00719551
1985-05-10;0.01275904;0.01297082
1985-05-13;0.00115130;0.00178500
1985-05-14;-0.00421859;-0.00401037
1985-05-15;0.00343840;0.00364196
1985-05-16;0.00586531;0.00606723
1985-05-17;0.00927504;0.00947778
1985-05-20;0.01166944;0.01226615
1985-05-21;-0.00062359;-0.00042359
1985-05-22;-0.00589664;-0.00569692
1985-05-23;-0.00529149;-0.00509314
1985-05-24;0.00347941;0.00367612
1985-05-28;-0.00308042;-0.00229138
1985-05-29;-0.00115843;-0.00096008
1985-05-30;0.00017435;0.00037106
1985-05-31;0.00938968;0.00958530
1985-06-03;-0.00179614;-0.00121915
1985-06-04;0.00361048;0.00380117
1985-06-05;0.00043994;0.00062953
1985-06-06;0.00453971;0.00473094
1985-06-07;-0.00742067;-0.00722478
1985-06-10;-0.00149625;-0.00090200
1985-06-11;-0.00267789;-0.00248200
1985-06-12;-0.00776070;-0.00756645
1985-06-13;-0.01234575;-0.01215479
1985-06-14;0.00936505;0.00954861
1985-06-17;-0.00360869;-0.00305225
1985-06-18;0.00415808;0.00434055
1985-06-19;-0.00397648;-0.00379182
1985-06-20;0.00034678;0.00053390
1985-06-21;0.01522854;0.01542142
1985-06-24;-0.00301206;-0.00243179
1985-06-25;0.00292305;0.00311730
1985-06-26;0.00149309;0.00168460
1985-06-27;0.00596499;0.00615403
1985-06-28;0.00305313;0.00324025
1985-07-01;0.00245278;0.00301744
1985-07-02;-0.00237494;-0.00218453
1985-07-03;-0.00311076;-0.00291843
1985-07-05;0.00521413;0.00558509
1985-07-08;-0.00363914;-0.00307037
1985-07-09;-0.00477761;-0.00458692
1985-07-10;0.00671713;0.00690727
1985-07-11;0.00276797;0.00296112
1985-07-12;0.00161787;0.00181212
1985-07-15;-0.00353332;-0.00295469
1985-07-16;0.01018405;0.01037583
1985-07-17;0.00458266;0.00477417
1985-07-18;-0.00668899;-0.00649310
1985-07-19;0.00366034;0.00385650
1985-07-22;-0.00459816;-0.00400309
1985-07-23;-0.00946246;-0.00926356
1985-07-24;-0.00523793;-0.00503957
1985-07-25;0.00230712;0.00250356
1985-07-26;0.00157138;0.00176836
1985-07-29;-0.01515466;-0.01455877
1985-07-30;0.00153914;0.00173859
1985-07-31;0.00501108;0.00521053
1985-08-01;0.00603188;0.00623106
1985-08-02;-0.00348156;-0.00328129
1985-08-05;-0.00509462;-0.00449708
1985-08-06;-0.01431267;-0.01411376
1985-08-07;-0.00152891;-0.00133220
1985-08-08;0.00656848;0.00676492
1985-08-09;-0.00353230;-0.00333613
1985-08-12;-0.00425329;-0.00366973
1985-08-13;-0.00195631;-0.00176070
1985-08-14;0.00039113;0.00058538
1985-08-15;-0.00099929;-0.00080230
1985-08-16;-0.00639131;-0.00619651
1985-08-19;0.00091279;0.00149881
1985-08-20;0.00892416;0.00911923
1985-08-21;0.00554744;0.00574032
1985-08-22;-0.00971027;-0.00951767
1985-08-23;-0.00120889;-0.00101601
1985-08-26;0.00016113;0.00074223
1985-08-27;0.00402254;0.00421569
1985-08-28;0.00368557;0.00387900
1985-08-29;0.00033478;0.00052766
1985-08-30;-0.00178542;-0.00158981
1985-09-03;-0.00460385;-0.00382467
1985-09-04;-0.00306878;-0.00287563
1985-09-05;-0.00073096;-0.00053562
1985-09-06;0.00497887;0.00517777
1985-09-09;-0.00054852;0.00004737
1985-09-10;-0.00737131;-0.00717323
1985-09-11;-0.01020562;-0.01000727
1985-09-12;-0.00744234;-0.00724399
1985-09-13;-0.00444574;-0.00424820
1985-09-16;-0.00075991;-0.00016977
1985-09-17;-0.00851064;-0.00831338
1985-09-18;0.00173315;0.00192795
1985-09-19;0.00904934;0.00924358
1985-09-20;-0.00750081;-0.00730875
1985-09-23;0.01178719;0.01235349
1985-09-24;-0.00930489;-0.00911749
1985-09-25;-0.01092281;-0.01073459
1985-09-26;0.00329516;0.00348530
1985-09-30;0.00357848;0.00434999
1985-10-01;0.01622683;0.01641944
1985-10-02;-0.00565164;-0.00545931
1985-10-03;0.00143675;0.00162799
1985-10-04;-0.00637698;-0.00618547
1985-10-07;-0.00795586;-0.00737394
1985-10-08;-0.00019808;-0.00000192
1985-10-09;0.00337508;0.00357206
1985-10-10;0.00122478;0.00142258
1985-10-11;0.00800768;0.00820467
1985-10-14;0.01074472;0.01133568
1985-10-15;-0.00175550;-0.00155796
1985-10-16;0.01001121;0.01020874
1985-10-17;-0.00190121;-0.00170423
1985-10-18;-0.00350303;-0.00330577
1985-10-21;-0.00102607;-0.00043347
1985-10-22;0.00557855;0.00577472
1985-10-23;0.00538419;0.00558200
1985-10-24;-0.00332076;-0.00312213
1985-10-25;-0.00539921;-0.00520086
1985-10-28;0.00068151;0.00127411
1985-10-29;0.00762969;0.00782723
1985-10-30;0.00424014;0.00443712
1985-10-31;-0.00151421;-0.00131722
1985-11-01;0.00880936;0.00900662
1985-11-04;-0.00206191;-0.00146767
1985-11-05;0.00565594;0.00585429
1985-11-06;0.00182680;0.00202543
1985-11-07;-0.00092821;-0.00072821
1985-11-08;0.00551073;0.00570881
1985-11-11;0.01777704;0.01837129
1985-11-12;0.00385542;0.00405323
1985-11-13;-0.00514887;-0.00494941
1985-11-14;0.00974173;0.00994227
1985-11-15;-0.00497572;-0.00477435
1985-11-18;0.00242780;0.00302287
1985-11-19;-0.00040075;-0.00020322
1985-11-20;0.00141016;0.00160879
1985-11-21;0.01196142;0.01215950
1985-11-22;0.00034615;0.00054423
1985-11-25;-0.00640259;-0.00581163
1985-11-26;0.00139803;0.00159529
1985-11-27;0.00912015;0.00931686
1985-11-29;-0.00222296;-0.00183064
1985-12-02;-0.00906069;-0.00846398
1985-12-03;0.00179541;0.00199349
1985-12-04;0.01657813;0.01677594
1985-12-05;-0.00191458;-0.00171567
1985-12-06;-0.00456586;-0.00436723
1985-12-09;0.00560967;0.00620145
1985-12-10;0.00048708;0.00068352
1985-12-11;0.00919874;0.00939189
1985-12-12;0.00183988;0.00203385
1985-12-13;0.01533435;0.01552558
1985-12-16;0.00932403;0.00990184
1985-12-17;-0.00665535;-0.00646357
1985-12-18;-0.00418492;-0.00398958
1985-12-19;0.00080447;0.00099899
1985-12-20;0.00418547;0.00437862
1985-12-23;-0.01182227;-0.01124118
1985-12-24;-0.00705128;-0.00685813
1985-12-26;0.00207416;0.00245827
1985-12-27;0.00924636;0.00943704
1985-12-30;0.00452855;0.00509896
1985-12-31;0.00265285;0.00284600
1986-01-02;-0.00839174;-0.00800270
1986-01-03;0.00595926;0.00615296
1986-01-06;-0.00167670;-0.00109642
1986-01-07;0.01475919;0.01495180
1986-01-08;-0.02746683;-0.02727039
1986-01-09;-0.00914223;-0.00894552
1986-01-10;-0.00092722;-0.00072968
1986-01-13;0.00308921;0.00368428
1986-01-14;-0.00058727;-0.00038891
1986-01-15;0.00764082;0.00783780
1986-01-16;0.00417365;0.00436762
1986-01-17;-0.00373450;-0.00353971
1986-01-20;-0.00490813;-0.00432375
1986-01-21;-0.00857858;-0.00838625
1986-01-22;-0.01137014;-0.01117836
1986-01-23;0.00354195;0.00373291
1986-01-24;0.01048032;0.01067128
1986-01-27;0.00407350;0.00464473
1986-01-28;0.01147733;0.01166692
1986-01-29;0.00209326;0.00228587
1986-01-30;-0.00475992;-0.00456704
1986-01-31;0.01151113;0.01170209
1986-02-03;0.00971261;0.01028795
1986-02-04;-0.00566146;-0.00547023
1986-02-05;0.00060494;0.00079699
1986-02-06;0.00219838;0.00239290
1986-02-07;0.00490665;0.00510419
1986-02-10;0.00723244;0.00782422
1986-02-11;-0.00167655;-0.00148176
1986-02-12;0.00003485;0.00022965
1986-02-13;0.00642485;0.00661937
1986-02-14;0.01066132;0.01085365
1986-02-18;0.01146364;0.01223295
1986-02-19;-0.01228850;-0.01209452
1986-02-20;0.01099732;0.01119211
1986-02-21;0.01060696;0.01079819
1986-02-24;-0.00182929;-0.00125230
1986-02-25;-0.00264670;-0.00245355
1986-02-26;0.00092150;0.00111520
1986-02-27;0.01199080;0.01218341
1986-02-28;0.00046722;0.00065955
1986-03-03;-0.00718889;-0.00661601
1986-03-04;-0.00480293;-0.00461553
1986-03-05;-0.00036786;-0.00018019
1986-03-06;0.00333624;0.00351952
1986-03-07;0.00177141;0.00195251
1986-03-10;0.00392850;0.00447179
1986-03-11;0.02237082;0.02255082
1986-03-12;0.00348541;0.00366678
1986-03-13;0.00261275;0.00279330
1986-03-14;0.01422776;0.01440693
1986-03-17;-0.00849251;-0.00795333
1986-03-18;0.00454895;0.00472813
1986-03-19;-0.00094315;-0.00076534
1986-03-20;0.00381146;0.00398790
1986-03-21;-0.01370590;-0.01353029
1986-03-24;0.00799573;0.00852257
1986-03-25;-0.00276882;-0.00259402
1986-03-26;0.01081429;0.01098990
1986-03-27;0.00686189;0.00703559
1986-03-31;-0.00099539;-0.00030060
1986-04-01;-0.01591415;-0.01574072
1986-04-02;0.00224847;0.00242217
1986-04-03;-0.01392105;-0.01374762
1986-04-04;-0.01643277;-0.01626208
1986-04-07;-0.00078099;-0.00026812
1986-04-08;0.02121841;0.02138635
1986-04-09;0.00081835;0.00098301
1986-04-10;0.01134117;0.01150610
1986-04-11;-0.00215302;-0.00198974
1986-04-14;0.00506005;0.00554580
1986-04-15;0.00173540;0.00189458
1986-04-16;0.01872697;0.01888505
1986-04-17;0.00318215;0.00334215
1986-04-18;-0.00283731;-0.00267648
1986-04-21;0.00924856;0.00973102
1986-04-22;-0.00964438;-0.00948137
1986-04-23;-0.00293257;-0.00276572
1986-04-24;0.00094754;0.00111494
1986-04-25;0.00094547;0.00111369
1986-04-28;0.00275343;0.00325480
1986-04-29;-0.01074142;-0.01057457
1986-04-30;-0.02091662;-0.02074950
1986-05-01;-0.00169785;-0.00153045
1986-05-02;-0.00174381;-0.00157531
1986-05-05;0.01201799;0.01251607
1986-05-06;-0.00222883;-0.00206308
1986-05-07;-0.00505696;-0.00489148
1986-05-08;0.00428025;0.00444573
1986-05-09;0.00286864;0.00303439
1986-05-12;-0.00164476;-0.00114092
1986-05-13;-0.00509342;-0.00492657
1986-05-14;0.00461106;0.00477791
1986-05-15;-0.01326349;-0.01309445
1986-05-16;-0.00729572;-0.00712558
1986-05-19;0.00137502;0.00188461
1986-05-20;0.01230596;0.01247664
1986-05-21;-0.00296709;-0.00279723
1986-05-22;0.01966258;0.01983244
1986-05-23;0.00495121;0.00512052
1986-05-27;0.01340469;0.01407975
1986-05-28;0.00750980;0.00767939
1986-05-29;0.00529927;0.00547187
1986-05-30;-0.00271505;-0.00254245
1986-06-02;-0.00986749;-0.00934475
1986-06-03;0.00174052;0.00191614
1986-06-04;-0.00657540;-0.00639677
1986-06-05;0.00682965;0.00700800
1986-06-06;-0.00009365;0.00007950
1986-06-09;-0.02377105;-0.02324831
1986-06-10;-0.00175757;-0.00158552
1986-06-11;0.00629404;0.00646774
1986-06-12;0.00131900;0.00149105
1986-06-13;0.01738670;0.01755575
1986-06-16;0.00111904;0.00162205
1986-06-17;-0.00740072;-0.00723387
1986-06-18;0.00245043;0.00261728
1986-06-19;-0.00396539;-0.00379799
1986-06-20;0.01425364;0.01442077
1986-06-23;-0.00987865;-0.00937646
1986-06-24;0.00704834;0.00721491
1986-06-25;0.00752288;0.00768946
1986-06-26;-0.00093176;-0.00076518
1986-06-27;0.00329058;0.00345551
1986-06-30;0.00447233;0.00496220
1986-07-01;0.00461790;0.00478201
1986-07-02;0.00245233;0.00261671
1986-07-03;-0.00376494;-0.00360303
1986-07-07;-0.03139086;-0.03074757
1986-07-08;-0.01024456;-0.01008182
1986-07-09;0.00492826;0.00508935
1986-07-10;0.00062028;0.00078055
1986-07-11;-0.00341035;-0.00325281
1986-07-14;-0.01744805;-0.01697380
1986-07-15;-0.01884884;-0.01869076
1986-07-16;0.00561763;0.00577571
1986-07-17;0.00435099;0.00450853
1986-07-18;0.00107009;0.00122653
1986-07-21;-0.00098359;-0.00051345
1986-07-22;0.00805308;0.00821007
1986-07-23;0.00189617;0.00205535
1986-07-24;-0.00317781;-0.00301864
1986-07-25;0.00937872;0.00953790
1986-07-28;-0.01801546;-0.01753135
1986-07-29;-0.00634864;-0.00618810
1986-07-30;0.00853531;0.00869559
1986-07-31;-0.00214711;-0.00198848
1986-08-01;-0.00528451;-0.00512643
1986-08-04;0.00412244;0.00459175
1986-08-05;0.00424861;0.00440505
1986-08-06;-0.00096022;-0.00080350
1986-08-07;0.00068582;0.00084253
1986-08-08;-0.00083307;-0.00067691
1986-08-11;0.01557010;0.01603612
1986-08-12;0.01089640;0.01105010
1986-08-13;0.00942056;0.00957316
1986-08-14;0.00220582;0.00235897
1986-08-15;0.00350058;0.00365290
1986-08-18;0.00046376;0.00092486
1986-08-19;-0.00367110;-0.00351877
1986-08-20;0.01307201;0.01322270
1986-08-21;-0.00054941;-0.00040229
1986-08-22;0.00193398;0.00208083
1986-08-25;-0.00995167;-0.00951852
1986-08-26;0.02015096;0.02029589
1986-08-27;0.00167166;0.00181741
1986-08-28;-0.00196288;-0.00181795
1986-08-29;0.00021239;0.00035404
1986-09-02;-0.01801209;-0.01744333
1986-09-03;0.00613168;0.00627524
1986-09-04;0.01485109;0.01499328
1986-09-05;-0.01338241;-0.01323912
1986-09-08;-0.00973895;-0.00930826
1986-09-09;-0.00203848;-0.00189601
1986-09-10;-0.00260624;-0.00246487
1986-09-11;-0.04823014;-0.04808740
1986-09-12;-0.01932036;-0.01917872
1986-09-15;0.00507502;0.00549995
1986-09-16;-0.00109099;-0.00095044
1986-09-17;-0.00031481;-0.00017454
1986-09-18;0.00257406;0.00271735
1986-09-19;-0.00057621;-0.00043238
1986-09-22;0.01127627;0.01170778
1986-09-23;0.00300412;0.00314796
1986-09-24;0.00244289;0.00258645
1986-09-25;-0.01897879;-0.01883551
1986-09-26;0.00157992;0.00172348
1986-09-29;-0.01042818;-0.00999585
1986-09-30;0.00598845;0.00613092
1986-10-01;0.00971237;0.00985456
1986-10-02;0.00122575;0.00136795
1986-10-03;-0.00103911;-0.00089966
1986-10-06;0.00415750;0.00457257
1986-10-07;-0.00171649;-0.00157786
1986-10-08;0.00954389;0.00968197
1986-10-09;-0.00364739;-0.00350876
1986-10-10;-0.00170934;-0.00157071
1986-10-13;0.00140441;0.00182030
1986-10-14;-0.00243175;-0.00229093
1986-10-15;0.01442896;0.01457088
1986-10-16;0.00291257;0.00305503
1986-10-17;-0.00302694;-0.00288256
1986-10-20;-0.01245860;-0.01202217
1986-10-21;-0.00052880;-0.00038332
1986-10-22;0.00146387;0.00160907
1986-10-23;0.01263650;0.01278061
1986-10-24;-0.00440909;-0.00426471
1986-10-27;0.00170819;0.00213477
1986-10-28;0.00190780;0.00205027
1986-10-29;0.00687727;0.00701973
1986-10-30;0.01135280;0.01149472
1986-10-31;0.00096349;0.00110596
1986-11-03;0.00702566;0.00745387
1986-11-04;0.00148159;0.00162542
1986-11-05;0.00139743;0.00154154
1986-11-06;-0.00302542;-0.00288131
1986-11-07;-0.00055439;-0.00040864
1986-11-10;0.00101355;0.00145903
1986-11-11;0.00370934;0.00385783
1986-11-12;-0.00193066;-0.00178272
1986-11-13;-0.01482713;-0.01467918
1986-11-14;0.00594017;0.00608812
1986-11-17;-0.00572566;-0.00528183
1986-11-18;-0.02658655;-0.02643998
1986-11-19;0.00356858;0.00371461
1986-11-20;0.01832245;0.01846985
1986-11-21;0.01559178;0.01573863
1986-11-24;0.00601915;0.00646134
1986-11-25;0.00276009;0.00290776
1986-11-26;0.00226811;0.00241578
1986-11-28;0.00150972;0.00180506
1986-12-01;-0.00113336;-0.00068788
1986-12-02;0.01972539;0.01987361
1986-12-03;-0.00074069;-0.00059247
1986-12-04;-0.00334072;-0.00319278
1986-12-05;-0.00754109;-0.00739205
1986-12-08;-0.00049844;-0.00004557
1986-12-09;-0.00763732;-0.00748719
1986-12-10;0.00658708;0.00673749
1986-12-11;-0.01126964;-0.01111923
1986-12-12;-0.00345652;-0.00330610
1986-12-15;0.00301905;0.00347110
1986-12-16;0.00721799;0.00737087
1986-12-17;-0.01007485;-0.00992033
1986-12-18;-0.00330609;-0.00315267
1986-12-19;0.01180109;0.01195205
1986-12-22;-0.00438451;-0.00392999
1986-12-23;-0.00984241;-0.00969036
1986-12-24;0.00150985;0.00166245
1986-12-26;0.00037992;0.00068512
1986-12-29;-0.00958404;-0.00911802
1986-12-30;-0.00547109;-0.00531520
1986-12-31;-0.00508802;-0.00493268
1987-01-02;0.01736559;0.01766970
1987-01-05;0.02282881;0.02328497
1987-01-06;0.00218663;0.00233759
1987-01-07;0.00993714;0.01008591
1987-01-08;0.00748649;0.00763526
1987-01-09;0.00548657;0.00563397
1987-01-12;0.00562098;0.00606235
1987-01-13;-0.00149337;-0.00134652
1987-01-14;0.01019965;0.01034623
1987-01-15;0.01070259;0.01084944
1987-01-16;0.00282768;0.00297371
1987-01-19;0.01104783;0.01148591
1987-01-20;-0.00126096;-0.00111575
1987-01-21;-0.00460770;-0.00446222
1987-01-22;0.02251347;0.02266087
1987-01-23;-0.01405954;-0.01391160
1987-01-26;-0.00227113;-0.00181990
1987-01-27;0.01520318;0.01535360
1987-01-28;0.00587562;0.00602548
1987-01-29;-0.00436411;-0.00421397
1987-01-30;-0.00073877;-0.00058535
1987-02-02;0.00818026;0.00864136
1987-02-03;-0.00181902;-0.00166587
1987-02-04;0.01306895;0.01322320
1987-02-05;0.00528049;0.00543364
1987-02-06;-0.00414048;-0.00398541
1987-02-09;-0.00718922;-0.00671908
1987-02-10;-0.01127008;-0.01111063
1987-02-11;0.00881707;0.00897761
1987-02-12;-0.00707655;-0.00691984
1987-02-13;0.01464628;0.01480107
1987-02-17;0.02006623;0.02069308
1987-02-18;-0.00040053;-0.00024711
1987-02-19;0.00037431;0.00052362
1987-02-20;-0.00046584;-0.00031708
1987-02-23;-0.01131178;-0.01086466
1987-02-24;0.00161970;0.00176875
1987-02-25;0.00380804;0.00395736
1987-02-26;-0.00381320;-0.00366389
1987-02-27;0.00423101;0.00438033
1987-03-02;-0.00467854;-0.00422813
1987-03-03;0.00380390;0.00395568
1987-03-04;0.01568550;0.01583646
1987-03-05;0.00642990;0.00658113
1987-03-06;0.00032546;0.00047998
1987-03-09;-0.00858877;-0.00812521
1987-03-10;0.00872211;0.00887772
1987-03-11;-0.00204875;-0.00189286
1987-03-12;0.00297732;0.00313266
1987-03-13;-0.00472288;-0.00456891
1987-03-16;-0.00619645;-0.00573206
1987-03-17;0.01455595;0.01470856
1987-03-18;0.00090679;0.00105802
1987-03-19;0.00428759;0.00443828
1987-03-20;0.01375463;0.01390586
1987-03-23;0.00956017;0.01002208
1987-03-24;0.00143822;0.00159192
1987-03-25;-0.00433169;-0.00417908
1987-03-26;0.00167649;0.00182910
1987-03-27;-0.01610672;-0.01595247
1987-03-30;-0.02387284;-0.02340764
1987-03-31;0.00848892;0.00864262
1987-04-01;0.00217746;0.00232924
1987-04-02;0.00412238;0.00427334
1987-04-03;0.02293768;0.02308837
1987-04-06;0.00467098;0.00512057
1987-04-07;-0.01757298;-0.01742202
1987-04-08;0.00176859;0.00191928
1987-04-09;-0.01496131;-0.01480377
1987-04-10;-0.00142559;-0.00126532
1987-04-13;-0.02398853;-0.02349374
1987-04-14;-0.02278157;-0.02261938
1987-04-15;0.01875635;0.01891197
1987-04-16;0.00852948;0.00868181
1987-04-20;-0.00347283;-0.00286571
1987-04-21;0.02424531;0.02439600
1987-04-22;-0.02021388;-0.02006538
1987-04-23;-0.00144067;-0.00129026
1987-04-24;-0.01863821;-0.01848041
1987-04-27;0.00062034;0.00109541
1987-04-28;0.00225143;0.00241088
1987-04-29;0.00713342;0.00728986
1987-04-30;0.01316492;0.01331642
1987-05-01;-0.00129975;-0.00114632
1987-05-04;0.00414579;0.00461182
1987-05-05;0.02050520;0.02066438
1987-05-06;0.00028757;0.00043825
1987-05-07;-0.00272560;-0.00257409
1987-05-08;-0.00470027;-0.00454876
1987-05-11;-0.00660573;-0.00614135
1987-05-12;0.00577805;0.00593148
1987-05-13;0.00216502;0.00231653
1987-05-14;0.00072551;0.00088250
1987-05-15;-0.02330930;-0.02314629
1987-05-18;-0.00320192;-0.00271946
1987-05-19;-0.02468496;-0.02452660
1987-05-20;-0.00520037;-0.00504448
1987-05-21;0.00689161;0.00704312
1987-05-22;0.00694886;0.00710091
1987-05-26;0.02400895;0.02462374
1987-05-27;-0.00147410;-0.00131630
1987-05-28;0.00687463;0.00702887
1987-05-29;-0.00242745;-0.00227183
1987-06-01;-0.00140496;-0.00093647
1987-06-02;-0.00488663;-0.00472883
1987-06-03;0.01721028;0.01736617
1987-06-04;0.00536317;0.00551824
1987-06-05;-0.00571516;-0.00555954
1987-06-08;0.01067234;0.01113754
1987-06-09;0.00173442;0.00188538
1987-06-10;0.00048707;0.00063721
1987-06-11;0.00408202;0.00423380
1987-06-12;0.00952032;0.00967237
1987-06-15;0.00456932;0.00503370
1987-06-16;0.00518790;0.00534215
1987-06-17;0.00000735;0.00016215
1987-06-18;0.00273033;0.00288513
1987-06-19;0.00403026;0.00418533
1987-06-22;0.00825954;0.00872474
1987-06-23;-0.00409856;-0.00394185
1987-06-24;-0.00525194;-0.00509221
1987-06-25;0.00668159;0.00684159
1987-06-26;-0.00598627;-0.00582791
1987-06-29;0.00193739;0.00240341
1987-06-30;-0.01282535;-0.01266837
1987-07-01;-0.00364328;-0.00348876
1987-07-02;0.00872266;0.00887773
1987-07-06;-0.00295211;-0.00233074
1987-07-07;0.00797794;0.00813136
1987-07-08;0.00274073;0.00289333
1987-07-09;-0.00265326;-0.00249957
1987-07-10;0.00260898;0.00276213
1987-07-13;-0.00286656;-0.00240547
1987-07-14;0.00976054;0.00991259
1987-07-15;-0.00099167;-0.00083879
1987-07-16;0.00719009;0.00734297
1987-07-17;0.00588989;0.00604221
1987-07-20;-0.01063389;-0.01017772
1987-07-21;-0.00927820;-0.00912231
1987-07-22;-0.00041626;-0.00026120
1987-07-23;-0.00229685;-0.00214151
1987-07-24;0.00458373;0.00474127
1987-07-27;0.00397883;0.00445637
1987-07-28;0.00524555;0.00540610
1987-07-29;0.01046677;0.01062786
1987-07-30;0.00743514;0.00760144
1987-07-31;0.00174972;0.00191602
1987-08-03;-0.00392359;-0.00342633
1987-08-04;-0.00438173;-0.00422146
1987-08-05;0.00685802;0.00701829
1987-08-06;0.01127119;0.01142845
1987-08-07;0.00266311;0.00282338
1987-08-10;0.01498837;0.01547412
1987-08-11;0.01608534;0.01624808
1987-08-12;-0.00298496;-0.00282195
1987-08-13;0.00663404;0.00679732
1987-08-14;-0.00213742;-0.00197413
1987-08-17;-0.00013797;0.00035354
1987-08-18;-0.01471296;-0.01454803
1987-08-19;0.00159418;0.00175966
1987-08-20;0.01502033;0.01518773
1987-08-21;0.00299665;0.00316377
1987-08-24;-0.00816396;-0.00765684
1987-08-25;0.01014887;0.01031819
1987-08-26;-0.00670580;-0.00653457
1987-08-27;-0.00970887;-0.00953654
1987-08-28;-0.01327154;-0.01309866
1987-08-31;0.00791988;0.00843358
1987-09-01;-0.01957529;-0.01940762
1987-09-02;-0.00548726;-0.00532041
1987-09-03;-0.00474127;-0.00457168
1987-09-04;-0.01113827;-0.01096347
1987-09-08;-0.01062817;-0.00992242
1987-09-09;0.00097002;0.00114619
1987-09-10;0.01005019;0.01022362
1987-09-11;0.01511752;0.01529149
1987-09-14;0.00288951;0.00341061
1987-09-15;-0.01670403;-0.01653033
1987-09-16;-0.00923963;-0.00906593
1987-09-17;0.00004561;0.00022040
1987-09-18;-0.00040008;-0.00022419
1987-09-21;-0.01426121;-0.01372614
1987-09-22;0.02867324;0.02885105
1987-09-23;0.00511034;0.00528760
1987-09-24;-0.00475426;-0.00457865
1987-09-25;0.00119620;0.00137429
1987-09-28;0.00895279;0.00948950
1987-09-29;-0.00485724;-0.00467395
1987-09-30;0.00025219;0.00043328
1987-10-01;0.01690621;0.01708785
1987-10-02;0.00207633;0.00225880
1987-10-05;-0.00052431;0.00002473
1987-10-06;-0.02718698;-0.02700753
1987-10-07;-0.00231184;-0.00213211
1987-10-08;-0.01393544;-0.01375215
1987-10-09;-0.01002260;-0.00983767
1987-10-12;-0.00596126;-0.00540647
1987-10-13;0.01639444;0.01657910
1987-10-14;-0.02973598;-0.02953899
1987-10-15;-0.02362057;-0.02342688
1987-10-16;-0.05178867;-0.05159880
1987-10-19;-0.20520022;-0.20467501
1987-10-20;0.05316434;0.05332489
1987-10-21;0.09083820;0.09099162
1987-10-22;-0.03935459;-0.03920774
1987-10-23;-0.00026770;-0.00012276
1987-10-26;-0.08322426;-0.08279521
1987-10-27;0.02410041;0.02424370
1987-10-28;0.00024431;0.00038403
1987-10-29;0.04911439;0.04925220
1987-10-30;0.02853368;0.02867807
1987-11-02;0.01525972;0.01572164
1987-11-03;-0.01943280;-0.01927856
1987-11-04;-0.00756938;-0.00741759
1987-11-05;0.02201744;0.02217032
1987-11-06;-0.01615230;-0.01599532
1987-11-09;-0.02938683;-0.02891834
1987-11-10;-0.01730576;-0.01715041
1987-11-11;0.01197663;0.01213197
1987-11-12;0.02720504;0.02736476
1987-11-13;-0.01175244;-0.01159052
1987-11-16;0.00407130;0.00455376
1987-11-17;-0.01523839;-0.01507729
1987-11-18;0.01016752;0.01032560
1987-11-19;-0.02255568;-0.02240061
1987-11-20;0.00796468;0.00812139
1987-11-23;0.00361009;0.00408516
1987-11-24;0.01383235;0.01399043
1987-11-25;-0.00945229;-0.00929613
1987-11-27;-0.01571585;-0.01540736
1987-11-30;-0.04220813;-0.04177991
1987-12-01;0.00722770;0.00737976
1987-12-02;0.00609767;0.00624808
1987-12-03;-0.03544540;-0.03529856
1987-12-04;-0.00587867;-0.00572991
1987-12-07;0.02113075;0.02160911
1987-12-08;0.02672160;0.02688215
1987-12-09;0.01678102;0.01694074
1987-12-10;-0.02243377;-0.02227158
1987-12-11;0.00732993;0.00749048
1987-12-14;0.02870771;0.02918854
1987-12-15;0.00239559;0.00255806
1987-12-16;0.02153956;0.02170230
1987-12-17;-0.02072227;-0.02055980
1987-12-18;0.02527145;0.02543227
1987-12-21;0.00103691;0.00151937
1987-12-22;0.00147864;0.00164111
1987-12-23;0.01268229;0.01284065
1987-12-24;-0.00462276;-0.00446550
1987-12-28;-0.02626420;-0.02563954
1987-12-29;-0.00415263;-0.00399263
1987-12-30;0.01321096;0.01336739
1987-12-31;-0.00330447;-0.00314886
1988-01-04;0.03520678;0.03585116
1988-01-05;0.01057696;0.01073943
1988-01-06;0.00084284;0.00100284
1988-01-07;0.00825574;0.00841410
1988-01-08;-0.06777118;-0.06761036
1988-01-11;0.01644302;0.01691069
1988-01-12;-0.00851899;-0.00835981
1988-01-13;0.00154955;0.00170818
1988-01-14;0.00012152;0.00028261
1988-01-15;0.02503102;0.02519212
1988-01-18;-0.00116287;-0.00067958
1988-01-19;-0.01027944;-0.01011615
1988-01-20;-0.02700727;-0.02684809
1988-01-21;0.00193852;0.00209797
1988-01-22;0.01368556;0.01384474
1988-01-25;0.02285853;0.02333771
1988-01-26;-0.01029958;-0.01014013
1988-01-27;-0.00091933;-0.00076207
1988-01-28;0.01549749;0.01565311
1988-01-29;0.01482365;0.01497817
1988-02-01;-0.00808350;-0.00761829
1988-02-02;0.00234644;0.00250288
1988-02-03;-0.01327567;-0.01311923
1988-02-04;0.00055534;0.00071014
1988-02-05;-0.00430713;-0.00415261
1988-02-08;-0.00769383;-0.00723027
1988-02-09;0.01052039;0.01067381
1988-02-10;0.01958565;0.01973935
1988-02-11;-0.00287187;-0.00271762
1988-02-12;0.00688171;0.00703924
1988-02-16;0.00813107;0.00876121
1988-02-17;-0.00245680;-0.00229954
1988-02-18;-0.00518583;-0.00502994
1988-02-19;0.01423123;0.01438685
1988-02-22;0.01519682;0.01566203
1988-02-23;-0.00240268;-0.00224844
1988-02-24;-0.00210726;-0.00195328
1988-02-25;-0.01090966;-0.01075541
1988-02-26;0.00322768;0.00338083
1988-02-29;0.02032857;0.02079049
1988-03-01;-0.00030432;-0.00015035
1988-03-02;0.00099492;0.00114862
1988-03-03;-0.00052606;-0.00037263
1988-03-04;-0.00219804;-0.00204160
1988-03-07;-0.00002996;0.00044018
1988-03-08;0.00771542;0.00787268
1988-03-09;-0.00130138;-0.00114440
1988-03-10;-0.01953000;-0.01937247
1988-03-11;0.00405511;0.00421209
1988-03-14;0.00499597;0.00546446
1988-03-15;-0.00101267;-0.00085898
1988-03-16;0.01006331;0.01021701
1988-03-17;0.00870500;0.00885842
1988-03-18;-0.00048633;-0.00033126
1988-03-21;-0.00922634;-0.00875456
1988-03-22;0.00024594;0.00040430
1988-03-23;0.00013367;0.00029339
1988-03-24;-0.02082628;-0.02066765
1988-03-25;-0.01771781;-0.01756164
1988-03-28;-0.00216517;-0.00169339
1988-03-29;0.00771696;0.00787422
1988-03-30;-0.00782156;-0.00766402
1988-03-31;0.00303003;0.00318647
1988-04-04;-0.01114082;-0.01049973
1988-04-05;0.00943085;0.00959523
1988-04-06;0.02685521;0.02702097
1988-04-07;0.00233289;0.00249864
1988-04-08;0.01215585;0.01232078
1988-04-11;0.00229275;0.00278919
1988-04-12;0.00430973;0.00447219
1988-04-13;0.00060424;0.00076479
1988-04-14;-0.04357241;-0.04341515
1988-04-15;-0.00008674;0.00007436
1988-04-18;-0.00258397;-0.00210315
1988-04-19;-0.00509078;-0.00493160
1988-04-20;-0.00711303;-0.00695303
1988-04-21;0.00099854;0.00115826
1988-04-22;0.01436246;0.01452219
1988-04-25;0.00865141;0.00913223
1988-04-26;0.00576007;0.00592172
1988-04-27;-0.00050031;-0.00033949
1988-04-28;-0.00466768;-0.00450439
1988-04-29;-0.00499012;-0.00482628
1988-05-02;0.00059284;0.00109257
1988-05-03;0.00573185;0.00589980
1988-05-04;-0.01017427;-0.01000605
1988-05-05;-0.00545179;-0.00528247
1988-05-06;-0.00494815;-0.00477583
1988-05-09;-0.00324897;-0.00273034
1988-05-10;0.00417254;0.00434624
1988-05-11;-0.01687777;-0.01670626
1988-05-12;0.00200991;0.00218004
1988-05-13;0.01145351;0.01162282
1988-05-16;0.00751694;0.00802653
1988-05-17;-0.01252726;-0.01235466
1988-05-18;-0.01572890;-0.01555876
1988-05-19;0.00484880;0.00501730
1988-05-20;0.00162190;0.00179285
1988-05-23;-0.00900987;-0.00849617
1988-05-24;0.01062731;0.01080019
1988-05-25;0.00102934;0.00120276
1988-05-26;0.00327662;0.00345251
1988-05-27;-0.00454922;-0.00437278
1988-05-31;0.03394191;0.03464656
1988-06-01;0.01720592;0.01738318
1988-06-02;-0.00523464;-0.00505820
1988-06-03;0.00412409;0.00430107
1988-06-06;0.00193799;0.00246895
1988-06-07;-0.00699434;-0.00681817
1988-06-08;0.02378799;0.02396306
1988-06-09;-0.00467078;-0.00449435
1988-06-10;0.00378818;0.00396489
1988-06-13;0.00018991;0.00071923
1988-06-14;0.01047358;0.01064756
1988-06-15;0.00039784;0.00057154
1988-06-16;-0.01718897;-0.01701664
1988-06-17;0.00324897;0.00342349
1988-06-20;-0.00684832;-0.00632475
1988-06-21;0.00997843;0.01015816
1988-06-22;0.01450831;0.01468694
1988-06-23;-0.00321128;-0.00303265
1988-06-24;-0.00329175;-0.00311339
1988-06-27;-0.01765765;-0.01711847
1988-06-28;0.01204488;0.01222570
1988-06-29;-0.00505021;-0.00486994
1988-06-30;0.00913096;0.00931069
1988-07-01;-0.00621282;-0.00603337
1988-07-05;0.01440743;0.01512633
1988-07-06;-0.01391503;-0.01373613
1988-07-07;-0.00104720;-0.00086775
1988-07-08;-0.00664764;-0.00646518
1988-07-11;0.00152248;0.00206577
1988-07-12;-0.01015983;-0.00997544
1988-07-13;0.00530888;0.00549299
1988-07-14;0.00342052;0.00360490
1988-07-15;0.00642086;0.00660497
1988-07-18;-0.00614297;-0.00559557
1988-07-19;-0.00765601;-0.00747272
1988-07-20;0.00547780;0.00566163
1988-07-21;-0.01254098;-0.01235522
1988-07-22;-0.01203221;-0.01184756
1988-07-25;0.00420062;0.00475952
1988-07-26;0.00188423;0.00207300
1988-07-27;-0.01014008;-0.00994830
1988-07-28;0.01321410;0.01340561
1988-07-29;0.02243527;0.02262568
1988-08-01;0.00039931;0.00096725
1988-08-02;-0.00037097;-0.00018193
1988-08-03;0.00330189;0.00349093
1988-08-04;-0.00331118;-0.00312378
1988-08-05;-0.00285520;-0.00266561
1988-08-08;-0.00457415;-0.00401196
1988-08-09;-0.01247973;-0.01228631
1988-08-10;-0.01736333;-0.01717182
1988-08-11;0.00320294;0.00339500
1988-08-12;-0.00093802;-0.00074597
1988-08-15;-0.01483940;-0.01426487
1988-08-16;0.00720731;0.00740073
1988-08-17;0.00063028;0.00082289
1988-08-18;0.00089210;0.00108443
1988-08-19;-0.00315149;-0.00295806
1988-08-22;-0.01285850;-0.01227822
1988-08-23;0.00025788;0.00045404
1988-08-24;0.01552488;0.01572159
1988-08-25;-0.00760408;-0.00740545
1988-08-26;0.00198215;0.00218297
1988-08-29;0.00999251;0.01059416
1988-08-30;0.00061635;0.00081635
1988-08-31;-0.00395545;-0.00375545
1988-09-01;-0.01221316;-0.01201371
1988-09-02;0.02373835;0.02393616
1988-09-06;0.00354791;0.00434352
1988-09-07;0.00086199;0.00106281
1988-09-08;-0.00009244;0.00010811
1988-09-09;0.00379584;0.00399530
1988-09-12;-0.00195145;-0.00135720
1988-09-13;0.00349573;0.00369217
1988-09-14;0.00687137;0.00706754
1988-09-15;-0.00454052;-0.00434408
1988-09-16;0.00925124;0.00944713
1988-09-19;-0.00732421;-0.00673818
1988-09-20;0.00357044;0.00376770
1988-09-21;0.00160661;0.00180359
1988-09-22;-0.00383974;-0.00364248
1988-09-23;0.00197061;0.00216869
1988-09-26;-0.00313265;-0.00253265
1988-09-27;-0.00244652;-0.00224569
1988-09-28;0.00288005;0.00308114
1988-09-29;0.01292437;0.01312410
1988-09-30;-0.00266325;-0.00246462
1988-10-03;-0.00203200;-0.00143693
1988-10-04;-0.00285147;-0.00265339
1988-10-05;0.00436288;0.00456068
1988-10-06;0.00176504;0.00196504
1988-10-07;0.02075047;0.02094965
1988-10-10;-0.00000897;0.00058857
1988-10-11;-0.00128476;-0.00108504
1988-10-12;-0.01440214;-0.01420269
1988-10-13;0.00433857;0.00453967
1988-10-14;0.00092780;0.00112834
1988-10-17;0.00274346;0.00334593
1988-10-18;0.01059147;0.01079312
1988-10-19;-0.00883277;-0.00862921
1988-10-20;0.02112880;0.02133291
1988-10-21;0.00257718;0.00278101
1988-10-24;-0.00535115;-0.00473389
1988-10-25;0.00024177;0.00044560
1988-10-26;-0.00350821;-0.00330520
1988-10-27;-0.01477291;-0.01457072
1988-10-28;0.00438557;0.00458749
1988-10-31;0.00120274;0.00180767
1988-11-01;0.00063244;0.00083353
1988-11-02;-0.00020384;-0.00000192
1988-11-03;0.00049097;0.00069371
1988-11-04;-0.00972951;-0.00952540
1988-11-07;-0.00876176;-0.00814696
1988-11-08;0.00446022;0.00466817
1988-11-09;-0.00661844;-0.00641105
1988-11-10;0.00134822;0.00155754
1988-11-11;-0.02130186;-0.02109254
1988-11-14;-0.00093440;-0.00029495
1988-11-15;0.00216682;0.00238463
1988-11-16;-0.01684944;-0.01663191
1988-11-17;0.00278917;0.00300615
1988-11-18;0.00713188;0.00734941
1988-11-21;-0.00153383;-0.00087712
1988-11-22;0.00348543;0.00370461
1988-11-23;0.00658505;0.00680450
1988-11-25;-0.00666484;-0.00622484
1988-11-28;0.00487461;0.00553050
1988-11-29;0.00841569;0.00863459
1988-11-30;0.01009431;0.01030883
1988-12-01;-0.00456051;-0.00434544
1988-12-02;-0.00249292;-0.00227182
1988-12-05;0.01103117;0.01168953
1988-12-06;0.00958351;0.00980131
1988-12-07;0.00176255;0.00198145
1988-12-08;-0.00581160;-0.00559297
1988-12-09;0.00180769;0.00202358
1988-12-12;-0.00239765;-0.00174834
1988-12-13;-0.00088717;-0.00066526
1988-12-14;-0.00378783;-0.00356536
1988-12-15;-0.00394273;-0.00371835
1988-12-16;0.00716472;0.00738828
1988-12-19;0.00882295;0.00949610
1988-12-20;-0.00534749;-0.00512338
1988-12-21;-0.00053688;-0.00031496
1988-12-22;-0.00203173;-0.00181118
1988-12-23;0.00423917;0.00445972
1988-12-27;-0.00461391;-0.00372076
1988-12-28;0.00071222;0.00093852
1988-12-29;0.00826614;0.00848888
1988-12-30;-0.00605524;-0.00583332
1989-01-03;-0.00947254;-0.00858049
1989-01-04;0.01496547;0.01519150
1989-01-05;0.00190951;0.00213609
1989-01-06;0.00211086;0.00233799
1989-01-09;0.00054958;0.00123013
1989-01-10;-0.00235515;-0.00212775
1989-01-11;0.00561365;0.00583940
1989-01-12;0.00387112;0.00409742
1989-01-13;0.00246087;0.00268580
1989-01-16;0.00026951;0.00094430
1989-01-17;-0.00229547;-0.00206971
1989-01-18;0.01026806;0.01049436
1989-01-19;0.00108362;0.00130909
1989-01-20;-0.00113411;-0.00090835
1989-01-23;-0.00794354;-0.00726382
1989-01-24;0.01398924;0.01421417
1989-01-25;0.00214047;0.00236759
1989-01-26;0.00865922;0.00888771
1989-01-27;0.00709611;0.00732433
1989-01-30;0.00347436;0.00415491
1989-01-31;0.00857707;0.00880693
1989-02-01;-0.00136315;-0.00113383
1989-02-02;-0.00055528;-0.00032569
1989-02-03;0.00025157;0.00048390
1989-02-06;-0.00313474;-0.00243365
1989-02-07;0.01199829;0.01223199
1989-02-08;-0.00347352;-0.00323982
1989-02-09;-0.00866085;-0.00842852
1989-02-10;-0.01356734;-0.01333309
1989-02-13;0.00155983;0.00226257
1989-02-14;-0.00246682;-0.00223230
1989-02-15;0.00818100;0.00841360
1989-02-16;0.00172113;0.00195401
1989-02-17;0.00669574;0.00692807
1989-02-21;-0.00352079;-0.00259257
1989-02-22;-0.01730776;-0.01707406
1989-02-23;0.00394781;0.00418370
1989-02-24;-0.01707569;-0.01683870
1989-02-27;0.00201817;0.00273159
1989-02-28;0.00352135;0.00375998
1989-03-01;-0.00601013;-0.00577287
1989-03-02;0.00976849;0.01000575
1989-03-03;0.00402230;0.00425874
1989-03-06;0.01201761;0.01272200
1989-03-07;-0.00332320;-0.00308703
1989-03-08;0.00051143;0.00074732
1989-03-09;-0.00033683;-0.00009957
1989-03-10;-0.00375722;-0.00351777
1989-03-13;0.00770286;0.00842286
1989-03-14;-0.00079101;-0.00055265
1989-03-15;0.00501159;0.00524913
1989-03-16;0.00911064;0.00934900
1989-03-17;-0.02273424;-0.02249178
1989-03-20;-0.01018941;-0.00945051
1989-03-21;0.00463192;0.00488096
1989-03-22;-0.00313799;-0.00289114
1989-03-23;-0.00545209;-0.00520442
1989-03-27;0.00515156;0.00614882
1989-03-28;0.00330245;0.00355095
1989-03-29;0.00237504;0.00262052
1989-03-30;0.00047216;0.00071737
1989-03-31;0.00779136;0.00803520
1989-04-03;0.00468190;0.00540683
1989-04-04;-0.00343467;-0.00319330
1989-04-05;0.00292570;0.00316735
1989-04-06;-0.00343560;-0.00319341
1989-04-07;0.00606338;0.00630448
1989-04-10;-0.00075543;-0.00003789
1989-04-11;0.00442041;0.00465821
1989-04-12;0.00145628;0.00169354
1989-04-13;-0.00883287;-0.00859260
1989-04-14;0.01651261;0.01674850
1989-04-17;0.00055384;0.00126151
1989-04-18;0.01410075;0.01433171
1989-04-19;0.00347926;0.00371022
1989-04-20;-0.00334654;-0.00310982
1989-04-21;0.01092236;0.01115907
1989-04-24;-0.00349322;-0.00278062
1989-04-25;-0.00636005;-0.00612361
1989-04-26;0.00054209;0.00077578
1989-04-27;0.00840899;0.00863941
1989-04-28;-0.00001661;0.00021381
1989-05-01;-0.00210074;-0.00139225
1989-05-02;-0.00322980;-0.00299473
1989-05-03;0.00007385;0.00030755
1989-05-04;-0.00091623;-0.00068253
1989-05-05;-0.00044958;-0.00021862
1989-05-08;-0.00550307;-0.00480526
1989-05-09;-0.00228831;-0.00205543
1989-05-10;0.00182240;0.00205582
1989-05-11;0.00359440;0.00382509
1989-05-12;0.02227571;0.02250064
1989-05-15;0.00710746;0.00778472
1989-05-16;-0.00242315;-0.00219767
1989-05-17;0.00676487;0.00699172
1989-05-18;0.00141495;0.00164454
1989-05-19;0.01008013;0.01030890
1989-05-22;0.00188399;0.00256783
1989-05-23;-0.01158838;-0.01136153
1989-05-24;0.00248462;0.00271393
1989-05-25;0.00009151;0.00032548
1989-05-26;0.00764945;0.00788287
1989-05-30;-0.00862345;-0.00768317
1989-05-31;0.00372337;0.00395926
1989-06-01;0.00000000;0.00023589
1989-06-02;0.00000000;0.00022904
1989-06-05;0.00000000;0.00067890
1989-06-06;0.00000000;0.00022356
1989-06-07;0.00000000;0.00022301
1989-06-08;0.00000000;0.00022247
1989-06-09;0.00000000;0.00022521
1989-06-12;0.00000000;0.00067315
1989-06-13;0.00000000;0.00022356
1989-06-14;0.00000000;0.00022247
1989-06-15;0.00000000;0.00022164
1989-06-16;0.00000000;0.00022301
1989-06-19;0.00000000;0.00066986
1989-06-20;0.00000000;0.00022329
1989-06-21;0.00000000;0.00022274
1989-06-22;0.00000000;0.00022329
1989-06-23;0.00000000;0.00022055
1989-06-26;0.00000000;0.00066575
1989-06-27;0.00000000;0.00022055
1989-06-28;0.00000000;0.00022027
1989-06-29;0.00000000;0.00021781
1989-06-30;-0.00065000;-0.00043110
1989-07-03;0.00353836;0.00419342
1989-07-05;0.00410736;0.00453367
1989-07-06;0.00276702;0.00297990
1989-07-07;0.01023578;0.01044756
1989-07-10;0.00611559;0.00675258
1989-07-11;0.00502275;0.00523535
1989-07-12;0.00295259;0.00316437
1989-07-13;0.00018692;0.00039979
1989-07-14;0.00563443;0.00584922
1989-07-17;0.00125381;0.00190477
1989-07-18;-0.00343470;-0.00321799
1989-07-19;0.01300071;0.01321797
1989-07-20;-0.00684260;-0.00662425
1989-07-21;0.00695272;0.00717518
1989-07-24;-0.00712148;-0.00645573
1989-07-25;0.00048680;0.00070680
1989-07-26;0.01235626;0.01257599
1989-07-27;0.01161580;0.01183224
1989-07-28;0.00028043;0.00049577
1989-07-31;0.01109835;0.01173944
1989-08-01;-0.00657534;-0.00636630
1989-08-02;0.00165835;0.00186740
1989-08-03;0.00138021;0.00158952
1989-08-04;-0.00246392;-0.00224831
1989-08-07;0.01551281;0.01616624
1989-08-08;-0.00000329;0.00021424
1989-08-09;-0.00694509;-0.00672838
1989-08-10;0.00367189;0.00388723
1989-08-11;-0.01008129;-0.00986321
1989-08-14;-0.00518283;-0.00452036
1989-08-15;0.00464299;0.00486299
1989-08-16;0.00270724;0.00292478
1989-08-17;-0.00365414;-0.00343825
1989-08-18;0.00438032;0.00459566
1989-08-21;-0.01596631;-0.01531535
1989-08-22;0.00143742;0.00165797
1989-08-23;0.01005316;0.01027234
1989-08-24;0.01957278;0.01979086
1989-08-25;-0.00292756;-0.00270947
1989-08-28;0.00425745;0.00491334
1989-08-29;-0.00642405;-0.00620762
1989-08-30;0.00212413;0.00233975
1989-08-31;0.00206441;0.00228057
1989-09-01;0.00656104;0.00677638
1989-09-05;-0.00406459;-0.00320103
1989-09-06;-0.00958666;-0.00937241
1989-09-07;-0.00272188;-0.00250818
1989-09-08;0.00097367;0.00118682
1989-09-11;-0.00341724;-0.00278518
1989-09-12;0.00287415;0.00308292
1989-09-13;-0.00948985;-0.00928191
1989-09-14;-0.00679911;-0.00659143
1989-09-15;0.00535602;0.00556232
1989-09-18;0.00424801;0.00487349
1989-09-19;-0.00029316;-0.00008330
1989-09-20;-0.00043292;-0.00021894
1989-09-21;-0.00227863;-0.00206411
1989-09-22;0.00370086;0.00391347
1989-09-25;-0.00834038;-0.00769764
1989-09-26;0.00011301;0.00032561
1989-09-27;0.00204823;0.00226275
1989-09-28;0.01010016;0.01031578
1989-09-29;0.00145199;0.00166870
1989-10-02;0.00432235;0.00497084
1989-10-03;0.01113427;0.01134742
1989-10-04;0.00621640;0.00642955
1989-10-05;-0.00010933;0.00010327
1989-10-06;0.00491794;0.00512561
1989-10-09;0.00222277;0.00284578
1989-10-10;-0.00206310;-0.00185406
1989-10-11;-0.00614550;-0.00593454
1989-10-12;-0.00470862;-0.00449766
1989-10-13;-0.06137507;-0.06116658
1989-10-16;0.02714723;0.02775874
1989-10-17;-0.00507739;-0.00487382
1989-10-18;0.00155288;0.00175836
1989-10-19;0.01552293;0.01573033
1989-10-20;-0.00010064;0.00010620
1989-10-23;-0.00722272;-0.00660053
1989-10-24;-0.00347226;-0.00326678
1989-10-25;-0.00356649;-0.00335936
1989-10-26;-0.01335650;-0.01314828
1989-10-27;-0.00870697;-0.00849437
1989-10-30;-0.00044680;0.00019018
1989-10-31;0.01596073;0.01617361
1989-11-01;0.00226352;0.00247667
1989-11-02;-0.00763108;-0.00741930
1989-11-03;-0.00270765;-0.00249285
1989-11-06;-0.01513611;-0.01448926
1989-11-07;0.00682424;0.00703657
1989-11-08;0.00982402;0.01003471
1989-11-09;-0.00458622;-0.00437526
1989-11-10;0.00757111;0.00778235
1989-11-13;0.00107171;0.00170459
1989-11-14;-0.00467312;-0.00446325
1989-11-15;0.00739596;0.00760527
1989-11-16;0.00009021;0.00030007
1989-11-17;0.00291644;0.00312686
1989-11-20;-0.00712125;-0.00649002
1989-11-21;0.00050504;0.00071408
1989-11-22;0.00661476;0.00682271
1989-11-24;0.00573438;0.00614589
1989-11-27;0.00458035;0.00520994
1989-11-28;0.00040840;0.00061964
1989-11-29;-0.00647748;-0.00626762
1989-11-30;0.00674760;0.00695555
1989-12-01;0.01331368;0.01351998
1989-12-04;0.00203667;0.00265722
1989-12-05;-0.00525525;-0.00504813
1989-12-06;-0.00314754;-0.00293823
1989-12-07;-0.00288984;-0.00267915
1989-12-08;0.00295720;0.00316570
1989-12-11;-0.00058018;0.00004777
1989-12-12;0.00896621;0.00917608
1989-12-13;0.00270401;0.00291469
1989-12-14;-0.00536601;-0.00515724
1989-12-15;-0.00265554;-0.00244678
1989-12-18;-0.01877203;-0.01814737
1989-12-19;-0.00373920;-0.00352906
1989-12-20;0.00093426;0.00114166
1989-12-21;0.00547509;0.00568222
1989-12-22;0.00798420;0.00819214
1989-12-26;-0.00241383;-0.00156342
1989-12-27;0.00556230;0.00577408
1989-12-28;0.00512984;0.00534025
1989-12-29;0.00784161;0.00804846
1990-01-02;0.01695242;0.01778311
1990-01-03;-0.00277466;-0.00256562
1990-01-04;-0.00838807;-0.00818012
1990-01-05;-0.00994620;-0.00973963
1990-01-08;0.00397404;0.00459377
1990-01-09;-0.01199700;-0.01179015
1990-01-10;-0.00678424;-0.00657876
1990-01-11;0.00330245;0.00350930
1990-01-12;-0.02472663;-0.02452115
1990-01-15;-0.00921975;-0.00860331
1990-01-16;0.01094680;0.01115584
1990-01-17;-0.00999137;-0.00978013
1990-01-18;0.00210192;0.00231507
1990-01-19;0.00267556;0.00288762
1990-01-22;-0.02640736;-0.02577202
1990-01-23;0.00350584;0.00371597
1990-01-24;-0.02243677;-0.02222663
1990-01-25;0.00575686;0.00596755
1990-01-26;-0.00098261;-0.00077220
1990-01-29;-0.00229788;-0.00166171
1990-01-30;-0.00676300;-0.00655095
1990-01-31;0.01867025;0.01888230
1990-02-01;-0.00094911;-0.00073651
1990-02-02;0.00642853;0.00664251
1990-02-05;0.00286245;0.00350519
1990-02-06;-0.00645777;-0.00624352
1990-02-07;0.01240205;0.01261602
1990-02-08;-0.00252446;-0.00231049
1990-02-09;0.00223878;0.00245139
1990-02-12;-0.01090307;-0.01026773
1990-02-13;0.00293745;0.00314512
1990-02-14;0.00284272;0.00305122
1990-02-15;0.00852742;0.00873866
1990-02-16;-0.00641364;-0.00620295
1990-02-20;-0.01501328;-0.01415848
1990-02-21;-0.00117494;-0.00096261
1990-02-22;-0.00612483;-0.00591305
1990-02-23;-0.00470761;-0.00449719
1990-02-26;0.01359319;0.01422688
1990-02-27;0.00480208;0.00501386
1990-02-28;0.00494418;0.00515706
1990-03-01;0.00246193;0.00267591
1990-03-02;0.00821479;0.00842739
1990-03-05;-0.00564173;-0.00499899
1990-03-06;0.01242443;0.01264087
1990-03-07;-0.00309345;-0.00287674
1990-03-08;0.00966632;0.00988303
1990-03-09;-0.00666472;-0.00644581
1990-03-12;0.00158153;0.00223824
1990-03-13;-0.00805694;-0.00783831
1990-03-14;0.00239469;0.00261250
1990-03-15;0.00337629;0.00359382
1990-03-16;0.01115872;0.01137570
1990-03-19;0.00412814;0.00478075
1990-03-20;-0.00584521;-0.00562685
1990-03-21;-0.00557875;-0.00536095
1990-03-22;-0.01213705;-0.01192061
1990-03-23;0.00435381;0.00456970
1990-03-26;0.00118499;0.00183102
1990-03-27;0.01127464;0.01149108
1990-03-28;0.00127095;0.00148602
1990-03-29;-0.00375516;-0.00354064
1990-03-30;-0.00260122;-0.00238752
1990-04-02;-0.00412347;-0.00348401
1990-04-03;0.01453624;0.01475048
1990-04-04;-0.00720105;-0.00698872
1990-04-05;-0.00124285;-0.00103025
1990-04-06;-0.00202950;-0.00181690
1990-04-09;0.00317804;0.00382078
1990-04-10;0.00183960;0.00205275
1990-04-11;-0.00064619;-0.00043359
1990-04-12;0.00693817;0.00715077
1990-04-16;0.00040369;0.00125191
1990-04-17;-0.00037512;-0.00016251
1990-04-18;-0.01164676;-0.01143278
1990-04-19;-0.00793306;-0.00771964
1990-04-20;-0.00897280;-0.00876212
1990-04-23;-0.01267237;-0.01203703
1990-04-24;-0.00222093;-0.00200833
1990-04-25;0.00495038;0.00516380
1990-04-26;0.00261733;0.00283157
1990-04-27;-0.01162808;-0.01141466
1990-04-30;0.00478997;0.00543025
1990-05-01;0.00440737;0.00462436
1990-05-02;0.00655040;0.00676683
1990-05-03;0.00333669;0.00355258
1990-05-04;0.00870890;0.00892151
1990-05-07;0.00599169;0.00663443
1990-05-08;0.00448863;0.00470206
1990-05-09;0.00247653;0.00268886
1990-05-10;0.00273876;0.00294999
1990-05-11;0.02381671;0.02402548
1990-05-14;0.00764994;0.00827706
1990-05-15;-0.00148130;-0.00127171
1990-05-16;-0.00078289;-0.00057275
1990-05-17;0.00116393;0.00137406
1990-05-18;0.00027835;0.00049068
1990-05-21;0.00904889;0.00968588
1990-05-22;0.00155717;0.00176895
1990-05-23;0.00222233;0.00243192
1990-05-24;-0.00253830;-0.00232762
1990-05-25;-0.01043532;-0.01022299
1990-05-29;0.01648346;0.01733277
1990-05-30;0.00039604;0.00060864
1990-05-31;0.00100613;0.00121846
1990-06-01;0.00522190;0.00543231
1990-06-04;0.01123186;0.01186473
1990-06-05;-0.00215976;-0.00194880
1990-06-06;-0.00473946;-0.00452850
1990-06-07;-0.00513688;-0.00492592
1990-06-08;-0.01240708;-0.01219612
1990-06-11;0.00792099;0.00855633
1990-06-12;0.01260909;0.01282087
1990-06-13;-0.00386507;-0.00365493
1990-06-14;-0.00566117;-0.00545130
1990-06-15;-0.00016210;0.00004858
1990-06-18;-0.01719931;-0.01656890
1990-06-19;0.00433031;0.00454237
1990-06-20;0.00154897;0.00176157
1990-06-21;0.00361213;0.00382500
1990-06-22;-0.01419362;-0.01398047
1990-06-25;-0.00884275;-0.00820247
1990-06-26;-0.00089133;-0.00067763
1990-06-27;0.00854911;0.00876226
1990-06-28;0.00687567;0.00708772
1990-06-29;0.00106598;0.00127803
1990-07-02;0.00362765;0.00426382
1990-07-03;0.00195102;0.00216198
1990-07-05;-0.01271844;-0.01229871
1990-07-06;0.00750141;0.00771373
1990-07-09;0.00249235;0.00313344
1990-07-10;-0.00861149;-0.00839780
1990-07-11;0.01307550;0.01328865
1990-07-12;0.01143530;0.01164572
1990-07-13;0.00492089;0.00512911
1990-07-16;0.00405028;0.00467575
1990-07-17;-0.00407697;-0.00386847
1990-07-18;-0.00914134;-0.00893449
1990-07-19;0.00282934;0.00303592
1990-07-20;-0.01037069;-0.01016411
1990-07-23;-0.01794215;-0.01732735
1990-07-24;0.00115562;0.00136192
1990-07-25;0.00351712;0.00372425
1990-07-26;-0.00343548;-0.00322781
1990-07-27;-0.00696314;-0.00675711
1990-07-30;0.00558417;0.00620061
1990-07-31;0.00182320;0.00202841
1990-08-01;-0.00192364;-0.00172035
1990-08-02;-0.01140737;-0.01120381
1990-08-03;-0.01888376;-0.01868404
1990-08-06;-0.03015536;-0.02955536
1990-08-07;0.00143323;0.00163515
1990-08-08;0.01033769;0.01053988
1990-08-09;0.00472795;0.00493096
1990-08-10;-0.01291891;-0.01271617
1990-08-13;0.00959983;0.01020969
1990-08-14;0.00156953;0.00177309
1990-08-15;0.00183430;0.00203841
1990-08-16;-0.02255112;-0.02234619
1990-08-17;-0.01393599;-0.01373133
1990-08-20;0.00165458;0.00227266
1990-08-21;-0.02033573;-0.02012833
1990-08-22;-0.01667566;-0.01646771
1990-08-23;-0.03018203;-0.02997545
1990-08-24;0.01429380;0.01449900
1990-08-27;0.03164566;0.03226457
1990-08-28;-0.00015022;0.00005472
1990-08-29;0.00874096;0.00894561
1990-08-30;-0.01710048;-0.01689637
1990-08-31;0.01218464;0.01238711
1990-09-04;0.00107165;0.00188152
1990-09-05;0.00382071;0.00402262
1990-09-06;-0.01225737;-0.01205518
1990-09-07;0.00898841;0.00919088
1990-09-10;-0.00562080;-0.00501011
1990-09-11;-0.00187230;-0.00166901
1990-09-12;0.00446615;0.00466807
1990-09-13;-0.01226064;-0.01205927
1990-09-14;-0.00587782;-0.00567645
1990-09-17;0.00242836;0.00303411
1990-09-18;0.00296977;0.00317169
1990-09-19;-0.00647451;-0.00627205
1990-09-20;-0.01615069;-0.01594823
1990-09-21;-0.00072817;-0.00052653
1990-09-24;-0.02178283;-0.02117625
1990-09-25;0.01195151;0.01215288
1990-09-26;-0.01056330;-0.01036248
1990-09-27;-0.01340525;-0.01320716
1990-09-28;0.01668061;0.01687623
1990-10-01;0.02878076;0.02936678
1990-10-02;0.00066518;0.00086189
1990-10-03;-0.01164775;-0.01145186
1990-10-04;0.00396431;0.00415966
1990-10-05;-0.00396236;-0.00376949
1990-10-08;0.00575743;0.00633606
1990-10-09;-0.02685115;-0.02665471
1990-10-10;-0.01561304;-0.01541578
1990-10-11;-0.01660625;-0.01641118
1990-10-12;0.01525880;0.01545441
1990-10-15;0.01030815;0.01089664
1990-10-16;-0.01438862;-0.01419246
1990-10-17;-0.00068406;-0.00048680
1990-10-18;0.02317584;0.02337447
1990-10-19;0.02187156;0.02207019
1990-10-22;0.00682072;0.00741497
1990-10-23;-0.00779570;-0.00759817
1990-10-24;0.00058311;0.00078092
1990-10-25;-0.00790498;-0.00770827
1990-10-26;-0.01753982;-0.01734448
1990-10-29;-0.00968514;-0.00909747
1990-10-30;0.00729849;0.00749411
1990-10-31;-0.00037528;-0.00018048
1990-11-01;0.00992549;0.01011864
1990-11-02;0.01565795;0.01585192
1990-11-05;0.00947818;0.01006010
1990-11-06;-0.00938601;-0.00919204
1990-11-07;-0.01813819;-0.01794395
1990-11-08;0.00555927;0.00575352
1990-11-09;0.02020052;0.02039367
1990-11-12;0.01770590;0.01828535
1990-11-13;-0.00573042;-0.00553755
1990-11-14;0.00858005;0.00877375
1990-11-15;-0.01069729;-0.01050304
1990-11-16;0.00043005;0.00062402
1990-11-19;0.00643392;0.00701748
1990-11-20;-0.01278934;-0.01259510
1990-11-21;0.00215007;0.00234295
1990-11-23;-0.00329900;-0.00291380
1990-11-26;0.00422331;0.00480111
1990-11-27;0.00521554;0.00540841
1990-11-28;-0.00064850;-0.00045507
1990-11-29;-0.00498314;-0.00479054
1990-11-30;0.01814132;0.01833365
1990-12-03;0.00592918;0.00650863
1990-12-04;0.00694492;0.00713697
1990-12-05;0.01075591;0.01094769
1990-12-06;-0.00270366;-0.00251188
1990-12-07;-0.00415655;-0.00396778
1990-12-10;0.00308255;0.00364639
1990-12-11;-0.00724814;-0.00706074
1990-12-12;0.01130219;0.01148822
1990-12-13;-0.00269524;-0.00250812
1990-12-14;-0.00783631;-0.00764864
1990-12-17;-0.00295973;-0.00240001
1990-12-18;0.01222749;0.01241188
1990-12-19;0.00033442;0.00051579
1990-12-20;-0.00042647;-0.00024702
1990-12-21;0.00474807;0.00492862
1990-12-24;-0.00536749;-0.00483078
1990-12-26;0.00258283;0.00293790
1990-12-27;-0.00789217;-0.00771491
1990-12-28;0.00143617;0.00161288
1990-12-31;0.00402827;0.00455759
1991-01-02;-0.01175514;-0.01140116
1991-01-03;-0.01404584;-0.01386941
1991-01-04;-0.00266408;-0.00248518
1991-01-07;-0.01765922;-0.01712416
1991-01-08;-0.00188586;-0.00170942
1991-01-09;-0.01092032;-0.01074909
1991-01-10;0.00956802;0.00973815
1991-01-11;0.00208388;0.00225265
1991-01-14;-0.00895997;-0.00846271
1991-01-15;0.00382406;0.00398981
1991-01-16;0.00766991;0.00783539
1991-01-17;0.03715126;0.03731893
1991-01-18;0.01290976;0.01307606
1991-01-21;-0.00401551;-0.00351661
1991-01-22;-0.00846080;-0.00829505
1991-01-23;0.00565081;0.00581903
1991-01-24;0.01384997;0.01401792
1991-01-25;0.00371425;0.00388329
1991-01-28;-0.00043938;0.00007432
1991-01-29;-0.00046590;-0.00029549
1991-01-30;0.01501857;0.01518843
1991-01-31;0.00869062;0.00886021
1991-02-01;-0.00266865;-0.00250426
1991-02-04;0.01565200;0.01614351
1991-02-05;0.00875804;0.00892160
1991-02-06;0.01925859;0.01942051
1991-02-07;-0.00419016;-0.00402742
1991-02-08;0.00791944;0.00808163
1991-02-11;0.02565898;0.02614227
1991-02-12;-0.00836488;-0.00820461
1991-02-13;0.00967408;0.00983463
1991-02-14;-0.01312560;-0.01296533
1991-02-15;0.01331352;0.01347544
1991-02-19;0.00030808;0.00096123
1991-02-20;-0.01163499;-0.01147225
1991-02-21;-0.00062923;-0.00046703
1991-02-22;0.00196580;0.00212882
1991-02-25;0.00424311;0.00473544
1991-02-26;-0.01211038;-0.01194490
1991-02-27;0.01347114;0.01363635
1991-02-28;-0.00179460;-0.00162912
1991-03-01;0.00917248;0.00933933
1991-03-04;-0.00325135;-0.00275327
1991-03-05;0.01993963;0.02010539
1991-03-06;-0.00158996;-0.00142338
1991-03-07;-0.00076134;-0.00059504
1991-03-08;-0.00256311;-0.00239954
1991-03-11;-0.00551080;-0.00502669
1991-03-12;-0.00795908;-0.00779854
1991-03-13;0.01215547;0.01231519
1991-03-14;-0.00299319;-0.00283539
1991-03-15;0.00007796;0.00023687
1991-03-18;-0.00442474;-0.00394474
1991-03-19;-0.01492697;-0.01476560
1991-03-20;0.00348591;0.00364701
1991-03-21;-0.00379840;-0.00363758
1991-03-22;0.00275640;0.00291722
1991-03-25;0.00603565;0.00651894
1991-03-26;0.01733277;0.01749332
1991-03-27;-0.00267158;-0.00251240
1991-03-28;-0.00049159;-0.00033433
1991-04-01;-0.01082820;-0.01019697
1991-04-02;0.02198810;0.02214618
1991-04-03;-0.00154507;-0.00138699
1991-04-04;0.00247376;0.00263102
1991-04-05;-0.01176445;-0.01160801
1991-04-08;0.00835444;0.00881882
1991-04-09;-0.01355887;-0.01340517
1991-04-10;-0.00125198;-0.00109828
1991-04-11;0.01187096;0.01202356
1991-04-12;0.00717943;0.00733039
1991-04-15;0.00180507;0.00226453
1991-04-16;0.01672783;0.01688153
1991-04-17;0.00717134;0.00732367
1991-04-18;-0.00524077;-0.00508570
1991-04-19;-0.01108929;-0.01093176
1991-04-22;-0.00885985;-0.00839218
1991-04-23;0.00196766;0.00212410
1991-04-24;0.00252404;0.00267911
1991-04-25;-0.00926999;-0.00911629
1991-04-26;-0.00067212;-0.00051814
1991-04-29;-0.01441050;-0.01395105
1991-04-30;0.00465653;0.00480749
1991-05-01;0.01302072;0.01317250
1991-05-02;0.00047994;0.00062953
1991-05-03;0.00071299;0.00086285
1991-05-06;-0.00169217;-0.00124341
1991-05-07;-0.00690968;-0.00675899
1991-05-08;0.00300175;0.00315243
1991-05-09;0.01284806;0.01299820
1991-05-10;-0.01958730;-0.01943716
1991-05-13;0.00254489;0.00299448
1991-05-14;-0.01369544;-0.01354503
1991-05-15;-0.00824540;-0.00809609
1991-05-16;0.00986386;0.01001180
1991-05-17;0.00089878;0.00104672
1991-05-20;-0.00052512;-0.00007718
1991-05-21;0.00820454;0.00835523
1991-05-22;0.00211526;0.00226485
1991-05-23;-0.00337742;-0.00322947
1991-05-24;0.00684612;0.00699406
1991-05-28;0.01151152;0.01210330
1991-05-29;0.00209820;0.00224751
1991-05-30;0.01079303;0.01094234
1991-05-31;0.00744522;0.00759673
1991-06-03;-0.00469100;-0.00423072
1991-06-04;-0.00086167;-0.00070907
1991-06-05;-0.00698046;-0.00682731
1991-06-06;-0.00387770;-0.00372537
1991-06-07;-0.01108951;-0.01093718
1991-06-10;-0.00240038;-0.00194175
1991-06-11;0.00659955;0.00675215
1991-06-12;-0.01171467;-0.01156234
1991-06-13;0.00254600;0.00269888
1991-06-14;0.01218830;0.01234145
1991-06-17;-0.00608734;-0.00562789
1991-06-18;-0.00413458;-0.00398061
1991-06-19;-0.00938177;-0.00922917
1991-06-20;0.00074171;0.00089403
1991-06-21;0.00604086;0.00619346
1991-06-24;-0.01795115;-0.01749416
1991-06-25;-0.00089347;-0.00074059
1991-06-26;0.00242111;0.00257344
1991-06-27;0.00740953;0.00756159
1991-06-28;-0.00853385;-0.00838207
1991-07-01;0.01777067;0.01822930
1991-07-02;-0.00134714;-0.00119426
1991-07-03;-0.01071087;-0.01055854
1991-07-05;0.00186684;0.00217260
1991-07-08;0.00987565;0.01033346
1991-07-09;-0.00489795;-0.00474480
1991-07-10;-0.00114076;-0.00098788
1991-07-11;0.00311204;0.00326437
1991-07-12;0.00855899;0.00871105
1991-07-15;0.00534135;0.00579916
1991-07-16;-0.00234820;-0.00219505
1991-07-17;-0.00105793;-0.00090424
1991-07-18;0.01084463;0.01099778
1991-07-19;-0.00313248;-0.00297961
1991-07-22;-0.00386367;-0.00340586
1991-07-23;-0.00919149;-0.00903834
1991-07-24;-0.00217862;-0.00202574
1991-07-25;0.00602222;0.00617509
1991-07-26;-0.00017796;-0.00002508
1991-07-29;0.00555984;0.00601765
1991-07-30;0.00933338;0.00948570
1991-07-31;0.00276648;0.00291799
1991-08-01;-0.00188262;-0.00173057
1991-08-02;0.00014469;0.00029428
1991-08-05;-0.00553730;-0.00508525
1991-08-06;0.01477694;0.01492516
1991-08-07;0.00009882;0.00024622
1991-08-08;-0.00317101;-0.00302388
1991-08-09;-0.00548607;-0.00534032
1991-08-12;0.00217311;0.00260955
1991-08-13;0.00402672;0.00417165
1991-08-14;0.00071150;0.00085643
1991-08-15;-0.00154639;-0.00140118
1991-08-16;-0.00961560;-0.00947149
1991-08-19;-0.02385826;-0.02343826
1991-08-20;0.00775509;0.00789509
1991-08-21;0.02926996;0.02941462
1991-08-22;0.00178919;0.00193467
1991-08-23;0.00710982;0.00725749
1991-08-26;-0.00091898;-0.00047433
1991-08-27;-0.00193519;-0.00178779
1991-08-28;0.00911131;0.00925651
1991-08-29;-0.00054515;-0.00040077
1991-08-30;-0.00249765;-0.00235163
1991-09-03;-0.00874735;-0.00816214
1991-09-04;-0.00563642;-0.00549039
1991-09-05;-0.00224255;-0.00209680
1991-09-06;-0.00023714;-0.00009221
1991-09-09;-0.00143302;-0.00099905
1991-09-10;-0.01013350;-0.00998994
1991-09-11;0.00124632;0.00139043
1991-09-12;0.00571302;0.00585603
1991-09-13;-0.00979680;-0.00965543
1991-09-16;0.00570080;0.00612655
1991-09-17;-0.00078089;-0.00063870
1991-09-18;0.00358827;0.00373019
1991-09-19;0.00146534;0.00160780
1991-09-20;0.00096504;0.00110723
1991-09-23;-0.00556658;-0.00513836
1991-09-24;0.00487917;0.00502081
1991-09-25;-0.00222402;-0.00208238
1991-09-26;-0.00113954;-0.00099899
1991-09-27;-0.00166226;-0.00152171
1991-09-30;0.00491297;0.00533297
1991-10-01;0.00336094;0.00350067
1991-10-02;-0.00255085;-0.00241139
1991-10-03;-0.00989147;-0.00975339
1991-10-04;-0.00804937;-0.00791183
1991-10-07;-0.00489885;-0.00448625
1991-10-08;0.00299947;0.00313700
1991-10-09;-0.01028574;-0.01014848
1991-10-10;0.00980867;0.00994648
1991-10-11;0.00239302;0.00252973
1991-10-14;0.01273838;0.01314852
1991-10-15;0.01166742;0.01180331
1991-10-16;0.00445277;0.00458894
1991-10-17;-0.00234664;-0.00220883
1991-10-18;0.00133480;0.00147261
1991-10-21;-0.00668868;-0.00627444
1991-10-22;-0.00573040;-0.00559177
1991-10-23;0.00013090;0.00026899
1991-10-24;-0.00754081;-0.00740464
1991-10-25;-0.00232062;-0.00218473
1991-10-28;0.01364801;0.01405404
1991-10-29;0.00514489;0.00527886
1991-10-30;0.00364320;0.00377580
1991-10-31;-0.00140332;-0.00127126
1991-11-01;-0.00298614;-0.00285600
1991-11-04;-0.00222897;-0.00183938
1991-11-05;-0.00362711;-0.00349670
1991-11-06;0.00335579;0.00348264
1991-11-07;0.00963891;0.00976576
1991-11-08;-0.00174809;-0.00162151
1991-11-11;0.00019230;0.00057202
1991-11-12;0.00915503;0.00928161
1991-11-13;0.00165365;0.00178050
1991-11-14;-0.00067792;-0.00055107
1991-11-15;-0.03669910;-0.03657335
1991-11-18;0.00680368;0.00718012
1991-11-19;-0.01518797;-0.01506386
1991-11-20;-0.00242452;-0.00230151
1991-11-21;0.00393332;0.00405469
1991-11-22;-0.01015469;-0.01003360
1991-11-25;-0.00222494;-0.00186083
1991-11-26;0.00684698;0.00696753
1991-11-27;-0.00369815;-0.00357788
1991-11-29;-0.00369206;-0.00345371
1991-12-02;0.01650188;0.01686188
1991-12-03;-0.00103530;-0.00091585
1991-12-04;-0.00238405;-0.00226597
1991-12-05;-0.00713384;-0.00701576
1991-12-06;0.00442926;0.00454543
1991-12-09;-0.00239193;-0.00205084
1991-12-10;-0.00073868;-0.00062361
1991-12-11;-0.00062249;-0.00050880
1991-12-12;0.01009623;0.01020993
1991-12-13;0.00755142;0.00766511
1991-12-16;-0.00032338;0.00001689
1991-12-17;-0.00446225;-0.00434965
1991-12-18;0.00181839;0.00193126
1991-12-19;-0.00260954;-0.00249885
1991-12-20;0.01175161;0.01185408
1991-12-23;0.02496351;0.02527256
1991-12-24;0.00684713;0.00695151
1991-12-26;0.01364125;0.01385056
1991-12-27;0.00416804;0.00427379
1991-12-30;0.02102787;0.02134595
1991-12-31;0.00458396;0.00469026
1992-01-02;0.00022250;0.00043400
1992-01-03;0.00489427;0.00499975
1992-01-06;-0.00320129;-0.00288814
1992-01-07;-0.00139404;-0.00129130
1992-01-08;0.00156203;0.00166395
1992-01-09;-0.00120701;-0.00110372
1992-01-10;-0.00612114;-0.00601649
1992-01-13;-0.00211954;-0.00180639
1992-01-14;0.01463910;0.01474376
1992-01-15;0.00076104;0.00086625
1992-01-16;-0.00615697;-0.00605314
1992-01-17;0.00151496;0.00161879
1992-01-20;-0.00629174;-0.00598024
1992-01-21;-0.00901535;-0.00891316
1992-01-22;0.01320341;0.01330615
1992-01-23;-0.00766931;-0.00756603
1992-01-24;0.00115003;0.00125442
1992-01-27;-0.00132600;-0.00100956
1992-01-28;-0.00004405;0.00006088
1992-01-29;-0.01115994;-0.01105419
1992-01-30;0.00304692;0.00315186
1992-01-31;-0.00694343;-0.00683823
1992-02-03;0.00176064;0.00207625
1992-02-04;0.01083250;0.01093770
1992-02-05;0.00027036;0.00037557
1992-02-06;0.00010333;0.00020772
1992-02-07;-0.00649691;-0.00639444
1992-02-10;0.00671195;0.00701853
1992-02-11;-0.00002087;0.00008187
1992-02-12;0.00808485;0.00818759
1992-02-13;-0.00829107;-0.00818723
1992-02-14;-0.00268216;-0.00257832
1992-02-18;-0.01273148;-0.01231394
1992-02-19;0.00208260;0.00218808
1992-02-20;0.01376682;0.01387312
1992-02-21;-0.00598960;-0.00588193
1992-02-24;0.00188139;0.00220440
1992-02-25;-0.00424794;-0.00413944
1992-02-26;0.01182704;0.01193498
1992-02-27;-0.00365258;-0.00354491
1992-02-28;-0.00289132;-0.00278365
1992-03-02;-0.00060964;-0.00027841
1992-03-03;0.00118811;0.00129880
1992-03-04;-0.00857696;-0.00846655
1992-03-05;-0.00693789;-0.00682721
1992-03-06;-0.00500612;-0.00489543
1992-03-09;0.00178135;0.00211094
1992-03-10;0.00417668;0.00428654
1992-03-11;-0.00712247;-0.00701260
1992-03-12;-0.00045437;-0.00034423
1992-03-13;0.00474506;0.00485630
1992-03-16;0.00106624;0.00139994
1992-03-17;0.00784125;0.00795248
1992-03-18;-0.00116791;-0.00105695
1992-03-19;0.00149246;0.00160342
1992-03-20;0.00355634;0.00366757
1992-03-23;-0.00370301;-0.00336766
1992-03-24;-0.00262173;-0.00251077
1992-03-25;-0.00292285;-0.00281298
1992-03-26;0.00075723;0.00086709
1992-03-27;-0.01078500;-0.01067514
1992-03-30;-0.00134140;-0.00101181
1992-03-31;0.00164414;0.00175510
1992-04-01;0.00125714;0.00136701
1992-04-02;-0.00929695;-0.00918681
1992-04-03;0.00258437;0.00269286
1992-04-06;0.01016091;0.01048639
1992-04-07;-0.01861898;-0.01851295
1992-04-08;-0.00906110;-0.00895507
1992-04-09;0.01555972;0.01565999
1992-04-10;0.00909433;0.00919433
1992-04-13;0.00415690;0.00445444
1992-04-14;0.01542963;0.01552880
1992-04-15;0.00933425;0.00943343
1992-04-16;-0.00062005;-0.00052005
1992-04-20;-0.01447115;-0.01406677
1992-04-21;0.00017067;0.00027150
1992-04-22;-0.00119610;-0.00109527
1992-04-23;0.00427574;0.00437629
1992-04-24;-0.00630584;-0.00620529
1992-04-27;-0.00153380;-0.00122887
1992-04-28;0.00169113;0.00179277
1992-04-29;0.00699910;0.00710074
1992-04-30;0.00703299;0.00713436
1992-05-01;-0.00591955;-0.00582010
1992-05-04;0.01081431;0.01111349
1992-05-05;-0.00012231;-0.00002259
1992-05-06;-0.00012177;-0.00002259
1992-05-07;-0.00154812;-0.00144895
1992-05-08;0.00041617;0.00051563
1992-05-11;0.00600585;0.00630503
1992-05-12;-0.00528255;-0.00518337
1992-05-13;0.00035443;0.00045279
1992-05-14;-0.00797081;-0.00787301
1992-05-15;-0.00697156;-0.00687348
1992-05-18;0.00672230;0.00701819
1992-05-19;0.00856253;0.00865952
1992-05-20;-0.00239098;-0.00229318
1992-05-21;-0.00680582;-0.00670527
1992-05-22;0.00356316;0.00366399
1992-05-26;-0.00645663;-0.00604677
1992-05-27;0.00177582;0.00187719
1992-05-28;0.01106742;0.01116824
1992-05-29;-0.00342144;-0.00332007
1992-06-01;0.00473152;0.00503974
1992-06-02;-0.00888967;-0.00878720
1992-06-03;0.00257406;0.00267571
1992-06-04;-0.00318752;-0.00308642
1992-06-05;0.00043716;0.00053798
1992-06-08;-0.00049501;-0.00019254
1992-06-09;-0.00765868;-0.00755786
1992-06-10;-0.00694231;-0.00684149
1992-06-11;0.00432044;0.00442072
1992-06-12;0.00168004;0.00178031
1992-06-15;0.00101285;0.00131285
1992-06-16;-0.00480472;-0.00470500
1992-06-17;-0.01494905;-0.01484987
1992-06-18;-0.00329850;-0.00319960
1992-06-19;0.00667753;0.00677753
1992-06-22;-0.00096344;-0.00066426
1992-06-23;0.00149148;0.00159230
1992-06-24;-0.00008042;0.00001930
1992-06-25;-0.00184130;-0.00174212
1992-06-26;0.00098311;0.00108229
1992-06-29;0.01337676;0.01367019
1992-06-30;-0.00204802;-0.00195021
1992-07-01;0.01152946;0.01162672
1992-07-02;-0.00276731;-0.00267854
1992-07-06;0.00517351;0.00552639
1992-07-07;-0.01136604;-0.01127809
1992-07-08;0.00265119;0.00273941
1992-07-09;0.00961421;0.00970216
1992-07-10;0.00086061;0.00094883
1992-07-13;0.00034987;0.00061371
1992-07-14;0.00669938;0.00678733
1992-07-15;-0.00146233;-0.00137521
1992-07-16;0.00104011;0.00112696
1992-07-17;-0.00466041;-0.00457384
1992-07-20;-0.00467468;-0.00441331
1992-07-21;-0.00004794;0.00003946
1992-07-22;-0.00693596;-0.00684911
1992-07-23;0.00272342;0.00281000
1992-07-24;-0.00125165;-0.00116507
1992-07-27;-0.00020556;0.00005663
1992-07-28;0.01459088;0.01467828
1992-07-29;0.01126388;0.01135101
1992-07-30;0.00394322;0.00403034
1992-07-31;0.00063748;0.00072461
1992-08-03;0.00211335;0.00237390
1992-08-04;-0.00141660;-0.00132975
1992-08-05;-0.00518557;-0.00509872
1992-08-06;-0.00353076;-0.00344419
1992-08-07;-0.00372497;-0.00363895
1992-08-10;0.00147037;0.00172763
1992-08-11;-0.00128876;-0.00120301
1992-08-12;-0.00269629;-0.00261081
1992-08-13;-0.00014788;-0.00006322
1992-08-14;0.00530949;0.00539332
1992-08-17;0.00189656;0.00214889
1992-08-18;0.00155691;0.00164102
1992-08-19;-0.00755851;-0.00747412
1992-08-20;0.00015853;0.00024291
1992-08-21;-0.00822457;-0.00814046
1992-08-24;-0.01009459;-0.00983568
1992-08-25;0.00223735;0.00232419
1992-08-26;0.00473942;0.00482600
1992-08-27;-0.00000601;0.00008057
1992-08-28;0.00308690;0.00317347
1992-08-31;-0.00190981;-0.00165008
1992-09-01;0.00507937;0.00516567
1992-09-02;0.00458198;0.00466801
1992-09-03;-0.00002678;0.00005924
1992-09-04;-0.00214087;-0.00206087
1992-09-08;-0.00659680;-0.00627899
1992-09-09;0.00495474;0.00503447
1992-09-10;0.00857026;0.00864998
1992-09-11;-0.00095388;-0.00087388
1992-09-14;0.01376089;0.01399843
1992-09-15;-0.01289191;-0.01281191
1992-09-16;0.00026331;0.00034276
1992-09-17;-0.00002002;0.00005889
1992-09-18;0.00705320;0.00713211
1992-09-21;-0.00191519;-0.00167601
1992-09-22;-0.01189405;-0.01181405
1992-09-23;0.00065242;0.00073242
1992-09-24;0.00285409;0.00293326
1992-09-25;-0.00987458;-0.00979787
1992-09-28;0.00543055;0.00565904
1992-09-29;0.00043351;0.00050831
1992-09-30;0.00237221;0.00244591
1992-10-01;-0.00367516;-0.00360365
1992-10-02;-0.01404285;-0.01397079
1992-10-05;-0.00678833;-0.00657135
1992-10-06;-0.00099405;-0.00091925
1992-10-07;-0.00727880;-0.00720127
1992-10-08;0.00866555;0.00874199
1992-10-09;-0.01253986;-0.01246233
1992-10-12;0.01164078;0.01187339
1992-10-13;0.00448632;0.00456467
1992-10-14;0.00010462;0.00018490
1992-10-15;0.00056144;0.00064144
1992-10-16;0.00512437;0.00520382
1992-10-19;0.00773495;0.00797906
1992-10-20;0.00116396;0.00124670
1992-10-21;0.00038801;0.00046829
1992-10-22;-0.00194114;-0.00186141
1992-10-23;-0.00126957;-0.00118930
1992-10-26;0.00901863;0.00925863
1992-10-27;0.00089233;0.00097288
1992-10-28;0.00385350;0.00393405
1992-10-29;0.00165523;0.00173605
1992-10-30;-0.00524753;-0.00516644
1992-11-02;0.00978477;0.01003217
1992-11-03;-0.00648953;-0.00640651
1992-11-04;-0.00653053;-0.00644779
1992-11-05;0.00355605;0.00363851
1992-11-06;-0.00146369;-0.00137986
1992-11-09;0.00225728;0.00251043
1992-11-10;0.00005538;0.00013977
1992-11-11;0.00845413;0.00853852
1992-11-12;0.00157978;0.00166361
1992-11-13;-0.00104790;-0.00096351
1992-11-16;-0.00413233;-0.00387589
1992-11-17;-0.00322912;-0.00314227
1992-11-18;0.00847398;0.00856028
1992-11-19;0.00177387;0.00186017
1992-11-20;0.00716504;0.00725271
1992-11-23;-0.00372444;-0.00345813
1992-11-24;0.00606206;0.00615027
1992-11-25;0.00368887;0.00377764
1992-11-27;0.00210488;0.00228296
1992-11-30;0.00267580;0.00294456
1992-12-01;-0.00107370;-0.00098246
1992-12-02;-0.00201718;-0.00192567
1992-12-03;0.00000601;0.00009642
1992-12-04;0.00498289;0.00507193
1992-12-07;0.00737774;0.00764486
1992-12-08;0.00381183;0.00390115
1992-12-09;-0.00281774;-0.00272924
1992-12-10;-0.00239822;-0.00231000
1992-12-11;-0.00215165;-0.00206261
1992-12-14;-0.00226072;-0.00199278
1992-12-15;-0.00063668;-0.00054846
1992-12-16;-0.00251160;-0.00242365
1992-12-17;0.00903353;0.00912121
1992-12-18;0.01335607;0.01344265
1992-12-21;-0.00156804;-0.00130749
1992-12-22;-0.00097132;-0.00088365
1992-12-23;-0.00296679;-0.00287967
1992-12-24;0.00212415;0.00221073
1992-12-28;-0.00170002;-0.00135153
1992-12-29;-0.00270402;-0.00261635
1992-12-30;0.00185929;0.00194477
1992-12-31;-0.00712693;-0.00704255
1993-01-04;-0.00069392;-0.00035639
1993-01-05;-0.00229643;-0.00221122
1993-01-06;0.00034045;0.00042538
1993-01-07;-0.00882390;-0.00873842
1993-01-08;-0.00394411;-0.00386027
1993-01-11;0.00424603;0.00449671
1993-01-12;0.00013065;0.00021339
1993-01-13;0.00461247;0.00469466
1993-01-14;0.00663621;0.00671786
1993-01-15;0.00280033;0.00288087
1993-01-18;-0.00096120;-0.00071956
1993-01-19;-0.00396429;-0.00388238
1993-01-20;-0.00413501;-0.00405254
1993-01-21;0.00482003;0.00490195
1993-01-22;0.00133035;0.00141172
1993-01-25;0.00891775;0.00916022
1993-01-26;-0.00010190;-0.00002108
1993-01-27;-0.00425901;-0.00417928
1993-01-28;0.00116940;0.00124885
1993-01-29;0.00022613;0.00030558
1993-02-01;0.00847844;0.00871680
1993-02-02;0.00027887;0.00035997
1993-02-03;0.01044673;0.01052700
1993-02-04;0.00583479;0.00591424
1993-02-05;-0.00139250;-0.00131305
1993-02-08;-0.00223379;-0.00199379
1993-02-09;-0.00547561;-0.00539534
1993-02-10;0.00199591;0.00207646
1993-02-11;0.00314231;0.00322231
1993-02-12;-0.00675425;-0.00667397
1993-02-16;-0.02416892;-0.02384783
1993-02-17;-0.00143844;-0.00135872
1993-02-18;-0.00324479;-0.00316561
1993-02-19;0.00533069;0.00541096
1993-02-22;0.00232745;0.00256992
1993-02-23;-0.00085511;-0.00077457
1993-02-24;0.01395140;0.01403249
1993-02-25;0.00327245;0.00335328
1993-02-26;0.00233024;0.00241106
1993-03-01;-0.00312924;-0.00288678
1993-03-02;0.01348905;0.01357042
1993-03-03;0.00318079;0.00326134
1993-03-04;-0.00425026;-0.00417053
1993-03-05;-0.00261827;-0.00253608
1993-03-08;0.01913153;0.01937810
1993-03-09;-0.00052691;-0.00044499
1993-03-10;0.00416445;0.00424609
1993-03-11;-0.00576598;-0.00568489
1993-03-12;-0.00862872;-0.00854735
1993-03-15;0.00334911;0.00359486
1993-03-16;-0.00013933;-0.00005769
1993-03-17;-0.00681319;-0.00673154
1993-03-18;0.00790903;0.00798985
1993-03-19;-0.00387082;-0.00378973
1993-03-22;-0.00311769;-0.00287605
1993-03-23;-0.00034360;-0.00026360
1993-03-24;-0.00161506;-0.00153506
1993-03-25;0.00664082;0.00672055
1993-03-26;-0.00694578;-0.00686550
1993-03-29;0.00660743;0.00684908
1993-03-30;0.00265278;0.00273251
1993-03-31;-0.00071182;-0.00063265
1993-04-01;-0.00310706;-0.00302761
1993-04-02;-0.01940801;-0.01932829
1993-04-05;0.00192027;0.00215863
1993-04-06;-0.00263919;-0.00255946
1993-04-07;0.00346984;0.00354984
1993-04-08;-0.00201184;-0.00193238
1993-04-12;0.01446655;0.01478326
1993-04-13;0.00182601;0.00190409
1993-04-14;-0.00132878;-0.00125152
1993-04-15;-0.00058393;-0.00050612
1993-04-16;0.00113471;0.00121251
1993-04-19;-0.00344639;-0.00321543
1993-04-20;-0.00532023;-0.00524379
1993-04-21;-0.00339089;-0.00331417
1993-04-22;-0.00902933;-0.00895207
1993-04-23;-0.00606227;-0.00598447
1993-04-26;-0.00798690;-0.00774937
1993-04-27;0.01036883;0.01044855
1993-04-28;-0.00006280;0.00001720
1993-04-29;0.00190678;0.00198623
1993-04-30;0.00289466;0.00297439
1993-05-03;0.00517970;0.00541559
1993-05-04;0.00377907;0.00385770
1993-05-05;0.00116280;0.00124198
1993-05-06;-0.00265910;-0.00258074
1993-05-07;-0.00177905;-0.00170042
1993-05-10;0.00142194;0.00165783
1993-05-11;0.00350476;0.00358394
1993-05-12;0.00095293;0.00103238
1993-05-13;-0.01253734;-0.01245707
1993-05-14;0.00122957;0.00131067
1993-05-17;0.00183746;0.00208403
1993-05-18;-0.00004647;0.00003600
1993-05-19;0.01642887;0.01651024
1993-05-20;0.00670550;0.00678659
1993-05-21;-0.01060575;-0.01052355
1993-05-24;0.00481777;0.00506763
1993-05-25;0.00205602;0.00214013
1993-05-26;0.01017436;0.01025792
1993-05-27;-0.00233030;-0.00224646
1993-05-28;-0.00480621;-0.00472238
1993-06-01;0.00788506;0.00821821
1993-06-02;0.00029986;0.00038397
1993-06-03;-0.00300552;-0.00292251
1993-06-04;-0.00541117;-0.00532597
1993-06-07;-0.00540936;-0.00515457
1993-06-08;-0.00667801;-0.00659226
1993-06-09;0.00272392;0.00280912
1993-06-10;-0.00094676;-0.00086155
1993-06-11;0.00416029;0.00424385
1993-06-14;0.00080517;0.00105586
1993-06-15;-0.00324833;-0.00316477
1993-06-16;0.00254642;0.00262971
1993-06-17;0.00242810;0.00251111
1993-06-18;-0.01091112;-0.01082728
1993-06-21;0.00548685;0.00573835
1993-06-22;-0.00073983;-0.00065517
1993-06-23;-0.00623199;-0.00614651
1993-06-24;0.00814407;0.00822900
1993-06-25;0.00211306;0.00219744
1993-06-28;0.00941274;0.00966507
1993-06-29;-0.00260842;-0.00252540
1993-06-30;-0.00043579;-0.00035278
1993-07-01;-0.00337197;-0.00329005
1993-07-02;-0.00666217;-0.00658135
1993-07-06;-0.01016944;-0.00983958
1993-07-07;0.00309903;0.00318232
1993-07-08;0.01302505;0.01310779
1993-07-09;-0.00114137;-0.00105863
1993-07-12;0.00165836;0.00190576
1993-07-13;-0.00206716;-0.00198388
1993-07-14;0.00438852;0.00447098
1993-07-15;-0.00193210;-0.00184963
1993-07-16;-0.00780360;-0.00772114
1993-07-19;0.00047276;0.00072180
1993-07-20;0.00282236;0.00290620
1993-07-21;-0.00036484;-0.00028073
1993-07-22;-0.00605489;-0.00597024
1993-07-23;0.00573053;0.00581519
1993-07-26;0.00435299;0.00460614
1993-07-27;-0.00180837;-0.00172344
1993-07-28;-0.00242271;-0.00233832
1993-07-29;0.00673652;0.00681926
1993-07-30;-0.00477387;-0.00469086
1993-08-02;0.00454569;0.00479802
1993-08-03;-0.00167375;-0.00158937
1993-08-04;-0.00162081;-0.00153643
1993-08-05;-0.00084465;-0.00076109
1993-08-06;0.00119340;0.00127669
1993-08-09;0.00505750;0.00530572
1993-08-10;-0.00282789;-0.00274487
1993-08-11;0.00222281;0.00230555
1993-08-12;-0.00334423;-0.00326177
1993-08-13;0.00261305;0.00269579
1993-08-16;0.00497951;0.00522773
1993-08-17;0.00174880;0.00183126
1993-08-18;0.00635715;0.00643907
1993-08-19;0.00084368;0.00092532
1993-08-20;-0.00064693;-0.00056501
1993-08-23;-0.00219618;-0.00195043
1993-08-24;0.00993164;0.01001356
1993-08-25;0.00083594;0.00091758
1993-08-26;0.00211346;0.00219565
1993-08-27;-0.00116306;-0.00108032
1993-08-30;0.00289476;0.00314297
1993-08-31;0.00366429;0.00374676
1993-09-01;-0.00083489;-0.00075243
1993-09-02;-0.00396438;-0.00388246
1993-09-03;0.00016887;0.00024942
1993-09-07;-0.00641309;-0.00609199
1993-09-08;-0.00412794;-0.00404685
1993-09-09;0.00218282;0.00226446
1993-09-10;0.00916100;0.00924210
1993-09-13;0.00087937;0.00112348
1993-09-14;-0.00472101;-0.00463909
1993-09-15;0.00367638;0.00375748
1993-09-16;-0.00474199;-0.00466117
1993-09-17;-0.00139704;-0.00131621
1993-09-20;-0.00828860;-0.00804614
1993-09-21;-0.00469809;-0.00461809
1993-09-22;0.00711180;0.00719180
1993-09-23;0.00328957;0.00336985
1993-09-24;0.00011654;0.00019682
1993-09-27;0.00900346;0.00924263
1993-09-28;-0.00065410;-0.00057465
1993-09-29;-0.00309073;-0.00301046
1993-09-30;-0.00259660;-0.00251660
1993-10-01;0.00515821;0.00523821
1993-10-04;0.00027291;0.00051374
1993-10-05;-0.00031686;-0.00023467
1993-10-06;-0.00108643;-0.00100478
1993-10-07;-0.00343578;-0.00335413
1993-10-08;0.00247053;0.00255218
1993-10-11;0.00098723;0.00123216
1993-10-12;0.00043526;0.00051772
1993-10-13;0.00072099;0.00080400
1993-10-14;0.01158306;0.01166552
1993-10-15;0.00562899;0.00571146
1993-10-18;-0.00238212;-0.00213390
1993-10-19;-0.00482701;-0.00474318
1993-10-20;-0.00038627;-0.00030298
1993-10-21;-0.00160895;-0.00152539
1993-10-22;-0.00457389;-0.00449060
1993-10-25;0.00190082;0.00215069
1993-10-26;0.00028688;0.00037154
1993-10-27;0.00058894;0.00067360
1993-10-28;0.00662990;0.00671319
1993-10-29;0.00014447;0.00022748
1993-11-01;0.00268900;0.00294051
1993-11-02;-0.00119560;-0.00111012
1993-11-03;-0.01158589;-0.01150123
1993-11-04;-0.01168376;-0.01159937
1993-11-05;0.00505105;0.00513488
1993-11-08;0.00133867;0.00159017
1993-11-09;0.00027094;0.00035615
1993-11-10;0.00732187;0.00740735
1993-11-11;-0.00241463;-0.00232915
1993-11-12;0.00587808;0.00596329
1993-11-15;-0.00350065;-0.00324504
1993-11-16;0.00653735;0.00662201
1993-11-17;-0.00416180;-0.00407714
1993-11-18;-0.00262020;-0.00253500
1993-11-19;-0.00216545;-0.00207970
1993-11-22;-0.00771946;-0.00746220
1993-11-23;0.00417982;0.00426530
1993-11-24;0.00316191;0.00324739
1993-11-26;0.00135617;0.00152658
1993-11-29;-0.00257207;-0.00231563
1993-11-30;-0.00024823;-0.00016220
1993-12-01;0.00021541;0.00030089
1993-12-02;0.00276198;0.00284719
1993-12-03;0.00374824;0.00383345
1993-12-06;0.00322490;0.00347888
1993-12-07;0.00068901;0.00077367
1993-12-08;-0.00109026;-0.00100588
1993-12-09;-0.00426432;-0.00418049
1993-12-10;-0.00058122;-0.00049766
1993-12-13;0.00360518;0.00385587
1993-12-14;-0.00567890;-0.00559561
1993-12-15;-0.00269344;-0.00261043
1993-12-16;0.00318868;0.00327170
1993-12-17;0.00649413;0.00657715
1993-12-20;-0.00136634;-0.00111565
1993-12-21;-0.00125007;-0.00116596
1993-12-22;0.00425800;0.00434184
1993-12-23;0.00005490;0.00013873
1993-12-27;0.00709278;0.00742812
1993-12-28;0.00078669;0.00087053
1993-12-29;-0.00081660;-0.00073414
1993-12-30;-0.00416605;-0.00408440
1993-12-31;-0.00470915;-0.00462668
1994-01-03;-0.00219073;-0.00194169
1994-01-04;0.00338751;0.00347190
1994-01-05;0.00137249;0.00145660
1994-01-06;-0.00101547;-0.00093191
1994-01-07;0.00586957;0.00595203
1994-01-10;0.01128910;0.01153486
1994-01-11;-0.00248272;-0.00240108
1994-01-12;0.00000349;0.00008459
1994-01-13;-0.00357737;-0.00349655
1994-01-14;0.00517704;0.00525841
1994-01-17;-0.00365205;-0.00340794
1994-01-18;0.00194447;0.00202557
1994-01-19;0.00003777;0.00011914
1994-01-20;0.00135248;0.00143330
1994-01-21;-0.00063528;-0.00055446
1994-01-24;-0.00591328;-0.00567245
1994-01-25;-0.00220194;-0.00212167
1994-01-26;0.00479341;0.00487341
1994-01-27;0.00806197;0.00814197
1994-01-28;0.00340686;0.00348713
1994-01-31;0.00603682;0.00628011
1994-02-01;-0.00391459;-0.00383157
1994-02-02;0.00490340;0.00498723
1994-02-03;-0.00263787;-0.00255211
1994-02-04;-0.02226567;-0.02217717
1994-02-07;0.00412228;0.00438694
1994-02-08;-0.00154879;-0.00145974
1994-02-09;0.00381964;0.00390868
1994-02-10;-0.00814165;-0.00805233
1994-02-11;0.00261402;0.00270333
1994-02-14;0.00007442;0.00034237
1994-02-15;0.00500672;0.00509631
1994-02-16;0.00053172;0.00062131
1994-02-17;-0.00526479;-0.00517493
1994-02-18;-0.00555283;-0.00546269
1994-02-22;0.00786792;0.00822847
1994-02-23;-0.00153404;-0.00144144
1994-02-24;-0.01371099;-0.01361894
1994-02-25;0.00383243;0.00392476
1994-02-28;0.00222624;0.00250240
1994-03-01;-0.00576641;-0.00567051
1994-03-02;0.00108191;0.00117697
1994-03-03;-0.00391097;-0.00381563
1994-03-04;0.00372968;0.00382639
1994-03-07;0.00448525;0.00477456
1994-03-08;-0.00226807;-0.00217081
1994-03-09;0.00286379;0.00296050
1994-03-10;-0.00682630;-0.00673069
1994-03-11;0.00539233;0.00548795
1994-03-14;0.00176825;0.00205921
1994-03-15;-0.00081601;-0.00071792
1994-03-16;0.00510925;0.00520596
1994-03-17;0.00310196;0.00319703
1994-03-18;0.00024934;0.00034468
1994-03-21;-0.00564822;-0.00535891
1994-03-22;0.00047642;0.00057285
1994-03-23;-0.00065375;-0.00055895
1994-03-24;-0.00903139;-0.00893687
1994-03-25;-0.00765411;-0.00755877
1994-03-28;-0.00155068;-0.00126301
1994-03-29;-0.01635666;-0.01626049
1994-03-30;-0.01538122;-0.01528560
1994-03-31;0.00043353;0.00052887
1994-04-04;-0.01555447;-0.01515447
1994-04-05;0.02153720;0.02163748
1994-04-06;-0.00062753;-0.00052917
1994-04-07;0.00621356;0.00631027
1994-04-08;-0.00841471;-0.00831717
1994-04-11;0.00599202;0.00628298
1994-04-12;-0.00517146;-0.00507392
1994-04-13;-0.00301252;-0.00291498
1994-04-14;0.00024694;0.00034502
1994-04-15;-0.00055661;-0.00045826
1994-04-18;-0.00854595;-0.00824184
1994-04-19;0.00011658;0.00021904
1994-04-20;-0.00141145;-0.00130899
1994-04-21;0.01523230;0.01533477
1994-04-22;-0.00257375;-0.00247101
1994-04-25;0.01118762;0.01149666
1994-04-26;-0.00179957;-0.00169326
1994-04-28;-0.00632697;-0.00611382
1994-04-29;0.00391788;0.00402391
1994-05-02;0.00469319;0.00501538
1994-05-03;0.00006766;0.00017780
1994-05-04;-0.00287997;-0.00276901
1994-05-05;-0.00050873;-0.00039831
1994-05-06;-0.00790331;-0.00778879
1994-05-09;-0.01183638;-0.01148706
1994-05-10;0.00829887;0.00841503
1994-05-11;-0.01017731;-0.01006169
1994-05-12;0.00505798;0.00517113
1994-05-13;0.00078262;0.00089550
1994-05-16;0.00075105;0.00109214
1994-05-17;0.01105099;0.01116606
1994-05-18;0.00955412;0.00966891
1994-05-19;0.00607943;0.00619258
1994-05-20;-0.00308704;-0.00297334
1994-05-23;-0.00400610;-0.00366418
1994-05-24;0.00362597;0.00374159
1994-05-25;0.00352388;0.00363840
1994-05-26;0.00146653;0.00158050
1994-05-27;0.00066465;0.00077917
1994-05-31;-0.00225510;-0.00179921
1994-06-01;0.00244242;0.00255694
1994-06-02;0.00015080;0.00026395
1994-06-03;0.00536063;0.00547350
1994-06-06;-0.00284443;-0.00250826
1994-06-07;-0.00152820;-0.00141532
1994-06-08;-0.00260917;-0.00249657
1994-06-09;0.00210230;0.00221518
1994-06-10;0.00167293;0.00178553
1994-06-13;0.00062724;0.00096588
1994-06-14;0.00706855;0.00718115
1994-06-15;-0.00388250;-0.00376935
1994-06-16;0.00282288;0.00293548
1994-06-17;-0.00763847;-0.00752559
1994-06-20;-0.00681184;-0.00647321
1994-06-21;-0.00920547;-0.00909040
1994-06-22;0.00377845;0.00389297
1994-06-23;-0.00775002;-0.00763632
1994-06-24;-0.01487186;-0.01475761
1994-06-27;0.00996759;0.01030786
1994-06-28;-0.00263232;-0.00251780
1994-06-29;0.00347720;0.00359090
1994-06-30;-0.00756481;-0.00745111
1994-07-01;0.00445530;0.00457036
1994-07-05;0.00018376;0.00064513
1994-07-06;-0.00062658;-0.00050932
1994-07-07;0.00492198;0.00503842
1994-07-08;0.00247609;0.00259581
1994-07-11;-0.00355463;-0.00319052
1994-07-12;-0.00035849;-0.00023657
1994-07-13;0.00161052;0.00173134
1994-07-14;0.01042404;0.01054185
1994-07-15;0.00152223;0.00163895
1994-07-18;0.00208521;0.00243371
1994-07-19;-0.00306728;-0.00295057
1994-07-20;-0.00509024;-0.00497243
1994-07-21;0.00211751;0.00223614
1994-07-22;0.00098568;0.00110568
1994-07-25;0.00232880;0.00268880
1994-07-26;-0.00197360;-0.00185278
1994-07-27;-0.00180011;-0.00167792
1994-07-28;0.00353822;0.00365932
1994-07-29;0.00879616;0.00891315
1994-08-01;0.00592135;0.00627313
1994-08-02;-0.00078658;-0.00066795
1994-08-03;0.00186135;0.00197998
1994-08-04;-0.00645681;-0.00633845
1994-08-05;-0.00294265;-0.00282046
1994-08-08;0.00160540;0.00197280
1994-08-09;0.00044035;0.00056227
1994-08-10;0.00514671;0.00526671
1994-08-11;-0.00317078;-0.00305187
1994-08-12;0.00661203;0.00673203
1994-08-15;-0.00159402;-0.00122827
1994-08-16;0.00821227;0.00833885
1994-08-17;0.00027173;0.00039693
1994-08-18;-0.00439192;-0.00426616
1994-08-19;0.00100471;0.00112964
1994-08-22;-0.00319590;-0.00282275
1994-08-23;0.00463345;0.00475866
1994-08-24;0.00966214;0.00978652
1994-08-25;-0.00200025;-0.00187532
1994-08-26;0.01232278;0.01244772
1994-08-29;0.00145546;0.00183107
1994-08-30;0.00306391;0.00318966
1994-08-31;-0.00131142;-0.00118649
1994-09-01;-0.00483660;-0.00471195
1994-09-02;-0.00445035;-0.00432569
1994-09-06;0.00139143;0.00189006
1994-09-07;-0.00202043;-0.00189605
1994-09-08;0.00454081;0.00466547
1994-09-09;-0.01016756;-0.01004208
1994-09-12;-0.00452576;-0.00414850
1994-09-13;0.00270291;0.00282894
1994-09-14;0.00262662;0.00275210
1994-09-15;0.01276376;0.01288924
1994-09-16;-0.00773736;-0.00761106
1994-09-19;-0.00070665;-0.00033021
1994-09-20;-0.01599798;-0.01587141
1994-09-21;-0.00422959;-0.00409836
1994-09-22;-0.00053402;-0.00040279
1994-09-23;-0.00360268;-0.00347172
1994-09-26;0.00275081;0.00314369
1994-09-27;0.00255510;0.00268414
1994-09-28;0.00592724;0.00605162
1994-09-29;-0.00557393;-0.00544845
1994-09-30;0.00091325;0.00104120
1994-10-03;-0.00209650;-0.00170773
1994-10-04;-0.01539476;-0.01525887
1994-10-05;-0.00248742;-0.00235153
1994-10-06;-0.00268802;-0.00255185
1994-10-07;0.00602473;0.00615843
1994-10-10;0.00825658;0.00865768
1994-10-11;0.01461064;0.01474461
1994-10-12;-0.00082818;-0.00069147
1994-10-13;0.00415896;0.00429348
1994-10-14;0.00343771;0.00357086
1994-10-17;-0.00060977;-0.00021114
1994-10-18;-0.00287551;-0.00274099
1994-10-19;0.00547664;0.00561143
1994-10-20;-0.00742796;-0.00729097
1994-10-21;-0.00433466;-0.00419767
1994-10-24;-0.00906971;-0.00865711
1994-10-25;0.00149683;0.00163546
1994-10-26;0.00234792;0.00248491
1994-10-27;0.00683524;0.00697168
1994-10-28;0.01691567;0.01705293
1994-10-31;-0.00321399;-0.00280056
1994-11-01;-0.00820931;-0.00807013
1994-11-02;-0.00413123;-0.00399178
1994-11-03;0.00302177;0.00316150
1994-11-04;-0.01169502;-0.01155310
1994-11-07;0.00157648;0.00200552
1994-11-08;0.00566885;0.00581214
1994-11-09;-0.00059168;-0.00044921
1994-11-10;-0.00229663;-0.00215334
1994-11-11;-0.00449183;-0.00434854
1994-11-14;0.00778909;0.00822306
1994-11-15;-0.00227994;-0.00213254
1994-11-16;0.00126293;0.00141005
1994-11-17;-0.00449879;-0.00435221
1994-11-18;-0.00446571;-0.00431941
1994-11-21;-0.00726036;-0.00682228
1994-11-22;-0.01806617;-0.01791987
1994-11-23;-0.00036024;-0.00021531
1994-11-25;0.00532678;0.00561664
1994-11-28;0.00386684;0.00430985
1994-11-29;0.00211838;0.00226989
1994-11-30;-0.00336974;-0.00321741
1994-12-01;-0.01048379;-0.01033173
1994-12-02;0.00974712;0.00990136
1994-12-05;-0.00026753;0.00020589
1994-12-06;-0.00058320;-0.00042512
1994-12-07;-0.00426728;-0.00411221
1994-12-08;-0.01292872;-0.01277338
1994-12-09;0.00366481;0.00381988
1994-12-12;0.00520816;0.00567830
1994-12-13;0.00143933;0.00159768
1994-12-14;0.01056043;0.01071604
1994-12-15;0.00074170;0.00089348
1994-12-16;0.00745859;0.00761092
1994-12-19;-0.00237768;-0.00192070
1994-12-20;-0.00186137;-0.00171123
1994-12-21;0.00535349;0.00550171
1994-12-22;-0.00001250;0.00013709
1994-12-23;0.00094112;0.00109263
1994-12-27;0.00514809;0.00575412
1994-12-28;-0.00363873;-0.00348750
1994-12-29;0.00055707;0.00070803
1994-12-30;-0.00397748;-0.00382598
1995-01-03;-0.00094373;-0.00033770
1995-01-04;0.00361269;0.00376859
1995-01-05;-0.00083373;-0.00067702
1995-01-06;0.00056835;0.00072561
1995-01-09;-0.00002831;0.00044429
1995-01-10;0.00169210;0.00184936
1995-01-11;-0.00019070;-0.00003646
1995-01-12;-0.00020770;-0.00005373
1995-01-13;0.00941370;0.00956630
1995-01-16;0.00685844;0.00731624
1995-01-17;0.00130466;0.00145863
1995-01-18;-0.00085365;-0.00069721
1995-01-19;-0.00604700;-0.00589056
1995-01-20;-0.00480267;-0.00464514
1995-01-23;0.00180181;0.00227524
1995-01-24;0.00002713;0.00018631
1995-01-25;0.00338137;0.00353945
1995-01-26;0.00176639;0.00192447
1995-01-27;0.00428116;0.00443897
1995-01-30;-0.00428814;-0.00381718
1995-01-31;0.00419151;0.00435123
1995-02-01;-0.00014663;0.00001501
1995-02-02;0.00505240;0.00521268
1995-02-03;0.01230276;0.01246166
1995-02-06;0.00522345;0.00570017
1995-02-07;-0.00074003;-0.00058085
1995-02-08;0.00071718;0.00087526
1995-02-09;-0.00201231;-0.00185395
1995-02-10;0.00267181;0.00283099
1995-02-13;0.00014529;0.00062200
1995-02-14;0.00190315;0.00206178
1995-02-15;0.00405774;0.00421582
1995-02-16;0.00125314;0.00140903
1995-02-17;-0.00666223;-0.00650606
1995-02-21;0.00101234;0.00164138
1995-02-22;0.00479766;0.00495355
1995-02-23;0.00385500;0.00401171
1995-02-24;0.00233782;0.00249453
1995-02-27;-0.00906964;-0.00859950
1995-02-28;0.00727723;0.00743504
1995-03-01;-0.00343521;-0.00327740
1995-03-02;-0.00118947;-0.00103194
1995-03-03;0.00064332;0.00080003
1995-03-06;0.00012754;0.00059932
1995-03-07;-0.00733500;-0.00717664
1995-03-08;0.00196353;0.00212161
1995-03-09;0.00039960;0.00055659
1995-03-10;0.01312167;0.01327976
1995-03-13;0.00057397;0.00104739
1995-03-14;0.00566720;0.00582474
1995-03-15;-0.00215451;-0.00199725
1995-03-16;0.00709643;0.00725369
1995-03-17;0.00006493;0.00022219
1995-03-20;0.00080359;0.00127455
1995-03-21;-0.00231693;-0.00215967
1995-03-22;0.00105846;0.00121545
1995-03-23;0.00040159;0.00055803
1995-03-24;0.00996410;0.01011944
1995-03-27;0.00442029;0.00488550
1995-03-28;0.00124359;0.00140003
1995-03-29;-0.00169855;-0.00154348
1995-03-30;-0.00187532;-0.00171916
1995-03-31;-0.00314080;-0.00298464
1995-04-03;0.00201087;0.00247937
1995-04-04;0.00685166;0.00700865
1995-04-05;0.00068862;0.00084478
1995-04-06;0.00084539;0.00100073
1995-04-07;0.00060935;0.00076497
1995-04-10;0.00073404;0.00119843
1995-04-11;-0.00307790;-0.00292283
1995-04-12;0.00316468;0.00331920
1995-04-13;0.00392040;0.00407328
1995-04-17;-0.00661047;-0.00599458
1995-04-18;-0.00162616;-0.00147246
1995-04-19;-0.00101758;-0.00086361
1995-04-20;0.00056597;0.00071939
1995-04-21;0.00619018;0.00634415
1995-04-24;0.00839195;0.00885386
1995-04-25;-0.00157717;-0.00142182
1995-04-26;0.00101737;0.00117272
1995-04-27;0.00157120;0.00172709
1995-04-28;0.00210760;0.00226349
1995-05-01;-0.00110549;-0.00063617
1995-05-02;0.00116482;0.00132126
1995-05-03;0.01079859;0.01095366
1995-05-04;0.00027023;0.00042365
1995-05-05;-0.00088376;-0.00073116
1995-05-08;0.00725903;0.00771766
1995-05-09;-0.00051825;-0.00036401
1995-05-10;0.00145846;0.00161298
1995-05-11;0.00000876;0.00016383
1995-05-12;0.00213218;0.00228807
1995-05-15;0.00395998;0.00442847
1995-05-16;0.00082988;0.00098577
1995-05-17;-0.00226550;-0.00210989
1995-05-18;-0.01430055;-0.01414466
1995-05-19;-0.00044654;-0.00029065
1995-05-22;0.00821992;0.00868924
1995-05-23;0.00932013;0.00947711
1995-05-24;-0.00002345;0.00013244
1995-05-25;0.00006691;0.00022198
1995-05-26;-0.00933472;-0.00917965
1995-05-30;-0.00071722;-0.00009804
1995-05-31;0.01862707;0.01878131
1995-06-01;0.00009874;0.00024943
1995-06-02;-0.00182070;-0.00167221
1995-06-05;0.00534534;0.00579821
1995-06-06;-0.00009427;0.00005696
1995-06-07;-0.00467348;-0.00452088
1995-06-08;-0.00148586;-0.00133271
1995-06-09;-0.00843204;-0.00827862
1995-06-12;0.00515088;0.00560786
1995-06-13;0.01001888;0.01016793
1995-06-14;0.00070147;0.00085051
1995-06-15;0.00106676;0.00121690
1995-06-16;0.00489299;0.00504340
1995-06-19;0.00960006;0.01004882
1995-06-20;-0.00058549;-0.00043535
1995-06-21;-0.00197189;-0.00182312
1995-06-22;0.01294122;0.01308834
1995-06-23;-0.00259346;-0.00244607
1995-06-26;-0.01059320;-0.01015018
1995-06-27;-0.00327704;-0.00312855
1995-06-28;0.00451123;0.00465917
1995-06-29;-0.00172800;-0.00157731
1995-06-30;0.00168749;0.00183653
1995-07-03;0.00389475;0.00434352
1995-07-05;0.00016901;0.00047093
1995-07-06;0.01240470;0.01255183
1995-07-07;0.00431003;0.00445742
1995-07-10;0.00103826;0.00147881
1995-07-11;-0.00445549;-0.00430782
1995-07-12;0.01093848;0.01108588
1995-07-13;0.00007478;0.00022245
1995-07-14;-0.00212752;-0.00197876
1995-07-17;0.00460355;0.00505149
1995-07-18;-0.00762877;-0.00747973
1995-07-19;-0.01344404;-0.01329582
1995-07-20;0.00451634;0.00466511
1995-07-21;0.00001951;0.00016855
1995-07-24;0.00497287;0.00542000
1995-07-25;0.00788697;0.00803628
1995-07-26;0.00081548;0.00096506
1995-07-27;0.00643019;0.00657841
1995-07-28;-0.00415625;-0.00400776
1995-07-31;-0.00191757;-0.00147209
1995-08-01;-0.00444455;-0.00429550
1995-08-02;-0.00144264;-0.00129414
1995-08-03;0.00003242;0.00018092
1995-08-04;0.00025765;0.00040587
1995-08-07;0.00160256;0.00204639
1995-08-08;0.00059412;0.00074151
1995-08-09;-0.00121485;-0.00106718
1995-08-10;-0.00392435;-0.00377640
1995-08-11;-0.00416455;-0.00401606
1995-08-14;0.00797626;0.00842256
1995-08-15;-0.00210047;-0.00195115
1995-08-16;0.00260325;0.00275201
1995-08-17;-0.00176235;-0.00161331
1995-08-18;0.00027008;0.00041912
1995-08-21;-0.00238967;-0.00194173
1995-08-22;0.00242074;0.00257033
1995-08-23;-0.00425853;-0.00410976
1995-08-24;0.00045658;0.00060343
1995-08-25;0.00460719;0.00475349
1995-08-28;-0.00230455;-0.00186811
1995-08-29;0.00168955;0.00183585
1995-08-30;0.00182731;0.00197251
1995-08-31;0.00164201;0.00178694
1995-09-01;0.00336868;0.00351361
1995-09-05;0.00903034;0.00961226
1995-09-06;0.00180755;0.00195330
1995-09-07;0.00012663;0.00027293
1995-09-08;0.00405522;0.00420207
1995-09-11;0.00174348;0.00218321
1995-09-12;0.00439843;0.00454391
1995-09-13;0.00425555;0.00440103
1995-09-14;0.00824189;0.00838655
1995-09-15;-0.00058989;-0.00044469
1995-09-18;-0.00108486;-0.00065007
1995-09-19;0.00232707;0.00246954
1995-09-20;0.00430454;0.00444646
1995-09-21;-0.00652170;-0.00637814
1995-09-22;-0.00231896;-0.00217676
1995-09-25;-0.00030190;0.00012879
1995-09-26;-0.00083292;-0.00068799
1995-09-27;-0.00029411;-0.00015000
1995-09-28;0.00818743;0.00833209
1995-09-29;-0.00262902;-0.00248546
1995-10-02;-0.00501597;-0.00458364
1995-10-03;0.00095418;0.00110075
1995-10-04;-0.00147720;-0.00133172
1995-10-05;0.00219377;0.00233843
1995-10-06;-0.00029500;-0.00014953
1995-10-09;-0.00751497;-0.00707853
1995-10-10;-0.00162014;-0.00147521
1995-10-11;0.00335852;0.00350400
1995-10-12;0.00616577;0.00631098
1995-10-13;0.00226595;0.00241089
1995-10-16;-0.00297036;-0.00253310
1995-10-17;0.00628862;0.00643300
1995-10-18;0.00115964;0.00130348
1995-10-19;0.00533508;0.00547892
1995-10-20;-0.00553111;-0.00538673
1995-10-23;-0.00450935;-0.00407620
1995-10-24;0.00237944;0.00252246
1995-10-25;-0.00701980;-0.00687651
1995-10-26;-0.00996477;-0.00982175
1995-10-27;0.00512446;0.00526830
1995-10-30;0.00580017;0.00623414
1995-10-31;-0.00313443;-0.00298867
1995-11-01;0.00470187;0.00484763
1995-11-02;0.00951825;0.00966373
1995-11-03;0.00134882;0.00149430
1995-11-06;-0.00392179;-0.00348289
1995-11-07;-0.00374445;-0.00359732
1995-11-08;0.00926497;0.00941182
1995-11-09;0.00276559;0.00291326
1995-11-10;-0.00100533;-0.00085683
1995-11-13;-0.00097778;-0.00053230
1995-11-14;-0.00511468;-0.00496728
1995-11-15;0.00803053;0.00817820
1995-11-16;0.00561488;0.00576173
1995-11-17;0.00443339;0.00457997
1995-11-20;-0.00565618;-0.00521646
1995-11-21;0.00565091;0.00579776
1995-11-22;-0.00318773;-0.00304088
1995-11-24;0.00234906;0.00264056
1995-11-27;0.00181599;0.00225490
1995-11-28;0.00849724;0.00864436
1995-11-29;0.00226792;0.00241422
1995-11-30;-0.00387854;-0.00373278
1995-12-01;0.00252987;0.00267480
1995-12-04;0.01065965;0.01109609
1995-12-05;0.00646596;0.00661144
1995-12-06;0.00413979;0.00428554
1995-12-07;-0.00657707;-0.00643077
1995-12-08;0.00198753;0.00213384
1995-12-11;0.00289799;0.00333607
1995-12-12;-0.00133978;-0.00119594
1995-12-13;0.00498811;0.00513222
1995-12-14;-0.00774531;-0.00760120
1995-12-15;-0.00107791;-0.00093545
1995-12-18;-0.01581291;-0.01538551
1995-12-19;0.00829702;0.00843647
1995-12-20;-0.00988011;-0.00974313
1995-12-21;0.00741471;0.00754923
1995-12-22;0.00228554;0.00241979
1995-12-26;0.00328695;0.00381956
1995-12-27;0.00077583;0.00091007
1995-12-28;-0.00077993;-0.00064732
1995-12-29;0.00283804;0.00297393
1996-01-02;0.00725031;0.00779496
1996-01-03;0.00098723;0.00112559
1996-01-04;-0.00595890;-0.00582082
1996-01-05;-0.00173828;-0.00160047
1996-01-08;0.00270740;0.00312082
1996-01-09;-0.01461736;-0.01448010
1996-01-10;-0.01805726;-0.01791918
1996-01-11;0.00694990;0.00708798
1996-01-12;-0.00161016;-0.00147180
1996-01-15;-0.00372648;-0.00331141
1996-01-16;0.01424176;0.01437874
1996-01-17;-0.00345932;-0.00332261
1996-01-18;0.00304017;0.00317606
1996-01-19;0.00577648;0.00591237
1996-01-22;0.00215008;0.00255939
1996-01-23;-0.00112605;-0.00098988
1996-01-24;0.01161514;0.01175130
1996-01-25;-0.00486245;-0.00472629
1996-01-26;0.00730318;0.00743935
1996-01-29;0.00398257;0.00439353
1996-01-30;0.00939288;0.00952959
1996-01-31;0.00934206;0.00947658
1996-02-01;0.00389341;0.00402739
1996-02-02;-0.00418441;-0.00405153
1996-02-05;0.00845959;0.00885904
1996-02-06;0.00752678;0.00765939
1996-02-07;0.00560790;0.00573941
1996-02-08;0.00954061;0.00967157
1996-02-09;0.00037546;0.00050669
1996-02-12;0.00740234;0.00779686
1996-02-13;-0.00129448;-0.00116325
1996-02-14;-0.00746184;-0.00733033
1996-02-15;-0.00645061;-0.00631965
1996-02-16;-0.00513292;-0.00500251
1996-02-20;-0.01183291;-0.01130359
1996-02-21;0.01166619;0.01179824
1996-02-22;0.01651682;0.01664860
1996-02-23;0.00021872;0.00035105
1996-02-26;-0.01347144;-0.01307281
1996-02-27;-0.00497402;-0.00484032
1996-02-28;-0.00368027;-0.00354657
1996-02-29;-0.00675769;-0.00662372
1996-03-01;0.00604696;0.00618011
1996-03-04;0.00975224;0.01015416
1996-03-05;0.00761273;0.00774670
1996-03-06;-0.00561652;-0.00548228
1996-03-07;0.00246472;0.00259897
1996-03-08;-0.03095733;-0.03082363
1996-03-11;0.00992647;0.01033414
1996-03-12;-0.00471048;-0.00457459
1996-03-13;0.00262083;0.00275672
1996-03-14;0.00350951;0.00364595
1996-03-15;0.00076645;0.00090372
1996-03-18;0.01712214;0.01753557
1996-03-19;-0.00158673;-0.00144838
1996-03-20;-0.00275160;-0.00261406
1996-03-21;-0.00129199;-0.00115665
1996-03-22;0.00206679;0.00220296
1996-03-25;-0.00130286;-0.00089765
1996-03-26;0.00437220;0.00450918
1996-03-27;-0.00605247;-0.00591466
1996-03-28;-0.00008068;0.00005768
1996-03-29;-0.00544284;-0.00530585
1996-04-01;0.01234219;0.01275561
1996-04-02;0.00240432;0.00254186
1996-04-03;0.00082854;0.00096581
1996-04-04;-0.00009120;0.00004524
1996-04-08;-0.01793558;-0.01738544
1996-04-09;-0.00329356;-0.00315740
1996-04-10;-0.01364194;-0.01350632
1996-04-11;-0.00370016;-0.00356454
1996-04-12;0.00862973;0.00876507
1996-04-15;0.00866105;0.00906132
1996-04-16;0.00377543;0.00390748
1996-04-17;-0.00525059;-0.00511826
1996-04-18;0.00300861;0.00314149
1996-04-19;0.00213351;0.00226721
1996-04-22;0.00396540;0.00436650
1996-04-23;0.00557477;0.00571094
1996-04-24;-0.00226164;-0.00212466
1996-04-25;0.00402163;0.00415752
1996-04-26;0.00089128;0.00102772
1996-04-29;0.00069462;0.00110558
1996-04-30;-0.00004470;0.00009256
1996-05-01;0.00061739;0.00075382
1996-05-02;-0.01709458;-0.01695787
1996-05-03;-0.00281559;-0.00267860
1996-05-06;-0.00159535;-0.00118521
1996-05-07;-0.00409141;-0.00395415
1996-05-08;0.01032527;0.01046226
1996-05-09;0.00116632;0.00130303
1996-05-10;0.01026346;0.01040018
1996-05-13;0.01421948;0.01463209
1996-05-14;0.00621695;0.00635421
1996-05-15;-0.00025479;-0.00011781
1996-05-16;-0.00089255;-0.00075529
1996-05-17;0.00637948;0.00651675
1996-05-20;0.00601199;0.00642460
1996-05-21;-0.00070106;-0.00056298
1996-05-22;0.00840671;0.00854480
1996-05-23;-0.00368421;-0.00354612
1996-05-24;0.00358781;0.00372589
1996-05-28;-0.00980517;-0.00925284
1996-05-29;-0.00628453;-0.00614645
1996-05-30;0.00567342;0.00581150
1996-05-31;-0.00393587;-0.00379779
1996-06-03;-0.00256444;-0.00214691
1996-06-04;0.00721906;0.00735823
1996-06-05;0.00888308;0.00902226
1996-06-06;-0.00793798;-0.00779908
1996-06-07;0.00029248;0.00043276
1996-06-10;-0.00209838;-0.00167509
1996-06-11;-0.00190621;-0.00176567
1996-06-12;-0.00257450;-0.00243423
1996-06-13;-0.00175180;-0.00161208
1996-06-14;-0.00322809;-0.00308919
1996-06-17;-0.00142614;-0.00101107
1996-06-18;-0.00477918;-0.00464028
1996-06-19;-0.00028082;-0.00014137
1996-06-20;0.00010188;0.00024215
1996-06-21;0.00703876;0.00717904
1996-06-24;0.00259525;0.00301689
1996-06-25;-0.00069374;-0.00055402
1996-06-26;-0.00595339;-0.00581366
1996-06-27;0.00613347;0.00627210
1996-06-28;0.00297745;0.00311553
1996-07-01;0.00755827;0.00797581
1996-07-02;-0.00330663;-0.00316471
1996-07-03;-0.00192208;-0.00178235
1996-07-05;-0.02251312;-0.02223038
1996-07-08;-0.00758617;-0.00716206
1996-07-09;0.00334178;0.00348425
1996-07-10;0.00189917;0.00204026
1996-07-11;-0.01587242;-0.01573215
1996-07-12;0.00065456;0.00079538
1996-07-15;-0.02579140;-0.02536812
1996-07-16;-0.00241164;-0.00227110
1996-07-17;0.00902853;0.00916880
1996-07-18;0.01490679;0.01504679
1996-07-19;-0.00763910;-0.00749828
1996-07-22;-0.00819851;-0.00777522
1996-07-23;-0.01101601;-0.01087465
1996-07-24;-0.00046218;-0.00032053
1996-07-25;0.00707716;0.00721825
1996-07-26;0.00734183;0.00748293
1996-07-29;-0.00814106;-0.00771284
1996-07-30;0.00679473;0.00693720
1996-07-31;0.00753331;0.00767523
1996-08-01;0.01580328;0.01594328
1996-08-02;0.01909699;0.01923589
1996-08-05;-0.00374620;-0.00333113
1996-08-06;0.00314970;0.00328805
1996-08-07;0.00268728;0.00282536
1996-08-08;-0.00247320;-0.00233594
1996-08-09;-0.00063719;-0.00049993
1996-08-12;0.00517916;0.00559094
1996-08-13;-0.00822877;-0.00809097
1996-08-14;0.00281122;0.00294876
1996-08-15;0.00026512;0.00040348
1996-08-16;0.00439856;0.00453664
1996-08-19;0.00167685;0.00209191
1996-08-20;-0.00138216;-0.00124408
1996-08-21;-0.00094529;-0.00080803
1996-08-22;0.00832053;0.00845752
1996-08-23;-0.00554483;-0.00540757
1996-08-26;-0.00514426;-0.00472837
1996-08-27;0.00366933;0.00380796
1996-08-28;-0.00226828;-0.00212965
1996-08-29;-0.01111419;-0.01097446
1996-08-30;-0.00834719;-0.00820609
1996-09-03;0.00362052;0.00418710
1996-09-04;0.00162301;0.00176493
1996-09-05;-0.00947697;-0.00933450
1996-09-06;0.00954757;0.00968976
1996-09-09;0.01191540;0.01233704
1996-09-10;0.00005308;0.00019417
1996-09-11;0.00527674;0.00541839
1996-09-12;0.00598245;0.00612327
1996-09-13;0.01384766;0.01398657
1996-09-16;0.00490849;0.00532356
1996-09-17;-0.00165336;-0.00151171
1996-09-18;-0.00225965;-0.00211883
1996-09-19;0.00215907;0.00229907
1996-09-20;0.00575864;0.00589974
1996-09-23;-0.00119721;-0.00077392
1996-09-24;-0.00140985;-0.00127204
1996-09-25;0.00021972;0.00035506
1996-09-26;0.00022151;0.00035493
1996-09-27;0.00036521;0.00049973
1996-09-30;0.00122857;0.00163213
1996-10-01;0.00244265;0.00257881
1996-10-02;0.00717558;0.00730982
1996-10-03;-0.00189879;-0.00176427
1996-10-04;0.01242121;0.01255491
1996-10-07;0.00231336;0.00271857
1996-10-08;-0.00374670;-0.00360999
1996-10-09;-0.00555942;-0.00542271
1996-10-10;-0.00311109;-0.00297383
1996-10-11;0.00857243;0.00870942
1996-10-14;0.00369416;0.00410512
1996-10-15;-0.00150803;-0.00137022
1996-10-16;0.00255768;0.00269494
1996-10-17;0.00360323;0.00373966
1996-10-18;0.00529643;0.00543286
1996-10-21;-0.00178067;-0.00137054
1996-10-22;-0.00476669;-0.00462916
1996-10-23;0.00088815;0.00102513
1996-10-24;-0.00716967;-0.00703269
1996-10-25;-0.00208578;-0.00194880
1996-10-28;-0.00565169;-0.00523662
1996-10-29;0.00606132;0.00619858
1996-10-30;-0.00072710;-0.00058984
1996-10-31;0.00618959;0.00632740
1996-11-01;-0.00214241;-0.00200460
1996-11-04;0.00388792;0.00430052
1996-11-05;0.01034759;0.01048540
1996-11-06;0.01469583;0.01483364
1996-11-07;0.00428407;0.00442160
1996-11-08;0.00430598;0.00444406
1996-11-11;0.00102064;0.00143488
1996-11-12;-0.00318392;-0.00304584
1996-11-13;0.00227566;0.00241347
1996-11-14;0.00644224;0.00658005
1996-11-15;0.00229581;0.00243334
1996-11-18;-0.00115315;-0.00073972
1996-11-19;0.00685364;0.00699145
1996-11-20;0.00244916;0.00258697
1996-11-21;-0.00172826;-0.00159018
1996-11-22;0.00792683;0.00806492
1996-11-25;0.01071886;0.01113228
1996-11-26;-0.00132785;-0.00119004
1996-11-27;-0.00123826;-0.00110073
1996-11-29;0.00243692;0.00271090
1996-12-02;-0.00099635;-0.00058950
1996-12-03;-0.01106320;-0.01092840
1996-12-04;-0.00411723;-0.00398298
1996-12-05;-0.00098490;-0.00085038
1996-12-06;-0.00647946;-0.00634521
1996-12-09;0.01341261;0.01381206
1996-12-10;-0.00316076;-0.00302844
1996-12-11;-0.00909875;-0.00896642
1996-12-12;-0.01524476;-0.01511216
1996-12-13;-0.00106230;-0.00093079
1996-12-16;-0.01088303;-0.01048358
1996-12-17;0.00688513;0.00701855
1996-12-18;0.00749582;0.00763007
1996-12-19;0.01934085;0.01947455
1996-12-20;0.00405850;0.00419247
1996-12-23;-0.00301590;-0.00260741
1996-12-24;0.00540512;0.00554101
1996-12-26;0.00609752;0.00636985
1996-12-27;0.00156328;0.00169972
1996-12-30;-0.00427988;-0.00386563
1996-12-31;-0.01740604;-0.01726713
1997-01-02;-0.00526053;-0.00498381
1997-01-03;0.01483343;0.01497151
1997-01-06;-0.00090885;-0.00049378
1997-01-07;0.00738791;0.00752545
1997-01-08;-0.00627789;-0.00614036
1997-01-09;0.00848564;0.00862263
1997-01-10;0.00602382;0.00616191
1997-01-13;-0.00034993;0.00006432
1997-01-14;0.01218106;0.01231942
1997-01-15;-0.00228501;-0.00214748
1997-01-16;0.00320940;0.00334720
1997-01-17;0.00824518;0.00838244
1997-01-20;0.00026801;0.00067979
1997-01-21;0.00761138;0.00774919
1997-01-22;0.00442439;0.00456247
1997-01-23;-0.01115111;-0.01101303
1997-01-24;-0.00920113;-0.00906332
1997-01-27;-0.00755358;-0.00713769
1997-01-28;-0.00006052;0.00007756
1997-01-29;0.00982424;0.00996232
1997-01-30;0.01509662;0.01523470
1997-01-31;0.00239901;0.00253655
1997-02-03;0.00040639;0.00081571
1997-02-04;0.00315473;0.00329089
1997-02-05;-0.01388289;-0.01374590
1997-02-06;0.00257376;0.00271102
1997-02-07;0.01193868;0.01207594
1997-02-10;-0.00561029;-0.00519851
1997-02-11;0.00515802;0.00529528
1997-02-12;0.01683186;0.01696940
1997-02-13;0.01124493;0.01138192
1997-02-14;-0.00422342;-0.00408725
1997-02-18;0.00931225;0.00985800
1997-02-19;-0.00469302;-0.00455658
1997-02-20;-0.01201572;-0.01187956
1997-02-21;-0.00140411;-0.00126822
1997-02-24;0.01020993;0.01062006
1997-02-25;0.00211746;0.00225445
1997-02-26;-0.00786646;-0.00772728
1997-02-27;-0.01313263;-0.01299345
1997-02-28;-0.00546361;-0.00532416
1997-03-03;0.00526141;0.00568059
1997-03-04;-0.00547192;-0.00533192
1997-03-05;0.01415188;0.01429078
1997-03-06;-0.00429977;-0.00416031
1997-03-07;0.00789725;0.00803642
1997-03-10;0.01037700;0.01079289
1997-03-11;-0.00296218;-0.00282409
1997-03-12;-0.00864065;-0.00850175
1997-03-13;-0.01822021;-0.01807994
1997-03-14;0.00443469;0.00457441
1997-03-17;0.00281970;0.00324134
1997-03-18;-0.00772885;-0.00758885
1997-03-19;-0.00505419;-0.00491309
1997-03-20;-0.00405801;-0.00391555
1997-03-21;0.00171203;0.00185613
1997-03-24;0.00824655;0.00867806
1997-03-25;-0.00235896;-0.00221403
1997-03-26;0.00190920;0.00205194
1997-03-27;-0.02115892;-0.02101563
1997-03-31;-0.02223907;-0.02166811
1997-04-01;0.00318616;0.00332808
1997-04-02;-0.01250213;-0.01236076
1997-04-03;0.00014010;0.00028065
1997-04-04;0.00998602;0.01012712
1997-04-07;0.00516397;0.00558726
1997-04-08;0.00538026;0.00552026
1997-04-09;-0.00728302;-0.00714329
1997-04-10;-0.00308776;-0.00294666
1997-04-11;-0.02736313;-0.02722149
1997-04-14;0.00781598;0.00824091
1997-04-15;0.01462785;0.01476949
1997-04-16;0.01160636;0.01174746
1997-04-17;-0.00241209;-0.00227100
1997-04-18;0.00585542;0.00599651
1997-04-21;-0.00821802;-0.00779473
1997-04-22;0.01857995;0.01872296
1997-04-23;-0.00134649;-0.00120321
1997-04-24;-0.00331201;-0.00317010
1997-04-25;-0.00767718;-0.00753554
1997-04-28;0.00961956;0.01004614
1997-04-29;0.02718652;0.02732899
1997-04-30;0.00923955;0.00938037
1997-05-01;-0.00351052;-0.00337080
1997-05-02;0.01794325;0.01808298
1997-05-05;0.02088625;0.02130132
1997-05-06;-0.00304573;-0.00290683
1997-05-07;-0.01466231;-0.01452313
1997-05-08;0.00557717;0.00571607
1997-05-09;0.00563736;0.00577571
1997-05-12;0.01523750;0.01565174
1997-05-13;-0.00537356;-0.00523384
1997-05-14;0.00349599;0.00363435
1997-05-15;0.00715273;0.00728944
1997-05-16;-0.01436655;-0.01422792
1997-05-19;0.00382855;0.00425266
1997-05-20;0.01000212;0.01014595
1997-05-21;-0.00277569;-0.00263897
1997-05-22;-0.00451074;-0.00437266
1997-05-23;0.01348142;0.01361950
1997-05-27;0.00261464;0.00316478
1997-05-28;-0.00291156;-0.00277348
1997-05-29;-0.00368123;-0.00354726
1997-05-30;0.00487220;0.00500425
1997-06-02;-0.00264990;-0.00225620
1997-06-03;-0.00116195;-0.00102716
1997-06-04;-0.00625093;-0.00611504
1997-06-05;0.00393846;0.00407462
1997-06-06;0.01720292;0.01733799
1997-06-09;0.00532992;0.00573430
1997-06-10;0.00261642;0.00275122
1997-06-11;0.00501643;0.00514931
1997-06-12;0.01608109;0.01621369
1997-06-13;0.01094940;0.01108255
1997-06-16;0.00033830;0.00073693
1997-06-17;0.00044518;0.00057998
1997-06-18;-0.00608659;-0.00595234
1997-06-19;0.00993530;0.01007092
1997-06-20;0.00066019;0.00079554
1997-06-23;-0.02274772;-0.02233347
1997-06-24;0.02003226;0.02016761
1997-06-25;-0.00830289;-0.00816755
1997-06-26;-0.00589679;-0.00575898
1997-06-27;0.00397097;0.00410850
1997-06-30;-0.00285062;-0.00243473
1997-07-01;0.00665386;0.00679194
1997-07-02;0.01458162;0.01472026
1997-07-03;0.01413606;0.01427332
1997-07-07;-0.00568635;-0.00514279
1997-07-08;0.00726107;0.00739778
1997-07-09;-0.01228769;-0.01215125
1997-07-10;0.00676539;0.00690265
1997-07-11;0.00317432;0.00331131
1997-07-14;0.00143815;0.00185075
1997-07-15;0.00789433;0.00803350
1997-07-16;0.01162211;0.01175992
1997-07-17;-0.00542998;-0.00529190
1997-07-18;-0.01763970;-0.01749998
1997-07-21;-0.00300219;-0.00258055
1997-07-22;0.02290330;0.02304138
1997-07-23;0.00264878;0.00278742
1997-07-24;0.00386217;0.00400162
1997-07-25;-0.00175109;-0.00161136
1997-07-28;-0.00291918;-0.00250000
1997-07-29;0.00621006;0.00634979
1997-07-30;0.01068398;0.01082371
1997-07-31;0.00210277;0.00224277
1997-08-01;-0.00760301;-0.00746219
1997-08-04;0.00292474;0.00334721
1997-08-05;0.00205051;0.00219160
1997-08-06;0.00828790;0.00842900
1997-08-07;-0.00958501;-0.00944364
1997-08-08;-0.01869229;-0.01855120
1997-08-11;0.00353466;0.00395959
1997-08-12;-0.01126208;-0.01112043
1997-08-13;-0.00478737;-0.00464545
1997-08-14;0.00287331;0.00301578
1997-08-15;-0.02600901;-0.02586791
1997-08-18;0.01266954;0.01309118
1997-08-19;0.01468901;0.01482901
1997-08-20;0.01441571;0.01455543
1997-08-21;-0.01534721;-0.01520666
1997-08-22;-0.00175088;-0.00161088
1997-08-25;-0.00410062;-0.00367651
1997-08-26;-0.00788708;-0.00774626
1997-08-27;0.00074641;0.00088723
1997-08-28;-0.01096650;-0.01082678
1997-08-29;-0.00475680;-0.00461707
1997-09-02;0.03070629;0.03126191
1997-09-03;0.00042788;0.00056514
1997-09-04;0.00312361;0.00326087
1997-09-05;-0.00203616;-0.00189835
1997-09-08;0.00195871;0.00237131
1997-09-09;0.00246589;0.00260343
1997-09-10;-0.01573784;-0.01560140
1997-09-11;-0.00683227;-0.00669528
1997-09-12;0.01229394;0.01243010
1997-09-15;-0.00469133;-0.00428037
1997-09-16;0.02798683;0.02812273
1997-09-17;-0.00286091;-0.00272475
1997-09-18;0.00445481;0.00459097
1997-09-19;0.00327807;0.00341313
1997-09-22;0.00478664;0.00519020
1997-09-23;-0.00379668;-0.00366271
1997-09-24;-0.00793160;-0.00779982
1997-09-25;-0.00708670;-0.00695519
1997-09-26;0.00797920;0.00811235
1997-09-29;0.00820652;0.00860679
1997-09-30;-0.00649599;-0.00636092
1997-10-01;0.00853477;0.00867094
1997-10-02;0.00519446;0.00532980
1997-10-03;0.00464397;0.00477821
1997-10-06;0.00753073;0.00793100
1997-10-07;0.01063710;0.01077217
1997-10-08;-0.00930918;-0.00917329
1997-10-09;-0.00341941;-0.00328242
1997-10-10;-0.00383196;-0.00369498
1997-10-13;0.00073874;0.00114970
1997-10-14;0.00211648;0.00225210
1997-10-15;-0.00482036;-0.00468529
1997-10-16;-0.01097678;-0.01084144
1997-10-17;-0.01172300;-0.01158820
1997-10-20;0.01172576;0.01212932
1997-10-21;0.01731354;0.01744888
1997-10-22;-0.00397232;-0.00383478
1997-10-23;-0.01850963;-0.01837291
1997-10-24;-0.00965826;-0.00952100
1997-10-27;-0.06906484;-0.06865717
1997-10-28;0.05100839;0.05114839
1997-10-29;-0.00282425;-0.00268589
1997-10-30;-0.01680068;-0.01666288
1997-10-31;0.01197572;0.01211462
1997-11-03;0.02625402;0.02667402
1997-11-04;0.00174960;0.00188960
1997-11-05;0.00212785;0.00226840
1997-11-06;-0.00507926;-0.00493762
1997-11-07;-0.01114223;-0.01100058
1997-11-10;-0.00722609;-0.00679787
1997-11-11;0.00273388;0.00287662
1997-11-12;-0.01920550;-0.01906413
1997-11-13;0.01174360;0.01188415
1997-11-14;0.01266590;0.01280645
1997-11-17;0.01882842;0.01925417
1997-11-18;-0.00845210;-0.00831046
1997-11-19;0.00679118;0.00693200
1997-11-20;0.01510351;0.01524433
1997-11-21;0.00415097;0.00429097
1997-11-24;-0.01745028;-0.01702617
1997-11-25;0.00435548;0.00449685
1997-11-26;0.00092040;0.00106067
1997-11-28;0.00369633;0.00397468
1997-12-01;0.01988222;0.02030140
1997-12-02;-0.00330456;-0.00316429
1997-12-03;0.00535561;0.00549589
1997-12-04;-0.00386421;-0.00372366
1997-12-05;0.01084843;0.01098980
1997-12-08;-0.00180928;-0.00138189
1997-12-09;-0.00684989;-0.00670934
1997-12-10;-0.00621137;-0.00607246
1997-12-11;-0.01519368;-0.01505505
1997-12-12;-0.00175315;-0.00161480
1997-12-15;0.01008355;0.01050273
1997-12-16;0.00468572;0.00482518
1997-12-17;-0.00265972;-0.00251972
1997-12-18;-0.01069510;-0.01055537
1997-12-19;-0.00905724;-0.00891505
1997-12-22;0.00688591;0.00732153
1997-12-23;-0.01540081;-0.01525533
1997-12-24;-0.00696699;-0.00682343
1997-12-26;0.00374996;0.00403544
1997-12-29;0.01793690;0.01836923
1997-12-30;0.01829606;0.01844127
1997-12-31;-0.00054513;-0.00040212
1998-01-02;0.00450129;0.00478513
1998-01-05;0.00167544;0.00209380
1998-01-06;-0.01083097;-0.01069179
1998-01-07;-0.00256833;-0.00242888
1998-01-08;-0.00834401;-0.00820702
1998-01-09;-0.02979915;-0.02966436
1998-01-12;0.01201320;0.01241676
1998-01-13;0.01364921;0.01378702
1998-01-14;0.00600965;0.00614773
1998-01-15;-0.00763085;-0.00749387
1998-01-16;0.01119509;0.01133262
1998-01-20;0.01722819;0.01777832
1998-01-21;-0.00803707;-0.00790009
1998-01-22;-0.00813841;-0.00800143
1998-01-23;-0.00578481;-0.00564673
1998-01-26;-0.00108815;-0.00067637
1998-01-27;0.01246818;0.01260791
1998-01-28;0.00880523;0.00894468
1998-01-29;0.00814626;0.00828489
1998-01-30;-0.00542021;-0.00528158
1998-02-02;0.02099619;0.02141537
1998-02-03;0.00462923;0.00476950
1998-02-04;0.00089302;0.00102945
1998-02-05;-0.00335611;-0.00321885
1998-02-06;0.00892475;0.00906283
1998-02-09;-0.00204617;-0.00163439
1998-02-10;0.00805257;0.00819148
1998-02-11;0.00105962;0.00119880
1998-02-12;0.00400519;0.00414436
1998-02-13;-0.00406662;-0.00392717
1998-02-17;0.00210127;0.00265359
1998-02-18;0.00921479;0.00935342
1998-02-19;-0.00378903;-0.00365013
1998-02-20;0.00563766;0.00577684
1998-02-23;0.00339418;0.00381500
1998-02-24;-0.00744609;-0.00730554
1998-02-25;0.01197401;0.01211566
1998-02-26;0.00550949;0.00565196
1998-02-27;0.00053138;0.00067330
1998-03-02;-0.00197281;-0.00154706
1998-03-03;0.00399171;0.00413117
1998-03-04;-0.00437678;-0.00423843
1998-03-05;-0.01172969;-0.01159160
1998-03-06;0.01989265;0.02003019
1998-03-09;-0.00360879;-0.00319537
1998-03-10;0.01122438;0.01136027
1998-03-11;0.00401302;0.00414891
1998-03-12;0.00137512;0.00151074
1998-03-13;-0.00134889;-0.00121300
1998-03-16;0.00957885;0.00998735
1998-03-17;0.00095098;0.00108824
1998-03-18;0.00460213;0.00473993
1998-03-19;0.00378375;0.00392183
1998-03-20;0.00851016;0.00864852
1998-03-23;-0.00368356;-0.00327096
1998-03-24;0.00908310;0.00922090
1998-03-25;-0.00348698;-0.00334890
1998-03-26;-0.00116816;-0.00102898
1998-03-27;-0.00483526;-0.00469609
1998-03-30;-0.00213666;-0.00171830
1998-03-31;0.00736921;0.00750674
1998-04-01;0.00573975;0.00587646
1998-04-02;0.01060283;0.01073900
1998-04-03;0.00227492;0.00241054
1998-04-06;-0.00158111;-0.00117261
1998-04-07;-0.01038577;-0.01025043
1998-04-08;-0.00723232;-0.00709726
1998-04-09;0.00806245;0.00819779
1998-04-13;-0.00138512;-0.00083169
1998-04-14;0.00531832;0.00545586
1998-04-15;0.00307001;0.00320563
1998-04-16;-0.01008060;-0.00994608
1998-04-17;0.01300245;0.01313725
1998-04-20;0.00041904;0.00082260
1998-04-21;0.00255764;0.00269298
1998-04-22;0.00335549;0.00349138
1998-04-23;-0.00981786;-0.00968197
1998-04-24;-0.01057005;-0.01043444
1998-04-27;-0.01969046;-0.01928443
1998-04-28;-0.00134890;-0.00121383
1998-04-29;0.00880202;0.00893736
1998-04-30;0.01557363;0.01570706
1998-05-01;0.00818579;0.00831976
1998-05-04;0.00054602;0.00094958
1998-05-05;-0.00597092;-0.00583448
1998-05-06;-0.00938521;-0.00924877
1998-05-07;-0.00896683;-0.00883040
1998-05-08;0.01174177;0.01187876
1998-05-11;-0.00127550;-0.00086454
1998-05-12;0.00817456;0.00831127
1998-05-13;0.00280494;0.00294165
1998-05-14;-0.00144810;-0.00131002
1998-05-15;-0.00783267;-0.00769458
1998-05-18;-0.00293345;-0.00251838
1998-05-19;0.00321053;0.00334998
1998-05-20;0.00859587;0.00873478
1998-05-21;-0.00409054;-0.00395081
1998-05-22;-0.00387910;-0.00373992
1998-05-26;-0.01535641;-0.01480847
1998-05-27;-0.00164488;-0.00150898
1998-05-28;0.00492135;0.00505642
1998-05-29;-0.00628493;-0.00615096
1998-06-01;-0.00022061;0.00017802
1998-06-02;0.00191764;0.00205326
1998-06-03;-0.00951085;-0.00937386
1998-06-04;0.01104299;0.01117942
1998-06-05;0.01727871;0.01741515
1998-06-08;0.00130917;0.00172013
1998-06-09;0.00229497;0.00243277
1998-06-10;-0.00556743;-0.00543017
1998-06-11;-0.01579113;-0.01565496
1998-06-12;0.00377247;0.00390918
1998-06-15;-0.02027247;-0.01986315
1998-06-16;0.00968276;0.00982139
1998-06-17;0.01784746;0.01798691
1998-06-18;-0.00076348;-0.00062513
1998-06-19;-0.00530283;-0.00516503
1998-06-22;0.00192294;0.00233307
1998-06-23;0.01462199;0.01475816
1998-06-24;0.01186433;0.01199885
1998-06-25;-0.00331823;-0.00318425
1998-06-26;0.00350384;0.00363726
1998-06-29;0.00427208;0.00467399
1998-06-30;-0.00413806;-0.00400189
1998-07-01;0.01287834;0.01301423
1998-07-02;-0.00199680;-0.00186146
1998-07-06;0.00911639;0.00965666
1998-07-07;-0.00243119;-0.00229557
1998-07-08;0.01026515;0.01040104
1998-07-09;-0.00682956;-0.00669422
1998-07-10;0.00484727;0.00498234
1998-07-13;0.00036329;0.00077097
1998-07-14;0.01050988;0.01064741
1998-07-15;-0.00248705;-0.00234979
1998-07-16;0.00769653;0.00783434
1998-07-17;0.00218966;0.00232692
1998-07-20;-0.00264021;-0.00222925
1998-07-21;-0.01620646;-0.01607057
1998-07-22;-0.00091342;-0.00077807
1998-07-23;-0.02102751;-0.02089162
1998-07-24;0.00077935;0.00091496
1998-07-27;0.00526474;0.00567241
1998-07-28;-0.01498251;-0.01484717
1998-07-29;-0.00439303;-0.00425768
1998-07-30;0.01577318;0.01590852
1998-07-31;-0.01963039;-0.01949422
1998-08-03;-0.00772703;-0.00731772
1998-08-04;-0.03635447;-0.03621831
1998-08-05;0.00868671;0.00882232
1998-08-06;0.00753549;0.00766974
1998-08-07;-0.00029821;-0.00016506
1998-08-10;-0.00613647;-0.00573702
1998-08-11;-0.01301866;-0.01288441
1998-08-12;0.01431400;0.01444797
1998-08-13;-0.00869926;-0.00856474
1998-08-14;-0.01139704;-0.01126279
1998-08-17;0.01930233;0.01970753
1998-08-18;0.01614167;0.01627674
1998-08-19;-0.00292678;-0.00279144
1998-08-20;-0.00596027;-0.00582575
1998-08-21;-0.00960732;-0.00947362
1998-08-24;0.00597447;0.00638050
1998-08-25;0.00418790;0.00432379
1998-08-26;-0.00797911;-0.00784405
1998-08-27;-0.03841336;-0.03828021
1998-08-28;-0.01481016;-0.01467920
1998-08-31;-0.06839464;-0.06800258
1998-09-01;0.03854063;0.03867186
1998-09-02;-0.00370446;-0.00357351
1998-09-03;-0.00839746;-0.00826842
1998-09-04;-0.00861025;-0.00848039
1998-09-08;0.05043695;0.05095640
1998-09-09;-0.01693966;-0.01680925
1998-09-10;-0.02596264;-0.02583497
1998-09-11;0.02962253;0.02975267
1998-09-14;0.02028105;0.02066900
1998-09-15;0.00760071;0.00772865
1998-09-16;0.00745730;0.00758388
1998-09-17;-0.02551284;-0.02538737
1998-09-18;0.00107857;0.00120213
1998-09-21;0.00336491;0.00373970
1998-09-22;0.00547763;0.00560613
1998-09-23;0.03531497;0.03543963
1998-09-24;-0.02204141;-0.02191976
1998-09-25;0.00182618;0.00194700
1998-09-28;0.00372419;0.00408255
1998-09-29;0.00020780;0.00032917
1998-09-30;-0.03057552;-0.03045881
1998-10-01;-0.03020680;-0.03009365
1998-10-02;0.01637514;0.01648802
1998-10-05;-0.01434437;-0.01401067
1998-10-06;-0.00407374;-0.00396196
1998-10-07;-0.01394561;-0.01383465
1998-10-08;-0.01166061;-0.01155650
1998-10-09;0.02589776;0.02600159
1998-10-12;0.01321379;0.01352530
1998-10-13;-0.00296260;-0.00285849
1998-10-14;0.01069633;0.01080400
1998-10-15;0.04162079;0.04173175
1998-10-16;0.00843587;0.00853340
1998-10-19;0.00533603;0.00564096
1998-10-20;0.00134473;0.00145048
1998-10-21;0.00558804;0.00569516
1998-10-22;0.00791634;0.00802265
1998-10-23;-0.00733622;-0.00723019
1998-10-26;0.00120302;0.00153179
1998-10-27;-0.00661599;-0.00650749
1998-10-28;0.00265528;0.00276980
1998-10-29;0.01671555;0.01683117
1998-10-30;0.01161844;0.01173433
1998-11-02;0.01141474;0.01176899
1998-11-03;-0.00077943;-0.00065915
1998-11-04;0.00707065;0.00719257
1998-11-05;0.01352862;0.01365108
1998-11-06;0.00628346;0.00640730
1998-11-09;-0.00969387;-0.00932236
1998-11-10;-0.00166999;-0.00154862
1998-11-11;-0.00658114;-0.00645977
1998-11-12;-0.00294394;-0.00282421
1998-11-13;0.00710937;0.00722883
1998-11-16;0.00867083;0.00903329
1998-11-17;0.00293094;0.00304902
1998-11-18;0.00453254;0.00465117
1998-11-19;0.00704201;0.00716118
1998-11-20;0.00937670;0.00949588
1998-11-23;0.02083145;0.02119967
1998-11-24;-0.00444973;-0.00432617
1998-11-25;0.00324688;0.00336907
1998-11-27;0.00451602;0.00475931
1998-11-30;-0.02443035;-0.02406707
1998-12-01;0.00991595;0.01003595
1998-12-02;-0.00331940;-0.00319967
1998-12-03;-0.01811714;-0.01799823
1998-12-04;0.02300859;0.02312832
1998-12-07;0.00896728;0.00932892
1998-12-08;-0.00538644;-0.00526808
1998-12-09;0.00174418;0.00186253
1998-12-10;-0.01570035;-0.01558063
1998-12-11;0.00131302;0.00143329
1998-12-14;-0.02201622;-0.02165457
1998-12-15;0.01884390;0.01896390
1998-12-16;-0.00084940;-0.00073022
1998-12-17;0.01546954;0.01558872
1998-12-18;0.00670504;0.00682504
1998-12-21;0.01212003;0.01248332
1998-12-22;0.00050221;0.00062249
1998-12-23;0.02062712;0.02074959
1998-12-24;-0.00195210;-0.00182991
1998-12-28;-0.00113181;-0.00064414
1998-12-29;0.01347792;0.01360066
1998-12-30;-0.00804873;-0.00792709
1998-12-31;-0.00230249;-0.00218277
1999-01-04;-0.00137988;-0.00089988
1999-01-05;0.01350121;0.01362093
1999-01-06;0.02224670;0.02236615
1999-01-07;-0.00211005;-0.00199142
1999-01-08;0.00410288;0.00422260
1999-01-11;-0.00916093;-0.00880011
1999-01-12;-0.01940335;-0.01928363
1999-01-13;-0.00418121;-0.00406230
1999-01-14;-0.01809722;-0.01797859
1999-01-15;0.02552328;0.02564191
1999-01-19;0.00655844;0.00702858
1999-01-20;0.00363054;0.00374725
1999-01-21;-0.01718923;-0.01707362
1999-01-22;-0.00818329;-0.00806658
1999-01-25;0.00681550;0.00716974
1999-01-26;0.01473576;0.01485494
1999-01-27;-0.00727656;-0.00715711
1999-01-28;0.01784173;0.01796173
1999-01-29;0.01115454;0.01127427
1999-02-01;-0.00555917;-0.00519589
1999-02-02;-0.00873170;-0.00861060
1999-02-03;0.00799650;0.00811622
1999-02-04;-0.01858027;-0.01846027
1999-02-05;-0.00738406;-0.00726379
1999-02-08;0.00332273;0.00368437
1999-02-09;-0.02232422;-0.02220312
1999-02-10;0.00616523;0.00628496
1999-02-11;0.02487420;0.02499448
1999-02-12;-0.01915919;-0.01903782
1999-02-16;0.00905635;0.00953964
1999-02-17;-0.01436745;-0.01424663
1999-02-18;0.01077944;0.01090054
1999-02-19;0.00144401;0.00156593
1999-02-22;0.02621231;0.02658217
1999-02-23;-0.00085985;-0.00073546
1999-02-24;-0.01401057;-0.01388591
1999-02-25;-0.00669043;-0.00656687
1999-02-26;-0.00547224;-0.00534759
1999-03-01;-0.00210841;-0.00173197
1999-03-02;-0.00873637;-0.00861226
1999-03-03;0.00189500;0.00201802
1999-03-04;0.01543969;0.01556270
1999-03-05;0.02301705;0.02314034
1999-03-08;0.00537469;0.00574538
1999-03-09;-0.00237390;-0.00225144
1999-03-10;0.00540596;0.00552843
1999-03-11;0.00853574;0.00865876
1999-03-12;-0.00249439;-0.00237192
1999-03-15;0.00942503;0.00979161
1999-03-16;-0.00078583;-0.00066446
1999-03-17;-0.00662332;-0.00650250
1999-03-18;0.01434392;0.01446420
1999-03-19;-0.01322808;-0.01310781
1999-03-22;-0.00210718;-0.00174553
1999-03-23;-0.02699968;-0.02687968
1999-03-24;0.00500089;0.00512089
1999-03-25;0.01675881;0.01687909
1999-03-26;-0.00569750;-0.00557723
1999-03-29;0.02111573;0.02147655
1999-03-30;-0.00723982;-0.00712037
1999-03-31;-0.01116638;-0.01104666
1999-04-01;0.00564059;0.00575894
1999-04-05;0.02070962;0.02117975
1999-04-06;-0.00252439;-0.00240658
1999-04-07;0.00691124;0.00702905
1999-04-08;0.01279978;0.01291704
1999-04-09;0.00313295;0.00325075
1999-04-12;0.00729033;0.00763718
1999-04-13;-0.00656825;-0.00645318
1999-04-14;-0.01593365;-0.01581913
1999-04-15;-0.00431841;-0.00420334
1999-04-16;-0.00303379;-0.00291818
1999-04-19;-0.02272224;-0.02237539
1999-04-20;0.01282081;0.01293753
1999-04-21;0.02286978;0.02298594
1999-04-22;0.01688523;0.01700250
1999-04-23;-0.00156641;-0.00144833
1999-04-26;0.00198783;0.00234537
1999-04-27;0.00190555;0.00202555
1999-04-28;-0.00876993;-0.00864965
1999-04-29;-0.00592497;-0.00580470
1999-04-30;-0.00581252;-0.00569115
1999-05-03;0.01418940;0.01455679
1999-05-04;-0.01681686;-0.01669357
1999-05-05;0.01159381;0.01171655
1999-05-06;-0.01138124;-0.01125823
1999-05-07;0.00959780;0.00972082
1999-05-10;-0.00358830;-0.00322091
1999-05-11;0.01135575;0.01147876
1999-05-12;0.00625885;0.00638131
1999-05-13;0.00250751;0.00262970
1999-05-14;-0.02185168;-0.02172812
1999-05-17;0.00091250;0.00128647
1999-05-18;-0.00467031;-0.00454620
1999-05-19;0.00809844;0.00822173
1999-05-20;-0.00409125;-0.00396851
1999-05-21;-0.00649210;-0.00636936
1999-05-24;-0.01814225;-0.01777157
1999-05-25;-0.01713648;-0.01701291
1999-05-26;0.01586791;0.01599202
1999-05-27;-0.01788829;-0.01776446
1999-05-28;0.01582081;0.01594492
1999-06-01;-0.00630010;-0.00580037
1999-06-02;0.00050534;0.00063164
1999-06-03;0.00353750;0.00366133
1999-06-04;0.02160112;0.02172276
1999-06-07;0.00477050;0.00513215
1999-06-08;-0.01296984;-0.01284683
1999-06-09;0.00094236;0.00106483
1999-06-10;-0.01211438;-0.01199000
1999-06-11;-0.00695306;-0.00682703
1999-06-14;-0.00008726;0.00028836
1999-06-15;0.00541301;0.00553931
1999-06-16;0.02238882;0.02251321
1999-06-17;0.00705116;0.00717472
1999-06-18;0.00207387;0.00219852
1999-06-21;0.00422233;0.00459795
1999-06-22;-0.00985174;-0.00972571
1999-06-23;-0.00222543;-0.00209940
1999-06-24;-0.01309051;-0.01296448
1999-06-25;-0.00048543;-0.00035776
1999-06-28;0.01194614;0.01233079
1999-06-29;0.01497846;0.01510723
1999-06-30;0.01566964;0.01579704
1999-07-01;0.00593167;0.00605633
1999-07-02;0.00730398;0.00742864
1999-07-06;-0.00262273;-0.00212629
1999-07-07;0.00565828;0.00578266
1999-07-08;-0.00109560;-0.00097095
1999-07-09;0.00622775;0.00635268
1999-07-12;-0.00335626;-0.00298064
1999-07-13;-0.00404653;-0.00392105
1999-07-14;0.00320358;0.00332933
1999-07-15;0.00806617;0.00819137
1999-07-16;0.00638205;0.00650671
1999-07-19;-0.00821440;-0.00784289
1999-07-20;-0.02182837;-0.02170481
1999-07-21;0.00152154;0.00164373
1999-07-22;-0.01339008;-0.01326734
1999-07-23;-0.00309058;-0.00296674
1999-07-26;-0.00714830;-0.00677186
1999-07-27;0.01106203;0.01118723
1999-07-28;0.00184109;0.00196657
1999-07-29;-0.01780921;-0.01768346
1999-07-30;-0.00930550;-0.00917893
1999-08-02;-0.00088845;-0.00050625
1999-08-03;-0.00451638;-0.00438762
1999-08-04;-0.01272535;-0.01259795
1999-08-05;0.00636489;0.00649119
1999-08-06;-0.01016791;-0.01004024
1999-08-09;-0.00229580;-0.00190457
1999-08-10;-0.01271334;-0.01258156
1999-08-11;0.01612432;0.01625500
1999-08-12;-0.00299018;-0.00286251
1999-08-13;0.02265366;0.02277969
1999-08-16;0.00196843;0.00234816
1999-08-17;0.00993801;0.01006650
1999-08-18;-0.00845087;-0.00832402
1999-08-19;-0.00701953;-0.00689295
1999-08-20;0.00970947;0.00983823
1999-08-23;0.01727651;0.01766939
1999-08-24;0.00228043;0.00241331
1999-08-25;0.01335417;0.01348540
1999-08-26;-0.01443947;-0.01430824
1999-08-27;-0.01014101;-0.01000840
1999-08-30;-0.01827545;-0.01787682
1999-08-31;-0.00284659;-0.00271399
1999-09-01;0.00816228;0.00829461
1999-09-02;-0.00910667;-0.00897571
1999-09-03;0.02880790;0.02893886
1999-09-07;-0.00543523;-0.00492125
1999-09-08;-0.00469549;-0.00456699
1999-09-09;0.00248036;0.00260858
1999-09-10;0.00283789;0.00296446
1999-09-13;-0.00572485;-0.00534348
1999-09-14;-0.00595257;-0.00582407
1999-09-15;-0.01380582;-0.01367924
1999-09-16;0.00032109;0.00044630
1999-09-17;0.01273335;0.01285774
1999-09-20;-0.00027679;0.00009800
1999-09-21;-0.02105870;-0.02093103
1999-09-22;0.00213384;0.00226233
1999-09-23;-0.02309455;-0.02296606
1999-09-24;-0.00250989;-0.00238249
1999-09-27;0.00426792;0.00465258
1999-09-28;-0.00075033;-0.00062129
1999-09-29;-0.01084813;-0.01071964
1999-09-30;0.01117334;0.01130320
1999-10-01;-0.00002948;0.00010038
1999-10-04;0.01662235;0.01700783
1999-10-05;-0.00258414;-0.00245483
1999-10-06;0.01851638;0.01864460
1999-10-07;-0.00596481;-0.00583604
1999-10-08;0.01381898;0.01394720
1999-10-11;-0.00099590;-0.00061125
1999-10-12;-0.01673531;-0.01660572
1999-10-13;-0.02099827;-0.02086566
1999-10-14;-0.00179085;-0.00165715
1999-10-15;-0.02819122;-0.02805697
1999-10-18;0.00498030;0.00538633
1999-10-19;0.00559613;0.00573312
1999-10-20;0.02220824;0.02234523
1999-10-21;-0.00464260;-0.00450589
1999-10-22;0.01393020;0.01406500
1999-10-25;-0.00657104;-0.00616912
1999-10-26;-0.00919627;-0.00905929
1999-10-27;0.01148551;0.01162222
1999-10-28;0.03530597;0.03544186
1999-10-29;0.01513216;0.01526832
1999-11-01;-0.00687172;-0.00646240
1999-11-02;-0.00483506;-0.00469834
1999-11-03;0.00534802;0.00548418
1999-11-04;0.00556053;0.00569615
1999-11-05;0.00544698;0.00558369
1999-11-08;0.00461899;0.00503323
1999-11-09;-0.00846447;-0.00832639
1999-11-10;0.00596083;0.00609919
1999-11-11;0.00568530;0.00582365
1999-11-12;0.01051503;0.01065421
1999-11-15;-0.00159984;-0.00117902
1999-11-16;0.01831748;0.01845830
1999-11-17;-0.00660529;-0.00646583
1999-11-18;0.00999707;0.01013625
1999-11-19;-0.00219946;-0.00206028
1999-11-22;-0.00115518;-0.00073765
1999-11-23;-0.01156937;-0.01142882
1999-11-24;0.00872209;0.00886291
1999-11-26;-0.00053712;-0.00025548
1999-11-29;-0.00647675;-0.00605182
1999-11-30;-0.01356972;-0.01342862
1999-12-01;0.00641632;0.00655659
1999-12-02;0.00796665;0.00810637
1999-12-03;0.01708024;0.01721997
1999-12-06;-0.00736168;-0.00694333
1999-12-07;-0.01006539;-0.00992649
1999-12-08;-0.00380564;-0.00366674
1999-12-09;0.00288907;0.00302879
1999-12-10;0.00619994;0.00634076
1999-12-13;-0.00153315;-0.00110411
1999-12-14;-0.00864883;-0.00850554
1999-12-15;0.00712653;0.00726872
1999-12-16;0.00376484;0.00390813
1999-12-17;0.00145748;0.00160213
1999-12-20;-0.00249539;-0.00205238
1999-12-21;0.01067791;0.01082641
1999-12-22;0.00184883;0.00199650
1999-12-23;0.01532717;0.01547265
1999-12-27;-0.00143592;-0.00085510
1999-12-28;0.00023841;0.00038224
1999-12-29;0.00396834;0.00410752
1999-12-30;0.00056943;0.00070833
1999-12-31;0.00312722;0.00326886
2000-01-03;-0.00998180;-0.00954864
2000-01-04;-0.03845588;-0.03831150
2000-01-05;0.00186339;0.00200804
2000-01-06;0.00101012;0.00115395
2000-01-07;0.02694268;0.02708570
2000-01-10;0.01077420;0.01120488
2000-01-11;-0.01318174;-0.01303736
2000-01-12;-0.00447026;-0.00432532
2000-01-13;0.01202351;0.01216735
2000-01-14;0.01052405;0.01066789
2000-01-18;-0.00740019;-0.00682594
2000-01-19;0.00041569;0.00056227
2000-01-20;-0.00723842;-0.00709267
2000-01-21;-0.00306225;-0.00291677
2000-01-24;-0.02806888;-0.02763162
2000-01-25;0.00591483;0.00606277
2000-01-26;-0.00433376;-0.00418554
2000-01-27;-0.00401531;-0.00386682
2000-01-28;-0.02752427;-0.02737413
2000-01-31;0.02476121;0.02521573
2000-02-01;0.01047219;0.01062397
2000-02-02;-0.00016779;-0.00001738
2000-02-03;0.01118747;0.01133706
2000-02-04;-0.00054502;-0.00039433
2000-02-07;-0.00052672;-0.00007713
2000-02-08;0.01218051;0.01233174
2000-02-09;-0.02076185;-0.02061144
2000-02-10;0.00348831;0.00363899
2000-02-11;-0.02102185;-0.02087144
2000-02-14;0.00161696;0.00206655
2000-02-15;0.00856638;0.00871926
2000-02-16;-0.01022890;-0.01007657
2000-02-17;0.00028478;0.00043739
2000-02-18;-0.03053180;-0.03037893
2000-02-22;0.00391269;0.00452639
2000-02-23;0.00623022;0.00638474
2000-02-24;-0.00546771;-0.00531346
2000-02-25;-0.01489962;-0.01474565
2000-02-28;0.01067043;0.01113317
2000-02-29;0.01347580;0.01362977
2000-03-01;0.00940664;0.00956007
2000-03-02;0.00172737;0.00188080
2000-03-03;0.01968542;0.01983966
2000-03-06;-0.01305530;-0.01259010
2000-03-07;-0.02575618;-0.02560084
2000-03-08;0.00812378;0.00827912
2000-03-09;0.02546894;0.02562401
2000-03-10;-0.00488104;-0.00472488
2000-03-13;-0.00856247;-0.00809316
2000-03-14;-0.01783266;-0.01767622
2000-03-15;0.02416088;0.02431677
2000-03-16;0.04762141;0.04777757
2000-03-17;0.00395662;0.00411333
2000-03-20;-0.00581335;-0.00534157
2000-03-21;0.02540401;0.02556127
2000-03-22;0.00438738;0.00454464
2000-03-23;0.01764554;0.01780252
2000-03-24;-0.00008799;0.00006927
2000-03-27;-0.00283192;-0.00236424
2000-03-28;-0.01073271;-0.01057600
2000-03-29;0.00049972;0.00065671
2000-03-30;-0.01380269;-0.01364625
2000-03-31;0.00700632;0.00716303
2000-04-03;0.00446429;0.00493196
2000-04-04;-0.00758759;-0.00743225
2000-04-05;-0.00501134;-0.00485518
2000-04-06;0.00940522;0.00956194
2000-04-07;0.00984037;0.00999736
2000-04-10;-0.00831515;-0.00784666
2000-04-11;-0.00268079;-0.00252544
2000-04-12;-0.02236156;-0.02220622
2000-04-13;-0.01832749;-0.01817269
2000-04-14;-0.05843385;-0.05827905
2000-04-17;0.03261309;0.03307748
2000-04-18;0.02855355;0.02870834
2000-04-19;-0.00993541;-0.00978062
2000-04-20;0.00480684;0.00496109
2000-04-24;-0.00387945;-0.00326465
2000-04-25;0.03312296;0.03327721
2000-04-26;-0.01121606;-0.01106291
2000-04-27;0.00264111;0.00279426
2000-04-28;-0.00862595;-0.00847088
2000-05-01;0.01042299;0.01088901
2000-05-02;-0.01510963;-0.01495210
2000-05-03;-0.02162040;-0.02146314
2000-05-04;-0.00403767;-0.00388068
2000-05-05;0.01621117;0.01636980
2000-05-08;-0.00630570;-0.00582323
2000-05-09;-0.00855866;-0.00839537
2000-05-10;-0.02052409;-0.02036080
2000-05-11;0.01793725;0.01810054
2000-05-12;0.00919543;0.00935872
2000-05-15;0.02162877;0.02211699
2000-05-16;0.00926500;0.00942993
2000-05-17;-0.01251271;-0.01235162
2000-05-18;-0.00742604;-0.00726850
2000-05-19;-0.02117628;-0.02101984
2000-05-22;-0.00490260;-0.00443329
2000-05-23;-0.01932475;-0.01916475
2000-05-24;0.01822449;0.01838202
2000-05-25;-0.01266109;-0.01250547
2000-05-26;-0.00261263;-0.00245784
2000-05-30;0.03172018;0.03233388
2000-05-31;-0.00126566;-0.00111552
2000-06-01;0.01972432;0.01987693
2000-06-02;0.01947805;0.01963421
2000-06-05;-0.00698170;-0.00651156
2000-06-06;-0.00682311;-0.00666366
2000-06-07;0.00923052;0.00938806
2000-06-08;-0.00671966;-0.00656240
2000-06-09;-0.00338963;-0.00323210
2000-06-12;-0.00797207;-0.00750440
2000-06-13;0.01617202;0.01632874
2000-06-14;0.00063511;0.00079018
2000-06-15;0.00541252;0.00556787
2000-06-16;-0.00969979;-0.00954472
2000-06-19;0.01425921;0.01472278
2000-06-20;-0.00691739;-0.00676314
2000-06-21;0.00200300;0.00215779
2000-06-22;-0.01834574;-0.01819040
2000-06-23;-0.00752418;-0.00736829
2000-06-26;0.00912625;0.00959145
2000-06-27;-0.00343022;-0.00327487
2000-06-28;0.00293266;0.00308745
2000-06-29;-0.00869669;-0.00854107
2000-06-30;0.00832909;0.00848552
2000-07-03;0.00983051;0.01030312
2000-07-05;-0.01599461;-0.01567570
2000-07-06;0.00718153;0.00734180
2000-07-07;0.01510201;0.01526283
2000-07-10;-0.00270836;-0.00222343
2000-07-11;0.00342899;0.00359145
2000-07-12;0.00802913;0.00819324
2000-07-13;0.00180294;0.00196732
2000-07-14;0.00928898;0.00945309
2000-07-17;-0.00016240;0.00032910
2000-07-18;-0.01124583;-0.01108200
2000-07-19;-0.00800491;-0.00784052
2000-07-20;0.00902093;0.00918532
2000-07-21;-0.01045176;-0.01028874
2000-07-24;-0.01118378;-0.01069228
2000-07-25;0.00678784;0.00695277
2000-07-26;-0.01510622;-0.01494184
2000-07-27;-0.00201721;-0.00185173
2000-07-28;-0.02063723;-0.02047230
2000-07-31;0.00720893;0.00770455
2000-08-01;0.00491415;0.00508045
2000-08-02;0.00032389;0.00049019
2000-08-03;0.00956426;0.00973001
2000-08-04;0.00708951;0.00725526
2000-08-07;0.01071804;0.01121612
2000-08-08;0.00226179;0.00242837
2000-08-09;-0.00677445;-0.00660815
2000-08-10;-0.00860712;-0.00844082
2000-08-11;0.00782740;0.00799480
2000-08-14;0.01292339;0.01342394
2000-08-15;-0.00494431;-0.00477719
2000-08-16;-0.00313421;-0.00296736
2000-08-17;0.01080674;0.01097359
2000-08-18;-0.00304322;-0.00287637
2000-08-21;0.00470294;0.00520349
2000-08-22;-0.00106884;-0.00090171
2000-08-23;0.00513800;0.00530540
2000-08-24;0.00139244;0.00155983
2000-08-25;-0.00139436;-0.00122641
2000-08-28;0.00457555;0.00508021
2000-08-29;-0.00290010;-0.00273215
2000-08-30;-0.00471388;-0.00454566
2000-08-31;0.00923543;0.00940337
2000-09-01;0.00000000;0.00016685
2000-09-05;0.00000000;0.00066521
2000-09-06;0.00000000;0.00016521
2000-09-07;0.00000000;0.00016493
2000-09-08;0.00000000;0.00016356
2000-09-11;0.00000000;0.00048904
2000-09-12;0.00000000;0.00016219
2000-09-13;0.00000000;0.00016219
2000-09-14;0.00000000;0.00016356
2000-09-15;0.00000000;0.00016356
2000-09-18;0.00000000;0.00049068
2000-09-19;0.00000000;0.00016411
2000-09-20;0.00000000;0.00016384
2000-09-21;0.00000000;0.00016384
2000-09-22;0.00000000;0.00016411
2000-09-25;0.00000000;0.00049233
2000-09-26;0.00000000;0.00016438
2000-09-27;0.00000000;0.00016493
2000-09-28;0.00000000;0.00016630
2000-09-29;0.00000000;0.00016575
2000-10-02;0.00000000;0.00049562
2000-10-03;0.00000000;0.00016603
2000-10-04;0.00000000;0.00016603
2000-10-05;0.00000000;0.00016630
2000-10-06;0.00000000;0.00016603
2000-10-09;0.00000000;0.00049808
2000-10-10;0.00000000;0.00016575
2000-10-11;0.00000000;0.00016575
2000-10-12;0.00000000;0.00016466
2000-10-13;0.00000000;0.00016493
2000-10-16;0.00000000;0.00049808
2000-10-17;0.00000000;0.00016767
2000-10-18;0.00000000;0.00016767
2000-10-19;0.00000000;0.00016822
2000-10-20;0.00000000;0.00016795
2000-10-23;0.00000000;0.00050630
2000-10-24;0.00000000;0.00016904
2000-10-25;0.00000000;0.00016986
2000-10-26;0.00000000;0.00016932
2000-10-27;0.00000000;0.00016904
2000-10-30;0.00000000;0.00050877
2000-10-31;0.00000000;0.00016959
2000-11-01;0.00000000;0.00016932
2000-11-02;0.00000000;0.00016959
2000-11-03;0.00000000;0.00016986
2000-11-06;0.00000000;0.00051288
2000-11-07;0.00000000;0.00017068
2000-11-08;0.00000000;0.00017041
2000-11-09;0.00000000;0.00017014
2000-11-10;0.00000000;0.00016959
2000-11-13;0.00000000;0.00050877
2000-11-14;0.00000000;0.00016932
2000-11-15;0.00000000;0.00016959
2000-11-16;0.00000000;0.00016904
2000-11-17;0.00000000;0.00016904
2000-11-20;0.00000000;0.00050795
2000-11-21;0.00000000;0.00016932
2000-11-22;0.00000000;0.00016932
2000-11-24;0.00000000;0.00033863
2000-11-27;0.00000000;0.00050466
2000-11-28;0.00000000;0.00016712
2000-11-29;0.00000000;0.00016603
2000-11-30;0.00000000;0.00016521
2000-12-01;0.00000000;0.00016575
2000-12-04;0.00000000;0.00049315
2000-12-05;0.00000000;0.00016192
2000-12-06;0.00000000;0.00016219
2000-12-07;0.00000000;0.00016274
2000-12-08;0.00000000;0.00016219
2000-12-11;0.00000000;0.00048575
2000-12-12;0.00000000;0.00016137
2000-12-13;0.00000000;0.00016137
2000-12-14;0.00000000;0.00016137
2000-12-15;0.00000000;0.00016027
2000-12-18;0.00000000;0.00047507
2000-12-19;0.00000000;0.00015781
2000-12-20;0.00000000;0.00015507
2000-12-21;0.00000000;0.00014356
2000-12-22;0.00000000;0.00014055
2000-12-26;0.00000000;0.00061479
2000-12-27;0.00000000;0.00015315
2000-12-28;0.00000000;0.00015644
2000-12-29;0.00000000;0.00015699
2001-01-02;0.00000000;0.00062356
2001-01-03;0.00000000;0.00015151
2001-01-04;0.00000000;0.00014329
2001-01-05;0.00000000;0.00013671
2001-01-08;0.00000000;0.00041589
2001-01-09;0.00000000;0.00013973
2001-01-10;0.00000000;0.00014110
2001-01-11;0.00000000;0.00014164
2001-01-12;0.00000000;0.00014219
2001-01-16;0.00000000;0.00057205
2001-01-17;0.00000000;0.00014301
2001-01-18;0.00000000;0.00014082
2001-01-19;0.00000000;0.00013973
2001-01-22;0.00000000;0.00042000
2001-01-23;0.00000000;0.00013973
2001-01-24;0.00000000;0.00014082
2001-01-25;0.00000000;0.00014082
2001-01-26;0.00000000;0.00013808
2001-01-29;0.00000000;0.00041014
2001-01-30;0.00000000;0.00013397
2001-01-31;-0.00065000;-0.00051685
2001-02-01;0.00541510;0.00554853
2001-02-02;-0.01760592;-0.01747086
2001-02-05;0.00319887;0.00360654
2001-02-06;-0.00160030;-0.00146496
2001-02-07;-0.00832850;-0.00819316
2001-02-08;-0.00636248;-0.00622686
2001-02-09;-0.01344045;-0.01330538
2001-02-12;0.01142882;0.01183402
2001-02-13;-0.00870359;-0.00856880
2001-02-14;-0.00213425;-0.00199890
2001-02-15;0.00806813;0.00820374
2001-02-16;-0.01902565;-0.01889168
2001-02-20;-0.01789315;-0.01735397
2001-02-21;-0.01858492;-0.01845094
2001-02-22;-0.00205577;-0.00192207
2001-02-23;-0.00567512;-0.00554443
2001-02-26;0.01715068;0.01753780
2001-02-27;-0.00771857;-0.00758981
2001-02-28;-0.01427158;-0.01414200
2001-03-01;0.00093292;0.00106223
2001-03-02;-0.00581029;-0.00568098
2001-03-05;0.00560996;0.00599626
2001-03-06;0.00987349;0.01000143
2001-03-07;0.00651766;0.00664287
2001-03-08;0.00216246;0.00228739
2001-03-09;-0.02488465;-0.02475835
2001-03-12;-0.04355294;-0.04317979
2001-03-13;0.01491846;0.01504285
2001-03-14;-0.02595518;-0.02583381
2001-03-15;0.00576785;0.00588867
2001-03-16;-0.01974334;-0.01962197
2001-03-19;0.01727677;0.01764006
2001-03-20;-0.02418224;-0.02406224
2001-03-21;-0.01800375;-0.01788840
2001-03-22;-0.00415809;-0.00404412
2001-03-23;0.01979160;0.01990639
2001-03-26;0.01093420;0.01127859
2001-03-27;0.02545616;0.02557232
2001-03-28;-0.02443605;-0.02432016
2001-03-29;-0.00472096;-0.00460535
2001-03-30;0.01066778;0.01078285
2001-04-02;-0.01280471;-0.01246608
2001-04-03;-0.03450788;-0.03439693
2001-04-04;-0.00281815;-0.00270856
2001-04-05;0.04357820;0.04368806
2001-04-06;-0.01985906;-0.01975358
2001-04-09;0.00779561;0.00811122
2001-04-10;0.02708177;0.02718725
2001-04-11;-0.00223146;-0.00212242
2001-04-12;0.01499912;0.01510651
2001-04-16;-0.00367628;-0.00323244
2001-04-17;0.01017019;0.01028033
2001-04-18;0.03883745;0.03894211
2001-04-19;0.01245481;0.01255837
2001-04-20;-0.00864653;-0.00854570
2001-04-23;-0.01528912;-0.01498830
2001-04-24;-0.01225554;-0.01215389
2001-04-25;0.01584344;0.01594618
2001-04-26;0.00467952;0.00478199
2001-04-27;0.01493816;0.01504117
2001-04-30;-0.00313964;-0.00282238
2001-05-01;0.01348897;0.01359390
2001-05-02;0.00076446;0.00086857
2001-05-03;-0.01485622;-0.01475348
2001-05-04;0.01436608;0.01446608
2001-05-07;-0.00272978;-0.00242978
2001-05-08;-0.00184565;-0.00174648
2001-05-09;-0.00446499;-0.00436526
2001-05-10;-0.00025036;-0.00015009
2001-05-11;-0.00758680;-0.00748570
2001-05-14;0.00238349;0.00268185
2001-05-15;0.00032465;0.00042191
2001-05-16;0.02850988;0.02860550
2001-05-17;0.00263522;0.00273084
2001-05-18;0.00278765;0.00288436
2001-05-21;0.01585619;0.01614961
2001-05-22;-0.00272470;-0.00262716
2001-05-23;-0.01558656;-0.01548903
2001-05-24;0.00311605;0.00321523
2001-05-25;-0.01190998;-0.01181190
2001-05-29;-0.00813790;-0.00774009
2001-05-30;-0.01552238;-0.01542375
2001-05-31;0.00618909;0.00628635
2001-06-01;0.00375838;0.00385673
2001-06-04;0.00482912;0.00512501
2001-06-05;0.01289633;0.01299359
2001-06-06;-0.01051673;-0.01041974
2001-06-07;0.00538120;0.00547846
2001-06-08;-0.00948954;-0.00939201
2001-06-11;-0.00864436;-0.00835505
2001-06-12;0.00107054;0.00116589
2001-06-13;-0.01121518;-0.01112011
2001-06-14;-0.01757773;-0.01748238
2001-06-15;-0.00461138;-0.00451713
2001-06-18;-0.00514775;-0.00486501
2001-06-19;0.00334466;0.00343863
2001-06-20;0.00865328;0.00874671
2001-06-21;0.01128673;0.01138070
2001-06-22;-0.00954134;-0.00944901
2001-06-25;-0.00579251;-0.00551470
2001-06-26;-0.00160102;-0.00150842
2001-06-27;-0.00465184;-0.00455759
2001-06-28;0.01240342;0.01250096
2001-06-29;-0.00155009;-0.00145228
2001-07-02;0.00973814;0.01003321
2001-07-03;-0.00176327;-0.00166519
2001-07-05;-0.01233031;-0.01213469
2001-07-06;-0.02339394;-0.02329668
2001-07-09;0.00659572;0.00688914
2001-07-10;-0.01444359;-0.01434633
2001-07-11;-0.00116709;-0.00107120
2001-07-12;0.02360231;0.02369875
2001-07-13;0.00615135;0.00624834
2001-07-16;-0.01118305;-0.01089044
2001-07-17;0.00987306;0.00996977
2001-07-18;-0.00556225;-0.00546746
2001-07-19;0.00595997;0.00605504
2001-07-20;-0.00353252;-0.00343800
2001-07-23;-0.01665914;-0.01637311
2001-07-24;-0.01635947;-0.01626413
2001-07-25;0.01598304;0.01607839
2001-07-26;0.01036936;0.01046470
2001-07-27;0.00237688;0.00247195
2001-07-30;-0.00133415;-0.00104730
2001-07-31;0.00548376;0.00557855
2001-08-01;0.00390368;0.00399820
2001-08-02;0.00396989;0.00406441
2001-08-03;-0.00520378;-0.00510953
2001-08-06;-0.01168397;-0.01140123
2001-08-07;0.00321334;0.00330759
2001-08-08;-0.01728118;-0.01718775
2001-08-09;0.00001394;0.00010654
2001-08-10;0.00559962;0.00569168
2001-08-13;0.00076566;0.00104265
2001-08-14;-0.00389391;-0.00380213
2001-08-15;-0.00724252;-0.00715074
2001-08-16;0.00303532;0.00312628
2001-08-17;-0.01669760;-0.01660746
2001-08-20;0.00784068;0.00811520
2001-08-21;-0.01216982;-0.01207914
2001-08-22;0.00694054;0.00703123
2001-08-23;-0.00283906;-0.00274783
2001-08-24;0.01957306;0.01966484
2001-08-27;-0.00510610;-0.00482912
2001-08-28;-0.01508662;-0.01499539
2001-08-29;-0.01105108;-0.01095958
2001-08-30;-0.01701461;-0.01692447
2001-08-31;0.00395242;0.00404283
2001-09-04;-0.00093522;-0.00056700
2001-09-05;-0.00094834;-0.00085711
2001-09-06;-0.02244617;-0.02235658
2001-09-07;-0.01871957;-0.01863190
2001-09-10;0.00597029;0.00623248
2001-09-17;-0.04937993;-0.04889281
2001-09-18;-0.00586699;-0.00580041
2001-09-19;-0.01611691;-0.01605801
2001-09-20;-0.03111437;-0.03105464
2001-09-21;-0.01909452;-0.01903397
2001-09-24;0.03878963;0.03898113
2001-09-25;0.00873824;0.00880262
2001-09-26;-0.00491838;-0.00485455
2001-09-27;0.01143947;0.01150330
2001-09-28;0.02187195;0.02193633
2001-10-01;-0.00249358;-0.00230289
2001-10-02;0.01224428;0.01230510
2001-10-03;0.02006954;0.02012954
2001-10-04;-0.00252980;-0.00247035
2001-10-05;0.00180173;0.00186064
2001-10-08;-0.00852847;-0.00835176
2001-10-09;-0.00535779;-0.00529806
2001-10-10;0.02291851;0.02297823
2001-10-11;0.01520903;0.01527013
2001-10-12;-0.00532501;-0.00526446
2001-10-15;-0.00171197;-0.00153032
2001-10-16;0.00687464;0.00693437
2001-10-17;-0.01862756;-0.01856784
2001-10-18;-0.00791160;-0.00785269
2001-10-19;0.00449791;0.00455682
2001-10-22;0.01511193;0.01529111
2001-10-23;-0.00475915;-0.00469997
2001-10-24;0.00033963;0.00039799
2001-10-25;0.01366306;0.01372059
2001-10-26;0.00405200;0.00410953
2001-10-29;-0.02391142;-0.02374293
2001-10-30;-0.01717000;-0.01711493
2001-10-31;0.00003695;0.00009201
2001-11-01;0.02300759;0.02306293
2001-11-02;0.00282287;0.00287685
2001-11-05;0.01424368;0.01440560
2001-11-06;0.01447713;0.01452699
2001-11-07;-0.00244569;-0.00239720
2001-11-08;0.00245142;0.00250101
2001-11-09;0.00154969;0.00159901
2001-11-12;-0.00192332;-0.00177537
2001-11-13;0.01866728;0.01871687
2001-11-14;0.00204338;0.00209379
2001-11-15;0.00084908;0.00090059
2001-11-16;-0.00311378;-0.00306145
2001-11-19;0.01074772;0.01090388
2001-11-20;-0.00731055;-0.00725822
2001-11-21;-0.00495228;-0.00489967
2001-11-23;0.01160904;0.01171369
2001-11-26;0.00599613;0.00615558
2001-11-27;-0.00688879;-0.00683728
2001-11-28;-0.01811710;-0.01806669
2001-11-29;0.01040021;0.01044870
2001-11-30;-0.00071612;-0.00066817
2001-12-03;-0.00852384;-0.00838000
2001-12-04;0.01314021;0.01318706
2001-12-05;0.02260510;0.02265277
2001-12-06;-0.00279010;-0.00274297
2001-12-07;-0.00757561;-0.00753013
2001-12-10;-0.01599458;-0.01585650
2001-12-11;-0.00282949;-0.00278483
2001-12-12;0.00038393;0.00042886
2001-12-13;-0.01556738;-0.01552190
2001-12-14;0.00326671;0.00331329
2001-12-17;0.00991808;0.01005863
2001-12-18;0.00751426;0.00756029
2001-12-19;0.00581294;0.00585842
2001-12-20;-0.00828676;-0.00824129
2001-12-21;0.00432066;0.00436669
2001-12-24;-0.00035532;-0.00021642
2001-12-26;0.00402933;0.00412358
2001-12-27;0.00700566;0.00705251
2001-12-28;0.00334703;0.00339333
2001-12-31;-0.01129318;-0.01115263
2002-01-02;0.00578889;0.00588259
2002-01-03;0.00914396;0.00919053
2002-01-04;0.00616421;0.00621051
2002-01-07;-0.00663676;-0.00650032
2002-01-08;-0.00337650;-0.00333129
2002-01-09;-0.00479833;-0.00475312
2002-01-10;0.00119237;0.00123757
2002-01-11;-0.00946389;-0.00942143
2002-01-14;-0.00641273;-0.00628533
2002-01-15;0.00679108;0.00683409
2002-01-16;-0.01620915;-0.01616586
2002-01-17;0.00999772;0.01004183
2002-01-18;-0.00996446;-0.00992090
2002-01-22;-0.00752423;-0.00734231
2002-01-23;0.00788540;0.00793142
2002-01-24;0.00347578;0.00352208
2002-01-25;0.00094705;0.00099336
2002-01-28;-0.00032057;-0.00018085
2002-01-29;-0.02858730;-0.02854100
2002-01-30;0.01183587;0.01188299
2002-01-31;0.01500454;0.01505194
2002-02-01;-0.00712613;-0.00707873
2002-02-04;-0.02487637;-0.02473335
2002-02-05;-0.00405607;-0.00400868
2002-02-06;-0.00591086;-0.00586401
2002-02-07;-0.00293799;-0.00289141
2002-02-08;0.01482110;0.01486768
2002-02-11;0.01424138;0.01438111
2002-02-12;-0.00403577;-0.00398865
2002-02-13;0.01023234;0.01027974
2002-02-14;-0.00178319;-0.00173606
2002-02-15;-0.01102329;-0.01097644
2002-02-19;-0.01904146;-0.01885407
2002-02-20;0.01353377;0.01358117
2002-02-21;-0.01553885;-0.01549145
2002-02-22;0.00818068;0.00822808
2002-02-25;0.01782631;0.01796932
2002-02-26;-0.00001131;0.00003636
2002-02-27;0.00081795;0.00086562
2002-02-28;-0.00286720;-0.00281898
2002-03-01;0.02259532;0.02264299
2002-03-04;0.01936810;0.01951275
2002-03-05;-0.00672014;-0.00667165
2002-03-06;0.01465665;0.01470460
2002-03-07;-0.00451404;-0.00446609
2002-03-08;0.00580226;0.00585075
2002-03-11;0.00324758;0.00339552
2002-03-12;-0.00232748;-0.00227789
2002-03-13;-0.00964884;-0.00959980
2002-03-14;-0.00094614;-0.00089627
2002-03-15;0.01132774;0.01137760
2002-03-18;-0.00065933;-0.00050892
2002-03-19;0.00401802;0.00406788
2002-03-20;-0.01576334;-0.01571375
2002-03-21;0.00148305;0.00153236
2002-03-22;-0.00428548;-0.00423617
2002-03-25;-0.01480500;-0.01465788
2002-03-26;0.00594478;0.00599355
2002-03-27;0.00531308;0.00536184
2002-03-28;0.00240749;0.00245571
2002-04-01;-0.00093863;-0.00074685
2002-04-02;-0.00858188;-0.00853338
2002-04-03;-0.00986741;-0.00981919
2002-04-04;0.00080409;0.00085203
2002-04-05;-0.00323635;-0.00318895
2002-04-08;0.00237037;0.00251174
2002-04-09;-0.00665288;-0.00660631
2002-04-10;0.01132747;0.01137350
2002-04-11;-0.02369290;-0.02364660
2002-04-12;0.00658877;0.00663480
2002-04-15;-0.00775403;-0.00761595
2002-04-16;0.02337332;0.02342017
2002-04-17;-0.00202661;-0.00198003
2002-04-18;-0.00145321;-0.00140691
2002-04-19;0.00057333;0.00061991
2002-04-22;-0.01555515;-0.01541625
2002-04-23;-0.00625179;-0.00620522
2002-04-24;-0.00713705;-0.00709075
2002-04-25;-0.00156065;-0.00151380
2002-04-26;-0.01384482;-0.01379770
2002-04-29;-0.01020729;-0.01006428
2002-04-30;0.01072092;0.01076859
2002-05-01;0.00890123;0.00894890
2002-05-02;-0.00166789;-0.00162022
2002-05-03;-0.01028262;-0.01023523
2002-05-06;-0.01947788;-0.01933568
2002-05-07;-0.00305391;-0.00300651
2002-05-08;0.03759439;0.03764179
2002-05-09;-0.01440263;-0.01435496
2002-05-10;-0.01683476;-0.01678708
2002-05-13;0.01853513;0.01867815
2002-05-14;0.02112166;0.02116961
2002-05-15;-0.00539323;-0.00534583
2002-05-16;0.00654552;0.00659264
2002-05-17;0.00781231;0.00785971
2002-05-20;-0.01344078;-0.01329941
2002-05-21;-0.01102230;-0.01097517
2002-05-22;0.00569791;0.00574476
2002-05-23;0.01014524;0.01019209
2002-05-24;-0.01213243;-0.01208558
2002-05-28;-0.00873976;-0.00855018
2002-05-29;-0.00632246;-0.00627534
2002-05-30;-0.00274330;-0.00269618
2002-05-31;0.00228197;0.00232882
2002-06-03;-0.02492632;-0.02478495
2002-06-04;-0.00003577;0.00001163
2002-06-05;0.00916330;0.00921043
2002-06-06;-0.01976848;-0.01972163
2002-06-07;-0.00161672;-0.00156987
2002-06-10;0.00298686;0.00312823
2002-06-11;-0.01666808;-0.01662096
2002-06-12;0.00668756;0.00673441
2002-06-13;-0.01050977;-0.01046347
2002-06-14;-0.00230194;-0.00225591
2002-06-17;0.02857223;0.02871195
2002-06-18;0.00091014;0.00095672
2002-06-19;-0.01653292;-0.01648689
2002-06-20;-0.01346719;-0.01342061
2002-06-21;-0.01708647;-0.01704017
2002-06-24;0.00347933;0.00361906
2002-06-25;-0.01674473;-0.01669815
2002-06-26;-0.00220532;-0.00215956
2002-06-27;0.01754732;0.01759307
2002-06-28;-0.00087916;-0.00083341
2002-07-01;-0.02152455;-0.02138647
2002-07-02;-0.02106749;-0.02102119
2002-07-03;0.00621774;0.00626404
2002-07-05;0.03664548;0.03673809
2002-07-08;-0.01207261;-0.01193288
2002-07-09;-0.02468738;-0.02464108
2002-07-10;-0.03396417;-0.03391787
2002-07-11;0.00750357;0.00754987
2002-07-12;-0.00649623;-0.00645020
2002-07-15;-0.00390048;-0.00376240
2002-07-16;-0.01842708;-0.01838078
2002-07-17;0.00557336;0.00561966
2002-07-18;-0.02704398;-0.02699768
2002-07-19;-0.03838948;-0.03834346
2002-07-22;-0.03306892;-0.03293084
2002-07-23;-0.02706658;-0.02702083
2002-07-24;0.05728997;0.05733545
2002-07-25;-0.00566064;-0.00561488
2002-07-26;0.01683622;0.01688170
2002-07-29;0.05403668;0.05417559
2002-07-30;0.00427069;0.00431699
2002-07-31;0.00986153;0.00990756
2002-08-01;-0.02945299;-0.02940778
2002-08-02;-0.02311803;-0.02307419
2002-08-05;-0.03440455;-0.03427222
2002-08-06;0.02987611;0.02992050
2002-08-07;0.02015017;0.02019291
2002-08-08;0.03269777;0.03274133
2002-08-09;0.00369641;0.00373997
2002-08-12;-0.00543855;-0.00530376
2002-08-13;-0.02160723;-0.02156339
2002-08-14;0.04022862;0.04027273
2002-08-15;0.01162720;0.01167076
2002-08-16;-0.00152548;-0.00148192
2002-08-19;0.02350739;0.02364136
2002-08-20;-0.01403010;-0.01398654
2002-08-21;0.01278110;0.01282493
2002-08-22;0.01403102;0.01407540
2002-08-23;-0.02270378;-0.02265939
2002-08-26;0.00739048;0.00752528
2002-08-27;-0.01388539;-0.01384018
2002-08-28;-0.01801560;-0.01797067
2002-08-29;-0.00004712;-0.00000192
2002-08-30;-0.00189857;-0.00185309
2002-09-03;-0.04170581;-0.04152937
2002-09-04;0.01782453;0.01786836
2002-09-05;-0.01595999;-0.01591670
2002-09-06;0.01680408;0.01684874
2002-09-09;0.00999220;0.01012864
2002-09-10;0.00728896;0.00733417
2002-09-11;-0.00003197;0.00001351
2002-09-12;-0.02460285;-0.02455737
2002-09-13;0.00323474;0.00328022
2002-09-16;0.00133815;0.00147623
2002-09-17;-0.01977297;-0.01972721
2002-09-18;-0.00461597;-0.00457077
2002-09-19;-0.03007776;-0.03003338
2002-09-20;0.00240698;0.00245137
2002-09-23;-0.01395981;-0.01382666
2002-09-24;-0.01732481;-0.01728043
2002-09-25;0.02506856;0.02511321
2002-09-26;0.01835779;0.01840217
2002-09-27;-0.03228583;-0.03224200
2002-09-30;-0.01473903;-0.01461246
2002-10-01;0.03997976;0.04002250
2002-10-02;-0.02341594;-0.02337347
2002-10-03;-0.01083712;-0.01079493
2002-10-04;-0.02247433;-0.02243104
2002-10-07;-0.01925558;-0.01912407
2002-10-08;0.01725034;0.01729362
2002-10-09;-0.02723070;-0.02718851
2002-10-10;0.03502609;0.03506856
2002-10-11;0.03901294;0.03905541
2002-10-14;0.00719519;0.00732259
2002-10-15;0.04729050;0.04733571
2002-10-16;-0.02407220;-0.02402754
2002-10-17;0.02227382;0.02231875
2002-10-18;0.00586352;0.00590845
2002-10-21;0.01719011;0.01732819
2002-10-22;-0.01067220;-0.01062672
2002-10-23;0.00667944;0.00672465
2002-10-24;-0.01525382;-0.01520944
2002-10-25;0.01712626;0.01717037
2002-10-28;-0.00841133;-0.00828311
2002-10-29;-0.00901824;-0.00897769
2002-10-30;0.00984807;0.00988862
2002-10-31;-0.00541712;-0.00537822
2002-11-01;0.01712385;0.01716248
2002-11-04;0.00808266;0.00819855
2002-11-05;0.00775049;0.00778885
2002-11-06;0.00932416;0.00935731
2002-11-07;-0.02267805;-0.02264517
2002-11-08;-0.00872371;-0.00869083
2002-11-11;-0.02084031;-0.02074168
2002-11-12;0.00772618;0.00775906
2002-11-13;-0.00016921;-0.00013661
2002-11-14;0.02472015;0.02475303
2002-11-15;0.00620549;0.00623837
2002-11-18;-0.01047192;-0.01037247
2002-11-19;-0.00405692;-0.00402431
2002-11-20;0.01945671;0.01948959
2002-11-21;0.02148538;0.02151826
2002-11-22;-0.00346385;-0.00343070
2002-11-25;0.00241056;0.00251083
2002-11-26;-0.02081380;-0.02078092
2002-11-27;0.02803371;0.02806686
2002-11-29;-0.00273433;-0.00266858
2002-12-02;-0.00200171;-0.00190143
2002-12-03;-0.01476569;-0.01473254
2002-12-04;-0.00315398;-0.00312111
2002-12-05;-0.01201768;-0.01198480
2002-12-06;0.00627616;0.00630876
2002-12-09;-0.02226464;-0.02216519
2002-12-10;0.01395084;0.01398344
2002-12-11;0.00073773;0.00077034
2002-12-12;-0.00369990;-0.00366730
2002-12-13;-0.01345656;-0.01342396
2002-12-16;0.02346152;0.02356097
2002-12-17;-0.00815689;-0.00812402
2002-12-18;-0.01310227;-0.01306967
2002-12-19;-0.00753241;-0.00749980
2002-12-20;0.01296685;0.01299945
2002-12-23;0.00172156;0.00181773
2002-12-24;-0.00549446;-0.00546240
2002-12-26;-0.00321151;-0.00314795
2002-12-27;-0.01564638;-0.01561515
2002-12-30;0.00448650;0.00458513
2002-12-31;0.00056818;0.00060106
2003-01-02;0.03322463;0.03329038
2003-01-03;-0.00051056;-0.00047768
2003-01-06;0.02236774;0.02246555
2003-01-07;-0.00652884;-0.00649679
2003-01-08;-0.01380393;-0.01377188
2003-01-09;0.01939945;0.01943178
2003-01-10;-0.00004928;-0.00001695
2003-01-13;-0.00144913;-0.00135132
2003-01-14;0.00579967;0.00583173
2003-01-15;-0.01430553;-0.01427320
2003-01-16;-0.00395875;-0.00392697
2003-01-17;-0.01404274;-0.01401096
2003-01-21;-0.01584363;-0.01571541
2003-01-22;-0.01036084;-0.01032933
2003-01-23;0.01018750;0.01021901
2003-01-24;-0.02925454;-0.02922331
2003-01-27;-0.01626742;-0.01617289
2003-01-28;0.01302702;0.01305880
2003-01-29;0.00692394;0.00695572
2003-01-30;-0.02267320;-0.02264142
2003-01-31;0.01309087;0.01312265
2003-02-03;0.00531360;0.00540894
2003-02-04;-0.01411652;-0.01408528
2003-02-05;-0.00525795;-0.00522617
2003-02-06;-0.00619342;-0.00616191
2003-02-07;-0.01010338;-0.01007188
2003-02-10;0.00749545;0.00758997
2003-02-11;-0.00809694;-0.00806516
2003-02-12;-0.01236123;-0.01232945
2003-02-13;-0.00149582;-0.00146432
2003-02-14;0.02140649;0.02143827
2003-02-18;0.01945381;0.01958203
2003-02-19;-0.00694232;-0.00691054
2003-02-20;-0.00948518;-0.00945312
2003-02-21;0.01319763;0.01322969
2003-02-24;-0.01846957;-0.01837176
2003-02-25;0.00716048;0.00719281
2003-02-26;-0.01276143;-0.01272883
2003-02-27;0.01183963;0.01187223
2003-02-28;0.00461649;0.00464882
2003-03-03;-0.00763347;-0.00753648
2003-03-04;-0.01538463;-0.01535258
2003-03-05;0.00986336;0.00989514
2003-03-06;-0.00928931;-0.00925753
2003-03-07;0.00825323;0.00828337
2003-03-10;-0.02589322;-0.02580609
2003-03-11;-0.00838026;-0.00835067
2003-03-12;0.00470746;0.00473705
2003-03-13;0.03447870;0.03450884
2003-03-14;0.00162938;0.00165979
2003-03-17;0.03536467;0.03545755
2003-03-18;0.00424245;0.00427313
2003-03-19;0.00876114;0.00879237
2003-03-20;0.00187380;0.00190531
2003-03-21;0.02294432;0.02297610
2003-03-24;-0.03532443;-0.03522991
2003-03-25;0.01212565;0.01215743
2003-03-26;-0.00547262;-0.00544084
2003-03-27;-0.00153404;-0.00150281
2003-03-28;-0.00578933;-0.00575865
2003-03-31;-0.01782987;-0.01773782
2003-04-01;0.01211734;0.01214748
2003-04-02;0.02627197;0.02630238
2003-04-03;-0.00506796;-0.00503809
2003-04-04;0.00271689;0.00274675
2003-04-07;0.00115575;0.00125027
2003-04-08;-0.00154768;-0.00151672
2003-04-09;-0.01392330;-0.01389289
2003-04-10;0.00641777;0.00644845
2003-04-11;-0.00371961;-0.00368811
2003-04-14;0.01940326;0.01950024
2003-04-15;0.00634651;0.00637829
2003-04-16;-0.01224564;-0.01221414
2003-04-17;0.01550703;0.01553881
2003-04-21;-0.00189723;-0.00177011
2003-04-22;0.02167398;0.02170576
2003-04-23;0.00837838;0.00840989
2003-04-24;-0.00828393;-0.00825297
2003-04-25;-0.01387085;-0.01384017
2003-04-28;0.01787112;0.01796317
2003-04-29;0.00331095;0.00334190
2003-04-30;-0.00093162;-0.00090121
2003-05-01;-0.00054585;-0.00051626
2003-05-02;0.01502028;0.01505041
2003-05-05;-0.00385459;-0.00376336
2003-05-06;0.00842506;0.00845465
2003-05-07;-0.00498154;-0.00495168
2003-05-08;-0.01006203;-0.01003272
2003-05-09;0.01447757;0.01450743
2003-05-12;0.01247714;0.01256590
2003-05-13;-0.00286929;-0.00283997
2003-05-14;-0.00295744;-0.00292895
2003-05-15;0.00795773;0.00798622
2003-05-16;-0.00242295;-0.00239473
2003-05-19;-0.02498552;-0.02490086
2003-05-20;-0.00116573;-0.00113779
2003-05-21;0.00408144;0.00410993
2003-05-22;0.00911906;0.00914811
2003-05-23;0.00142572;0.00145476
2003-05-27;0.01944479;0.01956205
2003-05-28;0.00194777;0.00197791
2003-05-29;-0.00371455;-0.00368496
2003-05-30;0.01470380;0.01473367
2003-06-02;0.00348050;0.00357255
2003-06-03;0.00468731;0.00471635
2003-06-04;0.01537651;0.01540473
2003-06-05;0.00399144;0.00401939
2003-06-06;-0.00237874;-0.00235052
2003-06-09;-0.01204858;-0.01196557
2003-06-10;0.00911963;0.00914566
2003-06-11;0.01314825;0.01317345
2003-06-12;0.00104843;0.00107308
2003-06-13;-0.00993203;-0.00990901
2003-06-16;0.02234393;0.02241379
2003-06-17;0.00088421;0.00090832
2003-06-18;-0.00150270;-0.00147886
2003-06-19;-0.01524653;-0.01522461
2003-06-20;0.00098417;0.00100636
2003-06-23;-0.01417570;-0.01410748
2003-06-24;0.00182195;0.00184414
2003-06-25;-0.00829743;-0.00827277
2003-06-26;0.01112184;0.01114623
2003-06-27;-0.00973891;-0.00971563
2003-06-30;-0.00184240;-0.00176925
2003-07-01;0.00816876;0.00819259
2003-07-02;0.01164239;0.01166568
2003-07-03;-0.00812198;-0.00809869
2003-07-07;0.01889831;0.01899694
2003-07-08;0.00371722;0.00374188
2003-07-09;-0.00551108;-0.00548697
2003-07-10;-0.01350377;-0.01347994
2003-07-11;0.00957619;0.00960003
2003-07-14;0.00566623;0.00573938
2003-07-15;-0.00345397;-0.00342931
2003-07-16;-0.00635218;-0.00632780
2003-07-17;-0.01236218;-0.01233807
2003-07-18;0.01178137;0.01180575
2003-07-21;-0.01469224;-0.01461744
2003-07-22;0.00947995;0.00950489
2003-07-23;0.00049750;0.00052243
2003-07-24;-0.00711231;-0.00708738
2003-07-25;0.01738392;0.01740885
2003-07-28;-0.00224196;-0.00216388
2003-07-29;-0.00714768;-0.00712111
2003-07-30;-0.00170383;-0.00167753
2003-07-31;0.00306343;0.00308919
2003-08-01;-0.01026911;-0.01024363
2003-08-04;0.00264221;0.00272029
2003-08-05;-0.01765312;-0.01762736
2003-08-06;0.00182469;0.00185017
2003-08-07;0.00729589;0.00732137
2003-08-08;0.00353649;0.00356225
2003-08-11;0.00324255;0.00331981
2003-08-12;0.00993735;0.00996283
2003-08-13;-0.00603393;-0.00600817
2003-08-14;0.00656866;0.00659442
2003-08-15;0.00029991;0.00032539
2003-08-18;0.00912036;0.00919762
2003-08-19;0.00259365;0.00261940
2003-08-20;-0.00198164;-0.00195589
2003-08-21;0.00298458;0.00301061
2003-08-22;-0.01020705;-0.01018075
2003-08-25;0.00056476;0.00064695
2003-08-26;0.00302416;0.00305128
2003-08-27;0.00019953;0.00022638
2003-08-28;0.00609943;0.00612601
2003-08-29;0.00519623;0.00522253
2003-09-02;0.01377620;0.01388141
2003-09-03;0.00445064;0.00447667
2003-09-04;0.00166418;0.00169021
2003-09-05;-0.00641606;-0.00639030
2003-09-08;0.01002249;0.01010057
2003-09-09;-0.00823622;-0.00821046
2003-09-10;-0.01190702;-0.01188127
2003-09-11;0.00571761;0.00574337
2003-09-12;0.00215431;0.00218007
2003-09-15;-0.00380866;-0.00373139
2003-09-16;0.01427312;0.01429805
2003-09-17;-0.00323917;-0.00321369
2003-09-18;0.01324346;0.01326921
2003-09-19;-0.00316095;-0.00313547
2003-09-22;-0.01309523;-0.01301797
2003-09-23;0.00605303;0.00607824
2003-09-24;-0.01912135;-0.01909588
2003-09-25;-0.00587432;-0.00584911
2003-09-26;-0.00624500;-0.00621979
2003-09-29;0.00970187;0.00977996
2003-09-30;-0.01057999;-0.01055451
2003-10-01;0.02240879;0.02243427
2003-10-02;0.00208884;0.00211405
2003-10-03;0.00939029;0.00941550
2003-10-06;0.00428935;0.00436497
2003-10-07;0.00475764;0.00478229
2003-10-08;-0.00492680;-0.00490242
2003-10-09;0.00477189;0.00479627
2003-10-10;-0.00059616;-0.00057151
2003-10-13;0.00694479;0.00701877
2003-10-14;0.00392156;0.00394649
2003-10-15;-0.00241935;-0.00239442
2003-10-16;0.00315985;0.00318478
2003-10-17;-0.01025740;-0.01023247
2003-10-20;0.00507272;0.00514916
2003-10-21;0.00126350;0.00128843
2003-10-22;-0.01491988;-0.01489412
2003-10-23;0.00329614;0.00332189
2003-10-24;-0.00472386;-0.00469838
2003-10-27;0.00207414;0.00215305
2003-10-28;0.01516477;0.01519052
2003-10-29;0.00141760;0.00144335
2003-10-30;-0.00087390;-0.00084815
2003-10-31;0.00358334;0.00360909
2003-11-03;0.00782608;0.00790334
2003-11-04;-0.00545996;-0.00543448
2003-11-05;-0.00120235;-0.00117659
2003-11-06;0.00598981;0.00601557
2003-11-07;-0.00439851;-0.00437276
2003-11-10;-0.00579805;-0.00571996
2003-11-11;-0.00054623;-0.00052020
2003-11-12;0.01180086;0.01182634
2003-11-13;-0.00015038;-0.00012518
2003-11-14;-0.00746268;-0.00743720
2003-11-17;-0.00646930;-0.00639204
2003-11-18;-0.00907331;-0.00904755
2003-11-19;0.00806517;0.00809065
2003-11-20;-0.00842379;-0.00839831
2003-11-21;0.00159996;0.00162517
2003-11-24;0.01614815;0.01622541
2003-11-25;0.00179946;0.00182494
2003-11-26;0.00446656;0.00449176
2003-11-28;-0.00026117;-0.00021131
2003-12-01;0.01122080;0.01129724
2003-12-02;-0.00328458;-0.00325937
2003-12-03;-0.00152607;-0.00150087
2003-12-04;0.00472803;0.00475296
2003-12-05;-0.00768944;-0.00766478
2003-12-08;0.00731193;0.00738672
2003-12-09;-0.00854535;-0.00852042
2003-12-10;-0.00091319;-0.00088826
2003-12-11;0.01157786;0.01160197
2003-12-12;0.00270697;0.00273135
2003-12-15;-0.00572206;-0.00564891
2003-12-16;0.00662470;0.00664908
2003-12-17;0.00133237;0.00135648
2003-12-18;0.01191578;0.01193962
2003-12-19;-0.00047233;-0.00044877
2003-12-22;0.00385010;0.00392325
2003-12-23;0.00279630;0.00282041
2003-12-24;-0.00182723;-0.00180312
2003-12-26;0.00164127;0.00168784
2003-12-29;0.01268732;0.01276047
2003-12-30;0.00023845;0.00026365
2003-12-31;0.00204103;0.00206651
2004-01-02;-0.00306675;-0.00301689
2004-01-05;0.01231173;0.01238571
2004-01-06;0.00132255;0.00134721
2004-01-07;0.00258906;0.00261344
2004-01-08;0.00497878;0.00500234
2004-01-09;-0.00891299;-0.00888970
2004-01-12;0.00473836;0.00481068
2004-01-13;-0.00531120;-0.00528736
2004-01-14;0.00829905;0.00832261
2004-01-15;0.00133736;0.00136093
2004-01-16;0.00684573;0.00686956
2004-01-20;-0.00102927;-0.00093284
2004-01-21;0.00781536;0.00783919
2004-01-22;-0.00321150;-0.00318794
2004-01-23;-0.00210296;-0.00207885
2004-01-26;0.01202479;0.01209794
2004-01-27;-0.00982221;-0.00979782
2004-01-28;-0.01347489;-0.01344968
2004-01-29;0.00522026;0.00524547
2004-01-30;-0.00265769;-0.00263304
2004-02-02;0.00358447;0.00366091
2004-02-03;0.00065410;0.00067930
2004-02-04;-0.00823836;-0.00821316
2004-02-05;0.00183160;0.00185681
2004-02-06;0.01257812;0.01260305
2004-02-09;-0.00246523;-0.00238879
2004-02-10;0.00500813;0.00503361
2004-02-11;0.01100895;0.01103388
2004-02-12;-0.00481708;-0.00479215
2004-02-13;-0.00540369;-0.00537903
2004-02-17;0.00965256;0.00975448
2004-02-18;-0.00435280;-0.00432760
2004-02-19;-0.00411639;-0.00409118
2004-02-20;-0.00258968;-0.00256448
2004-02-23;-0.00277845;-0.00270037
2004-02-24;-0.00169341;-0.00166739
2004-02-25;0.00412494;0.00415070
2004-02-26;0.00134085;0.00136660
2004-02-27;0.00001410;0.00003986
2004-03-01;0.00958377;0.00966185
2004-03-02;-0.00595028;-0.00592425
2004-03-03;0.00192820;0.00195423
2004-03-04;0.00333104;0.00335679
2004-03-05;0.00170548;0.00173096
2004-03-08;-0.00836128;-0.00828320
2004-03-09;-0.00578451;-0.00575876
2004-03-10;-0.01456598;-0.01454023
2004-03-11;-0.01496302;-0.01493699
2004-03-12;0.01243833;0.01246408
2004-03-15;-0.01440680;-0.01432872
2004-03-16;0.00560923;0.00563498
2004-03-17;0.01181040;0.01183560
2004-03-18;-0.00129057;-0.00126536
2004-03-19;-0.01119966;-0.01117446
2004-03-22;-0.01302402;-0.01294676
2004-03-23;-0.00135467;-0.00132919
2004-03-24;-0.00241065;-0.00238544
2004-03-25;0.01633464;0.01635984
2004-03-26;-0.00104278;-0.00101730
2004-03-29;0.01309254;0.01317062
2004-03-30;0.00403374;0.00405949
2004-03-31;-0.00063899;-0.00061351
2004-04-01;0.00526850;0.00529370
2004-04-02;0.00856129;0.00858677
2004-04-05;0.00758479;0.00766123
2004-04-06;-0.00181216;-0.00178695
2004-04-07;-0.00661592;-0.00659044
2004-04-08;-0.00109163;-0.00106642
2004-04-12;0.00507492;0.00517684
2004-04-13;-0.01374373;-0.01371825
2004-04-14;-0.00112671;-0.00110096
2004-04-15;0.00056504;0.00059052
2004-04-16;0.00509024;0.00511544
2004-04-19;0.00098612;0.00106420
2004-04-20;-0.01558604;-0.01555974
2004-04-21;0.00535095;0.00537780
2004-04-22;0.01411988;0.01414591
2004-04-23;0.00056402;0.00059032
2004-04-26;-0.00452246;-0.00444191
2004-04-27;0.00224751;0.00227409
2004-04-28;-0.01368318;-0.01365688
2004-04-29;-0.00734176;-0.00731573
2004-04-30;-0.00593339;-0.00590709
2004-05-03;0.00911565;0.00919702
2004-05-04;0.00182523;0.00185235
2004-05-05;0.00188932;0.00191589
2004-05-06;-0.00665229;-0.00662544
2004-05-07;-0.01375755;-0.01372879
2004-05-10;-0.01059416;-0.01050622
2004-05-11;0.00784232;0.00787081
2004-05-12;0.00196648;0.00199443
2004-05-13;-0.00071151;-0.00068466
2004-05-14;-0.00060611;-0.00057954
2004-05-17;-0.01058848;-0.01050217
2004-05-18;0.00682161;0.00685011
2004-05-19;-0.00243140;-0.00240345
2004-05-20;0.00045187;0.00047955
2004-05-21;0.00398901;0.00401668
2004-05-24;0.00160648;0.00169360
2004-05-25;0.01607622;0.01610526
2004-05-26;0.00181598;0.00184502
2004-05-27;0.00576267;0.00579117
2004-05-28;-0.00054685;-0.00051780
2004-06-01;0.00033387;0.00045990
2004-06-02;0.00366900;0.00370050
2004-06-03;-0.00743514;-0.00740364
2004-06-04;0.00523555;0.00526788
2004-06-07;0.01589237;0.01599347
2004-06-08;0.00159225;0.00162649
2004-06-09;-0.00946322;-0.00942897
2004-06-10;0.00455635;0.00459114
2004-06-14;-0.00974805;-0.00959463
2004-06-15;0.00595588;0.00599204
2004-06-16;0.00135047;0.00138554
2004-06-17;-0.00136172;-0.00132747
2004-06-18;0.00258815;0.00262268
2004-06-21;-0.00426546;-0.00415697
2004-06-22;0.00362571;0.00366133
2004-06-23;0.00847367;0.00850847
2004-06-24;-0.00281760;-0.00278308
2004-06-25;-0.00548372;-0.00544865
2004-06-28;-0.00090846;-0.00079668
2004-06-29;0.00249739;0.00253465
2004-06-30;0.00414321;0.00417910
2004-07-01;-0.01033959;-0.01030671
2004-07-02;-0.00316636;-0.00313156
2004-07-06;-0.00829684;-0.00815218
2004-07-07;0.00210564;0.00214071
2004-07-08;-0.00821785;-0.00818360
2004-07-09;0.00335047;0.00338472
2004-07-12;0.00129565;0.00140414
2004-07-13;0.00071158;0.00074775
2004-07-14;-0.00329029;-0.00325413
2004-07-15;-0.00433963;-0.00430347
2004-07-16;-0.00480618;-0.00477002
2004-07-19;-0.00055902;-0.00044970
2004-07-20;0.00701218;0.00704889
2004-07-21;-0.01329394;-0.01325750
2004-07-22;0.00268659;0.00272330
2004-07-23;-0.00972769;-0.00969070
2004-07-26;-0.00208625;-0.00196872
2004-07-27;0.00988672;0.00992617
2004-07-28;0.00068456;0.00072374
2004-07-29;0.00482438;0.00486328
2004-07-30;0.00113721;0.00117611
2004-08-02;0.00432044;0.00444209
2004-08-03;-0.00629774;-0.00625774
2004-08-04;-0.00083190;-0.00079190
2004-08-05;-0.01632330;-0.01628357
2004-08-06;-0.01546776;-0.01542913
2004-08-09;0.00107708;0.00119955
2004-08-10;0.01294513;0.01298567
2004-08-11;-0.00250569;-0.00246678
2004-08-12;-0.01168934;-0.01165071
2004-08-13;0.00154751;0.00158614
2004-08-16;0.01356386;0.01368468
2004-08-17;0.00223832;0.00227832
2004-08-18;0.01258680;0.01262680
2004-08-19;-0.00360043;-0.00356070
2004-08-20;0.00647994;0.00651994
2004-08-23;-0.00246951;-0.00234458
2004-08-24;0.00043891;0.00048055
2004-08-25;0.00801228;0.00805392
2004-08-26;0.00007297;0.00011461
2004-08-27;0.00250111;0.00254303
2004-08-30;-0.00781308;-0.00768239
2004-08-31;0.00460901;0.00465203
2004-09-01;0.00179016;0.00183263
2004-09-02;0.01117492;0.01121793
2004-09-03;-0.00421918;-0.00417479
2004-09-07;0.00674585;0.00692558
2004-09-08;-0.00435277;-0.00430838
2004-09-09;0.00185265;0.00189675
2004-09-10;0.00491210;0.00495676
2004-09-13;0.00182350;0.00195829
2004-09-14;0.00219021;0.00223487
2004-09-15;-0.00707820;-0.00703327
2004-09-16;0.00278077;0.00282571
2004-09-17;0.00445265;0.00449868
2004-09-20;-0.00576551;-0.00562579
2004-09-21;0.00629120;0.00633750
2004-09-22;-0.01396555;-0.01391953
2004-09-23;-0.00451584;-0.00446954
2004-09-24;0.00152677;0.00157335
2004-09-27;-0.00607860;-0.00593723
2004-09-28;0.00605357;0.00609987
2004-09-29;0.00432208;0.00436838
2004-09-30;-0.00023608;-0.00019005
2004-10-01;0.01513309;0.01517884
2004-10-04;0.00320962;0.00334853
2004-10-05;-0.00064982;-0.00060379
2004-10-06;0.00695228;0.00699830
2004-10-07;-0.00996578;-0.00992003
2004-10-08;-0.00756525;-0.00751950
2004-10-11;0.00186360;0.00200086
2004-10-12;-0.00231542;-0.00226912
2004-10-13;-0.00724502;-0.00719872
2004-10-14;-0.00934979;-0.00930294
2004-10-15;0.00440613;0.00445326
2004-10-18;0.00510699;0.00525329
2004-10-19;-0.00973719;-0.00968815
2004-10-20;0.00040867;0.00045771
2004-10-21;0.00256413;0.00261372
2004-10-22;-0.00977193;-0.00972234
2004-10-25;-0.00100469;-0.00085099
2004-10-26;0.01482172;0.01487323
2004-10-27;0.01299135;0.01304286
2004-10-28;0.00207296;0.00212420
2004-10-29;0.00240407;0.00245531
2004-11-01;0.00010816;0.00026926
2004-11-02;-0.00002518;0.00002797
2004-11-03;0.01133710;0.01138970
2004-11-04;0.01614850;0.01620165
2004-11-05;0.00383973;0.00389425
2004-11-08;-0.00118713;-0.00101946
2004-11-09;-0.00035353;-0.00029764
2004-11-10;-0.00087564;-0.00081975
2004-11-11;0.00902693;0.00908282
2004-11-12;0.00915223;0.00920812
2004-11-15;-0.00037134;-0.00019956
2004-11-16;-0.00705493;-0.00699740
2004-11-17;0.00559615;0.00565341
2004-11-18;0.00131102;0.00136828
2004-11-19;-0.01118849;-0.01113096
2004-11-22;0.00573213;0.00590967
2004-11-23;-0.00029009;-0.00023118
2004-11-24;0.00409009;0.00414872
2004-11-26;0.00075703;0.00087539
2004-11-29;-0.00346650;-0.00328568
2004-11-30;-0.00407373;-0.00401373
2004-12-01;0.01520558;0.01526530
2004-12-02;-0.00092757;-0.00086784
2004-12-03;0.00065236;0.00071181
2004-12-06;-0.00092408;-0.00074162
2004-12-07;-0.01110289;-0.01104235
2004-12-08;0.00504137;0.00510164
2004-12-09;0.00540867;0.00546895
2004-12-10;-0.00110534;-0.00104479
2004-12-13;0.00890759;0.00908923
2004-12-14;0.00385730;0.00391703
2004-12-15;0.00197166;0.00203111
2004-12-16;-0.00209000;-0.00203083
2004-12-17;-0.00752115;-0.00746197
2004-12-20;0.00019795;0.00037795
2004-12-21;0.00899739;0.00905684
2004-12-22;0.00370120;0.00376011
2004-12-23;0.00040140;0.00046031
2004-12-27;-0.00455599;-0.00431051
2004-12-28;0.00710424;0.00716506
2004-12-29;0.00001024;0.00007024
2004-12-30;0.00008821;0.00014794
2004-12-31;-0.00141016;-0.00135043
2005-01-03;-0.00830156;-0.00811334
2005-01-04;-0.01163942;-0.01157641
2005-01-05;-0.00359580;-0.00353306
2005-01-06;0.00366725;0.00372945
2005-01-07;-0.00148678;-0.00142431
2005-01-10;0.00323610;0.00342761
2005-01-11;-0.00609404;-0.00603075
2005-01-12;0.00403746;0.00410048
2005-01-13;-0.00870114;-0.00863785
2005-01-14;0.00593630;0.00599987
2005-01-18;0.00942699;0.00968562
2005-01-19;-0.00949717;-0.00943333
2005-01-20;-0.00783102;-0.00776773
2005-01-21;-0.00646618;-0.00640289
2005-01-24;-0.00371306;-0.00352073
2005-01-25;0.00393497;0.00399963
2005-01-26;0.00481148;0.00487641
2005-01-27;0.00042524;0.00049100
2005-01-28;-0.00271463;-0.00264860
2005-01-31;0.00824552;0.00844935
2005-02-01;0.00682802;0.00689569
2005-02-02;0.00323397;0.00330164
2005-02-03;-0.00253264;-0.00246579
2005-02-04;0.01098698;0.01105355
2005-02-07;-0.00127174;-0.00106791
2005-02-08;0.00062407;0.00069201
2005-02-09;-0.00839099;-0.00832332
2005-02-10;0.00417114;0.00423881
2005-02-11;0.00708368;0.00715217
2005-02-14;0.00058754;0.00079713
2005-02-15;0.00331544;0.00338531
2005-02-16;0.00022304;0.00029235
2005-02-17;-0.00794206;-0.00787274
2005-02-18;0.00062169;0.00069182
2005-02-22;-0.01477049;-0.01448227
2005-02-23;0.00559895;0.00567100
2005-02-24;0.00815022;0.00822255
2005-02-25;0.00934061;0.00941431
2005-02-28;-0.00662561;-0.00640205
2005-03-01;0.00559176;0.00566573
2005-03-02;-0.00000323;0.00007019
2005-03-03;0.00025136;0.00032533
2005-03-04;0.00955533;0.00962930
2005-03-07;0.00241858;0.00264132
2005-03-08;-0.00477546;-0.00470149
2005-03-09;-0.01016328;-0.01008931
2005-03-10;0.00182010;0.00189380
2005-03-11;-0.00739472;-0.00732075
2005-03-14;0.00543057;0.00565660
2005-03-15;-0.00759752;-0.00752218
2005-03-16;-0.00806305;-0.00798798
2005-03-17;0.00172982;0.00180461
2005-03-18;-0.00054498;-0.00046964
2005-03-21;-0.00516339;-0.00493325
2005-03-22;-0.01024954;-0.01017200
2005-03-23;0.00063769;0.00071358
2005-03-24;-0.00102759;-0.00095142
2005-03-28;0.00213130;0.00243705
2005-03-29;-0.00747432;-0.00739816
2005-03-30;0.01381795;0.01389384
2005-03-31;-0.00075772;-0.00068293
2005-04-01;-0.00657370;-0.00649863
2005-04-04;0.00261483;0.00284086
2005-04-05;0.00442020;0.00449527
2005-04-06;0.00240352;0.00247777
2005-04-07;0.00595772;0.00603196
2005-04-08;-0.00842060;-0.00834580
2005-04-11;-0.00020580;0.00001694
2005-04-12;0.00552932;0.00560357
2005-04-13;-0.01173833;-0.01166381
2005-04-14;-0.01007775;-0.01000323
2005-04-15;-0.01679287;-0.01671808
2005-04-18;0.00269797;0.00293221
2005-04-19;0.00586058;0.00593866
2005-04-20;-0.01326747;-0.01319048
2005-04-21;0.01967061;0.01974787
2005-04-22;-0.00678661;-0.00670798
2005-04-25;0.00842204;0.00865875
2005-04-26;-0.00899896;-0.00892061
2005-04-27;0.00406227;0.00413981
2005-04-28;-0.01113229;-0.01105503
2005-04-29;0.01184672;0.01192453
2005-05-02;0.00435380;0.00459051
2005-05-03;-0.00093281;-0.00085473
2005-05-04;0.01259159;0.01266857
2005-05-05;-0.00261154;-0.00253620
2005-05-06;-0.00111776;-0.00104104
2005-05-09;0.00617189;0.00640696
2005-05-10;-0.01076195;-0.01068414
2005-05-11;0.00462817;0.00470515
2005-05-12;-0.01000342;-0.00992616
2005-05-13;-0.00454406;-0.00446844
2005-05-16;0.00995704;0.01019046
2005-05-17;0.00701310;0.00709036
2005-05-18;0.01012592;0.01020263
2005-05-19;0.00458548;0.00466247
2005-05-20;-0.00158960;-0.00151207
2005-05-23;0.00361768;0.00385686
2005-05-24;0.00010961;0.00018851
2005-05-25;-0.00343533;-0.00335616
2005-05-26;0.00643673;0.00651563
2005-05-27;0.00099599;0.00107545
2005-05-31;-0.00639566;-0.00607456
2005-06-01;0.00928182;0.00936155
2005-06-02;0.00160804;0.00168777
2005-06-03;-0.00694079;-0.00686024
2005-06-06;0.00104158;0.00128487
2005-06-07;-0.00022251;-0.00014142
2005-06-08;-0.00208648;-0.00200539
2005-06-09;0.00518538;0.00526565
2005-06-10;-0.00242432;-0.00234377
2005-06-13;0.00229264;0.00253675
2005-06-14;0.00250893;0.00258975
2005-06-15;0.00216413;0.00224467
2005-06-16;0.00355466;0.00363439
2005-06-17;0.00488127;0.00496127
2005-06-20;-0.00095692;-0.00071363
2005-06-21;-0.00211480;-0.00203370
2005-06-22;0.00015882;0.00024019
2005-06-23;-0.01070684;-0.01062465
2005-06-24;-0.00771328;-0.00763054
2005-06-27;-0.00099932;-0.00074534
2005-06-28;0.00923272;0.00931710
2005-06-29;-0.00138570;-0.00130187
2005-06-30;-0.00717247;-0.00708863
2005-07-01;0.00263586;0.00272079
2005-07-05;0.00849144;0.00883665
2005-07-06;-0.00818961;-0.00810413
2005-07-07;0.00242619;0.00251057
2005-07-08;0.01159202;0.01167695
2005-07-11;0.00600722;0.00626448
2005-07-12;0.00223164;0.00231767
2005-07-13;0.00091061;0.00099691
2005-07-14;0.00253967;0.00262625
2005-07-15;0.00106932;0.00115645
2005-07-18;-0.00580105;-0.00553557
2005-07-19;0.00663880;0.00672756
2005-07-20;0.00476562;0.00485411
2005-07-21;-0.00668971;-0.00660012
2005-07-22;0.00534848;0.00543889
2005-07-25;-0.00404529;-0.00376830
2005-07-26;0.00163704;0.00172910
2005-07-27;0.00460881;0.00470004
2005-07-28;0.00579453;0.00588576
2005-07-29;-0.00774227;-0.00765077
2005-08-01;0.00066462;0.00094489
2005-08-02;0.00700076;0.00709418
2005-08-03;0.00085925;0.00095185
2005-08-04;-0.00746072;-0.00736785
2005-08-05;-0.00770550;-0.00761126
2005-08-08;-0.00291025;-0.00262505
2005-08-09;0.00665452;0.00674876
2005-08-10;-0.00150300;-0.00140903
2005-08-11;0.00709590;0.00718987
2005-08-12;-0.00607971;-0.00598546
2005-08-15;0.00267010;0.00295531
2005-08-16;-0.01185742;-0.01176262
2005-08-17;0.00090329;0.00099754
2005-08-18;-0.00103952;-0.00094582
2005-08-19;0.00055918;0.00065343
2005-08-22;0.00136353;0.00164791
2005-08-23;-0.00348032;-0.00338552
2005-08-24;-0.00659687;-0.00650235
2005-08-25;0.00223652;0.00233132
2005-08-26;-0.00610316;-0.00600809
2005-08-29;0.00580674;0.00609194
2005-08-30;-0.00316551;-0.00307072
2005-08-31;0.01009674;0.01019098
2005-09-01;0.00093520;0.00102835
2005-09-02;-0.00298609;-0.00289349
2005-09-06;0.01226812;0.01264620
2005-09-07;0.00247715;0.00257058
2005-09-08;-0.00386053;-0.00376738
2005-09-09;0.00786362;0.00795705
2005-09-12;-0.00097954;-0.00069680
2005-09-13;-0.00737481;-0.00728166
2005-09-14;-0.00334987;-0.00325809
2005-09-15;0.00040417;0.00049650
2005-09-16;0.00821624;0.00830994
2005-09-19;-0.00586320;-0.00557470
2005-09-20;-0.00795098;-0.00785399
2005-09-21;-0.00918879;-0.00909728
2005-09-22;0.00377779;0.00387067
2005-09-23;0.00045212;0.00054527
2005-09-26;-0.00001123;0.00027316
2005-09-27;-0.00005188;0.00004182
2005-09-28;0.00110250;0.00119537
2005-09-29;0.00880397;0.00889877
2005-09-30;0.00082853;0.00092360
2005-10-03;-0.00200544;-0.00171448
2005-10-04;-0.00996284;-0.00986558
2005-10-05;-0.01462767;-0.01453178
2005-10-06;-0.00418407;-0.00408763
2005-10-07;0.00361896;0.00371595
2005-10-10;-0.00746611;-0.00717515
2005-10-11;-0.00210438;-0.00200438
2005-10-12;-0.00605328;-0.00595410
2005-10-13;-0.00080133;-0.00070106
2005-10-14;0.00816280;0.00826390
2005-10-17;0.00266060;0.00297129
2005-10-18;-0.01015358;-0.01005029
2005-10-19;0.01493718;0.01504046
2005-10-20;-0.01509097;-0.01498795
2005-10-21;0.00142240;0.00152569
2005-10-24;0.01648479;0.01680040
2005-10-25;-0.00248176;-0.00237656
2005-10-26;-0.00440081;-0.00429643
2005-10-27;-0.01044255;-0.01033871
2005-10-28;0.01653157;0.01663650
2005-10-31;0.00684127;0.00716100
2005-11-01;-0.00362183;-0.00351580
2005-11-02;0.01000236;0.01010784
2005-11-03;0.00449808;0.00460356
2005-11-04;0.00005493;0.00016123
2005-11-07;0.00191088;0.00222896
2005-11-08;-0.00307550;-0.00296947
2005-11-09;0.00163245;0.00173929
2005-11-10;0.00852839;0.00863469
2005-11-11;0.00293987;0.00304617
2005-11-14;-0.00103210;-0.00070909
2005-11-15;-0.00385411;-0.00374671
2005-11-16;0.00188095;0.00198807
2005-11-17;0.00932033;0.00942773
2005-11-18;0.00442311;0.00453023
2005-11-21;0.00494891;0.00527028
2005-11-22;0.00503034;0.00513555
2005-11-23;0.00342762;0.00353338
2005-11-25;0.00188894;0.00210045
2005-11-28;-0.00870404;-0.00838431
2005-11-29;0.00008641;0.00019299
2005-11-30;-0.00614325;-0.00603750
2005-12-01;0.01205214;0.01215844
2005-12-02;0.00022104;0.00032789
2005-12-05;-0.00265397;-0.00232931
2005-12-06;0.00118549;0.00129370
2005-12-07;-0.00492942;-0.00482147
2005-12-08;-0.00122337;-0.00111789
2005-12-09;0.00271200;0.00281748
2005-12-12;0.00055705;0.00087185
2005-12-13;0.00551641;0.00562134
2005-12-14;0.00414369;0.00424807
2005-12-15;-0.00145367;-0.00134846
2005-12-16;-0.00294441;-0.00283920
2005-12-19;-0.00616760;-0.00584788
2005-12-20;-0.00031828;-0.00021198
2005-12-21;0.00243350;0.00254035
2005-12-22;0.00435016;0.00445673
2005-12-23;0.00045978;0.00056663
2005-12-27;-0.00998544;-0.00955804
2005-12-28;0.00137106;0.00147708
2005-12-29;-0.00302091;-0.00291351
2005-12-30;-0.00499211;-0.00488279
2006-01-03;0.01597691;0.01642294
2006-01-04;0.00375792;0.00386997
2006-01-05;-0.00008829;0.00002404
2006-01-06;0.00952994;0.00964282
2006-01-09;0.00330946;0.00364974
2006-01-10;-0.00042407;-0.00030927
2006-01-11;0.00348532;0.00360038
2006-01-12;-0.00638745;-0.00627183
2006-01-13;0.00109476;0.00121065
2006-01-17;-0.00410488;-0.00363584
2006-01-18;-0.00390910;-0.00379266
2006-01-19;0.00544981;0.00556625
2006-01-20;-0.01843731;-0.01832087
2006-01-23;0.00150697;0.00185876
2006-01-24;0.00230067;0.00241848
2006-01-25;-0.00182037;-0.00170201
2006-01-26;0.00713517;0.00725407
2006-01-27;0.00774674;0.00786565
2006-01-30;0.00082807;0.00118807
2006-01-31;-0.00409459;-0.00397486
2006-02-01;0.00184953;0.00196926
2006-02-02;-0.00891783;-0.00879811
2006-02-03;-0.00540567;-0.00528594
2006-02-06;0.00043863;0.00079863
2006-02-07;-0.00819092;-0.00807064
2006-02-08;0.00895897;0.00907952
2006-02-09;-0.00155143;-0.00143061
2006-02-10;0.00243560;0.00255670
2006-02-13;-0.00348609;-0.00312034
2006-02-14;0.01003280;0.01015472
2006-02-15;0.00361585;0.00373749
2006-02-16;0.00728102;0.00740267
2006-02-17;-0.00177541;-0.00165404
2006-02-21;-0.00376517;-0.00327640
2006-02-22;0.00748853;0.00761072
2006-02-23;-0.00363950;-0.00351676
2006-02-24;0.00129313;0.00141614
2006-02-27;0.00342697;0.00379766
2006-02-28;-0.01050957;-0.01038601
2006-03-01;0.00840743;0.00853044
2006-03-02;-0.00174274;-0.00161945
2006-03-03;-0.00158692;-0.00146364
2006-03-06;-0.00730509;-0.00693605
2006-03-07;-0.00193918;-0.00181616
2006-03-08;0.00219402;0.00231648
2006-03-09;-0.00498770;-0.00486496
2006-03-10;0.00722572;0.00734901
2006-03-13;0.00191635;0.00228621
2006-03-14;0.01026814;0.01039088
2006-03-15;0.00421317;0.00433673
2006-03-16;0.00166844;0.00179173
2006-03-17;0.00135198;0.00147582
2006-03-20;-0.00203658;-0.00166261
2006-03-21;-0.00612995;-0.00600474
2006-03-22;0.00591195;0.00603716
2006-03-23;-0.00270426;-0.00257960
2006-03-24;0.00085990;0.00098428
2006-03-27;-0.00141219;-0.00104150
2006-03-28;-0.00655940;-0.00643529
2006-03-29;0.00753053;0.00765409
2006-03-30;-0.00210044;-0.00197715
2006-03-31;-0.00428651;-0.00416268
2006-04-03;0.00193299;0.00230697
2006-04-04;0.00623240;0.00635733
2006-04-05;0.00427762;0.00440228
2006-04-06;-0.00180254;-0.00167761
2006-04-07;-0.01046448;-0.01033928
2006-04-10;0.00049629;0.00087273
2006-04-11;-0.00769197;-0.00756649
2006-04-12;0.00108418;0.00120966
2006-04-13;0.00064871;0.00077419
2006-04-17;-0.00345164;-0.00294643
2006-04-18;0.01723394;0.01736024
2006-04-19;0.00171266;0.00183896
2006-04-20;0.00107168;0.00119798
2006-04-21;-0.00024911;-0.00012227
2006-04-24;-0.00278934;-0.00240797
2006-04-25;-0.00500117;-0.00487322
2006-04-26;0.00279005;0.00291800
2006-04-27;0.00344671;0.00357439
2006-04-28;0.00057336;0.00070076
2006-05-01;-0.00452489;-0.00413859
2006-05-02;0.00601398;0.00614248
2006-05-03;-0.00402507;-0.00389630
2006-05-04;0.00327192;0.00340014
2006-05-05;0.01018613;0.01031490
2006-05-08;-0.00113972;-0.00074931
2006-05-09;0.00024469;0.00037510
2006-05-10;-0.00142659;-0.00129618
2006-05-11;-0.01275736;-0.01262859
2006-05-12;-0.01134035;-0.01121103
2006-05-15;0.00223909;0.00262868
2006-05-16;-0.00198746;-0.00185842
2006-05-17;-0.01670285;-0.01657381
2006-05-18;-0.00677634;-0.00664729
2006-05-19;0.00400494;0.00413371
2006-05-22;-0.00430425;-0.00391712
2006-05-23;-0.00446884;-0.00433952
2006-05-24;0.00148864;0.00161741
2006-05-25;0.01136357;0.01149234
2006-05-26;0.00572073;0.00585005
2006-05-30;-0.01630251;-0.01578525
2006-05-31;0.00836782;0.00849768
2006-06-01;0.01219598;0.01232502
2006-06-02;0.00182339;0.00195188
2006-06-05;-0.01815320;-0.01776443
2006-06-06;-0.00122030;-0.00109043
2006-06-07;-0.00602656;-0.00589669
2006-06-08;0.00134021;0.00147008
2006-06-09;-0.00460409;-0.00447395
2006-06-12;-0.01307119;-0.01267584
2006-06-13;-0.01014952;-0.01001883
2006-06-14;0.00508990;0.00522059
2006-06-15;0.02112450;0.02125382
2006-06-16;-0.00380530;-0.00367517
2006-06-19;-0.00951333;-0.00911799
2006-06-20;-0.00012814;0.00000337
2006-06-21;0.00963891;0.00977014
2006-06-22;-0.00517863;-0.00504740
2006-06-23;-0.00100775;-0.00087515
2006-06-26;0.00445558;0.00485915
2006-06-27;-0.00921162;-0.00907682
2006-06-28;0.00554320;0.00567690
2006-06-29;0.02147870;0.02161240
2006-06-30;-0.00222480;-0.00209137
2006-07-03;0.00755963;0.00796731
2006-07-05;-0.00740353;-0.00713613
2006-07-06;0.00262161;0.00275503
2006-07-07;-0.00689369;-0.00675972
2006-07-10;0.00107397;0.00147918
2006-07-11;0.00401700;0.00415179
2006-07-12;-0.01096192;-0.01082686
2006-07-13;-0.01308259;-0.01294779
2006-07-14;-0.00503758;-0.00490251
2006-07-17;-0.00179717;-0.00138785
2006-07-18;0.00180190;0.00193888
2006-07-19;0.01852286;0.01865930
2006-07-20;-0.00861660;-0.00848099
2006-07-21;-0.00720124;-0.00706535
2006-07-24;0.01624063;0.01664913
2006-07-25;0.00618344;0.00632043
2006-07-26;-0.00050974;-0.00037330
2006-07-27;-0.00408037;-0.00394421
2006-07-28;0.01205761;0.01219295
2006-07-31;-0.00187802;-0.00146952
2006-08-01;-0.00463889;-0.00450217
2006-08-02;0.00601982;0.00615598
2006-08-03;0.00151451;0.00165095
2006-08-04;-0.00083260;-0.00069671
2006-08-07;-0.00318678;-0.00277664
2006-08-08;-0.00342420;-0.00328804
2006-08-09;-0.00421087;-0.00407553
2006-08-10;0.00467143;0.00480622
2006-08-11;-0.00398181;-0.00384647
2006-08-14;0.00080694;0.00121707
2006-08-15;0.01365218;0.01378834
2006-08-16;0.00776713;0.00790248
2006-08-17;0.00149119;0.00162708
2006-08-18;0.00358289;0.00371905
2006-08-21;-0.00408713;-0.00367782
2006-08-22;0.00086388;0.00100004
2006-08-23;-0.00453900;-0.00440310
2006-08-24;0.00225692;0.00239281
2006-08-25;-0.00078349;-0.00064705
2006-08-28;0.00475518;0.00516368
2006-08-29;0.00194497;0.00208031
2006-08-30;0.00029890;0.00043369
2006-08-31;-0.00111703;-0.00098223
2006-09-01;0.00000000;0.00013397
2006-09-05;0.00000000;0.00053370
2006-09-06;0.00000000;0.00013260
2006-09-07;0.00000000;0.00013260
2006-09-08;0.00000000;0.00013151
2006-09-11;0.00000000;0.00039534
2006-09-12;0.00000000;0.00013096
2006-09-13;0.00000000;0.00013123
2006-09-14;0.00000000;0.00013205
2006-09-15;0.00000000;0.00013233
2006-09-18;0.00000000;0.00039616
2006-09-19;0.00000000;0.00013205
2006-09-20;0.00000000;0.00013178
2006-09-21;0.00000000;0.00013123
2006-09-22;0.00000000;0.00013151
2006-09-25;0.00000000;0.00039123
2006-09-26;0.00000000;0.00013041
2006-09-27;0.00000000;0.00013041
2006-09-28;0.00000000;0.00013014
2006-09-29;0.00000000;0.00013068
2006-10-02;0.00000000;0.00039123
2006-10-03;0.00000000;0.00013096
2006-10-04;0.00000000;0.00013151
2006-10-05;0.00000000;0.00013178
2006-10-06;0.00000000;0.00013205
2006-10-09;0.00000000;0.00039616
2006-10-10;0.00000000;0.00013342
2006-10-11;0.00000000;0.00013397
2006-10-12;0.00000000;0.00013507
2006-10-13;0.00000000;0.00013479
2006-10-16;0.00000000;0.00040767
2006-10-17;0.00000000;0.00013589
2006-10-18;0.00000000;0.00013589
2006-10-19;0.00000000;0.00013616
2006-10-20;0.00000000;0.00013589
2006-10-23;0.00000000;0.00041014
2006-10-24;0.00000000;0.00013699
2006-10-25;0.00000000;0.00013671
2006-10-26;0.00000000;0.00013671
2006-10-27;0.00000000;0.00013644
2006-10-30;0.00000000;0.00040849
2006-10-31;0.00000000;0.00013562
2006-11-01;0.00000000;0.00013534
2006-11-02;0.00000000;0.00013534
2006-11-03;0.00000000;0.00013589
2006-11-06;0.00000000;0.00040767
2006-11-07;0.00000000;0.00013562
2006-11-08;0.00000000;0.00013616
2006-11-09;0.00000000;0.00013589
2006-11-10;0.00000000;0.00013616
2006-11-13;0.00000000;0.00040767
2006-11-14;0.00000000;0.00013589
2006-11-15;0.00000000;0.00013589
2006-11-16;0.00000000;0.00013589
2006-11-17;0.00000000;0.00013589
2006-11-20;0.00000000;0.00040685
2006-11-21;0.00000000;0.00013534
2006-11-22;0.00000000;0.00013479
2006-11-24;0.00000000;0.00026904
2006-11-27;0.00000000;0.00040438
2006-11-28;0.00000000;0.00013452
2006-11-29;0.00000000;0.00013452
2006-11-30;0.00000000;0.00013425
2006-12-01;0.00000000;0.00013425
2006-12-04;0.00000000;0.00040110
2006-12-05;0.00000000;0.00013315
2006-12-06;0.00000000;0.00013315
2006-12-07;0.00000000;0.00013288
2006-12-08;0.00000000;0.00013260
2006-12-11;0.00000000;0.00039534
2006-12-12;0.00000000;0.00013178
2006-12-13;0.00000000;0.00013205
2006-12-14;0.00000000;0.00013233
2006-12-15;0.00000000;0.00013123
2006-12-18;0.00000000;0.00039781
2006-12-19;0.00000000;0.00013260
2006-12-20;0.00000000;0.00013260
2006-12-21;0.00000000;0.00013260
2006-12-22;0.00000000;0.00013315
2006-12-26;0.00000000;0.00053370
2006-12-27;0.00000000;0.00013288
2006-12-28;0.00000000;0.00013342
2006-12-29;0.00000000;0.00013397
2007-01-03;0.00000000;0.00067397
2007-01-04;0.00000000;0.00013452
2007-01-05;0.00000000;0.00013479
2007-01-08;0.00000000;0.00040685
2007-01-09;0.00000000;0.00013562
2007-01-10;0.00000000;0.00013589
2007-01-11;0.00000000;0.00013644
2007-01-12;0.00000000;0.00013589
2007-01-16;0.00000000;0.00054575
2007-01-17;0.00000000;0.00013671
2007-01-18;0.00000000;0.00013671
2007-01-19;0.00000000;0.00013726
2007-01-22;0.00000000;0.00041096
2007-01-23;0.00000000;0.00013726
2007-01-24;0.00000000;0.00013699
2007-01-25;0.00000000;0.00013726
2007-01-26;0.00000000;0.00013699
2007-01-29;0.00000000;0.00041178
2007-01-30;0.00000000;0.00013699
2007-01-31;0.00000000;0.00013671
2007-02-01;0.00000000;0.00013699
2007-02-02;0.00000000;0.00013726
2007-02-05;0.00000000;0.00041260
2007-02-06;0.00000000;0.00013726
2007-02-07;0.00000000;0.00013753
2007-02-08;0.00000000;0.00013781
2007-02-09;0.00000000;0.00013753
2007-02-12;0.00000000;0.00041425
2007-02-13;0.00000000;0.00013781
2007-02-14;0.00000000;0.00013753
2007-02-15;0.00000000;0.00013781
2007-02-16;0.00000000;0.00013808
2007-02-20;0.00000000;0.00055342
2007-02-21;0.00000000;0.00013808
2007-02-22;0.00000000;0.00013836
2007-02-23;0.00000000;0.00013836
2007-02-26;0.00000000;0.00041507
2007-02-27;0.00000000;0.00013671
2007-02-28;0.00000000;0.00013726
2007-03-01;0.00000000;0.00013699
2007-03-02;0.00000000;0.00013644
2007-03-05;0.00000000;0.00040849
2007-03-06;0.00000000;0.00013671
2007-03-07;0.00000000;0.00013616
2007-03-08;0.00000000;0.00013562
2007-03-09;0.00000000;0.00013589
2007-03-12;0.00000000;0.00040767
2007-03-13;0.00000000;0.00013534
2007-03-14;0.00000000;0.00013479
2007-03-15;0.00000000;0.00013452
2007-03-16;0.00000000;0.00013425
2007-03-19;0.00000000;0.00040521
2007-03-20;0.00000000;0.00013479
2007-03-21;0.00000000;0.00013452
2007-03-22;0.00000000;0.00013479
2007-03-23;0.00000000;0.00013534
2007-03-26;0.00000000;0.00040521
2007-03-27;0.00000000;0.00013507
2007-03-28;0.00000000;0.00013479
2007-03-29;0.00000000;0.00013452
2007-03-30;0.00000000;0.00013425
2007-04-02;0.00000000;0.00040356
2007-04-03;0.00000000;0.00013452
2007-04-04;0.00000000;0.00013479
2007-04-05;0.00000000;0.00013425
2007-04-09;0.00000000;0.00053589
2007-04-10;0.00000000;0.00013397
2007-04-11;0.00000000;0.00013425
2007-04-12;0.00000000;0.00013397
2007-04-13;0.00000000;0.00013370
2007-04-16;0.00000000;0.00040110
2007-04-17;0.00000000;0.00013342
2007-04-18;0.00000000;0.00013315
2007-04-19;0.00000000;0.00013288
2007-04-20;0.00000000;0.00013288
2007-04-23;0.00000000;0.00039863
2007-04-24;0.00000000;0.00013260
2007-04-25;0.00000000;0.00013233
2007-04-26;0.00000000;0.00013205
2007-04-27;0.00000000;0.00013178
2007-04-30;0.00000000;0.00039370
2007-05-01;0.00000000;0.00013041
2007-05-02;0.00000000;0.00013068
2007-05-03;0.00000000;0.00013041
2007-05-04;0.00000000;0.00013041
2007-05-07;0.00000000;0.00039205
2007-05-08;0.00000000;0.00013041
2007-05-09;0.00000000;0.00012986
2007-05-10;0.00000000;0.00012959
2007-05-11;0.00000000;0.00012959
2007-05-14;0.00000000;0.00038877
2007-05-15;0.00000000;0.00012877
2007-05-16;0.00000000;0.00012658
2007-05-17;0.00000000;0.00012822
2007-05-18;0.00000000;0.00012877
2007-05-21;0.00000000;0.00039123
2007-05-22;0.00000000;0.00013123
2007-05-23;0.00000000;0.00013068
2007-05-24;0.00000000;0.00013068
2007-05-25;0.00000000;0.00013014
2007-05-29;0.00000000;0.00052164
2007-05-30;0.00000000;0.00012904
2007-05-31;-0.00065000;-0.00052397
2007-06-01;0.00360503;0.00373271
2007-06-04;0.00149509;0.00187975
2007-06-05;-0.00543780;-0.00530903
2007-06-06;-0.00874475;-0.00861681
2007-06-07;-0.01765356;-0.01752561
2007-06-08;0.01124524;0.01137236
2007-06-11;0.00059355;0.00097163
2007-06-12;-0.01080874;-0.01068299
2007-06-13;0.01530354;0.01542765
2007-06-14;0.00475536;0.00487920
2007-06-15;0.00640253;0.00652390
2007-06-18;-0.00158501;-0.00121433
2007-06-19;0.00162628;0.00175012
2007-06-20;-0.01371315;-0.01358685
2007-06-21;0.00627204;0.00639725
2007-06-22;-0.01301784;-0.01289209
2007-06-25;-0.00360129;-0.00321581
2007-06-26;-0.00332933;-0.00320084
2007-06-27;0.00908068;0.00920780
2007-06-28;-0.00053026;-0.00040314
2007-06-29;-0.00168870;-0.00156048
2007-07-02;0.01030349;0.01069883
2007-07-03;0.00364918;0.00378096
2007-07-05;0.00009092;0.00035448
2007-07-06;0.00345659;0.00358837
2007-07-09;0.00052521;0.00092220
2007-07-10;-0.01432113;-0.01418935
2007-07-11;0.00571316;0.00584494
2007-07-12;0.01893316;0.01906548
2007-07-13;0.00297520;0.00310753
2007-07-16;-0.00231973;-0.00192192
2007-07-17;-0.00023349;-0.00010143
2007-07-18;-0.00209133;-0.00195928
2007-07-19;0.00435713;0.00448973
2007-07-20;-0.01235348;-0.01222115
2007-07-23;0.00448435;0.00488545
2007-07-24;-0.01993859;-0.01980489
2007-07-25;0.00454184;0.00467471
2007-07-26;-0.02346644;-0.02333548
2007-07-27;-0.01597626;-0.01584694
2007-07-30;0.00987364;0.01026980
2007-07-31;-0.01342151;-0.01328946
2007-08-01;0.00000000;0.00013014
2007-08-02;0.00000000;0.00013014
2007-08-03;0.00000000;0.00012932
2007-08-06;0.00000000;0.00038959
2007-08-07;0.00000000;0.00013151
2007-08-08;0.00000000;0.00013178
2007-08-09;0.00000000;0.00012795
2007-08-10;0.00000000;0.00012164
2007-08-13;0.00000000;0.00037890
2007-08-14;0.00000000;0.00012356
2007-08-15;0.00000000;0.00011233
2007-08-16;0.00000000;0.00010110
2007-08-17;0.00000000;0.00010000
2007-08-20;0.00000000;0.00025315
2007-08-21;0.00000000;0.00009616
2007-08-22;0.00000000;0.00009808
2007-08-23;0.00000000;0.00010384
2007-08-24;0.00000000;0.00011315
2007-08-27;0.00000000;0.00036986
2007-08-28;0.00000000;0.00011726
2007-08-29;0.00000000;0.00010630
2007-08-30;0.00000000;0.00010247
2007-08-31;-0.00065000;-0.00054288
2007-09-04;0.01000390;0.01048061
2007-09-05;-0.01116450;-0.01104834
2007-09-06;0.00431754;0.00443206
2007-09-07;-0.01701859;-0.01691010
2007-09-10;-0.00156127;-0.00124401
2007-09-11;0.01352179;0.01363138
2007-09-12;0.00020816;0.00031583
2007-09-13;0.00837009;0.00847885
2007-09-14;0.00009834;0.00020519
2007-09-17;-0.00545487;-0.00512199
2007-09-18;0.02910722;0.02921434
2007-09-19;0.00601036;0.00611530
2007-09-20;-0.00661014;-0.00650905
2007-09-21;0.00451353;0.00461325
2007-09-24;-0.00557164;-0.00526260
2007-09-25;-0.00042382;-0.00032245
2007-09-26;0.00549266;0.00559238
2007-09-27;0.00383844;0.00393762
2007-09-28;-0.00311271;-0.00301079
2007-10-01;0.01297523;0.01329002
2007-10-02;-0.00036000;-0.00025425
2007-10-03;-0.00446048;-0.00435473
2007-10-04;0.00201203;0.00211751
2007-10-05;0.00974052;0.00984709
2007-10-08;-0.00354087;-0.00322115
2007-10-09;0.00800550;0.00811400
2007-10-10;-0.00174886;-0.00164064
2007-10-11;-0.00521612;-0.00510626
2007-10-12;0.00464627;0.00475832
2007-10-15;-0.00872401;-0.00837963
2007-10-16;-0.00668519;-0.00657176
2007-10-17;0.00174484;0.00185197
2007-10-18;-0.00083242;-0.00073214
2007-10-19;-0.02571438;-0.02561164
2007-10-22;0.00349170;0.00381224
2007-10-23;0.00869581;0.00880211
2007-10-24;-0.00253262;-0.00242988
2007-10-25;-0.00106886;-0.00096366
2007-10-26;0.01367361;0.01377936
2007-10-29;0.00352949;0.00385086
2007-10-30;-0.00654662;-0.00644087
2007-10-31;0.01194394;0.01204914
2007-11-01;-0.02628699;-0.02618535
2007-11-02;0.00074903;0.00084546
2007-11-05;-0.00518008;-0.00488254
2007-11-06;0.01196235;0.01206262
2007-11-07;-0.02894692;-0.02885377
2007-11-08;-0.00062470;-0.00053429
2007-11-09;-0.01434546;-0.01425806
2007-11-12;-0.01025362;-0.00999143
2007-11-13;0.02933848;0.02943190
2007-11-14;-0.00690391;-0.00681267
2007-11-15;-0.01325386;-0.01316564
2007-11-16;0.00515841;0.00524937
2007-11-19;-0.01771772;-0.01744484
2007-11-20;0.00445748;0.00454433
2007-11-21;-0.01595774;-0.01587500
2007-11-23;0.01682195;0.01699456
2007-11-26;-0.02349072;-0.02323922
2007-11-27;0.01488996;0.01497435
2007-11-28;0.02879713;0.02887877
2007-11-29;0.00046515;0.00054515
2007-11-30;0.00768569;0.00777007
2007-12-03;-0.00610767;-0.00586192
2007-12-04;-0.00662014;-0.00653795
2007-12-05;0.01563756;0.01571975
2007-12-06;0.01505027;0.01513301
2007-12-07;-0.00185267;-0.00176938
2007-12-10;0.00729340;0.00753833
2007-12-11;-0.02533910;-0.02526047
2007-12-12;0.00610176;0.00617875
2007-12-13;0.00118163;0.00125834
2007-12-14;-0.01377877;-0.01370178
2007-12-17;-0.01525018;-0.01500278
2007-12-18;0.00620048;0.00628212
2007-12-19;-0.00140691;-0.00132883
2007-12-20;0.00507683;0.00515491
2007-12-21;0.01674885;0.01682885
2007-12-24;0.00781362;0.00808156
2007-12-26;0.00064428;0.00082182
2007-12-27;-0.01406855;-0.01398389
2007-12-28;0.00137516;0.00146010
2007-12-31;-0.00711477;-0.00684436
2008-01-02;-0.01440910;-0.01423485
2008-01-03;-0.00008849;-0.00000192
2008-01-04;-0.02464082;-0.02455534
2008-01-07;0.00296529;0.00322749
2008-01-08;-0.01810869;-0.01802184
2008-01-09;0.01361206;0.01369809
2008-01-10;0.00788134;0.00796792
2008-01-11;-0.01362257;-0.01353983
2008-01-14;0.01061496;0.01087057
2008-01-15;-0.02500594;-0.02492128
2008-01-16;-0.00558216;-0.00549832
2008-01-17;-0.02914025;-0.02905806
2008-01-18;-0.00609975;-0.00602331
2008-01-22;-0.01134342;-0.01109137
2008-01-23;0.02140336;0.02146254
2008-01-24;0.01002780;0.01009136
2008-01-25;-0.01593195;-0.01587030
2008-01-28;0.01737874;0.01756696
2008-01-29;0.00614283;0.00620392
2008-01-30;-0.00475797;-0.00469879
2008-01-31;0.01688430;0.01693690
2008-02-01;0.01217929;0.01223573
2008-02-04;-0.01063284;-0.01045038
2008-02-05;-0.03196461;-0.03190598
2008-02-06;-0.00727899;-0.00722282
2008-02-07;0.00807109;0.00812918
2008-02-08;-0.00424887;-0.00418914
2008-02-11;0.00574667;0.00593160
2008-02-12;0.00724790;0.00730954
2008-02-13;0.01392650;0.01398732
2008-02-14;-0.01345130;-0.01338938
2008-02-15;0.00083818;0.00089735
2008-02-19;-0.00106585;-0.00082146
2008-02-20;0.00833187;0.00839215
2008-02-21;-0.01258212;-0.01252322
2008-02-22;0.00792450;0.00798341
2008-02-25;0.01364949;0.01382620
2008-02-26;0.00686654;0.00692380
2008-02-27;-0.00073507;-0.00068191
2008-02-28;-0.00887587;-0.00882491
2008-02-29;-0.02710862;-0.02705903
2008-03-03;0.00041003;0.00054729
2008-03-04;-0.00348690;-0.00344224
2008-03-05;0.00569471;0.00573581
2008-03-06;-0.02189909;-0.02186156
2008-03-07;-0.00843475;-0.00839584
2008-03-10;-0.01553535;-0.01542604
2008-03-11;0.03712151;0.03716124
2008-03-12;-0.00875353;-0.00871381
2008-03-13;0.00512819;0.00516463
2008-03-14;-0.02079116;-0.02075938
2008-03-17;-0.00890589;-0.00881630
2008-03-18;0.04240744;0.04243237
2008-03-19;-0.02429015;-0.02427372
2008-03-20;0.02391981;0.02393680
2008-03-24;0.01518306;0.01531785
2008-03-25;0.00227247;0.00230727
2008-03-26;-0.00875114;-0.00871634
2008-03-27;-0.01128913;-0.01125406
2008-03-28;-0.00794470;-0.00790881
2008-03-31;0.00559383;0.00570562
2008-04-01;0.03585344;0.03589125
2008-04-02;-0.00177340;-0.00173532
2008-04-03;0.00127068;0.00130849
2008-04-04;0.00077091;0.00080735
2008-04-07;0.00144772;0.00156526
2008-04-08;-0.00480562;-0.00476754
2008-04-09;-0.00805198;-0.00801664
2008-04-10;0.00448722;0.00452147
2008-04-11;-0.02034407;-0.02031201
2008-04-14;-0.00346025;-0.00337231
2008-04-15;0.00457535;0.00460521
2008-04-16;0.02276964;0.02280005
2008-04-17;0.00061872;0.00065187
2008-04-18;0.01810768;0.01814384
2008-04-21;-0.00164881;-0.00153950
2008-04-22;-0.00882456;-0.00879004
2008-04-23;0.00287040;0.00290438
2008-04-24;0.00640637;0.00644035
2008-04-25;0.00647256;0.00650845
2008-04-28;-0.00113186;-0.00101515
2008-04-29;-0.00390178;-0.00386233
2008-04-30;-0.00384769;-0.00380906
2008-05-01;0.01729148;0.01733039
2008-05-02;0.00319376;0.00323404
2008-05-05;-0.00457222;-0.00444811
2008-05-06;0.00763836;0.00768220
2008-05-07;-0.01775054;-0.01770561
2008-05-08;0.00366693;0.00371159
2008-05-09;-0.00656496;-0.00651948
2008-05-12;0.01090043;0.01104344
2008-05-13;-0.00020883;-0.00015952
2008-05-14;0.00412836;0.00417740
2008-05-15;0.01072132;0.01077064
2008-05-16;0.00122636;0.00127595
2008-05-19;0.00077771;0.00092483
2008-05-20;-0.00932714;-0.00927700
2008-05-21;-0.01603658;-0.01598644
2008-05-22;0.00275446;0.00280460
2008-05-23;-0.01325258;-0.01320271
2008-05-27;0.00664010;0.00684394
2008-05-28;0.00410395;0.00415491
2008-05-29;0.00540280;0.00545403
2008-05-30;0.00147327;0.00152396
2008-06-02;-0.01062638;-0.01047679
2008-06-03;-0.00580050;-0.00575064
2008-06-04;0.00011343;0.00016302
2008-06-05;0.01952211;0.01957197
2008-06-06;-0.03082779;-0.03077820
2008-06-09;0.00067113;0.00082401
2008-06-10;-0.00249244;-0.00243820
2008-06-11;-0.01673690;-0.01668429
2008-06-12;0.00329686;0.00335055
2008-06-13;0.01501332;0.01506674
2008-06-16;-0.00008997;0.00007770
2008-06-17;-0.00681920;-0.00676550
2008-06-18;-0.00974775;-0.00969597
2008-06-19;0.00396235;0.00401358
2008-06-20;-0.01858466;-0.01853452
2008-06-23;-0.00010041;0.00005164
2008-06-24;-0.00285380;-0.00280449
2008-06-25;0.00584357;0.00589234
2008-06-26;-0.02911823;-0.02907166
2008-06-27;-0.00373473;-0.00368980
2008-06-30;0.00111218;0.00126588
2008-07-01;0.00397923;0.00402965
2008-07-02;-0.01820104;-0.01815200
2008-07-03;0.00106202;0.00111161
2008-07-07;-0.00857894;-0.00837729
2008-07-08;0.01742200;0.01747214
2008-07-09;-0.02272217;-0.02267313
2008-07-10;0.00693859;0.00698352
2008-07-11;-0.01105597;-0.01101268
2008-07-14;-0.00915965;-0.00903636
2008-07-15;-0.01092061;-0.01088307
2008-07-16;0.02515476;0.02519175
2008-07-17;0.01200439;0.01204274
2008-07-18;0.00024802;0.00028775
2008-07-21;-0.00063502;-0.00051502
2008-07-22;0.01346887;0.01351052
2008-07-23;0.00401664;0.00405938
2008-07-24;-0.02314720;-0.02310282
2008-07-25;0.00413195;0.00417880
2008-07-28;-0.01875027;-0.01861054
2008-07-29;0.02339625;0.02344255
2008-07-30;0.01669198;0.01673774
2008-07-31;-0.01299296;-0.01294776
2008-08-01;-0.00562146;-0.00557681
2008-08-04;-0.00909798;-0.00895661
2008-08-05;0.02876878;0.02881590
2008-08-06;0.00376804;0.00381215
2008-08-07;-0.01788360;-0.01783894
2008-08-08;0.02384415;0.02388990
2008-08-11;0.00703101;0.00718225
2008-08-12;-0.01205731;-0.01200718
2008-08-13;-0.00263993;-0.00259007
2008-08-14;0.00550363;0.00555432
2008-08-15;0.00414732;0.00419690
2008-08-18;-0.01518414;-0.01503702
2008-08-19;-0.00927755;-0.00922906
2008-08-20;0.00621532;0.00626135
2008-08-21;0.00251443;0.00256073
2008-08-22;0.01140070;0.01144646
2008-08-25;-0.01976587;-0.01962532
2008-08-26;0.00364516;0.00369119
2008-08-27;0.00811230;0.00815724
2008-08-28;0.01495192;0.01499877
2008-08-29;-0.01372192;-0.01367562
2008-09-02;-0.00424958;-0.00406438
2008-09-03;-0.00157575;-0.00152999
2008-09-04;-0.02994706;-0.02990158
2008-09-05;0.00442185;0.00446706
2008-09-08;0.02053528;0.02067418
2008-09-09;-0.03418095;-0.03413629
2008-09-10;0.00615715;0.00620153
2008-09-11;0.01408232;0.01412561
2008-09-12;0.00209664;0.00213664
2008-09-15;-0.04722355;-0.04713889
2008-09-16;0.01749190;0.01751492
2008-09-17;-0.04711226;-0.04711144
2008-09-18;0.04366123;0.04366753
2008-09-19;0.04021880;0.04024537
2008-09-22;-0.03829749;-0.03819146
2008-09-23;-0.01564311;-0.01562091
2008-09-24;-0.00198314;-0.00196945
2008-09-25;0.01963346;0.01965401
2008-09-26;0.00336964;0.00339320
2008-09-29;-0.08794026;-0.08786136
2008-09-30;0.05418361;0.05420826
2008-10-01;-0.00441938;-0.00439637
2008-10-02;-0.04014279;-0.04012581
2008-10-03;-0.01350148;-0.01348778
2008-10-06;-0.03855354;-0.03850915
2008-10-07;-0.05741029;-0.05738810
2008-10-08;-0.01081555;-0.01079720
2008-10-09;-0.07617427;-0.07615837
2008-10-10;-0.01167672;-0.01167014
2008-10-13;0.11578590;0.11580563
2008-10-14;-0.00532650;-0.00531718
2008-10-15;-0.09026704;-0.09026101
2008-10-16;0.04252970;0.04254203
2008-10-17;-0.00622006;-0.00619815
2008-10-20;0.04757538;0.04767730
2008-10-21;-0.03082251;-0.03079265
2008-10-22;-0.06084192;-0.06081370
2008-10-23;0.01263557;0.01266187
2008-10-24;-0.03453081;-0.03450725
2008-10-27;-0.03183838;-0.03176934
2008-10-28;0.10786505;0.10788588
2008-10-29;-0.01094894;-0.01093222
2008-10-30;0.02597705;0.02598801
2008-10-31;0.01535279;0.01536485
2008-11-03;-0.00256409;-0.00252382
2008-11-04;0.04082226;0.04083541
2008-11-05;-0.05212081;-0.05211013
2008-11-06;-0.05000352;-0.04999503
2008-11-07;0.02920237;0.02921059
2008-11-10;-0.01255718;-0.01253335
2008-11-11;-0.02203971;-0.02203176
2008-11-12;-0.05147223;-0.05146729
2008-11-13;0.06934002;0.06934577
2008-11-14;-0.04153142;-0.04152759
2008-11-17;-0.02578749;-0.02577762
2008-11-18;0.01003045;0.01003374
2008-11-19;-0.06105757;-0.06105565
2008-11-20;-0.06708402;-0.06708320
2008-11-21;0.06346972;0.06347027
2008-11-24;0.06472756;0.06473824
2008-11-25;0.00670287;0.00670561
2008-11-26;0.03571853;0.03571990
2008-11-28;0.00967326;0.00967381
2008-12-01;-0.08924555;-0.08923980
2008-12-02;0.04001507;0.04001672
2008-12-03;0.02638193;0.02638247
2008-12-04;-0.02927156;-0.02927101
2008-12-05;0.03651702;0.03651757
2008-12-08;0.03855943;0.03856190
2008-12-09;-0.02308914;-0.02308832
2008-12-10;0.01199629;0.01199629
2008-12-11;-0.02825704;-0.02825677
2008-12-12;0.00703146;0.00703200
2008-12-15;-0.01264819;-0.01264490
2008-12-16;0.05135843;0.05135953
2008-12-17;-0.00954060;-0.00953923
2008-12-18;-0.02112548;-0.02112548
2008-12-19;0.00295073;0.00295127
2008-12-22;-0.01821338;-0.01821256
2008-12-23;-0.00952818;-0.00952763
2008-12-24;0.00625583;0.00625583
2008-12-26;0.00533928;0.00534092
2008-12-29;-0.00355254;-0.00354761
2008-12-30;0.02459752;0.02460026
2008-12-31;0.01418555;0.01418857
2009-01-02;0.03178162;0.03178600
2009-01-05;-0.00465983;-0.00464832
2009-01-06;0.00780816;0.00781200
2009-01-07;-0.02945562;-0.02945260
2009-01-08;0.00343496;0.00343743
2009-01-09;-0.02129975;-0.02129783
2009-01-12;-0.02257720;-0.02256734
2009-01-13;0.00182224;0.00182526
2009-01-14;-0.03337582;-0.03337254
2009-01-15;0.00135858;0.00136159
2009-01-16;0.00756118;0.00756447
2009-01-20;-0.05282997;-0.05281572
2009-01-21;0.04372381;0.04372683
2009-01-22;-0.01514509;-0.01514235
2009-01-23;0.00538206;0.00538508
2009-01-26;0.00554154;0.00555387
2009-01-27;0.01091128;0.01091484
2009-01-28;0.03368152;0.03368673
2009-01-29;-0.03305345;-0.03304715
2009-01-30;-0.02279886;-0.02279229
2009-02-02;-0.00055406;-0.00053187
2009-02-03;0.01584120;0.01584997
2009-02-04;-0.00676124;-0.00675302
2009-02-05;0.01642365;0.01643160
2009-02-06;0.02729607;0.02730374
2009-02-09;0.00148822;0.00151452
2009-02-10;-0.04910569;-0.04909719
2009-02-11;0.00838378;0.00839200
2009-02-12;0.00195967;0.00196761
2009-02-13;-0.00989007;-0.00988212
2009-02-17;-0.04541930;-0.04538424
2009-02-18;-0.00077164;-0.00076314
2009-02-19;-0.01137440;-0.01136618
2009-02-20;-0.01121028;-0.01120288
2009-02-23;-0.03470488;-0.03468022
2009-02-24;0.04010383;0.04011260
2009-02-25;-0.01042814;-0.01041992
2009-02-26;-0.01557443;-0.01556703
2009-02-27;-0.02354106;-0.02353394
2009-03-02;-0.04663723;-0.04661421
2009-03-03;-0.00640583;-0.00639843
2009-03-04;0.02411676;0.02412389
2009-03-05;-0.04246632;-0.04246084
2009-03-06;0.00145949;0.00146497
2009-03-09;-0.00993424;-0.00991534
2009-03-10;0.06372434;0.06373091
2009-03-11;0.00277330;0.00277960
2009-03-12;0.04091453;0.04092029
2009-03-13;0.00776509;0.00777029
2009-03-16;-0.00352661;-0.00350688
2009-03-17;0.03214469;0.03215126
2009-03-18;0.02088435;0.02089010
2009-03-19;-0.01297937;-0.01297389
2009-03-20;-0.01974892;-0.01974316
2009-03-23;0.07094800;0.07096608
2009-03-24;-0.02039456;-0.02038880
2009-03-25;0.00962512;0.00963033
2009-03-26;0.02332157;0.02332568
2009-03-27;-0.02014821;-0.02014465
2009-03-30;-0.03478862;-0.03477383
2009-03-31;0.01312486;0.01313061
2009-04-01;0.01673632;0.01674235
2009-04-02;0.02877582;0.02878185
2009-04-03;0.00974486;0.00975061
2009-04-06;-0.00829658;-0.00828014
2009-04-07;-0.02322870;-0.02322322
2009-04-08;0.01180045;0.01180539
2009-04-09;0.03806477;0.03806970
2009-04-13;0.00259227;0.00261199
2009-04-14;-0.02005496;-0.02005030
2009-04-15;0.01256356;0.01256767
2009-04-16;0.01556933;0.01557290
2009-04-17;0.00495190;0.00495574
2009-04-20;-0.04277872;-0.04276721
2009-04-21;0.02124505;0.02124916
2009-04-22;-0.00747374;-0.00746991
2009-04-23;0.00993018;0.00993292
2009-04-24;0.01679076;0.01679350
2009-04-27;-0.01008942;-0.01007874
2009-04-28;-0.00270744;-0.00270388
2009-04-29;0.02173420;0.02173721
2009-04-30;-0.00089434;-0.00089050
2009-05-01;0.00541491;0.00541902
2009-05-04;0.03383826;0.03385388
2009-05-05;-0.00366722;-0.00366201
2009-05-06;0.01775399;0.01775920
2009-05-07;-0.01316554;-0.01316061
2009-05-08;0.02406926;0.02407419
2009-05-11;-0.02118574;-0.02117013
2009-05-12;-0.00093455;-0.00092935
2009-05-13;-0.02649337;-0.02648871
2009-05-14;0.01003727;0.01004165
2009-05-15;-0.01081854;-0.01081388
2009-05-18;0.03046321;0.03047882
2009-05-19;-0.00156170;-0.00155677
2009-05-20;-0.00506460;-0.00505967
2009-05-21;-0.01646884;-0.01646364
2009-05-22;-0.00148753;-0.00148260
2009-05-26;0.02627636;0.02629608
2009-05-27;-0.01878991;-0.01878525
2009-05-28;0.01558629;0.01559040
2009-05-29;0.01356526;0.01356909
2009-06-01;0.02583970;0.02585038
2009-06-02;0.00197515;0.00197899
2009-06-03;-0.01353904;-0.01353520
2009-06-04;0.01166953;0.01167336
2009-06-05;-0.00247032;-0.00246512
2009-06-08;-0.00081833;-0.00080272
2009-06-09;0.00354939;0.00355459
2009-06-10;-0.00344001;-0.00343508
2009-06-11;0.00635989;0.00636509
2009-06-12;0.00142219;0.00142712
2009-06-15;-0.02378570;-0.02377173
2009-06-16;-0.01272368;-0.01271902
2009-06-17;-0.00136600;-0.00136134
2009-06-18;0.00854494;0.00854987
2009-06-19;0.00310690;0.00311183
2009-06-22;-0.03047015;-0.03045371
2009-06-23;0.00231476;0.00232024
2009-06-24;0.00654567;0.00655087
2009-06-25;0.02144390;0.02144883
2009-06-26;-0.00127381;-0.00126860
2009-06-29;0.00906945;0.00908588
2009-06-30;-0.00844795;-0.00844275
2009-07-01;0.00446325;0.00446791
2009-07-02;-0.02912376;-0.02911910
2009-07-06;0.00255736;0.00257818
2009-07-07;-0.01968534;-0.01968013
2009-07-08;-0.00107872;-0.00107379
2009-07-09;0.00354639;0.00355159
2009-07-10;-0.00403379;-0.00402886
2009-07-13;0.02502651;0.02504130
2009-07-14;0.00530452;0.00530945
2009-07-15;0.02965680;0.02966174
2009-07-16;0.00867173;0.00867694
2009-07-17;-0.00039087;-0.00038621
2009-07-20;0.01141402;0.01142963
2009-07-21;0.00363273;0.00363794
2009-07-22;-0.00035374;-0.00034854
2009-07-23;0.02328856;0.02329377
2009-07-24;0.00303648;0.00304141
2009-07-27;0.00295642;0.00297204
2009-07-28;-0.00260807;-0.00260287
2009-07-29;-0.00444089;-0.00443569
2009-07-30;0.01201576;0.01202070
2009-07-31;0.00071934;0.00072428
2009-08-03;0.01532928;0.01534489
2009-08-04;0.00302908;0.00303401
2009-08-05;-0.00257684;-0.00257191
2009-08-06;-0.00549561;-0.00549095
2009-08-07;0.01344461;0.01344954
2009-08-10;-0.00333506;-0.00331944
2009-08-11;-0.01237572;-0.01237078
2009-08-12;0.01188331;0.01188797
2009-08-13;0.00694501;0.00694966
2009-08-14;-0.00853517;-0.00853024
2009-08-17;-0.02407113;-0.02405634
2009-08-18;0.01031736;0.01032229
2009-08-19;0.00698712;0.00699178
2009-08-20;0.01099396;0.01099862
2009-08-21;0.01879975;0.01880441
2009-08-24;-0.00055581;-0.00054184
2009-08-25;0.00236538;0.00237004
2009-08-26;0.00021396;0.00021807
2009-08-27;0.00288884;0.00289295
2009-08-28;-0.00184936;-0.00184525
2009-08-31;-0.00805229;-0.00803996
2009-09-01;-0.02208870;-0.02208486
2009-09-02;-0.00304806;-0.00304422
2009-09-03;0.00860228;0.00860639
2009-09-04;0.01318002;0.01318385
2009-09-08;0.00897755;0.00899289
2009-09-09;0.00783075;0.00783459
2009-09-10;0.01042864;0.01043247
2009-09-11;-0.00115186;-0.00114802
2009-09-14;0.00634038;0.00635189
2009-09-15;0.00314163;0.00314519
2009-09-16;0.01533937;0.01534210
2009-09-17;-0.00292314;-0.00292040
2009-09-18;0.00264797;0.00265016
2009-09-21;-0.00341967;-0.00341063
2009-09-22;0.00659879;0.00660181
2009-09-23;-0.01006763;-0.01006462
2009-09-24;-0.00938153;-0.00937879
2009-09-25;-0.00609634;-0.00609360
2009-09-28;0.01797496;0.01798400
2009-09-29;-0.00220944;-0.00220588
2009-09-30;-0.00323846;-0.00323463
2009-10-01;-0.02575400;-0.02575126
2009-10-02;-0.00447085;-0.00446811
2009-10-05;0.01488028;0.01488685
2009-10-06;0.01372022;0.01372241
2009-10-07;0.00323422;0.00323669
2009-10-08;0.00746730;0.00746894
2009-10-09;0.00566075;0.00566267
2009-10-12;0.00437516;0.00438091
2009-10-13;-0.00272290;-0.00272099
2009-10-14;0.01758198;0.01758390
2009-10-15;0.00414918;0.00415110
2009-10-16;-0.00809763;-0.00809571
2009-10-19;0.00938605;0.00939263
2009-10-20;-0.00621691;-0.00621472
2009-10-21;-0.00871926;-0.00871734
2009-10-22;0.01071034;0.01071199
2009-10-23;-0.01218223;-0.01218031
2009-10-26;-0.01172557;-0.01171899
2009-10-27;-0.00331698;-0.00331478
2009-10-28;-0.01940840;-0.01940649
2009-10-29;0.02259607;0.02259771
2009-10-30;-0.02805856;-0.02805719
2009-11-02;0.00644559;0.00645053
2009-11-03;0.00242684;0.00242849
2009-11-04;0.00139547;0.00139684
2009-11-05;0.01934270;0.01934380
2009-11-06;0.00263425;0.00263590
2009-11-09;0.02247621;0.02248196
2009-11-10;0.00018552;0.00018744
2009-11-11;0.00502428;0.00502620
2009-11-12;-0.01012611;-0.01012419
2009-11-13;0.00574459;0.00574624
2009-11-16;0.01465796;0.01466371
2009-11-17;0.00103303;0.00103467
2009-11-18;-0.00031531;-0.00031422
2009-11-19;-0.01342451;-0.01342396
2009-11-20;-0.00304115;-0.00304060
2009-11-23;0.01365297;0.01365708
2009-11-24;-0.00047603;-0.00047466
2009-11-25;0.00463289;0.00463426
2009-11-27;-0.01699750;-0.01699585
2009-11-30;0.00387638;0.00388131
2009-12-01;0.01212283;0.01212447
2009-12-02;0.00046806;0.00046943
2009-12-03;-0.00836885;-0.00836721
2009-12-04;0.00550985;0.00551150
2009-12-07;-0.00243197;-0.00242868
2009-12-08;-0.01013106;-0.01013024
2009-12-09;0.00377513;0.00377595
2009-12-10;0.00593401;0.00593456
2009-12-11;0.00368360;0.00368442
2009-12-14;0.00715538;0.00715867
2009-12-15;-0.00555233;-0.00555096
2009-12-16;0.00113711;0.00113820
2009-12-17;-0.01176901;-0.01176791
2009-12-18;0.00575307;0.00575444
2009-12-21;0.01058618;0.01059275
2009-12-22;0.00358252;0.00358471
2009-12-23;0.00251087;0.00251279
2009-12-24;0.00525189;0.00525326
2009-12-28;0.00126834;0.00128039
2009-12-29;-0.00123186;-0.00122912
2009-12-30;0.00028233;0.00028370
2009-12-31;-0.01004591;-0.01004426
2010-01-04;0.01607064;0.01607940
2010-01-05;0.00312408;0.00312599
2010-01-06;0.00097353;0.00097518
2010-01-07;0.00405596;0.00405733
2010-01-08;0.00288142;0.00288279
2010-01-11;0.00173376;0.00173704
2010-01-12;-0.00938427;-0.00938290
2010-01-13;0.00841999;0.00842163
2010-01-14;0.00244232;0.00244369
2010-01-15;-0.01078657;-0.01078493
2010-01-19;0.01248776;0.01249433
2010-01-20;-0.01045291;-0.01045154
2010-01-21;-0.01892306;-0.01892141
2010-01-22;-0.02214988;-0.02214823
2010-01-25;0.00460997;0.00461490
2010-01-26;-0.00419969;-0.00419777
2010-01-27;0.00492000;0.00492219
2010-01-28;-0.01173755;-0.01173536
2010-01-29;-0.00982540;-0.00982321
2010-02-01;0.01425158;0.01425980
2010-02-02;0.01297491;0.01297765
2010-02-03;-0.00514205;-0.00513931
2010-02-04;-0.03112045;-0.03111799
2010-02-05;0.00289108;0.00289382
2010-02-08;-0.00854703;-0.00853717
2010-02-09;0.01307115;0.01307444
2010-02-10;-0.00197983;-0.00197682
2010-02-11;0.00981539;0.00981840
2010-02-12;-0.00253693;-0.00253419
2010-02-16;0.01811816;0.01812911
2010-02-17;0.00440730;0.00441004
2010-02-18;0.00666128;0.00666401
2010-02-19;0.00233539;0.00233840
2010-02-22;-0.00104039;-0.00103134
2010-02-23;-0.01210649;-0.01210321
2010-02-24;0.00991160;0.00991489
2010-02-25;-0.00183910;-0.00183553
2010-02-26;0.00143669;0.00144025
2010-03-01;0.01016826;0.01017894
2010-03-02;0.00232503;0.00232887
2010-03-03;0.00057288;0.00057672
2010-03-04;0.00375592;0.00375976
2010-03-05;0.01403662;0.01404073
2010-03-08;-0.00001359;-0.00000044
2010-03-09;0.00175126;0.00175564
2010-03-10;0.00464785;0.00465196
2010-03-11;0.00437277;0.00437715
2010-03-12;-0.00021089;-0.00020678
2010-03-15;0.00045314;0.00046711
2010-03-16;0.00778179;0.00778617
2010-03-17;0.00583028;0.00583439
2010-03-18;-0.00031197;-0.00030758
2010-03-19;-0.00510054;-0.00509616
2010-03-22;0.00510745;0.00511978
2010-03-23;0.00728058;0.00728442
2010-03-24;-0.00549014;-0.00548630
2010-03-25;-0.00170774;-0.00170390
2010-03-26;0.00073528;0.00073911
2010-03-29;0.00584880;0.00586113
2010-03-30;0.00014814;0.00015252
2010-03-31;-0.00326447;-0.00326009
2010-04-01;0.00744536;0.00744975
2010-04-05;0.00793299;0.00795272
2010-04-06;0.00168175;0.00168641
2010-04-07;-0.00544886;-0.00544421
2010-04-08;0.00340326;0.00340792
2010-04-09;0.00667827;0.00668266
2010-04-12;0.00177000;0.00178316
2010-04-13;0.00075540;0.00075979
2010-04-14;0.01115852;0.01116290
2010-04-15;0.00083116;0.00083554
2010-04-16;-0.01613389;-0.01612950
2010-04-19;0.00451698;0.00453013
2010-04-20;0.00806195;0.00806634
2010-04-21;-0.00101586;-0.00101175
2010-04-22;0.00230565;0.00231004
2010-04-23;0.00711327;0.00711765
2010-04-26;-0.00430209;-0.00428894
2010-04-27;-0.02338137;-0.02337699
2010-04-28;0.00663624;0.00664062
2010-04-29;0.01301359;0.01301824
2010-04-30;-0.01664847;-0.01664409
2010-05-03;0.01310653;0.01312050
2010-05-04;-0.02384127;-0.02383689
2010-05-05;-0.00623620;-0.00623210
2010-05-06;-0.03223046;-0.03222744
2010-05-07;-0.01530787;-0.01530430
2010-05-10;0.04398539;0.04399855
2010-05-11;-0.00319858;-0.00319420
2010-05-12;0.01407637;0.01408075
2010-05-13;-0.01208808;-0.01208370
2010-05-14;-0.01879574;-0.01879136
2010-05-17;0.00127575;0.00128890
2010-05-18;-0.01402802;-0.01402336
2010-05-19;-0.00504245;-0.00503779
2010-05-20;-0.03888778;-0.03888312
2010-05-21;0.01502743;0.01503208
2010-05-24;-0.01290973;-0.01289576
2010-05-25;0.00034681;0.00035146
2010-05-26;-0.00547366;-0.00546900
2010-05-27;0.03323561;0.03324027
2010-05-28;-0.01235481;-0.01235043
2010-06-01;-0.01714694;-0.01712941
2010-06-02;0.02599722;0.02600160
2010-06-03;0.00408684;0.00409067
2010-06-04;-0.03438089;-0.03437705
2010-06-07;-0.01349232;-0.01348246
2010-06-08;0.01111819;0.01112148
2010-06-09;-0.00588471;-0.00588197
2010-06-10;0.02950113;0.02950387
2010-06-11;0.00473937;0.00474156
2010-06-14;-0.00179638;-0.00179062
2010-06-15;0.02349977;0.02350224
2010-06-16;-0.00053846;-0.00053572
2010-06-17;0.00141446;0.00141693
2010-06-18;0.00131493;0.00131795
2010-06-21;-0.00386239;-0.00385253
2010-06-22;-0.01593808;-0.01593451
2010-06-23;-0.00296917;-0.00296561
2010-06-24;-0.01680563;-0.01680207
2010-06-25;0.00285545;0.00285902
2010-06-28;-0.00186203;-0.00184805
2010-06-29;-0.03098581;-0.03098170
2010-06-30;-0.01000367;-0.00999874
2010-07-01;-0.00318982;-0.00318516
2010-07-02;-0.00463293;-0.00462827
2010-07-06;0.00532667;0.00534530
2010-07-07;0.03181775;0.03182214
2010-07-08;0.00944215;0.00944626
2010-07-09;0.00719868;0.00720307
2010-07-12;0.00073878;0.00075193
2010-07-13;0.01545353;0.01545764
2010-07-14;-0.00014308;-0.00013897
2010-07-15;0.00118927;0.00119338
2010-07-16;-0.02879573;-0.02879162
2010-07-19;0.00597431;0.00598828
2010-07-20;0.01143950;0.01144389
2010-07-21;-0.01268585;-0.01268147
2010-07-22;0.02253523;0.02253962
2010-07-23;0.00822201;0.00822639
2010-07-26;0.01118567;0.01119882
2010-07-27;-0.00105054;-0.00104643
2010-07-28;-0.00686712;-0.00686301
2010-07-29;-0.00400568;-0.00400157
2010-07-30;0.00005391;0.00005802
2010-08-02;0.02201989;0.02203304
2010-08-03;-0.00479346;-0.00478908
2010-08-04;0.00638943;0.00639381
2010-08-05;-0.00123021;-0.00122610
2010-08-06;-0.00359780;-0.00359369
2010-08-09;0.00548527;0.00549760
2010-08-10;-0.00595265;-0.00594854
2010-08-11;-0.02769641;-0.02769230
2010-08-12;-0.00524533;-0.00524095
2010-08-13;-0.00400025;-0.00399614
2010-08-16;0.00015328;0.00016643
2010-08-17;0.01247746;0.01248212
2010-08-18;0.00161724;0.00162162
2010-08-19;-0.01692724;-0.01692285
2010-08-20;-0.00366571;-0.00366160
2010-08-23;-0.00404424;-0.00403109
2010-08-24;-0.01449995;-0.01449557
2010-08-25;0.00339415;0.00339853
2010-08-26;-0.00765835;-0.00765397
2010-08-27;0.01684617;0.01685028
2010-08-30;-0.01453684;-0.01452533
2010-08-31;0.00042809;0.00043192
2010-09-01;0.02961422;0.02961778
2010-09-02;0.00914934;0.00915318
2010-09-03;0.01323986;0.01324370
2010-09-07;-0.01143161;-0.01141627
2010-09-08;0.00666073;0.00666457
2010-09-09;0.00483029;0.00483413
2010-09-10;0.00487748;0.00488131
2010-09-13;0.01147536;0.01148769
2010-09-14;-0.00072054;-0.00071643
2010-09-15;0.00355307;0.00355718
2010-09-16;-0.00020303;-0.00019865
2010-09-17;0.00082332;0.00082771
2010-09-20;0.01521463;0.01522861
2010-09-21;-0.00255028;-0.00254562
2010-09-22;-0.00471313;-0.00470875
2010-09-23;-0.00833625;-0.00833187
2010-09-24;0.02119048;0.02119459
2010-09-27;-0.00567268;-0.00565953
2010-09-28;0.00502516;0.00502955
2010-09-29;-0.00248079;-0.00247640
2010-09-30;-0.00308228;-0.00307789
2010-10-01;0.00443069;0.00443508
2010-10-04;-0.00798026;-0.00796958
2010-10-05;0.02085014;0.02085343
2010-10-06;-0.00017027;-0.00016671
2010-10-07;-0.00164854;-0.00164498
2010-10-08;0.00611869;0.00612197
2010-10-11;0.00013309;0.00014295
2010-10-12;0.00381411;0.00381767
2010-10-13;0.00722669;0.00723025
2010-10-14;-0.00364658;-0.00364274
2010-10-15;0.00201471;0.00201854
2010-10-18;0.00724497;0.00725730
2010-10-19;-0.01588941;-0.01588558
2010-10-20;0.01067228;0.01067612
2010-10-21;0.00182468;0.00182824
2010-10-22;0.00237798;0.00238154
2010-10-25;0.00214345;0.00215496
2010-10-26;0.00000432;0.00000816
2010-10-27;-0.00256478;-0.00256094
2010-10-28;0.00120661;0.00121017
2010-10-29;-0.00043901;-0.00043572
2010-11-01;0.00093229;0.00094298
2010-11-02;0.00775365;0.00775721
2010-11-03;0.00385672;0.00386028
2010-11-04;0.01945051;0.01945407
2010-11-05;0.00397864;0.00398220
2010-11-08;-0.00200303;-0.00199234
2010-11-09;-0.00773348;-0.00772992
2010-11-10;0.00457205;0.00457561
2010-11-11;-0.00425380;-0.00425024
2010-11-12;-0.01175787;-0.01175431
2010-11-15;-0.00117116;-0.00115966
2010-11-16;-0.01593532;-0.01593121
2010-11-17;0.00036869;0.00037253
2010-11-18;0.01536069;0.01536480
2010-11-19;0.00258967;0.00259351
2010-11-22;-0.00154348;-0.00153115
2010-11-23;-0.01425321;-0.01424910
2010-11-24;0.01497181;0.01497620
2010-11-26;-0.00723945;-0.00723068
2010-11-29;-0.00112274;-0.00110794
2010-11-30;-0.00602013;-0.00601547
2010-12-01;0.02175630;0.02176069
2010-12-02;0.01282846;0.01283284
2010-12-03;0.00264666;0.00265050
2010-12-06;-0.00128243;-0.00127010
2010-12-07;0.00052497;0.00052881
2010-12-08;0.00395526;0.00395936
2010-12-09;0.00391566;0.00391950
2010-12-10;0.00600576;0.00600932
2010-12-13;0.00018829;0.00020062
2010-12-14;0.00092008;0.00092419
2010-12-15;-0.00510660;-0.00510276
2010-12-16;0.00621052;0.00621408
2010-12-17;0.00083790;0.00084092
2010-12-20;0.00255218;0.00256369
2010-12-21;0.00616991;0.00617375
2010-12-22;0.00351848;0.00352232
2010-12-23;-0.00157498;-0.00157115
2010-12-27;0.00058912;0.00060775
2010-12-28;0.00077461;0.00077871
2010-12-29;0.00118110;0.00118466
2010-12-30;-0.00148313;-0.00147985
2010-12-31;-0.00019909;-0.00019580
2011-01-03;0.01133798;0.01135030
2011-01-04;-0.00130118;-0.00129734
2011-01-05;0.00513114;0.00513498
2011-01-06;-0.00174840;-0.00174429
2011-01-07;-0.00184917;-0.00184533
2011-01-10;-0.00139735;-0.00138503
2011-01-11;0.00372081;0.00372492
2011-01-12;0.00910854;0.00911265
2011-01-13;-0.00171633;-0.00171222
2011-01-14;0.00741181;0.00741592
2011-01-18;0.00137206;0.00138959
2011-01-19;-0.00998923;-0.00998484
2011-01-20;-0.00129978;-0.00129540
2011-01-21;0.00243082;0.00243520
2011-01-24;0.00581597;0.00582912
2011-01-25;0.00028835;0.00029274
2011-01-26;0.00425113;0.00425552
2011-01-27;0.00229012;0.00229423
2011-01-28;-0.01783010;-0.01782599
2011-01-31;0.00764038;0.00765271
2011-02-01;0.01669144;0.01669555
2011-02-02;-0.00255113;-0.00254675
2011-02-03;0.00249090;0.00249473
2011-02-04;0.00289342;0.00289753
2011-02-07;0.00623449;0.00624765
2011-02-08;0.00449276;0.00449687
2011-02-09;-0.00267321;-0.00266937
2011-02-10;0.00083538;0.00083867
2011-02-11;0.00564040;0.00564369
2011-02-14;0.00257838;0.00258906
2011-02-15;-0.00311922;-0.00311566
2011-02-16;0.00642940;0.00643269
2011-02-17;0.00315683;0.00315930
2011-02-18;0.00192947;0.00193221
2011-02-22;-0.02053509;-0.02052194
2011-02-23;-0.00607551;-0.00607223
2011-02-24;-0.00075869;-0.00075513
2011-02-25;0.01081083;0.01081439
2011-02-28;0.00559725;0.00560957
2011-03-01;-0.01574362;-0.01573978
2011-03-02;0.00177365;0.00177722
2011-03-03;0.01725137;0.01725493
2011-03-04;-0.00737606;-0.00737277
2011-03-07;-0.00832427;-0.00831523
2011-03-08;0.00910712;0.00911013
2011-03-09;-0.00121520;-0.00121246
2011-03-10;-0.01888008;-0.01887789
2011-03-11;0.00738957;0.00739176
2011-03-14;-0.00603093;-0.00602353
2011-03-15;-0.01119923;-0.01119649
2011-03-16;-0.01946807;-0.01946533
2011-03-17;0.01342228;0.01342448
2011-03-18;0.00430228;0.00430420
2011-03-21;0.01498818;0.01499640
2011-03-22;-0.00343517;-0.00343243
2011-03-23;0.00292068;0.00292314
2011-03-24;0.00933399;0.00933645
2011-03-25;0.00316100;0.00316347
2011-03-28;-0.00276450;-0.00275546
2011-03-29;0.00726825;0.00727099
2011-03-30;0.00678942;0.00679216
2011-03-31;-0.00183630;-0.00183384
2011-04-01;0.00497062;0.00497254
2011-04-04;0.00046030;0.00046524
2011-04-05;-0.00017260;-0.00017068
2011-04-06;0.00259498;0.00259663
2011-04-07;-0.00148721;-0.00148612
2011-04-08;-0.00400521;-0.00400412
2011-04-11;-0.00278524;-0.00278113
2011-04-12;-0.00777185;-0.00777048
2011-04-13;0.00028908;0.00029073
2011-04-14;0.00009518;0.00009710
2011-04-15;0.00391607;0.00391799
2011-04-18;-0.01101702;-0.01101127
2011-04-19;0.00575761;0.00575925
2011-04-20;0.01353492;0.01353657
2011-04-21;0.00530570;0.00530734
2011-04-25;-0.00160767;-0.00160000
2011-04-26;0.00897616;0.00897808
2011-04-27;0.00641573;0.00641737
2011-04-28;0.00363116;0.00363226
2011-04-29;0.00230087;0.00230197
2011-05-02;-0.00176200;-0.00175789
2011-05-03;-0.00337848;-0.00337765
2011-05-04;-0.00668118;-0.00668035
2011-05-05;-0.00902104;-0.00902049
2011-05-06;0.00393451;0.00393506
2011-05-09;0.00454852;0.00455099
2011-05-10;0.00808579;0.00808661
2011-05-11;-0.01056587;-0.01056505
2011-05-12;0.00500310;0.00500365
2011-05-13;-0.00802783;-0.00802701
2011-05-16;-0.00615162;-0.00614834
2011-05-17;-0.00011854;-0.00011744
2011-05-18;0.00898198;0.00898335
2011-05-19;0.00226046;0.00226183
2011-05-20;-0.00769320;-0.00769183
2011-05-23;-0.01192277;-0.01191784
2011-05-24;-0.00081923;-0.00081758
2011-05-25;0.00325279;0.00325443
2011-05-26;0.00419030;0.00419167
2011-05-27;0.00427518;0.00427655
2011-05-31;0.01058981;0.01059639
2011-06-01;-0.02268211;-0.02268074
2011-06-02;-0.00117000;-0.00116890
2011-06-03;-0.00968684;-0.00968574
2011-06-06;-0.01075035;-0.01074624
2011-06-07;-0.00091607;-0.00091470
2011-06-08;-0.00397427;-0.00397318
2011-06-09;0.00738090;0.00738227
2011-06-10;-0.01396793;-0.01396656
2011-06-13;0.00098782;0.00099193
2011-06-14;0.01266621;0.01266758
2011-06-15;-0.01741247;-0.01741110
2011-06-16;0.00192082;0.00192219
2011-06-17;0.00304733;0.00304842
2011-06-20;0.00539709;0.00539955
2011-06-21;0.01353009;0.01353091
2011-06-22;-0.00642605;-0.00642550
2011-06-23;-0.00283182;-0.00283155
2011-06-24;-0.01172963;-0.01172908
2011-06-27;0.00917808;0.00917973
2011-06-28;0.01316436;0.01316518
2011-06-29;0.00841311;0.00841366
2011-06-30;0.01011802;0.01011885
2011-07-01;0.01454033;0.01454088
2011-07-05;-0.00131578;-0.00131359
2011-07-06;0.00137588;0.00137615
2011-07-07;0.01050104;0.01050186
2011-07-08;-0.00696003;-0.00695920
2011-07-11;-0.01808193;-0.01807947
2011-07-12;-0.00442920;-0.00442837
2011-07-13;0.00319795;0.00319823
2011-07-14;-0.00670374;-0.00670346
2011-07-15;0.00555686;0.00555741
2011-07-18;-0.00810348;-0.00810183
2011-07-19;0.01630354;0.01630437
2011-07-20;-0.00053048;-0.00052994
2011-07-21;0.01363033;0.01363170
2011-07-22;0.00092084;0.00092221
2011-07-25;-0.00564141;-0.00563730
2011-07-26;-0.00410510;-0.00410318
2011-07-27;-0.02026790;-0.02026571
2011-07-28;-0.00314280;-0.00314088
2011-07-29;-0.00645166;-0.00644892
2011-08-01;-0.00414861;-0.00414039
2011-08-02;-0.02556369;-0.02556205
2011-08-03;0.00537504;0.00537559
2011-08-04;-0.04777709;-0.04777654
2011-08-05;-0.00057076;-0.00057049
2011-08-08;-0.06649703;-0.06649292
2011-08-09;0.04743168;0.04743250
2011-08-10;-0.04375397;-0.04375342
2011-08-11;0.04647437;0.04647519
2011-08-12;0.00527536;0.00527591
2011-08-15;0.02185064;0.02185228
2011-08-16;-0.00956112;-0.00956030
2011-08-17;0.00122446;0.00122473
2011-08-18;-0.04452569;-0.04452541
2011-08-19;-0.01501338;-0.01501283
2011-08-22;0.00025483;0.00025565
2011-08-23;0.03429511;0.03429538
2011-08-24;0.01325749;0.01325804
2011-08-25;-0.01554732;-0.01554704
2011-08-26;0.01527167;0.01527195
2011-08-29;0.02840422;0.02840586
2011-08-30;0.00257902;0.00257929
2011-08-31;0.00503535;0.00503590
2011-09-01;-0.01178994;-0.01178940
2011-09-02;-0.02524244;-0.02524189
2011-09-06;-0.00742301;-0.00742082
2011-09-07;0.02889458;0.02889513
2011-09-08;-0.01058958;-0.01058903
2011-09-09;-0.02669135;-0.02669108
2011-09-12;0.00702276;0.00702358
2011-09-13;0.00947643;0.00947671
2011-09-14;0.01347727;0.01347754
2011-09-15;0.01736796;0.01736824
2011-09-16;0.00572456;0.00572484
2011-09-19;-0.00980378;-0.00980296
2011-09-20;-0.00163336;-0.00163309
2011-09-21;-0.02935758;-0.02935731
2011-09-22;-0.03187811;-0.03187811
2011-09-23;0.00621031;0.00621058
2011-09-26;0.02332747;0.02332911
2011-09-27;0.01069353;0.01069381
2011-09-28;-0.02044442;-0.02044387
2011-09-29;0.00815862;0.00815917
2011-09-30;-0.02496926;-0.02496871
2011-10-03;-0.02841028;-0.02840864
2011-10-04;0.02262101;0.02262129
2011-10-05;0.01838850;0.01838850
2011-10-06;0.01839395;0.01839423
2011-10-07;-0.00813946;-0.00813919
2011-10-10;0.03411693;0.03411775
2011-10-11;0.00055615;0.00055670
2011-10-12;0.00994905;0.00994960
2011-10-13;-0.00289256;-0.00289201
2011-10-14;0.01737374;0.01737429
2011-10-17;-0.01934470;-0.01934141
2011-10-18;0.02041579;0.02041689
2011-10-19;-0.01249420;-0.01249338
2011-10-20;0.00457816;0.00457898
2011-10-21;0.01882984;0.01883039
2011-10-24;0.01288098;0.01288262
2011-10-25;-0.02004764;-0.02004737
2011-10-26;0.01054430;0.01054485
2011-10-27;0.03434674;0.03434728
2011-10-28;0.00041235;0.00041262
2011-10-31;-0.02474099;-0.02474017
2011-11-01;-0.02794118;-0.02794090
2011-11-02;0.01619881;0.01619908
2011-11-03;0.01898443;0.01898471
2011-11-04;-0.00627808;-0.00627781
2011-11-07;0.00636963;0.00637045
2011-11-08;0.01234011;0.01234038
2011-11-09;-0.03660516;-0.03660488
2011-11-10;0.00875789;0.00875816
2011-11-11;0.01948733;0.01948760
2011-11-14;-0.00943556;-0.00943474
2011-11-15;0.00499760;0.00499787
2011-11-16;-0.01633441;-0.01633414
2011-11-17;-0.01678530;-0.01678475
2011-11-18;-0.00032879;-0.00032851
2011-11-21;-0.01860528;-0.01860363
2011-11-22;-0.00406570;-0.00406515
2011-11-23;-0.02205800;-0.02205745
2011-11-25;-0.00253818;-0.00253708
2011-11-28;0.02936946;0.02937192
2011-11-29;0.00257243;0.00257298
2011-11-30;0.04346333;0.04346361
2011-12-01;-0.00187858;-0.00187831
2011-12-02;-0.00020405;-0.00020351
2011-12-05;0.01032803;0.01032886
2011-12-06;0.00112094;0.00112122
2011-12-07;0.00230155;0.00230210
2011-12-08;-0.02112084;-0.02112057
2011-12-09;0.01688490;0.01688517
2011-12-12;-0.01487543;-0.01487461
2011-12-13;-0.00849216;-0.00849188
2011-12-14;-0.01124782;-0.01124755
2011-12-15;0.00333220;0.00333220
2011-12-16;0.00323001;0.00323001
2011-12-19;-0.01172163;-0.01172081
2011-12-20;0.02998325;0.02998352
2011-12-21;0.00196525;0.00196552
2011-12-22;0.00851758;0.00851785
2011-12-23;0.00904039;0.00904067
2011-12-27;0.00008684;0.00008904
2011-12-28;-0.01225981;-0.01225954
2011-12-29;0.01073368;0.01073423
2011-12-30;-0.00423655;-0.00423600
2012-01-03;0.01548848;0.01549068
2012-01-04;0.00039892;0.00039947
2012-01-05;0.00293834;0.00293888
2012-01-06;-0.00216182;-0.00216127
2012-01-09;0.00228046;0.00228128
2012-01-10;0.00889753;0.00889808
2012-01-11;0.00040302;0.00040356
2012-01-12;0.00236612;0.00236694
2012-01-13;-0.00494941;-0.00494859
2012-01-17;0.00353801;0.00354129
2012-01-18;0.01126789;0.01126872
2012-01-19;0.00496192;0.00496329
2012-01-20;0.00069177;0.00069314
2012-01-23;0.00047760;0.00048089
2012-01-24;-0.00099794;-0.00099685
2012-01-25;0.00867697;0.00867807
2012-01-26;-0.00570358;-0.00570221
2012-01-27;-0.00154383;-0.00154219
2012-01-30;-0.00249843;-0.00249432
2012-01-31;-0.00045998;-0.00045833
2012-02-01;0.00910673;0.00910838
2012-02-02;0.00117327;0.00117546
2012-02-03;0.01472655;0.01472874
2012-02-06;-0.00041882;-0.00041224
2012-02-07;0.00203781;0.00204000
2012-02-08;0.00251691;0.00251938
2012-02-09;0.00148133;0.00148380
2012-02-10;-0.00686725;-0.00686478
2012-02-13;0.00700374;0.00701278
2012-02-14;-0.00078343;-0.00078014
2012-02-15;-0.00504796;-0.00504495
2012-02-16;0.01117046;0.01117320
2012-02-17;0.00236932;0.00237178
2012-02-21;0.00072599;0.00073475
2012-02-22;-0.00330445;-0.00330198
2012-02-23;0.00446160;0.00446407
2012-02-24;0.00179679;0.00179953
2012-02-27;0.00142975;0.00143962
2012-02-28;0.00351441;0.00351715
2012-02-29;-0.00457258;-0.00457039
2012-03-01;0.00621713;0.00621932
2012-03-02;-0.00320925;-0.00320733
2012-03-05;-0.00382544;-0.00381886
2012-03-06;-0.01534469;-0.01534250
2012-03-07;0.00720042;0.00720261
2012-03-08;0.00991059;0.00991279
2012-03-09;0.00362617;0.00362864
2012-03-12;0.00021532;0.00022272
2012-03-13;0.01847650;0.01847869
2012-03-14;-0.00117143;-0.00116896
2012-03-15;0.00597931;0.00598150
2012-03-16;0.00111988;0.00112234
2012-03-19;0.00396606;0.00397428
2012-03-20;-0.00299430;-0.00299156
2012-03-21;-0.00183572;-0.00183325
2012-03-22;-0.00715694;-0.00715475
2012-03-23;0.00309656;0.00309875
2012-03-26;0.01387804;0.01388544
2012-03-27;-0.00271755;-0.00271508
2012-03-28;-0.00470687;-0.00470440
2012-03-29;-0.00159110;-0.00158919
2012-03-30;0.00370017;0.00370209
2012-04-02;0.00756171;0.00756829
2012-04-03;-0.00375654;-0.00375435
2012-04-04;-0.01018490;-0.01018270
2012-04-05;-0.00027326;-0.00027106
2012-04-09;-0.01135368;-0.01134382
2012-04-10;-0.01708000;-0.01707753
2012-04-11;0.00759065;0.00759312
2012-04-12;0.01378528;0.01378774
2012-04-13;-0.01245906;-0.01245659
2012-04-16;-0.00051511;-0.00050853
2012-04-17;0.01548423;0.01548643
2012-04-18;-0.00404997;-0.00404806
2012-04-19;-0.00589290;-0.00589098
2012-04-20;0.00118993;0.00119212
2012-04-23;-0.00839843;-0.00839186
2012-04-24;0.00367571;0.00367818
2012-04-25;0.01378019;0.01378266
2012-04-26;0.00672968;0.00673214
2012-04-27;0.00243062;0.00243308
2012-04-30;-0.00387412;-0.00386590
2012-05-01;0.00565923;0.00566169
2012-05-02;-0.00239594;-0.00239375
2012-05-03;-0.00748182;-0.00747936
2012-05-04;-0.01612744;-0.01612552
2012-05-07;0.00035368;0.00036190
2012-05-08;-0.00414842;-0.00414595
2012-05-09;-0.00642658;-0.00642411
2012-05-10;0.00282161;0.00282435
2012-05-11;-0.00328275;-0.00328001
2012-05-14;-0.01102528;-0.01101706
2012-05-15;-0.00557134;-0.00556887
2012-05-16;-0.00406536;-0.00406262
2012-05-17;-0.01495314;-0.01495040
2012-05-18;-0.00738814;-0.00738594
2012-05-21;0.01603769;0.01604509
2012-05-22;0.00050478;0.00050725
2012-05-23;0.00173292;0.00173538
2012-05-24;0.00153255;0.00153529
2012-05-25;-0.00216891;-0.00216645
2012-05-29;0.01122300;0.01123286
2012-05-30;-0.01403591;-0.01403399
2012-05-31;-0.00217508;-0.00217317
2012-06-01;-0.02460025;-0.02459833
2012-06-04;0.00011863;0.00012521
2012-06-05;0.00575288;0.00575507
2012-06-06;0.02332723;0.02332969
2012-06-07;-0.00006580;-0.00006334
2012-06-08;0.00812976;0.00813223
2012-06-11;-0.01258159;-0.01257419
2012-06-12;0.01165718;0.01165992
2012-06-13;-0.00665709;-0.00665435
2012-06-14;0.01082778;0.01083080
2012-06-15;0.01033477;0.01033724
2012-06-18;0.00145039;0.00145861
2012-06-19;0.00983237;0.00983484
2012-06-20;-0.00164769;-0.00164522
2012-06-21;-0.02211281;-0.02211034
2012-06-22;0.00716780;0.00717027
2012-06-25;-0.01584970;-0.01584148
2012-06-26;0.00476941;0.00477215
2012-06-27;0.00921889;0.00922135
2012-06-28;-0.00206412;-0.00206165
2012-06-29;0.02495854;0.02496101
2012-07-02;0.00250740;0.00251562
2012-07-03;0.00645621;0.00645868
2012-07-05;-0.00468315;-0.00467877
2012-07-06;-0.00909038;-0.00908819
2012-07-09;-0.00163707;-0.00162967
2012-07-10;-0.00812013;-0.00811767
2012-07-11;0.00010266;0.00010540
2012-07-12;-0.00499240;-0.00498966
2012-07-13;0.01652188;0.01652462
2012-07-16;-0.00233107;-0.00232285
2012-07-17;0.00740514;0.00740788
2012-07-18;0.00682735;0.00682981
2012-07-19;0.00281796;0.00282043
2012-07-20;-0.01004507;-0.01004261
2012-07-23;-0.00890189;-0.00889367
2012-07-24;-0.00904047;-0.00903773
2012-07-25;-0.00030143;-0.00029869
2012-07-26;0.01656759;0.01657060
2012-07-27;0.01913297;0.01913599
2012-07-30;-0.00046329;-0.00045425
2012-07-31;-0.00431322;-0.00431020
2012-08-01;-0.00287954;-0.00287680
2012-08-02;-0.00729391;-0.00729144
2012-08-03;0.01915837;0.01916084
2012-08-06;0.00233944;0.00234765
2012-08-07;0.00511997;0.00512299
2012-08-08;0.00093108;0.00093409
2012-08-09;0.00084407;0.00084708
2012-08-10;0.00221235;0.00221509
2012-08-13;-0.00107382;-0.00106478
2012-08-14;0.00004009;0.00004311
2012-08-15;0.00149368;0.00149614
2012-08-16;0.00717228;0.00717474
2012-08-17;0.00187033;0.00187279
2012-08-20;-0.00001884;-0.00000980
2012-08-21;-0.00348004;-0.00347702
2012-08-22;0.00028364;0.00028665
2012-08-23;-0.00806224;-0.00805923
2012-08-24;0.00659431;0.00659705
2012-08-27;-0.00049498;-0.00048594
2012-08-28;-0.00074970;-0.00074697
2012-08-29;0.00107857;0.00108185
2012-08-30;-0.00767646;-0.00767372
2012-08-31;0.00508134;0.00508380
2012-09-04;-0.00116121;-0.00115025
2012-09-05;-0.00081791;-0.00081489
2012-09-06;0.02056494;0.02056795
2012-09-07;0.00410144;0.00410446
2012-09-10;-0.00610246;-0.00609424
2012-09-11;0.00314253;0.00314527
2012-09-12;0.00235233;0.00235507
2012-09-13;0.01643951;0.01644225
2012-09-14;0.00396203;0.00396504
2012-09-17;-0.00309367;-0.00308463
2012-09-18;-0.00126434;-0.00126160
2012-09-19;0.00119740;0.00120042
2012-09-20;-0.00039738;-0.00039437
2012-09-21;-0.00007953;-0.00007651
2012-09-24;-0.00224887;-0.00223982
2012-09-25;-0.01039360;-0.01039059
2012-09-26;-0.00553612;-0.00553311
2012-09-27;0.00971604;0.00971851
2012-09-28;-0.00447950;-0.00447676
2012-10-01;0.00268382;0.00269122
2012-10-02;0.00093583;0.00093829
2012-10-03;0.00384409;0.00384655
2012-10-04;0.00717715;0.00717989
2012-10-05;0.00001467;0.00001768
2012-10-08;-0.00347222;-0.00346318
2012-10-09;-0.00986616;-0.00986342
2012-10-10;-0.00611874;-0.00611600
2012-10-11;0.00035909;0.00036183
2012-10-12;-0.00295379;-0.00295078
2012-10-15;0.00806446;0.00807350
2012-10-16;0.01026817;0.01027064
2012-10-17;0.00423309;0.00423610
2012-10-18;-0.00239489;-0.00239215
2012-10-19;-0.01656036;-0.01655762
2012-10-22;0.00044932;0.00045754
2012-10-23;-0.01444828;-0.01444526
2012-10-24;-0.00308338;-0.00308036
2012-10-25;0.00300988;0.00301290
2012-10-26;-0.00073436;-0.00073108
2012-10-31;0.00026316;0.00027823
2012-11-01;0.01100266;0.01100513
2012-11-02;-0.00937236;-0.00936989
2012-11-05;0.00226741;0.00227645
2012-11-06;0.00787603;0.00787877
2012-11-07;-0.02282898;-0.02282624
2012-11-08;-0.01220398;-0.01220124
2012-11-09;0.00173856;0.00174102
2012-11-12;0.00011941;0.00012681
2012-11-13;-0.00367482;-0.00367181
2012-11-14;-0.01349109;-0.01348835
2012-11-15;-0.00152964;-0.00152745
2012-11-16;0.00493456;0.00493621
2012-11-19;0.01991528;0.01992268
2012-11-20;0.00074533;0.00074753
2012-11-21;0.00233251;0.00233525
2012-11-23;0.01316408;0.01316956
2012-11-26;-0.00201554;-0.00200733
2012-11-27;-0.00513636;-0.00513362
2012-11-28;0.00815293;0.00815567
2012-11-29;0.00442797;0.00443044
2012-11-30;0.00015709;0.00015928
2012-12-03;-0.00474840;-0.00474018
2012-12-04;-0.00169287;-0.00169013
2012-12-05;0.00189728;0.00190002
2012-12-06;0.00356129;0.00356403
2012-12-07;0.00299634;0.00299881
2012-12-10;0.00036484;0.00037224
2012-12-11;0.00654792;0.00655011
2012-12-12;0.00066707;0.00066899
2012-12-13;-0.00606959;-0.00606794
2012-12-14;-0.00409848;-0.00409738
2012-12-17;0.01187551;0.01187962
2012-12-18;0.01150315;0.01150479
2012-12-19;-0.00755828;-0.00755691
2012-12-20;0.00569986;0.00570150
2012-12-21;-0.00931328;-0.00931164
2012-12-24;-0.00232513;-0.00232020
2012-12-26;-0.00478815;-0.00478321
2012-12-27;-0.00103519;-0.00103299
2012-12-28;-0.01095011;-0.01094984
2012-12-31;0.01693488;0.01693899
2013-01-02;0.02559032;0.02559470
2013-01-03;-0.00209089;-0.00208870
2013-01-04;0.00486120;0.00486311
2013-01-07;-0.00312915;-0.00312340
2013-01-08;-0.00290924;-0.00290732
2013-01-09;0.00267204;0.00267369
2013-01-10;0.00759280;0.00759444
2013-01-11;0.00006189;0.00006381
2013-01-14;-0.00094789;-0.00094131
2013-01-15;0.00112940;0.00113186
2013-01-16;0.00031284;0.00031503
2013-01-17;0.00564527;0.00564719
2013-01-18;0.00341550;0.00341769
2013-01-22;0.00445602;0.00446479
2013-01-23;0.00152455;0.00152674
2013-01-24;0.00003395;0.00003615
2013-01-25;0.00544248;0.00544468
2013-01-28;-0.00183235;-0.00182659
2013-01-29;0.00515387;0.00515579
2013-01-30;-0.00364853;-0.00364661
2013-01-31;-0.00250689;-0.00250498
2013-02-01;0.01007176;0.01007340
2013-02-04;-0.01153103;-0.01152528
2013-02-05;0.01053209;0.01053400
2013-02-06;0.00066966;0.00067158
2013-02-07;-0.00139881;-0.00139689
2013-02-08;0.00564786;0.00564978
2013-02-11;-0.00056728;-0.00055988
2013-02-12;0.00164395;0.00164641
2013-02-13;0.00105377;0.00105651
2013-02-14;0.00080580;0.00080881
2013-02-15;-0.00096032;-0.00095758
2013-02-19;0.00747112;0.00748427
2013-02-20;-0.01236306;-0.01235978
2013-02-21;-0.00608523;-0.00608166
2013-02-22;0.00891489;0.00891846
2013-02-25;-0.01832775;-0.01831789
2013-02-26;0.00626175;0.00626558
2013-02-27;0.01296756;0.01297057
2013-02-28;-0.00082451;-0.00082149
2013-03-01;0.00233971;0.00234272
2013-03-04;0.00460373;0.00461277
2013-03-05;0.00959590;0.00959809
2013-03-06;0.00136584;0.00136858
2013-03-07;0.00190846;0.00191120
2013-03-08;0.00454869;0.00455143
2013-03-11;0.00332707;0.00333529
2013-03-12;-0.00235819;-0.00235545
2013-03-13;0.00164625;0.00164871
2013-03-14;0.00562084;0.00562358
2013-03-15;-0.00162857;-0.00162611
2013-03-18;-0.00550932;-0.00550357
2013-03-19;-0.00241010;-0.00240819
2013-03-20;0.00670531;0.00670723
2013-03-21;-0.00826803;-0.00826611
2013-03-22;0.00716707;0.00716899
2013-03-25;-0.00335021;-0.00334364
2013-03-26;0.00811864;0.00812056
2013-03-27;-0.00053693;-0.00053446
2013-03-28;0.00405583;0.00405774
2013-04-01;-0.00442791;-0.00441914
2013-04-02;0.00517415;0.00517607
2013-04-03;-0.01036751;-0.01036586
2013-04-04;0.00411153;0.00411344
2013-04-05;-0.00429110;-0.00428918
2013-04-08;0.00662026;0.00662601
2013-04-09;0.00354219;0.00354383
2013-04-10;0.01225598;0.01225790
2013-04-11;0.00363634;0.00363826
2013-04-12;-0.00281704;-0.00281540
2013-04-15;-0.02297745;-0.02297252
2013-04-16;0.01430023;0.01430187
2013-04-17;-0.01432851;-0.01432687
2013-04-18;-0.00667358;-0.00667221
2013-04-19;0.00888896;0.00889033
2013-04-22;0.00467001;0.00467412
2013-04-23;0.01041398;0.01041535
2013-04-24;0.00012908;0.00013072
2013-04-25;0.00406491;0.00406628
2013-04-26;-0.00180247;-0.00180110
2013-04-29;0.00719624;0.00720035
2013-04-30;0.00249282;0.00249419
2013-05-01;-0.00926184;-0.00926019
2013-05-02;0.00948450;0.00948587
2013-05-03;0.01064187;0.01064324
2013-05-06;0.00190414;0.00190743
2013-05-07;0.00528492;0.00528602
2013-05-08;0.00457176;0.00457285
2013-05-09;-0.00322713;-0.00322604
2013-05-10;0.00432940;0.00433050
2013-05-13;0.00012851;0.00013262
2013-05-14;0.01035584;0.01035721
2013-05-15;0.00542641;0.00542751
2013-05-16;-0.00496702;-0.00496620
2013-05-17;0.01031727;0.01031837
2013-05-20;-0.00069740;-0.00069329
2013-05-21;0.00174582;0.00174692
2013-05-22;-0.00816016;-0.00815907
2013-05-23;-0.00278336;-0.00278199
2013-05-24;-0.00053321;-0.00053212
2013-05-28;0.00634235;0.00634783
2013-05-29;-0.00689679;-0.00689542
2013-05-30;0.00383579;0.00383689
2013-05-31;-0.01430681;-0.01430571
2013-06-03;0.00602933;0.00603344
2013-06-04;-0.00546930;-0.00546820
2013-06-05;-0.01353830;-0.01353693
2013-06-06;0.00862608;0.00862745
2013-06-07;0.01284593;0.01284703
2013-06-10;-0.00029475;-0.00029064
2013-06-11;-0.01015219;-0.01015082
2013-06-12;-0.00813698;-0.00813561
2013-06-13;0.01492877;0.01493014
2013-06-14;-0.00588823;-0.00588687
2013-06-17;0.00757356;0.00757767
2013-06-18;0.00780169;0.00780306
2013-06-19;-0.01384719;-0.01384582
2013-06-20;-0.02485749;-0.02485612
2013-06-21;0.00266935;0.00267072
2013-06-24;-0.01215595;-0.01215102
2013-06-25;0.00959273;0.00959438
2013-06-26;0.00979257;0.00979421
2013-06-27;0.00628106;0.00628270
2013-06-28;-0.00428535;-0.00428426
2013-07-01;0.00551600;0.00551928
2013-07-02;-0.00032719;-0.00032637
2013-07-03;0.00082380;0.00082517
2013-07-05;0.01020022;0.01020242
2013-07-08;0.00554048;0.00554459
2013-07-09;0.00724331;0.00724441
2013-07-10;0.00022191;0.00022301
2013-07-11;0.01365641;0.01365751
2013-07-12;0.00308264;0.00308373
2013-07-15;0.00136819;0.00137148
2013-07-16;-0.00371382;-0.00371300
2013-07-17;0.00288246;0.00288329
2013-07-18;0.00514152;0.00514235
2013-07-19;0.00163660;0.00163742
2013-07-22;0.00204343;0.00204672
2013-07-23;-0.00185487;-0.00185432
2013-07-24;-0.00380090;-0.00380008
2013-07-25;0.00257157;0.00257211
2013-07-26;0.00082976;0.00083058
2013-07-29;-0.00368813;-0.00368566
2013-07-30;0.00040775;0.00040884
2013-07-31;0.00001034;0.00001143
2013-08-01;0.01263835;0.01263945
2013-08-02;0.00165838;0.00165948
2013-08-05;-0.00139206;-0.00138796
2013-08-06;-0.00569436;-0.00569327
2013-08-07;-0.00349332;-0.00349195
2013-08-08;0.00411095;0.00411232
2013-08-09;-0.00338520;-0.00338383
2013-08-12;-0.00113074;-0.00112581
2013-08-13;0.00299436;0.00299600
2013-08-14;-0.00498267;-0.00498130
2013-08-15;-0.01411935;-0.01411798
2013-08-16;-0.00325650;-0.00325513
2013-08-19;-0.00584283;-0.00583789
2013-08-20;0.00385670;0.00385779
2013-08-21;-0.00573123;-0.00573013
2013-08-22;0.00862370;0.00862452
2013-08-23;0.00409901;0.00409983
2013-08-26;-0.00403664;-0.00403336
2013-08-27;-0.01588055;-0.01587918
2013-08-28;0.00293875;0.00293957
2013-08-29;0.00210274;0.00210329
2013-08-30;-0.00308709;-0.00308626
2013-09-03;0.00420814;0.00421033
2013-09-04;0.00834676;0.00834730
2013-09-05;0.00123666;0.00123721
2013-09-06;0.00017724;0.00017779
2013-09-09;0.01004413;0.01004578
2013-09-10;0.00735124;0.00735179
2013-09-11;0.00318942;0.00318997
2013-09-12;-0.00309757;-0.00309730
2013-09-13;0.00271967;0.00271995
2013-09-16;0.00569067;0.00569232
2013-09-17;0.00422980;0.00423008
2013-09-18;0.01218960;0.01218987
2013-09-19;-0.00169225;-0.00169198
2013-09-20;-0.00721014;-0.00720986
2013-09-23;-0.00472297;-0.00472133
2013-09-24;-0.00249663;-0.00249608
2013-09-25;-0.00271426;-0.00271371
2013-09-26;0.00367442;0.00367442
2013-09-27;-0.00401842;-0.00401788
2013-09-30;-0.00599102;-0.00598937
2013-10-01;0.00806372;0.00806426
2013-10-02;-0.00047529;-0.00047474
2013-10-03;-0.00898072;-0.00897990
2013-10-04;0.00708716;0.00708798
2013-10-07;-0.00851322;-0.00851075
2013-10-08;-0.01203114;-0.01202977
2013-10-09;0.00067005;0.00067142
2013-10-10;0.02198562;0.02198699
2013-10-11;0.00628222;0.00628441
2013-10-14;0.00406799;0.00407456
2013-10-15;-0.00706899;-0.00706516
2013-10-16;0.01393539;0.01393813
2013-10-17;0.00678797;0.00678934
2013-10-18;0.00657122;0.00657231
2013-10-21;0.00009366;0.00009695
2013-10-22;0.00573816;0.00573925
2013-10-23;-0.00471906;-0.00471797
2013-10-24;0.00327054;0.00327136
2013-10-25;0.00439079;0.00439188
2013-10-28;0.00132719;0.00133048
2013-10-29;0.00563663;0.00563773
2013-10-30;-0.00479906;-0.00479796
2013-10-31;-0.00376183;-0.00376073
2013-11-01;0.00290321;0.00290431
2013-11-04;0.00356791;0.00357202
2013-11-05;-0.00269763;-0.00269626
2013-11-06;0.00481265;0.00481402
2013-11-07;-0.01296010;-0.01295873
2013-11-08;0.01343702;0.01343867
2013-11-11;0.00071576;0.00072069
2013-11-12;-0.00231126;-0.00230907
2013-11-13;0.00839170;0.00839389
2013-11-14;0.00501841;0.00502061
2013-11-15;0.00422544;0.00422763
2013-11-18;-0.00366229;-0.00365489
2013-11-19;-0.00185720;-0.00185501
2013-11-20;-0.00359215;-0.00358996
2013-11-21;0.00818929;0.00819120
2013-11-22;0.00509236;0.00509428
2013-11-25;-0.00125361;-0.00124703
2013-11-26;0.00025341;0.00025532
2013-11-27;0.00271665;0.00271857
2013-11-29;-0.00075493;-0.00075164
2013-12-02;-0.00268789;-0.00268378
2013-12-03;-0.00313839;-0.00313674
2013-12-04;-0.00104868;-0.00104704
2013-12-05;-0.00430984;-0.00430820
2013-12-06;0.01132624;0.01132789
2013-12-09;0.00184379;0.00184954
2013-12-10;-0.00317360;-0.00317168
2013-12-11;-0.01121224;-0.01121032
2013-12-12;-0.00350781;-0.00350589
2013-12-13;-0.00008554;-0.00008362
2013-12-16;0.00632085;0.00632660
2013-12-17;-0.00309232;-0.00309040
2013-12-18;0.01667990;0.01668182
2013-12-19;-0.00044724;-0.00044560
2013-12-20;0.00481715;0.00481907
2013-12-23;0.00545817;0.00546392
2013-12-24;0.00302580;0.00302772
2013-12-26;0.00473750;0.00474134
2013-12-27;-0.00015218;-0.00015026
2013-12-30;-0.00012051;-0.00011476
2013-12-31;0.00402063;0.00402255
2014-01-02;-0.00872407;-0.00872023
2014-01-03;-0.00031114;-0.00030922
2014-01-06;-0.00250554;-0.00250143
2014-01-07;0.00609008;0.00609118
2014-01-08;0.00008466;0.00008603
2014-01-09;0.00033965;0.00034074
2014-01-10;0.00230659;0.00230796
2014-01-13;-0.01247461;-0.01247215
2014-01-14;0.01081998;0.01082108
2014-01-15;0.00518997;0.00519106
2014-01-16;-0.00132620;-0.00132510
2014-01-17;-0.00388153;-0.00388016
2014-01-21;0.00278448;0.00278887
2014-01-22;0.00069190;0.00069300
2014-01-23;-0.00887972;-0.00887862
2014-01-24;-0.02087036;-0.02086927
2014-01-27;-0.00485408;-0.00484997
2014-01-28;0.00613696;0.00613833
2014-01-29;-0.01010490;-0.01010381
2014-01-30;0.01132315;0.01132369
2014-01-31;-0.00646784;-0.00646729
2014-02-03;-0.02284059;-0.02283648
2014-02-04;0.00769177;0.00769341
2014-02-05;-0.00173293;-0.00173101
2014-02-06;0.01295028;0.01295220
2014-02-07;0.01329889;0.01330109
2014-02-10;0.00158000;0.00158575
2014-02-11;0.01111026;0.01111163
2014-02-12;0.00021990;0.00022127
2014-02-13;0.00591203;0.00591285
2014-02-14;0.00488993;0.00489048
2014-02-18;0.00130227;0.00130775
2014-02-19;-0.00647842;-0.00647677
2014-02-20;0.00620980;0.00621117
2014-02-21;-0.00178864;-0.00178727
2014-02-24;0.00618801;0.00619212
2014-02-25;-0.00132967;-0.00132830
2014-02-26;0.00021355;0.00021492
2014-02-27;0.00508559;0.00508668
2014-02-28;0.00279176;0.00279313
2014-03-03;-0.00733798;-0.00733387
2014-03-04;0.01528178;0.01528315
2014-03-05;0.00013279;0.00013443
2014-03-06;0.00189055;0.00189192
2014-03-07;0.00061173;0.00061338
2014-03-10;-0.00040897;-0.00040486
2014-03-11;-0.00504585;-0.00504448
2014-03-12;0.00056149;0.00056286
2014-03-13;-0.01157762;-0.01157625
2014-03-14;-0.00279851;-0.00279714
2014-03-17;0.00960409;0.00960902
2014-03-18;0.00724212;0.00724349
2014-03-19;-0.00613579;-0.00613414
2014-03-20;0.00605318;0.00605482
2014-03-21;-0.00293218;-0.00293054
2014-03-24;-0.00487435;-0.00486942
2014-03-25;0.00450176;0.00450312
2014-03-26;-0.00697442;-0.00697305
2014-03-27;-0.00173108;-0.00172998
2014-03-28;0.00467713;0.00467823
2014-03-31;0.00795710;0.00796121
2014-04-01;0.00710702;0.00710812
2014-04-02;0.00302444;0.00302499
2014-04-03;-0.00111690;-0.00111635
2014-04-04;-0.01250714;-0.01250632
2014-04-07;-0.01075327;-0.01075080
2014-04-08;0.00407568;0.00407650
2014-04-09;0.01100320;0.01100430
2014-04-10;-0.02088464;-0.02088355
2014-04-11;-0.00938894;-0.00938784
2014-04-14;0.00821430;0.00821759
2014-04-15;0.00675452;0.00675562
2014-04-16;0.01051333;0.01051443
2014-04-17;0.00140489;0.00140571
2014-04-21;0.00377695;0.00378133
2014-04-22;0.00409170;0.00409252
2014-04-23;-0.00208999;-0.00208944
2014-04-24;0.00173809;0.00173837
2014-04-25;-0.00809620;-0.00809538
2014-04-28;0.00328948;0.00329195
2014-04-29;0.00477519;0.00477574
2014-04-30;0.00303546;0.00303629
2014-05-01;-0.00007920;-0.00007838
2014-05-02;-0.00135239;-0.00135184
2014-05-05;0.00194136;0.00194382
2014-05-06;-0.00897039;-0.00896957
2014-05-07;0.00604165;0.00604247
2014-05-08;-0.00112594;-0.00112512
2014-05-09;0.00169723;0.00169805
2014-05-12;0.00970289;0.00970536
2014-05-13;0.00066548;0.00066630
2014-05-14;-0.00451095;-0.00451013
2014-05-15;-0.00917716;-0.00917634
2014-05-16;0.00374890;0.00374972
2014-05-19;0.00391201;0.00391448
2014-05-20;-0.00646889;-0.00646807
2014-05-21;0.00825630;0.00825740
2014-05-22;0.00249840;0.00249922
2014-05-23;0.00425934;0.00426044
2014-05-27;0.00598344;0.00598783
2014-05-28;-0.00096016;-0.00095907
2014-05-29;0.00549066;0.00549176
2014-05-30;0.00184795;0.00184905
2014-06-02;0.00080986;0.00081314
2014-06-03;-0.00033030;-0.00032921
2014-06-04;0.00206764;0.00206873
2014-06-05;0.00658874;0.00658983
2014-06-06;0.00477176;0.00477285
2014-06-09;0.00097991;0.00098320
2014-06-10;-0.00024364;-0.00024254
2014-06-11;-0.00342920;-0.00342811
2014-06-12;-0.00680792;-0.00680682
2014-06-13;0.00314669;0.00314778
2014-06-16;0.00083509;0.00083837
2014-06-17;0.00218816;0.00218925
2014-06-18;0.00772778;0.00772860
2014-06-19;0.00141384;0.00141439
2014-06-20;0.00173302;0.00173357
2014-06-23;-0.00013759;-0.00013513
2014-06-24;-0.00635129;-0.00635047
2014-06-25;0.00492002;0.00492084
2014-06-26;-0.00101148;-0.00101038
2014-06-27;0.00196264;0.00196347
2014-06-30;-0.00033831;-0.00033502
2014-07-01;0.00685811;0.00685866
2014-07-02;0.00071331;0.00071386
2014-07-03;0.00547962;0.00547989
2014-07-07;-0.00389676;-0.00389238
2014-07-08;-0.00675914;-0.00675832
2014-07-09;0.00470162;0.00470244
2014-07-10;-0.00413689;-0.00413634
2014-07-11;0.00156666;0.00156721
2014-07-14;0.00483752;0.00483999
2014-07-15;-0.00192974;-0.00192919
2014-07-16;0.00431503;0.00431558
2014-07-17;-0.01173899;-0.01173844
2014-07-18;0.01026859;0.01026913
2014-07-21;-0.00229905;-0.00229659
2014-07-22;0.00501403;0.00501486
2014-07-23;0.00176215;0.00176298
2014-07-24;0.00049666;0.00049749
2014-07-25;-0.00483344;-0.00483262
2014-07-28;0.00028355;0.00028683
2014-07-29;-0.00448191;-0.00448136
2014-07-30;0.00022085;0.00022194
2014-07-31;-0.01993867;-0.01993785
2014-08-01;-0.00286014;-0.00285931
2014-08-04;0.00718498;0.00718826
2014-08-05;-0.00959541;-0.00959459
2014-08-06;0.00031581;0.00031663
2014-08-07;-0.00531879;-0.00531797
2014-08-08;0.01155434;0.01155516
2014-08-11;0.00293347;0.00293676
2014-08-12;-0.00158624;-0.00158542
2014-08-13;0.00696176;0.00696285
2014-08-14;0.00439409;0.00439518
2014-08-15;0.00005357;0.00005439
2014-08-18;0.00858653;0.00858899
2014-08-19;0.00519725;0.00519807
2014-08-20;0.00254049;0.00254159
2014-08-21;0.00297220;0.00297275
2014-08-22;-0.00186122;-0.00186040
2014-08-25;0.00479384;0.00479712
2014-08-26;0.00105732;0.00105815
2014-08-27;0.00025278;0.00025388
2014-08-28;-0.00155912;-0.00155830
2014-08-29;0.00339855;0.00339937
2014-09-02;-0.00050776;-0.00050447
2014-09-03;-0.00059864;-0.00059782
2014-09-04;-0.00150850;-0.00150768
2014-09-05;0.00505798;0.00505880
2014-09-08;-0.00290971;-0.00290807
2014-09-09;-0.00652971;-0.00652916
2014-09-10;0.00374558;0.00374612
2014-09-11;0.00115685;0.00115740
2014-09-12;-0.00594362;-0.00594307
2014-09-15;-0.00071021;-0.00070856
2014-09-16;0.00749576;0.00749631
2014-09-17;0.00131672;0.00131727
2014-09-18;0.00502855;0.00502910
2014-09-19;-0.00046673;-0.00046618
2014-09-22;-0.00802017;-0.00801935
2014-09-23;-0.00567603;-0.00567575
2014-09-24;0.00784773;0.00784828
2014-09-25;-0.01617121;-0.01617094
2014-09-26;0.00876133;0.00876161
2014-09-29;-0.00246933;-0.00246769
2014-09-30;-0.00273421;-0.00273367
2014-10-01;-0.01316135;-0.01316080
2014-10-02;0.00008808;0.00008835
2014-10-03;0.01117881;0.01117908
2014-10-06;-0.00154717;-0.00154553
2014-10-07;-0.01512503;-0.01512448
2014-10-08;0.01780627;0.01780655
2014-10-09;-0.02061216;-0.02061188
2014-10-10;-0.01135354;-0.01135327
2014-10-13;-0.01647641;-0.01647559
2014-10-14;0.00158372;0.00158426
2014-10-15;-0.00800847;-0.00800793
2014-10-16;0.00017693;0.00017776
2014-10-17;0.01288170;0.01288225
2014-10-20;0.00915120;0.00915285
2014-10-21;0.01959193;0.01959248
2014-10-22;-0.00718831;-0.00718777
2014-10-23;0.01230188;0.01230216
2014-10-24;0.00706053;0.00706081
2014-10-27;-0.00150105;-0.00149941
2014-10-28;0.01193388;0.01193443
2014-10-29;-0.00128204;-0.00128122
2014-10-30;0.00629738;0.00629766
2014-10-31;0.01173454;0.01173481
2014-11-03;-0.00011881;-0.00011717
2014-11-04;-0.00282915;-0.00282833
2014-11-05;0.00604766;0.00604848
2014-11-06;0.00407974;0.00408057
2014-11-07;0.00053956;0.00054038
2014-11-10;0.00317182;0.00317346
2014-11-11;0.00069372;0.00069427
2014-11-12;-0.00041613;-0.00041558
2014-11-13;0.00061022;0.00061077
2014-11-14;0.00035740;0.00035795
2014-11-17;0.00078106;0.00078353
2014-11-18;0.00533035;0.00533090
2014-11-19;-0.00144039;-0.00144012
2014-11-20;0.00200697;0.00200751
2014-11-21;0.00537399;0.00537427
2014-11-24;0.00287056;0.00287221
2014-11-25;-0.00104455;-0.00104400
2014-11-26;0.00303703;0.00303758
2014-11-28;-0.00250201;-0.00250092
2014-12-01;-0.00679580;-0.00679334
2014-12-02;0.00643425;0.00643507
2014-12-03;0.00402431;0.00402459
2014-12-04;-0.00114678;-0.00114623
2014-12-05;0.00167109;0.00167164
2014-12-08;-0.00711817;-0.00711571
2014-12-09;-0.00234662;-0.00234552
2014-12-10;-0.01419850;-0.01419767
2014-12-11;0.00480362;0.00480444
2014-12-12;-0.01617620;-0.01617566
2014-12-15;-0.00632337;-0.00632008
2014-12-16;-0.00849457;-0.00849375
2014-12-17;0.02040147;0.02040229
2014-12-18;0.02416947;0.02417056
2014-12-19;0.00457050;0.00457159
2014-12-22;0.00394108;0.00394519
2014-12-23;0.00179540;0.00179622
2014-12-24;-0.00010453;-0.00010426
2014-12-26;0.00330499;0.00330554
2014-12-29;0.00102500;0.00102747
2014-12-30;-0.00477416;-0.00477334
2014-12-31;-0.01030839;-0.01030730
2015-01-02;-0.00020655;-0.00020546
2015-01-05;-0.01822415;-0.01822168
2015-01-06;-0.00889186;-0.00889103
2015-01-07;0.01194117;0.01194199
2015-01-08;0.01790647;0.01790729
2015-01-09;-0.00840242;-0.00840188
2015-01-12;-0.00810023;-0.00809776
2015-01-13;-0.00248164;-0.00248082
2015-01-14;-0.00578529;-0.00578420
2015-01-15;-0.00922461;-0.00922379
2015-01-16;0.01343289;0.01343371
2015-01-20;0.00157021;0.00157350
2015-01-21;0.00484932;0.00485015
2015-01-22;0.01527540;0.01527623
2015-01-23;-0.00549114;-0.00549060
2015-01-26;0.00256907;0.00257154
2015-01-27;-0.01338903;-0.01338849
2015-01-28;-0.01341740;-0.01341685
2015-01-29;0.00960452;0.00960534
2015-01-30;-0.01297910;-0.01297855
2015-02-02;0.01298121;0.01298286
2015-02-03;0.01446118;0.01446172
2015-02-04;-0.00386130;-0.00386103
2015-02-05;0.01048957;0.01049011
2015-02-06;-0.00315150;-0.00315095
2015-02-09;-0.00420794;-0.00420712
2015-02-10;0.01072134;0.01072161
2015-02-11;0.00031405;0.00031432
2015-02-12;0.00988473;0.00988527
2015-02-13;0.00415605;0.00415632
2015-02-17;0.00174371;0.00174590
2015-02-18;-0.00027217;-0.00027162
2015-02-19;-0.00090260;-0.00090205
2015-02-20;0.00624700;0.00624755
2015-02-23;-0.00030155;-0.00029990
2015-02-24;0.00278760;0.00278815
2015-02-25;-0.00059959;-0.00059904
2015-02-26;-0.00131617;-0.00131535
2015-02-27;-0.00294998;-0.00294943
2015-03-02;0.00617403;0.00617568
2015-03-03;-0.00452909;-0.00452854
2015-03-04;-0.00418531;-0.00418504
2015-03-05;0.00123700;0.00123754
2015-03-06;-0.01405190;-0.01405163
2015-03-09;0.00403249;0.00403413
2015-03-10;-0.01690014;-0.01689959
2015-03-11;-0.00176706;-0.00176623
2015-03-12;0.01285448;0.01285530
2015-03-13;-0.00605365;-0.00605283
2015-03-16;0.01354258;0.01354669
2015-03-17;-0.00332389;-0.00332252
2015-03-18;0.01218103;0.01218186
2015-03-19;-0.00486368;-0.00486286
2015-03-20;0.00901249;0.00901276
2015-03-23;-0.00175430;-0.00175183
2015-03-24;-0.00605855;-0.00605800
2015-03-25;-0.01453883;-0.01453773
2015-03-26;-0.00235560;-0.00235478
2015-03-27;0.00255898;0.00256008
2015-03-30;0.01231987;0.01232316
2015-03-31;-0.00869851;-0.00869768
2015-04-01;-0.00384215;-0.00384133
2015-04-02;0.00355364;0.00355419
2015-04-06;0.00660552;0.00660880
2015-04-07;-0.00204461;-0.00204406
2015-04-08;0.00306151;0.00306233
2015-04-09;0.00445568;0.00445650
2015-04-10;0.00519714;0.00519769
2015-04-13;-0.00449882;-0.00449635
2015-04-14;0.00163006;0.00163061
2015-04-15;0.00514883;0.00514938
2015-04-16;-0.00075780;-0.00075725
2015-04-17;-0.01131233;-0.01131205
2015-04-20;0.00925247;0.00925493
2015-04-21;-0.00146868;-0.00146786
2015-04-22;0.00511876;0.00511958
2015-04-23;0.00245222;0.00245305
2015-04-24;0.00225348;0.00225430
2015-04-27;-0.00414560;-0.00414396
2015-04-28;0.00285791;0.00285846
2015-04-29;-0.00367593;-0.00367566
2015-04-30;-0.01008233;-0.01008205
2015-05-01;0.01092243;0.01092271
2015-05-04;0.00293048;0.00293213
2015-05-05;-0.01174754;-0.01174726
2015-05-06;-0.00408361;-0.00408306
2015-05-07;0.00402264;0.00402291
2015-05-08;0.01347618;0.01347645
2015-05-11;-0.00489844;-0.00489679
2015-05-12;-0.00289821;-0.00289738
2015-05-13;-0.00008772;-0.00008717
2015-05-14;0.01089085;0.01089113
2015-05-15;0.00088443;0.00088498
2015-05-18;0.00309782;0.00309946
2015-05-19;-0.00044542;-0.00044487
2015-05-20;-0.00082510;-0.00082455
2015-05-21;0.00247512;0.00247566
2015-05-22;-0.00222474;-0.00222420
2015-05-26;-0.01027448;-0.01027229
2015-05-27;0.00932611;0.00932638
2015-05-28;-0.00109655;-0.00109627
2015-05-29;-0.00629462;-0.00629434
2015-06-01;0.00215390;0.00215554
2015-06-02;-0.00096127;-0.00096099
2015-06-03;0.00230255;0.00230310
2015-06-04;-0.00860719;-0.00860665
2015-06-05;-0.00139765;-0.00139682
2015-06-08;-0.00631393;-0.00631229
2015-06-09;0.00044268;0.00044323
2015-06-10;0.01210736;0.01210791
2015-06-11;0.00202624;0.00202652
2015-06-12;-0.00693752;-0.00693697
2015-06-15;-0.00460880;-0.00460715
2015-06-16;0.00570282;0.00570310
2015-06-17;0.00200053;0.00200080
2015-06-18;0.01002745;0.01002773
2015-06-19;-0.00530383;-0.00530356
2015-06-22;0.00608730;0.00608812
2015-06-23;0.00071639;0.00071666
2015-06-24;-0.00732542;-0.00732515
2015-06-25;-0.00293411;-0.00293384
2015-06-26;-0.00021572;-0.00021545
2015-06-29;-0.02077570;-0.02077406
2015-06-30;0.00271756;0.00271783
2015-07-01;0.00718100;0.00718128
2015-07-02;-0.00031443;-0.00031415
2015-07-06;-0.00383854;-0.00383635
2015-07-07;0.00608791;0.00608846
2015-07-08;-0.01636070;-0.01636015
2015-07-09;0.00226515;0.00226597
2015-07-10;0.01233627;0.01233654
2015-07-13;0.01114766;0.01114930
2015-07-14;0.00446001;0.00446029
2015-07-15;-0.00072237;-0.00072182
2015-07-16;0.00803497;0.00803551
2015-07-17;0.00110870;0.00110952
2015-07-20;0.00078614;0.00078943
2015-07-21;-0.00422933;-0.00422850
2015-07-22;-0.00228461;-0.00228351
2015-07-23;-0.00561373;-0.00561290
2015-07-24;-0.01070246;-0.01070136
2015-07-27;-0.00578107;-0.00577696
2015-07-28;0.01238983;0.01239120
2015-07-29;0.00743831;0.00743995
2015-07-30;0.00010630;0.00010822
2015-07-31;-0.00226808;-0.00226589
2015-08-03;-0.00276658;-0.00276000
2015-08-04;-0.00222543;-0.00222324
2015-08-05;0.00349137;0.00349356
2015-08-06;-0.00747604;-0.00747494
2015-08-07;-0.00284226;-0.00284062
2015-08-10;0.01281569;0.01282555
2015-08-11;-0.00937799;-0.00937525
2015-08-12;0.00117583;0.00117857
2015-08-13;-0.00112687;-0.00112413
2015-08-14;0.00391223;0.00391470
2015-08-17;0.00538550;0.00539371
2015-08-18;-0.00244030;-0.00243838
2015-08-19;-0.00819436;-0.00819299
2015-08-20;-0.02109772;-0.02109717
2015-08-21;-0.03169728;-0.03169646
2015-08-24;-0.03939625;-0.03939131
2015-08-25;-0.01351500;-0.01351308
2015-08-26;0.03911118;0.03911282
2015-08-27;0.02439982;0.02440147
2015-08-28;0.00072842;0.00073007
2015-08-31;-0.00828855;-0.00828197
2015-09-01;-0.02953221;-0.02953139
2015-09-02;0.01846235;0.01846317
2015-09-03;0.00121636;0.00121690
2015-09-04;-0.01525369;-0.01525314
2015-09-08;0.02518891;0.02519549
2015-09-09;-0.01381613;-0.01381531
2015-09-10;0.00535963;0.00536018
2015-09-11;0.00479548;0.00479657
2015-09-14;-0.00403781;-0.00403206
2015-09-15;0.01284038;0.01284230
2015-09-16;0.00874087;0.00874252
2015-09-17;-0.00239726;-0.00239699
2015-09-18;-0.01615579;-0.01615607
2015-09-21;0.00456887;0.00456969
2015-09-22;-0.01229498;-0.01229525
2015-09-23;-0.00199903;-0.00199876
2015-09-24;-0.00336560;-0.00336532
2015-09-25;-0.00046386;-0.00046414
2015-09-28;-0.02538467;-0.02538385
2015-09-29;0.00128975;0.00129002
2015-09-30;0.01913553;0.01913525
2015-10-01;0.00204335;0.00204280
2015-10-02;0.01441330;0.01441330
2015-10-05;0.01833712;0.01833794
2015-10-06;-0.00359537;-0.00359537
2015-10-07;0.00842481;0.00842481
2015-10-08;0.00882055;0.00882028
2015-10-09;0.00075593;0.00075620
2015-10-12;0.00126578;0.00126660
2015-10-13;-0.00672883;-0.00672856
2015-10-14;-0.00466065;-0.00466065
2015-10-15;0.01490440;0.01490467
2015-10-16;0.00456712;0.00456740
2015-10-19;0.00027804;0.00027969
2015-10-20;-0.00139755;-0.00139700
2015-10-21;-0.00569880;-0.00569853
2015-10-22;0.01665096;0.01665096
2015-10-23;0.01103304;0.01103332
2015-10-26;-0.00191282;-0.00191118
2015-10-27;-0.00255508;-0.00255425
2015-10-28;0.01193057;0.01193167
2015-10-29;-0.00033791;-0.00033599
2015-10-30;-0.00481383;-0.00481164
2015-11-02;0.01186214;0.01186872
2015-11-03;0.00274068;0.00274232
2015-11-04;-0.00319317;-0.00319180
2015-11-05;-0.00093037;-0.00092900
2015-11-06;-0.00023673;-0.00023454
2015-11-09;-0.00963378;-0.00962227
2015-11-10;0.00176559;0.00176915
2015-11-11;-0.00323209;-0.00322853
2015-11-12;-0.01381754;-0.01381371
2015-11-13;-0.01120022;-0.01119666
2015-11-16;0.01506044;0.01507277
2015-11-17;-0.00113414;-0.00113031
2015-11-18;0.01623897;0.01624226
2015-11-19;-0.00108566;-0.00108265
2015-11-20;0.00395946;0.00396247
2015-11-23;-0.00121035;-0.00119884
2015-11-24;0.00124473;0.00124911
2015-11-25;-0.00003278;-0.00002757
2015-11-27;0.00080018;0.00080949
2015-11-30;-0.00461271;-0.00459463
2015-12-01;0.01075507;0.01076082
2015-12-02;-0.01077302;-0.01076726
2015-12-03;-0.01433909;-0.01433333
2015-12-04;0.02052389;0.02052992
2015-12-07;-0.00694325;-0.00691942
2015-12-08;-0.00641159;-0.00640419
2015-12-09;-0.00768522;-0.00767810
2015-12-10;0.00235297;0.00235955
2015-12-11;-0.01927258;-0.01926655
2015-12-14;0.00479585;0.00481722
2015-12-15;0.01061810;0.01062495
2015-12-16;0.01459764;0.01460504
2015-12-17;-0.01489544;-0.01488914
2015-12-18;-0.01780314;-0.01779794
2015-12-21;0.00787032;0.00789005
2015-12-22;0.00891440;0.00892015
2015-12-23;0.01248850;0.01249398
2015-12-24;-0.00160388;-0.00159841
2015-12-28;-0.00220560;-0.00218039
2015-12-29;0.01081661;0.01082291
2015-12-30;-0.00712378;-0.00711803
2015-12-31;-0.00941557;-0.00941118
2016-01-04;-0.01510662;-0.01508251
2016-01-05;0.00200642;0.00201190
2016-01-06;-0.01276894;-0.01276318
2016-01-07;-0.02368174;-0.02367626
2016-01-08;-0.01084010;-0.01083462
2016-01-11;0.00082795;0.00084521
2016-01-12;0.00779734;0.00780309
2016-01-13;-0.02486003;-0.02485400
2016-01-14;0.01670351;0.01671036
2016-01-15;-0.02156533;-0.02155902
2016-01-19;0.00050099;0.00052949
2016-01-20;-0.01155602;-0.01154890
2016-01-21;0.00521780;0.00522547
2016-01-22;0.02027609;0.02028431
2016-01-25;-0.01566350;-0.01563802
2016-01-26;0.01413660;0.01414509
2016-01-27;-0.01081115;-0.01080238
2016-01-28;0.00560686;0.00561617
2016-01-29;0.02477114;0.02477990
2016-02-01;-0.00044752;-0.00041875
2016-02-02;-0.01872511;-0.01871580
2016-02-03;0.00532515;0.00533419
2016-02-04;0.00171566;0.00172360
2016-02-05;-0.01843666;-0.01842871
2016-02-08;-0.01409384;-0.01406754
2016-02-09;-0.00046520;-0.00045698
2016-02-10;0.00014519;0.00015368
2016-02-11;-0.01212411;-0.01211644
2016-02-12;0.01961399;0.01962194
2016-02-16;0.01681165;0.01684453
2016-02-17;0.01657402;0.01658224
2016-02-18;-0.00462255;-0.00461433
2016-02-19;0.00010939;0.00011761
2016-02-22;0.01441992;0.01444704
2016-02-23;-0.01240548;-0.01239671
2016-02-24;0.00448042;0.00448947
2016-02-25;0.01158045;0.01158922
2016-02-26;-0.00176342;-0.00175466
2016-02-29;-0.00806259;-0.00803547
2016-03-01;0.02387616;0.02388520
2016-03-02;0.00426724;0.00427683
2016-03-03;0.00359162;0.00359901
2016-03-04;0.00331660;0.00332427
2016-03-07;0.00092122;0.00094752
2016-03-08;-0.01106585;-0.01105790
2016-03-09;0.00521651;0.00522473
2016-03-10;0.00020902;0.00021751
2016-03-11;0.01666517;0.01667393
2016-03-14;-0.00122841;-0.00120047
2016-03-15;-0.00183180;-0.00182248
2016-03-16;0.00565656;0.00566505
2016-03-17;0.00659628;0.00660423
2016-03-18;0.00439401;0.00440196
2016-03-21;0.00096042;0.00098590
2016-03-22;-0.00073369;-0.00072547
2016-03-23;-0.00639447;-0.00638625
2016-03-24;-0.00038598;-0.00037804
2016-03-28;0.00051449;0.00054627
2016-03-29;0.00901180;0.00901810
2016-03-30;0.00444677;0.00445225
2016-03-31;-0.00204322;-0.00203747
2016-04-01;0.00633036;0.00633666
2016-04-04;-0.00301620;-0.00299729
2016-04-05;-0.01014975;-0.01014345
2016-04-06;0.01086375;0.01087005
2016-04-07;-0.01194883;-0.01194253
2016-04-08;0.00278721;0.00279352
2016-04-11;-0.00276298;-0.00274408
2016-04-12;0.00968710;0.00969312
2016-04-13;0.01018145;0.01018775
2016-04-14;0.00026764;0.00027367
2016-04-15;-0.00099263;-0.00098660
2016-04-18;0.00653615;0.00655423
2016-04-19;0.00307463;0.00308038
2016-04-20;0.00081120;0.00081750
2016-04-21;-0.00517595;-0.00516965
2016-04-22;0.00004258;0.00004888
2016-04-25;-0.00183478;-0.00181424
2016-04-26;0.00186179;0.00186837
2016-04-27;0.00171607;0.00172264
2016-04-28;-0.00917118;-0.00916516
2016-04-29;-0.00506184;-0.00505581
2016-05-02;0.00779483;0.00781292
2016-05-03;-0.00865887;-0.00865312
2016-05-04;-0.00572968;-0.00572447
2016-05-05;-0.00000740;-0.00000192
2016-05-06;0.00330170;0.00330691
2016-05-09;0.00073836;0.00075808
2016-05-10;0.01249492;0.01250150
2016-05-11;-0.00904987;-0.00904275
2016-05-12;-0.00008127;-0.00007388
2016-05-13;-0.00840878;-0.00840111
2016-05-16;0.00986971;0.00989272
2016-05-17;-0.00911552;-0.00910785
2016-05-18;0.00034470;0.00035292
2016-05-19;-0.00370746;-0.00369924
2016-05-20;0.00616920;0.00617796
2016-05-23;-0.00208269;-0.00205392
2016-05-24;0.01369255;0.01370214
2016-05-25;0.00702545;0.00703449
2016-05-26;-0.00008112;-0.00007291
2016-05-27;0.00445708;0.00446557
2016-05-31;-0.00098393;-0.00094667
2016-06-01;0.00129104;0.00129926
2016-06-02;0.00293255;0.00294022
2016-06-03;-0.00291067;-0.00290272
2016-06-06;0.00489399;0.00491700
2016-06-07;0.00130107;0.00130874
2016-06-08;0.00350709;0.00351366
2016-06-09;-0.00168294;-0.00167609
2016-06-10;-0.00916958;-0.00916273
2016-06-13;-0.00784621;-0.00782402
2016-06-14;-0.00174059;-0.00173320
2016-06-15;-0.00177138;-0.00176425
2016-06-16;0.00328908;0.00329648
2016-06-17;-0.00326349;-0.00325637
2016-06-20;0.00578603;0.00580905
2016-06-21;0.00279237;0.00279977
2016-06-22;-0.00165321;-0.00164581
2016-06-23;0.01336819;0.01337641
2016-06-24;-0.03593131;-0.03592418
2016-06-27;-0.01812336;-0.01810116
2016-06-28;0.01798346;0.01799058
2016-06-29;0.01715104;0.01715816
2016-06-30;0.01355639;0.01356351
2016-07-01;0.00212515;0.00213255
2016-07-05;-0.00681788;-0.00678720
2016-07-06;0.00569742;0.00570482
2016-07-07;-0.00078272;-0.00077478
2016-07-08;0.01524821;0.01525560
2016-07-11;0.00337841;0.00340389
2016-07-12;0.00700388;0.00701183
2016-07-13;0.00021553;0.00022402
2016-07-14;0.00527101;0.00527950
2016-07-15;-0.00093609;-0.00092760
2016-07-18;0.00239064;0.00241694
2016-07-19;-0.00142247;-0.00141398
2016-07-20;0.00438534;0.00439411
2016-07-21;-0.00360667;-0.00359817
2016-07-22;0.00454784;0.00455660
2016-07-25;-0.00303703;-0.00301073
2016-07-26;0.00034046;0.00034895
2016-07-27;-0.00116981;-0.00116132
2016-07-28;0.00168358;0.00169043
2016-07-29;0.00163635;0.00164375
2016-08-01;-0.00130070;-0.00127686
2016-08-02;-0.00634431;-0.00633636
2016-08-03;0.00343130;0.00343897
2016-08-04;0.00045712;0.00046424
2016-08-05;0.00861430;0.00862170
2016-08-08;-0.00084631;-0.00082083
2016-08-09;0.00041858;0.00042653
2016-08-10;-0.00250417;-0.00249650
2016-08-11;0.00485864;0.00486631
2016-08-12;-0.00075548;-0.00074780
2016-08-15;0.00288207;0.00290755
2016-08-16;-0.00531077;-0.00530337
2016-08-17;0.00210625;0.00211447
2016-08-18;0.00221804;0.00222599
2016-08-19;-0.00131422;-0.00130627
2016-08-22;-0.00057519;-0.00055135
2016-08-23;0.00196814;0.00197636
2016-08-24;-0.00519584;-0.00518735
2016-08-25;-0.00135830;-0.00134926
2016-08-26;-0.00156637;-0.00155733
2016-08-29;0.00533085;0.00535797
2016-08-30;-0.00180222;-0.00179318
2016-08-31;-0.00220259;-0.00219355
2016-09-01;-0.00004008;-0.00003104
2016-09-02;0.00424399;0.00425276
2016-09-06;0.00295651;0.00299158
2016-09-07;0.00008515;0.00009447
2016-09-08;-0.00219169;-0.00218237
2016-09-09;-0.02452191;-0.02451260
2016-09-12;0.01469669;0.01472710
2016-09-13;-0.01453805;-0.01452819
2016-09-14;-0.00052830;-0.00051925
2016-09-15;0.01026546;0.01027340
2016-09-16;-0.00377275;-0.00376480
2016-09-19;-0.00003779;-0.00001314
2016-09-20;0.00029991;0.00030813
2016-09-21;0.01092141;0.01092743
2016-09-22;0.00650955;0.00651448
2016-09-23;-0.00574129;-0.00573636
2016-09-26;-0.00853168;-0.00851114
2016-09-27;0.00648235;0.00648947
2016-09-28;0.00550945;0.00551685
2016-09-29;-0.00930431;-0.00929719
2016-09-30;0.00796161;0.00796928
2016-10-03;-0.00316960;-0.00314330
2016-10-04;-0.00486962;-0.00486058
2016-10-05;0.00469313;0.00470190
2016-10-06;0.00049815;0.00050692
2016-10-07;-0.00323250;-0.00322373
2016-10-10;0.00457460;0.00460090
2016-10-11;-0.01245343;-0.01244384
2016-10-12;0.00121856;0.00122842
2016-10-13;-0.00307456;-0.00306661
2016-10-14;0.00019420;0.00020269
2016-10-17;-0.00304310;-0.00301516
2016-10-18;0.00614935;0.00615867
2016-10-19;0.00232538;0.00233470
2016-10-20;-0.00131531;-0.00130600
2016-10-21;-0.00009196;-0.00008292
2016-10-24;0.00472184;0.00474896
2016-10-25;-0.00377844;-0.00376912
2016-10-26;-0.00173738;-0.00172834
2016-10-27;-0.00296017;-0.00295223
2016-10-28;-0.00306253;-0.00305458
2016-10-31;-0.00014985;-0.00012191
2016-11-01;-0.00678875;-0.00677917
2016-11-02;-0.00640974;-0.00639988
2016-11-03;-0.00406940;-0.00405926
2016-11-04;-0.00165669;-0.00164656
2016-11-07;0.02219721;0.02223091
2016-11-08;0.00425163;0.00426341
2016-11-09;0.01113037;0.01114243
2016-11-10;0.00203081;0.00204369
2016-11-11;-0.00141207;-0.00139919
2016-11-14;-0.00002104;0.00002335
2016-11-15;0.00769812;0.00771182
2016-11-16;-0.00131637;-0.00130377
2016-11-17;0.00472341;0.00473519
2016-11-18;-0.00224159;-0.00222981
2016-11-21;0.00743136;0.00746917
2016-11-22;0.00219646;0.00220961
2016-11-23;0.00082705;0.00084075
2016-11-25;0.00390137;0.00392768
2016-11-28;-0.00516956;-0.00513011
2016-11-29;0.00155659;0.00156974
2016-11-30;-0.00245445;-0.00244130
2016-12-01;-0.00348976;-0.00347688
2016-12-02;0.00038195;0.00039510
2016-12-05;0.00587344;0.00591371
2016-12-06;0.00342370;0.00343712
2016-12-07;0.01334258;0.01335655
2016-12-08;0.00224222;0.00225591
2016-12-09;0.00593258;0.00594710
2016-12-12;-0.00113029;-0.00108837
2016-12-13;0.00669492;0.00670971
2016-12-14;-0.00806907;-0.00805428
2016-12-15;0.00391426;0.00392796
2016-12-16;-0.00173790;-0.00172420
2016-12-19;0.00195039;0.00199313
2016-12-20;0.00376535;0.00377960
2016-12-21;-0.00243902;-0.00242505
2016-12-22;-0.00175360;-0.00173990
2016-12-23;0.00133617;0.00135014
2016-12-27;0.00219300;0.00224889
2016-12-28;-0.00820084;-0.00818659
2016-12-29;-0.00026106;-0.00024846
2016-12-30;-0.00460571;-0.00459201
2017-01-03;0.00844626;0.00850434
2017-01-04;0.00593274;0.00594699
2017-01-05;-0.00077613;-0.00076216
2017-01-06;0.00381097;0.00382522
2017-01-09;-0.00359068;-0.00354958
2017-01-10;-0.00001128;0.00000269
2017-01-11;0.00290668;0.00292066
2017-01-12;-0.00213709;-0.00212311
2017-01-13;0.00183087;0.00184512
2017-01-17;-0.00303459;-0.00297541
2017-01-18;0.00191365;0.00192790
2017-01-19;-0.00360805;-0.00359408
2017-01-20;0.00338192;0.00339534
2017-01-23;-0.00271070;-0.00266879
2017-01-24;0.00655243;0.00656613
2017-01-25;0.00801160;0.00802503
2017-01-26;-0.00072981;-0.00071611
2017-01-27;-0.00083074;-0.00081677
2017-01-30;-0.00601143;-0.00596951
2017-01-31;-0.00090074;-0.00088649
2017-02-01;0.00050964;0.00052333
2017-02-02;0.00061454;0.00062851
2017-02-03;0.00733859;0.00735229
2017-02-06;-0.00215987;-0.00211631
2017-02-07;0.00025706;0.00027158
2017-02-08;0.00099521;0.00100973
2017-02-09;0.00592214;0.00593666
2017-02-10;0.00360821;0.00362301
2017-02-13;0.00545493;0.00549767
2017-02-14;0.00427717;0.00429197
2017-02-15;0.00512089;0.00513541
2017-02-16;-0.00077805;-0.00076380
2017-02-17;0.00168216;0.00169640
2017-02-21;0.00598369;0.00604177
2017-02-22;-0.00100658;-0.00099233
2017-02-23;0.00051845;0.00053242
2017-02-24;0.00171868;0.00173265
2017-02-27;0.00111193;0.00115303
2017-02-28;-0.00256457;-0.00255005
2017-03-01;0.01383527;0.01385226
2017-03-02;-0.00579928;-0.00578120
2017-03-03;0.00051073;0.00052991
2017-03-06;-0.00332063;-0.00326063
2017-03-07;-0.00286881;-0.00284826
2017-03-08;-0.00201779;-0.00199807
2017-03-09;0.00078988;0.00080961
2017-03-10;0.00326561;0.00328561
2017-03-13;0.00062414;0.00068825
2017-03-14;-0.00335456;-0.00333347
2017-03-15;0.00838571;0.00840544
2017-03-16;-0.00161136;-0.00159163
2017-03-17;-0.00133175;-0.00131202
2017-03-20;-0.00204936;-0.00198772
2017-03-21;-0.01234192;-0.01232110
2017-03-22;0.00190351;0.00192433
2017-03-23;-0.00107133;-0.00105078
2017-03-24;-0.00086876;-0.00084766
2017-03-27;-0.00108657;-0.00102328
2017-03-28;0.00723592;0.00725701
2017-03-29;0.00126641;0.00128750
2017-03-30;0.00294280;0.00296390
2017-03-31;-0.00227598;-0.00225543
2017-04-03;-0.00166300;-0.00159889
2017-04-04;0.00069841;0.00071978
2017-04-05;-0.00297664;-0.00295500
2017-04-06;0.00220416;0.00222553
2017-04-07;-0.00084734;-0.00082515
2017-04-10;0.00067206;0.00073864
2017-04-11;-0.00131755;-0.00129535
2017-04-12;-0.00376993;-0.00374801
2017-04-13;-0.00683210;-0.00681018
2017-04-17;0.00851971;0.00860957
2017-04-18;-0.00290077;-0.00287858
2017-04-19;-0.00160068;-0.00157876
2017-04-20;0.00755975;0.00758112
2017-04-21;-0.00305884;-0.00303747
2017-04-24;0.01078569;0.01085144
2017-04-25;0.00606799;0.00609018
2017-04-26;-0.00049905;-0.00047658
2017-04-27;0.00063186;0.00065378
2017-04-28;-0.00192840;-0.00190675
2017-05-01;0.00166301;0.00173041
2017-05-02;0.00116471;0.00118690
2017-05-03;-0.00109491;-0.00107189
2017-05-04;0.00061077;0.00063379
2017-05-05;0.00407515;0.00409926
2017-05-08;0.00005895;0.00013292
2017-05-09;-0.00100584;-0.00098118
2017-05-10;0.00148740;0.00151178
2017-05-11;-0.00186630;-0.00184247
2017-05-12;-0.00148545;-0.00146189
2017-05-15;0.00482012;0.00489327
2017-05-16;-0.00051273;-0.00048835
2017-05-17;-0.01790979;-0.01788540
2017-05-18;0.00367973;0.00370466
2017-05-19;0.00676237;0.00678703
2017-05-22;0.00509914;0.00517476
2017-05-23;0.00183347;0.00185840
2017-05-24;0.00249847;0.00252367
2017-05-25;0.00455369;0.00457889
2017-05-26;0.00041555;0.00044075
2017-05-30;-0.00115883;-0.00105801
2017-05-31;-0.00033355;-0.00030724
2017-06-01;0.00766535;0.00769165
2017-06-02;0.00369635;0.00372265
2017-06-05;-0.00126617;-0.00118809
2017-06-06;-0.00280446;-0.00277816
2017-06-07;0.00174964;0.00177649
2017-06-08;0.00026506;0.00029218
2017-06-09;-0.00085569;-0.00082856
2017-06-12;-0.00099170;-0.00091198
2017-06-13;0.00473882;0.00476594
2017-06-14;-0.00095302;-0.00092590
2017-06-15;-0.00208522;-0.00205782
2017-06-16;0.00026228;0.00028995
2017-06-19;0.00827078;0.00835379
2017-06-20;-0.00671643;-0.00668903
2017-06-21;-0.00052181;-0.00049524
2017-06-22;-0.00047443;-0.00044868
2017-06-23;0.00153216;0.00155819
2017-06-26;0.00024096;0.00032151
2017-06-27;-0.00810166;-0.00807454
2017-06-28;0.00897852;0.00900591
2017-06-29;-0.00859857;-0.00857062
2017-06-30;0.00155467;0.00158234
2017-07-03;0.00231346;0.00239894
2017-07-05;0.00158805;0.00164449
2017-07-06;-0.00903922;-0.00901127
2017-07-07;0.00638444;0.00641266
2017-07-10;0.00084238;0.00092703
2017-07-11;-0.00079998;-0.00077176
2017-07-12;0.00736266;0.00739088
2017-07-13;0.00187017;0.00189839
2017-07-14;0.00466010;0.00468804
2017-07-17;-0.00011310;-0.00002680
2017-07-18;0.00058809;0.00061686
2017-07-19;0.00543278;0.00546264
2017-07-20;-0.00011865;-0.00008769
2017-07-21;-0.00040346;-0.00037222
2017-07-24;-0.00114044;-0.00104592
2017-07-25;0.00288684;0.00291862
2017-07-26;0.00025386;0.00028427
2017-07-27;-0.00089846;-0.00086859
2017-07-28;-0.00133524;-0.00130619
2017-07-31;-0.00081620;-0.00072990
2017-08-01;0.00242162;0.00245066
2017-08-02;0.00065225;0.00068129
2017-08-03;-0.00202489;-0.00199585
2017-08-04;0.00187699;0.00190604
2017-08-07;0.00158587;0.00166888
2017-08-08;-0.00232553;-0.00229704
2017-08-09;-0.00027696;-0.00024846
2017-08-10;-0.01414526;-0.01411704
2017-08-11;0.00131225;0.00133992
2017-08-14;0.01000919;0.01009220
2017-08-15;-0.00029813;-0.00027018
2017-08-16;0.00167503;0.00170243
2017-08-17;-0.01542134;-0.01539449
2017-08-18;-0.00183813;-0.00181074
2017-08-21;0.00110533;0.00118669
2017-08-22;0.00994795;0.00997507
2017-08-23;-0.00339177;-0.00336492
2017-08-24;-0.00208520;-0.00205780
2017-08-25;0.00175528;0.00178295
2017-08-28;0.00044501;0.00052474
2017-08-29;0.00095267;0.00098034
2017-08-30;0.00484525;0.00487292
2017-08-31;0.00573778;0.00576491
2017-09-01;0.00201905;0.00204645
2017-09-05;-0.00766995;-0.00755926
2017-09-06;0.00310616;0.00313493
2017-09-07;0.00002010;0.00004832
2017-09-08;-0.00147610;-0.00144815
2017-09-11;0.01076179;0.01084727
2017-09-12;0.00339346;0.00342140
2017-09-13;0.00074091;0.00076885
2017-09-14;-0.00080444;-0.00077622
2017-09-15;0.00194329;0.00197151
2017-09-18;0.00140191;0.00148739
2017-09-19;0.00109011;0.00111833
2017-09-20;0.00060574;0.00063369
2017-09-21;-0.00304347;-0.00301552
2017-09-22;0.00064052;0.00066819
2017-09-25;-0.00231451;-0.00222903
2017-09-26;0.00012007;0.00014883
2017-09-27;0.00405551;0.00408427
2017-09-28;0.00138437;0.00141287
2017-09-29;0.00369869;0.00372718
2017-10-02;0.00378892;0.00387111
2017-10-03;0.00217233;0.00220109
2017-10-04;0.00128266;0.00131170
2017-10-05;0.00578956;0.00581833
2017-10-06;-0.00078984;-0.00076108
2017-10-09;-0.00189643;-0.00181013
2017-10-10;0.00231917;0.00234821
2017-10-11;0.00179006;0.00181965
2017-10-12;-0.00163178;-0.00160247
2017-10-13;0.00086118;0.00089050
2017-10-16;0.00167579;0.00176538
2017-10-17;0.00063932;0.00066864
2017-10-18;0.00075357;0.00078289
2017-10-19;0.00037869;0.00040827
2017-10-20;0.00515181;0.00518167
2017-10-23;-0.00404164;-0.00395288
2017-10-24;0.00161207;0.00164221
2017-10-25;-0.00469579;-0.00466566
2017-10-26;0.00123879;0.00126865
2017-10-27;0.00804274;0.00807233
2017-10-30;-0.00320823;-0.00311782
2017-10-31;0.00094368;0.00097464
2017-11-01;0.00155766;0.00158944
2017-11-02;0.00026398;0.00029549
2017-11-03;0.00316097;0.00319275
2017-11-06;0.00125263;0.00134880
2017-11-07;-0.00021754;-0.00018466
2017-11-08;0.00142717;0.00146032
2017-11-09;-0.00355268;-0.00351926
2017-11-10;-0.00057259;-0.00053944
2017-11-13;0.00089989;0.00100016
2017-11-14;-0.00219096;-0.00215699
2017-11-15;-0.00533422;-0.00530052
2017-11-16;0.00848836;0.00852261
2017-11-17;-0.00262665;-0.00259213
2017-11-20;0.00119648;0.00130168
2017-11-21;0.00651953;0.00655460
2017-11-22;-0.00069917;-0.00066437
2017-11-24;0.00203057;0.00209962
2017-11-27;-0.00038099;-0.00027825
2017-11-28;0.00985073;0.00988579
2017-11-29;-0.00027728;-0.00024249
2017-11-30;0.00852462;0.00855887
2017-12-01;-0.00202048;-0.00198623
2017-12-04;-0.00114104;-0.00103584
2017-12-05;-0.00373160;-0.00369654
2017-12-06;-0.00012681;-0.00009175
2017-12-07;0.00307043;0.00310522
2017-12-08;0.00557453;0.00560905
2017-12-11;0.00309265;0.00320032
2017-12-12;0.00154632;0.00158249
2017-12-13;-0.00047630;-0.00044123
2017-12-14;-0.00393716;-0.00390154
2017-12-15;0.00899040;0.00902575
2017-12-18;0.00528704;0.00539882
2017-12-19;-0.00325315;-0.00321617
2017-12-20;-0.00073577;-0.00069851
2017-12-21;0.00194755;0.00198399
2017-12-22;-0.00049078;-0.00045489
2017-12-26;-0.00117618;-0.00101727
2017-12-27;0.00082050;0.00085941
2017-12-28;0.00198388;0.00202141
2017-12-29;-0.00516008;-0.00512255
2018-01-02;0.00818546;0.00834107
2018-01-03;0.00635996;0.00639805
2018-01-04;0.00419636;0.00423444
2018-01-05;0.00699324;0.00703078
2018-01-08;0.00155718;0.00167472
2018-01-09;0.00156032;0.00159922
2018-01-10;-0.00114512;-0.00110676
2018-01-11;0.00707149;0.00711012
2018-01-12;0.00671198;0.00675061
2018-01-16;-0.00367069;-0.00351398
2018-01-17;0.00937238;0.00941128
2018-01-18;-0.00156820;-0.00152903
2018-01-19;0.00436801;0.00440691
2018-01-22;0.00795904;0.00807657
2018-01-23;0.00217340;0.00221231
2018-01-24;-0.00060010;-0.00056147
2018-01-25;0.00056474;0.00060310
2018-01-26;0.01181839;0.01185647
2018-01-29;-0.00679640;-0.00667887
2018-01-30;-0.01087106;-0.01083215
2018-01-31;0.00047603;0.00051548
2018-02-01;-0.00049735;-0.00045735
2018-02-02;-0.02118847;-0.02114847
2018-02-05;-0.04110400;-0.04098153
2018-02-06;0.01750783;0.01754893
2018-02-07;-0.00501911;-0.00497719
2018-02-08;-0.03743612;-0.03739420
2018-02-09;0.01521987;0.01526179
2018-02-12;0.01381152;0.01394385
2018-02-13;0.00262450;0.00266751
2018-02-14;0.01364373;0.01368647
2018-02-15;0.01226612;0.01230886
2018-02-16;0.00041721;0.00046077
2018-02-20;-0.00595992;-0.00578019
2018-02-21;-0.00552277;-0.00547839
2018-02-22;0.00101061;0.00105472
2018-02-23;0.01604594;0.01609004
2018-02-26;0.01173972;0.01187534
2018-02-27;-0.01261083;-0.01256590
2018-02-28;-0.01103950;-0.01099484
2018-03-01;-0.01321622;-0.01317238
2018-03-02;0.00511962;0.00516400
2018-03-05;0.01089542;0.01103268
2018-03-06;0.00264479;0.00268999
2018-03-07;-0.00046303;-0.00041783
2018-03-08;0.00468750;0.00473244
2018-03-09;0.01735750;0.01740243
2018-03-12;-0.00141446;-0.00127637
2018-03-13;-0.00635460;-0.00630803
2018-03-14;-0.00549571;-0.00544832
2018-03-15;-0.00077034;-0.00072267
2018-03-16;0.00168825;0.00173620
2018-03-19;-0.01434936;-0.01420388
2018-03-20;0.00144963;0.00149839
2018-03-21;-0.00178554;-0.00173869
2018-03-22;-0.02517362;-0.02512732
2018-03-23;-0.02100281;-0.02095597
2018-03-26;0.02700666;0.02715132
2018-03-27;-0.01732352;-0.01727585
2018-03-28;-0.00279633;-0.00274976
2018-03-29;0.01376775;0.01381432
2018-04-02;-0.02252501;-0.02233432
2018-04-03;0.01260693;0.01265406
2018-04-04;0.01159077;0.01163680
2018-04-05;0.00695966;0.00700596
2018-04-06;-0.02194928;-0.02190271
2018-04-09;0.00348692;0.00362911
2018-04-10;0.01670869;0.01675554
2018-04-11;-0.00552881;-0.00548223
2018-04-12;0.00832292;0.00837005
2018-04-13;-0.00291765;-0.00287025
2018-04-16;0.00798582;0.00813048
2018-04-17;0.01060876;0.01065725
2018-04-18;0.00078235;0.00083112
2018-04-19;-0.00565326;-0.00560422
2018-04-20;-0.00853841;-0.00848964
2018-04-23;-0.00010160;0.00004964
2018-04-24;-0.01340975;-0.01335934
2018-04-25;0.00178519;0.00183506
2018-04-26;0.01038650;0.01043554
2018-04-27;0.00111957;0.00116834
2018-04-30;-0.00831058;-0.00815934
2018-05-01;0.00250356;0.00255343
2018-05-02;-0.00725815;-0.00720856
2018-05-03;-0.00219680;-0.00214749
2018-05-04;0.01294099;0.01299031
2018-05-07;0.00331963;0.00347004
2018-05-08;-0.00030791;-0.00025750
2018-05-09;0.00974797;0.00979866
2018-05-10;0.00954489;0.00959585
2018-05-11;0.00200320;0.00205471
2018-05-14;0.00076624;0.00092240
2018-05-15;-0.00685077;-0.00679899
2018-05-16;0.00428605;0.00433755
2018-05-17;-0.00062204;-0.00057053
2018-05-18;-0.00260401;-0.00255278
2018-05-21;0.00725507;0.00741123
2018-05-22;-0.00317176;-0.00311971
2018-05-23;0.00322358;0.00327509
2018-05-24;-0.00204012;-0.00198889
2018-05-25;-0.00229383;-0.00224287
2018-05-29;-0.01173757;-0.01152935
2018-05-30;0.01282228;0.01287433
2018-05-31;-0.00671444;-0.00666266
2018-06-01;0.01088845;0.01093996
2018-06-04;0.00434037;0.00449735
2018-06-05;0.00070865;0.00076097
2018-06-06;0.00854395;0.00859628
2018-06-07;-0.00058781;-0.00053576
2018-06-08;0.00311066;0.00316244
2018-06-11;0.00091129;0.00106827
2018-06-12;0.00173381;0.00178559
2018-06-13;-0.00404224;-0.00399019
2018-06-14;0.00272299;0.00277504
2018-06-15;-0.00096732;-0.00091526
2018-06-18;-0.00227267;-0.00211569
2018-06-19;-0.00403019;-0.00397786
2018-06-20;0.00165680;0.00170886
2018-06-21;-0.00630325;-0.00625119
2018-06-22;0.00183675;0.00188854
2018-06-25;-0.01388473;-0.01372856
2018-06-26;0.00214904;0.00220109
2018-06-27;-0.00865977;-0.00860798
2018-06-28;0.00626113;0.00631291
2018-06-29;0.00076741;0.00081919
2018-07-02;0.00294751;0.00310778
2018-07-03;-0.00500338;-0.00495023
2018-07-05;0.00875646;0.00886166
2018-07-06;0.00849710;0.00854998
2018-07-09;0.00894820;0.00910848
2018-07-10;0.00343853;0.00349195
2018-07-11;-0.00714904;-0.00709617
2018-07-12;0.00879374;0.00884689
2018-07-13;0.00102795;0.00108110
2018-07-16;-0.00114886;-0.00098612
2018-07-17;0.00393265;0.00398689
2018-07-18;0.00210341;0.00215711
2018-07-19;-0.00390464;-0.00385094
2018-07-20;-0.00096205;-0.00090862
2018-07-23;0.00167356;0.00183466
2018-07-24;0.00477328;0.00482752
2018-07-25;0.00905273;0.00910671
2018-07-26;-0.00308673;-0.00303331
2018-07-27;-0.00661617;-0.00656247
2018-07-30;-0.00584223;-0.00567702
2018-07-31;0.00485954;0.00491406
2018-08-01;-0.00109609;-0.00104156
2018-08-02;0.00497433;0.00502857
2018-08-03;0.00472329;0.00477727
2018-08-06;0.00346120;0.00362723
2018-08-07;0.00277774;0.00283308
2018-08-08;-0.00028974;-0.00023439
2018-08-09;-0.00124121;-0.00118587
2018-08-10;-0.00687056;-0.00681550
2018-08-13;-0.00416283;-0.00399598
2018-08-14;0.00641860;0.00647449
2018-08-15;-0.00747577;-0.00742015
2018-08-16;0.00816243;0.00821805
2018-08-17;0.00334974;0.00340481
2018-08-20;0.00229289;0.00245974
2018-08-21;0.00204520;0.00210109
2018-08-22;-0.00042613;-0.00036997
2018-08-23;-0.00168810;-0.00163221
2018-08-24;0.00615103;0.00620719
2018-08-27;0.00760815;0.00777910
2018-08-28;0.00021883;0.00027609
2018-08-29;0.00572838;0.00578564
2018-08-30;-0.00432523;-0.00426851
2018-08-31;0.00017699;0.00023371
2018-09-04;-0.00179670;-0.00156766
2018-09-05;-0.00285575;-0.00279821
2018-09-06;-0.00341713;-0.00335987
2018-09-07;-0.00219074;-0.00213321
2018-09-10;0.00171700;0.00189042
2018-09-11;0.00374831;0.00380612
2018-09-12;0.00030622;0.00036430
2018-09-13;0.00548758;0.00554539
2018-09-14;0.00036503;0.00042311
2018-09-17;-0.00573523;-0.00556016
2018-09-18;0.00534831;0.00540667
2018-09-19;0.00119562;0.00125370
2018-09-20;0.00782404;0.00788240
2018-09-21;-0.00040569;-0.00034706
2018-09-24;-0.00369969;-0.00352051
2018-09-25;-0.00129310;-0.00123365
2018-09-26;-0.00335323;-0.00329406
2018-09-27;0.00288919;0.00294782
2018-09-28;-0.00002612;0.00003279
2018-10-01;0.00346312;0.00364312
2018-10-02;-0.00042150;-0.00036150
2018-10-03;0.00064886;0.00070886
2018-10-04;-0.00799738;-0.00793766
2018-10-05;-0.00557679;-0.00551706
2018-10-08;-0.00057730;-0.00039812
2018-10-09;-0.00118922;-0.00112867
2018-10-10;-0.03291958;-0.03285849
2018-10-11;-0.02063253;-0.02057170
2018-10-12;0.01425117;0.01431226
2018-10-15;-0.00607529;-0.00588872
2018-10-16;0.02146020;0.02152212
2018-10-17;-0.00027627;-0.00021408
2018-10-18;-0.01435928;-0.01429709
2018-10-19;-0.00039771;-0.00033579
2018-10-22;-0.00446906;-0.00428002
2018-10-23;-0.00552665;-0.00546391
2018-10-24;-0.03092856;-0.03086582
2018-10-25;0.01855813;0.01862087
2018-10-26;-0.01738900;-0.01732653
2018-10-29;-0.00674147;-0.00655243
2018-10-30;0.01569086;0.01575360
2018-10-31;0.01082081;0.01088355
2018-11-01;0.01052163;0.01058382
2018-11-02;-0.00629327;-0.00623081
2018-11-05;0.00543172;0.00562240
2018-11-06;0.00627276;0.00633604
2018-11-07;0.02115583;0.02121939
2018-11-08;-0.00204948;-0.00198646
2018-11-09;-0.00909253;-0.00902925
2018-11-12;-0.01989883;-0.01970897
2018-11-13;-0.00151332;-0.00144921
2018-11-14;-0.00737387;-0.00731004
2018-11-15;0.01085511;0.01091867
2018-11-16;0.00223051;0.00229380
2018-11-19;-0.01681174;-0.01661941
2018-11-20;-0.01814274;-0.01807863
2018-11-21;0.00305924;0.00312390
2018-11-23;-0.00663544;-0.00650613
2018-11-26;0.01545117;0.01564596
2018-11-27;0.00320444;0.00326909
2018-11-28;0.02297223;0.02303661
2018-11-29;-0.00201804;-0.00195448
2018-11-30;0.00829379;0.00835735
2018-12-03;0.01074388;0.01093620
2018-12-04;-0.03237522;-0.03231001
2018-12-06;-0.00134213;-0.00121281
2018-12-07;-0.02322715;-0.02316277
2018-12-10;0.00157020;0.00176499
2018-12-11;-0.00037227;-0.00030734
2018-12-12;0.00536118;0.00542666
2018-12-13;-0.00008042;-0.00001521
2018-12-14;-0.01903195;-0.01896702
2018-12-17;-0.02091755;-0.02072358
2018-12-18;0.00008421;0.00014832
2018-12-19;-0.01536869;-0.01530431
2018-12-20;-0.01581498;-0.01575087
2018-12-21;-0.02065353;-0.02058942
2018-12-24;-0.02724178;-0.02704370
2018-12-26;0.04947934;0.04961030
2018-12-27;0.00858876;0.00865342
2018-12-28;-0.00114374;-0.00107935
2018-12-31;0.00841968;0.00861694
2019-01-02;0.00113832;0.00126818
2019-01-03;-0.02456483;-0.02450017
2019-01-04;0.03426752;0.03433245
2019-01-07;0.00680845;0.00700653
2019-01-08;0.00965052;0.00971655
2019-01-09;0.00435026;0.00441602
2019-01-10;0.00444999;0.00451520
2019-01-11;-0.00021037;-0.00014517
2019-01-14;-0.00534710;-0.00514984
2019-01-15;0.01067460;0.01074035
2019-01-16;0.00217980;0.00224500
2019-01-17;0.00762317;0.00768810
2019-01-18;0.01314480;0.01320946
2019-01-22;-0.01438573;-0.01412491
2019-01-23;0.00213582;0.00220048
2019-01-24;0.00134370;0.00140726
2019-01-25;0.00845701;0.00852112
2019-01-28;-0.00805007;-0.00785527
2019-01-29;-0.00150550;-0.00144057
2019-01-30;0.01559458;0.01565951
2019-01-31;0.00874615;0.00881081
2019-02-01;0.00096646;0.00103084
2019-02-04;0.00659268;0.00678748
2019-02-05;0.00465135;0.00471628
2019-02-06;-0.00219474;-0.00212981
2019-02-07;-0.00927859;-0.00921365
2019-02-08;0.00094036;0.00100556
2019-02-11;0.00051615;0.00071342
2019-02-12;0.01289454;0.01295974
2019-02-13;0.00303921;0.00310469
2019-02-14;-0.00237118;-0.00230598
2019-02-15;0.01088416;0.01094937
2019-02-19;0.00130233;0.00156644
2019-02-20;0.00190274;0.00196850
2019-02-21;-0.00350732;-0.00344156
2019-02-22;0.00637428;0.00644031
2019-02-25;0.00116711;0.00136602
2019-02-26;-0.00084765;-0.00078189
2019-02-27;-0.00045707;-0.00039131
2019-02-28;-0.00259524;-0.00252949
2019-03-01;0.00688303;0.00694851
2019-03-04;-0.00406077;-0.00386269
2019-03-05;-0.00116779;-0.00110176
2019-03-06;-0.00654494;-0.00647891
2019-03-07;-0.00798257;-0.00791682
2019-03-08;-0.00210346;-0.00203743
2019-03-11;0.01447372;0.01467180
2019-03-12;-0.00006795;-0.00000192
2019-03-13;0.00997233;0.01003809
2019-03-14;-0.00059684;-0.00053109
2019-03-15;0.00495587;0.00502162
2019-03-18;0.00351559;0.00371203
2019-03-19;-0.00017044;-0.00010441
2019-03-20;-0.00296846;-0.00290216
2019-03-21;0.01083949;0.01090606
2019-03-22;-0.01896584;-0.01889982
2019-03-25;-0.00096695;-0.00076887
2019-03-26;0.00711473;0.00718076
2019-03-27;-0.00469680;-0.00463133
2019-03-28;0.00367932;0.00374452
2019-03-29;0.00671255;0.00677694
2019-04-01;0.01137608;0.01157170
2019-04-02;-0.00001275;0.00005218
2019-04-03;0.00208256;0.00214804
2019-04-04;0.00224686;0.00231234
2019-04-05;0.00457822;0.00464370
2019-04-08;0.00086388;0.00105949
2019-04-09;-0.00583137;-0.00576644
2019-04-10;0.00349469;0.00355990
2019-04-11;-0.00001692;0.00004829
2019-04-12;0.00664280;0.00670828
2019-04-15;-0.00080842;-0.00061280
2019-04-16;0.00044049;0.00050570
2019-04-17;-0.00223957;-0.00217409
2019-04-18;0.00153609;0.00160102
2019-04-22;0.00076807;0.00102999
2019-04-23;0.00882327;0.00888902
2019-04-24;-0.00225691;-0.00219143
2019-04-25;-0.00043597;-0.00037077
2019-04-26;0.00464969;0.00471462
2019-04-29;0.00091487;0.00111131
2019-04-30;0.00091113;0.00097633
2019-05-01;-0.00755973;-0.00749452
2019-05-02;-0.00215183;-0.00208580
2019-05-03;0.00966999;0.00973519
2019-05-06;-0.00458778;-0.00439135
2019-05-07;-0.01657233;-0.01650713
2019-05-08;-0.00164554;-0.00158034
2019-05-09;-0.00273958;-0.00267438
2019-05-10;0.00399755;0.00406276
2019-05-13;-0.02429321;-0.02409924
2019-05-14;0.00806460;0.00812926
2019-05-15;0.00597310;0.00603803
2019-05-16;0.00911869;0.00918308
2019-05-17;-0.00580168;-0.00573757
2019-05-20;-0.00693177;-0.00673944
2019-05-21;0.00845601;0.00852012
2019-05-22;-0.00287024;-0.00280640
2019-05-23;-0.01187568;-0.01181212
2019-05-24;0.00143761;0.00150062
2019-05-28;-0.00863173;-0.00837748
2019-05-29;-0.00694849;-0.00688493
2019-05-30;0.00216742;0.00223125
2019-05-31;-0.01371572;-0.01365270
2019-06-03;0.00000000;0.00018904
2019-06-04;0.00000000;0.00006301
2019-06-05;0.00000000;0.00006301
2019-06-06;0.00000000;0.00006247
2019-06-07;0.00000000;0.00006110
2019-06-10;0.00000000;0.00018411
2019-06-11;0.00000000;0.00006082
2019-06-12;0.00000000;0.00006000
2019-06-13;0.00000000;0.00005863
2019-06-14;0.00000000;0.00005890
2019-06-17;0.00000000;0.00017918
2019-06-18;0.00000000;0.00005945
2019-06-19;0.00000000;0.00005836
2019-06-20;0.00000000;0.00005726
2019-06-21;0.00000000;0.00005671
2019-06-24;0.00000000;0.00017096
2019-06-25;0.00000000;0.00005671
2019-06-26;0.00000000;0.00005753
2019-06-27;0.00000000;0.00005726
2019-06-28;0.00000000;0.00005699
2019-07-01;0.00000000;0.00017753
2019-07-02;0.00000000;0.00005890
2019-07-03;0.00000000;0.00005918
2019-07-05;0.00000000;0.00011945
2019-07-08;0.00000000;0.00018164
2019-07-09;0.00000000;0.00006055
2019-07-10;0.00000000;0.00005890
2019-07-11;0.00000000;0.00005808
2019-07-12;0.00000000;0.00005753
2019-07-15;0.00000000;0.00017342
2019-07-16;0.00000000;0.00005753
2019-07-17;0.00000000;0.00005726
2019-07-18;0.00000000;0.00005507
2019-07-19;0.00000000;0.00005534
2019-07-22;0.00000000;0.00016767
2019-07-23;0.00000000;0.00005534
2019-07-24;0.00000000;0.00005616
2019-07-25;0.00000000;0.00005644
2019-07-26;0.00000000;0.00005699
2019-07-29;0.00000000;0.00017014
2019-07-30;0.00000000;0.00005589
2019-07-31;0.00000000;0.00005589
2019-08-01;0.00000000;0.00005562
2019-08-02;0.00000000;0.00005534
2019-08-05;0.00000000;0.00016438
2019-08-06;0.00000000;0.00005507
2019-08-07;0.00000000;0.00005425
2019-08-08;0.00000000;0.00005425
2019-08-09;0.00000000;0.00005370
2019-08-12;0.00000000;0.00016110
2019-08-13;0.00000000;0.00005370
2019-08-14;0.00000000;0.00005260
2019-08-15;0.00000000;0.00005123
2019-08-16;0.00000000;0.00005014
2019-08-19;0.00000000;0.00015616
2019-08-20;0.00000000;0.00005205
2019-08-21;0.00000000;0.00005288
2019-08-22;0.00000000;0.00005370
2019-08-23;0.00000000;0.00005288
2019-08-26;0.00000000;0.00016110
2019-08-27;0.00000000;0.00005315
2019-08-28;0.00000000;0.00005342
2019-08-29;0.00000000;0.00005342
2019-08-30;0.00000000;0.00005342
2019-09-03;0.00000000;0.00021260
2019-09-04;0.00000000;0.00005288
2019-09-05;0.00000000;0.00005288
2019-09-06;0.00000000;0.00005260
2019-09-09;0.00000000;0.00015781
2019-09-10;0.00000000;0.00005233
2019-09-11;0.00000000;0.00005260
2019-09-12;0.00000000;0.00005233
2019-09-13;0.00000000;0.00005260
2019-09-16;0.00000000;0.00016027
2019-09-17;0.00000000;0.00005342
2019-09-18;0.00000000;0.00005233
2019-09-19;0.00000000;0.00005178
2019-09-20;0.00000000;0.00005123
2019-09-23;0.00000000;0.00015616
2019-09-24;0.00000000;0.00005151
2019-09-25;0.00000000;0.00005068
2019-09-26;0.00000000;0.00004904
2019-09-27;0.00000000;0.00004822
2019-09-30;0.00000000;0.00015123
2019-10-01;0.00000000;0.00004877
2019-10-02;0.00000000;0.00004795
2019-10-03;0.00000000;0.00004575
2019-10-04;0.00000000;0.00004603
2019-10-07;0.00000000;0.00014055
2019-10-08;0.00000000;0.00004603
2019-10-09;0.00000000;0.00004548
2019-10-10;0.00000000;0.00004521
2019-10-11;0.00000000;0.00004521
2019-10-14;0.00000000;0.00013562
2019-10-15;0.00000000;0.00004493
2019-10-16;0.00000000;0.00004466
2019-10-17;0.00000000;0.00004466
2019-10-18;0.00000000;0.00004466
2019-10-21;0.00000000;0.00013479
2019-10-22;0.00000000;0.00004438
2019-10-23;0.00000000;0.00004438
2019-10-24;0.00000000;0.00004493
2019-10-25;0.00000000;0.00004466
2019-10-28;0.00000000;0.00013315
2019-10-29;0.00000000;0.00004384
2019-10-30;0.00000000;0.00004356
2019-10-31;-0.00065000;-0.00060863
2019-11-01;0.00970846;0.00974928
2019-11-04;0.00358793;0.00371122
2019-11-05;-0.00122520;-0.00118328
2019-11-06;0.00073180;0.00077372
2019-11-07;0.00315438;0.00319629
2019-11-08;0.00270047;0.00274212
2019-11-11;-0.00209676;-0.00197183
2019-11-12;0.00157294;0.00161568
2019-11-13;0.00070262;0.00074482
2019-11-14;0.00104879;0.00109098
2019-11-15;0.00782767;0.00786986
2019-11-18;0.00038709;0.00051367
2019-11-19;-0.00057592;-0.00053373
2019-11-20;-0.00360566;-0.00356347
2019-11-21;-0.00156691;-0.00152445
2019-11-22;0.00214420;0.00218667
2019-11-25;0.00749104;0.00762090
2019-11-26;0.00217751;0.00222053
2019-11-27;0.00424801;0.00429157
2019-11-29;-0.00387900;-0.00379352
2019-12-02;-0.00873017;-0.00860113
2019-12-03;-0.00664959;-0.00660740
2019-12-04;0.00638399;0.00642563
2019-12-05;0.00173294;0.00177431
2019-12-06;0.00914059;0.00918169
2019-12-09;-0.00320922;-0.00308511
2019-12-10;-0.00110755;-0.00106564
2019-12-11;0.00287478;0.00291697
2019-12-12;0.00867478;0.00871669
2019-12-13;0.00020191;0.00024410
2019-12-16;0.00704396;0.00717054
2019-12-17;0.00029774;0.00033966
2019-12-18;-0.00038993;-0.00034801
2019-12-19;0.00447830;0.00452049
2019-12-20;0.00495465;0.00499711
2019-12-23;0.00073103;0.00085925
2019-12-24;-0.00016982;-0.00012735
2019-12-26;0.00513262;0.00521755
2019-12-27;0.00000459;0.00004678
2019-12-30;-0.00578137;-0.00565479
2019-12-31;0.00296536;0.00300700
2020-01-02;0.00841566;0.00849840
2020-01-03;-0.00699810;-0.00695728
2020-01-06;0.00340634;0.00353209
2020-01-07;-0.00274577;-0.00270440
2020-01-08;0.00489069;0.00493206
2020-01-09;0.00687823;0.00691960
2020-01-10;-0.00289728;-0.00285591
2020-01-13;0.00684729;0.00697386
2020-01-14;-0.00146302;-0.00142083
2020-01-15;0.00184496;0.00188715
2020-01-16;0.00835810;0.00839974
2020-01-17;0.00384130;0.00388322
2020-01-21;-0.00280867;-0.00264100
2020-01-22;0.00028128;0.00032293
2020-01-23;0.00117087;0.00121251
2020-01-24;-0.00905827;-0.00901690
2020-01-27;-0.01586324;-0.01573831
2020-01-28;0.01003037;0.01007256
2020-01-29;-0.00088715;-0.00084524
2020-01-30;0.00324023;0.00328242
2020-01-31;-0.01766666;-0.01762502
2020-02-03;0.00713832;0.00726489
2020-02-04;0.01493779;0.01497998
2020-02-05;0.01122728;0.01126947
2020-02-06;0.00344918;0.00349137
2020-02-07;-0.00524935;-0.00520743
2020-02-10;0.00734622;0.00747362
2020-02-11;0.00168230;0.00172449
2020-02-12;0.00645220;0.00649466
2020-02-13;-0.00135510;-0.00131236
2020-02-14;0.00196176;0.00200423
2020-02-18;-0.00303523;-0.00286536
2020-02-19;0.00483374;0.00487621
2020-02-20;-0.00381264;-0.00377018
2020-02-21;-0.01052701;-0.01048509
2020-02-24;-0.03351737;-0.03339408
2020-02-25;-0.03030388;-0.03026279
2020-02-26;-0.00381303;-0.00377193
2020-02-27;-0.04400569;-0.04396679
2020-02-28;-0.00876118;-0.00872693
2020-03-02;0.00000000;0.00009041
2020-03-03;0.00000000;0.00002548
2020-03-04;0.00000000;0.00001945
2020-03-05;0.00000000;0.00001671
2020-03-06;0.00000000;0.00001233
2020-03-09;0.00000000;0.00002630
2020-03-10;0.00000000;0.00001178
2020-03-11;0.00000000;0.00001123
2020-03-12;0.00000000;0.00000904
2020-03-13;0.00000000;0.00000740
2020-03-16;0.00000000;0.00001973
2020-03-17;0.00000000;0.00000521
2020-03-18;0.00000000;0.00000055
2020-03-19;0.00000000;0.00000110
2020-03-20;0.00000000;0.00000137
2020-03-23;0.00000000;0.00000164
2020-03-24;0.00000000;0.00000027
2020-03-25;0.00000000;-0.00000110
2020-03-26;0.00000000;-0.00000137
2020-03-27;0.00000000;0.00000082
2020-03-30;0.00000000;0.00000986
2020-03-31;-0.00065000;-0.00064699
2020-04-01;-0.04414012;-0.04413765
2020-04-02;0.02299309;0.02299556
2020-04-03;-0.01500911;-0.01500637
2020-04-06;0.07032650;0.07033883
2020-04-07;-0.00159812;-0.00159428
2020-04-08;0.03429266;0.03429868
2020-04-09;0.01460738;0.01461423
2020-04-13;-0.01011955;-0.01009106
2020-04-14;0.03068934;0.03069482
2020-04-15;-0.02197369;-0.02196985
2020-04-16;0.00581691;0.00582075
2020-04-17;0.02683021;0.02683350
2020-04-20;-0.01789864;-0.01788877
2020-04-21;-0.03065239;-0.03064937
2020-04-22;0.02295323;0.02295652
2020-04-23;-0.00046181;-0.00045880
2020-04-24;0.01393690;0.01394019
2020-04-27;0.01471584;0.01472571
2020-04-28;-0.00524073;-0.00523772
2020-04-29;0.02661328;0.02661602
2020-04-30;-0.00918145;-0.00917898
2020-05-01;-0.02795457;-0.02795128
2020-05-04;0.00423897;0.00424965
2020-05-05;0.00903449;0.00903805
2020-05-06;-0.00690632;-0.00690303
2020-05-07;0.01185543;0.01185844
2020-05-08;0.01705931;0.01706260
2020-05-11;0.00016986;0.00017972
2020-05-12;-0.02038418;-0.02038062
2020-05-13;-0.01739729;-0.01739373
2020-05-14;0.01173265;0.01173594
2020-05-15;0.00402785;0.00403114
2020-05-18;0.03160240;0.03161308
2020-05-19;-0.01039817;-0.01039460
2020-05-20;0.01683287;0.01683615
2020-05-21;-0.00771288;-0.00770960
2020-05-22;0.00252095;0.00252424
2020-05-26;0.01228308;0.01229842
2020-05-27;0.01484065;0.01484476
2020-05-28;-0.00199656;-0.00199245
2020-05-29;0.00496276;0.00496660
2020-06-01;0.00378343;0.00379494
2020-06-02;0.00823522;0.00823933
2020-06-03;0.01374429;0.01374868
2020-06-04;-0.00315642;-0.00315232
2020-06-05;0.02621879;0.02622290
2020-06-08;0.01203857;0.01205254
2020-06-09;-0.00773606;-0.00773085
2020-06-10;-0.00531562;-0.00531096
2020-06-11;-0.05883569;-0.05883103
2020-06-12;0.01335676;0.01336114
2020-06-15;0.00832641;0.00834120
2020-06-16;0.01897294;0.01897760
2020-06-17;-0.00360737;-0.00360272
2020-06-18;0.00062423;0.00062862
2020-06-19;-0.00547035;-0.00546624
2020-06-22;0.00647628;0.00648943
2020-06-23;0.00430475;0.00430914
2020-06-24;-0.02585487;-0.02585076
2020-06-25;0.01100422;0.01100860
2020-06-26;-0.02422030;-0.02421647
2020-06-29;0.01479251;0.01480401
2020-06-30;0.01548425;0.01548864
2020-07-01;0.00504646;0.00505030
2020-07-02;0.00475633;0.00476017
2020-07-06;0.01586106;0.01587750
2020-07-07;-0.01081933;-0.01081522
2020-07-08;0.00783654;0.00784065
2020-07-09;-0.00536712;-0.00536356
2020-07-10;0.01046453;0.01046810
2020-07-13;-0.00937863;-0.00936712
2020-07-14;0.01353172;0.01353583
2020-07-15;0.00909612;0.00910050
2020-07-16;-0.00337905;-0.00337603
2020-07-17;0.00289371;0.00289672
2020-07-20;0.00839118;0.00840187
2020-07-21;0.00168782;0.00169138
2020-07-22;0.00576657;0.00577013
2020-07-23;-0.01224973;-0.01224644
2020-07-24;-0.00617520;-0.00617219
2020-07-27;0.00738424;0.00739329
2020-07-28;-0.00646597;-0.00646296
2020-07-29;0.01242543;0.01242844
2020-07-30;-0.00359462;-0.00359215
2020-07-31;0.00777421;0.00777667
2020-08-03;0.00719786;0.00720608
2020-08-04;0.00360605;0.00360851
2020-08-05;0.00642650;0.00642924
2020-08-06;0.00653483;0.00653757
2020-08-07;0.00083803;0.00084077
2020-08-10;0.00273945;0.00274849
2020-08-11;-0.00796944;-0.00796643
2020-08-12;0.01414134;0.01414436
2020-08-13;-0.00180359;-0.00180085
2020-08-14;-0.00010285;-0.00010011
2020-08-17;0.00272133;0.00272955
2020-08-18;0.00245557;0.00245804
2020-08-19;-0.00424325;-0.00424024
2020-08-20;0.00318662;0.00318963
2020-08-21;0.00349747;0.00350021
2020-08-24;0.01014595;0.01015581
2020-08-25;0.00360310;0.00360611
2020-08-26;0.01019779;0.01020081
2020-08-27;0.00173176;0.00173477
2020-08-28;0.00682948;0.00683222
2020-08-31;-0.00209469;-0.00208565
2020-09-01;0.00753917;0.00754246
2020-09-02;0.01546737;0.01547066
2020-09-03;-0.03494552;-0.03494251
2020-09-04;-0.00813856;-0.00813555
2020-09-08;-0.02773494;-0.02772069
2020-09-09;0.02019507;0.02019836
2020-09-10;-0.01754266;-0.01753937
2020-09-11;0.00057634;0.00057936
2020-09-14;0.01304390;0.01305294
2020-09-15;0.00522940;0.00523241
2020-09-16;-0.00458606;-0.00458277
2020-09-17;-0.00840248;-0.00840002
2020-09-18;-0.01117239;-0.01116965
2020-09-21;-0.01153341;-0.01152519
2020-09-22;0.01051685;0.01051959
2020-09-23;-0.02365328;-0.02365027
2020-09-24;0.00303237;0.00303511
2020-09-25;0.01600453;0.01600727
2020-09-28;0.01609734;0.01610638
2020-09-29;-0.00469088;-0.00468842
2020-09-30;0.00828306;0.00828580
2020-10-01;0.00539682;0.00539928
2020-10-02;-0.00957858;-0.00957611
2020-10-05;0.01806690;0.01807512
2020-10-06;-0.01393931;-0.01393657
2020-10-07;0.01741184;0.01741458
2020-10-08;0.00831037;0.00831283
2020-10-09;0.00880950;0.00881224
2020-10-12;0.01639997;0.01640819
2020-10-13;-0.00631109;-0.00630807
2020-10-14;-0.00652982;-0.00652653
2020-10-15;-0.00150443;-0.00150142
2020-10-16;0.00014706;0.00015007
2020-10-19;-0.01634337;-0.01633433
2020-10-20;0.00474052;0.00474326
2020-10-21;-0.00217843;-0.00217569
2020-10-22;0.00529981;0.00530227
2020-10-23;0.00346031;0.00346305
2020-10-26;-0.01859713;-0.01858809
2020-10-27;-0.00301328;-0.00301054
2020-10-28;-0.03529327;-0.03529053
2020-10-29;0.01202694;0.01202941
2020-10-30;-0.01202617;-0.01202371
2020-11-02;0.01231825;0.01232565
2020-11-03;0.01780290;0.01780564
2020-11-04;0.02204368;0.02204642
2020-11-05;0.01964623;0.01964897
2020-11-06;-0.00016506;-0.00016232
2020-11-09;0.01177690;0.01178595
2020-11-10;-0.00123761;-0.00123487
2020-11-11;0.00764580;0.00764854
2020-11-12;-0.00977831;-0.00977557
2020-11-13;0.01370077;0.01370323
2020-11-16;0.01164759;0.01165499
2020-11-17;-0.00465210;-0.00464963
2020-11-18;-0.01138567;-0.01138321
2020-11-19;0.00400848;0.00401040
2020-11-20;-0.00678615;-0.00678423
2020-11-23;0.00573680;0.00574338
2020-11-24;0.01617003;0.01617249
2020-11-25;-0.00155274;-0.00155027
2020-11-27;0.00248900;0.00249393
2020-11-30;-0.00445181;-0.00444524
2020-12-01;0.01129772;0.01130019
2020-12-02;0.00188141;0.00188387
2020-12-03;-0.00044264;-0.00044045
2020-12-04;0.00889294;0.00889541
2020-12-07;-0.00194690;-0.00194032
2020-12-08;0.00280795;0.00281042
2020-12-09;-0.00790446;-0.00790227
2020-12-10;-0.00121634;-0.00121415
2020-12-11;-0.00124687;-0.00124468
2020-12-14;-0.00419036;-0.00418297
2020-12-15;0.01293065;0.01293284
2020-12-16;0.00177059;0.00177306
2020-12-17;0.00580079;0.00580298
2020-12-18;-0.00344275;-0.00344056
2020-12-21;-0.00388795;-0.00388055
2020-12-22;-0.00200174;-0.00199928
2020-12-23;0.00075729;0.00075975
2020-12-24;0.00363836;0.00364083
2020-12-28;0.00870237;0.00871443
2020-12-29;-0.00223016;-0.00222742
2020-12-30;0.00144693;0.00144912
2020-12-31;0.00651389;0.00651635
2021-01-04;-0.01471980;-0.01470993
2021-01-05;0.00719876;0.00720123
2021-01-06;0.00572134;0.00572380
2021-01-07;0.01506064;0.01506310
2021-01-08;0.00561597;0.00561816
2021-01-11;-0.00656871;-0.00656213
2021-01-12;0.00041199;0.00041446
2021-01-13;0.00229047;0.00229293
2021-01-14;-0.00364259;-0.00364013
2021-01-15;-0.00718120;-0.00717873
2021-01-19;0.00815727;0.00816713
2021-01-20;0.01393241;0.01393460
2021-01-21;0.00039622;0.00039869
2021-01-22;-0.00300557;-0.00300338
2021-01-25;0.00360298;0.00361037
2021-01-26;-0.00148673;-0.00148481
2021-01-27;-0.02568038;-0.02567819
2021-01-28;0.00985852;0.00986044
2021-01-29;-0.01918448;-0.01918284
2021-02-01;0.01604107;0.01604682
2021-02-02;0.01390643;0.01390834
2021-02-03;0.00100547;0.00100657
2021-02-04;0.01095162;0.01095271
2021-02-05;0.00399970;0.00400052
2021-02-08;0.00741084;0.00741495
2021-02-09;-0.00094507;-0.00094397
2021-02-10;-0.00032337;-0.00032200
2021-02-11;0.00186095;0.00186232
2021-02-12;0.00475995;0.00476105
2021-02-16;-0.00045785;-0.00045346
2021-02-17;-0.00016028;-0.00015918
2021-02-18;-0.00438226;-0.00438144
2021-02-19;-0.00180005;-0.00179895
2021-02-22;-0.00765813;-0.00765566
2021-02-23;0.00127412;0.00127521
2021-02-24;0.01136104;0.01136186
2021-02-25;-0.02434296;-0.02434186
2021-02-26;-0.00463757;-0.00463648
2021-03-01;0.02380548;0.02380959
2021-03-02;-0.00807649;-0.00807540
2021-03-03;-0.01301925;-0.01301788
2021-03-04;-0.01324498;-0.01324389
2021-03-05;0.01953596;0.01953705
2021-03-08;-0.00535854;-0.00535443
2021-03-09;0.01424433;0.01424570
2021-03-10;0.00608103;0.00608213
2021-03-11;0.01046115;0.01046224
2021-03-12;0.00126129;0.00126239
2021-03-15;0.00652719;0.00653048
2021-03-16;-0.00154508;-0.00154453
2021-03-17;0.00288542;0.00288596
2021-03-18;-0.01471323;-0.01471296
2021-03-19;-0.00049996;-0.00049969
2021-03-22;0.00701953;0.00702199
2021-03-23;-0.00762968;-0.00762940
2021-03-24;-0.00540902;-0.00540847
2021-03-25;0.00526977;0.00527031
2021-03-26;0.01663683;0.01663738
2021-03-29;-0.00087468;-0.00087222
2021-03-30;-0.00305594;-0.00305539
2021-03-31;0.00369848;0.00369930
2021-04-01;0.01182374;0.01182429
2021-04-05;0.01456333;0.01456662
2021-04-06;-0.00093183;-0.00093128
2021-04-07;0.00149347;0.00149402
2021-04-08;0.00444938;0.00444965
2021-04-09;0.00772944;0.00772998
2021-04-12;-0.00018719;-0.00018554
2021-04-13;0.00329244;0.00329326
2021-04-14;-0.00396999;-0.00396945
2021-04-15;0.01111324;0.01111379
2021-04-16;0.00360541;0.00360596
2021-04-19;-0.00531455;-0.00531290
2021-04-20;-0.00677134;-0.00677052
2021-04-21;0.00930384;0.00930466
2021-04-22;-0.00913344;-0.00913261
2021-04-23;0.01096020;0.01096102
2021-04-26;0.00177395;0.00177642
2021-04-27;-0.00021047;-0.00021020
2021-04-28;-0.00084009;-0.00083981
2021-04-29;0.00681486;0.00681514
2021-04-30;-0.00711747;-0.00711719
2021-05-03;0.00274039;0.00274368
2021-05-04;-0.00668023;-0.00667968
2021-05-05;0.00070670;0.00070725
2021-05-06;0.00832120;0.00832174
2021-05-07;0.00753935;0.00753990
2021-05-10;-0.01042295;-0.01042131
2021-05-11;-0.00866221;-0.00866193
2021-05-12;-0.02131559;-0.02131504
2021-05-13;0.01234162;0.01234217
2021-05-14;0.01499537;0.01499564
2021-05-17;-0.00253580;-0.00253416
2021-05-18;-0.00839673;-0.00839618
2021-05-19;-0.00280453;-0.00280426
2021-05-20;0.01064341;0.01064368
2021-05-21;-0.00074623;-0.00074596
2021-05-24;0.01000355;0.01000519
2021-05-25;-0.00211322;-0.00211267
2021-05-26;0.00188756;0.00188811
2021-05-27;0.00125097;0.00125152
2021-05-28;0.00089118;0.00089145
2021-06-01;-0.00047103;-0.00046883
2021-06-02;0.00154996;0.00155050
2021-06-03;-0.00346943;-0.00346888
2021-06-04;0.00884248;0.00884303
2021-06-07;-0.00078056;-0.00077891
2021-06-08;0.00019325;0.00019380
2021-06-09;-0.00178772;-0.00178690
2021-06-10;0.00469848;0.00469931
2021-06-11;0.00196877;0.00196960
2021-06-14;0.00205565;0.00205811
2021-06-15;-0.00197875;-0.00197793
2021-06-16;-0.00538016;-0.00537907
2021-06-17;-0.00041275;-0.00041165
2021-06-18;-0.01307689;-0.01307552
2021-06-21;0.01403760;0.01404171
2021-06-22;0.00512127;0.00512237
2021-06-23;-0.00108427;-0.00108290
2021-06-24;0.00589472;0.00589609
2021-06-25;0.00334552;0.00334716
2021-06-28;0.00230410;0.00230821
2021-06-29;0.00036327;0.00036437
2021-06-30;0.00135271;0.00135408
2021-07-01;0.00528590;0.00528727
2021-07-02;0.00762512;0.00762649
2021-07-06;-0.00198916;-0.00198368
2021-07-07;0.00335705;0.00335842
2021-07-08;-0.00836855;-0.00836691
2021-07-09;0.01128905;0.01129070
2021-07-12;0.00343969;0.00344380
2021-07-13;-0.00351657;-0.00351520
2021-07-14;0.00128270;0.00128434
2021-07-15;-0.00324445;-0.00324308
2021-07-16;-0.00754212;-0.00754075
2021-07-19;-0.01586133;-0.01585722
2021-07-20;0.01518775;0.01518912
2021-07-21;0.00823954;0.00824091
2021-07-22;0.00208795;0.00208932
2021-07-23;0.01018808;0.01018945
2021-07-26;0.00238357;0.00238768
2021-07-27;-0.00471140;-0.00471003
2021-07-28;-0.00018330;-0.00018193
2021-07-29;0.00432068;0.00432232
2021-07-30;-0.00533154;-0.00532989
2021-08-02;-0.00185035;-0.00184624
2021-08-03;0.00820278;0.00820415
2021-08-04;-0.00462593;-0.00462456
2021-08-05;0.00607364;0.00607500
2021-08-06;0.00178910;0.00179075
2021-08-09;-0.00087404;-0.00086911
2021-08-10;0.00098967;0.00099104
2021-08-11;0.00250423;0.00250559
2021-08-12;0.00321201;0.00321366
2021-08-13;0.00164317;0.00164481
2021-08-16;0.00263844;0.00264337
2021-08-17;-0.00700274;-0.00700082
2021-08-18;-0.01056270;-0.01056078
2021-08-19;0.00131975;0.00132140
2021-08-20;0.00818737;0.00818874
2021-08-23;0.00860447;0.00860858
2021-08-24;0.00149761;0.00149898
2021-08-25;0.00222944;0.00223109
2021-08-26;-0.00579040;-0.00578903
2021-08-27;0.00883734;0.00883871
2021-08-30;0.00435948;0.00436359
2021-08-31;-0.00123750;-0.00123640
2021-09-01;0.00037515;0.00037652
2021-09-02;0.00299762;0.00299899
2021-09-03;-0.00031283;-0.00031146
2021-09-07;-0.00338011;-0.00337463
2021-09-08;-0.00128739;-0.00128602
2021-09-09;-0.00452387;-0.00452277
2021-09-10;-0.00767821;-0.00767684
2021-09-13;0.00227435;0.00227928
2021-09-14;-0.00550418;-0.00550309
2021-09-15;0.00849818;0.00849928
2021-09-16;-0.00152341;-0.00152231
2021-09-17;-0.00910929;-0.00910820
2021-09-20;-0.01698087;-0.01697758
2021-09-21;-0.00076897;-0.00076814
2021-09-22;0.00951698;0.00951781
2021-09-23;0.01217239;0.01217322
2021-09-24;0.00147124;0.00147206
2021-09-27;-0.00276344;-0.00276015
2021-09-28;-0.02031378;-0.02031268
2021-09-29;0.00166412;0.00166521
2021-09-30;-0.01184466;-0.01184356
2021-10-01;0.01149470;0.01149580
2021-10-04;-0.01293570;-0.01293242
2021-10-05;0.01063654;0.01063764
2021-10-06;0.00410223;0.00410333
2021-10-07;0.00852696;0.00852833
2021-10-08;-0.00190184;-0.00190048
2021-10-11;-0.00687511;-0.00687100
2021-10-12;-0.00242158;-0.00241994
2021-10-13;0.00304004;0.00304141
2021-10-14;0.01717237;0.01717374
2021-10-15;0.00745711;0.00745848
2021-10-18;0.00336434;0.00336927
2021-10-19;0.00740469;0.00740606
2021-10-20;0.00367135;0.00367272
2021-10-21;0.00306571;0.00306735
2021-10-22;-0.00106069;-0.00105904
2021-10-25;0.00474141;0.00474634
2021-10-26;0.00181996;0.00182160
2021-10-27;-0.00503736;-0.00503571
2021-10-28;0.00987525;0.00987689
2021-10-29;0.00205705;0.00205842
2021-11-01;0.00180000;0.00180411
2021-11-02;0.00367939;0.00368076
2021-11-03;0.00645676;0.00645813
2021-11-04;0.00430992;0.00431102
2021-11-05;0.00383010;0.00383147
2021-11-08;0.00088850;0.00089343
2021-11-09;-0.00343069;-0.00342960
2021-11-10;-0.00800727;-0.00800590
2021-11-11;0.00054834;0.00054971
2021-11-12;0.00731408;0.00731545
2021-11-15;0.00002179;0.00002590
2021-11-16;0.00391563;0.00391700
2021-11-17;-0.00240770;-0.00240633
2021-11-18;0.00347133;0.00347270
2021-11-19;-0.00137999;-0.00137862
2021-11-22;-0.00311401;-0.00310990
2021-11-23;0.00166612;0.00166776
2021-11-24;0.00233478;0.00233642
2021-11-26;-0.02271083;-0.02270754
2021-11-29;0.01325400;0.01325893
2021-11-30;-0.01883455;-0.01883318
2021-12-01;-0.01173364;-0.01173200
2021-12-02;0.01434956;0.01435093
2021-12-03;-0.00840596;-0.00840431
2021-12-06;0.01174984;0.01175477
2021-12-07;0.02071625;0.02071790
2021-12-08;0.00310250;0.00310442
2021-12-09;-0.00706363;-0.00706199
2021-12-10;0.00955626;0.00955791
2021-12-13;-0.00912443;-0.00912032
2021-12-14;-0.00732990;-0.00732853
2021-12-15;0.01636522;0.01636686
2021-12-16;-0.00870470;-0.00870333
2021-12-17;-0.01023637;-0.01023500
2021-12-20;-0.01138986;-0.01138410
2021-12-21;0.01784959;0.01785151
2021-12-22;0.01028163;0.01028382
2021-12-23;0.00623643;0.00623862
2021-12-27;0.01386412;0.01387070
2021-12-28;-0.00101973;-0.00101809
2021-12-29;0.00140285;0.00140422
2021-12-30;-0.00290123;-0.00289986
2021-12-31;-0.00258034;-0.00257870
2022-01-03;0.00636533;0.00637273
2022-01-04;-0.00056130;-0.00055911
2022-01-05;-0.01932781;-0.01932535
2022-01-06;-0.00089596;-0.00089323
2022-01-07;-0.00387281;-0.00387007
2022-01-10;-0.00145771;-0.00144702
2022-01-11;0.00915440;0.00915769
2022-01-12;0.00282797;0.00283125
2022-01-13;-0.01413911;-0.01413583
2022-01-14;0.00083200;0.00083557
2022-01-18;-0.01839871;-0.01838008
2022-01-19;-0.00967630;-0.00967164
2022-01-20;-0.01096954;-0.01096461
2022-01-21;-0.01891079;-0.01890614
2022-01-24;0.00274966;0.00276610
2022-01-25;-0.01217480;-0.01216932
2022-01-26;-0.00149382;-0.00148862
2022-01-27;-0.00532604;-0.00532056
2022-01-28;0.02445982;0.02446503
2022-01-31;0.01887984;0.01889957
2022-02-01;0.00685961;0.00686509
2022-02-02;0.00942527;0.00943075
2022-02-03;-0.02435288;-0.02434713
2022-02-04;0.00531734;0.00532364
2022-02-07;-0.00370863;-0.00368561
2022-02-08;0.00840142;0.00840881
2022-02-09;0.01463388;0.01464128
2022-02-10;-0.01800181;-0.01799058
2022-02-11;-0.01894395;-0.01893381
2022-02-14;-0.00381116;-0.00377417
2022-02-15;0.01586995;0.01588119
2022-02-16;0.00100194;0.00101262
2022-02-17;-0.02106370;-0.02105356
2022-02-18;-0.00703027;-0.00702068
2022-02-22;-0.01017985;-0.01013711
2022-02-23;-0.01841896;-0.01840910
2022-02-24;0.01502745;0.01503649
2022-02-25;0.02247340;0.02248244
2022-02-28;-0.00236896;-0.00233855
2022-03-01;-0.01545748;-0.01544872
2022-03-02;0.01866565;0.01867469
2022-03-03;-0.00514155;-0.00513141
2022-03-04;-0.00787578;-0.00786674
2022-03-07;-0.02954202;-0.02951079
2022-03-08;-0.00721912;-0.00720926
2022-03-09;0.02584217;0.02585259
2022-03-10;-0.00421207;-0.00420166
2022-03-11;-0.01291633;-0.01290565
2022-03-14;-0.00724671;-0.00720973
2022-03-15;0.02141678;0.02142938
2022-03-16;0.02239432;0.02240610
2022-03-17;0.01239473;0.01240569
2022-03-18;0.01166013;0.01167136
2022-03-21;-0.00043359;-0.00038838
2022-03-22;0.01128828;0.01130225
2022-03-23;-0.01223298;-0.01221928
2022-03-24;0.01441605;0.01442975
2022-03-25;0.00505606;0.00507058
2022-03-28;0.00709078;0.00714009
2022-03-29;0.01224177;0.01225712
2022-03-30;-0.00620884;-0.00619377
2022-03-31;-0.01560127;-0.01558730
2022-04-01;0.00339398;0.00340823
2022-04-04;0.00803755;0.00809262
2022-04-05;-0.01241211;-0.01239430
2022-04-06;-0.00973351;-0.00971515
2022-04-07;0.00435800;0.00437663
2022-04-08;-0.00265319;-0.00263429
2022-04-11;-0.01694793;-0.01688382
2022-04-12;-0.00340599;-0.00338571
2022-04-13;0.01134271;0.01136325
2022-04-14;-0.01216816;-0.01214679
2022-04-18;-0.00030202;-0.00021216
2022-04-19;0.01604801;0.01607048
2022-04-20;-0.00062827;-0.00060580
2022-04-21;-0.01469688;-0.01467442
2022-04-22;-0.02775031;-0.02772784
2022-04-25;0.00563002;0.00570646
2022-04-26;-0.02816274;-0.02813973
2022-04-27;0.00208454;0.00210701
2022-04-28;0.02478225;0.02480444
2022-04-29;-0.03623820;-0.03621546
2022-05-02;0.00560062;0.00567459
2022-05-03;0.00481104;0.00483569
2022-05-04;0.02984758;0.02987169
2022-05-05;-0.03556725;-0.03554424
2022-05-06;-0.00555120;-0.00552819
2022-05-09;-0.03204439;-0.03196877
2022-05-10;0.00243696;0.00246134
2022-05-11;-0.01645306;-0.01642840
2022-05-12;-0.00096690;-0.00094087
2022-05-13;0.02395314;0.02398081
2022-05-16;-0.00398914;-0.00390120
2022-05-17;0.02019276;0.02022180
2022-05-18;-0.04019443;-0.04016648
2022-05-19;-0.00575709;-0.00572860
2022-05-20;0.00013341;0.00016108
2022-05-23;0.01858232;0.01867026
2022-05-24;-0.00813731;-0.00810854
2022-05-25;0.00943613;0.00946490
2022-05-26;0.01988887;0.01991791
2022-05-27;0.02488814;0.02491718
2022-05-31;-0.00631732;-0.00619349
2022-06-01;-0.00741501;-0.00738433
2022-06-02;0.01857198;0.01860294
2022-06-03;-0.01631018;-0.01627812
2022-06-06;0.00303885;0.00313995
2022-06-07;0.00951541;0.00954938
2022-06-08;-0.01079380;-0.01075956
2022-06-09;-0.02373807;-0.02370355
2022-06-10;-0.02911869;-0.02908198
2022-06-13;-0.03890797;-0.03876907
2022-06-14;-0.00347528;-0.00342651
2022-06-15;0.01457502;0.01462133
2022-06-16;-0.03245345;-0.03241126
2022-06-17;0.00217719;0.00222048
2022-06-21;0.02434439;0.02452631
2022-06-22;-0.00133097;-0.00128796
2022-06-23;0.00953158;0.00957515
2022-06-24;0.03053413;0.03057961
2022-06-27;-0.00309229;-0.00294845
2022-06-28;-0.02019459;-0.02014665
2022-06-29;-0.00064925;-0.00060185
2022-06-30;-0.00864127;-0.00859579
2022-07-01;0.01051878;0.01056426
2022-07-05;0.00155381;0.00175764
2022-07-06;0.00353853;0.00358922
2022-07-07;0.01502780;0.01507958
2022-07-08;-0.00080512;-0.00075280
2022-07-11;-0.01169160;-0.01151653
2022-07-12;-0.00928656;-0.00922738
2022-07-13;-0.00450328;-0.00443944
2022-07-14;-0.00293561;-0.00287177
2022-07-15;0.01913819;0.01920093
2022-07-18;-0.00857016;-0.00836961
2022-07-19;0.02760101;0.02766841
2022-07-20;0.00584237;0.00590922
2022-07-21;0.00988408;0.00994984
2022-07-22;-0.00938913;-0.00932311
2022-07-25;0.00109978;0.00130936
2022-07-26;-0.01160409;-0.01153614
2022-07-27;0.02610079;0.02616572
2022-07-28;0.01219052;0.01225490
2022-07-29;0.01424983;0.01431394
2022-08-01;-0.00302616;-0.00282233
2022-08-02;-0.00672744;-0.00665949
2022-08-03;0.01558473;0.01565158
2022-08-04;-0.00075675;-0.00069073
2022-08-05;-0.00156806;-0.00150011
2022-08-08;-0.00143674;-0.00122550
2022-08-09;-0.00425841;-0.00418772
2022-08-10;0.02126273;0.02133287
2022-08-11;-0.00050678;-0.00043774
2022-08-12;0.01738048;0.01744979
2022-08-15;0.00377846;0.00399463
2022-08-16;0.00185279;0.00192430
2022-08-17;-0.00713051;-0.00705955
2022-08-18;0.00234818;0.00241969
2022-08-19;-0.01294393;-0.01287160
2022-08-22;-0.02152762;-0.02130242
2022-08-23;-0.00230036;-0.00222611
2022-08-24;0.00285963;0.00293443
2022-08-25;0.01403694;0.01411311
2022-08-26;-0.03373871;-0.03366254
2022-08-29;-0.00686226;-0.00662472
2022-08-30;-0.01102889;-0.01094998
2022-08-31;-0.00769666;-0.00761803
2022-09-01;0.00308835;0.00316726
2022-09-02;-0.01073831;-0.01066022
2022-09-06;-0.00437589;-0.00405150
2022-09-07;0.01828603;0.01836768
2022-09-08;0.00664991;0.00673128
2022-09-09;0.01527589;0.01535754
2022-09-12;0.01032287;0.01057684
2022-09-13;-0.04329816;-0.04321077
2022-09-14;0.00357268;0.00365871
2022-09-15;-0.01130427;-0.01121879
2022-09-16;-0.00725251;-0.00716758
2022-09-19;0.00659161;0.00686203
2022-09-20;-0.01135340;-0.01126408
2022-09-21;-0.01714066;-0.01705271
2022-09-22;-0.00847069;-0.00838329
2022-09-23;-0.01729687;-0.01721139
2022-09-26;-0.01061564;-0.01034441
2022-09-27;-0.00214856;-0.00205924
2022-09-28;0.01963896;0.01972910
2022-09-29;-0.02107658;-0.02098726
2022-09-30;-0.01511134;-0.01502312
2022-10-03;0.02561166;0.02588618
2022-10-04;0.03058020;0.03067116
2022-10-05;-0.00201373;-0.00192249
2022-10-06;-0.01008564;-0.00999468
2022-10-07;-0.02806344;-0.02797276
2022-10-10;-0.00777123;-0.00749917
2022-10-11;-0.00660081;-0.00650410
2022-10-12;-0.00336328;-0.00326575
2022-10-13;0.02599700;0.02609673
2022-10-14;-0.02372731;-0.02362731
2022-10-17;0.02616196;0.02647593
2022-10-18;0.01134028;0.01144685
2022-10-19;-0.00678400;-0.00667688
2022-10-20;-0.00794734;-0.00784021
2022-10-21;0.02363560;0.02374245
2022-10-24;0.01154733;0.01187609
2022-10-25;0.01616205;0.01627081
2022-10-26;-0.00748469;-0.00737675
2022-10-27;-0.00617438;-0.00606616
2022-10-28;0.02461427;0.02472359
2022-10-31;-0.00775602;-0.00742232
2022-11-01;-0.00420504;-0.00409381
2022-11-02;-0.02510933;-0.02499865
2022-11-03;-0.01057118;-0.01045995
2022-11-04;0.01371976;0.01382990
2022-11-07;0.00929060;0.00962923
2022-11-08;0.00549232;0.00560465
2022-11-09;-0.02068115;-0.02056855
2022-11-10;0.05539804;0.05551009
2022-11-11;0.00912625;0.00923830
2022-11-14;-0.00905877;-0.00871686
2022-11-15;0.00867350;0.00878693
2022-11-16;-0.00813903;-0.00802560
2022-11-17;-0.00299748;-0.00288433
2022-11-18;0.00467289;0.00478659
2022-11-21;-0.00412374;-0.00377607
2022-11-22;0.01348842;0.01360376
2022-11-23;0.00584997;0.00596532
2022-11-25;-0.00048967;-0.00025844
2022-11-28;-0.01579593;-0.01544251
2022-11-29;-0.00162342;-0.00150644
2022-11-30;0.03045172;0.03056871
2022-12-01;0.00000000;0.00011562
2022-12-02;0.00000000;0.00011562
2022-12-05;0.00000000;0.00035096
2022-12-06;0.00000000;0.00011699
2022-12-07;0.00000000;0.00011507
2022-12-08;0.00000000;0.00011425
2022-12-09;0.00000000;0.00011479
2022-12-12;0.00000000;0.00035260
2022-12-13;0.00000000;0.00011671
2022-12-14;0.00000000;0.00011589
2022-12-15;0.00000000;0.00011562
2022-12-16;0.00000000;0.00011507
2022-12-19;0.00000000;0.00035178
2022-12-20;0.00000000;0.00011644
2022-12-21;0.00000000;0.00011562
2022-12-22;0.00000000;0.00011616
2022-12-23;0.00000000;0.00011589
2022-12-27;0.00000000;0.00047671
2022-12-28;0.00000000;0.00011918
2022-12-29;0.00000000;0.00011890
2022-12-30;0.00000000;0.00011781
2023-01-03;0.00000000;0.00048219
2023-01-04;0.00000000;0.00012082
2023-01-05;0.00000000;0.00012356
2023-01-06;0.00000000;0.00012356
2023-01-09;0.00000000;0.00037397
2023-01-10;0.00000000;0.00012521
2023-01-11;0.00000000;0.00012521
2023-01-12;0.00000000;0.00012329
2023-01-13;0.00000000;0.00012356
2023-01-17;0.00000000;0.00049973
2023-01-18;0.00000000;0.00012438
2023-01-19;0.00000000;0.00012466
2023-01-20;0.00000000;0.00012521
2023-01-23;0.00000000;0.00037644
2023-01-24;0.00000000;0.00012521
2023-01-25;0.00000000;0.00012493
2023-01-26;0.00000000;0.00012466
2023-01-27;0.00000000;0.00012521
2023-01-30;0.00000000;0.00037726
2023-01-31;0.00000000;0.00012548
2023-02-01;0.00000000;0.00012438
2023-02-02;0.00000000;0.00012411
2023-02-03;0.00000000;0.00012521
2023-02-06;0.00000000;0.00037726
2023-02-07;0.00000000;0.00012575
2023-02-08;0.00000000;0.00012575
2023-02-09;0.00000000;0.00012712
2023-02-10;0.00000000;0.00012767
2023-02-13;0.00000000;0.00038466
2023-02-14;0.00000000;0.00012795
2023-02-15;0.00000000;0.00012767
2023-02-16;0.00000000;0.00012877
2023-02-17;0.00000000;0.00012877
2023-02-21;0.00000000;0.00051726
2023-02-22;0.00000000;0.00012904
2023-02-23;0.00000000;0.00012904
2023-02-24;0.00000000;0.00012932
2023-02-27;0.00000000;0.00038959
2023-02-28;0.00000000;0.00012932
2023-03-01;0.00000000;0.00012959
2023-03-02;0.00000000;0.00012986
2023-03-03;0.00000000;0.00012986
2023-03-06;0.00000000;0.00039123
2023-03-07;0.00000000;0.00013342
2023-03-08;0.00000000;0.00013397
2023-03-09;0.00000000;0.00013342
2023-03-10;0.00000000;0.00013233
2023-03-13;0.00000000;0.00038630
2023-03-14;0.00000000;0.00012904
2023-03-15;0.00000000;0.00012575
2023-03-16;0.00000000;0.00012521
2023-03-17;0.00000000;0.00011945
2023-03-20;0.00000000;0.00038219
2023-03-21;0.00000000;0.00012658
2023-03-22;0.00000000;0.00012685
2023-03-23;0.00000000;0.00012521
2023-03-24;0.00000000;0.00012521
2023-03-27;0.00000000;0.00039041
2023-03-28;0.00000000;0.00012712
2023-03-29;0.00000000;0.00012712
2023-03-30;0.00000000;0.00013151
2023-03-31;0.00000000;0.00012822
2023-04-03;0.00000000;0.00039205
2023-04-04;0.00000000;0.00012986
2023-04-05;0.00000000;0.00012932
2023-04-06;0.00000000;0.00013068
2023-04-10;0.00000000;0.00054137
2023-04-11;0.00000000;0.00013397
2023-04-12;0.00000000;0.00013342
2023-04-13;0.00000000;0.00013562
2023-04-14;0.00000000;0.00013644
2023-04-17;0.00000000;0.00041589
2023-04-18;0.00000000;0.00013808
2023-04-19;0.00000000;0.00013726
2023-04-20;0.00000000;0.00013616
2023-04-21;0.00000000;0.00013644
2023-04-24;0.00000000;0.00041425
2023-04-25;0.00000000;0.00013616
2023-04-26;0.00000000;0.00013699
2023-04-27;0.00000000;0.00013781
2023-04-28;0.00000000;0.00013562
2023-05-01;0.00000000;0.00041918
2023-05-02;0.00000000;0.00013918
2023-05-03;0.00000000;0.00013945
2023-05-04;0.00000000;0.00013973
2023-05-05;0.00000000;0.00013973
2023-05-08;0.00000000;0.00042329
2023-05-09;0.00000000;0.00014055
2023-05-10;0.00000000;0.00013918
2023-05-11;0.00000000;0.00013808
2023-05-12;0.00000000;0.00013918
2023-05-15;0.00000000;0.00041589
2023-05-16;0.00000000;0.00013890
2023-05-17;0.00000000;0.00013973
2023-05-18;0.00000000;0.00014082
2023-05-19;0.00000000;0.00014027
2023-05-22;0.00000000;0.00043068
2023-05-23;0.00000000;0.00014192
2023-05-24;0.00000000;0.00014274
2023-05-25;0.00000000;0.00014274
2023-05-26;0.00000000;0.00014137
2023-05-30;0.00000000;0.00057863
2023-05-31;0.00000000;0.00014411
2023-06-01;0.00000000;0.00014356
2023-06-02;0.00000000;0.00014329
2023-06-05;0.00000000;0.00042740
2023-06-06;0.00000000;0.00014192
2023-06-07;0.00000000;0.00014137
2023-06-08;0.00000000;0.00014027
2023-06-09;0.00000000;0.00014000
2023-06-12;0.00000000;0.00042247
2023-06-13;0.00000000;0.00014000
2023-06-14;0.00000000;0.00013973
2023-06-15;0.00000000;0.00013890
2023-06-16;0.00000000;0.00013945
2023-06-20;0.00000000;0.00056329
2023-06-21;0.00000000;0.00014110
2023-06-22;0.00000000;0.00014110
2023-06-23;0.00000000;0.00014110
2023-06-26;0.00000000;0.00043068
2023-06-27;0.00000000;0.00014219
2023-06-28;0.00000000;0.00014192
2023-06-29;0.00000000;0.00014247
2023-06-30;0.00000000;0.00014164
2023-07-03;0.00000000;0.00042822
2023-07-05;0.00000000;0.00028548
2023-07-06;0.00000000;0.00014329
2023-07-07;0.00000000;0.00014301
2023-07-10;0.00000000;0.00043151
2023-07-11;0.00000000;0.00014384
2023-07-12;0.00000000;0.00014356
2023-07-13;0.00000000;0.00014356
2023-07-14;0.00000000;0.00014384
2023-07-17;0.00000000;0.00043233
2023-07-18;0.00000000;0.00014384
2023-07-19;0.00000000;0.00014411
2023-07-20;0.00000000;0.00014411
2023-07-21;0.00000000;0.00014438
2023-07-24;0.00000000;0.00043397
2023-07-25;0.00000000;0.00014466
2023-07-26;0.00000000;0.00014466
2023-07-27;0.00000000;0.00014466
2023-07-28;0.00000000;0.00014466
2023-07-31;0.00000000;0.00043397
2023-08-01;0.00000000;0.00014438
2023-08-02;0.00000000;0.00014438
2023-08-03;0.00000000;0.00014438
2023-08-04;0.00000000;0.00014466
2023-08-07;0.00000000;0.00043479
2023-08-08;0.00000000;0.00014521
2023-08-09;0.00000000;0.00014466
2023-08-10;0.00000000;0.00014466
2023-08-11;0.00000000;0.00014466
2023-08-14;0.00000000;0.00043479
2023-08-15;0.00000000;0.00014493
2023-08-16;0.00000000;0.00014493
2023-08-17;0.00000000;0.00014493
2023-08-18;0.00000000;0.00014466
2023-08-21;0.00000000;0.00043562
2023-08-22;0.00000000;0.00014521
2023-08-23;0.00000000;0.00014521
2023-08-24;0.00000000;0.00014548
2023-08-25;0.00000000;0.00014630
2023-08-28;0.00000000;0.00043890
2023-08-29;0.00000000;0.00014603
2023-08-30;0.00000000;0.00014575
2023-08-31;0.00000000;0.00014575
2023-09-01;0.00000000;0.00014521
2023-09-05;0.00000000;0.00058301
2023-09-06;0.00000000;0.00014548
2023-09-07;0.00000000;0.00014521
2023-09-08;0.00000000;0.00014548
2023-09-11;0.00000000;0.00043726
2023-09-12;0.00000000;0.00014575
2023-09-13;0.00000000;0.00014548
2023-09-14;0.00000000;0.00014548
2023-09-15;0.00000000;0.00014575
2023-09-18;0.00000000;0.00043644
2023-09-19;0.00000000;0.00014548
2023-09-20;0.00000000;0.00014603
2023-09-21;0.00000000;0.00014603
2023-09-22;0.00000000;0.00014575
2023-09-25;0.00000000;0.00043973
2023-09-26;0.00000000;0.00014630
2023-09-27;0.00000000;0.00014630
2023-09-28;0.00000000;0.00014575
2023-09-29;0.00000000;0.00014575
2023-10-02;0.00000000;0.00043973
2023-10-03;0.00000000;0.00014658
2023-10-04;0.00000000;0.00014630
2023-10-05;0.00000000;0.00014630
2023-10-06;0.00000000;0.00014685
2023-10-09;0.00000000;0.00044055
2023-10-10;0.00000000;0.00014630
2023-10-11;0.00000000;0.00014630
2023-10-12;0.00000000;0.00014658
2023-10-13;0.00000000;0.00014658
2023-10-16;0.00000000;0.00043890
2023-10-17;0.00000000;0.00014658
2023-10-18;0.00000000;0.00014630
2023-10-19;0.00000000;0.00014603
2023-10-20;0.00000000;0.00014548
2023-10-23;0.00000000;0.00043726
2023-10-24;0.00000000;0.00014548
2023-10-25;0.00000000;0.00014575
2023-10-26;0.00000000;0.00014575
2023-10-27;0.00000000;0.00014575
2023-10-30;0.00000000;0.00043808
2023-10-31;0.00000000;0.00014603
2023-11-01;0.00000000;0.00014548
2023-11-02;0.00000000;0.00014466
2023-11-03;0.00000000;0.00014438
2023-11-06;0.00000000;0.00043479
2023-11-07;0.00000000;0.00014466
2023-11-08;0.00000000;0.00014466
2023-11-09;0.00000000;0.00014438
2023-11-10;0.00000000;0.00014411
2023-11-13;0.00000000;0.00043397
2023-11-14;0.00000000;0.00014411
2023-11-15;0.00000000;0.00014411
2023-11-16;0.00000000;0.00014384
2023-11-17;0.00000000;0.00014384
2023-11-20;0.00000000;0.00043315
2023-11-21;0.00000000;0.00014411
2023-11-22;0.00000000;0.00014438
2023-11-24;0.00000000;0.00028932
2023-11-27;0.00000000;0.00043397
2023-11-28;0.00000000;0.00014438
2023-11-29;0.00000000;0.00014384
2023-11-30;0.00000000;0.00014384
2023-12-01;0.00000000;0.00014329
2023-12-04;0.00000000;0.00043233
2023-12-05;0.00000000;0.00014384
2023-12-06;0.00000000;0.00014384
2023-12-07;0.00000000;0.00014356
2023-12-08;0.00000000;0.00014356
2023-12-11;0.00000000;0.00043233
2023-12-12;0.00000000;0.00014411
2023-12-13;0.00000000;0.00014356
2023-12-14;0.00000000;0.00014329
2023-12-15;0.00000000;0.00014356
2023-12-18;0.00000000;0.00043233
2023-12-19;0.00000000;0.00014329
2023-12-20;0.00000000;0.00014356
2023-12-21;0.00000000;0.00014301
2023-12-22;0.00000000;0.00014356
2023-12-26;0.00000000;0.00057534
2023-12-27;0.00000000;0.00014356
2023-12-28;0.00000000;0.00014384
2023-12-29;0.00000000;0.00014247
2024-01-02;0.00000000;0.00057205
2024-01-03;0.00000000;0.00014356
2024-01-04;0.00000000;0.00014356
2024-01-05;0.00000000;0.00014356
2024-01-08;0.00000000;0.00043151
2024-01-09;0.00000000;0.00014356
2024-01-10;0.00000000;0.00014329
2024-01-11;0.00000000;0.00014329
2024-01-12;0.00000000;0.00014301
2024-01-16;0.00000000;0.00057205
2024-01-17;0.00000000;0.00014356
2024-01-18;0.00000000;0.00014301
2024-01-19;0.00000000;0.00014301
2024-01-22;0.00000000;0.00042904
2024-01-23;0.00000000;0.00014274
2024-01-24;0.00000000;0.00014274
2024-01-25;0.00000000;0.00014274
2024-01-26;0.00000000;0.00014274
2024-01-29;0.00000000;0.00042904
2024-01-30;0.00000000;0.00014274
2024-01-31;0.00000000;0.00014301
2024-02-01;0.00000000;0.00014301
2024-02-02;0.00000000;0.00014329
2024-02-05;0.00000000;0.00042904
2024-02-06;0.00000000;0.00014329
2024-02-07;0.00000000;0.00014329
2024-02-08;0.00000000;0.00014329
2024-02-09;0.00000000;0.00014356
2024-02-12;0.00000000;0.00042986
2024-02-13;0.00000000;0.00014384
2024-02-14;0.00000000;0.00014329
2024-02-15;0.00000000;0.00014329
2024-02-16;0.00000000;0.00014356
2024-02-20;0.00000000;0.00057425
2024-02-21;0.00000000;0.00014356
2024-02-22;0.00000000;0.00014384
2024-02-23;0.00000000;0.00014411
2024-02-26;0.00000000;0.00043233
2024-02-27;0.00000000;0.00014384
2024-02-28;0.00000000;0.00014356
2024-02-29;0.00000000;0.00014384
2024-03-01;0.00000000;0.00014329
2024-03-04;0.00000000;0.00043068
2024-03-05;0.00000000;0.00014329
2024-03-06;0.00000000;0.00014356
2024-03-07;0.00000000;0.00014356
2024-03-08;0.00000000;0.00014356
2024-03-11;0.00000000;0.00043068
2024-03-12;0.00000000;0.00014384
2024-03-13;0.00000000;0.00014384
2024-03-14;0.00000000;0.00014384
2024-03-15;0.00000000;0.00014384
2024-03-18;0.00000000;0.00043151
2024-03-19;0.00000000;0.00014356
2024-03-20;0.00000000;0.00014356
2024-03-21;0.00000000;0.00014384
2024-03-22;0.00000000;0.00014356
2024-03-25;0.00000000;0.00042986
2024-03-26;0.00000000;0.00014301
2024-03-27;0.00000000;0.00014301
2024-03-28;0.00000000;0.00014329
2024-04-01;0.00000000;0.00057315
2024-04-02;0.00000000;0.00014301
2024-04-03;0.00000000;0.00014301
2024-04-04;0.00000000;0.00014274
2024-04-05;0.00000000;0.00014329
2024-04-08;0.00000000;0.00042986
2024-04-09;0.00000000;0.00014329
2024-04-10;0.00000000;0.00014384
2024-04-11;0.00000000;0.00014384
2024-04-12;0.00000000;0.00014384
2024-04-15;0.00000000;0.00043151
2024-04-16;0.00000000;0.00014384
2024-04-17;0.00000000;0.00014384
2024-04-18;0.00000000;0.00014384
2024-04-19;0.00000000;0.00014384
2024-04-22;0.00000000;0.00042904
2024-04-23;0.00000000;0.00014384
2024-04-24;0.00000000;0.00014411
2024-04-25;0.00000000;0.00014411
2024-04-26;0.00000000;0.00014384
2024-04-29;0.00000000;0.00043151
2024-04-30;0.00000000;0.00014384
2024-05-01;0.00000000;0.00014411
2024-05-02;0.00000000;0.00014384
2024-05-03;0.00000000;0.00014384
2024-05-06;0.00000000;0.00043151
2024-05-07;0.00000000;0.00014384
2024-05-08;0.00000000;0.00014384
2024-05-09;0.00000000;0.00014384
2024-05-10;0.00000000;0.00014411
2024-05-13;0.00000000;0.00043151
2024-05-14;0.00000000;0.00014356
2024-05-15;0.00000000;0.00014384
2024-05-16;0.00000000;0.00014384
2024-05-17;0.00000000;0.00014384
2024-05-20;0.00000000;0.00043151
2024-05-21;0.00000000;0.00014384
2024-05-22;0.00000000;0.00014384
2024-05-23;0.00000000;0.00014411
2024-05-24;0.00000000;0.00014411
2024-05-28;0.00000000;0.00057644
2024-05-29;0.00000000;0.00014411
2024-05-30;0.00000000;0.00014411
2024-05-31;0.00000000;0.00014384
2024-06-03;0.00000000;0.00043233
2024-06-04;0.00000000;0.00014384
2024-06-05;0.00000000;0.00014384
2024-06-06;0.00000000;0.00014384
2024-06-07;0.00000000;0.00014411
2024-06-10;0.00000000;0.00043151
2024-06-11;0.00000000;0.00014384
2024-06-12;0.00000000;0.00014384
2024-06-13;0.00000000;0.00014384
2024-06-14;0.00000000;0.00014384
2024-06-17;0.00000000;0.00043151
2024-06-18;0.00000000;0.00014356
2024-06-20;0.00000000;0.00028712
2024-06-21;0.00000000;0.00014329
2024-06-24;0.00000000;0.00043068
2024-06-25;0.00000000;0.00014329
2024-06-26;0.00000000;0.00014356
2024-06-27;0.00000000;0.00014329
2024-06-28;0.00000000;0.00014301
2024-07-01;0.00000000;0.00043068
2024-07-02;0.00000000;0.00014356
2024-07-03;0.00000000;0.00014356
2024-07-05;0.00000000;0.00028658
2024-07-08;0.00000000;0.00042986
2024-07-09;0.00000000;0.00014329
2024-07-10;0.00000000;0.00014329
2024-07-11;0.00000000;0.00014274
2024-07-12;0.00000000;0.00014274
2024-07-15;0.00000000;0.00042740
2024-07-16;0.00000000;0.00014247
2024-07-17;0.00000000;0.00014247
2024-07-18;0.00000000;0.00014274
2024-07-19;0.00000000;0.00014247
2024-07-22;0.00000000;0.00042658
2024-07-23;0.00000000;0.00014192
2024-07-24;0.00000000;0.00014192
2024-07-25;0.00000000;0.00014164
2024-07-26;0.00000000;0.00014137
2024-07-29;0.00000000;0.00042329
2024-07-30;0.00000000;0.00014082
2024-07-31;0.00000000;0.00014110
2024-08-01;0.00000000;0.00014027
2024-08-02;0.00000000;0.00013836
2024-08-05;0.00000000;0.00041836
2024-08-06;0.00000000;0.00013945
2024-08-07;0.00000000;0.00013945
2024-08-08;0.00000000;0.00013945
2024-08-09;0.00000000;0.00013945
2024-08-12;0.00000000;0.00041671
2024-08-13;0.00000000;0.00013863
2024-08-14;0.00000000;0.00013890
2024-08-15;0.00000000;0.00013945
2024-08-16;0.00000000;0.00013918
2024-08-19;0.00000000;0.00041589
2024-08-20;0.00000000;0.00013808
2024-08-21;0.00000000;0.00013753
2024-08-22;0.00000000;0.00013808
2024-08-23;0.00000000;0.00013726
2024-08-26;0.00000000;0.00040932
2024-08-27;0.00000000;0.00013644
2024-08-28;0.00000000;0.00013589
2024-08-29;0.00000000;0.00013644
2024-08-30;0.00000000;0.00013644
2024-09-03;0.00000000;0.00054466
2024-09-04;0.00000000;0.00013589
2024-09-05;0.00000000;0.00013534
2024-09-06;0.00000000;0.00013507
2024-09-09;0.00000000;0.00040192
2024-09-10;0.00000000;0.00013288
2024-09-11;0.00000000;0.00013397
2024-09-12;0.00000000;0.00013288
2024-09-13;0.00000000;0.00013096
2024-09-16;0.00000000;0.00039041
2024-09-17;0.00000000;0.00013014
2024-09-18;0.00000000;0.00012740
2024-09-19;0.00000000;0.00012630
2024-09-20;0.00000000;0.00012493
2024-09-23;0.00000000;0.00037233
2024-09-24;0.00000000;0.00012329
2024-09-25;0.00000000;0.00012356
2024-09-26;0.00000000;0.00012329
2024-09-27;0.00000000;0.00012329
2024-09-30;0.00000000;0.00037151
2024-10-01;0.00000000;0.00012329
2024-10-02;0.00000000;0.00012274
2024-10-03;0.00000000;0.00012274
2024-10-04;0.00000000;0.00012411
2024-10-07;0.00000000;0.00037397
2024-10-08;0.00000000;0.00012411
2024-10-09;0.00000000;0.00012438
2024-10-10;0.00000000;0.00012438
2024-10-11;0.00000000;0.00012411
2024-10-14;0.00000000;0.00037233
2024-10-15;0.00000000;0.00012384
2024-10-16;0.00000000;0.00012356
2024-10-17;0.00000000;0.00012438
2024-10-18;0.00000000;0.00012411
2024-10-21;0.00000000;0.00037068
2024-10-22;0.00000000;0.00012356
2024-10-23;0.00000000;0.00012384
2024-10-24;0.00000000;0.00012329
2024-10-25;0.00000000;0.00012384
2024-10-28;0.00000000;0.00036904
2024-10-29;0.00000000;0.00012301
2024-10-30;0.00000000;0.00012247
2024-10-31;0.00000000;0.00012164
2024-11-01;0.00000000;0.00012082
2024-11-04;0.00000000;0.00036493
2024-11-05;0.00000000;0.00012137
2024-11-06;0.00000000;0.00012164
2024-11-07;0.00000000;0.00012137
2024-11-08;0.00000000;0.00012137
2024-11-11;0.00000000;0.00036411
2024-11-12;0.00000000;0.00012137
2024-11-13;0.00000000;0.00012055
2024-11-14;0.00000000;0.00012082
2024-11-15;0.00000000;0.00012082
2024-11-18;0.00000000;0.00036329
2024-11-19;0.00000000;0.00012082
2024-11-20;0.00000000;0.00012110
2024-11-21;0.00000000;0.00012137
2024-11-22;0.00000000;0.00012137
2024-11-25;0.00000000;0.00036329
2024-11-26;0.00000000;0.00012055
2024-11-27;0.00000000;0.00012055
2024-11-29;0.00000000;0.00024055
2024-12-02;0.00000000;0.00036000
2024-12-03;0.00000000;0.00011945
2024-12-04;0.00000000;0.00011918
2024-12-05;0.00000000;0.00011890
2024-12-06;0.00000000;0.00011808
2024-12-09;0.00000000;0.00035342
2024-12-10;0.00000000;0.00011753
2024-12-11;0.00000000;0.00011671
2024-12-12;0.00000000;0.00011589
2024-12-13;0.00000000;0.00011589
2024-12-16;0.00000000;0.00034932
2024-12-17;0.00000000;0.00011671
2024-12-18;0.00000000;0.00011644
2024-12-19;0.00000000;0.00011589
2024-12-20;0.00000000;0.00011589
2024-12-23;0.00000000;0.00034849
2024-12-24;0.00000000;0.00011726
2024-12-26;0.00000000;0.00023233
2024-12-27;0.00000000;0.00011479
2024-12-30;0.00000000;0.00034767
2024-12-31;-0.00065000;-0.00053411
