date;start_balance;start_equity;min_equity;end_equity
2000.01.04;100000.00;100000.00;98955.46;98955.46
2000.01.05;98955.46;98955.46;98011.04;98011.04
2000.01.06;98011.04;98011.04;95584.25;95584.25
2000.01.07;95584.25;95584.25;95584.25;96777.20
2000.01.10;96777.20;96777.20;96777.20;98260.28
2000.01.11;98260.28;98260.28;97364.99;97364.99
2000.01.12;97364.99;97364.99;96796.24;96796.24
2000.01.13;96796.24;96796.24;96796.24;97532.67
2000.01.14;97532.67;97532.67;97532.67;98101.25
2000.01.18;98101.25;98101.25;98101.25;98610.02
2000.01.19;98610.02;98610.02;98610.02;98740.54
2000.01.20;98740.54;98740.54;98740.54;99164.75
2000.01.21;99164.75;99164.75;98737.75;98737.75
2000.01.24;98737.75;98737.75;98314.48;98314.48
2000.01.25;98314.48;98314.48;98314.48;99166.51
2000.01.26;99166.51;99166.51;97844.66;97844.66
2000.01.27;97844.66;97844.66;97844.66;97871.31
2000.01.28;97871.31;97871.31;96748.62;96748.62
2000.01.31;96748.62;96748.62;96455.68;96455.68
2000.02.01;96455.68;96455.68;96455.68;97573.38
2000.02.02;97573.38;97573.38;97573.38;98087.11
2000.02.03;98087.11;98087.11;98087.11;99042.94
2000.02.04;99042.94;99042.94;99042.94;99393.96
2000.02.07;99393.96;99393.96;99393.96;99888.74
2000.02.08;99888.74;99888.74;99888.74;100003.81
2000.02.09;100003.81;100003.81;99879.02;99879.02
2000.02.10;99879.02;99879.02;99879.02;100881.59
2000.02.11;100881.59;100881.59;100782.44;100782.44
2000.02.14;100782.44;100782.44;100782.44;100817.40
2000.02.15;100817.40;100817.40;100570.16;100570.16
2000.02.16;100570.16;100570.16;100570.16;101006.18
2000.02.17;101006.18;101006.18;101006.18;101729.64
2000.02.18;101729.64;101729.64;101370.38;101370.38
2000.02.22;101370.38;101370.38;101254.64;101254.64
2000.02.23;101254.64;101254.64;101254.64;101934.07
2000.02.24;101934.07;101934.07;101934.07;102740.04
2000.02.25;102740.04;102740.04;102286.41;102286.41
2000.02.28;102286.41;102286.41;101800.54;101800.54
2000.02.29;101800.54;101800.54;101800.54;102149.24
2000.03.01;102149.24;102149.24;102149.24;102524.43
2000.03.02;102524.43;102524.43;102430.08;102430.08
2000.03.03;102430.08;102430.08;102430.08;103031.37
2000.03.06;103031.37;103031.37;103031.37;103579.41
2000.03.07;103579.41;103579.41;103579.41;104194.39
2000.03.08;104194.39;104194.39;104194.39;104245.70
2000.03.09;104245.70;104245.70;104245.70;104439.67
2000.03.10;104439.67;104439.67;104218.01;104218.01
2000.03.13;104218.01;104218.01;103366.00;103366.00
2000.03.14;103366.00;103366.00;102940.92;102940.92
2000.03.15;102940.92;102940.92;100884.85;100884.85
2000.03.16;100884.85;100884.85;100326.20;100326.20
2000.03.17;100326.20;100326.20;100326.20;100893.48
2000.03.20;100893.48;100893.48;100873.51;100873.51
2000.03.21;100873.51;100873.51;100873.51;101067.92
2000.03.22;101067.92;101067.92;101067.92;101786.61
2000.03.23;101786.61;101786.61;101739.39;101739.39
2000.03.24;101739.39;101739.39;101739.39;102122.11
2000.03.27;102122.11;102122.11;102122.11;102257.50
2000.03.28;102257.50;102257.50;101847.35;101847.35
2000.03.29;101847.35;101847.35;100603.17;100603.17
2000.03.30;100603.17;100603.17;99495.04;99495.04
2000.03.31;99495.04;99495.04;99495.04;99874.17
2000.04.03;99874.17;99874.17;97670.83;97670.83
2000.04.04;97670.83;97670.83;97147.24;97147.24
2000.04.05;97147.24;97147.24;97107.34;97107.34
2000.04.06;97107.34;97107.34;97107.34;97513.95
2000.04.07;97513.95;97513.95;97513.95;97903.37
2000.04.10;97903.37;97903.37;97288.38;97288.38
2000.04.11;97288.38;97288.38;97038.41;97038.41
2000.04.12;97038.41;97038.41;96342.09;96342.09
2000.04.13;96342.09;96342.09;96141.32;96141.32
2000.04.14;96141.32;96141.32;95922.22;95922.22
2000.04.17;95922.22;95922.22;95922.22;96217.87
2000.04.18;96217.87;96217.87;96217.87;96885.10
2000.04.19;96885.10;96885.10;96536.29;96536.29
2000.04.20;96536.29;96536.29;96421.25;96421.25
2000.04.24;96421.25;96421.25;96227.35;96227.35
2000.04.25;96227.35;96227.35;96227.35;96813.04
2000.04.26;96813.04;96813.04;96632.36;96632.36
2000.04.27;96632.36;96632.36;96632.36;97181.88
2000.04.28;97181.88;97181.88;97181.88;97288.22
2000.05.01;97288.22;97288.22;97288.22;97419.48
2000.05.02;97419.48;97419.48;97398.60;97398.60
2000.05.03;97398.60;97398.60;97225.71;97225.71
2000.05.04;97225.71;97225.71;97206.88;97206.88
2000.05.05;97206.88;97206.88;97151.18;97151.18
2000.05.08;97151.18;97151.18;97151.18;97657.29
2000.05.09;97657.29;97657.29;97657.29;97684.29
2000.05.10;97684.29;97684.29;97684.29;98105.15
2000.05.11;98105.15;98105.15;98105.15;98167.27
2000.05.12;98167.27;98167.27;98117.51;98117.51
2000.05.15;98117.51;98117.51;98117.51;98393.06
2000.05.16;98393.06;98393.06;98117.55;98117.55
2000.05.17;98117.55;98117.55;98117.55;98417.20
2000.05.18;98417.20;98417.20;98417.20;98901.08
2000.05.19;98901.08;98901.08;98870.46;98870.46
2000.05.22;98870.46;98870.46;98764.52;98764.52
2000.05.23;98764.52;98764.52;98764.52;99170.01
2000.05.24;99170.01;99170.01;99024.62;99024.62
2000.05.25;99024.62;99024.62;98919.51;98919.51
2000.05.26;98919.51;98919.51;98610.52;98610.52
2000.05.30;98610.52;98610.52;98150.53;98150.53
2000.05.31;98150.53;98150.53;98150.53;98583.70
2000.06.01;98583.70;98583.70;98476.14;98476.14
2000.06.02;98476.14;98476.14;97108.76;97108.76
2000.06.05;97108.76;97108.76;96773.66;96773.66
2000.06.06;96773.66;96773.66;96773.66;97383.13
2000.06.07;97383.13;97383.13;97081.07;97081.07
2000.06.08;97081.07;97081.07;97081.07;97151.83
2000.06.09;97151.83;97151.83;97109.77;97109.77
2000.06.12;97109.77;97109.77;97109.77;97775.14
2000.06.13;97775.14;97775.14;97357.00;97357.00
2000.06.14;97357.00;97357.00;97357.00;97883.43
2000.06.15;97883.43;97883.43;97513.14;97513.14
2000.06.16;97513.14;97513.14;97164.78;97164.78
2000.06.19;97164.78;97164.78;96612.31;96612.31
2000.06.20;96612.31;96612.31;96364.79;96364.79
2000.06.21;96364.79;96364.79;96364.79;96454.22
2000.06.22;96454.22;96454.22;96454.22;96684.32
2000.06.23;96684.32;96684.32;96684.32;97418.66
2000.06.26;97418.66;97418.66;97296.06;97296.06
2000.06.27;97296.06;97296.06;97296.06;97347.11
2000.06.28;97347.11;97347.11;97051.32;97051.32
2000.06.29;97051.32;97051.32;97051.32;97301.97
2000.06.30;97301.97;97301.97;96915.95;96915.95
2000.07.03;96915.95;96915.95;96912.05;96912.05
2000.07.05;96912.05;96912.05;96246.24;96246.24
2000.07.06;96246.24;96246.24;96246.24;96681.27
2000.07.07;96681.27;96681.27;96184.34;96184.34
2000.07.10;96184.34;96184.34;95923.04;95923.04
2000.07.11;95923.04;95923.04;95261.61;95261.61
2000.07.12;95261.61;95261.61;95064.07;95064.07
2000.07.13;95064.07;95064.07;94910.55;94910.55
2000.07.14;94910.55;94910.55;94823.93;94823.93
2000.07.17;94823.93;94823.93;94823.93;95171.18
2000.07.18;95171.18;95171.18;95133.46;95133.46
2000.07.19;95133.46;95133.46;95133.46;95176.51
2000.07.20;95176.51;95176.51;95091.68;95091.68
2000.07.21;95091.68;95091.68;94749.81;94749.81
2000.07.24;94749.81;94749.81;94749.81;94937.07
2000.07.25;94937.07;94937.07;94914.20;94914.20
2000.07.26;94914.20;94914.20;94914.20;95009.52
2000.07.27;95009.52;95009.52;94743.54;94743.54
2000.07.28;94743.54;94743.54;94743.54;95099.97
2000.07.31;95099.97;95099.97;95099.97;95233.19
2000.08.01;95233.19;95233.19;95233.19;95589.72
2000.08.02;95589.72;95589.72;95589.72;95668.43
2000.08.03;95668.43;95668.43;95668.43;95813.06
2000.08.04;95813.06;95813.06;95813.06;96295.23
2000.08.07;96295.23;96295.23;95861.44;95861.44
2000.08.08;95861.44;95861.44;95419.66;95419.66
2000.08.09;95419.66;95419.66;94610.04;94610.04
2000.08.10;94610.04;94610.04;94610.04;95206.82
2000.08.11;95206.82;95206.82;95122.91;95122.91
2000.08.14;95122.91;95122.91;95122.91;95336.81
2000.08.15;95336.81;95336.81;94874.90;94874.90
2000.08.16;94874.90;94874.90;94874.90;95090.43
2000.08.17;95090.43;95090.43;95012.69;95012.69
2000.08.18;95012.69;95012.69;94910.96;94910.96
2000.08.21;94910.96;94910.96;94910.96;95456.11
2000.08.22;95456.11;95456.11;95455.26;95455.26
2000.08.23;95455.26;95455.26;95044.72;95044.72
2000.08.24;95044.72;95044.72;94672.93;94672.93
2000.08.25;94672.93;94672.93;94468.11;94468.11
2000.08.28;94468.11;94468.11;94468.11;94536.53
2000.08.29;94536.53;94536.53;94498.23;94498.23
2000.08.30;94498.23;94498.23;94498.23;94953.56
2000.08.31;94953.56;94953.56;94953.56;95047.08
2000.09.01;95047.08;95047.08;94788.94;94788.94
2000.09.05;94788.94;94788.94;94585.11;94585.11
2000.09.06;94585.11;94585.11;94233.25;94233.25
2000.09.07;94233.25;94233.25;94233.25;94383.78
2000.09.08;94383.78;94383.78;94037.76;94037.76
2000.09.11;94037.76;94037.76;93921.33;93921.33
2000.09.12;93921.33;93921.33;93759.13;93759.13
2000.09.13;93759.13;93759.13;93759.13;94176.07
2000.09.14;94176.07;94176.07;94176.07;94197.10
2000.09.15;94197.10;94197.10;93805.88;93805.88
2000.09.18;93805.88;93805.88;93352.40;93352.40
2000.09.19;93352.40;93352.40;93352.40;94256.97
2000.09.20;94256.97;94256.97;94256.97;94860.13
2000.09.21;94860.13;94860.13;93109.66;93109.66
2000.09.22;93109.66;93109.66;93109.66;93404.36
2000.09.25;93404.36;93404.36;93404.36;93770.84
2000.09.26;93770.84;93770.84;93770.84;93816.75
2000.09.27;93816.75;93816.75;93699.22;93699.22
2000.09.28;93699.22;93699.22;93699.22;93917.88
2000.09.29;93917.88;93917.88;93414.66;93414.66
2000.10.02;93414.66;93414.66;93414.66;93498.03
2000.10.03;93498.03;93498.03;93269.77;93269.77
2000.10.04;93269.77;93269.77;92306.13;92306.13
2000.10.05;92306.13;92306.13;92306.13;92987.95
2000.10.06;92987.95;92987.95;92987.95;93084.46
2000.10.09;93084.46;93084.46;93084.46;93155.12
2000.10.10;93155.12;93155.12;93155.12;93617.27
2000.10.11;93617.27;93617.27;93617.27;94498.91
2000.10.12;94498.91;94498.91;94498.91;94872.86
2000.10.13;94872.86;94872.86;93864.24;93864.24
2000.10.16;93864.24;93864.24;93864.24;94281.59
2000.10.17;94281.59;94281.59;94281.59;94905.92
2000.10.18;94905.92;94905.92;94880.33;94880.33
2000.10.19;94880.33;94880.33;93456.11;93456.11
2000.10.20;93456.11;93456.11;93456.11;93546.26
2000.10.23;93546.26;93546.26;93546.26;93688.76
2000.10.24;93688.76;93688.76;93679.89;93679.89
2000.10.25;93679.89;93679.89;93679.89;94939.99
2000.10.26;94939.99;94939.99;93932.84;93932.84
2000.10.27;93932.84;93932.84;93932.84;94093.49
2000.10.30;94093.49;94093.49;94093.49;94863.90
2000.10.31;94863.90;94863.90;93946.49;93946.49
2000.11.01;93946.49;93946.49;93946.49;94455.42
2000.11.02;94455.42;94455.42;93987.74;93987.74
2000.11.03;93987.74;93987.74;93695.40;93695.40
2000.11.06;93695.40;93695.40;93695.40;94022.92
2000.11.07;94022.92;94022.92;94022.92;94025.81
2000.11.08;94025.81;94025.81;94025.81;95369.10
2000.11.09;95369.10;95369.10;95369.10;95691.84
2000.11.10;95691.84;95691.84;95691.84;96653.95
2000.11.13;96653.95;96653.95;96383.10;96383.10
2000.11.14;96383.10;96383.10;95396.18;95396.18
2000.11.15;95396.18;95396.18;95153.17;95153.17
2000.11.16;95153.17;95153.17;95153.17;96079.26
2000.11.17;96079.26;96079.26;95831.73;95831.73
2000.11.20;95831.73;95831.73;95831.73;96506.99
2000.11.21;96506.99;96506.99;96506.99;96548.31
2000.11.22;96548.31;96548.31;96548.31;97183.69
2000.11.24;97183.69;97183.69;96415.26;96415.26
2000.11.27;96415.26;96415.26;96415.26;96586.92
2000.11.28;96586.92;96586.92;96586.92;97599.44
2000.11.29;97599.44;97599.44;97599.44;98224.33
2000.11.30;98224.33;98224.33;98224.33;98531.61
2000.12.01;98531.61;98531.61;98060.15;98060.15
2000.12.04;98060.15;98060.15;98060.15;98299.08
2000.12.05;98299.08;98299.08;96578.56;96578.56
2000.12.06;96578.56;96578.56;96578.56;97081.60
2000.12.07;97081.60;97081.60;97081.60;97505.19
2000.12.08;97505.19;97505.19;96736.45;96736.45
2000.12.11;96736.45;96736.45;95485.28;95485.28
2000.12.12;95485.28;95485.28;95485.28;96124.51
2000.12.13;96124.51;96124.51;96124.51;97023.71
2000.12.14;97023.71;97023.71;97023.71;97404.37
2000.12.15;97404.37;97404.37;97404.37;97955.55
2000.12.18;97955.55;97955.55;97955.55;98186.51
2000.12.19;98186.51;98186.51;98186.51;98934.68
2000.12.20;98934.68;98934.68;98934.68;99516.71
2000.12.21;99516.71;99516.71;99516.71;99535.99
2000.12.22;99535.99;99535.99;98582.10;98582.10
2000.12.26;98582.10;98582.10;98582.10;98965.07
2000.12.27;98965.07;98965.07;98771.00;98771.00
2000.12.28;98771.00;98771.00;98665.83;98665.83
2000.12.29;98665.83;98665.83;98665.83;99447.75
2001.01.02;99447.75;99447.75;99447.75;100339.68
2001.01.03;100339.68;100339.68;97618.44;97618.44
2001.01.04;97618.44;97618.44;97618.44;97632.52
2001.01.05;97632.52;97632.52;97632.52;98640.95
2001.01.08;98640.95;98640.95;98640.95;98733.08
2001.01.09;98733.08;98733.08;98039.93;98039.93
2001.01.10;98039.93;98039.93;97134.36;97134.36
2001.01.11;97134.36;97134.36;96318.65;96318.65
2001.01.12;96318.65;96318.65;95977.49;95977.49
2001.01.16;95977.49;95977.49;95977.49;96457.13
2001.01.17;96457.13;96457.13;95929.36;95929.36
2001.01.18;95929.36;95929.36;94708.01;94708.01
2001.01.19;94708.01;94708.01;93895.26;93895.26
2001.01.22;93895.26;93895.26;93895.26;94333.22
2001.01.23;94333.22;94333.22;94333.22;94717.81
2001.01.24;94717.81;94717.81;94717.81;94850.47
2001.01.25;94850.47;94850.47;94850.47;95848.12
2001.01.26;95848.12;95848.12;95369.33;95369.33
2001.01.29;95369.33;95369.33;95063.42;95063.42
2001.01.30;95063.42;95063.42;95063.42;95467.68
2001.01.31;95467.68;95467.68;95467.68;96264.74
2001.02.01;96264.74;96264.74;95953.78;95953.78
2001.02.02;95953.78;95953.78;95553.90;95553.90
2001.02.05;95553.90;95553.90;95553.90;95673.51
2001.02.06;95673.51;95673.51;95635.92;95635.92
2001.02.07;95635.92;95635.92;95542.92;95542.92
2001.02.08;95542.92;95542.92;95115.81;95115.81
2001.02.09;95115.81;95115.81;95080.36;95080.36
2001.02.12;95080.36;95080.36;95080.36;95464.22
2001.02.13;95464.22;95464.22;95464.22;95537.65
2001.02.14;95537.65;95537.65;95537.65;95630.33
2001.02.15;95630.33;95630.33;95630.33;95868.14
2001.02.16;95868.14;95868.14;95629.90;95629.90
2001.02.20;95629.90;95629.90;95629.90;95653.67
2001.02.21;95653.67;95653.67;95248.77;95248.77
2001.02.22;95248.77;95248.77;95001.77;95001.77
2001.02.23;95001.77;95001.77;95001.77;95040.81
2001.02.26;95040.81;95040.81;95040.81;95452.82
2001.02.27;95452.82;95452.82;95452.82;95518.21
2001.02.28;95518.21;95518.21;95518.21;95569.44
2001.03.01;95569.44;95569.44;95553.26;95553.26
2001.03.02;95553.26;95553.26;95553.26;96379.39
2001.03.05;96379.39;96379.39;96101.66;96101.66
2001.03.06;96101.66;96101.66;95578.80;95578.80
2001.03.07;95578.80;95578.80;95578.80;95849.92
2001.03.08;95849.92;95849.92;95849.92;96330.37
2001.03.09;96330.37;96330.37;96330.37;97288.13
2001.03.12;97288.13;97288.13;97288.13;97597.26
2001.03.13;97597.26;97597.26;96715.04;96715.04
2001.03.14;96715.04;96715.04;96711.58;96711.58
2001.03.15;96711.58;96711.58;96711.58;97046.27
2001.03.16;97046.27;97046.27;97046.27;97172.11
2001.03.19;97172.11;97172.11;96819.19;96819.19
2001.03.20;96819.19;96819.19;96819.19;97607.23
2001.03.21;97607.23;97607.23;97225.14;97225.14
2001.03.22;97225.14;97225.14;96129.00;96129.00
2001.03.23;96129.00;96129.00;96053.25;96053.25
2001.03.26;96053.25;96053.25;96053.25;96531.63
2001.03.27;96531.63;96531.63;96448.08;96448.08
2001.03.28;96448.08;96448.08;96448.08;97360.04
2001.03.29;97360.04;97360.04;97360.04;97678.63
2001.03.30;97678.63;97678.63;97650.34;97650.34
2001.04.02;97650.34;97650.34;97650.34;98084.73
2001.04.03;98084.73;98084.73;98084.73;99355.92
2001.04.04;99355.92;99355.92;99355.92;99785.76
2001.04.05;99785.76;99785.76;98155.57;98155.57
2001.04.06;98155.57;98155.57;98155.57;98790.50
2001.04.09;98790.50;98790.50;98504.67;98504.67
2001.04.10;98504.67;98504.67;97604.01;97604.01
2001.04.11;97604.01;97604.01;96703.32;96703.32
2001.04.12;96703.32;96703.32;95784.67;95784.67
2001.04.16;95784.67;95784.67;95784.67;96953.25
2001.04.17;96953.25;96953.25;96953.25;96975.22
2001.04.18;96975.22;96975.22;95263.35;95263.35
2001.04.19;95263.35;95263.35;93834.46;93834.46
2001.04.20;93834.46;93834.46;93689.18;93689.18
2001.04.23;93689.18;93689.18;93689.18;95249.62
2001.04.24;95249.62;95249.62;95249.62;95489.29
2001.04.25;95489.29;95489.29;95371.35;95371.35
2001.04.26;95371.35;95371.35;95371.35;96190.58
2001.04.27;96190.58;96190.58;95895.03;95895.03
2001.04.30;95895.03;95895.03;95434.48;95434.48
2001.05.01;95434.48;95434.48;94930.35;94930.35
2001.05.02;94930.35;94930.35;94861.86;94861.86
2001.05.03;94861.86;94861.86;94861.86;94927.37
2001.05.04;94927.37;94927.37;94898.86;94898.86
2001.05.07;94898.86;94898.86;94898.86;95208.90
2001.05.08;95208.90;95208.90;95024.07;95024.07
2001.05.09;95024.07;95024.07;94776.12;94776.12
2001.05.10;94776.12;94776.12;94776.12;95018.44
2001.05.11;95018.44;95018.44;95018.44;95099.06
2001.05.14;95099.06;95099.06;95097.74;95097.74
2001.05.15;95097.74;95097.74;95097.74;95177.65
2001.05.16;95177.65;95177.65;94973.93;94973.93
2001.05.17;94973.93;94973.93;94954.04;94954.04
2001.05.18;94954.04;94954.04;94826.76;94826.76
2001.05.21;94826.76;94826.76;94826.76;94996.30
2001.05.22;94996.30;94996.30;94887.03;94887.03
2001.05.23;94887.03;94887.03;94887.03;95052.67
2001.05.24;95052.67;95052.67;94710.65;94710.65
2001.05.25;94710.65;94710.65;94686.41;94686.41
2001.05.29;94686.41;94686.41;94686.41;94756.24
2001.05.30;94756.24;94756.24;94756.24;94790.33
2001.05.31;94790.33;94790.33;94790.33;95115.82
2001.06.01;95115.82;95115.82;94861.03;94861.03
2001.06.04;94861.03;94861.03;94861.03;94968.37
2001.06.05;94968.37;94968.37;94701.69;94701.69
2001.06.06;94701.69;94701.69;94682.84;94682.84
2001.06.07;94682.84;94682.84;94500.31;94500.31
2001.06.08;94500.31;94500.31;94500.31;94507.34
2001.06.11;94507.34;94507.34;94507.34;94554.60
2001.06.12;94554.60;94554.60;94554.60;94612.71
2001.06.13;94612.71;94612.71;94612.71;94616.61
2001.06.14;94616.61;94616.61;94403.83;94403.83
2001.06.15;94403.83;94403.83;94403.83;94462.96
2001.06.18;94462.96;94462.96;94462.96;94624.72
2001.06.19;94624.72;94624.72;94612.84;94612.84
2001.06.20;94612.84;94612.84;94612.84;94720.54
2001.06.21;94720.54;94720.54;94720.54;94747.39
2001.06.22;94747.39;94747.39;94666.08;94666.08
2001.06.25;94666.08;94666.08;94245.55;94245.55
2001.06.26;94245.55;94245.55;94245.55;94285.15
2001.06.27;94285.15;94285.15;94273.64;94273.64
2001.06.28;94273.64;94273.64;94273.64;94340.74
2001.06.29;94340.74;94340.74;94018.36;94018.36
2001.07.02;94018.36;94018.36;94018.36;94119.08
2001.07.03;94119.08;94119.08;93888.70;93888.70
2001.07.05;93888.70;93888.70;93060.95;93060.95
2001.07.06;93060.95;93060.95;91967.52;91967.52
2001.07.09;91967.52;91967.52;91967.52;92484.21
2001.07.10;92484.21;92484.21;92057.60;92057.60
2001.07.11;92057.60;92057.60;92057.60;92452.93
2001.07.12;92452.93;92452.93;92452.93;93241.98
2001.07.13;93241.98;93241.98;93241.98;93523.85
2001.07.16;93523.85;93523.85;93523.85;93658.68
2001.07.17;93658.68;93658.68;93658.68;94370.85
2001.07.18;94370.85;94370.85;94327.66;94327.66
2001.07.19;94327.66;94327.66;94327.66;94477.48
2001.07.20;94477.48;94477.48;93781.37;93781.37
2001.07.23;93781.37;93781.37;93499.79;93499.79
2001.07.24;93499.79;93499.79;93453.70;93453.70
2001.07.25;93453.70;93453.70;92779.14;92779.14
2001.07.26;92779.14;92779.14;92779.14;93163.45
2001.07.27;93163.45;93163.45;92921.38;92921.38
2001.07.30;92921.38;92921.38;92921.38;93160.91
2001.07.31;93160.91;93160.91;93160.91;93314.95
2001.08.01;93314.95;93314.95;93314.95;93411.35
2001.08.02;93411.35;93411.35;92912.20;92912.20
2001.08.03;92912.20;92912.20;92912.20;93438.40
2001.08.06;93438.40;93438.40;93365.41;93365.41
2001.08.07;93365.41;93365.41;93365.41;93593.03
2001.08.08;93593.03;93593.03;93593.03;94163.60
2001.08.09;94163.60;94163.60;94163.60;94273.99
2001.08.10;94273.99;94273.99;94273.99;94541.98
2001.08.13;94541.98;94541.98;94243.30;94243.30
2001.08.14;94243.30;94243.30;94232.98;94232.98
2001.08.15;94232.98;94232.98;94232.98;94461.44
2001.08.16;94461.44;94461.44;94331.08;94331.08
2001.08.17;94331.08;94331.08;94331.08;95055.88
2001.08.20;95055.88;95055.88;95026.69;95026.69
2001.08.21;95026.69;95026.69;95026.69;95225.38
2001.08.22;95225.38;95225.38;94683.82;94683.82
2001.08.23;94683.82;94683.82;94683.82;95014.76
2001.08.24;95014.76;95014.76;94232.74;94232.74
2001.08.27;94232.74;94232.74;94220.88;94220.88
2001.08.28;94220.88;94220.88;94220.88;94710.57
2001.08.29;94710.57;94710.57;94710.57;94890.60
2001.08.30;94890.60;94890.60;94890.60;95489.72
2001.08.31;95489.72;95489.72;95301.05;95301.05
2001.09.04;95301.05;95301.05;95301.05;95883.10
2001.09.05;95883.10;95883.10;95883.10;96475.00
2001.09.06;96475.00;96475.00;96475.00;97264.02
2001.09.07;97264.02;97264.02;97264.02;97317.58
2001.09.10;97317.58;97317.58;96949.85;96949.85
2001.09.17;96949.85;96949.85;96949.85;99442.39
2001.09.18;99442.39;99442.39;99442.39;99478.93
2001.09.19;99478.93;99478.93;99478.93;99696.97
2001.09.20;99696.97;99696.97;99696.97;100047.82
2001.09.21;100047.82;100047.82;100047.82;100374.43
2001.09.24;100374.43;100374.43;98907.56;98907.56
2001.09.25;98907.56;98907.56;98737.00;98737.00
2001.09.26;98737.00;98737.00;98737.00;99863.94
2001.09.27;99863.94;99863.94;99863.94;100154.84
2001.09.28;100154.84;100154.84;99928.49;99928.49
2001.10.01;99928.49;99928.49;99928.49;100165.92
2001.10.02;100165.92;100165.92;100022.24;100022.24
2001.10.03;100022.24;100022.24;98694.67;98694.67
2001.10.04;98694.67;98694.67;98259.07;98259.07
2001.10.05;98259.07;98259.07;98259.07;98286.89
2001.10.08;98286.89;98286.89;98204.56;98204.56
2001.10.09;98204.56;98204.56;98204.56;98353.07
2001.10.10;98353.07;98353.07;97200.81;97200.81
2001.10.11;97200.81;97200.81;95777.70;95777.70
2001.10.12;95777.70;95777.70;95777.70;96065.00
2001.10.15;96065.00;96065.00;96065.00;96098.20
2001.10.16;96098.20;96098.20;95654.35;95654.35
2001.10.17;95654.35;95654.35;95654.35;96967.16
2001.10.18;96967.16;96967.16;96448.63;96448.63
2001.10.19;96448.63;96448.63;96448.63;96520.26
2001.10.22;96520.26;96520.26;95803.59;95803.59
2001.10.23;95803.59;95803.59;95514.71;95514.71
2001.10.24;95514.71;95514.71;94962.00;94962.00
2001.10.25;94962.00;94962.00;94474.45;94474.45
2001.10.26;94474.45;94474.45;94474.45;94583.17
2001.10.29;94583.17;94583.17;94583.17;95835.28
2001.10.30;95835.28;95835.28;95835.28;96397.75
2001.10.31;96397.75;96397.75;95937.70;95937.70
2001.11.01;95937.70;95937.70;95117.41;95117.41
2001.11.02;95117.41;95117.41;95039.61;95039.61
2001.11.05;95039.61;95039.61;94918.42;94918.42
2001.11.06;94918.42;94918.42;94918.42;94936.56
2001.11.07;94936.56;94936.56;94936.56;94949.34
2001.11.08;94949.34;94949.34;94217.58;94217.58
2001.11.09;94217.58;94217.58;93841.12;93841.12
2001.11.12;93841.12;93841.12;93841.12;94353.53
2001.11.13;94353.53;94353.53;94053.86;94053.86
2001.11.14;94053.86;94053.86;94053.86;94759.92
2001.11.15;94759.92;94759.92;94759.92;95493.97
2001.11.16;95493.97;95493.97;95214.44;95214.44
2001.11.19;95214.44;95214.44;95140.25;95140.25
2001.11.20;95140.25;95140.25;94645.89;94645.89
2001.11.21;94645.89;94645.89;94645.89;94834.85
2001.11.23;94834.85;94834.85;94783.98;94783.98
2001.11.26;94783.98;94783.98;94765.90;94765.90
2001.11.27;94765.90;94765.90;94522.61;94522.61
2001.11.28;94522.61;94522.61;94522.61;94795.93
2001.11.29;94795.93;94795.93;94795.93;95081.95
2001.11.30;95081.95;95081.95;94745.86;94745.86
2001.12.03;94745.86;94745.86;94676.08;94676.08
2001.12.04;94676.08;94676.08;94676.08;95360.18
2001.12.05;95360.18;95360.18;95360.18;96039.18
2001.12.06;96039.18;96039.18;96039.18;96476.59
2001.12.07;96476.59;96476.59;95924.80;95924.80
2001.12.10;95924.80;95924.80;95912.71;95912.71
2001.12.11;95912.71;95912.71;95912.71;96199.30
2001.12.12;96199.30;96199.30;96123.71;96123.71
2001.12.13;96123.71;96123.71;95662.92;95662.92
2001.12.14;95662.92;95662.92;95310.36;95310.36
2001.12.17;95310.36;95310.36;95310.36;95659.05
2001.12.18;95659.05;95659.05;95659.05;95659.18
2001.12.19;95659.18;95659.18;95166.92;95166.92
2001.12.20;95166.92;95166.92;94778.72;94778.72
2001.12.21;94778.72;94778.72;94778.72;94874.31
2001.12.24;94874.31;94874.31;94732.10;94732.10
2001.12.26;94732.10;94732.10;94226.71;94226.71
2001.12.27;94226.71;94226.71;94226.71;94441.77
2001.12.28;94441.77;94441.77;94441.77;94668.07
2001.12.31;94668.07;94668.07;94400.93;94400.93
2002.01.02;94400.93;94400.93;94400.93;94409.77
2002.01.03;94409.77;94409.77;94409.77;94819.59
2002.01.04;94819.59;94819.59;94331.78;94331.78
2002.01.07;94331.78;94331.78;94331.78;94406.48
2002.01.08;94406.48;94406.48;94406.48;95028.33
2002.01.09;95028.33;95028.33;95028.33;95397.65
2002.01.10;95397.65;95397.65;95397.65;95497.86
2002.01.11;95497.86;95497.86;95497.86;95572.31
2002.01.14;95572.31;95572.31;95416.59;95416.59
2002.01.15;95416.59;95416.59;95416.59;95526.06
2002.01.16;95526.06;95526.06;95094.47;95094.47
2002.01.17;95094.47;95094.47;95094.47;95562.44
2002.01.18;95562.44;95562.44;95175.08;95175.08
2002.01.22;95175.08;95175.08;94995.85;94995.85
2002.01.23;94995.85;94995.85;94995.85;95050.46
2002.01.24;95050.46;95050.46;95050.46;95371.62
2002.01.25;95371.62;95371.62;95021.44;95021.44
2002.01.28;95021.44;95021.44;95007.87;95007.87
2002.01.29;95007.87;95007.87;95007.87;95161.06
2002.01.30;95161.06;95161.06;95161.06;95624.91
2002.01.31;95624.91;95624.91;95624.91;95709.12
2002.02.01;95709.12;95709.12;95278.70;95278.70
2002.02.04;95278.70;95278.70;95208.60;95208.60
2002.02.05;95208.60;95208.60;95208.60;95882.13
2002.02.06;95882.13;95882.13;95825.17;95825.17
2002.02.07;95825.17;95825.17;94960.38;94960.38
2002.02.08;94960.38;94960.38;94714.04;94714.04
2002.02.11;94714.04;94714.04;94555.97;94555.97
2002.02.12;94555.97;94555.97;94466.77;94466.77
2002.02.13;94466.77;94466.77;94395.81;94395.81
2002.02.14;94395.81;94395.81;94162.62;94162.62
2002.02.15;94162.62;94162.62;93876.13;93876.13
2002.02.19;93876.13;93876.13;93876.13;94488.45
2002.02.20;94488.45;94488.45;94488.45;95277.05
2002.02.21;95277.05;95277.05;94204.32;94204.32
2002.02.22;94204.32;94204.32;94080.63;94080.63
2002.02.25;94080.63;94080.63;94080.63;94627.31
2002.02.26;94627.31;94627.31;94627.31;94805.02
2002.02.27;94805.02;94805.02;94259.40;94259.40
2002.02.28;94259.40;94259.40;93600.54;93600.54
2002.03.01;93600.54;93600.54;92832.06;92832.06
2002.03.04;92832.06;92832.06;92111.85;92111.85
2002.03.05;92111.85;92111.85;92017.57;92017.57
2002.03.06;92017.57;92017.57;91913.50;91913.50
2002.03.07;91913.50;91913.50;91913.50;91991.27
2002.03.08;91991.27;91991.27;91426.12;91426.12
2002.03.11;91426.12;91426.12;91426.12;91584.68
2002.03.12;91584.68;91584.68;91584.68;92163.94
2002.03.13;92163.94;92163.94;92163.94;92717.35
2002.03.14;92717.35;92717.35;92717.35;93074.78
2002.03.15;93074.78;93074.78;92826.33;92826.33
2002.03.18;92826.33;92826.33;92826.33;93133.48
2002.03.19;93133.48;93133.48;93133.48;93144.77
2002.03.20;93144.77;93144.77;93144.77;93800.06
2002.03.21;93800.06;93800.06;93551.40;93551.40
2002.03.22;93551.40;93551.40;93551.40;93658.47
2002.03.25;93658.47;93658.47;93658.47;94067.29
2002.03.26;94067.29;94067.29;94067.29;94197.97
2002.03.27;94197.97;94197.97;94197.97;94858.27
2002.03.28;94858.27;94858.27;94593.28;94593.28
2002.04.01;94593.28;94593.28;94525.24;94525.24
2002.04.02;94525.24;94525.24;94525.24;95913.36
2002.04.03;95913.36;95913.36;95913.36;95929.44
2002.04.04;95929.44;95929.44;95407.06;95407.06
2002.04.05;95407.06;95407.06;95407.06;95542.41
2002.04.08;95542.41;95542.41;95542.41;95636.76
2002.04.09;95636.76;95636.76;95636.76;95730.48
2002.04.10;95730.48;95730.48;95730.48;95925.41
2002.04.11;95925.41;95925.41;95881.48;95881.48
2002.04.12;95881.48;95881.48;94422.14;94422.14
2002.04.15;94422.14;94422.14;94422.14;95128.75
2002.04.16;95128.75;95128.75;94619.44;94619.44
2002.04.17;94619.44;94619.44;94619.44;95442.60
2002.04.18;95442.60;95442.60;95442.60;95885.43
2002.04.19;95885.43;95885.43;95885.43;96130.73
2002.04.22;96130.73;96130.73;96130.73;96530.30
2002.04.23;96530.30;96530.30;96530.30;97052.68
2002.04.24;97052.68;97052.68;97052.68;97180.75
2002.04.25;97180.75;97180.75;97180.75;97355.82
2002.04.26;97355.82;97355.82;97355.82;98317.06
2002.04.29;98317.06;98317.06;98317.06;98510.94
2002.04.30;98510.94;98510.94;98081.86;98081.86
2002.05.01;98081.86;98081.86;97944.16;97944.16
2002.05.02;97944.16;97944.16;97944.16;98591.39
2002.05.03;98591.39;98591.39;98591.39;99531.10
2002.05.06;99531.10;99531.10;99531.10;99943.31
2002.05.07;99943.31;99943.31;99943.31;100083.66
2002.05.08;100083.66;100083.66;97944.29;97944.29
2002.05.09;97944.29;97944.29;97944.29;98611.25
2002.05.10;98611.25;98611.25;98611.25;99848.33
2002.05.13;99848.33;99848.33;99140.28;99140.28
2002.05.14;99140.28;99140.28;97922.00;97922.00
2002.05.15;97922.00;97922.00;97401.01;97401.01
2002.05.16;97401.01;97401.01;97312.94;97312.94
2002.05.17;97312.94;97312.94;97312.94;97584.47
2002.05.20;97584.47;97584.47;97584.47;98498.91
2002.05.21;98498.91;98498.91;98498.91;98717.74
2002.05.22;98717.74;98717.74;98537.94;98537.94
2002.05.23;98537.94;98537.94;98022.23;98022.23
2002.05.24;98022.23;98022.23;98022.23;98542.24
2002.05.28;98542.24;98542.24;98460.07;98460.07
2002.05.29;98460.07;98460.07;98460.07;99308.04
2002.05.30;99308.04;99308.04;98820.89;98820.89
2002.05.31;98820.89;98820.89;98820.89;99346.38
2002.06.03;99346.38;99346.38;99346.38;100427.78
2002.06.04;100427.78;100427.78;100301.52;100301.52
2002.06.05;100301.52;100301.52;99484.48;99484.48
2002.06.06;99484.48;99484.48;99484.48;100081.95
2002.06.07;100081.95;100081.95;100081.95;100380.42
2002.06.10;100380.42;100380.42;100113.86;100113.86
2002.06.11;100113.86;100113.86;100113.86;100593.88
2002.06.12;100593.88;100593.88;100200.99;100200.99
2002.06.13;100200.99;100200.99;99792.72;99792.72
2002.06.14;99792.72;99792.72;99760.20;99760.20
2002.06.17;99760.20;99760.20;98761.62;98761.62
2002.06.18;98761.62;98761.62;98761.62;98788.68
2002.06.19;98788.68;98788.68;98788.68;99433.76
2002.06.20;99433.76;99433.76;99433.76;100152.75
2002.06.21;100152.75;100152.75;100152.75;100463.55
2002.06.24;100463.55;100463.55;100248.53;100248.53
2002.06.25;100248.53;100248.53;100248.53;100751.72
2002.06.26;100751.72;100751.72;100589.42;100589.42
2002.06.27;100589.42;100589.42;100375.37;100375.37
2002.06.28;100375.37;100375.37;100369.84;100369.84
2002.07.01;100369.84;100369.84;100369.84;101168.22
2002.07.02;101168.22;101168.22;101168.22;101729.12
2002.07.03;101729.12;101729.12;101034.95;101034.95
2002.07.05;101034.95;101034.95;99969.60;99969.60
2002.07.08;99969.60;99969.60;99969.60;100646.99
2002.07.09;100646.99;100646.99;100646.99;101414.46
2002.07.10;101414.46;101414.46;101414.46;102039.91
2002.07.11;102039.91;102039.91;101317.14;101317.14
2002.07.12;101317.14;101317.14;101317.14;101629.09
2002.07.15;101629.09;101629.09;100856.85;100856.85
2002.07.16;100856.85;100856.85;100856.85;101202.51
2002.07.17;101202.51;101202.51;101050.53;101050.53
2002.07.18;101050.53;101050.53;101050.53;101858.56
2002.07.19;101858.56;101858.56;101858.56;102761.60
2002.07.22;102761.60;102761.60;102761.60;102783.57
2002.07.23;102783.57;102783.57;102783.57;103039.37
2002.07.24;103039.37;103039.37;102199.69;102199.69
2002.07.25;102199.69;102199.69;102199.69;103233.87
2002.07.26;103233.87;103233.87;102346.10;102346.10
2002.07.29;102346.10;102346.10;101389.33;101389.33
2002.07.30;101389.33;101389.33;101143.53;101143.53
2002.07.31;101143.53;101143.53;100945.89;100945.89
2002.08.01;100945.89;100945.89;100945.89;101604.71
2002.08.02;101604.71;101604.71;101604.71;102345.52
2002.08.05;102345.52;102345.52;102345.52;102924.01
2002.08.06;102924.01;102924.01;102184.22;102184.22
2002.08.07;102184.22;102184.22;102047.04;102047.04
2002.08.08;102047.04;102047.04;101406.30;101406.30
2002.08.09;101406.30;101406.30;101406.30;101449.17
2002.08.12;101449.17;101449.17;101449.17;101646.76
2002.08.13;101646.76;101646.76;101646.76;102164.69
2002.08.14;102164.69;102164.69;101254.00;101254.00
2002.08.15;101254.00;101254.00;101254.00;101513.60
2002.08.16;101513.60;101513.60;101513.60;101648.27
2002.08.19;101648.27;101648.27;101119.48;101119.48
2002.08.20;101119.48;101119.48;101119.48;101651.91
2002.08.21;101651.91;101651.91;100690.75;100690.75
2002.08.22;100690.75;100690.75;100242.47;100242.47
2002.08.23;100242.47;100242.47;100242.47;100637.16
2002.08.26;100637.16;100637.16;100637.16;100645.38
2002.08.27;100645.38;100645.38;100645.38;100736.48
2002.08.28;100736.48;100736.48;100736.48;100955.68
2002.08.29;100955.68;100955.68;100955.68;101446.07
2002.08.30;101446.07;101446.07;101446.07;101575.95
2002.09.03;101575.95;101575.95;101575.95;101928.94
2002.09.04;101928.94;101928.94;101928.94;102011.59
2002.09.05;102011.59;102011.59;102011.59;102700.32
2002.09.06;102700.32;102700.32;102524.81;102524.81
2002.09.09;102524.81;102524.81;102524.81;102599.96
2002.09.10;102599.96;102599.96;102397.81;102397.81
2002.09.11;102397.81;102397.81;102361.07;102361.07
2002.09.12;102361.07;102361.07;102221.82;102221.82
2002.09.13;102221.82;102221.82;102221.82;102828.92
2002.09.16;102828.92;102828.92;102828.92;103044.64
2002.09.17;103044.64;103044.64;102871.64;102871.64
2002.09.18;102871.64;102871.64;102871.64;103161.64
2002.09.19;103161.64;103161.64;103161.64;103392.49
2002.09.20;103392.49;103392.49;103392.49;103496.03
2002.09.23;103496.03;103496.03;103496.03;104113.63
2002.09.24;104113.63;104113.63;104113.63;104401.91
2002.09.25;104401.91;104401.91;104056.94;104056.94
2002.09.26;104056.94;104056.94;104056.94;104222.35
2002.09.27;104222.35;104222.35;104222.35;104297.68
2002.09.30;104297.68;104297.68;104297.68;104524.03
2002.10.01;104524.03;104524.03;104286.82;104286.82
2002.10.02;104286.82;104286.82;104286.82;105006.34
2002.10.03;105006.34;105006.34;104893.49;104893.49
2002.10.04;104893.49;104893.49;104893.49;105484.90
2002.10.07;105484.90;105484.90;105484.90;106105.58
2002.10.08;106105.58;106105.58;105904.88;105904.88
2002.10.09;105904.88;105904.88;105904.88;106575.85
2002.10.10;106575.85;106575.85;104980.25;104980.25
2002.10.11;104980.25;104980.25;103663.68;103663.68
2002.10.14;103663.68;103663.68;103663.68;104219.54
2002.10.15;104219.54;104219.54;102471.54;102471.54
2002.10.16;102471.54;102471.54;102471.54;103300.80
2002.10.17;103300.80;103300.80;102275.66;102275.66
2002.10.18;102275.66;102275.66;101963.73;101963.73
2002.10.21;101963.73;101963.73;100826.40;100826.40
2002.10.22;100826.40;100826.40;100826.40;101137.27
2002.10.23;101137.27;101137.27;101096.02;101096.02
2002.10.24;101096.02;101096.02;101096.02;101755.79
2002.10.25;101755.79;101755.79;100698.11;100698.11
2002.10.28;100698.11;100698.11;100698.11;100736.09
2002.10.29;100736.09;100736.09;100736.09;101244.41
2002.10.30;101244.41;101244.41;100659.19;100659.19
2002.10.31;100659.19;100659.19;100553.51;100553.51
2002.11.01;100553.51;100553.51;99882.12;99882.12
2002.11.04;99882.12;99882.12;99882.12;100150.93
2002.11.05;100150.93;100150.93;99801.09;99801.09
2002.11.06;99801.09;99801.09;99801.09;100157.91
2002.11.07;100157.91;100157.91;100129.27;100129.27
2002.11.08;100129.27;100129.27;100129.27;100282.08
2002.11.11;100282.08;100282.08;99920.90;99920.90
2002.11.12;99920.90;99920.90;99920.90;100456.31
2002.11.13;100456.31;100456.31;100456.31;100830.09
2002.11.14;100830.09;100830.09;100830.09;101335.56
2002.11.15;101335.56;101335.56;101261.46;101261.46
2002.11.18;101261.46;101261.46;101110.84;101110.84
2002.11.19;101110.84;101110.84;100757.08;100757.08
2002.11.20;100757.08;100757.08;100757.08;101501.46
2002.11.21;101501.46;101501.46;101501.46;102238.40
2002.11.22;102238.40;102238.40;102078.89;102078.89
2002.11.25;102078.89;102078.89;102078.89;102303.09
2002.11.26;102303.09;102303.09;101902.44;101902.44
2002.11.27;101902.44;101902.44;101902.44;102321.38
2002.11.29;102321.38;102321.38;101869.75;101869.75
2002.12.02;101869.75;101869.75;101869.75;102165.77
2002.12.03;102165.77;102165.77;101254.52;101254.52
2002.12.04;101254.52;101254.52;100946.00;100946.00
2002.12.05;100946.00;100946.00;100472.09;100472.09
2002.12.06;100472.09;100472.09;100472.09;100628.21
2002.12.09;100628.21;100628.21;99490.53;99490.53
2002.12.10;99490.53;99490.53;99490.53;99664.37
2002.12.11;99664.37;99664.37;99664.37;99837.00
2002.12.12;99837.00;99837.00;99662.28;99662.28
2002.12.13;99662.28;99662.28;99003.69;99003.69
2002.12.16;99003.69;99003.69;99003.69;99438.90
2002.12.17;99438.90;99438.90;99438.90;99466.29
2002.12.18;99466.29;99466.29;98887.67;98887.67
2002.12.19;98887.67;98887.67;98606.00;98606.00
2002.12.20;98606.00;98606.00;98606.00;98840.81
2002.12.23;98840.81;98840.81;98783.73;98783.73
2002.12.24;98783.73;98783.73;98509.74;98509.74
2002.12.26;98509.74;98509.74;98249.17;98249.17
2002.12.27;98249.17;98249.17;97778.78;97778.78
2002.12.30;97778.78;97778.78;97778.78;97815.03
2002.12.31;97815.03;97815.03;97657.84;97657.84
2003.01.02;97657.84;97657.84;97657.84;98452.03
2003.01.03;98452.03;98452.03;98452.03;98832.07
2003.01.06;98832.07;98832.07;98519.95;98519.95
2003.01.07;98519.95;98519.95;98455.52;98455.52
2003.01.08;98455.52;98455.52;98455.52;98697.26
2003.01.09;98697.26;98697.26;98697.26;98743.41
2003.01.10;98743.41;98743.41;98724.24;98724.24
2003.01.13;98724.24;98724.24;98715.37;98715.37
2003.01.14;98715.37;98715.37;98520.22;98520.22
2003.01.15;98520.22;98520.22;98520.22;98720.31
2003.01.16;98720.31;98720.31;98720.31;98822.22
2003.01.17;98822.22;98822.22;98822.22;98993.22
2003.01.21;98993.22;98993.22;98993.22;99313.10
2003.01.22;99313.10;99313.10;99185.43;99185.43
2003.01.23;99185.43;99185.43;98974.27;98974.27
2003.01.24;98974.27;98974.27;98974.27;99565.15
2003.01.27;99565.15;99565.15;99565.15;99618.78
2003.01.28;99618.78;99618.78;99618.78;99652.37
2003.01.29;99652.37;99652.37;99652.37;99788.33
2003.01.30;99788.33;99788.33;99788.33;100138.51
2003.01.31;100138.51;100138.51;99861.69;99861.69
2003.02.03;99861.69;99861.69;99671.88;99671.88
2003.02.04;99671.88;99671.88;99671.88;100731.12
2003.02.05;100731.12;100731.12;100602.83;100602.83
2003.02.06;100602.83;100602.83;100602.83;100645.66
2003.02.07;100645.66;100645.66;100645.66;101142.97
2003.02.10;101142.97;101142.97;100727.65;100727.65
2003.02.11;100727.65;100727.65;100727.65;100840.72
2003.02.12;100840.72;100840.72;100840.72;100986.95
2003.02.13;100986.95;100986.95;100986.95;101380.97
2003.02.14;101380.97;101380.97;100618.53;100618.53
2003.02.18;100618.53;100618.53;99955.55;99955.55
2003.02.19;99955.55;99955.55;99955.55;100486.27
2003.02.20;100486.27;100486.27;100486.27;100752.83
2003.02.21;100752.83;100752.83;100110.09;100110.09
2003.02.24;100110.09;100110.09;100110.09;101155.30
2003.02.25;101155.30;101155.30;100763.69;100763.69
2003.02.26;100763.69;100763.69;100763.69;101747.44
2003.02.27;101747.44;101747.44;101059.68;101059.68
2003.02.28;101059.68;101059.68;100739.65;100739.65
2003.03.03;100739.65;100739.65;100739.65;100923.99
2003.03.04;100923.99;100923.99;100923.99;101699.59
2003.03.05;101699.59;101699.59;101335.94;101335.94
2003.03.06;101335.94;101335.94;101335.94;101749.11
2003.03.07;101749.11;101749.11;101749.11;102012.06
2003.03.10;102012.06;102012.06;102012.06;102821.19
2003.03.11;102821.19;102821.19;102638.34;102638.34
2003.03.12;102638.34;102638.34;102638.34;103458.62
2003.03.13;103458.62;103458.62;101751.28;101751.28
2003.03.14;101751.28;101751.28;101718.67;101718.67
2003.03.17;101718.67;101718.67;100532.83;100532.83
2003.03.18;100532.83;100532.83;98704.52;98704.52
2003.03.19;98704.52;98704.52;97933.37;97933.37
2003.03.20;97933.37;97933.37;97312.69;97312.69
2003.03.21;97312.69;97312.69;95655.47;95655.47
2003.03.24;95655.47;95655.47;95655.47;97570.28
2003.03.25;97570.28;97570.28;96887.90;96887.90
2003.03.26;96887.90;96887.90;96887.90;97348.36
2003.03.27;97348.36;97348.36;97348.36;98195.75
2003.03.28;98195.75;98195.75;98195.75;98285.78
2003.03.31;98285.78;98285.78;98285.78;99266.04
2003.04.01;99266.04;99266.04;98503.86;98503.86
2003.04.02;98503.86;98503.86;98503.86;98706.27
2003.04.03;98706.27;98706.27;98706.27;98806.81
2003.04.04;98806.81;98806.81;98327.23;98327.23
2003.04.07;98327.23;98327.23;97890.11;97890.11
2003.04.08;97890.11;97890.11;97747.46;97747.46
2003.04.09;97747.46;97747.46;97151.05;97151.05
2003.04.10;97151.05;97151.05;97151.05;97638.66
2003.04.11;97638.66;97638.66;97098.12;97098.12
2003.04.14;97098.12;97098.12;97098.12;97213.67
2003.04.15;97213.67;97213.67;96937.75;96937.75
2003.04.16;96937.75;96937.75;96937.75;96988.50
2003.04.17;96988.50;96988.50;96480.71;96480.71
2003.04.21;96480.71;96480.71;96299.30;96299.30
2003.04.22;96299.30;96299.30;96299.30;96387.34
2003.04.23;96387.34;96387.34;96387.34;97106.87
2003.04.24;97106.87;97106.87;97106.87;97377.39
2003.04.25;97377.39;97377.39;97377.39;97446.34
2003.04.28;97446.34;97446.34;97407.72;97407.72
2003.04.29;97407.72;97407.72;97407.72;97651.82
2003.04.30;97651.82;97651.82;96672.17;96672.17
2003.05.01;96672.17;96672.17;96546.65;96546.65
2003.05.02;96546.65;96546.65;96546.65;96812.45
2003.05.05;96812.45;96812.45;96488.86;96488.86
2003.05.06;96488.86;96488.86;96488.86;97066.03
2003.05.07;97066.03;97066.03;96593.78;96593.78
2003.05.08;96593.78;96593.78;95967.68;95967.68
2003.05.09;95967.68;95967.68;95948.48;95948.48
2003.05.12;95948.48;95948.48;95948.48;96220.75
2003.05.13;96220.75;96220.75;95729.56;95729.56
2003.05.14;95729.56;95729.56;95341.76;95341.76
2003.05.15;95341.76;95341.76;95341.76;95654.04
2003.05.16;95654.04;95654.04;95629.33;95629.33
2003.05.19;95629.33;95629.33;95058.74;95058.74
2003.05.20;95058.74;95058.74;94894.08;94894.08
2003.05.21;94894.08;94894.08;94861.27;94861.27
2003.05.22;94861.27;94861.27;94861.27;95170.32
2003.05.23;95170.32;95170.32;94982.17;94982.17
2003.05.27;94982.17;94982.17;94982.17;95506.33
2003.05.28;95506.33;95506.33;95506.33;95897.32
2003.05.29;95897.32;95897.32;95674.04;95674.04
2003.05.30;95674.04;95674.04;95674.04;95961.89
2003.06.02;95961.89;95961.89;95695.68;95695.68
2003.06.03;95695.68;95695.68;95683.19;95683.19
2003.06.04;95683.19;95683.19;95683.19;95925.24
2003.06.05;95925.24;95925.24;95816.47;95816.47
2003.06.06;95816.47;95816.47;95407.48;95407.48
2003.06.09;95407.48;95407.48;95407.48;95417.88
2003.06.10;95417.88;95417.88;95417.88;95644.79
2003.06.11;95644.79;95644.79;95644.79;95844.69
2003.06.12;95844.69;95844.69;95844.69;96003.64
2003.06.13;96003.64;96003.64;95613.91;95613.91
2003.06.16;95613.91;95613.91;95613.91;95721.20
2003.06.17;95721.20;95721.20;95482.42;95482.42
2003.06.18;95482.42;95482.42;95482.42;95664.47
2003.06.19;95664.47;95664.47;95664.47;95688.06
2003.06.20;95688.06;95688.06;95622.94;95622.94
2003.06.23;95622.94;95622.94;95329.15;95329.15
2003.06.24;95329.15;95329.15;95329.15;95448.93
2003.06.25;95448.93;95448.93;95321.04;95321.04
2003.06.26;95321.04;95321.04;95321.04;95550.02
2003.06.27;95550.02;95550.02;95483.18;95483.18
2003.06.30;95483.18;95483.18;95480.92;95480.92
2003.07.01;95480.92;95480.92;95258.05;95258.05
2003.07.02;95258.05;95258.05;95258.05;95888.85
2003.07.03;95888.85;95888.85;95636.26;95636.26
2003.07.07;95636.26;95636.26;95636.26;96510.82
2003.07.08;96510.82;96510.82;96510.82;96675.63
2003.07.09;96675.63;96675.63;96386.41;96386.41
2003.07.10;96386.41;96386.41;95782.29;95782.29
2003.07.11;95782.29;95782.29;95782.29;95960.53
2003.07.14;95960.53;95960.53;95960.53;96409.41
2003.07.15;96409.41;96409.41;96409.41;96897.95
2003.07.16;96897.95;96897.95;96428.92;96428.92
2003.07.17;96428.92;96428.92;95705.12;95705.12
2003.07.18;95705.12;95705.12;95705.12;96204.36
2003.07.21;96204.36;96204.36;95545.41;95545.41
2003.07.22;95545.41;95545.41;95478.44;95478.44
2003.07.23;95478.44;95478.44;94461.46;94461.46
2003.07.24;94461.46;94461.46;94461.46;94486.28
2003.07.25;94486.28;94486.28;94486.28;94963.15
2003.07.28;94963.15;94963.15;94864.49;94864.49
2003.07.29;94864.49;94864.49;94864.49;95074.22
2003.07.30;95074.22;95074.22;95074.22;95105.68
2003.07.31;95105.68;95105.68;95105.68;95284.75
2003.08.01;95284.75;95284.75;95284.75;95544.87
2003.08.04;95544.87;95544.87;94903.27;94903.27
2003.08.05;94903.27;94903.27;94903.27;94992.75
2003.08.06;94992.75;94992.75;94141.19;94141.19
2003.08.07;94141.19;94141.19;94141.19;94151.09
2003.08.08;94151.09;94151.09;94009.22;94009.22
2003.08.11;94009.22;94009.22;94009.22;94417.26
2003.08.12;94417.26;94417.26;94299.17;94299.17
2003.08.13;94299.17;94299.17;94299.17;95448.55
2003.08.14;95448.55;95448.55;95448.55;95783.32
2003.08.15;95783.32;95783.32;95416.41;95416.41
2003.08.18;95416.41;95416.41;95416.41;95901.17
2003.08.19;95901.17;95901.17;95901.17;95958.68
2003.08.20;95958.68;95958.68;95958.68;96105.54
2003.08.21;96105.54;96105.54;96105.54;96479.22
2003.08.22;96479.22;96479.22;96479.22;96569.90
2003.08.25;96569.90;96569.90;96365.44;96365.44
2003.08.26;96365.44;96365.44;96199.36;96199.36
2003.08.27;96199.36;96199.36;96199.36;96679.37
2003.08.28;96679.37;96679.37;96472.49;96472.49
2003.08.29;96472.49;96472.49;96472.49;96660.02
2003.09.02;96660.02;96660.02;96660.02;96802.58
2003.09.03;96802.58;96802.58;96802.58;97013.43
2003.09.04;97013.43;97013.43;96712.32;96712.32
2003.09.05;96712.32;96712.32;96377.10;96377.10
2003.09.08;96377.10;96377.10;96377.10;96839.10
2003.09.09;96839.10;96839.10;96615.39;96615.39
2003.09.10;96615.39;96615.39;95431.03;95431.03
2003.09.11;95431.03;95431.03;95431.03;95800.68
2003.09.12;95800.68;95800.68;95800.68;95898.90
2003.09.15;95898.90;95898.90;95563.30;95563.30
2003.09.16;95563.30;95563.30;95563.30;96665.12
2003.09.17;96665.12;96665.12;96367.69;96367.69
2003.09.18;96367.69;96367.69;96367.69;96717.64
2003.09.19;96717.64;96717.64;96717.64;96742.81
2003.09.22;96742.81;96742.81;96498.37;96498.37
2003.09.23;96498.37;96498.37;96326.10;96326.10
2003.09.24;96326.10;96326.10;95947.80;95947.80
2003.09.25;95947.80;95947.80;95049.57;95049.57
2003.09.26;95049.57;95049.57;94605.44;94605.44
2003.09.29;94605.44;94605.44;94605.44;94975.43
2003.09.30;94975.43;94975.43;94270.43;94270.43
2003.10.01;94270.43;94270.43;94270.43;95139.49
2003.10.02;95139.49;95139.49;95072.47;95072.47
2003.10.03;95072.47;95072.47;94011.20;94011.20
2003.10.06;94011.20;94011.20;93949.54;93949.54
2003.10.07;93949.54;93949.54;93949.54;94026.42
2003.10.08;94026.42;94026.42;94026.42;94098.90
2003.10.09;94098.90;94098.90;92969.56;92969.56
2003.10.10;92969.56;92969.56;92955.60;92955.60
2003.10.13;92955.60;92955.60;92917.30;92917.30
2003.10.14;92917.30;92917.30;92917.30;93017.35
2003.10.15;93017.35;93017.35;92546.62;92546.62
2003.10.16;92546.62;92546.62;92546.62;92680.93
2003.10.17;92680.93;92680.93;92680.93;93646.40
2003.10.20;93646.40;93646.40;93646.40;94093.55
2003.10.21;94093.55;94093.55;94093.55;94426.73
2003.10.22;94426.73;94426.73;94426.73;94880.70
2003.10.23;94880.70;94880.70;93713.84;93713.84
2003.10.24;93713.84;93713.84;93713.84;93987.61
2003.10.27;93987.61;93987.61;93987.61;94325.72
2003.10.28;94325.72;94325.72;94325.72;94340.56
2003.10.29;94340.56;94340.56;94340.56;94843.41
2003.10.30;94843.41;94843.41;94843.41;94914.96
2003.10.31;94914.96;94914.96;94046.80;94046.80
2003.11.03;94046.80;94046.80;93941.28;93941.28
2003.11.04;93941.28;93941.28;93941.28;94189.89
2003.11.05;94189.89;94189.89;93273.51;93273.51
2003.11.06;93273.51;93273.51;93089.51;93089.51
2003.11.07;93089.51;93089.51;93076.46;93076.46
2003.11.10;93076.46;93076.46;92761.40;92761.40
2003.11.11;92761.40;92761.40;92361.74;92361.74
2003.11.12;92361.74;92361.74;92361.74;92684.25
2003.11.13;92684.25;92684.25;92063.58;92063.58
2003.11.14;92063.58;92063.58;91315.20;91315.20
2003.11.17;91315.20;91315.20;91212.68;91212.68
2003.11.18;91212.68;91212.68;90438.31;90438.31
2003.11.19;90438.31;90438.31;90438.31;90597.83
2003.11.20;90597.83;90597.83;90357.09;90357.09
2003.11.21;90357.09;90357.09;90357.09;91573.03
2003.11.24;91573.03;91573.03;91573.03;92986.00
2003.11.25;92986.00;92986.00;92986.00;93114.56
2003.11.26;93114.56;93114.56;92983.65;92983.65
2003.11.28;92983.65;92983.65;92983.65;93178.11
2003.12.01;93178.11;93178.11;93178.11;94034.02
2003.12.02;94034.02;94034.02;94034.02;94140.84
2003.12.03;94140.84;94140.84;94140.84;94373.79
2003.12.04;94373.79;94373.79;94120.35;94120.35
2003.12.05;94120.35;94120.35;93672.35;93672.35
2003.12.08;93672.35;93672.35;93672.35;94179.58
2003.12.09;94179.58;94179.58;94179.58;94583.35
2003.12.10;94583.35;94583.35;94426.13;94426.13
2003.12.11;94426.13;94426.13;94426.13;94605.51
2003.12.12;94605.51;94605.51;94447.49;94447.49
2003.12.15;94447.49;94447.49;94322.83;94322.83
2003.12.16;94322.83;94322.83;94322.83;94564.45
2003.12.17;94564.45;94564.45;94564.45;94650.76
2003.12.18;94650.76;94650.76;94650.76;94819.05
2003.12.19;94819.05;94819.05;94595.94;94595.94
2003.12.22;94595.94;94595.94;94595.94;94602.36
2003.12.23;94602.36;94602.36;94602.36;94825.37
2003.12.24;94825.37;94825.37;94825.37;95116.14
2003.12.26;95116.14;95116.14;94806.51;94806.51
2003.12.29;94806.51;94806.51;94806.51;95427.52
2003.12.30;95427.52;95427.52;95156.33;95156.33
2003.12.31;95156.33;95156.33;95156.33;95434.50
2004.01.02;95434.50;95434.50;95434.50;95804.42
2004.01.05;95804.42;95804.42;95804.42;97534.09
2004.01.06;97534.09;97534.09;97534.09;97535.12
2004.01.07;97535.12;97535.12;96358.16;96358.16
2004.01.08;96358.16;96358.16;96358.16;96907.35
2004.01.09;96907.35;96907.35;96907.35;97305.71
2004.01.12;97305.71;97305.71;97187.19;97187.19
2004.01.13;97187.19;97187.19;96908.50;96908.50
2004.01.14;96908.50;96908.50;96258.67;96258.67
2004.01.15;96258.67;96258.67;94624.72;94624.72
2004.01.16;94624.72;94624.72;94624.72;94808.28
2004.01.20;94808.28;94808.28;94808.28;95547.12
2004.01.21;95547.12;95547.12;95547.12;95974.30
2004.01.22;95974.30;95974.30;95974.30;96223.66
2004.01.23;96223.66;96223.66;96181.10;96181.10
2004.01.26;96181.10;96181.10;95551.71;95551.71
2004.01.27;95551.71;95551.71;95551.71;97075.31
2004.01.28;97075.31;97075.31;97075.31;97520.08
2004.01.29;97520.08;97520.08;95675.34;95675.34
2004.01.30;95675.34;95675.34;95446.64;95446.64
2004.02.02;95446.64;95446.64;94347.87;94347.87
2004.02.03;94347.87;94347.87;94347.87;94639.89
2004.02.04;94639.89;94639.89;94346.52;94346.52
2004.02.05;94346.52;94346.52;93927.37;93927.37
2004.02.06;93927.37;93927.37;93927.37;94289.22
2004.02.09;94289.22;94289.22;94289.22;95068.35
2004.02.10;95068.35;95068.35;95068.35;95105.75
2004.02.11;95105.75;95105.75;95105.75;95620.09
2004.02.12;95620.09;95620.09;95620.09;95797.81
2004.02.13;95797.81;95797.81;95735.02;95735.02
2004.02.17;95735.02;95735.02;95735.02;96339.69
2004.02.18;96339.69;96339.69;96025.41;96025.41
2004.02.19;96025.41;96025.41;95506.92;95506.92
2004.02.20;95506.92;95506.92;95506.92;95588.00
2004.02.23;95588.00;95588.00;94968.74;94968.74
2004.02.24;94968.74;94968.74;94968.74;95289.15
2004.02.25;95289.15;95289.15;95289.15;95633.20
2004.02.26;95633.20;95633.20;95633.20;96497.17
2004.02.27;96497.17;96497.17;96170.35;96170.35
2004.03.01;96170.35;96170.35;96170.35;96975.92
2004.03.02;96975.92;96975.92;96626.15;96626.15
2004.03.03;96626.15;96626.15;96586.23;96586.23
2004.03.04;96586.23;96586.23;96586.23;96641.91
2004.03.05;96641.91;96641.91;96641.91;97296.45
2004.03.08;97296.45;97296.45;97296.45;97625.25
2004.03.09;97625.25;97625.25;97625.25;98028.55
2004.03.10;98028.55;98028.55;98028.55;98502.65
2004.03.11;98502.65;98502.65;98502.65;98841.41
2004.03.12;98841.41;98841.41;98129.25;98129.25
2004.03.15;98129.25;98129.25;98129.25;99407.88
2004.03.16;99407.88;99407.88;99132.72;99132.72
2004.03.17;99132.72;99132.72;99132.72;99303.83
2004.03.18;99303.83;99303.83;99303.83;99950.78
2004.03.19;99950.78;99950.78;99950.78;100487.52
2004.03.22;100487.52;100487.52;100255.47;100255.47
2004.03.23;100255.47;100255.47;100255.47;100546.40
2004.03.24;100546.40;100546.40;99907.06;99907.06
2004.03.25;99907.06;99907.06;98051.02;98051.02
2004.03.26;98051.02;98051.02;98051.02;98528.95
2004.03.29;98528.95;98528.95;97993.23;97993.23
2004.03.30;97993.23;97993.23;97993.23;98817.63
2004.03.31;98817.63;98817.63;98817.63;99054.33
2004.04.01;99054.33;99054.33;98406.03;98406.03
2004.04.02;98406.03;98406.03;97789.17;97789.17
2004.04.05;97789.17;97789.17;97406.28;97406.28
2004.04.06;97406.28;97406.28;97406.28;97954.18
2004.04.07;97954.18;97954.18;97954.18;97997.91
2004.04.08;97997.91;97997.91;97997.91;98074.56
2004.04.12;98074.56;98074.56;98074.56;98180.30
2004.04.13;98180.30;98180.30;96963.73;96963.73
2004.04.14;96963.73;96963.73;95602.15;95602.15
2004.04.15;95602.15;95602.15;95602.15;95646.70
2004.04.16;95646.70;95646.70;95646.70;96043.92
2004.04.19;96043.92;96043.92;95506.52;95506.52
2004.04.20;95506.52;95506.52;95506.52;95954.44
2004.04.21;95954.44;95954.44;93733.00;93733.00
2004.04.22;93733.00;93733.00;93080.04;93080.04
2004.04.23;93080.04;93080.04;92869.33;92869.33
2004.04.26;92869.33;92869.33;92869.33;93306.23
2004.04.27;93306.23;93306.23;93306.23;93348.07
2004.04.28;93348.07;93348.07;92783.69;92783.69
2004.04.29;92783.69;92783.69;92783.69;93119.11
2004.04.30;93119.11;93119.11;93119.11;94027.04
2004.05.03;94027.04;94027.04;93658.00;93658.00
2004.05.04;93658.00;93658.00;93522.39;93522.39
2004.05.05;93522.39;93522.39;93522.39;93604.71
2004.05.06;93604.71;93604.71;93604.71;94319.09
2004.05.07;94319.09;94319.09;94319.09;95060.51
2004.05.10;95060.51;95060.51;94414.27;94414.27
2004.05.11;94414.27;94414.27;94414.27;95046.44
2004.05.12;95046.44;95046.44;95046.44;95392.52
2004.05.13;95392.52;95392.52;95364.36;95364.36
2004.05.14;95364.36;95364.36;95364.36;95856.48
2004.05.17;95856.48;95856.48;95856.48;96547.18
2004.05.18;96547.18;96547.18;95540.03;95540.03
2004.05.19;95540.03;95540.03;95079.22;95079.22
2004.05.20;95079.22;95079.22;95079.22;95245.81
2004.05.21;95245.81;95245.81;94362.95;94362.95
2004.05.24;94362.95;94362.95;94362.95;94770.34
2004.05.25;94770.34;94770.34;94155.08;94155.08
2004.05.26;94155.08;94155.08;93953.06;93953.06
2004.05.27;93953.06;93953.06;92739.35;92739.35
2004.05.28;92739.35;92739.35;92739.35;93161.56
2004.06.01;93161.56;93161.56;93161.56;94674.22
2004.06.02;94674.22;94674.22;94014.13;94014.13
2004.06.03;94014.13;94014.13;94014.13;94030.08
2004.06.04;94030.08;94030.08;93482.73;93482.73
2004.06.07;93482.73;93482.73;93248.32;93248.32
2004.06.08;93248.32;93248.32;93069.20;93069.20
2004.06.09;93069.20;93069.20;93069.20;93556.99
2004.06.10;93556.99;93556.99;93556.99;93760.42
2004.06.14;93760.42;93760.42;93760.42;93914.94
2004.06.15;93914.94;93914.94;93483.75;93483.75
2004.06.16;93483.75;93483.75;93483.75;93764.54
2004.06.17;93764.54;93764.54;93764.54;93770.36
2004.06.18;93770.36;93770.36;93770.36;93950.28
2004.06.21;93950.28;93950.28;93526.75;93526.75
2004.06.22;93526.75;93526.75;93526.75;93814.34
2004.06.23;93814.34;93814.34;93666.40;93666.40
2004.06.24;93666.40;93666.40;93135.50;93135.50
2004.06.25;93135.50;93135.50;93062.31;93062.31
2004.06.28;93062.31;93062.31;92837.82;92837.82
2004.06.29;92837.82;92837.82;92756.44;92756.44
2004.06.30;92756.44;92756.44;92756.44;93372.97
2004.07.01;93372.97;93372.97;93372.97;93759.61
2004.07.02;93759.61;93759.61;93470.67;93470.67
2004.07.06;93470.67;93470.67;93245.73;93245.73
2004.07.07;93245.73;93245.73;93012.73;93012.73
2004.07.08;93012.73;93012.73;91956.69;91956.69
2004.07.09;91956.69;91956.69;91956.69;92118.64
2004.07.12;92118.64;92118.64;92019.79;92019.79
2004.07.13;92019.79;92019.79;92019.79;92401.08
2004.07.14;92401.08;92401.08;91648.05;91648.05
2004.07.15;91648.05;91648.05;91648.05;91658.26
2004.07.16;91658.26;91658.26;91467.99;91467.99
2004.07.19;91467.99;91467.99;91467.99;91645.58
2004.07.20;91645.58;91645.58;91645.58;91883.40
2004.07.21;91883.40;91883.40;91883.40;91938.50
2004.07.22;91938.50;91938.50;91862.34;91862.34
2004.07.23;91862.34;91862.34;91859.97;91859.97
2004.07.26;91859.97;91859.97;91859.97;92057.45
2004.07.27;92057.45;92057.45;92057.45;92286.69
2004.07.28;92286.69;92286.69;92006.26;92006.26
2004.07.29;92006.26;92006.26;92006.26;92243.13
2004.07.30;92243.13;92243.13;91666.66;91666.66
2004.08.02;91666.66;91666.66;91658.67;91658.67
2004.08.03;91658.67;91658.67;91658.67;92196.04
2004.08.04;92196.04;92196.04;91804.96;91804.96
2004.08.05;91804.96;91804.96;91804.96;92664.07
2004.08.06;92664.07;92664.07;92664.07;92878.00
2004.08.09;92878.00;92878.00;92878.00;93193.56
2004.08.10;93193.56;93193.56;92657.62;92657.62
2004.08.11;92657.62;92657.62;92231.74;92231.74
2004.08.12;92231.74;92231.74;92231.74;92675.49
2004.08.13;92675.49;92675.49;92675.49;93188.30
2004.08.16;93188.30;93188.30;92925.42;92925.42
2004.08.17;92925.42;92925.42;92815.26;92815.26
2004.08.18;92815.26;92815.26;92815.26;92857.37
2004.08.19;92857.37;92857.37;92857.37;93417.56
2004.08.20;93417.56;93417.56;93083.50;93083.50
2004.08.23;93083.50;93083.50;92313.00;92313.00
2004.08.24;92313.00;92313.00;91688.60;91688.60
2004.08.25;91688.60;91688.60;90972.92;90972.92
2004.08.26;90972.92;90972.92;90972.92;91106.11
2004.08.27;91106.11;91106.11;90899.51;90899.51
2004.08.30;90899.51;90899.51;90899.51;91163.76
2004.08.31;91163.76;91163.76;91163.76;91298.39
2004.09.01;91298.39;91298.39;91298.39;91847.52
2004.09.02;91847.52;91847.52;91337.12;91337.12
2004.09.03;91337.12;91337.12;91337.12;91525.08
2004.09.07;91525.08;91525.08;90872.26;90872.26
2004.09.08;90872.26;90872.26;90872.26;90936.98
2004.09.09;90936.98;90936.98;90400.26;90400.26
2004.09.10;90400.26;90400.26;90122.95;90122.95
2004.09.13;90122.95;90122.95;89873.73;89873.73
2004.09.14;89873.73;89873.73;89749.89;89749.89
2004.09.15;89749.89;89749.89;89749.89;90350.71
2004.09.16;90350.71;90350.71;90350.71;90484.82
2004.09.17;90484.82;90484.82;90232.63;90232.63
2004.09.20;90232.63;90232.63;90174.28;90174.28
2004.09.21;90174.28;90174.28;90174.28;90234.13
2004.09.22;90234.13;90234.13;90234.13;90760.42
2004.09.23;90760.42;90760.42;90760.42;90866.16
2004.09.24;90866.16;90866.16;90866.16;90890.38
2004.09.27;90890.38;90890.38;90890.38;91362.88
2004.09.28;91362.88;91362.88;91362.88;91452.24
2004.09.29;91452.24;91452.24;91090.17;91090.17
2004.09.30;91090.17;91090.17;91090.17;91522.22
2004.10.01;91522.22;91522.22;90709.99;90709.99
2004.10.04;90709.99;90709.99;90506.04;90506.04
2004.10.05;90506.04;90506.04;90506.04;91191.56
2004.10.06;91191.56;91191.56;91191.56;91643.27
2004.10.07;91643.27;91643.27;91643.27;92190.05
2004.10.08;92190.05;92190.05;92190.05;92621.63
2004.10.11;92621.63;92621.63;92464.68;92464.68
2004.10.12;92464.68;92464.68;91868.19;91868.19
2004.10.13;91868.19;91868.19;91868.19;92015.38
2004.10.14;92015.38;92015.38;92015.38;92814.43
2004.10.15;92814.43;92814.43;92814.43;92856.55
2004.10.18;92856.55;92856.55;92005.60;92005.60
2004.10.19;92005.60;92005.60;92005.60;92090.09
2004.10.20;92090.09;92090.09;92090.09;92966.66
2004.10.21;92966.66;92966.66;92832.11;92832.11
2004.10.22;92832.11;92832.11;92832.11;93561.50
2004.10.25;93561.50;93561.50;93499.52;93499.52
2004.10.26;93499.52;93499.52;93499.52;93550.40
2004.10.27;93550.40;93550.40;91819.26;91819.26
2004.10.28;91819.26;91819.26;90990.73;90990.73
2004.10.29;90990.73;90990.73;90990.73;91537.64
2004.11.01;91537.64;91537.64;91060.79;91060.79
2004.11.02;91060.79;91060.79;90433.92;90433.92
2004.11.03;90433.92;90433.92;90433.92;90513.14
2004.11.04;90513.14;90513.14;89922.95;89922.95
2004.11.05;89922.95;89922.95;89922.95;90102.24
2004.11.08;90102.24;90102.24;89877.76;89877.76
2004.11.09;89877.76;89877.76;89479.87;89479.87
2004.11.10;89479.87;89479.87;89479.87;89853.03
2004.11.11;89853.03;89853.03;89431.79;89431.79
2004.11.12;89431.79;89431.79;89431.79;89723.06
2004.11.15;89723.06;89723.06;89274.46;89274.46
2004.11.16;89274.46;89274.46;89185.65;89185.65
2004.11.17;89185.65;89185.65;89185.65;89641.64
2004.11.18;89641.64;89641.64;89357.54;89357.54
2004.11.19;89357.54;89357.54;89357.54;90438.83
2004.11.22;90438.83;90438.83;90438.83;90462.75
2004.11.23;90462.75;90462.75;90462.75;90696.28
2004.11.24;90696.28;90696.28;90696.28;91050.30
2004.11.26;91050.30;91050.30;91050.30;91179.56
2004.11.29;91179.56;91179.56;91179.56;91569.01
2004.11.30;91569.01;91569.01;91209.02;91209.02
2004.12.01;91209.02;91209.02;89984.12;89984.12
2004.12.02;89984.12;89984.12;89967.81;89967.81
2004.12.03;89967.81;89967.81;89967.81;90370.36
2004.12.06;90370.36;90370.36;90165.47;90165.47
2004.12.07;90165.47;90165.47;89869.04;89869.04
2004.12.08;89869.04;89869.04;88651.06;88651.06
2004.12.09;88651.06;88651.06;87559.22;87559.22
2004.12.10;87559.22;87559.22;87559.22;87795.09
2004.12.13;87795.09;87795.09;87795.09;88516.52
2004.12.14;88516.52;88516.52;88210.66;88210.66
2004.12.15;88210.66;88210.66;88113.88;88113.88
2004.12.16;88113.88;88113.88;87547.11;87547.11
2004.12.17;87547.11;87547.11;87286.64;87286.64
2004.12.20;87286.64;87286.64;87286.64;88253.33
2004.12.21;88253.33;88253.33;88253.33;88447.69
2004.12.22;88447.69;88447.69;88447.69;88605.72
2004.12.23;88605.72;88605.72;88605.72;89022.20
2004.12.27;89022.20;89022.20;89022.20;89857.40
2004.12.28;89857.40;89857.40;89857.40;89937.29
2004.12.29;89937.29;89937.29;89343.36;89343.36
2004.12.30;89343.36;89343.36;89227.53;89227.53
2004.12.31;89227.53;89227.53;89227.53;89403.64
2005.01.03;89403.64;89403.64;88883.22;88883.22
2005.01.04;88883.22;88883.22;87853.94;87853.94
2005.01.05;87853.94;87853.94;87440.43;87440.43
2005.01.06;87440.43;87440.43;87273.66;87273.66
2005.01.07;87273.66;87273.66;87242.67;87242.67
2005.01.10;87242.67;87242.67;87242.67;87366.39
2005.01.11;87366.39;87366.39;86686.25;86686.25
2005.01.12;86686.25;86686.25;86483.70;86483.70
2005.01.13;86483.70;86483.70;85817.79;85817.79
2005.01.14;85817.79;85817.79;85817.79;86569.28
2005.01.18;86569.28;86569.28;86483.48;86483.48
2005.01.19;86483.48;86483.48;86293.24;86293.24
2005.01.20;86293.24;86293.24;86201.68;86201.68
2005.01.21;86201.68;86201.68;85410.31;85410.31
2005.01.24;85410.31;85410.31;85264.97;85264.97
2005.01.25;85264.97;85264.97;85264.97;85690.90
2005.01.26;85690.90;85690.90;85690.90;86045.65
2005.01.27;86045.65;86045.65;85950.05;85950.05
2005.01.28;85950.05;85950.05;85950.05;86280.32
2005.01.31;86280.32;86280.32;86280.32;86584.23
2005.02.01;86584.23;86584.23;86584.23;87244.62
2005.02.02;87244.62;87244.62;87244.62;87336.57
2005.02.03;87336.57;87336.57;87336.57;87698.53
2005.02.04;87698.53;87698.53;87698.53;87855.87
2005.02.07;87855.87;87855.87;87855.87;87965.35
2005.02.08;87965.35;87965.35;87965.35;88088.71
2005.02.09;88088.71;88088.71;88088.71;88226.36
2005.02.10;88226.36;88226.36;87836.91;87836.91
2005.02.11;87836.91;87836.91;87380.40;87380.40
2005.02.14;87380.40;87380.40;87249.74;87249.74
2005.02.15;87249.74;87249.74;87086.55;87086.55
2005.02.16;87086.55;87086.55;87086.55;87573.18
2005.02.17;87573.18;87573.18;87367.13;87367.13
2005.02.18;87367.13;87367.13;87367.13;87446.82
2005.02.22;87446.82;87446.82;87097.32;87097.32
2005.02.23;87097.32;87097.32;87097.32;87454.22
2005.02.24;87454.22;87454.22;87454.22;87743.85
2005.02.25;87743.85;87743.85;87743.85;88306.80
2005.02.28;88306.80;88306.80;88088.31;88088.31
2005.03.01;88088.31;88088.31;88027.87;88027.87
2005.03.02;88027.87;88027.87;88027.87;88394.00
2005.03.03;88394.00;88394.00;88394.00;89002.40
2005.03.04;89002.40;89002.40;89002.40;89124.45
2005.03.07;89124.45;89124.45;88889.27;88889.27
2005.03.08;88889.27;88889.27;88889.27;89129.43
2005.03.09;89129.43;89129.43;88859.44;88859.44
2005.03.10;88859.44;88859.44;88068.00;88068.00
2005.03.11;88068.00;88068.00;88068.00;88628.33
2005.03.14;88628.33;88628.33;88628.33;88739.04
2005.03.15;88739.04;88739.04;88474.77;88474.77
2005.03.16;88474.77;88474.77;88474.77;88881.13
2005.03.17;88881.13;88881.13;88881.13;89339.19
2005.03.18;89339.19;89339.19;89339.19;89742.99
2005.03.21;89742.99;89742.99;89630.78;89630.78
2005.03.22;89630.78;89630.78;89444.46;89444.46
2005.03.23;89444.46;89444.46;88372.00;88372.00
2005.03.24;88372.00;88372.00;88372.00;88623.74
2005.03.28;88623.74;88623.74;88517.19;88517.19
2005.03.29;88517.19;88517.19;88047.26;88047.26
2005.03.30;88047.26;88047.26;88047.26;88063.41
2005.03.31;88063.41;88063.41;88063.41;88766.95
2005.04.01;88766.95;88766.95;88766.95;89996.95
2005.04.04;89996.95;89996.95;89638.90;89638.90
2005.04.05;89638.90;89638.90;89172.23;89172.23
2005.04.06;89172.23;89172.23;89147.03;89147.03
2005.04.07;89147.03;89147.03;88264.26;88264.26
2005.04.08;88264.26;88264.26;88232.53;88232.53
2005.04.11;88232.53;88232.53;88232.53;88740.27
2005.04.12;88740.27;88740.27;87619.10;87619.10
2005.04.13;87619.10;87619.10;87600.95;87600.95
2005.04.14;87600.95;87600.95;87600.95;88322.96
2005.04.15;88322.96;88322.96;88322.96;88433.36
2005.04.18;88433.36;88433.36;88413.44;88413.44
2005.04.19;88413.44;88413.44;88413.44;89145.69
2005.04.20;89145.69;89145.69;89145.69;89569.03
2005.04.21;89569.03;89569.03;89510.96;89510.96
2005.04.22;89510.96;89510.96;89510.96;90429.77
2005.04.25;90429.77;90429.77;89867.32;89867.32
2005.04.26;89867.32;89867.32;89845.21;89845.21
2005.04.27;89845.21;89845.21;88604.23;88604.23
2005.04.28;88604.23;88604.23;88604.23;89015.81
2005.04.29;89015.81;89015.81;87905.31;87905.31
2005.05.02;87905.31;87905.31;87905.31;88235.80
2005.05.03;88235.80;88235.80;87985.53;87985.53
2005.05.04;87985.53;87985.53;87338.01;87338.01
2005.05.05;87338.01;87338.01;87338.01;87443.86
2005.05.06;87443.86;87443.86;87147.43;87147.43
2005.05.09;87147.43;87147.43;87126.56;87126.56
2005.05.10;87126.56;87126.56;87126.56;87562.24
2005.05.11;87562.24;87562.24;87562.24;87721.49
2005.05.12;87721.49;87721.49;87721.49;88142.85
2005.05.13;88142.85;88142.85;88041.67;88041.67
2005.05.16;88041.67;88041.67;87766.34;87766.34
2005.05.17;87766.34;87766.34;87652.46;87652.46
2005.05.18;87652.46;87652.46;86931.12;86931.12
2005.05.19;86931.12;86931.12;86873.23;86873.23
2005.05.20;86873.23;86873.23;86873.23;86968.16
2005.05.23;86968.16;86968.16;86728.23;86728.23
2005.05.24;86728.23;86728.23;86728.23;86877.27
2005.05.25;86877.27;86877.27;86877.27;87043.50
2005.05.26;87043.50;87043.50;86715.79;86715.79
2005.05.27;86715.79;86715.79;86664.70;86664.70
2005.05.31;86664.70;86664.70;86664.70;86972.53
2005.06.01;86972.53;86972.53;86937.39;86937.39
2005.06.02;86937.39;86937.39;86937.39;86978.53
2005.06.03;86978.53;86978.53;86549.55;86549.55
2005.06.06;86549.55;86549.55;86481.33;86481.33
2005.06.07;86481.33;86481.33;86281.12;86281.12
2005.06.08;86281.12;86281.12;86281.12;86481.87
2005.06.09;86481.87;86481.87;86030.95;86030.95
2005.06.10;86030.95;86030.95;85692.33;85692.33
2005.06.13;85692.33;85692.33;85457.90;85457.90
2005.06.14;85457.90;85457.90;85371.78;85371.78
2005.06.15;85371.78;85371.78;85113.17;85113.17
2005.06.16;85113.17;85113.17;84633.54;84633.54
2005.06.17;84633.54;84633.54;84135.50;84135.50
2005.06.20;84135.50;84135.50;84135.50;84360.57
2005.06.21;84360.57;84360.57;84360.57;84473.80
2005.06.22;84473.80;84473.80;84473.80;84730.08
2005.06.23;84730.08;84730.08;84730.08;84875.75
2005.06.24;84875.75;84875.75;84875.75;84943.50
2005.06.27;84943.50;84943.50;84729.40;84729.40
2005.06.28;84729.40;84729.40;84685.54;84685.54
2005.06.29;84685.54;84685.54;84685.54;84861.93
2005.06.30;84861.93;84861.93;84861.93;85166.34
2005.07.01;85166.34;85166.34;84500.29;84500.29
2005.07.05;84500.29;84500.29;84500.29;84690.71
2005.07.06;84690.71;84690.71;84619.39;84619.39
2005.07.07;84619.39;84619.39;84619.39;84769.88
2005.07.08;84769.88;84769.88;83982.16;83982.16
2005.07.11;83982.16;83982.16;83803.96;83803.96
2005.07.12;83803.96;83803.96;83803.96;84105.08
2005.07.13;84105.08;84105.08;84105.08;84145.11
2005.07.14;84145.11;84145.11;83319.03;83319.03
2005.07.15;83319.03;83319.03;83312.50;83312.50
2005.07.18;83312.50;83312.50;83129.30;83129.30
2005.07.19;83129.30;83129.30;83056.96;83056.96
2005.07.20;83056.96;83056.96;82745.10;82745.10
2005.07.21;82745.10;82745.10;82124.96;82124.96
2005.07.22;82124.96;82124.96;82124.96;82941.75
2005.07.25;82941.75;82941.75;82941.75;83285.62
2005.07.26;83285.62;83285.62;83285.62;83723.31
2005.07.27;83723.31;83723.31;83406.25;83406.25
2005.07.28;83406.25;83406.25;83248.26;83248.26
2005.07.29;83248.26;83248.26;83248.26;83301.06
2005.08.01;83301.06;83301.06;83301.06;83360.90
2005.08.02;83360.90;83360.90;83360.90;83946.20
2005.08.03;83946.20;83946.20;83493.24;83493.24
2005.08.04;83493.24;83493.24;83355.43;83355.43
2005.08.05;83355.43;83355.43;83355.43;83400.63
2005.08.08;83400.63;83400.63;83400.63;83972.69
2005.08.09;83972.69;83972.69;83972.69;83994.71
2005.08.10;83994.71;83994.71;83994.71;84283.38
2005.08.11;84283.38;84283.38;83991.47;83991.47
2005.08.12;83991.47;83991.47;83695.53;83695.53
2005.08.15;83695.53;83695.53;83695.53;83831.45
2005.08.16;83831.45;83831.45;82843.96;82843.96
2005.08.17;82843.96;82843.96;82456.08;82456.08
2005.08.18;82456.08;82456.08;81993.44;81993.44
2005.08.19;81993.44;81993.44;81993.44;82560.95
2005.08.22;82560.95;82560.95;82560.95;82578.31
2005.08.23;82578.31;82578.31;82465.40;82465.40
2005.08.24;82465.40;82465.40;82465.40;82698.39
2005.08.25;82698.39;82698.39;82698.39;82804.86
2005.08.26;82804.86;82804.86;82418.29;82418.29
2005.08.29;82418.29;82418.29;82418.29;82977.42
2005.08.30;82977.42;82977.42;82977.42;83353.31
2005.08.31;83353.31;83353.31;83353.31;83585.80
2005.09.01;83585.80;83585.80;83585.80;83797.12
2005.09.02;83797.12;83797.12;83173.15;83173.15
2005.09.06;83173.15;83173.15;82676.86;82676.86
2005.09.07;82676.86;82676.86;82059.69;82059.69
2005.09.08;82059.69;82059.69;82059.69;82324.60
2005.09.09;82324.60;82324.60;82324.60;82648.08
2005.09.12;82648.08;82648.08;82106.56;82106.56
2005.09.13;82106.56;82106.56;82106.56;82186.27
2005.09.14;82186.27;82186.27;82186.27;82703.11
2005.09.15;82703.11;82703.11;82703.11;82748.06
2005.09.16;82748.06;82748.06;81904.02;81904.02
2005.09.19;81904.02;81904.02;81904.02;83084.38
2005.09.20;83084.38;83084.38;83084.38;83177.13
2005.09.21;83177.13;83177.13;83177.13;83820.69
2005.09.22;83820.69;83820.69;83445.08;83445.08
2005.09.23;83445.08;83445.08;82741.95;82741.95
2005.09.26;82741.95;82741.95;82741.95;83556.80
2005.09.27;83556.80;83556.80;83324.20;83324.20
2005.09.28;83324.20;83324.20;83324.20;83860.87
2005.09.29;83860.87;83860.87;83860.87;83891.47
2005.09.30;83891.47;83891.47;83294.75;83294.75
2005.10.03;83294.75;83294.75;83251.79;83251.79
2005.10.04;83251.79;83251.79;82864.23;82864.23
2005.10.05;82864.23;82864.23;82207.09;82207.09
2005.10.06;82207.09;82207.09;81459.37;81459.37
2005.10.07;81459.37;81459.37;81459.37;82135.04
2005.10.10;82135.04;82135.04;82108.05;82108.05
2005.10.11;82108.05;82108.05;82108.05;82812.79
2005.10.12;82812.79;82812.79;82465.64;82465.64
2005.10.13;82465.64;82465.64;82178.61;82178.61
2005.10.14;82178.61;82178.61;82178.61;82363.64
2005.10.17;82363.64;82363.64;82193.05;82193.05
2005.10.18;82193.05;82193.05;81379.05;81379.05
2005.10.19;81379.05;81379.05;81379.05;81451.91
2005.10.20;81451.91;81451.91;80426.12;80426.12
2005.10.21;80426.12;80426.12;80426.12;80869.50
2005.10.24;80869.50;80869.50;80869.50;81374.10
2005.10.25;81374.10;81374.10;81374.10;81711.08
2005.10.26;81711.08;81711.08;81711.08;82017.22
2005.10.27;82017.22;82017.22;81717.72;81717.72
2005.10.28;81717.72;81717.72;81717.72;82087.88
2005.10.31;82087.88;82087.88;82087.88;82201.50
2005.11.01;82201.50;82201.50;82201.50;82559.61
2005.11.02;82559.61;82559.61;82559.61;82624.71
2005.11.03;82624.71;82624.71;82288.01;82288.01
2005.11.04;82288.01;82288.01;82288.01;82368.79
2005.11.07;82368.79;82368.79;82368.79;82862.92
2005.11.08;82862.92;82862.92;82837.21;82837.21
2005.11.09;82837.21;82837.21;82837.21;83153.48
2005.11.10;83153.48;83153.48;83153.48;83443.77
2005.11.11;83443.77;83443.77;83443.77;83775.90
2005.11.14;83775.90;83775.90;83718.99;83718.99
2005.11.15;83718.99;83718.99;83718.99;83756.47
2005.11.16;83756.47;83756.47;83756.47;84059.18
2005.11.17;84059.18;84059.18;84059.18;84709.20
2005.11.18;84709.20;84709.20;84709.20;84712.08
2005.11.21;84712.08;84712.08;84546.97;84546.97
2005.11.22;84546.97;84546.97;84392.81;84392.81
2005.11.23;84392.81;84392.81;84329.62;84329.62
2005.11.25;84329.62;84329.62;84189.21;84189.21
2005.11.28;84189.21;84189.21;84189.21;85273.69
2005.11.29;85273.69;85273.69;85273.69;85395.79
2005.11.30;85395.79;85395.79;84932.64;84932.64
2005.12.01;84932.64;84932.64;84932.64;85279.34
2005.12.02;85279.34;85279.34;85044.92;85044.92
2005.12.05;85044.92;85044.92;85044.92;85208.33
2005.12.06;85208.33;85208.33;85208.33;85305.34
2005.12.07;85305.34;85305.34;85305.34;85932.20
2005.12.08;85932.20;85932.20;85434.72;85434.72
2005.12.09;85434.72;85434.72;85434.72;86407.24
2005.12.12;86407.24;86407.24;85402.91;85402.91
2005.12.13;85402.91;85402.91;84488.12;84488.12
2005.12.14;84488.12;84488.12;83666.00;83666.00
2005.12.15;83666.00;83666.00;83666.00;84343.79
2005.12.16;84343.79;84343.79;84343.79;84870.30
2005.12.19;84870.30;84870.30;84870.30;85311.28
2005.12.20;85311.28;85311.28;84151.06;84151.06
2005.12.21;84151.06;84151.06;84151.06;84468.68
2005.12.22;84468.68;84468.68;84468.68;85146.30
2005.12.23;85146.30;85146.30;85146.30;85209.56
2005.12.27;85209.56;85209.56;85209.56;85770.07
2005.12.28;85770.07;85770.07;85770.07;85916.18
2005.12.29;85916.18;85916.18;85566.45;85566.45
2005.12.30;85566.45;85566.45;85322.48;85322.48
2006.01.03;85322.48;85322.48;85322.48;85490.22
2006.01.04;85490.22;85490.22;85490.22;85526.52
2006.01.05;85526.52;85526.52;84822.93;84822.93
2006.01.06;84822.93;84822.93;84822.93;85245.44
2006.01.09;85245.44;85245.44;85245.44;85689.28
2006.01.10;85689.28;85689.28;84661.01;84661.01
2006.01.11;84661.01;84661.01;84661.01;84754.78
2006.01.12;84754.78;84754.78;84503.99;84503.99
2006.01.13;84503.99;84503.99;84503.99;84831.35
2006.01.17;84831.35;84831.35;83662.55;83662.55
2006.01.18;83662.55;83662.55;82939.06;82939.06
2006.01.19;82939.06;82939.06;82939.06;83789.31
2006.01.20;83789.31;83789.31;83022.59;83022.59
2006.01.23;83022.59;83022.59;83022.59;84170.27
2006.01.24;84170.27;84170.27;84170.27;84904.73
2006.01.25;84904.73;84904.73;84904.73;85793.10
2006.01.26;85793.10;85793.10;85793.10;86470.72
2006.01.27;86470.72;86470.72;86289.90;86289.90
2006.01.30;86289.90;86289.90;86289.90;86561.23
2006.01.31;86561.23;86561.23;86561.23;87086.82
2006.02.01;87086.82;87086.82;87021.89;87021.89
2006.02.02;87021.89;87021.89;86596.91;86596.91
2006.02.03;86596.91;86596.91;86225.33;86225.33
2006.02.06;86225.33;86225.33;86225.33;86835.09
2006.02.07;86835.09;86835.09;85348.91;85348.91
2006.02.08;85348.91;85348.91;85175.26;85175.26
2006.02.09;85175.26;85175.26;85175.26;85485.80
2006.02.10;85485.80;85485.80;84775.03;84775.03
2006.02.13;84775.03;84775.03;83841.18;83841.18
2006.02.14;83841.18;83841.18;83841.18;84089.15
2006.02.15;84089.15;84089.15;83359.93;83359.93
2006.02.16;83359.93;83359.93;83359.93;84196.00
2006.02.17;84196.00;84196.00;84196.00;84533.90
2006.02.21;84533.90;84533.90;84533.90;85021.32
2006.02.22;85021.32;85021.32;84730.75;84730.75
2006.02.23;84730.75;84730.75;84596.98;84596.98
2006.02.24;84596.98;84596.98;84596.98;85544.42
2006.02.27;85544.42;85544.42;84962.07;84962.07
2006.02.28;84962.07;84962.07;84962.07;85016.21
2006.03.01;85016.21;85016.21;85016.21;85452.92
2006.03.02;85452.92;85452.92;85452.92;85700.53
2006.03.03;85700.53;85700.53;85569.51;85569.51
2006.03.06;85569.51;85569.51;85539.55;85539.55
2006.03.07;85539.55;85539.55;85494.07;85494.07
2006.03.08;85494.07;85494.07;85325.38;85325.38
2006.03.09;85325.38;85325.38;85325.38;85418.88
2006.03.10;85418.88;85418.88;85418.88;85711.93
2006.03.13;85711.93;85711.93;85641.12;85641.12
2006.03.14;85641.12;85641.12;85641.12;85721.55
2006.03.15;85721.55;85721.55;85721.55;86124.15
2006.03.16;86124.15;86124.15;85878.41;85878.41
2006.03.17;85878.41;85878.41;85878.41;86155.34
2006.03.20;86155.34;86155.34;86155.34;86529.75
2006.03.21;86529.75;86529.75;86529.75;86602.65
2006.03.22;86602.65;86602.65;86495.76;86495.76
2006.03.23;86495.76;86495.76;86328.10;86328.10
2006.03.24;86328.10;86328.10;86328.10;86380.20
2006.03.27;86380.20;86380.20;86380.20;86621.86
2006.03.28;86621.86;86621.86;86213.25;86213.25
2006.03.29;86213.25;86213.25;86213.25;86492.12
2006.03.30;86492.12;86492.12;86492.12;87194.32
2006.03.31;87194.32;87194.32;87194.32;87210.66
2006.04.03;87210.66;87210.66;87210.66;87669.24
2006.04.04;87669.24;87669.24;87602.57;87602.57
2006.04.05;87602.57;87602.57;87433.00;87433.00
2006.04.06;87433.00;87433.00;87433.00;88432.43
2006.04.07;88432.43;88432.43;88432.43;88585.19
2006.04.10;88585.19;88585.19;88585.19;89420.24
2006.04.11;89420.24;89420.24;89303.23;89303.23
2006.04.12;89303.23;89303.23;89303.23;89585.31
2006.04.13;89585.31;89585.31;89585.31;90180.18
2006.04.17;90180.18;90180.18;90180.18;90991.73
2006.04.18;90991.73;90991.73;90991.73;91863.83
2006.04.19;91863.83;91863.83;91863.83;93432.32
2006.04.20;93432.32;93432.32;90033.73;90033.73
2006.04.21;90033.73;90033.73;90033.73;90639.23
2006.04.24;90639.23;90639.23;88456.77;88456.77
2006.04.25;88456.77;88456.77;88456.77;90308.59
2006.04.26;90308.59;90308.59;90308.59;91179.12
2006.04.27;91179.12;91179.12;90273.04;90273.04
2006.04.28;90273.04;90273.04;90273.04;91817.94
2006.05.01;91817.94;91817.94;91817.94;92185.00
2006.05.02;92185.00;92185.00;92185.00;92859.80
2006.05.03;92859.80;92859.80;92546.62;92546.62
2006.05.04;92546.62;92546.62;92546.62;92801.41
2006.05.05;92801.41;92801.41;92730.76;92730.76
2006.05.08;92730.76;92730.76;92675.14;92675.14
2006.05.09;92675.14;92675.14;92675.14;93607.55
2006.05.10;93607.55;93607.55;93607.55;93759.12
2006.05.11;93759.12;93759.12;93759.12;94185.73
2006.05.12;94185.73;94185.73;93873.38;93873.38
2006.05.15;93873.38;93873.38;91862.63;91862.63
2006.05.16;91862.63;91862.63;91862.63;92244.90
2006.05.17;92244.90;92244.90;91727.34;91727.34
2006.05.18;91727.34;91727.34;91080.17;91080.17
2006.05.19;91080.17;91080.17;90788.01;90788.01
2006.05.22;90788.01;90788.01;90515.04;90515.04
2006.05.23;90515.04;90515.04;90515.04;91295.13
2006.05.24;91295.13;91295.13;90339.73;90339.73
2006.05.25;90339.73;90339.73;90339.73;90701.05
2006.05.26;90701.05;90701.05;90672.43;90672.43
2006.05.30;90672.43;90672.43;90672.43;91067.29
2006.05.31;91067.29;91067.29;90570.10;90570.10
2006.06.01;90570.10;90570.10;89594.27;89594.27
2006.06.02;89594.27;89594.27;89594.27;89886.28
2006.06.05;89886.28;89886.28;89886.28;90305.11
2006.06.06;90305.11;90305.11;90259.08;90259.08
2006.06.07;90259.08;90259.08;90259.08;90458.21
2006.06.08;90458.21;90458.21;90358.13;90358.13
2006.06.09;90358.13;90358.13;90358.13;90554.50
2006.06.12;90554.50;90554.50;90554.50;90922.82
2006.06.13;90922.82;90922.82;90264.64;90264.64
2006.06.14;90264.64;90264.64;89922.80;89922.80
2006.06.15;89922.80;89922.80;89668.52;89668.52
2006.06.16;89668.52;89668.52;89668.52;89803.75
2006.06.19;89803.75;89803.75;89796.97;89796.97
2006.06.20;89796.97;89796.97;89796.97;89953.72
2006.06.21;89953.72;89953.72;89756.93;89756.93
2006.06.22;89756.93;89756.93;89756.93;89873.46
2006.06.23;89873.46;89873.46;89873.46;89922.47
2006.06.26;89922.47;89922.47;89922.47;89932.89
2006.06.27;89932.89;89932.89;89932.89;90203.76
2006.06.28;90203.76;90203.76;89970.58;89970.58
2006.06.29;89970.58;89970.58;89686.27;89686.27
2006.06.30;89686.27;89686.27;89686.27;90036.32
2006.07.03;90036.32;90036.32;89985.77;89985.77
2006.07.05;89985.77;89985.77;89985.77;90639.66
2006.07.06;90639.66;90639.66;90341.81;90341.81
2006.07.07;90341.81;90341.81;90341.81;90634.89
2006.07.10;90634.89;90634.89;90634.89;90716.60
2006.07.11;90716.60;90716.60;90593.39;90593.39
2006.07.12;90593.39;90593.39;90593.39;91183.31
2006.07.13;91183.31;91183.31;91183.31;92014.55
2006.07.14;92014.55;92014.55;92014.55;92117.57
2006.07.17;92117.57;92117.57;92117.57;92356.86
2006.07.18;92356.86;92356.86;92348.69;92348.69
2006.07.19;92348.69;92348.69;91391.17;91391.17
2006.07.20;91391.17;91391.17;91391.17;91737.78
2006.07.21;91737.78;91737.78;91737.78;92025.13
2006.07.24;92025.13;92025.13;91652.20;91652.20
2006.07.25;91652.20;91652.20;91389.81;91389.81
2006.07.26;91389.81;91389.81;91389.81;91457.17
2006.07.27;91457.17;91457.17;91089.51;91089.51
2006.07.28;91089.51;91089.51;90516.20;90516.20
2006.07.31;90516.20;90516.20;90516.20;90738.12
2006.08.01;90738.12;90738.12;90738.12;91057.90
2006.08.02;91057.90;91057.90;90424.31;90424.31
2006.08.03;90424.31;90424.31;89785.34;89785.34
2006.08.04;89785.34;89785.34;89681.46;89681.46
2006.08.07;89681.46;89681.46;89681.46;89780.95
2006.08.08;89780.95;89780.95;89780.95;90293.99
2006.08.09;90293.99;90293.99;90293.99;90502.21
2006.08.10;90502.21;90502.21;90212.04;90212.04
2006.08.11;90212.04;90212.04;90212.04;90562.23
2006.08.14;90562.23;90562.23;90211.26;90211.26
2006.08.15;90211.26;90211.26;89436.24;89436.24
2006.08.16;89436.24;89436.24;88156.35;88156.35
2006.08.17;88156.35;88156.35;88156.35;88192.40
2006.08.18;88192.40;88192.40;88192.40;88662.56
2006.08.21;88662.56;88662.56;88662.56;88985.60
2006.08.22;88985.60;88985.60;88985.60;89179.88
2006.08.23;89179.88;89179.88;88927.23;88927.23
2006.08.24;88927.23;88927.23;88927.23;89528.36
2006.08.25;89528.36;89528.36;89528.36;89528.96
2006.08.28;89528.96;89528.96;89528.96;89570.59
2006.08.29;89570.59;89570.59;89271.63;89271.63
2006.08.30;89271.63;89271.63;88709.11;88709.11
2006.08.31;88709.11;88709.11;88517.26;88517.26
2006.09.01;88517.26;88517.26;88397.85;88397.85
2006.09.05;88397.85;88397.85;88046.88;88046.88
2006.09.06;88046.88;88046.88;88046.88;88794.60
2006.09.07;88794.60;88794.60;88461.92;88461.92
2006.09.08;88461.92;88461.92;88461.92;88725.16
2006.09.11;88725.16;88725.16;88548.90;88548.90
2006.09.12;88548.90;88548.90;88548.90;88969.41
2006.09.13;88969.41;88969.41;88745.48;88745.48
2006.09.14;88745.48;88745.48;88745.48;88855.31
2006.09.15;88855.31;88855.31;88855.31;88926.13
2006.09.18;88926.13;88926.13;88842.59;88842.59
2006.09.19;88842.59;88842.59;88842.59;89469.22
2006.09.20;89469.22;89469.22;89469.22;90305.67
2006.09.21;90305.67;90305.67;90155.90;90155.90
2006.09.22;90155.90;90155.90;90155.90;90572.75
2006.09.25;90572.75;90572.75;90345.10;90345.10
2006.09.26;90345.10;90345.10;90224.69;90224.69
2006.09.27;90224.69;90224.69;89789.18;89789.18
2006.09.28;89789.18;89789.18;89709.42;89709.42
2006.09.29;89709.42;89709.42;89435.61;89435.61
2006.10.02;89435.61;89435.61;89435.61;89858.89
2006.10.03;89858.89;89858.89;89858.89;91434.82
2006.10.04;91434.82;91434.82;91434.82;91717.41
2006.10.05;91717.41;91717.41;91217.64;91217.64
2006.10.06;91217.64;91217.64;91173.35;91173.35
2006.10.09;91173.35;91173.35;91173.35;91311.48
2006.10.10;91311.48;91311.48;91311.48;91408.40
2006.10.11;91408.40;91408.40;91408.40;91776.06
2006.10.12;91776.06;91776.06;91624.27;91624.27
2006.10.13;91624.27;91624.27;91228.17;91228.17
2006.10.16;91228.17;91228.17;90532.75;90532.75
2006.10.17;90532.75;90532.75;90532.75;90774.89
2006.10.18;90774.89;90774.89;90774.89;91115.33
2006.10.19;91115.33;91115.33;90407.27;90407.27
2006.10.20;90407.27;90407.27;90407.27;91087.05
2006.10.23;91087.05;91087.05;91087.05;91605.74
2006.10.24;91605.74;91605.74;91047.66;91047.66
2006.10.25;91047.66;91047.66;90434.39;90434.39
2006.10.26;90434.39;90434.39;90434.39;90849.38
2006.10.27;90849.38;90849.38;90545.31;90545.31
2006.10.30;90545.31;90545.31;90545.31;91264.30
2006.10.31;91264.30;91264.30;91028.27;91028.27
2006.11.01;91028.27;91028.27;90704.59;90704.59
2006.11.02;90704.59;90704.59;90704.59;90801.93
2006.11.03;90801.93;90801.93;90411.49;90411.49
2006.11.06;90411.49;90411.49;90411.49;90700.12
2006.11.07;90700.12;90700.12;90700.12;91008.37
2006.11.08;91008.37;91008.37;90935.12;90935.12
2006.11.09;90935.12;90935.12;90437.21;90437.21
2006.11.10;90437.21;90437.21;90437.21;90951.41
2006.11.13;90951.41;90951.41;90951.41;91412.11
2006.11.14;91412.11;91412.11;91412.11;91886.14
2006.11.15;91886.14;91886.14;91886.14;91895.48
2006.11.16;91895.48;91895.48;91895.48;92646.89
2006.11.17;92646.89;92646.89;92402.21;92402.21
2006.11.20;92402.21;92402.21;92345.38;92345.38
2006.11.21;92345.38;92345.38;92126.14;92126.14
2006.11.22;92126.14;92126.14;92126.14;92464.93
2006.11.24;92464.93;92464.93;92158.96;92158.96
2006.11.27;92158.96;92158.96;91293.48;91293.48
2006.11.28;91293.48;91293.48;91255.50;91255.50
2006.11.29;91255.50;91255.50;91112.62;91112.62
2006.11.30;91112.62;91112.62;90857.20;90857.20
2006.12.01;90857.20;90857.20;90540.28;90540.28
2006.12.04;90540.28;90540.28;90540.28;91011.92
2006.12.05;91011.92;91011.92;91011.92;91011.99
2006.12.06;91011.99;91011.99;90631.84;90631.84
2006.12.07;90631.84;90631.84;90631.84;90694.00
2006.12.08;90694.00;90694.00;90629.27;90629.27
2006.12.11;90629.27;90629.27;90629.27;90830.14
2006.12.12;90830.14;90830.14;90698.47;90698.47
2006.12.13;90698.47;90698.47;90698.47;90922.44
2006.12.14;90922.44;90922.44;90922.44;90985.18
2006.12.15;90985.18;90985.18;90082.81;90082.81
2006.12.18;90082.81;90082.81;89654.64;89654.64
2006.12.19;89654.64;89654.64;89654.64;89710.27
2006.12.20;89710.27;89710.27;89370.09;89370.09
2006.12.21;89370.09;89370.09;89188.75;89188.75
2006.12.22;89188.75;89188.75;89188.75;89304.14
2006.12.26;89304.14;89304.14;89304.14;89797.69
2006.12.27;89797.69;89797.69;89797.69;90240.72
2006.12.28;90240.72;90240.72;90187.21;90187.21
2006.12.29;90187.21;90187.21;90045.42;90045.42
2007.01.03;90045.42;90045.42;90029.32;90029.32
2007.01.04;90029.32;90029.32;90029.32;90350.38
2007.01.05;90350.38;90350.38;89199.17;89199.17
2007.01.08;89199.17;89199.17;89199.17;89421.21
2007.01.09;89421.21;89421.21;89136.22;89136.22
2007.01.10;89136.22;89136.22;89136.22;89814.37
2007.01.11;89814.37;89814.37;89814.37;90880.68
2007.01.12;90880.68;90880.68;90880.68;91602.11
2007.01.16;91602.11;91602.11;91602.11;92264.52
2007.01.17;92264.52;92264.52;91756.51;91756.51
2007.01.18;91756.51;91756.51;91727.90;91727.90
2007.01.19;91727.90;91727.90;91727.90;92040.43
2007.01.22;92040.43;92040.43;91965.52;91965.52
2007.01.23;91965.52;91965.52;91965.52;92050.46
2007.01.24;92050.46;92050.46;92050.46;92235.15
2007.01.25;92235.15;92235.15;91725.31;91725.31
2007.01.26;91725.31;91725.31;91480.71;91480.71
2007.01.29;91480.71;91480.71;91480.71;91875.58
2007.01.30;91875.58;91875.58;91447.42;91447.42
2007.01.31;91447.42;91447.42;91239.61;91239.61
2007.02.01;91239.61;91239.61;91239.61;91952.67
2007.02.02;91952.67;91952.67;91042.67;91042.67
2007.02.05;91042.67;91042.67;91031.94;91031.94
2007.02.06;91031.94;91031.94;91031.94;91265.09
2007.02.07;91265.09;91265.09;91265.09;91719.53
2007.02.08;91719.53;91719.53;90971.61;90971.61
2007.02.09;90971.61;90971.61;90648.26;90648.26
2007.02.12;90648.26;90648.26;90648.26;91386.61
2007.02.13;91386.61;91386.61;91386.61;91650.09
2007.02.14;91650.09;91650.09;91650.09;92571.72
2007.02.15;92571.72;92571.72;92571.72;92744.13
2007.02.16;92744.13;92744.13;92153.12;92153.12
2007.02.20;92153.12;92153.12;92153.12;92761.52
2007.02.21;92761.52;92761.52;92335.80;92335.80
2007.02.22;92335.80;92335.80;92119.49;92119.49
2007.02.23;92119.49;92119.49;92014.43;92014.43
2007.02.26;92014.43;92014.43;91838.96;91838.96
2007.02.27;91838.96;91838.96;89461.85;89461.85
2007.02.28;89461.85;89461.85;89461.85;89484.90
2007.03.01;89484.90;89484.90;88744.32;88744.32
2007.03.02;88744.32;88744.32;87993.19;87993.19
2007.03.05;87993.19;87993.19;87892.08;87892.08
2007.03.06;87892.08;87892.08;87784.44;87784.44
2007.03.07;87784.44;87784.44;87699.91;87699.91
2007.03.08;87699.91;87699.91;87407.57;87407.57
2007.03.09;87407.57;87407.57;87407.57;87540.86
2007.03.12;87540.86;87540.86;87540.86;87760.53
2007.03.13;87760.53;87760.53;87760.53;87835.49
2007.03.14;87835.49;87835.49;87680.45;87680.45
2007.03.15;87680.45;87680.45;87680.45;87984.07
2007.03.16;87984.07;87984.07;87984.07;88390.12
2007.03.19;88390.12;88390.12;88133.79;88133.79
2007.03.20;88133.79;88133.79;88133.79;88245.97
2007.03.21;88245.97;88245.97;87702.17;87702.17
2007.03.22;87702.17;87702.17;87549.65;87549.65
2007.03.23;87549.65;87549.65;87232.34;87232.34
2007.03.26;87232.34;87232.34;87232.34;87525.62
2007.03.27;87525.62;87525.62;87320.61;87320.61
2007.03.28;87320.61;87320.61;87320.61;87677.30
2007.03.29;87677.30;87677.30;87347.60;87347.60
2007.03.30;87347.60;87347.60;87347.60;87555.38
2007.04.02;87555.38;87555.38;87462.93;87462.93
2007.04.03;87462.93;87462.93;87092.13;87092.13
2007.04.04;87092.13;87092.13;87032.46;87032.46
2007.04.05;87032.46;87032.46;87032.46;87103.87
2007.04.09;87103.87;87103.87;87103.87;87340.83
2007.04.10;87340.83;87340.83;87249.18;87249.18
2007.04.11;87249.18;87249.18;87249.18;87413.55
2007.04.12;87413.55;87413.55;87413.55;87766.29
2007.04.13;87766.29;87766.29;87732.57;87732.57
2007.04.16;87732.57;87732.57;87427.40;87427.40
2007.04.17;87427.40;87427.40;86966.64;86966.64
2007.04.18;86966.64;86966.64;86581.84;86581.84
2007.04.19;86581.84;86581.84;86203.09;86203.09
2007.04.20;86203.09;86203.09;86203.09;86529.79
2007.04.23;86529.79;86529.79;86529.79;86837.67
2007.04.24;86837.67;86837.67;86837.67;86842.24
2007.04.25;86842.24;86842.24;86842.24;87043.82
2007.04.26;87043.82;87043.82;86843.49;86843.49
2007.04.27;86843.49;86843.49;86843.49;86961.15
2007.04.30;86961.15;86961.15;86754.89;86754.89
2007.05.01;86754.89;86754.89;86655.79;86655.79
2007.05.02;86655.79;86655.79;86655.79;86912.52
2007.05.03;86912.52;86912.52;86912.52;86917.60
2007.05.04;86917.60;86917.60;86917.60;87136.20
2007.05.07;87136.20;87136.20;87136.20;87269.09
2007.05.08;87269.09;87269.09;86899.27;86899.27
2007.05.09;86899.27;86899.27;86899.27;86999.45
2007.05.10;86999.45;86999.45;86503.22;86503.22
2007.05.11;86503.22;86503.22;86503.22;87213.04
2007.05.14;87213.04;87213.04;87210.28;87210.28
2007.05.15;87210.28;87210.28;87210.28;87559.78
2007.05.16;87559.78;87559.78;87559.78;88215.44
2007.05.17;88215.44;88215.44;88215.44;88315.98
2007.05.18;88315.98;88315.98;88315.98;89025.28
2007.05.21;89025.28;89025.28;88701.78;88701.78
2007.05.22;88701.78;88701.78;88701.78;88757.79
2007.05.23;88757.79;88757.79;88757.79;88863.63
2007.05.24;88863.63;88863.63;88406.11;88406.11
2007.05.25;88406.11;88406.11;88406.11;88934.17
2007.05.29;88934.17;88934.17;88653.93;88653.93
2007.05.30;88653.93;88653.93;88653.93;89154.39
2007.05.31;89154.39;89154.39;88977.46;88977.46
2007.06.01;88977.46;88977.46;88893.13;88893.13
2007.06.04;88893.13;88893.13;88733.33;88733.33
2007.06.05;88733.33;88733.33;88733.33;88751.01
2007.06.06;88751.01;88751.01;87483.27;87483.27
2007.06.07;87483.27;87483.27;86760.13;86760.13
2007.06.08;86760.13;86760.13;86760.13;88047.31
2007.06.11;88047.31;88047.31;88047.31;88174.47
2007.06.12;88174.47;88174.47;87984.06;87984.06
2007.06.13;87984.06;87984.06;87984.06;88570.10
2007.06.14;88570.10;88570.10;88570.10;89166.78
2007.06.15;89166.78;89166.78;89166.78;89798.10
2007.06.18;89798.10;89798.10;89784.53;89784.53
2007.06.19;89784.53;89784.53;89564.89;89564.89
2007.06.20;89564.89;89564.89;88882.26;88882.26
2007.06.21;88882.26;88882.26;88882.26;89670.55
2007.06.22;89670.55;89670.55;88780.27;88780.27
2007.06.25;88780.27;88780.27;88086.47;88086.47
2007.06.26;88086.47;88086.47;87784.26;87784.26
2007.06.27;87784.26;87784.26;87784.26;88214.49
2007.06.28;88214.49;88214.49;88080.22;88080.22
2007.06.29;88080.22;88080.22;87862.76;87862.76
2007.07.02;87862.76;87862.76;87862.76;88297.12
2007.07.03;88297.12;88297.12;88297.12;88875.66
2007.07.05;88875.66;88875.66;88875.66;89581.86
2007.07.06;89581.86;89581.86;89581.86;89898.80
2007.07.09;89898.80;89898.80;89898.80;90174.34
2007.07.10;90174.34;90174.34;89319.21;89319.21
2007.07.11;89319.21;89319.21;89319.21;89767.29
2007.07.12;89767.29;89767.29;89767.29;90150.96
2007.07.13;90150.96;90150.96;90150.96;90651.95
2007.07.16;90651.95;90651.95;90607.13;90607.13
2007.07.17;90607.13;90607.13;90429.23;90429.23
2007.07.18;90429.23;90429.23;90055.28;90055.28
2007.07.19;90055.28;90055.28;90055.28;90345.42
2007.07.20;90345.42;90345.42;89960.99;89960.99
2007.07.23;89960.99;89960.99;89960.99;90536.44
2007.07.24;90536.44;90536.44;89273.84;89273.84
2007.07.25;89273.84;89273.84;89273.84;90746.01
2007.07.26;90746.01;90746.01;89578.05;89578.05
2007.07.27;89578.05;89578.05;89578.05;89677.39
2007.07.30;89677.39;89677.39;89677.39;90185.88
2007.07.31;90185.88;90185.88;90120.76;90120.76
2007.08.01;90120.76;90120.76;89223.23;89223.23
2007.08.02;89223.23;89223.23;88781.04;88781.04
2007.08.03;88781.04;88781.04;88781.04;89809.65
2007.08.06;89809.65;89809.65;87457.65;87457.65
2007.08.07;87457.65;87457.65;87163.30;87163.30
2007.08.08;87163.30;87163.30;86161.18;86161.18
2007.08.09;86161.18;86161.18;86161.18;86993.41
2007.08.10;86993.41;86993.41;86993.41;87097.49
2007.08.13;87097.49;87097.49;87097.49;87441.46
2007.08.14;87441.46;87441.46;87441.46;88304.64
2007.08.15;88304.64;88304.64;88304.64;88594.12
2007.08.16;88594.12;88594.12;87049.60;87049.60
2007.08.17;87049.60;87049.60;86442.58;86442.58
2007.08.20;86442.58;86442.58;86442.58;86505.11
2007.08.21;86505.11;86505.11;85811.47;85811.47
2007.08.22;85811.47;85811.47;85718.03;85718.03
2007.08.23;85718.03;85718.03;85718.03;86028.56
2007.08.24;86028.56;86028.56;86028.56;86346.79
2007.08.27;86346.79;86346.79;86346.79;87372.16
2007.08.28;87372.16;87372.16;87372.16;88101.79
2007.08.29;88101.79;88101.79;88101.79;88168.91
2007.08.30;88168.91;88168.91;88168.91;88450.59
2007.08.31;88450.59;88450.59;88393.26;88393.26
2007.09.04;88393.26;88393.26;88393.26;88438.09
2007.09.05;88438.09;88438.09;88438.09;88733.84
2007.09.06;88733.84;88733.84;88681.11;88681.11
2007.09.07;88681.11;88681.11;88681.11;88835.72
2007.09.10;88835.72;88835.72;88835.72;89083.77
2007.09.11;89083.77;89083.77;88948.16;88948.16
2007.09.12;88948.16;88948.16;88948.16;89107.42
2007.09.13;89107.42;89107.42;89010.77;89010.77
2007.09.14;89010.77;89010.77;88932.33;88932.33
2007.09.17;88932.33;88932.33;88932.33;88985.83
2007.09.18;88985.83;88985.83;88662.29;88662.29
2007.09.19;88662.29;88662.29;88518.39;88518.39
2007.09.20;88518.39;88518.39;88151.30;88151.30
2007.09.21;88151.30;88151.30;88151.30;88249.55
2007.09.24;88249.55;88249.55;88249.55;88575.37
2007.09.25;88575.37;88575.37;88575.37;88577.81
2007.09.26;88577.81;88577.81;88577.81;88627.91
2007.09.27;88627.91;88627.91;88627.91;88825.46
2007.09.28;88825.46;88825.46;88509.68;88509.68
2007.10.01;88509.68;88509.68;88509.68;88557.45
2007.10.02;88557.45;88557.45;87980.13;87980.13
2007.10.03;87980.13;87980.13;87297.05;87297.05
2007.10.04;87297.05;87297.05;87297.05;87965.56
2007.10.05;87965.56;87965.56;87926.21;87926.21
2007.10.08;87926.21;87926.21;87462.87;87462.87
2007.10.09;87462.87;87462.87;87462.87;88037.45
2007.10.10;88037.45;88037.45;88037.45;88548.94
2007.10.11;88548.94;88548.94;88548.94;88977.00
2007.10.12;88977.00;88977.00;88977.00;89444.69
2007.10.15;89444.69;89444.69;89444.69;90337.21
2007.10.16;90337.21;90337.21;90337.21;90551.06
2007.10.17;90551.06;90551.06;90511.07;90511.07
2007.10.18;90511.07;90511.07;90511.07;91478.13
2007.10.19;91478.13;91478.13;91051.31;91051.31
2007.10.22;91051.31;91051.31;90349.88;90349.88
2007.10.23;90349.88;90349.88;90349.88;90678.40
2007.10.24;90678.40;90678.40;90678.40;91191.82
2007.10.25;91191.82;91191.82;91191.82;92250.72
2007.10.26;92250.72;92250.72;92250.72;92920.04
2007.10.29;92920.04;92920.04;92920.04;93550.73
2007.10.30;93550.73;93550.73;92424.10;92424.10
2007.10.31;92424.10;92424.10;92424.10;93849.63
2007.11.01;93849.63;93849.63;93456.01;93456.01
2007.11.02;93456.01;93456.01;93456.01;94551.79
2007.11.05;94551.79;94551.79;94444.80;94444.80
2007.11.06;94444.80;94444.80;94444.80;95511.03
2007.11.07;95511.03;95511.03;95511.03;95968.45
2007.11.08;95968.45;95968.45;95968.45;96065.28
2007.11.09;96065.28;96065.28;96065.28;96413.02
2007.11.12;96413.02;96413.02;94211.26;94211.26
2007.11.13;94211.26;94211.26;93766.73;93766.73
2007.11.14;93766.73;93766.73;93766.73;94763.77
2007.11.15;94763.77;94763.77;94301.19;94301.19
2007.11.16;94301.19;94301.19;94301.19;94964.65
2007.11.19;94964.65;94964.65;94964.65;95016.80
2007.11.20;95016.80;95016.80;95016.80;96674.83
2007.11.21;96674.83;96674.83;96069.79;96069.79
2007.11.23;96069.79;96069.79;96069.79;96245.51
2007.11.26;96245.51;96245.51;96212.01;96212.01
2007.11.27;96212.01;96212.01;95411.52;95411.52
2007.11.28;95411.52;95411.52;94159.52;94159.52
2007.11.29;94159.52;94159.52;93870.83;93870.83
2007.11.30;93870.83;93870.83;92865.41;92865.41
2007.12.03;92865.41;92865.41;92865.41;93274.10
2007.12.04;93274.10;93274.10;93274.10;93628.92
2007.12.05;93628.92;93628.92;93084.99;93084.99
2007.12.06;93084.99;93084.99;92593.36;92593.36
2007.12.07;92593.36;92593.36;92444.96;92444.96
2007.12.10;92444.96;92444.96;92277.70;92277.70
2007.12.11;92277.70;92277.70;92277.70;93234.91
2007.12.12;93234.91;93234.91;93129.91;93129.91
2007.12.13;93129.91;93129.91;92961.19;92961.19
2007.12.14;92961.19;92961.19;92961.19;93137.14
2007.12.17;93137.14;93137.14;93137.14;93551.27
2007.12.18;93551.27;93551.27;93551.27;93590.28
2007.12.19;93590.28;93590.28;93590.28;93763.11
2007.12.20;93763.11;93763.11;93463.76;93463.76
2007.12.21;93463.76;93463.76;93203.95;93203.95
2007.12.24;93203.95;93203.95;92828.47;92828.47
2007.12.26;92828.47;92828.47;92828.47;92832.18
2007.12.27;92832.18;92832.18;92832.18;93315.62
2007.12.28;93315.62;93315.62;93315.62;93759.84
2007.12.31;93759.84;93759.84;93759.84;93895.19
2008.01.02;93895.19;93895.19;93895.19;94677.75
2008.01.03;94677.75;94677.75;94677.75;95071.83
2008.01.04;95071.83;95071.83;95071.83;95557.87
2008.01.07;95557.87;95557.87;95264.19;95264.19
2008.01.08;95264.19;95264.19;95264.19;96319.27
2008.01.09;96319.27;96319.27;95899.62;95899.62
2008.01.10;95899.62;95899.62;95730.06;95730.06
2008.01.11;95730.06;95730.06;95730.06;95983.15
2008.01.14;95983.15;95983.15;95983.15;96025.90
2008.01.15;96025.90;96025.90;96025.90;96192.19
2008.01.16;96192.19;96192.19;95462.83;95462.83
2008.01.17;95462.83;95462.83;95462.83;96002.86
2008.01.18;96002.86;96002.86;96002.86;96268.51
2008.01.22;96268.51;96268.51;95776.57;95776.57
2008.01.23;95776.57;95776.57;94475.05;94475.05
2008.01.24;94475.05;94475.05;94475.05;94944.25
2008.01.25;94944.25;94944.25;94944.25;95446.37
2008.01.28;95446.37;95446.37;95298.40;95298.40
2008.01.29;95298.40;95298.40;95018.51;95018.51
2008.01.30;95018.51;95018.51;95018.51;95439.24
2008.01.31;95439.24;95439.24;94122.43;94122.43
2008.02.01;94122.43;94122.43;93388.07;93388.07
2008.02.04;93388.07;93388.07;93388.07;93497.79
2008.02.05;93497.79;93497.79;93497.79;94276.12
2008.02.06;94276.12;94276.12;94276.12;94834.37
2008.02.07;94834.37;94834.37;94834.37;95025.85
2008.02.08;95025.85;95025.85;95025.85;95461.95
2008.02.11;95461.95;95461.95;95358.12;95358.12
2008.02.12;95358.12;95358.12;94552.00;94552.00
2008.02.13;94552.00;94552.00;93898.87;93898.87
2008.02.14;93898.87;93898.87;93898.87;94302.14
2008.02.15;94302.14;94302.14;94258.09;94258.09
2008.02.19;94258.09;94258.09;94258.09;94676.31
2008.02.20;94676.31;94676.31;94676.31;95114.77
2008.02.21;95114.77;95114.77;95114.77;95456.26
2008.02.22;95456.26;95456.26;95456.26;95553.61
2008.02.25;95553.61;95553.61;95063.06;95063.06
2008.02.26;95063.06;95063.06;95063.06;95276.94
2008.02.27;95276.94;95276.94;95276.94;95802.41
2008.02.28;95802.41;95802.41;95802.41;96609.10
2008.02.29;96609.10;96609.10;96609.10;97576.49
2008.03.03;97576.49;97576.49;97576.49;98059.42
2008.03.04;98059.42;98059.42;97143.64;97143.64
2008.03.05;97143.64;97143.64;97143.64;98374.39
2008.03.06;98374.39;98374.39;98374.39;98653.40
2008.03.07;98653.40;98653.40;98607.68;98607.68
2008.03.10;98607.68;98607.68;98607.68;98904.00
2008.03.11;98904.00;98904.00;97758.16;97758.16
2008.03.12;97758.16;97758.16;97758.16;98438.62
2008.03.13;98438.62;98438.62;98438.62;98904.97
2008.03.14;98904.97;98904.97;98904.97;99480.68
2008.03.17;99480.68;99480.68;99317.72;99317.72
2008.03.18;99317.72;99317.72;97327.46;97327.46
2008.03.19;97327.46;97327.46;96747.08;96747.08
2008.03.20;96747.08;96747.08;94567.98;94567.98
2008.03.24;94567.98;94567.98;93590.99;93590.99
2008.03.25;93590.99;93590.99;93590.99;94625.15
2008.03.26;94625.15;94625.15;94625.15;95841.22
2008.03.27;95841.22;95841.22;95841.22;96274.97
2008.03.28;96274.97;96274.97;95931.90;95931.90
2008.03.31;95931.90;95931.90;94903.34;94903.34
2008.04.01;94903.34;94903.34;92767.56;92767.56
2008.04.02;92767.56;92767.56;92767.56;92960.62
2008.04.03;92960.62;92960.62;92905.45;92905.45
2008.04.04;92905.45;92905.45;92905.45;93118.12
2008.04.07;93118.12;93118.12;93032.70;93032.70
2008.04.08;93032.70;93032.70;93032.70;93192.87
2008.04.09;93192.87;93192.87;93192.87;93438.85
2008.04.10;93438.85;93438.85;93301.93;93301.93
2008.04.11;93301.93;93301.93;93301.93;93485.94
2008.04.14;93485.94;93485.94;93485.94;93765.38
2008.04.15;93765.38;93765.38;93765.38;93799.57
2008.04.16;93799.57;93799.57;93586.67;93586.67
2008.04.17;93586.67;93586.67;93527.39;93527.39
2008.04.18;93527.39;93527.39;93434.68;93434.68
2008.04.21;93434.68;93434.68;93434.68;93558.72
2008.04.22;93558.72;93558.72;93558.72;93744.03
2008.04.23;93744.03;93744.03;93691.99;93691.99
2008.04.24;93691.99;93691.99;93270.68;93270.68
2008.04.25;93270.68;93270.68;93270.68;93291.05
2008.04.28;93291.05;93291.05;93291.05;93306.06
2008.04.29;93306.06;93306.06;93199.91;93199.91
2008.04.30;93199.91;93199.91;93199.91;93337.77
2008.05.01;93337.77;93337.77;92686.47;92686.47
2008.05.02;92686.47;92686.47;92686.47;93278.58
2008.05.05;93278.58;93278.58;93278.58;93881.85
2008.05.06;93881.85;93881.85;93881.85;94381.91
2008.05.07;94381.91;94381.91;94381.91;94554.41
2008.05.08;94554.41;94554.41;94554.41;94910.22
2008.05.09;94910.22;94910.22;94910.22;95068.19
2008.05.12;95068.19;95068.19;94574.04;94574.04
2008.05.13;94574.04;94574.04;94574.04;95369.91
2008.05.14;95369.91;95369.91;94930.01;94930.01
2008.05.15;94930.01;94930.01;94930.01;94986.63
2008.05.16;94986.63;94986.63;94986.63;95659.28
2008.05.19;95659.28;95659.28;95659.28;95700.71
2008.05.20;95700.71;95700.71;95700.71;95854.72
2008.05.21;95854.72;95854.72;95854.72;96201.27
2008.05.22;96201.27;96201.27;95727.05;95727.05
2008.05.23;95727.05;95727.05;95727.05;95739.16
2008.05.27;95739.16;95739.16;95627.29;95627.29
2008.05.28;95627.29;95627.29;95627.29;96260.81
2008.05.29;96260.81;96260.81;95543.71;95543.71
2008.05.30;95543.71;95543.71;95543.71;95801.92
2008.06.02;95801.92;95801.92;95801.92;95909.12
2008.06.03;95909.12;95909.12;95394.84;95394.84
2008.06.04;95394.84;95394.84;95248.74;95248.74
2008.06.05;95248.74;95248.74;95248.74;96257.52
2008.06.06;96257.52;96257.52;96257.52;96970.45
2008.06.09;96970.45;96970.45;96970.45;97215.69
2008.06.10;97215.69;97215.69;97004.45;97004.45
2008.06.11;97004.45;97004.45;97004.45;97430.17
2008.06.12;97430.17;97430.17;97421.33;97421.33
2008.06.13;97421.33;97421.33;97311.96;97311.96
2008.06.16;97311.96;97311.96;97006.82;97006.82
2008.06.17;97006.82;97006.82;97006.82;97354.67
2008.06.18;97354.67;97354.67;97354.67;97525.08
2008.06.19;97525.08;97525.08;96882.88;96882.88
2008.06.20;96882.88;96882.88;96882.88;96961.43
2008.06.23;96961.43;96961.43;96961.43;98073.56
2008.06.24;98073.56;98073.56;97716.92;97716.92
2008.06.25;97716.92;97716.92;97470.02;97470.02
2008.06.26;97470.02;97470.02;97470.02;97627.06
2008.06.27;97627.06;97627.06;97627.06;97681.43
2008.06.30;97681.43;97681.43;97681.43;97833.52
2008.07.01;97833.52;97833.52;97715.01;97715.01
2008.07.02;97715.01;97715.01;97715.01;98226.28
2008.07.03;98226.28;98226.28;97860.54;97860.54
2008.07.07;97860.54;97860.54;97825.72;97825.72
2008.07.08;97825.72;97825.72;96357.44;96357.44
2008.07.09;96357.44;96357.44;96357.44;97245.68
2008.07.10;97245.68;97245.68;97245.68;98027.58
2008.07.11;98027.58;98027.58;98027.58;98926.49
2008.07.14;98926.49;98926.49;98926.49;99501.13
2008.07.15;99501.13;99501.13;99202.95;99202.95
2008.07.16;99202.95;99202.95;97098.97;97098.97
2008.07.17;97098.97;97098.97;95955.97;95955.97
2008.07.18;95955.97;95955.97;95499.16;95499.16
2008.07.21;95499.16;95499.16;95499.16;96077.20
2008.07.22;96077.20;96077.20;94312.12;94312.12
2008.07.23;94312.12;94312.12;93360.54;93360.54
2008.07.24;93360.54;93360.54;93360.54;94612.70
2008.07.25;94612.70;94612.70;94535.78;94535.78
2008.07.28;94535.78;94535.78;94535.78;95509.42
2008.07.29;95509.42;95509.42;93839.50;93839.50
2008.07.30;93839.50;93839.50;93839.50;94234.85
2008.07.31;94234.85;94234.85;94234.85;94261.99
2008.08.01;94261.99;94261.99;94261.99;94317.56
2008.08.04;94317.56;94317.56;94317.56;94572.82
2008.08.05;94572.82;94572.82;94106.63;94106.63
2008.08.06;94106.63;94106.63;93986.46;93986.46
2008.08.07;93986.46;93986.46;93986.46;94186.74
2008.08.08;94186.74;94186.74;93901.29;93901.29
2008.08.11;93901.29;93901.29;93465.20;93465.20
2008.08.12;93465.20;93465.20;93465.20;93540.41
2008.08.13;93540.41;93540.41;93540.41;93595.30
2008.08.14;93595.30;93595.30;93343.21;93343.21
2008.08.15;93343.21;93343.21;93047.48;93047.48
2008.08.18;93047.48;93047.48;93047.48;93326.99
2008.08.19;93326.99;93326.99;93312.30;93312.30
2008.08.20;93312.30;93312.30;93022.44;93022.44
2008.08.21;93022.44;93022.44;93022.44;93049.00
2008.08.22;93049.00;93049.00;93046.93;93046.93
2008.08.25;93046.93;93046.93;93046.93;93300.48
2008.08.26;93300.48;93300.48;93175.37;93175.37
2008.08.27;93175.37;93175.37;92954.70;92954.70
2008.08.28;92954.70;92954.70;92954.70;93128.51
2008.08.29;93128.51;93128.51;93128.51;93135.00
2008.09.02;93135.00;93135.00;93135.00;93396.34
2008.09.03;93396.34;93396.34;93396.34;93771.34
2008.09.04;93771.34;93771.34;93771.34;93936.72
2008.09.05;93936.72;93936.72;93936.72;94335.73
2008.09.08;94335.73;94335.73;94335.73;94659.64
2008.09.09;94659.64;94659.64;94659.64;95711.75
2008.09.10;95711.75;95711.75;95711.75;95957.39
2008.09.11;95957.39;95957.39;95957.39;96507.48
2008.09.12;96507.48;96507.48;95794.02;95794.02
2008.09.15;95794.02;95794.02;95794.02;96008.61
2008.09.16;96008.61;96008.61;96008.61;96718.62
2008.09.17;96718.62;96718.62;95105.09;95105.09
2008.09.18;95105.09;95105.09;95014.73;95014.73
2008.09.19;95014.73;95014.73;93604.17;93604.17
2008.09.22;93604.17;93604.17;92540.09;92540.09
2008.09.23;92540.09;92540.09;92540.09;92757.02
2008.09.24;92757.02;92757.02;92757.02;92792.10
2008.09.25;92792.10;92792.10;92595.86;92595.86
2008.09.26;92595.86;92595.86;92595.86;92900.45
2008.09.29;92900.45;92900.45;92900.45;93588.01
2008.09.30;93588.01;93588.01;93588.01;94020.24
2008.10.01;94020.24;94020.24;93802.49;93802.49
2008.10.02;93802.49;93802.49;93802.49;95262.99
2008.10.03;95262.99;95262.99;95262.99;95402.63
2008.10.06;95402.63;95402.63;95402.63;96294.27
2008.10.07;96294.27;96294.27;96294.27;96414.24
2008.10.08;96414.24;96414.24;96013.71;96013.71
2008.10.09;96013.71;96013.71;96013.71;96214.02
2008.10.10;96214.02;96214.02;96214.02;97224.82
2008.10.13;97224.82;97224.82;95475.31;95475.31
2008.10.14;95475.31;95475.31;95475.31;95754.92
2008.10.15;95754.92;95754.92;95754.92;97377.77
2008.10.16;97377.77;97377.77;97372.79;97372.79
2008.10.17;97372.79;97372.79;97372.79;97458.71
2008.10.20;97458.71;97458.71;96712.04;96712.04
2008.10.21;96712.04;96712.04;96712.04;97264.52
2008.10.22;97264.52;97264.52;97264.52;98258.90
2008.10.23;98258.90;98258.90;98101.43;98101.43
2008.10.24;98101.43;98101.43;98101.43;98576.24
2008.10.27;98576.24;98576.24;98576.24;98998.63
2008.10.28;98998.63;98998.63;97912.78;97912.78
2008.10.29;97912.78;97912.78;97409.59;97409.59
2008.10.30;97409.59;97409.59;97048.70;97048.70
2008.10.31;97048.70;97048.70;96849.87;96849.87
2008.11.03;96849.87;96849.87;96849.87;97188.74
2008.11.04;97188.74;97188.74;96345.48;96345.48
2008.11.05;96345.48;96345.48;96345.48;97465.66
2008.11.06;97465.66;97465.66;97465.66;98126.16
2008.11.07;98126.16;98126.16;97778.83;97778.83
2008.11.10;97778.83;97778.83;97719.20;97719.20
2008.11.11;97719.20;97719.20;97719.20;98401.54
2008.11.12;98401.54;98401.54;98401.54;99144.96
2008.11.13;99144.96;99144.96;98093.25;98093.25
2008.11.14;98093.25;98093.25;98093.25;98976.44
2008.11.17;98976.44;98976.44;98976.44;99308.66
2008.11.18;99308.66;99308.66;99308.66;99476.64
2008.11.19;99476.64;99476.64;99476.64;100321.73
2008.11.20;100321.73;100321.73;100321.73;101492.04
2008.11.21;101492.04;101492.04;100831.59;100831.59
2008.11.24;100831.59;100831.59;99836.98;99836.98
2008.11.25;99836.98;99836.98;99836.98;100360.04
2008.11.26;100360.04;100360.04;99788.07;99788.07
2008.11.28;99788.07;99788.07;99788.07;100149.28
2008.12.01;100149.28;100149.28;100149.28;101353.39
2008.12.02;101353.39;101353.39;101104.45;101104.45
2008.12.03;101104.45;101104.45;100867.34;100867.34
2008.12.04;100867.34;100867.34;100867.34;101361.02
2008.12.05;101361.02;101361.02;100846.70;100846.70
2008.12.08;100846.70;100846.70;100215.85;100215.85
2008.12.09;100215.85;100215.85;100215.85;100741.35
2008.12.10;100741.35;100741.35;100701.53;100701.53
2008.12.11;100701.53;100701.53;100701.53;100971.74
2008.12.12;100971.74;100971.74;100887.49;100887.49
2008.12.15;100887.49;100887.49;100887.49;101405.96
2008.12.16;101405.96;101405.96;100968.24;100968.24
2008.12.17;100968.24;100968.24;100968.24;101401.36
2008.12.18;101401.36;101401.36;101401.36;101850.72
2008.12.19;101850.72;101850.72;101764.97;101764.97
2008.12.22;101764.97;101764.97;101764.97;102272.92
2008.12.23;102272.92;102272.92;102272.92;102391.52
2008.12.24;102391.52;102391.52;102391.52;102401.28
2008.12.26;102401.28;102401.28;102401.28;102518.01
2008.12.29;102518.01;102518.01;102433.65;102433.65
2008.12.30;102433.65;102433.65;102273.97;102273.97
2008.12.31;102273.97;102273.97;101694.40;101694.40
2009.01.02;101694.40;101694.40;101103.18;101103.18
2009.01.05;101103.18;101103.18;100651.72;100651.72
2009.01.06;100651.72;100651.72;100651.72;100701.29
2009.01.07;100701.29;100701.29;100701.29;101430.33
2009.01.08;101430.33;101430.33;101430.33;101492.24
2009.01.09;101492.24;101492.24;101492.24;101781.54
2009.01.12;101781.54;101781.54;101781.54;101970.57
2009.01.13;101970.57;101970.57;101726.44;101726.44
2009.01.14;101726.44;101726.44;101726.44;101933.91
2009.01.15;101933.91;101933.91;101933.91;102233.48
2009.01.16;102233.48;102233.48;102233.48;102501.56
2009.01.20;102501.56;102501.56;102501.56;103146.99
2009.01.21;103146.99;103146.99;102229.63;102229.63
2009.01.22;102229.63;102229.63;102229.63;102545.47
2009.01.23;102545.47;102545.47;102135.77;102135.77
2009.01.26;102135.77;102135.77;102135.77;102247.69
2009.01.27;102247.69;102247.69;102247.69;102768.45
2009.01.28;102768.45;102768.45;102452.50;102452.50
2009.01.29;102452.50;102452.50;102452.50;102748.28
2009.01.30;102748.28;102748.28;102748.28;103102.62
2009.02.02;103102.62;103102.62;103035.67;103035.67
2009.02.03;103035.67;103035.67;102966.78;102966.78
2009.02.04;102966.78;102966.78;102966.78;103327.93
2009.02.05;103327.93;103327.93;103268.91;103268.91
2009.02.06;103268.91;103268.91;102862.00;102862.00
2009.02.09;102862.00;102862.00;102525.27;102525.27
2009.02.10;102525.27;102525.27;102525.27;104051.10
2009.02.11;104051.10;104051.10;104051.10;104196.46
2009.02.12;104196.46;104196.46;104196.46;104374.58
2009.02.13;104374.58;104374.58;104374.58;104902.18
2009.02.17;104902.18;104902.18;104902.18;106597.39
2009.02.18;106597.39;106597.39;106597.39;106935.33
2009.02.19;106935.33;106935.33;106761.89;106761.89
2009.02.20;106761.89;106761.89;106761.89;107161.05
2009.02.23;107161.05;107161.05;107161.05;107720.51
2009.02.24;107720.51;107720.51;106137.31;106137.31
2009.02.25;106137.31;106137.31;105764.91;105764.91
2009.02.26;105764.91;105764.91;105060.43;105060.43
2009.02.27;105060.43;105060.43;105060.43;105417.83
2009.03.02;105417.83;105417.83;105417.83;106254.93
2009.03.03;106254.93;106254.93;106183.56;106183.56
2009.03.04;106183.56;106183.56;105694.99;105694.99
2009.03.05;105694.99;105694.99;105694.99;107175.56
2009.03.06;107175.56;107175.56;107140.65;107140.65
2009.03.09;107140.65;107140.65;106752.54;106752.54
2009.03.10;106752.54;106752.54;105098.86;105098.86
2009.03.11;105098.86;105098.86;105098.86;105153.09
2009.03.12;105153.09;105153.09;104307.44;104307.44
2009.03.13;104307.44;104307.44;104307.44;104453.54
2009.03.16;104453.54;104453.54;104217.25;104217.25
2009.03.17;104217.25;104217.25;103268.82;103268.82
2009.03.18;103268.82;103268.82;102617.81;102617.81
2009.03.19;102617.81;102617.81;102617.81;103651.85
2009.03.20;103651.85;103651.85;103651.85;104291.96
2009.03.23;104291.96;104291.96;102102.96;102102.96
2009.03.24;102102.96;102102.96;102102.96;102592.05
2009.03.25;102592.05;102592.05;102271.54;102271.54
2009.03.26;102271.54;102271.54;101787.36;101787.36
2009.03.27;101787.36;101787.36;101787.36;102264.63
2009.03.30;102264.63;102264.63;102264.63;103476.12
2009.03.31;103476.12;103476.12;102883.65;102883.65
2009.04.01;102883.65;102883.65;102575.37;102575.37
2009.04.02;102575.37;102575.37;102575.37;102652.37
2009.04.03;102652.37;102652.37;102652.37;102778.24
2009.04.06;102778.24;102778.24;102650.61;102650.61
2009.04.07;102650.61;102650.61;102463.95;102463.95
2009.04.08;102463.95;102463.95;102463.95;102556.33
2009.04.09;102556.33;102556.33;102556.33;102755.52
2009.04.13;102755.52;102755.52;102755.52;102922.35
2009.04.14;102922.35;102922.35;102831.73;102831.73
2009.04.15;102831.73;102831.73;102831.73;102839.53
2009.04.16;102839.53;102839.53;102792.50;102792.50
2009.04.17;102792.50;102792.50;102684.53;102684.53
2009.04.20;102684.53;102684.53;102549.81;102549.81
2009.04.21;102549.81;102549.81;102549.81;102605.84
2009.04.22;102605.84;102605.84;102584.67;102584.67
2009.04.23;102584.67;102584.67;102566.38;102566.38
2009.04.24;102566.38;102566.38;102566.38;102801.01
2009.04.27;102801.01;102801.01;102597.18;102597.18
2009.04.28;102597.18;102597.18;102597.18;102600.24
2009.04.29;102600.24;102600.24;102600.24;102759.68
2009.04.30;102759.68;102759.68;102759.68;103056.66
2009.05.01;103056.66;103056.66;102900.47;102900.47
2009.05.04;102900.47;102900.47;102900.47;103745.55
2009.05.05;103745.55;103745.55;103500.35;103500.35
2009.05.06;103500.35;103500.35;103500.35;103892.99
2009.05.07;103892.99;103892.99;103353.31;103353.31
2009.05.08;103353.31;103353.31;103353.31;103851.92
2009.05.11;103851.92;103851.92;103309.19;103309.19
2009.05.12;103309.19;103309.19;102992.13;102992.13
2009.05.13;102992.13;102992.13;102250.00;102250.00
2009.05.14;102250.00;102250.00;102250.00;102486.03
2009.05.15;102486.03;102486.03;102464.70;102464.70
2009.05.18;102464.70;102464.70;102464.70;103557.31
2009.05.19;103557.31;103557.31;103449.62;103449.62
2009.05.20;103449.62;103449.62;103268.69;103268.69
2009.05.21;103268.69;103268.69;103014.27;103014.27
2009.05.22;103014.27;103014.27;103010.70;103010.70
2009.05.26;103010.70;103010.70;103010.70;103499.75
2009.05.27;103499.75;103499.75;103176.29;103176.29
2009.05.28;103176.29;103176.29;103176.29;103260.39
2009.05.29;103260.39;103260.39;103229.78;103229.78
2009.06.01;103229.78;103229.78;103229.78;104027.42
2009.06.02;104027.42;104027.42;103948.19;103948.19
2009.06.03;103948.19;103948.19;103251.14;103251.14
2009.06.04;103251.14;103251.14;103251.14;104056.54
2009.06.05;104056.54;104056.54;103954.51;103954.51
2009.06.08;103954.51;103954.51;103925.98;103925.98
2009.06.09;103925.98;103925.98;103925.98;104111.37
2009.06.10;104111.37;104111.37;104111.37;104321.84
2009.06.11;104321.84;104321.84;104321.84;104441.14
2009.06.12;104441.14;104441.14;104081.71;104081.71
2009.06.15;104081.71;104081.71;103350.59;103350.59
2009.06.16;103350.59;103350.59;103061.40;103061.40
2009.06.17;103061.40;103061.40;102897.18;102897.18
2009.06.18;102897.18;102897.18;102897.18;103146.72
2009.06.19;103146.72;103146.72;103113.94;103113.94
2009.06.22;103113.94;103113.94;102145.51;102145.51
2009.06.23;102145.51;102145.51;102145.51;102335.00
2009.06.24;102335.00;102335.00;102335.00;102579.85
2009.06.25;102579.85;102579.85;102579.85;102629.62
2009.06.26;102629.62;102629.62;102629.62;102650.77
2009.06.29;102650.77;102650.77;102650.77;102752.29
2009.06.30;102752.29;102752.29;102555.14;102555.14
2009.07.01;102555.14;102555.14;102555.14;102580.60
2009.07.02;102580.60;102580.60;102382.31;102382.31
2009.07.06;102382.31;102382.31;102281.04;102281.04
2009.07.07;102281.04;102281.04;102180.07;102180.07
2009.07.08;102180.07;102180.07;101820.99;101820.99
2009.07.09;101820.99;101820.99;101820.99;101913.95
2009.07.10;101913.95;101913.95;101785.67;101785.67
2009.07.13;101785.67;101785.67;101785.67;102004.93
2009.07.14;102004.93;102004.93;101919.81;101919.81
2009.07.15;101919.81;101919.81;101919.81;102292.18
2009.07.16;102292.18;102292.18;102130.84;102130.84
2009.07.17;102130.84;102130.84;102130.84;102198.22
2009.07.20;102198.22;102198.22;102164.87;102164.87
2009.07.21;102164.87;102164.87;102099.25;102099.25
2009.07.22;102099.25;102099.25;102043.30;102043.30
2009.07.23;102043.30;102043.30;102043.30;102397.61
2009.07.24;102397.61;102397.61;102397.61;102407.55
2009.07.27;102407.55;102407.55;102407.55;102445.33
2009.07.28;102445.33;102445.33;102445.33;102511.34
2009.07.29;102511.34;102511.34;102339.58;102339.58
2009.07.30;102339.58;102339.58;102339.58;102737.09
2009.07.31;102737.09;102737.09;102588.12;102588.12
2009.08.03;102588.12;102588.12;102588.12;102774.14
2009.08.04;102774.14;102774.14;102598.50;102598.50
2009.08.05;102598.50;102598.50;102598.50;102638.96
2009.08.06;102638.96;102638.96;102536.34;102536.34
2009.08.07;102536.34;102536.34;102536.34;102939.05
2009.08.10;102939.05;102939.05;102822.54;102822.54
2009.08.11;102822.54;102822.54;102474.93;102474.93
2009.08.12;102474.93;102474.93;102474.93;102678.10
2009.08.13;102678.10;102678.10;102382.89;102382.89
2009.08.14;102382.89;102382.89;102375.69;102375.69
2009.08.17;102375.69;102375.69;102008.20;102008.20
2009.08.18;102008.20;102008.20;102008.20;102464.87
2009.08.19;102464.87;102464.87;102464.87;102603.48
2009.08.20;102603.48;102603.48;102603.48;102685.53
2009.08.21;102685.53;102685.53;102685.53;103200.74
2009.08.24;103200.74;103200.74;102933.12;102933.12
2009.08.25;102933.12;102933.12;102933.12;102973.25
2009.08.26;102973.25;102973.25;102828.66;102828.66
2009.08.27;102828.66;102828.66;102828.66;102990.53
2009.08.28;102990.53;102990.53;102679.32;102679.32
2009.08.31;102679.32;102679.32;102413.00;102413.00
2009.09.01;102413.00;102413.00;101585.09;101585.09
2009.09.02;101585.09;101585.09;101112.15;101112.15
2009.09.03;101112.15;101112.15;101112.15;101361.84
2009.09.04;101361.84;101361.84;101361.84;102055.75
2009.09.08;102055.75;102055.75;101574.01;101574.01
2009.09.09;101574.01;101574.01;101574.01;102323.69
2009.09.10;102323.69;102323.69;102262.15;102262.15
2009.09.11;102262.15;102262.15;102262.15;102614.10
2009.09.14;102614.10;102614.10;102614.10;103185.69
2009.09.15;103185.69;103185.69;102721.32;102721.32
2009.09.16;102721.32;102721.32;102721.32;103172.85
2009.09.17;103172.85;103172.85;103053.82;103053.82
2009.09.18;103053.82;103053.82;103053.82;103366.66
2009.09.21;103366.66;103366.66;103366.66;103562.28
2009.09.22;103562.28;103562.28;103562.28;103586.35
2009.09.23;103586.35;103586.35;103586.35;103935.73
2009.09.24;103935.73;103935.73;103828.59;103828.59
2009.09.25;103828.59;103828.59;103471.31;103471.31
2009.09.28;103471.31;103471.31;103471.31;104253.80
2009.09.29;104253.80;104253.80;104110.46;104110.46
2009.09.30;104110.46;104110.46;102883.62;102883.62
2009.10.01;102883.62;102883.62;101520.25;101520.25
2009.10.02;101520.25;101520.25;101520.25;101571.25
2009.10.05;101571.25;101571.25;101571.25;102580.55
2009.10.06;102580.55;102580.55;102580.55;103550.68
2009.10.07;103550.68;103550.68;103550.68;103767.17
2009.10.08;103767.17;103767.17;103767.17;104080.49
2009.10.09;104080.49;104080.49;104080.49;104139.95
2009.10.12;104139.95;104139.95;104139.95;104140.86
2009.10.13;104140.86;104140.86;103948.30;103948.30
2009.10.14;103948.30;103948.30;103948.30;104913.89
2009.10.15;104913.89;104913.89;103985.64;103985.64
2009.10.16;103985.64;103985.64;103408.71;103408.71
2009.10.19;103408.71;103408.71;103408.71;103638.38
2009.10.20;103638.38;103638.38;103271.29;103271.29
2009.10.21;103271.29;103271.29;102874.56;102874.56
2009.10.22;102874.56;102874.56;102874.56;103385.38
2009.10.23;103385.38;103385.38;103385.38;103704.90
2009.10.26;103704.90;103704.90;102844.87;102844.87
2009.10.27;102844.87;102844.87;101748.16;101748.16
2009.10.28;101748.16;101748.16;100648.28;100648.28
2009.10.29;100648.28;100648.28;100648.28;101771.86
2009.10.30;101771.86;101771.86;100552.81;100552.81
2009.11.02;100552.81;100552.81;100552.81;100673.89
2009.11.03;100673.89;100673.89;100673.89;101740.28
2009.11.04;101740.28;101740.28;101740.28;102361.50
2009.11.05;102361.50;102361.50;101685.21;101685.21
2009.11.06;101685.21;101685.21;101320.02;101320.02
2009.11.09;101320.02;101320.02;101103.45;101103.45
2009.11.10;101103.45;101103.45;101103.45;101168.78
2009.11.11;101168.78;101168.78;101168.78;101173.29
2009.11.12;101173.29;101173.29;100684.76;100684.76
2009.11.13;100684.76;100684.76;100684.76;100688.76
2009.11.16;100688.76;100688.76;100688.76;101287.82
2009.11.17;101287.82;101287.82;101287.82;101418.29
2009.11.18;101418.29;101418.29;101418.29;101701.30
2009.11.19;101701.30;101701.30;101701.30;101968.17
2009.11.20;101968.17;101968.17;101722.04;101722.04
2009.11.23;101722.04;101722.04;101539.38;101539.38
2009.11.24;101539.38;101539.38;101539.38;101652.55
2009.11.25;101652.55;101652.55;101652.55;101868.79
2009.11.27;101868.79;101868.79;101690.26;101690.26
2009.11.30;101690.26;101690.26;101283.21;101283.21
2009.12.01;101283.21;101283.21;101283.21;101386.43
2009.12.02;101386.43;101386.43;101386.43;102043.96
2009.12.03;102043.96;102043.96;101470.45;101470.45
2009.12.04;101470.45;101470.45;100188.32;100188.32
2009.12.07;100188.32;100188.32;99961.36;99961.36
2009.12.08;99961.36;99961.36;98822.62;98822.62
2009.12.09;98822.62;98822.62;98822.62;99011.92
2009.12.10;99011.92;99011.92;99011.92;99373.35
2009.12.11;99373.35;99373.35;98809.78;98809.78
2009.12.14;98809.78;98809.78;98809.78;99228.76
2009.12.15;99228.76;99228.76;99228.76;99328.16
2009.12.16;99328.16;99328.16;99328.16;99497.25
2009.12.17;99497.25;99497.25;97907.19;97907.19
2009.12.18;97907.19;97907.19;97907.19;98411.27
2009.12.21;98411.27;98411.27;98395.64;98395.64
2009.12.22;98395.64;98395.64;98162.85;98162.85
2009.12.23;98162.85;98162.85;98162.85;98231.52
2009.12.24;98231.52;98231.52;98231.52;98971.45
2009.12.28;98971.45;98971.45;98971.45;99128.61
2009.12.29;99128.61;99128.61;98306.76;98306.76
2009.12.30;98306.76;98306.76;97954.95;97954.95
2009.12.31;97954.95;97954.95;97954.95;98171.54
2010.01.04;98171.54;98171.54;98171.54;98993.21
2010.01.05;98993.21;98993.21;98244.09;98244.09
2010.01.06;98244.09;98244.09;97820.64;97820.64
2010.01.07;97820.64;97820.64;97631.17;97631.17
2010.01.08;97631.17;97631.17;97631.17;97696.81
2010.01.11;97696.81;97696.81;97570.35;97570.35
2010.01.12;97570.35;97570.35;97221.20;97221.20
2010.01.13;97221.20;97221.20;97221.20;97715.14
2010.01.14;97715.14;97715.14;97368.97;97368.97
2010.01.15;97368.97;97368.97;97172.82;97172.82
2010.01.19;97172.82;97172.82;97172.82;97627.48
2010.01.20;97627.48;97627.48;97627.48;97789.17
2010.01.21;97789.17;97789.17;97669.08;97669.08
2010.01.22;97669.08;97669.08;96884.48;96884.48
2010.01.25;96884.48;96884.48;96884.48;97122.62
2010.01.26;97122.62;97122.62;97122.62;97571.40
2010.01.27;97571.40;97571.40;97571.40;97960.96
2010.01.28;97960.96;97960.96;97194.39;97194.39
2010.01.29;97194.39;97194.39;96407.59;96407.59
2010.02.01;96407.59;96407.59;96407.59;96452.52
2010.02.02;96452.52;96452.52;96452.52;96591.62
2010.02.03;96591.62;96591.62;96591.62;96592.45
2010.02.04;96592.45;96592.45;96592.45;98149.00
2010.02.05;98149.00;98149.00;98149.00;98494.03
2010.02.08;98494.03;98494.03;98494.03;98621.37
2010.02.09;98621.37;98621.37;97684.12;97684.12
2010.02.10;97684.12;97684.12;97602.77;97602.77
2010.02.11;97602.77;97602.77;97319.52;97319.52
2010.02.12;97319.52;97319.52;97319.52;97770.38
2010.02.16;97770.38;97770.38;96688.73;96688.73
2010.02.17;96688.73;96688.73;96688.73;96953.83
2010.02.18;96953.83;96953.83;96678.93;96678.93
2010.02.19;96678.93;96678.93;96507.88;96507.88
2010.02.22;96507.88;96507.88;96507.88;96659.48
2010.02.23;96659.48;96659.48;96659.48;97368.96
2010.02.24;97368.96;97368.96;97368.96;97483.25
2010.02.25;97483.25;97483.25;97483.25;97740.97
2010.02.26;97740.97;97740.97;97192.81;97192.81
2010.03.01;97192.81;97192.81;97192.81;97601.29
2010.03.02;97601.29;97601.29;96818.86;96818.86
2010.03.03;96818.86;96818.86;96436.58;96436.58
2010.03.04;96436.58;96436.58;96436.58;96852.05
2010.03.05;96852.05;96852.05;96790.79;96790.79
2010.03.08;96790.79;96790.79;96790.79;97011.26
2010.03.09;97011.26;97011.26;97011.26;97241.04
2010.03.10;97241.04;97241.04;97202.05;97202.05
2010.03.11;97202.05;97202.05;97050.84;97050.84
2010.03.12;97050.84;97050.84;96998.73;96998.73
2010.03.15;96998.73;96998.73;96998.73;97110.35
2010.03.16;97110.35;97110.35;96896.07;96896.07
2010.03.17;96896.07;96896.07;96858.11;96858.11
2010.03.18;96858.11;96858.11;96858.11;97293.01
2010.03.19;97293.01;97293.01;97293.01;97695.78
2010.03.22;97695.78;97695.78;97695.78;98306.31
2010.03.23;98306.31;98306.31;98306.31;98409.98
2010.03.24;98409.98;98409.98;98409.98;98903.41
2010.03.25;98903.41;98903.41;98875.87;98875.87
2010.03.26;98875.87;98875.87;98366.03;98366.03
2010.03.29;98366.03;98366.03;97928.42;97928.42
2010.03.30;97928.42;97928.42;97928.42;98092.20
2010.03.31;98092.20;98092.20;97508.56;97508.56
2010.04.01;97508.56;97508.56;96728.63;96728.63
2010.04.05;96728.63;96728.63;96728.63;97751.29
2010.04.06;97751.29;97751.29;97751.29;97874.98
2010.04.07;97874.98;97874.98;97395.26;97395.26
2010.04.08;97395.26;97395.26;97395.26;97902.64
2010.04.09;97902.64;97902.64;97842.48;97842.48
2010.04.12;97842.48;97842.48;97772.24;97772.24
2010.04.13;97772.24;97772.24;97772.24;97962.73
2010.04.14;97962.73;97962.73;97962.73;99264.32
2010.04.15;99264.32;99264.32;99264.32;99468.29
2010.04.16;99468.29;99468.29;98360.10;98360.10
2010.04.19;98360.10;98360.10;98360.10;98605.98
2010.04.20;98605.98;98605.98;98605.98;99024.60
2010.04.21;99024.60;99024.60;99011.72;99011.72
2010.04.22;99011.72;99011.72;99011.72;99960.68
2010.04.23;99960.68;99960.68;99960.68;100028.98
2010.04.26;100028.98;100028.98;99885.50;99885.50
2010.04.27;99885.50;99885.50;98078.51;98078.51
2010.04.28;98078.51;98078.51;98078.51;98650.40
2010.04.29;98650.40;98650.40;98650.40;100034.84
2010.04.30;100034.84;100034.84;97901.37;97901.37
2010.05.03;97901.37;97901.37;97901.37;99087.14
2010.05.04;99087.14;99087.14;97777.91;97777.91
2010.05.05;97777.91;97777.91;97463.24;97463.24
2010.05.06;97463.24;97463.24;97463.24;97555.78
2010.05.07;97555.78;97555.78;96553.86;96553.86
2010.05.10;96553.86;96553.86;96553.86;97497.93
2010.05.11;97497.93;97497.93;97497.93;98666.39
2010.05.12;98666.39;98666.39;98666.39;99851.98
2010.05.13;99851.98;99851.98;99310.49;99310.49
2010.05.14;99310.49;99310.49;99310.49;99444.42
2010.05.17;99444.42;99444.42;99417.89;99417.89
2010.05.18;99417.89;99417.89;99121.60;99121.60
2010.05.19;99121.60;99121.60;97956.41;97956.41
2010.05.20;97956.41;97956.41;96710.87;96710.87
2010.05.21;96710.87;96710.87;96710.87;96762.91
2010.05.24;96762.91;96762.91;96762.91;97058.10
2010.05.25;97058.10;97058.10;97058.10;97625.39
2010.05.26;97625.39;97625.39;97625.39;98415.56
2010.05.27;98415.56;98415.56;98415.56;98557.72
2010.05.28;98557.72;98557.72;98349.65;98349.65
2010.06.01;98349.65;98349.65;97393.29;97393.29
2010.06.02;97393.29;97393.29;96461.53;96461.53
2010.06.03;96461.53;96461.53;95939.25;95939.25
2010.06.04;95939.25;95939.25;95939.25;97531.09
2010.06.07;97531.09;97531.09;97531.09;98281.23
2010.06.08;98281.23;98281.23;97749.45;97749.45
2010.06.09;97749.45;97749.45;97495.56;97495.56
2010.06.10;97495.56;97495.56;96075.08;96075.08
2010.06.11;96075.08;96075.08;96075.08;96469.74
2010.06.14;96469.74;96469.74;96251.14;96251.14
2010.06.15;96251.14;96251.14;95515.59;95515.59
2010.06.16;95515.59;95515.59;95462.10;95462.10
2010.06.17;95462.10;95462.10;95462.10;95851.29
2010.06.18;95851.29;95851.29;95851.29;95946.30
2010.06.21;95946.30;95946.30;95639.41;95639.41
2010.06.22;95639.41;95639.41;95639.41;96321.51
2010.06.23;96321.51;96321.51;96321.51;96451.41
2010.06.24;96451.41;96451.41;96451.41;96725.24
2010.06.25;96725.24;96725.24;96542.54;96542.54
2010.06.28;96542.54;96542.54;96542.54;96635.45
2010.06.29;96635.45;96635.45;96635.45;97807.48
2010.06.30;97807.48;97807.48;97807.48;98217.58
2010.07.01;98217.58;98217.58;97799.31;97799.31
2010.07.02;97799.31;97799.31;97799.31;97915.60
2010.07.06;97915.60;97915.60;97867.34;97867.34
2010.07.07;97867.34;97867.34;96958.78;96958.78
2010.07.08;96958.78;96958.78;96543.28;96543.28
2010.07.09;96543.28;96543.28;96279.46;96279.46
2010.07.12;96279.46;96279.46;96279.46;96377.21
2010.07.13;96377.21;96377.21;95700.76;95700.76
2010.07.14;95700.76;95700.76;95700.76;95886.17
2010.07.15;95886.17;95886.17;95886.17;96016.72
2010.07.16;96016.72;96016.72;96016.72;96752.90
2010.07.19;96752.90;96752.90;96459.28;96459.28
2010.07.20;96459.28;96459.28;96104.02;96104.02
2010.07.21;96104.02;96104.02;96104.02;96643.74
2010.07.22;96643.74;96643.74;95786.43;95786.43
2010.07.23;95786.43;95786.43;95292.75;95292.75
2010.07.26;95292.75;95292.75;95009.69;95009.69
2010.07.27;95009.69;95009.69;94944.48;94944.48
2010.07.28;94944.48;94944.48;94944.48;95212.20
2010.07.29;95212.20;95212.20;95212.20;95216.21
2010.07.30;95216.21;95216.21;95216.21;95394.33
2010.08.02;95394.33;95394.33;94532.69;94532.69
2010.08.03;94532.69;94532.69;94532.69;94674.95
2010.08.04;94674.95;94674.95;94391.81;94391.81
2010.08.05;94391.81;94391.81;94391.81;94416.63
2010.08.06;94416.63;94416.63;94416.63;94654.34
2010.08.09;94654.34;94654.34;94532.17;94532.17
2010.08.10;94532.17;94532.17;94532.17;94569.84
2010.08.11;94569.84;94569.84;94269.38;94269.38
2010.08.12;94269.38;94269.38;94269.38;94346.16
2010.08.13;94346.16;94346.16;94346.16;94595.73
2010.08.16;94595.73;94595.73;94595.73;94703.38
2010.08.17;94703.38;94703.38;94632.29;94632.29
2010.08.18;94632.29;94632.29;94519.18;94519.18
2010.08.19;94519.18;94519.18;94519.18;94577.60
2010.08.20;94577.60;94577.60;94420.92;94420.92
2010.08.23;94420.92;94420.92;94420.92;94570.59
2010.08.24;94570.59;94570.59;94519.33;94519.33
2010.08.25;94519.33;94519.33;94032.45;94032.45
2010.08.26;94032.45;94032.45;94032.45;94187.42
2010.08.27;94187.42;94187.42;94148.07;94148.07
2010.08.30;94148.07;94148.07;94148.07;94172.98
2010.08.31;94172.98;94172.98;94172.98;94376.42
2010.09.01;94376.42;94376.42;94376.42;94471.28
2010.09.02;94471.28;94471.28;94111.51;94111.51
2010.09.03;94111.51;94111.51;93841.17;93841.17
2010.09.07;93841.17;93841.17;93841.17;94526.87
2010.09.08;94526.87;94526.87;94203.12;94203.12
2010.09.09;94203.12;94203.12;93848.53;93848.53
2010.09.10;93848.53;93848.53;93317.67;93317.67
2010.09.13;93317.67;93317.67;93013.56;93013.56
2010.09.14;93013.56;93013.56;93013.56;93568.27
2010.09.15;93568.27;93568.27;93431.37;93431.37
2010.09.16;93431.37;93431.37;93431.37;93807.54
2010.09.17;93807.54;93807.54;93807.54;93943.25
2010.09.20;93943.25;93943.25;93358.88;93358.88
2010.09.21;93358.88;93358.88;93358.88;93942.20
2010.09.22;93942.20;93942.20;93942.20;94538.56
2010.09.23;94538.56;94538.56;94538.56;94706.83
2010.09.24;94706.83;94706.83;94089.19;94089.19
2010.09.27;94089.19;94089.19;94089.19;94546.09
2010.09.28;94546.09;94546.09;94546.09;94556.37
2010.09.29;94556.37;94556.37;94216.27;94216.27
2010.09.30;94216.27;94216.27;93699.97;93699.97
2010.10.01;93699.97;93699.97;93581.01;93581.01
2010.10.04;93581.01;93581.01;93312.81;93312.81
2010.10.05;93312.81;93312.81;93312.81;94171.59
2010.10.06;94171.59;94171.59;94171.59;94298.66
2010.10.07;94298.66;94298.66;93816.36;93816.36
2010.10.08;93816.36;93816.36;93816.36;94546.41
2010.10.11;94546.41;94546.41;94546.41;94677.99
2010.10.12;94677.99;94677.99;94677.99;94828.72
2010.10.13;94828.72;94828.72;94828.72;95688.11
2010.10.14;95688.11;95688.11;95688.11;96596.84
2010.10.15;96596.84;96596.84;96596.84;96936.70
2010.10.18;96936.70;96936.70;96674.45;96674.45
2010.10.19;96674.45;96674.45;95349.65;95349.65
2010.10.20;95349.65;95349.65;95349.65;95802.21
2010.10.21;95802.21;95802.21;95486.58;95486.58
2010.10.22;95486.58;95486.58;95486.58;95541.08
2010.10.25;95541.08;95541.08;95541.08;96080.67
2010.10.26;96080.67;96080.67;96080.67;96445.94
2010.10.27;96445.94;96445.94;96249.23;96249.23
2010.10.28;96249.23;96249.23;96249.23;96674.22
2010.10.29;96674.22;96674.22;96674.22;97330.86
2010.11.01;97330.86;97330.86;97330.86;97339.18
2010.11.02;97339.18;97339.18;97339.18;97480.41
2010.11.03;97480.41;97480.41;97480.41;97569.84
2010.11.04;97569.84;97569.84;97569.84;98496.00
2010.11.05;98496.00;98496.00;98496.00;98874.52
2010.11.08;98874.52;98874.52;98874.52;99774.76
2010.11.09;99774.76;99774.76;99510.21;99510.21
2010.11.10;99510.21;99510.21;99510.21;99513.91
2010.11.11;99513.91;99513.91;99513.91;99825.09
2010.11.12;99825.09;99825.09;98906.83;98906.83
2010.11.15;98906.83;98906.83;98682.24;98682.24
2010.11.16;98682.24;98682.24;98232.64;98232.64
2010.11.17;98232.64;98232.64;98232.64;98852.85
2010.11.18;98852.85;98852.85;98852.85;100141.06
2010.11.19;100141.06;100141.06;100141.06;100594.74
2010.11.22;100594.74;100594.74;100594.74;101233.76
2010.11.23;101233.76;101233.76;100469.58;100469.58
2010.11.24;100469.58;100469.58;100469.58;100799.86
2010.11.26;100799.86;100799.86;99824.22;99824.22
2010.11.29;99824.22;99824.22;99304.43;99304.43
2010.11.30;99304.43;99304.43;99304.43;100026.95
2010.12.01;100026.95;100026.95;100026.95;100925.00
2010.12.02;100925.00;100925.00;100897.49;100897.49
2010.12.03;100897.49;100897.49;100897.49;101329.17
2010.12.06;101329.17;101329.17;101329.17;102125.30
2010.12.07;102125.30;102125.30;101278.67;101278.67
2010.12.08;101278.67;101278.67;100961.30;100961.30
2010.12.09;100961.30;100961.30;100961.30;101183.34
2010.12.10;101183.34;101183.34;101183.34;101296.62
2010.12.13;101296.62;101296.62;101296.62;101687.99
2010.12.14;101687.99;101687.99;101687.99;101775.15
2010.12.15;101775.15;101775.15;101775.15;101857.89
2010.12.16;101857.89;101857.89;101857.89;101913.14
2010.12.17;101913.14;101913.14;101913.14;101970.14
2010.12.20;101970.14;101970.14;101970.14;102362.52
2010.12.21;102362.52;102362.52;102326.83;102326.83
2010.12.22;102326.83;102326.83;102326.13;102326.13
2010.12.23;102326.13;102326.13;102326.13;102417.32
2010.12.27;102417.32;102417.32;102372.43;102372.43
2010.12.28;102372.43;102372.43;102372.43;103509.64
2010.12.29;103509.64;103509.64;103509.64;103552.32
2010.12.30;103552.32;103552.32;103552.32;103633.35
2010.12.31;103633.35;103633.35;103446.31;103446.31
2011.01.03;103446.31;103446.31;103446.31;103676.94
2011.01.04;103676.94;103676.94;102768.48;102768.48
2011.01.05;102768.48;102768.48;102768.48;103444.99
2011.01.06;103444.99;103444.99;103006.59;103006.59
2011.01.07;103006.59;103006.59;102701.05;102701.05
2011.01.10;102701.05;102701.05;102701.05;102755.66
2011.01.11;102755.66;102755.66;102755.66;103541.21
2011.01.12;103541.21;103541.21;103541.21;103843.00
2011.01.13;103843.00;103843.00;102647.80;102647.80
2011.01.14;102647.80;102647.80;102647.80;102843.01
2011.01.18;102843.01;102843.01;102843.01;103225.50
2011.01.19;103225.50;103225.50;102403.93;102403.93
2011.01.20;102403.93;102403.93;101809.16;101809.16
2011.01.21;101809.16;101809.16;101484.35;101484.35
2011.01.24;101484.35;101484.35;101249.41;101249.41
2011.01.25;101249.41;101249.41;100921.33;100921.33
2011.01.26;100921.33;100921.33;100921.33;102190.06
2011.01.27;102190.06;102190.06;101493.88;101493.88
2011.01.28;101493.88;101493.88;101493.88;101844.26
2011.01.31;101844.26;101844.26;101844.26;102676.39
2011.02.01;102676.39;102676.39;102676.39;103597.52
2011.02.02;103597.52;103597.52;103597.52;103626.70
2011.02.03;103626.70;103626.70;103462.85;103462.85
2011.02.04;103462.85;103462.85;103462.85;103659.42
2011.02.07;103659.42;103659.42;103659.42;103942.35
2011.02.08;103942.35;103942.35;103915.44;103915.44
2011.02.09;103915.44;103915.44;103797.18;103797.18
2011.02.10;103797.18;103797.18;103797.18;104265.19
2011.02.11;104265.19;104265.19;104265.19;104286.37
2011.02.14;104286.37;104286.37;104286.37;104518.12
2011.02.15;104518.12;104518.12;104018.41;104018.41
2011.02.16;104018.41;104018.41;104018.41;104417.92
2011.02.17;104417.92;104417.92;104248.51;104248.51
2011.02.18;104248.51;104248.51;104218.80;104218.80
2011.02.22;104218.80;104218.80;103091.58;103091.58
2011.02.23;103091.58;103091.58;102892.27;102892.27
2011.02.24;102892.27;102892.27;102892.27;102953.12
2011.02.25;102953.12;102953.12;102953.12;102985.01
2011.02.28;102985.01;102985.01;102985.01;103147.29
2011.03.01;103147.29;103147.29;101821.26;101821.26
2011.03.02;101821.26;101821.26;101821.26;102207.32
2011.03.03;102207.32;102207.32;102207.32;102824.43
2011.03.04;102824.43;102824.43;102824.43;102937.38
2011.03.07;102937.38;102937.38;102937.38;103346.38
2011.03.08;103346.38;103346.38;103284.64;103284.64
2011.03.09;103284.64;103284.64;102764.82;102764.82
2011.03.10;102764.82;102764.82;100987.08;100987.08
2011.03.11;100987.08;100987.08;100987.08;101880.62
2011.03.14;101880.62;101880.62;101661.31;101661.31
2011.03.15;101661.31;101661.31;100285.21;100285.21
2011.03.16;100285.21;100285.21;99288.32;99288.32
2011.03.17;99288.32;99288.32;99288.32;100387.87
2011.03.18;100387.87;100387.87;100387.87;100854.03
2011.03.21;100854.03;100854.03;100854.03;102451.19
2011.03.22;102451.19;102451.19;102292.59;102292.59
2011.03.23;102292.59;102292.59;102292.59;102732.76
2011.03.24;102732.76;102732.76;102732.76;102962.11
2011.03.25;102962.11;102962.11;102962.11;103482.72
2011.03.28;103482.72;103482.72;103331.02;103331.02
2011.03.29;103331.02;103331.02;103331.02;103739.43
2011.03.30;103739.43;103739.43;103739.43;103862.19
2011.03.31;103862.19;103862.19;103828.46;103828.46
2011.04.01;103828.46;103828.46;103751.10;103751.10
2011.04.04;103751.10;103751.10;103751.10;104420.28
2011.04.05;104420.28;104420.28;104420.28;105203.26
2011.04.06;105203.26;105203.26;105203.26;105479.37
2011.04.07;105479.37;105479.37;105479.37;105825.49
2011.04.08;105825.49;105825.49;105825.49;106239.78
2011.04.11;106239.78;106239.78;105403.11;105403.11
2011.04.12;105403.11;105403.11;104608.44;104608.44
2011.04.13;104608.44;104608.44;104608.44;104848.19
2011.04.14;104848.19;104848.19;104848.19;105705.40
2011.04.15;105705.40;105705.40;105705.40;106222.52
2011.04.18;106222.52;106222.52;106194.04;106194.04
2011.04.19;106194.04;106194.04;106194.04;106546.13
2011.04.20;106546.13;106546.13;106546.13;107345.40
2011.04.21;107345.40;107345.40;107345.40;108086.78
2011.04.25;108086.78;108086.78;108075.37;108075.37
2011.04.26;108075.37;108075.37;107185.45;107185.45
2011.04.27;107185.45;107185.45;107185.45;108649.80
2011.04.28;108649.80;108649.80;108071.86;108071.86
2011.04.29;108071.86;108071.86;108071.86;108091.92
2011.05.02;108091.92;108091.92;105725.52;105725.52
2011.05.03;105725.52;105725.52;104724.93;104724.93
2011.05.04;104724.93;104724.93;103654.03;103654.03
2011.05.05;103654.03;103654.03;100873.54;100873.54
2011.05.06;100873.54;100873.54;100873.54;101042.10
2011.05.09;101042.10;101042.10;101042.10;102545.50
2011.05.10;102545.50;102545.50;102545.50;102646.26
2011.05.11;102646.26;102646.26;101470.48;101470.48
2011.05.12;101470.48;101470.48;100987.97;100987.97
2011.05.13;100987.97;100987.97;100987.97;101869.10
2011.05.16;101869.10;101869.10;101232.59;101232.59
2011.05.17;101232.59;101232.59;101079.93;101079.93
2011.05.18;101079.93;101079.93;101079.93;101517.50
2011.05.19;101517.50;101517.50;101517.50;101689.98
2011.05.20;101689.98;101689.98;101689.98;102120.59
2011.05.23;102120.59;102120.59;102120.59;102478.67
2011.05.24;102478.67;102478.67;102478.67;103156.45
2011.05.25;103156.45;103156.45;103156.45;103622.26
2011.05.26;103622.26;103622.26;103040.29;103040.29
2011.05.27;103040.29;103040.29;103040.29;103274.31
2011.05.31;103274.31;103274.31;103274.31;103321.84
2011.06.01;103321.84;103321.84;103218.74;103218.74
2011.06.02;103218.74;103218.74;102744.50;102744.50
2011.06.03;102744.50;102744.50;102714.92;102714.92
2011.06.06;102714.92;102714.92;102714.92;103487.12
2011.06.07;103487.12;103487.12;103450.46;103450.46
2011.06.08;103450.46;103450.46;103332.93;103332.93
2011.06.09;103332.93;103332.93;103122.71;103122.71
2011.06.10;103122.71;103122.71;103122.71;103395.39
2011.06.13;103395.39;103395.39;103395.39;103565.99
2011.06.14;103565.99;103565.99;103080.34;103080.34
2011.06.15;103080.34;103080.34;103080.34;104201.14
2011.06.16;104201.14;104201.14;104201.14;104360.35
2011.06.17;104360.35;104360.35;104360.35;104701.52
2011.06.20;104701.52;104701.52;104701.52;104914.82
2011.06.21;104914.82;104914.82;104411.51;104411.51
2011.06.22;104411.51;104411.51;104304.69;104304.69
2011.06.23;104304.69;104304.69;104304.69;104590.11
2011.06.24;104590.11;104590.11;104431.20;104431.20
2011.06.27;104431.20;104431.20;104251.43;104251.43
2011.06.28;104251.43;104251.43;103713.66;103713.66
2011.06.29;103713.66;103713.66;103058.53;103058.53
2011.06.30;103058.53;103058.53;102756.88;102756.88
2011.07.01;102756.88;102756.88;102427.00;102427.00
2011.07.05;102427.00;102427.00;101530.72;101530.72
2011.07.06;101530.72;101530.72;101484.65;101484.65
2011.07.07;101484.65;101484.65;101143.31;101143.31
2011.07.08;101143.31;101143.31;101143.31;101225.64
2011.07.11;101225.64;101225.64;101225.64;101431.70
2011.07.12;101431.70;101431.70;101121.69;101121.69
2011.07.13;101121.69;101121.69;100405.57;100405.57
2011.07.14;100405.57;100405.57;100405.57;100478.78
2011.07.15;100478.78;100478.78;100038.15;100038.15
2011.07.18;100038.15;100038.15;99563.94;99563.94
2011.07.19;99563.94;99563.94;99563.94;100087.03
2011.07.20;100087.03;100087.03;99663.12;99663.12
2011.07.21;99663.12;99663.12;99663.12;100071.87
2011.07.22;100071.87;100071.87;99666.36;99666.36
2011.07.25;99666.36;99666.36;99666.36;99669.38
2011.07.26;99669.38;99669.38;99327.73;99327.73
2011.07.27;99327.73;99327.73;99327.73;99586.37
2011.07.28;99586.37;99586.37;99586.37;99617.07
2011.07.29;99617.07;99617.07;99617.07;99711.22
2011.08.01;99711.22;99711.22;99711.22;99761.78
2011.08.02;99761.78;99761.78;99761.78;102144.54
2011.08.03;102144.54;102144.54;102144.54;102340.68
2011.08.04;102340.68;102340.68;102340.68;103819.83
2011.08.05;103819.83;103819.83;103569.03;103569.03
2011.08.08;103569.03;103569.03;103569.03;107520.75
2011.08.09;107520.75;107520.75;105910.77;105910.77
2011.08.10;105910.77;105910.77;105910.77;108765.20
2011.08.11;108765.20;108765.20;106032.69;106032.69
2011.08.12;106032.69;106032.69;105841.75;105841.75
2011.08.15;105841.75;105841.75;105169.26;105169.26
2011.08.16;105169.26;105169.26;105169.26;106160.71
2011.08.17;106160.71;106160.71;106160.71;106440.32
2011.08.18;106440.32;106440.32;106440.32;109128.86
2011.08.19;109128.86;109128.86;109128.86;110276.73
2011.08.22;110276.73;110276.73;110276.73;110788.75
2011.08.23;110788.75;110788.75;108331.69;108331.69
2011.08.24;108331.69;108331.69;106382.65;106382.65
2011.08.25;106382.65;106382.65;106382.65;107360.61
2011.08.26;107360.61;107360.61;107360.61;107640.43
2011.08.29;107640.43;107640.43;105774.43;105774.43
2011.08.30;105774.43;105774.43;105774.43;106356.48
2011.08.31;106356.48;106356.48;105924.64;105924.64
2011.09.01;105924.64;105924.64;105924.64;106688.76
2011.09.02;106688.76;106688.76;106688.76;107950.46
2011.09.06;107950.46;107950.46;107950.46;108396.65
2011.09.07;108396.65;108396.65;107233.27;107233.27
2011.09.08;107233.27;107233.27;107233.27;108012.45
2011.09.09;108012.45;108012.45;108012.45;108652.81
2011.09.12;108652.81;108652.81;108233.84;108233.84
2011.09.13;108233.84;108233.84;108114.39;108114.39
2011.09.14;108114.39;108114.39;107698.92;107698.92
2011.09.15;107698.92;107698.92;106897.90;106897.90
2011.09.16;106897.90;106897.90;106897.90;107108.81
2011.09.19;107108.81;107108.81;107108.81;107543.92
2011.09.20;107543.92;107543.92;107543.92;107687.89
2011.09.21;107687.89;107687.89;107687.89;108470.68
2011.09.22;108470.68;108470.68;108470.68;108829.83
2011.09.23;108829.83;108829.83;107605.37;107605.37
2011.09.26;107605.37;107605.37;106806.05;106806.05
2011.09.27;106806.05;106806.05;106568.13;106568.13
2011.09.28;106568.13;106568.13;106568.13;106588.38
2011.09.29;106588.38;106588.38;106380.97;106380.97
2011.09.30;106380.97;106380.97;106380.97;107220.44
2011.10.03;107220.44;107220.44;107220.44;108267.73
2011.10.04;108267.73;108267.73;107845.75;107845.75
2011.10.05;107845.75;107845.75;107100.70;107100.70
2011.10.06;107100.70;107100.70;106032.88;106032.88
2011.10.07;106032.88;106032.88;106032.88;106467.50
2011.10.10;106467.50;106467.50;105264.55;105264.55
2011.10.11;105264.55;105264.55;105136.28;105136.28
2011.10.12;105136.28;105136.28;104376.67;104376.67
2011.10.13;104376.67;104376.67;104376.67;104879.23
2011.10.14;104879.23;104879.23;104298.44;104298.44
2011.10.17;104298.44;104298.44;104298.44;105222.50
2011.10.18;105222.50;105222.50;104621.85;104621.85
2011.10.19;104621.85;104621.85;104621.85;105333.16
2011.10.20;105333.16;105333.16;105333.16;105639.73
2011.10.21;105639.73;105639.73;104881.89;104881.89
2011.10.24;104881.89;104881.89;104146.92;104146.92
2011.10.25;104146.92;104146.92;104146.92;104274.86
2011.10.26;104274.86;104274.86;103731.49;103731.49
2011.10.27;103731.49;103731.49;101811.81;101811.81
2011.10.28;101811.81;101811.81;101811.81;101972.21
2011.10.31;101972.21;101972.21;101972.21;103569.41
2011.11.01;103569.41;103569.41;103569.41;104704.28
2011.11.02;104704.28;104704.28;104702.28;104702.28
2011.11.03;104702.28;104702.28;104702.28;104783.30
2011.11.04;104783.30;104783.30;104783.30;104916.25
2011.11.07;104916.25;104916.25;104785.41;104785.41
2011.11.08;104785.41;104785.41;104785.41;104970.00
2011.11.09;104970.00;104970.00;104910.37;104910.37
2011.11.10;104910.37;104910.37;104910.37;104993.26
2011.11.11;104993.26;104993.26;104993.26;104993.75
2011.11.14;104993.75;104993.75;104993.75;105037.53
2011.11.15;105037.53;105037.53;105037.53;105109.42
2011.11.16;105109.42;105109.42;105109.42;105251.10
2011.11.17;105251.10;105251.10;105251.10;105382.45
2011.11.18;105382.45;105382.45;105159.74;105159.74
2011.11.21;105159.74;105159.74;105159.74;105251.76
2011.11.22;105251.76;105251.76;104952.29;104952.29
2011.11.23;104952.29;104952.29;104952.29;104970.23
2011.11.25;104970.23;104970.23;104970.23;105081.30
2011.11.28;105081.30;105081.30;105022.60;105022.60
2011.11.29;105022.60;105022.60;105022.60;105088.94
2011.11.30;105088.94;105088.94;105088.94;105141.49
2011.12.01;105141.49;105141.49;105141.49;105258.89
2011.12.02;105258.89;105258.89;105258.89;105274.23
2011.12.05;105274.23;105274.23;105274.23;105669.44
2011.12.06;105669.44;105669.44;105567.39;105567.39
2011.12.07;105567.39;105567.39;105411.71;105411.71
2011.12.08;105411.71;105411.71;105015.76;105015.76
2011.12.09;105015.76;105015.76;105015.76;105497.84
2011.12.12;105497.84;105497.84;105347.98;105347.98
2011.12.13;105347.98;105347.98;105347.98;105564.64
2011.12.14;105564.64;105564.64;105171.69;105171.69
2011.12.15;105171.69;105171.69;105046.49;105046.49
2011.12.16;105046.49;105046.49;104841.51;104841.51
2011.12.19;104841.51;104841.51;104813.62;104813.62
2011.12.20;104813.62;104813.62;104813.62;105662.04
2011.12.21;105662.04;105662.04;105662.04;106047.51
2011.12.22;106047.51;106047.51;106047.51;106288.98
2011.12.23;106288.98;106288.98;106288.98;106579.76
2011.12.27;106579.76;106579.76;106579.76;106939.27
2011.12.28;106939.27;106939.27;106850.42;106850.42
2011.12.29;106850.42;106850.42;106764.77;106764.77
2011.12.30;106764.77;106764.77;106533.56;106533.56
2012.01.03;106533.56;106533.56;106533.56;106838.33
2012.01.04;106838.33;106838.33;106838.33;107000.94
2012.01.05;107000.94;107000.94;106824.66;106824.66
2012.01.06;106824.66;106824.66;106824.66;107306.53
2012.01.09;107306.53;107306.53;107270.59;107270.59
2012.01.10;107270.59;107270.59;106614.73;106614.73
2012.01.11;106614.73;106614.73;106281.41;106281.41
2012.01.12;106281.41;106281.41;105857.64;105857.64
2012.01.13;105857.64;105857.64;105857.64;106309.84
2012.01.17;106309.84;106309.84;106030.13;106030.13
2012.01.18;106030.13;106030.13;105643.05;105643.05
2012.01.19;105643.05;105643.05;105513.03;105513.03
2012.01.20;105513.03;105513.03;104345.41;104345.41
2012.01.23;104345.41;104345.41;104172.35;104172.35
2012.01.24;104172.35;104172.35;104172.35;104391.16
2012.01.25;104391.16;104391.16;103471.55;103471.55
2012.01.26;103471.55;103471.55;103201.38;103201.38
2012.01.27;103201.38;103201.38;102505.57;102505.57
2012.01.30;102505.57;102505.57;102505.57;102816.36
2012.01.31;102816.36;102816.36;102748.53;102748.53
2012.02.01;102748.53;102748.53;102387.33;102387.33
2012.02.02;102387.33;102387.33;102214.55;102214.55
2012.02.03;102214.55;102214.55;102214.55;102849.24
2012.02.06;102849.24;102849.24;102653.52;102653.52
2012.02.07;102653.52;102653.52;102226.84;102226.84
2012.02.08;102226.84;102226.84;102226.84;102412.73
2012.02.09;102412.73;102412.73;102329.09;102329.09
2012.02.10;102329.09;102329.09;102108.46;102108.46
2012.02.13;102108.46;102108.46;102108.46;102167.46
2012.02.14;102167.46;102167.46;101862.74;101862.74
2012.02.15;101862.74;101862.74;101551.20;101551.20
2012.02.16;101551.20;101551.20;101551.20;101826.66
2012.02.17;101826.66;101826.66;101785.81;101785.81
2012.02.21;101785.81;101785.81;101322.81;101322.81
2012.02.22;101322.81;101322.81;101056.67;101056.67
2012.02.23;101056.67;101056.67;100851.03;100851.03
2012.02.24;100851.03;100851.03;100631.29;100631.29
2012.02.27;100631.29;100631.29;100631.29;100979.49
2012.02.28;100979.49;100979.49;100979.49;101041.85
2012.02.29;101041.85;101041.85;101041.85;101376.81
2012.03.01;101376.81;101376.81;101217.45;101217.45
2012.03.02;101217.45;101217.45;100675.29;100675.29
2012.03.05;100675.29;100675.29;100552.99;100552.99
2012.03.06;100552.99;100552.99;99463.36;99463.36
2012.03.07;99463.36;99463.36;99463.36;99976.02
2012.03.08;99976.02;99976.02;99976.02;100733.95
2012.03.09;100733.95;100733.95;100733.95;100739.33
2012.03.12;100739.33;100739.33;100688.79;100688.79
2012.03.13;100688.79;100688.79;100688.79;101889.59
2012.03.14;101889.59;101889.59;101889.59;102534.58
2012.03.15;102534.58;102534.58;102534.58;102758.03
2012.03.16;102758.03;102758.03;102758.03;102911.56
2012.03.19;102911.56;102911.56;102911.56;103416.32
2012.03.20;103416.32;103416.32;103090.26;103090.26
2012.03.21;103090.26;103090.26;102866.70;102866.70
2012.03.22;102866.70;102866.70;102398.78;102398.78
2012.03.23;102398.78;102398.78;102398.78;102403.05
2012.03.26;102403.05;102403.05;102403.05;102969.79
2012.03.27;102969.79;102969.79;102655.05;102655.05
2012.03.28;102655.05;102655.05;102543.42;102543.42
2012.03.29;102543.42;102543.42;102017.87;102017.87
2012.03.30;102017.87;102017.87;102017.87;102365.33
2012.04.02;102365.33;102365.33;102365.33;102749.66
2012.04.03;102749.66;102749.66;102749.66;103389.13
2012.04.04;103389.13;103389.13;103098.29;103098.29
2012.04.05;103098.29;103098.29;102713.06;102713.06
2012.04.09;102713.06;102713.06;101621.85;101621.85
2012.04.10;101621.85;101621.85;100307.52;100307.52
2012.04.11;100307.52;100307.52;100307.52;101090.67
2012.04.12;101090.67;101090.67;101090.67;101431.92
2012.04.13;101431.92;101431.92;100504.80;100504.80
2012.04.16;100504.80;100504.80;100319.11;100319.11
2012.04.17;100319.11;100319.11;100319.11;101184.91
2012.04.18;101184.91;101184.91;101020.89;101020.89
2012.04.19;101020.89;101020.89;100452.06;100452.06
2012.04.20;100452.06;100452.06;100193.50;100193.50
2012.04.23;100193.50;100193.50;100010.17;100010.17
2012.04.24;100010.17;100010.17;100010.17;100248.57
2012.04.25;100248.57;100248.57;100248.57;101520.44
2012.04.26;101520.44;101520.44;101520.44;101533.10
2012.04.27;101533.10;101533.10;101533.10;101552.27
2012.04.30;101552.27;101552.27;101264.67;101264.67
2012.05.01;101264.67;101264.67;101264.67;101630.73
2012.05.02;101630.73;101630.73;101630.73;102115.10
2012.05.03;102115.10;102115.10;102115.10;102494.31
2012.05.04;102494.31;102494.31;102144.09;102144.09
2012.05.07;102144.09;102144.09;102144.09;102300.22
2012.05.08;102300.22;102300.22;102300.22;102895.13
2012.05.09;102895.13;102895.13;102895.13;103212.26
2012.05.10;103212.26;103212.26;103212.26;103298.07
2012.05.11;103298.07;103298.07;103298.07;103634.28
2012.05.14;103634.28;103634.28;103634.28;104281.82
2012.05.15;104281.82;104281.82;104281.82;104948.77
2012.05.16;104948.77;104948.77;104948.77;105384.27
2012.05.17;105384.27;105384.27;104114.42;104114.42
2012.05.18;104114.42;104114.42;103446.60;103446.60
2012.05.21;103446.60;103446.60;103446.60;103623.41
2012.05.22;103623.41;103623.41;103623.41;104190.04
2012.05.23;104190.04;104190.04;104190.04;104601.04
2012.05.24;104601.04;104601.04;104491.47;104491.47
2012.05.25;104491.47;104491.47;104368.13;104368.13
2012.05.29;104368.13;104368.13;104368.13;104790.67
2012.05.30;104790.67;104790.67;104790.67;104864.11
2012.05.31;104864.11;104864.11;104864.11;105034.84
2012.06.01;105034.84;105034.84;103926.97;103926.97
2012.06.04;103926.97;103926.97;103561.17;103561.17
2012.06.05;103561.17;103561.17;103241.39;103241.39
2012.06.06;103241.39;103241.39;101849.27;101849.27
2012.06.07;101849.27;101849.27;101849.27;102441.66
2012.06.08;102441.66;102441.66;102441.66;102522.11
2012.06.11;102522.11;102522.11;102522.11;103439.64
2012.06.12;103439.64;103439.64;102329.65;102329.65
2012.06.13;102329.65;102329.65;102329.65;102933.62
2012.06.14;102933.62;102933.62;102594.06;102594.06
2012.06.15;102594.06;102594.06;102435.58;102435.58
2012.06.18;102435.58;102435.58;102435.58;102823.62
2012.06.19;102823.62;102823.62;101902.17;101902.17
2012.06.20;101902.17;101902.17;101902.17;102503.06
2012.06.21;102503.06;102503.06;102503.06;104091.42
2012.06.22;104091.42;104091.42;103387.21;103387.21
2012.06.25;103387.21;103387.21;103387.21;104182.36
2012.06.26;104182.36;104182.36;104124.91;104124.91
2012.06.27;104124.91;104124.91;103982.09;103982.09
2012.06.28;103982.09;103982.09;103982.09;104817.81
2012.06.29;104817.81;104817.81;102045.18;102045.18
2012.07.02;102045.18;102045.18;102045.18;102387.34
2012.07.03;102387.34;102387.34;101380.04;101380.04
2012.07.05;101380.04;101380.04;101380.04;101793.11
2012.07.06;101793.11;101793.11;101793.11;102598.91
2012.07.09;102598.91;102598.91;102270.20;102270.20
2012.07.10;102270.20;102270.20;102270.20;102751.64
2012.07.11;102751.64;102751.64;102421.84;102421.84
2012.07.12;102421.84;102421.84;102376.26;102376.26
2012.07.13;102376.26;102376.26;102285.43;102285.43
2012.07.16;102285.43;102285.43;102114.88;102114.88
2012.07.17;102114.88;102114.88;101963.11;101963.11
2012.07.18;101963.11;101963.11;101958.09;101958.09
2012.07.19;101958.09;101958.09;101666.24;101666.24
2012.07.20;101666.24;101666.24;101666.24;101731.26
2012.07.23;101731.26;101731.26;101731.26;102220.66
2012.07.24;102220.66;102220.66;102048.49;102048.49
2012.07.25;102048.49;102048.49;101779.28;101779.28
2012.07.26;101779.28;101779.28;101779.28;101803.94
2012.07.27;101803.94;101803.94;101614.86;101614.86
2012.07.30;101614.86;101614.86;101572.82;101572.82
2012.07.31;101572.82;101572.82;101572.82;101829.55
2012.08.01;101829.55;101829.55;101829.55;101927.26
2012.08.02;101927.26;101927.26;101701.41;101701.41
2012.08.03;101701.41;101701.41;101687.98;101687.98
2012.08.06;101687.98;101687.98;101498.31;101498.31
2012.08.07;101498.31;101498.31;101273.94;101273.94
2012.08.08;101273.94;101273.94;101273.94;101357.77
2012.08.09;101357.77;101357.77;101277.13;101277.13
2012.08.10;101277.13;101277.13;101277.13;101396.50
2012.08.13;101396.50;101396.50;101396.50;101504.78
2012.08.14;101504.78;101504.78;101484.97;101484.97
2012.08.15;101484.97;101484.97;101293.30;101293.30
2012.08.16;101293.30;101293.30;100962.57;100962.57
2012.08.17;100962.57;100962.57;100955.14;100955.14
2012.08.20;100955.14;100955.14;100707.42;100707.42
2012.08.21;100707.42;100707.42;100515.82;100515.82
2012.08.22;100515.82;100515.82;100479.32;100479.32
2012.08.23;100479.32;100479.32;100047.76;100047.76
2012.08.24;100047.76;100047.76;100047.54;100047.54
2012.08.27;100047.54;100047.54;100047.54;100222.16
2012.08.28;100222.16;100222.16;100222.16;100235.35
2012.08.29;100235.35;100235.35;100029.62;100029.62
2012.08.30;100029.62;100029.62;100029.62;100235.56
2012.08.31;100235.56;100235.56;99909.39;99909.39
2012.09.04;99909.39;99909.39;99631.45;99631.45
2012.09.05;99631.45;99631.45;99631.45;99902.26
2012.09.06;99902.26;99902.26;99902.26;99956.16
2012.09.07;99956.16;99956.16;99956.16;100877.14
2012.09.10;100877.14;100877.14;100633.10;100633.10
2012.09.11;100633.10;100633.10;100633.10;101011.22
2012.09.12;101011.22;101011.22;101011.22;101101.76
2012.09.13;101101.76;101101.76;101101.76;101589.87
2012.09.14;101589.87;101589.87;101589.87;102099.89
2012.09.17;102099.89;102099.89;101473.05;101473.05
2012.09.18;101473.05;101473.05;101473.05;101625.31
2012.09.19;101625.31;101625.31;100860.50;100860.50
2012.09.20;100860.50;100860.50;100860.50;101018.99
2012.09.21;101018.99;101018.99;100977.56;100977.56
2012.09.24;100977.56;100977.56;100218.28;100218.28
2012.09.25;100218.28;100218.28;99882.62;99882.62
2012.09.26;99882.62;99882.62;99577.62;99577.62
2012.09.27;99577.62;99577.62;99577.62;100413.97
2012.09.28;100413.97;100413.97;100285.11;100285.11
2012.10.01;100285.11;100285.11;100285.11;100484.25
2012.10.02;100484.25;100484.25;100484.25;100587.78
2012.10.03;100587.78;100587.78;100587.78;100784.52
2012.10.04;100784.52;100784.52;100784.52;101227.59
2012.10.05;101227.59;101227.59;101227.59;101413.59
2012.10.08;101413.59;101413.59;100627.04;100627.04
2012.10.09;100627.04;100627.04;100043.62;100043.62
2012.10.10;100043.62;100043.62;100041.32;100041.32
2012.10.11;100041.32;100041.32;99999.06;99999.06
2012.10.12;99999.06;99999.06;99695.07;99695.07
2012.10.15;99695.07;99695.07;99212.97;99212.97
2012.10.16;99212.97;99212.97;99212.97;100019.34
2012.10.17;100019.34;100019.34;100019.34;100380.40
2012.10.18;100380.40;100380.40;100046.59;100046.59
2012.10.19;100046.59;100046.59;99226.71;99226.71
2012.10.22;99226.71;99226.71;99226.71;99702.86
2012.10.23;99702.86;99702.86;98647.14;98647.14
2012.10.24;98647.14;98647.14;98647.14;98876.86
2012.10.25;98876.86;98876.86;98876.86;99344.60
2012.10.26;99344.60;99344.60;99084.81;99084.81
2012.10.31;99084.81;99084.81;99084.81;99177.38
2012.11.01;99177.38;99177.38;99177.38;99551.18
2012.11.02;99551.18;99551.18;99551.18;100030.24
2012.11.05;100030.24;100030.24;99415.13;99415.13
2012.11.06;99415.13;99415.13;99178.69;99178.69
2012.11.07;99178.69;99178.69;99178.69;99301.29
2012.11.08;99301.29;99301.29;98941.88;98941.88
2012.11.09;98941.88;98941.88;98221.39;98221.39
2012.11.12;98221.39;98221.39;98221.39;98465.07
2012.11.13;98465.07;98465.07;98310.66;98310.66
2012.11.14;98310.66;98310.66;97488.40;97488.40
2012.11.15;97488.40;97488.40;97488.40;97951.77
2012.11.16;97951.77;97951.77;97595.02;97595.02
2012.11.19;97595.02;97595.02;97429.46;97429.46
2012.11.20;97429.46;97429.46;97429.46;98549.62
2012.11.21;98549.62;98549.62;98366.14;98366.14
2012.11.23;98366.14;98366.14;98366.14;98847.04
2012.11.26;98847.04;98847.04;98744.81;98744.81
2012.11.27;98744.81;98744.81;98683.56;98683.56
2012.11.28;98683.56;98683.56;98683.56;98986.55
2012.11.29;98986.55;98986.55;98866.43;98866.43
2012.11.30;98866.43;98866.43;98755.70;98755.70
2012.12.03;98755.70;98755.70;98740.16;98740.16
2012.12.04;98740.16;98740.16;98740.16;99115.43
2012.12.05;99115.43;99115.43;99115.43;99305.73
2012.12.06;99305.73;99305.73;99304.84;99304.84
2012.12.07;99304.84;99304.84;99304.84;99313.68
2012.12.10;99313.68;99313.68;99282.78;99282.78
2012.12.11;99282.78;99282.78;98943.85;98943.85
2012.12.12;98943.85;98943.85;98943.85;99212.02
2012.12.13;99212.02;99212.02;99212.02;99383.76
2012.12.14;99383.76;99383.76;99383.76;100196.71
2012.12.17;100196.71;100196.71;99550.34;99550.34
2012.12.18;99550.34;99550.34;99300.55;99300.55
2012.12.19;99300.55;99300.55;99300.55;99931.66
2012.12.20;99931.66;99931.66;99931.66;100112.30
2012.12.21;100112.30;100112.30;100112.30;100321.85
2012.12.24;100321.85;100321.85;100321.85;100385.57
2012.12.26;100385.57;100385.57;100385.57;100773.28
2012.12.27;100773.28;100773.28;100773.28;101151.54
2012.12.28;101151.54;101151.54;101151.54;101283.70
2012.12.31;101283.70;101283.70;100994.83;100994.83
2013.01.02;100994.83;100994.83;100107.92;100107.92
2013.01.03;100107.92;100107.92;100107.92;100426.05
2013.01.04;100426.05;100426.05;100426.05;100518.45
2013.01.07;100518.45;100518.45;100319.33;100319.33
2013.01.08;100319.33;100319.33;99383.95;99383.95
2013.01.09;99383.95;99383.95;99383.95;99879.57
2013.01.10;99879.57;99879.57;99879.57;100062.28
2013.01.11;100062.28;100062.28;100062.28;100323.82
2013.01.14;100323.82;100323.82;100221.07;100221.07
2013.01.15;100221.07;100221.07;99467.93;99467.93
2013.01.16;99467.93;99467.93;98929.13;98929.13
2013.01.17;98929.13;98929.13;98929.13;99235.25
2013.01.18;99235.25;99235.25;99074.20;99074.20
2013.01.22;99074.20;99074.20;98410.02;98410.02
2013.01.23;98410.02;98410.02;98022.90;98022.90
2013.01.24;98022.90;98022.90;98022.90;99180.13
2013.01.25;99180.13;99180.13;99180.13;100323.06
2013.01.28;100323.06;100323.06;100019.92;100019.92
2013.01.29;100019.92;100019.92;100019.92;100224.32
2013.01.30;100224.32;100224.32;99764.80;99764.80
2013.01.31;99764.80;99764.80;99764.80;100158.72
2013.02.01;100158.72;100158.72;100158.72;100294.63
2013.02.04;100294.63;100294.63;99120.87;99120.87
2013.02.05;99120.87;99120.87;99120.87;99869.80
2013.02.06;99869.80;99869.80;99602.57;99602.57
2013.02.07;99602.57;99602.57;99535.19;99535.19
2013.02.08;99535.19;99535.19;99535.19;99694.48
2013.02.11;99694.48;99694.48;99694.48;100035.77
2013.02.12;100035.77;100035.77;100035.77;100336.78
2013.02.13;100336.78;100336.78;100336.78;100767.36
2013.02.14;100767.36;100767.36;100767.36;100779.69
2013.02.15;100779.69;100779.69;100779.69;100825.63
2013.02.19;100825.63;100825.63;100825.63;101715.36
2013.02.20;101715.36;101715.36;101145.43;101145.43
2013.02.21;101145.43;101145.43;100280.52;100280.52
2013.02.22;100280.52;100280.52;100280.52;100685.04
2013.02.25;100685.04;100685.04;98871.14;98871.14
2013.02.26;98871.14;98871.14;98871.14;99071.72
2013.02.27;99071.72;99071.72;99071.72;99978.31
2013.02.28;99978.31;99978.31;99978.31;100019.61
2013.03.01;100019.61;100019.61;99832.78;99832.78
2013.03.04;99832.78;99832.78;99832.78;100377.02
2013.03.05;100377.02;100377.02;100377.02;100547.31
2013.03.06;100547.31;100547.31;100356.76;100356.76
2013.03.07;100356.76;100356.76;100356.76;100486.63
2013.03.08;100486.63;100486.63;100486.63;100693.83
2013.03.11;100693.83;100693.83;100693.83;100887.08
2013.03.12;100887.08;100887.08;100330.93;100330.93
2013.03.13;100330.93;100330.93;100330.93;100920.34
2013.03.14;100920.34;100920.34;100920.34;101310.12
2013.03.15;101310.12;101310.12;101291.59;101291.59
2013.03.18;101291.59;101291.59;100615.47;100615.47
2013.03.19;100615.47;100615.47;100615.47;100798.02
2013.03.20;100798.02;100798.02;100798.02;101427.20
2013.03.21;101427.20;101427.20;100730.69;100730.69
2013.03.22;100730.69;100730.69;100730.69;101455.36
2013.03.25;101455.36;101455.36;101142.78;101142.78
2013.03.26;101142.78;101142.78;101142.78;101631.72
2013.03.27;101631.72;101631.72;101595.78;101595.78
2013.03.28;101595.78;101595.78;101595.78;102209.94
2013.04.01;102209.94;102209.94;101830.74;101830.74
2013.04.02;101830.74;101830.74;101830.74;103456.49
2013.04.03;103456.49;103456.49;103194.84;103194.84
2013.04.04;103194.84;103194.84;103194.84;104108.18
2013.04.05;104108.18;104108.18;103207.35;103207.35
2013.04.08;103207.35;103207.35;103207.35;104063.65
2013.04.09;104063.65;104063.65;102935.15;102935.15
2013.04.10;102935.15;102935.15;102935.15;104481.99
2013.04.11;104481.99;104481.99;104481.99;104740.94
2013.04.12;104740.94;104740.94;104740.94;107003.37
2013.04.15;107003.37;107003.37;107003.37;110531.96
2013.04.16;110531.96;110531.96;110521.20;110521.20
2013.04.17;110521.20;110521.20;110521.20;110633.76
2013.04.18;110633.76;110633.76;110409.46;110409.46
2013.04.19;110409.46;110409.46;110409.46;111077.00
2013.04.22;111077.00;111077.00;110775.06;110775.06
2013.04.23;110775.06;110775.06;110775.06;111611.02
2013.04.24;111611.02;111611.02;110558.82;110558.82
2013.04.25;110558.82;110558.82;109453.74;109453.74
2013.04.26;109453.74;109453.74;109453.74;109847.04
2013.04.29;109847.04;109847.04;109496.41;109496.41
2013.04.30;109496.41;109496.41;108849.12;108849.12
2013.05.01;108849.12;108849.12;108778.62;108778.62
2013.05.02;108778.62;108778.62;108417.33;108417.33
2013.05.03;108417.33;108417.33;108355.13;108355.13
2013.05.06;108355.13;108355.13;108023.28;108023.28
2013.05.07;108023.28;108023.28;108023.28;108481.58
2013.05.08;108481.58;108481.58;108219.35;108219.35
2013.05.09;108219.35;108219.35;108219.35;108225.88
2013.05.10;108225.88;108225.88;108225.88;108475.54
2013.05.13;108475.54;108475.54;108475.54;109000.21
2013.05.14;109000.21;109000.21;109000.21;109580.66
2013.05.15;109580.66;109580.66;109580.66;110894.83
2013.05.16;110894.83;110894.83;110312.64;110312.64
2013.05.17;110312.64;110312.64;110312.64;111381.44
2013.05.20;111381.44;111381.44;110179.40;110179.40
2013.05.21;110179.40;110179.40;110179.40;111190.17
2013.05.22;111190.17;111190.17;111117.02;111117.02
2013.05.23;111117.02;111117.02;109663.87;109663.87
2013.05.24;109663.87;109663.87;109589.11;109589.11
2013.05.28;109589.11;109589.11;109366.55;109366.55
2013.05.29;109366.55;109366.55;108595.24;108595.24
2013.05.30;108595.24;108595.24;108176.14;108176.14
2013.05.31;108176.14;108176.14;108176.14;108404.24
2013.06.03;108404.24;108404.24;107474.12;107474.12
2013.06.04;107474.12;107474.12;107222.58;107222.58
2013.06.05;107222.58;107222.58;106717.64;106717.64
2013.06.06;106717.64;106717.64;106717.64;106974.91
2013.06.07;106974.91;106974.91;106974.91;108795.32
2013.06.10;108795.32;108795.32;108454.35;108454.35
2013.06.11;108454.35;108454.35;108306.52;108306.52
2013.06.12;108306.52;108306.52;107683.58;107683.58
2013.06.13;107683.58;107683.58;107683.58;108174.01
2013.06.14;108174.01;108174.01;107724.79;107724.79
2013.06.17;107724.79;107724.79;107724.79;108169.22
2013.06.18;108169.22;108169.22;108169.22;108805.60
2013.06.19;108805.60;108805.60;108805.60;108874.38
2013.06.20;108874.38;108874.38;108874.38;110454.90
2013.06.21;110454.90;110454.90;109633.97;109633.97
2013.06.24;109633.97;109633.97;109633.97;109646.34
2013.06.25;109646.34;109646.34;109646.34;110176.05
2013.06.26;110176.05;110176.05;110176.05;111977.33
2013.06.27;111977.33;111977.33;111977.33;112416.30
2013.06.28;112416.30;112416.30;110778.95;110778.95
2013.07.01;110778.95;110778.95;110778.95;110972.90
2013.07.02;110972.90;110972.90;110972.90;111548.48
2013.07.03;111548.48;111548.48;111393.39;111393.39
2013.07.05;111393.39;111393.39;111393.39;113053.89
2013.07.08;113053.89;113053.89;112793.22;112793.22
2013.07.09;112793.22;112793.22;112772.77;112772.77
2013.07.10;112772.77;112772.77;112772.77;112943.70
2013.07.11;112943.70;112943.70;111945.78;111945.78
2013.07.12;111945.78;111945.78;111945.78;112418.38
2013.07.15;112418.38;112418.38;112418.38;112505.45
2013.07.16;112505.45;112505.45;112098.83;112098.83
2013.07.17;112098.83;112098.83;112098.83;112899.38
2013.07.18;112899.38;112899.38;112899.38;113291.25
2013.07.19;113291.25;113291.25;112982.89;112982.89
2013.07.22;112982.89;112982.89;111832.76;111832.76
2013.07.23;111832.76;111832.76;111638.77;111638.77
2013.07.24;111638.77;111638.77;111638.77;111857.47
2013.07.25;111857.47;111857.47;111605.13;111605.13
2013.07.26;111605.13;111605.13;111434.76;111434.76
2013.07.29;111434.76;111434.76;111375.25;111375.25
2013.07.30;111375.25;111375.25;111375.25;111552.29
2013.07.31;111552.29;111552.29;111552.29;111634.56
2013.08.01;111634.56;111634.56;111634.56;112643.48
2013.08.02;112643.48;112643.48;112006.24;112006.24
2013.08.05;112006.24;112006.24;112006.24;112189.79
2013.08.06;112189.79;112189.79;111831.94;111831.94
2013.08.07;111831.94;111831.94;111632.73;111632.73
2013.08.08;111632.73;111632.73;111105.47;111105.47
2013.08.09;111105.47;111105.47;111105.47;111126.50
2013.08.12;111126.50;111126.50;110631.45;110631.45
2013.08.13;110631.45;110631.45;110631.45;111038.23
2013.08.14;111038.23;111038.23;110621.40;110621.40
2013.08.15;110621.40;110621.40;109852.54;109852.54
2013.08.16;109852.54;109852.54;109764.34;109764.34
2013.08.19;109764.34;109764.34;109764.34;109813.45
2013.08.20;109813.45;109813.45;109813.45;109820.82
2013.08.21;109820.82;109820.82;109820.82;109957.18
2013.08.22;109957.18;109957.18;109957.18;110131.03
2013.08.23;110131.03;110131.03;109236.16;109236.16
2013.08.26;109236.16;109236.16;109009.16;109009.16
2013.08.27;109009.16;109009.16;108285.66;108285.66
2013.08.28;108285.66;108285.66;108285.66;108619.92
2013.08.29;108619.92;108619.92;108619.92;108670.51
2013.08.30;108670.51;108670.51;108670.51;108835.28
2013.09.03;108835.28;108835.28;108679.21;108679.21
2013.09.04;108679.21;108679.21;107935.79;107935.79
2013.09.05;107935.79;107935.79;107850.62;107850.62
2013.09.06;107850.62;107850.62;107850.62;108208.17
2013.09.09;108208.17;108208.17;107538.48;107538.48
2013.09.10;107538.48;107538.48;106826.83;106826.83
2013.09.11;106826.83;106826.83;106826.83;106934.65
2013.09.12;106934.65;106934.65;106542.19;106542.19
2013.09.13;106542.19;106542.19;106504.37;106504.37
2013.09.16;106504.37;106504.37;105640.42;105640.42
2013.09.17;105640.42;105640.42;105551.78;105551.78
2013.09.18;105551.78;105551.78;105551.78;105928.74
2013.09.19;105928.74;105928.74;105901.44;105901.44
2013.09.20;105901.44;105901.44;105414.78;105414.78
2013.09.23;105414.78;105414.78;105047.78;105047.78
2013.09.24;105047.78;105047.78;105047.78;105177.27
2013.09.25;105177.27;105177.27;105177.27;105186.17
2013.09.26;105186.17;105186.17;105131.44;105131.44
2013.09.27;105131.44;105131.44;105131.44;105422.63
2013.09.30;105422.63;105422.63;105422.63;105577.16
2013.10.01;105577.16;105577.16;105085.12;105085.12
2013.10.02;105085.12;105085.12;104999.04;104999.04
2013.10.03;104999.04;104999.04;104920.71;104920.71
2013.10.04;104920.71;104920.71;104920.71;104962.56
2013.10.07;104962.56;104962.56;104724.21;104724.21
2013.10.08;104724.21;104724.21;104336.48;104336.48
2013.10.09;104336.48;104336.48;104336.48;104537.56
2013.10.10;104537.56;104537.56;104537.56;105003.85
2013.10.11;105003.85;105003.85;105003.85;105156.20
2013.10.14;105156.20;105156.20;105156.20;105372.67
2013.10.15;105372.67;105372.67;105372.67;105515.99
2013.10.16;105515.99;105515.99;105290.78;105290.78
2013.10.17;105290.78;105290.78;105290.78;105445.69
2013.10.18;105445.69;105445.69;105445.69;105631.90
2013.10.21;105631.90;105631.90;105631.90;105920.85
2013.10.22;105920.85;105920.85;105920.85;106187.75
2013.10.23;106187.75;106187.75;105744.87;105744.87
2013.10.24;105744.87;105744.87;105744.87;106213.75
2013.10.25;106213.75;106213.75;105808.70;105808.70
2013.10.28;105808.70;105808.70;105618.37;105618.37
2013.10.29;105618.37;105618.37;105587.34;105587.34
2013.10.30;105587.34;105587.34;105587.34;105794.01
2013.10.31;105794.01;105794.01;105542.13;105542.13
2013.11.01;105542.13;105542.13;105354.40;105354.40
2013.11.04;105354.40;105354.40;105354.40;105583.09
2013.11.05;105583.09;105583.09;105583.09;105667.92
2013.11.06;105667.92;105667.92;105408.30;105408.30
2013.11.07;105408.30;105408.30;105046.91;105046.91
2013.11.08;105046.91;105046.91;105046.91;105499.47
2013.11.11;105499.47;105499.47;105438.10;105438.10
2013.11.12;105438.10;105438.10;105438.10;105908.52
2013.11.13;105908.52;105908.52;105857.49;105857.49
2013.11.14;105857.49;105857.49;105857.49;105874.62
2013.11.15;105874.62;105874.62;105874.62;106113.72
2013.11.18;106113.72;106113.72;106113.72;106356.52
2013.11.19;106356.52;106356.52;106243.96;106243.96
2013.11.20;106243.96;106243.96;106231.05;106231.05
2013.11.21;106231.05;106231.05;106118.88;106118.88
2013.11.22;106118.88;106118.88;106118.88;106490.51
2013.11.25;106490.51;106490.51;106490.51;106623.07
2013.11.26;106623.07;106623.07;106623.07;107012.20
2013.11.27;107012.20;107012.20;107012.20;107593.09
2013.11.29;107593.09;107593.09;107582.82;107582.82
2013.12.02;107582.82;107582.82;107327.25;107327.25
2013.12.03;107327.25;107327.25;106382.82;106382.82
2013.12.04;106382.82;106382.82;105114.23;105114.23
2013.12.05;105114.23;105114.23;105114.23;105613.50
2013.12.06;105613.50;105613.50;105613.50;106092.29
2013.12.09;106092.29;106092.29;105761.85;105761.85
2013.12.10;105761.85;105761.85;104533.41;104533.41
2013.12.11;104533.41;104533.41;104291.71;104291.71
2013.12.12;104291.71;104291.71;104291.71;105253.38
2013.12.13;105253.38;105253.38;105219.79;105219.79
2013.12.16;105219.79;105219.79;105219.79;105310.84
2013.12.17;105310.84;105310.84;105310.84;105376.49
2013.12.18;105376.49;105376.49;105376.49;106333.15
2013.12.19;106333.15;106333.15;106333.15;107210.31
2013.12.20;107210.31;107210.31;107210.31;107229.52
2013.12.23;107229.52;107229.52;107229.52;107723.82
2013.12.24;107723.82;107723.82;107723.82;107757.00
2013.12.26;107757.00;107757.00;107665.55;107665.55
2013.12.27;107665.55;107665.55;107261.30;107261.30
2013.12.30;107261.30;107261.30;107261.30;108120.85
2013.12.31;108120.85;108120.85;108120.85;108510.93
2014.01.02;108510.93;108510.93;107244.17;107244.17
2014.01.03;107244.17;107244.17;106801.72;106801.72
2014.01.06;106801.72;106801.72;106603.02;106603.02
2014.01.07;106603.02;106603.02;106603.02;107228.60
2014.01.08;107228.60;107228.60;107228.60;107694.74
2014.01.09;107694.74;107694.74;107449.87;107449.87
2014.01.10;107449.87;107449.87;106747.74;106747.74
2014.01.13;106747.74;106747.74;105592.82;105592.82
2014.01.14;105592.82;105592.82;105592.82;107043.40
2014.01.15;107043.40;107043.40;107043.40;107718.61
2014.01.16;107718.61;107718.61;107553.42;107553.42
2014.01.17;107553.42;107553.42;106699.02;106699.02
2014.01.21;106699.02;106699.02;106699.02;107477.47
2014.01.22;107477.47;107477.47;107477.47;107577.59
2014.01.23;107577.59;107577.59;106178.63;106178.63
2014.01.24;106178.63;106178.63;103998.88;103998.88
2014.01.27;103998.88;103998.88;103998.88;104423.20
2014.01.28;104423.20;104423.20;104423.20;104851.47
2014.01.29;104851.47;104851.47;103489.10;103489.10
2014.01.30;103489.10;103489.10;103489.10;104976.01
2014.01.31;104976.01;104976.01;104180.11;104180.11
2014.02.03;104180.11;104180.11;102127.10;102127.10
2014.02.04;102127.10;102127.10;101216.03;101216.03
2014.02.05;101216.03;101216.03;100592.87;100592.87
2014.02.06;100592.87;100592.87;99761.65;99761.65
2014.02.07;99761.65;99761.65;99690.57;99690.57
2014.02.10;99690.57;99690.57;99690.57;100352.98
2014.02.11;100352.98;100352.98;99567.26;99567.26
2014.02.12;99567.26;99567.26;99567.26;99619.23
2014.02.13;99619.23;99619.23;99619.23;99977.38
2014.02.14;99977.38;99977.38;99103.62;99103.62
2014.02.18;99103.62;99103.62;99097.21;99097.21
2014.02.19;99097.21;99097.21;99097.21;99627.07
2014.02.20;99627.07;99627.07;99493.74;99493.74
2014.02.21;99493.74;99493.74;99320.87;99320.87
2014.02.24;99320.87;99320.87;98852.45;98852.45
2014.02.25;98852.45;98852.45;98852.45;99260.33
2014.02.26;99260.33;99260.33;99260.33;99863.22
2014.02.27;99863.22;99863.22;99532.69;99532.69
2014.02.28;99532.69;99532.69;99532.69;99709.00
2014.03.03;99709.00;99709.00;99709.00;100310.65
2014.03.04;100310.65;100310.65;99739.80;99739.80
2014.03.05;99739.80;99739.80;99739.80;99863.02
2014.03.06;99863.02;99863.02;99611.06;99611.06
2014.03.07;99611.06;99611.06;99406.47;99406.47
2014.03.10;99406.47;99406.47;99406.47;99481.09
2014.03.11;99481.09;99481.09;99481.09;99729.96
2014.03.12;99729.96;99729.96;99729.96;100361.89
2014.03.13;100361.89;100361.89;100361.89;100645.81
2014.03.14;100645.81;100645.81;100645.81;101084.03
2014.03.17;101084.03;101084.03;100588.08;100588.08
2014.03.18;100588.08;100588.08;100152.10;100152.10
2014.03.19;100152.10;100152.10;100152.10;100153.77
2014.03.20;100153.77;100153.77;100153.77;100238.83
2014.03.21;100238.83;100238.83;99917.04;99917.04
2014.03.24;99917.04;99917.04;98844.90;98844.90
2014.03.25;98844.90;98844.90;98803.67;98803.67
2014.03.26;98803.67;98803.67;98035.97;98035.97
2014.03.27;98035.97;98035.97;97403.87;97403.87
2014.03.28;97403.87;97403.87;97211.76;97211.76
2014.03.31;97211.76;97211.76;97211.76;97368.78
2014.04.01;97368.78;97368.78;97244.27;97244.27
2014.04.02;97244.27;97244.27;97084.01;97084.01
2014.04.03;97084.01;97084.01;97084.01;97347.79
2014.04.04;97347.79;97347.79;97347.79;97355.48
2014.04.07;97355.48;97355.48;97355.48;97500.10
2014.04.08;97500.10;97500.10;97500.10;98105.17
2014.04.09;98105.17;98105.17;97990.43;97990.43
2014.04.10;97990.43;97990.43;97990.43;98070.61
2014.04.11;98070.61;98070.61;98070.61;98165.86
2014.04.14;98165.86;98165.86;98085.36;98085.36
2014.04.15;98085.36;98085.36;98085.36;98503.84
2014.04.16;98503.84;98503.84;98503.84;98547.05
2014.04.17;98547.05;98547.05;98441.91;98441.91
2014.04.21;98441.91;98441.91;98412.10;98412.10
2014.04.22;98412.10;98412.10;98412.10;98475.39
2014.04.23;98475.39;98475.39;98420.54;98420.54
2014.04.24;98420.54;98420.54;98397.16;98397.16
2014.04.25;98397.16;98397.16;98397.16;98533.97
2014.04.28;98533.97;98533.97;98533.97;98648.32
2014.04.29;98648.32;98648.32;98631.26;98631.26
2014.04.30;98631.26;98631.26;98631.26;98775.65
2014.05.01;98775.65;98775.65;98596.35;98596.35
2014.05.02;98596.35;98596.35;97393.04;97393.04
2014.05.05;97393.04;97393.04;97393.04;97624.67
2014.05.06;97624.67;97624.67;97624.67;98130.42
2014.05.07;98130.42;98130.42;98130.42;99680.08
2014.05.08;99680.08;99680.08;99383.10;99383.10
2014.05.09;99383.10;99383.10;98433.87;98433.87
2014.05.12;98433.87;98433.87;97154.06;97154.06
2014.05.13;97154.06;97154.06;97154.06;97363.06
2014.05.14;97363.06;97363.06;97363.06;97719.36
2014.05.15;97719.36;97719.36;97719.36;97959.90
2014.05.16;97959.90;97959.90;97959.90;98117.87
2014.05.19;98117.87;98117.87;97275.75;97275.75
2014.05.20;97275.75;97275.75;97275.75;97750.73
2014.05.21;97750.73;97750.73;97750.73;97792.58
2014.05.22;97792.58;97792.58;97291.37;97291.37
2014.05.23;97291.37;97291.37;96701.48;96701.48
2014.05.27;96701.48;96701.48;96701.48;97030.45
2014.05.28;97030.45;97030.45;97030.45;97666.87
2014.05.29;97666.87;97666.87;97666.87;97778.56
2014.05.30;97778.56;97778.56;97778.56;98497.13
2014.06.02;98497.13;98497.13;98328.48;98328.48
2014.06.03;98328.48;98328.48;98122.64;98122.64
2014.06.04;98122.64;98122.64;98107.68;98107.68
2014.06.05;98107.68;98107.68;97580.00;97580.00
2014.06.06;97580.00;97580.00;97580.00;97740.05
2014.06.09;97740.05;97740.05;97601.14;97601.14
2014.06.10;97601.14;97601.14;97273.52;97273.52
2014.06.11;97273.52;97273.52;97273.52;97401.18
2014.06.12;97401.18;97401.18;96935.21;96935.21
2014.06.13;96935.21;96935.21;96867.22;96867.22
2014.06.16;96867.22;96867.22;96867.22;97168.54
2014.06.17;97168.54;97168.54;96757.50;96757.50
2014.06.18;96757.50;96757.50;96757.50;96922.78
2014.06.19;96922.78;96922.78;94667.58;94667.58
2014.06.20;94667.58;94667.58;94667.58;94837.52
2014.06.23;94837.52;94837.52;94749.95;94749.95
2014.06.24;94749.95;94749.95;94450.49;94450.49
2014.06.25;94450.49;94450.49;94437.54;94437.54
2014.06.26;94437.54;94437.54;94437.54;94522.46
2014.06.27;94522.46;94522.46;94522.46;94604.10
2014.06.30;94604.10;94604.10;94166.69;94166.69
2014.07.01;94166.69;94166.69;94166.69;94273.58
2014.07.02;94273.58;94273.58;94273.58;94291.06
2014.07.03;94291.06;94291.06;93929.85;93929.85
2014.07.07;93929.85;93929.85;93913.73;93913.73
2014.07.08;93913.73;93913.73;93913.73;94162.21
2014.07.09;94162.21;94162.21;94140.97;94140.97
2014.07.10;94140.97;94140.97;94140.97;94600.99
2014.07.11;94600.99;94600.99;94275.57;94275.57
2014.07.14;94275.57;94275.57;93664.17;93664.17
2014.07.15;93664.17;93664.17;93549.57;93549.57
2014.07.16;93549.57;93549.57;93549.57;93709.90
2014.07.17;93709.90;93709.90;93709.90;94231.91
2014.07.18;94231.91;94231.91;93836.53;93836.53
2014.07.21;93836.53;93836.53;93836.53;94283.46
2014.07.22;94283.46;94283.46;94165.63;94165.63
2014.07.23;94165.63;94165.63;94165.63;94319.83
2014.07.24;94319.83;94319.83;93732.91;93732.91
2014.07.25;93732.91;93732.91;93732.91;94168.44
2014.07.28;94168.44;94168.44;94168.44;94331.07
2014.07.29;94331.07;94331.07;94122.76;94122.76
2014.07.30;94122.76;94122.76;94122.76;94244.44
2014.07.31;94244.44;94244.44;94132.18;94132.18
2014.08.01;94132.18;94132.18;94132.18;94144.62
2014.08.04;94144.62;94144.62;94144.62;94195.37
2014.08.05;94195.37;94195.37;94195.37;94251.88
2014.08.06;94251.88;94251.88;94242.74;94242.74
2014.08.07;94242.74;94242.74;94242.74;94476.05
2014.08.08;94476.05;94476.05;93595.62;93595.62
2014.08.11;93595.62;93595.62;93595.62;93654.03
2014.08.12;93654.03;93654.03;93654.03;94103.86
2014.08.13;94103.86;94103.86;94002.48;94002.48
2014.08.14;94002.48;94002.48;94002.48;94170.42
2014.08.15;94170.42;94170.42;94170.42;94514.02
2014.08.18;94514.02;94514.02;94180.25;94180.25
2014.08.19;94180.25;94180.25;94043.85;94043.85
2014.08.20;94043.85;94043.85;93887.46;93887.46
2014.08.21;93887.46;93887.46;93786.29;93786.29
2014.08.22;93786.29;93786.29;93786.29;94229.55
2014.08.25;94229.55;94229.55;93733.59;93733.59
2014.08.26;93733.59;93733.59;93589.84;93589.84
2014.08.27;93589.84;93589.84;93589.84;93591.98
2014.08.28;93591.98;93591.98;93591.98;93800.36
2014.08.29;93800.36;93800.36;93800.36;93841.85
2014.09.02;93841.85;93841.85;93841.85;93849.80
2014.09.03;93849.80;93849.80;92510.14;92510.14
2014.09.04;92510.14;92510.14;92510.14;92698.55
2014.09.05;92698.55;92698.55;92698.55;93043.14
2014.09.08;93043.14;93043.14;93043.14;94015.74
2014.09.09;94015.74;94015.74;93502.83;93502.83
2014.09.10;93502.83;93502.83;93502.83;93971.96
2014.09.11;93971.96;93971.96;93971.96;94123.18
2014.09.12;94123.18;94123.18;93916.48;93916.48
2014.09.15;93916.48;93916.48;93200.76;93200.76
2014.09.16;93200.76;93200.76;92893.34;92893.34
2014.09.17;92893.34;92893.34;92893.34;93697.27
2014.09.18;93697.27;93697.27;93697.27;94061.25
2014.09.19;94061.25;94061.25;94061.25;95144.01
2014.09.22;95144.01;95144.01;95144.01;95153.25
2014.09.23;95153.25;95153.25;95153.25;95453.94
2014.09.24;95453.94;95453.94;95418.15;95418.15
2014.09.25;95418.15;95418.15;95418.15;95492.64
2014.09.26;95492.64;95492.64;95492.64;95663.43
2014.09.29;95663.43;95663.43;95663.43;96119.65
2014.09.30;96119.65;96119.65;96119.65;97425.91
2014.10.01;97425.91;97425.91;97425.91;97612.86
2014.10.02;97612.86;97612.86;97612.86;97615.39
2014.10.03;97615.39;97615.39;97615.39;99827.39
2014.10.06;99827.39;99827.39;98136.75;98136.75
2014.10.07;98136.75;98136.75;98024.36;98024.36
2014.10.08;98024.36;98024.36;98024.36;98681.07
2014.10.09;98681.07;98681.07;98479.05;98479.05
2014.10.10;98479.05;98479.05;98479.05;98595.32
2014.10.13;98595.32;98595.32;97157.13;97157.13
2014.10.14;97157.13;97157.13;97157.13;97398.30
2014.10.15;97398.30;97398.30;96814.34;96814.34
2014.10.16;96814.34;96814.34;96319.90;96319.90
2014.10.17;96319.90;96319.90;96319.90;96985.62
2014.10.20;96985.62;96985.62;96985.62;97501.09
2014.10.21;97501.09;97501.09;97501.09;98176.38
2014.10.22;98176.38;98176.38;98176.38;99359.66
2014.10.23;99359.66;99359.66;99359.66;99692.63
2014.10.24;99692.63;99692.63;99692.63;100573.96
2014.10.27;100573.96;100573.96;100573.96;101494.47
2014.10.28;101494.47;101494.47;101077.51;101077.51
2014.10.29;101077.51;101077.51;101077.51;101426.67
2014.10.30;101426.67;101426.67;101426.67;103567.54
2014.10.31;103567.54;103567.54;103567.54;104889.86
2014.11.03;104889.86;104889.86;104889.86;105913.41
2014.11.04;105913.41;105913.41;105913.41;106430.77
2014.11.05;106430.77;106430.77;106430.77;107642.59
2014.11.06;107642.59;107642.59;107278.65;107278.65
2014.11.07;107278.65;107278.65;106509.32;106509.32
2014.11.10;106509.32;106509.32;106509.32;107795.34
2014.11.11;107795.34;107795.34;107263.42;107263.42
2014.11.12;107263.42;107263.42;107263.42;107307.27
2014.11.13;107307.27;107307.27;107307.27;107993.11
2014.11.14;107993.11;107993.11;105920.77;105920.77
2014.11.17;105920.77;105920.77;105920.77;106652.06
2014.11.18;106652.06;106652.06;106652.06;107352.21
2014.11.19;107352.21;107352.21;107277.58;107277.58
2014.11.20;107277.58;107277.58;106401.76;106401.76
2014.11.21;106401.76;106401.76;105873.49;105873.49
2014.11.24;105873.49;105873.49;105873.49;106294.47
2014.11.25;106294.47;106294.47;106294.47;106773.84
2014.11.26;106773.84;106773.84;106773.84;107418.27
2014.11.28;107418.27;107418.27;107418.27;112090.09
2014.12.01;112090.09;112090.09;109477.54;109477.54
2014.12.02;109477.54;109477.54;109477.54;110093.25
2014.12.03;110093.25;110093.25;109855.55;109855.55
2014.12.04;109855.55;109855.55;109855.55;110034.09
2014.12.05;110034.09;110034.09;110034.09;110774.83
2014.12.08;110774.83;110774.83;110774.83;111741.97
2014.12.09;111741.97;111741.97;110674.77;110674.77
2014.12.10;110674.77;110674.77;110674.77;111020.78
2014.12.11;111020.78;111020.78;111020.78;111746.46
2014.12.12;111746.46;111746.46;111746.46;111821.24
2014.12.15;111821.24;111821.24;111821.24;112917.25
2014.12.16;112917.25;112917.25;112776.26;112776.26
2014.12.17;112776.26;112776.26;112776.26;112979.00
2014.12.18;112979.00;112979.00;112979.00;113966.47
2014.12.19;113966.47;113966.47;112659.40;112659.40
2014.12.22;112659.40;112659.40;112659.40;114117.25
2014.12.23;114117.25;114117.25;113371.11;113371.11
2014.12.24;113371.11;113371.11;113371.11;113899.54
2014.12.26;113899.54;113899.54;113899.54;113969.52
2014.12.29;113969.52;113969.52;113969.52;114512.83
2014.12.30;114512.83;114512.83;113834.73;113834.73
2014.12.31;113834.73;113834.73;113834.73;113883.01
2015.01.02;113883.01;113883.01;113883.01;114002.62
2015.01.05;114002.62;114002.62;114002.62;115052.98
2015.01.06;115052.98;115052.98;115052.98;115691.30
2015.01.07;115691.30;115691.30;115667.84;115667.84
2015.01.08;115667.84;115667.84;115538.04;115538.04
2015.01.09;115538.04;115538.04;115538.04;115640.30
2015.01.12;115640.30;115640.30;115640.30;116596.44
2015.01.13;116596.44;116596.44;116212.12;116212.12
2015.01.14;116212.12;116212.12;115799.02;115799.02
2015.01.15;115799.02;115799.02;115799.02;116565.06
2015.01.16;116565.06;116565.06;115131.55;115131.55
2015.01.20;115131.55;115131.55;115131.55;115764.98
2015.01.21;115764.98;115764.98;115120.08;115120.08
2015.01.22;115120.08;115120.08;115120.08;115459.73
2015.01.23;115459.73;115459.73;115459.73;116133.35
2015.01.26;116133.35;116133.35;116133.35;116275.19
2015.01.27;116275.19;116275.19;115746.10;115746.10
2015.01.28;115746.10;115746.10;115746.10;116633.15
2015.01.29;116633.15;116633.15;116633.15;117398.34
2015.01.30;117398.34;117398.34;115932.47;115932.47
2015.02.02;115932.47;115932.47;115054.83;115054.83
2015.02.03;115054.83;115054.83;113389.23;113389.23
2015.02.04;113389.23;113389.23;113389.23;114672.71
2015.02.05;114672.71;114672.71;113695.68;113695.68
2015.02.06;113695.68;113695.68;112333.74;112333.74
2015.02.09;112333.74;112333.74;112307.68;112307.68
2015.02.10;112307.68;112307.68;112307.68;112669.52
2015.02.11;112669.52;112669.52;112669.52;112825.26
2015.02.12;112825.26;112825.26;112001.32;112001.32
2015.02.13;112001.32;112001.32;111457.14;111457.14
2015.02.17;111457.14;111457.14;110497.50;110497.50
2015.02.18;110497.50;110497.50;110497.50;111255.50
2015.02.19;111255.50;111255.50;111255.50;111280.55
2015.02.20;111280.55;111280.55;111280.55;111453.10
2015.02.23;111453.10;111453.10;111453.10;112191.68
2015.02.24;112191.68;112191.68;112191.68;112264.71
2015.02.25;112264.71;112264.71;111940.24;111940.24
2015.02.26;111940.24;111940.24;111940.24;112463.27
2015.02.27;112463.27;112463.27;112463.27;112643.71
2015.03.02;112643.71;112643.71;111992.76;111992.76
2015.03.03;111992.76;111992.76;111484.74;111484.74
2015.03.04;111484.74;111484.74;111085.44;111085.44
2015.03.05;111085.44;111085.44;111085.44;111224.59
2015.03.06;111224.59;111224.59;111224.59;111854.90
2015.03.09;111854.90;111854.90;111854.90;111927.14
2015.03.10;111927.14;111927.14;111661.61;111661.61
2015.03.11;111661.61;111661.61;111661.61;111909.48
2015.03.12;111909.48;111909.48;111909.48;112445.17
2015.03.13;112445.17;112445.17;112445.17;112881.12
2015.03.16;112881.12;112881.12;112881.12;113174.96
2015.03.17;113174.96;113174.96;113174.96;113304.79
2015.03.18;113304.79;113304.79;112562.25;112562.25
2015.03.19;112562.25;112562.25;112562.25;112917.85
2015.03.20;112917.85;112917.85;112901.25;112901.25
2015.03.23;112901.25;112901.25;112692.50;112692.50
2015.03.24;112692.50;112692.50;112692.50;112865.60
2015.03.25;112865.60;112865.60;112102.69;112102.69
2015.03.26;112102.69;112102.69;111438.39;111438.39
2015.03.27;111438.39;111438.39;111438.39;112293.12
2015.03.30;112293.12;112293.12;112278.44;112278.44
2015.03.31;112278.44;112278.44;112054.10;112054.10
2015.04.01;112054.10;112054.10;111524.81;111524.81
2015.04.02;111524.81;111524.81;111524.81;111653.87
2015.04.06;111653.87;111653.87;110928.28;110928.28
2015.04.07;110928.28;110928.28;110540.51;110540.51
2015.04.08;110540.51;110540.51;110540.51;111406.57
2015.04.09;111406.57;111406.57;111361.23;111361.23
2015.04.10;111361.23;111361.23;111113.73;111113.73
2015.04.13;111113.73;111113.73;110946.55;110946.55
2015.04.14;110946.55;110946.55;110699.85;110699.85
2015.04.15;110699.85;110699.85;109868.41;109868.41
2015.04.16;109868.41;109868.41;109697.28;109697.28
2015.04.17;109697.28;109697.28;109488.02;109488.02
2015.04.20;109488.02;109488.02;109340.26;109340.26
2015.04.21;109340.26;109340.26;109340.26;110175.04
2015.04.22;110175.04;110175.04;110175.04;110197.33
2015.04.23;110197.33;110197.33;109753.96;109753.96
2015.04.24;109753.96;109753.96;109753.96;109884.71
2015.04.27;109884.71;109884.71;109884.71;110152.53
2015.04.28;110152.53;110152.53;109904.64;109904.64
2015.04.29;109904.64;109904.64;109110.78;109110.78
2015.04.30;109110.78;109110.78;108423.24;108423.24
2015.05.01;108423.24;108423.24;108423.24;108797.81
2015.05.04;108797.81;108797.81;108623.68;108623.68
2015.05.05;108623.68;108623.68;108623.68;108826.82
2015.05.06;108826.82;108826.82;108826.82;108949.13
2015.05.07;108949.13;108949.13;108125.73;108125.73
2015.05.08;108125.73;108125.73;108125.73;108551.17
2015.05.11;108551.17;108551.17;108525.85;108525.85
2015.05.12;108525.85;108525.85;108525.85;108730.50
2015.05.13;108730.50;108730.50;108387.03;108387.03
2015.05.14;108387.03;108387.03;107948.01;107948.01
2015.05.15;107948.01;107948.01;107709.79;107709.79
2015.05.18;107709.79;107709.79;107709.79;107719.10
2015.05.19;107719.10;107719.10;107284.50;107284.50
2015.05.20;107284.50;107284.50;107284.50;107516.88
2015.05.21;107516.88;107516.88;107516.88;108078.96
2015.05.22;108078.96;108078.96;107889.39;107889.39
2015.05.26;107889.39;107889.39;107199.93;107199.93
2015.05.27;107199.93;107199.93;106899.33;106899.33
2015.05.28;106899.33;106899.33;106832.94;106832.94
2015.05.29;106832.94;106832.94;106832.94;107429.31
2015.06.01;107429.31;107429.31;107429.31;107483.39
2015.06.02;107483.39;107483.39;107483.39;107657.44
2015.06.03;107657.44;107657.44;107470.97;107470.97
2015.06.04;107470.97;107470.97;106929.58;106929.58
2015.06.05;106929.58;106929.58;106929.58;107494.83
2015.06.08;107494.83;107494.83;107207.99;107207.99
2015.06.09;107207.99;107207.99;107207.99;107630.10
2015.06.10;107630.10;107630.10;107630.10;107959.21
2015.06.11;107959.21;107959.21;107788.84;107788.84
2015.06.12;107788.84;107788.84;107566.10;107566.10
2015.06.15;107566.10;107566.10;107566.10;107929.55
2015.06.16;107929.55;107929.55;107803.97;107803.97
2015.06.17;107803.97;107803.97;107803.97;107876.81
2015.06.18;107876.81;107876.81;107876.81;108009.45
2015.06.19;108009.45;108009.45;107783.14;107783.14
2015.06.22;107783.14;107783.14;107783.14;107995.38
2015.06.23;107995.38;107995.38;107995.38;108212.74
2015.06.24;108212.74;108212.74;107976.94;107976.94
2015.06.25;107976.94;107976.94;107976.94;108091.21
2015.06.26;108091.21;108091.21;108091.21;108143.25
2015.06.29;108143.25;108143.25;107384.27;107384.27
2015.06.30;107384.27;107384.27;107384.27;107760.34
2015.07.01;107760.34;107760.34;107588.63;107588.63
2015.07.02;107588.63;107588.63;106633.76;106633.76
2015.07.06;106633.76;106633.76;106604.73;106604.73
2015.07.07;106604.73;106604.73;106604.73;106953.74
2015.07.08;106953.74;106953.74;106373.31;106373.31
2015.07.09;106373.31;106373.31;106373.31;106531.77
2015.07.10;106531.77;106531.77;106468.92;106468.92
2015.07.13;106468.92;106468.92;106468.92;107253.92
2015.07.14;107253.92;107253.92;107253.92;107818.71
2015.07.15;107818.71;107818.71;107818.71;108191.28
2015.07.16;108191.28;108191.28;108037.47;108037.47
2015.07.17;108037.47;108037.47;108037.47;108331.05
2015.07.20;108331.05;108331.05;108331.05;108753.18
2015.07.21;108753.18;108753.18;108698.81;108698.81
2015.07.22;108698.81;108698.81;108698.81;109081.83
2015.07.23;109081.83;109081.83;108928.35;108928.35
2015.07.24;108928.35;108928.35;108225.23;108225.23
2015.07.27;108225.23;108225.23;107974.05;107974.05
2015.07.28;107974.05;107974.05;107974.05;108102.82
2015.07.29;108102.82;108102.82;108102.82;108196.04
2015.07.30;108196.04;108196.04;108196.04;108358.03
2015.07.31;108358.03;108358.03;108167.22;108167.22
2015.08.03;108167.22;108167.22;108160.34;108160.34
2015.08.04;108160.34;108160.34;107934.91;107934.91
2015.08.05;107934.91;107934.91;107934.91;108365.09
2015.08.06;108365.09;108365.09;107738.50;107738.50
2015.08.07;107738.50;107738.50;107738.50;108530.07
2015.08.10;108530.07;108530.07;107250.89;107250.89
2015.08.11;107250.89;107250.89;107250.89;107709.81
2015.08.12;107709.81;107709.81;107390.71;107390.71
2015.08.13;107390.71;107390.71;107390.71;108249.46
2015.08.14;108249.46;108249.46;108249.46;108627.78
2015.08.17;108627.78;108627.78;108627.78;109129.55
2015.08.18;109129.55;109129.55;109101.86;109101.86
2015.08.19;109101.86;109101.86;109101.86;110311.27
2015.08.20;110311.27;110311.27;109959.70;109959.70
2015.08.21;109959.70;109959.70;109726.53;109726.53
2015.08.24;109726.53;109726.53;109726.53;110515.84
2015.08.25;110515.84;110515.84;109954.42;109954.42
2015.08.26;109954.42;109954.42;109954.42;110734.07
2015.08.27;110734.07;110734.07;108634.67;108634.67
2015.08.28;108634.67;108634.67;106868.46;106868.46
2015.08.31;106868.46;106868.46;104661.17;104661.17
2015.09.01;104661.17;104661.17;104661.17;106071.70
2015.09.02;106071.70;106071.70;105463.48;105463.48
2015.09.03;105463.48;105463.48;105427.62;105427.62
2015.09.04;105427.62;105427.62;105427.62;106206.98
2015.09.08;106206.98;106206.98;105292.32;105292.32
2015.09.09;105292.32;105292.32;105292.32;105468.26
2015.09.10;105468.26;105468.26;105080.59;105080.59
2015.09.11;105080.59;105080.59;105080.59;105209.90
2015.09.14;105209.90;105209.90;105209.90;105435.24
2015.09.15;105435.24;105435.24;104892.09;104892.09
2015.09.16;104892.09;104892.09;104277.08;104277.08
2015.09.17;104277.08;104277.08;104277.08;104680.64
2015.09.18;104680.64;104680.64;104680.64;105576.11
2015.09.21;105576.11;105576.11;105372.62;105372.62
2015.09.22;105372.62;105372.62;105372.62;106006.13
2015.09.23;106006.13;106006.13;106006.13;106433.70
2015.09.24;106433.70;106433.70;106433.70;106774.75
2015.09.25;106774.75;106774.75;106754.02;106754.02
2015.09.28;106754.02;106754.02;106754.02;107676.54
2015.09.29;107676.54;107676.54;107600.39;107600.39
2015.09.30;107600.39;107600.39;106821.80;106821.80
2015.10.01;106821.80;106821.80;106641.54;106641.54
2015.10.02;106641.54;106641.54;105998.26;105998.26
2015.10.05;105998.26;105998.26;105287.01;105287.01
2015.10.06;105287.01;105287.01;104626.71;104626.71
2015.10.07;104626.71;104626.71;103965.18;103965.18
2015.10.08;103965.18;103965.18;103520.04;103520.04
2015.10.09;103520.04;103520.04;103520.04;103544.75
2015.10.12;103544.75;103544.75;103544.75;104325.11
2015.10.13;104325.11;104325.11;104325.11;104774.71
2015.10.14;104774.71;104774.71;104494.80;104494.80
2015.10.15;104494.80;104494.80;104119.04;104119.04
2015.10.16;104119.04;104119.04;104119.04;104170.82
2015.10.19;104170.82;104170.82;104170.82;104700.52
2015.10.20;104700.52;104700.52;104700.52;104798.42
2015.10.21;104798.42;104798.42;104798.42;105241.64
2015.10.22;105241.64;105241.64;104922.44;104922.44
2015.10.23;104922.44;104922.44;104229.60;104229.60
2015.10.26;104229.60;104229.60;104229.60;104761.07
2015.10.27;104761.07;104761.07;104761.07;105011.86
2015.10.28;105011.86;105011.86;103989.18;103989.18
2015.10.29;103989.18;103989.18;103697.27;103697.27
2015.10.30;103697.27;103697.27;103544.57;103544.57
2015.11.02;103544.57;103544.57;102769.09;102769.09
2015.11.03;102769.09;102769.09;102505.58;102505.58
2015.11.04;102505.58;102505.58;102505.58;102538.02
2015.11.05;102538.02;102538.02;102538.02;102804.69
2015.11.06;102804.69;102804.69;102804.69;103092.26
2015.11.09;103092.26;103092.26;102966.44;102966.44
2015.11.10;102966.44;102966.44;102711.75;102711.75
2015.11.11;102711.75;102711.75;102711.75;102852.83
2015.11.12;102852.83;102852.83;102852.83;103075.66
2015.11.13;103075.66;103075.66;102775.74;102775.74
2015.11.16;102775.74;102775.74;102745.55;102745.55
2015.11.17;102745.55;102745.55;102745.55;102813.84
2015.11.18;102813.84;102813.84;102813.84;103037.96
2015.11.19;103037.96;103037.96;103037.96;103337.38
2015.11.20;103337.38;103337.38;103337.38;103461.24
2015.11.23;103461.24;103461.24;103305.54;103305.54
2015.11.24;103305.54;103305.54;103150.09;103150.09
2015.11.25;103150.09;103150.09;102969.73;102969.73
2015.11.27;102969.73;102969.73;102969.73;103102.12
2015.11.30;103102.12;103102.12;103102.12;103252.28
2015.12.01;103252.28;103252.28;103164.85;103164.85
2015.12.02;103164.85;103164.85;103164.85;103798.71
2015.12.03;103798.71;103798.71;102329.78;102329.78
2015.12.04;102329.78;102329.78;102329.78;103099.17
2015.12.07;103099.17;103099.17;103099.17;104311.17
2015.12.08;104311.17;104311.17;104073.86;104073.86
2015.12.09;104073.86;104073.86;104073.86;104085.67
2015.12.10;104085.67;104085.67;104085.67;104536.58
2015.12.11;104536.58;104536.58;103901.19;103901.19
2015.12.14;103901.19;103901.19;103901.19;104321.08
2015.12.15;104321.08;104321.08;104321.08;104355.02
2015.12.16;104355.02;104355.02;104355.02;105070.49
2015.12.17;105070.49;105070.49;105070.49;105491.33
2015.12.18;105491.33;105491.33;103896.53;103896.53
2015.12.21;103896.53;103896.53;103896.53;104029.29
2015.12.22;104029.29;104029.29;104029.29;104412.00
2015.12.23;104412.00;104412.00;104310.33;104310.33
2015.12.24;104310.33;104310.33;103996.08;103996.08
2015.12.28;103996.08;103996.08;103996.08;105109.73
2015.12.29;105109.73;105109.73;105109.73;105331.06
2015.12.30;105331.06;105331.06;105331.06;105569.29
2015.12.31;105569.29;105569.29;104814.17;104814.17
2016.01.04;104814.17;104814.17;103693.49;103693.49
2016.01.05;103693.49;103693.49;103693.49;104477.83
2016.01.06;104477.83;104477.83;104477.83;105584.88
2016.01.07;105584.88;105584.88;105299.21;105299.21
2016.01.08;105299.21;105299.21;105299.21;105495.19
2016.01.11;105495.19;105495.19;105495.19;106799.61
2016.01.12;106799.61;106799.61;106799.61;107106.77
2016.01.13;107106.77;107106.77;106450.40;106450.40
2016.01.14;106450.40;106450.40;106450.40;106504.79
2016.01.15;106504.79;106504.79;106504.79;106882.97
2016.01.19;106882.97;106882.97;106882.97;107778.11
2016.01.20;107778.11;107778.11;107778.11;107905.46
2016.01.21;107905.46;107905.46;107128.70;107128.70
2016.01.22;107128.70;107128.70;106323.81;106323.81
2016.01.25;106323.81;106323.81;106323.81;107597.19
2016.01.26;107597.19;107597.19;106576.31;106576.31
2016.01.27;106576.31;106576.31;105954.00;105954.00
2016.01.28;105954.00;105954.00;104907.22;104907.22
2016.01.29;104907.22;104907.22;104907.22;105150.58
2016.02.01;105150.58;105150.58;105150.58;106605.66
2016.02.02;106605.66;106605.66;106605.66;107947.87
2016.02.03;107947.87;107947.87;106411.23;106411.23
2016.02.04;106411.23;106411.23;106411.23;106457.97
2016.02.05;106457.97;106457.97;106457.97;107301.80
2016.02.08;107301.80;107301.80;107301.80;108497.59
2016.02.09;108497.59;108497.59;108497.59;109193.55
2016.02.10;109193.55;109193.55;109193.55;109799.44
2016.02.11;109799.44;109799.44;109799.44;110349.01
2016.02.12;110349.01;110349.01;108937.80;108937.80
2016.02.16;108937.80;108937.80;108304.18;108304.18
2016.02.17;108304.18;108304.18;107109.58;107109.58
2016.02.18;107109.58;107109.58;107109.58;107933.05
2016.02.19;107933.05;107933.05;107933.05;108113.24
2016.02.22;108113.24;108113.24;107157.27;107157.27
2016.02.23;107157.27;107157.27;107157.27;108488.29
2016.02.24;108488.29;108488.29;108198.53;108198.53
2016.02.25;108198.53;108198.53;107888.41;107888.41
2016.02.26;107888.41;107888.41;107165.44;107165.44
2016.02.29;107165.44;107165.44;107165.44;107211.43
2016.03.01;107211.43;107211.43;106012.27;106012.27
2016.03.02;106012.27;106012.27;105747.55;105747.55
2016.03.03;105747.55;105747.55;105747.55;105985.17
2016.03.04;105985.17;105985.17;105512.53;105512.53
2016.03.07;105512.53;105512.53;105136.36;105136.36
2016.03.08;105136.36;105136.36;105136.36;105884.44
2016.03.09;105884.44;105884.44;105091.46;105091.46
2016.03.10;105091.46;105091.46;105091.46;105572.59
2016.03.11;105572.59;105572.59;104627.82;104627.82
2016.03.14;104627.82;104627.82;104627.82;104788.68
2016.03.15;104788.68;104788.68;104788.68;105150.21
2016.03.16;105150.21;105150.21;104922.90;104922.90
2016.03.17;104922.90;104922.90;104555.33;104555.33
2016.03.18;104555.33;104555.33;104520.91;104520.91
2016.03.21;104520.91;104520.91;104314.37;104314.37
2016.03.22;104314.37;104314.37;104314.37;104357.69
2016.03.23;104357.69;104357.69;104357.69;104647.13
2016.03.24;104647.13;104647.13;104647.13;104767.51
2016.03.28;104767.51;104767.51;104767.51;104771.60
2016.03.29;104771.60;104771.60;104771.60;105245.71
2016.03.30;105245.71;105245.71;104995.41;104995.41
2016.03.31;104995.41;104995.41;104995.41;105331.46
2016.04.01;105331.46;105331.46;105331.46;105845.39
2016.04.04;105845.39;105845.39;105269.48;105269.48
2016.04.05;105269.48;105269.48;105086.20;105086.20
2016.04.06;105086.20;105086.20;104544.15;104544.15
2016.04.07;104544.15;104544.15;104214.53;104214.53
2016.04.08;104214.53;104214.53;103988.62;103988.62
2016.04.11;103988.62;103988.62;103988.62;104300.28
2016.04.12;104300.28;104300.28;104171.20;104171.20
2016.04.13;104171.20;104171.20;103929.89;103929.89
2016.04.14;103929.89;103929.89;103827.20;103827.20
2016.04.15;103827.20;103827.20;103827.20;104161.36
2016.04.18;104161.36;104161.36;104091.84;104091.84
2016.04.19;104091.84;104091.84;104091.84;104147.94
2016.04.20;104147.94;104147.94;103366.29;103366.29
2016.04.21;103366.29;103366.29;102687.41;102687.41
2016.04.22;102687.41;102687.41;102687.41;102692.40
2016.04.25;102692.40;102692.40;102692.40;102865.47
2016.04.26;102865.47;102865.47;102865.47;103221.86
2016.04.27;103221.86;103221.86;103221.86;103495.20
2016.04.28;103495.20;103495.20;103495.20;104034.39
2016.04.29;104034.39;104034.39;104034.39;104204.82
2016.05.02;104204.82;104204.82;104041.48;104041.48
2016.05.03;104041.48;104041.48;103377.21;103377.21
2016.05.04;103377.21;103377.21;103226.35;103226.35
2016.05.05;103226.35;103226.35;103226.35;103340.22
2016.05.06;103340.22;103340.22;103340.22;103461.65
2016.05.09;103461.65;103461.65;102376.79;102376.79
2016.05.10;102376.79;102376.79;102376.79;102733.98
2016.05.11;102733.98;102733.98;102733.98;103671.19
2016.05.12;103671.19;103671.19;103596.36;103596.36
2016.05.13;103596.36;103596.36;103478.02;103478.02
2016.05.16;103478.02;103478.02;103478.02;103988.14
2016.05.17;103988.14;103988.14;103988.14;104605.66
2016.05.18;104605.66;104605.66;104026.58;104026.58
2016.05.19;104026.58;104026.58;103925.69;103925.69
2016.05.20;103925.69;103925.69;103692.53;103692.53
2016.05.23;103692.53;103692.53;103543.96;103543.96
2016.05.24;103543.96;103543.96;103277.59;103277.59
2016.05.25;103277.59;103277.59;103277.59;103665.08
2016.05.26;103665.08;103665.08;103367.25;103367.25
2016.05.27;103367.25;103367.25;103217.72;103217.72
2016.05.31;103217.72;103217.72;102724.38;102724.38
2016.06.01;102724.38;102724.38;102724.38;102779.33
2016.06.02;102779.33;102779.33;102554.22;102554.22
2016.06.03;102554.22;102554.22;101617.90;101617.90
2016.06.06;101617.90;101617.90;101617.90;102152.54
2016.06.07;102152.54;102152.54;102152.54;102624.82
2016.06.08;102624.82;102624.82;102400.26;102400.26
2016.06.09;102400.26;102400.26;101902.14;101902.14
2016.06.10;101902.14;101902.14;101180.81;101180.81
2016.06.13;101180.81;101180.81;100880.58;100880.58
2016.06.14;100880.58;100880.58;100825.81;100825.81
2016.06.15;100825.81;100825.81;100163.54;100163.54
2016.06.16;100163.54;100163.54;99883.16;99883.16
2016.06.17;99883.16;99883.16;99883.16;100382.77
2016.06.20;100382.77;100382.77;100382.77;100835.73
2016.06.21;100835.73;100835.73;100835.73;101249.16
2016.06.22;101249.16;101249.16;100832.37;100832.37
2016.06.23;100832.37;100832.37;100832.37;101342.23
2016.06.24;101342.23;101342.23;99583.26;99583.26
2016.06.27;99583.26;99583.26;98610.44;98610.44
2016.06.28;98610.44;98610.44;98610.44;99348.38
2016.06.29;99348.38;99348.38;99348.38;99706.57
2016.06.30;99706.57;99706.57;98945.70;98945.70
2016.07.01;98945.70;98945.70;98690.64;98690.64
2016.07.05;98690.64;98690.64;98690.64;99433.65
2016.07.06;99433.65;99433.65;99433.65;99584.65
2016.07.07;99584.65;99584.65;99154.12;99154.12
2016.07.08;99154.12;99154.12;99043.64;99043.64
2016.07.11;99043.64;99043.64;98593.14;98593.14
2016.07.12;98593.14;98593.14;98025.55;98025.55
2016.07.13;98025.55;98025.55;98025.55;98221.62
2016.07.14;98221.62;98221.62;97682.92;97682.92
2016.07.15;97682.92;97682.92;97682.92;97686.54
2016.07.18;97686.54;97686.54;97566.41;97566.41
2016.07.19;97566.41;97566.41;97566.41;97672.83
2016.07.20;97672.83;97672.83;96911.66;96911.66
2016.07.21;96911.66;96911.66;96911.66;97284.47
2016.07.22;97284.47;97284.47;97132.49;97132.49
2016.07.25;97132.49;97132.49;96825.37;96825.37
2016.07.26;96825.37;96825.37;96745.55;96745.55
2016.07.27;96745.55;96745.55;96745.55;96935.43
2016.07.28;96935.43;96935.43;96711.94;96711.94
2016.07.29;96711.94;96711.94;96711.94;96788.75
2016.08.01;96788.75;96788.75;96700.08;96700.08
2016.08.02;96700.08;96700.08;96606.62;96606.62
2016.08.03;96606.62;96606.62;95926.17;95926.17
2016.08.04;95926.17;95926.17;95766.45;95766.45
2016.08.05;95766.45;95766.45;95544.21;95544.21
2016.08.08;95544.21;95544.21;95096.23;95096.23
2016.08.09;95096.23;95096.23;95096.23;95325.56
2016.08.10;95325.56;95325.56;95325.56;95920.79
2016.08.11;95920.79;95920.79;95008.88;95008.88
2016.08.12;95008.88;95008.88;94463.41;94463.41
2016.08.15;94463.41;94463.41;94197.49;94197.49
2016.08.16;94197.49;94197.49;93800.46;93800.46
2016.08.17;93800.46;93800.46;93568.54;93568.54
2016.08.18;93568.54;93568.54;92913.94;92913.94
2016.08.19;92913.94;92913.94;92796.82;92796.82
2016.08.22;92796.82;92796.82;92796.82;93283.45
2016.08.23;93283.45;93283.45;93058.68;93058.68
2016.08.24;93058.68;93058.68;93058.68;93233.01
2016.08.25;93233.01;93233.01;93103.78;93103.78
2016.08.26;93103.78;93103.78;93103.78;93252.00
2016.08.29;93252.00;93252.00;93252.00;93471.82
2016.08.30;93471.82;93471.82;93471.82;93530.66
2016.08.31;93530.66;93530.66;93530.66;94163.13
2016.09.01;94163.13;94163.13;94163.13;94770.43
2016.09.02;94770.43;94770.43;94575.22;94575.22
2016.09.06;94575.22;94575.22;94471.32;94471.32
2016.09.07;94471.32;94471.32;94445.17;94445.17
2016.09.08;94445.17;94445.17;93915.26;93915.26
2016.09.09;93915.26;93915.26;93915.26;94101.49
2016.09.12;94101.49;94101.49;94101.49;94103.57
2016.09.13;94103.57;94103.57;94103.57;94156.42
2016.09.14;94156.42;94156.42;94156.42;94350.92
2016.09.15;94350.92;94350.92;94350.92;94569.27
2016.09.16;94569.27;94569.27;94288.18;94288.18
2016.09.19;94288.18;94288.18;94243.31;94243.31
2016.09.20;94243.31;94243.31;94186.23;94186.23
2016.09.21;94186.23;94186.23;93972.13;93972.13
2016.09.22;93972.13;93972.13;93954.70;93954.70
2016.09.23;93954.70;93954.70;93954.70;94009.66
2016.09.26;94009.66;94009.66;93510.68;93510.68
2016.09.27;93510.68;93510.68;93510.68;94219.31
2016.09.28;94219.31;94219.31;94071.76;94071.76
2016.09.29;94071.76;94071.76;93771.99;93771.99
2016.09.30;93771.99;93771.99;93771.99;94167.44
2016.10.03;94167.44;94167.44;94167.44;94211.04
2016.10.04;94211.04;94211.04;94211.04;95189.42
2016.10.05;95189.42;95189.42;95189.42;95743.19
2016.10.06;95743.19;95743.19;95743.19;96177.35
2016.10.07;96177.35;96177.35;95871.26;95871.26
2016.10.10;95871.26;95871.26;95871.26;96362.33
2016.10.11;96362.33;96362.33;96302.85;96302.85
2016.10.12;96302.85;96302.85;95839.63;95839.63
2016.10.13;95839.63;95839.63;95622.25;95622.25
2016.10.14;95622.25;95622.25;95622.25;95759.53
2016.10.17;95759.53;95759.53;95525.28;95525.28
2016.10.18;95525.28;95525.28;95486.00;95486.00
2016.10.19;95486.00;95486.00;95486.00;95823.20
2016.10.20;95823.20;95823.20;95651.67;95651.67
2016.10.21;95651.67;95651.67;95651.67;95711.60
2016.10.24;95711.60;95711.60;95711.60;95754.78
2016.10.25;95754.78;95754.78;95291.20;95291.20
2016.10.26;95291.20;95291.20;95090.70;95090.70
2016.10.27;95090.70;95090.70;95090.70;95221.31
2016.10.28;95221.31;95221.31;94854.37;94854.37
2016.10.31;94854.37;94854.37;93916.41;93916.41
2016.11.01;93916.41;93916.41;93734.39;93734.39
2016.11.02;93734.39;93734.39;92987.84;92987.84
2016.11.03;92987.84;92987.84;92987.84;93249.03
2016.11.04;93249.03;93249.03;92476.48;92476.48
2016.11.07;92476.48;92476.48;92476.48;93096.60
2016.11.08;93096.60;93096.60;92788.72;92788.72
2016.11.09;92788.72;92788.72;92286.80;92286.80
2016.11.10;92286.80;92286.80;91929.70;91929.70
2016.11.11;91929.70;91929.70;91929.70;93822.50
2016.11.14;93822.50;93822.50;93822.50;94860.45
2016.11.15;94860.45;94860.45;94860.45;95607.27
2016.11.16;95607.27;95607.27;95426.12;95426.12
2016.11.17;95426.12;95426.12;95426.12;96354.33
2016.11.18;96354.33;96354.33;96354.33;96754.41
2016.11.21;96754.41;96754.41;96754.41;97722.81
2016.11.22;97722.81;97722.81;97590.56;97590.56
2016.11.23;97590.56;97590.56;97590.56;98070.85
2016.11.25;98070.85;98070.85;97305.65;97305.65
2016.11.28;97305.65;97305.65;97305.65;97757.71
2016.11.29;97757.71;97757.71;97033.08;97033.08
2016.11.30;97033.08;97033.08;97033.08;98547.00
2016.12.01;98547.00;98547.00;98547.00;99352.31
2016.12.02;99352.31;99352.31;98868.64;98868.64
2016.12.05;98868.64;98868.64;98868.64;99233.61
2016.12.06;99233.61;99233.61;99233.61;99494.17
2016.12.07;99494.17;99494.17;99425.52;99425.52
2016.12.08;99425.52;99425.52;99425.52;100022.17
2016.12.09;100022.17;100022.17;100022.17;100640.96
2016.12.12;100640.96;100640.96;100113.13;100113.13
2016.12.13;100113.13;100113.13;100113.13;100389.10
2016.12.14;100389.10;100389.10;100329.23;100329.23
2016.12.15;100329.23;100329.23;100329.23;101434.48
2016.12.16;101434.48;101434.48;101180.35;101180.35
2016.12.19;101180.35;101180.35;101123.62;101123.62
2016.12.20;101123.62;101123.62;101123.62;101543.55
2016.12.21;101543.55;101543.55;101466.35;101466.35
2016.12.22;101466.35;101466.35;101466.35;101562.67
2016.12.23;101562.67;101562.67;101562.67;101667.61
2016.12.27;101667.61;101667.61;101559.22;101559.22
2016.12.28;101559.22;101559.22;100932.43;100932.43
2016.12.29;100932.43;100932.43;100455.27;100455.27
2016.12.30;100455.27;100455.27;100455.27;100626.39
2017.01.03;100626.39;100626.39;100447.17;100447.17
2017.01.04;100447.17;100447.17;100447.17;100541.72
2017.01.05;100541.72;100541.72;99868.40;99868.40
2017.01.06;99868.40;99868.40;99868.40;100242.26
2017.01.09;100242.26;100242.26;99523.20;99523.20
2017.01.10;99523.20;99523.20;99076.83;99076.83
2017.01.11;99076.83;99076.83;99076.83;99323.32
2017.01.12;99323.32;99323.32;99146.05;99146.05
2017.01.13;99146.05;99146.05;99146.05;99153.73
2017.01.17;99153.73;99153.73;98252.34;98252.34
2017.01.18;98252.34;98252.34;98252.34;98637.22
2017.01.19;98637.22;98637.22;98541.18;98541.18
2017.01.20;98541.18;98541.18;98541.18;98731.36
2017.01.23;98731.36;98731.36;98285.26;98285.26
2017.01.24;98285.26;98285.26;98285.26;98833.89
2017.01.25;98833.89;98833.89;98833.89;99516.32
2017.01.26;99516.32;99516.32;99516.32;99886.58
2017.01.27;99886.58;99886.58;99318.71;99318.71
2017.01.30;99318.71;99318.71;98869.43;98869.43
2017.01.31;98869.43;98869.43;98222.71;98222.71
2017.02.01;98222.71;98222.71;98222.71;98267.03
2017.02.02;98267.03;98267.03;98080.70;98080.70
2017.02.03;98080.70;98080.70;98080.70;98220.32
2017.02.06;98220.32;98220.32;98220.32;98287.08
2017.02.07;98287.08;98287.08;98287.08;98524.78
2017.02.08;98524.78;98524.78;98328.43;98328.43
2017.02.09;98328.43;98328.43;98328.43;98432.73
2017.02.10;98432.73;98432.73;98420.88;98420.88
2017.02.13;98420.88;98420.88;98420.88;98802.64
2017.02.14;98802.64;98802.64;98802.64;98944.23
2017.02.15;98944.23;98944.23;98944.23;99273.22
2017.02.16;99273.22;99273.22;99273.22;99295.88
2017.02.17;99295.88;99295.88;99286.50;99286.50
2017.02.21;99286.50;99286.50;99286.50;99293.37
2017.02.22;99293.37;99293.37;99293.37;99687.15
2017.02.23;99687.15;99687.15;99315.35;99315.35
2017.02.24;99315.35;99315.35;99210.95;99210.95
2017.02.27;99210.95;99210.95;99210.95;99217.51
2017.02.28;99217.51;99217.51;99057.55;99057.55
2017.03.01;99057.55;99057.55;99057.55;99740.95
2017.03.02;99740.95;99740.95;99716.80;99716.80
2017.03.03;99716.80;99716.80;99716.80;99749.37
2017.03.06;99749.37;99749.37;99499.05;99499.05
2017.03.07;99499.05;99499.05;99399.45;99399.45
2017.03.08;99399.45;99399.45;99399.45;100717.36
2017.03.09;100717.36;100717.36;100516.51;100516.51
2017.03.10;100516.51;100516.51;100516.51;101126.06
2017.03.13;101126.06;101126.06;101126.06;101127.31
2017.03.14;101127.31;101127.31;101127.31;101419.43
2017.03.15;101419.43;101419.43;101294.12;101294.12
2017.03.16;101294.12;101294.12;101264.16;101264.16
2017.03.17;101264.16;101264.16;101264.16;101363.99
2017.03.20;101363.99;101363.99;101363.99;101424.02
2017.03.21;101424.02;101424.02;101424.02;101845.89
2017.03.22;101845.89;101845.89;101845.89;102074.99
2017.03.23;102074.99;102074.99;102074.99;102206.81
2017.03.24;102206.81;102206.81;102206.81;102403.26
2017.03.27;102403.26;102403.26;102403.26;102893.91
2017.03.28;102893.91;102893.91;102457.76;102457.76
2017.03.29;102457.76;102457.76;101880.73;101880.73
2017.03.30;101880.73;101880.73;101496.96;101496.96
2017.03.31;101496.96;101496.96;101496.96;101553.85
2017.04.03;101553.85;101553.85;101553.85;101701.90
2017.04.04;101701.90;101701.90;101195.03;101195.03
2017.04.05;101195.03;101195.03;101195.03;101217.34
2017.04.06;101217.34;101217.34;100264.66;100264.66
2017.04.07;100264.66;100264.66;99884.74;99884.74
2017.04.10;99884.74;99884.74;98992.76;98992.76
2017.04.11;98992.76;98992.76;98989.03;98989.03
2017.04.12;98989.03;98989.03;98989.03;99550.95
2017.04.13;99550.95;99550.95;99550.95;99797.20
2017.04.17;99797.20;99797.20;99797.20;100293.95
2017.04.18;100293.95;100293.95;100293.95;100301.66
2017.04.19;100301.66;100301.66;100301.66;101629.48
2017.04.20;101629.48;101629.48;101629.48;102050.29
2017.04.21;102050.29;102050.29;102050.29;103005.20
2017.04.24;103005.20;103005.20;103005.20;104142.12
2017.04.25;104142.12;104142.12;103840.72;103840.72
2017.04.26;103840.72;103840.72;103840.72;103891.25
2017.04.27;103891.25;103891.25;103891.25;104317.74
2017.04.28;104317.74;104317.74;104317.74;104407.89
2017.05.01;104407.89;104407.89;104407.89;104905.15
2017.05.02;104905.15;104905.15;104905.15;106050.82
2017.05.03;106050.82;106050.82;105976.79;105976.79
2017.05.04;105976.79;105976.79;105976.79;108371.99
2017.05.05;108371.99;108371.99;108088.77;108088.77
2017.05.08;108088.77;108088.77;107606.06;107606.06
2017.05.09;107606.06;107606.06;107606.06;108404.47
2017.05.10;108404.47;108404.47;107247.06;107247.06
2017.05.11;107247.06;107247.06;106926.36;106926.36
2017.05.12;106926.36;106926.36;106926.36;107308.53
2017.05.15;107308.53;107308.53;106671.26;106671.26
2017.05.16;106671.26;106671.26;106671.26;107168.86
2017.05.17;107168.86;107168.86;105901.48;105901.48
2017.05.18;105901.48;105901.48;105901.48;106158.24
2017.05.19;106158.24;106158.24;105673.04;105673.04
2017.05.22;105673.04;105673.04;105560.61;105560.61
2017.05.23;105560.61;105560.61;105233.08;105233.08
2017.05.24;105233.08;105233.08;105233.08;105570.27
2017.05.25;105570.27;105570.27;105570.27;107951.76
2017.05.26;107951.76;107951.76;106942.99;106942.99
2017.05.30;106942.99;106942.99;106942.99;107405.69
2017.05.31;107405.69;107405.69;107405.69;108592.04
2017.06.01;108592.04;108592.04;108592.04;108891.37
2017.06.02;108891.37;108891.37;108891.37;109782.35
2017.06.05;109782.35;109782.35;109657.52;109657.52
2017.06.06;109657.52;109657.52;108754.38;108754.38
2017.06.07;108754.38;108754.38;108754.38;109981.49
2017.06.08;109981.49;109981.49;109530.19;109530.19
2017.06.09;109530.19;109530.19;108002.59;108002.59
2017.06.12;108002.59;108002.59;107571.87;107571.87
2017.06.13;107571.87;107571.87;107526.45;107526.45
2017.06.14;107526.45;107526.45;107526.45;108820.98
2017.06.15;108820.98;108820.98;108748.67;108748.67
2017.06.16;108748.67;108748.67;108562.81;108562.81
2017.06.19;108562.81;108562.81;108562.81;109156.26
2017.06.20;109156.26;109156.26;109156.26;109430.24
2017.06.21;109430.24;109430.24;109430.24;110454.05
2017.06.22;110454.05;110454.05;110169.29;110169.29
2017.06.23;110169.29;110169.29;109858.43;109858.43
2017.06.26;109858.43;109858.43;109858.43;109911.32
2017.06.27;109911.32;109911.32;109251.52;109251.52
2017.06.28;109251.52;109251.52;108916.85;108916.85
2017.06.29;108916.85;108916.85;108014.68;108014.68
2017.06.30;108014.68;108014.68;107419.38;107419.38
2017.07.03;107419.38;107419.38;106322.59;106322.59
2017.07.05;106322.59;106322.59;106322.59;107219.13
2017.07.06;107219.13;107219.13;106857.78;106857.78
2017.07.07;106857.78;106857.78;106857.78;107597.90
2017.07.10;107597.90;107597.90;107195.96;107195.96
2017.07.11;107195.96;107195.96;106655.65;106655.65
2017.07.12;106655.65;106655.65;106655.65;106724.13
2017.07.13;106724.13;106724.13;106724.13;106866.53
2017.07.14;106866.53;106866.53;106479.50;106479.50
2017.07.17;106479.50;106479.50;106178.01;106178.01
2017.07.18;106178.01;106178.01;105767.00;105767.00
2017.07.19;105767.00;105767.00;105533.28;105533.28
2017.07.20;105533.28;105533.28;105533.28;105888.63
2017.07.21;105888.63;105888.63;105888.63;106065.51
2017.07.24;106065.51;106065.51;105922.72;105922.72
2017.07.25;105922.72;105922.72;105289.67;105289.67
2017.07.26;105289.67;105289.67;104737.45;104737.45
2017.07.27;104737.45;104737.45;104065.03;104065.03
2017.07.28;104065.03;104065.03;104065.03;104104.18
2017.07.31;104104.18;104104.18;104104.18;104158.64
2017.08.01;104158.64;104158.64;104158.64;104616.47
2017.08.02;104616.47;104616.47;104616.47;104894.00
2017.08.03;104894.00;104894.00;104483.96;104483.96
2017.08.04;104483.96;104483.96;104483.96;105340.81
2017.08.07;105340.81;105340.81;105340.81;105602.26
2017.08.08;105602.26;105602.26;105302.25;105302.25
2017.08.09;105302.25;105302.25;104581.80;104581.80
2017.08.10;104581.80;104581.80;102753.89;102753.89
2017.08.11;102753.89;102753.89;102753.89;103012.81
2017.08.14;103012.81;103012.81;103012.81;103345.71
2017.08.15;103345.71;103345.71;103345.71;103962.20
2017.08.16;103962.20;103962.20;103564.71;103564.71
2017.08.17;103564.71;103564.71;103011.77;103011.77
2017.08.18;103011.77;103011.77;103011.77;103746.25
2017.08.21;103746.25;103746.25;103501.10;103501.10
2017.08.22;103501.10;103501.10;103501.10;104281.58
2017.08.23;104281.58;104281.58;104257.57;104257.57
2017.08.24;104257.57;104257.57;104257.57;104598.17
2017.08.25;104598.17;104598.17;104554.08;104554.08
2017.08.28;104554.08;104554.08;103760.66;103760.66
2017.08.29;103760.66;103760.66;103576.11;103576.11
2017.08.30;103576.11;103576.11;103576.11;103668.41
2017.08.31;103668.41;103668.41;103668.41;104110.76
2017.09.01;104110.76;104110.76;104110.76;104264.57
2017.09.05;104264.57;104264.57;103884.08;103884.08
2017.09.06;103884.08;103884.08;103179.18;103179.18
2017.09.07;103179.18;103179.18;103179.18;103774.97
2017.09.08;103774.97;103774.97;103774.97;104335.50
2017.09.11;104335.50;104335.50;103791.54;103791.54
2017.09.12;103791.54;103791.54;103599.18;103599.18
2017.09.13;103599.18;103599.18;102569.11;102569.11
2017.09.14;102569.11;102569.11;102569.11;102603.36
2017.09.15;102603.36;102603.36;102367.07;102367.07
2017.09.18;102367.07;102367.07;101890.92;101890.92
2017.09.19;101890.92;101890.92;101890.92;102003.80
2017.09.20;102003.80;102003.80;101454.35;101454.35
2017.09.21;101454.35;101454.35;101311.54;101311.54
2017.09.22;101311.54;101311.54;101146.68;101146.68
2017.09.25;101146.68;101146.68;100223.14;100223.14
2017.09.26;100223.14;100223.14;99768.72;99768.72
2017.09.27;99768.72;99768.72;99337.68;99337.68
2017.09.28;99337.68;99337.68;99337.68;99504.45
2017.09.29;99504.45;99504.45;99504.45;99554.21
2017.10.02;99554.21;99554.21;99554.21;99705.98
2017.10.03;99705.98;99705.98;99705.98;99813.51
2017.10.04;99813.51;99813.51;99261.61;99261.61
2017.10.05;99261.61;99261.61;99261.61;99789.51
2017.10.06;99789.51;99789.51;99336.64;99336.64
2017.10.09;99336.64;99336.64;99229.80;99229.80
2017.10.10;99229.80;99229.80;99229.80;99421.92
2017.10.11;99421.92;99421.92;99421.92;99428.77
2017.10.12;99428.77;99428.77;98834.82;98834.82
2017.10.13;98834.82;98834.82;98834.82;98956.95
2017.10.16;98956.95;98956.95;98956.95;99334.61
2017.10.17;99334.61;99334.61;99334.61;99370.13
2017.10.18;99370.13;99370.13;99370.13;99584.10
2017.10.19;99584.10;99584.10;99027.35;99027.35
2017.10.20;99027.35;99027.35;99027.35;99682.34
2017.10.23;99682.34;99682.34;99335.04;99335.04
2017.10.24;99335.04;99335.04;99335.04;99963.97
2017.10.25;99963.97;99963.97;99806.36;99806.36
2017.10.26;99806.36;99806.36;99806.36;100310.58
2017.10.27;100310.58;100310.58;100310.58;101058.46
2017.10.30;101058.46;101058.46;101000.25;101000.25
2017.10.31;101000.25;101000.25;101000.25;101267.78
2017.11.01;101267.78;101267.78;101231.46;101231.46
2017.11.02;101231.46;101231.46;101231.46;101462.20
2017.11.03;101462.20;101462.20;101462.20;102105.98
2017.11.06;102105.98;102105.98;102105.98;102870.91
2017.11.07;102870.91;102870.91;102651.54;102651.54
2017.11.08;102651.54;102651.54;102324.09;102324.09
2017.11.09;102324.09;102324.09;102052.84;102052.84
2017.11.10;102052.84;102052.84;102021.13;102021.13
2017.11.13;102021.13;102021.13;101683.76;101683.76
2017.11.14;101683.76;101683.76;100770.44;100770.44
2017.11.15;100770.44;100770.44;100581.46;100581.46
2017.11.16;100581.46;100581.46;100581.46;100748.74
2017.11.17;100748.74;100748.74;100748.74;101009.06
2017.11.20;101009.06;101009.06;101009.06;101370.75
2017.11.21;101370.75;101370.75;101370.75;101795.96
2017.11.22;101795.96;101795.96;101795.96;101977.99
2017.11.24;101977.99;101977.99;101977.99;102769.16
2017.11.27;102769.16;102769.16;102159.77;102159.77
2017.11.28;102159.77;102159.77;102159.77;102225.60
2017.11.29;102225.60;102225.60;101612.59;101612.59
2017.11.30;101612.59;101612.59;101612.59;101779.23
2017.12.01;101779.23;101779.23;101684.15;101684.15
2017.12.04;101684.15;101684.15;101658.66;101658.66
2017.12.05;101658.66;101658.66;101658.66;102061.87
2017.12.06;102061.87;102061.87;101549.26;101549.26
2017.12.07;101549.26;101549.26;101549.26;102551.13
2017.12.08;102551.13;102551.13;102551.13;102929.78
2017.12.11;102929.78;102929.78;102929.78;103529.38
2017.12.12;103529.38;103529.38;103362.05;103362.05
2017.12.13;103362.05;103362.05;102232.42;102232.42
2017.12.14;102232.42;102232.42;102232.42;102690.86
2017.12.15;102690.86;102690.86;102690.86;102858.83
2017.12.18;102858.83;102858.83;102858.83;102876.94
2017.12.19;102876.94;102876.94;102876.94;103129.84
2017.12.20;103129.84;103129.84;103129.84;103372.18
2017.12.21;103372.18;103372.18;103372.18;103567.00
2017.12.22;103567.00;103567.00;103088.92;103088.92
2017.12.26;103088.92;103088.92;103088.92;103363.87
2017.12.27;103363.87;103363.87;102824.93;102824.93
2017.12.28;102824.93;102824.93;102656.61;102656.61
2017.12.29;102656.61;102656.61;102192.17;102192.17
2018.01.02;102192.17;102192.17;101875.49;101875.49
2018.01.03;101875.49;101875.49;101875.49;102839.49
2018.01.04;102839.49;102839.49;102839.49;103588.33
2018.01.05;103588.33;103588.33;103588.33;103803.71
2018.01.08;103803.71;103803.71;103747.41;103747.41
2018.01.09;103747.41;103747.41;103747.41;104726.84
2018.01.10;104726.84;104726.84;104726.84;105536.34
2018.01.11;105536.34;105536.34;105536.34;106574.65
2018.01.12;106574.65;106574.65;106574.65;107831.32
2018.01.16;107831.32;107831.32;107183.09;107183.09
2018.01.17;107183.09;107183.09;107183.09;107641.27
2018.01.18;107641.27;107641.27;107641.27;107710.75
2018.01.19;107710.75;107710.75;107710.75;108007.59
2018.01.22;108007.59;108007.59;108007.59;108694.94
2018.01.23;108694.94;108694.94;108530.71;108530.71
2018.01.24;108530.71;108530.71;108530.71;109531.31
2018.01.25;109531.31;109531.31;108486.55;108486.55
2018.01.26;108486.55;108486.55;108486.55;109305.45
2018.01.29;109305.45;109305.45;109249.45;109249.45
2018.01.30;109249.45;109249.45;108414.03;108414.03
2018.01.31;108414.03;108414.03;107936.62;107936.62
2018.02.01;107936.62;107936.62;107936.62;109183.91
2018.02.02;109183.91;109183.91;108453.19;108453.19
2018.02.05;108453.19;108453.19;106177.52;106177.52
2018.02.06;106177.52;106177.52;106177.52;108279.92
2018.02.07;108279.92;108279.92;107446.34;107446.34
2018.02.08;107446.34;107446.34;105316.69;105316.69
2018.02.09;105316.69;105316.69;104866.06;104866.06
2018.02.12;104866.06;104866.06;104866.06;105405.96
2018.02.13;105405.96;105405.96;105334.88;105334.88
2018.02.14;105334.88;105334.88;105334.88;107799.91
2018.02.15;107799.91;107799.91;107799.91;108034.77
2018.02.16;108034.77;108034.77;107385.58;107385.58
2018.02.20;107385.58;107385.58;107385.58;107712.09
2018.02.21;107712.09;107712.09;107712.09;108371.66
2018.02.22;108371.66;108371.66;108371.66;108627.15
2018.02.23;108627.15;108627.15;108627.15;108658.96
2018.02.26;108658.96;108658.96;108658.96;109444.76
2018.02.27;109444.76;109444.76;108582.89;108582.89
2018.02.28;108582.89;108582.89;107572.69;107572.69
2018.03.01;107572.69;107572.69;106753.85;106753.85
2018.03.02;106753.85;106753.85;106753.85;107267.20
2018.03.05;107267.20;107267.20;106983.07;106983.07
2018.03.06;106983.07;106983.07;106983.07;107317.47
2018.03.07;107317.47;107317.47;107317.47;107730.36
2018.03.08;107730.36;107730.36;107664.47;107664.47
2018.03.09;107664.47;107664.47;107664.47;108371.29
2018.03.12;108371.29;108371.29;108371.29;108464.16
2018.03.13;108464.16;108464.16;107779.41;107779.41
2018.03.14;107779.41;107779.41;107741.73;107741.73
2018.03.15;107741.73;107741.73;107741.73;107960.67
2018.03.16;107960.67;107960.67;107416.79;107416.79
2018.03.19;107416.79;107416.79;106877.63;106877.63
2018.03.20;106877.63;106877.63;106877.63;107013.91
2018.03.21;107013.91;107013.91;106448.92;106448.92
2018.03.22;106448.92;106448.92;105353.21;105353.21
2018.03.23;105353.21;105353.21;104432.01;104432.01
2018.03.26;104432.01;104432.01;104432.01;105797.93
2018.03.27;105797.93;105797.93;103703.75;103703.75
2018.03.28;103703.75;103703.75;102932.31;102932.31
2018.03.29;102932.31;102932.31;102932.31;103398.29
2018.04.02;103398.29;103398.29;102846.47;102846.47
2018.04.03;102846.47;102846.47;102158.83;102158.83
2018.04.04;102158.83;102158.83;102120.68;102120.68
2018.04.05;102120.68;102120.68;101455.17;101455.17
2018.04.06;101455.17;101455.17;101455.17;101813.09
2018.04.09;101813.09;101813.09;101813.09;101968.50
2018.04.10;101968.50;101968.50;101495.51;101495.51
2018.04.11;101495.51;101495.51;101495.51;101808.72
2018.04.12;101808.72;101808.72;101441.24;101441.24
2018.04.13;101441.24;101441.24;101300.88;101300.88
2018.04.16;101300.88;101300.88;100598.56;100598.56
2018.04.17;100598.56;100598.56;100598.56;100695.57
2018.04.18;100695.57;100695.57;100695.57;100855.00
2018.04.19;100855.00;100855.00;100855.00;101054.65
2018.04.20;101054.65;101054.65;101054.65;101165.94
2018.04.23;101165.94;101165.94;101165.94;101503.61
2018.04.24;101503.61;101503.61;101503.61;101962.13
2018.04.25;101962.13;101962.13;101695.49;101695.49
2018.04.26;101695.49;101695.49;101694.83;101694.83
2018.04.27;101694.83;101694.83;101694.83;102168.30
2018.04.30;102168.30;102168.30;102168.30;102648.92
2018.05.01;102648.92;102648.92;102648.92;102669.75
2018.05.02;102669.75;102669.75;102669.75;103604.39
2018.05.03;103604.39;103604.39;103604.39;103818.34
2018.05.04;103818.34;103818.34;103700.88;103700.88
2018.05.07;103700.88;103700.88;103700.88;103756.99
2018.05.08;103756.99;103756.99;103373.05;103373.05
2018.05.09;103373.05;103373.05;103373.05;103931.91
2018.05.10;103931.91;103931.91;103714.27;103714.27
2018.05.11;103714.27;103714.27;103460.30;103460.30
2018.05.14;103460.30;103460.30;103460.30;103824.60
2018.05.15;103824.60;103824.60;103824.60;104178.40
2018.05.16;104178.40;104178.40;103795.39;103795.39
2018.05.17;103795.39;103795.39;103795.39;104112.35
2018.05.18;104112.35;104112.35;103957.30;103957.30
2018.05.21;103957.30;103957.30;103957.30;104190.16
2018.05.22;104190.16;104190.16;104058.35;104058.35
2018.05.23;104058.35;104058.35;103941.87;103941.87
2018.05.24;103941.87;103941.87;103305.24;103305.24
2018.05.25;103305.24;103305.24;101640.84;101640.84
2018.05.29;101640.84;101640.84;101640.84;101973.44
2018.05.30;101973.44;101973.44;101973.44;102528.22
2018.05.31;102528.22;102528.22;102528.22;102641.69
2018.06.01;102641.69;102641.69;101496.87;101496.87
2018.06.04;101496.87;101496.87;101133.62;101133.62
2018.06.05;101133.62;101133.62;101133.62;101644.27
2018.06.06;101644.27;101644.27;101296.70;101296.70
2018.06.07;101296.70;101296.70;101296.70;101774.66
2018.06.08;101774.66;101774.66;101511.80;101511.80
2018.06.11;101511.80;101511.80;101397.58;101397.58
2018.06.12;101397.58;101397.58;101397.58;101723.41
2018.06.13;101723.41;101723.41;101541.11;101541.11
2018.06.14;101541.11;101541.11;101541.11;102031.70
2018.06.15;102031.70;102031.70;101585.77;101585.77
2018.06.18;101585.77;101585.77;101585.77;102866.35
2018.06.19;102866.35;102866.35;102866.35;103047.52
2018.06.20;103047.52;103047.52;103047.52;103474.81
2018.06.21;103474.81;103474.81;103222.63;103222.63
2018.06.22;103222.63;103222.63;103175.57;103175.57
2018.06.25;103175.57;103175.57;102343.16;102343.16
2018.06.26;102343.16;102343.16;102343.16;103338.50
2018.06.27;103338.50;103338.50;103338.50;103810.29
2018.06.28;103810.29;103810.29;103810.29;104054.00
2018.06.29;104054.00;104054.00;103682.61;103682.61
2018.07.02;103682.61;103682.61;103682.61;104310.15
2018.07.03;104310.15;104310.15;104047.53;104047.53
2018.07.05;104047.53;104047.53;103789.05;103789.05
2018.07.06;103789.05;103789.05;103789.05;103902.39
2018.07.09;103902.39;103902.39;103205.82;103205.82
2018.07.10;103205.82;103205.82;103205.82;103564.15
2018.07.11;103564.15;103564.15;103332.18;103332.18
2018.07.12;103332.18;103332.18;102924.30;102924.30
2018.07.13;102924.30;102924.30;102924.30;103083.22
2018.07.16;103083.22;103083.22;102042.01;102042.01
2018.07.17;102042.01;102042.01;101866.30;101866.30
2018.07.18;101866.30;101866.30;101866.30;101907.64
2018.07.19;101907.64;101907.64;101907.64;102621.97
2018.07.20;102621.97;102621.97;102026.46;102026.46
2018.07.23;102026.46;102026.46;102026.46;102046.25
2018.07.24;102046.25;102046.25;101712.84;101712.84
2018.07.25;101712.84;101712.84;101557.30;101557.30
2018.07.26;101557.30;101557.30;101557.30;102201.11
2018.07.27;102201.11;102201.11;101509.58;101509.58
2018.07.30;101509.58;101509.58;101509.58;101901.29
2018.07.31;101901.29;101901.29;101395.05;101395.05
2018.08.01;101395.05;101395.05;101395.05;101493.87
2018.08.02;101493.87;101493.87;101493.87;102192.96
2018.08.03;102192.96;102192.96;102192.96;102324.72
2018.08.06;102324.72;102324.72;102324.72;102789.63
2018.08.07;102789.63;102789.63;102538.04;102538.04
2018.08.08;102538.04;102538.04;102200.78;102200.78
2018.08.09;102200.78;102200.78;102044.85;102044.85
2018.08.10;102044.85;102044.85;102044.85;102110.94
2018.08.13;102110.94;102110.94;102110.94;103154.48
2018.08.14;103154.48;103154.48;103154.48;103280.87
2018.08.15;103280.87;103280.87;103280.87;105030.88
2018.08.16;105030.88;105030.88;105030.88;105410.42
2018.08.17;105410.42;105410.42;105225.33;105225.33
2018.08.20;105225.33;105225.33;105225.33;105297.16
2018.08.21;105297.16;105297.16;105050.93;105050.93
2018.08.22;105050.93;105050.93;104718.79;104718.79
2018.08.23;104718.79;104718.79;104718.79;105451.76
2018.08.24;105451.76;105451.76;104530.42;104530.42
2018.08.27;104530.42;104530.42;104414.79;104414.79
2018.08.28;104414.79;104414.79;104414.79;104914.53
2018.08.29;104914.53;104914.53;104914.53;104988.75
2018.08.30;104988.75;104988.75;104988.75;105559.45
2018.08.31;105559.45;105559.45;105559.45;105626.64
2018.09.04;105626.64;105626.64;105626.64;106463.42
2018.09.05;106463.42;106463.42;106463.42;106619.25
2018.09.06;106619.25;106619.25;106619.25;106647.50
2018.09.07;106647.50;106647.50;106647.50;106686.99
2018.09.10;106686.99;106686.99;106686.99;106788.85
2018.09.11;106788.85;106788.85;106788.85;107174.79
2018.09.12;107174.79;107174.79;106835.20;106835.20
2018.09.13;106835.20;106835.20;106835.20;107054.75
2018.09.14;107054.75;107054.75;107054.75;107401.70
2018.09.17;107401.70;107401.70;106849.35;106849.35
2018.09.18;106849.35;106849.35;106849.35;107207.63
2018.09.19;107207.63;107207.63;106552.74;106552.74
2018.09.20;106552.74;106552.74;106346.70;106346.70
2018.09.21;106346.70;106346.70;106346.70;106561.13
2018.09.24;106561.13;106561.13;106561.13;106623.91
2018.09.25;106623.91;106623.91;105779.41;105779.41
2018.09.26;105779.41;105779.41;105779.41;105798.80
2018.09.27;105798.80;105798.80;105798.80;106401.31
2018.09.28;106401.31;106401.31;106297.05;106297.05
2018.10.01;106297.05;106297.05;106297.05;106939.70
2018.10.02;106939.70;106939.70;106449.50;106449.50
2018.10.03;106449.50;106449.50;106449.50;107058.38
2018.10.04;107058.38;107058.38;106595.00;106595.00
2018.10.05;106595.00;106595.00;106503.91;106503.91
2018.10.08;106503.91;106503.91;106503.91;107191.56
2018.10.09;107191.56;107191.56;107018.70;107018.70
2018.10.10;107018.70;107018.70;105390.74;105390.74
2018.10.11;105390.74;105390.74;102804.59;102804.59
2018.10.12;102804.59;102804.59;102804.59;103685.45
2018.10.15;103685.45;103685.45;103127.38;103127.38
2018.10.16;103127.38;103127.38;103127.38;104090.35
2018.10.17;104090.35;104090.35;103973.56;103973.56
2018.10.18;103973.56;103973.56;103247.61;103247.61
2018.10.19;103247.61;103247.61;102899.77;102899.77
2018.10.22;102899.77;102899.77;102899.77;102938.20
2018.10.23;102938.20;102938.20;101309.28;101309.28
2018.10.24;101309.28;101309.28;99742.45;99742.45
2018.10.25;99742.45;99742.45;99742.45;100581.27
2018.10.26;100581.27;100581.27;100005.27;100005.27
2018.10.29;100005.27;100005.27;99713.84;99713.84
2018.10.30;99713.84;99713.84;99713.84;100254.08
2018.10.31;100254.08;100254.08;100254.08;100864.77
2018.11.01;100864.77;100864.77;99760.28;99760.28
2018.11.02;99760.28;99760.28;99558.44;99558.44
2018.11.05;99558.44;99558.44;99558.44;99798.26
2018.11.06;99798.26;99798.26;99688.77;99688.77
2018.11.07;99688.77;99688.77;99190.49;99190.49
2018.11.08;99190.49;99190.49;99190.49;99835.12
2018.11.09;99835.12;99835.12;99835.12;100359.85
2018.11.12;100359.85;100359.85;100359.85;101192.14
2018.11.13;101192.14;101192.14;101192.14;101579.29
2018.11.14;101579.29;101579.29;101362.39;101362.39
2018.11.15;101362.39;101362.39;100630.11;100630.11
2018.11.16;100630.11;100630.11;100630.11;100743.36
2018.11.19;100743.36;100743.36;100743.36;101381.32
2018.11.20;101381.32;101381.32;101381.32;102437.77
2018.11.21;102437.77;102437.77;101379.57;101379.57
2018.11.23;101379.57;101379.57;101379.57;102305.39
2018.11.26;102305.39;102305.39;101689.01;101689.01
2018.11.27;101689.01;101689.01;101689.01;102128.53
2018.11.28;102128.53;102128.53;101582.75;101582.75
2018.11.29;101582.75;101582.75;101570.92;101570.92
2018.11.30;101570.92;101570.92;101570.92;101922.11
2018.12.03;101922.11;101922.11;101170.01;101170.01
2018.12.04;101170.01;101170.01;101170.01;101555.91
2018.12.06;101555.91;101555.91;101555.91;102515.23
2018.12.07;102515.23;102515.23;102030.92;102030.92
2018.12.10;102030.92;102030.92;102030.92;102845.85
2018.12.11;102845.85;102845.85;102667.91;102667.91
2018.12.12;102667.91;102667.91;102349.91;102349.91
2018.12.13;102349.91;102349.91;102045.94;102045.94
2018.12.14;102045.94;102045.94;102045.94;102547.31
2018.12.17;102547.31;102547.31;102242.34;102242.34
2018.12.18;102242.34;102242.34;102242.34;103244.95
2018.12.19;103244.95;103244.95;102879.23;102879.23
2018.12.20;102879.23;102879.23;102879.23;103185.30
2018.12.21;103185.30;103185.30;103185.30;103359.04
2018.12.24;103359.04;103359.04;102976.05;102976.05
2018.12.26;102976.05;102976.05;102085.29;102085.29
2018.12.27;102085.29;102085.29;102085.29;102735.15
2018.12.28;102735.15;102735.15;102735.15;102883.97
2018.12.31;102883.97;102883.97;102766.89;102766.89
2019.01.02;102766.89;102766.89;101703.32;101703.32
2019.01.03;101703.32;101703.32;101703.32;102300.28
2019.01.04;102300.28;102300.28;100964.54;100964.54
2019.01.07;100964.54;100964.54;100436.72;100436.72
2019.01.08;100436.72;100436.72;99882.52;99882.52
2019.01.09;99882.52;99882.52;99016.15;99016.15
2019.01.10;99016.15;99016.15;98591.72;98591.72
2019.01.11;98591.72;98591.72;98591.72;99025.53
2019.01.14;99025.53;99025.53;99025.53;99362.82
2019.01.15;99362.82;99362.82;98752.70;98752.70
2019.01.16;98752.70;98752.70;98682.50;98682.50
2019.01.17;98682.50;98682.50;98431.57;98431.57
2019.01.18;98431.57;98431.57;97383.77;97383.77
2019.01.22;97383.77;97383.77;97383.77;98242.22
2019.01.23;98242.22;98242.22;98242.22;98485.85
2019.01.24;98485.85;98485.85;98247.10;98247.10
2019.01.25;98247.10;98247.10;98162.90;98162.90
2019.01.28;98162.90;98162.90;98162.90;98794.10
2019.01.29;98794.10;98794.10;98671.86;98671.86
2019.01.30;98671.86;98671.86;98225.21;98225.21
2019.01.31;98225.21;98225.21;98221.73;98221.73
2019.02.01;98221.73;98221.73;97420.84;97420.84
2019.02.04;97420.84;97420.84;97420.84;97424.26
2019.02.05;97424.26;97424.26;97424.26;97485.33
2019.02.06;97485.33;97485.33;97338.77;97338.77
2019.02.07;97338.77;97338.77;97338.77;97783.64
2019.02.08;97783.64;97783.64;97783.64;97845.58
2019.02.11;97845.58;97845.58;97776.85;97776.85
2019.02.12;97776.85;97776.85;97518.68;97518.68
2019.02.13;97518.68;97518.68;97383.96;97383.96
2019.02.14;97383.96;97383.96;97383.96;97443.86
2019.02.15;97443.86;97443.86;97315.39;97315.39
2019.02.19;97315.39;97315.39;97315.39;97428.88
2019.02.20;97428.88;97428.88;97361.48;97361.48
2019.02.21;97361.48;97361.48;97361.48;97400.74
2019.02.22;97400.74;97400.74;97400.74;97471.65
2019.02.25;97471.65;97471.65;97383.11;97383.11
2019.02.26;97383.11;97383.11;97382.98;97382.98
2019.02.27;97382.98;97382.98;97236.09;97236.09
2019.02.28;97236.09;97236.09;97236.09;97239.73
2019.03.01;97239.73;97239.73;96713.06;96713.06
2019.03.04;96713.06;96713.06;96713.06;96812.92
2019.03.05;96812.92;96812.92;96661.14;96661.14
2019.03.06;96661.14;96661.14;96528.34;96528.34
2019.03.07;96528.34;96528.34;96528.34;96651.05
2019.03.08;96651.05;96651.05;96553.86;96553.86
2019.03.11;96553.86;96553.86;96553.86;96699.42
2019.03.12;96699.42;96699.42;96537.04;96537.04
2019.03.13;96537.04;96537.04;96537.04;96836.95
2019.03.14;96836.95;96836.95;96836.95;96955.88
2019.03.15;96955.88;96955.88;96735.68;96735.68
2019.03.18;96735.68;96735.68;96735.68;96882.63
2019.03.19;96882.63;96882.63;96766.39;96766.39
2019.03.20;96766.39;96766.39;96766.39;96893.65
2019.03.21;96893.65;96893.65;96893.65;97087.94
2019.03.22;97087.94;97087.94;96669.18;96669.18
2019.03.25;96669.18;96669.18;96661.86;96661.86
2019.03.26;96661.86;96661.86;96661.86;96872.59
2019.03.27;96872.59;96872.59;96802.07;96802.07
2019.03.28;96802.07;96802.07;96802.07;96803.74
2019.03.29;96803.74;96803.74;96803.74;96975.11
2019.04.01;96975.11;96975.11;96975.11;97539.05
2019.04.02;97539.05;97539.05;97539.05;97949.12
2019.04.03;97949.12;97949.12;97825.69;97825.69
2019.04.04;97825.69;97825.69;97444.91;97444.91
2019.04.05;97444.91;97444.91;97444.91;97932.26
2019.04.08;97932.26;97932.26;97932.26;98156.90
2019.04.09;98156.90;98156.90;98145.35;98145.35
2019.04.10;98145.35;98145.35;98145.35;98242.66
2019.04.11;98242.66;98242.66;98242.66;98355.33
2019.04.12;98355.33;98355.33;98235.10;98235.10
2019.04.15;98235.10;98235.10;98219.98;98219.98
2019.04.16;98219.98;98219.98;98152.82;98152.82
2019.04.17;98152.82;98152.82;98054.65;98054.65
2019.04.18;98054.65;98054.65;98054.65;98294.73
2019.04.22;98294.73;98294.73;98294.73;98838.53
2019.04.23;98838.53;98838.53;98838.53;99359.13
2019.04.24;99359.13;99359.13;99221.06;99221.06
2019.04.25;99221.06;99221.06;99063.21;99063.21
2019.04.26;99063.21;99063.21;97992.08;97992.08
2019.04.29;97992.08;97992.08;97992.08;98071.55
2019.04.30;98071.55;98071.55;98071.55;98255.66
2019.05.01;98255.66;98255.66;98255.66;98654.11
2019.05.02;98654.11;98654.11;98203.12;98203.12
2019.05.03;98203.12;98203.12;98141.75;98141.75
2019.05.06;98141.75;98141.75;97739.06;97739.06
2019.05.07;97739.06;97739.06;96538.05;96538.05
2019.05.08;96538.05;96538.05;96538.05;96951.25
2019.05.09;96951.25;96951.25;96614.23;96614.23
2019.05.10;96614.23;96614.23;96614.23;96794.00
2019.05.13;96794.00;96794.00;94974.05;94974.05
2019.05.14;94974.05;94974.05;94974.05;95643.72
2019.05.15;95643.72;95643.72;95643.72;96246.46
2019.05.16;96246.46;96246.46;96246.46;97292.91
2019.05.17;97292.91;97292.91;97206.14;97206.14
2019.05.20;97206.14;97206.14;96470.52;96470.52
2019.05.21;96470.52;96470.52;96470.52;96784.15
2019.05.22;96784.15;96784.15;95966.25;95966.25
2019.05.23;95966.25;95966.25;94248.58;94248.58
2019.05.24;94248.58;94248.58;94248.58;94557.64
2019.05.28;94557.64;94557.64;94557.64;95129.92
2019.05.29;95129.92;95129.92;94900.79;94900.79
2019.05.30;94900.79;94900.79;94210.93;94210.93
2019.05.31;94210.93;94210.93;92397.83;92397.83
2019.06.03;92397.83;92397.83;90710.04;90710.04
2019.06.04;90710.04;90710.04;89607.55;89607.55
2019.06.05;89607.55;89607.55;89607.55;90241.57
2019.06.06;90241.57;90241.57;89760.78;89760.78
2019.06.07;89760.78;89760.78;89525.28;89525.28
2019.06.10;89525.28;89525.28;89189.47;89189.47
2019.06.11;89189.47;89189.47;89167.73;89167.73
2019.06.12;89167.73;89167.73;89167.73;90034.05
2019.06.13;90034.05;90034.05;89608.99;89608.99
2019.06.14;89608.99;89608.99;89608.99;89872.66
2019.06.17;89872.66;89872.66;89872.66;89916.15
2019.06.18;89916.15;89916.15;89057.62;89057.62
2019.06.19;89057.62;89057.62;89057.62;89060.85
2019.06.20;89060.85;89060.85;88260.93;88260.93
2019.06.21;88260.93;88260.93;87919.79;87919.79
2019.06.24;87919.79;87919.79;87919.79;88312.60
2019.06.25;88312.60;88312.60;88312.60;88589.62
2019.06.26;88589.62;88589.62;87678.20;87678.20
2019.06.27;87678.20;87678.20;87678.20;87703.76
2019.06.28;87703.76;87703.76;87703.76;87742.95
2019.07.01;87742.95;87742.95;87134.42;87134.42
2019.07.02;87134.42;87134.42;87134.42;87808.37
2019.07.03;87808.37;87808.37;87808.37;87837.41
2019.07.05;87837.41;87837.41;87601.15;87601.15
2019.07.08;87601.15;87601.15;87504.55;87504.55
2019.07.09;87504.55;87504.55;87390.89;87390.89
2019.07.10;87390.89;87390.89;87086.36;87086.36
2019.07.11;87086.36;87086.36;87076.17;87076.17
2019.07.12;87076.17;87076.17;87076.17;87284.34
2019.07.15;87284.34;87284.34;87284.34;87473.97
2019.07.16;87473.97;87473.97;87473.97;87579.86
2019.07.17;87579.86;87579.86;87579.86;87995.83
2019.07.18;87995.83;87995.83;87995.83;88302.72
2019.07.19;88302.72;88302.72;88154.36;88154.36
2019.07.22;88154.36;88154.36;88154.36;88155.46
2019.07.23;88155.46;88155.46;88142.10;88142.10
2019.07.24;88142.10;88142.10;88142.10;88348.88
2019.07.25;88348.88;88348.88;88314.65;88314.65
2019.07.26;88314.65;88314.65;88273.37;88273.37
2019.07.29;88273.37;88273.37;88183.31;88183.31
2019.07.30;88183.31;88183.31;88123.66;88123.66
2019.07.31;88123.66;88123.66;87933.57;87933.57
2019.08.01;87933.57;87933.57;87933.57;88900.39
2019.08.02;88900.39;88900.39;88783.92;88783.92
2019.08.05;88783.92;88783.92;88783.92;89076.70
2019.08.06;89076.70;89076.70;89076.70;89123.35
2019.08.07;89123.35;89123.35;89123.35;89905.56
2019.08.08;89905.56;89905.56;89905.56;90013.24
2019.08.09;90013.24;90013.24;90013.24;90200.20
2019.08.12;90200.20;90200.20;90200.20;90244.11
2019.08.13;90244.11;90244.11;90244.11;90381.25
2019.08.14;90381.25;90381.25;90381.25;90737.72
2019.08.15;90737.72;90737.72;90637.84;90637.84
2019.08.16;90637.84;90637.84;90504.06;90504.06
2019.08.19;90504.06;90504.06;90384.49;90384.49
2019.08.20;90384.49;90384.49;90384.49;90631.30
2019.08.21;90631.30;90631.30;90464.77;90464.77
2019.08.22;90464.77;90464.77;90464.77;90476.96
2019.08.23;90476.96;90476.96;90476.96;90602.86
2019.08.26;90602.86;90602.86;90602.86;90938.61
2019.08.27;90938.61;90938.61;90938.61;91549.98
2019.08.28;91549.98;91549.98;91549.98;91874.11
2019.08.29;91874.11;91874.11;91781.06;91781.06
2019.08.30;91781.06;91781.06;91623.65;91623.65
2019.09.03;91623.65;91623.65;91623.65;92537.11
2019.09.04;92537.11;92537.11;92427.14;92427.14
2019.09.05;92427.14;92427.14;90788.52;90788.52
2019.09.06;90788.52;90788.52;90218.43;90218.43
2019.09.09;90218.43;90218.43;89473.75;89473.75
2019.09.10;89473.75;89473.75;88858.66;88858.66
2019.09.11;88858.66;88858.66;88799.02;88799.02
2019.09.12;88799.02;88799.02;88720.29;88720.29
2019.09.13;88720.29;88720.29;87577.89;87577.89
2019.09.16;87577.89;87577.89;87577.89;87819.94
2019.09.17;87819.94;87819.94;87819.94;88155.81
2019.09.18;88155.81;88155.81;88018.97;88018.97
2019.09.19;88018.97;88018.97;88018.97;88182.57
2019.09.20;88182.57;88182.57;88182.57;88692.69
2019.09.23;88692.69;88692.69;88692.69;89372.22
2019.09.24;89372.22;89372.22;89372.22;90001.35
2019.09.25;90001.35;90001.35;89065.68;89065.68
2019.09.26;89065.68;89065.68;89065.68;89267.59
2019.09.27;89267.59;89267.59;88993.41;88993.41
2019.09.30;88993.41;88993.41;88594.83;88594.83
2019.10.01;88594.83;88594.83;88594.83;89549.26
2019.10.02;89549.26;89549.26;89549.26;89645.11
2019.10.03;89645.11;89645.11;89568.62;89568.62
2019.10.04;89568.62;89568.62;89568.62;89705.21
2019.10.07;89705.21;89705.21;89705.21;89707.80
2019.10.08;89707.80;89707.80;89707.80;89810.81
2019.10.09;89810.81;89810.81;89739.46;89739.46
2019.10.10;89739.46;89739.46;89469.18;89469.18
2019.10.11;89469.18;89469.18;89153.08;89153.08
2019.10.14;89153.08;89153.08;89153.08;89197.05
2019.10.15;89197.05;89197.05;89129.38;89129.38
2019.10.16;89129.38;89129.38;89129.38;89153.34
2019.10.17;89153.34;89153.34;89050.66;89050.66
2019.10.18;89050.66;89050.66;89050.66;89219.38
2019.10.21;89219.38;89219.38;89156.00;89156.00
2019.10.22;89156.00;89156.00;89083.33;89083.33
2019.10.23;89083.33;89083.33;88940.50;88940.50
2019.10.24;88940.50;88940.50;88940.50;89003.64
2019.10.25;89003.64;89003.64;88735.75;88735.75
2019.10.28;88735.75;88735.75;88601.83;88601.83
2019.10.29;88601.83;88601.83;88601.83;88679.89
2019.10.30;88679.89;88679.89;88679.89;88992.35
2019.10.31;88992.35;88992.35;88992.35;89196.35
2019.11.01;89196.35;89196.35;88847.49;88847.49
2019.11.04;88847.49;88847.49;88847.49;88968.26
2019.11.05;88968.26;88968.26;88910.72;88910.72
2019.11.06;88910.72;88910.72;88910.72;89048.08
2019.11.07;89048.08;89048.08;89048.08;89200.05
2019.11.08;89200.05;89200.05;89061.45;89061.45
2019.11.11;89061.45;89061.45;89061.45;89092.14
2019.11.12;89092.14;89092.14;89092.14;89146.05
2019.11.13;89146.05;89146.05;88963.79;88963.79
2019.11.14;88963.79;88963.79;88807.81;88807.81
2019.11.15;88807.81;88807.81;88807.81;88870.94
2019.11.18;88870.94;88870.94;88870.94;89075.40
2019.11.19;89075.40;89075.40;89075.40;89380.93
2019.11.20;89380.93;89380.93;88741.37;88741.37
2019.11.21;88741.37;88741.37;88502.42;88502.42
2019.11.22;88502.42;88502.42;88502.42;88612.20
2019.11.25;88612.20;88612.20;88612.20;88837.43
2019.11.26;88837.43;88837.43;88757.48;88757.48
2019.11.27;88757.48;88757.48;88757.48;88906.69
2019.11.29;88906.69;88906.69;88906.69;89200.27
2019.12.02;89200.27;89200.27;89078.92;89078.92
2019.12.03;89078.92;89078.92;88156.39;88156.39
2019.12.04;88156.39;88156.39;88156.39;88856.18
2019.12.05;88856.18;88856.18;88856.18;88895.42
2019.12.06;88895.42;88895.42;88895.42;89907.49
2019.12.09;89907.49;89907.49;89660.92;89660.92
2019.12.10;89660.92;89660.92;89603.28;89603.28
2019.12.11;89603.28;89603.28;89336.18;89336.18
2019.12.12;89336.18;89336.18;89336.18;90010.09
2019.12.13;90010.09;90010.09;89864.80;89864.80
2019.12.16;89864.80;89864.80;89864.80;90180.64
2019.12.17;90180.64;90180.64;90180.64;90193.53
2019.12.18;90193.53;90193.53;90149.73;90149.73
2019.12.19;90149.73;90149.73;90149.73;90216.56
2019.12.20;90216.56;90216.56;90216.56;90261.53
2019.12.23;90261.53;90261.53;90092.47;90092.47
2019.12.24;90092.47;90092.47;89643.23;89643.23
2019.12.26;89643.23;89643.23;89530.47;89530.47
2019.12.27;89530.47;89530.47;89530.47;89630.13
2019.12.30;89630.13;89630.13;89216.04;89216.04
2019.12.31;89216.04;89216.04;89216.04;89448.03
2020.01.02;89448.03;89448.03;89448.03;89657.70
2020.01.03;89657.70;89657.70;89400.79;89400.79
2020.01.06;89400.79;89400.79;89400.79;89602.17
2020.01.07;89602.17;89602.17;89602.17;89629.29
2020.01.08;89629.29;89629.29;89276.28;89276.28
2020.01.09;89276.28;89276.28;89186.63;89186.63
2020.01.10;89186.63;89186.63;88743.95;88743.95
2020.01.13;88743.95;88743.95;88651.38;88651.38
2020.01.14;88651.38;88651.38;88651.38;88672.30
2020.01.15;88672.30;88672.30;88274.73;88274.73
2020.01.16;88274.73;88274.73;88274.73;88755.07
2020.01.17;88755.07;88755.07;88755.07;89072.66
2020.01.21;89072.66;89072.66;88375.88;88375.88
2020.01.22;88375.88;88375.88;87891.11;87891.11
2020.01.23;87891.11;87891.11;87186.02;87186.02
2020.01.24;87186.02;87186.02;86232.62;86232.62
2020.01.27;86232.62;86232.62;84645.90;84645.90
2020.01.28;84645.90;84645.90;84645.90;85507.49
2020.01.29;85507.49;85507.49;85091.04;85091.04
2020.01.30;85091.04;85091.04;84821.30;84821.30
2020.01.31;84821.30;84821.30;83498.22;83498.22
2020.02.03;83498.22;83498.22;83272.30;83272.30
2020.02.04;83272.30;83272.30;83272.30;83282.28
2020.02.05;83282.28;83282.28;81967.70;81967.70
2020.02.06;81967.70;81967.70;81967.70;82384.64
2020.02.07;82384.64;82384.64;82384.64;82886.14
2020.02.10;82886.14;82886.14;82886.14;83740.13
2020.02.11;83740.13;83740.13;83194.21;83194.21
2020.02.12;83194.21;83194.21;82518.19;82518.19
2020.02.13;82518.19;82518.19;82518.19;82867.79
2020.02.14;82867.79;82867.79;82867.79;83096.01
2020.02.18;83096.01;83096.01;83096.01;83597.97
2020.02.19;83597.97;83597.97;82971.72;82971.72
2020.02.20;82971.72;82971.72;82732.86;82732.86
2020.02.21;82732.86;82732.86;82732.86;82805.04
2020.02.24;82805.04;82805.04;82805.04;83918.18
2020.02.25;83918.18;83918.18;83918.18;84573.03
2020.02.26;84573.03;84573.03;84573.03;85438.72
2020.02.27;85438.72;85438.72;85438.72;85684.91
2020.02.28;85684.91;85684.91;85684.91;85864.99
2020.03.02;85864.99;85864.99;85864.99;86222.57
2020.03.03;86222.57;86222.57;86222.57;87418.20
2020.03.04;87418.20;87418.20;86745.27;86745.27
2020.03.05;86745.27;86745.27;86745.27;88437.07
2020.03.06;88437.07;88437.07;88437.07;91176.50
2020.03.09;91176.50;91176.50;91176.50;97401.72
2020.03.10;97401.72;97401.72;94664.67;94664.67
2020.03.11;94664.67;94664.67;94664.67;95303.83
2020.03.12;95303.83;95303.83;95303.83;97358.18
2020.03.13;97358.18;97358.18;94983.47;94983.47
2020.03.16;94983.47;94983.47;94983.47;99019.22
2020.03.17;99019.22;99019.22;98025.19;98025.19
2020.03.18;98025.19;98025.19;98025.19;99768.61
2020.03.19;99768.61;99768.61;98509.79;98509.79
2020.03.20;98509.79;98509.79;98509.79;100397.59
2020.03.23;100397.59;100397.59;100397.59;102248.37
2020.03.24;102248.37;102248.37;100565.33;100565.33
2020.03.25;100565.33;100565.33;99765.64;99765.64
2020.03.26;99765.64;99765.64;99507.75;99507.75
2020.03.27;99507.75;99507.75;99507.75;101083.88
2020.03.30;101083.88;101083.88;101083.88;101141.42
2020.03.31;101141.42;101141.42;100785.61;100785.61
2020.04.01;100785.61;100785.61;100785.61;101624.40
2020.04.02;101624.40;101624.40;100484.81;100484.81
2020.04.03;100484.81;100484.81;99825.28;99825.28
2020.04.06;99825.28;99825.28;99825.28;99833.31
2020.04.07;99833.31;99833.31;99833.31;100010.92
2020.04.08;100010.92;100010.92;99152.52;99152.52
2020.04.09;99152.52;99152.52;99152.52;99471.58
2020.04.13;99471.58;99471.58;99471.58;99694.24
2020.04.14;99694.24;99694.24;99694.24;100026.84
2020.04.15;100026.84;100026.84;100026.84;100842.11
2020.04.16;100842.11;100842.11;100842.11;101268.86
2020.04.17;101268.86;101268.86;100570.63;100570.63
2020.04.20;100570.63;100570.63;100570.63;101336.04
2020.04.21;101336.04;101336.04;101336.04;102537.15
2020.04.22;102537.15;102537.15;102537.15;102633.50
2020.04.23;102633.50;102633.50;102380.80;102380.80
2020.04.24;102380.80;102380.80;102380.80;102390.01
2020.04.27;102390.01;102390.01;102386.48;102386.48
2020.04.28;102386.48;102386.48;102306.11;102306.11
2020.04.29;102306.11;102306.11;101600.44;101600.44
2020.04.30;101600.44;101600.44;101600.44;101608.00
2020.05.01;101608.00;101608.00;101608.00;102182.09
2020.05.04;102182.09;102182.09;102008.07;102008.07
2020.05.05;102008.07;102008.07;101612.60;101612.60
2020.05.06;101612.60;101612.60;101612.60;101766.02
2020.05.07;101766.02;101766.02;101766.02;101882.26
2020.05.08;101882.26;101882.26;101620.69;101620.69
2020.05.11;101620.69;101620.69;101620.69;101726.23
2020.05.12;101726.23;101726.23;101726.23;101776.90
2020.05.13;101776.90;101776.90;101776.90;101908.70
2020.05.14;101908.70;101908.70;101730.01;101730.01
2020.05.15;101730.01;101730.01;101577.74;101577.74
2020.05.18;101577.74;101577.74;101050.98;101050.98
2020.05.19;101050.98;101050.98;101050.98;101088.18
2020.05.20;101088.18;101088.18;100861.07;100861.07
2020.05.21;100861.07;100861.07;100560.06;100560.06
2020.05.22;100560.06;100560.06;100560.06;100841.54
2020.05.26;100841.54;100841.54;100700.53;100700.53
2020.05.27;100700.53;100700.53;100700.53;100816.53
2020.05.28;100816.53;100816.53;100816.53;100824.82
2020.05.29;100824.82;100824.82;100700.02;100700.02
2020.06.01;100700.02;100700.02;100584.14;100584.14
2020.06.02;100584.14;100584.14;100572.13;100572.13
2020.06.03;100572.13;100572.13;100572.13;100692.79
2020.06.04;100692.79;100692.79;100638.67;100638.67
2020.06.05;100638.67;100638.67;100638.67;100700.53
2020.06.08;100700.53;100700.53;100700.53;100779.71
2020.06.09;100779.71;100779.71;100722.42;100722.42
2020.06.10;100722.42;100722.42;100722.42;100763.12
2020.06.11;100763.12;100763.12;100394.24;100394.24
2020.06.12;100394.24;100394.24;100394.24;100477.77
2020.06.15;100477.77;100477.77;100477.77;100536.75
2020.06.16;100536.75;100536.75;100536.75;100709.26
2020.06.17;100709.26;100709.26;100709.26;100737.29
2020.06.18;100737.29;100737.29;100632.16;100632.16
2020.06.19;100632.16;100632.16;100602.58;100602.58
2020.06.22;100602.58;100602.58;100602.58;100658.95
2020.06.23;100658.95;100658.95;100658.95;100782.20
2020.06.24;100782.20;100782.20;100649.87;100649.87
2020.06.25;100649.87;100649.87;100649.87;100669.40
2020.06.26;100669.40;100669.40;100531.99;100531.99
2020.06.29;100531.99;100531.99;100531.99;100624.64
2020.06.30;100624.64;100624.64;100624.64;100814.77
2020.07.01;100814.77;100814.77;100814.77;100860.90
2020.07.02;100860.90;100860.90;100860.90;100940.84
2020.07.06;100940.84;100940.84;100940.84;101408.17
2020.07.07;101408.17;101408.17;101211.43;101211.43
2020.07.08;101211.43;101211.43;101211.43;101544.49
2020.07.09;101544.49;101544.49;101544.49;101592.71
2020.07.10;101592.71;101592.71;101523.97;101523.97
2020.07.13;101523.97;101523.97;101224.56;101224.56
2020.07.14;101224.56;101224.56;101224.56;101313.89
2020.07.15;101313.89;101313.89;101313.89;101507.53
2020.07.16;101507.53;101507.53;101201.88;101201.88
2020.07.17;101201.88;101201.88;101201.88;101218.63
2020.07.20;101218.63;101218.63;101218.63;101761.09
2020.07.21;101761.09;101761.09;101731.87;101731.87
2020.07.22;101731.87;101731.87;101731.87;102074.84
2020.07.23;102074.84;102074.84;101564.62;101564.62
2020.07.24;101564.62;101564.62;101513.03;101513.03
2020.07.27;101513.03;101513.03;101513.03;102151.56
2020.07.28;102151.56;102151.56;101826.89;101826.89
2020.07.29;101826.89;101826.89;101826.89;101937.43
2020.07.30;101937.43;101937.43;101824.69;101824.69
2020.07.31;101824.69;101824.69;101824.69;102196.02
2020.08.03;102196.02;102196.02;102196.02;102596.91
2020.08.04;102596.91;102596.91;102596.91;103320.98
2020.08.05;103320.98;103320.98;103320.98;103787.06
2020.08.06;103787.06;103787.06;103787.06;105092.73
2020.08.07;105092.73;105092.73;104444.52;104444.52
2020.08.10;104444.52;104444.52;104444.52;104484.28
2020.08.11;104484.28;104484.28;101862.53;101862.53
2020.08.12;101862.53;101862.53;101862.53;101923.60
2020.08.13;101923.60;101923.60;101923.60;103580.61
2020.08.14;103580.61;103580.61;102958.50;102958.50
2020.08.17;102958.50;102958.50;102958.50;103935.76
2020.08.18;103935.76;103935.76;103935.76;104321.59
2020.08.19;104321.59;104321.59;103724.07;103724.07
2020.08.20;103724.07;103724.07;103724.07;104510.38
2020.08.21;104510.38;104510.38;104137.68;104137.68
2020.08.24;104137.68;104137.68;103551.63;103551.63
2020.08.25;103551.63;103551.63;103551.63;104038.15
2020.08.26;104038.15;104038.15;104038.15;104993.15
2020.08.27;104993.15;104993.15;104661.89;104661.89
2020.08.28;104661.89;104661.89;104661.89;104807.14
2020.08.31;104807.14;104807.14;104807.14;105505.53
2020.09.01;105505.53;105505.53;105505.53;105633.36
2020.09.02;105633.36;105633.36;105181.49;105181.49
2020.09.03;105181.49;105181.49;103749.03;103749.03
2020.09.04;103749.03;103749.03;103749.03;103870.51
2020.09.08;103870.51;103870.51;103186.71;103186.71
2020.09.09;103186.71;103186.71;103186.71;103831.72
2020.09.10;103831.72;103831.72;103795.06;103795.06
2020.09.11;103795.06;103795.06;103605.94;103605.94
2020.09.14;103605.94;103605.94;103605.94;103945.56
2020.09.15;103945.56;103945.56;103945.56;104157.45
2020.09.16;104157.45;104157.45;103409.88;103409.88
2020.09.17;103409.88;103409.88;103225.14;103225.14
2020.09.18;103225.14;103225.14;103121.27;103121.27
2020.09.21;103121.27;103121.27;102733.49;102733.49
2020.09.22;102733.49;102733.49;102733.49;103041.92
2020.09.23;103041.92;103041.92;102243.13;102243.13
2020.09.24;102243.13;102243.13;102243.13;102398.78
2020.09.25;102398.78;102398.78;102398.78;102561.67
2020.09.28;102561.67;102561.67;102561.67;103069.89
2020.09.29;103069.89;103069.89;103069.89;103504.77
2020.09.30;103504.77;103504.77;103293.04;103293.04
2020.10.01;103293.04;103293.04;103293.04;103977.33
2020.10.02;103977.33;103977.33;103977.33;104137.49
2020.10.05;104137.49;104137.49;103612.60;103612.60
2020.10.06;103612.60;103612.60;103612.60;103731.26
2020.10.07;103731.26;103731.26;103731.26;103967.84
2020.10.08;103967.84;103967.84;103360.12;103360.12
2020.10.09;103360.12;103360.12;103360.12;103584.04
2020.10.12;103584.04;103584.04;103584.04;103850.24
2020.10.13;103850.24;103850.24;103850.24;104115.93
2020.10.14;104115.93;104115.93;103952.72;103952.72
2020.10.15;103952.72;103952.72;103790.46;103790.46
2020.10.16;103790.46;103790.46;103790.46;104254.62
2020.10.19;104254.62;104254.62;104254.62;104409.67
2020.10.20;104409.67;104409.67;104163.70;104163.70
2020.10.21;104163.70;104163.70;104163.70;104533.71
2020.10.22;104533.71;104533.71;104039.73;104039.73
2020.10.23;104039.73;104039.73;104039.73;104336.32
2020.10.26;104336.32;104336.32;104336.32;104640.35
2020.10.27;104640.35;104640.35;104544.20;104544.20
2020.10.28;104544.20;104544.20;104544.20;105007.78
2020.10.29;105007.78;105007.78;104979.53;104979.53
2020.10.30;104979.53;104979.53;104679.07;104679.07
2020.11.02;104679.07;104679.07;104370.05;104370.05
2020.11.03;104370.05;104370.05;104224.92;104224.92
2020.11.04;104224.92;104224.92;103916.05;103916.05
2020.11.05;103916.05;103916.05;103916.05;104471.36
2020.11.06;104471.36;104471.36;104471.36;105043.01
2020.11.09;105043.01;105043.01;102543.39;102543.39
2020.11.10;102543.39;102543.39;101462.10;101462.10
2020.11.11;101462.10;101462.10;101356.64;101356.64
2020.11.12;101356.64;101356.64;101356.64;101704.56
2020.11.13;101704.56;101704.56;101696.44;101696.44
2020.11.16;101696.44;101696.44;101136.31;101136.31
2020.11.17;101136.31;101136.31;100573.72;100573.72
2020.11.18;100573.72;100573.72;100573.72;100606.53
2020.11.19;100606.53;100606.53;100179.40;100179.40
2020.11.20;100179.40;100179.40;100179.40;100413.91
2020.11.23;100413.91;100413.91;99670.53;99670.53
2020.11.24;99670.53;99670.53;98970.35;98970.35
2020.11.25;98970.35;98970.35;98831.20;98831.20
2020.11.27;98831.20;98831.20;98831.20;99320.29
2020.11.30;99320.29;99320.29;99320.29;99547.82
2020.12.01;99547.82;99547.82;99506.69;99506.69
2020.12.02;99506.69;99506.69;99506.69;99751.88
2020.12.03;99751.88;99751.88;99751.88;99766.76
2020.12.04;99766.76;99766.76;99766.76;100547.80
2020.12.07;100547.80;100547.80;99946.64;99946.64
2020.12.08;99946.64;99946.64;99946.64;100126.35
2020.12.09;100126.35;100126.35;100126.35;100565.37
2020.12.10;100565.37;100565.37;100565.37;100875.07
2020.12.11;100875.07;100875.07;100686.05;100686.05
2020.12.14;100686.05;100686.05;100517.70;100517.70
2020.12.15;100517.70;100517.70;100517.70;100617.25
2020.12.16;100617.25;100617.25;100137.04;100137.04
2020.12.17;100137.04;100137.04;99974.04;99974.04
2020.12.18;99974.04;99974.04;99960.40;99960.40
2020.12.21;99960.40;99960.40;99554.60;99554.60
2020.12.22;99554.60;99554.60;99554.60;99907.56
2020.12.23;99907.56;99907.56;99907.56;100126.64
2020.12.24;100126.64;100126.64;99964.61;99964.61
2020.12.28;99964.61;99964.61;99679.00;99679.00
2020.12.29;99679.00;99679.00;99438.29;99438.29
2020.12.30;99438.29;99438.29;99433.86;99433.86
2020.12.31;99433.86;99433.86;99433.86;99482.83
2021.01.04;99482.83;99482.83;98531.17;98531.17
2021.01.05;98531.17;98531.17;98531.17;99247.53
2021.01.06;99247.53;99247.53;99247.53;99853.43
2021.01.07;99853.43;99853.43;99853.43;100277.76
2021.01.08;100277.76;100277.76;100233.26;100233.26
2021.01.11;100233.26;100233.26;100233.26;100356.35
2021.01.12;100356.35;100356.35;100356.35;100854.70
2021.01.13;100854.70;100854.70;100523.98;100523.98
2021.01.14;100523.98;100523.98;100523.98;100957.49
2021.01.15;100957.49;100957.49;100257.32;100257.32
2021.01.19;100257.32;100257.32;100257.32;100608.87
2021.01.20;100608.87;100608.87;100559.25;100559.25
2021.01.21;100559.25;100559.25;100498.16;100498.16
2021.01.22;100498.16;100498.16;100356.02;100356.02
2021.01.25;100356.02;100356.02;100207.58;100207.58
2021.01.26;100207.58;100207.58;100036.58;100036.58
2021.01.27;100036.58;100036.58;99929.82;99929.82
2021.01.28;99929.82;99929.82;99929.82;100149.57
2021.01.29;100149.57;100149.57;100130.89;100130.89
2021.02.01;100130.89;100130.89;100130.89;100775.64
2021.02.02;100775.64;100775.64;100775.64;100829.51
2021.02.03;100829.51;100829.51;100829.51;101613.53
2021.02.04;101613.53;101613.53;101613.53;101983.32
2021.02.05;101983.32;101983.32;101983.32;102389.67
2021.02.08;102389.67;102389.67;102389.67;103291.23
2021.02.09;103291.23;103291.23;103291.23;103387.20
2021.02.10;103387.20;103387.20;103372.06;103372.06
2021.02.11;103372.06;103372.06;103351.80;103351.80
2021.02.12;103351.80;103351.80;103351.80;104053.32
2021.02.16;104053.32;104053.32;104053.32;104676.21
2021.02.17;104676.21;104676.21;104676.21;104856.03
2021.02.18;104856.03;104856.03;104118.61;104118.61
2021.02.19;104118.61;104118.61;104118.61;104466.62
2021.02.22;104466.62;104466.62;104466.62;105411.09
2021.02.23;105411.09;105411.09;105411.09;105427.36
2021.02.24;105427.36;105427.36;105427.36;106357.38
2021.02.25;106357.38;106357.38;106095.29;106095.29
2021.02.26;106095.29;106095.29;105340.44;105340.44
2021.03.01;105340.44;105340.44;105340.44;105464.50
2021.03.02;105464.50;105464.50;105018.62;105018.62
2021.03.03;105018.62;105018.62;105018.62;106046.89
2021.03.04;106046.89;106046.89;106046.89;107123.84
2021.03.05;107123.84;107123.84;107123.84;108142.43
2021.03.08;108142.43;108142.43;107926.70;107926.70
2021.03.09;107926.70;107926.70;106989.99;106989.99
2021.03.10;106989.99;106989.99;106989.99;107618.73
2021.03.11;107618.73;107618.73;107618.73;108236.80
2021.03.12;108236.80;108236.80;108236.80;108335.49
2021.03.15;108335.49;108335.49;107792.16;107792.16
2021.03.16;107792.16;107792.16;107037.55;107037.55
2021.03.17;107037.55;107037.55;107037.55;107490.62
2021.03.18;107490.62;107490.62;105626.50;105626.50
2021.03.19;105626.50;105626.50;105626.50;105923.53
2021.03.22;105923.53;105923.53;105491.91;105491.91
2021.03.23;105491.91;105491.91;103835.52;103835.52
2021.03.24;103835.52;103835.52;103835.52;104730.44
2021.03.25;104730.44;104730.44;104383.53;104383.53
2021.03.26;104383.53;104383.53;104383.53;105437.80
2021.03.29;105437.80;105437.80;105244.48;105244.48
2021.03.30;105244.48;105244.48;105244.48;105284.42
2021.03.31;105284.42;105284.42;104793.21;104793.21
2021.04.01;104793.21;104793.21;104793.21;105518.00
2021.04.05;105518.00;105518.00;105514.00;105514.00
2021.04.06;105514.00;105514.00;105248.39;105248.39
2021.04.07;105248.39;105248.39;105248.39;105435.07
2021.04.08;105435.07;105435.07;104926.01;104926.01
2021.04.09;104926.01;104926.01;104926.01;105198.98
2021.04.12;105198.98;105198.98;105198.98;105547.27
2021.04.13;105547.27;105547.27;105131.91;105131.91
2021.04.14;105131.91;105131.91;105131.91;105657.73
2021.04.15;105657.73;105657.73;105165.16;105165.16
2021.04.16;105165.16;105165.16;105165.16;105299.41
2021.04.19;105299.41;105299.41;105299.41;105348.16
2021.04.20;105348.16;105348.16;104925.57;104925.57
2021.04.21;104925.57;104925.57;104549.52;104549.52
2021.04.22;104549.52;104549.52;104535.87;104535.87
2021.04.23;104535.87;104535.87;104535.87;104941.60
2021.04.26;104941.60;104941.60;104822.45;104822.45
2021.04.27;104822.45;104822.45;104822.45;105187.39
2021.04.28;105187.39;105187.39;105187.39;105470.46
2021.04.29;105470.46;105470.46;105470.46;106148.42
2021.04.30;106148.42;106148.42;105931.64;105931.64
2021.05.03;105931.64;105931.64;105722.10;105722.10
2021.05.04;105722.10;105722.10;105722.10;105801.22
2021.05.05;105801.22;105801.22;104886.27;104886.27
2021.05.06;104886.27;104886.27;104886.27;104909.83
2021.05.07;104909.83;104909.83;104909.83;105021.14
2021.05.10;105021.14;105021.14;105019.13;105019.13
2021.05.11;105019.13;105019.13;105019.13;105019.33
2021.05.12;105019.33;105019.33;104503.15;104503.15
2021.05.13;104503.15;104503.15;104503.15;105065.25
2021.05.14;105065.25;105065.25;104995.59;104995.59
2021.05.17;104995.59;104995.59;104789.86;104789.86
2021.05.18;104789.86;104789.86;104469.83;104469.83
2021.05.19;104469.83;104469.83;104469.83;104523.01
2021.05.20;104523.01;104523.01;104523.01;104647.75
2021.05.21;104647.75;104647.75;104647.75;104707.05
2021.05.24;104707.05;104707.05;104707.05;104971.03
2021.05.25;104971.03;104971.03;104918.17;104918.17
2021.05.26;104918.17;104918.17;104918.17;105031.67
2021.05.27;105031.67;105031.67;105031.67;105276.64
2021.05.28;105276.64;105276.64;105255.48;105255.48
2021.06.01;105255.48;105255.48;105131.44;105131.44
2021.06.02;105131.44;105131.44;105131.44;105278.22
2021.06.03;105278.22;105278.22;104807.74;104807.74
2021.06.04;104807.74;104807.74;104669.39;104669.39
2021.06.07;104669.39;104669.39;104457.77;104457.77
2021.06.08;104457.77;104457.77;104182.48;104182.48
2021.06.09;104182.48;104182.48;103960.87;103960.87
2021.06.10;103960.87;103960.87;103650.03;103650.03
2021.06.11;103650.03;103650.03;103378.24;103378.24
2021.06.14;103378.24;103378.24;103048.25;103048.25
2021.06.15;103048.25;103048.25;102874.42;102874.42
2021.06.16;102874.42;102874.42;102358.23;102358.23
2021.06.17;102358.23;102358.23;99909.40;99909.40
2021.06.18;99909.40;99909.40;99349.72;99349.72
2021.06.21;99349.72;99349.72;99349.72;100414.66
2021.06.22;100414.66;100414.66;100084.04;100084.04
2021.06.23;100084.04;100084.04;100084.04;100231.34
2021.06.24;100231.34;100231.34;100175.40;100175.40
2021.06.25;100175.40;100175.40;100175.40;100537.84
2021.06.28;100537.84;100537.84;100142.05;100142.05
2021.06.29;100142.05;100142.05;99730.51;99730.51
2021.06.30;99730.51;99730.51;99730.51;100242.44
2021.07.01;100242.44;100242.44;100242.44;100360.41
2021.07.02;100360.41;100360.41;100360.41;100616.21
2021.07.06;100616.21;100616.21;100287.27;100287.27
2021.07.07;100287.27;100287.27;99358.73;99358.73
2021.07.08;99358.73;99358.73;99358.73;100072.12
2021.07.09;100072.12;100072.12;100072.12;100272.83
2021.07.12;100272.83;100272.83;100173.89;100173.89
2021.07.13;100173.89;100173.89;100173.89;100935.42
2021.07.14;100935.42;100935.42;99863.73;99863.73
2021.07.15;99863.73;99863.73;99131.84;99131.84
2021.07.16;99131.84;99131.84;99131.84;99189.75
2021.07.19;99189.75;99189.75;97715.44;97715.44
2021.07.20;97715.44;97715.44;97715.44;98241.68
2021.07.21;98241.68;98241.68;98241.68;99500.81
2021.07.22;99500.81;99500.81;99500.81;99972.74
2021.07.23;99972.74;99972.74;99972.74;100136.72
2021.07.26;100136.72;100136.72;100136.72;100295.17
2021.07.27;100295.17;100295.17;99723.49;99723.49
2021.07.28;99723.49;99723.49;99723.49;99848.25
2021.07.29;99848.25;99848.25;99848.25;99891.53
2021.07.30;99891.53;99891.53;99891.53;100191.55
2021.08.02;100191.55;100191.55;99283.49;99283.49
2021.08.03;99283.49;99283.49;98987.06;98987.06
2021.08.04;98987.06;98987.06;98987.06;99260.25
2021.08.05;99260.25;99260.25;99260.25;99578.46
2021.08.06;99578.46;99578.46;99578.46;99790.61
2021.08.09;99790.61;99790.61;99790.61;100334.50
2021.08.10;100334.50;100334.50;99934.97;99934.97
2021.08.11;99934.97;99934.97;99629.27;99629.27
2021.08.12;99629.27;99629.27;99629.27;100219.29
2021.08.13;100219.29;100219.29;100219.29;100381.23
2021.08.16;100381.23;100381.23;100381.23;100911.84
2021.08.17;100911.84;100911.84;100911.84;101403.85
2021.08.18;101403.85;101403.85;101225.29;101225.29
2021.08.19;101225.29;101225.29;101225.29;102445.46
2021.08.20;102445.46;102445.46;102445.46;102693.81
2021.08.23;102693.81;102693.81;102050.88;102050.88
2021.08.24;102050.88;102050.88;101293.94;101293.94
2021.08.25;101293.94;101293.94;101097.38;101097.38
2021.08.26;101097.38;101097.38;101097.38;101526.14
2021.08.27;101526.14;101526.14;100875.09;100875.09
2021.08.30;100875.09;100875.09;100875.09;101615.07
2021.08.31;101615.07;101615.07;101421.26;101421.26
2021.09.01;101421.26;101421.26;101421.26;101483.80
2021.09.02;101483.80;101483.80;101151.19;101151.19
2021.09.03;101151.19;101151.19;100644.36;100644.36
2021.09.07;100644.36;100644.36;100644.36;101061.67
2021.09.08;101061.67;101061.67;101061.67;101505.30
2021.09.09;101505.30;101505.30;101240.75;101240.75
2021.09.10;101240.75;101240.75;100792.29;100792.29
2021.09.13;100792.29;100792.29;100223.87;100223.87
2021.09.14;100223.87;100223.87;100181.09;100181.09
2021.09.15;100181.09;100181.09;99659.02;99659.02
2021.09.16;99659.02;99659.02;99659.02;100627.57
2021.09.17;100627.57;100627.57;100627.57;100724.78
2021.09.20;100724.78;100724.78;100724.78;100735.56
2021.09.21;100735.56;100735.56;100416.57;100416.57
2021.09.22;100416.57;100416.57;99968.45;99968.45
2021.09.23;99968.45;99968.45;99779.55;99779.55
2021.09.24;99779.55;99779.55;99779.55;99839.26
2021.09.27;99839.26;99839.26;98398.46;98398.46
2021.09.28;98398.46;98398.46;97503.16;97503.16
2021.09.29;97503.16;97503.16;97503.16;98387.85
2021.09.30;98387.85;98387.85;97609.27;97609.27
2021.10.01;97609.27;97609.27;97090.87;97090.87
2021.10.04;97090.87;97090.87;97090.87;97338.60
2021.10.05;97338.60;97338.60;97338.60;97967.38
2021.10.06;97967.38;97967.38;97205.53;97205.53
2021.10.07;97205.53;97205.53;97205.53;97565.86
2021.10.08;97565.86;97565.86;97565.86;97949.06
2021.10.11;97949.06;97949.06;97949.06;98381.23
2021.10.12;98381.23;98381.23;98171.49;98171.49
2021.10.13;98171.49;98171.49;97406.96;97406.96
2021.10.14;97406.96;97406.96;97135.27;97135.27
2021.10.15;97135.27;97135.27;97135.27;97533.19
2021.10.18;97533.19;97533.19;97533.19;97562.33
2021.10.19;97562.33;97562.33;97413.16;97413.16
2021.10.20;97413.16;97413.16;97014.84;97014.84
2021.10.21;97014.84;97014.84;96435.20;96435.20
2021.10.22;96435.20;96435.20;96435.20;96699.64
2021.10.25;96699.64;96699.64;96502.13;96502.13
2021.10.26;96502.13;96502.13;96502.13;97149.19
2021.10.27;97149.19;97149.19;96345.08;96345.08
2021.10.28;96345.08;96345.08;96345.08;96541.90
2021.10.29;96541.90;96541.90;96541.90;96797.44
2021.11.01;96797.44;96797.44;96797.44;97009.85
2021.11.02;97009.85;97009.85;96863.46;96863.46
2021.11.03;96863.46;96863.46;96112.11;96112.11
2021.11.04;96112.11;96112.11;96061.53;96061.53
2021.11.05;96061.53;96061.53;96061.53;96637.99
2021.11.08;96637.99;96637.99;96637.99;96852.10
2021.11.09;96852.10;96852.10;96852.10;96929.42
2021.11.10;96929.42;96929.42;96233.36;96233.36
2021.11.11;96233.36;96233.36;96053.92;96053.92
2021.11.12;96053.92;96053.92;95635.81;95635.81
2021.11.15;95635.81;95635.81;95635.81;95837.52
2021.11.16;95837.52;95837.52;95837.52;96420.06
2021.11.17;96420.06;96420.06;95812.88;95812.88
2021.11.18;95812.88;95812.88;95812.88;96337.29
2021.11.19;96337.29;96337.29;95369.34;95369.34
2021.11.22;95369.34;95369.34;95369.34;96347.74
2021.11.23;96347.74;96347.74;96347.74;97575.76
2021.11.24;97575.76;97575.76;97575.76;97838.85
2021.11.26;97838.85;97838.85;95197.75;95197.75
2021.11.29;95197.75;95197.75;95197.75;95697.41
2021.11.30;95697.41;95697.41;94868.15;94868.15
2021.12.01;94868.15;94868.15;94445.56;94445.56
2021.12.02;94445.56;94445.56;94230.38;94230.38
2021.12.03;94230.38;94230.38;93719.30;93719.30
2021.12.06;93719.30;93719.30;92978.32;92978.32
2021.12.07;92978.32;92978.32;92978.32;93337.48
2021.12.08;93337.48;93337.48;93019.91;93019.91
2021.12.09;93019.91;93019.91;93019.91;93191.41
2021.12.10;93191.41;93191.41;93191.41;93537.18
2021.12.13;93537.18;93537.18;92973.09;92973.09
2021.12.14;92973.09;92973.09;92759.19;92759.19
2021.12.15;92759.19;92759.19;92759.19;92948.02
2021.12.16;92948.02;92948.02;91779.87;91779.87
2021.12.17;91779.87;91779.87;91779.87;92085.09
2021.12.20;92085.09;92085.09;91935.13;91935.13
2021.12.21;91935.13;91935.13;91935.13;92105.22
2021.12.22;92105.22;92105.22;92105.22;92353.14
2021.12.23;92353.14;92353.14;92174.91;92174.91
2021.12.27;92174.91;92174.91;92174.91;92442.79
2021.12.28;92442.79;92442.79;92270.21;92270.21
2021.12.29;92270.21;92270.21;92270.21;92272.32
2021.12.30;92272.32;92272.32;91941.06;91941.06
2021.12.31;91941.06;91941.06;91941.06;92279.29
2022.01.03;92279.29;92279.29;92279.29;92658.40
2022.01.04;92658.40;92658.40;92283.69;92283.69
2022.01.05;92283.69;92283.69;91952.52;91952.52
2022.01.06;91952.52;91952.52;91603.97;91603.97
2022.01.07;91603.97;91603.97;91542.85;91542.85
2022.01.10;91542.85;91542.85;91542.85;91549.43
2022.01.11;91549.43;91549.43;90906.80;90906.80
2022.01.12;90906.80;90906.80;90790.60;90790.60
2022.01.13;90790.60;90790.60;90765.57;90765.57
2022.01.14;90765.57;90765.57;90408.17;90408.17
2022.01.18;90408.17;90408.17;90408.17;90518.59
2022.01.19;90518.59;90518.59;90279.65;90279.65
2022.01.20;90279.65;90279.65;90126.59;90126.59
2022.01.21;90126.59;90126.59;90126.59;90420.96
2022.01.24;90420.96;90420.96;90420.96;90503.74
2022.01.25;90503.74;90503.74;90349.64;90349.64
2022.01.26;90349.64;90349.64;90341.36;90341.36
2022.01.27;90341.36;90341.36;90226.26;90226.26
2022.01.28;90226.26;90226.26;90226.26;91056.40
2022.01.31;91056.40;91056.40;90892.82;90892.82
2022.02.01;90892.82;90892.82;90466.48;90466.48
2022.02.02;90466.48;90466.48;90466.48;90697.08
2022.02.03;90697.08;90697.08;90697.08;91802.63
2022.02.04;91802.63;91802.63;91802.63;91850.58
2022.02.07;91850.58;91850.58;91850.58;92070.99
2022.02.08;92070.99;92070.99;91198.22;91198.22
2022.02.09;91198.22;91198.22;90859.39;90859.39
2022.02.10;90859.39;90859.39;90859.39;91302.22
2022.02.11;91302.22;91302.22;91302.22;92711.37
2022.02.14;92711.37;92711.37;92448.55;92448.55
2022.02.15;92448.55;92448.55;91202.93;91202.93
2022.02.16;91202.93;91202.93;91120.55;91120.55
2022.02.17;91120.55;91120.55;91120.55;92055.94
2022.02.18;92055.94;92055.94;92055.94;92317.51
2022.02.22;92317.51;92317.51;92317.51;92818.93
2022.02.23;92818.93;92818.93;92818.93;93914.28
2022.02.24;93914.28;93914.28;92743.70;92743.70
2022.02.25;92743.70;92743.70;92725.22;92725.22
2022.02.28;92725.22;92725.22;92725.22;93023.31
2022.03.01;93023.31;93023.31;93023.31;94429.52
2022.03.02;94429.52;94429.52;94429.52;94861.58
2022.03.03;94861.58;94861.58;94861.58;95129.55
2022.03.04;95129.55;95129.55;95129.55;97073.20
2022.03.07;97073.20;97073.20;97073.20;99113.74
2022.03.08;99113.74;99113.74;99113.74;100223.60
2022.03.09;100223.60;100223.60;96434.61;96434.61
2022.03.10;96434.61;96434.61;96434.61;96898.50
2022.03.11;96898.50;96898.50;96898.50;97662.81
2022.03.14;97662.81;97662.81;96594.77;96594.77
2022.03.15;96594.77;96594.77;94535.25;94535.25
2022.03.16;94535.25;94535.25;93421.89;93421.89
2022.03.17;93421.89;93421.89;93421.89;94569.34
2022.03.18;94569.34;94569.34;94124.92;94124.92
2022.03.21;94124.92;94124.92;94124.92;96008.34
2022.03.22;96008.34;96008.34;95015.15;95015.15
2022.03.23;95015.15;95015.15;95015.15;96528.82
2022.03.24;96528.82;96528.82;95902.94;95902.94
2022.03.25;95902.94;95902.94;95902.94;96253.73
2022.03.28;96253.73;96253.73;93906.19;93906.19
2022.03.29;93906.19;93906.19;93323.13;93323.13
2022.03.30;93323.13;93323.13;93323.13;94227.00
2022.03.31;94227.00;94227.00;93960.15;93960.15
2022.04.01;93960.15;93960.15;93765.51;93765.51
2022.04.04;93765.51;93765.51;93748.12;93748.12
2022.04.05;93748.12;93748.12;93748.12;94022.48
2022.04.06;94022.48;94022.48;94022.48;94413.38
2022.04.07;94413.38;94413.38;94413.38;94659.45
2022.04.08;94659.45;94659.45;94659.45;95120.21
2022.04.11;95120.21;95120.21;95000.81;95000.81
2022.04.12;95000.81;95000.81;95000.81;95485.81
2022.04.13;95485.81;95485.81;95485.81;95647.36
2022.04.14;95647.36;95647.36;95647.36;96094.83
2022.04.18;96094.83;96094.83;96094.83;96329.10
2022.04.19;96329.10;96329.10;96146.18;96146.18
2022.04.20;96146.18;96146.18;96146.18;96281.17
2022.04.21;96281.17;96281.17;96159.81;96159.81
2022.04.22;96159.81;96159.81;95714.25;95714.25
2022.04.25;95714.25;95714.25;95167.12;95167.12
2022.04.26;95167.12;95167.12;95167.12;95397.93
2022.04.27;95397.93;95397.93;95397.93;95644.23
2022.04.28;95644.23;95644.23;95644.23;95886.44
2022.04.29;95886.44;95886.44;95447.12;95447.12
2022.05.02;95447.12;95447.12;95447.12;95556.69
2022.05.03;95556.69;95556.69;95476.32;95476.32
2022.05.04;95476.32;95476.32;95476.32;95698.11
2022.05.05;95698.11;95698.11;95698.11;96471.20
2022.05.06;96471.20;96471.20;96471.20;97309.06
2022.05.09;97309.06;97309.06;96535.66;96535.66
2022.05.10;96535.66;96535.66;96182.64;96182.64
2022.05.11;96182.64;96182.64;96182.64;96919.48
2022.05.12;96919.48;96919.48;96919.48;97010.58
2022.05.13;97010.58;97010.58;97010.58;97130.18
2022.05.16;97130.18;97130.18;97130.18;97674.39
2022.05.17;97674.39;97674.39;97155.76;97155.76
2022.05.18;97155.76;97155.76;97071.22;97071.22
2022.05.19;97071.22;97071.22;97071.22;97082.84
2022.05.20;97082.84;97082.84;97082.84;97220.91
2022.05.23;97220.91;97220.91;97220.91;97372.73
2022.05.24;97372.73;97372.73;97372.73;97859.00
2022.05.25;97859.00;97859.00;97825.58;97825.58
2022.05.26;97825.58;97825.58;97777.23;97777.23
2022.05.27;97777.23;97777.23;97683.55;97683.55
2022.05.31;97683.55;97683.55;97656.43;97656.43
2022.06.01;97656.43;97656.43;97656.43;97926.22
2022.06.02;97926.22;97926.22;97526.37;97526.37
2022.06.03;97526.37;97526.37;97526.37;98505.87
2022.06.06;98505.87;98505.87;98307.34;98307.34
2022.06.07;98307.34;98307.34;98307.34;98721.69
2022.06.08;98721.69;98721.69;98721.69;99015.66
2022.06.09;99015.66;99015.66;98984.05;98984.05
2022.06.10;98984.05;98984.05;98984.05;99091.62
2022.06.13;99091.62;99091.62;99091.62;99361.10
2022.06.14;99361.10;99361.10;99085.57;99085.57
2022.06.15;99085.57;99085.57;98049.11;98049.11
2022.06.16;98049.11;98049.11;97940.36;97940.36
2022.06.17;97940.36;97940.36;96780.50;96780.50
2022.06.21;96780.50;96780.50;96780.50;97145.44
2022.06.22;97145.44;97145.44;96439.76;96439.76
2022.06.23;96439.76;96439.76;95869.35;95869.35
2022.06.24;95869.35;95869.35;95845.73;95845.73
2022.06.27;95845.73;95845.73;95845.73;96531.92
2022.06.28;96531.92;96531.92;96531.92;97632.70
2022.06.29;97632.70;97632.70;97031.29;97031.29
2022.06.30;97031.29;97031.29;96961.09;96961.09
2022.07.01;96961.09;96961.09;96961.09;97284.01
2022.07.05;97284.01;97284.01;96720.20;96720.20
2022.07.06;96720.20;96720.20;96537.56;96537.56
2022.07.07;96537.56;96537.56;96064.88;96064.88
2022.07.08;96064.88;96064.88;96064.88;96185.29
2022.07.11;96185.29;96185.29;96185.29;96830.85
2022.07.12;96830.85;96830.85;96590.03;96590.03
2022.07.13;96590.03;96590.03;96590.03;96687.32
2022.07.14;96687.32;96687.32;96687.32;96818.75
2022.07.15;96818.75;96818.75;96470.69;96470.69
2022.07.18;96470.69;96470.69;96470.69;96471.00
2022.07.19;96471.00;96471.00;95625.59;95625.59
2022.07.20;95625.59;95625.59;95182.75;95182.75
2022.07.21;95182.75;95182.75;94877.92;94877.92
2022.07.22;94877.92;94877.92;94877.92;95370.18
2022.07.25;95370.18;95370.18;95370.18;95450.32
2022.07.26;95450.32;95450.32;95450.32;95985.04
2022.07.27;95985.04;95985.04;95328.67;95328.67
2022.07.28;95328.67;95328.67;95202.30;95202.30
2022.07.29;95202.30;95202.30;94420.79;94420.79
2022.08.01;94420.79;94420.79;94420.79;94491.39
2022.08.02;94491.39;94491.39;94484.66;94484.66
2022.08.03;94484.66;94484.66;94484.66;94947.64
2022.08.04;94947.64;94947.64;94947.64;95067.32
2022.08.05;95067.32;95067.32;94934.19;94934.19
2022.08.08;94934.19;94934.19;94554.61;94554.61
2022.08.09;94554.61;94554.61;94510.11;94510.11
2022.08.10;94510.11;94510.11;94440.66;94440.66
2022.08.11;94440.66;94440.66;94136.08;94136.08
2022.08.12;94136.08;94136.08;94136.08;94257.92
2022.08.15;94257.92;94257.92;94257.92;94915.36
2022.08.16;94915.36;94915.36;94915.36;95057.00
2022.08.17;95057.00;95057.00;95057.00;95132.93
2022.08.18;95132.93;95132.93;95060.60;95060.60
2022.08.19;95060.60;95060.60;95060.60;95205.58
2022.08.22;95205.58;95205.58;95057.52;95057.52
2022.08.23;95057.52;95057.52;94592.14;94592.14
2022.08.24;94592.14;94592.14;94445.19;94445.19
2022.08.25;94445.19;94445.19;94445.19;94524.74
2022.08.26;94524.74;94524.74;94524.74;94531.03
2022.08.29;94531.03;94531.03;94173.74;94173.74
2022.08.30;94173.74;94173.74;94173.74;94489.87
2022.08.31;94489.87;94489.87;94489.87;94692.44
2022.09.01;94692.44;94692.44;94692.44;95261.38
2022.09.02;95261.38;95261.38;94997.73;94997.73
2022.09.06;94997.73;94997.73;94752.14;94752.14
2022.09.07;94752.14;94752.14;94752.14;95153.54
2022.09.08;95153.54;95153.54;95153.54;95335.85
2022.09.09;95335.85;95335.85;94875.29;94875.29
2022.09.12;94875.29;94875.29;94067.35;94067.35
2022.09.13;94067.35;94067.35;93660.32;93660.32
2022.09.14;93660.32;93660.32;93660.32;93979.95
2022.09.15;93979.95;93979.95;93979.95;94238.06
2022.09.16;94238.06;94238.06;93619.91;93619.91
2022.09.19;93619.91;93619.91;93619.91;93815.96
2022.09.20;93815.96;93815.96;93815.96;94004.92
2022.09.21;94004.92;94004.92;93342.24;93342.24
2022.09.22;93342.24;93342.24;92921.98;92921.98
2022.09.23;92921.98;92921.98;92921.98;93489.70
2022.09.26;93489.70;93489.70;93489.70;93798.44
2022.09.27;93798.44;93798.44;93691.10;93691.10
2022.09.28;93691.10;93691.10;93321.71;93321.71
2022.09.29;93321.71;93321.71;92770.96;92770.96
2022.09.30;92770.96;92770.96;92338.56;92338.56
2022.10.03;92338.56;92338.56;91151.92;91151.92
2022.10.04;91151.92;91151.92;91049.75;91049.75
2022.10.05;91049.75;91049.75;91049.75;91286.91
2022.10.06;91286.91;91286.91;91286.91;92158.64
2022.10.07;92158.64;92158.64;92063.24;92063.24
2022.10.10;92063.24;92063.24;91647.08;91647.08
2022.10.11;91647.08;91647.08;91647.08;91754.60
2022.10.12;91754.60;91754.60;91754.60;92329.93
2022.10.13;92329.93;92329.93;91687.52;91687.52
2022.10.14;91687.52;91687.52;91456.04;91456.04
2022.10.17;91456.04;91456.04;91069.39;91069.39
2022.10.18;91069.39;91069.39;91069.39;91133.58
2022.10.19;91133.58;91133.58;91133.58;91343.15
2022.10.20;91343.15;91343.15;91343.15;91494.93
2022.10.21;91494.93;91494.93;91494.93;92380.11
2022.10.24;92380.11;92380.11;92277.06;92277.06
2022.10.25;92277.06;92277.06;91415.58;91415.58
2022.10.26;91415.58;91415.58;91415.58;92213.01
2022.10.27;92213.01;92213.01;92213.01;92900.83
2022.10.28;92900.83;92900.83;91676.52;91676.52
2022.10.31;91676.52;91676.52;91676.52;92204.36
2022.11.01;92204.36;92204.36;92204.36;92713.57
2022.11.02;92713.57;92713.57;92389.33;92389.33
2022.11.03;92389.33;92389.33;92389.33;92918.84
2022.11.04;92918.84;92918.84;92918.84;93273.39
2022.11.07;93273.39;93273.39;93273.39;93926.36
2022.11.08;93926.36;93926.36;93853.15;93853.15
2022.11.09;93853.15;93853.15;92793.14;92793.14
2022.11.10;92793.14;92793.14;92078.91;92078.91
2022.11.11;92078.91;92078.91;91931.85;91931.85
2022.11.14;91931.85;91931.85;91931.85;92143.10
2022.11.15;92143.10;92143.10;91404.22;91404.22
2022.11.16;91404.22;91404.22;90898.64;90898.64
2022.11.17;90898.64;90898.64;90898.64;91135.46
2022.11.18;91135.46;91135.46;91135.46;91455.14
2022.11.21;91455.14;91455.14;91402.12;91402.12
2022.11.22;91402.12;91402.12;91402.12;91831.01
2022.11.23;91831.01;91831.01;91193.78;91193.78
2022.11.25;91193.78;91193.78;91193.78;91414.00
2022.11.28;91414.00;91414.00;90763.47;90763.47
2022.11.29;90763.47;90763.47;90763.47;90932.93
2022.11.30;90932.93;90932.93;90647.05;90647.05
2022.12.01;90647.05;90647.05;89938.37;89938.37
2022.12.02;89938.37;89938.37;89938.37;90103.73
2022.12.05;90103.73;90103.73;90100.11;90100.11
2022.12.06;90100.11;90100.11;90083.37;90083.37
2022.12.07;90083.37;90083.37;90083.37;90172.01
2022.12.08;90172.01;90172.01;90172.01;90416.91
2022.12.09;90416.91;90416.91;90416.91;90753.63
2022.12.12;90753.63;90753.63;90658.91;90658.91
2022.12.13;90658.91;90658.91;90658.91;90827.65
2022.12.14;90827.65;90827.65;90811.58;90811.58
2022.12.15;90811.58;90811.58;90161.42;90161.42
2022.12.16;90161.42;90161.42;90161.42;90426.10
2022.12.19;90426.10;90426.10;90426.10;90659.89
2022.12.20;90659.89;90659.89;90659.89;91400.41
2022.12.21;91400.41;91400.41;91294.17;91294.17
2022.12.22;91294.17;91294.17;91159.27;91159.27
2022.12.23;91159.27;91159.27;91159.27;91308.65
2022.12.27;91308.65;91308.65;91308.65;91925.61
2022.12.28;91925.61;91925.61;91699.48;91699.48
2022.12.29;91699.48;91699.48;91699.48;91780.18
2022.12.30;91780.18;91780.18;91573.69;91573.69
2023.01.03;91573.69;91573.69;91573.69;91765.26
2023.01.04;91765.26;91765.26;91765.26;91985.24
2023.01.05;91985.24;91985.24;91674.36;91674.36
2023.01.06;91674.36;91674.36;91674.36;91788.43
2023.01.09;91788.43;91788.43;91593.92;91593.92
2023.01.10;91593.92;91593.92;91334.79;91334.79
2023.01.11;91334.79;91334.79;90547.42;90547.42
2023.01.12;90547.42;90547.42;90547.42;90859.88
2023.01.13;90859.88;90859.88;90859.88;90927.09
2023.01.17;90927.09;90927.09;90613.91;90613.91
2023.01.18;90613.91;90613.91;90613.91;90789.21
2023.01.19;90789.21;90789.21;90789.21;91313.36
2023.01.20;91313.36;91313.36;90493.56;90493.56
2023.01.23;90493.56;90493.56;89608.86;89608.86
2023.01.24;89608.86;89608.86;89608.86;89879.28
2023.01.25;89879.28;89879.28;89879.28;90049.98
2023.01.26;90049.98;90049.98;89214.58;89214.58
2023.01.27;89214.58;89214.58;88567.90;88567.90
2023.01.30;88567.90;88567.90;88567.90;89285.51
2023.01.31;89285.51;89285.51;88758.48;88758.48
2023.02.01;88758.48;88758.48;88746.31;88746.31
2023.02.02;88746.31;88746.31;88746.31;90027.07
2023.02.03;90027.07;90027.07;89543.86;89543.86
2023.02.06;89543.86;89543.86;89005.92;89005.92
2023.02.07;89005.92;89005.92;88829.17;88829.17
2023.02.08;88829.17;88829.17;88620.30;88620.30
2023.02.09;88620.30;88620.30;88620.30;88743.61
2023.02.10;88743.61;88743.61;87486.10;87486.10
2023.02.13;87486.10;87486.10;87486.10;87654.72
2023.02.14;87654.72;87654.72;87654.72;88025.57
2023.02.15;88025.57;88025.57;88025.57;88211.56
2023.02.16;88211.56;88211.56;88211.56;88226.21
2023.02.17;88226.21;88226.21;88226.21;88268.29
2023.02.21;88268.29;88268.29;87999.96;87999.96
2023.02.22;87999.96;87999.96;87999.96;88219.89
2023.02.23;88219.89;88219.89;88093.30;88093.30
2023.02.24;88093.30;88093.30;87386.17;87386.17
2023.02.27;87386.17;87386.17;87386.17;88011.44
2023.02.28;88011.44;88011.44;88011.44;88281.30
2023.03.01;88281.30;88281.30;88281.30;88394.28
2023.03.02;88394.28;88394.28;88328.30;88328.30
2023.03.03;88328.30;88328.30;88328.30;88553.84
2023.03.06;88553.84;88553.84;88553.84;88714.14
2023.03.07;88714.14;88714.14;88714.14;89331.38
2023.03.08;89331.38;89331.38;89331.38;89569.13
2023.03.09;89569.13;89569.13;89122.44;89122.44
2023.03.10;89122.44;89122.44;88457.98;88457.98
2023.03.13;88457.98;88457.98;87185.49;87185.49
2023.03.14;87185.49;87185.49;87185.49;87982.79
2023.03.15;87982.79;87982.79;87662.10;87662.10
2023.03.16;87662.10;87662.10;87662.10;88386.29
2023.03.17;88386.29;88386.29;87584.03;87584.03
2023.03.20;87584.03;87584.03;87584.03;87665.27
2023.03.21;87665.27;87665.27;87665.27;88641.21
2023.03.22;88641.21;88641.21;87989.75;87989.75
2023.03.23;87989.75;87989.75;87989.75;88300.00
2023.03.24;88300.00;88300.00;87847.23;87847.23
2023.03.27;87847.23;87847.23;87781.06;87781.06
2023.03.28;87781.06;87781.06;87302.12;87302.12
2023.03.29;87302.12;87302.12;87302.12;87781.73
2023.03.30;87781.73;87781.73;87648.31;87648.31
2023.03.31;87648.31;87648.31;87648.31;87958.31
2023.04.03;87958.31;87958.31;87767.09;87767.09
2023.04.04;87767.09;87767.09;87767.09;88287.43
2023.04.05;88287.43;88287.43;87839.50;87839.50
2023.04.06;87839.50;87839.50;87839.50;87868.26
2023.04.10;87868.26;87868.26;87681.04;87681.04
2023.04.11;87681.04;87681.04;87110.24;87110.24
2023.04.12;87110.24;87110.24;87005.61;87005.61
2023.04.13;87005.61;87005.61;87005.61;87557.78
2023.04.14;87557.78;87557.78;87329.93;87329.93
2023.04.17;87329.93;87329.93;86866.37;86866.37
2023.04.18;86866.37;86866.37;86866.37;87019.05
2023.04.19;87019.05;87019.05;86893.07;86893.07
2023.04.20;86893.07;86893.07;86893.07;86914.78
2023.04.21;86914.78;86914.78;86780.10;86780.10
2023.04.24;86780.10;86780.10;86661.30;86661.30
2023.04.25;86661.30;86661.30;86661.30;86718.49
2023.04.26;86718.49;86718.49;86718.49;87569.21
2023.04.27;87569.21;87569.21;87569.21;87901.40
2023.04.28;87901.40;87901.40;87732.93;87732.93
2023.05.01;87732.93;87732.93;87732.93;87791.30
2023.05.02;87791.30;87791.30;87791.30;88408.61
2023.05.03;88408.61;88408.61;88408.61;88431.88
2023.05.04;88431.88;88431.88;88431.88;88801.34
2023.05.05;88801.34;88801.34;88301.03;88301.03
2023.05.08;88301.03;88301.03;88301.03;88421.73
2023.05.09;88421.73;88421.73;88308.90;88308.90
2023.05.10;88308.90;88308.90;88308.90;88455.89
2023.05.11;88455.89;88455.89;88233.15;88233.15
2023.05.12;88233.15;88233.15;88233.15;88256.81
2023.05.15;88256.81;88256.81;88077.49;88077.49
2023.05.16;88077.49;88077.49;88077.49;88498.10
2023.05.17;88498.10;88498.10;87980.20;87980.20
2023.05.18;87980.20;87980.20;87980.20;88071.69
2023.05.19;88071.69;88071.69;88071.69;88399.66
2023.05.22;88399.66;88399.66;88067.04;88067.04
2023.05.23;88067.04;88067.04;88001.84;88001.84
2023.05.24;88001.84;88001.84;88001.84;88111.78
2023.05.25;88111.78;88111.78;88111.78;88632.35
2023.05.26;88632.35;88632.35;88632.35;89115.88
2023.05.30;89115.88;89115.88;89115.88;89171.47
2023.05.31;89171.47;89171.47;89171.47;89582.48
2023.06.01;89582.48;89582.48;89582.48;89625.82
2023.06.02;89625.82;89625.82;89066.66;89066.66
2023.06.05;89066.66;89066.66;89066.66;89139.35
2023.06.06;89139.35;89139.35;89083.04;89083.04
2023.06.07;89083.04;89083.04;88144.51;88144.51
2023.06.08;88144.51;88144.51;88144.51;88555.35
2023.06.09;88555.35;88555.35;88555.35;88878.41
2023.06.12;88878.41;88878.41;88878.41;89957.65
2023.06.13;89957.65;89957.65;89754.76;89754.76
2023.06.14;89754.76;89754.76;89754.76;90099.87
2023.06.15;90099.87;90099.87;90099.87;90121.36
2023.06.16;90121.36;90121.36;89656.72;89656.72
2023.06.20;89656.72;89656.72;89656.72;90088.34
2023.06.21;90088.34;90088.34;89404.00;89404.00
2023.06.22;89404.00;89404.00;89404.00;90292.15
2023.06.23;90292.15;90292.15;90150.06;90150.06
2023.06.26;90150.06;90150.06;89440.76;89440.76
2023.06.27;89440.76;89440.76;89440.76;90120.84
2023.06.28;90120.84;90120.84;90117.97;90117.97
2023.06.29;90117.97;90117.97;89787.97;89787.97
2023.06.30;89787.97;89787.97;89787.97;90009.25
2023.07.03;90009.25;90009.25;89937.03;89937.03
2023.07.05;89937.03;89937.03;89514.85;89514.85
2023.07.06;89514.85;89514.85;89514.85;89550.61
2023.07.07;89550.61;89550.61;89000.13;89000.13
2023.07.10;89000.13;89000.13;89000.13;89117.71
2023.07.11;89117.71;89117.71;89117.71;89152.74
2023.07.12;89152.74;89152.74;88505.29;88505.29
2023.07.13;88505.29;88505.29;88325.25;88325.25
2023.07.14;88325.25;88325.25;88325.25;88527.83
2023.07.17;88527.83;88527.83;88527.83;88993.77
2023.07.18;88993.77;88993.77;88849.17;88849.17
2023.07.19;88849.17;88849.17;88761.34;88761.34
2023.07.20;88761.34;88761.34;88163.95;88163.95
2023.07.21;88163.95;88163.95;88034.64;88034.64
2023.07.24;88034.64;88034.64;88034.64;88190.82
2023.07.25;88190.82;88190.82;88052.02;88052.02
2023.07.26;88052.02;88052.02;87719.10;87719.10
2023.07.27;87719.10;87719.10;87719.10;88259.21
2023.07.28;88259.21;88259.21;88259.21;88529.07
2023.07.31;88529.07;88529.07;88198.99;88198.99
2023.08.01;88198.99;88198.99;88198.99;88557.02
2023.08.02;88557.02;88557.02;87908.38;87908.38
2023.08.03;87908.38;87908.38;87908.38;88864.83
2023.08.04;88864.83;88864.83;88543.76;88543.76
2023.08.07;88543.76;88543.76;88543.76;88810.92
2023.08.08;88810.92;88810.92;88425.33;88425.33
2023.08.09;88425.33;88425.33;88425.33;88461.50
2023.08.10;88461.50;88461.50;88461.50;88693.41
2023.08.11;88693.41;88693.41;88693.41;88830.61
2023.08.14;88830.61;88830.61;88830.61;88896.93
2023.08.15;88896.93;88896.93;88417.44;88417.44
2023.08.16;88417.44;88417.44;88110.52;88110.52
2023.08.17;88110.52;88110.52;88110.52;88272.99
2023.08.18;88272.99;88272.99;88272.99;88418.96
2023.08.21;88418.96;88418.96;88418.96;88945.14
2023.08.22;88945.14;88945.14;88700.96;88700.96
2023.08.23;88700.96;88700.96;88164.65;88164.65
2023.08.24;88164.65;88164.65;87944.62;87944.62
2023.08.25;87944.62;87944.62;87944.62;88365.39
2023.08.28;88365.39;88365.39;88365.39;88419.62
2023.08.29;88419.62;88419.62;88419.62;88727.72
2023.08.30;88727.72;88727.72;88727.72;88922.53
2023.08.31;88922.53;88922.53;88922.53;89213.42
2023.09.01;89213.42;89213.42;89213.42;90078.83
2023.09.05;90078.83;90078.83;90078.83;90946.20
2023.09.06;90946.20;90946.20;90931.75;90931.75
2023.09.07;90931.75;90931.75;90393.86;90393.86
2023.09.08;90393.86;90393.86;90393.86;90439.08
2023.09.11;90439.08;90439.08;90326.79;90326.79
2023.09.12;90326.79;90326.79;90326.79;91089.95
2023.09.13;91089.95;91089.95;90657.35;90657.35
2023.09.14;90657.35;90657.35;90657.35;90887.35
2023.09.15;90887.35;90887.35;90887.35;90958.16
2023.09.18;90958.16;90958.16;90958.16;91168.02
2023.09.19;91168.02;91168.02;91168.02;91232.79
2023.09.20;91232.79;91232.79;90572.28;90572.28
2023.09.21;90572.28;90572.28;90572.28;91101.17
2023.09.22;91101.17;91101.17;91101.17;91147.94
2023.09.25;91147.94;91147.94;91147.94;91670.53
2023.09.26;91670.53;91670.53;91670.53;92320.63
2023.09.27;92320.63;92320.63;92320.63;93847.50
2023.09.28;93847.50;93847.50;93847.50;93924.11
2023.09.29;93924.11;93924.11;93178.29;93178.29
2023.10.02;93178.29;93178.29;93178.29;93362.92
2023.10.03;93362.92;93362.92;93362.92;93908.90
2023.10.04;93908.90;93908.90;91833.22;91833.22
2023.10.05;91833.22;91833.22;91370.99;91370.99
2023.10.06;91370.99;91370.99;91190.50;91190.50
2023.10.09;91190.50;91190.50;91190.50;92100.29
2023.10.10;92100.29;92100.29;91745.50;91745.50
2023.10.11;91745.50;91745.50;90457.08;90457.08
2023.10.12;90457.08;90457.08;90457.08;91317.23
2023.10.13;91317.23;91317.23;91317.23;92237.72
2023.10.16;92237.72;92237.72;91911.76;91911.76
2023.10.17;91911.76;91911.76;91911.76;92231.25
2023.10.18;92231.25;92231.25;92231.25;93360.97
2023.10.19;93360.97;93360.97;93360.97;94603.43
2023.10.20;94603.43;94603.43;94180.54;94180.54
2023.10.23;94180.54;94180.54;93796.41;93796.41
2023.10.24;93796.41;93796.41;92327.84;92327.84
2023.10.25;92327.84;92327.84;92327.84;93166.86
2023.10.26;93166.86;93166.86;91954.04;91954.04
2023.10.27;91954.04;91954.04;91954.04;92386.29
2023.10.30;92386.29;92386.29;91670.14;91670.14
2023.10.31;91670.14;91670.14;91080.53;91080.53
2023.11.01;91080.53;91080.53;90669.88;90669.88
2023.11.02;90669.88;90669.88;89865.11;89865.11
2023.11.03;89865.11;89865.11;89256.66;89256.66
2023.11.06;89256.66;89256.66;89256.66;89389.73
2023.11.07;89389.73;89389.73;88702.87;88702.87
2023.11.08;88702.87;88702.87;88250.49;88250.49
2023.11.09;88250.49;88250.49;88250.49;89094.35
2023.11.10;89094.35;89094.35;88485.85;88485.85
2023.11.13;88485.85;88485.85;88485.85;88654.88
2023.11.14;88654.88;88654.88;87460.40;87460.40
2023.11.15;87460.40;87460.40;87460.40;87532.93
2023.11.16;87532.93;87532.93;87532.93;87848.78
2023.11.17;87848.78;87848.78;87712.30;87712.30
2023.11.20;87712.30;87712.30;87413.54;87413.54
2023.11.21;87413.54;87413.54;87413.54;88022.92
2023.11.22;88022.92;88022.92;87694.15;87694.15
2023.11.24;87694.15;87694.15;87694.15;87964.94
2023.11.27;87964.94;87964.94;87915.09;87915.09
2023.11.28;87915.09;87915.09;87915.09;88351.43
2023.11.29;88351.43;88351.43;88112.08;88112.08
2023.11.30;88112.08;88112.08;88072.35;88072.35
2023.12.01;88072.35;88072.35;87473.92;87473.92
2023.12.04;87473.92;87473.92;87068.61;87068.61
2023.12.05;87068.61;87068.61;87068.61;87412.74
2023.12.06;87412.74;87412.74;87412.74;88046.30
2023.12.07;88046.30;88046.30;88046.30;88203.35
2023.12.08;88203.35;88203.35;87526.58;87526.58
2023.12.11;87526.58;87526.58;87464.05;87464.05
2023.12.12;87464.05;87464.05;87464.05;88234.79
2023.12.13;88234.79;88234.79;88234.79;88494.03
2023.12.14;88494.03;88494.03;87794.25;87794.25
2023.12.15;87794.25;87794.25;87673.36;87673.36
2023.12.18;87673.36;87673.36;87399.66;87399.66
2023.12.19;87399.66;87399.66;87114.00;87114.00
2023.12.20;87114.00;87114.00;87076.78;87076.78
2023.12.21;87076.78;87076.78;87076.78;87260.23
2023.12.22;87260.23;87260.23;87213.44;87213.44
2023.12.26;87213.44;87213.44;86889.33;86889.33
2023.12.27;86889.33;86889.33;86889.33;87233.03
2023.12.28;87233.03;87233.03;87233.03;87790.91
2023.12.29;87790.91;87790.91;87790.91;87829.55
2024.01.02;87829.55;87829.55;87474.49;87474.49
2024.01.03;87474.49;87474.49;86339.38;86339.38
2024.01.04;86339.38;86339.38;86339.38;86493.34
2024.01.05;86493.34;86493.34;86026.75;86026.75
2024.01.08;86026.75;86026.75;86026.75;87247.90
2024.01.09;87247.90;87247.90;87012.71;87012.71
2024.01.10;87012.71;87012.71;87012.71;87345.39
2024.01.11;87345.39;87345.39;86998.47;86998.47
2024.01.12;86998.47;86998.47;86712.27;86712.27
2024.01.16;86712.27;86712.27;86712.27;86872.42
2024.01.17;86872.42;86872.42;86620.71;86620.71
2024.01.18;86620.71;86620.71;86397.83;86397.83
2024.01.19;86397.83;86397.83;86397.83;86821.60
2024.01.22;86821.60;86821.60;86821.60;87167.93
2024.01.23;87167.93;87167.93;86871.62;86871.62
2024.01.24;86871.62;86871.62;86299.49;86299.49
2024.01.25;86299.49;86299.49;85907.76;85907.76
2024.01.26;85907.76;85907.76;85557.54;85557.54
2024.01.29;85557.54;85557.54;85557.54;86061.31
2024.01.30;86061.31;86061.31;85610.95;85610.95
2024.01.31;85610.95;85610.95;85610.95;85879.86
2024.02.01;85879.86;85879.86;85879.86;86623.04
2024.02.02;86623.04;86623.04;86623.04;87977.56
2024.02.05;87977.56;87977.56;87977.56;88427.44
2024.02.06;88427.44;88427.44;88068.40;88068.40
2024.02.07;88068.40;88068.40;88068.40;88488.37
2024.02.08;88488.37;88488.37;88410.24;88410.24
2024.02.09;88410.24;88410.24;88410.24;88672.29
2024.02.12;88672.29;88672.29;88397.89;88397.89
2024.02.13;88397.89;88397.89;88397.89;88561.79
2024.02.14;88561.79;88561.79;88561.79;88805.09
2024.02.15;88805.09;88805.09;88288.78;88288.78
2024.02.16;88288.78;88288.78;87699.99;87699.99
2024.02.20;87699.99;87699.99;87695.10;87695.10
2024.02.21;87695.10;87695.10;87322.22;87322.22
2024.02.22;87322.22;87322.22;87322.22;88344.92
2024.02.23;88344.92;88344.92;88141.71;88141.71
2024.02.26;88141.71;88141.71;88141.71;88431.92
2024.02.27;88431.92;88431.92;88363.46;88363.46
2024.02.28;88363.46;88363.46;88117.80;88117.80
2024.02.29;88117.80;88117.80;88117.80;88177.13
2024.03.01;88177.13;88177.13;88177.13;88262.78
2024.03.04;88262.78;88262.78;87257.65;87257.65
2024.03.05;87257.65;87257.65;86663.63;86663.63
2024.03.06;86663.63;86663.63;86375.67;86375.67
2024.03.07;86375.67;86375.67;86375.67;86706.65
2024.03.08;86706.65;86706.65;86332.03;86332.03
2024.03.11;86332.03;86332.03;86101.59;86101.59
2024.03.12;86101.59;86101.59;86101.59;86956.95
2024.03.13;86956.95;86956.95;86581.43;86581.43
2024.03.14;86581.43;86581.43;86581.43;86895.96
2024.03.15;86895.96;86895.96;86423.60;86423.60
2024.03.18;86423.60;86423.60;86423.60;87146.16
2024.03.19;87146.16;87146.16;87146.16;87384.05
2024.03.20;87384.05;87384.05;87384.05;87398.72
2024.03.21;87398.72;87398.72;87398.72;88132.20
2024.03.22;88132.20;88132.20;87932.43;87932.43
2024.03.25;87932.43;87932.43;87851.81;87851.81
2024.03.26;87851.81;87851.81;87851.81;87938.79
2024.03.27;87938.79;87938.79;87897.24;87897.24
2024.03.28;87897.24;87897.24;87651.13;87651.13
2024.04.01;87651.13;87651.13;87651.13;87891.11
2024.04.02;87891.11;87891.11;87891.11;88893.52
2024.04.03;88893.52;88893.52;88893.52;89354.27
2024.04.04;89354.27;89354.27;89354.27;89397.16
2024.04.05;89397.16;89397.16;89397.16;89997.01
2024.04.08;89997.01;89997.01;89881.44;89881.44
2024.04.09;89881.44;89881.44;89475.91;89475.91
2024.04.10;89475.91;89475.91;89475.91;90424.98
2024.04.11;90424.98;90424.98;90424.98;90430.42
2024.04.12;90430.42;90430.42;89987.85;89987.85
2024.04.15;89987.85;89987.85;89987.85;90631.14
2024.04.16;90631.14;90631.14;90467.23;90467.23
2024.04.17;90467.23;90467.23;90036.01;90036.01
2024.04.18;90036.01;90036.01;90036.01;90218.34
2024.04.19;90218.34;90218.34;90218.34;90574.14
2024.04.22;90574.14;90574.14;90231.84;90231.84
2024.04.23;90231.84;90231.84;90231.84;90339.25
2024.04.24;90339.25;90339.25;90319.92;90319.92
2024.04.25;90319.92;90319.92;90319.92;90586.29
2024.04.26;90586.29;90586.29;90288.32;90288.32
2024.04.29;90288.32;90288.32;89845.94;89845.94
2024.04.30;89845.94;89845.94;89381.52;89381.52
2024.05.01;89381.52;89381.52;88822.17;88822.17
2024.05.02;88822.17;88822.17;88350.07;88350.07
2024.05.03;88350.07;88350.07;87571.53;87571.53
2024.05.06;87571.53;87571.53;87571.53;88145.26
2024.05.07;88145.26;88145.26;87879.79;87879.79
2024.05.08;87879.79;87879.79;87879.79;88245.18
2024.05.09;88245.18;88245.18;88245.18;88808.84
2024.05.10;88808.84;88808.84;88808.84;88824.36
2024.05.13;88824.36;88824.36;88621.65;88621.65
2024.05.14;88621.65;88621.65;88557.67;88557.67
2024.05.15;88557.67;88557.67;88557.67;88789.39
2024.05.16;88789.39;88789.39;88789.39;88818.32
2024.05.17;88818.32;88818.32;88818.32;90491.43
2024.05.20;90491.43;90491.43;90491.43;90575.66
2024.05.21;90575.66;90575.66;90575.66;90729.15
2024.05.22;90729.15;90729.15;89590.93;89590.93
2024.05.23;89590.93;89590.93;89305.67;89305.67
2024.05.24;89305.67;89305.67;89305.67;89403.31
2024.05.28;89403.31;89403.31;89403.31;91013.56
2024.05.29;91013.56;91013.56;91004.31;91004.31
2024.05.30;91004.31;91004.31;90511.48;90511.48
2024.05.31;90511.48;90511.48;89716.89;89716.89
2024.06.03;89716.89;89716.89;89306.71;89306.71
2024.06.04;89306.71;89306.71;88683.92;88683.92
2024.06.05;88683.92;88683.92;88635.31;88635.31
2024.06.06;88635.31;88635.31;88635.31;88989.76
2024.06.07;88989.76;88989.76;87587.52;87587.52
2024.06.10;87587.52;87587.52;87587.52;87753.65
2024.06.11;87753.65;87753.65;87277.91;87277.91
2024.06.12;87277.91;87277.91;87172.09;87172.09
2024.06.13;87172.09;87172.09;86659.56;86659.56
2024.06.14;86659.56;86659.56;86659.56;87079.22
2024.06.17;87079.22;87079.22;86504.78;86504.78
2024.06.18;86504.78;86504.78;86225.43;86225.43
2024.06.20;86225.43;86225.43;86225.43;87171.75
2024.06.21;87171.75;87171.75;86265.78;86265.78
2024.06.24;86265.78;86265.78;86204.26;86204.26
2024.06.25;86204.26;86204.26;85696.32;85696.32
2024.06.26;85696.32;85696.32;85571.22;85571.22
2024.06.27;85571.22;85571.22;85293.39;85293.39
2024.06.28;85293.39;85293.39;85293.39;85369.82
2024.07.01;85369.82;85369.82;85365.14;85365.14
2024.07.02;85365.14;85365.14;85365.14;85539.34
2024.07.03;85539.34;85539.34;85539.34;85793.66
2024.07.05;85793.66;85793.66;85793.66;86317.58
2024.07.08;86317.58;86317.58;86317.58;86402.88
2024.07.09;86402.88;86402.88;86402.88;86666.14
2024.07.10;86666.14;86666.14;86666.14;86670.88
2024.07.11;86670.88;86670.88;85406.00;85406.00
2024.07.12;85406.00;85406.00;85245.61;85245.61
2024.07.15;85245.61;85245.61;85245.61;85274.68
2024.07.16;85274.68;85274.68;84685.24;84685.24
2024.07.17;84685.24;84685.24;83408.95;83408.95
2024.07.18;83408.95;83408.95;83408.95;83473.75
2024.07.19;83473.75;83473.75;83234.77;83234.77
2024.07.22;83234.77;83234.77;83234.77;83726.04
2024.07.23;83726.04;83726.04;83726.04;83743.51
2024.07.24;83743.51;83743.51;82724.84;82724.84
2024.07.25;82724.84;82724.84;81997.49;81997.49
2024.07.26;81997.49;81997.49;81828.56;81828.56
2024.07.29;81828.56;81828.56;81828.56;81859.82
2024.07.30;81859.82;81859.82;81093.94;81093.94
2024.07.31;81093.94;81093.94;81093.94;81998.34
2024.08.01;81998.34;81998.34;81521.43;81521.43
2024.08.02;81521.43;81521.43;81521.43;81523.29
2024.08.05;81523.29;81523.29;81159.64;81159.64
2024.08.06;81159.64;81159.64;81159.64;81722.93
2024.08.07;81722.93;81722.93;81149.51;81149.51
2024.08.08;81149.51;81149.51;80986.27;80986.27
2024.08.09;80986.27;80986.27;80876.28;80876.28
2024.08.12;80876.28;80876.28;80293.19;80293.19
2024.08.13;80293.19;80293.19;80293.19;80563.71
2024.08.14;80563.71;80563.71;80504.50;80504.50
2024.08.15;80504.50;80504.50;80434.13;80434.13
2024.08.16;80434.13;80434.13;80299.22;80299.22
2024.08.19;80299.22;80299.22;80299.22;80411.64
2024.08.20;80411.64;80411.64;80411.64;80597.58
2024.08.21;80597.58;80597.58;80597.58;80835.10
2024.08.22;80835.10;80835.10;80835.10;80988.45
2024.08.23;80988.45;80988.45;80988.45;81234.67
2024.08.26;81234.67;81234.67;81172.79;81172.79
2024.08.27;81172.79;81172.79;81101.43;81101.43
2024.08.28;81101.43;81101.43;81101.43;81214.06
2024.08.29;81214.06;81214.06;81111.62;81111.62
2024.08.30;81111.62;81111.62;81111.62;81529.57
2024.09.03;81529.57;81529.57;81529.57;82017.83
2024.09.04;82017.83;82017.83;82017.83;82079.49
2024.09.05;82079.49;82079.49;81580.61;81580.61
2024.09.06;81580.61;81580.61;81580.61;81783.39
2024.09.09;81783.39;81783.39;81783.39;81884.44
2024.09.10;81884.44;81884.44;81884.44;81912.29
2024.09.11;81912.29;81912.29;81451.55;81451.55
2024.09.12;81451.55;81451.55;80805.41;80805.41
2024.09.13;80805.41;80805.41;80571.65;80571.65
2024.09.16;80571.65;80571.65;80571.65;80758.09
2024.09.17;80758.09;80758.09;80642.06;80642.06
2024.09.18;80642.06;80642.06;80642.06;81116.76
2024.09.19;81116.76;81116.76;80537.47;80537.47
2024.09.20;80537.47;80537.47;80494.10;80494.10
2024.09.23;80494.10;80494.10;80494.10;80927.73
2024.09.24;80927.73;80927.73;79914.57;79914.57
2024.09.25;79914.57;79914.57;79914.57;80152.25
2024.09.26;80152.25;80152.25;80152.25;80385.58
2024.09.27;80385.58;80385.58;80385.58;80458.17
2024.09.30;80458.17;80458.17;80458.17;80905.18
2024.10.01;80905.18;80905.18;80589.48;80589.48
2024.10.02;80589.48;80589.48;80299.12;80299.12
2024.10.03;80299.12;80299.12;79285.58;79285.58
2024.10.04;79285.58;79285.58;79198.72;79198.72
2024.10.07;79198.72;79198.72;78162.39;78162.39
2024.10.08;78162.39;78162.39;78162.39;79074.90
2024.10.09;79074.90;79074.90;79074.90;79078.36
2024.10.10;79078.36;79078.36;78446.20;78446.20
2024.10.11;78446.20;78446.20;78446.20;78698.43
2024.10.14;78698.43;78698.43;78698.43;79126.94
2024.10.15;79126.94;79126.94;79126.94;80377.12
2024.10.16;80377.12;80377.12;80377.12;80688.09
2024.10.17;80688.09;80688.09;80512.46;80512.46
2024.10.18;80512.46;80512.46;80512.46;81270.15
2024.10.21;81270.15;81270.15;80961.65;80961.65
2024.10.22;80961.65;80961.65;80597.70;80597.70
2024.10.23;80597.70;80597.70;80578.86;80578.86
2024.10.24;80578.86;80578.86;80578.86;80921.69
2024.10.25;80921.69;80921.69;80531.57;80531.57
2024.10.28;80531.57;80531.57;80531.57;81571.88
2024.10.29;81571.88;81571.88;81571.88;81719.46
2024.10.30;81719.46;81719.46;81228.90;81228.90
2024.10.31;81228.90;81228.90;80506.77;80506.77
2024.11.01;80506.77;80506.77;80506.77;80709.06
2024.11.04;80709.06;80709.06;80341.70;80341.70
2024.11.05;80341.70;80341.70;80225.77;80225.77
2024.11.06;80225.77;80225.77;80225.77;80426.74
2024.11.07;80426.74;80426.74;80400.39;80400.39
2024.11.08;80400.39;80400.39;80318.38;80318.38
2024.11.11;80318.38;80318.38;80090.59;80090.59
2024.11.12;80090.59;80090.59;80090.59;80776.03
2024.11.13;80776.03;80776.03;80697.71;80697.71
2024.11.14;80697.71;80697.71;80697.71;80759.55
2024.11.15;80759.55;80759.55;80759.55;80818.16
2024.11.18;80818.16;80818.16;80818.16;81421.01
2024.11.19;81421.01;81421.01;81421.01;81639.25
2024.11.20;81639.25;81639.25;81556.66;81556.66
2024.11.21;81556.66;81556.66;81556.66;81715.82
2024.11.22;81715.82;81715.82;81715.82;82190.89
2024.11.25;82190.89;82190.89;80738.24;80738.24
2024.11.26;80738.24;80738.24;80738.24;81108.99
2024.11.27;81108.99;81108.99;80716.18;80716.18
2024.11.29;80716.18;80716.18;80716.18;80718.41
2024.12.02;80718.41;80718.41;80273.54;80273.54
2024.12.03;80273.54;80273.54;79953.42;79953.42
2024.12.04;79953.42;79953.42;79953.42;80051.05
2024.12.05;80051.05;80051.05;80051.05;80078.61
2024.12.06;80078.61;80078.61;80078.61;80692.23
2024.12.09;80692.23;80692.23;79938.44;79938.44
2024.12.10;79938.44;79938.44;79938.44;80262.17
2024.12.11;80262.17;80262.17;80262.17;80609.72
2024.12.12;80609.72;80609.72;80609.72;80779.36
2024.12.13;80779.36;80779.36;80776.92;80776.92
2024.12.16;80776.92;80776.92;80776.92;81201.91
2024.12.17;81201.91;81201.91;81089.46;81089.46
2024.12.18;81089.46;81089.46;80315.11;80315.11
2024.12.19;80315.11;80315.11;80315.11;80451.39
2024.12.20;80451.39;80451.39;80451.39;80475.04
2024.12.23;80475.04;80475.04;80427.29;80427.29
2024.12.24;80427.29;80427.29;80427.29;80868.75
2024.12.26;80868.75;80868.75;80868.75;80876.63
2024.12.27;80876.63;80876.63;80525.92;80525.92
2024.12.30;80525.92;80525.92;80248.88;80248.88
2024.12.31;80248.88;80248.88;80123.80;80123.80
2025.01.02;80123.80;80123.80;79755.26;79755.26
2025.01.03;79755.26;79755.26;79755.26;80158.80
2025.01.06;80158.80;80158.80;80093.37;80093.37
2025.01.07;80093.37;80093.37;79555.41;79555.41
2025.01.08;79555.41;79555.41;79365.15;79365.15
2025.01.10;79365.15;79365.15;79365.15;79533.29
2025.01.13;79533.29;79533.29;79496.02;79496.02
2025.01.14;79496.02;79496.02;78955.40;78955.40
2025.01.15;78955.40;78955.40;78955.40;79329.96
2025.01.16;79329.96;79329.96;78751.60;78751.60
2025.01.17;78751.60;78751.60;78751.60;79167.99
2025.01.21;79167.99;79167.99;78736.90;78736.90
2025.01.22;78736.90;78736.90;78736.90;79099.06
2025.01.23;79099.06;79099.06;79022.96;79022.96
2025.01.24;79022.96;79022.96;79022.96;79058.25
2025.01.27;79058.25;79058.25;79058.25;79093.27
2025.01.28;79093.27;79093.27;79093.27;79451.67
2025.01.29;79451.67;79451.67;79160.39;79160.39
2025.01.30;79160.39;79160.39;78730.43;78730.43
2025.01.31;78730.43;78730.43;78730.43;79246.33
2025.02.03;79246.33;79246.33;78863.35;78863.35
2025.02.04;78863.35;78863.35;78814.98;78814.98
2025.02.05;78814.98;78814.98;78498.05;78498.05
2025.02.06;78498.05;78498.05;78498.05;78840.68
2025.02.07;78840.68;78840.68;78751.53;78751.53
2025.02.10;78751.53;78751.53;78700.52;78700.52
2025.02.11;78700.52;78700.52;78700.52;78789.44
2025.02.12;78789.44;78789.44;78789.44;79363.31
2025.02.13;79363.31;79363.31;79363.31;79391.58
2025.02.14;79391.58;79391.58;79195.58;79195.58
2025.02.18;79195.58;79195.58;79195.58;79441.89
2025.02.19;79441.89;79441.89;79141.00;79141.00
2025.02.20;79141.00;79141.00;78875.05;78875.05
2025.02.21;78875.05;78875.05;78833.29;78833.29
2025.02.24;78833.29;78833.29;78833.29;79017.69
2025.02.25;79017.69;79017.69;78849.90;78849.90
2025.02.26;78849.90;78849.90;78752.75;78752.75
2025.02.27;78752.75;78752.75;78638.68;78638.68
2025.02.28;78638.68;78638.68;78522.71;78522.71
2025.03.03;78522.71;78522.71;78522.71;79206.22
2025.03.04;79206.22;79206.22;79206.22;79518.40
2025.03.05;79518.40;79518.40;79518.40;79798.67
2025.03.06;79798.67;79798.67;79798.67;80409.62
2025.03.07;80409.62;80409.62;80387.83;80387.83
2025.03.10;80387.83;80387.83;80387.83;81172.44
2025.03.11;81172.44;81172.44;81172.44;81233.53
2025.03.12;81233.53;81233.53;80970.06;80970.06
2025.03.13;80970.06;80970.06;80970.06;81767.83
2025.03.14;81767.83;81767.83;81369.58;81369.58
2025.03.17;81369.58;81369.58;81369.58;81403.62
2025.03.18;81403.62;81403.62;81403.62;82181.18
2025.03.19;82181.18;82181.18;81442.52;81442.52
2025.03.20;81442.52;81442.52;81246.87;81246.87
2025.03.21;81246.87;81246.87;80984.73;80984.73
2025.03.24;80984.73;80984.73;79629.20;79629.20
2025.03.25;79629.20;79629.20;79629.20;79826.39
2025.03.26;79826.39;79826.39;79826.39;79994.53
2025.03.27;79994.53;79994.53;79994.53;80452.53
2025.03.28;80452.53;80452.53;80452.53;81661.30
2025.03.31;81661.30;81661.30;81592.34;81592.34
2025.04.01;81592.34;81592.34;81501.32;81501.32
2025.04.02;81501.32;81501.32;81103.08;81103.08
2025.04.03;81103.08;81103.08;81103.08;82074.79
2025.04.04;82074.79;82074.79;82037.79;82037.79
2025.04.07;82037.79;82037.79;81744.84;81744.84
2025.04.08;81744.84;81744.84;81744.84;82418.80
2025.04.09;82418.80;82418.80;80260.48;80260.48
2025.04.10;80260.48;80260.48;80260.48;81889.78
2025.04.11;81889.78;81889.78;81889.78;82223.59
2025.04.14;82223.59;82223.59;82047.35;82047.35
2025.04.15;82047.35;82047.35;82047.35;82216.60
2025.04.16;82216.60;82216.60;82216.60;83816.86
2025.04.17;83816.86;83816.86;83738.13;83738.13
2025.04.21;83738.13;83738.13;83738.13;85004.30
2025.04.22;85004.30;85004.30;83951.80;83951.80
2025.04.23;83951.80;83951.80;83260.51;83260.51
2025.04.24;83260.51;83260.51;82651.09;82651.09
2025.04.25;82651.09;82651.09;81837.54;81837.54
2025.04.28;81837.54;81837.54;81837.54;82118.78
2025.04.29;82118.78;82118.78;81568.19;81568.19
2025.04.30;81568.19;81568.19;81295.49;81295.49
2025.05.01;81295.49;81295.49;80561.85;80561.85
2025.05.02;80561.85;80561.85;80561.85;80746.33
2025.05.05;80746.33;80746.33;80746.33;81772.95
2025.05.06;81772.95;81772.95;81772.95;81779.08
2025.05.07;81779.08;81779.08;81625.93;81625.93
2025.05.08;81625.93;81625.93;80712.62;80712.62
2025.05.09;80712.62;80712.62;80642.22;80642.22
2025.05.12;80642.22;80642.22;79362.69;79362.69
2025.05.13;79362.69;79362.69;78875.38;78875.38
2025.05.14;78875.38;78875.38;78728.23;78728.23
2025.05.15;78728.23;78728.23;78728.23;79306.65
2025.05.16;79306.65;79306.65;79008.43;79008.43
2025.05.19;79008.43;79008.43;79008.43;79481.16
2025.05.20;79481.16;79481.16;79481.16;79878.12
2025.05.21;79878.12;79878.12;79878.12;80499.16
2025.05.22;80499.16;80499.16;80489.56;80489.56
2025.05.23;80489.56;80489.56;80489.56;80588.30
2025.05.27;80588.30;80588.30;80588.30;80591.31
2025.05.28;80591.31;80591.31;80387.36;80387.36
2025.05.29;80387.36;80387.36;80387.36;80562.40
2025.05.30;80562.40;80562.40;80562.40;80673.72
2025.06.02;80673.72;80673.72;80582.69;80582.69
2025.06.03;80582.69;80582.69;80541.90;80541.90
2025.06.04;80541.90;80541.90;80541.90;80772.05
2025.06.05;80772.05;80772.05;80560.52;80560.52
2025.06.06;80560.52;80560.52;80312.98;80312.98
2025.06.09;80312.98;80312.98;80270.14;80270.14
2025.06.10;80270.14;80270.14;80063.77;80063.77
2025.06.11;80063.77;80063.77;79457.24;79457.24
2025.06.12;79457.24;79457.24;79382.47;79382.47
2025.06.13;79382.47;79382.47;78327.17;78327.17
2025.06.16;78327.17;78327.17;78327.17;78937.95
2025.06.17;78937.95;78937.95;78143.83;78143.83
2025.06.18;78143.83;78143.83;78143.83;78173.33
2025.06.20;78173.33;78173.33;77970.84;77970.84
2025.06.23;77970.84;77970.84;77970.84;79429.69
2025.06.24;79429.69;79429.69;79429.69;80157.48
2025.06.25;80157.48;80157.48;80132.86;80132.86
2025.06.26;80132.86;80132.86;80132.86;80245.06
2025.06.27;80245.06;80245.06;80245.06;80553.81
2025.06.30;80553.81;80553.81;80553.81;80675.24
2025.07.01;80675.24;80675.24;80165.20;80165.20
2025.07.02;80165.20;80165.20;80165.20;80487.12
2025.07.03;80487.12;80487.12;80487.12;80731.69
2025.07.07;80731.69;80731.69;80731.69;80800.11
2025.07.08;80800.11;80800.11;80800.11;80835.14
2025.07.09;80835.14;80835.14;80835.14;80940.89
2025.07.10;80940.89;80940.89;80742.59;80742.59
2025.07.11;80742.59;80742.59;80742.59;81011.85
2025.07.14;81011.85;81011.85;80905.39;80905.39
2025.07.15;80905.39;80905.39;80905.39;81295.65
2025.07.16;81295.65;81295.65;81217.15;81217.15
2025.07.17;81217.15;81217.15;81217.15;81482.84
2025.07.18;81482.84;81482.84;81469.30;81469.30
2025.07.21;81469.30;81469.30;81469.30;81675.08
2025.07.22;81675.08;81675.08;81182.83;81182.83
2025.07.23;81182.83;81182.83;81119.38;81119.38
2025.07.24;81119.38;81119.38;81119.38;81211.67
2025.07.25;81211.67;81211.67;81018.43;81018.43
2025.07.28;81018.43;81018.43;81018.43;81427.00
2025.07.29;81427.00;81427.00;81318.76;81318.76
2025.07.30;81318.76;81318.76;81318.76;81481.65
2025.07.31;81481.65;81481.65;81481.65;81655.42
2025.08.01;81655.42;81655.42;81142.70;81142.70
2025.08.04;81142.70;81142.70;80988.02;80988.02
2025.08.05;80988.02;80988.02;80576.29;80576.29
2025.08.06;80576.29;80576.29;80576.29;80610.20
2025.08.07;80610.20;80610.20;80575.18;80575.18
2025.08.08;80575.18;80575.18;80575.18;80587.61
2025.08.11;80587.61;80587.61;80587.61;80651.95
2025.08.12;80651.95;80651.95;80634.03;80634.03
2025.08.13;80634.03;80634.03;80231.39;80231.39
2025.08.14;80231.39;80231.39;80231.39;80532.35
2025.08.15;80532.35;80532.35;79944.15;79944.15
2025.08.18;79944.15;79944.15;79944.15;80152.56
2025.08.19;80152.56;80152.56;79419.72;79419.72
2025.08.20;79419.72;79419.72;79333.51;79333.51
2025.08.21;79333.51;79333.51;79333.51;79539.98
2025.08.22;79539.98;79539.98;79539.98;79641.90
2025.08.25;79641.90;79641.90;79641.90;80229.81
2025.08.26;80229.81;80229.81;79986.15;79986.15
2025.08.27;79986.15;79986.15;79986.15;80141.53
2025.08.28;80141.53;80141.53;80141.53;80464.57
2025.08.29;80464.57;80464.57;79864.60;79864.60
2025.09.02;79864.60;79864.60;79864.60;80085.48
2025.09.03;80085.48;80085.48;80085.48;80211.50
2025.09.04;80211.50;80211.50;80211.50;80282.22
2025.09.05;80282.22;80282.22;80282.22;80444.74
2025.09.08;80444.74;80444.74;80444.74;80558.10
2025.09.09;80558.10;80558.10;80278.40;80278.40
2025.09.10;80278.40;80278.40;80278.40;80406.53
2025.09.11;80406.53;80406.53;80406.53;80935.70
2025.09.12;80935.70;80935.70;80935.70;81035.53
2025.09.15;81035.53;81035.53;81035.53;81353.65
2025.09.16;81353.65;81353.65;81285.85;81285.85
2025.09.17;81285.85;81285.85;80972.81;80972.81
2025.09.18;80972.81;80972.81;80972.81;81638.44
2025.09.19;81638.44;81638.44;81638.44;82166.66
2025.09.22;82166.66;82166.66;82166.66;82898.23
2025.09.23;82898.23;82898.23;82471.04;82471.04
2025.09.24;82471.04;82471.04;82141.81;82141.81
2025.09.25;82141.81;82141.81;82141.81;82739.05
2025.09.26;82739.05;82739.05;82739.05;83146.34
2025.09.29;83146.34;83146.34;83146.34;83541.00
2025.09.30;83541.00;83541.00;83408.86;83408.86
2025.10.01;83408.86;83408.86;83408.86;83584.10
2025.10.02;83584.10;83584.10;83584.10;83677.99
2025.10.03;83677.99;83677.99;83677.99;84205.09
2025.10.06;84205.09;84205.09;84205.09;84796.05
2025.10.07;84796.05;84796.05;84297.61;84297.61
2025.10.08;84297.61;84297.61;84297.61;85217.28
2025.10.09;85217.28;85217.28;85176.70;85176.70
2025.10.10;85176.70;85176.70;85176.70;86094.85
2025.10.13;86094.85;86094.85;86094.85;87400.98
2025.10.14;87400.98;87400.98;87214.38;87214.38
2025.10.15;87214.38;87214.38;87214.38;88445.58
2025.10.16;88445.58;88445.58;88445.58;89636.96
2025.10.17;89636.96;89636.96;88041.79;88041.79
2025.10.20;88041.79;88041.79;88041.79;89225.79
2025.10.21;89225.79;89225.79;86124.49;86124.49
2025.10.22;86124.49;86124.49;85411.23;85411.23
2025.10.23;85411.23;85411.23;85113.24;85113.24
2025.10.24;85113.24;85113.24;85113.24;85253.22
2025.10.27;85253.22;85253.22;84182.68;84182.68
2025.10.28;84182.68;84182.68;84182.68;84757.65
2025.10.29;84757.65;84757.65;84757.65;85570.64
2025.10.30;85570.64;85570.64;85570.64;86428.24
2025.10.31;86428.24;86428.24;86167.95;86167.95
2025.11.03;86167.95;86167.95;86167.95;86215.76
2025.11.04;86215.76;86215.76;85329.10;85329.10
2025.11.05;85329.10;85329.10;85329.10;85677.05
2025.11.06;85677.05;85677.05;85414.28;85414.28
2025.11.07;85414.28;85414.28;85011.25;85011.25
2025.11.10;85011.25;85011.25;85011.25;86086.52
2025.11.11;86086.52;86086.52;85611.63;85611.63
2025.11.12;85611.63;85611.63;85611.63;86289.32
2025.11.13;86289.32;86289.32;85704.30;85704.30
2025.11.14;85704.30;85704.30;85449.06;85449.06
2025.11.17;85449.06;85449.06;85449.06;85468.24
2025.11.18;85468.24;85468.24;85249.12;85249.12
2025.11.19;85249.12;85249.12;85249.12;85666.56
2025.11.20;85666.56;85666.56;85232.10;85232.10
2025.11.21;85232.10;85232.10;84637.26;84637.26
2025.11.24;84637.26;84637.26;84637.26;85649.01
2025.11.25;85649.01;85649.01;85205.42;85205.42
2025.11.26;85205.42;85205.42;85205.42;85448.24
2025.11.28;85448.24;85448.24;85448.24;86032.14
2025.12.01;86032.14;86032.14;86032.14;86594.07
2025.12.02;86594.07;86594.07;86594.07;86681.35
2025.12.03;86681.35;86681.35;86548.01;86548.01
2025.12.04;86548.01;86548.01;86000.51;86000.51
2025.12.05;86000.51;86000.51;86000.51;86031.10
2025.12.08;86031.10;86031.10;86031.10;86153.73
2025.12.09;86153.73;86153.73;86153.73;86810.71
2025.12.10;86810.71;86810.71;86810.71;86906.87
2025.12.11;86906.87;86906.87;86906.87;87614.03
2025.12.12;87614.03;87614.03;87499.29;87499.29
2025.12.15;87499.29;87499.29;87499.29;88382.15
2025.12.16;88382.15;88382.15;88378.08;88378.08
2025.12.17;88378.08;88378.08;88378.08;89093.10
2025.12.18;89093.10;89093.10;88715.32;88715.32
2025.12.19;88715.32;88715.32;88715.32;89027.10
2025.12.22;89027.10;89027.10;89027.10;89366.87
2025.12.23;89366.87;89366.87;89366.87;89999.72
2025.12.24;89999.72;89999.72;89999.72;90034.14
2025.12.26;90034.14;90034.14;90034.14;92012.38
2025.12.29;92012.38;92012.38;90092.10;90092.10
2025.12.30;90092.10;90092.10;90092.10;90859.58
2025.12.31;90859.58;90859.58;89747.59;89747.59
2026.01.02;89747.59;89747.59;89747.59;90182.43
2026.01.05;90182.43;90182.43;90182.43;90867.94
2026.01.06;90867.94;90867.94;90867.94;92263.76
2026.01.07;92263.76;92263.76;92112.05;92112.05
2026.01.08;92112.05;92112.05;91339.04;91339.04
2026.01.09;91339.04;91339.04;91339.04;91632.46
2026.01.12;91632.46;91632.46;91632.46;92573.18
2026.01.13;92573.18;92573.18;92283.93;92283.93
2026.01.14;92283.93;92283.93;92283.93;93581.00
2026.01.15;93581.00;93581.00;93372.82;93372.82
2026.01.16;93372.82;93372.82;92799.84;92799.84
2026.01.20;92799.84;92799.84;92799.84;93991.68
2026.01.21;93991.68;93991.68;93592.46;93592.46
2026.01.22;93592.46;93592.46;93592.46;94681.16
2026.01.23;94681.16;94681.16;94681.16;95531.48
2026.01.26;95531.48;95531.48;95531.48;96727.86
2026.01.27;96727.86;96727.86;96727.86;96895.07
2026.01.28;96895.07;96895.07;96895.07;97665.57
2026.01.29;97665.57;97665.57;97189.52;97189.52
2026.01.30;97189.52;97189.52;90642.74;90642.74
2026.02.02;90642.74;90642.74;90642.74;90899.67
2026.02.03;90899.67;90899.67;90899.67;92319.45
2026.02.04;92319.45;92319.45;92319.45;92939.39
2026.02.05;92939.39;92939.39;91183.00;91183.00
2026.02.06;91183.00;91183.00;91183.00;91554.61
2026.02.09;91554.61;91554.61;91554.61;92470.16
2026.02.10;92470.16;92470.16;92075.41;92075.41
2026.02.11;92075.41;92075.41;92075.41;92759.44
2026.02.12;92759.44;92759.44;91334.34;91334.34
2026.02.13;91334.34;91334.34;91334.34;91621.96
2026.02.17;91621.96;91621.96;90868.84;90868.84
2026.02.18;90868.84;90868.84;90868.84;91709.09
2026.02.19;91709.09;91709.09;91709.09;91967.74
2026.02.20;91967.74;91967.74;91967.74;92697.32
2026.02.23;92697.32;92697.32;92697.32;93522.09
2026.02.24;93522.09;93522.09;93115.65;93115.65
2026.02.25;93115.65;93115.65;92934.81;92934.81
2026.02.26;92934.81;92934.81;92934.81;93115.26
2026.02.27;93115.26;93115.26;93115.26;93985.46
2026.03.02;93985.46;93985.46;93985.46;94083.43
2026.03.03;94083.43;94083.43;93386.19;93386.19
2026.03.04;93386.19;93386.19;93174.17;93174.17
2026.03.05;93174.17;93174.17;93090.46;93090.46
2026.03.06;93090.46;93090.46;93090.46;93765.28
2026.03.09;93765.28;93765.28;93765.28;93778.57
2026.03.10;93778.57;93778.57;93778.57;93947.37
2026.03.11;93947.37;93947.37;93920.17;93920.17
2026.03.12;93920.17;93920.17;93920.17;94277.74
2026.03.13;94277.74;94277.74;94014.16;94014.16
2026.03.16;94014.16;94014.16;93819.19;93819.19
2026.03.17;93819.19;93819.19;93628.90;93628.90
2026.03.18;93628.90;93628.90;93518.17;93518.17
2026.03.19;93518.17;93518.17;93157.25;93157.25
2026.03.20;93157.25;93157.25;92847.67;92847.67
2026.03.23;92847.67;92847.67;92616.77;92616.77
2026.03.24;92616.77;92616.77;92616.77;92944.13
2026.03.25;92944.13;92944.13;92944.13;93135.43
2026.03.26;93135.43;93135.43;93135.43;93150.36
2026.03.27;93150.36;93150.36;93150.36;94189.84
2026.03.30;94189.84;94189.84;94189.84;94263.42
2026.03.31;94263.42;94263.42;94072.91;94072.91
2026.04.01;94072.91;94072.91;93670.99;93670.99
2026.04.02;93670.99;93670.99;93670.99;94819.73
2026.04.06;94819.73;94819.73;94793.20;94793.20
2026.04.07;94793.20;94793.20;94793.20;94856.16
2026.04.08;94856.16;94856.16;93266.23;93266.23
2026.04.09;93266.23;93266.23;93141.98;93141.98
2026.04.10;93141.98;93141.98;92943.59;92943.59
2026.04.13;92943.59;92943.59;92943.59;93039.29
2026.04.14;93039.29;93039.29;92126.45;92126.45
2026.04.15;92126.45;92126.45;91845.82;91845.82
2026.04.16;91845.82;91845.82;91845.82;92223.86
2026.04.17;92223.86;92223.86;90964.14;90964.14
2026.04.20;90964.14;90964.14;90964.14;91426.21
2026.04.21;91426.21;91426.21;91426.21;92310.93
2026.04.22;92310.93;92310.93;92251.72;92251.72
2026.04.23;92251.72;92251.72;92251.72;92950.98
2026.04.24;92950.98;92950.98;92635.54;92635.54
2026.04.27;92635.54;92635.54;92635.54;92819.51
2026.04.28;92819.51;92819.51;92819.51;93501.46
2026.04.29;93501.46;93501.46;93501.46;94417.02
2026.04.30;94417.02;94417.02;94015.69;94015.69
2026.05.01;94015.69;94015.69;93492.36;93492.36
2026.05.04;93492.36;93492.36;93492.36;94221.49
2026.05.05;94221.49;94221.49;94185.17;94185.17
2026.05.06;94185.17;94185.17;93101.96;93101.96
2026.05.07;93101.96;93101.96;92912.22;92912.22
2026.05.08;92912.22;92912.22;92912.22;93038.32
2026.05.11;93038.32;93038.32;92954.06;92954.06
2026.05.12;92954.06;92954.06;92933.33;92933.33
2026.05.13;92933.33;92933.33;92842.24;92842.24
2026.05.14;92842.24;92842.24;92842.24;93562.94
2026.05.15;93562.94;93562.94;93562.94;94633.61
2026.05.18;94633.61;94633.61;94466.68;94466.68
2026.05.19;94466.68;94466.68;94466.68;95022.63
2026.05.20;95022.63;95022.63;94451.22;94451.22
2026.05.21;94451.22;94451.22;94311.04;94311.04
2026.05.22;94311.04;94311.04;94311.04;94445.44
2026.05.26;94445.44;94445.44;94398.03;94398.03
2026.05.27;94398.03;94398.03;94313.00;94313.00
2026.05.28;94313.00;94313.00;94172.11;94172.11
2026.05.29;94172.11;94172.11;94172.11;94251.13
2026.06.01;94251.13;94251.13;94251.13;95122.95
2026.06.02;95122.95;95122.95;95122.95;95136.68
2026.06.03;95136.68;95136.68;95028.06;95028.06
2026.06.04;95028.06;95028.06;94788.73;94788.73
2026.06.05;94788.73;94788.73;94046.37;94046.37
2026.06.08;94046.37;94046.37;94046.37;94419.78
2026.06.09;94419.78;94419.78;94401.28;94401.28
2026.06.10;94401.28;94401.28;94095.38;94095.38
2026.06.11;94095.38;94095.38;94095.38;94659.14
2026.06.12;94659.14;94659.14;94659.14;94704.25
2026.06.15;94704.25;94704.25;94704.25;95305.62
2026.06.16;95305.62;95305.62;94913.21;94913.21
2026.06.17;94913.21;94913.21;94913.21;95226.24
2026.06.18;95226.24;95226.24;95226.24;95873.08
2026.06.22;95873.08;95873.08;95873.08;95951.99
2026.06.23;95951.99;95951.99;95252.80;95252.80
2026.06.24;95252.80;95252.80;95252.80;95512.51
2026.06.25;95512.51;95512.51;95512.51;95533.84
2026.06.26;95533.84;95533.84;95160.66;95160.66
2026.06.29;95160.66;95160.66;95160.66;95623.71
2026.06.30;95623.71;95623.71;95623.71;96132.15
2026.07.01;96132.15;96132.15;95798.92;95798.92
2026.07.02;95798.92;95798.92;95140.03;95140.03
2026.07.06;95140.03;95140.03;94990.03;94990.03
2026.07.07;94990.03;94990.03;94526.68;94526.68
2026.07.08;94526.68;94526.68;94468.58;94468.58
2026.07.09;94468.58;94468.58;94468.58;94836.05
2026.07.10;94836.05;94836.05;94836.05;94919.11
2026.07.13;94919.11;94919.11;93969.36;93969.36
2026.07.14;93969.36;93969.36;93405.88;93405.88
2026.07.15;93405.88;93405.88;93345.05;93345.05
2026.07.16;93345.05;93345.05;93345.05;94017.47
2026.07.17;94017.47;94017.47;92985.83;92985.83
2026.07.20;92985.83;92985.83;92625.41;92625.41
2026.07.21;92625.41;92625.41;92085.95;92085.95
2026.07.22;92085.95;92085.95;91372.72;91372.72
2026.07.23;91372.72;91372.72;91005.14;91005.14
2026.07.24;91005.14;91005.14;91005.14;91043.88
2026.07.27;91043.88;91043.88;91043.88;92344.21
2026.07.28;92344.21;92344.21;92344.21;93206.20
2026.07.29;93206.20;93206.20;91412.18;91412.18
2026.07.30;91412.18;91412.18;91412.18;91751.94
2026.07.31;91751.94;91751.94;91751.94;91877.55
2026.08.03;91877.55;91877.55;91877.55;93037.85
2026.08.04;93037.85;93037.85;92670.66;92670.66
2026.08.05;92670.66;92670.66;92059.46;92059.46
2026.08.06;92059.46;92059.46;92059.46;92148.41
2026.08.07;92148.41;92148.41;91638.06;91638.06
2026.08.10;91638.06;91638.06;91539.05;91539.05
2026.08.11;91539.05;91539.05;91539.05;91730.10
2026.08.12;91730.10;91730.10;91588.22;91588.22
2026.08.13;91588.22;91588.22;91588.22;91827.61
2026.08.14;91827.61;91827.61;91720.14;91720.14
2026.08.17;91720.14;91720.14;91412.41;91412.41
2026.08.18;91412.41;91412.41;91412.41;92214.01
2026.08.19;92214.01;92214.01;91644.21;91644.21
2026.08.20;91644.21;91644.21;91121.46;91121.46
2026.08.21;91121.46;91121.46;91007.09;91007.09
2026.08.24;91007.09;91007.09;91007.09;91147.50
2026.08.25;91147.50;91147.50;91024.50;91024.50
2026.08.26;91024.50;91024.50;91024.50;91184.57
2026.08.27;91184.57;91184.57;90750.63;90750.63
2026.08.28;90750.63;90750.63;90750.63;91583.80
2026.08.31;91583.80;91583.80;91569.42;91569.42
2026.09.01;91569.42;91569.42;91569.42;92273.42
2026.09.02;92273.42;92273.42;92273.42;92475.46
2026.09.03;92475.46;92475.46;92436.88;92436.88
2026.09.04;92436.88;92436.88;92203.70;92203.70
2026.09.08;92203.70;92203.70;92027.65;92027.65
2026.09.09;92027.65;92027.65;92027.65;92398.16
2026.09.10;92398.16;92398.16;92306.09;92306.09
2026.09.11;92306.09;92306.09;92298.56;92298.56
2026.09.14;92298.56;92298.56;92298.56;92390.03
2026.09.15;92390.03;92390.03;92390.03;92712.79
2026.09.16;92712.79;92712.79;92427.25;92427.25
2026.09.17;92427.25;92427.25;92427.25;92510.20
2026.09.18;92510.20;92510.20;92510.20;92653.45
2026.09.21;92653.45;92653.45;92385.37;92385.37
