date;close
1998.01.02;33.317699
1998.01.05;34.767597
1998.01.06;34.163483
1998.01.07;33.498936
1998.01.08;33.106251
1998.01.09;32.200066
1998.01.12;32.985420
1998.01.13;32.834412
1998.01.14;33.045845
1998.01.15;32.381271
1998.01.16;32.381271
1998.01.20;33.649971
1998.01.21;33.498936
1998.01.22;32.804195
1998.01.23;32.320889
1998.01.26;32.049030
1998.01.27;32.079227
1998.01.28;32.925014
1998.01.29;32.834412
1998.01.30;32.683361
1998.02.02;33.529144
1998.02.03;33.227070
1998.02.04;33.045845
1998.02.05;32.230278
1998.02.06;32.260475
1998.02.09;31.414682
1998.02.10;30.689722
1998.02.11;32.059368
1998.02.12;31.362431
1998.02.13;30.877607
1998.02.17;29.938261
1998.02.18;29.089798
1998.02.19;29.301891
1998.02.20;29.877649
1998.02.23;31.423040
1998.02.24;30.998812
1998.02.25;31.695763
1998.02.26;31.726067
1998.02.27;31.907898
1998.03.02;31.513960
1998.03.03;31.210918
1998.03.04;30.423069
1998.03.05;31.210918
1998.03.06;32.059368
1998.03.09;31.332134
1998.03.10;32.210888
1998.03.11;32.180584
1998.03.12;31.786659
1998.03.13;31.756372
1998.03.16;32.695713
1998.03.17;32.059368
1998.03.18;31.786659
1998.03.19;32.089668
1998.03.20;31.635157
1998.03.23;30.786695
1998.03.24;30.301867
1998.03.25;29.695839
1998.03.26;29.392832
1998.03.27;29.180687
1998.03.30;28.241356
1998.03.31;28.907993
1998.04.01;28.817087
1998.04.02;28.968586
1998.04.03;28.392859
1998.04.06;29.635237
1998.04.07;30.968517
1998.04.08;31.513960
1998.04.09;30.998812
1998.04.13;30.847300
1998.04.14;31.180626
1998.04.15;31.392746
1998.04.16;30.665487
1998.04.17;33.150249
1998.04.20;34.998661
1998.04.21;34.998661
1998.04.22;34.635025
1998.04.23;34.180492
1998.04.24;33.938091
1998.04.27;32.786617
1998.04.28;33.392681
1998.04.29;33.210869
1998.04.30;33.725975
1998.05.01;32.150291
1998.05.04;32.483604
1998.05.05;32.150291
1998.05.06;32.029087
1998.05.07;32.059368
1998.05.08;32.483604
1998.05.11;32.089668
1998.05.12;32.271500
1998.05.13;33.371719
1998.05.14;33.067795
1998.05.15;33.280563
1998.05.18;33.918800
1998.05.19;32.794258
1998.05.20;33.219765
1998.05.21;32.611908
1998.05.22;32.095219
1998.05.26;31.183407
1998.05.27;31.548126
1998.05.28;30.879501
1998.05.29;29.846117
1998.06.01;29.876511
1998.06.02;29.481403
1998.06.03;29.724546
1998.06.04;30.119648
1998.06.05;31.001057
1998.06.08;31.092237
1998.06.09;31.122631
1998.06.10;30.818697
1998.06.11;30.271601
1998.06.12;30.940277
1998.06.15;30.909882
1998.06.16;31.153021
1998.06.17;31.304974
1998.06.18;31.669706
1998.06.19;32.368759
1998.06.22;32.095219
1998.06.23;31.912857
1998.06.24;33.098186
1998.06.25;32.581497
1998.06.26;33.310955
1998.06.29;32.885426
1998.06.30;32.216782
1998.07.01;31.396173
1998.07.02;31.548126
1998.07.06;31.852066
1998.07.07;32.551121
1998.07.08;32.733482
1998.07.09;32.520714
1998.07.10;31.912857
1998.07.13;31.821693
1998.07.14;31.669706
1998.07.15;30.697119
1998.07.16;31.335375
1998.07.17;32.855042
1998.07.20;33.645260
1998.07.21;33.493305
1998.07.22;33.675667
1998.07.23;31.882452
1998.07.24;32.581497
1998.07.27;32.490330
1998.07.28;31.730488
1998.07.29;32.307957
1998.07.30;33.280563
1998.07.31;32.703079
1998.08.03;32.703079
1998.08.04;32.216782
1998.08.05;33.067795
1998.08.06;32.915821
1998.08.07;33.158974
1998.08.10;33.007019
1998.08.11;32.672676
1998.08.12;33.471359
1998.08.13;33.867657
1998.08.14;33.471359
1998.08.17;34.142017
1998.08.18;35.513790
1998.08.19;36.397835
1998.08.20;35.544273
1998.08.21;36.184437
1998.08.24;36.519768
1998.08.25;36.245407
1998.08.26;37.617184
1998.08.27;36.092987
1998.08.28;35.361366
1998.08.31;32.069088
1998.09.01;33.867657
1998.09.02;33.776203
1998.09.03;35.208939
1998.09.04;34.599262
1998.09.08;36.214920
1998.09.09;35.574753
1998.09.10;35.513790
1998.09.11;36.519768
1998.09.14;37.159935
1998.09.15;37.708630
1998.09.16;37.800076
1998.09.17;36.397835
1998.09.18;36.641705
1998.09.21;37.220894
1998.09.22;38.958466
1998.09.23;39.446220
1998.09.24;38.104908
1998.09.25;38.318317
1998.09.28;38.958466
1998.09.29;39.049911
1998.09.30;38.196354
1998.10.01;37.220894
1998.10.02;37.495220
1998.10.05;38.379284
1998.10.06;37.800076
1998.10.07;34.812649
1998.10.08;34.416355
1998.10.09;35.788143
1998.10.12;35.971050
1998.10.13;35.361366
1998.10.14;35.361366
1998.10.15;36.336849
1998.10.16;36.702675
1998.10.19;36.611221
1998.10.20;36.763638
1998.10.21;38.043953
1998.10.22;38.318317
1998.10.23;37.891525
1998.10.26;37.739105
1998.10.27;37.495220
1998.10.28;37.708630
1998.10.29;39.141396
1998.10.30;39.507183
1998.11.02;40.025394
1998.11.03;39.872982
1998.11.04;39.507183
1998.11.05;41.397194
1998.11.06;42.616543
1998.11.09;42.006882
1998.11.10;41.860191
1998.11.11;41.188019
1998.11.12;41.157459
1998.11.13;40.882427
1998.11.16;40.974113
1998.11.17;40.485229
1998.11.18;41.493553
1998.11.19;42.074093
1998.11.20;42.624065
1998.11.23;43.693501
1998.11.24;43.693501
1998.11.25;44.365707
1998.11.27;44.426823
1998.11.30;43.846287
1998.12.01;44.121258
1998.12.02;43.449059
1998.12.03;40.943546
1998.12.04;42.104660
1998.12.07;42.501850
1998.12.08;42.837967
1998.12.09;43.235176
1998.12.10;42.440746
1998.12.11;43.968487
1998.12.14;42.868504
1998.12.15;43.174057
1998.12.16;43.571266
1998.12.17;43.754620
1998.12.18;42.685181
1998.12.21;41.096340
1998.12.22;41.524086
1998.12.23;41.860191
1998.12.24;41.676884
1998.12.28;42.654621
1998.12.29;44.060154
1998.12.30;44.243484
1998.12.31;43.449059
1999.01.04;42.043514
1999.01.05;41.951878
1999.01.06;41.615757
1999.01.07;40.271339
1999.01.08;38.560284
1999.01.11;37.246418
1999.01.12;37.399185
1999.01.13;39.446377
1999.01.14;39.843578
1999.01.15;39.721375
1999.01.19;38.865826
1999.01.20;40.210228
1999.01.21;38.101963
1999.01.22;39.232494
1999.01.25;42.165764
1999.01.26;43.754620
1999.01.27;44.365707
1999.01.28;45.099037
1999.01.29;45.801796
1999.02.01;45.557346
1999.02.02;44.885124
1999.02.03;44.976822
1999.02.04;44.457390
1999.02.05;43.235176
1999.02.08;42.654621
1999.02.09;42.379658
1999.02.10;42.829376
1999.02.11;44.116108
1999.02.12;44.208004
1999.02.16;43.809738
1999.02.17;43.380821
1999.02.18;45.770451
1999.02.19;45.617245
1999.02.22;46.505711
1999.02.23;47.271637
1999.02.24;45.464111
1999.02.25;45.709160
1999.02.26;46.321892
1999.03.01;45.984901
1999.03.02;45.586647
1999.03.03;45.525375
1999.03.04;46.321892
1999.03.05;47.761795
1999.03.08;47.700512
1999.03.09;46.812080
1999.03.10;45.004528
1999.03.11;45.494728
1999.03.12;46.505711
1999.03.15;47.332893
1999.03.16;46.107433
1999.03.17;43.503372
1999.03.18;43.534019
1999.03.19;42.860012
1999.03.22;41.695839
1999.03.23;41.266949
1999.03.24;42.002193
1999.03.25;42.400467
1999.03.26;41.389462
1999.03.29;42.461754
1999.03.30;43.105103
1999.03.31;41.603943
1999.04.01;42.584270
1999.04.05;42.277935
1999.04.06;42.124744
1999.04.07;41.849022
1999.04.08;43.380821
1999.04.09;44.238632
1999.04.12;44.116108
1999.04.13;42.860012
1999.04.14;41.021828
1999.04.15;39.796375
1999.04.16;40.347851
1999.04.19;35.721786
1999.04.20;36.120056
1999.04.21;37.253601
1999.04.22;36.947250
1999.04.23;36.395790
1999.04.26;37.743774
1999.04.27;38.754753
1999.04.28;37.988834
1999.04.29;36.763401
1999.04.30;36.089420
1999.05.03;37.345501
1999.05.04;37.131035
1999.05.05;36.855328
1999.05.06;37.314869
1999.05.07;37.008503
1999.05.10;35.936226
1999.05.11;37.161690
1999.05.12;37.582062
1999.05.13;38.780510
1999.05.14;37.827881
1999.05.17;38.350292
1999.05.18;37.981525
1999.05.19;37.244038
1999.05.20;36.322147
1999.05.21;35.062256
1999.05.24;34.908596
1999.05.25;33.802345
1999.05.26;32.941902
1999.05.27;33.925274
1999.05.28;35.123703
1999.06.01;34.754940
1999.06.02;34.478397
1999.06.03;35.369541
1999.06.04;36.998192
1999.06.07;35.338795
1999.06.08;35.646095
1999.06.09;35.799759
1999.06.10;34.754940
1999.06.11;34.263283
1999.06.14;33.833076
1999.06.15;33.863796
1999.06.16;34.294006
1999.06.17;34.724228
1999.06.18;33.894524
1999.06.21;33.249207
1999.06.22;32.972668
1999.06.23;32.050774
1999.06.24;32.911190
1999.06.25;32.388794
1999.06.28;32.112213
1999.06.29;33.433598
1999.06.30;35.215889
1999.07.01;36.813831
1999.07.02;36.721619
1999.07.06;36.537266
1999.07.07;36.690918
1999.07.08;36.629456
1999.07.09;36.629456
1999.07.12;36.260693
1999.07.13;35.799759
1999.07.14;36.352882
1999.07.15;37.797157
1999.07.16;37.797157
1999.07.19;37.366951
1999.07.20;36.291416
1999.07.21;35.891949
1999.07.22;35.369541
1999.07.23;33.863796
1999.07.26;33.894524
1999.07.27;33.372116
1999.07.28;33.341412
1999.07.29;32.634617
1999.07.30;32.296608
1999.08.02;32.081493
1999.08.03;31.589827
1999.08.04;30.852322
1999.08.05;31.036686
1999.08.06;30.821600
1999.08.09;31.343994
1999.08.10;31.128897
1999.08.11;30.347967
1999.08.12;30.533031
1999.08.13;31.119013
1999.08.16;31.797516
1999.08.17;32.383503
1999.08.18;33.031181
1999.08.19;32.876965
1999.08.20;33.339600
1999.08.23;35.035881
1999.08.24;35.806923
1999.08.25;37.318146
1999.08.26;37.009727
1999.08.27;37.133083
1999.08.30;37.688263
1999.08.31;36.824677
1999.09.01;37.194786
1999.09.02;36.948059
1999.09.03;38.089176
1999.09.07;37.009727
1999.09.08;36.485428
1999.09.09;36.269516
1999.09.10;35.714390
1999.09.13;35.467651
1999.09.14;34.480732
1999.09.15;33.617188
1999.09.16;33.339600
1999.09.17;33.062016
1999.09.20;33.123703
1999.09.21;32.383503
1999.09.22;32.907810
1999.09.23;32.105946
1999.09.24;32.167629
1999.09.27;31.180685
1999.09.28;31.057327
1999.09.29;31.211533
1999.09.30;31.674171
1999.10.01;33.833069
1999.10.04;35.035881
1999.10.05;34.079788
1999.10.06;34.974197
1999.10.07;34.881668
1999.10.08;36.238693
1999.10.11;35.591026
1999.10.12;34.850834
1999.10.13;34.419044
1999.10.14;33.462955
1999.10.15;32.753613
1999.10.18;33.092873
1999.10.19;34.480732
1999.10.20;32.383503
1999.10.21;33.648022
1999.10.22;33.833069
1999.10.25;33.771397
1999.10.26;32.969517
1999.10.27;33.123703
1999.10.28;33.678867
1999.10.29;33.987286
1999.11.01;33.925587
1999.11.02;33.987286
1999.11.03;35.467651
1999.11.04;37.564877
1999.11.05;37.996674
1999.11.08;37.133083
1999.11.09;36.516254
1999.11.10;37.589191
1999.11.11;38.053230
1999.11.12;38.300739
1999.11.15;36.568226
1999.11.16;38.115139
1999.11.17;37.156067
1999.11.18;36.444489
1999.11.19;36.073242
1999.11.22;37.156067
1999.11.23;36.351688
1999.11.24;36.413551
1999.11.26;35.856674
1999.11.29;37.310753
1999.11.30;35.725185
1999.12.01;35.361664
1999.12.02;35.307529
1999.12.03;35.578236
1999.12.06;34.402599
1999.12.07;32.917603
1999.12.08;32.793865
1999.12.09;33.103233
1999.12.10;32.608231
1999.12.13;31.741966
1999.12.14;32.855736
1999.12.15;33.938557
1999.12.16;33.103233
1999.12.17;33.196045
1999.12.20;32.175098
1999.12.21;32.391678
1999.12.22;33.103233
1999.12.23;33.783867
1999.12.27;34.897606
1999.12.28;33.876686
1999.12.29;33.319794
1999.12.30;33.288860
1999.12.31;32.917603
2000.01.03;32.453545
2000.01.04;31.432604
2000.01.05;31.834787
2000.01.06;32.762924
2000.01.07;35.176064
2000.01.10;33.721992
2000.01.11;33.907619
2000.01.12;33.412609
2000.01.13;33.010418
2000.01.14;33.814796
2000.01.18;33.319794
2000.01.19;33.536343
2000.01.20;33.056835
2000.01.21;32.051353
2000.01.24;30.751972
2000.01.25;30.844790
2000.01.26;31.061348
2000.01.27;31.803856
2000.01.28;32.329784
2000.01.31;33.103233
2000.02.01;32.453545
2000.02.02;32.206036
2000.02.03;32.298862
2000.02.04;32.113228
2000.02.07;31.339798
2000.02.08;31.339798
2000.02.09;30.566359
2000.02.10;30.844790
2000.02.11;30.632286
2000.02.14;30.197336
2000.02.15;30.414812
2000.02.16;30.445898
2000.02.17;29.917728
2000.02.18;29.078915
2000.02.22;29.576000
2000.02.23;29.979879
2000.02.24;29.109987
2000.02.25;28.177979
2000.02.28;28.581860
2000.02.29;29.544939
2000.03.01;29.265320
2000.03.02;28.675039
2000.03.03;28.830376
2000.03.06;28.643993
2000.03.07;27.090633
2000.03.08;27.587690
2000.03.09;29.855621
2000.03.10;30.414812
2000.03.13;29.451725
2000.03.14;28.550783
2000.03.15;31.191488
2000.03.16;32.185631
2000.03.17;30.508011
2000.03.20;30.197336
2000.03.21;30.663349
2000.03.22;31.595383
2000.03.23;31.999241
2000.03.24;30.880825
2000.03.27;30.073080
2000.03.28;29.948803
2000.03.29;30.321606
2000.03.30;30.197336
2000.03.31;31.129354
2000.04.03;32.496307
2000.04.04;34.298244
2000.04.05;33.537075
2000.04.06;32.744858
2000.04.07;31.968176
2000.04.10;32.247776
2000.04.11;33.241947
2000.04.12;32.372047
2000.04.13;34.795303
2000.04.14;33.521538
2000.04.17;34.795303
2000.04.18;36.410793
2000.04.19;37.591339
2000.04.20;37.653469
2000.04.24;38.523365
2000.04.25;38.274837
2000.04.26;38.678692
2000.04.27;38.740822
2000.04.28;38.336952
2000.05.01;38.461205
2000.05.02;38.771908
2000.05.03;39.268959
2000.05.04;39.393253
2000.05.05;39.641792
2000.05.08;40.014595
2000.05.09;39.579662
2000.05.10;38.399086
2000.05.11;37.344234
2000.05.12;37.624779
2000.05.15;38.123505
2000.05.16;37.375404
2000.05.17;36.845470
2000.05.18;36.783127
2000.05.19;37.874157
2000.05.22;37.500080
2000.05.23;37.687115
2000.05.24;38.466423
2000.05.25;39.214535
2000.05.26;39.308048
2000.05.30;38.154690
2000.05.31;37.967667
2000.06.01;38.435242
2000.06.02;36.471420
2000.06.05;36.128510
2000.06.06;36.970181
2000.06.07;37.344234
2000.06.08;37.375404
2000.06.09;37.998840
2000.06.12;39.027523
2000.06.13;40.274410
2000.06.14;41.303082
2000.06.15;41.396603
2000.06.16;42.362942
2000.06.19;43.079899
2000.06.20;43.181213
2000.06.21;43.266926
2000.06.22;42.144749
2000.06.23;42.549961
2000.06.26;43.173435
2000.06.27;42.269413
2000.06.28;43.492939
2000.06.29;50.685902
2000.06.30;49.813072
2000.07.03;49.251976
2000.07.05;52.119816
2000.07.06;50.685902
2000.07.07;50.374161
2000.07.10;51.870426
2000.07.11;51.371681
2000.07.12;49.750740
2000.07.13;47.755733
2000.07.14;47.132256
2000.07.17;49.111725
2000.07.18;50.124809
2000.07.19;49.251976
2000.07.20;48.129784
2000.07.21;48.815571
2000.07.24;50.444313
2000.07.25;50.374161
2000.07.26;49.329918
2000.07.27;49.587097
2000.07.28;50.997620
2000.07.31;51.808083
2000.08.01;53.304363
2000.08.02;53.242023
2000.08.03;53.803104
2000.08.04;53.553738
2000.08.07;53.140720
2000.08.08;54.138199
2000.08.09;38.341717
2000.08.10;38.466423
2000.08.11;38.533989
2000.08.14;38.909325
2000.08.15;38.533989
2000.08.16;38.659096
2000.08.17;39.222092
2000.08.18;38.283764
2000.08.21;38.627811
2000.08.22;38.080460
2000.08.23;38.627811
2000.08.24;37.845882
2000.08.25;37.814606
2000.08.28;37.282879
2000.08.29;37.032646
2000.08.30;37.157768
2000.08.31;36.540024
2000.09.01;36.375832
2000.09.05;34.905777
2000.09.06;33.717236
2000.09.07;34.530449
2000.09.08;34.702488
2000.09.11;35.156006
2000.09.12;35.844105
2000.09.13;37.251617
2000.09.14;36.907574
2000.09.15;36.500954
2000.09.18;37.251617
2000.09.19;37.970963
2000.09.20;37.095219
2000.09.21;39.065712
2000.09.22;40.785946
2000.09.25;41.466263
2000.09.26;41.348984
2000.09.27;40.879803
2000.09.28;41.223854
2000.09.29;40.598305
2000.10.02;40.473206
2000.10.03;40.911060
2000.10.04;41.286434
2000.10.05;42.318596
2000.10.06;41.505352
2000.10.09;41.380268
2000.10.10;42.287308
2000.10.11;43.757347
2000.10.12;43.788612
2000.10.13;43.538399
2000.10.16;44.945896
2000.10.17;44.601841
2000.10.18;44.664394
2000.10.19;44.289078
2000.10.20;43.225636
2000.10.23;44.508015
2000.10.24;43.882462
2000.10.25;44.445454
2000.10.26;43.788612
2000.10.27;43.788612
2000.10.30;44.038864
2000.10.31;44.726940
2000.11.01;45.540154
2000.11.02;44.289078
2000.11.03;44.070118
2000.11.06;44.820793
2000.11.07;43.663525
2000.11.08;45.258648
2000.11.09;44.883335
2000.11.10;45.289944
2000.11.13;43.224682
2000.11.14;44.102989
2000.11.15;44.008904
2000.11.16;43.444275
2000.11.17;44.887177
2000.11.20;44.040268
2000.11.21;45.106758
2000.11.22;43.569721
2000.11.24;42.565975
2000.11.27;44.510761
2000.11.28;46.047794
2000.11.29;47.427967
2000.11.30;47.020184
2000.12.01;45.200874
2000.12.04;45.389072
2000.12.05;45.357693
2000.12.06;45.357693
2000.12.07;46.235996
2000.12.08;46.455570
2000.12.11;46.612415
2000.12.12;46.330109
2000.12.13;45.671356
2000.12.14;45.044006
2000.12.15;44.793083
2000.12.18;44.416660
2000.12.19;44.667622
2000.12.20;45.640022
2000.12.21;45.545902
2000.12.22;44.008904
2000.12.26;45.138111
2000.12.27;44.730324
2000.12.28;45.985054
2000.12.29;46.706505
2001.01.02;45.922321
2001.01.03;43.318787
2001.01.04;40.715271
2001.01.05;40.495705
2001.01.08;40.527054
2001.01.09;42.409119
2001.01.10;41.844513
2001.01.11;40.966217
2001.01.12;40.150654
2001.01.16;41.781773
2001.01.17;40.934837
2001.01.18;41.028965
2001.01.19;40.527054
2001.01.22;41.028965
2001.01.23;41.719044
2001.01.24;41.530838
2001.01.25;41.687691
2001.01.26;41.405350
2001.01.29;40.702728
2001.01.30;40.055313
2001.01.31;39.548409
2001.02.01;40.225929
2001.02.02;41.104244
2001.02.05;40.100483
2001.02.06;38.895947
2001.02.07;39.623676
2001.02.08;40.647526
2001.02.09;40.527054
2001.02.12;40.351410
2001.02.13;40.285931
2001.02.14;38.820370
2001.02.15;37.898697
2001.02.16;36.765526
2001.02.20;37.107986
2001.02.21;37.148270
2001.02.22;37.390038
2001.02.23;38.251240
2001.02.26;38.976479
2001.02.27;39.283714
2001.02.28;40.019032
2001.03.01;39.777260
2001.03.02;39.953548
2001.03.05;40.019032
2001.03.06;39.263565
2001.03.07;38.664234
2001.03.08;38.981510
2001.03.09;39.787357
2001.03.12;39.535522
2001.03.13;39.434811
2001.03.14;38.749840
2001.03.15;38.145473
2001.03.16;37.490765
2001.03.19;38.276440
2001.03.20;38.528244
2001.03.21;37.379951
2001.03.22;36.941784
2001.03.23;36.559021
2001.03.26;37.465557
2001.03.27;38.387249
2001.03.28;38.961391
2001.03.29;38.125343
2001.03.30;38.608841
2001.04.02;38.004463
2001.04.03;37.777843
2001.04.04;38.382187
2001.04.05;38.840504
2001.04.06;39.031879
2001.04.09;39.243420
2001.04.10;39.465023
2001.04.11;38.739780
2001.04.12;39.001671
2001.04.16;39.787357
2001.04.17;40.739223
2001.04.18;40.230526
2001.04.19;40.185207
2001.04.20;40.341358
2001.04.23;40.487400
2001.04.24;39.817547
2001.04.25;40.965843
2001.04.26;40.991028
2001.04.27;41.701157
2001.04.30;42.809170
2001.05.01;43.126457
2001.05.02;43.514259
2001.05.03;42.970318
2001.05.04;43.332939
2001.05.07;43.705635
2001.05.08;43.332939
2001.05.09;43.066013
2001.05.10;42.814194
2001.05.11;42.394798
2001.05.14;42.667648
2001.05.15;42.849567
2001.05.16;43.587322
2001.05.17;44.330109
2001.05.18;43.198238
2001.05.21;43.380154
2001.05.22;43.233597
2001.05.23;42.697990
2001.05.24;42.900101
2001.05.25;42.455448
2001.05.29;43.405399
2001.05.30;42.799030
2001.05.31;42.799030
2001.06.01;43.673203
2001.06.04;43.961243
2001.06.05;44.517056
2001.06.06;43.956161
2001.06.07;43.981453
2001.06.08;43.981453
2001.06.11;43.961243
2001.06.12;43.708588
2001.06.13;42.293755
2001.06.14;42.192684
2001.06.15;41.131538
2001.06.18;40.868782
2001.06.19;39.772293
2001.06.20;40.181568
2001.06.21;39.666161
2001.06.22;38.605038
2001.06.25;38.160385
2001.06.26;38.266487
2001.06.27;37.402428
2001.06.28;37.230618
2001.06.29;37.392315
2001.07.02;38.276581
2001.07.03;38.579769
2001.07.05;38.200794
2001.07.06;37.953209
2001.07.09;38.605038
2001.07.10;37.746040
2001.07.11;38.301857
2001.07.12;37.670242
2001.07.13;38.291763
2001.07.16;37.948151
2001.07.17;37.922897
2001.07.18;38.781902
2001.07.19;39.140678
2001.07.20;39.110332
2001.07.23;38.680828
2001.07.24;38.458492
2001.07.25;38.554504
2001.07.26;39.474159
2001.07.27;39.605537
2001.07.30;39.964302
2001.07.31;40.060307
2001.08.01;39.868301
2001.08.02;40.196735
2001.08.03;40.019878
2001.08.06;39.944107
2001.08.07;39.590382
2001.08.08;39.226555
2001.08.09;39.029480
2001.08.10;39.464039
2001.08.13;39.788612
2001.08.14;39.753098
2001.08.15;40.113171
2001.08.16;40.589844
2001.08.17;40.468143
2001.08.20;41.122334
2001.08.21;40.960075
2001.08.22;41.482384
2001.08.23;41.806953
2001.08.24;42.430714
2001.08.27;41.710594
2001.08.28;40.544205
2001.08.29;40.082737
2001.08.30;40.224747
2001.08.31;39.367702
2001.09.04;39.920456
2001.09.05;40.468143
2001.09.06;39.808872
2001.09.07;38.896091
2001.09.10;39.149643
2001.09.17;39.357567
2001.09.18;39.535038
2001.09.19;38.287540
2001.09.20;37.481220
2001.09.21;37.521767
2001.09.24;38.997490
2001.09.25;39.149643
2001.09.26;39.834248
2001.09.27;40.620304
2001.09.28;40.924568
2001.10.01;41.411381
2001.10.02;42.024998
2001.10.03;40.189224
2001.10.04;40.047234
2001.10.05;40.412369
2001.10.08;40.392105
2001.10.09;39.910305
2001.10.10;40.442799
2001.10.11;40.057384
2001.10.12;40.006672
2001.10.15;39.585754
2001.10.16;40.062450
2001.10.17;38.033985
2001.10.18;38.591801
2001.10.19;38.520802
2001.10.22;39.306824
2001.10.23;39.332195
2001.10.24;39.656750
2001.10.25;40.062450
2001.10.26;40.417427
2001.10.29;40.250084
2001.10.30;39.185120
2001.10.31;38.794666
2001.11.01;39.022873
2001.11.02;39.499546
2001.11.05;39.808872
2001.11.06;40.366726
2001.11.07;40.645664
2001.11.08;40.244999
2001.11.09;39.793697
2001.11.12;39.808872
2001.11.13;40.190586
2001.11.14;39.819080
2001.11.15;39.885220
2001.11.16;40.216057
2001.11.19;40.709698
2001.11.20;41.294991
2001.11.21;42.409557
2001.11.23;41.946423
2001.11.26;42.058403
2001.11.27;41.849743
2001.11.28;41.452770
2001.11.29;42.012592
2001.11.30;42.073658
2001.12.03;42.546959
2001.12.04;42.134708
2001.12.05;41.961689
2001.12.06;41.615620
2001.12.07;41.895523
2001.12.10;41.498562
2001.12.11;40.918358
2001.12.12;40.210945
2001.12.13;40.954018
2001.12.14;41.635967
2001.12.17;42.139790
2001.12.18;42.058403
2001.12.19;41.529106
2001.12.20;40.730068
2001.12.21;39.900501
2001.12.24;40.582458
2001.12.26;40.358540
2001.12.27;40.328003
2001.12.28;40.633362
2001.12.31;39.971756
2002.01.02;39.951374
2002.01.03;39.523880
2002.01.04;39.544254
2002.01.07;39.111656
2002.01.08;38.500931
2002.01.09;38.332981
2002.01.10;39.086220
2002.01.11;38.882633
2002.01.14;39.188000
2002.01.15;39.213459
2002.01.16;38.709579
2002.01.17;38.388950
2002.01.18;37.961479
2002.01.22;38.602715
2002.01.23;38.561993
2002.01.24;37.712070
2002.01.25;38.226109
2002.01.28;37.808784
2002.01.29;37.355816
2002.01.30;37.681568
2002.01.31;38.221008
2002.02.01;38.063263
2002.02.04;37.304932
2002.02.05;37.630657
2002.02.06;37.335468
2002.02.07;37.081005
2002.02.08;37.493237
2002.02.11;38.098869
2002.02.12;38.551811
2002.02.13;38.899323
2002.02.14;39.052631
2002.02.15;39.037300
2002.02.19;38.674469
2002.02.20;39.262146
2002.02.21;39.144627
2002.02.22;39.389912
2002.02.25;39.170174
2002.02.26;38.797119
2002.02.27;39.573860
2002.02.28;38.700020
2002.03.01;39.604553
2002.03.04;40.115562
2002.03.05;39.476803
2002.03.06;39.962250
2002.03.07;40.105350
2002.03.08;39.962250
2002.03.11;40.309757
2002.03.12;40.570370
2002.03.13;40.621479
2002.03.14;40.498837
2002.03.15;40.805439
2002.03.18;41.188725
2002.03.19;41.234722
2002.03.20;40.488617
2002.03.21;40.422173
2002.03.22;40.238220
2002.03.25;39.532993
2002.03.26;39.349041
2002.03.27;38.725594
2002.03.28;38.940201
2002.04.01;39.716957
2002.04.02;40.238220
2002.04.03;39.676086
2002.04.04;38.940201
2002.04.05;38.505848
2002.04.08;38.071453
2002.04.09;38.107243
2002.04.10;38.352512
2002.04.11;38.025452
2002.04.12;37.519547
2002.04.15;38.429184
2002.04.16;37.872169
2002.04.17;37.453125
2002.04.18;37.897709
2002.04.19;37.734180
2002.04.22;37.514454
2002.04.23;36.742802
2002.04.24;35.715630
2002.04.25;35.976257
2002.04.26;35.782066
2002.04.29;34.903091
2002.04.30;33.753288
2002.05.01;34.340984
2002.05.02;34.749798
2002.05.03;34.187653
2002.05.06;33.507992
2002.05.07;33.140060
2002.05.08;34.427841
2002.05.09;33.221821
2002.05.10;33.068508
2002.05.13;33.160946
2002.05.14;33.736046
2002.05.15;32.611515
2002.05.16;32.560154
2002.05.17;33.376606
2002.05.20;32.863110
2002.05.21;32.863110
2002.05.22;32.945286
2002.05.23;33.299580
2002.05.24;32.765556
2002.05.28;32.847706
2002.05.29;33.017162
2002.05.30;33.042847
2002.05.31;33.222557
2002.06.03;32.837452
2002.06.04;31.866955
2002.06.05;32.175049
2002.06.06;31.517790
2002.06.07;31.476706
2002.06.10;31.481838
2002.06.11;30.680803
2002.06.12;30.038946
2002.06.13;30.742411
2002.06.14;31.040251
2002.06.17;32.041538
2002.06.18;32.164768
2002.06.19;31.158360
2002.06.20;30.886185
2002.06.21;29.982452
2002.06.24;29.746256
2002.06.25;29.386814
2002.06.26;29.838673
2002.06.27;30.721874
2002.06.28;28.960609
2002.07.01;27.605005
2002.07.02;26.762899
2002.07.03;25.925926
2002.07.05;26.829655
2002.07.08;26.747503
2002.07.09;25.664036
2002.07.10;24.739759
2002.07.11;25.520264
2002.07.12;25.807823
2002.07.15;26.501017
2002.07.16;26.880999
2002.07.17;26.136454
2002.07.18;24.924618
2002.07.19;24.724363
2002.07.22;24.996511
2002.07.23;24.996511
2002.07.24;25.391899
2002.07.25;26.603725
2002.07.26;27.574200
2002.07.29;29.345739
2002.07.30;29.910576
2002.07.31;29.997869
2002.08.01;28.241739
2002.08.02;27.671780
2002.08.05;26.598595
2002.08.06;27.029911
2002.08.07;28.508759
2002.08.08;29.171164
2002.08.09;29.381681
2002.08.12;29.782192
2002.08.13;28.909742
2002.08.14;30.066126
2002.08.15;29.854464
2002.08.16;29.477619
2002.08.19;29.828663
2002.08.20;29.446651
2002.08.21;30.004181
2002.08.22;32.084667
2002.08.23;30.752760
2002.08.26;30.794041
2002.08.27;30.195189
2002.08.28;29.942236
2002.08.29;29.431141
2002.08.30;29.968061
2002.09.03;28.816824
2002.09.04;29.746075
2002.09.05;29.012999
2002.09.06;28.920063
2002.09.09;29.720247
2002.09.10;29.844152
2002.09.11;29.962893
2002.09.12;29.911255
2002.09.13;29.978374
2002.09.16;30.329424
2002.09.17;29.725418
2002.09.18;29.462133
2002.09.19;28.558708
2002.09.20;29.080116
2002.09.23;28.445110
2002.09.24;28.393496
2002.09.25;29.410515
2002.09.26;29.937073
2002.09.27;28.723888
2002.09.30;28.569033
2002.10.01;29.684097
2002.10.02;29.859627
2002.10.03;29.606663
2002.10.04;28.610329
2002.10.07;29.333057
2002.10.08;30.768219
2002.10.09;30.871475
2002.10.10;31.439344
2002.10.11;32.007221
2002.10.14;32.002048
2002.10.15;33.044865
2002.10.16;32.864182
2002.10.17;32.523460
2002.10.18;32.492481
2002.10.21;32.626720
2002.10.22;32.523460
2002.10.23;29.988693
2002.10.24;28.760040
2002.10.25;29.400156
2002.10.28;29.307257
2002.10.29;29.105915
2002.10.30;29.255627
2002.10.31;28.651604
2002.11.01;29.291773
2002.11.04;29.942236
2002.11.05;29.911255
2002.11.06;31.222532
2002.11.07;30.437838
2002.11.08;32.131115
2002.11.11;32.084667
2002.11.12;31.692301
2002.11.13;31.282406
2002.11.14;32.143723
2002.11.15;31.806458
2002.11.18;31.329088
2002.11.19;31.936167
2002.11.20;32.839008
2002.11.21;33.586170
2002.11.22;34.105030
2002.11.25;35.313999
2002.11.26;33.207397
2002.11.27;35.801727
2002.11.29;35.438522
2002.12.02;35.671997
2002.12.03;34.847000
2002.12.04;35.018234
2002.12.05;34.800304
2002.12.06;33.954556
2002.12.09;33.913044
2002.12.10;34.297020
2002.12.11;34.167294
2002.12.12;33.259277
2002.12.13;33.451279
2002.12.16;33.648418
2002.12.17;33.186642
2002.12.18;32.501728
2002.12.19;32.429104
2002.12.20;32.818245
2002.12.23;33.440884
2002.12.24;33.430515
2002.12.26;33.155487
2002.12.27;32.605503
2002.12.30;33.155487
2002.12.31;32.947968
2003.01.02;33.985691
2003.01.03;34.758797
2003.01.06;35.272488
2003.01.07;34.566814
2003.01.08;34.815876
2003.01.09;34.883320
2003.01.10;34.898888
2003.01.13;34.504559
2003.01.14;34.867771
2003.01.15;34.909264
2003.01.16;35.080498
2003.01.17;34.141357
2003.01.21;33.938988
2003.01.22;33.700325
2003.01.23;32.973900
2003.01.24;31.951742
2003.01.27;31.246084
2003.01.28;31.619675
2003.01.29;31.775312
2003.01.30;30.805052
2003.01.31;31.256456
2003.02.03;32.003632
2003.02.04;31.733795
2003.02.05;31.396559
2003.02.06;31.759756
2003.02.07;31.007408
2003.02.10;31.199392
2003.02.11;31.152700
2003.02.12;30.727436
2003.02.13;29.892599
2003.02.14;29.600401
2003.02.18;30.169142
2003.02.19;30.341333
2003.02.20;29.663010
2003.02.21;29.991734
2003.02.24;29.569090
2003.02.25;29.198624
2003.02.26;29.000355
2003.02.27;29.485609
2003.02.28;29.511702
2003.03.03;29.532570
2003.03.04;29.323864
2003.03.05;29.741270
2003.03.06;29.193422
2003.03.07;29.730844
2003.03.10;29.219503
2003.03.11;28.019413
2003.03.12;28.196823
2003.03.13;28.822958
2003.03.14;28.165520
2003.03.17;28.854265
2003.03.18;29.209080
2003.03.19;29.636917
2003.03.20;29.548225
2003.03.21;30.367414
2003.03.24;29.584743
2003.03.25;30.336098
2003.03.26;30.190008
2003.03.27;30.372650
2003.03.28;30.450893
2003.03.31;29.819540
2003.04.01;30.435259
2003.04.02;31.103104
2003.04.03;31.567497
2003.04.04;31.958826
2003.04.07;31.207479
2003.04.08;31.202248
2003.04.09;30.920506
2003.04.10;31.134420
2003.04.11;30.450893
2003.04.14;31.045719
2003.04.15;30.821362
2003.04.16;30.388281
2003.04.17;30.461342
2003.04.21;31.030062
2003.04.22;31.979704
2003.04.23;32.611061
2003.04.24;33.419807
2003.04.25;33.018036
2003.04.28;33.414608
2003.04.29;33.654606
2003.04.30;33.299805
2003.05.01;33.456329
2003.05.02;33.518944
2003.05.05;33.367634
2003.05.06;33.388500
2003.05.07;33.581566
2003.05.08;33.346756
2003.05.09;33.471981
2003.05.12;33.586777
2003.05.13;33.463516
2003.05.14;33.432034
2003.05.15;33.647091
2003.05.16;33.321888
2003.05.19;31.863754
2003.05.20;30.604954
2003.05.21;30.578733
2003.05.22;30.279757
2003.05.23;30.473835
2003.05.27;31.103222
2003.05.28;30.788534
2003.05.29;30.536755
2003.05.30;31.349751
2003.06.02;30.500065
2003.06.03;31.260595
2003.06.04;31.564800
2003.06.05;32.372543
2003.06.06;32.089310
2003.06.09;31.454666
2003.06.10;31.591026
2003.06.11;33.143570
2003.06.12;33.599876
2003.06.13;34.203083
2003.06.16;35.587757
2003.06.17;36.626305
2003.06.18;36.190941
2003.06.19;35.351753
2003.06.20;35.944427
2003.06.23;35.178635
2003.06.24;36.012619
2003.06.25;35.535309
2003.06.26;36.468933
2003.06.27;35.729393
2003.06.30;36.175198
2003.07.01;36.600079
2003.07.02;36.510895
2003.07.03;36.332573
2003.07.07;36.888550
2003.07.08;36.280125
2003.07.09;35.619236
2003.07.10;35.183903
2003.07.11;35.377968
2003.07.14;35.325504
2003.07.15;34.528267
2003.07.16;34.738075
2003.07.17;35.042286
2003.07.18;35.236351
2003.07.21;34.690857
2003.07.22;34.559734
2003.07.23;34.654152
2003.07.24;35.047527
2003.07.25;35.325504
2003.07.28;34.942608
2003.07.29;34.029972
2003.07.30;34.905903
2003.07.31;34.533504
2003.08.01;33.568417
2003.08.04;33.893593
2003.08.05;33.468769
2003.08.06;33.012432
2003.08.07;33.489731
2003.08.08;33.007195
2003.08.11;33.080627
2003.08.12;32.980968
2003.08.13;32.799049
2003.08.14;32.377182
2003.08.15;32.498478
2003.08.18;32.514297
2003.08.19;32.298088
2003.08.20;32.493210
2003.08.21;33.516178
2003.08.22;33.115437
2003.08.25;33.526752
2003.08.26;34.043518
2003.08.27;34.391541
2003.08.28;34.734303
2003.08.29;35.082314
2003.09.02;35.224682
2003.09.03;32.746315
2003.09.04;32.187359
2003.09.05;32.166256
2003.09.08;32.561752
2003.09.09;32.398277
2003.09.10;32.709404
2003.09.11;32.155708
2003.09.12;32.424656
2003.09.15;32.113544
2003.09.16;32.166256
2003.09.17;32.029148
2003.09.18;32.187359
2003.09.19;31.749697
2003.09.22;31.243467
2003.09.23;31.549303
2003.09.24;31.243467
2003.09.25;30.963989
2003.09.26;30.579041
2003.09.29;30.689787
2003.09.30;31.322575
2003.10.01;33.226162
2003.10.02;33.489834
2003.10.03;33.431824
2003.10.06;33.447639
2003.10.07;33.220879
2003.10.08;32.841244
2003.10.09;32.783218
2003.10.10;32.857052
2003.10.13;32.714668
2003.10.14;32.893948
2003.10.15;32.514297
2003.10.16;32.651394
2003.10.17;32.250633
2003.10.20;32.456299
2003.10.21;32.957249
2003.10.22;32.050255
2003.10.23;34.328251
2003.10.24;34.955769
2003.10.27;35.145596
2003.10.28;35.514713
2003.10.29;34.871399
2003.10.30;35.140335
2003.10.31;35.129776
2003.11.03;35.198338
2003.11.04;34.407360
2003.11.05;34.823925
2003.11.06;35.003220
2003.11.07;34.723736
2003.11.10;34.555008
2003.11.11;34.291344
2003.11.12;35.083767
2003.11.13;36.599697
2003.11.14;37.781700
2003.11.17;37.474277
2003.11.18;37.601486
2003.11.19;38.449562
2003.11.20;37.914219
2003.11.21;36.896515
2003.11.24;37.368267
2003.11.25;37.458366
2003.11.26;36.732224
2003.11.28;36.467186
2003.12.01;37.262257
2003.12.02;36.838219
2003.12.03;36.562595
2003.12.04;36.578491
2003.12.05;36.467186
2003.12.08;37.119129
2003.12.09;37.394772
2003.12.10;37.315250
2003.12.11;38.057327
2003.12.12;38.264038
2003.12.15;37.999016
2003.12.16;38.847088
2003.12.17;38.417767
2003.12.18;38.757004
2003.12.19;39.165131
2003.12.22;38.269341
2003.12.23;37.378872
2003.12.24;37.368267
2003.12.26;37.431858
2003.12.29;37.961914
2003.12.30;37.596195
2003.12.31;37.278164
2004.01.02;37.760506
2004.01.05;37.203949
2004.01.06;37.172169
2004.01.07;37.007824
2004.01.08;36.096157
2004.01.09;35.820538
2004.01.12;36.483078
2004.01.13;36.361191
2004.01.14;36.679199
2004.01.15;36.843521
2004.01.16;37.135036
2004.01.20;36.970726
2004.01.21;37.527267
2004.01.22;37.606773
2004.01.23;36.817017
2004.01.26;36.514904
2004.01.27;36.281654
2004.01.28;35.470695
2004.01.29;36.255161
2004.01.30;36.064346
2004.02.02;36.599697
2004.02.03;36.785213
2004.02.04;37.368267
2004.02.05;37.871815
2004.02.06;38.613876
2004.02.09;38.810013
2004.02.10;39.509655
2004.02.11;39.783924
2004.02.12;39.187439
2004.02.13;39.144829
2004.02.17;38.857239
2004.02.18;38.590946
2004.02.19;38.692146
2004.02.20;38.596268
2004.02.23;38.356625
2004.02.24;38.543007
2004.02.25;38.766708
2004.02.26;39.198090
2004.02.27;39.379177
2004.03.01;39.112873
2004.03.02;38.681488
2004.03.03;38.921139
2004.03.04;38.942467
2004.03.05;39.123516
2004.03.08;38.772034
2004.03.09;38.266075
2004.03.10;37.541748
2004.03.11;36.838753
2004.03.12;37.776096
2004.03.15;37.110367
2004.03.16;37.637619
2004.03.17;37.190254
2004.03.18;37.184921
2004.03.19;36.551155
2004.03.22;36.194321
2004.03.23;35.975964
2004.03.24;35.411423
2004.03.25;34.884174
2004.03.26;34.617878
2004.03.29;34.937431
2004.03.30;35.043953
2004.03.31;35.629787
2004.04.01;36.002586
2004.04.02;36.588417
2004.04.05;36.828114
2004.04.06;36.631039
2004.04.07;36.961250
2004.04.08;36.684307
2004.04.12;36.860035
2004.04.13;36.929279
2004.04.14;37.499153
2004.04.15;38.825298
2004.04.16;38.585617
2004.04.19;39.091579
2004.04.20;38.479111
2004.04.21;39.096924
2004.04.22;39.421780
2004.04.23;38.958431
2004.04.26;39.064957
2004.04.27;39.293941
2004.04.28;39.224705
2004.04.29;39.091579
2004.04.30;39.309933
2004.05.03;39.751976
2004.05.04;40.119476
2004.05.05;40.119476
2004.05.06;40.614754
2004.05.07;40.236614
2004.05.10;39.613518
2004.05.11;39.331245
2004.05.12;39.446293
2004.05.13;39.205482
2004.05.14;39.521221
2004.05.17;39.028866
2004.05.18;38.836224
2004.05.19;38.466953
2004.05.20;38.697098
2004.05.21;38.520477
2004.05.24;37.872955
2004.05.25;38.568638
2004.05.26;39.291103
2004.05.27;39.580078
2004.05.28;39.424870
2004.06.01;39.997505
2004.06.02;39.869061
2004.06.03;39.794159
2004.06.04;40.136650
2004.06.07;40.489857
2004.06.08;40.340000
2004.06.09;39.371368
2004.06.10;39.408844
2004.06.14;38.905785
2004.06.15;38.862984
2004.06.16;39.173363
2004.06.17;39.355324
2004.06.18;39.376724
2004.06.21;38.889732
2004.06.22;39.028866
2004.06.23;39.141254
2004.06.24;38.921856
2004.06.25;38.210094
2004.06.28;38.370632
2004.06.29;37.594666
2004.06.30;37.412708
2004.07.01;36.888248
2004.07.02;37.123722
2004.07.06;36.540394
2004.07.07;36.139027
2004.07.08;36.326340
2004.07.09;35.855396
2004.07.12;36.454784
2004.07.13;36.620682
2004.07.14;36.385216
2004.07.15;35.764435
2004.07.16;35.480789
2004.07.19;35.068722
2004.07.20;34.608494
2004.07.21;34.934933
2004.07.22;34.645958
2004.07.23;33.559593
2004.07.26;33.254543
2004.07.27;33.752232
2004.07.28;34.084026
2004.07.29;34.057281
2004.07.30;34.100113
2004.08.02;34.009121
2004.08.03;33.832523
2004.08.04;34.062641
2004.08.05;32.863892
2004.08.06;32.644466
2004.08.09;32.360832
2004.08.10;32.676594
2004.08.11;33.696621
2004.08.12;33.405949
2004.08.13;33.142193
2004.08.16;33.960396
2004.08.17;33.820431
2004.08.18;34.751659
2004.08.19;34.638645
2004.08.20;34.719364
2004.08.23;34.665543
2004.08.24;34.827023
2004.08.25;34.708622
2004.08.26;34.197235
2004.08.27;34.622478
2004.08.30;34.019608
2004.08.31;34.154175
2004.09.01;34.509445
2004.09.02;34.880856
2004.09.03;34.977749
2004.09.07;35.526806
2004.09.08;35.026184
2004.09.09;35.381451
2004.09.10;35.446053
2004.09.13;35.230751
2004.09.14;35.774403
2004.09.15;36.145824
2004.09.16;35.935898
2004.09.17;35.736729
2004.09.20;35.263065
2004.09.21;35.074635
2004.09.22;34.407169
2004.09.23;34.181084
2004.09.24;34.267216
2004.09.27;33.858131
2004.09.28;33.400558
2004.09.29;33.292927
2004.09.30;32.324005
2004.10.01;33.050694
2004.10.04;33.136814
2004.10.05;33.379051
2004.10.06;33.088375
2004.10.07;32.060257
2004.10.08;31.801880
2004.10.11;31.758793
2004.10.12;30.762985
2004.10.13;30.305435
2004.10.14;30.160095
2004.10.15;30.870642
2004.10.18;30.897564
2004.10.19;30.143953
2004.10.20;29.659506
2004.10.21;28.335321
2004.10.22;27.910076
2004.10.25;27.151098
2004.10.26;28.233049
2004.10.27;30.251612
2004.10.28;30.165495
2004.10.29;29.557230
2004.11.01;29.686398
2004.11.02;29.670273
2004.11.03;30.483067
2004.11.04;30.854507
2004.11.05;31.005211
2004.11.08;30.655321
2004.11.09;30.429245
2004.11.10;30.128599
2004.11.11;30.329029
2004.11.12;30.448212
2004.11.15;30.973648
2004.11.16;30.773222
2004.11.17;30.258610
2004.11.18;30.551138
2004.11.19;29.911934
2004.11.22;30.404865
2004.11.23;29.592323
2004.11.24;29.679003
2004.11.26;29.657352
2004.11.29;29.424406
2004.11.30;28.888153
2004.12.01;29.505669
2004.12.02;29.679003
2004.12.03;29.521917
2004.12.06;29.576088
2004.12.07;29.066895
2004.12.08;29.435251
2004.12.09;29.619421
2004.12.10;29.814432
2004.12.13;30.361534
2004.12.14;30.876123
2004.12.15;30.724451
2004.12.16;31.092813
2004.12.17;30.345282
2004.12.20;29.955257
2004.12.21;30.231535
2004.12.22;30.670300
2004.12.23;31.016968
2004.12.27;30.973648
2004.12.28;31.109066
2004.12.29;31.011562
2004.12.30;31.146969
2004.12.31;30.740694
2005.01.03;30.469868
2005.01.04;30.063614
2005.01.05;30.377781
2005.01.06;30.621544
2005.01.07;30.475285
2005.01.10;30.843636
2005.01.11;30.892387
2005.01.12;31.298645
2005.01.13;30.561962
2005.01.14;31.011562
2005.01.18;31.168646
2005.01.19;30.876123
2005.01.20;30.567373
2005.01.21;29.966095
2005.01.24;29.706083
2005.01.25;29.711494
2005.01.26;30.063614
2005.01.27;30.101526
2005.01.28;29.023565
2005.01.31;29.381077
2005.02.01;29.662756
2005.02.02;29.868593
2005.02.03;29.722343
2005.02.04;29.809004
2005.02.07;30.193607
2005.02.08;30.009432
2005.02.09;29.603176
2005.02.10;29.684416
2005.02.11;30.273529
2005.02.14;30.218987
2005.02.15;30.420807
2005.02.16;30.235353
2005.02.17;30.071707
2005.02.18;29.782610
2005.02.22;29.760780
2005.02.23;29.908075
2005.02.24;30.066242
2005.02.25;30.453537
2005.02.28;30.546267
2005.03.01;30.813555
2005.03.02;30.737175
2005.03.03;30.628094
2005.03.04;30.960831
2005.03.07;31.266287
2005.03.08;30.949913
2005.03.09;30.328072
2005.03.10;30.306263
2005.03.11;29.918966
2005.03.14;29.291679
2005.03.15;28.746216
2005.03.16;28.522575
2005.03.17;28.489847
2005.03.18;28.648029
2005.03.21;28.353474
2005.03.22;28.277103
2005.03.23;28.789850
2005.03.24;28.855299
2005.03.28;28.773479
2005.03.29;28.217106
2005.03.30;28.784395
2005.03.31;28.418930
2005.04.01;27.922565
2005.04.04;27.998936
2005.04.05;29.024405
2005.04.06;29.215317
2005.04.07;29.455328
2005.04.08;29.624432
2005.04.11;29.657145
2005.04.12;29.357147
2005.04.13;31.157192
2005.04.14;30.088070
2005.04.15;31.675396
2005.04.18;32.182671
2005.04.19;32.428127
2005.04.20;31.648104
2005.04.21;31.909927
2005.04.22;31.855394
2005.04.25;32.057217
2005.04.26;31.855394
2005.04.27;31.762655
2005.04.28;31.637211
2005.04.29;31.893572
2005.05.02;32.133583
2005.05.03;32.591782
2005.05.04;32.869953
2005.05.05;32.968143
2005.05.06;32.826332
2005.05.09;32.597225
2005.05.10;32.253582
2005.05.11;32.253582
2005.05.12;32.495144
2005.05.13;32.259064
2005.05.16;32.610443
2005.05.17;32.698269
2005.05.18;33.137470
2005.05.19;32.906872
2005.05.20;32.335938
2005.05.23;32.237122
2005.05.24;32.182198
2005.05.25;32.226120
2005.05.26;32.445721
2005.05.27;32.418274
2005.05.31;32.006523
2005.06.01;32.088882
2005.06.02;31.946131
2005.06.03;31.649689
2005.06.06;31.671637
2005.06.07;31.649689
2005.06.08;31.495970
2005.06.09;31.331257
2005.06.10;31.287340
2005.06.13;31.457541
2005.06.14;31.649689
2005.06.15;31.490475
2005.06.16;32.039467
2005.06.17;32.127304
2005.06.20;31.869289
2005.06.21;31.907713
2005.06.22;32.017521
2005.06.23;31.578329
2005.06.24;31.243433
2005.06.27;30.985397
2005.06.28;31.106180
2005.06.29;30.908535
2005.06.30;30.584639
2005.07.01;30.425417
2005.07.05;30.590107
2005.07.06;30.540716
2005.07.07;30.310137
2005.07.08;30.881090
2005.07.11;31.084219
2005.07.12;30.990889
2005.07.13;30.952467
2005.07.14;31.259897
2005.07.15;31.106180
2005.07.18;31.183018
2005.07.19;31.139116
2005.07.20;31.435574
2005.07.21;30.881090
2005.07.22;30.194838
2005.07.25;30.057598
2005.07.26;29.843485
2005.07.27;30.145432
2005.07.28;30.436409
2005.07.29;30.919527
2005.08.01;31.122650
2005.08.02;30.749338
2005.08.03;30.161905
2005.08.04;29.590948
2005.08.05;29.343916
2005.08.08;29.151754
2005.08.09;29.558004
2005.08.10;29.590948
2005.08.11;29.657305
2005.08.12;29.530130
2005.08.15;29.331095
2005.08.16;29.154169
2005.08.17;29.181808
2005.08.18;29.038046
2005.08.19;29.065687
2005.08.22;29.143091
2005.08.23;29.701517
2005.08.24;29.519077
2005.08.25;29.579889
2005.08.26;29.530130
2005.08.29;29.878452
2005.08.30;29.895054
2005.08.31;30.420284
2005.09.01;30.138300
2005.09.02;30.271008
2005.09.06;30.757542
2005.09.07;31.161167
2005.09.08;31.210918
2005.09.09;31.360229
2005.09.12;31.487368
2005.09.13;30.696728
2005.09.14;30.658041
2005.09.15;30.359478
2005.09.16;30.519808
2005.09.19;30.276531
2005.09.20;29.911619
2005.09.21;29.684938
2005.09.22;29.828686
2005.09.23;29.740234
2005.09.26;29.463783
2005.09.27;29.618595
2005.09.28;29.563303
2005.09.29;30.016674
2005.09.30;29.590950
2005.10.03;29.264738
2005.10.04;29.640715
2005.10.05;29.718111
2005.10.06;29.861868
2005.10.07;29.530130
2005.10.10;29.259209
2005.10.11;28.816887
2005.10.12;28.850071
2005.10.13;29.049120
2005.10.14;29.093338
2005.10.17;28.490685
2005.10.18;28.545963
2005.10.19;28.529377
2005.10.20;28.335873
2005.10.21;28.031786
2005.10.24;28.076021
2005.10.25;27.816158
2005.10.26;27.865908
2005.10.27;27.644758
2005.10.28;27.639223
2005.10.31;27.528652
2005.11.01;27.512064
2005.11.02;27.589472
2005.11.03;27.733223
2005.11.04;28.103668
2005.11.07;28.252934
2005.11.08;28.573626
2005.11.09;28.767136
2005.11.10;28.627897
2005.11.11;28.393967
2005.11.14;27.965113
2005.11.15;28.093212
2005.11.16;27.736753
2005.11.17;27.714468
2005.11.18;28.037510
2005.11.21;28.260300
2005.11.22;28.193460
2005.11.23;28.321564
2005.11.25;28.148893
2005.11.28;27.959541
2005.11.29;27.876005
2005.11.30;28.126629
2005.12.01;28.683592
2005.12.02;28.722572
2005.12.05;28.666891
2005.12.06;29.067879
2005.12.07;29.491182
2005.12.08;29.079029
2005.12.09;29.747395
2005.12.12;30.337757
2005.12.13;31.022842
2005.12.14;31.167631
2005.12.15;31.345877
2005.12.16;31.557512
2005.12.19;32.075497
2005.12.20;31.758022
2005.12.21;31.746895
2005.12.22;31.813719
2005.12.23;32.136761
2005.12.27;32.198025
2005.12.28;32.164600
2005.12.29;32.003086
2005.12.30;31.518536
2006.01.03;31.947395
2006.01.04;31.791454
2006.01.05;31.964083
2006.01.06;32.203587
2006.01.09;32.626888
2006.01.10;32.404087
2006.01.11;32.404087
2006.01.12;32.275986
2006.01.13;32.275986
2006.01.17;31.897266
2006.01.18;31.724604
2006.01.19;31.847128
2006.01.20;31.691179
2006.01.23;31.863840
2006.01.24;31.808151
2006.01.25;31.841578
2006.01.26;31.707895
2006.01.27;32.053230
2006.01.30;31.952957
2006.01.31;31.535250
2006.02.01;31.685629
2006.02.02;31.356995
2006.02.03;31.111935
2006.02.06;30.866884
2006.02.07;30.621824
2006.02.08;31.022842
2006.02.09;31.356995
2006.02.10;31.290163
2006.02.13;31.048973
2006.02.14;31.121887
2006.02.15;31.424805
2006.02.16;31.615530
2006.02.17;31.323828
2006.02.21;31.133112
2006.02.22;31.469683
2006.02.23;31.374290
2006.02.24;31.424805
2006.02.27;31.823071
2006.02.28;31.200415
2006.03.01;31.351883
2006.03.02;31.273350
2006.03.03;31.250910
2006.03.06;31.688450
2006.03.07;31.755760
2006.03.08;32.176495
2006.03.09;32.019417
2006.03.10;32.114788
2006.03.13;32.109165
2006.03.14;32.283070
2006.03.15;31.957708
2006.03.16;32.103558
2006.03.17;32.025021
2006.03.20;32.210136
2006.03.21;32.148441
2006.03.22;32.810360
2006.03.23;32.557938
2006.03.24;33.017921
2006.03.27;32.911346
2006.03.28;31.626755
2006.03.29;31.593102
2006.03.30;31.441641
2006.03.31;31.020910
2006.04.03;30.987255
2006.04.04;30.942381
2006.04.05;30.779697
2006.04.06;30.560925
2006.04.07;30.033632
2006.04.10;29.938255
2006.04.11;29.786800
2006.04.12;29.966309
2006.04.13;29.882174
2006.04.17;29.736317
2006.04.18;30.572140
2006.04.19;30.656277
2006.04.20;30.078508
2006.04.21;29.691442
2006.04.24;29.483896
2006.04.25;29.287546
2006.04.26;29.304384
2006.04.27;29.590475
2006.04.28;29.685827
2006.05.01;29.338036
2006.05.02;29.130495
2006.05.03;29.147322
2006.05.04;29.180960
2006.05.05;29.697048
2006.05.08;29.680227
2006.05.09;29.276335
2006.05.10;29.203407
2006.05.11;28.898161
2006.05.12;28.513752
2006.05.15;29.265606
2006.05.16;29.282560
2006.05.17;28.830311
2006.05.18;28.694637
2006.05.19;28.835972
2006.05.22;28.638105
2006.05.23;28.496790
2006.05.24;28.683348
2006.05.25;29.180815
2006.05.26;29.548244
2006.05.30;29.079039
2006.05.31;29.192104
2006.06.01;29.389969
2006.06.02;29.412577
2006.06.05;29.028179
2006.06.06;28.915108
2006.06.07;29.231674
2006.06.08;29.259939
2006.06.09;29.248636
2006.06.12;29.175146
2006.06.13;29.175146
2006.06.14;30.057018
2006.06.15;30.554489
2006.06.16;30.667540
2006.06.19;30.803215
2006.06.20;31.029352
2006.06.21;30.938894
2006.06.22;30.859755
2006.06.23;30.695820
2006.06.26;30.746670
2006.06.27;30.226610
2006.06.28;30.209644
2006.06.29;30.825830
2006.06.30;31.244148
2006.07.03;31.475918
2006.07.05;31.781168
2006.07.06;32.035564
2006.07.07;31.792494
2006.07.10;31.809437
2006.07.11;31.617245
2006.07.12;31.441999
2006.07.13;31.023670
2006.07.14;30.842781
2006.07.17;30.978460
2006.07.18;31.074560
2006.07.19;31.702044
2006.07.20;31.803799
2006.07.21;30.893665
2006.07.24;31.662468
2006.07.25;31.402439
2006.07.26;31.385483
2006.07.27;31.464615
2006.07.28;32.171253
2006.07.31;32.092098
2006.08.01;31.820772
2006.08.02;32.182552
2006.08.03;32.018604
2006.08.04;31.809437
2006.08.07;31.419415
2006.08.08;31.176319
2006.08.09;31.091524
2006.08.10;31.255457
2006.08.11;30.953657
2006.08.14;30.987831
2006.08.15;31.483225
2006.08.16;31.636971
2006.08.17;31.859034
2006.08.18;31.335173
2006.08.21;31.249748
2006.08.22;31.306704
2006.08.23;31.346565
2006.08.24;31.454750
2006.08.25;31.352251
2006.08.28;31.796406
2006.08.29;31.950148
2006.08.30;31.921673
2006.08.31;31.847649
2006.09.01;31.887516
2006.09.05;31.728067
2006.09.06;31.534475
2006.09.07;31.244062
2006.09.08;31.466158
2006.09.11;30.896711
2006.09.12;31.403507
2006.09.13;31.437675
2006.09.14;31.312395
2006.09.15;31.204208
2006.09.18;31.403507
2006.09.19;31.329468
2006.09.20;31.745142
2006.09.21;31.870419
2006.09.22;31.847649
2006.09.25;32.217777
2006.09.26;32.371513
2006.09.27;32.462639
2006.09.28;32.639149
2006.09.29;32.456928
2006.10.02;32.337353
2006.10.03;32.280403
2006.10.04;32.798561
2006.10.05;32.889683
2006.10.06;32.775806
2006.10.09;32.747334
2006.10.10;32.599293
2006.10.11;32.491085
2006.10.12;32.770119
2006.10.13;32.667618
2006.10.16;32.832733
2006.10.17;32.770119
2006.10.18;33.168716
2006.10.19;32.735958
2006.10.20;32.593586
2006.10.23;32.975109
2006.10.24;32.901073
2006.10.25;32.735958
2006.10.26;32.622055
2006.10.27;32.474003
2006.10.30;32.069717
2006.10.31;31.893202
2006.11.01;31.881815
2006.11.02;32.098183
2006.11.03;31.933065
2006.11.06;32.269016
2006.11.07;32.445557
2006.11.08;32.160843
2006.11.09;31.244062
2006.11.10;30.828390
2006.11.13;31.011955
2006.11.14;30.891483
2006.11.15;31.189785
2006.11.16;31.298790
2006.11.17;31.293060
2006.11.20;31.195539
2006.11.21;31.006224
2006.11.22;30.994755
2006.11.24;30.920187
2006.11.27;30.736609
2006.11.28;30.816912
2006.11.29;31.000473
2006.11.30;30.742344
2006.12.01;30.633360
2006.12.04;30.994755
2006.12.05;31.379110
2006.12.06;31.470877
2006.12.07;30.971804
2006.12.08;30.977537
2006.12.11;30.966061
2006.12.12;30.920187
2006.12.13;30.799709
2006.12.14;30.960323
2006.12.15;31.275846
2006.12.18;30.535822
2006.12.19;30.185884
2006.12.20;30.059683
2006.12.21;29.709755
2006.12.22;29.457346
2006.12.26;29.704018
2006.12.27;29.830229
2006.12.28;29.835960
2006.12.29;29.887585
2007.01.03;29.973644
2007.01.04;30.036734
2007.01.05;29.853170
2007.01.08;29.715498
2007.01.09;29.732704
2007.01.10;29.635174
2007.01.11;29.962175
2007.01.12;30.174416
2007.01.16;30.335037
2007.01.17;30.317827
2007.01.18;30.426838
2007.01.19;30.380936
2007.01.22;30.248985
2007.01.23;30.203100
2007.01.24;30.593199
2007.01.25;30.478449
2007.01.26;30.283403
2007.01.29;30.317827
2007.01.30;30.248985
2007.01.31;31.046368
2007.02.01;31.419250
2007.02.02;31.321728
2007.02.05;31.361883
2007.02.06;31.344687
2007.02.07;31.218468
2007.02.08;31.098009
2007.02.09;31.109470
2007.02.12;31.212738
2007.02.13;31.383303
2007.02.14;31.718634
2007.02.15;31.776464
2007.02.16;31.793804
2007.02.20;31.782249
2007.02.21;31.522057
2007.02.22;31.302359
2007.02.23;31.342834
2007.02.26;31.452688
2007.02.27;30.643240
2007.02.28;30.406195
2007.03.01;30.209602
2007.03.02;29.932096
2007.03.05;29.851137
2007.03.06;30.198053
2007.03.07;29.984125
2007.03.08;30.273220
2007.03.09;30.406195
2007.03.12;30.527601
2007.03.13;30.105541
2007.03.14;30.007256
2007.03.15;30.093956
2007.03.16;30.169134
2007.03.19;30.458218
2007.03.20;30.510265
2007.03.21;31.117348
2007.03.22;31.319698
2007.03.23;31.111565
2007.03.26;31.053740
2007.03.27;30.799351
2007.03.28;30.649010
2007.03.29;30.880297
2007.03.30;31.053740
2007.04.02;31.446896
2007.04.03;31.655037
2007.04.04;31.892092
2007.04.05;32.077106
2007.04.09;32.134922
2007.04.10;32.192741
2007.04.11;32.140717
2007.04.12;32.343075
2007.04.13;32.886543
2007.04.16;33.765377
2007.04.17;34.037117
2007.04.18;34.193230
2007.04.19;34.702034
2007.04.20;35.014233
2007.04.23;34.476540
2007.04.24;34.274178
2007.04.25;34.407158
2007.04.26;34.534355
2007.04.27;34.464973
2007.04.30;34.187447
2007.05.01;34.048687
2007.05.02;34.204792
2007.05.03;34.193230
2007.05.04;34.424496
2007.05.07;34.528564
2007.05.08;34.592178
2007.05.09;34.545921
2007.05.10;33.944611
2007.05.11;34.029057
2007.05.14;34.483334
2007.05.15;34.500809
2007.05.16;34.425083
2007.05.17;34.372669
2007.05.18;34.576500
2007.05.21;34.722099
2007.05.22;34.669685
2007.05.23;34.593983
2007.05.24;34.471672
2007.05.25;34.570679
2007.05.29;34.628914
2007.05.30;34.500809
2007.05.31;34.139717
2007.06.01;34.326080
2007.06.04;34.454193
2007.06.05;34.361023
2007.06.06;33.947533
2007.06.07;33.155483
2007.06.08;33.207897
2007.06.11;33.376789
2007.06.12;33.068119
2007.06.13;33.161293
2007.06.14;33.417534
2007.06.15;33.615551
2007.06.18;33.435036
2007.06.19;33.633026
2007.06.20;33.062290
2007.06.21;33.085587
2007.06.22;32.497375
2007.06.25;32.311008
2007.06.26;32.538143
2007.06.27;32.800224
2007.06.28;32.718678
2007.06.29;32.543961
2007.07.02;33.038994
2007.07.03;33.073933
2007.07.05;32.939999
2007.07.06;32.986565
2007.07.09;32.637138
2007.07.10;32.287712
2007.07.11;32.474072
2007.07.12;33.073933
2007.07.13;33.149662
2007.07.16;33.132179
2007.07.17;32.846828
2007.07.18;32.642963
2007.07.19;32.835155
2007.07.20;32.631340
2007.07.23;33.295254
2007.07.24;33.295254
2007.07.25;34.034885
2007.07.26;33.021519
2007.07.27;32.043110
2007.07.30;31.897514
2007.07.31;31.501492
2007.08.01;31.565544
2007.08.02;31.798508
2007.08.03;31.524782
2007.08.06;32.741982
2007.08.07;32.916698
2007.08.08;34.011585
2007.08.09;33.691292
2007.08.10;33.289429
2007.08.13;33.403851
2007.08.14;32.529572
2007.08.15;32.377022
2007.08.16;32.171650
2007.08.17;32.746666
2007.08.20;32.641060
2007.08.21;32.435703
2007.08.22;32.705608
2007.08.23;32.781879
2007.08.24;33.216091
2007.08.27;33.086979
2007.08.28;32.916824
2007.08.29;33.045918
2007.08.30;33.251282
2007.08.31;33.650284
2007.09.04;34.107937
2007.09.05;33.615078
2007.09.06;33.708965
2007.09.07;32.957905
2007.09.10;32.940300
2007.09.11;33.210220
2007.09.12;33.474255
2007.09.13;33.550545
2007.09.14;33.339294
2007.09.17;32.828835
2007.09.18;33.527046
2007.09.19;33.755886
2007.09.20;33.491859
2007.09.21;33.808704
2007.09.24;33.755886
2007.09.25;33.568127
2007.09.26;33.679611
2007.09.27;33.662014
2007.09.28;33.403851
2007.10.01;34.201824
2007.10.02;34.278095
2007.10.03;34.548023
2007.10.04;34.594940
2007.10.05;34.894199
2007.10.08;34.618427
2007.10.09;34.354374
2007.10.10;34.266373
2007.10.11;34.237041
2007.10.12;34.342648
2007.10.15;33.996464
2007.10.16;33.532936
2007.10.17;33.415577
2007.10.18;33.239540
2007.10.19;32.893383
2007.10.22;32.905106
2007.10.23;33.521202
2007.10.24;32.946171
2007.10.25;30.763454
2007.10.26;30.910149
2007.10.29;31.403009
2007.10.30;31.502775
2007.10.31;31.772688
2007.11.01;30.962950
2007.11.02;30.904276
2007.11.05;30.605034
2007.11.06;30.792788
2007.11.07;30.235371
2007.11.08;30.288187
2007.11.09;30.223642
2007.11.12;30.804516
2007.11.13;31.138741
2007.11.14;31.369438
2007.11.15;30.795656
2007.11.16;30.647766
2007.11.19;30.032568
2007.11.20;29.784096
2007.11.21;29.038778
2007.11.23;30.044399
2007.11.26;29.381857
2007.11.27;30.115377
2007.11.28;30.913958
2007.11.29;31.227478
2007.11.30;31.322140
2007.12.03;31.073669
2007.12.04;30.825241
2007.12.05;31.641567
2007.12.06;31.901831
2007.12.07;32.120705
2007.12.10;32.404640
2007.12.11;31.978745
2007.12.12;31.990566
2007.12.13;32.049721
2007.12.14;31.771702
2007.12.17;31.458189
2007.12.18;31.641567
2007.12.19;31.458189
2007.12.20;31.487741
2007.12.21;32.079296
2007.12.24;32.233101
2007.12.26;32.126625
2007.12.27;31.872272
2007.12.28;31.972820
2007.12.31;31.582399
2008.01.02;31.085510
2008.01.03;31.345793
2008.01.04;30.641842
2008.01.07;32.268578
2008.01.08;33.161827
2008.01.09;33.635067
2008.01.10;33.629131
2008.01.11;33.605480
2008.01.14;33.824356
2008.01.15;33.475338
2008.01.16;33.167736
2008.01.17;32.440132
2008.01.18;31.771702
2008.01.22;30.860718
2008.01.23;30.866638
2008.01.24;30.357910
2008.01.25;30.014824
2008.01.28;30.405245
2008.01.29;30.943544
2008.01.30;30.375648
2008.01.31;30.399313
2008.02.01;30.559044
2008.02.04;30.807486
2008.02.05;30.310598
2008.02.06;30.405245
2008.02.07;30.298769
2008.02.08;29.713127
2008.02.11;29.713127
2008.02.12;30.180460
2008.02.13;30.055077
2008.02.14;29.840145
2008.02.15;30.341650
2008.02.19;30.031185
2008.02.20;30.072990
2008.02.21;29.744610
2008.02.22;30.156567
2008.02.25;30.628248
2008.02.26;31.314823
2008.02.27;30.944660
2008.02.28;30.407320
2008.02.29;29.864025
2008.03.03;29.965515
2008.03.04;29.858046
2008.03.05;30.102840
2008.03.06;29.661043
2008.03.07;29.672968
2008.03.10;29.505800
2008.03.11;30.204325
2008.03.12;29.720722
2008.03.13;29.350573
2008.03.14;28.544554
2008.03.17;29.177414
2008.03.18;29.804325
2008.03.19;29.834162
2008.03.20;29.756569
2008.03.24;29.911783
2008.03.25;29.953583
2008.03.26;29.965515
2008.03.27;30.108805
2008.03.28;30.025232
2008.03.31;30.801382
2008.04.01;31.064081
2008.04.02;30.902874
2008.04.03;30.926760
2008.04.04;31.213343
2008.04.07;31.679028
2008.04.08;31.225279
2008.04.09;30.908842
2008.04.10;31.279003
2008.04.11;31.004360
2008.04.14;30.938700
2008.04.15;30.777502
2008.04.16;31.374529
2008.04.17;30.681961
2008.04.18;31.087946
2008.04.21;29.607277
2008.04.22;29.284885
2008.04.23;29.368473
2008.04.24;29.278912
2008.04.25;29.469963
2008.04.28;29.469963
2008.04.29;28.723654
2008.04.30;28.741581
2008.05.01;29.684906
2008.05.02;29.481903
2008.05.05;29.249069
2008.05.06;29.105759
2008.05.07;29.046080
2008.05.08;28.914743
2008.05.09;28.807249
2008.05.12;29.111750
2008.05.13;28.665636
2008.05.14;29.117779
2008.05.15;29.340826
2008.05.16;29.509634
2008.05.19;29.859282
2008.05.20;29.515656
2008.05.21;28.997204
2008.05.22;29.226273
2008.05.23;28.677689
2008.05.27;28.900743
2008.05.28;28.846478
2008.05.29;29.298624
2008.05.30;29.021318
2008.06.02;28.689753
2008.06.03;29.105711
2008.06.04;29.563879
2008.06.05;29.817080
2008.06.06;29.190111
2008.06.09;29.045427
2008.06.10;28.900743
2008.06.11;28.593288
2008.06.12;28.756063
2008.06.13;29.135860
2008.06.16;28.846478
2008.06.17;28.804291
2008.06.18;28.315989
2008.06.19;28.810328
2008.06.20;28.291880
2008.06.23;28.695774
2008.06.24;28.297892
2008.06.25;28.334059
2008.06.26;27.743273
2008.06.27;27.496111
2008.06.30;27.827671
2008.07.01;27.791506
2008.07.02;27.785461
2008.07.03;28.322008
2008.07.07;27.857807
2008.07.08;29.214220
2008.07.09;29.159985
2008.07.10;29.033375
2008.07.11;28.737980
2008.07.14;28.942940
2008.07.15;29.003216
2008.07.16;29.105711
2008.07.17;29.166006
2008.07.18;28.882658
2008.07.21;28.442574
2008.07.22;28.171289
2008.07.23;28.707836
2008.07.24;28.936924
2008.07.25;28.822372
2008.07.28;28.707836
2008.07.29;29.093655
2008.07.30;28.581230
2008.07.31;28.400379
2008.08.01;28.358179
2008.08.04;28.557125
2008.08.05;28.810328
2008.08.06;28.936924
2008.08.07;28.683725
2008.08.08;29.244364
2008.08.11;29.569910
2008.08.12;29.690485
2008.08.13;29.447021
2008.08.14;29.422668
2008.08.15;29.690481
2008.08.18;29.246172
2008.08.19;29.093987
2008.08.20;28.856611
2008.08.21;28.710539
2008.08.22;29.233980
2008.08.25;28.923565
2008.08.26;28.619238
2008.08.27;28.527946
2008.08.28;28.552286
2008.08.29;28.394043
2008.09.02;28.400133
2008.09.03;28.552286
2008.09.04;28.053179
2008.09.05;27.657578
2008.09.08;28.406206
2008.09.09;28.278383
2008.09.10;28.442724
2008.09.11;28.436651
2008.09.12;28.363590
2008.09.15;28.022753
2008.09.16;27.548006
2008.09.17;26.732393
2008.09.18;27.645390
2008.09.19;28.418383
2008.09.22;27.937538
2008.09.23;27.834066
2008.09.24;28.205353
2008.09.25;28.363590
2008.09.26;28.497505
2008.09.29;26.732393
2008.09.30;26.799345
2008.10.01;26.592394
2008.10.02;25.898533
2008.10.03;25.143784
2008.10.06;23.384762
2008.10.07;23.500399
2008.10.08;23.068249
2008.10.09;20.219719
2008.10.10;19.087605
2008.10.13;21.826584
2008.10.14;21.266605
2008.10.15;19.805830
2008.10.16;20.925764
2008.10.17;19.598883
2008.10.20;20.755339
2008.10.21;20.499712
2008.10.22;19.544102
2008.10.23;20.377968
2008.10.24;19.312811
2008.10.27;18.503292
2008.10.28;20.317101
2008.10.29;19.495413
2008.10.30;19.982346
2008.10.31;20.584915
2008.11.03;20.700556
2008.11.04;21.394434
2008.11.05;20.548391
2008.11.06;20.006685
2008.11.07;20.816198
2008.11.10;21.224012
2008.11.11;20.676216
2008.11.12;19.744238
2008.11.13;21.058874
2008.11.14;19.787443
2008.11.17;19.830648
2008.11.18;20.577457
2008.11.19;19.386267
2008.11.20;18.460461
2008.11.21;18.781410
2008.11.24;19.799788
2008.11.25;20.244177
2008.11.26;20.287373
2008.11.28;21.077398
2008.12.01;19.207273
2008.12.02;20.484880
2008.12.03;21.583500
2008.12.04;20.916920
2008.12.05;21.564980
2008.12.08;21.515604
2008.12.09;21.336622
2008.12.10;21.608185
2008.12.11;21.984678
2008.12.12;22.472271
2008.12.15;21.799520
2008.12.16;22.966024
2008.12.17;22.799391
2008.12.18;22.756174
2008.12.19;23.614092
2008.12.22;23.046255
2008.12.23;23.138840
2008.12.24;23.330179
2008.12.26;23.441271
2008.12.29;23.749874
2008.12.30;24.484339
2008.12.31;24.854668
2009.01.02;25.039829
2009.01.05;24.354729
2009.01.06;24.422630
2009.01.07;23.836281
2009.01.08;23.953543
2009.01.09;23.749874
2009.01.12;23.533855
2009.01.13;23.774563
2009.01.14;23.126501
2009.01.15;23.175863
2009.01.16;23.533855
2009.01.20;23.077129
2009.01.21;23.601744
2009.01.22;23.330179
2009.01.23;23.095636
2009.01.26;23.188215
2009.01.27;23.830109
2009.01.28;24.126362
2009.01.29;23.435099
2009.01.30;22.725317
2009.02.02;23.003059
2009.02.03;23.879482
2009.02.04;23.459782
2009.02.05;23.552364
2009.02.06;23.564722
2009.02.09;23.527687
2009.02.10;22.799391
2009.02.11;22.968275
2009.02.12;22.730577
2009.02.13;22.161369
2009.02.17;21.629700
2009.02.18;21.517109
2009.02.19;21.567152
2009.02.20;20.791536
2009.02.23;20.209822
2009.02.24;20.585117
2009.02.25;20.366196
2009.02.26;19.415436
2009.02.27;18.377115
2009.03.02;17.357559
2009.03.03;17.194923
2009.03.04;17.826675
2009.03.05;17.182419
2009.03.06;17.501423
2009.03.09;17.495169
2009.03.10;18.589790
2009.03.11;18.045599
2009.03.12;18.783691
2009.03.13;19.165249
2009.03.16;19.271576
2009.03.17;19.865801
2009.03.18;20.328669
2009.03.19;19.909580
2009.03.20;20.359943
2009.03.23;21.323210
2009.03.24;20.747747
2009.03.25;20.972921
2009.03.26;21.404522
2009.03.27;21.110538
2009.03.30;20.541342
2009.03.31;20.897865
2009.04.01;21.129307
2009.04.02;21.204367
2009.04.03;20.647669
2009.04.06;20.541342
2009.04.07;19.940866
2009.04.08;20.228584
2009.04.09;20.416237
2009.04.13;20.372456
2009.04.14;20.109751
2009.04.15;20.522573
2009.04.16;20.810303
2009.04.17;21.110538
2009.04.20;20.635157
2009.04.21;20.854086
2009.04.22;20.478794
2009.04.23;20.566357
2009.04.24;20.647669
2009.04.27;20.722734
2009.04.28;20.766516
2009.04.29;20.866596
2009.04.30;20.591373
2009.05.01;20.947916
2009.05.04;21.148071
2009.05.05;21.604685
2009.05.06;21.535875
2009.05.07;22.424084
2009.05.08;22.486635
2009.05.11;22.111338
2009.05.12;22.455366
2009.05.13;22.290480
2009.05.14;22.271456
2009.05.15;21.669003
2009.05.18;21.986078
2009.05.19;21.897299
2009.05.20;22.024141
2009.05.21;21.954374
2009.05.22;21.776823
2009.05.26;22.100239
2009.05.27;21.351940
2009.05.28;21.421684
2009.05.29;21.922668
2009.06.01;21.973406
2009.06.02;22.227062
2009.06.03;21.941694
2009.06.04;21.802177
2009.06.05;22.049500
2009.06.08;21.624611
2009.06.09;21.504128
2009.06.10;21.504128
2009.06.11;21.802177
2009.06.12;21.745111
2009.06.15;20.901684
2009.06.16;20.914375
2009.06.17;21.199732
2009.06.18;21.466084
2009.06.19;21.377296
2009.06.22;21.066566
2009.06.23;21.282169
2009.06.24;21.313881
2009.06.25;22.404633
2009.06.26;22.372921
2009.06.29;22.214380
2009.06.30;21.967064
2009.07.01;22.169989
2009.07.02;21.497791
2009.07.06;21.288525
2009.07.07;21.237783
2009.07.08;21.193390
2009.07.09;20.927053
2009.07.10;21.129982
2009.07.13;20.882660
2009.07.14;20.869976
2009.07.15;21.237783
2009.07.16;21.409002
2009.07.17;21.263153
2009.07.20;21.383638
2009.07.21;21.846575
2009.07.22;21.428032
2009.07.23;21.738770
2009.07.24;21.992424
2009.07.27;22.290480
2009.07.28;22.239750
2009.07.29;22.131943
2009.07.30;22.227062
2009.07.31;22.125608
2009.08.03;22.169989
2009.08.04;22.233404
2009.08.05;22.005119
2009.08.06;21.827543
2009.08.07;22.125608
2009.08.10;21.453398
2009.08.11;21.351940
2009.08.12;21.197498
2009.08.13;21.152441
2009.08.14;21.158878
2009.08.17;21.049484
2009.08.18;21.133137
2009.08.19;21.203926
2009.08.20;21.332628
2009.08.21;21.525681
2009.08.24;21.705866
2009.08.25;21.795963
2009.08.26;21.654390
2009.08.27;21.950418
2009.08.28;21.622208
2009.08.31;21.532112
2009.09.01;21.158878
2009.09.02;21.242535
2009.09.03;21.004436
2009.09.04;21.236103
2009.09.08;21.126703
2009.09.09;21.158878
2009.09.10;21.120264
2009.09.11;21.120264
2009.09.14;21.319756
2009.09.15;21.075224
2009.09.16;21.152441
2009.09.17;21.068792
2009.09.18;21.146008
2009.09.21;21.146008
2009.09.22;21.088093
2009.09.23;20.882174
2009.09.24;20.849989
2009.09.25;21.030169
2009.09.28;21.261847
2009.09.29;21.506374
2009.09.30;21.255404
2009.10.01;21.010868
2009.10.02;20.920774
2009.10.05;20.895039
2009.10.06;21.248972
2009.10.07;21.313318
2009.10.08;21.467770
2009.10.09;21.738041
2009.10.12;21.795963
2009.10.13;21.467770
2009.10.14;21.828140
2009.10.15;22.201374
2009.10.16;22.162773
2009.10.19;22.703321
2009.10.20;22.677582
2009.10.21;21.660822
2009.10.22;21.943966
2009.10.23;21.853878
2009.10.26;21.821693
2009.10.27;21.995447
2009.10.28;21.879622
2009.10.29;21.969713
2009.10.30;21.886061
2009.11.02;21.911793
2009.11.03;21.583601
2009.11.04;21.866749
2009.11.05;22.156332
2009.11.06;22.201374
2009.11.09;22.729065
2009.11.10;23.003141
2009.11.11;22.963991
2009.11.12;22.826950
2009.11.13;23.074924
2009.11.16;23.420788
2009.11.17;23.453424
2009.11.18;23.629602
2009.11.19;23.570881
2009.11.20;23.877586
2009.11.23;24.014627
2009.11.24;24.340912
2009.11.25;24.406170
2009.11.27;24.079885
2009.11.30;23.968943
2009.12.01;24.203869
2009.12.02;24.477959
2009.12.03;24.406170
2009.12.04;24.399649
2009.12.07;24.190823
2009.12.08;23.825378
2009.12.09;23.858013
2009.12.10;22.853046
2009.12.11;22.820427
2009.12.14;23.244589
2009.12.15;23.329428
2009.12.16;23.303329
2009.12.17;23.133657
2009.12.18;23.309853
2009.12.21;23.649181
2009.12.22;23.564350
2009.12.23;23.453424
2009.12.24;23.544775
2009.12.28;23.629602
2009.12.29;23.499092
2009.12.30;23.603502
2009.12.31;23.303329
2010.01.04;23.375107
2010.01.05;22.963991
2010.01.06;23.133657
2010.01.07;23.016195
2010.01.08;22.839998
2010.01.11;23.153227
2010.01.12;23.074924
2010.01.13;23.394676
2010.01.14;23.492577
2010.01.15;23.375107
2010.01.19;24.412693
2010.01.20;24.340912
2010.01.21;23.564350
2010.01.22;23.179342
2010.01.25;23.329428
2010.01.26;23.596981
2010.01.27;23.747070
2010.01.28;23.329428
2010.01.29;22.970512
2010.02.01;22.839998
2010.02.02;23.244589
2010.02.03;23.042290
2010.02.04;22.624643
2010.02.05;22.526772
2010.02.08;22.696426
2010.02.09;22.970512
2010.02.10;22.613144
2010.02.11;22.613144
2010.02.12;22.467564
2010.02.16;22.553589
2010.02.17;22.758741
2010.02.18;22.771975
2010.02.19;22.659475
2010.02.22;22.811684
2010.02.23;22.474173
2010.02.24;22.527115
2010.02.25;22.659475
2010.02.26;22.725657
2010.03.01;22.712414
2010.03.02;22.864628
2010.03.03;22.712414
2010.03.04;22.858006
2010.03.05;23.221996
2010.03.08;23.116112
2010.03.09;23.202139
2010.03.10;23.387434
2010.03.11;23.705088
2010.03.12;23.777885
2010.03.15;23.830826
2010.03.16;23.943344
2010.03.17;23.969810
2010.03.18;24.062460
2010.03.19;23.936710
2010.03.22;24.181576
2010.03.23;24.234526
2010.03.24;23.996277
2010.03.25;23.810982
2010.03.26;23.440380
2010.03.29;23.473463
2010.03.30;23.758034
2010.03.31;23.969810
2010.04.01;23.923475
2010.04.05;24.188189
2010.04.06;24.161722
2010.04.07;24.168331
2010.04.08;24.168331
2010.04.09;24.380119
2010.04.12;24.201439
2010.04.13;24.433048
2010.04.14;24.214670
2010.04.15;24.300701
2010.04.16;24.181576
2010.04.19;24.208046
2010.04.20;24.174957
2010.04.21;23.830826
2010.04.22;23.413919
2010.04.23;23.466852
2010.04.26;23.374201
2010.04.27;23.076397
2010.04.28;23.003609
2010.04.29;23.188900
2010.04.30;23.142582
2010.05.03;23.288172
2010.05.04;23.169048
2010.05.05;23.215380
2010.05.06;22.765364
2010.05.07;22.910950
2010.05.10;23.261690
2010.05.11;23.347729
2010.05.12;23.341011
2010.05.13;23.153111
2010.05.14;22.763872
2010.05.17;22.824270
2010.05.18;22.562542
2010.05.19;22.723595
2010.05.20;22.374628
2010.05.21;22.226988
2010.05.24;22.133036
2010.05.25;21.978682
2010.05.26;21.643114
2010.05.27;22.025658
2010.05.28;22.005529
2010.06.01;21.844458
2010.06.02;22.287380
2010.06.03;22.394756
2010.06.04;21.723650
2010.06.07;21.864592
2010.06.08;22.079346
2010.06.09;22.112892
2010.06.10;22.455156
2010.06.11;22.596096
2010.06.14;22.730318
2010.06.15;23.079288
2010.06.16;22.891390
2010.06.17;23.079288
2010.06.18;23.226927
2010.06.21;23.260483
2010.06.22;23.119553
2010.06.23;23.193373
2010.06.24;23.139688
2010.06.25;22.777290
2010.06.28;22.830971
2010.06.29;22.649780
2010.06.30;22.482004
2010.07.01;22.226988
2010.07.02;22.596096
2010.07.06;22.757156
2010.07.07;23.260483
2010.07.08;23.609467
2010.07.09;23.602755
2010.07.12;23.575912
2010.07.13;23.629591
2010.07.14;23.354439
2010.07.15;23.602755
2010.07.16;23.247066
2010.07.19;23.481951
2010.07.20;23.663151
2010.07.21;23.455116
2010.07.22;23.589327
2010.07.23;23.602755
2010.07.26;23.783953
2010.07.27;24.226870
2010.07.28;23.938303
2010.07.29;23.790661
2010.07.30;23.891321
2010.08.02;24.387939
2010.08.03;24.549002
2010.08.04;24.683233
2010.08.05;24.730204
2010.08.06;24.743624
2010.08.09;24.804022
2010.08.10;25.347616
2010.08.11;24.960070
2010.08.12;24.885273
2010.08.13;24.273340
2010.08.16;24.184954
2010.08.17;23.627411
2010.08.18;23.647799
2010.08.19;23.307852
2010.08.20;23.233049
2010.08.23;23.328247
2010.08.24;23.097063
2010.08.25;23.328247
2010.08.26;23.083479
2010.08.27;23.253452
2010.08.30;23.097063
2010.08.31;22.838690
2010.09.01;23.253452
2010.09.02;23.328247
2010.09.03;23.566214
2010.09.07;23.484621
2010.09.08;23.668203
2010.09.09;23.912983
2010.09.10;24.089756
2010.09.13;24.157749
2010.09.14;24.239340
2010.09.15;24.273340
2010.09.16;24.252943
2010.09.17;24.334528
2010.09.20;24.715286
2010.09.21;24.701693
2010.09.22;24.511311
2010.09.23;24.382122
2010.09.24;24.545303
2010.09.27;24.436525
2010.09.28;24.742487
2010.09.29;24.837679
2010.09.30;24.837679
2010.10.01;24.844473
2010.10.04;24.681293
2010.10.05;25.082445
2010.10.06;25.272825
2010.10.07;25.211626
2010.10.08;25.204834
2010.10.11;25.306822
2010.10.12;25.402016
2010.10.13;25.429216
2010.10.14;25.442806
2010.10.15;25.673990
2010.10.18;25.877966
2010.10.19;25.463217
2010.10.20;24.484106
2010.10.21;24.137356
2010.10.22;24.069366
2010.10.25;23.885792
2010.10.26;23.729393
2010.10.27;23.756601
2010.10.28;23.899378
2010.10.29;23.933374
2010.11.01;23.824583
2010.11.02;24.055763
2010.11.03;24.184954
2010.11.04;24.314135
2010.11.05;24.286942
2010.11.08;24.293739
2010.11.09;24.320930
2010.11.10;24.121019
2010.11.11;24.093451
2010.11.12;23.962460
2010.11.15;23.872845
2010.11.16;23.734968
2010.11.17;23.714291
2010.11.18;23.983147
2010.11.19;23.783226
2010.11.22;23.817688
2010.11.23;23.493690
2010.11.24;23.590200
2010.11.26;23.486803
2010.11.29;23.362709
2010.11.30;23.204153
2010.12.01;23.617779
2010.12.02;23.610886
2010.12.03;23.535055
2010.12.06;23.417862
2010.12.07;23.514381
2010.12.08;23.652246
2010.12.09;23.900419
2010.12.10;24.114126
2010.12.13;24.107233
2010.12.14;24.189957
2010.12.15;24.217529
2010.12.16;24.252010
2010.12.17;24.134804
2010.12.20;24.155474
2010.12.21;24.224422
2010.12.22;24.265785
2010.12.23;24.286459
2010.12.27;24.176165
2010.12.28;24.162380
2010.12.29;24.231314
2010.12.30;24.141699
2010.12.31;24.155474
2011.01.03;24.127913
2011.01.04;24.148590
2011.01.05;23.976244
2011.01.06;24.086550
2011.01.07;24.058981
2011.01.10;23.776333
2011.01.11;24.065868
2011.01.12;24.148590
2011.01.13;24.058981
2011.01.14;24.065868
2011.01.18;23.983147
2011.01.19;23.886637
2011.01.20;23.955572
2011.01.21;23.962460
2011.01.24;23.976244
2011.01.25;23.941784
2011.01.26;24.093451
2011.01.27;24.451908
2011.01.28;23.969355
2011.01.31;23.969355
2011.02.01;24.272676
2011.02.02;24.417450
2011.02.03;24.562206
2011.02.04;24.493273
2011.02.07;24.679401
2011.02.08;24.706980
2011.02.09;24.665625
2011.02.10;24.555313
2011.02.11;24.128946
2011.02.14;24.156897
2011.02.15;24.093983
2011.02.16;24.226795
2011.02.17;24.366587
2011.02.18;24.184858
2011.02.22;24.066029
2011.02.23;23.793423
2011.02.24;23.842367
2011.02.25;23.828388
2011.02.28;24.156897
2011.03.01;23.947201
2011.03.02;23.961184
2011.03.03;24.038071
2011.03.04;24.184858
2011.03.07;24.226795
2011.03.08;24.450476
2011.03.09;24.527361
2011.03.10;24.303688
2011.03.11;24.366587
2011.03.14;24.275724
2011.03.15;23.835365
2011.03.16;23.506840
2011.03.17;23.856335
2011.03.18;24.100981
2011.03.21;24.031080
2011.03.22;24.163895
2011.03.23;24.017103
2011.03.24;24.184858
2011.03.25;24.100981
2011.03.28;24.052046
2011.03.29;24.240788
2011.03.30;24.590282
2011.03.31;24.583281
2011.04.01;24.457464
2011.04.04;24.485420
2011.04.05;24.471443
2011.04.06;24.967722
2011.04.07;24.974722
2011.04.08;24.946749
2011.04.11;25.072573
2011.04.12;25.051594
2011.04.13;24.939758
2011.04.14;24.988689
2011.04.15;25.170424
2011.04.18;24.897812
2011.04.19;24.953739
2011.04.20;25.254311
2011.04.21;25.345171
2011.04.25;25.324202
2011.04.26;25.736605
2011.04.27;26.023191
2011.04.28;26.093077
2011.04.29;25.869408
2011.05.02;26.079107
2011.05.03;26.624310
2011.05.04;26.645285
2011.05.05;26.694212
2011.05.06;26.834005
2011.05.09;26.945835
2011.05.10;27.064678
2011.05.11;27.100077
2011.05.12;27.439875
2011.05.13;27.574387
2011.05.16;27.715981
2011.05.17;27.701834
2011.05.18;27.432796
2011.05.19;27.404478
2011.05.20;27.213341
2011.05.23;27.185019
2011.05.24;27.333693
2011.05.25;27.121305
2011.05.26;26.845201
2011.05.27;26.795660
2011.05.31;27.241667
2011.06.01;26.859369
2011.06.02;26.562033
2011.06.03;26.229305
2011.06.06;26.278856
2011.06.07;26.377970
2011.06.08;26.385042
2011.06.09;26.703621
2011.06.10;26.229305
2011.06.13;26.349651
2011.06.14;26.625742
2011.06.15;26.335487
2011.06.16;26.349651
2011.06.17;26.427519
2011.06.20;26.590353
2011.06.21;26.739008
2011.06.22;26.675314
2011.06.23;26.328417
2011.06.24;26.023993
2011.06.27;26.073549
2011.06.28;26.441694
2011.06.29;26.385042
2011.06.30;26.569111
2011.07.01;26.668221
2011.07.05;26.392134
2011.07.06;26.661148
2011.07.07;26.795660
2011.07.08;26.696541
2011.07.11;26.392134
2011.07.12;26.540796
2011.07.13;26.590353
2011.07.14;27.192099
2011.07.15;27.135471
2011.07.18;26.937243
2011.07.19;27.078827
2011.07.20;27.022194
2011.07.21;27.836332
2011.07.22;27.397406
2011.07.25;27.185019
2011.07.26;27.227493
2011.07.27;26.887682
2011.07.28;26.901852
2011.07.29;27.114223
2011.08.01;26.880604
2011.08.02;26.307163
2011.08.03;26.413364
2011.08.04;25.372688
2011.08.05;25.655863
2011.08.08;24.636425
2011.08.09;25.231096
2011.08.10;24.416973
2011.08.11;25.350559
2011.08.12;25.034565
2011.08.15;25.688082
2011.08.16;25.630634
2011.08.17;25.659367
2011.08.18;25.142286
2011.08.19;25.142286
2011.08.22;25.436733
2011.08.23;25.795801
2011.08.24;26.133329
2011.08.25;25.774263
2011.08.26;25.688082
2011.08.29;26.564222
2011.08.30;26.693485
2011.08.31;26.937653
2011.09.01;26.664762
2011.09.02;26.169239
2011.09.06;26.018436
2011.09.07;26.528313
2011.09.08;26.578587
2011.09.09;25.946613
2011.09.12;25.881981
2011.09.13;26.355961
2011.09.14;26.693485
2011.09.15;26.887384
2011.09.16;27.153109
2011.09.19;26.944839
2011.09.20;27.196196
2011.09.21;26.650412
2011.09.22;26.255419
2011.09.23;25.903522
2011.09.26;26.312874
2011.09.27;26.700670
2011.09.28;26.743765
2011.09.29;26.750944
2011.09.30;26.549854
2011.10.03;26.090248
2011.10.04;26.377502
2011.10.05;26.592957
2011.10.06;26.736580
2011.10.07;27.232092
2011.10.10;27.583992
2011.10.11;27.074106
2011.10.12;27.009468
2011.10.13;27.289553
2011.10.14;27.497820
2011.10.17;27.267994
2011.10.18;27.641451
2011.10.19;27.792253
2011.10.20;27.727613
2011.10.21;27.339825
2011.10.24;27.425995
2011.10.25;26.873022
2011.10.26;26.930473
2011.10.27;27.196196
2011.10.28;27.490635
2011.10.31;26.686304
2011.11.01;26.729397
2011.11.02;26.916113
2011.11.03;27.325460
2011.11.04;27.246454
2011.11.07;27.540897
2011.11.08;28.000519
2011.11.09;27.181828
2011.11.10;27.087244
2011.11.11;27.538347
2011.11.14;27.392828
2011.11.15;27.392828
2011.11.16;26.796219
2011.11.17;26.781670
2011.11.18;26.839872
2011.11.21;26.439713
2011.11.22;26.294203
2011.11.23;25.937693
2011.11.25;25.886774
2011.11.28;26.388779
2011.11.29;26.294203
2011.11.30;27.538347
2011.12.01;27.385544
2011.12.02;27.189100
2011.12.05;27.218203
2011.12.06;28.273176
2011.12.07;28.687891
2011.12.08;28.295002
2011.12.09;28.571468
2011.12.12;28.367760
2011.12.13;28.847961
2011.12.14;29.131712
2011.12.15;29.990225
2011.12.16;29.488224
2011.12.19;29.640997
2011.12.20;29.917465
2011.12.21;30.244879
2011.12.22;30.164856
2011.12.23;30.295809
2011.12.27;30.375834
2011.12.28;30.048447
2011.12.29;30.193939
2011.12.30;30.237604
2012.01.03;30.412212
2012.01.04;29.619179
2012.01.05;29.320873
2012.01.06;29.015295
2012.01.09;28.964363
2012.01.10;29.342703
2012.01.11;29.088049
2012.01.12;29.233566
2012.01.13;29.058947
2012.01.17;29.124418
2012.01.18;29.233566
2012.01.19;29.226292
2012.01.20;28.964363
2012.01.23;28.666054
2012.01.24;28.818859
2012.01.25;29.022564
2012.01.26;28.695162
2012.01.27;28.520538
2012.01.30;28.556921
2012.01.31;28.913433
2012.02.01;28.957098
2012.02.02;28.811573
2012.02.03;28.746098
2012.02.06;28.847961
2012.02.07;28.738810
2012.02.08;28.942541
2012.02.09;28.753361
2012.02.10;28.600574
2012.02.13;28.622675
2012.02.14;28.357456
2012.02.15;28.416393
2012.02.16;28.526907
2012.02.17;28.924744
2012.02.21;28.549007
2012.02.22;28.600574
2012.02.23;28.578468
2012.02.24;28.770027
2012.02.27;28.865807
2012.02.28;29.027887
2012.02.29;28.910011
2012.03.01;28.991049
2012.03.02;29.086821
2012.03.05;28.828974
2012.03.06;28.467958
2012.03.07;28.630045
2012.03.08;28.873182
2012.03.09;29.145775
2012.03.12;29.322586
2012.03.13;29.595196
2012.03.14;29.661495
2012.03.15;29.676237
2012.03.16;29.617294
2012.03.19;29.705696
2012.03.20;29.484684
2012.03.21;29.433104
2012.03.22;29.329964
2012.03.23;29.374157
2012.03.26;29.668863
2012.03.27;29.661495
2012.03.28;29.698336
2012.03.29;29.440472
2012.03.30;29.668863
2012.04.02;29.823582
2012.04.03;29.705696
2012.04.04;29.713074
2012.04.05;29.823582
2012.04.09;29.263651
2012.04.10;29.042625
2012.04.11;29.079473
2012.04.12;29.160505
2012.04.13;28.865807
2012.04.16;29.175241
2012.04.17;29.514153
2012.04.18;29.248926
2012.04.19;29.285755
2012.04.20;29.403631
2012.04.23;29.329964
2012.04.24;29.440472
2012.04.25;30.059345
2012.04.26;30.118275
2012.04.27;30.427719
2012.04.30;30.494022
2012.05.01;30.383509
2012.05.02;30.560341
2012.05.03;30.405621
2012.05.04;30.412981
2012.05.07;30.656111
2012.05.08;30.663464
2012.05.09;30.427719
2012.05.10;30.759254
2012.05.11;30.759262
2012.05.14;30.513239
2012.05.15;30.252319
2012.05.16;30.379049
2012.05.17;30.215031
2012.05.18;30.147943
2012.05.21;30.289585
2012.05.22;30.565430
2012.05.23;30.319418
2012.05.24;30.684710
2012.05.25;30.647427
2012.05.29;30.789087
2012.05.30;30.557974
2012.05.31;30.528152
2012.06.01;29.939199
2012.06.04;29.931753
2012.06.05;30.282139
2012.06.06;30.572870
2012.06.07;30.766727
2012.06.08;30.960543
2012.06.11;30.930725
2012.06.12;31.042547
2012.06.13;30.990351
2012.06.14;31.169275
2012.06.15;31.303482
2012.06.18;31.340750
2012.06.19;31.527111
2012.06.20;31.340750
2012.06.21;31.132006
2012.06.22;31.363102
2012.06.25;30.915806
2012.06.26;30.990351
2012.06.27;31.258730
2012.06.28;31.385475
2012.06.29;31.989332
2012.07.02;32.048958
2012.07.03;32.175701
2012.07.05;31.944601
2012.07.06;31.802952
2012.07.09;32.019142
2012.07.10;31.952055
2012.07.11;31.907326
2012.07.12;31.937136
2012.07.13;32.250256
2012.07.16;32.690086
2012.07.17;32.772087
2012.07.18;33.182114
2012.07.19;33.100128
2012.07.20;32.928658
2012.07.23;32.675186
2012.07.24;31.296015
2012.07.25;32.145882
2012.07.26;32.511169
2012.07.27;33.077751
2012.07.30;32.839188
2012.07.31;32.824276
2012.08.01;32.697548
2012.08.02;32.294979
2012.08.03;32.913750
2012.08.06;32.585724
2012.08.07;31.870045
2012.08.08;31.944601
2012.08.09;31.847683
2012.08.10;32.503723
2012.08.13;32.277527
2012.08.14;32.217205
2012.08.15;32.405708
2012.08.16;32.232296
2012.08.17;31.983479
2012.08.20;31.923157
2012.08.21;31.825136
2012.08.22;31.794989
2012.08.23;31.968409
2012.08.24;33.069199
2012.08.27;33.619587
2012.08.28;33.710087
2012.08.29;34.056896
2012.08.30;33.853325
2012.08.31;33.860874
2012.09.04;34.147369
2012.09.05;34.539436
2012.09.06;35.293411
2012.09.07;35.172783
2012.09.10;35.074768
2012.09.11;35.052162
2012.09.12;35.097382
2012.09.13;35.549767
2012.09.14;35.225552
2012.09.17;35.308491
2012.09.18;35.368813
2012.09.19;35.331097
2012.09.20;35.451744
2012.09.21;35.783501
2012.09.24;35.738262
2012.09.25;35.775944
2012.09.26;35.587467
2012.09.27;35.919201
2012.09.28;35.745804
2012.10.01;35.866436
2012.10.02;36.145393
2012.10.03;36.424377
2012.10.04;36.763664
2012.10.05;36.364052
2012.10.08;38.286682
2012.10.09;39.063286
2012.10.10;37.871994
2012.10.11;38.150963
2012.10.12;38.037853
2012.10.15;39.606129
2012.10.16;40.458130
2012.10.17;40.465649
2012.10.18;40.571228
2012.10.19;39.854923
2012.10.22;39.417633
2012.10.23;39.138664
2012.10.24;38.075569
2012.10.25;38.512875
2012.10.26;37.856922
2012.10.31;36.665649
2012.11.01;37.020020
2012.11.02;36.605316
2012.11.05;36.778740
2012.11.06;36.778740
2012.11.07;36.326347
2012.11.08;35.791027
2012.11.09;35.791027
2012.11.12;36.416824
2012.11.13;35.906498
2012.11.14;35.205738
2012.11.15;35.007683
2012.11.16;34.969601
2012.11.19;35.822704
2012.11.20;35.944576
2012.11.21;36.119778
2012.11.23;36.363518
2012.11.26;36.508247
2012.11.27;36.317802
2012.11.28;36.592030
2012.11.29;37.003338
2012.11.30;37.353725
2012.12.03;37.262310
2012.12.04;37.490829
2012.12.05;37.765034
2012.12.06;37.627937
2012.12.07;37.803131
2012.12.10;38.176350
2012.12.11;38.541969
2012.12.12;37.323242
2012.12.13;36.736744
2012.12.14;36.401604
2012.12.17;36.820518
2012.12.18;37.719353
2012.12.19;37.262310
2012.12.20;37.513683
2012.12.21;37.742176
2012.12.24;37.353725
2012.12.26;37.368958
2012.12.27;37.300396
2012.12.28;37.018566
2012.12.31;37.566986
2013.01.02;37.711704
2013.01.03;37.871685
2013.01.04;39.273209
2013.01.07;39.219875
2013.01.08;39.516945
2013.01.09;40.347195
2013.01.10;40.560471
2013.01.11;40.453838
2013.01.14;40.217701
2013.01.15;40.590931
2013.01.16;40.316734
2013.01.17;40.621414
2013.01.18;40.956562
2013.01.22;40.705200
2013.01.23;39.913040
2013.01.24;40.491920
2013.01.25;40.530006
2013.01.28;40.095837
2013.01.29;41.375500
2013.01.30;41.246006
2013.01.31;40.895622
2013.02.01;41.284081
2013.02.04;40.788979
2013.02.05;41.207916
2013.02.06;41.078423
2013.02.07;40.964176
2013.02.08;40.918465
2013.02.11;41.055580
2013.02.12;40.979412
2013.02.13;41.079338
2013.02.14;41.125465
2013.02.15;41.194649
2013.02.19;41.648174
2013.02.20;41.732731
2013.02.21;41.525196
2013.02.22;41.717365
2013.02.25;41.333023
2013.02.26;41.840355
2013.02.27;42.124767
2013.02.28;42.017155
2013.03.01;42.109398
2013.03.04;42.094021
2013.03.05;42.693623
2013.03.06;42.340012
2013.03.07;42.547569
2013.03.08;42.401508
2013.03.11;42.332321
2013.03.12;42.340012
2013.03.13;42.324642
2013.03.14;42.332321
2013.03.15;42.378448
2013.03.18;42.017155
2013.03.19;42.117092
2013.03.20;42.509129
2013.03.21;42.340012
2013.03.22;42.716667
2013.03.25;42.755119
2013.03.26;43.270138
2013.03.27;43.331638
2013.03.28;43.654480
2013.04.01;43.516113
2013.04.02;43.431572
2013.04.03;43.700611
2013.04.04;43.762108
2013.04.05;43.416191
2013.04.08;43.677547
2013.04.09;43.616043
2013.04.10;44.269451
2013.04.11;44.584621
2013.04.12;44.207951
2013.04.15;43.423874
2013.04.16;43.954281
2013.04.17;44.177204
2013.04.18;43.270138
2013.04.19;44.138771
2013.04.22;44.261761
2013.04.23;44.838291
2013.04.24;43.085636
2013.04.25;43.377769
2013.04.26;43.400806
2013.04.29;43.054893
2013.04.30;42.570606
2013.05.01;41.694313
2013.05.02;42.047905
2013.05.03;42.270828
2013.05.06;41.871113
2013.05.07;41.640503
2013.05.08;41.909542
2013.05.09;41.940296
2013.05.10;42.140144
2013.05.13;43.262451
2013.05.14;43.324486
2013.05.15;43.983624
2013.05.16;43.378765
2013.05.17;43.347752
2013.05.20;42.665352
2013.05.21;42.758423
2013.05.22;42.587811
2013.05.23;42.448231
2013.05.24;41.982952
2013.05.28;42.293133
2013.05.29;41.680519
2013.05.30;41.936424
2013.05.31;41.223019
2013.06.03;41.207516
2013.06.04;40.711212
2013.06.05;40.176151
2013.06.06;40.393280
2013.06.07;40.703449
2013.06.10;40.819786
2013.06.11;40.276962
2013.06.12;40.152893
2013.06.13;40.207157
2013.06.14;40.362263
2013.06.17;40.602654
2013.06.18;40.594898
2013.06.19;39.834942
2013.06.20;38.315063
2013.06.21;38.702797
2013.06.24;38.043659
2013.06.25;38.167732
2013.06.26;38.609734
2013.06.27;38.555458
2013.06.28;38.090176
2013.07.01;38.896645
2013.07.02;39.160324
2013.07.03;38.881145
2013.07.05;39.222343
2013.07.08;39.648842
2013.07.09;40.160629
2013.07.10;39.873718
2013.07.11;39.966774
2013.07.12;39.896992
2013.07.15;39.966774
2013.07.16;39.548038
2013.07.17;39.292137
2013.07.18;38.710537
2013.07.19;39.237854
2013.07.22;39.261112
2013.07.23;39.540283
2013.07.24;40.749981
2013.07.25;40.781002
2013.07.26;41.378094
2013.07.29;41.533192
2013.07.30;41.347073
2013.07.31;41.184231
2013.08.01;41.486656
2013.08.02;41.781334
2013.08.05;41.773571
2013.08.06;41.347073
2013.08.07;41.579716
2013.08.08;41.540936
2013.08.09;42.013962
2013.08.12;41.913147
2013.08.13;43.008709
2013.08.14;42.413998
2013.08.15;41.780125
2013.08.16;41.365383
2013.08.19;41.310612
2013.08.20;41.318424
2013.08.21;41.021049
2013.08.22;41.052364
2013.08.23;41.177555
2013.08.26;40.731529
2013.08.27;40.121140
2013.08.28;40.277637
2013.08.29;40.261986
2013.08.30;40.222866
2013.09.03;40.152447
2013.09.04;40.833256
2013.09.05;40.856728
2013.09.06;41.013237
2013.09.09;41.114964
2013.09.10;41.373215
2013.09.11;41.318424
2013.09.12;41.404510
2013.09.13;41.686226
2013.09.16;41.975773
2013.09.17;42.124458
2013.09.18;42.382683
2013.09.19;42.147934
2013.09.20;42.202709
2013.09.23;41.506256
2013.09.24;41.028889
2013.09.25;41.169746
2013.09.26;39.941135
2013.09.27;39.518585
2013.09.30;39.385540
2013.10.01;39.651600
2013.10.02;39.549877
2013.10.03;38.188248
2013.10.04;37.859558
2013.10.07;37.288303
2013.10.08;37.601326
2013.10.09;37.530907
2013.10.10;38.462132
2013.10.11;38.250843
2013.10.14;38.368233
2013.10.15;38.196060
2013.10.16;38.274319
2013.10.17;38.892532
2013.10.18;38.782982
2013.10.21;38.853409
2013.10.22;39.244686
2013.10.23;39.369904
2013.10.24;39.557693
2013.10.25;39.643787
2013.10.28;39.815937
2013.10.29;39.283806
2013.10.30;38.509094
2013.10.31;38.986439
2013.11.01;39.424664
2013.11.04;39.448143
2013.11.05;39.416828
2013.11.06;39.510750
2013.11.07;39.135128
2013.11.08;39.620308
2013.11.11;39.346409
2013.11.12;39.174252
2013.11.13;39.948711
2013.11.14;40.328079
2013.11.15;40.312256
2013.11.18;40.328079
2013.11.19;40.256943
2013.11.20;40.043564
2013.11.21;39.901314
2013.11.22;40.486115
2013.11.25;40.573044
2013.11.26;39.940834
2013.11.27;39.798580
2013.11.29;39.687923
2013.12.02;39.703728
2013.12.03;39.340206
2013.12.04;39.411339
2013.12.05;39.482468
2013.12.06;40.011940
2013.12.09;40.138386
2013.12.10;39.901314
2013.12.11;39.498272
2013.12.12;38.905563
2013.12.13;39.032005
2013.12.16;38.873940
2013.12.17;38.897663
2013.12.18;39.917110
2013.12.19;39.624706
2013.12.20;39.672119
2013.12.23;39.948711
2013.12.24;40.098877
2013.12.26;40.296444
2013.12.27;40.501923
2013.12.30;40.438702
2013.12.31;40.304352
2014.01.02;40.090992
2014.01.03;40.383381
2014.01.06;40.723198
2014.01.07;40.454506
2014.01.08;40.391277
2014.01.09;40.841747
2014.01.10;41.039322
2014.01.13;41.149956
2014.01.14;41.442360
2014.01.15;42.208927
2014.01.16;43.702568
2014.01.17;43.591930
2014.01.21;43.931744
2014.01.22;43.939648
2014.01.23;43.584026
2014.01.24;42.770031
2014.01.27;42.777939
2014.01.28;42.856960
2014.01.29;42.604084
2014.01.30;42.098293
2014.01.31;42.683094
2014.02.03;41.616230
2014.02.04;41.963959
2014.02.05;41.663643
2014.02.06;41.663643
2014.02.07;42.050869
2014.02.10;42.651493
2014.02.11;43.078224
2014.02.12;42.520027
2014.02.13;42.647606
2014.02.14;43.221790
2014.02.18;44.059097
2014.02.19;46.323868
2014.02.20;46.291958
2014.02.21;46.220196
2014.02.24;46.276024
2014.02.25;46.634857
2014.02.26;46.778419
2014.02.27;47.480164
2014.02.28;47.535988
2014.03.03;47.073471
2014.03.04;47.727375
2014.03.05;47.392452
2014.03.06;46.826256
2014.03.07;46.722595
2014.03.10;46.969799
2014.03.11;46.594990
2014.03.12;47.209042
2014.03.13;46.523235
2014.03.14;46.945877
2014.03.17;46.945877
2014.03.18;47.368511
2014.03.19;47.089417
2014.03.20;46.706635
2014.03.21;46.076645
2014.03.24;45.773613
2014.03.25;45.622105
2014.03.26;45.837421
2014.03.27;45.877293
2014.03.28;45.941082
2014.03.31;46.937901
2014.04.01;46.906002
2014.04.02;47.169163
2014.04.03;47.025623
2014.04.04;47.057499
2014.04.07;46.746510
2014.04.08;46.714615
2014.04.09;48.189899
2014.04.10;46.778419
2014.04.11;46.610954
2014.04.14;47.009670
2014.04.15;47.384468
2014.04.16;47.815098
2014.04.17;48.189899
2014.04.21;48.532803
2014.04.22;47.870926
2014.04.23;47.496109
2014.04.24;46.794361
2014.04.25;46.650822
2014.04.28;47.025623
2014.04.29;47.543953
2014.04.30;47.129280
2014.05.01;47.464214
2014.05.02;47.113346
2014.05.05;46.953865
2014.05.06;46.698673
2014.05.07;47.169163
2014.05.08;47.448261
2014.05.09;47.336639
2014.05.12;47.384468
2014.05.13;48.277008
2014.05.14;48.325241
2014.05.15;46.805534
2014.05.16;46.910072
2014.05.19;47.159325
2014.05.20;47.167377
2014.05.21;47.497036
2014.05.22;48.019691
2014.05.23;48.084015
2014.05.27;48.027740
2014.05.28;48.003613
2014.05.29;47.818661
2014.05.30;48.132271
2014.06.02;47.834755
2014.06.03;47.722179
2014.06.04;47.617649
2014.06.05;47.907131
2014.06.06;47.947323
2014.06.09;48.035782
2014.06.10;48.043812
2014.06.11;47.818661
2014.06.12;47.344284
2014.06.13;47.360348
2014.06.16;47.304066
2014.06.17;47.641781
2014.06.18;48.236797
2014.06.19;48.124226
2014.06.20;49.877129
2014.06.23;49.909279
2014.06.24;49.764549
2014.06.25;50.657085
2014.06.26;50.689240
2014.06.27;50.737492
2014.06.30;49.989693
2014.07.01;50.255047
2014.07.02;50.415863
2014.07.03;50.705326
2014.07.07;50.343487
2014.07.08;50.222881
2014.07.09;50.351524
2014.07.10;50.279163
2014.07.11;50.528435
2014.07.14;50.665115
2014.07.15;50.544510
2014.07.16;50.504311
2014.07.17;50.062057
2014.07.18;51.035007
2014.07.21;51.171696
2014.07.22;51.236012
2014.07.23;51.662186
2014.07.24;51.758675
2014.07.25;51.284264
2014.07.28;50.970676
2014.07.29;50.472134
2014.07.30;50.351524
2014.07.31;49.097168
2014.08.01;48.791611
2014.08.04;49.555492
2014.08.05;48.944389
2014.08.06;49.137360
2014.08.07;48.526264
2014.08.08;49.032829
2014.08.11;49.113243
2014.08.12;49.346432
2014.08.13;49.111362
2014.08.14;49.597698
2014.08.15;49.313999
2014.08.18;49.727375
2014.08.19;50.383934
2014.08.20;50.262344
2014.08.21;50.278568
2014.08.22;50.513626
2014.08.25;50.845943
2014.08.26;50.910789
2014.08.27;51.064804
2014.08.28;51.153961
2014.08.29;51.518700
2014.09.02;51.615978
2014.09.03;51.996937
2014.09.04;52.053673
2014.09.05;52.458946
2014.09.08;52.685905
2014.09.09;52.231998
2014.09.10;52.507584
2014.09.11;52.831806
2014.09.12;52.904755
2014.09.15;52.839909
2014.09.16;53.334343
2014.09.17;53.423496
2014.09.18;53.974678
2014.09.19;53.926037
2014.09.22;53.561291
2014.09.23;53.455921
2014.09.24;53.650467
2014.09.25;53.156025
2014.09.26;53.074970
2014.09.29;52.961487
2014.09.30;52.564312
2014.10.01;52.750751
2014.10.02;52.548115
2014.10.03;53.228966
2014.10.06;53.188435
2014.10.07;52.053673
2014.10.08;52.880440
2014.10.09;52.118519
2014.10.10;51.996937
2014.10.13;51.291752
2014.10.14;51.178288
2014.10.15;50.959423
2014.10.16;50.173199
2014.10.17;50.724373
2014.10.20;51.145851
2014.10.21;52.426529
2014.10.22;52.426529
2014.10.23;52.159042
2014.10.24;53.537003
2014.10.27;53.658566
2014.10.28;52.548115
2014.10.29;53.083065
2014.10.30;54.144905
2014.10.31;53.763950
2014.11.03;53.934155
2014.11.04;54.444801
2014.11.05;54.298889
2014.11.06;54.274590
2014.11.07;53.982780
2014.11.10;55.401272
2014.11.11;54.995987
2014.11.12;55.028637
2014.11.13;55.257259
2014.11.14;54.971478
2014.11.17;54.938820
2014.11.18;55.338886
2014.11.19;54.873497
2014.11.20;54.538773
2014.11.21;54.995987
2014.11.24;54.644913
2014.11.25;54.579613
2014.11.26;54.963310
2014.11.28;55.616478
2014.12.01;55.934895
2014.12.02;57.461662
2014.12.03;58.073990
2014.12.04;59.094524
2014.12.05;58.661816
2014.12.08;59.461952
2014.12.09;58.955765
2014.12.10;58.008678
2014.12.11;58.465893
2014.12.12;56.783993
2014.12.15;56.881958
2014.12.16;56.547215
2014.12.17;57.380013
2014.12.18;59.151695
2014.12.19;59.110878
2014.12.22;58.310760
2014.12.23;56.939114
2014.12.24;57.282024
2014.12.26;57.469830
2014.12.29;57.233063
2014.12.30;56.857491
2014.12.31;56.326797
2015.01.02;57.200371
2015.01.05;56.637051
2015.01.06;56.922794
2015.01.07;56.522758
2015.01.08;57.861721
2015.01.09;57.094246
2015.01.12;56.677849
2015.01.13;56.645206
2015.01.14;56.955456
2015.01.15;56.939114
2015.01.16;57.706585
2015.01.20;58.808784
2015.01.21;58.980251
2015.01.22;59.159855
2015.01.23;58.890438
2015.01.26;58.874115
2015.01.27;58.563843
2015.01.28;57.943352
2015.01.29;58.874115
2015.01.30;58.784298
2015.02.02;58.531189
2015.02.03;57.878040
2015.02.04;57.331020
2015.02.05;58.302605
2015.02.06;57.445332
2015.02.09;56.832977
2015.02.10;57.559635
2015.02.11;57.518501
2015.02.12;57.995434
2015.02.13;58.020077
2015.02.17;58.842384
2015.02.18;58.390137
2015.02.19;58.480576
2015.02.20;59.105511
2015.02.23;58.455902
2015.02.24;58.299690
2015.02.25;57.855663
2015.02.26;57.584293
2015.02.27;57.699409
2015.03.02;58.480576
2015.03.03;57.863876
2015.03.04;58.094082
2015.03.05;58.044765
2015.03.06;56.252209
2015.03.09;57.214264
2015.03.10;56.556442
2015.03.11;56.293312
2015.03.12;57.197819
2015.03.13;57.469177
2015.03.16;58.439453
2015.03.17;58.250343
2015.03.18;60.470482
2015.03.19;61.029655
2015.03.20;62.591984
2015.03.23;62.789330
2015.03.24;62.131516
2015.03.25;61.144772
2015.03.26;60.388260
2015.03.27;60.503361
2015.03.30;60.741837
2015.03.31;59.738667
2015.04.01;58.817703
2015.04.02;58.579247
2015.04.06;58.636806
2015.04.07;58.957478
2015.04.08;59.327541
2015.04.09;59.500210
2015.04.10;60.782955
2015.04.13;60.454044
2015.04.14;60.404709
2015.04.15;60.610268
2015.04.16;60.429371
2015.04.17;59.590649
2015.04.20;59.541325
2015.04.21;59.376865
2015.04.22;59.450867
2015.04.23;59.533115
2015.04.24;58.858829
2015.04.27;58.291458
2015.04.28;58.529919
2015.04.29;59.434410
2015.04.30;59.097290
2015.05.01;60.125134
2015.05.04;60.067596
2015.05.05;59.130188
2015.05.06;59.245323
2015.05.07;59.056164
2015.05.08;60.240242
2015.05.11;60.412941
2015.05.12;59.565987
2015.05.13;59.862022
2015.05.14;60.491257
2015.05.15;60.358761
2015.05.18;60.391888
2015.05.19;60.814163
2015.05.20;60.739635
2015.05.21;61.493084
2015.05.22;61.517937
2015.05.26;61.526207
2015.05.27;62.014709
2015.05.28;63.264954
2015.05.29;65.326591
2015.06.01;65.409370
2015.06.02;64.540031
2015.06.03;64.440674
2015.06.04;64.316460
2015.06.05;64.680779
2015.06.08;65.011955
2015.06.09;68.530815
2015.06.10;68.870308
2015.06.11;71.693665
2015.06.12;69.723091
2015.06.15;69.615471
2015.06.16;70.195045
2015.06.17;69.160110
2015.06.18;68.754364
2015.06.19;68.414909
2015.06.22;68.655022
2015.06.23;68.448021
2015.06.24;68.108536
2015.06.25;70.211594
2015.06.26;71.080978
2015.06.29;69.367081
2015.06.30;69.126945
2015.07.01;70.253006
2015.07.02;71.321075
2015.07.06;71.494957
2015.07.07;73.465485
2015.07.08;72.240097
2015.07.09;72.430542
2015.07.10;73.101196
2015.07.13;73.540039
2015.07.14;73.490349
2015.07.15;71.519798
2015.07.16;72.173851
2015.07.17;72.339447
2015.07.20;72.753441
2015.07.21;70.849144
2015.07.22;71.519798
2015.07.23;71.834389
2015.07.24;70.145363
2015.07.27;69.673401
2015.07.28;70.940193
2015.07.29;70.451721
2015.07.30;69.996330
2015.07.31;69.971512
2015.08.03;69.665138
2015.08.04;69.590622
2015.08.05;70.153648
2015.08.06;68.472855
2015.08.07;68.116852
2015.08.10;69.143524
2015.08.11;69.168365
2015.08.12;69.451530
2015.08.13;69.160057
2015.08.14;69.893028
2015.08.17;69.526520
2015.08.18;69.459892
2015.08.19;69.776398
2015.08.20;72.741730
2015.08.21;70.409477
2015.08.24;67.244247
2015.08.25;65.186852
2015.08.26;67.552414
2015.08.27;69.751396
2015.08.28;69.293304
2015.08.31;68.593613
2015.09.01;66.469574
2015.09.02;68.143822
2015.09.03;67.968903
2015.09.04;66.902740
2015.09.08;69.035088
2015.09.09;67.544113
2015.09.10;67.335869
2015.09.11;68.135498
2015.09.14;68.210472
2015.09.15;69.101730
2015.09.16;70.342804
2015.09.17;74.949028
2015.09.18;73.707977
2015.09.21;72.958275
2015.09.22;73.133209
2015.09.23;72.208641
2015.09.24;71.092484
2015.09.25;70.017952
2015.09.28;66.419579
2015.09.29;66.869385
2015.09.30;69.709785
2015.10.01;70.950890
2015.10.02;72.899971
2015.10.05;72.108673
2015.10.06;70.109604
2015.10.07;69.959641
2015.10.08;69.776398
2015.10.09;71.750526
2015.10.12;66.169716
2015.10.13;66.319641
2015.10.14;66.011459
2015.10.15;66.519592
2015.10.16;67.893959
2015.10.19;66.844429
2015.10.20;64.795372
2015.10.21;64.145638
2015.10.22;64.120682
2015.10.23;65.228516
2015.10.26;65.894875
2015.10.27;67.394173
2015.10.28;69.193336
2015.10.29;68.302094
2015.10.30;67.943932
2015.11.02;68.335419
2015.11.03;68.027214
2015.11.04;67.510796
2015.11.05;67.144295
2015.11.06;67.019348
2015.11.09;66.103104
2015.11.10;67.108963
2015.11.11;67.645462
2015.11.12;66.941330
2015.11.13;66.681488
2015.11.16;68.089722
2015.11.17;68.148392
2015.11.18;70.118248
2015.11.19;70.176910
2015.11.20;70.805565
2015.11.23;71.031883
2015.11.24;70.311028
2015.11.25;70.193665
2015.11.27;70.118248
2015.11.30;68.768661
2015.12.01;72.507217
2015.12.02;70.881020
2015.12.03;69.623650
2015.12.04;72.607758
2015.12.07;72.406624
2015.12.08;72.431755
2015.12.09;70.294243
2015.12.10;71.174416
2015.12.11;69.816460
2015.12.14;70.981621
2015.12.15;71.685715
2015.12.16;72.331154
2015.12.17;72.272499
2015.12.18;71.057030
2015.12.21;72.121620
2015.12.22;72.012634
2015.12.23;72.255745
2015.12.24;71.962341
2015.12.28;71.660591
2015.12.29;72.297623
2015.12.30;72.255745
2015.12.31;70.629547
2016.01.04;69.464417
2016.01.05;70.503830
2016.01.06;70.059547
2016.01.07;68.240593
2016.01.08;68.106491
2016.01.11;67.285011
2016.01.12;67.393982
2016.01.13;66.471893
2016.01.14;69.187790
2016.01.15;68.098083
2016.01.19;69.766136
2016.01.20;69.254875
2016.01.21;68.232193
2016.01.22;69.137489
2016.01.25;68.492058
2016.01.26;68.701630
2016.01.27;68.533958
2016.01.28;64.384735
2016.01.29;66.304268
2016.02.01;65.717522
2016.02.02;63.957207
2016.02.03;63.781174
2016.02.04;62.263981
2016.02.05;62.297531
2016.02.08;62.188557
2016.02.09;61.811356
2016.02.10;61.676273
2016.02.11;60.283577
2016.02.12;60.156940
2016.02.16;61.895744
2016.02.17;63.035217
2016.02.18;62.013912
2016.02.19;61.288006
2016.02.22;61.625648
2016.02.23;62.013912
2016.02.24;62.545639
2016.02.25;63.153408
2016.02.26;62.123631
2016.02.29;60.773129
2016.03.01;61.397736
2016.03.02;62.478149
2016.03.03;61.828255
2016.03.04;62.123631
2016.03.07;61.954819
2016.03.08;61.617191
2016.03.09;62.072979
2016.03.10;61.634071
2016.03.11;63.009922
2016.03.14;62.385300
2016.03.15;60.131622
2016.03.16;61.178276
2016.03.17;58.291561
2016.03.18;59.886845
2016.03.21;59.296001
2016.03.22;60.705601
2016.03.23;60.072556
2016.03.24;60.030346
2016.03.28;59.608311
2016.03.29;60.519897
2016.03.30;60.587418
2016.03.31;60.781570
2016.04.01;61.971710
2016.04.04;61.769115
2016.04.05;61.650948
2016.04.06;63.102764
2016.04.07;62.959251
2016.04.08;62.790485
2016.04.11;62.419056
2016.04.12;62.942402
2016.04.13;63.440395
2016.04.14;63.837090
2016.04.15;63.752697
2016.04.18;65.179176
2016.04.19;65.204514
2016.04.20;65.061005
2016.04.21;65.305786
2016.04.22;65.694069
2016.04.25;65.786880
2016.04.26;64.377312
2016.04.27;64.579865
2016.04.28;64.537697
2016.04.29;63.752697
2016.05.02;64.782471
2016.05.03;64.360428
2016.05.04;63.195610
2016.05.05;63.533268
2016.05.06;62.967712
2016.05.09;63.803337
2016.05.10;64.892189
2016.05.11;64.841217
2016.05.12;64.543793
2016.05.13;64.858192
2016.05.16;66.523659
2016.05.17;64.909172
2016.05.18;64.858192
2016.05.19;63.141781
2016.05.20;63.566635
2016.05.23;62.946365
2016.05.24;63.719597
2016.05.25;63.337242
2016.05.26;64.169952
2016.05.27;63.719597
2016.05.31;63.753582
2016.06.01;63.677113
2016.06.02;64.118965
2016.06.03;63.830063
2016.06.06;63.592094
2016.06.07;63.473164
2016.06.08;63.651642
2016.06.09;63.243767
2016.06.10;62.835899
2016.06.13;62.759418
2016.06.14;63.150299
2016.06.15;62.631954
2016.06.16;63.090820
2016.06.17;62.759418
2016.06.20;62.266579
2016.06.21;61.663303
2016.06.22;62.088158
2016.06.23;62.827415
2016.06.24;63.158787
2016.06.27;63.634617
2016.06.28;63.855560
2016.06.29;66.404678
2016.06.30;66.914505
2016.07.01;67.084427
2016.07.05;67.670738
2016.07.06;67.993637
2016.07.07;67.398834
2016.07.08;67.687744
2016.07.11;67.245880
2016.07.12;67.696236
2016.07.13;67.432823
2016.07.14;68.477974
2016.07.15;68.163574
2016.07.18;67.934135
2016.07.19;67.951134
2016.07.20;68.214561
2016.07.21;68.316521
2016.07.22;69.327637
2016.07.25;69.659065
2016.07.26;69.752525
2016.07.27;70.865639
2016.07.28;70.466278
2016.07.29;70.432281
2016.08.01;70.678703
2016.08.02;70.797646
2016.08.03;70.287842
2016.08.04;70.032928
2016.08.05;69.302162
2016.08.08;69.336189
2016.08.09;69.251205
2016.08.10;68.443939
2016.08.11;68.888634
2016.08.12;68.597908
2016.08.15;68.632103
2016.08.16;68.272942
2016.08.17;68.503830
2016.08.18;68.221657
2016.08.19;67.605949
2016.08.22;67.802612
2016.08.23;68.042053
2016.08.24;67.075783
2016.08.25;66.708099
2016.08.26;66.904732
2016.08.29;67.212601
2016.08.30;66.502831
2016.08.31;66.485756
2016.09.01;66.041077
2016.09.02;65.716110
2016.09.06;67.135651
2016.09.07;67.204056
2016.09.08;68.315712
2016.09.09;66.904732
2016.09.12;67.623032
2016.09.13;67.109970
2016.09.14;66.947502
2016.09.15;67.400749
2016.09.16;67.383636
2016.09.19;67.691452
2016.09.20;68.307144
2016.09.21;69.153725
2016.09.22;69.512871
2016.09.23;69.401718
2016.09.26;67.999306
2016.09.27;69.162270
2016.09.28;69.016891
2016.09.29;68.187424
2016.09.30;68.632103
2016.10.03;69.264893
2016.10.04;69.358978
2016.10.05;69.906204
2016.10.06;69.666809
2016.10.07;70.196960
2016.10.10;71.026413
2016.10.11;69.957542
2016.10.12;68.845886
2016.10.13;68.409752
2016.10.14;67.785553
2016.10.17;67.152748
2016.10.18;67.357971
2016.10.19;67.178383
2016.10.20;67.332306
2016.10.21;66.913284
2016.10.24;66.331825
2016.10.25;66.485756
2016.10.26;65.639183
2016.10.27;65.126106
2016.10.28;63.732227
2016.10.31;63.142212
2016.11.01;62.406818
2016.11.02;62.124619
2016.11.03;61.662834
2016.11.04;61.987789
2016.11.07;63.176414
2016.11.08;63.296143
2016.11.09;67.033028
2016.11.10;67.428940
2016.11.11;66.852242
2016.11.14;66.292801
2016.11.15;66.551010
2016.11.16;66.223946
2016.11.17;66.886711
2016.11.18;65.991547
2016.11.21;65.965721
2016.11.22;65.406250
2016.11.23;58.529072
2016.11.25;59.493111
2016.11.28;57.840492
2016.11.29;57.797482
2016.11.30;57.771641
2016.12.01;56.781834
2016.12.02;58.279461
2016.12.05;57.892147
2016.12.06;58.356941
2016.12.07;57.995445
2016.12.08;57.831890
2016.12.09;58.399990
2016.12.12;58.193394
2016.12.13;59.079956
2016.12.14;58.245037
2016.12.15;61.429733
2016.12.16;63.099522
2016.12.19;63.194160
2016.12.20;63.159771
2016.12.21;63.047859
2016.12.22;63.056458
2016.12.23;63.512646
2016.12.27;63.529877
2016.12.28;62.884335
2016.12.29;63.314709
2016.12.30;63.306087
2017.01.03;64.209846
2017.01.04;64.313148
2017.01.05;65.061974
2017.01.06;65.130829
2017.01.09;65.647224
2017.01.10;65.647224
2017.01.11;64.777939
2017.01.12;66.404686
2017.01.13;66.619865
2017.01.17;66.146477
2017.01.18;66.731743
2017.01.19;66.137863
2017.01.20;66.112076
2017.01.23;65.690308
2017.01.24;64.425003
2017.01.25;64.425003
2017.01.26;64.192627
2017.01.27;64.881226
2017.01.30;64.295929
2017.01.31;66.301399
2017.02.01;66.792023
2017.02.02;66.611259
2017.02.03;66.473564
2017.02.06;66.989990
2017.02.07;66.878075
2017.02.08;67.230980
2017.02.09;66.878075
2017.02.10;66.955566
2017.02.13;67.388786
2017.02.14;68.290001
2017.02.15;69.537758
2017.02.16;69.355804
2017.02.17;69.659088
2017.02.21;69.633072
2017.02.22;70.248291
2017.02.23;71.530754
2017.02.24;71.808022
2017.02.27;71.972649
2017.02.28;71.756027
2017.03.01;72.657234
2017.03.02;71.842682
2017.03.03;72.596558
2017.03.06;72.639862
2017.03.07;71.695366
2017.03.08;72.275940
2017.03.09;73.263786
2017.03.10;73.099136
2017.03.13;72.908501
2017.03.14;73.185783
2017.03.15;74.416229
2017.03.16;73.645042
2017.03.17;72.752525
2017.03.20;72.839180
2017.03.21;72.553238
2017.03.22;73.099136
2017.03.23;73.151100
2017.03.24;72.943176
2017.03.27;72.995148
2017.03.28;73.437088
2017.03.29;73.168442
2017.03.30;73.445747
2017.03.31;72.882484
2017.04.03;73.177109
2017.04.04;74.598221
2017.04.05;74.199600
2017.04.06;73.965645
2017.04.07;73.930977
2017.04.10;74.060959
2017.04.11;74.459549
2017.04.12;74.736832
2017.04.13;74.416229
2017.04.17;71.383415
2017.04.18;70.360947
2017.04.19;70.092308
2017.04.20;71.002182
2017.04.21;70.958817
2017.04.24;72.284615
2017.04.25;70.360947
2017.04.26;70.152985
2017.04.27;70.473595
2017.04.28;71.106163
2017.05.01;70.898201
2017.05.02;70.794189
2017.05.03;70.404297
2017.05.04;71.955338
2017.05.05;71.496101
2017.05.08;69.901703
2017.05.09;70.005676
2017.05.10;70.230980
2017.05.11;69.960617
2017.05.12;69.934479
2017.05.15;70.030380
2017.05.16;68.887939
2017.05.17;68.146629
2017.05.18;68.286148
2017.05.19;67.850105
2017.05.22;67.134979
2017.05.23;68.015823
2017.05.24;67.989655
2017.05.25;68.321060
2017.05.26;68.068146
2017.05.30;68.329765
2017.05.31;69.393753
2017.06.01;69.760025
2017.06.02;69.882133
2017.06.05;69.201866
2017.06.06;68.975128
2017.06.07;69.236778
2017.06.08;69.855972
2017.06.09;70.675743
2017.06.12;70.553650
2017.06.13;70.858902
2017.06.14;71.164124
2017.06.15;71.556595
2017.06.16;71.408318
2017.06.19;71.809471
2017.06.20;72.167046
2017.06.21;72.071129
2017.06.22;73.527573
2017.06.23;73.161263
2017.06.26;73.501411
2017.06.27;72.419975
2017.06.28;72.472298
2017.06.29;72.123459
2017.06.30;71.774635
2017.07.03;72.123459
2017.07.05;72.123459
2017.07.06;71.164124
2017.07.07;71.765884
2017.07.10;71.757141
2017.07.11;71.818207
2017.07.12;72.821129
2017.07.13;73.274643
2017.07.14;73.562439
2017.07.17;72.943237
2017.07.18;72.995567
2017.07.19;73.457794
2017.07.20;73.911293
2017.07.21;73.832794
2017.07.24;73.902573
2017.07.25;71.678680
2017.07.26;71.373444
2017.07.27;72.402565
2017.07.28;72.472298
2017.07.31;72.088570
2017.08.01;71.835663
2017.08.02;71.356010
2017.08.03;71.451920
2017.08.04;71.783302
2017.08.07;71.574020
2017.08.08;71.486824
2017.08.09;72.010071
2017.08.10;71.556595
2017.08.11;71.223068
2017.08.14;71.521446
2017.08.15;71.714554
2017.08.16;70.819328
2017.08.17;68.282860
2017.08.18;67.642166
2017.08.21;67.914238
2017.08.22;68.686615
2017.08.23;68.590057
2017.08.24;69.213181
2017.08.25;69.151764
2017.08.28;69.195633
2017.08.29;68.941132
2017.08.30;70.643791
2017.08.31;71.345932
2017.09.01;70.283951
2017.09.05;70.055756
2017.09.06;70.661354
2017.09.07;71.565376
2017.09.08;72.776543
2017.09.11;72.522041
2017.09.12;72.118294
2017.09.13;72.346497
2017.09.14;72.908203
2017.09.15;72.355270
2017.09.18;72.425484
2017.09.19;71.732109
2017.09.20;71.986641
2017.09.21;73.136383
2017.09.22;73.645447
2017.09.25;74.286148
2017.09.26;73.917542
2017.09.27;74.294930
2017.09.28;74.602089
2017.09.29;75.076042
2017.10.02;75.786957
2017.10.03;75.874710
2017.10.04;76.322334
2017.10.05;76.927940
2017.10.06;76.427666
2017.10.09;76.401337
2017.10.10;75.620209
2017.10.11;75.532448
2017.10.12;75.857193
2017.10.13;75.962486
2017.10.16;75.435875
2017.10.17;75.532448
2017.10.18;75.242805
2017.10.19;75.795723
2017.10.20;76.559311
2017.10.23;76.515419
2017.10.24;74.751289
2017.10.25;74.470467
2017.10.26;73.864853
2017.10.27;73.601540
2017.10.30;72.539574
2017.10.31;71.916428
2017.11.01;72.750206
2017.11.02;72.960861
2017.11.03;73.294373
2017.11.06;72.794090
2017.11.07;73.092484
2017.11.08;73.733200
2017.11.09;73.715645
2017.11.10;73.101280
2017.11.13;72.723885
2017.11.14;72.856361
2017.11.15;72.591415
2017.11.16;73.695419
2017.11.17;73.209641
2017.11.20;73.465805
2017.11.21;73.757248
2017.11.22;73.907379
2017.11.24;74.216522
2017.11.27;74.905434
2017.11.28;75.117401
2017.11.29;75.037910
2017.11.30;74.755287
2017.12.01;75.355858
2017.12.04;75.585503
2017.12.05;76.009460
2017.12.06;75.355858
2017.12.07;75.841614
2017.12.08;76.353874
2017.12.11;76.548195
2017.12.12;76.583534
2017.12.13;77.625717
2017.12.14;76.398048
2017.12.15;76.433395
2017.12.18;76.027100
2017.12.19;76.583534
2017.12.20;75.726791
2017.12.21;75.611992
2017.12.22;75.135071
2017.12.26;75.064384
2017.12.27;75.196877
2017.12.28;75.117401
2017.12.29;74.596298
2018.01.02;74.790596
2018.01.03;75.196877
2018.01.04;75.532516
2018.01.05;76.459885
2018.01.08;76.071236
2018.01.09;76.009460
2018.01.10;76.044769
2018.01.11;76.300903
2018.01.12;76.822006
2018.01.16;75.329361
2018.01.17;76.141930
2018.01.18;75.797470
2018.01.19;75.506004
2018.01.22;75.461830
2018.01.23;74.560974
2018.01.24;74.454987
2018.01.25;75.082069
2018.01.26;76.910324
2018.01.29;77.369583
2018.01.30;76.035927
2018.01.31;71.937813
2018.02.01;72.785713
2018.02.02;71.699356
2018.02.05;68.440285
2018.02.06;68.881927
2018.02.07;67.760193
2018.02.08;65.543343
2018.02.09;67.327446
2018.02.12;67.345108
2018.02.13;67.309792
2018.02.14;68.540337
2018.02.15;69.421242
2018.02.16;70.266533
2018.02.20;69.003021
2018.02.21;69.003021
2018.02.22;68.682716
2018.02.23;70.070786
2018.02.26;71.343163
2018.02.27;70.026291
2018.02.28;68.531464
2018.03.01;68.068779
2018.03.02;68.718300
2018.03.05;69.136528
2018.03.06;68.682716
2018.03.07;68.905159
2018.03.08;70.195358
2018.03.09;70.836014
2018.03.12;70.328827
2018.03.13;70.426704
2018.03.14;69.839447
2018.03.15;70.070786
2018.03.16;71.619019
2018.03.19;70.053009
2018.03.20;69.732689
2018.03.21;69.616989
2018.03.22;68.095451
2018.03.23;66.520531
2018.03.26;67.784050
2018.03.27;67.321342
2018.03.28;68.522552
2018.03.29;68.842888
2018.04.02;67.356934
2018.04.03;68.994148
2018.04.04;69.937340
2018.04.05;69.955093
2018.04.06;68.380173
2018.04.09;68.816193
2018.04.10;70.488998
2018.04.11;70.053009
2018.04.12;70.551285
2018.04.13;70.933876
2018.04.16;71.289795
2018.04.17;71.111832
2018.04.18;70.933876
2018.04.19;70.960579
2018.04.20;70.346596
2018.04.23;71.361008
2018.04.24;71.263084
2018.04.25;72.197372
2018.04.26;73.451981
2018.04.27;73.612144
2018.04.30;72.135063
2018.05.01;70.355507
2018.05.02;70.141960
2018.05.03;69.439049
2018.05.04;69.759399
2018.05.07;69.963982
2018.05.08;70.186455
2018.05.09;70.533463
2018.05.10;71.948235
2018.05.11;73.363014
2018.05.14;73.914688
2018.05.15;73.149467
2018.05.16;72.731056
2018.05.17;73.161110
2018.05.18;73.528412
2018.05.21;73.313393
2018.05.22;73.662811
2018.05.23;74.074928
2018.05.24;74.101814
2018.05.25;74.155571
2018.05.29;73.859924
2018.05.30;75.132126
2018.05.31;76.189316
2018.06.01;76.019104
2018.06.04;76.216202
2018.06.05;75.992226
2018.06.06;76.986687
2018.06.07;76.941917
2018.06.08;77.121109
2018.06.11;76.923981
2018.06.12;76.592491
2018.06.13;76.798569
2018.06.14;77.362984
2018.06.15;77.837822
2018.06.18;77.147942
2018.06.19;77.784058
2018.06.20;77.300270
2018.06.21;77.112106
2018.06.22;76.977745
2018.06.25;76.843330
2018.06.26;76.252045
2018.06.27;75.857841
2018.06.28;76.592491
2018.06.29;76.449150
2018.07.02;76.923981
2018.07.03;77.506348
2018.07.05;77.551132
2018.07.06;78.294746
2018.07.09;78.724777
2018.07.10;78.886063
2018.07.11;78.447060
2018.07.12;79.656555
2018.07.13;80.373299
2018.07.16;79.799889
2018.07.17;80.247864
2018.07.18;80.659966
2018.07.19;80.122429
2018.07.20;79.262344
2018.07.23;79.629662
2018.07.24;83.634445
2018.07.25;86.393875
2018.07.26;85.273987
2018.07.27;86.546196
2018.07.30;87.818390
2018.07.31;88.526192
2018.08.01;88.427635
2018.08.02;89.117493
2018.08.03;90.111969
2018.08.06;91.384186
2018.08.07;91.330444
2018.08.08;91.626068
2018.08.09;91.554428
2018.08.10;91.608162
2018.08.13;91.778389
2018.08.14;92.285583
2018.08.15;93.087341
2018.08.16;94.015266
2018.08.17;95.087303
2018.08.20;95.330528
2018.08.21;94.654892
2018.08.22;94.618843
2018.08.23;94.429695
2018.08.24;95.285469
2018.08.27;94.690948
2018.08.28;94.753952
2018.08.29;94.889122
2018.08.30;95.024254
2018.08.31;95.177391
2018.09.04;94.249527
2018.09.05;95.240440
2018.09.06;94.925148
2018.09.07;96.420570
2018.09.10;95.871071
2018.09.11;95.168373
2018.09.12;95.465668
2018.09.13;96.015221
2018.09.14;95.285469
2018.09.17;95.231445
2018.09.18;96.285484
2018.09.19;95.258446
2018.09.20;95.555756
2018.09.21;95.789993
2018.09.24;95.123337
2018.09.25;95.222450
2018.09.26;95.771965
2018.09.27;96.114296
2018.09.28;96.672829
2018.10.01;96.934105
2018.10.02;97.258415
2018.10.03;97.852989
2018.10.04;101.789787
2018.10.05;103.618591
2018.10.08;104.014961
2018.10.09;104.005951
2018.10.10;102.105110
2018.10.11;97.213364
2018.10.12;99.528603
2018.10.15;99.654739
2018.10.16;100.024078
2018.10.17;102.330338
2018.10.18;102.078072
2018.10.19;100.825874
2018.10.22;100.924973
2018.10.23;99.447525
2018.10.24;95.780975
2018.10.25;97.195335
2018.10.26;95.844040
2018.10.29;96.753929
2018.10.30;97.600746
2018.10.31;97.690834
2018.11.01;97.168320
2018.11.02;96.168373
2018.11.05;99.222305
2018.11.06;95.402611
2018.11.07;98.843948
2018.11.08;99.186279
2018.11.09;101.087128
2018.11.12;101.978966
2018.11.13;101.249298
2018.11.14;99.423073
2018.11.15;101.587013
2018.11.16;103.062820
2018.11.19;104.855530
2018.11.20;103.868637
2018.11.21;101.614182
2018.11.23;102.193626
2018.11.26;101.749969
2018.11.27;103.415939
2018.11.28;104.602005
2018.11.29;105.932991
2018.11.30;107.417847
2018.12.03;107.309181
2018.12.04;105.498360
2018.12.06;104.882706
2018.12.07;102.836464
2018.12.10;103.298225
2018.12.11;103.669449
2018.12.12;103.524559
2018.12.13;103.995407
2018.12.14;101.342529
2018.12.17;98.110245
2018.12.18;96.426155
2018.12.19;98.789276
2018.12.20;98.952271
2018.12.21;99.069954
2018.12.24;96.652542
2018.12.26;100.582001
2018.12.27;102.211739
2018.12.28;103.397812
2018.12.31;104.774033
2019.01.02;104.013504
2019.01.03;100.781189
2019.01.04;103.814308
2019.01.07;104.375656
2019.01.08;105.335411
2019.01.09;106.123116
2019.01.10;104.973244
2019.01.11;105.190536
2019.01.14;103.832436
2019.01.15;106.014458
2019.01.16;105.751900
2019.01.17;107.888687
2019.01.18;105.561745
2019.01.22;106.014458
2019.01.23;107.553635
2019.01.24;104.113091
2019.01.25;104.094994
2019.01.28;104.149307
2019.01.29;104.765007
2019.01.30;105.878639
2019.01.31;108.522446
2019.02.01;109.455002
2019.02.04;108.803108
2019.02.05;109.038490
2019.02.06;107.988258
2019.02.07;106.385674
2019.02.08;108.287033
2019.02.11;106.847427
2019.02.12;108.187462
2019.02.13;108.332298
2019.02.14;109.920822
2019.02.15;111.495659
2019.02.19;111.177040
2019.02.20;111.659515
2019.02.21;111.714119
2019.02.22;112.879349
2019.02.25;112.779198
2019.02.26;113.489258
2019.02.27;114.408676
2019.02.28;114.963982
2019.03.01;117.285286
2019.03.04;116.029030
2019.03.05;116.966660
2019.03.06;115.318993
2019.03.07;115.009476
2019.03.08;115.337181
2019.03.11;112.424187
2019.03.12;112.424187
2019.03.13;113.161530
2019.03.14;112.041855
2019.03.15;112.824707
2019.03.18;114.008125
2019.03.19;115.237053
2019.03.20;116.666283
2019.03.21;116.802826
2019.03.22;116.793694
2019.03.25;118.222893
2019.03.26;119.269775
2019.03.27;117.221558
2019.03.28;117.385399
2019.03.29;118.122757
2019.04.01;117.476456
2019.04.02;117.722237
2019.04.03;115.655807
2019.04.04;114.344940
2019.04.05;115.601181
2019.04.08;115.755951
2019.04.09;115.828766
2019.04.10;115.783241
2019.04.11;113.926201
2019.04.12;112.023628
2019.04.15;112.952164
2019.04.16;109.201630
2019.04.17;106.051971
2019.04.18;104.868546
2019.04.22;105.114319
2019.04.23;106.953178
2019.04.24;107.417427
2019.04.25;107.626831
2019.04.26;109.119743
2019.04.29;108.873932
2019.04.30;106.543526
2019.05.01;107.581291
2019.05.02;107.836174
2019.05.03;106.425179
2019.05.06;106.188499
2019.05.07;104.631874
2019.05.08;105.824371
2019.05.09;105.414734
2019.05.10;105.797073
2019.05.13;104.112984
2019.05.14;104.631874
2019.05.15;105.250877
2019.05.16;106.857437
2019.05.17;106.198349
2019.05.20;106.399750
2019.05.21;106.720139
2019.05.22;108.001755
2019.05.23;106.930687
2019.05.24;106.912376
2019.05.28;105.969482
2019.05.29;105.722321
2019.05.30;106.097641
2019.05.31;106.134293
2019.06.03;106.894073
2019.06.04;107.617279
2019.06.05;107.122917
2019.06.06;107.562332
2019.06.07;108.340446
2019.06.10;104.294273
2019.06.11;102.719734
2019.06.12;105.493477
2019.06.13;102.362709
2019.06.14;102.289490
2019.06.17;103.809082
2019.06.18;104.953384
2019.06.19;105.484322
2019.06.20;105.786400
2019.06.21;105.722321
2019.06.24;105.850464
2019.06.25;105.603310
2019.06.26;101.923317
2019.06.27;102.042328
2019.06.28;101.419823
2019.07.01;103.204903
2019.07.02;104.541412
2019.07.03;104.742828
2019.07.05;103.278145
2019.07.08;102.088089
2019.07.09;103.516159
2019.07.10;104.843521
2019.07.11;100.531883
2019.07.12;99.131287
2019.07.15;99.296051
2019.07.16;99.616447
2019.07.17;98.032753
2019.07.18;99.177040
2019.07.19;97.758125
2019.07.22;98.197548
2019.07.23;99.067177
2019.07.24;99.341820
2019.07.25;98.701012
2019.07.26;99.112946
2019.07.29;99.524910
2019.07.30;99.497444
2019.07.31;99.735458
2019.08.01;101.163528
2019.08.02;102.911972
2019.08.05;99.515762
2019.08.06;101.978233
2019.08.07;101.721931
2019.08.08;104.330879
2019.08.09;104.147789
2019.08.12;103.992172
2019.08.13;105.914558
2019.08.14;101.528099
2019.08.15;101.472878
2019.08.16;101.739838
2019.08.19;103.590157
2019.08.20;102.190918
2019.08.21;102.605164
2019.08.22;102.743263
2019.08.23;100.810097
2019.08.26;102.899750
2019.08.27;101.933167
2019.08.28;102.154106
2019.08.29;103.332413
2019.08.30;103.995216
2019.09.03;104.906555
2019.09.04;104.252983
2019.09.05;105.495720
2019.09.06;104.989410
2019.09.09;102.246147
2019.09.10;102.273758
2019.09.11;102.816917
2019.09.12;102.614388
2019.09.13;102.080467
2019.09.16;101.380829
2019.09.17;102.292168
2019.09.18;103.765068
2019.09.19;105.265579
2019.09.20;106.931793
2019.09.23;105.109085
2019.09.24;104.252983
2019.09.25;102.540726
2019.09.26;102.936546
2019.09.27;103.442871
2019.09.30;102.945778
2019.10.01;102.144890
2019.10.02;98.499481
2019.10.03;98.766457
2019.10.04;99.604164
2019.10.07;99.263542
2019.10.08;98.674393
2019.10.09;98.775650
2019.10.10;98.425842
2019.10.11;99.751434
2019.10.14;99.328011
2019.10.15;100.984985
2019.10.16;99.374016
2019.10.17;99.843483
2019.10.18;100.009209
2019.10.21;99.337189
2019.10.22;101.113861
2019.10.23;98.867714
2019.10.24;99.272774
2019.10.25;101.445267
2019.10.28;104.013626
2019.10.29;102.798485
2019.10.30;103.765068
2019.10.31;104.897362
2019.11.01;103.571739
2019.11.04;104.124084
2019.11.05;102.411858
2019.11.06;104.777679
2019.11.07;103.811096
2019.11.08;104.510719
2019.11.11;103.838730
2019.11.12;104.179329
2019.11.13;103.829506
2019.11.14;103.130486
2019.11.15;104.797043
2019.11.18;105.611763
2019.11.19;106.565414
2019.11.20;106.111732
2019.11.21;106.241348
2019.11.22;107.583809
2019.11.25;108.759666
2019.11.26;108.407822
2019.11.27;108.731895
2019.11.29;108.648560
2019.12.02;108.083786
2019.12.03;108.889267
2019.12.04;109.870682
2019.12.05;110.889137
2019.12.06;110.768745
2019.12.09;111.324272
2019.12.10;111.703880
2019.12.11;111.824211
2019.12.12;112.675995
2019.12.13;112.518623
2019.12.16;113.740738
2019.12.17;116.036858
2019.12.18;119.879128
2019.12.19;121.147537
2019.12.20;122.610382
2019.12.23;121.425308
2019.12.24;121.388245
2019.12.26;121.416031
2019.12.27;121.767868
2019.12.30;121.564163
2019.12.31;121.684509
2020.01.02;122.406685
2020.01.03;121.999336
2020.01.06;122.452988
2020.01.07;122.684456
2020.01.08;123.795509
2020.01.09;125.841576
2020.01.10;127.767403
2020.01.13;128.637695
2020.01.14;130.220871
2020.01.15;130.646744
2020.01.16;130.943024
2020.01.17;129.230209
2020.01.21;130.461594
2020.01.22;131.063385
2020.01.23;130.739319
2020.01.24;128.758041
2020.01.27;128.054367
2020.01.28;128.933929
2020.01.29;129.544952
2020.01.30;132.091080
2020.01.31;129.285751
2020.02.03;130.544907
2020.02.04;132.803986
2020.02.05;136.424103
2020.02.06;136.377808
2020.02.07;135.553802
2020.02.10;134.720505
2020.02.11;133.553940
2020.02.12;132.868805
2020.02.13;131.966064
2020.02.14;131.333252
2020.02.18;131.230850
2020.02.19;131.063354
2020.02.20;132.152206
2020.02.21;132.189392
2020.02.24;128.569214
2020.02.25;126.019203
2020.02.26;124.269623
2020.02.27;120.230614
2020.02.28;117.382805
2020.03.02;123.627472
2020.03.03;121.272919
2020.03.04;130.644516
2020.03.05;130.430511
2020.03.06;131.649643
2020.03.09;126.307739
2020.03.10;131.398346
2020.03.11;130.309540
2020.03.12;117.280434
2020.03.13;129.704575
2020.03.16;120.407417
2020.03.17;133.269012
2020.03.18;133.166626
2020.03.19;123.860130
2020.03.20;113.911491
2020.03.23;110.793808
2020.03.24;114.367493
2020.03.25;113.483391
2020.03.26;125.032753
2020.03.27;124.809380
2020.03.30;128.839081
2020.03.31;129.099716
2020.04.01;126.959206
2020.04.02;132.319717
2020.04.03;129.974472
2020.04.06;131.789261
2020.04.07;132.040543
2020.04.08;136.079559
2020.04.09;135.623520
2020.04.13;134.404358
2020.04.14;140.630417
2020.04.15;140.695541
2020.04.16;143.999405
2020.04.17;146.381805
2020.04.20;146.847137
2020.04.21;142.082230
2020.04.22;145.842056
2020.04.23;148.838745
2020.04.24;151.630737
2020.04.27;150.104446
2020.04.28;146.391159
2020.04.29;144.399582
2020.04.30;143.915634
2020.05.01;142.975693
2020.05.04;142.649933
2020.05.05;146.940247
2020.05.06;145.814163
2020.05.07;142.361465
2020.05.08;142.863983
2020.05.11;147.554459
2020.05.12;146.782013
2020.05.13;146.977448
2020.05.14;148.090149
2020.05.15;148.884903
2020.05.18;147.697433
2020.05.19;146.519302
2020.05.20;143.181229
2020.05.21;142.386459
2020.05.22;141.339264
2020.05.26;138.347122
2020.05.27;136.233948
2020.05.28;140.862350
2020.05.29;143.012955
2020.06.01;142.545364
2020.06.02;143.863831
2020.06.03;142.620224
2020.06.04;140.918442
2020.06.05;139.515930
2020.06.08;139.515930
2020.06.09;139.441101
2020.06.10;141.189636
2020.06.11;134.719238
2020.06.12;134.214279
2020.06.15;132.325500
2020.06.16;153.073883
2020.06.17;149.576843
2020.06.18;150.605392
2020.06.19;149.548782
2020.06.22;150.025665
2020.06.23;148.987762
2020.06.24;146.827866
2020.06.25;152.279068
2020.06.26;152.251038
2020.06.29;152.148163
2020.06.30;153.513321
2020.07.01;152.690491
2020.07.02;153.223480
2020.07.06;156.047287
2020.07.07;155.916397
2020.07.08;158.141739
2020.07.09;155.635849
2020.07.10;152.746597
2020.07.13;151.549774
2020.07.14;153.232819
2020.07.15;154.700836
2020.07.16;154.280045
2020.07.17;155.177689
2020.07.20;156.187515
2020.07.21;154.560547
2020.07.22;154.130463
2020.07.23;151.026123
2020.07.24;149.174759
2020.07.27;150.072418
2020.07.28;152.082687
2020.07.29;151.241211
2020.07.30;143.059677
2020.07.31;140.525757
2020.08.03;142.910065
2020.08.04;144.789459
2020.08.05;144.312637
2020.08.06;142.947464
2020.08.07;142.994217
2020.08.10;143.059677
2020.08.11;140.843628
2020.08.12;142.638901
2020.08.13;141.370499
2020.08.14;141.022812
2020.08.17;142.375809
2020.08.18;143.860382
2020.08.19;143.089935
2020.08.20;142.197327
2020.08.21;140.242981
2020.08.24;140.487289
2020.08.25;140.637604
2020.08.26;140.242981
2020.08.27;139.970490
2020.08.28;138.438919
2020.08.31;139.425507
2020.09.01;138.401398
2020.09.02;140.515442
2020.09.03;140.017471
2020.09.04;141.793289
2020.09.08;140.289917
2020.09.09;142.789230
2020.09.10;137.386658
2020.09.11;139.143646
2020.09.14;139.998657
2020.09.15;141.013428
2020.09.16;141.840256
2020.09.17;143.259033
2020.09.18;144.856323
2020.09.21;142.046936
2020.09.22;140.806702
2020.09.23;140.759720
2020.09.24;139.820129
2020.09.25;141.182556
2020.09.28;139.153061
2020.09.29;137.424194
2020.09.30;139.077896
2020.10.01;135.573212
2020.10.02;136.437653
2020.10.05;137.771835
2020.10.06;135.422882
2020.10.07;139.961105
2020.10.08;144.226807
2020.10.09;147.402649
2020.10.12;145.156982
2020.10.13;141.013428
2020.10.14;139.491318
2020.10.15;137.912796
2020.10.16;137.292664
2020.10.19;134.173233
2020.10.20;134.915466
2020.10.21;132.773254
2020.10.22;133.092712
2020.10.23;133.778595
2020.10.26;133.139648
2020.10.27;123.931686
2020.10.28;123.377365
2020.10.29;124.542458
2020.10.30;122.578728
2020.11.02;123.678017
2020.11.03;123.067276
2020.11.04;139.613464
2020.11.05;136.728897
2020.11.06;134.116882
2020.11.09;133.731628
2020.11.10;137.706039
2020.11.11;136.014816
2020.11.12;133.191010
2020.11.13;134.465973
2020.11.16;132.775482
2020.11.17;133.351578
2020.11.18;132.378860
2020.11.19;135.438721
2020.11.20;137.403122
2020.11.23;135.410400
2020.11.24;136.845871
2020.11.25;136.704208
2020.11.27;139.244751
2020.11.30;137.554230
2020.12.01;137.469223
2020.12.02;137.091431
2020.12.03;136.099792
2020.12.04;140.198563
2020.12.07;139.225845
2020.12.08;141.001343
2020.12.09;149.217758
2020.12.10;152.050980
2020.12.11;151.144379
2020.12.14;149.132751
2020.12.15;158.123627
2020.12.16;162.486832
2020.12.17;163.034576
2020.12.18;161.872910
2020.12.21;159.398560
2020.12.22;157.453049
2020.12.23;156.281998
2020.12.24;157.396408
2020.12.28;157.245300
2020.12.29;157.320892
2020.12.30;157.726990
2020.12.31;159.455231
2021.01.04;156.300903
2021.01.05;157.075333
2021.01.06;155.186493
2021.01.07;156.612564
2021.01.08;157.160309
2021.01.11;175.604736
2021.01.12;168.861649
2021.01.13;175.189209
2021.01.14;176.313095
2021.01.15;180.166290
2021.01.19;187.447739
2021.01.20;190.073181
2021.01.21;191.102600
2021.01.22;194.681961
2021.01.25;200.546768
2021.01.26;200.896225
2021.01.27;196.032471
2021.01.28;198.440735
2021.01.29;196.410217
2021.02.01;191.848724
2021.02.02;186.578857
2021.02.03;186.012207
2021.02.04;190.413162
2021.02.05;190.554871
2021.02.08;194.332489
2021.02.09;190.498169
2021.02.10;193.029251
2021.02.11;192.118774
2021.02.12;196.585541
2021.02.16;195.134598
2021.02.17;195.798447
2021.02.18;190.734161
2021.02.19;190.544495
2021.02.22;190.316925
2021.02.23;192.023941
2021.02.24;193.958618
2021.02.25;193.294785
2021.02.26;194.309494
2021.03.01;195.807953
2021.03.02;193.598251
2021.03.03;191.568741
2021.03.04;190.184143
2021.03.05;196.234695
2021.03.08;196.338989
2021.03.09;195.466522
2021.03.10;194.840591
2021.03.11;194.612976
2021.03.12;197.334778
2021.03.15;179.391830
2021.03.16;181.041946
2021.03.17;177.087280
2021.03.18;174.431900
2021.03.19;174.773331
2021.03.22;176.243286
2021.03.23;174.194717
2021.03.24;170.866043
2021.03.25;173.635284
2021.03.26;175.740646
2021.03.29;176.717422
2021.03.30;175.920807
2021.03.31;177.172638
2021.04.01;175.674179
2021.04.05;175.342300
2021.04.06;173.360260
2021.04.07;172.905045
2021.04.08;173.180069
2021.04.09;174.962967
2021.04.12;172.430862
2021.04.13;173.104187
2021.04.14;173.549866
2021.04.15;176.319138
2021.04.16;179.477188
2021.04.19;179.847015
2021.04.20;180.766907
2021.04.21;181.089386
2021.04.22;177.390808
2021.04.23;178.974533
2021.04.26;177.552002
2021.04.27;172.800735
2021.04.28;171.226440
2021.04.29;172.791214
2021.04.30;173.331772
2021.05.03;176.319138
2021.05.04;178.481354
2021.05.05;182.853348
2021.05.06;183.877563
2021.05.07;185.328583
2021.05.10;184.702621
2021.05.11;184.693130
2021.05.12;183.223190
2021.05.13;185.690308
2021.05.14;186.900085
2021.05.17;186.252319
2021.05.18;185.394989
2021.05.19;187.185791
2021.05.20;190.062515
2021.05.21;190.395905
2021.05.24;191.481827
2021.05.25;189.767212
2021.05.26;191.453232
2021.05.27;189.748154
2021.05.28;190.262527
2021.06.01;189.005188
2021.06.02;189.681488
2021.06.03;193.082077
2021.06.04;192.434372
2021.06.07;211.961670
2021.06.08;210.228012
2021.06.09;215.276550
2021.06.10;222.458740
2021.06.11;213.457153
2021.06.14;215.371780
2021.06.15;212.914230
2021.06.16;210.285156
2021.06.17;211.666351
2021.06.18;208.179993
2021.06.21;212.104538
2021.06.22;210.932922
2021.06.23;206.798843
2021.06.24;221.915787
2021.06.25;219.296295
2021.06.28;217.391174
2021.06.29;218.486618
2021.06.30;218.629532
2021.07.01;220.163116
2021.07.02;222.858856
2021.07.06;224.249634
2021.07.07;224.630585
2021.07.08;225.868851
2021.07.09;223.839966
2021.07.12;224.811569
2021.07.13;224.135269
2021.07.14;225.135422
2021.07.15;220.486984
2021.07.16;221.430023
2021.07.19;223.030334
2021.07.20;223.868530
2021.07.21;226.030823
2021.07.22;227.173889
2021.07.23;232.565308
2021.07.26;231.669937
2021.07.27;232.022369
2021.07.28;234.813324
2021.07.29;233.689346
2021.07.30;231.946182
2021.08.02;234.899078
2021.08.03;243.843567
2021.08.04;250.016068
2021.08.05;251.654495
2021.08.06;250.940063
2021.08.09;254.483521
2021.08.10;256.664917
2021.08.11;251.568741
2021.08.12;251.778992
2021.08.13;252.486145
2021.08.16;257.961792
2021.08.17;260.608917
2021.08.18;256.604858
2021.08.19;258.401489
2021.08.20;258.888824
2021.08.23;255.935928
2021.08.24;251.110046
2021.08.25;252.161209
2021.08.26;249.724350
2021.08.27;248.224014
2021.08.30;250.670471
2021.08.31;246.828812
2021.09.01;245.978256
2021.09.02;248.052048
2021.09.03;248.013763
2021.09.07;243.493698
2021.09.08;243.531906
2021.09.09;229.350418
2021.09.10;228.872589
2021.09.13;227.400955
2021.09.14;222.747025
2021.09.15;223.358582
2021.09.16;220.788010
2021.09.17;219.889755
2021.09.20;221.361359
2021.09.21;219.956619
2021.09.22;218.169540
2021.09.23;221.877380
2021.09.24;221.399597
2021.09.27;216.353867
2021.09.28;211.766846
2021.09.29;220.138184
2021.09.30;220.797531
2021.10.01;219.402328
2021.10.04;214.872681
2021.10.05;220.682861
2021.10.06;217.739548
2021.10.07;222.833008
2021.10.08;223.559326
2021.10.11;223.301285
2021.10.12;222.450790
2021.10.13;225.948364
2021.10.14;226.187302
2021.10.15;227.324509
2021.10.18;228.375656
2021.10.19;231.557907
2021.10.20;232.905334
2021.10.21;230.468491
2021.10.22;232.933990
2021.10.25;234.176331
2021.10.26;237.415878
2021.10.27;239.069092
2021.10.28;242.108032
2021.10.29;243.455429
2021.11.01;238.247299
2021.11.02;245.452713
2021.11.03;254.445129
2021.11.04;258.974884
2021.11.05;253.241058
2021.11.08;248.969406
2021.11.09;250.393280
2021.11.10;252.906616
2021.11.11;250.976212
2021.11.12;248.934158
2021.11.15;247.764496
2021.11.16;247.083801
2021.11.17;250.401016
2021.11.18;250.544830
2021.11.19;249.940796
2021.11.22;249.691528
2021.11.23;251.148849
2021.11.24;251.187149
2021.11.26;249.624435
2021.11.29;244.313080
2021.11.30;237.803268
2021.12.01;238.848297
2021.12.02;237.649902
2021.12.03;235.444809
2021.12.06;236.163849
2021.12.07;234.994217
2021.12.08;234.236816
2021.12.09;232.875443
2021.12.10;234.064255
2021.12.13;238.273041
2021.12.14;239.087967
2021.12.15;263.919098
2021.12.16;267.523956
2021.12.17;256.383545
2021.12.20;252.606079
2021.12.21;253.948318
2021.12.22;255.501404
2021.12.23;261.828979
2021.12.27;266.919983
2021.12.28;265.021606
2021.12.29;266.929474
2021.12.30;265.807770
2021.12.31;264.820251
2022.01.03;260.515625
2022.01.04;255.798737
2022.01.05;249.892868
2022.01.06;248.627289
2022.01.07;248.790298
2022.01.10;249.375092
2022.01.11;251.493942
2022.01.12;245.358078
2022.01.13;239.365982
2022.01.14;234.045074
2022.01.18;236.873322
2022.01.19;234.936676
2022.01.20;233.095901
2022.01.21;233.028793
2022.01.24;230.497742
2022.01.25;229.577377
2022.01.26;228.043427
2022.01.27;226.950485
2022.01.28;234.984604
2022.01.31;235.262634
2022.02.01;238.033340
2022.02.02;240.478149
2022.02.03;234.706604
2022.02.04;232.271439
2022.02.07;233.498581
2022.02.08;230.008804
2022.02.09;233.230164
2022.02.10;229.749969
2022.02.11;226.010925
2022.02.14;225.943542
2022.02.15;234.752548
2022.02.16;236.427689
2022.02.17;231.989487
2022.02.18;231.354095
2022.02.22;230.218018
2022.02.23;229.428619
2022.02.24;234.020813
2022.02.25;241.501312
2022.02.28;240.634811
2022.03.01;240.201599
2022.03.02;244.697571
2022.03.03;249.000977
2022.03.04;253.073334
2022.03.07;251.889206
2022.03.08;250.242844
2022.03.09;252.996262
2022.03.10;256.105896
2022.03.11;256.375427
2022.03.14;258.974884
2022.03.15;265.194061
2022.03.16;266.137573
2022.03.17;274.869507
2022.03.18;276.920197
2022.03.21;278.845612
2022.03.22;274.397858
2022.03.23;273.598724
2022.03.24;276.968292
2022.03.25;278.248749
2022.03.28;280.790344
2022.03.29;277.642212
2022.03.30;279.086304
2022.03.31;275.697479
2022.04.01;281.762695
2022.04.04;280.559265
2022.04.05;281.589386
2022.04.06;294.441833
2022.04.07;296.935333
2022.04.08;300.073883
2022.04.11;297.445618
2022.04.12;296.598419
2022.04.13;291.390076
2022.04.14;290.610168
2022.04.18;287.683594
2022.04.19;285.940948
2022.04.20;282.003479
2022.04.21;278.816711
2022.04.22;268.342224
2022.04.25;274.571075
2022.04.26;272.289398
2022.04.27;274.465179
2022.04.28;286.191284
2022.04.29;281.242828
2022.05.02;278.768616
2022.05.03;277.334167
2022.05.04;283.909637
2022.05.05;281.473907
2022.05.06;285.835052
2022.05.09;278.450928
2022.05.10;275.052551
2022.05.11;276.005554
2022.05.12;280.925079
2022.05.13;281.707581
2022.05.16;289.193878
2022.05.17;291.145172
2022.05.18;285.146515
2022.05.19;276.529907
2022.05.20;288.681915
2022.05.23;292.304321
2022.05.24;295.549988
2022.05.25;296.564270
2022.05.26;302.794830
2022.05.27;312.473938
2022.05.31;302.775543
2022.06.01;300.495758
2022.06.02;292.140106
2022.06.03;291.386688
2022.06.06;293.038574
2022.06.07;301.481110
2022.06.08;302.823761
2022.06.09;292.932220
2022.06.10;286.904480
2022.06.13;281.369476
2022.06.14;280.896118
2022.06.15;283.021301
2022.06.16;278.268738
2022.06.17;281.002380
2022.06.21;287.223358
2022.06.22;296.255157
2022.06.23;302.079987
2022.06.24;314.541046
2022.06.27;316.134979
2022.06.28;306.813293
2022.06.29;312.010284
2022.06.30;313.198486
2022.07.01;313.662079
2022.07.05;316.048035
2022.07.06;318.916931
2022.07.07;316.791870
2022.07.08;319.226105
2022.07.11;319.805664
2022.07.12;312.580170
2022.07.13;311.488647
2022.07.14;315.767914
2022.07.15;320.317596
2022.07.18;310.822083
2022.07.19;315.101379
2022.07.20;311.073303
2022.07.21;315.796875
2022.07.22;317.564575
2022.07.25;320.269348
2022.07.26;320.278992
2022.07.27;317.748169
2022.07.28;319.544830
2022.07.29;318.472626
2022.08.01;313.121185
2022.08.02;309.305542
2022.08.03;303.152252
2022.08.04;295.385834
2022.08.05;291.067871
2022.08.08;292.207733
2022.08.09;292.709991
2022.08.10;294.245911
2022.08.11;290.923065
2022.08.12;298.569427
2022.08.15;304.248566
2022.08.16;300.730621
2022.08.17;307.039612
2022.08.18;306.942719
2022.08.19;312.805969
2022.08.22;313.125732
2022.08.23;305.372711
2022.08.24;309.026276
2022.08.25;313.164581
2022.08.26;305.818542
2022.08.29;300.575500
2022.08.30;297.561584
2022.08.31;291.930908
2022.09.01;299.587006
2022.09.02;292.027771
2022.09.06;297.348358
2022.09.07;301.980774
2022.09.08;305.760376
2022.09.09;307.892487
2022.09.12;305.489014
2022.09.13;297.018860
2022.09.14;300.052185
2022.09.15;299.916504
2022.09.16;299.354492
2022.09.19;295.671753
2022.09.20;292.415466
2022.09.21;287.327515
2022.09.22;301.273285
2022.09.23;301.845093
2022.09.26;298.007294
2022.09.27;301.496216
2022.09.28;324.057526
2022.09.29;319.822418
2022.09.30;313.368042
2022.10.03;311.623657
2022.10.04;319.706177
2022.10.05;321.537781
2022.10.06;322.671692
2022.10.07;316.575867
2022.10.10;313.891388
2022.10.11;317.486816
2022.10.12;314.550415
2022.10.13;321.847900
2022.10.14;321.159851
2022.10.17;322.487549
2022.10.18;324.687469
2022.10.19;319.124695
2022.10.20;318.911469
2022.10.21;330.250244
2022.10.24;337.160126
2022.10.25;340.464935
2022.10.26;346.812683
2022.10.27;345.329956
2022.10.28;348.789703
2022.10.31;350.912140
2022.11.01;341.695648
2022.11.02;344.002167
2022.11.03;350.514801
2022.11.04;346.376556
2022.11.07;353.800201
2022.11.08;355.341003
2022.11.09;352.055664
2022.11.10;357.337494
2022.11.11;341.424316
2022.11.14;346.030884
2022.11.15;340.092957
2022.11.16;342.988983
2022.11.17;350.608215
2022.11.18;351.482788
2022.11.21;350.996887
2022.11.22;350.715088
2022.11.23;351.531372
2022.11.25;354.961945
2022.11.28;355.467255
2022.11.29;353.698578
2022.11.30;360.627747
2022.12.01;359.898834
2022.12.02;364.204163
2022.12.05;358.888153
2022.12.06;358.159302
2022.12.07;361.492737
2022.12.08;361.317810
2022.12.09;350.821899
2022.12.12;356.905701
2022.12.13;348.557556
2022.12.14;353.261292
2022.12.15;349.869568
2022.12.16;349.733521
2022.12.19;347.702393
2022.12.20;349.510010
2022.12.21;357.644257
2022.12.22;355.020294
2022.12.23;357.537323
2022.12.27;354.602417
2022.12.28;354.932770
2022.12.29;356.682098
2022.12.30;355.535400
2023.01.03;354.709320
2023.01.04;352.872559
2023.01.05;348.810242
2023.01.06;352.717041
2023.01.09;339.976257
2023.01.10;342.814087
2023.01.11;350.258331
2023.01.12;349.004639
2023.01.13;351.434235
2023.01.17;347.663483
2023.01.18;342.094910
2023.01.19;341.191101
2023.01.20;336.322235
2023.01.23;332.570953
2023.01.24;336.633179
2023.01.25;339.879181
2023.01.26;338.207581
2023.01.27;332.464050
2023.01.30;330.909088
2023.01.31;334.456329
2023.02.01;332.920837
2023.02.02;321.385132
2023.02.03;329.529144
2023.02.06;328.149109
2023.02.07;330.112213
2023.02.08;331.132629
2023.02.09;332.162811
2023.02.10;335.398956
2023.02.13;340.530273
2023.02.14;338.863037
2023.02.15;326.627106
2023.02.16;317.910828
2023.02.17;320.182526
2023.02.21;319.314789
2023.02.22;320.835754
2023.02.23;319.324524
2023.02.24;313.591675
2023.02.27;308.697235
2023.02.28;303.432404
2023.03.01;306.308563
2023.03.02;307.166504
2023.03.03;310.462006
2023.03.06;310.978729
2023.03.07;302.857117
2023.03.08;304.719360
2023.03.09;308.921478
2023.03.10;307.137329
2023.03.13;316.370300
2023.03.14;318.885742
2023.03.15;321.225739
2023.03.16;321.284241
2023.03.17;320.942963
2023.03.20;325.252411
2023.03.21;322.795410
2023.03.22;322.688141
2023.03.23;324.316437
2023.03.24;327.719116
2023.03.27;326.227356
2023.03.28;329.201050
2023.03.29;327.465576
2023.03.30;332.164978
2023.03.31;334.826660
2023.04.03;341.963470
2023.04.04;345.746399
2023.04.05;353.175690
2023.04.06;359.074371
2023.04.10;357.816589
2023.04.11;354.930725
2023.04.12;359.815308
2023.04.13;365.762665
2023.04.14;365.353180
2023.04.17;363.032715
2023.04.18;360.653839
2023.04.19;361.199799
2023.04.20;365.431152
2023.04.21;375.600189
2023.04.24;373.757507
2023.04.25;375.210175
2023.04.26;366.854614
2023.04.27;380.582336
2023.04.28;385.954468
2023.05.01;395.655487
2023.05.02;394.085785
2023.05.03;420.400421
2023.05.04;417.719269
2023.05.05;417.104980
2023.05.08;421.892120
2023.05.09;417.660706
2023.05.10;425.011963
2023.05.11;424.651337
2023.05.12;424.661011
2023.05.15;424.739258
2023.05.16;426.831085
2023.05.17;427.632751
2023.05.18;428.043304
2023.05.19;432.432312
2023.05.22;424.231018
2023.05.23;413.693420
2023.05.24;416.195770
2023.05.25;417.701141
2023.05.26;416.215302
2023.05.30;417.632721
2023.05.31;419.802795
2023.06.01;426.674744
2023.06.02;432.383453
2023.06.05;434.270020
2023.06.06;433.106812
2023.06.07;426.557465
2023.06.08;435.638580
2023.06.09;436.010071
2023.06.12;435.296417
2023.06.13;435.697205
2023.06.14;437.652252
2023.06.15;443.722626
2023.06.16;437.642426
2023.06.20;441.787140
2023.06.21;442.813507
2023.06.22;447.388214
2023.06.23;448.522186
2023.06.26;442.578949
2023.06.27;454.054871
2023.06.28;448.385254
2023.06.29;454.045135
2023.06.30;458.434143
2023.07.03;451.044159
2023.07.05;455.227966
2023.07.06;452.793884
2023.07.07;441.914124
2023.07.10;442.969910
2023.07.11;429.509521
2023.07.12;430.692291
2023.07.13;424.924988
2023.07.14;439.353088
2023.07.17;437.085236
2023.07.18;441.053955
2023.07.19;443.360840
2023.07.20;453.390198
2023.07.21;451.650238
2023.07.24;448.991302
2023.07.25;447.251404
2023.07.26;443.390228
2023.07.27;444.758728
2023.07.28;448.170319
2023.07.31;444.328613
2023.08.01;442.901489
2023.08.02;444.260193
2023.08.03;439.059845
2023.08.04;439.382416
2023.08.07;443.869202
2023.08.08;509.870972
2023.08.09;514.396790
2023.08.10;509.616760
2023.08.11;516.400696
2023.08.14;527.029480
2023.08.15;535.473694
2023.08.16;535.101379
2023.08.17;526.696289
2023.08.18;535.287537
2023.08.21;538.833740
2023.08.22;542.370056
2023.08.23;542.076294
2023.08.24;536.825500
2023.08.25;542.360229
2023.08.28;542.624695
2023.08.29;542.605286
2023.08.30;536.815735
2023.08.31;542.899048
2023.09.01;545.749695
2023.09.05;546.807739
2023.09.06;548.531799
2023.09.07;561.541016
2023.09.08;574.501282
2023.09.11;583.415649
2023.09.12;587.079529
2023.09.13;586.668030
2023.09.14;579.546265
2023.09.15;563.921448
2023.09.18;559.630859
2023.09.19;563.235840
2023.09.20;558.024414
2023.09.21;538.912109
2023.09.22;539.313660
2023.09.25;541.028015
2023.09.26;538.794434
2023.09.27;538.549622
2023.09.28;533.348022
2023.09.29;526.177124
2023.10.02;527.313599
2023.10.03;514.480713
2023.10.04;520.622925
2023.10.05;530.438538
2023.10.06;553.694336
2023.10.09;560.100952
2023.10.10;567.497131
2023.10.11;592.937561
2023.10.12;598.051025
2023.10.13;596.777588
2023.10.16;604.065857
2023.10.17;595.905762
2023.10.18;594.857544
2023.10.19;578.752686
2023.10.20;572.718384
2023.10.23;564.891418
2023.10.24;580.349548
2023.10.25;574.501282
2023.10.26;556.515686
2023.10.27;548.806152
2023.10.30;554.174500
2023.10.31;542.634644
2023.11.01;543.153809
2023.11.02;568.457153
2023.11.03;556.231506
2023.11.06;583.053162
2023.11.07;587.696594
2023.11.08;606.505127
2023.11.09;579.262207
2023.11.10;585.521851
2023.11.13;600.216125
2023.11.14;599.470093
2023.11.15;577.604187
2023.11.16;577.810303
2023.11.17;580.715271
2023.11.20;586.495789
2023.11.21;581.588684
2023.11.22;584.032471
2023.11.24;589.930664
2023.11.27;580.538635
2023.11.28;580.607300
2023.11.29;580.862366
2023.11.30;580.057739
2023.12.01;573.187683
2023.12.04;574.797180
2023.12.05;577.221497
2023.12.06;578.300903
2023.12.07;577.339111
2023.12.08;586.937439
2023.12.11;573.187683
2023.12.12;573.894348
2023.12.13;586.397644
2023.12.14;563.010254
2023.12.15;561.410706
2023.12.18;568.987244
2023.12.19;569.036316
2023.12.20;559.614685
2023.12.21;561.371521
2023.12.22;559.791321
2023.12.26;560.066101
2023.12.27;570.704773
2023.12.28;570.057007
2023.12.29;572.088501
2024.01.02;581.196167
2024.01.03;606.222412
2024.01.04;603.081787
2024.01.05;607.056519
2024.01.08;614.397522
2024.01.09;613.857666
2024.01.10;618.480225
2024.01.11;623.907410
2024.01.12;630.973694
2024.01.16;622.778931
2024.01.17;617.223999
2024.01.18;611.767273
2024.01.19;616.900146
2024.01.22;619.157410
2024.01.23;617.979675
2024.01.24;621.924988
2024.01.25;615.958008
2024.01.26;627.371765
2024.01.29;633.015076
2024.01.30;632.995422
2024.01.31;633.613647
2024.02.01;648.158264
2024.02.02;655.244141
2024.02.05;693.077881
2024.02.06;691.929688
2024.02.07;711.901489
2024.02.08;722.010071
2024.02.09;726.406738
2024.02.12;723.560730
2024.02.13;729.164551
2024.02.14;744.540955
2024.02.15;745.002991
2024.02.16;768.873657
2024.02.20;742.918640
2024.02.21;733.333008
2024.02.22;756.663025
2024.02.23;756.564758
2024.02.26;758.904541
2024.02.27;752.101257
2024.02.28;744.865295
2024.02.29;740.972046
2024.03.01;768.932556
2024.03.04;778.921265
2024.03.05;764.479004
2024.03.06;766.622253
2024.03.07;767.005737
2024.03.08;749.289490
2024.03.11;721.987732
2024.03.12;742.220825
2024.03.13;745.062134
2024.03.14;747.903137
2024.03.15;741.453918
2024.03.18;749.800659
2024.03.19;759.750122
2024.03.20;759.828735
2024.03.21;757.272644
2024.03.22;757.616638
2024.03.25;760.104065
2024.03.26;761.834351
2024.03.27;765.058960
2024.03.28;764.842712
2024.04.01;747.726257
2024.04.02;751.078796
2024.04.03;762.905884
2024.04.04;755.129333
2024.04.05;770.987427
2024.04.08;764.183899
2024.04.09;744.472107
2024.04.10;749.132202
2024.04.11;746.782532
2024.04.12;738.966492
2024.04.15;738.111267
2024.04.16;734.149170
2024.04.17;738.111267
2024.04.18;733.372437
2024.04.19;714.063599
2024.04.22;718.998962
2024.04.23;733.116760
2024.04.24;719.854248
2024.04.25;712.647888
2024.04.26;721.142151
2024.04.29;724.770081
2024.04.30;767.929688
2024.05.01;763.653137
2024.05.02;743.164490
2024.05.03;722.577637
2024.05.06;753.752869
2024.05.07;764.656006
2024.05.08;761.932617
2024.05.09;758.540771
2024.05.10;747.185547
2024.05.13;744.924316
2024.05.14;751.098511
2024.05.15;775.068787
2024.05.16;759.410156
2024.05.17;758.307312
2024.05.20;771.287170
2024.05.21;790.973572
2024.05.22;790.717529
2024.05.23;796.173401
2024.05.24;795.168823
2024.05.28;795.592346
2024.05.29;799.206665
2024.05.30;802.683044
2024.05.31;807.882874
2024.06.03;818.637024
2024.06.04;819.946838
2024.06.05;819.129456
2024.06.06;824.575378
2024.06.07;837.082581
2024.06.10;851.864685
2024.06.11;852.672119
2024.06.12;854.129700
2024.06.13;869.916321
2024.06.14;865.110474
2024.06.17;871.570862
2024.06.18;877.922852
2024.06.20;872.535889
2024.06.21;870.458008
2024.06.24;876.593384
2024.06.25;890.873230
2024.06.26;887.574097
2024.06.27;895.235962
2024.06.28;891.631470
2024.07.01;900.484985
2024.07.02;892.941223
2024.07.03;884.461975
2024.07.05;900.682007
2024.07.08;904.059937
2024.07.09;918.339722
2024.07.10;925.509216
2024.07.11;919.954712
2024.07.12;933.998169
2024.07.15;936.026978
2024.07.16;927.301514
2024.07.17;891.838379
2024.07.18;836.009216
2024.07.19;844.448975
2024.07.22;852.819946
2024.07.23;864.952698
2024.07.24;846.822449
2024.07.25;808.720032
2024.07.26;792.401550
2024.07.29;795.523315
2024.07.30;778.210449
2024.07.31;792.056946
2024.08.01;819.799072
2024.08.02;792.244080
2024.08.05;763.487305
2024.08.06;781.135254
2024.08.07;760.414795
2024.08.08;832.473633
2024.08.09;878.139587
2024.08.12;870.950317
2024.08.13;894.260986
2024.08.14;917.532104
2024.08.15;918.715576
2024.08.16;909.386230
2024.08.19;909.080444
2024.08.20;936.851562
2024.08.21;938.823975
2024.08.22;940.993591
2024.08.23;939.583313
2024.08.26;937.403931
2024.08.27;941.299377
2024.08.28;935.835815
2024.08.29;927.216553
2024.08.30;946.762756
2024.09.03;943.321045
2024.09.04;933.242249
2024.09.05;900.145630
2024.09.06;890.244324
2024.09.09;895.727356
2024.09.10;888.804382
2024.09.11;908.173218
2024.09.12;922.108093
2024.09.13;910.954285
2024.09.16;910.786499
2024.09.17;893.666321
2024.09.18;892.473022
2024.09.19;902.404053
2024.09.20;908.764954
2024.09.23;905.835876
2024.09.24;911.664246
2024.09.25;911.792603
2024.09.26;896.762939
2024.09.27;865.668396
2024.09.30;873.705811
2024.10.01;872.265930
2024.10.02;878.764954
2024.10.03;873.321167
2024.10.04;874.908936
2024.10.07;885.993774
2024.10.08;901.102173
2024.10.09;907.039001
2024.10.10;898.114136
2024.10.11;919.188904
2024.10.14;916.674194
2024.10.15;900.707642
2024.10.16;903.764771
2024.10.17;904.455139
2024.10.18;905.293457
2024.10.21;893.616943
2024.10.22;896.595337
2024.10.23;890.776733
2024.10.24;879.011536
2024.10.25;880.372437
2024.10.28;883.222595
2024.10.29;891.102295
2024.10.30;835.135925
2024.10.31;818.281860
2024.11.01;807.621094
2024.11.04;795.007874
2024.11.05;794.928833
2024.11.06;765.658752
2024.11.07;786.437805
2024.11.08;820.056946
2024.11.11;820.944519
2024.11.12;807.552124
2024.11.13;800.599426
2024.11.14;775.372742
2024.11.15;737.114319
2024.11.18;718.345581
2024.11.19;720.844788
2024.11.20;744.236450
2024.11.21;740.788879
2024.11.22;738.902283
2024.11.25;745.807190
2024.11.26;779.709290
2024.11.27;778.593018
2024.11.29;785.665833
2024.12.02;790.061584
2024.12.03;803.427063
2024.12.04;819.735962
2024.12.05;815.567200
2024.12.06;816.643982
2024.12.09;793.795715
2024.12.10;789.844360
2024.12.11;786.337585
2024.12.12;772.824158
2024.12.13;779.511719
2024.12.16;769.514893
2024.12.17;769.139526
2024.12.18;755.398987
2024.12.19;748.316162
2024.12.20;758.411804
2024.12.23;786.584595
2024.12.24;785.981934
2024.12.26;784.470642
2024.12.27;773.634216
2024.12.30;764.417847
2024.12.31;762.600281
2025.01.02;768.596252
2025.01.03;772.458557
2025.01.06;755.784180
2025.01.07;763.874451
2025.01.08;777.634827
2025.01.10;790.160461
2025.01.13;787.769897
2025.01.14;735.839966
2025.01.15;737.647766
2025.01.16;748.375488
2025.01.17;716.883606
2025.01.21;733.311157
2025.01.22;744.799500
2025.01.23;757.265930
2025.01.24;775.846863
2025.01.27;798.329773
2025.01.28;795.188416
2025.01.29;794.289673
2025.01.30;813.206421
2025.01.31;801.204346
2025.02.03;800.562195
2025.02.04;816.011780
2025.02.05;831.925598
2025.02.06;859.772339
2025.02.07;867.615723
2025.02.10;858.300537
2025.02.11;854.467773
2025.02.12;862.340698
2025.02.13;861.244202
2025.02.14;835.427490
2025.02.18;848.222046
2025.02.19;857.968933
2025.02.20;863.975342
2025.02.21;864.529541
2025.02.24;872.168640
2025.02.25;892.354919
2025.02.26;905.426697
2025.02.27;895.679749
2025.02.28;910.987793
2025.03.03;919.982544
2025.03.04;901.518005
2025.03.05;919.982544
2025.03.06;903.200256
2025.03.07;860.472473
2025.03.10;821.069519
2025.03.11;815.429138
2025.03.12;813.252197
2025.03.13;793.253967
2025.03.14;804.959961
2025.03.17;816.121948
2025.03.18;813.895447
2025.03.19;828.243591
2025.03.20;833.745422
2025.03.21;828.797668
2025.03.24;855.841492
2025.03.25;843.422791
2025.03.26;818.100891
2025.03.27;813.064148
2025.03.28;813.895447
2025.03.31;817.259766
2025.04.01;796.796448
2025.04.02;809.650269
2025.04.03;780.825562
2025.04.04;730.478333
2025.04.07;716.150024
2025.04.08;718.633606
2025.04.09;745.816040
2025.04.10;713.359497
2025.04.11;724.739075
2025.04.14;746.449280
2025.04.15;749.249695
2025.04.16;727.203003
2025.04.17;831.162781
2025.04.21;809.452454
2025.04.22;818.872742
2025.04.23;820.733154
2025.04.24;850.725586
2025.04.25;875.275757
2025.04.28;868.101685
2025.04.29;875.928894
2025.04.30;889.534851
2025.05.01;785.783020
2025.05.02;814.993835
2025.05.05;812.856445
2025.05.06;767.001831
2025.05.07;768.584961
2025.05.08;743.579712
2025.05.09;726.876465
2025.05.12;747.656494
2025.05.13;738.246155
2025.05.14;708.065613
2025.05.15;725.609924
2025.05.16;750.993713
2025.05.19;748.732910
2025.05.20;740.701416
2025.05.21;718.827698
2025.05.22;709.159912
2025.05.23;707.682617
2025.05.27;719.095276
2025.05.28;713.314636
2025.05.29;716.467773
2025.05.30;731.440125
2025.06.02;740.810486
2025.06.03;744.439575
2025.06.04;759.372375
2025.06.05;759.213684
2025.06.06;763.378174
2025.06.09;767.175842
2025.06.10;800.373108
2025.06.11;801.781128
2025.06.12;805.172241
2025.06.13;812.440308
2025.06.16;800.759827
2025.06.17;784.557739
2025.06.18;778.400269
2025.06.20;756.288513
2025.06.23;764.131775
2025.06.24;771.508972
2025.06.25;785.608887
2025.06.26;788.405029
2025.06.27;768.901184
2025.06.30;772.946716
2025.07.01;769.347412
2025.07.02;772.698853
2025.07.03;774.076965
2025.07.07;766.342896
2025.07.08;771.092407
2025.07.09;780.274292
2025.07.10;783.972778
2025.07.11;786.312866
2025.07.14;792.589478
2025.07.15;765.232483
2025.07.16;783.130005
2025.07.17;755.069031
2025.07.18;765.192749
2025.07.21;755.743286
2025.07.22;769.882751
2025.07.23;792.143250
2025.07.24;798.627991
2025.07.25;805.826660
2025.07.28;801.285278
2025.07.29;756.506775
2025.07.30;753.661072
2025.07.31;733.819946
2025.08.01;755.891907
2025.08.04;762.505615
2025.08.05;759.481445
2025.08.06;740.066772
2025.08.07;635.447754
2025.08.08;620.366272
2025.08.11;629.855408
2025.08.12;634.029907
2025.08.13;654.912048
2025.08.14;678.649902
2025.08.15;696.835144
2025.08.18;693.675049
2025.08.19;698.802795
2025.08.20;701.018738
2025.08.21;705.371338
2025.08.22;707.219604
2025.08.25;690.972107
2025.08.26;731.417114
2025.08.27;729.568604
2025.08.28;727.372559
2025.08.29;727.988708
2025.09.02;730.582397
2025.09.03;733.205811
2025.09.04;738.253906
2025.09.05;722.652344
2025.09.08;734.010681
2025.09.09;745.905640
2025.09.10;749.890503
2025.09.11;751.540222
2025.09.12;750.655762
2025.09.15;743.500854
2025.09.16;759.917297
2025.09.17;755.366028
2025.09.18;758.148438
2025.09.19;747.276978
2025.09.22;750.218506
2025.09.23;742.298462
2025.09.24;737.200562
2025.09.25;710.111511
2025.09.26;719.999023
2025.09.29;721.956787
2025.09.30;758.218079
2025.10.01;820.246826
2025.10.02;814.711731
2025.10.03;834.606262
2025.10.06;839.753723
2025.10.07;838.342712
2025.10.08;840.419617
2025.10.09;849.989197
2025.10.10;828.266235
2025.10.13;814.264587
2025.10.14;807.258728
2025.10.15;821.389648
2025.10.16;814.244629
2025.10.17;797.798462
2025.10.20;803.890015
2025.10.21;794.558899
2025.10.22;807.338257
2025.10.23;815.894165
2025.10.24;820.276611
2025.10.27;821.230591
2025.10.28;814.960144
2025.10.29;808.431396
2025.10.30;839.207214
2025.10.31;857.452148
2025.11.03;890.911194
2025.11.04;901.176392
2025.11.05;920.007629
2025.11.06;931.564758
2025.11.07;918.576660
2025.11.10;960.581787
2025.11.11;982.423950
2025.11.12;1011.401245
2025.11.13;1016.459351
2025.11.14;1020.350525
2025.11.17;1016.787781
2025.11.18;1025.097534
2025.11.19;1044.553589
2025.11.20;1038.273926
2025.11.21;1054.604980
2025.11.24;1065.014771
2025.11.25;1104.603394
2025.11.26;1099.030396
2025.11.28;1070.299194
2025.12.01;1052.803711
2025.12.02;1041.090332
2025.12.03;1028.590698
2025.12.04;1009.612427
2025.12.05;1005.452515
2025.12.08;992.793701
2025.12.09;977.497498
2025.12.10;988.862671
2025.12.11;1004.526978
2025.12.12;1022.569763
2025.12.15;1057.083008
2025.12.16;1049.221069
2025.12.17;1036.781128
2025.12.18;1051.798584
2025.12.19;1066.288574
2025.12.22;1071.304321
2025.12.23;1066.487671
2025.12.24;1071.802002
2025.12.26;1072.568237
2025.12.29;1073.543579
2025.12.30;1074.558716
2025.12.31;1069.513062
2026.01.02;1075.165771
2026.01.05;1036.502441
2026.01.06;1058.924316
2026.01.07;1102.762329
2026.01.08;1079.972412
2026.01.09;1058.446533
2026.01.12;1075.802612
2026.01.13;1072.010986
2026.01.14;1068.129761
2026.01.15;1028.003418
2026.01.16;1033.407593
2026.01.20;1036.283569
2026.01.21;1073.334595
2026.01.22;1082.151855
2026.01.23;1059.172974
2026.01.26;1057.640381
2026.01.27;1034.512085
2026.01.28;1018.877625
2026.01.29;1019.216003
2026.01.30;1032.163452
2026.02.02;1039.109985
2026.02.03;998.635437
2026.02.04;1101.796875
2026.02.05;1015.931885
2026.02.06;1053.092285
2026.02.09;1039.647339
2026.02.10;1020.071899
2026.02.11;1010.328918
2026.02.12;1033.278076
2026.02.13;1036.727173
2026.02.17;1032.789673
2026.02.18;1017.348389
2026.02.19;1020.000000
2026.02.20;1006.343140
2026.02.23;1055.228882
2026.02.24;1038.870483
2026.02.25;1025.592407
2026.02.26;1018.803833
2026.02.27;1048.679443
2026.03.02;1014.766479
2026.03.03;1004.558716
2026.03.04;1000.411804
2026.03.05;980.165771
2026.03.06;987.213501
2026.03.09;1005.216736
2026.03.10;998.198792
2026.03.11;996.693604
2026.03.12;974.174622
2026.03.13;981.980042
2026.03.16;986.007324
2026.03.17;927.422241
2026.03.18;915.160950
2026.03.19;914.612732
2026.03.20;903.846741
2026.03.23;907.684509
2026.03.24;900.178284
2026.03.25;913.426453
2026.03.26;894.177246
2026.03.27;875.476257
2026.03.30;883.839844
2026.03.31;916.875610
2026.04.01;951.516174
2026.04.02;932.635803
2026.04.06;924.142578
2026.04.07;928.159973
2026.04.08;950.300049
2026.04.09;952.184082
2026.04.10;936.513550
2026.04.13;926.624756
2026.04.14;919.596985
2026.04.15;902.182007
2026.04.16;901.145203
2026.04.17;924.112732
2026.04.20;917.005188
2026.04.21;900.178284
2026.04.22;918.580139
2026.04.23;914.762207
2026.04.24;881.178284
2026.04.27;865.537659
2026.04.28;871.249573
2026.04.29;848.531311
2026.04.30;931.658875
2026.05.01;960.298462
2026.05.04;964.884033
2026.05.05;985.758057
2026.05.06;983.943787
2026.05.07;971.891907
2026.05.08;945.465271
2026.05.11;963.946960
2026.05.12;986.754944
2026.05.13;1012.553467
2026.05.14;1003.531982
2026.05.15;1003.481995
2026.05.18;986.676147
2026.05.19;1019.948425
2026.05.20;1017.412048
2026.05.21;1040.159546
2026.05.22;1063.476074
2026.05.26;1063.216431
2026.05.27;1081.370483
2026.05.28;1125.187622
2026.05.29;1103.418823
2026.06.01;1080.651367
2026.06.02;1062.627319
2026.06.03;1077.236328
2026.06.04;1123.659790
2026.06.05;1129.801025
2026.06.08;1147.505615
2026.06.09;1143.042114
2026.06.10;1134.743896
2026.06.11;1159.288696
2026.06.12;1131.378784
2026.06.15;1127.734009
2026.06.16;1120.893799
2026.06.17;1110.408813
2026.06.18;1096.997925
2026.06.22;1100.502930
2026.06.23;1105.495850
2026.06.24;1115.661255
2026.06.25;1126.076294
2026.06.26;1206.391235
2026.06.29;1228.170166
2026.06.30;1197.713745
2026.07.01;1190.034668
2026.07.02;1212.172974
2026.07.06;1198.342896
2026.07.07;1233.792114
2026.07.08;1214.090210
2026.07.09;1215.208618
2026.07.10;1186.879150
2026.07.13;1180.178833
2026.07.14;1150.890869
2026.07.15;1154.974976
2026.07.16;1167.497070
2026.07.17;1177.422729
2026.07.20;1145.258911
2026.07.21;1173.728149
2026.07.22;1161.345825
2026.07.23;1184.173096
2026.07.24;1194.318604
2026.07.27;1195.816406
2026.07.28;1218.913330
2026.07.29;1208.288574
2026.07.30;1153.317261
2026.07.31;1147.196045
2026.08.03;1119.755371
2026.08.04;1114.083618
2026.08.05;1168.186035
2026.08.06;1190.234375
2026.08.07;1184.013306
2026.08.10;1230.177124
2026.08.11;1213.281372
2026.08.12;1218.533936
2026.08.13;1207.270020
2026.08.14;1180.160034
2026.08.17;1183.160034
2026.08.18;1225.729980
2026.08.19;1280.339966
2026.08.20;1244.400024
2026.08.21;1255.400024
2026.08.24;1246.930054
2026.08.25;1233.660034
2026.08.26;1189.410034
2026.08.27;1176.099976
2026.08.28;1174.609985
2026.08.31;1156.729980
2026.09.01;1160.000000
2026.09.02;1160.079956
2026.09.03;1159.599976
2026.09.04;1149.359985
2026.09.08;1123.910034
2026.09.09;1124.209961
2026.09.10;1123.000000
2026.09.11;1115.699951
2026.09.14;1138.280029
2026.09.15;1136.109985
2026.09.16;1137.819946
2026.09.17;1152.439941
2026.09.18;1152.930054
2026.09.21;1164.890015
