date;close
1998.12.22;13.798897
1998.12.23;14.132485
1998.12.24;14.108071
1998.12.28;14.026716
1998.12.29;14.335889
1998.12.30;14.246388
1998.12.31;14.140615
1999.01.04;14.026716
1999.01.05;14.132485
1999.01.06;14.303339
1999.01.07;14.140615
1999.01.08;14.083666
1999.01.11;13.798897
1999.01.12;13.693141
1999.01.13;13.717534
1999.01.14;13.457190
1999.01.15;13.603640
1999.01.19;13.449049
1999.01.20;13.489734
1999.01.21;13.286328
1999.01.22;13.221234
1999.01.25;13.188694
1999.01.26;13.497869
1999.01.27;13.676856
1999.01.28;13.920947
1999.01.29;13.953485
1999.02.01;13.896532
1999.02.02;14.010441
1999.02.03;13.961621
1999.02.04;13.896532
1999.02.05;13.684995
1999.02.08;13.660592
1999.02.09;13.416498
1999.02.10;13.514142
1999.02.11;13.741944
1999.02.12;13.628044
1999.02.16;13.790767
1999.02.17;13.652447
1999.02.18;13.798897
1999.02.19;13.741944
1999.02.22;14.034847
1999.02.23;14.010441
1999.02.24;13.929082
1999.02.25;13.766358
1999.02.26;13.807036
1999.03.01;13.741944
1999.03.02;13.701267
1999.03.03;13.701267
1999.03.04;13.888404
1999.03.05;14.099940
1999.03.08;14.165029
1999.03.09;14.181302
1999.03.10;14.026716
1999.03.11;14.165029
1999.03.12;14.287067
1999.03.15;14.409109
1999.03.16;14.474199
1999.03.17;14.230125
1999.03.18;14.474199
1999.03.19;14.410108
1999.03.22;14.401952
1999.03.23;13.994431
1999.03.24;13.986275
1999.03.25;14.092237
1999.03.26;14.043338
1999.03.29;14.222642
1999.03.30;14.100389
1999.03.31;13.790671
1999.04.01;13.815123
1999.04.05;13.888474
1999.04.06;13.733604
1999.04.07;13.717319
1999.04.08;14.035184
1999.04.09;14.067784
1999.04.12;14.304152
1999.04.13;14.353045
1999.04.14;13.921072
1999.04.15;13.578753
1999.04.16;13.635802
1999.04.19;13.065270
1999.04.20;13.309788
1999.04.21;13.733604
1999.04.22;13.904778
1999.04.23;13.880323
1999.04.26;13.782516
1999.04.27;13.798813
1999.04.28;13.595061
1999.04.29;13.489099
1999.04.30;13.309788
1999.05.03;13.619501
1999.05.04;13.505400
1999.05.05;13.635802
1999.05.06;13.456496
1999.05.07;13.570608
1999.05.10;13.358691
1999.05.11;13.415743
1999.05.12;13.611366
1999.05.13;13.676559
1999.05.14;13.432045
1999.05.17;13.521705
1999.05.18;13.342387
1999.05.19;13.529851
1999.05.20;13.562458
1999.05.21;13.521705
1999.05.24;13.171232
1999.05.25;13.040814
1999.05.26;13.040814
1999.05.27;12.975611
1999.05.28;13.171232
1999.06.01;13.220128
1999.06.02;13.016371
1999.06.03;13.138622
1999.06.04;13.595061
1999.06.07;13.480953
1999.06.08;13.293490
1999.06.09;13.220128
1999.06.10;12.975611
1999.06.11;12.845213
1999.06.14;12.885958
1999.06.15;12.918564
1999.06.16;13.016371
1999.06.17;13.122321
1999.06.18;13.117413
1999.06.21;12.970120
1999.06.22;13.043770
1999.06.23;12.904651
1999.06.24;12.863736
1999.06.25;12.855553
1999.06.28;12.863736
1999.06.29;13.092865
1999.06.30;13.403826
1999.07.01;13.502023
1999.07.02;13.551124
1999.07.06;13.542935
1999.07.07;13.485646
1999.07.08;13.379274
1999.07.09;13.444739
1999.07.12;13.420190
1999.07.13;13.469287
1999.07.14;13.428367
1999.07.15;13.575666
1999.07.16;13.551124
1999.07.19;13.436555
1999.07.20;13.321993
1999.07.21;13.379274
1999.07.22;13.231981
1999.07.23;13.133780
1999.07.26;13.256523
1999.07.27;13.297440
1999.07.28;13.174690
1999.07.29;12.978305
1999.07.30;12.904651
1999.08.02;12.904651
1999.08.03;13.002845
1999.08.04;12.765542
1999.08.05;12.798272
1999.08.06;12.585521
1999.08.09;12.552783
1999.08.10;12.511872
1999.08.11;12.380946
1999.08.12;12.610062
1999.08.13;12.700080
1999.08.16;12.773730
1999.08.17;12.839190
1999.08.18;12.659166
1999.08.19;12.740993
1999.08.20;12.994673
1999.08.23;13.281082
1999.08.24;13.223796
1999.08.25;13.616573
1999.08.26;13.395640
1999.08.27;13.223796
1999.08.30;13.240160
1999.08.31;13.125596
1999.09.01;13.076496
1999.09.02;13.060135
1999.09.03;13.289261
1999.09.07;13.191066
1999.09.08;13.199245
1999.09.09;13.011035
1999.09.10;13.027404
1999.09.13;13.011035
1999.09.14;12.798272
1999.09.15;12.700080
1999.09.16;12.732810
1999.09.17;12.753484
1999.09.20;12.802691
1999.09.21;12.581247
1999.09.22;12.573045
1999.09.23;12.277786
1999.09.24;12.212173
1999.09.27;12.171170
1999.09.28;11.990736
1999.09.29;11.679073
1999.09.30;11.941524
1999.10.01;12.138365
1999.10.04;12.277786
1999.10.05;12.130155
1999.10.06;12.605853
1999.10.07;12.507426
1999.10.08;12.843695
1999.10.11;12.860106
1999.10.12;12.614049
1999.10.13;12.368011
1999.10.14;12.400812
1999.10.15;11.949721
1999.10.18;12.171170
1999.10.19;12.687865
1999.10.20;12.737074
1999.10.21;12.827293
1999.10.22;12.909318
1999.10.25;12.761696
1999.10.26;12.597650
1999.10.27;12.753484
1999.10.28;12.983122
1999.10.29;13.032333
1999.11.01;13.056936
1999.11.02;12.802691
1999.11.03;13.130755
1999.11.04;13.073345
1999.11.05;13.171763
1999.11.08;13.155360
1999.11.09;12.925713
1999.11.10;12.933918
1999.11.11;12.933918
1999.11.12;13.024139
1999.11.15;12.966723
1999.11.16;13.212772
1999.11.17;13.147163
1999.11.18;13.212772
1999.11.19;13.122553
1999.11.22;13.261975
1999.11.23;13.229169
1999.11.24;13.385002
1999.11.26;13.253783
1999.11.29;13.245573
1999.11.30;13.073345
1999.12.01;13.024139
1999.12.02;13.089746
1999.12.03;13.179964
1999.12.06;12.802691
1999.12.07;12.597650
1999.12.08;12.400812
1999.12.09;12.384409
1999.12.10;12.450020
1999.12.13;12.187567
1999.12.14;12.171170
1999.12.15;12.384409
1999.12.16;12.072747
1999.12.17;12.108017
1999.12.20;11.951734
1999.12.21;11.836576
1999.12.22;12.066889
1999.12.23;12.272536
1999.12.27;12.354788
1999.12.28;12.256079
1999.12.29;12.108017
1999.12.30;12.116247
1999.12.31;12.124469
2000.01.03;11.976407
2000.01.04;11.639163
2000.01.05;11.844803
2000.01.06;12.066889
2000.01.07;12.831864
2000.01.10;12.543972
2000.01.11;12.543972
2000.01.12;12.609775
2000.01.13;12.675582
2000.01.14;12.716708
2000.01.18;12.502851
2000.01.19;12.593325
2000.01.20;12.420588
2000.01.21;12.280760
2000.01.24;11.927059
2000.01.25;11.779000
2000.01.26;11.885928
2000.01.27;12.108017
2000.01.28;12.009309
2000.01.31;12.231399
2000.02.01;12.108017
2000.02.02;12.132692
2000.02.03;11.968184
2000.02.04;11.959962
2000.02.07;11.943511
2000.02.08;12.091571
2000.02.09;11.984639
2000.02.10;11.581588
2000.02.11;11.359496
2000.02.14;11.417074
2000.02.15;11.672067
2000.02.16;11.507554
2000.02.17;11.334815
2000.02.18;11.203212
2000.02.22;11.384171
2000.02.23;11.137402
2000.02.24;10.907084
2000.02.25;10.635647
2000.02.28;10.841287
2000.02.29;10.800160
2000.03.01;10.701449
2000.03.02;10.726125
2000.03.03;10.668548
2000.03.06;10.413557
2000.03.07;9.854217
2000.03.08;10.158562
2000.03.09;10.430007
2000.03.10;10.306623
2000.03.13;10.142112
2000.03.14;10.084532
2000.03.15;10.726125
2000.03.16;11.186756
2000.03.17;11.140150
2000.03.20;11.041124
2000.03.21;11.247429
2000.03.22;11.156650
2000.03.23;11.065882
2000.03.24;10.867833
2000.03.27;10.727550
2000.03.28;10.851336
2000.03.29;11.115391
2000.03.30;11.263930
2000.03.31;11.206161
2000.04.03;11.717787
2000.04.04;12.047860
2000.04.05;11.882827
2000.04.06;11.668277
2000.04.07;11.519742
2000.04.10;11.808567
2000.04.11;12.014857
2000.04.12;12.155144
2000.04.13;12.072618
2000.04.14;11.478481
2000.04.17;11.808567
2000.04.18;11.882827
2000.04.19;12.023113
2000.04.20;12.014857
2000.04.24;12.344938
2000.04.25;12.287167
2000.04.26;12.146885
2000.04.27;12.146885
2000.04.28;11.800304
2000.05.01;11.948844
2000.05.02;11.981855
2000.05.03;11.981855
2000.05.04;11.981855
2000.05.05;12.262420
2000.05.08;12.518231
2000.05.09;12.575988
2000.05.10;12.493466
2000.05.11;12.476968
2000.05.12;12.311931
2000.05.15;12.617260
2000.05.16;12.559484
2000.05.17;12.600750
2000.05.18;12.575988
2000.05.19;12.666767
2000.05.22;12.625503
2000.05.23;12.559484
2000.05.24;12.831800
2000.05.25;12.798793
2000.05.26;12.840053
2000.05.30;12.765786
2000.05.31;12.642011
2000.06.01;12.675015
2000.06.02;12.237662
2000.06.05;12.221155
2000.06.06;12.262420
2000.06.07;12.394450
2000.06.08;12.394450
2000.06.09;12.534732
2000.06.12;12.518231
2000.06.13;12.658512
2000.06.14;12.823547
2000.06.15;13.062856
2000.06.16;12.820084
2000.06.19;12.844904
2000.06.20;12.621584
2000.06.21;12.869712
2000.06.22;12.588497
2000.06.23;12.737376
2000.06.26;12.902795
2000.06.27;13.101300
2000.06.28;13.101300
2000.06.29;13.217091
2000.06.30;13.357701
2000.07.03;13.382515
2000.07.05;13.415595
2000.07.06;13.432140
2000.07.07;13.341161
2000.07.10;13.465225
2000.07.11;13.473500
2000.07.12;13.200555
2000.07.13;13.002048
2000.07.14;12.853169
2000.07.17;12.919337
2000.07.18;12.935881
2000.07.19;12.952418
2000.07.20;12.737376
2000.07.21;12.770459
2000.07.24;13.035135
2000.07.25;12.803552
2000.07.26;12.811813
2000.07.27;12.902795
2000.07.28;13.010320
2000.07.31;12.869712
2000.08.01;13.299804
2000.08.02;13.291531
2000.08.03;13.365972
2000.08.04;13.266723
2000.08.07;13.101300
2000.08.08;13.159194
2000.08.09;12.621584
2000.08.10;12.844904
2000.08.11;12.935881
2000.08.14;12.977232
2000.08.15;12.952418
2000.08.16;13.084765
2000.08.17;13.010320
2000.08.18;12.853169
2000.08.21;12.985515
2000.08.22;12.935881
2000.08.23;13.018586
2000.08.24;12.935881
2000.08.25;12.985515
2000.08.28;12.944157
2000.08.29;12.745648
2000.08.30;12.687748
2000.08.31;12.712566
2000.09.01;12.638124
2000.09.05;12.596774
2000.09.06;12.439626
2000.09.07;12.555411
2000.09.08;12.547147
2000.09.11;12.605039
2000.09.12;12.704294
2000.09.13;12.704294
2000.09.14;12.571964
2000.09.15;12.553359
2000.09.18;12.569959
2000.09.19;12.586567
2000.09.20;12.486945
2000.09.21;12.819038
2000.09.22;13.250769
2000.09.25;13.134538
2000.09.26;13.018296
2000.09.27;13.026594
2000.09.28;13.225860
2000.09.29;13.275676
2000.10.02;13.250769
2000.10.03;13.250769
2000.10.04;13.142835
2000.10.05;13.450028
2000.10.06;13.375303
2000.10.09;13.317188
2000.10.10;13.508145
2000.10.11;13.491541
2000.10.12;13.574563
2000.10.13;13.408512
2000.10.16;13.599471
2000.10.17;13.715703
2000.10.18;13.707401
2000.10.19;13.458335
2000.10.20;13.549659
2000.10.23;13.690790
2000.10.24;13.732315
2000.10.25;14.056113
2000.10.26;14.081021
2000.10.27;13.923271
2000.10.30;14.247063
2000.10.31;14.197253
2000.11.01;14.180644
2000.11.02;14.072711
2000.11.03;13.997985
2000.11.06;14.263667
2000.11.07;14.122530
2000.11.08;14.446329
2000.11.09;14.462938
2000.11.10;14.537643
2000.11.13;14.105916
2000.11.14;14.280278
2000.11.15;14.313486
2000.11.16;14.346696
2000.11.17;14.346696
2000.11.20;14.305186
2000.11.21;14.545955
2000.11.22;14.496145
2000.11.24;14.346696
2000.11.27;14.637280
2000.11.28;14.795027
2000.11.29;14.944481
2000.11.30;14.687096
2000.12.01;14.471229
2000.12.04;14.745221
2000.12.05;14.628981
2000.12.06;14.346696
2000.12.07;14.554263
2000.12.08;14.496145
2000.12.11;14.296885
2000.12.12;14.354991
2000.12.13;14.678791
2000.12.14;14.570870
2000.12.15;14.505253
2000.12.18;14.588516
2000.12.19;14.730069
2000.12.20;14.763383
2000.12.21;14.713416
2000.12.22;14.655132
2000.12.26;14.946563
2000.12.27;15.046490
2000.12.28;15.271309
2000.12.29;15.221348
2001.01.02;15.021504
2001.01.03;14.330383
2001.01.04;13.764169
2001.01.05;13.855759
2001.01.08;13.947352
2001.01.09;14.097236
2001.01.10;14.013969
2001.01.11;13.739187
2001.01.12;13.722527
2001.01.16;13.914049
2001.01.17;13.755836
2001.01.18;13.864090
2001.01.19;13.755836
2001.01.22;13.839109
2001.01.23;13.930695
2001.01.24;13.880737
2001.01.25;14.172174
2001.01.26;14.030622
2001.01.29;13.914380
2001.01.30;14.074254
2001.01.31;14.111555
2001.02.01;14.234123
2001.02.02;14.324718
2001.02.05;14.314063
2001.02.06;14.378014
2001.02.07;14.404662
2001.02.08;14.362022
2001.02.09;14.479262
2001.02.12;14.601831
2001.02.13;14.404662
2001.02.14;14.271436
2001.02.15;14.143524
2001.02.16;14.191497
2001.02.20;14.260769
2001.02.21;14.218137
2001.02.22;14.111555
2001.02.23;14.004972
2001.02.26;14.138200
2001.02.27;14.148862
2001.02.28;14.196823
2001.03.01;14.063591
2001.03.02;14.196823
2001.03.05;14.143524
2001.03.06;13.855759
2001.03.07;13.765154
2001.03.08;13.882396
2001.03.09;13.967673
2001.03.12;13.536006
2001.03.13;13.466734
2001.03.14;13.136323
2001.03.15;13.152310
2001.03.16;12.993038
2001.03.19;13.142687
2001.03.20;12.827354
2001.03.21;12.506672
2001.03.22;12.378392
2001.03.23;12.672351
2001.03.26;12.843389
2001.03.27;13.132004
2001.03.28;13.169418
2001.03.29;13.201484
2001.03.30;13.212176
2001.04.02;13.035798
2001.04.03;12.795286
2001.04.04;12.960966
2001.04.05;13.094586
2001.04.06;13.051832
2001.04.09;13.164063
2001.04.10;13.148040
2001.04.11;12.896832
2001.04.12;13.067867
2001.04.16;13.067867
2001.04.17;13.356483
2001.04.18;13.228210
2001.04.19;13.174765
2001.04.20;13.030454
2001.04.23;13.094586
2001.04.24;12.854078
2001.04.25;13.196145
2001.04.26;13.319066
2001.04.27;13.393893
2001.04.30;13.468722
2001.05.01;13.618365
2001.05.02;13.538205
2001.05.03;13.468722
2001.05.04;13.586308
2001.05.07;13.580961
2001.05.08;13.532849
2001.05.09;13.602345
2001.05.10;13.532849
2001.05.11;13.458028
2001.05.14;13.575607
2001.05.15;13.495445
2001.05.16;13.906990
2001.05.17;13.976479
2001.05.18;13.901646
2001.05.21;13.890950
2001.05.22;13.751993
2001.05.23;13.629066
2001.05.24;13.687859
2001.05.25;13.575607
2001.05.29;13.687859
2001.05.30;13.762682
2001.05.31;13.666475
2001.06.01;13.848203
2001.06.04;13.869576
2001.06.05;14.013885
2001.06.06;13.789401
2001.06.07;13.885612
2001.06.08;13.805440
2001.06.11;13.613032
2001.06.12;13.773366
2001.06.13;13.666475
2001.06.14;13.655788
2001.06.15;13.575889
2001.06.18;13.618790
2001.06.19;13.661684
2001.06.20;13.736747
2001.06.21;13.854704
2001.06.22;13.468666
2001.06.25;13.398959
2001.06.26;13.398959
2001.06.27;13.297080
2001.06.28;13.382874
2001.06.29;13.034361
2001.07.02;13.334618
2001.07.03;13.227384
2001.07.05;13.146957
2001.07.06;12.991466
2001.07.09;13.189851
2001.07.10;13.082615
2001.07.11;13.012915
2001.07.12;12.932487
2001.07.13;13.028997
2001.07.16;12.932487
2001.07.17;13.125508
2001.07.18;13.500830
2001.07.19;13.372149
2001.07.20;13.554446
2001.07.23;13.238106
2001.07.24;13.136234
2001.07.25;13.232748
2001.07.26;13.238106
2001.07.27;13.238106
2001.07.30;13.404324
2001.07.31;13.431129
2001.08.01;13.431129
2001.08.02;13.350704
2001.08.03;13.447220
2001.08.06;13.377515
2001.08.07;13.404324
2001.08.08;13.350704
2001.08.09;13.393595
2001.08.10;13.441848
2001.08.13;13.559807
2001.08.14;13.538368
2001.08.15;13.511556
2001.08.16;13.645598
2001.08.17;13.650959
2001.08.20;13.634876
2001.08.21;13.758191
2001.08.22;13.817168
2001.08.23;13.774281
2001.08.24;13.940497
2001.08.27;13.913687
2001.08.28;13.747470
2001.08.29;13.538368
2001.08.30;13.597350
2001.08.31;13.495469
2001.09.04;13.511556
2001.09.05;13.994117
2001.09.06;13.565171
2001.09.07;13.350704
2001.09.10;13.645598
2001.09.17;13.634876
2001.09.18;13.468666
2001.09.19;13.297080
2001.09.20;13.028997
2001.09.21;12.645494
2001.09.24;12.817615
2001.09.25;12.882164
2001.09.26;13.102688
2001.09.27;13.360864
2001.09.28;13.479200
2001.10.01;13.592152
2001.10.02;13.688979
2001.10.03;13.576028
2001.10.04;13.527609
2001.10.05;13.672838
2001.10.08;13.645946
2001.10.09;13.576028
2001.10.10;13.742767
2001.10.11;13.645946
2001.10.12;13.635184
2001.10.15;13.694356
2001.10.16;13.619051
2001.10.17;13.506101
2001.10.18;13.608294
2001.10.19;13.769650
2001.10.22;13.904123
2001.10.23;13.726628
2001.10.24;13.699730
2001.10.25;13.828825
2001.10.26;13.780418
2001.10.29;13.694356
2001.10.30;13.549120
2001.10.31;13.393143
2001.11.01;13.705109
2001.11.02;13.683594
2001.11.05;13.710492
2001.11.06;13.737384
2001.11.07;13.753520
2001.11.08;13.624428
2001.11.09;13.656704
2001.11.12;13.678218
2001.11.13;13.678218
2001.11.14;13.608294
2001.11.15;13.688979
2001.11.16;13.812691
2001.11.19;13.850342
2001.11.20;13.834202
2001.11.21;14.011697
2001.11.23;14.054735
2001.11.26;14.065494
2001.11.27;13.909506
2001.11.28;13.742767
2001.11.29;14.006328
2001.11.30;13.984806
2001.12.03;13.979425
2001.12.04;13.984806
2001.12.05;13.855715
2001.12.06;13.823451
2001.12.07;13.887990
2001.12.10;13.619051
2001.12.11;13.473829
2001.12.12;13.500715
2001.12.13;13.366246
2001.12.14;13.312462
2001.12.17;13.651325
2001.12.18;13.576028
2001.12.19;13.742767
2001.12.20;13.764270
2001.12.21;13.904616
2001.12.24;13.899224
2001.12.26;13.937009
2001.12.27;13.850641
2001.12.28;13.791265
2001.12.31;13.710301
2002.01.02;13.661722
2002.01.03;13.618542
2002.01.04;13.580751
2002.01.07;13.478204
2002.01.08;13.408024
2002.01.09;13.456604
2002.01.10;13.478204
2002.01.11;13.510580
2002.01.14;13.618542
2002.01.15;13.634736
2002.01.16;13.505182
2002.01.17;13.629335
2002.01.18;13.575356
2002.01.22;13.726494
2002.01.23;13.775069
2002.01.24;13.575356
2002.01.25;13.548370
2002.01.28;13.548370
2002.01.29;13.381030
2002.01.30;13.542969
2002.01.31;13.618542
2002.02.01;13.629335
2002.02.04;13.483587
2002.02.05;13.640127
2002.02.06;13.575356
2002.02.07;13.429619
2002.02.08;13.462003
2002.02.11;13.677911
2002.02.12;13.672512
2002.02.13;13.758886
2002.02.14;13.758886
2002.02.15;13.764280
2002.02.19;13.591546
2002.02.20;13.866830
2002.02.21;13.694108
2002.02.22;13.920814
2002.02.25;13.942397
2002.02.26;13.937009
2002.02.27;13.953201
2002.02.28;13.904616
2002.03.01;14.169109
2002.03.04;14.174512
2002.03.05;13.926204
2002.03.06;14.039567
2002.03.07;14.034159
2002.03.08;13.985589
2002.03.11;13.985589
2002.03.12;13.980190
2002.03.13;14.088138
2002.03.14;14.050366
2002.03.15;14.307493
2002.03.18;14.264181
2002.03.19;14.318318
2002.03.20;14.036821
2002.03.21;14.145097
2002.03.22;14.161340
2002.03.25;14.020589
2002.03.26;14.128847
2002.03.27;14.085551
2002.03.28;14.128847
2002.04.01;14.101781
2002.04.02;14.004347
2002.04.03;14.015173
2002.04.04;13.852766
2002.04.05;13.739086
2002.04.08;13.782395
2002.04.09;13.771574
2002.04.10;13.998935
2002.04.11;13.809463
2002.04.12;13.885251
2002.04.15;13.874420
2002.04.16;14.020589
2002.04.17;13.814875
2002.04.18;13.955622
2002.04.19;13.982686
2002.04.22;13.901491
2002.04.23;13.787807
2002.04.24;13.728264
2002.04.25;13.771574
2002.04.26;13.684964
2002.04.29;13.544209
2002.04.30;13.603754
2002.05.01;13.798641
2002.05.02;13.798641
2002.05.03;13.668718
2002.05.06;13.571276
2002.05.07;13.381806
2002.05.08;13.625408
2002.05.09;13.484666
2002.05.10;13.457594
2002.05.13;13.592932
2002.05.14;13.647066
2002.05.15;13.446765
2002.05.16;13.463003
2002.05.17;13.619995
2002.05.20;13.555037
2002.05.21;13.441351
2002.05.22;13.560452
2002.05.23;13.603754
2002.05.24;13.446765
2002.05.28;13.398053
2002.05.29;13.441351
2002.05.30;13.381806
2002.05.31;13.452188
2002.06.03;13.143618
2002.06.04;13.127377
2002.06.05;13.278955
2002.06.06;12.981221
2002.06.07;12.981221
2002.06.10;13.127377
2002.06.11;12.775513
2002.06.12;12.764690
2002.06.13;12.726792
2002.06.14;12.780924
2002.06.17;13.024531
2002.06.18;12.992048
2002.06.19;12.943321
2002.06.20;12.829648
2002.06.21;12.483231
2002.06.24;12.358336
2002.06.25;12.103131
2002.06.26;12.081413
2002.06.27;12.173716
2002.06.28;12.081413
2002.07.01;12.200871
2002.07.02;12.119418
2002.07.03;12.037972
2002.07.05;12.195442
2002.07.08;12.173716
2002.07.09;11.972816
2002.07.10;11.728470
2002.07.11;11.533000
2002.07.12;11.288656
2002.07.15;11.125761
2002.07.16;10.952003
2002.07.17;11.000875
2002.07.18;10.751097
2002.07.19;10.251554
2002.07.22;10.338428
2002.07.23;10.387302
2002.07.24;10.919434
2002.07.25;11.055174
2002.07.26;11.104045
2002.07.29;11.424399
2002.07.30;11.310379
2002.07.31;11.565580
2002.08.01;11.456982
2002.08.02;11.435266
2002.08.05;11.277797
2002.08.06;11.288656
2002.08.07;11.549286
2002.08.08;11.815351
2002.08.09;11.869647
2002.08.12;11.831643
2002.08.13;11.717619
2002.08.14;12.103131
2002.08.15;11.994540
2002.08.16;11.940239
2002.08.19;12.032544
2002.08.20;11.978241
2002.08.21;11.961955
2002.08.22;12.021686
2002.08.23;11.831643
2002.08.26;11.858798
2002.08.27;11.826217
2002.08.28;11.701328
2002.08.29;11.571011
2002.08.30;11.657888
2002.09.03;11.402683
2002.09.04;11.494988
2002.09.05;11.489561
2002.09.06;11.489561
2002.09.09;11.717619
2002.09.10;11.712183
2002.09.11;11.690469
2002.09.12;11.538431
2002.09.13;11.603592
2002.09.16;11.771916
2002.09.17;11.473274
2002.09.18;11.478697
2002.09.19;11.147481
2002.09.20;11.148575
2002.09.23;11.104853
2002.09.24;10.924509
2002.09.25;11.011948
2002.09.26;11.263338
2002.09.27;10.929974
2002.09.30;10.815207
2002.10.01;11.137650
2002.10.02;11.077527
2002.10.03;11.050203
2002.10.04;10.929974
2002.10.07;10.908112
2002.10.08;11.137650
2002.10.09;10.995554
2002.10.10;11.044736
2002.10.11;11.170435
2002.10.14;11.356244
2002.10.15;11.454622
2002.10.16;11.214153
2002.10.17;11.263338
2002.10.18;11.394500
2002.10.21;11.678680
2002.10.22;11.476475
2002.10.23;11.476475
2002.10.24;11.307059
2002.10.25;11.383570
2002.10.28;11.132183
2002.10.29;11.290667
2002.10.30;11.339846
2002.10.31;11.236019
2002.11.01;11.378095
2002.11.04;11.121252
2002.11.05;11.230546
2002.11.06;11.186828
2002.11.07;11.159504
2002.11.08;11.088463
2002.11.11;11.055675
2002.11.12;10.727766
2002.11.13;10.886253
2002.11.14;11.033810
2002.11.15;11.110318
2002.11.18;11.061135
2002.11.19;11.126713
2002.11.20;11.115782
2002.11.21;10.979160
2002.11.22;10.979160
2002.11.25;10.908112
2002.11.26;10.837073
2002.11.27;10.990096
2002.11.29;10.924509
2002.12.02;10.837073
2002.12.03;10.902649
2002.12.04;11.066601
2002.12.05;10.957299
2002.12.06;11.044736
2002.12.09;11.011948
2002.12.10;11.159504
2002.12.11;11.093922
2002.12.12;11.022875
2002.12.13;11.028348
2002.12.16;11.082991
2002.12.17;10.968228
2002.12.18;10.951834
2002.12.19;10.809747
2002.12.20;10.993796
2002.12.23;11.026762
2002.12.24;11.026762
2002.12.26;11.021271
2002.12.27;10.933368
2002.12.30;10.999293
2002.12.31;10.955339
2003.01.02;11.164116
2003.01.03;11.153126
2003.01.06;11.235544
2003.01.07;11.136643
2003.01.08;11.070715
2003.01.09;11.180603
2003.01.10;11.213562
2003.01.13;11.241032
2003.01.14;11.274000
2003.01.15;11.164116
2003.01.16;11.328941
2003.01.17;11.263015
2003.01.21;11.180603
2003.01.22;11.048745
2003.01.23;10.971820
2003.01.24;10.730078
2003.01.27;10.587230
2003.01.28;10.620193
2003.01.29;10.504816
2003.01.30;10.312524
2003.01.31;10.581736
2003.02.03;10.620193
2003.02.04;10.625692
2003.02.05;10.548773
2003.02.06;10.466357
2003.02.07;10.394934
2003.02.10;10.466357
2003.02.11;10.268568
2003.02.12;10.268568
2003.02.13;10.279556
2003.02.14;10.466357
2003.02.18;10.537783
2003.02.19;10.455368
2003.02.20;10.350987
2003.02.21;10.411419
2003.02.24;10.268568
2003.02.25;10.345490
2003.02.26;10.290548
2003.02.27;10.301533
2003.02.28;10.257580
2003.03.03;10.175169
2003.03.04;10.087268
2003.03.05;10.010346
2003.03.06;9.944414
2003.03.07;9.955404
2003.03.10;9.790579
2003.03.11;9.889473
2003.03.12;9.966395
2003.03.13;10.186157
2003.03.14;10.169671
2003.03.17;10.460861
2003.03.18;10.383944
2003.03.19;10.559759
2003.03.20;10.537783
2003.03.21;10.767041
2003.03.24;10.479778
2003.03.25;10.485301
2003.03.26;10.446626
2003.03.27;10.468728
2003.03.28;10.358235
2003.03.31;10.258803
2003.04.01;10.225656
2003.04.02;10.441106
2003.04.03;10.369287
2003.04.04;10.413483
2003.04.07;10.358235
2003.04.08;10.479778
2003.04.09;10.396913
2003.04.10;10.430060
2003.04.11;10.452152
2003.04.14;10.634462
2003.04.15;10.673131
2003.04.16;10.369287
2003.04.17;10.551595
2003.04.21;10.474251
2003.04.22;10.662080
2003.04.23;10.639983
2003.04.24;10.568166
2003.04.25;10.407962
2003.04.28;10.557121
2003.04.29;10.651032
2003.04.30;10.562642
2003.05.01;10.551595
2003.05.02;10.634462
2003.05.05;10.568166
2003.05.06;10.623411
2003.05.07;10.651032
2003.05.08;10.601316
2003.05.09;10.733897
2003.05.12;10.827811
2003.05.13;10.778086
2003.05.14;10.695229
2003.05.15;10.778086
2003.05.16;10.717319
2003.05.19;10.612361
2003.05.20;10.678655
2003.05.21;10.761525
2003.05.22;10.905154
2003.05.23;10.849913
2003.05.27;10.954873
2003.05.28;11.021167
2003.05.29;10.965923
2003.05.30;11.081938
2003.06.02;11.059839
2003.06.03;11.170326
2003.06.04;11.253191
2003.06.05;11.264241
2003.06.06;11.225569
2003.06.09;11.203473
2003.06.10;11.236614
2003.06.11;11.319486
2003.06.12;11.358156
2003.06.13;11.247671
2003.06.16;11.474167
2003.06.17;11.402353
2003.06.18;11.385775
2003.06.19;11.258717
2003.06.20;11.259823
2003.06.23;11.198781
2003.06.24;11.320876
2003.06.25;11.159941
2003.06.26;11.232080
2003.06.27;11.171033
2003.06.30;11.187687
2003.07.01;11.282025
2003.07.02;11.354164
2003.07.03;11.287573
2003.07.07;11.370814
2003.07.08;11.381915
2003.07.09;11.232080
2003.07.10;11.187687
2003.07.11;11.265377
2003.07.14;11.237634
2003.07.15;11.298672
2003.07.16;11.182137
2003.07.17;11.143287
2003.07.18;11.243172
2003.07.21;11.148840
2003.07.22;11.265377
2003.07.23;11.215429
2003.07.24;11.137739
2003.07.25;11.226533
2003.07.28;11.159941
2003.07.29;11.098894
2003.07.30;11.171033
2003.07.31;11.171033
2003.08.01;11.060049
2003.08.04;11.104444
2003.08.05;10.971258
2003.08.06;11.037853
2003.08.07;11.132193
2003.08.08;11.198781
2003.08.11;11.182137
2003.08.12;11.270925
2003.08.13;11.232080
2003.08.14;11.293121
2003.08.15;11.331967
2003.08.18;11.354164
2003.08.19;11.293121
2003.08.20;11.254279
2003.08.21;11.293121
2003.08.22;11.193237
2003.08.25;11.259823
2003.08.26;11.276477
2003.08.27;11.320876
2003.08.28;11.354164
2003.08.29;11.359710
2003.09.02;11.487353
2003.09.03;11.515103
2003.09.04;11.570599
2003.09.05;11.448513
2003.09.08;11.481805
2003.09.09;11.354164
2003.09.10;11.348617
2003.09.11;11.409663
2003.09.12;11.437411
2003.09.15;11.426311
2003.09.16;11.431862
2003.09.17;11.487353
2003.09.18;11.559493
2003.09.19;11.532211
2003.09.22;11.437550
2003.09.23;11.504373
2003.09.24;11.404140
2003.09.25;11.393000
2003.09.26;11.365162
2003.09.29;11.365162
2003.09.30;11.315044
2003.10.01;11.521077
2003.10.02;11.521077
2003.10.03;11.610167
2003.10.06;11.649149
2003.10.07;11.710404
2003.10.08;11.676991
2003.10.09;11.693697
2003.10.10;11.688124
2003.10.13;11.732675
2003.10.14;11.793928
2003.10.15;11.777220
2003.10.16;11.793928
2003.10.17;11.721536
2003.10.20;11.727103
2003.10.21;11.710404
2003.10.22;11.654716
2003.10.23;11.654716
2003.10.24;11.643579
2003.10.27;11.638014
2003.10.28;11.766084
2003.10.29;11.821771
2003.10.30;11.805067
2003.10.31;11.827339
2003.11.03;11.933136
2003.11.04;11.860743
2003.11.05;11.844041
2003.11.06;11.916430
2003.11.07;11.916430
2003.11.10;11.883019
2003.11.11;11.894157
2003.11.12;11.983253
2003.11.13;11.844041
2003.11.14;11.777220
2003.11.17;11.788362
2003.11.18;11.743816
2003.11.19;11.805067
2003.11.20;11.721536
2003.11.21;11.749383
2003.11.24;11.910871
2003.11.25;11.938712
2003.11.26;11.921998
2003.11.28;11.966547
2003.12.01;11.944275
2003.12.02;11.838475
2003.12.03;11.844041
2003.12.04;11.894157
2003.12.05;11.855179
2003.12.08;11.883019
2003.12.09;11.838475
2003.12.10;11.849611
2003.12.11;11.844041
2003.12.12;11.921998
2003.12.15;11.844041
2003.12.16;11.960986
2003.12.17;11.949841
2003.12.18;12.011092
2003.12.19;11.966920
2003.12.22;12.034020
2003.12.23;12.039616
2003.12.24;12.000471
2003.12.26;12.011659
2003.12.29;12.089939
2003.12.30;12.106724
2003.12.31;12.179414
2004.01.02;12.034020
2004.01.05;12.112310
2004.01.06;12.140264
2004.01.07;12.089939
2004.01.08;12.073162
2004.01.09;11.983693
2004.01.12;12.039616
2004.01.13;12.022838
2004.01.14;12.067575
2004.01.15;12.078760
2004.01.16;12.073162
2004.01.20;12.034020
2004.01.21;12.084354
2004.01.22;12.045209
2004.01.23;12.145858
2004.01.26;12.263292
2004.01.27;12.201784
2004.01.28;12.078760
2004.01.29;12.246515
2004.01.30;12.179414
2004.02.02;12.229744
2004.02.03;12.291261
2004.02.04;12.363951
2004.02.05;12.442239
2004.02.06;12.537300
2004.02.09;12.554085
2004.02.10;12.604410
2004.02.11;12.587637
2004.02.12;12.610000
2004.02.13;12.531715
2004.02.17;12.643558
2004.02.18;12.626777
2004.02.19;12.688293
2004.02.20;12.788943
2004.02.23;12.861649
2004.02.24;12.783354
2004.02.25;12.822501
2004.02.26;12.822501
2004.02.27;12.872825
2004.03.01;13.018220
2004.03.02;12.889602
2004.03.03;12.956709
2004.03.04;12.928748
2004.03.05;12.934336
2004.03.08;12.928748
2004.03.09;12.928748
2004.03.10;12.895198
2004.03.11;12.649146
2004.03.12;12.649146
2004.03.15;12.526129
2004.03.16;12.548487
2004.03.17;12.699474
2004.03.18;12.693886
2004.03.19;12.666944
2004.03.22;12.498577
2004.03.23;12.476124
2004.03.24;12.509801
2004.03.25;12.683781
2004.03.26;12.610822
2004.03.29;12.762355
2004.03.30;12.840928
2004.03.31;12.840928
2004.04.01;12.790418
2004.04.02;12.807251
2004.04.05;12.852146
2004.04.06;12.913886
2004.04.07;12.880212
2004.04.08;12.812861
2004.04.12;12.863373
2004.04.13;12.734293
2004.04.14;12.824092
2004.04.15;12.863373
2004.04.16;12.953174
2004.04.19;12.992458
2004.04.20;12.891434
2004.04.21;12.919497
2004.04.22;13.048582
2004.04.23;13.059802
2004.04.26;13.031739
2004.04.27;13.065417
2004.04.28;12.913886
2004.04.29;12.981228
2004.04.30;13.009294
2004.05.03;13.087864
2004.05.04;13.031739
2004.05.05;13.054192
2004.05.06;12.998067
2004.05.07;12.874594
2004.05.10;12.812861
2004.05.11;12.790418
2004.05.12;12.723067
2004.05.13;12.700619
2004.05.14;12.751120
2004.05.17;12.666944
2004.05.18;12.739905
2004.05.19;12.672554
2004.05.20;12.717456
2004.05.21;12.723067
2004.05.24;12.672554
2004.05.25;12.824092
2004.05.26;12.835307
2004.05.27;12.986847
2004.05.28;12.936333
2004.06.01;12.936333
2004.06.02;13.042961
2004.06.03;13.014905
2004.06.04;13.037354
2004.06.07;13.149606
2004.06.08;13.211339
2004.06.09;13.160820
2004.06.10;13.160820
2004.06.14;13.093478
2004.06.15;13.155217
2004.06.16;13.138370
2004.06.17;13.087864
2004.06.18;13.086173
2004.06.21;13.069272
2004.06.22;13.074908
2004.06.23;13.091814
2004.06.24;13.041106
2004.06.25;12.917184
2004.06.28;12.917184
2004.06.29;12.928441
2004.06.30;13.007305
2004.07.01;12.877738
2004.07.02;12.877738
2004.07.06;12.883380
2004.07.07;12.894639
2004.07.08;12.877738
2004.07.09;12.911539
2004.07.12;12.928441
2004.07.13;12.945345
2004.07.14;12.939709
2004.07.15;12.855214
2004.07.16;12.849575
2004.07.19;12.855214
2004.07.20;12.860840
2004.07.21;12.686212
2004.07.22;12.646774
2004.07.23;12.460876
2004.07.26;12.415812
2004.07.27;12.545375
2004.07.28;12.511572
2004.07.29;12.365108
2004.07.30;12.365108
2004.08.02;12.489046
2004.08.03;12.438340
2004.08.04;12.466512
2004.08.05;12.320039
2004.08.06;12.167943
2004.08.09;12.213012
2004.08.10;12.308778
2004.08.11;12.404548
2004.08.12;12.376378
2004.08.13;12.432710
2004.08.16;12.511572
2004.08.17;12.522844
2004.08.18;12.607339
2004.08.19;12.545375
2004.08.20;12.601714
2004.08.23;12.556645
2004.08.24;12.562279
2004.08.25;12.635514
2004.08.26;12.658044
2004.08.27;12.635514
2004.08.30;12.573545
2004.08.31;12.584807
2004.09.01;12.584807
2004.09.02;12.731272
2004.09.03;12.787612
2004.09.07;12.787612
2004.09.08;12.652403
2004.09.09;12.601714
2004.09.10;12.612971
2004.09.13;12.624240
2004.09.14;12.629870
2004.09.15;12.505945
2004.09.16;12.438340
2004.09.17;12.496612
2004.09.20;12.287302
2004.09.21;12.242040
2004.09.22;12.145869
2004.09.23;12.191129
2004.09.24;12.179811
2004.09.27;12.128901
2004.09.28;12.191129
2004.09.29;12.225071
2004.09.30;12.253355
2004.10.01;12.377819
2004.10.04;12.349528
2004.10.05;12.349528
2004.10.06;12.406100
2004.10.07;12.309926
2004.10.08;12.225071
2004.10.11;12.219417
2004.10.12;12.185469
2004.10.13;12.134559
2004.10.14;12.089300
2004.10.15;12.168499
2004.10.18;12.213757
2004.10.19;12.140212
2004.10.20;12.174160
2004.10.21;12.174160
2004.10.22;12.094955
2004.10.25;12.027073
2004.10.26;12.157186
2004.10.27;12.287302
2004.10.28;12.343866
2004.10.29;12.332554
2004.11.01;12.304268
2004.11.02;12.383473
2004.11.03;12.479640
2004.11.04;12.813412
2004.11.05;12.869987
2004.11.08;12.847356
2004.11.09;12.841700
2004.11.10;12.858668
2004.11.11;12.954843
2004.11.12;12.994440
2004.11.15;13.034044
2004.11.16;12.949182
2004.11.17;12.960503
2004.11.18;12.954843
2004.11.19;12.813412
2004.11.22;12.898268
2004.11.23;12.869987
2004.11.24;12.864326
2004.11.26;12.864326
2004.11.29;12.734217
2004.11.30;12.638042
2004.12.01;12.807755
2004.12.02;12.926559
2004.12.03;12.903923
2004.12.06;12.819063
2004.12.07;12.785125
2004.12.08;12.790787
2004.12.09;12.937868
2004.12.10;12.960503
2004.12.13;12.988781
2004.12.14;13.107583
2004.12.15;13.101929
2004.12.16;13.067986
2004.12.17;12.968577
2004.12.20;12.974253
2004.12.21;13.065148
2004.12.22;13.116276
2004.12.23;13.087868
2004.12.27;13.076502
2004.12.28;13.156034
2004.12.29;13.127629
2004.12.30;13.156034
2004.12.31;13.110590
2005.01.03;13.110590
2005.01.04;13.065148
2005.01.05;12.996978
2005.01.06;13.059464
2005.01.07;13.121944
2005.01.10;13.201475
2005.01.11;13.144674
2005.01.12;13.184436
2005.01.13;13.099231
2005.01.14;13.173074
2005.01.18;13.309403
2005.01.19;13.286684
2005.01.20;13.275325
2005.01.21;13.161714
2005.01.24;13.110590
2005.01.25;13.161714
2005.01.26;13.150348
2005.01.27;13.224194
2005.01.28;13.229877
2005.01.31;13.263957
2005.02.01;13.269639
2005.02.02;13.377569
2005.02.03;13.354844
2005.02.04;13.428694
2005.02.07;13.400296
2005.02.08;13.417335
2005.02.09;13.298041
2005.02.10;13.292360
2005.02.11;13.371896
2005.02.14;13.377569
2005.02.15;13.400296
2005.02.16;13.434379
2005.02.17;13.349165
2005.02.18;13.332126
2005.02.22;13.133303
2005.02.23;13.167392
2005.02.24;13.229877
2005.02.25;13.275325
2005.02.28;13.246924
2005.03.01;13.354844
2005.03.02;13.320765
2005.03.03;13.411651
2005.03.04;13.479816
2005.03.07;13.440061
2005.03.08;13.377569
2005.03.09;13.281001
2005.03.10;13.309403
2005.03.11;13.207152
2005.03.14;13.246924
2005.03.15;13.167392
2005.03.16;13.133303
2005.03.17;13.178754
2005.03.18;13.136538
2005.03.21;13.062390
2005.03.22;12.988237
2005.03.23;13.073796
2005.03.24;13.068096
2005.03.28;13.079508
2005.03.29;13.050981
2005.03.30;13.222104
2005.03.31;13.130842
2005.04.01;13.005350
2005.04.04;13.079508
2005.04.05;13.176473
2005.04.06;13.142243
2005.04.07;13.233508
2005.04.08;13.170771
2005.04.11;13.204992
2005.04.12;13.256334
2005.04.13;13.193581
2005.04.14;13.165071
2005.04.15;13.039579
2005.04.18;12.954011
2005.04.19;12.988237
2005.04.20;12.822820
2005.04.21;13.039579
2005.04.22;12.902678
2005.04.25;13.039579
2005.04.26;12.942607
2005.04.27;12.988237
2005.04.28;12.959710
2005.04.29;12.993938
2005.05.02;13.090910
2005.05.03;13.147947
2005.05.04;13.233508
2005.05.05;13.210699
2005.05.06;13.159353
2005.05.09;13.239212
2005.05.10;13.165071
2005.05.11;13.210699
2005.05.12;13.147947
2005.05.13;13.033867
2005.05.16;13.159353
2005.05.17;13.227807
2005.05.18;13.353295
2005.05.19;13.433151
2005.05.20;13.416044
2005.05.23;13.438864
2005.05.24;13.416044
2005.05.25;13.370410
2005.05.26;13.381815
2005.05.27;13.341886
2005.05.31;13.296259
2005.06.01;13.387528
2005.06.02;13.421751
2005.06.03;13.313369
2005.06.06;13.319075
2005.06.07;13.370410
2005.06.08;13.336182
2005.06.09;13.341886
2005.06.10;13.330488
2005.06.13;13.376116
2005.06.14;13.353295
2005.06.15;13.358999
2005.06.16;13.319075
2005.06.17;13.354613
2005.06.20;13.348883
2005.06.21;13.320223
2005.06.22;13.331691
2005.06.23;13.165462
2005.06.24;13.033643
2005.06.27;13.022175
2005.06.28;13.188391
2005.06.29;13.154004
2005.06.30;13.039379
2005.07.01;13.085227
2005.07.05;13.159730
2005.07.06;13.033643
2005.07.07;13.010715
2005.07.08;13.182663
2005.07.11;13.257174
2005.07.12;13.268635
2005.07.13;13.320223
2005.07.14;13.394735
2005.07.15;13.389000
2005.07.18;13.325950
2005.07.19;13.303023
2005.07.20;13.354613
2005.07.21;13.303023
2005.07.22;13.343144
2005.07.25;13.297292
2005.07.26;13.366073
2005.07.27;13.400462
2005.07.28;13.515094
2005.07.29;13.457779
2005.08.01;13.389000
2005.08.02;13.434852
2005.08.03;13.463515
2005.08.04;13.348883
2005.08.05;13.262905
2005.08.08;13.239978
2005.08.09;13.262905
2005.08.10;13.239978
2005.08.11;13.274372
2005.08.12;13.228518
2005.08.15;13.291562
2005.08.16;13.159730
2005.08.17;13.154004
2005.08.18;13.303023
2005.08.19;13.285830
2005.08.22;13.325950
2005.08.23;13.291562
2005.08.24;13.171198
2005.08.25;13.188391
2005.08.26;13.154004
2005.08.29;13.245710
2005.08.30;13.176930
2005.08.31;13.222777
2005.09.01;13.205587
2005.09.02;13.228518
2005.09.06;13.371800
2005.09.07;13.383268
2005.09.08;13.331691
2005.09.09;13.389000
2005.09.12;13.417657
2005.09.13;13.291562
2005.09.14;13.205587
2005.09.15;13.257174
2005.09.16;13.294613
2005.09.19;13.213975
2005.09.20;13.133322
2005.09.21;12.972043
2005.09.22;13.069969
2005.09.23;13.093002
2005.09.26;13.046923
2005.09.27;13.185164
2005.09.28;13.202449
2005.09.29;13.317657
2005.09.30;13.409819
2005.10.03;13.392539
2005.10.04;13.334939
2005.10.05;13.242773
2005.10.06;13.167890
2005.10.07;13.156366
2005.10.10;13.110289
2005.10.11;13.110289
2005.10.12;13.064205
2005.10.13;13.029644
2005.10.14;13.104528
2005.10.17;13.248540
2005.10.18;13.150614
2005.10.19;13.288854
2005.10.20;13.185164
2005.10.21;13.173650
2005.10.24;13.288854
2005.10.25;13.242773
2005.10.26;13.202449
2005.10.27;13.075731
2005.10.28;13.294613
2005.10.31;13.346460
2005.11.01;13.271574
2005.11.02;13.306135
2005.11.03;13.357974
2005.11.04;13.352219
2005.11.07;13.381015
2005.11.08;13.340699
2005.11.09;13.363745
2005.11.10;13.519267
2005.11.11;13.536548
2005.11.14;13.484703
2005.11.15;13.415578
2005.11.16;13.450141
2005.11.17;13.444384
2005.11.18;13.478937
2005.11.21;13.496225
2005.11.22;13.588386
2005.11.23;13.640233
2005.11.25;13.651752
2005.11.28;13.588386
2005.11.29;13.576866
2005.11.30;13.467422
2005.12.01;13.559586
2005.12.02;13.553821
2005.12.05;13.501981
2005.12.06;13.490462
2005.12.07;13.455903
2005.12.08;13.432857
2005.12.09;13.455903
2005.12.12;13.484703
2005.12.13;13.651752
2005.12.14;13.766954
2005.12.15;13.789992
2005.12.16;13.778415
2005.12.19;13.755264
2005.12.20;13.674207
2005.12.21;13.714738
2005.12.22;13.726303
2005.12.23;13.703156
2005.12.27;13.610527
2005.12.28;13.627890
2005.12.29;13.593164
2005.12.30;13.483164
2006.01.03;13.570000
2006.01.04;13.616316
2006.01.05;13.546841
2006.01.06;13.604748
2006.01.09;13.668418
2006.01.10;13.633680
2006.01.11;13.645266
2006.01.12;13.610527
2006.01.13;13.593164
2006.01.17;13.541052
2006.01.18;13.598952
2006.01.19;13.610527
2006.01.20;13.413692
2006.01.23;13.425276
2006.01.24;13.471584
2006.01.25;13.483164
2006.01.26;13.512115
2006.01.27;13.622104
2006.01.30;13.570000
2006.01.31;13.506317
2006.02.01;13.541052
2006.02.02;13.535265
2006.02.03;13.448430
2006.02.06;13.419477
2006.02.07;13.355803
2006.02.08;13.413692
2006.02.09;13.454218
2006.02.10;13.436853
2006.02.13;13.419477
2006.02.14;13.587371
2006.02.15;13.674207
2006.02.16;13.737887
2006.02.17;13.679996
2006.02.21;13.662638
2006.02.22;13.772629
2006.02.23;13.778415
2006.02.24;13.708947
2006.02.27;13.807359
2006.02.28;13.622104
2006.03.01;13.674207
2006.03.02;13.598952
2006.03.03;13.633680
2006.03.06;13.587371
2006.03.07;13.679996
2006.03.08;13.830511
2006.03.09;13.853681
2006.03.10;13.981043
2006.03.13;13.992615
2006.03.14;13.957883
2006.03.15;13.905780
2006.03.16;13.952097
2006.03.17;13.943946
2006.03.20;14.025425
2006.03.21;13.932302
2006.03.22;14.060342
2006.03.23;13.955580
2006.03.24;13.955580
2006.03.27;13.909026
2006.03.28;13.798448
2006.03.29;13.897390
2006.03.30;13.786809
2006.03.31;13.734442
2006.04.03;13.780994
2006.04.04;13.769359
2006.04.05;13.798448
2006.04.06;13.746074
2006.04.07;13.623863
2006.04.10;13.641325
2006.04.11;13.513287
2006.04.12;13.559845
2006.04.13;13.536574
2006.04.17;13.460912
2006.04.18;13.588946
2006.04.19;13.606395
2006.04.20;13.629675
2006.04.21;13.629675
2006.04.24;13.687877
2006.04.25;13.687877
2006.04.26;13.815914
2006.04.27;13.833372
2006.04.28;13.868294
2006.05.01;13.862470
2006.05.02;13.943946
2006.05.03;13.850830
2006.05.04;13.874111
2006.05.05;14.002139
2006.05.08;14.077796
2006.05.09;14.118532
2006.05.10;14.060342
2006.05.11;13.885747
2006.05.12;13.775170
2006.05.15;13.926496
2006.05.16;13.978860
2006.05.17;13.804280
2006.05.18;13.734442
2006.05.19;13.746074
2006.05.22;13.786809
2006.05.23;13.780994
2006.05.24;13.885747
2006.05.25;14.019599
2006.05.26;14.019599
2006.05.30;13.845003
2006.05.31;13.897390
2006.06.01;13.973052
2006.06.02;13.943946
2006.06.05;13.746074
2006.06.06;13.786809
2006.06.07;13.780994
2006.06.08;13.827549
2006.06.09;13.839192
2006.06.12;13.757716
2006.06.13;13.711160
2006.06.14;13.769359
2006.06.15;13.879928
2006.06.16;13.895729
2006.06.19;13.843071
2006.06.20;13.942537
2006.06.21;13.995188
2006.06.22;13.971790
2006.06.23;13.924981
2006.06.26;14.001052
2006.06.27;13.936683
2006.06.28;14.001052
2006.06.29;14.223372
2006.06.30;14.153159
2006.07.03;14.235071
2006.07.05;14.118057
2006.07.06;14.281885
2006.07.07;14.252629
2006.07.10;14.340390
2006.07.11;14.416450
2006.07.12;14.299434
2006.07.13;14.182416
2006.07.14;14.041994
2006.07.17;14.077099
2006.07.18;14.141459
2006.07.19;14.316987
2006.07.20;14.328690
2006.07.21;14.299434
2006.07.24;14.404754
2006.07.25;14.474962
2006.07.26;14.404754
2006.07.27;14.311131
2006.07.28;14.445703
2006.07.31;14.375495
2006.08.01;14.305287
2006.08.02;14.434004
2006.08.03;14.469106
2006.08.04;14.474962
2006.08.07;14.439855
2006.08.08;14.504211
2006.08.09;14.410600
2006.08.10;14.562721
2006.08.11;14.533464
2006.08.14;14.562721
2006.08.15;14.656332
2006.08.16;14.673888
2006.08.17;14.650481
2006.08.18;14.738249
2006.08.21;14.773355
2006.08.22;14.761649
2006.08.23;14.714840
2006.08.24;14.790907
2006.08.25;14.767507
2006.08.28;14.826008
2006.08.29;14.878663
2006.08.30;14.919621
2006.08.31;14.931326
2006.09.01;15.013234
2006.09.05;14.960577
2006.09.06;14.919621
2006.09.07;14.866965
2006.09.08;14.943029
2006.09.11;15.054187
2006.09.12;15.060040
2006.09.13;14.948881
2006.09.14;15.024934
2006.09.15;15.041394
2006.09.18;14.982603
2006.09.19;15.017880
2006.09.20;15.106088
2006.09.21;14.970838
2006.09.22;14.982603
2006.09.25;14.888510
2006.09.26;14.906162
2006.09.27;15.000235
2006.09.28;14.964959
2006.09.29;14.923798
2006.10.02;14.823835
2006.10.03;14.841476
2006.10.04;15.000235
2006.10.05;14.941438
2006.10.06;14.859121
2006.10.09;14.912036
2006.10.10;14.859121
2006.10.11;14.882639
2006.10.12;14.906162
2006.10.13;14.876759
2006.10.16;14.900277
2006.10.17;14.870880
2006.10.18;14.929682
2006.10.19;14.964959
2006.10.20;15.017880
2006.10.23;15.164886
2006.10.24;15.117845
2006.10.25;15.217803
2006.10.26;15.317770
2006.10.27;15.264849
2006.10.30;15.200163
2006.10.31;15.188410
2006.11.01;15.070800
2006.11.02;15.047283
2006.11.03;14.976714
2006.11.06;15.029638
2006.11.07;15.053160
2006.11.08;15.106088
2006.11.09;15.017880
2006.11.10;15.023767
2006.11.13;14.976714
2006.11.14;15.017880
2006.11.15;15.094320
2006.11.16;15.200163
2006.11.17;15.223680
2006.11.20;15.176643
2006.11.21;15.153122
2006.11.22;15.188410
2006.11.24;15.129601
2006.11.27;14.941438
2006.11.28;15.006124
2006.11.29;15.135488
2006.11.30;15.059044
2006.12.01;15.012009
2006.12.04;15.229563
2006.12.05;15.311888
2006.12.06;15.329528
2006.12.07;15.300127
2006.12.08;15.329528
2006.12.11;15.358926
2006.12.12;15.323650
2006.12.13;15.317770
2006.12.14;15.376570
2006.12.15;15.401392
2006.12.18;15.389568
2006.12.19;15.401392
2006.12.20;15.413210
2006.12.21;15.419116
2006.12.22;15.407308
2006.12.26;15.466399
2006.12.27;15.519588
2006.12.28;15.513681
2006.12.29;15.436852
2007.01.03;15.537324
2007.01.04;15.560957
2007.01.05;15.448677
2007.01.08;15.472307
2007.01.09;15.507767
2007.01.10;15.572787
2007.01.11;15.690988
2007.01.12;15.667339
2007.01.16;15.679161
2007.01.17;15.726441
2007.01.18;15.702807
2007.01.19;15.726441
2007.01.22;15.708709
2007.01.23;15.738256
2007.01.24;15.797359
2007.01.25;15.696890
2007.01.26;15.655514
2007.01.29;15.696890
2007.01.30;15.685076
2007.01.31;15.750083
2007.02.01;15.809174
2007.02.02;15.838733
2007.02.05;15.785542
2007.02.06;15.761898
2007.02.07;15.726441
2007.02.08;15.696890
2007.02.09;15.673253
2007.02.12;15.637788
2007.02.13;15.690988
2007.02.14;15.785542
2007.02.15;15.880099
2007.02.16;15.903735
2007.02.20;15.986475
2007.02.21;15.897833
2007.02.22;15.838733
2007.02.23;15.850545
2007.02.26;15.844632
2007.02.27;15.484132
2007.02.28;15.507767
2007.03.01;15.543233
2007.03.02;15.300928
2007.03.05;15.247726
2007.03.06;15.365936
2007.03.07;15.306834
2007.03.08;15.448677
2007.03.09;15.495946
2007.03.12;15.513681
2007.03.13;15.218184
2007.03.14;15.247726
2007.03.15;15.442757
2007.03.16;15.400594
2007.03.19;15.501563
2007.03.20;15.650045
2007.03.21;15.798530
2007.03.22;15.875733
2007.03.23;15.911373
2007.03.26;15.798530
2007.03.27;15.727251
2007.03.28;15.697557
2007.03.29;15.786650
2007.03.30;15.828225
2007.04.02;15.869794
2007.04.03;15.976707
2007.04.04;16.047970
2007.04.05;16.089556
2007.04.09;16.047970
2007.04.10;16.125187
2007.04.11;16.018282
2007.04.12;16.036100
2007.04.13;16.089556
2007.04.16;16.125187
2007.04.17;16.273672
2007.04.18;16.232084
2007.04.19;16.243971
2007.04.20;16.392460
2007.04.23;16.356817
2007.04.24;16.350887
2007.04.25;16.434034
2007.04.26;16.368694
2007.04.27;16.333063
2007.04.30;16.273672
2007.05.01;16.208336
2007.05.02;16.214275
2007.05.03;16.273672
2007.05.04;16.273672
2007.05.07;16.303364
2007.05.08;16.190517
2007.05.09;16.214275
2007.05.10;16.113308
2007.05.11;16.154890
2007.05.14;16.095490
2007.05.15;16.202400
2007.05.16;16.368694
2007.05.17;16.327124
2007.05.18;16.445911
2007.05.21;16.321184
2007.05.22;16.350887
2007.05.23;16.303364
2007.05.24;16.232084
2007.05.25;16.333063
2007.05.29;16.392460
2007.05.30;16.469669
2007.05.31;16.493418
2007.06.01;16.570639
2007.06.04;16.630030
2007.06.05;16.529057
2007.06.06;16.422152
2007.06.07;16.214275
2007.06.08;16.309305
2007.06.11;16.398388
2007.06.12;16.243971
2007.06.13;16.368694
2007.06.14;16.392460
2007.06.15;16.427713
2007.06.18;16.344049
2007.06.19;16.224533
2007.06.20;16.206610
2007.06.21;16.254419
2007.06.22;16.164768
2007.06.25;16.093060
2007.06.26;16.051231
2007.06.27;16.176718
2007.06.28;16.146841
2007.06.29;16.164768
2007.07.02;16.296242
2007.07.03;16.290266
2007.07.05;16.278315
2007.07.06;16.373932
2007.07.09;16.373932
2007.07.10;16.224533
2007.07.11;16.302221
2007.07.12;16.439665
2007.07.13;16.553211
2007.07.16;16.487474
2007.07.17;16.409784
2007.07.18;16.415756
2007.07.19;16.469540
2007.07.20;16.373932
2007.07.23;16.373932
2007.07.24;16.254419
2007.07.25;16.254419
2007.07.26;16.015379
2007.07.27;15.800249
2007.07.30;15.836099
2007.07.31;15.704634
2007.08.01;15.937690
2007.08.02;15.955622
2007.08.03;15.925740
2007.08.06;16.338081
2007.08.07;16.296242
2007.08.08;16.583088
2007.08.09;16.284296
2007.08.10;16.194653
2007.08.13;16.146841
2007.08.14;15.889885
2007.08.15;15.806220
2007.08.16;15.848054
2007.08.17;15.925740
2007.08.20;16.045261
2007.08.21;16.045261
2007.08.22;16.087082
2007.08.23;16.093060
2007.08.24;16.206610
2007.08.27;16.134899
2007.08.28;15.949636
2007.08.29;16.087082
2007.08.30;16.033304
2007.08.31;16.075136
2007.09.04;16.248438
2007.09.05;16.099049
2007.09.06;16.057211
2007.09.07;15.985490
2007.09.10;16.027323
2007.09.11;16.134899
2007.09.12;16.218561
2007.09.13;16.266356
2007.09.14;16.361984
2007.09.17;16.266356
2007.09.18;16.583088
2007.09.19;16.595034
2007.09.20;16.612961
2007.09.21;16.621376
2007.09.24;16.609362
2007.09.25;16.585327
2007.09.26;16.699493
2007.09.27;16.759590
2007.09.28;16.813665
2007.10.01;16.765604
2007.10.02;16.771614
2007.10.03;16.729538
2007.10.04;16.765604
2007.10.05;16.825689
2007.10.08;16.717529
2007.10.09;16.813665
2007.10.10;16.885777
2007.10.11;16.927841
2007.10.12;16.963898
2007.10.15;16.909817
2007.10.16;16.837709
2007.10.17;16.897802
2007.10.18;16.837709
2007.10.19;16.663446
2007.10.22;16.771614
2007.10.23;16.825689
2007.10.24;16.777617
2007.10.25;16.915831
2007.10.26;17.030005
2007.10.29;17.036013
2007.10.30;16.963898
2007.10.31;17.072067
2007.11.01;16.735556
2007.11.02;16.843716
2007.11.05;16.867756
2007.11.06;16.981930
2007.11.07;16.795643
2007.11.08;16.915831
2007.11.09;16.753572
2007.11.12;16.765604
2007.11.13;17.017994
2007.11.14;17.102106
2007.11.15;17.090097
2007.11.16;17.168211
2007.11.19;17.048029
2007.11.20;17.186235
2007.11.21;16.975916
2007.11.23;17.150188
2007.11.26;16.975916
2007.11.27;17.156195
2007.11.28;17.426609
2007.11.29;17.516748
2007.11.30;17.540781
2007.12.03;17.474682
2007.12.04;17.450653
2007.12.05;17.522757
2007.12.06;17.516748
2007.12.07;17.703033
2007.12.10;17.721062
2007.12.11;17.528765
2007.12.12;17.576836
2007.12.13;17.654961
2007.12.14;17.438627
2007.12.17;17.318441
2007.12.18;17.240324
2007.12.19;17.384548
2007.12.20;17.306417
2007.12.21;17.721371
2007.12.24;17.697216
2007.12.26;17.636816
2007.12.27;17.467691
2007.12.28;17.534130
2007.12.31;17.395212
2008.01.02;17.147568
2008.01.03;17.056973
2008.01.04;16.984497
2008.01.07;17.183815
2008.01.08;17.056973
2008.01.09;17.286493
2008.01.10;17.316698
2008.01.11;17.075096
2008.01.14;17.002615
2008.01.15;16.821407
2008.01.16;16.761013
2008.01.17;16.640213
2008.01.18;16.398613
2008.01.22;16.229490
2008.01.23;16.428816
2008.01.24;16.350285
2008.01.25;16.126816
2008.01.28;16.253651
2008.01.29;16.301975
2008.01.30;16.187216
2008.01.31;16.428816
2008.02.01;16.591892
2008.02.04;16.489208
2008.02.05;16.265732
2008.02.06;16.199287
2008.02.07;16.368408
2008.02.08;16.187216
2008.02.11;16.392570
2008.02.12;16.610016
2008.02.13;16.531488
2008.02.14;16.446934
2008.02.15;16.519415
2008.02.19;16.785166
2008.02.20;16.428816
2008.02.21;16.489208
2008.02.22;16.670414
2008.02.25;16.694578
2008.02.26;16.899927
2008.02.27;16.670414
2008.02.28;16.700613
2008.02.29;16.386530
2008.03.03;16.549618
2008.03.04;16.537535
2008.03.05;16.579815
2008.03.06;16.428816
2008.03.07;16.350285
2008.03.10;16.265732
2008.03.11;16.610016
2008.03.12;16.567732
2008.03.13;16.567732
2008.03.14;16.283854
2008.03.17;16.193245
2008.03.18;16.489208
2008.03.19;16.579815
2008.03.20;16.771696
2008.03.24;16.959940
2008.03.25;17.002443
2008.03.26;16.862783
2008.03.27;16.947788
2008.03.28;16.929581
2008.03.31;16.917435
2008.04.01;17.123892
2008.04.02;17.129957
2008.04.03;17.081385
2008.04.04;17.227116
2008.04.07;17.117819
2008.04.08;17.111742
2008.04.09;16.941719
2008.04.10;16.984224
2008.04.11;16.874924
2008.04.14;16.868858
2008.04.15;16.972080
2008.04.16;17.069237
2008.04.17;17.093538
2008.04.18;16.978153
2008.04.21;17.026737
2008.04.22;16.923504
2008.04.23;17.032810
2008.04.24;17.057100
2008.04.25;16.959940
2008.04.28;17.063162
2008.04.29;17.081385
2008.04.30;16.789919
2008.05.01;17.093538
2008.05.02;17.069237
2008.05.05;17.008518
2008.05.06;17.117819
2008.05.07;16.953865
2008.05.08;17.002443
2008.05.09;16.905289
2008.05.12;17.093538
2008.05.13;17.032810
2008.05.14;17.099598
2008.05.15;17.306065
2008.05.16;17.299982
2008.05.19;17.397137
2008.05.20;17.136036
2008.05.21;16.959940
2008.05.22;17.142107
2008.05.23;17.051022
2008.05.27;17.099598
2008.05.28;17.123892
2008.05.29;17.190674
2008.05.30;17.299982
2008.06.02;17.148182
2008.06.03;17.239265
2008.06.04;17.227116
2008.06.05;17.403219
2008.06.06;16.972080
2008.06.09;17.032810
2008.06.10;17.063162
2008.06.11;16.972080
2008.06.12;17.087456
2008.06.13;17.075315
2008.06.16;16.893135
2008.06.17;16.838491
2008.06.18;16.650249
2008.06.19;16.704899
2008.06.20;16.515238
2008.06.23;16.454248
2008.06.24;16.509130
2008.06.25;16.881161
2008.06.26;16.368864
2008.06.27;16.198101
2008.06.30;16.313972
2008.07.01;16.295675
2008.07.02;16.277386
2008.07.03;16.265184
2008.07.07;16.429853
2008.07.08;16.643305
2008.07.09;16.478642
2008.07.10;16.600611
2008.07.11;16.423750
2008.07.14;16.435949
2008.07.15;16.405458
2008.07.16;16.612808
2008.07.17;16.643305
2008.07.18;16.362764
2008.07.21;16.326172
2008.07.22;16.612808
2008.07.23;16.728689
2008.07.24;16.625008
2008.07.25;16.533533
2008.07.28;16.393259
2008.07.29;16.777473
2008.07.30;16.972635
2008.07.31;16.710384
2008.08.01;16.679899
2008.08.04;16.832367
2008.08.05;17.125101
2008.08.06;17.308056
2008.08.07;16.972635
2008.08.08;17.326359
2008.08.11;17.478823
2008.08.12;17.600800
2008.08.13;17.423937
2008.08.14;17.503223
2008.08.15;17.673983
2008.08.18;17.600800
2008.08.19;17.362951
2008.08.20;17.369051
2008.08.21;17.179989
2008.08.22;17.491024
2008.08.25;17.210482
2008.08.26;17.143398
2008.08.27;17.222681
2008.08.28;17.332453
2008.08.29;17.161694
2008.09.02;17.350758
2008.09.03;17.222681
2008.09.04;17.112896
2008.09.05;17.271465
2008.09.08;17.637394
2008.09.09;17.545906
2008.09.10;17.667883
2008.09.11;17.741070
2008.09.12;17.777658
2008.09.15;17.564209
2008.09.16;17.564209
2008.09.17;16.936047
2008.09.18;17.045815
2008.09.19;17.008362
2008.09.22;16.916256
2008.09.23;16.689072
2008.09.24;16.658369
2008.09.25;17.069759
2008.09.26;17.008362
2008.09.29;16.369778
2008.09.30;16.946953
2008.10.01;17.069759
2008.10.02;16.854862
2008.10.03;16.719774
2008.10.06;16.234695
2008.10.07;15.718924
2008.10.08;15.289104
2008.10.09;14.368077
2008.10.10;14.490880
2008.10.13;15.166302
2008.10.14;15.197003
2008.10.15;14.675087
2008.10.16;14.816308
2008.10.17;14.926832
2008.10.20;15.049636
2008.10.21;14.908411
2008.10.22;14.675087
2008.10.23;14.736491
2008.10.24;13.999662
2008.10.27;13.643531
2008.10.28;14.582987
2008.10.29;14.300534
2008.10.30;14.902272
2008.10.31;14.810183
2008.11.03;15.037361
2008.11.04;15.258409
2008.11.05;14.988239
2008.11.06;14.828589
2008.11.07;14.896135
2008.11.10;14.939110
2008.11.11;14.601408
2008.11.12;14.288255
2008.11.13;14.859291
2008.11.14;14.417196
2008.11.17;14.226851
2008.11.18;14.325092
2008.11.19;13.956678
2008.11.20;13.471606
2008.11.21;14.116330
2008.11.24;14.294394
2008.11.25;14.374216
2008.11.26;14.558421
2008.11.28;14.779471
2008.12.01;13.962822
2008.12.02;14.165447
2008.12.03;14.337371
2008.12.04;14.153170
2008.12.05;14.552287
2008.12.08;14.638241
2008.12.09;14.355799
2008.12.10;14.349653
2008.12.11;14.190016
2008.12.12;14.208432
2008.12.15;14.196152
2008.12.16;14.527721
2008.12.17;14.454034
2008.12.18;14.503160
2008.12.19;14.385507
2008.12.22;14.422660
2008.12.23;14.304996
2008.12.24;14.428848
2008.12.26;14.441239
2008.12.29;14.410273
2008.12.30;14.639400
2008.12.31;14.781829
2009.01.02;14.992376
2009.01.05;15.054304
2009.01.06;14.831370
2009.01.07;14.682747
2009.01.08;14.490778
2009.01.09;14.243069
2009.01.12;14.249266
2009.01.13;14.335960
2009.01.14;14.020133
2009.01.15;14.082063
2009.01.16;14.212104
2009.01.20;14.044905
2009.01.21;14.113029
2009.01.22;14.100642
2009.01.23;13.964400
2009.01.26;14.057292
2009.01.27;14.131605
2009.01.28;14.274030
2009.01.29;14.150175
2009.01.30;13.716689
2009.02.02;13.599040
2009.02.03;13.896282
2009.02.04;13.518531
2009.02.05;13.710501
2009.02.06;13.945824
2009.02.09;13.809584
2009.02.10;13.363714
2009.02.11;13.438025
2009.02.12;13.561878
2009.02.13;13.351329
2009.02.17;13.159357
2009.02.18;13.227471
2009.02.19;13.394680
2009.02.20;13.190318
2009.02.23;12.849725
2009.02.24;13.097434
2009.02.25;12.973575
2009.02.26;12.688719
2009.02.27;12.608212
2009.03.02;12.366695
2009.03.03;12.218073
2009.03.04;12.453397
2009.03.05;12.168532
2009.03.06;12.205687
2009.03.09;12.019911
2009.03.10;12.242846
2009.03.11;12.230462
2009.03.12;12.546286
2009.03.13;12.732064
2009.03.16;12.930229
2009.03.17;13.171743
2009.03.18;13.103625
2009.03.19;12.936419
2009.03.20;12.813707
2009.03.23;13.374345
2009.03.24;13.312046
2009.03.25;13.442866
2009.03.26;13.592363
2009.03.27;13.461555
2009.03.30;13.168771
2009.03.31;13.143856
2009.04.01;13.368115
2009.04.02;13.648432
2009.04.03;13.592363
2009.04.06;13.629746
2009.04.07;13.380572
2009.04.08;13.492702
2009.04.09;13.498929
2009.04.13;13.461555
2009.04.14;13.274679
2009.04.15;13.511387
2009.04.16;13.692040
2009.04.17;13.760559
2009.04.20;13.492702
2009.04.21;13.629746
2009.04.22;13.449089
2009.04.23;13.449089
2009.04.24;13.393030
2009.04.27;13.474010
2009.04.28;13.536309
2009.04.29;13.760559
2009.04.30;13.704499
2009.05.01;13.760559
2009.05.04;13.972359
2009.05.05;13.853997
2009.05.06;13.941212
2009.05.07;13.997270
2009.05.08;14.177924
2009.05.11;14.109405
2009.05.12;14.277593
2009.05.13;14.015964
2009.05.14;14.065797
2009.05.15;13.934985
2009.05.18;14.227759
2009.05.19;14.308736
2009.05.20;14.327427
2009.05.21;14.196615
2009.05.22;14.283824
2009.05.26;14.464467
2009.05.27;14.096943
2009.05.28;14.246450
2009.05.29;14.402182
2009.06.01;14.688726
2009.06.02;14.838238
2009.06.03;14.763483
2009.06.04;14.788399
2009.06.05;14.713645
2009.06.08;14.769711
2009.06.09;14.638892
2009.06.10;14.476928
2009.06.11;14.539219
2009.06.12;14.651352
2009.06.15;14.296281
2009.06.16;14.109405
2009.06.17;14.252675
2009.06.18;14.514309
2009.06.19;14.368057
2009.06.22;14.311562
2009.06.23;14.223682
2009.06.24;14.261347
2009.06.25;14.506143
2009.06.26;14.455934
2009.06.29;14.543811
2009.06.30;14.430824
2009.07.01;14.675624
2009.07.02;14.368057
2009.07.06;14.663074
2009.07.07;14.481042
2009.07.08;14.543811
2009.07.09;14.437099
2009.07.10;14.368057
2009.07.13;14.625415
2009.07.14;14.669347
2009.07.15;14.907874
2009.07.16;15.008306
2009.07.17;15.020864
2009.07.20;15.064806
2009.07.21;15.045964
2009.07.22;15.052247
2009.07.23;15.259395
2009.07.24;15.397480
2009.07.27;15.340984
2009.07.28;15.359818
2009.07.29;15.441419
2009.07.30;15.422586
2009.07.31;15.391205
2009.08.03;15.410034
2009.08.04;15.435146
2009.08.05;15.334712
2009.08.06;15.177785
2009.08.07;15.240557
2009.08.10;15.253109
2009.08.11;15.253109
2009.08.12;15.246837
2009.08.13;15.334712
2009.08.14;15.315877
2009.08.17;15.158957
2009.08.18;15.184065
2009.08.19;15.284497
2009.08.20;15.359818
2009.08.21;15.529300
2009.08.24;15.535576
2009.08.25;15.560678
2009.08.26;15.610898
2009.08.27;15.610898
2009.08.28;15.548121
2009.08.31;15.579514
2009.09.01;15.435146
2009.09.02;15.447696
2009.09.03;15.479088
2009.09.04;15.592071
2009.09.08;15.723883
2009.09.09;15.717612
2009.09.10;15.830588
2009.09.11;15.899640
2009.09.14;15.861980
2009.09.15;15.780383
2009.09.16;15.905918
2009.09.17;15.849425
2009.09.18;16.057405
2009.09.21;16.006832
2009.09.22;16.038441
2009.09.23;16.038441
2009.09.24;15.956262
2009.09.25;15.956262
2009.09.28;15.987880
2009.09.29;16.063740
2009.09.30;16.095345
2009.10.01;15.949947
2009.10.02;16.000513
2009.10.05;16.038441
2009.10.06;16.183851
2009.10.07;16.253391
2009.10.08;16.348221
2009.10.09;16.386147
2009.10.12;16.455687
2009.10.13;16.398796
2009.10.14;16.455687
2009.10.15;16.582127
2009.10.16;16.670631
2009.10.19;16.765459
2009.10.20;16.746485
2009.10.21;16.620056
2009.10.22;16.645344
2009.10.23;16.480978
2009.10.26;16.354542
2009.10.27;16.367184
2009.10.28;16.322931
2009.10.29;16.588448
2009.10.30;16.329252
2009.11.02;16.487297
2009.11.03;16.379827
2009.11.04;16.443043
2009.11.05;16.518902
2009.11.06;16.563160
2009.11.09;16.834999
2009.11.10;16.828674
2009.11.11;16.879250
2009.11.12;16.778095
2009.11.13;16.891897
2009.11.16;16.986721
2009.11.17;17.068911
2009.11.18;17.056259
2009.11.19;16.974081
2009.11.20;16.999367
2009.11.23;17.144770
2009.11.24;17.182699
2009.11.25;17.151081
2009.11.27;16.993042
2009.11.30;16.929827
2009.12.01;17.163729
2009.12.02;17.144770
2009.12.03;17.012009
2009.12.04;17.100512
2009.12.07;17.081549
2009.12.08;16.885576
2009.12.09;16.917183
2009.12.10;16.974081
2009.12.11;17.068911
2009.12.14;17.132120
2009.12.15;17.062584
2009.12.16;16.980402
2009.12.17;16.778095
2009.12.18;16.745552
2009.12.21;16.834898
2009.12.22;16.949768
2009.12.23;16.962524
2009.12.24;17.026346
2009.12.28;17.058260
2009.12.29;17.090170
2009.12.30;17.058260
2009.12.31;16.892332
2010.01.04;17.019964
2010.01.05;17.026346
2010.01.06;17.013577
2010.01.07;17.013577
2010.01.08;16.956142
2010.01.11;17.000826
2010.01.12;17.096550
2010.01.13;17.217802
2010.01.14;17.166744
2010.01.15;17.083780
2010.01.19;17.185888
2010.01.20;17.058260
2010.01.21;16.815754
2010.01.22;16.777462
2010.01.25;16.809372
2010.01.26;16.790226
2010.01.27;16.828516
2010.01.28;16.783836
2010.01.29;16.720024
2010.02.01;16.847664
2010.02.02;17.090170
2010.02.03;16.968912
2010.02.04;16.624302
2010.02.05;16.579638
2010.02.08;16.560490
2010.02.09;16.758312
2010.02.10;16.739178
2010.02.11;16.873190
2010.02.12;16.873190
2010.02.16;17.045496
2010.02.17;17.166744
2010.02.18;17.268847
2010.02.19;17.307148
2010.02.22;17.307148
2010.02.23;17.211414
2010.02.24;17.319906
2010.02.25;17.332674
2010.02.26;17.249706
2010.03.01;17.370955
2010.03.02;17.434776
2010.03.03;17.441154
2010.03.04;17.498590
2010.03.05;17.607088
2010.03.08;17.543264
2010.03.09;17.517736
2010.03.10;17.492212
2010.03.11;17.524120
2010.03.12;17.536890
2010.03.15;17.670902
2010.03.16;17.753860
2010.03.17;17.830446
2010.03.18;17.849590
2010.03.19;17.797031
2010.03.22;17.886757
2010.03.23;18.027748
2010.03.24;17.899574
2010.03.25;17.873941
2010.03.26;17.886757
2010.03.29;17.970072
2010.03.30;18.002121
2010.03.31;17.899574
2010.04.01;18.014933
2010.04.05;18.014933
2010.04.06;17.957256
2010.04.07;17.841898
2010.04.08;17.873941
2010.04.09;17.970072
2010.04.12;18.027748
2010.04.13;17.970072
2010.04.14;17.995697
2010.04.15;17.963667
2010.04.16;17.886757
2010.04.19;17.957256
2010.04.20;18.008518
2010.04.21;18.008518
2010.04.22;18.008518
2010.04.23;17.963667
2010.04.26;17.925215
2010.04.27;17.611183
2010.04.28;17.752172
2010.04.29;17.809851
2010.04.30;17.707314
2010.05.03;17.809851
2010.05.04;17.630413
2010.05.05;17.694500
2010.05.06;17.252291
2010.05.07;17.136940
2010.05.10;17.636816
2010.05.11;17.630413
2010.05.12;17.752172
2010.05.13;17.643223
2010.05.14;17.476603
2010.05.17;17.662447
2010.05.18;17.559906
2010.05.19;17.515047
2010.05.20;16.995947
2010.05.21;17.060032
2010.05.24;16.938269
2010.05.25;16.739594
2010.05.26;16.630642
2010.05.27;16.970314
2010.05.28;16.886993
2010.06.01;16.848549
2010.06.02;17.136940
2010.06.03;17.162573
2010.06.04;16.707556
2010.06.07;16.579376
2010.06.08;16.848549
2010.06.09;16.816502
2010.06.10;17.104889
2010.06.11;16.963900
2010.06.14;17.060032
2010.06.15;17.233065
2010.06.16;17.117710
2010.06.17;17.271517
2010.06.18;17.208263
2010.06.21;17.163086
2010.06.22;16.975901
2010.06.23;17.085625
2010.06.24;16.879076
2010.06.25;16.704796
2010.06.28;16.846802
2010.06.29;16.575703
2010.06.30;16.459518
2010.07.01;16.491789
2010.07.02;16.427246
2010.07.06;16.524067
2010.07.07;16.840349
2010.07.08;17.092081
2010.07.09;17.092081
2010.07.12;17.150169
2010.07.13;17.305084
2010.07.14;17.311543
2010.07.15;17.363174
2010.07.16;17.117895
2010.07.19;17.150169
2010.07.20;17.356720
2010.07.21;17.169537
2010.07.22;17.363174
2010.07.23;17.524549
2010.07.26;17.614906
2010.07.27;17.679461
2010.07.28;17.582634
2010.07.29;17.369625
2010.07.30;17.414814
2010.08.02;17.614906
2010.08.03;17.459995
2010.08.04;17.524549
2010.08.05;17.447090
2010.08.06;17.485815
2010.08.09;17.576181
2010.08.10;17.614906
2010.08.11;17.324453
2010.08.12;17.305084
2010.08.13;17.298626
2010.08.16;17.279266
2010.08.17;17.447090
2010.08.18;17.459995
2010.08.19;17.253450
2010.08.20;17.253450
2010.08.23;17.292175
2010.08.24;17.208263
2010.08.25;17.246988
2010.08.26;17.117895
2010.08.27;17.227629
2010.08.30;17.079166
2010.08.31;17.092081
2010.09.01;17.395452
2010.09.02;17.505184
2010.09.03;17.614906
2010.09.07;17.543911
2010.09.08;17.621368
2010.09.09;17.679461
2010.09.10;17.763367
2010.09.13;17.782732
2010.09.14;17.815001
2010.09.15;17.937649
2010.09.16;17.957010
2010.09.17;17.909557
2010.09.20;18.104580
2010.09.21;18.072069
2010.09.22;18.104580
2010.09.23;17.987562
2010.09.24;18.228092
2010.09.27;18.124075
2010.09.28;18.241089
2010.09.29;18.189091
2010.09.30;18.124075
2010.10.01;18.156578
2010.10.04;18.104580
2010.10.05;18.273590
2010.10.06;18.351608
2010.10.07;18.286598
2010.10.08;18.325600
2010.10.11;18.345104
2010.10.12;18.390610
2010.10.13;18.546633
2010.10.14;18.553129
2010.10.15;18.598639
2010.10.18;18.663645
2010.10.19;18.436113
2010.10.20;18.598639
2010.10.21;18.663645
2010.10.22;18.728645
2010.10.25;18.774155
2010.10.26;18.670141
2010.10.27;18.572632
2010.10.28;18.637634
2010.10.29;18.702646
2010.11.01;18.624638
2010.11.02;18.735151
2010.11.03;18.793667
2010.11.04;19.021185
2010.11.05;18.923668
2010.11.08;18.891163
2010.11.09;18.793667
2010.11.10;18.735151
2010.11.11;18.754646
2010.11.12;18.663645
2010.11.15;18.670141
2010.11.16;18.462116
2010.11.17;18.468616
2010.11.18;18.715643
2010.11.19;18.728645
2010.11.22;18.728645
2010.11.23;18.507624
2010.11.24;18.650639
2010.11.26;18.527124
2010.11.29;18.494627
2010.11.30;18.410114
2010.12.01;18.709145
2010.12.02;18.722149
2010.12.03;18.728645
2010.12.06;18.683142
2010.12.07;18.787153
2010.12.08;18.858664
2010.12.09;18.910673
2010.12.10;18.943172
2010.12.13;18.943172
2010.12.14;19.034185
2010.12.15;19.053684
2010.12.16;19.222708
2010.12.17;19.252865
2010.12.20;19.233196
2010.12.21;19.187296
2010.12.22;19.272543
2010.12.23;19.279102
2010.12.27;19.187296
2010.12.28;19.239758
2010.12.29;19.246317
2010.12.30;19.213522
2010.12.31;19.220081
2011.01.03;19.246317
2011.01.04;19.193846
2011.01.05;19.200409
2011.01.06;19.134830
2011.01.07;19.036469
2011.01.10;19.049585
2011.01.11;19.036469
2011.01.12;19.193846
2011.01.13;19.233196
2011.01.14;19.233196
2011.01.18;19.246317
2011.01.19;19.206966
2011.01.20;19.305332
2011.01.21;19.338120
2011.01.24;19.370897
2011.01.25;19.436478
2011.01.26;19.384020
2011.01.27;19.187296
2011.01.28;19.003683
2011.01.31;18.938108
2011.02.01;19.075815
2011.02.02;19.003683
2011.02.03;19.102049
2011.02.04;19.213522
2011.02.07;19.239758
2011.02.08;19.331560
2011.02.09;19.364346
2011.02.10;19.292213
2011.02.11;19.397131
2011.02.14;19.311893
2011.02.15;19.305332
2011.02.16;19.357792
2011.02.17;19.488943
2011.02.18;19.541405
2011.02.22;19.403692
2011.02.23;19.357792
2011.02.24;19.279102
2011.02.25;19.377459
2011.02.28;19.488943
2011.03.01;19.338120
2011.03.02;19.285656
2011.03.03;19.482380
2011.03.04;19.397131
2011.03.07;19.344677
2011.03.08;19.515169
2011.03.09;19.613527
2011.03.10;19.482380
2011.03.11;19.495495
2011.03.14;19.357792
2011.03.15;19.187296
2011.03.16;18.911880
2011.03.17;19.003683
2011.03.18;19.158001
2011.03.21;19.395416
2011.03.22;19.369036
2011.03.23;19.402010
2011.03.24;19.580074
2011.03.25;19.580074
2011.03.28;19.573483
2011.03.29;19.665804
2011.03.30;19.771322
2011.03.31;19.731758
2011.04.01;19.830675
2011.04.04;19.870245
2011.04.05;19.890036
2011.04.06;19.982357
2011.04.07;20.008736
2011.04.08;19.949387
2011.04.11;20.054905
2011.04.12;20.120853
2011.04.13;20.134041
2011.04.14;20.252745
2011.04.15;20.338474
2011.04.18;20.226374
2011.04.19;20.265932
2011.04.20;20.371456
2011.04.21;20.378048
2011.04.25;20.325294
2011.04.26;20.463779
2011.04.27;20.595682
2011.04.28;20.727573
2011.04.29;20.786924
2011.05.02;20.813311
2011.05.03;20.866060
2011.05.04;20.839689
2011.05.05;20.681414
2011.05.06;20.734169
2011.05.09;20.806713
2011.05.10;20.932011
2011.05.11;20.892448
2011.05.12;21.202406
2011.05.13;21.176025
2011.05.16;21.182623
2011.05.17;21.228781
2011.05.18;21.261763
2011.05.19;21.380465
2011.05.20;21.314512
2011.05.23;21.169430
2011.05.24;21.149647
2011.05.25;21.011156
2011.05.26;21.044127
2011.05.27;21.129860
2011.05.31;21.307924
2011.06.01;21.090288
2011.06.02;20.846283
2011.06.03;20.648434
2011.06.06;20.542919
2011.06.07;20.496752
2011.06.08;20.509941
2011.06.09;20.622061
2011.06.10;20.384642
2011.06.13;20.476976
2011.06.14;20.694603
2011.06.15;20.384642
2011.06.16;20.549511
2011.06.17;20.680340
2011.06.20;20.833084
2011.06.21;20.813166
2011.06.22;20.680340
2011.06.23;20.494394
2011.06.24;20.328365
2011.06.27;20.421341
2011.06.28;20.461185
2011.06.29;20.580729
2011.06.30;20.740112
2011.07.01;20.899504
2011.07.05;20.892860
2011.07.06;21.005753
2011.07.07;21.151859
2011.07.08;21.078812
2011.07.11;20.926062
2011.07.12;20.859655
2011.07.13;20.859655
2011.07.14;20.766680
2011.07.15;20.826452
2011.07.18;20.693623
2011.07.19;20.979191
2011.07.20;20.945982
2011.07.21;21.118656
2011.07.22;21.078812
2011.07.25;20.886211
2011.07.26;20.833084
2011.07.27;20.607288
2011.07.28;20.607288
2011.07.29;20.474472
2011.08.01;20.401415
2011.08.02;20.135765
2011.08.03;20.215466
2011.08.04;19.584564
2011.08.05;19.863485
2011.08.08;19.113045
2011.08.09;19.577923
2011.08.10;18.827478
2011.08.11;19.385334
2011.08.12;19.617765
2011.08.15;19.896688
2011.08.16;19.943180
2011.08.17;20.076000
2011.08.18;19.717384
2011.08.19;19.624405
2011.08.22;19.684181
2011.08.23;20.089287
2011.08.24;20.175619
2011.08.25;19.870123
2011.08.26;20.036158
2011.08.29;20.394775
2011.08.30;20.447910
2011.08.31;20.514315
2011.09.01;20.441265
2011.09.02;20.149054
2011.09.06;20.069366
2011.09.07;20.427982
2011.09.08;20.374855
2011.09.09;19.923262
2011.09.12;19.943180
2011.09.13;20.016228
2011.09.14;20.255310
2011.09.15;20.494394
2011.09.16;20.627499
2011.09.19;20.453594
2011.09.20;20.493725
2011.09.21;20.072342
2011.09.22;19.691099
2011.09.23;19.731230
2011.09.26;20.112471
2011.09.27;20.232874
2011.09.28;19.851624
2011.09.29;20.045589
2011.09.30;19.838247
2011.10.03;19.550640
2011.10.04;19.737913
2011.10.05;19.764673
2011.10.06;19.998777
2011.10.07;20.112471
2011.10.10;20.426834
2011.10.11;20.386703
2011.10.12;20.547228
2011.10.13;20.487028
2011.10.14;20.647568
2011.10.17;20.507097
2011.10.18;20.660934
2011.10.19;20.600739
2011.10.20;20.714443
2011.10.21;21.048872
2011.10.24;20.901726
2011.10.25;20.654247
2011.10.26;20.861591
2011.10.27;21.129131
2011.10.28;21.075630
2011.10.31;20.761269
2011.11.01;20.400084
2011.11.02;20.594061
2011.11.03;20.848213
2011.11.04;20.727825
2011.11.07;20.901726
2011.11.08;21.109070
2011.11.09;20.614120
2011.11.10;20.814775
2011.11.11;21.055557
2011.11.14;20.874969
2011.11.15;20.975298
2011.11.16;20.788021
2011.11.17;20.714443
2011.11.18;20.774641
2011.11.21;20.440218
2011.11.22;20.460281
2011.11.23;20.239557
2011.11.25;20.313137
2011.11.28;20.634182
2011.11.29;20.848213
2011.11.30;21.336483
2011.12.01;21.303041
2011.12.02;21.229465
2011.12.05;21.356550
2011.12.06;21.383307
2011.12.07;21.436813
2011.12.08;21.189339
2011.12.09;21.410049
2011.12.12;21.216087
2011.12.13;21.169260
2011.12.14;21.062250
2011.12.15;21.276283
2011.12.16;21.252659
2011.12.19;21.164923
2011.12.20;21.603613
2011.12.21;21.833082
2011.12.22;21.826334
2011.12.23;21.981554
2011.12.27;22.022053
2011.12.28;21.914070
2011.12.29;22.028799
2011.12.30;21.927570
2012.01.03;21.907316
2012.01.04;21.860077
2012.01.05;21.846581
2012.01.06;21.704847
2012.01.09;21.738585
2012.01.10;21.812830
2012.01.11;21.718349
2012.01.12;21.711597
2012.01.13;21.691347
2012.01.17;21.772331
2012.01.18;21.819578
2012.01.19;21.860077
2012.01.20;21.866831
2012.01.23;21.846581
2012.01.24;21.725088
2012.01.25;21.974804
2012.01.26;21.893820
2012.01.27;21.745346
2012.01.30;21.603613
2012.01.31;21.617109
2012.02.01;21.772331
2012.02.02;21.853331
2012.02.03;21.920820
2012.02.06;21.907316
2012.02.07;21.927570
2012.02.08;21.934315
2012.02.09;22.055798
2012.02.10;22.008553
2012.02.13;22.103041
2012.02.14;22.157036
2012.02.15;22.150284
2012.02.16;22.292011
2012.02.17;22.312260
2012.02.21;22.184023
2012.02.22;22.123283
2012.02.23;22.238020
2012.02.24;22.312260
2012.02.27;22.312260
2012.02.28;22.386496
2012.02.29;22.426994
2012.03.01;22.393250
2012.03.02;22.413506
2012.03.05;22.514730
2012.03.06;22.325758
2012.03.07;22.359501
2012.03.08;22.514730
2012.03.09;22.588966
2012.03.12;22.669960
2012.03.13;22.838684
2012.03.14;22.771200
2012.03.15;22.811684
2012.03.16;22.796755
2012.03.19;22.810329
2012.03.20;22.796755
2012.03.21;22.830683
2012.03.22;22.851032
2012.03.23;22.905321
2012.03.26;23.061365
2012.03.27;23.047798
2012.03.28;22.993513
2012.03.29;22.986740
2012.03.30;23.122433
2012.04.02;23.305611
2012.04.03;23.176699
2012.04.04;23.102070
2012.04.05;23.102070
2012.04.09;22.891758
2012.04.10;22.688204
2012.04.11;22.803545
2012.04.12;22.817120
2012.04.13;22.817120
2012.04.16;22.912100
2012.04.17;23.142782
2012.04.18;23.142782
2012.04.19;23.068150
2012.04.20;23.278486
2012.04.23;22.918886
2012.04.24;22.925674
2012.04.25;23.074940
2012.04.26;23.285263
2012.04.27;23.251333
2012.04.30;23.190273
2012.05.01;23.251333
2012.05.02;23.271688
2012.05.03;23.305611
2012.05.04;23.122433
2012.05.07;23.156359
2012.05.08;23.102070
2012.05.09;22.986740
2012.05.10;23.149572
2012.05.11;23.088505
2012.05.14;22.993513
2012.05.15;22.966381
2012.05.16;23.041012
2012.05.17;22.878181
2012.05.18;22.742483
2012.05.21;22.830683
2012.05.22;22.857822
2012.05.23;22.796755
2012.05.24;23.013868
2012.05.25;22.993513
2012.05.29;23.156359
2012.05.30;22.966381
2012.05.31;22.918886
2012.06.01;22.498230
2012.06.04;22.572868
2012.06.05;22.545719
2012.06.06;22.851032
2012.06.07;22.932459
2012.06.08;23.129213
2012.06.11;23.020655
2012.06.12;23.129213
2012.06.13;23.095289
2012.06.14;23.414165
2012.06.15;23.452429
2012.06.18;23.513905
2012.06.19;23.493414
2012.06.20;23.370445
2012.06.21;23.097202
2012.06.22;23.165512
2012.06.25;23.022049
2012.06.26;23.076694
2012.06.27;23.213324
2012.06.28;23.315796
2012.06.29;23.753014
2012.07.02;23.889647
2012.07.03;23.998947
2012.07.05;23.910135
2012.07.06;23.882816
2012.07.09;23.855488
2012.07.10;23.882816
2012.07.11;23.848658
2012.07.12;23.869150
2012.07.13;24.135571
2012.07.16;24.012600
2012.07.17;24.115078
2012.07.18;24.121916
2012.07.19;24.087748
2012.07.20;23.937466
2012.07.23;23.732521
2012.07.24;23.657375
2012.07.25;23.664202
2012.07.26;24.053596
2012.07.27;24.326862
2012.07.30;24.449827
2012.07.31;24.340519
2012.08.01;24.217558
2012.08.02;24.019434
2012.08.03;24.422493
2012.08.06;24.408840
2012.08.07;24.279036
2012.08.08;24.449827
2012.08.09;24.347359
2012.08.10;24.340519
2012.08.13;24.333679
2012.08.14;24.429321
2012.08.15;24.442987
2012.08.16;24.504478
2012.08.17;24.524971
2012.08.20;24.524971
2012.08.21;24.374680
2012.08.22;24.299530
2012.08.23;24.108244
2012.08.24;24.320023
2012.08.27;24.354176
2012.08.28;24.367842
2012.08.29;24.313189
2012.08.30;24.217558
2012.08.31;24.224380
2012.09.04;24.367842
2012.09.05;24.326862
2012.09.06;24.627434
2012.09.07;24.429321
2012.09.10;24.402002
2012.09.11;24.326862
2012.09.12;24.197060
2012.09.13;24.627434
2012.09.14;24.442987
2012.09.17;24.511301
2012.09.18;24.647938
2012.09.19;24.716249
2012.09.20;24.852879
2012.09.21;24.739363
2012.09.24;24.821924
2012.09.25;24.649940
2012.09.26;24.649940
2012.09.27;24.732487
2012.09.28;24.649940
2012.10.01;24.808168
2012.10.02;24.828802
2012.10.03;24.904476
2012.10.04;25.021431
2012.10.05;25.117748
2012.10.08;25.042070
2012.10.09;24.801273
2012.10.10;24.698092
2012.10.11;24.643045
2012.10.12;24.663689
2012.10.15;24.828802
2012.10.16;24.890717
2012.10.17;25.000784
2012.10.18;24.863195
2012.10.19;24.567369
2012.10.22;24.581144
2012.10.23;24.250916
2012.10.24;24.250916
2012.10.25;24.402266
2012.10.26;24.319698
2012.10.31;24.347219
2012.11.01;24.360985
2012.11.02;24.216507
2012.11.05;24.175232
2012.11.06;24.354109
2012.11.07;24.065151
2012.11.08;23.803728
2012.11.09;23.803728
2012.11.12;23.803728
2012.11.13;23.789970
2012.11.14;23.528536
2012.11.15;23.521660
2012.11.16;23.673008
2012.11.19;24.058277
2012.11.20;24.147715
2012.11.21;24.182104
2012.11.23;24.539856
2012.11.26;24.360985
2012.11.27;24.340347
2012.11.28;24.574253
2012.11.29;24.704962
2012.11.30;24.794405
2012.12.03;24.698092
2012.12.04;24.649940
2012.12.05;24.691208
2012.12.06;24.718723
2012.12.07;24.890717
2012.12.10;24.863195
2012.12.11;24.876961
2012.12.12;24.821924
2012.12.13;24.780643
2012.12.14;24.739363
2012.12.17;24.794405
2012.12.18;24.787518
2012.12.19;24.539856
2012.12.20;24.677450
2012.12.21;24.467348
2012.12.24;24.390831
2012.12.26;24.182121
2012.12.27;24.223862
2012.12.28;23.966457
2012.12.31;24.279507
2013.01.02;24.905634
2013.01.03;24.843018
2013.01.04;24.912594
2013.01.07;24.745632
2013.01.08;24.676064
2013.01.09;24.731705
2013.01.10;24.877804
2013.01.11;24.989117
2013.01.14;25.065643
2013.01.15;25.142168
2013.01.16;25.107388
2013.01.17;25.274349
2013.01.18;25.378704
2013.01.22;25.385662
2013.01.23;25.378704
2013.01.24;25.448275
2013.01.25;25.573498
2013.01.28;25.594368
2013.01.29;25.733503
2013.01.30;25.684807
2013.01.31;25.650023
2013.02.01;25.858732
2013.02.04;25.615240
2013.02.05;25.921329
2013.02.06;25.956118
2013.02.07;26.095263
2013.02.08;26.074392
2013.02.11;26.074392
2013.02.12;26.046555
2013.02.13;26.074392
2013.02.14;26.130041
2013.02.15;26.164827
2013.02.19;26.429195
2013.02.20;26.380489
2013.02.21;26.463972
2013.02.22;26.617023
2013.02.25;26.255266
2013.02.26;26.317877
2013.02.27;26.512676
2013.02.28;26.498755
2013.03.01;26.589191
2013.03.04;26.790941
2013.03.05;26.881382
2013.03.06;26.818773
2013.03.07;26.818773
2013.03.08;26.867481
2013.03.11;26.895300
2013.03.12;26.867481
2013.03.13;26.937038
2013.03.14;27.027477
2013.03.15;26.909327
2013.03.18;26.825436
2013.03.19;27.049152
2013.03.20;27.307829
2013.03.21;27.223940
2013.03.22;27.475626
2013.03.25;27.454647
2013.03.26;27.713326
2013.03.27;27.692348
2013.03.28;27.804211
2013.04.01;27.790232
2013.04.02;28.090862
2013.04.03;27.783247
2013.04.04;27.930058
2013.04.05;27.727301
2013.04.08;28.041910
2013.04.09;28.013943
2013.04.10;28.223688
2013.04.11;28.356525
2013.04.12;28.461391
2013.04.15;28.006968
2013.04.16;28.531301
2013.04.17;28.286606
2013.04.18;28.230677
2013.04.19;28.671120
2013.04.22;28.741037
2013.04.23;28.964758
2013.04.24;28.503340
2013.04.25;28.594219
2013.04.26;28.587233
2013.04.29;28.678120
2013.04.30;28.622187
2013.05.01;28.594219
2013.05.02;28.699091
2013.05.03;28.824932
2013.05.06;28.615185
2013.05.07;28.831924
2013.05.08;28.866875
2013.05.09;28.664129
2013.05.10;28.775986
2013.05.13;28.824932
2013.05.14;29.167513
2013.05.15;29.454147
2013.05.16;29.279369
2013.05.17;29.321314
2013.05.20;29.020693
2013.05.21;29.048660
2013.05.22;28.999718
2013.05.23;28.880869
2013.05.24;29.153534
2013.05.28;29.202452
2013.05.29;28.643162
2013.05.30;28.531301
2013.05.31;27.999964
2013.06.03;28.307594
2013.06.04;28.314571
2013.06.05;27.972006
2013.06.06;28.090862
2013.06.07;28.440418
2013.06.10;28.440418
2013.06.11;28.370506
2013.06.12;28.230677
2013.06.13;28.524315
2013.06.14;28.454411
2013.06.17;28.706076
2013.06.18;28.810953
2013.06.19;28.237665
2013.06.20;27.384735
2013.06.21;27.746437
2013.06.24;27.633850
2013.06.25;27.676069
2013.06.26;27.964581
2013.06.27;28.091246
2013.06.28;27.915304
2013.07.01;28.119392
2013.07.02;28.154572
2013.07.03;28.098276
2013.07.05;28.168638
2013.07.08;28.450119
2013.07.09;28.661222
2013.07.10;28.696407
2013.07.11;29.146772
2013.07.12;29.153807
2013.07.15;29.196022
2013.07.16;29.090477
2013.07.17;29.146772
2013.07.18;29.245283
2013.07.19;29.414169
2013.07.22;29.350840
2013.07.23;29.294544
2013.07.24;29.104551
2013.07.25;29.259365
2013.07.26;29.224180
2013.07.29;29.160843
2013.07.30;29.132704
2013.07.31;29.125668
2013.08.01;29.364910
2013.08.02;29.378988
2013.08.05;29.400093
2013.08.06;29.364910
2013.08.07;29.224180
2013.08.08;29.378988
2013.08.09;29.252321
2013.08.12;29.167885
2013.08.13;29.188995
2013.08.14;28.984917
2013.08.15;28.520487
2013.08.16;28.351606
2013.08.19;28.224941
2013.08.20;28.231972
2013.08.21;28.013832
2013.08.22;28.133457
2013.08.23;28.295300
2013.08.26;27.964581
2013.08.27;27.816803
2013.08.28;27.605700
2013.08.29;27.718279
2013.08.30;27.802731
2013.09.03;27.781616
2013.09.04;27.957539
2013.09.05;27.915304
2013.09.06;27.985678
2013.09.09;28.182718
2013.09.10;28.210863
2013.09.11;28.414930
2013.09.12;28.421976
2013.09.13;28.654186
2013.09.16;28.914555
2013.09.17;29.013065
2013.09.18;29.357882
2013.09.19;29.224180
2013.09.20;29.019518
2013.09.23;28.892069
2013.09.24;28.757521
2013.09.25;28.516745
2013.09.26;28.665451
2013.09.27;28.488426
2013.09.30;28.183912
2013.10.01;28.353878
2013.10.02;28.290140
2013.10.03;28.148520
2013.10.04;28.191004
2013.10.07;28.098940
2013.10.08;28.098940
2013.10.09;28.120195
2013.10.10;28.644220
2013.10.11;28.729185
2013.10.14;28.849585
2013.10.15;28.587563
2013.10.16;29.012438
2013.10.17;29.338196
2013.10.18;29.380682
2013.10.21;29.316946
2013.10.22;29.685156
2013.10.23;29.741821
2013.10.24;29.685156
2013.10.25;29.755980
2013.10.28;30.145458
2013.10.29;30.407476
2013.10.30;30.145458
2013.10.31;29.989676
2013.11.01;30.102970
2013.11.04;30.131300
2013.11.05;30.187960
2013.11.06;30.513695
2013.11.07;30.067579
2013.11.08;30.216282
2013.11.11;30.124214
2013.11.12;30.173796
2013.11.13;30.428720
2013.11.14;30.648247
2013.11.15;30.683651
2013.11.18;30.591597
2013.11.19;30.478292
2013.11.20;30.350832
2013.11.21;30.407476
2013.11.22;30.563269
2013.11.25;30.513695
2013.11.26;30.485376
2013.11.27;30.506609
2013.11.29;30.457045
2013.12.02;30.294168
2013.12.03;30.442886
2013.12.04;30.372078
2013.12.05;30.095898
2013.12.06;30.506609
2013.12.09;30.612839
2013.12.10;30.350832
2013.12.11;30.400393
2013.12.12;29.982595
2013.12.13;29.933027
2013.12.16;29.925940
2013.12.17;29.784323
2013.12.18;30.280020
2013.12.19;30.223358
2013.12.20;30.360357
2013.12.23;30.331808
2013.12.24;30.374617
2013.12.26;30.495930
2013.12.27;30.567278
2013.12.30;30.645767
2013.12.31;30.667175
2014.01.02;30.289011
2014.01.03;30.231920
2014.01.06;30.117756
2014.01.07;30.281866
2014.01.08;30.053535
2014.01.09;30.210518
2014.01.10;30.253334
2014.01.13;30.082085
2014.01.14;30.239058
2014.01.15;30.246187
2014.01.16;30.253334
2014.01.17;30.017872
2014.01.21;30.132038
2014.01.22;30.132038
2014.01.23;29.868025
2014.01.24;29.596886
2014.01.27;29.475590
2014.01.28;29.703924
2014.01.29;29.183056
2014.01.30;29.225855
2014.01.31;29.083147
2014.02.03;28.455252
2014.02.04;28.605082
2014.02.05;28.626505
2014.02.06;28.933313
2014.02.07;29.204462
2014.02.10;29.318605
2014.02.11;29.661104
2014.02.12;29.532671
2014.02.13;29.682505
2014.02.14;29.853756
2014.02.18;29.682505
2014.02.19;29.618286
2014.02.20;29.746723
2014.02.21;29.682505
2014.02.24;29.789539
2014.02.25;29.903698
2014.02.26;29.875168
2014.02.27;30.010738
2014.02.28;30.217655
2014.03.03;30.053535
2014.03.04;30.460251
2014.03.05;30.360357
2014.03.06;30.353212
2014.03.07;30.438843
2014.03.10;30.467377
2014.03.11;30.453114
2014.03.12;30.517336
2014.03.13;30.367483
2014.03.14;30.381756
2014.03.17;30.560150
2014.03.18;30.624363
2014.03.19;30.388891
2014.03.20;30.495930
2014.03.21;30.478714
2014.03.24;30.450035
2014.03.25;30.672354
2014.03.26;30.600632
2014.03.27;30.579107
2014.03.28;30.658005
2014.03.31;30.880323
2014.04.01;30.830124
2014.04.02;30.865967
2014.04.03;30.901834
2014.04.04;30.801437
2014.04.07;30.830124
2014.04.08;30.987886
2014.04.09;31.124157
2014.04.10;30.815775
2014.04.11;30.658005
2014.04.14;30.901834
2014.04.15;30.980726
2014.04.16;31.281914
2014.04.17;31.289085
2014.04.21;31.303436
2014.04.22;31.289085
2014.04.23;31.238886
2014.04.24;31.360796
2014.04.25;31.403841
2014.04.28;31.762403
2014.04.29;31.626148
2014.04.30;31.726551
2014.05.01;31.697876
2014.05.02;31.697876
2014.05.05;31.626148
2014.05.06;31.425344
2014.05.07;31.726551
2014.05.08;31.769587
2014.05.09;31.920174
2014.05.12;31.948870
2014.05.13;32.013401
2014.05.14;31.841297
2014.05.15;31.561617
2014.05.16;31.755230
2014.05.19;31.690706
2014.05.20;31.575937
2014.05.21;31.755230
2014.05.22;31.705040
2014.05.23;31.755230
2014.05.27;31.841297
2014.05.28;31.798260
2014.05.29;32.049274
2014.05.30;32.300274
2014.06.02;32.221382
2014.06.03;32.106640
2014.06.04;32.221382
2014.06.05;32.350471
2014.06.06;32.436527
2014.06.09;32.386322
2014.06.10;32.386322
2014.06.11;32.300274
2014.06.12;32.070770
2014.06.13;32.063610
2014.06.16;32.185528
2014.06.17;32.185528
2014.06.18;32.565613
2014.06.19;32.752052
2014.06.20;32.651711
2014.06.23;32.471195
2014.06.24;32.355667
2014.06.25;32.305119
2014.06.26;32.189575
2014.06.27;32.247349
2014.06.30;32.218460
2014.07.01;32.290661
2014.07.02;32.377327
2014.07.03;32.557835
2014.07.07;32.608368
2014.07.08;32.543388
2014.07.09;32.687813
2014.07.10;32.637260
2014.07.11;32.680584
2014.07.14;32.796116
2014.07.15;32.507294
2014.07.16;32.514519
2014.07.17;32.312336
2014.07.18;32.637260
2014.07.21;32.485626
2014.07.22;32.427856
2014.07.23;32.384533
2014.07.24;32.471195
2014.07.25;32.341209
2014.07.28;32.175129
2014.07.29;32.030731
2014.07.30;31.691360
2014.07.31;31.149817
2014.08.01;31.388096
2014.08.04;31.489182
2014.08.05;31.351984
2014.08.06;31.619154
2014.08.07;31.359207
2014.08.08;31.676905
2014.08.11;31.900751
2014.08.12;31.879093
2014.08.13;31.972965
2014.08.14;32.102936
2014.08.15;32.146255
2014.08.18;32.333992
2014.08.19;32.420647
2014.08.20;32.398975
2014.08.21;32.456753
2014.08.22;32.377327
2014.08.25;32.557835
2014.08.26;32.536167
2014.08.27;32.550617
2014.08.28;32.565063
2014.08.29;32.586723
2014.09.02;32.601162
2014.09.03;32.622810
2014.09.04;32.723911
2014.09.05;32.911644
2014.09.08;32.666145
2014.09.09;32.586723
2014.09.10;32.745575
2014.09.11;32.760014
2014.09.12;32.528946
2014.09.15;32.687813
2014.09.16;32.933304
2014.09.17;32.861095
2014.09.18;32.926079
2014.09.19;33.011105
2014.09.22;32.952961
2014.09.23;32.662308
2014.09.24;33.083755
2014.09.25;32.647778
2014.09.26;32.771313
2014.09.29;32.764042
2014.09.30;32.778568
2014.10.01;32.575130
2014.10.02;32.633244
2014.10.03;33.018372
2014.10.06;33.032894
2014.10.07;32.836712
2014.10.08;33.316292
2014.10.09;32.982029
2014.10.10;33.141888
2014.10.13;32.684105
2014.10.14;32.669586
2014.10.15;32.277191
2014.10.16;32.037407
2014.10.17;32.429783
2014.10.20;32.894844
2014.10.21;33.032894
2014.10.22;33.105568
2014.10.23;33.083755
2014.10.24;33.359886
2014.10.27;33.439816
2014.10.28;33.570610
2014.10.29;33.512470
2014.10.30;33.723202
2014.10.31;33.941193
2014.11.03;34.071999
2014.11.04;34.253647
2014.11.05;34.493435
2014.11.06;34.566101
2014.11.07;34.689629
2014.11.10;34.842220
2014.11.11;34.776840
2014.11.12;34.776840
2014.11.13;34.900349
2014.11.14;34.704174
2014.11.17;34.936687
2014.11.18;35.067482
2014.11.19;35.212811
2014.11.20;35.060211
2014.11.21;35.205555
2014.11.24;35.183746
2014.11.25;35.212811
2014.11.26;35.372665
2014.11.28;35.823189
2014.12.01;35.590645
2014.12.02;35.714199
2014.12.03;35.459866
2014.12.04;35.430813
2014.12.05;35.496185
2014.12.08;35.423534
2014.12.09;35.307270
2014.12.10;34.973015
2014.12.11;35.263683
2014.12.12;34.813160
2014.12.15;34.580631
2014.12.16;34.449833
2014.12.17;34.951214
2014.12.18;35.619724
2014.12.19;35.583134
2014.12.22;35.927109
2014.12.23;36.175938
2014.12.24;36.139355
2014.12.26;36.197884
2014.12.29;36.088135
2014.12.30;35.927109
2014.12.31;35.487984
2015.01.02;35.385536
2015.01.05;35.136700
2015.01.06;35.092789
2015.01.07;35.692902
2015.01.08;36.234482
2015.01.09;35.941734
2015.01.12;35.831970
2015.01.13;35.824661
2015.01.14;35.714867
2015.01.15;35.773411
2015.01.16;36.058853
2015.01.20;36.205208
2015.01.21;36.380856
2015.01.22;36.746799
2015.01.23;36.336952
2015.01.26;36.336952
2015.01.27;35.919792
2015.01.28;35.502617
2015.01.29;35.788059
2015.01.30;35.144024
2015.02.02;35.561176
2015.02.03;35.875870
2015.02.04;35.890511
2015.02.05;36.073486
2015.02.06;35.912468
2015.02.09;35.641674
2015.02.10;36.058853
2015.02.11;36.227169
2015.02.12;36.395496
2015.02.13;36.227169
2015.02.17;36.234482
2015.02.18;36.432095
2015.02.19;36.197884
2015.02.20;36.300350
2015.02.23;36.402828
2015.02.24;36.527241
2015.02.25;36.402828
2015.02.26;36.454037
2015.02.27;36.600422
2015.03.02;36.666279
2015.03.03;36.527241
2015.03.04;36.271091
2015.03.05;36.395496
2015.03.06;35.685600
2015.03.09;35.883198
2015.03.10;35.370903
2015.03.11;35.100101
2015.03.12;35.612408
2015.03.13;35.334309
2015.03.16;35.766094
2015.03.17;35.509941
2015.03.18;35.751450
2015.03.19;35.590450
2015.03.20;36.036667
2015.03.23;36.095581
2015.03.24;35.889404
2015.03.25;35.801044
2015.03.26;35.646404
2015.03.27;35.867310
2015.03.30;36.228119
2015.03.31;35.889404
2015.04.01;35.933582
2015.04.02;36.176586
2015.04.06;36.463764
2015.04.07;36.294399
2015.04.08;36.353294
2015.04.09;36.456383
2015.04.10;36.522655
2015.04.13;36.353294
2015.04.14;36.434303
2015.04.15;36.331226
2015.04.16;36.463764
2015.04.17;36.125031
2015.04.20;36.250217
2015.04.21;36.316494
2015.04.22;36.338577
2015.04.23;36.213390
2015.04.24;36.220768
2015.04.27;36.021935
2015.04.28;36.058777
2015.04.29;35.734783
2015.04.30;35.616959
2015.05.01;35.940948
2015.05.04;35.992489
2015.05.05;35.705318
2015.05.06;35.815773
2015.05.07;35.904137
2015.05.08;36.206039
2015.05.11;36.058777
2015.05.12;35.977764
2015.05.13;35.963047
2015.05.14;36.515301
2015.05.15;36.633099
2015.05.18;36.515301
2015.05.19;36.419559
2015.05.20;36.338577
2015.05.21;36.419559
2015.05.22;36.264946
2015.05.26;35.977764
2015.05.27;36.206039
2015.05.28;36.154488
2015.05.29;35.926235
2015.06.01;35.926235
2015.06.02;35.830502
2015.06.03;35.808403
2015.06.04;35.550694
2015.06.05;35.042606
2015.06.08;35.027878
2015.06.09;35.197250
2015.06.10;35.543324
2015.06.11;35.528591
2015.06.12;35.388699
2015.06.15;35.130959
2015.06.16;35.513874
2015.06.17;35.705318
2015.06.18;36.102951
2015.06.19;36.052567
2015.06.22;36.193333
2015.06.23;36.037746
2015.06.24;35.874737
2015.06.25;35.808071
2015.06.26;35.882156
2015.06.29;35.326477
2015.06.30;35.267208
2015.07.01;35.719147
2015.07.02;35.689518
2015.07.06;35.659874
2015.07.07;36.393379
2015.07.08;35.985886
2015.07.09;36.015522
2015.07.10;36.437832
2015.07.13;36.778645
2015.07.14;36.837933
2015.07.15;36.741611
2015.07.16;37.119465
2015.07.17;37.097244
2015.07.20;37.163921
2015.07.21;37.075027
2015.07.22;37.156517
2015.07.23;37.015743
2015.07.24;36.808308
2015.07.27;36.786068
2015.07.28;37.200974
2015.07.29;37.326923
2015.07.30;37.200974
2015.07.31;37.275063
2015.08.03;37.326923
2015.08.04;37.326923
2015.08.05;37.652927
2015.08.06;37.371376
2015.08.07;37.163921
2015.08.10;37.304707
2015.08.11;37.171337
2015.08.12;37.193562
2015.08.13;37.045387
2015.08.14;37.163921
2015.08.17;37.200974
2015.08.18;37.015743
2015.08.19;36.674923
2015.08.20;36.341515
2015.08.21;35.348690
2015.08.24;34.118790
2015.08.25;33.859486
2015.08.26;34.859715
2015.08.27;35.370926
2015.08.28;35.296837
2015.08.31;35.052341
2015.09.01;34.333660
2015.09.02;34.800419
2015.09.03;35.037514
2015.09.04;34.467030
2015.09.08;35.185703
2015.09.09;34.607796
2015.09.10;34.667080
2015.09.11;34.896751
2015.09.14;34.785610
2015.09.15;35.200527
2015.09.16;35.600601
2015.09.17;35.600601
2015.09.18;35.188995
2015.09.21;35.449986
2015.09.22;35.062229
2015.09.23;35.121883
2015.09.24;35.181538
2015.09.25;35.405239
2015.09.28;34.883255
2015.09.29;34.868347
2015.09.30;35.188995
2015.10.01;35.188995
2015.10.02;35.673695
2015.10.05;36.285156
2015.10.06;36.039082
2015.10.07;36.367165
2015.10.08;36.799671
2015.10.09;36.881687
2015.10.12;36.978645
2015.10.13;36.754940
2015.10.14;36.329887
2015.10.15;36.657986
2015.10.16;37.008469
2015.10.19;37.172512
2015.10.20;37.150146
2015.10.21;37.157597
2015.10.22;37.895840
2015.10.23;37.836178
2015.10.26;37.761608
2015.10.27;37.813812
2015.10.28;37.597553
2015.10.29;37.612469
2015.10.30;37.194881
2015.11.02;37.418606
2015.11.03;37.239635
2015.11.04;37.083042
2015.11.05;37.075588
2015.11.06;36.672905
2015.11.09;36.426830
2015.11.10;36.523762
2015.11.11;36.471577
2015.11.12;35.979416
2015.11.13;35.666237
2015.11.16;36.277695
2015.11.17;36.262772
2015.11.18;36.762386
2015.11.19;36.859337
2015.11.20;36.598347
2015.11.23;36.918976
2015.11.24;37.015919
2015.11.25;37.112865
2015.11.27;37.254547
2015.11.30;36.851864
2015.12.01;37.165058
2015.12.02;36.978645
2015.12.03;36.784763
2015.12.04;37.612469
2015.12.07;37.716869
2015.12.08;37.619923
2015.12.09;37.261990
2015.12.10;37.306747
2015.12.11;36.896618
2015.12.14;37.261990
2015.12.15;37.500626
2015.12.16;38.223938
2015.12.17;37.731789
2015.12.18;37.063244
2015.12.21;37.483887
2015.12.22;37.972172
2015.12.23;38.250103
2015.12.24;38.212536
2015.12.28;38.159950
2015.12.29;38.490471
2015.12.30;38.355263
2015.12.31;37.927082
2016.01.04;37.446327
2016.01.05;37.686718
2016.01.06;37.559021
2016.01.07;37.108311
2016.01.08;36.822849
2016.01.11;37.168404
2016.01.12;37.371208
2016.01.13;36.687653
2016.01.14;36.860420
2016.01.15;36.282013
2016.01.19;36.717693
2016.01.20;36.259476
2016.01.21;36.402195
2016.01.22;37.025681
2016.01.25;36.695152
2016.01.26;37.033180
2016.01.27;36.995632
2016.01.28;37.371208
2016.01.29;38.129910
2016.02.01;38.257626
2016.02.02;37.769344
2016.02.03;37.686718
2016.02.04;37.341164
2016.02.05;37.281078
2016.02.08;37.183422
2016.02.09;37.431305
2016.02.10;37.386242
2016.02.11;37.085766
2016.02.12;37.611595
2016.02.16;37.912075
2016.02.17;38.302685
2016.02.18;38.129910
2016.02.19;38.190006
2016.02.22;38.377796
2016.02.23;38.370296
2016.02.24;38.490471
2016.02.25;38.926163
2016.02.26;38.377796
2016.02.29;38.250103
2016.03.01;38.618179
2016.03.02;38.730865
2016.03.03;38.926163
2016.03.04;39.091427
2016.03.07;38.851040
2016.03.08;38.963722
2016.03.09;39.256680
2016.03.10;39.271694
2016.03.11;39.399403
2016.03.14;39.376881
2016.03.15;39.474525
2016.03.16;39.564659
2016.03.17;39.805042
2016.03.18;39.752949
2016.03.21;39.775604
2016.03.22;39.541531
2016.03.23;39.549095
2016.03.24;39.503780
2016.03.28;39.715191
2016.03.29;40.009663
2016.03.30;40.273922
2016.03.31;40.062515
2016.04.01;40.485336
2016.04.04;40.500443
2016.04.05;40.228630
2016.04.06;40.545742
2016.04.07;40.107819
2016.04.08;40.326778
2016.04.11;40.039860
2016.04.12;40.289036
2016.04.13;39.979465
2016.04.14;39.798241
2016.04.15;40.047409
2016.04.18;40.273922
2016.04.19;40.251266
2016.04.20;39.798241
2016.04.21;39.088509
2016.04.22;39.231964
2016.04.25;39.503780
2016.04.26;39.345222
2016.04.27;39.533978
2016.04.28;39.571735
2016.04.29;39.488686
2016.05.02;39.941715
2016.05.03;39.866196
2016.05.04;39.987019
2016.05.05;39.994564
2016.05.06;40.198418
2016.05.09;40.417381
2016.05.10;40.817543
2016.05.11;40.492901
2016.05.12;40.711853
2016.05.13;40.198418
2016.05.16;40.455143
2016.05.17;39.662338
2016.05.18;39.201756
2016.05.19;39.586842
2016.05.20;39.382977
2016.05.23;39.420723
2016.05.24;39.752949
2016.05.25;39.813351
2016.05.26;39.971909
2016.05.27;40.017204
2016.05.31;39.760498
2016.06.01;40.168228
2016.06.02;40.183327
2016.06.03;40.440041
2016.06.06;40.485336
2016.06.07;40.440041
2016.06.08;40.681644
2016.06.09;40.840199
2016.06.10;40.870415
2016.06.13;40.530647
2016.06.14;40.689186
2016.06.15;40.568398
2016.06.16;40.779804
2016.06.17;40.614971
2016.06.20;40.744114
2016.06.21;40.850445
2016.06.22;40.873241
2016.06.23;41.123890
2016.06.24;40.333923
2016.06.27;40.250370
2016.06.28;40.501030
2016.06.29;40.971981
2016.06.30;41.891075
2016.07.01;41.693581
2016.07.05;41.929054
2016.07.06;41.967037
2016.07.07;41.883476
2016.07.08;42.301243
2016.07.11;42.308842
2016.07.12;42.080963
2016.07.13;42.316444
2016.07.14;42.308842
2016.07.15;42.308842
2016.07.18;42.263271
2016.07.19;42.232880
2016.07.20;42.080963
2016.07.21;41.959431
2016.07.22;42.156929
2016.07.25;42.111351
2016.07.26;41.784744
2016.07.27;41.161865
2016.07.28;41.344173
2016.07.29;41.549255
2016.08.01;41.594837
2016.08.02;41.534058
2016.08.03;41.306190
2016.08.04;41.397343
2016.08.05;41.465698
2016.08.08;41.420128
2016.08.09;41.549255
2016.08.10;41.701187
2016.08.11;41.701187
2016.08.12;41.845493
2016.08.15;41.739155
2016.08.16;41.556839
2016.08.17;41.670792
2016.08.18;41.815121
2016.08.19;41.716381
2016.08.22;41.777142
2016.08.23;41.693581
2016.08.24;41.625214
2016.08.25;41.465698
2016.08.26;41.253033
2016.08.29;41.496082
2016.08.30;41.253033
2016.08.31;41.306190
2016.09.01;41.321392
2016.09.02;41.640411
2016.09.06;41.731560
2016.09.07;41.366962
2016.09.08;41.139088
2016.09.09;40.022499
2016.09.12;40.774479
2016.09.13;40.273159
2016.09.14;40.151630
2016.09.15;40.478264
2016.09.16;40.346790
2016.09.19;40.262722
2016.09.20;40.369717
2016.09.21;40.591354
2016.09.22;40.950581
2016.09.23;40.767143
2016.09.26;40.423222
2016.09.27;40.591354
2016.09.28;40.660141
2016.09.29;40.262722
2016.09.30;40.667789
2016.10.03;40.407932
2016.10.04;40.064007
2016.10.05;40.025799
2016.10.06;40.102215
2016.10.07;39.995220
2016.10.10;39.995220
2016.10.11;39.788853
2016.10.12;40.010506
2016.10.13;40.018143
2016.10.14;40.025799
2016.10.17;39.834717
2016.10.18;39.957008
2016.10.19;39.727718
2016.10.20;39.704777
2016.10.21;39.918785
2016.10.24;40.178650
2016.10.25;40.323864
2016.10.26;40.270355
2016.10.27;40.086933
2016.10.28;40.255077
2016.10.31;40.354431
2016.11.01;40.178650
2016.11.02;40.079285
2016.11.03;39.804146
2016.11.04;39.444927
2016.11.07;40.109867
2016.11.08;40.278008
2016.11.09;39.727718
2016.11.10;38.665356
2016.11.11;38.627136
2016.11.14;38.558350
2016.11.15;38.795288
2016.11.16;38.802914
2016.11.17;38.734142
2016.11.18;38.596573
2016.11.21;38.856426
2016.11.22;39.055138
2016.11.23;38.841137
2016.11.25;39.146873
2016.11.28;39.230934
2016.11.29;39.284431
2016.11.30;38.657715
2016.12.01;38.405499
2016.12.02;38.650078
2016.12.05;38.695927
2016.12.06;38.810570
2016.12.07;39.368500
2016.12.08;39.207996
2016.12.09;39.773586
2016.12.12;39.934078
2016.12.13;40.117508
2016.12.14;39.681854
2016.12.15;39.850006
2016.12.16;40.077919
2016.12.19;40.154919
2016.12.20;40.077919
2016.12.21;40.070225
2016.12.22;40.008625
2016.12.23;40.085609
2016.12.27;40.077919
2016.12.28;39.831520
2016.12.29;40.016319
2016.12.30;39.816113
2017.01.03;39.962414
2017.01.04;39.962414
2017.01.05;40.093307
2017.01.06;40.131824
2017.01.09;39.808414
2017.01.10;39.608231
2017.01.11;39.685230
2017.01.12;39.646729
2017.01.13;39.669819
2017.01.17;40.231907
2017.01.18;40.370514
2017.01.19;40.224232
2017.01.20;40.486008
2017.01.23;40.470608
2017.01.24;40.740116
2017.01.25;40.732407
2017.01.26;40.555313
2017.01.27;40.332001
2017.01.30;40.301212
2017.01.31;40.493706
2017.02.01;40.178020
2017.02.02;40.547611
2017.02.03;40.809410
2017.02.06;40.586117
2017.02.07;40.917202
2017.02.08;41.086597
2017.02.09;41.256001
2017.02.10;41.286804
2017.02.13;41.286804
2017.02.14;41.294502
2017.02.15;41.671799
2017.02.16;41.725685
2017.02.17;41.933590
2017.02.21;42.310879
2017.02.22;42.318577
2017.02.23;42.418674
2017.02.24;42.564976
2017.02.27;42.372475
2017.02.28;42.426388
2017.03.01;42.626579
2017.03.02;42.618893
2017.03.03;42.457191
2017.03.06;42.272385
2017.03.07;42.218487
2017.03.08;42.126083
2017.03.09;42.195389
2017.03.10;42.387886
2017.03.13;42.418674
2017.03.14;42.295490
2017.03.15;42.611191
2017.03.16;42.672775
2017.03.17;42.556667
2017.03.20;42.641830
2017.03.21;42.603115
2017.03.22;42.517975
2017.03.23;42.425087
2017.03.24;42.339947
2017.03.27;42.301231
2017.03.28;42.378643
2017.03.29;42.456051
2017.03.30;42.370918
2017.03.31;42.247051
2017.04.03;42.177406
2017.04.04;42.301231
2017.04.05;42.223831
2017.04.06;42.223831
2017.04.07;42.339947
2017.04.10;42.463791
2017.04.11;42.479282
2017.04.12;42.641830
2017.04.13;42.448307
2017.04.17;42.750187
2017.04.18;42.943691
2017.04.19;42.781151
2017.04.20;42.696011
2017.04.21;42.572155
2017.04.24;42.959179
2017.04.25;43.129456
2017.04.26;42.781151
2017.04.27;42.726963
2017.04.28;42.711472
2017.05.01;42.548931
2017.05.02;42.262531
2017.05.03;42.301231
2017.05.04;42.626335
2017.05.05;42.742447
2017.05.08;42.726963
2017.05.09;42.572155
2017.05.10;42.603115
2017.05.11;42.665051
2017.05.12;42.541195
2017.05.15;42.680534
2017.05.16;42.641830
2017.05.17;42.579895
2017.05.18;42.610855
2017.05.19;42.843079
2017.05.22;43.083015
2017.05.23;43.129456
2017.05.24;43.299747
2017.05.25;43.570667
2017.05.26;43.733212
2017.05.30;43.717735
2017.05.31;43.841579
2017.06.01;44.197651
2017.06.02;44.329231
2017.06.05;44.375668
2017.06.06;44.267300
2017.06.07;44.251820
2017.06.08;43.918980
2017.06.09;43.864807
2017.06.12;43.857059
2017.06.13;43.926723
2017.06.14;44.205376
2017.06.15;44.104748
2017.06.16;43.641426
2017.06.19;43.852032
2017.06.20;43.680431
2017.06.21;43.555626
2017.06.22;43.267033
2017.06.23;43.282619
2017.06.26;43.454239
2017.06.27;43.079826
2017.06.28;43.235821
2017.06.29;42.775627
2017.06.30;42.853622
2017.07.03;42.814617
2017.07.05;42.783421
2017.07.06;42.541622
2017.07.07;42.518211
2017.07.10;42.221817
2017.07.11;42.104820
2017.07.12;42.338802
2017.07.13;42.346611
2017.07.14;42.682014
2017.07.17;42.728828
2017.07.18;42.728828
2017.07.19;42.884819
2017.07.20;42.892616
2017.07.21;42.962822
2017.07.24;42.822430
2017.07.25;43.118828
2017.07.26;43.111027
2017.07.27;43.532227
2017.07.28;43.165615
2017.07.31;43.150024
2017.08.01;43.103214
2017.08.02;43.072029
2017.08.03;43.033024
2017.08.04;42.916027
2017.08.07;43.235821
2017.08.08;43.072029
2017.08.09;43.142220
2017.08.10;42.962822
2017.08.11;42.994019
2017.08.14;43.204628
2017.08.15;43.423027
2017.08.16;43.571232
2017.08.17;43.173416
2017.08.18;43.056416
2017.08.21;43.212425
2017.08.22;43.220234
2017.08.23;43.095421
2017.08.24;42.502621
2017.08.25;42.643013
2017.08.28;42.518211
2017.08.29;42.666424
2017.08.30;42.658627
2017.08.31;42.674221
2017.09.01;42.877018
2017.09.05;42.939423
2017.09.06;43.118828
2017.09.07;43.181232
2017.09.08;42.970623
2017.09.11;43.235821
2017.09.12;43.329414
2017.09.13;43.352829
2017.09.14;43.267033
2017.09.15;43.342377
2017.09.18;43.405163
2017.09.19;43.271736
2017.09.20;42.855732
2017.09.21;42.447578
2017.09.22;42.321995
2017.09.25;42.628113
2017.09.26;42.730156
2017.09.27;42.400486
2017.09.28;42.400486
2017.09.29;42.369099
2017.10.02;42.290604
2017.10.03;42.337704
2017.10.04;42.471130
2017.10.05;42.659523
2017.10.06;42.235661
2017.10.09;42.117931
2017.10.10;42.486835
2017.10.11;42.573170
2017.10.12;42.753704
2017.10.13;42.832188
2017.10.16;42.847881
2017.10.17;42.690907
2017.10.18;42.635956
2017.10.19;42.408340
2017.10.20;42.306309
2017.10.23;42.274906
2017.10.24;42.125782
2017.10.25;42.008045
2017.10.26;42.039448
2017.10.27;41.678387
2017.10.30;41.325172
2017.10.31;41.670532
2017.11.01;41.803967
2017.11.02;41.701931
2017.11.03;41.709774
2017.11.06;41.262394
2017.11.07;41.725479
2017.11.08;42.180714
2017.11.09;42.172878
2017.11.10;42.604565
2017.11.13;42.847881
2017.11.14;42.997028
2017.11.15;42.541790
2017.11.16;43.130451
2017.11.17;42.981319
2017.11.20;42.934223
2017.11.21;43.075516
2017.11.22;43.020561
2017.11.24;42.989174
2017.11.27;43.012703
2017.11.28;43.365921
2017.11.29;43.593540
2017.11.30;43.993862
2017.12.01;44.103737
2017.12.04;44.519730
2017.12.05;44.449093
2017.12.06;44.731663
2017.12.07;44.299957
2017.12.08;44.417694
2017.12.11;44.409840
2017.12.12;44.417694
2017.12.13;44.668858
2017.12.14;44.472630
2017.12.15;44.977116
2017.12.18;44.953400
2017.12.19;45.008759
2017.12.20;44.929684
2017.12.21;44.898056
2017.12.22;44.969223
2017.12.26;45.072021
2017.12.27;45.064114
2017.12.28;44.992950
2017.12.29;44.985035
2018.01.02;44.708271
2018.01.03;44.692467
2018.01.04;44.818974
2018.01.05;45.016663
2018.01.08;45.127377
2018.01.09;45.064114
2018.01.10;44.842705
2018.01.11;44.779446
2018.01.12;44.795261
2018.01.16;45.000843
2018.01.17;45.514839
2018.01.18;45.380413
2018.01.19;45.886482
2018.01.22;46.234402
2018.01.23;46.084160
2018.01.24;46.179050
2018.01.25;46.202778
2018.01.26;46.424183
2018.01.29;46.242306
2018.01.30;45.933922
2018.01.31;45.720421
2018.02.01;45.522739
2018.02.02;44.652920
2018.02.05;43.031921
2018.02.06;43.506355
2018.02.07;43.316589
2018.02.08;42.383503
2018.02.09;42.470493
2018.02.12;42.905392
2018.02.13;43.103073
2018.02.14;43.079365
2018.02.15;43.791019
2018.02.16;43.964973
2018.02.20;42.968658
2018.02.21;42.454674
2018.02.22;42.565361
2018.02.23;42.976574
2018.02.26;43.245434
2018.02.27;42.676079
2018.02.28;42.233269
2018.03.01;42.138393
2018.03.02;42.494209
2018.03.05;42.865852
2018.03.06;42.897503
2018.03.07;42.510025
2018.03.08;42.897503
2018.03.09;43.174240
2018.03.12;43.095177
2018.03.13;43.063545
2018.03.14;42.628635
2018.03.15;42.328152
2018.03.16;42.343266
2018.03.19;41.929775
2018.03.20;41.810501
2018.03.21;41.293633
2018.03.22;40.951706
2018.03.23;40.442783
2018.03.26;41.023266
2018.03.27;40.999424
2018.03.28;41.563995
2018.03.29;41.850262
2018.04.02;40.824478
2018.04.03;41.365204
2018.04.04;42.009289
2018.04.05;42.112659
2018.04.06;41.683266
2018.04.09;41.659409
2018.04.10;41.754826
2018.04.11;41.675316
2018.04.12;41.611706
2018.04.13;41.818451
2018.04.16;42.271702
2018.04.17;42.367115
2018.04.18;42.049053
2018.04.19;40.832420
2018.04.20;40.148571
2018.04.23;40.100857
2018.04.24;39.846394
2018.04.25;39.917980
2018.04.26;40.156528
2018.04.27;40.371227
2018.04.30;40.116760
2018.05.01;39.766888
2018.05.02;38.987606
2018.05.03;38.947857
2018.05.04;39.512444
2018.05.07;39.265926
2018.05.08;39.106888
2018.05.09;39.162556
2018.05.10;39.393150
2018.05.11;39.393150
2018.05.14;39.377266
2018.05.15;39.226170
2018.05.16;39.504475
2018.05.17;39.639656
2018.05.18;39.393150
2018.05.21;39.560146
2018.05.22;39.488571
2018.05.23;39.631699
2018.05.24;39.599899
2018.05.25;39.663517
2018.05.29;39.576046
2018.05.30;40.132675
2018.05.31;39.488571
2018.06.01;39.488571
2018.06.04;39.814606
2018.06.05;39.631699
2018.06.06;39.679417
2018.06.07;39.925938
2018.06.08;40.418930
2018.06.11;40.752907
2018.06.12;40.832420
2018.06.13;40.705193
2018.06.14;40.776764
2018.06.15;41.300842
2018.06.18;40.699841
2018.06.19;40.916203
2018.06.20;40.956261
2018.06.21;41.036400
2018.06.22;41.372959
2018.06.25;41.581303
2018.06.26;41.405018
2018.06.27;41.316872
2018.06.28;41.316872
2018.06.29;41.292824
2018.07.02;41.052433
2018.07.03;41.148582
2018.07.05;41.717541
2018.07.06;41.845745
2018.07.09;41.685478
2018.07.10;42.182301
2018.07.11;42.046078
2018.07.12;41.989994
2018.07.13;42.262444
2018.07.16;42.062111
2018.07.17;42.422703
2018.07.18;42.078125
2018.07.19;42.102184
2018.07.20;42.358601
2018.07.23;42.094166
2018.07.24;42.174290
2018.07.25;42.494835
2018.07.26;42.719208
2018.07.27;42.775299
2018.07.30;42.727215
2018.07.31;42.927551
2018.08.01;42.566952
2018.08.02;42.999657
2018.08.03;43.504513
2018.08.06;43.544579
2018.08.07;43.280140
2018.08.08;42.951591
2018.08.09;42.823376
2018.08.10;42.663105
2018.08.13;42.663105
2018.08.14;42.959602
2018.08.15;43.135883
2018.08.16;43.752918
2018.08.17;44.089493
2018.08.20;44.065441
2018.08.21;43.752918
2018.08.22;43.480469
2018.08.23;43.376308
2018.08.24;43.320217
2018.08.27;43.344254
2018.08.28;43.200005
2018.08.29;43.248085
2018.08.30;43.111858
2018.08.31;43.095818
2018.09.04;43.039745
2018.09.05;43.536564
2018.09.06;43.656765
2018.09.07;43.568615
2018.09.10;43.720871
2018.09.11;43.560608
2018.09.12;44.065441
2018.09.13;44.001343
2018.09.14;43.881130
2018.09.17;44.041405
2018.09.18;43.857109
2018.09.19;43.776966
2018.09.20;44.329880
2018.09.21;44.400913
2018.09.24;43.723034
2018.09.25;43.464794
2018.09.26;43.513206
2018.09.27;43.456711
2018.09.28;43.521286
2018.10.01;43.488998
2018.10.02;43.739170
2018.10.03;43.271111
2018.10.04;43.166203
2018.10.05;43.125847
2018.10.08;43.723034
2018.10.09;43.626198
2018.10.10;43.101650
2018.10.11;42.036404
2018.10.12;42.270435
2018.10.15;42.528687
2018.10.16;43.004807
2018.10.17;43.206554
2018.10.18;43.150063
2018.10.19;44.134605
2018.10.22;43.803726
2018.10.23;43.997406
2018.10.24;44.183022
2018.10.25;44.287926
2018.10.26;43.440567
2018.10.29;43.940922
2018.10.30;44.812481
2018.10.31;44.392826
2018.11.01;44.707565
2018.11.02;44.473534
2018.11.05;45.030354
2018.11.06;45.304741
2018.11.07;45.562977
2018.11.08;45.587181
2018.11.09;45.853497
2018.11.12;45.611401
2018.11.13;45.506500
2018.11.14;45.199821
2018.11.15;45.127193
2018.11.16;45.240173
2018.11.19;45.167549
2018.11.20;44.417053
2018.11.21;44.061958
2018.11.23;44.215294
2018.11.26;44.271790
2018.11.27;44.667213
2018.11.28;45.038429
2018.11.29;45.111065
2018.11.30;45.401573
2018.12.03;45.441921
2018.12.04;44.675289
2018.12.06;44.723701
2018.12.07;44.158802
2018.12.10;44.158802
2018.12.11;44.521957
2018.12.12;44.465458
2018.12.13;44.739845
2018.12.14;43.981270
2018.12.17;42.964447
2018.12.18;42.456039
2018.12.19;42.044476
2018.12.20;41.293964
2018.12.21;40.865612
2018.12.24;39.684761
2018.12.26;40.792309
2018.12.27;41.183220
2018.12.28;41.183220
2018.12.31;41.354221
2019.01.02;41.109924
2019.01.03;40.873745
2019.01.04;41.745129
2019.01.07;41.688126
2019.01.08;42.070885
2019.01.09;41.680000
2019.01.10;41.924305
2019.01.11;42.046467
2019.01.14;41.842861
2019.01.15;42.258190
2019.01.16;42.030170
2019.01.17;42.209324
2019.01.18;42.714252
2019.01.22;42.323349
2019.01.23;42.828266
2019.01.24;42.298908
2019.01.25;42.127888
2019.01.28;42.307060
2019.01.29;42.404781
2019.01.30;42.689819
2019.01.31;43.479771
2019.02.01;43.341320
2019.02.04;43.618206
2019.02.05;43.626354
2019.02.06;43.634491
2019.02.07;43.601929
2019.02.08;43.805519
2019.02.11;43.919548
2019.02.12;44.261574
2019.02.13;44.343018
2019.02.14;43.846237
2019.02.15;44.261574
2019.02.19;44.489597
2019.02.20;44.408165
2019.02.21;44.538471
2019.02.22;44.326733
2019.02.25;44.082409
2019.02.26;44.106838
2019.02.27;44.041695
2019.02.28;44.253429
2019.03.01;44.171986
2019.03.04;44.098705
2019.03.05;44.066120
2019.03.06;44.000969
2019.03.07;43.715939
2019.03.08;43.740368
2019.03.11;44.310444
2019.03.12;44.326733
2019.03.13;44.579185
2019.03.14;44.538471
2019.03.15;44.790661
2019.03.18;44.856178
2019.03.19;44.823414
2019.03.20;44.635086
2019.03.21;45.159145
2019.03.22;45.101826
2019.03.25;45.191895
2019.03.26;45.576756
2019.03.27;45.421173
2019.03.28;45.642262
2019.03.29;45.945229
2019.04.01;45.789646
2019.04.02;45.412991
2019.04.03;45.191895
2019.04.04;45.363857
2019.04.05;45.519432
2019.04.08;45.707767
2019.04.09;45.650448
2019.04.10;45.781460
2019.04.11;45.871532
2019.04.12;46.018936
2019.04.15;46.289143
2019.04.16;46.297333
2019.04.17;46.526611
2019.04.18;46.567554
2019.04.22;46.583931
2019.04.23;46.436535
2019.04.24;46.534786
2019.04.25;46.240005
2019.04.26;46.657623
2019.04.29;46.714947
2019.04.30;47.255386
2019.05.01;46.674000
2019.05.02;46.657623
2019.05.03;47.009739
2019.05.06;46.936043
2019.05.07;46.469303
2019.05.08;46.461105
2019.05.09;46.362839
2019.05.10;46.927837
2019.05.13;46.485668
2019.05.14;46.706753
2019.05.15;47.075230
2019.05.16;47.443722
2019.05.17;47.288124
2019.05.20;47.173500
2019.05.21;47.075230
2019.05.22;47.288124
2019.05.23;47.271763
2019.05.24;47.099796
2019.05.28;46.330097
2019.05.29;45.994358
2019.05.30;46.190887
2019.05.31;45.535805
2019.06.03;46.109005
2019.06.04;46.526611
2019.06.05;47.058861
2019.06.06;47.550167
2019.06.07;48.008717
2019.06.10;48.025089
2019.06.11;48.180668
2019.06.12;48.254364
2019.06.13;48.360821
2019.06.14;48.385384
2019.06.17;48.246174
2019.06.18;47.984146
2019.06.19;48.180668
2019.06.20;48.606472
2019.06.21;48.448879
2019.06.24;48.572643
2019.06.25;48.547886
2019.06.26;47.854820
2019.06.27;47.945572
2019.06.28;47.912575
2019.07.01;48.201344
2019.07.02;48.622147
2019.07.03;49.224449
2019.07.05;49.009937
2019.07.08;49.075947
2019.07.09;48.787159
2019.07.10;49.100697
2019.07.11;49.224449
2019.07.12;49.364723
2019.07.15;49.480240
2019.07.16;49.496731
2019.07.17;49.438965
2019.07.18;49.769009
2019.07.19;49.455482
2019.07.22;49.166695
2019.07.23;49.521496
2019.07.24;49.191452
2019.07.25;49.257458
2019.07.26;49.810272
2019.07.29;49.901028
2019.07.30;50.049545
2019.07.31;49.034695
2019.08.01;48.861427
2019.08.02;48.869671
2019.08.05;47.599045
2019.08.06;48.028095
2019.08.07;48.589157
2019.08.08;49.216213
2019.08.09;48.943928
2019.08.12;48.613892
2019.08.13;49.166695
2019.08.14;48.391117
2019.08.15;49.117199
2019.08.16;49.678249
2019.08.19;50.173294
2019.08.20;49.628750
2019.08.21;49.760757
2019.08.22;50.024788
2019.08.23;49.191452
2019.08.26;49.802025
2019.08.27;49.661747
2019.08.28;50.140305
2019.08.29;50.165047
2019.08.30;50.099041
2019.09.03;50.387821
2019.09.04;50.841621
2019.09.05;50.528099
2019.09.06;50.693100
2019.09.09;50.577591
2019.09.10;50.264061
2019.09.11;50.445580
2019.09.12;50.651863
2019.09.13;50.363075
2019.09.16;49.876270
2019.09.17;50.148540
2019.09.18;50.231060
2019.09.19;50.222801
2019.09.20;50.063454
2019.09.23;50.262653
2019.09.24;50.470139
2019.09.25;50.503338
2019.09.26;50.785526
2019.09.27;50.727428
2019.09.30;50.976418
2019.10.01;50.843605
2019.10.02;49.822765
2019.10.03;50.171352
2019.10.04;50.959824
2019.10.07;50.544838
2019.10.08;50.063454
2019.10.09;50.445236
2019.10.10;50.544838
2019.10.11;50.495033
2019.10.14;50.246040
2019.10.15;50.030239
2019.10.16;50.080048
2019.10.17;50.312450
2019.10.18;50.412048
2019.10.21;50.578033
2019.10.22;50.594635
2019.10.23;50.827023
2019.10.24;51.001308
2019.10.25;50.702534
2019.10.28;50.602924
2019.10.29;50.602924
2019.10.30;50.835327
2019.10.31;50.760632
2019.11.01;50.752331
2019.11.04;50.262653
2019.11.05;50.428638
2019.11.06;50.636124
2019.11.07;50.461842
2019.11.08;50.428638
2019.11.11;50.353939
2019.11.12;50.519932
2019.11.13;50.901714
2019.11.14;50.885117
2019.11.15;50.901714
2019.11.18;51.167316
2019.11.19;51.100910
2019.11.20;51.217106
2019.11.21;50.959824
2019.11.22;50.876823
2019.11.25;50.934925
2019.11.26;51.349888
2019.11.27;51.474392
2019.11.29;51.457802
2019.12.02;51.573994
2019.12.03;51.490993
2019.12.04;51.831280
2019.12.05;51.814674
2019.12.06;52.013866
2019.12.09;52.055367
2019.12.10;51.889370
2019.12.11;51.964069
2019.12.12;51.922577
2019.12.13;52.105167
2019.12.16;52.287769
2019.12.17;52.204777
2019.12.18;52.121761
2019.12.19;52.403961
2019.12.20;52.799751
2019.12.23;52.573811
2019.12.24;52.640759
2019.12.26;52.690964
2019.12.27;52.925266
2019.12.30;52.649124
2019.12.31;52.699329
2020.01.02;52.280949
2020.01.03;52.197281
2020.01.06;52.306049
2020.01.07;51.904404
2020.01.08;52.096859
2020.01.09;52.465042
2020.01.10;52.431576
2020.01.13;52.774639
2020.01.14;52.791378
2020.01.15;53.167919
2020.01.16;53.310165
2020.01.17;53.402214
2020.01.21;53.586292
2020.01.22;53.628136
2020.01.23;53.577919
2020.01.24;53.209759
2020.01.27;53.042416
2020.01.28;53.109341
2020.01.29;52.841583
2020.01.30;53.469151
2020.01.31;52.866684
2020.02.03;52.866684
2020.02.04;53.184658
2020.02.05;53.611416
2020.02.06;53.703453
2020.02.07;53.770386
2020.02.10;53.996307
2020.02.11;53.795490
2020.02.12;53.770386
2020.02.13;54.088352
2020.02.14;54.213867
2020.02.18;54.021427
2020.02.19;53.962841
2020.02.20;54.004677
2020.02.21;54.096718
2020.02.24;52.849957
2020.02.25;51.896042
2020.02.26;51.603168
2020.02.27;49.502903
2020.02.28;48.523880
2020.03.02;51.117859
2020.03.03;50.423344
2020.03.04;52.900154
2020.03.05;51.904404
2020.03.06;51.494400
2020.03.09;49.251877
2020.03.10;50.665997
2020.03.11;48.180801
2020.03.12;43.653934
2020.03.13;47.369156
2020.03.16;44.155983
2020.03.17;47.879570
2020.03.18;46.649536
2020.03.19;45.093159
2020.03.20;42.172859
2020.03.23;40.924824
2020.03.24;43.011887
2020.03.25;42.894062
2020.03.26;45.242004
2020.03.27;45.031624
2020.03.30;46.790462
2020.03.31;45.839508
2020.04.01;45.065281
2020.04.02;46.218197
2020.04.03;46.580074
2020.04.06;48.313686
2020.04.07;47.758263
2020.04.08;48.465157
2020.04.09;48.919601
2020.04.13;48.557739
2020.04.14;50.619537
2020.04.15;49.820061
2020.04.16;50.148273
2020.04.17;50.914097
2020.04.20;49.912632
2020.04.21;48.852280
2020.04.22;49.323555
2020.04.23;48.885944
2020.04.24;49.407711
2020.04.27;49.550762
2020.04.28;49.828491
2020.04.29;49.618092
2020.04.30;49.029003
2020.05.01;48.490410
2020.05.04;48.465157
2020.05.05;48.507244
2020.05.06;47.977066
2020.05.07;47.842411
2020.05.08;48.911186
2020.05.11;48.843861
2020.05.12;48.431503
2020.05.13;47.993889
2020.05.14;47.876072
2020.05.15;48.296848
2020.05.18;49.062672
2020.05.19;48.162205
2020.05.20;48.734459
2020.05.21;48.195862
2020.05.22;48.364166
2020.05.26;48.625053
2020.05.27;49.357216
2020.05.28;49.794811
2020.05.29;49.845318
2020.06.01;50.190353
2020.06.02;50.325005
2020.06.03;50.392319
2020.06.04;50.148273
2020.06.05;50.846771
2020.06.08;51.393772
2020.06.09;50.972992
2020.06.10;50.829929
2020.06.11;48.902775
2020.06.12;48.911186
2020.06.15;49.475033
2020.06.16;50.249271
2020.06.17;50.173523
2020.06.18;50.434402
2020.06.19;50.173523
2020.06.22;50.030193
2020.06.23;49.953861
2020.06.24;49.114227
2020.06.25;49.461948
2020.06.26;48.452702
2020.06.29;49.368656
2020.06.30;49.733349
2020.07.01;49.775753
2020.07.02;50.030193
2020.07.06;50.276138
2020.07.07;50.734123
2020.07.08;50.606895
2020.07.09;50.208290
2020.07.10;51.132732
2020.07.13;51.056412
2020.07.14;51.802750
2020.07.15;51.845150
2020.07.16;51.955410
2020.07.17;52.235283
2020.07.20;51.709465
2020.07.21;52.158955
2020.07.22;52.574524
2020.07.23;52.761108
2020.07.24;52.693268
2020.07.27;52.956181
2020.07.28;53.151237
2020.07.29;53.227577
2020.07.30;53.227577
2020.07.31;53.176693
2020.08.03;53.032505
2020.08.04;53.694038
2020.08.05;53.583782
2020.08.06;53.575302
2020.08.07;53.863663
2020.08.10;54.143528
2020.08.11;53.770363
2020.08.12;54.465824
2020.08.13;54.423416
2020.08.14;54.414940
2020.08.17;54.720253
2020.08.18;54.940754
2020.08.19;54.508221
2020.08.20;54.397957
2020.08.21;54.533672
2020.08.24;55.000134
2020.08.25;54.881393
2020.08.26;54.949238
2020.08.27;55.288490
2020.08.28;55.780388
2020.08.31;55.619259
2020.09.01;55.678623
2020.09.02;56.687874
2020.09.03;55.712547
2020.09.04;55.585342
2020.09.08;54.414940
2020.09.09;55.203674
2020.09.10;54.525196
2020.09.11;54.830513
2020.09.14;55.186718
2020.09.15;55.110382
2020.09.16;54.864449
2020.09.17;54.516705
2020.09.18;54.016315
2020.09.21;53.604248
2020.09.22;53.919922
2020.09.23;53.109409
2020.09.24;53.501858
2020.09.25;53.783405
2020.09.28;54.389156
2020.09.29;54.030823
2020.09.30;54.687756
2020.10.01;54.994904
2020.10.02;54.687756
2020.10.05;55.054619
2020.10.06;54.696293
2020.10.07;55.284977
2020.10.08;55.651833
2020.10.09;56.086945
2020.10.12;56.735348
2020.10.13;56.692688
2020.10.14;56.402615
2020.10.15;56.436749
2020.10.16;56.453796
2020.10.19;55.720089
2020.10.20;55.660362
2020.10.21;55.711563
2020.10.22;55.685959
2020.10.23;55.788334
2020.10.26;55.071686
2020.10.27;54.926643
2020.10.28;53.322701
2020.10.29;53.305634
2020.10.30;53.117935
2020.11.02;53.962570
2020.11.03;54.849865
2020.11.04;54.875462
2020.11.05;55.276436
2020.11.06;55.532391
2020.11.09;55.404423
2020.11.10;56.496471
2020.11.11;56.982761
2020.11.12;56.829197
2020.11.13;57.614109
2020.11.16;58.143066
2020.11.17;57.733551
2020.11.18;56.940105
2020.11.19;57.093681
2020.11.20;56.735348
2020.11.23;56.752426
2020.11.24;57.136337
2020.11.25;57.102215
2020.11.27;57.093681
2020.11.30;57.085144
2020.12.01;57.588520
2020.12.02;57.110748
2020.12.03;57.255772
2020.12.04;57.699421
2020.12.07;57.477600
2020.12.08;57.793282
2020.12.09;57.562912
2020.12.10;57.306984
2020.12.11;57.434944
2020.12.14;57.213120
2020.12.15;57.349625
2020.12.16;57.460533
2020.12.17;57.827412
2020.12.18;57.955368
2020.12.21;57.330791
2020.12.22;56.926441
2020.12.23;57.115719
2020.12.24;57.399628
2020.12.28;57.855583
2020.12.29;57.683521
2020.12.30;57.623287
2020.12.31;58.027626
2021.01.04;57.399628
2021.01.05;57.399628
2021.01.06;57.442631
2021.01.07;57.270565
2021.01.08;57.554493
2021.01.11;57.064095
2021.01.12;56.874832
2021.01.13;56.960869
2021.01.14;56.659748
2021.01.15;56.461887
2021.01.19;56.212395
2021.01.20;56.315632
2021.01.21;56.126362
2021.01.22;55.980110
2021.01.25;56.539318
2021.01.26;57.046894
2021.01.27;56.083351
2021.01.28;56.298431
2021.01.29;55.137009
2021.02.01;55.188637
2021.02.02;55.558563
2021.02.03;55.644600
2021.02.04;56.048931
2021.02.05;56.573723
2021.02.08;56.788799
2021.02.09;56.737186
2021.02.10;56.676964
2021.02.11;56.427471
2021.02.12;56.513504
2021.02.16;56.410267
2021.02.17;56.616737
2021.02.18;56.582321
2021.02.19;55.868279
2021.02.22;55.919891
2021.02.23;55.997318
2021.02.24;55.962902
2021.02.25;55.352085
2021.02.26;54.457371
2021.03.01;55.007973
2021.03.02;54.913338
2021.03.03;54.655235
2021.03.04;54.457371
2021.03.05;55.661808
2021.03.08;55.902679
2021.03.09;55.851074
2021.03.10;56.582321
2021.03.11;56.444679
2021.03.12;56.909248
2021.03.15;57.158741
2021.03.16;57.227566
2021.03.17;57.141529
2021.03.18;56.909248
2021.03.19;57.107109
2021.03.22;57.709995
2021.03.23;57.952175
2021.03.24;57.727287
2021.03.25;58.289516
2021.03.26;59.318813
2021.03.29;59.915638
2021.03.30;59.275555
2021.03.31;59.085266
2021.04.01;58.799839
2021.04.05;59.552353
2021.04.06;59.803185
2021.04.07;59.656158
2021.04.08;59.716694
2021.04.09;59.612892
2021.04.12;59.932938
2021.04.13;59.612892
2021.04.14;59.561012
2021.04.15;60.036728
2021.04.16;60.382710
2021.04.19;60.149174
2021.04.20;60.477848
2021.04.21;60.780575
2021.04.22;60.330788
2021.04.23;60.175114
2021.04.26;59.500458
2021.04.27;59.457195
2021.04.28;59.500458
2021.04.29;60.131866
2021.04.30;60.183777
2021.05.03;60.676800
2021.05.04;60.365417
2021.05.05;60.322151
2021.05.06;61.100636
2021.05.07;61.100636
2021.05.10;61.567707
2021.05.11;61.031429
2021.05.12;60.218372
2021.05.13;61.066029
2021.05.14;61.334160
2021.05.17;61.247673
2021.05.18;61.057373
2021.05.19;60.858421
2021.05.20;61.420670
2021.05.21;61.429302
2021.05.24;61.610950
2021.05.25;61.628250
2021.05.26;61.498505
2021.05.27;61.117924
2021.05.28;61.247673
2021.06.01;61.040077
2021.06.02;61.264977
2021.06.03;61.645557
2021.06.04;61.861782
2021.06.07;61.757977
2021.06.08;61.239021
2021.06.09;60.944935
2021.06.10;61.325520
2021.06.11;61.360134
2021.06.14;61.325520
2021.06.15;61.178482
2021.06.16;60.365417
2021.06.17;60.581642
2021.06.18;59.509102
2021.06.21;60.191628
2021.06.22;60.278690
2021.06.23;59.904335
2021.06.24;60.200336
2021.06.25;60.661736
2021.06.28;60.713970
2021.06.29;60.444088
2021.06.30;60.914219
2021.07.01;60.731388
2021.07.02;60.879398
2021.07.06;60.626926
2021.07.07;60.949028
2021.07.08;60.722675
2021.07.09;61.070915
2021.07.12;60.975151
2021.07.13;60.957737
2021.07.14;61.497505
2021.07.15;61.749981
2021.07.16;61.845722
2021.07.19;61.662910
2021.07.20;61.680321
2021.07.21;61.523621
2021.07.22;61.419159
2021.07.23;62.159134
2021.07.26;62.263607
2021.07.27;62.394184
2021.07.28;61.845722
2021.07.29;62.150436
2021.07.30;62.254906
2021.08.02;61.993729
2021.08.03;62.272305
2021.08.04;61.462677
2021.08.05;61.758682
2021.08.06;61.758682
2021.08.09;61.985031
2021.08.10;62.429024
2021.08.11;62.637947
2021.08.12;62.603142
2021.08.13;63.125465
2021.08.16;63.491127
2021.08.17;63.525944
2021.08.18;62.733723
2021.08.19;63.238663
2021.08.20;63.343105
2021.08.23;63.142887
2021.08.24;62.664074
2021.08.25;62.559586
2021.08.26;62.272305
2021.08.27;62.489964
2021.08.30;62.768539
2021.08.31;62.907848
2021.09.01;63.238663
2021.09.02;63.482414
2021.09.03;63.404049
2021.09.07;62.672768
2021.09.08;63.212540
2021.09.09;62.846893
2021.09.10;62.577011
2021.09.13;62.733723
2021.09.14;62.446449
2021.09.15;62.672768
2021.09.16;62.463852
2021.09.17;62.124317
2021.09.20;61.504116
2021.09.21;61.434021
2021.09.22;61.609230
2021.09.23;61.836983
2021.09.24;61.863266
2021.09.27;61.582958
2021.09.28;60.855869
2021.09.29;61.407738
2021.09.30;60.303978
2021.10.01;60.461662
2021.10.04;60.268944
2021.10.05;60.575531
2021.10.06;61.162464
2021.10.07;61.434021
2021.10.08;61.363945
2021.10.11;61.346413
2021.10.12;61.372711
2021.10.13;61.486572
2021.10.14;62.178635
2021.10.15;62.029705
2021.10.18;61.661785
2021.10.19;61.688049
2021.10.20;62.047230
2021.10.21;61.968388
2021.10.22;62.450191
2021.10.25;62.406368
2021.10.26;62.625370
2021.10.27;62.257469
2021.10.28;62.476463
2021.10.29;62.415146
2021.11.01;62.511509
2021.11.02;62.931992
2021.11.03;63.518887
2021.11.04;63.580227
2021.11.05;63.948151
2021.11.08;63.440056
2021.11.09;63.659069
2021.11.10;63.851780
2021.11.11;63.807995
2021.11.12;63.807995
2021.11.15;64.114601
2021.11.16;63.711639
2021.11.17;63.571468
2021.11.18;63.343700
2021.11.19;63.115955
2021.11.22;63.615261
2021.11.23;64.035751
2021.11.24;63.843029
2021.11.26;63.037117
2021.11.29;63.194786
2021.11.30;61.574181
2021.12.01;61.276337
2021.12.02;61.924595
2021.12.03;62.695473
2021.12.06;63.799217
2021.12.07;63.939381
2021.12.08;63.737896
2021.12.09;63.913109
2021.12.10;64.990570
2021.12.13;65.840317
2021.12.14;65.884117
2021.12.15;66.549889
2021.12.16;67.022919
2021.12.17;65.875359
2021.12.20;65.894768
2021.12.21;65.806557
2021.12.22;66.221107
2021.12.23;66.371048
2021.12.27;67.076653
2021.12.28;67.455917
2021.12.29;67.764633
2021.12.30;67.552933
2021.12.31;68.011581
2022.01.03;68.002739
2022.01.04;68.461403
2022.01.05;68.399666
2022.01.06;68.214424
2022.01.07;68.285011
2022.01.10;67.746956
2022.01.11;67.667595
2022.01.12;67.694054
2022.01.13;67.817535
2022.01.14;67.941010
2022.01.18;66.962006
2022.01.19;67.385361
2022.01.20;66.944336
2022.01.21;66.997261
2022.01.24;66.776764
2022.01.25;66.035873
2022.01.26;65.533150
2022.01.27;65.974144
2022.01.28;66.750305
2022.01.31;67.006088
2022.02.01;66.944336
2022.02.02;67.746956
2022.02.03;67.764633
2022.02.04;66.935532
2022.02.07;67.058998
2022.02.08;67.314774
2022.02.09;67.332436
2022.02.10;66.609177
2022.02.11;66.371048
2022.02.14;66.185829
2022.02.15;66.300484
2022.02.16;66.423965
2022.02.17;66.935532
2022.02.18;67.058998
2022.02.22;66.538620
2022.02.23;66.000618
2022.02.24;64.862801
2022.02.25;66.953171
2022.02.28;66.062347
2022.03.01;65.674263
2022.03.02;66.371048
2022.03.03;66.909058
2022.03.04;66.917908
2022.03.07;65.700722
2022.03.08;63.927895
2022.03.09;64.360085
2022.03.10;63.751484
2022.03.11;63.010593
2022.03.14;63.345764
2022.03.15;64.765800
2022.03.16;64.836357
2022.03.17;65.286171
2022.03.18;65.436111
2022.03.21;65.520279
2022.03.22;66.007591
2022.03.23;65.475990
2022.03.24;65.936691
2022.03.25;66.486046
2022.03.28;66.760704
2022.03.29;67.354324
2022.03.30;67.398628
2022.03.31;67.239143
2022.04.01;67.912498
2022.04.04;67.699867
2022.04.05;67.761879
2022.04.06;68.621307
2022.04.07;69.454163
2022.04.08;69.746559
2022.04.11;69.463036
2022.04.12;69.480743
2022.04.13;69.870590
2022.04.14;69.852859
2022.04.18;69.276955
2022.04.19;70.331299
2022.04.20;71.385658
2022.04.21;71.323631
2022.04.22;70.207268
2022.04.25;70.517380
2022.04.26;69.427582
2022.04.27;69.684517
2022.04.28;70.712296
2022.04.29;68.789642
2022.05.02;67.885925
2022.05.03;67.691010
2022.05.04;69.214943
2022.05.05;67.903641
2022.05.06;67.974525
2022.05.09;67.947937
2022.05.10;67.478348
2022.05.11;67.185982
2022.05.12;67.168259
2022.05.13;68.178314
2022.05.16;68.488419
2022.05.17;68.018814
2022.05.18;63.641953
2022.05.19;62.507858
2022.05.20;62.640762
2022.05.23;63.934326
2022.05.24;64.979813
2022.05.25;64.997536
2022.05.26;65.688622
2022.05.27;66.450592
2022.05.31;65.981010
2022.06.01;65.121582
2022.06.02;66.069618
2022.06.03;65.405106
2022.06.06;65.431679
2022.06.07;65.777229
2022.06.08;64.970963
2022.06.09;63.996338
2022.06.10;63.721710
2022.06.13;62.348389
2022.06.14;61.612991
2022.06.15;61.675007
2022.06.16;61.205418
2022.06.17;60.983921
2022.06.21;62.611244
2022.06.22;62.566608
2022.06.23;63.780621
2022.06.24;65.030357
2022.06.27;64.851830
2022.06.28;63.985935
2022.06.29;64.387634
2022.06.30;64.432266
2022.07.01;65.360641
2022.07.05;64.941071
2022.07.06;65.128532
2022.07.07;65.191040
2022.07.08;65.074982
2022.07.11;64.985703
2022.07.12;64.798256
2022.07.13;64.842888
2022.07.14;64.896454
2022.07.15;65.110680
2022.07.18;64.476891
2022.07.19;65.155334
2022.07.20;64.717918
2022.07.21;64.914322
2022.07.22;65.342789
2022.07.25;65.664154
2022.07.26;65.512390
2022.07.27;65.958725
2022.07.28;67.012054
2022.07.29;66.494324
2022.08.01;67.324478
2022.08.02;66.788887
2022.08.03;67.226303
2022.08.04;66.779961
2022.08.05;66.628227
2022.08.08;66.592506
2022.08.09;66.494324
2022.08.10;66.985283
2022.08.11;66.824615
2022.08.12;67.404839
2022.08.15;68.074333
2022.08.16;68.842026
2022.08.17;68.645630
2022.08.18;68.877739
2022.08.19;68.654572
2022.08.22;67.958282
2022.08.23;67.663712
2022.08.24;67.833313
2022.08.25;68.145744
2022.08.26;66.458618
2022.08.29;66.351501
2022.08.30;65.664154
2022.08.31;65.262436
2022.09.01;65.628433
2022.09.02;64.771477
2022.09.06;64.405487
2022.09.07;65.565941
2022.09.08;65.396339
2022.09.09;66.039062
2022.09.12;66.297943
2022.09.13;64.084137
2022.09.14;64.057358
2022.09.15;63.521763
2022.09.16;63.673508
2022.09.19;64.096672
2022.09.20;63.746284
2022.09.21;63.503704
2022.09.22;63.413868
2022.09.23;62.335701
2022.09.26;62.380627
2022.09.27;61.302460
2022.09.28;62.039192
2022.09.29;61.014954
2022.09.30;59.954762
2022.10.03;60.987999
2022.10.04;61.913410
2022.10.05;61.554024
2022.10.06;60.655560
2022.10.07;59.748108
2022.10.10;59.963730
2022.10.11;60.457897
2022.10.12;60.781353
2022.10.13;61.787632
2022.10.14;60.673527
2022.10.17;61.329414
2022.10.18;62.129051
2022.10.19;61.841534
2022.10.20;60.979004
2022.10.21;61.913410
2022.10.24;63.027512
2022.10.25;63.854107
2022.10.26;64.276382
2022.10.27;64.330276
2022.10.28;65.740875
2022.10.31;65.354553
2022.11.01;65.147888
2022.11.02;64.015831
2022.11.03;63.800198
2022.11.04;64.554924
2022.11.07;65.129936
2022.11.08;65.318611
2022.11.09;64.608833
2022.11.10;66.127220
2022.11.11;66.055351
2022.11.14;65.534233
2022.11.15;66.082306
2022.11.16;66.405746
2022.11.17;66.387794
2022.11.18;67.097572
2022.11.21;67.735481
2022.11.22;68.229637
2022.11.23;68.463242
2022.11.25;68.508179
2022.11.28;68.247604
2022.11.29;67.987061
2022.11.30;69.352737
2022.12.01;69.038269
2022.12.02;69.352737
2022.12.05;68.481216
2022.12.06;68.058937
2022.12.07;68.346436
2022.12.08;68.714813
2022.12.09;68.184723
2022.12.12;68.903488
2022.12.13;68.804665
2022.12.14;68.759743
2022.12.15;67.591736
2022.12.16;67.259308
2022.12.19;67.216759
2022.12.20;67.162483
2022.12.21;67.832108
2022.12.22;67.678261
2022.12.23;68.031197
2022.12.27;68.356956
2022.12.28;67.506340
2022.12.29;67.795906
2022.12.30;67.461090
2023.01.03;67.207718
2023.01.04;67.470139
2023.01.05;66.791458
2023.01.06;68.574142
2023.01.09;67.904503
2023.01.10;67.814003
2023.01.11;67.850204
2023.01.12;67.316299
2023.01.13;67.633026
2023.01.17;67.678261
2023.01.18;65.832253
2023.01.19;65.207870
2023.01.20;65.714630
2023.01.23;65.922745
2023.01.24;66.194229
2023.01.25;66.357109
2023.01.26;66.121819
2023.01.27;65.931786
2023.01.30;66.013237
2023.01.31;66.728104
2023.02.01;67.262009
2023.02.02;66.682877
2023.02.03;66.420456
2023.02.06;66.501877
2023.02.07;66.221367
2023.02.08;65.714630
2023.02.09;65.425049
2023.02.10;66.031334
2023.02.13;66.782402
2023.02.14;66.176125
2023.02.15;66.302803
2023.02.16;65.823204
2023.02.17;66.673828
2023.02.21;66.420456
2023.02.22;66.320915
2023.02.23;66.239471
2023.02.24;65.796043
2023.02.27;65.723656
2023.02.28;65.180725
2023.03.01;64.701141
2023.03.02;65.587921
2023.03.03;65.642212
2023.03.06;65.814148
2023.03.07;65.162628
2023.03.08;65.271202
2023.03.09;64.664917
2023.03.10;64.348206
2023.03.13;64.673965
2023.03.14;65.262177
2023.03.15;65.687469
2023.03.16;65.732704
2023.03.17;65.253113
2023.03.20;66.157822
2023.03.21;66.103264
2023.03.22;65.494072
2023.03.23;65.239479
2023.03.24;66.348770
2023.03.27;66.703369
2023.03.28;66.821564
2023.03.29;67.194382
2023.03.30;67.385330
2023.03.31;67.930893
2023.04.03;68.285492
2023.04.04;68.149101
2023.04.05;68.467354
2023.04.06;68.521904
2023.04.10;68.521904
2023.04.11;68.721939
2023.04.12;68.412788
2023.04.13;68.794678
2023.04.14;68.358238
2023.04.17;68.794678
2023.04.18;69.003807
2023.04.19;68.958336
2023.04.20;69.122017
2023.04.21;69.622124
2023.04.24;69.903969
2023.04.25;69.813057
2023.04.26;69.267509
2023.04.27;70.040367
2023.04.28;70.413155
2023.05.01;70.467720
2023.05.02;70.276779
2023.05.03;69.703941
2023.05.04;69.531189
2023.05.05;70.176750
2023.05.08;69.967628
2023.05.09;69.749413
2023.05.10;69.640289
2023.05.11;69.849442
2023.05.12;70.122215
2023.05.15;69.949440
2023.05.16;69.358429
2023.05.17;69.322037
2023.05.18;68.985634
2023.05.19;69.031105
2023.05.22;67.985435
2023.05.23;67.485344
2023.05.24;67.048889
2023.05.25;66.539719
2023.05.26;66.767044
2023.05.30;66.003242
2023.05.31;66.075989
2023.06.01;66.021431
2023.06.02;66.930710
2023.06.05;66.685196
2023.06.06;66.348770
2023.06.07;66.130539
2023.06.08;66.585190
2023.06.09;66.476051
2023.06.12;66.457886
2023.06.13;66.730652
2023.06.14;67.139832
2023.06.15;67.812668
2023.06.16;67.894508
2023.06.20;67.378044
2023.06.21;67.616142
2023.06.22;68.009895
2023.06.23;67.561180
2023.06.26;67.652763
2023.06.27;67.854218
2023.06.28;67.396370
2023.06.29;67.332268
2023.06.30;67.918327
2023.07.03;68.449432
2023.07.05;68.330391
2023.07.06;68.156410
2023.07.07;67.268166
2023.07.10;67.249847
2023.07.11;67.350578
2023.07.12;67.506256
2023.07.13;67.790115
2023.07.14;68.019051
2023.07.17;67.817596
2023.07.18;67.744331
2023.07.19;68.431122
2023.07.20;69.017189
2023.07.21;69.255249
2023.07.24;69.520828
2023.07.25;69.502510
2023.07.26;69.584900
2023.07.27;68.971405
2023.07.28;69.685638
2023.07.31;69.365143
2023.08.01;68.989700
2023.08.02;69.236938
2023.08.03;69.044647
2023.08.04;68.357872
2023.08.07;68.916443
2023.08.08;68.421959
2023.08.09;68.522690
2023.08.10;68.385338
2023.08.11;68.495232
2023.08.14;68.156410
2023.08.15;67.423843
2023.08.16;67.268166
2023.08.17;66.618004
2023.08.18;66.865265
2023.08.21;66.416557
2023.08.22;66.041138
2023.08.23;66.480644
2023.08.24;65.949539
2023.08.25;66.315826
2023.08.28;66.618004
2023.08.29;66.856087
2023.08.30;66.965973
2023.08.31;66.627167
2023.09.01;66.059418
2023.09.05;65.491684
2023.09.06;65.418427
2023.09.07;65.574104
2023.09.08;65.656502
2023.09.11;66.224258
2023.09.12;65.656502
2023.09.13;65.857979
2023.09.14;66.526451
2023.09.15;65.977020
2023.09.18;65.953972
2023.09.19;65.797249
2023.09.20;65.861771
2023.09.21;65.013611
2023.09.22;64.663277
2023.09.25;64.432800
2023.09.26;63.953407
2023.09.27;63.427910
2023.09.28;63.621517
2023.09.29;63.437138
2023.10.02;63.003815
2023.10.03;62.552094
2023.10.04;63.049923
2023.10.05;61.805340
2023.10.06;61.464222
2023.10.09;61.519554
2023.10.10;62.146450
2023.10.11;61.722363
2023.10.12;61.049362
2023.10.13;61.584080
2023.10.16;62.220196
2023.10.17;62.487560
2023.10.18;62.718037
2023.10.19;62.257080
2023.10.20;62.017368
2023.10.23;61.897530
2023.10.24;62.423019
2023.10.25;62.635056
2023.10.26;62.229420
2023.10.27;61.381264
2023.10.30;62.340046
2023.10.31;62.561306
2023.11.01;62.496780
2023.11.02;63.308041
2023.11.03;63.381824
2023.11.06;63.483231
2023.11.07;63.639957
2023.11.08;63.391037
2023.11.09;63.132893
2023.11.10;63.575424
2023.11.13;63.778244
2023.11.14;64.432800
2023.11.15;64.949074
2023.11.16;64.147011
2023.11.17;64.064026
2023.11.20;64.017937
2023.11.21;64.211548
2023.11.22;64.672493
2023.11.24;64.912209
2023.11.27;64.727814
2023.11.28;65.022827
2023.11.29;64.497322
2023.11.30;65.142677
2023.12.01;65.410034
2023.12.04;65.493004
2023.12.05;64.976738
2023.12.06;64.810799
2023.12.07;65.087364
2023.12.08;64.635628
2023.12.11;65.253319
2023.12.12;65.465347
2023.12.13;66.654625
2023.12.14;65.677383
2023.12.15;65.677383
2023.12.18;66.361076
2023.12.19;66.491104
2023.12.20;65.199936
2023.12.21;65.655083
2023.12.22;66.156700
2023.12.26;66.435371
2023.12.27;66.741913
2023.12.28;66.769775
2023.12.29;66.909111
2024.01.02;67.661522
2024.01.03;67.132042
2024.01.04;67.039154
2024.01.05;66.890549
2024.01.08;67.382851
2024.01.09;67.559357
2024.01.10;67.420013
2024.01.11;67.410728
2024.01.12;67.624374
2024.01.16;67.252808
2024.01.17;67.206360
2024.01.18;67.122772
2024.01.19;66.927696
2024.01.22;66.602585
2024.01.23;67.327126
2024.01.24;66.500404
2024.01.25;67.141350
2024.01.26;67.466454
2024.01.29;67.856613
2024.01.30;68.237457
2024.01.31;67.735847
2024.02.01;69.119919
2024.02.02;68.896980
2024.02.05;68.469681
2024.02.06;68.627579
2024.02.07;68.562569
2024.02.08;68.543991
2024.02.09;67.912323
2024.02.12;68.395378
2024.02.13;67.661522
2024.02.14;67.531471
2024.02.15;67.968056
2024.02.16;68.070244
2024.02.20;68.785522
2024.02.21;69.036316
2024.02.22;69.249962
2024.02.23;69.463585
2024.02.26;69.184929
2024.02.27;69.194221
2024.02.28;69.268539
2024.02.29;69.157066
2024.03.01;69.166359
2024.03.04;69.222092
2024.03.05;69.389290
2024.03.06;69.974518
2024.03.07;70.373940
2024.03.08;69.816597
2024.03.11;70.197441
2024.03.12;70.559708
2024.03.13;70.736214
2024.03.14;70.188164
2024.03.15;70.160301
2024.03.18;70.611313
2024.03.19;70.873322
2024.03.20;71.088554
2024.03.21;71.125999
2024.03.22;70.779762
2024.03.25;70.583244
2024.03.26;70.620682
2024.03.27;71.359901
2024.03.28;71.453484
2024.04.01;70.882706
2024.04.02;70.517738
2024.04.03;69.741081
2024.04.04;69.441628
2024.04.05;69.553925
2024.04.08;69.450989
2024.04.09;69.787865
2024.04.10;69.535210
2024.04.11;69.366783
2024.04.12;68.664963
2024.04.15;68.384247
2024.04.16;68.412323
2024.04.17;68.664963
2024.04.18;68.983124
2024.04.19;69.656868
2024.04.22;70.321228
2024.04.23;70.517738
2024.04.24;71.051109
2024.04.25;70.882706
2024.04.26;70.732956
2024.04.29;70.957542
2024.04.30;70.648750
2024.05.01;70.199585
2024.05.02;70.789124
2024.05.03;71.004333
2024.05.06;71.041756
2024.05.07;71.818436
2024.05.08;71.603210
2024.05.09;72.220802
2024.05.10;72.632530
2024.05.13;72.426651
2024.05.14;72.286308
2024.05.15;72.333092
2024.05.16;73.362419
2024.05.17;73.184616
2024.05.20;72.679306
2024.05.21;73.109756
2024.05.22;72.819679
2024.05.23;71.958794
2024.05.24;72.145935
2024.05.28;71.584496
2024.05.29;71.069832
2024.05.30;71.256989
2024.05.31;72.370506
2024.06.03;72.342445
2024.06.04;72.969398
2024.06.05;72.810318
2024.06.06;73.034904
2024.06.07;72.669952
2024.06.10;72.613815
2024.06.11;72.576385
2024.06.12;71.781013
2024.06.13;71.874565
2024.06.14;72.005569
2024.06.17;72.688675
2024.06.18;72.782257
2024.06.20;72.623177
2024.06.21;72.679306
2024.06.24;73.454308
2024.06.25;72.982903
2024.06.26;72.832062
2024.06.27;72.520927
2024.06.28;72.200371
2024.07.01;71.691254
2024.07.02;72.190941
2024.07.03;72.068382
2024.07.05;72.954620
2024.07.08;72.841484
2024.07.09;72.652924
2024.07.10;72.973473
2024.07.11;72.700058
2024.07.12;73.020607
2024.07.15;72.596352
2024.07.16;73.294014
2024.07.17;74.236847
2024.07.18;73.869141
2024.07.19;73.624001
2024.07.22;73.671143
2024.07.23;73.407173
2024.07.24;73.341187
2024.07.25;73.256317
2024.07.26;74.001137
2024.07.29;74.029411
2024.07.30;73.529732
2024.07.31;73.397743
2024.08.01;74.076561
2024.08.02;74.727089
2024.08.05;73.256317
2024.08.06;73.765427
2024.08.07;73.840866
2024.08.08;74.510262
2024.08.09;74.623383
2024.08.12;74.246269
2024.08.13;74.585686
2024.08.14;74.925087
2024.08.15;75.698196
2024.08.16;75.905624
2024.08.19;76.160179
2024.08.20;76.537292
2024.08.21;77.055840
2024.08.22;76.942703
2024.08.23;77.159546
2024.08.26;77.706375
2024.08.27;77.894943
2024.08.28;77.564949
2024.08.29;77.178406
2024.08.30;77.791229
2024.09.03;78.338051
2024.09.04;78.705757
2024.09.05;78.404060
2024.09.06;78.243774
2024.09.09;78.847168
2024.09.10;78.828331
2024.09.11;78.092941
2024.09.12;78.573761
2024.09.13;79.130013
2024.09.16;79.441147
2024.09.17;78.686905
2024.09.18;78.385208
2024.09.19;77.923233
2024.09.20;78.300354
2024.09.23;78.754349
2024.09.24;78.564789
2024.09.25;78.365738
2024.09.26;78.545830
2024.09.27;78.688019
2024.09.30;78.669052
2024.10.01;78.403671
2024.10.02;77.740181
2024.10.03;76.962982
2024.10.04;77.218887
2024.10.07;76.451157
2024.10.08;76.830269
2024.10.09;77.294724
2024.10.10;76.953506
2024.10.11;77.380020
2024.10.14;77.692787
2024.10.15;78.185661
2024.10.16;78.128799
2024.10.17;77.778099
2024.10.18;77.948700
2024.10.21;77.294724
2024.10.22;77.730713
2024.10.23;77.579048
2024.10.24;77.474808
2024.10.25;76.830269
2024.10.28;76.972450
2024.10.29;76.214203
2024.10.30;76.090981
2024.10.31;75.939323
2024.11.01;75.967773
2024.11.04;76.176285
2024.11.05;76.659676
2024.11.06;75.408554
2024.11.07;75.683418
2024.11.08;76.602806
2024.11.11;76.337418
2024.11.12;76.422714
2024.11.13;76.650192
2024.11.14;76.460632
2024.11.15;75.787689
2024.11.18;76.318443
2024.11.19;76.422714
2024.11.20;76.034103
2024.11.21;76.858711
2024.11.22;77.569580
2024.11.25;77.996101
2024.11.26;78.318352
2024.11.27;78.479492
2024.11.29;78.877571
2024.12.02;78.782806
2024.12.03;78.375237
2024.12.04;78.157219
2024.12.05;78.470001
2024.12.06;78.081398
2024.12.09;77.958176
2024.12.10;78.327827
2024.12.11;77.730713
2024.12.12;77.958176
2024.12.13;77.759132
2024.12.16;77.351585
2024.12.17;77.218887
2024.12.18;76.043602
2024.12.19;75.503342
2024.12.20;75.768730
2024.12.23;75.369522
2024.12.24;75.866135
2024.12.26;76.104874
2024.12.27;75.732430
2024.12.30;74.844269
2024.12.31;75.073471
2025.01.02;74.844269
2025.01.03;74.806076
2025.01.06;74.022964
2025.01.07;73.765106
2025.01.08;73.898811
2025.01.10;72.905594
2025.01.13;73.029747
2025.01.14;73.048843
2025.01.15;72.800545
2025.01.16;73.344894
2025.01.17;73.765106
2025.01.21;74.108910
2025.01.22;73.746002
2025.01.23;74.013405
2025.01.24;74.395424
2025.01.27;76.410492
2025.01.28;75.216728
2025.01.29;75.398170
2025.01.30;76.143089
2025.01.31;75.426826
2025.02.03;75.722885
2025.02.04;75.083023
2025.02.05;75.550987
2025.02.06;75.894783
2025.02.07;75.780174
2025.02.10;76.248138
2025.02.11;76.983498
2025.02.12;76.926201
2025.02.13;77.757057
2025.02.14;76.983498
2025.02.18;77.260452
2025.02.19;77.881210
2025.02.20;77.575592
2025.02.21;78.482857
2025.02.24;78.721619
2025.02.25;79.838982
2025.02.26;78.310959
2025.02.27;78.301422
2025.02.28;79.342361
2025.03.03;79.762566
2025.03.04;78.406456
2025.03.05;78.731171
2025.03.06;78.874420
2025.03.07;79.132278
2025.03.10;78.960365
2025.03.11;77.804810
2025.03.12;76.114433
2025.03.13;75.761093
2025.03.14;75.932991
2025.03.17;77.040787
2025.03.18;76.162178
2025.03.19;76.162178
2025.03.20;75.789726
2025.03.21;75.761093
2025.03.24;76.229599
2025.03.25;75.538338
2025.03.26;76.709625
2025.03.27;77.583290
2025.03.28;77.199265
2025.03.31;78.408958
2025.04.01;78.524170
2025.04.02;78.293747
2025.04.03;78.744972
2025.04.04;75.327126
2025.04.07;74.453461
2025.04.08;73.301384
2025.04.09;76.143188
2025.04.10;76.181587
2025.04.11;77.141663
2025.04.14;78.456970
2025.04.15;77.794502
2025.04.16;76.959251
2025.04.17;78.600967
2025.04.21;77.852097
2025.04.22;78.956192
2025.04.23;78.504951
2025.04.24;77.813705
2025.04.25;77.612083
2025.04.28;77.352867
2025.04.29;77.996124
2025.04.30;78.562569
2025.05.01;77.880920
2025.05.02;78.303345
2025.05.05;78.236137
2025.05.06;78.101723
2025.05.07;78.226532
2025.05.08;78.130531
2025.05.09;77.679306
2025.05.12;77.794502
2025.05.13;76.748032
2025.05.14;76.335205
2025.05.15;77.900116
2025.05.16;78.792984
2025.05.19;79.023392
2025.05.20;79.301804
2025.05.21;78.380150
2025.05.22;78.053734
2025.05.23;78.341743
2025.05.27;79.052200
2025.05.28;78.514565
2025.05.29;78.831390
2025.05.30;79.522636
2025.06.02;79.570641
2025.06.03;79.493843
2025.06.04;78.936989
2025.06.05;78.178543
2025.06.06;78.428162
2025.06.09;78.322548
2025.06.10;78.495369
2025.06.11;78.226532
2025.06.12;78.687370
2025.06.13;77.727295
2025.06.16;77.976921
2025.06.17;77.314468
2025.06.18;77.218468
2025.06.20;77.784897
2025.06.23;78.685829
2025.06.24;78.618172
2025.06.25;77.564507
2025.06.26;77.496841
2025.06.27;77.864174
2025.06.30;78.270164
2025.07.01;79.246490
2025.07.02;79.478485
2025.07.03;79.439819
2025.07.07;79.372162
2025.07.08;78.637489
2025.07.09;78.125175
2025.07.10;78.405502
2025.07.11;78.115501
2025.07.14;78.183167
2025.07.15;77.400177
2025.07.16;77.670837
2025.07.17;78.405502
2025.07.18;78.192833
2025.07.21;78.183167
2025.07.22;78.898491
2025.07.23;78.927490
2025.07.24;78.647163
2025.07.25;78.782494
2025.07.28;77.970512
2025.07.29;78.482834
2025.07.30;77.786835
2025.07.31;77.119843
2025.08.01;77.487183
2025.08.04;77.864174
2025.08.05;77.786835
2025.08.06;78.898491
2025.08.07;79.497818
2025.08.08;79.729813
2025.08.11;79.662163
2025.08.12;79.874809
2025.08.13;79.874809
2025.08.14;79.159492
2025.08.15;79.285156
2025.08.18;79.178818
2025.08.19;79.990814
2025.08.20;80.445137
2025.08.21;79.720154
2025.08.22;79.720154
2025.08.25;78.357162
2025.08.26;77.844826
2025.08.27;78.076836
2025.08.28;77.583847
2025.08.29;78.086510
2025.09.02;77.960846
2025.09.03;77.902832
2025.09.04;77.951172
2025.09.05;78.173492
2025.09.08;77.883499
2025.09.09;78.038177
2025.09.10;77.274513
2025.09.11;77.902832
2025.09.12;77.641838
2025.09.15;76.752518
2025.09.16;77.100517
2025.09.17;77.564507
2025.09.18;76.887848
2025.09.19;76.733185
2025.09.22;75.877663
2025.09.23;76.257240
2025.09.24;76.422707
2025.09.25;75.692734
2025.09.26;75.877663
2025.09.29;76.023651
2025.09.30;76.276711
2025.10.01;76.159920
2025.10.02;75.858200
2025.10.03;75.945786
2025.10.06;75.391022
2025.10.07;76.091789
2025.10.08;75.712204
2025.10.09;75.955528
2025.10.10;76.013924
2025.10.13;75.760857
2025.10.14;76.977470
2025.10.15;77.113747
2025.10.16;76.578430
2025.10.17;77.600388
2025.10.20;77.532257
2025.10.21;77.172134
2025.10.22;77.610115
2025.10.23;77.230537
2025.10.24;76.977470
2025.10.27;77.104012
2025.10.28;76.335106
2025.10.29;74.534523
2025.10.30;74.456657
2025.10.31;74.242531
2025.11.03;73.658554
2025.11.04;73.960281
2025.11.05;73.911621
2025.11.06;73.580696
2025.11.07;74.661041
2025.11.10;74.388535
2025.11.11;75.361824
2025.11.12;75.254753
2025.11.13;75.254753
2025.11.14;75.196358
2025.11.17;74.719444
2025.11.18;75.040634
2025.11.19;74.466393
2025.11.20;75.001701
2025.11.21;75.819260
2025.11.24;74.943314
2025.11.25;75.974991
2025.11.26;76.802284
2025.11.28;77.250000
2025.12.01;77.172134
2025.12.02;76.666023
2025.12.03;76.724419
2025.12.04;76.354576
2025.12.05;76.364311
2025.12.08;75.731659
2025.12.09;75.906860
2025.12.10;76.130722
2025.12.11;76.695221
2025.12.12;77.298653
2025.12.15;77.512794
2025.12.16;77.162407
2025.12.17;77.522530
2025.12.18;77.074806
2025.12.19;76.675758
2025.12.22;76.407913
2025.12.23;76.044922
2025.12.24;76.643387
2025.12.26;76.751305
2025.12.29;76.800362
2025.12.30;76.672821
2025.12.31;76.211700
2026.01.02;76.221512
2026.01.05;75.887932
2026.01.06;76.005676
2026.01.07;75.171738
2026.01.08;76.957336
2026.01.09;77.752022
2026.01.12;78.664452
2026.01.13;79.576866
2026.01.14;80.675705
2026.01.15;80.813057
2026.01.16;80.557968
2026.01.20;80.803238
2026.01.21;80.881729
2026.01.22;80.714935
2026.01.23;81.342850
2026.01.26;81.215302
2026.01.27;81.588120
2026.01.28;80.764000
2026.01.29;80.577583
2026.01.30;81.931511
2026.02.02;82.902786
2026.02.03;84.246895
2026.02.04;85.345718
2026.02.05;85.277046
2026.02.06;86.277771
2026.02.09;85.777405
2026.02.10;85.502701
2026.02.11;86.729073
2026.02.12;87.523766
2026.02.13;87.818092
2026.02.17;86.532852
2026.02.18;86.375870
2026.02.19;86.012871
2026.02.20;86.228706
2026.02.23;87.288300
2026.02.24;88.043747
2026.02.25;87.327545
2026.02.26;87.180382
2026.02.27;88.308640
2026.03.02;87.033218
2026.03.03;86.081543
2026.03.04;85.512520
2026.03.05;83.795601
2026.03.06;84.158592
2026.03.09;84.345009
2026.03.10;84.099724
2026.03.11;82.991081
2026.03.12;82.657516
2026.03.13;83.138245
2026.03.16;83.373718
2026.03.17;83.099007
2026.03.18;81.077942
2026.03.19;80.420609
2026.03.20;79.753464
2026.03.23;80.093849
2026.03.24;80.024780
2026.03.25;80.419434
2026.03.26;80.054382
2026.03.27;80.685814
2026.03.30;80.784477
2026.03.31;80.883148
2026.04.01;80.370102
2026.04.02;80.794350
2026.04.06;81.554054
2026.04.07;80.172783
2026.04.08;81.672440
2026.04.09;82.333473
2026.04.10;81.267929
2026.04.13;80.458900
2026.04.14;80.379967
2026.04.15;79.975456
2026.04.16;80.340500
2026.04.17;81.356720
2026.04.20;81.287659
2026.04.21;80.745010
2026.04.22;81.011406
2026.04.23;82.363075
2026.04.24;82.116425
2026.04.27;81.238327
2026.04.28;81.968430
2026.04.29;81.810570
2026.04.30;83.181969
2026.05.01;83.043846
2026.05.04;82.422272
2026.05.05;82.935310
2026.05.06;83.112900
2026.05.07;82.856384
2026.05.08;83.053711
2026.05.11;82.254547
2026.05.12;83.310234
2026.05.13;83.586487
2026.05.14;83.843010
2026.05.15;83.507553
2026.05.18;84.750694
2026.05.19;84.938156
2026.05.20;84.375771
2026.05.21;83.527290
2026.05.22;83.665421
2026.05.26;82.511063
2026.05.27;83.448357
2026.05.28;83.300369
2026.05.29;81.800705
2026.06.01;80.932480
2026.06.02;80.735153
2026.06.03;81.060738
2026.06.04;80.942337
2026.06.05;82.323616
2026.06.08;81.958557
2026.06.09;82.974777
2026.06.10;84.346184
2026.06.11;84.129120
2026.06.12;84.671761
2026.06.15;84.336319
2026.06.16;84.444839
2026.06.17;82.560394
2026.06.18;82.185486
2026.06.22;81.643051
2026.06.23;83.172989
2026.06.24;83.888290
2026.06.25;83.391556
2026.06.26;84.156517
2026.06.29;83.818748
2026.06.30;82.527237
2026.07.01;82.755737
2026.07.02;84.434692
2026.07.06;83.550507
2026.07.07;84.305542
2026.07.08;83.838615
2026.07.09;82.656387
2026.07.10;83.570381
2026.07.13;84.037300
2026.07.14;82.874947
2026.07.15;82.924622
2026.07.16;85.249329
2026.07.17;84.633385
2026.07.20;84.305542
2026.07.21;83.510765
2026.07.22;83.828674
2026.07.23;82.666321
2026.07.24;83.580307
2026.07.27;84.802277
2026.07.28;86.491165
2026.07.29;86.789207
2026.07.30;84.911560
2026.07.31;84.494301
2026.08.03;84.305542
2026.08.04;84.812210
2026.08.05;84.772476
2026.08.06;84.553909
2026.08.07;84.563843
2026.08.10;84.394951
2026.08.11;84.136658
2026.08.12;84.524109
2026.08.13;85.438095
2026.08.14;85.527504
2026.08.17;84.126717
2026.08.18;85.020836
2026.08.19;85.974564
2026.08.20;84.762535
2026.08.21;85.428154
2026.08.24;86.878616
2026.08.25;85.954689
2026.08.26;85.706329
2026.08.27;84.524109
2026.08.28;84.891685
2026.08.31;84.424759
2026.09.01;84.692993
2026.09.02;84.971161
2026.09.03;84.702927
2026.09.04;84.027374
2026.09.08;83.471024
2026.09.09;82.507370
2026.09.10;82.547104
2026.09.11;82.835213
2026.09.14;83.868416
2026.09.15;83.182930
2026.09.16;82.785538
2026.09.17;82.944489
2026.09.18;82.259003
2026.09.21;81.919998
